ml_asset_id,ebird_species_code,scientific_name,japanese_name,ml_rating,ml_rating_count,ml_location,ml_obs_date,ml_user,latitude,longitude,country,is_japan,catalog_number,priority_tier
109293,aleter1,Onychoprion aleuticus,コシジロアジサシ,1.0,4,"38.0 km E of Nome, Nome Census Area, Alaska, United States",3 Jun 1997,Charles Duncan,64.4667,-164.75,United States,False,ML109293,P1
136339,aleter1,Onychoprion aleuticus,コシジロアジサシ,1.0,4,"Council Road: Safety Sound; Bonanza Channel, Nome Census Area, Alaska, United States",30 May 2007,Mike Andersen,64.5431,-164.439,United States,False,ML136339,P1
136341,aleter1,Onychoprion aleuticus,コシジロアジサシ,2.0,4,"Council Road: Safety Sound; Bonanza Channel, Nome Census Area, Alaska, United States",30 May 2007,Mike Andersen,64.5431,-164.439,United States,False,ML136341,P1
136382,aleter1,Onychoprion aleuticus,コシジロアジサシ,3.0,4,"Council Road: Safety Sound; Bonanza Channel, Nome Census Area, Alaska, United States",2 Jun 2007,Mike Andersen,64.5431,-164.439,United States,False,ML136382,P1
136384,aleter1,Onychoprion aleuticus,コシジロアジサシ,2.0,4,"Council Road: Safety Sound; Bonanza Channel, Nome Census Area, Alaska, United States",2 Jun 2007,Mike Andersen,64.5431,-164.439,United States,False,ML136384,P1
136437,aleter1,Onychoprion aleuticus,コシジロアジサシ,2.0,4,"Council Road: Safety Sound; Bonanza Channel, Nome Census Area, Alaska, United States",6 Jun 2007,Mike Andersen,64.5431,-164.439,United States,False,ML136437,P1
137535,aleter1,Onychoprion aleuticus,コシジロアジサシ,3.0,4,"Mile 25, north of Nome, Alaska, United States",30 May 2007,Gerrit Vyn,0.0,0.0,United States,False,ML137535,P1
137538,aleter1,Onychoprion aleuticus,コシジロアジサシ,2.0,4,"spit on Safety Sound, Alaska, United States",30 May 2007,Gerrit Vyn,0.0,0.0,United States,False,ML137538,P1
137575,aleter1,Onychoprion aleuticus,コシジロアジサシ,3.0,4,"at the big bend in the road east of Safety Sound Lagoon bridge, Nome Census Area, Alaska, United States",2 Jun 2007,Gerrit Vyn,0.0,0.0,United States,False,ML137575,P1
137577,aleter1,Onychoprion aleuticus,コシジロアジサシ,3.0,4,"at the big bend in the road east of Safety Sound Lagoon bridge, Nome Census Area, Alaska, United States",2 Jun 2007,Gerrit Vyn,0.0,0.0,United States,False,ML137577,P1
163310,aleter1,Onychoprion aleuticus,コシジロアジサシ,3.0,4,"Nome; between East Fork Rd. and the Nome River, Nome Census Area, Alaska, United States",20 Jun 2010,Matthew D. Medler,64.486,-165.2799,United States,False,ML163310,P1
167006351,aleter1,Onychoprion aleuticus,コシジロアジサシ,2.0,1,"Stariski Tern Colony, Kenai Peninsula Borough, Alaska, United States",1 Jul 2019,Sarah Toner,59.8375,-151.8068,United States,False,ML167006351,P1
167947021,aleter1,Onychoprion aleuticus,コシジロアジサシ,4.0,2,"US-AK-Nome (64.4807,-165.2867), Nome Census Area, Alaska, United States",29 Jun 2019,Brian Sullivan,64.4807,-165.2867,United States,False,ML167947021,P1
167947041,aleter1,Onychoprion aleuticus,コシジロアジサシ,3.5,2,"US-AK-Nome (64.4807,-165.2867), Nome Census Area, Alaska, United States",29 Jun 2019,Brian Sullivan,64.4807,-165.2867,United States,False,ML167947041,P1
187278491,aleter1,Onychoprion aleuticus,コシジロアジサシ,3.0,1,"Nome River Mouth, Nome Census Area, Alaska, United States",15 Jun 2019,Ryan Terrill,64.4831,-165.3024,United States,False,ML187278491,P1
199008281,aleter1,Onychoprion aleuticus,コシジロアジサシ,5.0,1,"Kodiak Is.--Kalsin Pond and Olds River Estuary, Kodiak Island Borough, Alaska, United States",30 Jun 2019,Phil Lehman,57.5846,-152.4485,United States,False,ML199008281,P1
203903841,aleter1,Onychoprion aleuticus,コシジロアジサシ,4.0,4,"Adak Island (51.7695, -176.629), Aleutians West Census Area, Alaska, United States",29 May 2012,Josep del Hoyo,51.7695,-176.629,United States,False,ML203903841,P1
203903851,aleter1,Onychoprion aleuticus,コシジロアジサシ,4.0,4,"Adak Island (51.7695, -176.629), Aleutians West Census Area, Alaska, United States",29 May 2012,Josep del Hoyo,51.7695,-176.629,United States,False,ML203903851,P1
207751,aleter1,Onychoprion aleuticus,コシジロアジサシ,2.0,4,"Nome; Council Road, Alaska, United States",25 Jun 2015,Bob McGuire,64.5447,-164.4374,United States,False,ML207751,P1
239100,aleter1,Onychoprion aleuticus,コシジロアジサシ,3.0,4,"Nome-Council Road, Nome Census Area, Alaska, United States",9 Jun 2019,Mark Robbins,64.486,-165.293,United States,False,ML239100,P1
286841351,aleter1,Onychoprion aleuticus,コシジロアジサシ,3.0,1,"Lingayen Gulf, Lingayen, Pangasinan, Philippines",10 Dec 2020,Kim Cancino,16.1591,120.2568,Philippines,False,ML286841351,P1
288189241,aleter1,Onychoprion aleuticus,コシジロアジサシ,4.0,1,"Lingayen Gulf, Lingayen, Pangasinan, Philippines",10 Dec 2020,Kim Cancino,16.1591,120.2568,Philippines,False,ML288189241,P1
32677601,aleter1,Onychoprion aleuticus,コシジロアジサシ,4.0,2,"Nome River Mouth, Nome Census Area, Alaska, United States",18 Jun 2014,Andrew Spencer,64.4831,-165.3024,United States,False,ML32677601,P1
32677611,aleter1,Onychoprion aleuticus,コシジロアジサシ,3.0,1,"Nome River Mouth, Nome Census Area, Alaska, United States",18 Jun 2014,Andrew Spencer,64.4831,-165.3024,United States,False,ML32677611,P1
32677621,aleter1,Onychoprion aleuticus,コシジロアジサシ,4.0,2,"Nome River Mouth, Nome Census Area, Alaska, United States",18 Jun 2014,Andrew Spencer,64.4831,-165.3024,United States,False,ML32677621,P1
32677631,aleter1,Onychoprion aleuticus,コシジロアジサシ,5.0,1,"Nome River Mouth, Nome Census Area, Alaska, United States",18 Jun 2014,Andrew Spencer,64.4831,-165.3024,United States,False,ML32677631,P1
32677751,aleter1,Onychoprion aleuticus,コシジロアジサシ,5.0,3,"Olds River Mouth (Kalsin Bay), Kodiak Island Borough, Alaska, United States",16 Jun 2013,Andrew Spencer,57.5919,-152.45,United States,False,ML32677751,P1
32677761,aleter1,Onychoprion aleuticus,コシジロアジサシ,5.0,3,"Olds River Mouth (Kalsin Bay), Kodiak Island Borough, Alaska, United States",16 Jun 2013,Andrew Spencer,57.5919,-152.45,United States,False,ML32677761,P1
32677771,aleter1,Onychoprion aleuticus,コシジロアジサシ,5.0,2,"Olds River Mouth (Kalsin Bay), Kodiak Island Borough, Alaska, United States",16 Jun 2013,Andrew Spencer,57.5919,-152.45,United States,False,ML32677771,P1
32677781,aleter1,Onychoprion aleuticus,コシジロアジサシ,5.0,2,"Olds River Mouth (Kalsin Bay), Kodiak Island Borough, Alaska, United States",16 Jun 2013,Andrew Spencer,57.5919,-152.45,United States,False,ML32677781,P1
32677791,aleter1,Onychoprion aleuticus,コシジロアジサシ,5.0,3,"Olds River Mouth (Kalsin Bay), Kodiak Island Borough, Alaska, United States",16 Jun 2013,Andrew Spencer,57.5919,-152.45,United States,False,ML32677791,P1
32677891,aleter1,Onychoprion aleuticus,コシジロアジサシ,5.0,3,"Olds River Mouth (Kalsin Bay), Kodiak Island Borough, Alaska, United States",16 Jun 2013,Andrew Spencer,57.5919,-152.45,United States,False,ML32677891,P1
346116351,aleter1,Onychoprion aleuticus,コシジロアジサシ,4.0,1,"Nome River Mouth, Nome Census Area, Alaska, United States",30 May 2021,Jason Vassallo,64.4831,-165.3024,United States,False,ML346116351,P1
419406581,aleter1,Onychoprion aleuticus,コシジロアジサシ,3.0,2,"Nome River Mouth, Nome Census Area, Alaska, United States",8 Jun 2021,Liam Huber,64.4831,-165.3024,United States,False,ML419406581,P1
461652931,aleter1,Onychoprion aleuticus,コシジロアジサシ,4.0,1,"Nome River Mouth, Nome Census Area, Alaska, United States",12 Jun 2022,Steve Hampton,64.4831,-165.3024,United States,False,ML461652931,P1
464492891,aleter1,Onychoprion aleuticus,コシジロアジサシ,3.0,1,"Nome River Mouth, Nome Census Area, Alaska, United States",30 May 2022,Jon. Anderson,64.4831,-165.3024,United States,False,ML464492891,P1
464492901,aleter1,Onychoprion aleuticus,コシジロアジサシ,3.0,1,"Nome River Mouth, Nome Census Area, Alaska, United States",30 May 2022,Jon. Anderson,64.4831,-165.3024,United States,False,ML464492901,P1
464492911,aleter1,Onychoprion aleuticus,コシジロアジサシ,4.0,1,"Nome River Mouth, Nome Census Area, Alaska, United States",30 May 2022,Jon. Anderson,64.4831,-165.3024,United States,False,ML464492911,P1
475249271,aleter1,Onychoprion aleuticus,コシジロアジサシ,1.5,2,"Kotzebue--tundra uplands, Northwest Arctic Borough, Alaska, United States",2 Aug 2022,Andy Bankert,66.8679,-162.5388,United States,False,ML475249271,P1
516015061,aleter1,Onychoprion aleuticus,コシジロアジサシ,2.5,2,"Between Nome River Bridge and mouth, Nome Census Area, Alaska, United States",31 May 2022,Maureen Chambrone,64.4857,-165.2995,United States,False,ML516015061,P1
516188351,aleter1,Onychoprion aleuticus,コシジロアジサシ,3.0,2,"Nome River mouth- end of Fort Davis Rd., Nome Census Area, Alaska, United States",2 Jun 2022,Maureen Chambrone,64.4825,-165.299,United States,False,ML516188351,P1
574964731,aleter1,Onychoprion aleuticus,コシジロアジサシ,2.5,2,"Nome-Council Rd.--Nome River Bridge, Nome Census Area, Alaska, United States",12 Jun 2021,Steven Hunter,64.4857,-165.2911,United States,False,ML574964731,P1
580949301,aleter1,Onychoprion aleuticus,コシジロアジサシ,3.5,2,"Nome River Mouth, Nome Census Area, Alaska, United States",3 Jun 2023,Marjorie Keefe,64.4831,-165.3024,United States,False,ML580949301,P1
607945611,aleter1,Onychoprion aleuticus,コシジロアジサシ,3.0,2,"Nome-Council Rd.--Nome River Bridge, Nome Census Area, Alaska, United States",26 May 2023,Maureen Chambrone,64.4857,-165.2911,United States,False,ML607945611,P1
616201979,aleter1,Onychoprion aleuticus,コシジロアジサシ,3.0,2,"Nome River Mouth, Nome Census Area, Alaska, United States",31 May 2023,Maureen Chambrone,64.4831,-165.3024,United States,False,ML616201979,P1
618419611,aleter1,Onychoprion aleuticus,コシジロアジサシ,4.0,2,"Nome River Mouth, Nome Census Area, Alaska, United States",5 Jun 2023,Maureen Chambrone,64.4831,-165.3024,United States,False,ML618419611,P1
618419630,aleter1,Onychoprion aleuticus,コシジロアジサシ,3.5,2,"Nome River Mouth, Nome Census Area, Alaska, United States",5 Jun 2023,Maureen Chambrone,64.4831,-165.3024,United States,False,ML618419630,P1
620697520,aleter1,Onychoprion aleuticus,コシジロアジサシ,2.5,2,"Nome River Mouth, Nome Census Area, Alaska, United States",31 May 2024,Maureen Chambrone,64.4831,-165.3024,United States,False,ML620697520,P1
621291007,aleter1,Onychoprion aleuticus,コシジロアジサシ,3.0,2,"Road to Devil's Lake, Northwest Arctic Borough, Alaska, United States",28 Jun 2024,Anonymous,66.8831,-162.5192,United States,False,ML621291007,P1
623836828,aleter1,Onychoprion aleuticus,コシジロアジサシ,3.0,1,"Nome River Mouth, Nome Census Area, Alaska, United States",10 Jun 2024,Maureen Chambrone,64.4831,-165.3024,United States,False,ML623836828,P1
624691011,aleter1,Onychoprion aleuticus,コシジロアジサシ,3.5,2,"Cranberry Slough mouth, Nome Census Area, Alaska, United States",15 Jun 2024,Maureen Chambrone,63.8659,-160.7843,United States,False,ML624691011,P1
628016447,aleter1,Onychoprion aleuticus,コシジロアジサシ,4.0,2,"Fields South of Lake Rose Tead, Kodiak Island Borough, Alaska, United States",20 Jul 2024,Robin Corcoran,57.4704,-152.4724,United States,False,ML628016447,P1
628016448,aleter1,Onychoprion aleuticus,コシジロアジサシ,5.0,3,"Fields South of Lake Rose Tead, Kodiak Island Borough, Alaska, United States",20 Jul 2024,Robin Corcoran,57.4704,-152.4724,United States,False,ML628016448,P1
628016449,aleter1,Onychoprion aleuticus,コシジロアジサシ,5.0,2,"Fields South of Lake Rose Tead, Kodiak Island Borough, Alaska, United States",20 Jul 2024,Robin Corcoran,57.4704,-152.4724,United States,False,ML628016449,P1
635149777,aleter1,Onychoprion aleuticus,コシジロアジサシ,0.0,0,"宜蘭--東澳外海(Yilan--Dong'ao Pelagic), Yilan County, Taiwan",5 May 2025,Chi-Hsuan Shao,24.4837,122.0264,Taiwan,True,ML635149777,P1
636436089,aleter1,Onychoprion aleuticus,コシジロアジサシ,3.0,1,"Kodiak Is.--Kalsin Pond and Olds River Estuary, Kodiak Island Borough, Alaska, United States",24 May 2025,Bill Pyle,57.5846,-152.4485,United States,False,ML636436089,P1
637693259,aleter1,Onychoprion aleuticus,コシジロアジサシ,3.0,1,"Safety Sound general area, Nome Census Area, Alaska, United States",16 Jun 2025,Anne McCormack,64.4793,-164.7624,United States,False,ML637693259,P1
637975666,aleter1,Onychoprion aleuticus,コシジロアジサシ,4.0,1,"Nome-Council Rd.--Safety Sound Bridge to Last Train to Nowhere, Nome Census Area, Alaska, United States",20 Jun 2025,Pete Fenner,64.5153,-164.5623,United States,False,ML637975666,P1
638102177,aleter1,Onychoprion aleuticus,コシジロアジサシ,4.0,1,"Kodiak Is.--Kalsin Pond and Olds River Estuary, Kodiak Island Borough, Alaska, United States",25 Jun 2025,Bill Pyle,57.5846,-152.4485,United States,False,ML638102177,P1
639303600,aleter1,Onychoprion aleuticus,コシジロアジサシ,0.0,0,"Homer Spit--Mud Bay, Kenai Peninsula Borough, Alaska, United States",23 Jul 2025,Claire Labuda,59.6358,-151.4965,United States,False,ML639303600,P1
639589766,aleter1,Onychoprion aleuticus,コシジロアジサシ,4.0,1,"Nome-Council Rd, Nome US-AK 64.54231, -164.44269, Nome Census Area, Alaska, United States",13 Jun 2025,Alli Smith,64.5423,-164.4427,United States,False,ML639589766,P1
640522792,aleter1,Onychoprion aleuticus,コシジロアジサシ,0.0,0,"Nome-Council Rd.--Nome River Bridge, Nome Census Area, Alaska, United States",4 Aug 2025,Mark Rauzon,64.4857,-165.2911,United States,False,ML640522792,P1
642219335,aleter1,Onychoprion aleuticus,コシジロアジサシ,0.0,0,"Nome-Council Rd.--Last Train to Nowhere, Nome Census Area, Alaska, United States",12 Jun 2025,Adam Betuel,64.5458,-164.4363,United States,False,ML642219335,P1
79092981,aleter1,Onychoprion aleuticus,コシジロアジサシ,4.75,4,"Beluga--South Bog, Kenai Peninsula Borough, Alaska, United States",18 Jun 2015,Garrett MacDonald,61.1223,-151.1027,United States,False,ML79092981,P1
203929391,amawoo1,Scolopax mira,アマミヤマシギ,3.142857142857143,7,"Amami ?shima (28.2922, 129.3229), Uken, Kagoshima, Japan",20 Mar 2016,Josep del Hoyo,28.2922,129.3229,Japan,True,ML203929391,P1
203929531,amawoo1,Scolopax mira,アマミヤマシギ,3.2857142857142856,7,"Amami ?shima (28.2883, 129.3868), Amami, Kagoshima, Japan",22 Mar 2016,Josep del Hoyo,28.2883,129.3868,Japan,True,ML203929531,P1
545998771,amawoo1,Scolopax mira,アマミヤマシギ,5.0,1,"Kinsakubaro Virgin Forst Reserve, Amami, Kagoshima, Japan",3 Mar 2023,Tom Noah,28.3421,129.4304,Japan,True,ML545998771,P1
132565641,amufal1,Falco amurensis,アカアシチョウゲンボウ,2.0,5,"Vellayani--Punchakkari Wetlands, Thiruvananthapuram, Kerala, India",1 Jan 2019,GOVIND GIRIJA,8.445,76.9841,India,False,ML132565641,P1
186590851,amufal1,Falco amurensis,アカアシチョウゲンボウ,2.6,5,"Amur Falcon roosting site, Dimapur, Nagaland, India",1 Nov 2019,G Cana,25.9011,93.9651,India,False,ML186590851,P1
214797,amufal1,Falco amurensis,アカアシチョウゲンボウ,1.0,5,"Pangti, Nagaland, India",14 Nov 2016,Saurabh Sawant,26.2219,94.3027,India,False,ML214797,P1
239790,amufal1,Falco amurensis,アカアシチョウゲンボウ,2.2,5,"India, India, India",8 Nov 2018,Pratap Singh,23.1206,79.4764,India,False,ML239790,P1
239791,amufal1,Falco amurensis,アカアシチョウゲンボウ,3.6666666666666665,6,"India, India, India",8 Nov 2018,Pratap Singh,23.1206,79.4764,India,False,ML239791,P1
239792,amufal1,Falco amurensis,アカアシチョウゲンボウ,2.6,5,"India, India, India",8 Nov 2018,Pratap Singh,23.1206,79.4764,India,False,ML239792,P1
239793,amufal1,Falco amurensis,アカアシチョウゲンボウ,1.6,5,"India, India, India",8 Nov 2018,Pratap Singh,23.1206,79.4764,India,False,ML239793,P1
239794,amufal1,Falco amurensis,アカアシチョウゲンボウ,3.6666666666666665,6,"India, India, India",8 Nov 2018,Pratap Singh,23.1206,79.4764,India,False,ML239794,P1
239795,amufal1,Falco amurensis,アカアシチョウゲンボウ,2.6666666666666665,6,"India, India, India",8 Nov 2018,Pratap Singh,23.1206,79.4764,India,False,ML239795,P1
239796,amufal1,Falco amurensis,アカアシチョウゲンボウ,4.0,6,"India, India, India",8 Nov 2018,Pratap Singh,23.1206,79.4764,India,False,ML239796,P1
282556201,amufal1,Falco amurensis,アカアシチョウゲンボウ,1.5,6,"Bruce Miller Farm, Southern, Zambia",27 Feb 2014,Gabriel Jamie,-16.6414,27.0128,Zambia,False,ML282556201,P1
39963671,amufal1,Falco amurensis,アカアシチョウゲンボウ,2.5,4,"Doyang Reservoir--Amur Watchtower-26.222x94.303, Wokha, Nagaland, India",5 Nov 2016,Mike Prince,26.2219,94.3028,India,False,ML39963671,P1
39963831,amufal1,Falco amurensis,アカアシチョウゲンボウ,3.4,5,"Doyang Reservoir--Amur Watchtower-26.22x94.307, Wokha, Nagaland, India",5 Nov 2016,Mike Prince,26.2198,94.3071,India,False,ML39963831,P1
39963931,amufal1,Falco amurensis,アカアシチョウゲンボウ,4.75,8,"Doyang Reservoir--Amur Watchtower-26.222x94.303, Wokha, Nagaland, India",5 Nov 2016,Mike Prince,26.2219,94.3028,India,False,ML39963931,P1
39963991,amufal1,Falco amurensis,アカアシチョウゲンボウ,2.4,5,"Doyang Reservoir--Amur Watchtower-26.222x94.303, Wokha, Nagaland, India",5 Nov 2016,Mike Prince,26.2219,94.3028,India,False,ML39963991,P1
403173931,amufal1,Falco amurensis,アカアシチョウゲンボウ,2.6,5,"Falcon Resort Doyang, Wokha, Nagaland, India",8 Nov 2021,Dibyendu Ash,26.2217,94.3019,India,False,ML403173931,P1
427585891,amufal1,Falco amurensis,アカアシチョウゲンボウ,2.6,5,"Tyrso Umtngam, West Karbi Anglong, Assam, India",2 Nov 2016,Sahana M,25.7869,92.1482,India,False,ML427585891,P1
438895611,amufal1,Falco amurensis,アカアシチョウゲンボウ,1.6,5,"Livingstone Road, Choma ZM-Gwembe -16.80988, 26.98374, Southern, Zambia",13 Mar 2022,Gabriel Jamie,-16.8099,26.9837,Zambia,False,ML438895611,P1
503284961,amufal1,Falco amurensis,アカアシチョウゲンボウ,4.0,6,"Dharamtul to Bhalukaguri road, Morigaon, Assam, India",13 Nov 2022,Anuj Saikia,26.1583,92.3792,India,False,ML503284961,P1
503284971,amufal1,Falco amurensis,アカアシチョウゲンボウ,2.6,5,"Dharamtul to Bhalukaguri road, Morigaon, Assam, India",13 Nov 2022,Anuj Saikia,26.1583,92.3792,India,False,ML503284971,P1
510214731,amufal1,Falco amurensis,アカアシチョウゲンボウ,2.4,5,"Al Maha Forest--Pivot Fields (no access), Abu Dhabi, United Arab Emirates",4 Dec 2022,David Darrell-Lambert,24.723,54.9818,United Arab Emirates,False,ML510214731,P1
582445941,amufal1,Falco amurensis,アカアシチョウゲンボウ,2.6666666666666665,6,"Newcastle--Amur Falcon Roost, Kwazulu-Natal, South Africa",24 Jan 2015,Niall D Perrins,-27.7426,29.9371,South Africa,False,ML582445941,P1
609060338,amufal1,Falco amurensis,アカアシチョウゲンボウ,3.4,5,"图牧吉 (Temeji), Nei Mongol, China",2 Jul 2013,Pam Rasmussen,46.1374,122.8922,China,False,ML609060338,P1
610430829,amufal1,Falco amurensis,アカアシチョウゲンボウ,2.2,5,"Hakhizhe Amur Roost Spot, Golaghat, Assam, India",27 Oct 2023,Samanvitha Rao,25.923,93.9024,India,False,ML610430829,P1
611652123,amufal1,Falco amurensis,アカアシチョウゲンボウ,3.6,5,"Vetal Tekdi (Near ARAI), Pune, Maharashtra, India",27 Nov 2023,Siddhant Mhetre,18.5279,73.8175,India,False,ML611652123,P1
611658352,amufal1,Falco amurensis,アカアシチョウゲンボウ,3.4,5,"St Xavier College, Jalukie, Peren District, Nagaland, IN, Peren, Nagaland, India",15 Nov 2023,Sudip Simha,25.6329,93.6671,India,False,ML611658352,P1
611658354,amufal1,Falco amurensis,アカアシチョウゲンボウ,2.8,5,"St Xavier College, Jalukie, Peren District, Nagaland, IN, Peren, Nagaland, India",15 Nov 2023,Sudip Simha,25.6329,93.6671,India,False,ML611658354,P1
611658429,amufal1,Falco amurensis,アカアシチョウゲンボウ,3.0,5,"St Xavier College, Jalukie, Peren District, Nagaland, IN, Peren, Nagaland, India",16 Nov 2023,Sudip Simha,25.6329,93.6671,India,False,ML611658429,P1
620058104,amufal1,Falco amurensis,アカアシチョウゲンボウ,4.8,5,"Khurkh Marshes—South, Hentiy, Mongolia",23 May 2024,Vyom Vyas,48.2786,110.4917,Mongolia,False,ML620058104,P1
620750890,amufal1,Falco amurensis,アカアシチョウゲンボウ,3.8,5,"Pine wood lot--Khurkh Bird Banding Station, Hentiy, Mongolia",20 May 2024,Vyom Vyas,48.2781,110.4934,Mongolia,False,ML620750890,P1
622127214,amufal1,Falco amurensis,アカアシチョウゲンボウ,3.8,5,"蒙古國--Töv, MN (47.719, 105.91), Töv, Mongolia",8 Jun 2024,Mei-Luan Wang,47.7194,105.9103,Mongolia,False,ML622127214,P1
623563527,amufal1,Falco amurensis,アカアシチョウゲンボウ,3.0,5,"Bhairoganj, Pashchim Champaran, Bihar, India",6 Nov 2023,Abhishek Sharma,27.1688,84.2225,India,False,ML623563527,P1
625639125,amufal1,Falco amurensis,アカアシチョウゲンボウ,2.6,5,"Hakhizhe Amur Roost Spot, Golaghat, Assam, India",30 Oct 2024,Rofikul Islam,25.923,93.9024,India,False,ML625639125,P1
625639126,amufal1,Falco amurensis,アカアシチョウゲンボウ,2.0,5,"Hakhizhe Amur Roost Spot, Golaghat, Assam, India",30 Oct 2024,Rofikul Islam,25.923,93.9024,India,False,ML625639126,P1
626416013,amufal1,Falco amurensis,アカアシチョウゲンボウ,3.0,5,"Hakhizhe Amur Roost Spot, Golaghat, Assam, India",18 Nov 2024,Sumedh Jog,25.923,93.9024,India,False,ML626416013,P1
627495591,amufal1,Falco amurensis,アカアシチョウゲンボウ,4.0,5,"Kattampally, Kannur, Kerala, India",13 Dec 2024,Afsar Nayakkan,11.9341,75.3816,India,False,ML627495591,P1
632192394,amufal1,Falco amurensis,アカアシチョウゲンボウ,4.6,5,"Khurkh Marshes—South, Hentiy, Mongolia",23 May 2024,Vyom Vyas,48.2786,110.4917,Mongolia,False,ML632192394,P1
636558452,amufal1,Falco amurensis,アカアシチョウゲンボウ,3.5,6,"Al Maha Forest--Pivot Fields (no access), Abu Dhabi, United Arab Emirates",4 Dec 2022,David Darrell-Lambert,24.723,54.9818,United Arab Emirates,False,ML636558452,P1
642264997,amufal1,Falco amurensis,アカアシチョウゲンボウ,2.5,2,"Binhe West Road, Hulun Buir CN-Nei Mongol Zizhiqu (49.2066,119.7496), Nei Mongol, China",9 Sep 2025,Haoning Gong,49.2066,119.7496,China,False,ML642264997,P1
644452454,amufal1,Falco amurensis,アカアシチョウゲンボウ,0.0,0,"Hakhizhe Amur Roost Spot, Golaghat, Assam, India",29 Oct 2025,SOVON PARBAT,25.923,93.9024,India,False,ML644452454,P1
644647683,amufal1,Falco amurensis,アカアシチョウゲンボウ,0.0,0,"Gandhi Road, Golaghat, Assam, IN (25.915, 93.912), Golaghat, Assam, India",4 Nov 2025,Kalpesh Krishna,25.9149,93.9124,India,False,ML644647683,P1
644647849,amufal1,Falco amurensis,アカアシチョウゲンボウ,0.0,0,"Gandhi Road, Golaghat, Assam, IN (25.915, 93.912), Golaghat, Assam, India",4 Nov 2025,Kalpesh Krishna,25.9149,93.9124,India,False,ML644647849,P1
644647945,amufal1,Falco amurensis,アカアシチョウゲンボウ,5.0,1,"Gandhi Road, Golaghat, Assam, IN (25.915, 93.912), Golaghat, Assam, India",4 Nov 2025,Kalpesh Krishna,25.9149,93.9124,India,False,ML644647945,P1
644649249,amufal1,Falco amurensis,アカアシチョウゲンボウ,4.0,1,"Gandhi Road, Golaghat, Assam, IN (25.915, 93.912), Golaghat, Assam, India",4 Nov 2025,Kalpesh Krishna,25.9149,93.9124,India,False,ML644649249,P1
645075924,amufal1,Falco amurensis,アカアシチョウゲンボウ,5.0,1,"Nikhekhu, Nagaland, IN (25.896, 93.934), Golaghat, Assam, India",4 Nov 2025,Vijaya Lakshmi,25.8957,93.9344,India,False,ML645075924,P1
647760330,amufal1,Falco amurensis,アカアシチョウゲンボウ,0.0,0,"Bayan Khangai Valley, Matad, Dornod, MN (46.867, 115.235), Dornod, Mongolia",30 Jun 2025,Batmunkh Davaasuren,46.8672,115.2354,Mongolia,False,ML647760330,P1
647760331,amufal1,Falco amurensis,アカアシチョウゲンボウ,0.0,0,"Bayan Khangai Valley, Matad, Dornod, MN (46.867, 115.235), Dornod, Mongolia",30 Jun 2025,Batmunkh Davaasuren,46.8672,115.2354,Mongolia,False,ML647760331,P1
647760332,amufal1,Falco amurensis,アカアシチョウゲンボウ,0.0,0,"Bayan Khangai Valley, Matad, Dornod, MN (46.867, 115.235), Dornod, Mongolia",30 Jun 2025,Batmunkh Davaasuren,46.8672,115.2354,Mongolia,False,ML647760332,P1
84315131,amufal1,Falco amurensis,アカアシチョウゲンボウ,2.75,4,"Doyang Reservoir--Overall, Wokha, Nagaland, India",5 Nov 2016,Saurabh Sawant,26.2234,94.288,India,False,ML84315131,P1
84315141,amufal1,Falco amurensis,アカアシチョウゲンボウ,1.75,4,"Doyang Reservoir--Overall, Wokha, Nagaland, India",5 Nov 2016,Saurabh Sawant,26.2234,94.288,India,False,ML84315141,P1
84315181,amufal1,Falco amurensis,アカアシチョウゲンボウ,1.6,5,"Doyang Reservoir--Overall, Wokha, Nagaland, India",5 Nov 2016,Saurabh Sawant,26.2234,94.288,India,False,ML84315181,P1
84315191,amufal1,Falco amurensis,アカアシチョウゲンボウ,2.2,5,"Doyang Reservoir--Overall, Wokha, Nagaland, India",5 Nov 2016,Saurabh Sawant,26.2234,94.288,India,False,ML84315191,P1
84315201,amufal1,Falco amurensis,アカアシチョウゲンボウ,2.6666666666666665,6,"Doyang Reservoir--Overall, Wokha, Nagaland, India",5 Nov 2016,Saurabh Sawant,26.2234,94.288,India,False,ML84315201,P1
84315211,amufal1,Falco amurensis,アカアシチョウゲンボウ,2.2,5,"Doyang Reservoir--Overall, Wokha, Nagaland, India",5 Nov 2016,Saurabh Sawant,26.2234,94.288,India,False,ML84315211,P1
84315221,amufal1,Falco amurensis,アカアシチョウゲンボウ,2.4,5,"Doyang Reservoir--Overall, Wokha, Nagaland, India",5 Nov 2016,Saurabh Sawant,26.2234,94.288,India,False,ML84315221,P1
132011,ancmur,Synthliboramphus antiquus,ウミスズメ,3.8333333333333335,12,"Buldir, Alaska, United States",31 Jul 2006,Sampath Seneviratne,52.35,175.9333,United States,False,ML132011,P1
132012,ancmur,Synthliboramphus antiquus,ウミスズメ,2.923076923076923,13,"Buldir, Alaska, United States",2 Aug 2006,Sampath Seneviratne,52.35,175.9333,United States,False,ML132012,P1
250896271,ancmur,Synthliboramphus antiquus,ウミスズメ,4.3076923076923075,13,"St. Paul Island--Harbor, Aleutians West Census Area, Alaska, United States",27 May 2013,Andrew Spencer,57.1265,-170.2838,United States,False,ML250896271,P1
274569911,ancmur,Synthliboramphus antiquus,ウミスズメ,2.3333333333333335,9,"East Sooke Regional Park--Beechey Head, Capital, British Columbia, Canada",25 Oct 2020,Daniel Donnecke,48.314,-123.6539,Canada,False,ML274569911,P1
292279721,ancmur,Synthliboramphus antiquus,ウミスズメ,2.6666666666666665,12,"East Sooke Regional Park--Beechey Head, Capital, British Columbia, Canada",23 Dec 2020,Daniel Donnecke,48.314,-123.6539,Canada,False,ML292279721,P1
386522381,ancmur,Synthliboramphus antiquus,ウミスズメ,2.2,10,"Sooke--Otter Point, Capital, British Columbia, Canada",31 Oct 2021,Liam Ragan,48.3572,-123.8227,Canada,False,ML386522381,P1
43018531,ancmur,Synthliboramphus antiquus,ウミスズメ,3.4615384615384617,13,"Alaska Maritime NWR--Buldir Island, Aleutians West Census Area, Alaska, United States",10 Jul 2016,McKenzie Mudge,52.3504,175.9172,United States,False,ML43018531,P1
471811931,ancmur,Synthliboramphus antiquus,ウミスズメ,3.9,10,"Yellow Island, San Juan, Washington, United States",30 Jul 2022,Miles Brengle,48.5923,-123.0304,United States,False,ML471811931,P1
477428511,ancmur,Synthliboramphus antiquus,ウミスズメ,2.0,7,"East Limestone Island, Skeena-Queen Charlotte, British Columbia, Canada",19 May 2022,Joshua Brown,52.9074,-131.6126,Canada,False,ML477428511,P1
491603151,ancmur,Synthliboramphus antiquus,ウミスズメ,2.4285714285714284,7,"Point Defiance Park--Dune Peninsula & Wilson Way, Pierce, Washington, United States",8 Oct 2022,Heather Ballash,47.3051,-122.5096,United States,False,ML491603151,P1
491630041,ancmur,Synthliboramphus antiquus,ウミスズメ,2.5714285714285716,7,"Point Defiance Park--Dune Peninsula & Wilson Way, Pierce, Washington, United States",8 Oct 2022,Charlie Wright,47.3051,-122.5096,United States,False,ML491630041,P1
510201381,ancmur,Synthliboramphus antiquus,ウミスズメ,1.5714285714285714,7,"Auto selected 36.77951, -122.29184, Santa Cruz, California, United States",30 Nov 2022,Alex Rinkert,36.7795,-122.2918,United States,False,ML510201381,P1
510201431,ancmur,Synthliboramphus antiquus,ウミスズメ,1.25,8,"US (36.883, -122.34), Santa Cruz, California, United States",30 Nov 2022,Alex Rinkert,36.8827,-122.3397,United States,False,ML510201431,P1
55751931,ancmur,Synthliboramphus antiquus,ウミスズメ,1.3333333333333333,12,"Haida Gwaii--Ramsay Island and Northern Juan Perez Islands BC IBA140, Skeena-Queen Charlotte, British Columbia, Canada",30 Mar 2017,Carey Bergman,52.577,-131.439,Canada,False,ML55751931,P1
577783821,ancmur,Synthliboramphus antiquus,ウミスズメ,3.7777777777777777,9,"Marismas del Odiel PNat--Espigón Juan Carlos I, Huelva, Andalucía, Spain",26 May 2023,Toni Pons,37.1398,-6.8753,Spain,False,ML577783821,P1
577875471,ancmur,Synthliboramphus antiquus,ウミスズメ,3.2222222222222223,9,"Marismas del Odiel PNat--Espigón Juan Carlos I, Huelva, Andalucía, Spain",27 May 2023,José María Zapata,37.1398,-6.8753,Spain,False,ML577875471,P1
579413981,ancmur,Synthliboramphus antiquus,ウミスズメ,2.5,8,"Victoria--Ogden Point Breakwater, Capital, British Columbia, Canada",10 Jan 2023,Liam Ragan,48.4129,-123.3913,Canada,False,ML579413981,P1
610953730,ancmur,Synthliboramphus antiquus,ウミスズメ,3.75,4,"East Sooke Regional Park--Beechey Head, Capital, British Columbia, Canada",9 Nov 2023,Daniel Donnecke,48.314,-123.6539,Canada,False,ML610953730,P1
611049872,ancmur,Synthliboramphus antiquus,ウミスズメ,2.6666666666666665,3,"Victoria--Ogden Point Breakwater, Capital, British Columbia, Canada",6 Nov 2023,Mark Burns,48.4129,-123.3913,Canada,False,ML611049872,P1
611049873,ancmur,Synthliboramphus antiquus,ウミスズメ,2.0,3,"Victoria--Ogden Point Breakwater, Capital, British Columbia, Canada",6 Nov 2023,Mark Burns,48.4129,-123.3913,Canada,False,ML611049873,P1
611180577,ancmur,Synthliboramphus antiquus,ウミスズメ,3.6666666666666665,3,"Esquimalt--Saxe Point Park, Capital, British Columbia, Canada",15 Nov 2023,Carl Hughes,48.4222,-123.4188,Canada,False,ML611180577,P1
611180578,ancmur,Synthliboramphus antiquus,ウミスズメ,1.6666666666666667,3,"Esquimalt--Saxe Point Park, Capital, British Columbia, Canada",15 Nov 2023,Carl Hughes,48.4222,-123.4188,Canada,False,ML611180578,P1
611180593,ancmur,Synthliboramphus antiquus,ウミスズメ,4.0,3,"Esquimalt--Saxe Point Park, Capital, British Columbia, Canada",15 Nov 2023,Carl Hughes,48.4222,-123.4188,Canada,False,ML611180593,P1
611180594,ancmur,Synthliboramphus antiquus,ウミスズメ,3.0,3,"Esquimalt--Saxe Point Park, Capital, British Columbia, Canada",15 Nov 2023,Carl Hughes,48.4222,-123.4188,Canada,False,ML611180594,P1
611180595,ancmur,Synthliboramphus antiquus,ウミスズメ,3.6666666666666665,3,"Esquimalt--Saxe Point Park, Capital, British Columbia, Canada",15 Nov 2023,Carl Hughes,48.4222,-123.4188,Canada,False,ML611180595,P1
611180596,ancmur,Synthliboramphus antiquus,ウミスズメ,3.6666666666666665,3,"Esquimalt--Saxe Point Park, Capital, British Columbia, Canada",15 Nov 2023,Carl Hughes,48.4222,-123.4188,Canada,False,ML611180596,P1
611650055,ancmur,Synthliboramphus antiquus,ウミスズメ,2.3333333333333335,3,"Point Defiance Park--Dune Peninsula & Wilson Way, Pierce, Washington, United States",27 Nov 2023,Craig R Miller,47.3051,-122.5096,United States,False,ML611650055,P1
611650056,ancmur,Synthliboramphus antiquus,ウミスズメ,2.0,3,"Point Defiance Park--Dune Peninsula & Wilson Way, Pierce, Washington, United States",27 Nov 2023,Craig R Miller,47.3051,-122.5096,United States,False,ML611650056,P1
611893557,ancmur,Synthliboramphus antiquus,ウミスズメ,3.0,3,"Point Defiance Park--Dune Peninsula & Wilson Way, Pierce, Washington, United States",3 Dec 2023,Glen Chapman,47.3051,-122.5096,United States,False,ML611893557,P1
612404070,ancmur,Synthliboramphus antiquus,ウミスズメ,2.3333333333333335,3,"Bayocean Spit, Tillamook, Oregon, United States",16 Dec 2023,Kevin Scaldeferri,45.5536,-123.9436,United States,False,ML612404070,P1
612404071,ancmur,Synthliboramphus antiquus,ウミスズメ,3.0,3,"Bayocean Spit, Tillamook, Oregon, United States",16 Dec 2023,Kevin Scaldeferri,45.5536,-123.9436,United States,False,ML612404071,P1
612534022,ancmur,Synthliboramphus antiquus,ウミスズメ,2.6666666666666665,3,"Oceanside Harbor & San Luis Rey River mouth, San Diego, California, United States",22 Dec 2023,Thomas Baxter,33.2052,-117.394,United States,False,ML612534022,P1
612757275,ancmur,Synthliboramphus antiquus,ウミスズメ,1.0,3,"Oceanside Harbor & San Luis Rey River mouth, San Diego, California, United States",22 Dec 2023,Thomas Ford-Hutchinson,33.2052,-117.394,United States,False,ML612757275,P1
612757276,ancmur,Synthliboramphus antiquus,ウミスズメ,4.333333333333333,3,"Oceanside Harbor & San Luis Rey River mouth, San Diego, California, United States",22 Dec 2023,Thomas Ford-Hutchinson,33.2052,-117.394,United States,False,ML612757276,P1
612757277,ancmur,Synthliboramphus antiquus,ウミスズメ,2.75,4,"Oceanside Harbor & San Luis Rey River mouth, San Diego, California, United States",22 Dec 2023,Thomas Ford-Hutchinson,33.2052,-117.394,United States,False,ML612757277,P1
612757278,ancmur,Synthliboramphus antiquus,ウミスズメ,3.75,4,"Oceanside Harbor & San Luis Rey River mouth, San Diego, California, United States",22 Dec 2023,Thomas Ford-Hutchinson,33.2052,-117.394,United States,False,ML612757278,P1
612757279,ancmur,Synthliboramphus antiquus,ウミスズメ,4.25,4,"Oceanside Harbor & San Luis Rey River mouth, San Diego, California, United States",22 Dec 2023,Thomas Ford-Hutchinson,33.2052,-117.394,United States,False,ML612757279,P1
612757280,ancmur,Synthliboramphus antiquus,ウミスズメ,2.6666666666666665,3,"Oceanside Harbor & San Luis Rey River mouth, San Diego, California, United States",22 Dec 2023,Thomas Ford-Hutchinson,33.2052,-117.394,United States,False,ML612757280,P1
612757281,ancmur,Synthliboramphus antiquus,ウミスズメ,2.3333333333333335,3,"Oceanside Harbor & San Luis Rey River mouth, San Diego, California, United States",22 Dec 2023,Thomas Ford-Hutchinson,33.2052,-117.394,United States,False,ML612757281,P1
612757282,ancmur,Synthliboramphus antiquus,ウミスズメ,3.25,4,"Oceanside Harbor & San Luis Rey River mouth, San Diego, California, United States",22 Dec 2023,Thomas Ford-Hutchinson,33.2052,-117.394,United States,False,ML612757282,P1
612757283,ancmur,Synthliboramphus antiquus,ウミスズメ,2.6666666666666665,3,"Oceanside Harbor & San Luis Rey River mouth, San Diego, California, United States",22 Dec 2023,Thomas Ford-Hutchinson,33.2052,-117.394,United States,False,ML612757283,P1
612757284,ancmur,Synthliboramphus antiquus,ウミスズメ,3.0,3,"Oceanside Harbor & San Luis Rey River mouth, San Diego, California, United States",22 Dec 2023,Thomas Ford-Hutchinson,33.2052,-117.394,United States,False,ML612757284,P1
612800687,ancmur,Synthliboramphus antiquus,ウミスズメ,2.3333333333333335,3,"Lorain Harbor--Fishing Pier, Lorain, Ohio, United States",22 Dec 2023,KM Andersen,41.4721,-82.1843,United States,False,ML612800687,P1
614014781,ancmur,Synthliboramphus antiquus,ウミスズメ,1.0,3,"Clover Point, Capital, British Columbia, Canada",15 Dec 2023,Liam Ragan,48.4036,-123.3492,Canada,False,ML614014781,P1
620828738,ancmur,Synthliboramphus antiquus,ウミスズメ,3.3333333333333335,3,"St. Paul Island, Aleutians West Census Area, Alaska, United States",20 Jun 2024,Sam Darmstadt,57.1701,-170.2968,United States,False,ML620828738,P1
620828739,ancmur,Synthliboramphus antiquus,ウミスズメ,2.3333333333333335,3,"St. Paul Island, Aleutians West Census Area, Alaska, United States",20 Jun 2024,Sam Darmstadt,57.1701,-170.2968,United States,False,ML620828739,P1
625463229,ancmur,Synthliboramphus antiquus,ウミスズメ,3.6666666666666665,3,"Rosario Strait (Skagit Co.), Skagit, Washington, United States",24 Oct 2024,Matt Kennedy,48.5219,-122.7015,United States,False,ML625463229,P1
626410088,ancmur,Synthliboramphus antiquus,ウミスズメ,2.3333333333333335,3,"Southeast Farallon Island (Farallon Islands NWR, restricted access), San Francisco, California, United States",17 Nov 2024,Adrian Hinkle,37.6985,-123.0028,United States,False,ML626410088,P1
626498580,ancmur,Synthliboramphus antiquus,ウミスズメ,2.3333333333333335,3,"Southeast Farallon Island (Farallon Islands NWR, restricted access), San Francisco, California, United States",19 Nov 2024,Matt Brady,37.6985,-123.0028,United States,False,ML626498580,P1
626736218,ancmur,Synthliboramphus antiquus,ウミスズメ,2.0,3,"Tillamook Bay--Barview Jetty, Tillamook, Oregon, United States",25 Nov 2024,Cliff Cordy,45.5695,-123.9494,United States,False,ML626736218,P1
626805785,ancmur,Synthliboramphus antiquus,ウミスズメ,3.6666666666666665,3,"Boom Rd, Clallam Bay US-WA 48.37697, -124.62509, Clallam, Washington, United States",27 Nov 2024,Roger Hoffman,48.377,-124.6251,United States,False,ML626805785,P1
629483810,ancmur,Synthliboramphus antiquus,ウミスズメ,3.6666666666666665,3,"Grant's Reef, Powell River, British Columbia, Canada",19 Jan 2025,Yves Perreault,49.8795,-124.8342,Canada,False,ML629483810,P1
633366945,ancmur,Synthliboramphus antiquus,ウミスズメ,3.25,4,"Alaska Maritime NWR--Buldir Island, Aleutians West Census Area, Alaska, United States",4 Jul 2023,Nathan Dubrow,52.3504,175.9172,United States,False,ML633366945,P1
637225077,ancmur,Synthliboramphus antiquus,ウミスズメ,3.0,1,"Kruzof Island, Sitka US-AK (57.0104,-135.6369), Sitka City and Borough, Alaska, United States",6 Jun 2025,Denise Turley,57.0104,-135.6369,United States,False,ML637225077,P1
638563538,ancmur,Synthliboramphus antiquus,ウミスズメ,4.0,2,"Reef Cliffs, Aleutians West Census Area, Alaska, United States",26 Jun 2025,Bob McGuire,57.1124,-170.2802,United States,False,ML638563538,P1
645572581,ancmur,Synthliboramphus antiquus,ウミスズメ,4.333333333333333,3,"Point Defiance Park--Dune Peninsula & Wilson Way, Pierce, Washington, United States",11 Nov 2025,Marcus Roening,47.3051,-122.5096,United States,False,ML645572581,P1
203913431,arcwar3,Phylloscopus xanthodryas,メボソムシクイ,4.2,5,"富士山 (Mount Fuji), Fujiyoshida, Yamanashi, Japan",23 Aug 2014,Josep del Hoyo,35.3672,138.7312,Japan,True,ML203913431,P1
245884421,arcwar3,Phylloscopus xanthodryas,メボソムシクイ,0.0,0,"小山町--富士山--ふじあざみライン５合目 (Oyama--Mount Fuji--Fuji Azami Line 5th Station), Oyama, Shizuoka, Japan",17 Jul 2019,Harumi Umi,35.3661,138.7786,Japan,True,ML245884421,P1
247190381,arcwar3,Phylloscopus xanthodryas,メボソムシクイ,4.0,4,"Bandai-Asahi National Park, Fukushima-Shi JP-Fukushima 37.69295, 140.24056, Fukushima, Fukushima, Japan",18 Jun 2020,Yann Muzika,37.693,140.2406,Japan,True,ML247190381,P1
261424911,arcwar3,Phylloscopus xanthodryas,メボソムシクイ,2.0,1,"日光市--霧降高原 (Nikko--Kirifuri Plateau), Nikko, Tochigi, Japan",1 Jun 2018,Gerben ter Haar,36.8071,139.5921,Japan,True,ML261424911,P1
281362,arcwar3,Phylloscopus xanthodryas,メボソムシクイ,4.0,1,"Mount Fuji north side, Narusawa, Yamanashi, Japan",19 May 2015,Peter Boesman,35.392,138.722,Japan,True,ML281362,P1
281363,arcwar3,Phylloscopus xanthodryas,メボソムシクイ,4.0,1,"Mount Fuji north side, Narusawa, Yamanashi, Japan",19 May 2015,Peter Boesman,35.392,138.722,Japan,True,ML281363,P1
281364,arcwar3,Phylloscopus xanthodryas,メボソムシクイ,3.0,1,"Mount Fuji north side, Narusawa, Yamanashi, Japan",19 May 2015,Peter Boesman,35.392,138.722,Japan,True,ML281364,P1
281365,arcwar3,Phylloscopus xanthodryas,メボソムシクイ,0.0,0,"Mount Fuji north side, Narusawa, Yamanashi, Japan",19 May 2015,Peter Boesman,35.392,138.722,Japan,True,ML281365,P1
281366,arcwar3,Phylloscopus xanthodryas,メボソムシクイ,0.0,0,"Mount Fuji north side, Narusawa, Yamanashi, Japan",19 May 2015,Peter Boesman,35.392,138.722,Japan,True,ML281366,P1
281367,arcwar3,Phylloscopus xanthodryas,メボソムシクイ,0.0,0,"Mount Fuji north side, Narusawa, Yamanashi, Japan",19 May 2015,Peter Boesman,35.392,138.722,Japan,True,ML281367,P1
281396,arcwar3,Phylloscopus xanthodryas,メボソムシクイ,0.0,0,"Mount Fuji east side, Oyama, Shizuoka, Japan",20 May 2015,Peter Boesman,35.366,138.786,Japan,True,ML281396,P1
281397,arcwar3,Phylloscopus xanthodryas,メボソムシクイ,0.0,0,"Mount Fuji east side, Oyama, Shizuoka, Japan",20 May 2015,Peter Boesman,35.366,138.786,Japan,True,ML281397,P1
281398,arcwar3,Phylloscopus xanthodryas,メボソムシクイ,0.0,0,"Mount Fuji east side, Oyama, Shizuoka, Japan",20 May 2015,Peter Boesman,35.366,138.786,Japan,True,ML281398,P1
328661171,arcwar3,Phylloscopus xanthodryas,メボソムシクイ,3.0,1,"Man Nai Island (Ko Man Nai), Rayong, Thailand",21 Apr 2021,James Eaton / Birdtour Asia,12.6116,101.6877,Thailand,False,ML328661171,P1
418879851,arcwar3,Phylloscopus xanthodryas,メボソムシクイ,2.0,1,"Man Nai Island (Ko Man Nai), Rayong, Thailand",16 Apr 2018,Philip Round,12.6116,101.6877,Thailand,False,ML418879851,P1
437790341,arcwar3,Phylloscopus xanthodryas,メボソムシクイ,3.0,1,"尼崎市--大井戸公園 (Amagasaki--Ohido Park), Amagasaki, Hyogo, Japan",11 May 2021,masao komura,34.7484,135.3919,Japan,True,ML437790341,P1
442433561,arcwar3,Phylloscopus xanthodryas,メボソムシクイ,4.0,2,"台北--野柳IBA(Yeliu IBA), New Taipei City, Taiwan",1 May 2022,Chien-wei(Bao) Tseng,25.2122,121.6984,Taiwan,False,ML442433561,P1
442970691,arcwar3,Phylloscopus xanthodryas,メボソムシクイ,4.0,2,"台北--野柳IBA(Yeliu IBA), New Taipei City, Taiwan",1 May 2022,Chien-wei(Bao) Tseng,25.2122,121.6984,Taiwan,False,ML442970691,P1
486632841,arcwar3,Phylloscopus xanthodryas,メボソムシクイ,2.0,1,"松本市--横尾谷--本谷橋 (Matsumoto--Yokoo Valley--Hontani Bridge), Matsumoto, Nagano, Japan",19 Sep 2022,masao komura,36.3073,137.6775,Japan,True,ML486632841,P1
552849811,arcwar3,Phylloscopus xanthodryas,メボソムシクイ,3.0,3,"Borneo Jungle Girl Camp (Trus Madi Conservation Area), Sabah, Malaysia",2 Apr 2023,James Eaton / Birdtour Asia,5.4428,116.4512,Malaysia,False,ML552849811,P1
569215841,arcwar3,Phylloscopus xanthodryas,メボソムシクイ,1.0,1,"울산--대왕암공원(Ulsan--Daewangam Park), Ulsan, South Korea",9 May 2023,Marshall Iliff,35.4889,129.4371,South Korea,True,ML569215841,P1
569215851,arcwar3,Phylloscopus xanthodryas,メボソムシクイ,1.0,1,"울산--대왕암공원(Ulsan--Daewangam Park), Ulsan, South Korea",9 May 2023,Marshall Iliff,35.4889,129.4371,South Korea,True,ML569215851,P1
572948611,arcwar3,Phylloscopus xanthodryas,メボソムシクイ,0.0,0,"川崎市--生田緑地 (Kawasaki--Ikuta Greenspace Park), Kawasaki, Kanagawa, Japan",16 May 2023,Takahisa Ishizuka,35.6099,139.5625,Japan,True,ML572948611,P1
573434161,arcwar3,Phylloscopus xanthodryas,メボソムシクイ,3.0,1,"尼崎市--大井戸公園 (Amagasaki--Ohido Park), Amagasaki, Hyogo, Japan",16 May 2023,masao komura,34.7484,135.3919,Japan,True,ML573434161,P1
576246271,arcwar3,Phylloscopus xanthodryas,メボソムシクイ,5.0,1,"鳴沢村--富士林道終点, Narusawa, Yamanashi, Japan",20 May 2023,英樹 關本,35.3723,138.6843,Japan,True,ML576246271,P1
584092121,arcwar3,Phylloscopus xanthodryas,メボソムシクイ,3.5,2,"東御市--湯の丸--池の平インフォメーションセンター (Tomi--Yunomaru--Ikenodaira Information Center), Tomi, Nagano, Japan",24 May 2023,Simon Colenutt,36.4134,138.4401,Japan,True,ML584092121,P1
585326121,arcwar3,Phylloscopus xanthodryas,メボソムシクイ,3.0,1,"Fujisan Sky Line, Fujinomiya JP-Shizuoka 35.32030, 138.72236, Fujinomiya, Shizuoka, Japan",26 May 2023,Simon Colenutt,35.3203,138.7224,Japan,True,ML585326121,P1
585326661,arcwar3,Phylloscopus xanthodryas,メボソムシクイ,3.0,1,"富士宮市--西臼塚山の神 (Fujinomiya--Nishiusuzuka Yamanokami Shrine), Fujinomiya, Shizuoka, Japan",26 May 2023,Simon Colenutt,35.2997,138.7125,Japan,True,ML585326661,P1
596963861,arcwar3,Phylloscopus xanthodryas,メボソムシクイ,4.0,1,"富士宮市--富士山--富士宮口五合目 (Fujinomiya--Mount Fuji--Fujinomiya 5th Station), Fujinomiya, Shizuoka, Japan",23 Jul 2023,yasuhiro kojima,35.3367,138.734,Japan,True,ML596963861,P1
596968021,arcwar3,Phylloscopus xanthodryas,メボソムシクイ,5.0,3,"鳴沢村--富士山--スバルライン五合目 (Narusawa--Mount Fuji--Subaru Line 5th Station), Fujiyoshida, Yamanashi, Japan",21 Jul 2023,Proust Lee,35.3945,138.7333,Japan,True,ML596968021,P1
597008331,arcwar3,Phylloscopus xanthodryas,メボソムシクイ,5.0,1,"Man Nok Island (Ko Man Nok), Rayong, Thailand",22 Apr 2022,Vetida Pongpanit,12.5688,101.6999,Thailand,False,ML597008331,P1
618412916,arcwar3,Phylloscopus xanthodryas,メボソムシクイ,0.0,0,"鳴沢村--八軒林道, Narusawa, Yamanashi, Japan",4 May 2024,英樹 關本,35.3905,138.6736,Japan,True,ML618412916,P1
618711477,arcwar3,Phylloscopus xanthodryas,メボソムシクイ,0.0,0,"野洲市--湖岸緑地 中主吉川公園 (Yasu--Lakeside Greenspace Chuzuyoshikawa Park), Yasu, Shiga, Japan",9 May 2024,Aline Horikawa,35.1348,135.9906,Japan,True,ML618711477,P1
618811170,arcwar3,Phylloscopus xanthodryas,メボソムシクイ,0.0,0,"尼崎市--大井戸公園 (Amagasaki--Ohido Park), Amagasaki, Hyogo, Japan",10 May 2024,masao komura,34.7484,135.3919,Japan,True,ML618811170,P1
618959466,arcwar3,Phylloscopus xanthodryas,メボソムシクイ,2.0,1,"県道2号, Matsue JP-Shimane 35.56646, 133.32257, Matsue, Shimane, Japan",11 May 2024,H C,35.5665,133.3226,Japan,True,ML618959466,P1
619053574,arcwar3,Phylloscopus xanthodryas,メボソムシクイ,1.0,1,"吹田市--神崎川--御堂筋 (Suita--Kanzaki River--Midosuji line), Osaka, Osaka, Japan",14 May 2024,masao komura,34.7504,135.4958,Japan,True,ML619053574,P1
619072170,arcwar3,Phylloscopus xanthodryas,メボソムシクイ,1.0,1,"南麂列岛国家级海洋自然保护区 (Nanji Islands NNR), Zhejiang, China",6 May 2024,Fu Bill,27.4582,121.0791,China,False,ML619072170,P1
619072171,arcwar3,Phylloscopus xanthodryas,メボソムシクイ,1.0,1,"南麂列岛国家级海洋自然保护区 (Nanji Islands NNR), Zhejiang, China",6 May 2024,Fu Bill,27.4582,121.0791,China,False,ML619072171,P1
619072172,arcwar3,Phylloscopus xanthodryas,メボソムシクイ,2.0,1,"南麂列岛国家级海洋自然保护区 (Nanji Islands NNR), Zhejiang, China",6 May 2024,Fu Bill,27.4582,121.0791,China,False,ML619072172,P1
619072173,arcwar3,Phylloscopus xanthodryas,メボソムシクイ,1.0,1,"南麂列岛国家级海洋自然保护区 (Nanji Islands NNR), Zhejiang, China",6 May 2024,Fu Bill,27.4582,121.0791,China,False,ML619072173,P1
619279305,arcwar3,Phylloscopus xanthodryas,メボソムシクイ,5.0,2,"富士宮市--富士山--高鉢駐車場 (Fujinomiya--Mount Fuji--Takahachi Car Park), Fujinomiya, Shizuoka, Japan",15 May 2024,Elias Ludescher,35.3179,138.7279,Japan,True,ML619279305,P1
619521572,arcwar3,Phylloscopus xanthodryas,メボソムシクイ,2.0,1,"東大和市--狭山公園 (Higashiyamato--Sayama Park), Higashimurayama, Tokyo, Japan",12 May 2024,Q WU,35.7619,139.4418,Japan,True,ML619521572,P1
620402888,arcwar3,Phylloscopus xanthodryas,メボソムシクイ,3.0,1,"富士宮市--富士山--富士宮口五合目 (Fujinomiya--Mount Fuji--Fujinomiya 5th Station), Fujinomiya, Shizuoka, Japan",9 Jun 2024,tatsuyuki tomioka,35.3367,138.734,Japan,True,ML620402888,P1
620402966,arcwar3,Phylloscopus xanthodryas,メボソムシクイ,3.0,1,"富士宮市--富士山--富士宮口五合目 (Fujinomiya--Mount Fuji--Fujinomiya 5th Station), Fujinomiya, Shizuoka, Japan",9 Jun 2024,tatsuyuki tomioka,35.3367,138.734,Japan,True,ML620402966,P1
620728940,arcwar3,Phylloscopus xanthodryas,メボソムシクイ,1.0,1,"서귀포--화순곶자왈(Seogwipo--Hwasun Gotjawal), Jeju-do, South Korea",7 May 2023,Leslie Hurteau,33.2647,126.3331,South Korea,True,ML620728940,P1
620915060,arcwar3,Phylloscopus xanthodryas,メボソムシクイ,1.0,1,"立山町--みくりが池温泉 (Tateyama--Mikurigaike Hot Spring), Tateyama, Toyama, Japan",11 Jun 2024,Wenpei Lin,36.5819,137.5962,Japan,True,ML620915060,P1
621002601,arcwar3,Phylloscopus xanthodryas,メボソムシクイ,4.0,3,"鳴沢村--御庭, Narusawa, Yamanashi, Japan",22 Jun 2024,英樹 關本,35.3853,138.708,Japan,True,ML621002601,P1
621370345,arcwar3,Phylloscopus xanthodryas,メボソムシクイ,1.0,1,"Narusawa Road, Mount Fuji West side, Narusawa, Yamanashi, Japan",11 Jul 2024,www.aladdin .st,35.3728,138.684,Japan,True,ML621370345,P1
621370346,arcwar3,Phylloscopus xanthodryas,メボソムシクイ,1.0,1,"Narusawa Road, Mount Fuji West side, Narusawa, Yamanashi, Japan",11 Jul 2024,www.aladdin .st,35.3728,138.684,Japan,True,ML621370346,P1
621807935,arcwar3,Phylloscopus xanthodryas,メボソムシクイ,0.0,0,"立山町--室堂 (Tateyama--Murodo), Tateyama, Toyama, Japan",21 Jul 2024,masao komura,36.5771,137.5959,Japan,True,ML621807935,P1
621840529,arcwar3,Phylloscopus xanthodryas,メボソムシクイ,4.0,1,"Fuji-Hakone-Izu National Park, Fujiyoshida JP-Yamanashi 35.38496, 138.77213, Fujiyoshida, Yamanashi, Japan",24 Jul 2024,Yann Muzika,35.385,138.7721,Japan,True,ML621840529,P1
621840546,arcwar3,Phylloscopus xanthodryas,メボソムシクイ,4.0,1,"Fuji-Hakone-Izu National Park, Narusawa JP-Yamanashi 35.37291, 138.68403, Narusawa, Yamanashi, Japan",24 Jul 2024,Yann Muzika,35.3729,138.684,Japan,True,ML621840546,P1
621940024,arcwar3,Phylloscopus xanthodryas,メボソムシクイ,5.0,1,"富士宮市--富士山--富士宮口五合目 (Fujinomiya--Mount Fuji--Fujinomiya 5th Station), Fujinomiya, Shizuoka, Japan",28 Jul 2024,yasuhiro kojima,35.3367,138.734,Japan,True,ML621940024,P1
622192814,arcwar3,Phylloscopus xanthodryas,メボソムシクイ,4.0,2,"富士山--お中道～奥庭 (Okuniwa--Mt.Fuji), Narusawa, Yamanashi, Japan",3 Aug 2024,yasuhiro kojima,35.3889,138.7046,Japan,True,ML622192814,P1
622550022,arcwar3,Phylloscopus xanthodryas,メボソムシクイ,4.5,2,"丸沼高原, 片品村, 群馬県, JP (36.814, 139.33), Katashina, Gunma, Japan",15 Aug 2024,Takayuki Uchida,36.8141,139.3295,Japan,True,ML622550022,P1
626446902,arcwar3,Phylloscopus xanthodryas,メボソムシクイ,0.0,0,"高雄--旗津舊高字塔(Kaohsiung--Qijin VTC Tower), Kaohsiung City, Taiwan",19 Nov 2024,任謙 黃,22.554,120.3146,Taiwan,False,ML626446902,P1
626487487,arcwar3,Phylloscopus xanthodryas,メボソムシクイ,0.0,0,"高雄--旗津舊高字塔(Kaohsiung--Qijin VTC Tower), Kaohsiung City, Taiwan",20 Nov 2024,孟翰 謝,22.554,120.3146,Taiwan,False,ML626487487,P1
626514251,arcwar3,Phylloscopus xanthodryas,メボソムシクイ,0.0,0,"高雄--旗津舊高字塔(Kaohsiung--Qijin VTC Tower), Kaohsiung City, Taiwan",20 Nov 2024,志民 蘇,22.554,120.3146,Taiwan,False,ML626514251,P1
626514252,arcwar3,Phylloscopus xanthodryas,メボソムシクイ,0.0,0,"高雄--旗津舊高字塔(Kaohsiung--Qijin VTC Tower), Kaohsiung City, Taiwan",20 Nov 2024,志民 蘇,22.554,120.3146,Taiwan,False,ML626514252,P1
626514253,arcwar3,Phylloscopus xanthodryas,メボソムシクイ,0.0,0,"高雄--旗津舊高字塔(Kaohsiung--Qijin VTC Tower), Kaohsiung City, Taiwan",20 Nov 2024,志民 蘇,22.554,120.3146,Taiwan,False,ML626514253,P1
626514254,arcwar3,Phylloscopus xanthodryas,メボソムシクイ,0.0,0,"高雄--旗津舊高字塔(Kaohsiung--Qijin VTC Tower), Kaohsiung City, Taiwan",20 Nov 2024,志民 蘇,22.554,120.3146,Taiwan,False,ML626514254,P1
626522634,arcwar3,Phylloscopus xanthodryas,メボソムシクイ,0.0,0,"高雄--旗津舊高字塔(Kaohsiung--Qijin VTC Tower), Kaohsiung City, Taiwan",21 Nov 2024,任謙 黃,22.554,120.3146,Taiwan,False,ML626522634,P1
626522635,arcwar3,Phylloscopus xanthodryas,メボソムシクイ,0.0,0,"高雄--旗津舊高字塔(Kaohsiung--Qijin VTC Tower), Kaohsiung City, Taiwan",21 Nov 2024,任謙 黃,22.554,120.3146,Taiwan,False,ML626522635,P1
626559165,arcwar3,Phylloscopus xanthodryas,メボソムシクイ,0.0,0,"高雄--旗津舊高字塔(Kaohsiung--Qijin VTC Tower), Kaohsiung City, Taiwan",22 Nov 2024,孟翰 謝,22.554,120.3146,Taiwan,False,ML626559165,P1
626644254,arcwar3,Phylloscopus xanthodryas,メボソムシクイ,0.0,0,"高雄--旗津舊高字塔(Kaohsiung--Qijin VTC Tower), Kaohsiung City, Taiwan",24 Nov 2024,看好鳥 過特考🫡,22.554,120.3146,Taiwan,False,ML626644254,P1
626779852,arcwar3,Phylloscopus xanthodryas,メボソムシクイ,0.0,0,"高雄--旗津舊高字塔(Kaohsiung--Qijin VTC Tower), Kaohsiung City, Taiwan",22 Nov 2024,志民 蘇,22.554,120.3146,Taiwan,False,ML626779852,P1
626779857,arcwar3,Phylloscopus xanthodryas,メボソムシクイ,0.0,0,"高雄--旗津舊高字塔(Kaohsiung--Qijin VTC Tower), Kaohsiung City, Taiwan",24 Nov 2024,志民 蘇,22.554,120.3146,Taiwan,False,ML626779857,P1
626816519,arcwar3,Phylloscopus xanthodryas,メボソムシクイ,1.0,1,"高雄--旗津舊高字塔(Kaohsiung--Qijin VTC Tower), Kaohsiung City, Taiwan",18 Nov 2024,Yi-Cheng Chen,22.554,120.3146,Taiwan,False,ML626816519,P1
635285611,arcwar3,Phylloscopus xanthodryas,メボソムシクイ,0.0,0,"大阪市--大阪城公園 (Osaka--Osaka Castle Park), Osaka, Osaka, Japan",8 May 2025,Lars Skalnes,34.6873,135.5259,Japan,True,ML635285611,P1
635618219,arcwar3,Phylloscopus xanthodryas,メボソムシクイ,0.0,0,"軽井沢町--軽井沢野鳥の森 (Karuizawa--Karuizawa Wild Bird Sanctuary), Karuizawa, Nagano, Japan",8 May 2025,Émile Brisson-Curadeau,36.366,138.5975,Japan,True,ML635618219,P1
635719425,arcwar3,Phylloscopus xanthodryas,メボソムシクイ,0.0,0,"春日井市--潮見坂平和公園 (Kasugai City--Shiomizaka Heiwa Park), Kasugai, Aichi, Japan",14 May 2025,Takayuki Uchida,35.2805,137.0096,Japan,True,ML635719425,P1
636916800,arcwar3,Phylloscopus xanthodryas,メボソムシクイ,0.0,0,"４丁目, 名古屋市, 愛知県, JP (35.143, 136.947), Nagoya, Aichi, Japan",2 Jun 2025,Satoshi Kanazawa,35.1429,136.9466,Japan,True,ML636916800,P1
637689855,arcwar3,Phylloscopus xanthodryas,メボソムシクイ,0.0,0,"富士河口湖町--富士山--富士御室浅間神社 (Fujikawaguchiko--Mount Fuji--Omuro Sengen Shrine), Fujikawaguchiko, Yamanashi, Japan",17 Jun 2025,Rajan Rao,35.4,138.7552,Japan,True,ML637689855,P1
637690806,arcwar3,Phylloscopus xanthodryas,メボソムシクイ,0.0,0,"富士河口湖町--富士山--富士御室浅間神社 (Fujikawaguchiko--Mount Fuji--Omuro Sengen Shrine), Fujikawaguchiko, Yamanashi, Japan",17 Jun 2025,Adi Rao,35.4,138.7552,Japan,True,ML637690806,P1
637810200,arcwar3,Phylloscopus xanthodryas,メボソムシクイ,0.0,0,"鳴沢村--富士山--奥庭荘 (Narusawa--Mount Fuji--Okuniwa-so Lodge), Narusawa, Yamanashi, Japan",25 May 2025,Clive Harris,35.3904,138.7039,Japan,True,ML637810200,P1
637810374,arcwar3,Phylloscopus xanthodryas,メボソムシクイ,0.0,0,"鳴沢村--富士山--奥庭荘 (Narusawa--Mount Fuji--Okuniwa-so Lodge), Narusawa, Yamanashi, Japan",25 May 2025,Clive Harris,35.3904,138.7039,Japan,True,ML637810374,P1
637810436,arcwar3,Phylloscopus xanthodryas,メボソムシクイ,0.0,0,"鳴沢村--富士山--奥庭荘 (Narusawa--Mount Fuji--Okuniwa-so Lodge), Narusawa, Yamanashi, Japan",25 May 2025,Clive Harris,35.3904,138.7039,Japan,True,ML637810436,P1
637816280,arcwar3,Phylloscopus xanthodryas,メボソムシクイ,0.0,0,"県道66号, 高山村 JP-長野県 36.66217, 138.44356, Takayama, Nagano, Japan",20 Jun 2025,Tsuyoshi Endo,36.6622,138.4436,Japan,True,ML637816280,P1
637816281,arcwar3,Phylloscopus xanthodryas,メボソムシクイ,0.0,0,"県道66号, 高山村 JP-長野県 36.66217, 138.44356, Takayama, Nagano, Japan",20 Jun 2025,Tsuyoshi Endo,36.6622,138.4436,Japan,True,ML637816281,P1
637835739,arcwar3,Phylloscopus xanthodryas,メボソムシクイ,0.0,0,"鳴沢村--富士山--奥庭荘 (Narusawa--Mount Fuji--Okuniwa-so Lodge), Narusawa, Yamanashi, Japan",25 May 2025,Clive Harris,35.3904,138.7039,Japan,True,ML637835739,P1
637835900,arcwar3,Phylloscopus xanthodryas,メボソムシクイ,0.0,0,"鳴沢村--富士山--奥庭荘 (Narusawa--Mount Fuji--Okuniwa-so Lodge), Narusawa, Yamanashi, Japan",25 May 2025,Clive Harris,35.3904,138.7039,Japan,True,ML637835900,P1
638011727,arcwar3,Phylloscopus xanthodryas,メボソムシクイ,0.0,0,"松本市--西穂山荘 (Matsumoto--Nishiho Lodge), Takayama, Gifu, Japan",22 Jun 2025,Rob Ingle,36.2654,137.6177,Japan,True,ML638011727,P1
638121016,arcwar3,Phylloscopus xanthodryas,メボソムシクイ,0.0,0,"Rajah Sikatuna Protected Landscape, Bohol, Philippines",5 Apr 2025,Mark Wilson,9.7056,124.1233,Philippines,False,ML638121016,P1
638121018,arcwar3,Phylloscopus xanthodryas,メボソムシクイ,0.0,0,"Rajah Sikatuna Protected Landscape, Bohol, Philippines",5 Apr 2025,Mark Wilson,9.7056,124.1233,Philippines,False,ML638121018,P1
638126505,arcwar3,Phylloscopus xanthodryas,メボソムシクイ,0.0,0,"松本市--上高地--徳沢ロッジ (Matsumoto--Kamikochi--Tokusawa Lodge), Matsumoto, Nagano, Japan",26 Jun 2025,Keita Richardson,36.2637,137.6898,Japan,True,ML638126505,P1
638309719,arcwar3,Phylloscopus xanthodryas,メボソムシクイ,0.0,0,"富士宮市--富士山--富士宮口五合目 (Fujinomiya--Mount Fuji--Fujinomiya 5th Station), Fujinomiya, Shizuoka, Japan",21 Jun 2025,tatsuyuki tomioka,35.3367,138.734,Japan,True,ML638309719,P1
638746598,arcwar3,Phylloscopus xanthodryas,メボソムシクイ,0.0,0,"鳴沢村--富士山--奥庭荘 (Narusawa--Mount Fuji--Okuniwa-so Lodge), Narusawa, Yamanashi, Japan",28 Jun 2025,Takashi Wada,35.3904,138.7039,Japan,True,ML638746598,P1
638891536,arcwar3,Phylloscopus xanthodryas,メボソムシクイ,0.0,0,"立山町--みくりが池温泉 (Tateyama--Mikurigaike Hot Spring), Tateyama, Toyama, Japan",14 Jul 2025,Enoch Cheuk,36.5819,137.5962,Japan,True,ML638891536,P1
639200100,arcwar3,Phylloscopus xanthodryas,メボソムシクイ,0.0,0,"Norikura Sky Line, Takayama JP-Gifu 36.13235, 137.55729, Takayama, Gifu, Japan",21 Jul 2025,Jarmo Komi,36.1324,137.5573,Japan,True,ML639200100,P1
639200101,arcwar3,Phylloscopus xanthodryas,メボソムシクイ,0.0,0,"Norikura Sky Line, Takayama JP-Gifu 36.13235, 137.55729, Takayama, Gifu, Japan",21 Jul 2025,Jarmo Komi,36.1324,137.5573,Japan,True,ML639200101,P1
639216981,arcwar3,Phylloscopus xanthodryas,メボソムシクイ,0.0,0,"小山町--富士山--須走馬返し (Oyama--Mount Fuji--Subashiri Umagaeshi), Oyama, Shizuoka, Japan",26 May 2025,Clive Harris,35.3659,138.8079,Japan,True,ML639216981,P1
639218908,arcwar3,Phylloscopus xanthodryas,メボソムシクイ,0.0,0,"Fujisan Sky Line, Fuji JP-Shizuoka 35.31415, 138.73653, Fuji, Shizuoka, Japan",26 May 2025,Clive Harris,35.3142,138.7365,Japan,True,ML639218908,P1
639749927,arcwar3,Phylloscopus xanthodryas,メボソムシクイ,0.0,0,"川上村--金峰山 (Kawakami--Mount Kinpu), Kawakami, Nagano, Japan",19 Jul 2025,masao komura,35.8719,138.6253,Japan,True,ML639749927,P1
639779534,arcwar3,Phylloscopus xanthodryas,メボソムシクイ,0.0,0,"Fuji Subaru Line — Okuniwa Lodge to 4th Station Observatory, Narusawa, Yamanashi, Japan",30 Jun 2025,Will Schenck,35.3882,138.7054,Japan,True,ML639779534,P1
640350384,arcwar3,Phylloscopus xanthodryas,メボソムシクイ,0.0,0,"熊本市--立田山 (Kumamoto--Mount Tatsuta), Kumamoto, Kumamoto, Japan",17 Sep 2016,Nagahisa MIta,32.8266,130.7313,Japan,True,ML640350384,P1
640350444,arcwar3,Phylloscopus xanthodryas,メボソムシクイ,0.0,0,"熊本市--立田山 (Kumamoto--Mount Tatsuta), Kumamoto, Kumamoto, Japan",19 May 2017,Nagahisa MIta,32.8266,130.7313,Japan,True,ML640350444,P1
645494102,arcwar3,Phylloscopus xanthodryas,メボソムシクイ,0.0,0,"立山町--室堂--ミクリガ池 (Tateyama--Murodo--Mikurigaike Pond), Tateyama, Toyama, Japan",12 Jul 2025,Bo Zhi,36.5806,137.5972,Japan,True,ML645494102,P1
77071571,arcwar3,Phylloscopus xanthodryas,メボソムシクイ,1.0,1,"宜蘭--頂寮生態公園(Yilan--Dingliao Ecological Park), Yilan County, Taiwan",29 Nov 2017,Ko Cheng,24.6393,121.843,Taiwan,False,ML77071571,P1
77071581,arcwar3,Phylloscopus xanthodryas,メボソムシクイ,2.0,1,"宜蘭--頂寮生態公園(Yilan--Dingliao Ecological Park), Yilan County, Taiwan",29 Nov 2017,Ko Cheng,24.6393,121.843,Taiwan,False,ML77071581,P1
81712241,arcwar3,Phylloscopus xanthodryas,メボソムシクイ,3.0,2,"宜蘭--頂寮生態公園(Yilan--Dingliao Ecological Park), Yilan County, Taiwan",13 Jan 2018,Ko Cheng,24.6393,121.843,Taiwan,False,ML81712241,P1
158887601,asidow1,Limnodromus semipalmatus,シベリアオオハシシギ,2.75,8,"新竹濱海IBA--港南金城湖(Hsinchu Coast IBA--Gangnan Jincheng Lake), Hsinchu City, Taiwan",11 May 2019,魚鷺 無恙,24.811,120.9106,Taiwan,False,ML158887601,P1
232829801,asidow1,Limnodromus semipalmatus,シベリアオオハシシギ,3.7,10,"Orog Nuul, Bayanhongor, Mongolia",25 May 2019,Daniel Hinckley | samazul.com,45.0553,100.7161,Mongolia,False,ML232829801,P1
257588901,asidow1,Limnodromus semipalmatus,シベリアオオハシシギ,1.875,8,"三寮灣, Tainan City, Taiwan",23 Aug 2020,Yi-Cheng Chen,23.2386,120.1147,Taiwan,False,ML257588901,P1
331276091,asidow1,Limnodromus semipalmatus,シベリアオオハシシギ,3.6,10,"Auto selected 22.37647, 120.58559, Pingtung County, Taiwan",27 Apr 2021,Jhih-Wei (志偉) TSAI (蔡),22.3765,120.5856,Taiwan,False,ML331276091,P1
44391081,asidow1,Limnodromus semipalmatus,シベリアオオハシシギ,3.4444444444444446,9,"宜蘭竹安IBA--釣鱉池(Zhu'an IBA--Diaobie Ponds), Yilan County, Taiwan",1 May 2015,Ko Cheng,24.8233,121.7944,Taiwan,False,ML44391081,P1
445613161,asidow1,Limnodromus semipalmatus,シベリアオオハシシギ,1.625,8,"金門--慈湖全區(Kinmen--Lake Ci), Kinmen County, Taiwan",8 May 2022,台灣鄉野 鳥訊彙整,24.468,118.3037,Taiwan,False,ML445613161,P1
630819450,asidow1,Limnodromus semipalmatus,シベリアオオハシシギ,2.6666666666666665,3,"Ugii Lake, Ugiinuur, Arkhangai, MN, Arhangay, Mongolia",30 May 2023,Batmunkh Davaasuren,47.7613,102.7426,Mongolia,False,ML630819450,P1
630819510,asidow1,Limnodromus semipalmatus,シベリアオオハシシギ,3.0,4,"Ugii Lake, Ugiinuur, Arkhangai, MN, Arhangay, Mongolia",30 May 2023,Batmunkh Davaasuren,47.7613,102.7426,Mongolia,False,ML630819510,P1
634285465,asidow1,Limnodromus semipalmatus,シベリアオオハシシギ,0.0,0,"金門--金沙浦邊海岸(Kinmen--Jinsha Pubian Seashore), Kinmen County, Taiwan",23 Apr 2025,Ting-Wei (廷維) HUNG (洪),24.4794,118.383,Taiwan,False,ML634285465,P1
634342633,asidow1,Limnodromus semipalmatus,シベリアオオハシシギ,4.0,1,"金門--金沙浦邊海岸(Kinmen--Jinsha Pubian Seashore), Kinmen County, Taiwan",23 Apr 2025,Ting-Wei (廷維) HUNG (洪),24.4794,118.383,Taiwan,False,ML634342633,P1
615614463,asrfin1,Leucosticte arctoa,ハギマシコ,1.0,2,"Hashirikotan, Betsukai, Notsuke-Gun JP-Hokkaido 43.30766, 145.37581, Betsukai, Hokkaido, Japan",3 Mar 2024,Yann Muzika,43.3077,145.3758,Japan,True,ML615614463,P1
615614464,asrfin1,Leucosticte arctoa,ハギマシコ,1.6666666666666667,3,"Hashirikotan, Betsukai, Notsuke-Gun JP-Hokkaido 43.30766, 145.37581, Betsukai, Hokkaido, Japan",3 Mar 2024,Yann Muzika,43.3077,145.3758,Japan,True,ML615614464,P1
643097317,asrfin1,Leucosticte arctoa,ハギマシコ,2.0,1,"Khukh lake NR, Gurvanbulag, Bayankhongor, MN, Bayanhongor, Mongolia",2 Jun 2025,Severin Uebbing,47.5216,98.5262,Mongolia,False,ML643097317,P1
646341524,asrfin1,Leucosticte arctoa,ハギマシコ,4.0,1,"Bayankhongorijn Khukh Nuur, Bayanhongor, Mongolia",3 Jun 2013,Patrick Franke,47.5167,98.5122,Mongolia,False,ML646341524,P1
646341525,asrfin1,Leucosticte arctoa,ハギマシコ,3.0,1,"Bayankhongorijn Khukh Nuur, Bayanhongor, Mongolia",3 Jun 2013,Patrick Franke,47.5167,98.5122,Mongolia,False,ML646341525,P1
646341526,asrfin1,Leucosticte arctoa,ハギマシコ,3.0,1,"Bayankhongorijn Khukh Nuur, Bayanhongor, Mongolia",3 Jun 2013,Patrick Franke,47.5167,98.5122,Mongolia,False,ML646341526,P1
646341529,asrfin1,Leucosticte arctoa,ハギマシコ,3.0,1,"Bayankhongorijn Khukh Nuur, Bayanhongor, Mongolia",3 Jun 2013,Patrick Franke,47.5167,98.5122,Mongolia,False,ML646341529,P1
646341530,asrfin1,Leucosticte arctoa,ハギマシコ,3.0,1,"Bayankhongorijn Khukh Nuur, Bayanhongor, Mongolia",3 Jun 2013,Patrick Franke,47.5167,98.5122,Mongolia,False,ML646341530,P1
646341532,asrfin1,Leucosticte arctoa,ハギマシコ,3.0,1,"Bayankhongorijn Khukh Nuur, Bayanhongor, Mongolia",3 Jun 2013,Patrick Franke,47.5167,98.5122,Mongolia,False,ML646341532,P1
646341533,asrfin1,Leucosticte arctoa,ハギマシコ,3.0,1,"Bayankhongorijn Khukh Nuur, Bayanhongor, Mongolia",3 Jun 2013,Patrick Franke,47.5167,98.5122,Mongolia,False,ML646341533,P1
646341534,asrfin1,Leucosticte arctoa,ハギマシコ,3.0,1,"Bayankhongorijn Khukh Nuur, Bayanhongor, Mongolia",3 Jun 2013,Patrick Franke,47.5167,98.5122,Mongolia,False,ML646341534,P1
646341635,asrfin1,Leucosticte arctoa,ハギマシコ,3.0,1,"Bayankhongorijn Khukh Nuur, Bayanhongor, Mongolia",3 Jun 2013,Patrick Franke,47.5167,98.5122,Mongolia,False,ML646341635,P1
646341656,asrfin1,Leucosticte arctoa,ハギマシコ,4.0,1,"Bayankhongorijn Khukh Nuur, Bayanhongor, Mongolia",3 Jun 2013,Patrick Franke,47.5167,98.5122,Mongolia,False,ML646341656,P1
646342156,asrfin1,Leucosticte arctoa,ハギマシコ,4.0,1,"Bayankhongorijn Khukh Nuur, Bayanhongor, Mongolia",2 Jun 2013,Patrick Franke,47.5167,98.5122,Mongolia,False,ML646342156,P1
646342157,asrfin1,Leucosticte arctoa,ハギマシコ,4.0,1,"Bayankhongorijn Khukh Nuur, Bayanhongor, Mongolia",2 Jun 2013,Patrick Franke,47.5167,98.5122,Mongolia,False,ML646342157,P1
646342338,asrfin1,Leucosticte arctoa,ハギマシコ,4.0,1,"Bayankhongorijn Khukh Nuur, Bayanhongor, Mongolia",1 Jun 2013,Patrick Franke,47.5167,98.5122,Mongolia,False,ML646342338,P1
646342451,asrfin1,Leucosticte arctoa,ハギマシコ,3.0,1,"Bayankhongorijn Khukh Nuur, Bayanhongor, Mongolia",31 May 2013,Patrick Franke,47.5167,98.5122,Mongolia,False,ML646342451,P1
646342452,asrfin1,Leucosticte arctoa,ハギマシコ,3.0,1,"Bayankhongorijn Khukh Nuur, Bayanhongor, Mongolia",31 May 2013,Patrick Franke,47.5167,98.5122,Mongolia,False,ML646342452,P1
646342453,asrfin1,Leucosticte arctoa,ハギマシコ,4.0,1,"Bayankhongorijn Khukh Nuur, Bayanhongor, Mongolia",31 May 2013,Patrick Franke,47.5167,98.5122,Mongolia,False,ML646342453,P1
646342454,asrfin1,Leucosticte arctoa,ハギマシコ,2.0,1,"Bayankhongorijn Khukh Nuur, Bayanhongor, Mongolia",31 May 2013,Patrick Franke,47.5167,98.5122,Mongolia,False,ML646342454,P1
646342455,asrfin1,Leucosticte arctoa,ハギマシコ,4.0,1,"Bayankhongorijn Khukh Nuur, Bayanhongor, Mongolia",31 May 2013,Patrick Franke,47.5167,98.5122,Mongolia,False,ML646342455,P1
115055801,babcra1,Zapornia paykullii,コウライクイナ,2.3333333333333335,3,"汉沽滨海林地 (Hangu Coastal Woods), Tianjin, China",26 May 2018,Yan Shen,39.2435,118.0012,China,False,ML115055801,P1
175325621,babcra1,Zapornia paykullii,コウライクイナ,3.0,1,"Wudalianchi, Heihe CN-Heilong Jiang (48.7763,127.4111), Heilongjiang, China",26 Jun 2019,Alban Guillaumet,48.7763,127.4111,China,False,ML175325621,P1
203692961,babcra1,Zapornia paykullii,コウライクイナ,4.0,4,"Razdolnaya River Estuary, Primorsky Krai, Russia",5 Jun 2009,Josep del Hoyo,43.3896,131.75,Russia,True,ML203692961,P1
44671641,babcra1,Zapornia paykullii,コウライクイナ,5.0,3,"宏伟林场 (Hongwei Forest), Heilongjiang, China",8 Jun 2016,Craig Brelsford,45.6387,130.5475,China,True,ML44671641,P1
44671651,babcra1,Zapornia paykullii,コウライクイナ,0.0,0,"宏伟林场 (Hongwei Forest), Heilongjiang, China",8 Jun 2016,Craig Brelsford,45.6387,130.5475,China,True,ML44671651,P1
44671771,babcra1,Zapornia paykullii,コウライクイナ,5.0,2,"宏伟林场 (Hongwei Forest), Heilongjiang, China",9 Jun 2016,Craig Brelsford,45.6387,130.5475,China,True,ML44671771,P1
44671781,babcra1,Zapornia paykullii,コウライクイナ,4.0,1,"宏伟林场 (Hongwei Forest), Heilongjiang, China",9 Jun 2016,Craig Brelsford,45.6387,130.5475,China,True,ML44671781,P1
44671791,babcra1,Zapornia paykullii,コウライクイナ,4.75,4,"宏伟林场 (Hongwei Forest), Heilongjiang, China",9 Jun 2016,Craig Brelsford,45.6387,130.5475,China,True,ML44671791,P1
44671801,babcra1,Zapornia paykullii,コウライクイナ,4.5,2,"宏伟林场 (Hongwei Forest), Heilongjiang, China",9 Jun 2016,Craig Brelsford,45.6387,130.5475,China,True,ML44671801,P1
44671811,babcra1,Zapornia paykullii,コウライクイナ,5.0,6,"宏伟林场 (Hongwei Forest), Heilongjiang, China",9 Jun 2016,Craig Brelsford,45.6387,130.5475,China,True,ML44671811,P1
625040881,babcra1,Zapornia paykullii,コウライクイナ,3.0,1,"Неизвестная дорога, Приморский край, RU (43,137, 131,59), Primorsky Krai, Russia",27 May 2024,Сергей Кукуев,43.1367,131.5905,Russia,True,ML625040881,P1
643589071,babcra1,Zapornia paykullii,コウライクイナ,0.0,0,"怀沙河 (Huaisha River), Beijing, China",16 Oct 2025,Paul Holt,40.3454,116.5869,China,False,ML643589071,P1
647819149,babcra1,Zapornia paykullii,コウライクイナ,5.0,1,"German Tohoi, Numrug R., Dornod, MN, Dornod, Mongolia",11 Jul 2025,Batmunkh Davaasuren,47.0058,119.376,Mongolia,False,ML647819149,P1
647819150,babcra1,Zapornia paykullii,コウライクイナ,0.0,0,"German Tohoi, Numrug R., Dornod, MN, Dornod, Mongolia",11 Jul 2025,Batmunkh Davaasuren,47.0058,119.376,Mongolia,False,ML647819150,P1
647819151,babcra1,Zapornia paykullii,コウライクイナ,0.0,0,"German Tohoi, Numrug R., Dornod, MN, Dornod, Mongolia",11 Jul 2025,Batmunkh Davaasuren,47.0058,119.376,Mongolia,False,ML647819151,P1
647819152,babcra1,Zapornia paykullii,コウライクイナ,0.0,0,"German Tohoi, Numrug R., Dornod, MN, Dornod, Mongolia",11 Jul 2025,Batmunkh Davaasuren,47.0058,119.376,Mongolia,False,ML647819152,P1
647819153,babcra1,Zapornia paykullii,コウライクイナ,0.0,0,"German Tohoi, Numrug R., Dornod, MN, Dornod, Mongolia",11 Jul 2025,Batmunkh Davaasuren,47.0058,119.376,Mongolia,False,ML647819153,P1
647819154,babcra1,Zapornia paykullii,コウライクイナ,0.0,0,"German Tohoi, Numrug R., Dornod, MN, Dornod, Mongolia",11 Jul 2025,Batmunkh Davaasuren,47.0058,119.376,Mongolia,False,ML647819154,P1
647819155,babcra1,Zapornia paykullii,コウライクイナ,0.0,0,"German Tohoi, Numrug R., Dornod, MN, Dornod, Mongolia",11 Jul 2025,Batmunkh Davaasuren,47.0058,119.376,Mongolia,False,ML647819155,P1
647819156,babcra1,Zapornia paykullii,コウライクイナ,0.0,0,"German Tohoi, Numrug R., Dornod, MN, Dornod, Mongolia",11 Jul 2025,Batmunkh Davaasuren,47.0058,119.376,Mongolia,False,ML647819156,P1
647819157,babcra1,Zapornia paykullii,コウライクイナ,0.0,0,"German Tohoi, Numrug R., Dornod, MN, Dornod, Mongolia",11 Jul 2025,Batmunkh Davaasuren,47.0058,119.376,Mongolia,False,ML647819157,P1
647819158,babcra1,Zapornia paykullii,コウライクイナ,0.0,0,"German Tohoi, Numrug R., Dornod, MN, Dornod, Mongolia",11 Jul 2025,Batmunkh Davaasuren,47.0058,119.376,Mongolia,False,ML647819158,P1
231265,baitea,Sibirionetta formosa,トモエガモ,3.9,20,"Lena Delta, Sakha, Russia",30 Jun 2017,Bob McGuire,72.6933,127.3725,Russia,False,ML231265,P1
231287,baitea,Sibirionetta formosa,トモエガモ,3.35,20,"Lena Delta, Sakha, Russia",30 Jun 2017,Bob McGuire,72.6933,127.3725,Russia,False,ML231287,P1
386240941,baitea,Sibirionetta formosa,トモエガモ,1.35,20,"Shemya Island--Eareckson AS (restricted access), Aleutians West Census Area, Alaska, United States",19 Sep 2021,Zak Pohlen,52.7207,174.1123,United States,False,ML386240941,P1
477758111,baitea,Sibirionetta formosa,トモエガモ,2.55,20,"St. Paul Island, Aleutians West Census Area, Alaska, United States",22 Aug 2022,Nathan Goldberg,57.1701,-170.2968,United States,False,ML477758111,P1
63596511,baitea,Sibirionetta formosa,トモエガモ,4.3,20,"Lena Delta (72.6933,127.3725), Sakha, Russia",30 Jun 2017,Andrew Spencer,72.6933,127.3725,Russia,False,ML63596511,P1
63596811,baitea,Sibirionetta formosa,トモエガモ,3.85,20,"Lena Delta (72.6933,127.3725), Sakha, Russia",30 Jun 2017,Andrew Spencer,72.6933,127.3725,Russia,False,ML63596811,P1
101472861,banmyn1,Acridotheres ginginianus,ハイイロハッカ,3.0,6,"Paragpur jalandhar, Jalandhar, Punjab, India",22 May 2018,Sanjiv Khanna,31.2908,75.6559,India,False,ML101472861,P1
139422551,banmyn1,Acridotheres ginginianus,ハイイロハッカ,2.5,2,"Kalamb Beach, Kalamb, Nalasopara West, Nala Sopa(19.4, 72.765), Palghar, Maharashtra, India",5 Feb 2019,Pradnyavant Mane,19.4003,72.7643,India,False,ML139422551,P1
148286611,banmyn1,Acridotheres ginginianus,ハイイロハッカ,1.5,2,"Al Jimi Oasis, Abu Dhabi, United Arab Emirates",30 Mar 2019,Valentin  motteau,24.2558,55.7461,United Arab Emirates,False,ML148286611,P1
191521151,banmyn1,Acridotheres ginginianus,ハイイロハッカ,1.0,2,"Jalandhar, Punjab, IN (31.316, 75.582), Jalandhar, Punjab, India",4 Dec 2019,Sanjiv Khanna,31.3162,75.5823,India,False,ML191521151,P1
203911071,banmyn1,Acridotheres ginginianus,ハイイロハッカ,3.3333333333333335,6,"Sultanpur National Park, Gurugram, Haryana, India",7 Jul 2014,Josep del Hoyo,28.4638,76.8894,India,False,ML203911071,P1
204026001,banmyn1,Acridotheres ginginianus,ハイイロハッカ,4.2,5,"Bharatpur--Keoladeo Ghana NP, Bharatpur, Rajasthan, India",23 Jun 2017,Alok Tewari,27.1619,77.5228,India,False,ML204026001,P1
209644791,banmyn1,Acridotheres ginginianus,ハイイロハッカ,3.6666666666666665,6,"Haripur University Road, Harīpur, Khyber Pakhtunkhwa, PK (33.978, 72.913), North-West Frontier, Pakistan",2 Jan 2020,Faiza Hafeez,33.9783,72.9128,Pakistan,False,ML209644791,P1
209644801,banmyn1,Acridotheres ginginianus,ハイイロハッカ,2.5,2,"Haripur University Road, Harīpur, Khyber Pakhtunkhwa, PK (33.978, 72.913), North-West Frontier, Pakistan",2 Jan 2020,Faiza Hafeez,33.9783,72.9128,Pakistan,False,ML209644801,P1
209644811,banmyn1,Acridotheres ginginianus,ハイイロハッカ,2.5,2,"Haripur University Road, Harīpur, Khyber Pakhtunkhwa, PK (33.978, 72.913), North-West Frontier, Pakistan",2 Jan 2020,Faiza Hafeez,33.9783,72.9128,Pakistan,False,ML209644811,P1
209644821,banmyn1,Acridotheres ginginianus,ハイイロハッカ,1.0,2,"Haripur University Road, Harīpur, Khyber Pakhtunkhwa, PK (33.978, 72.913), North-West Frontier, Pakistan",2 Jan 2020,Faiza Hafeez,33.9783,72.9128,Pakistan,False,ML209644821,P1
219556431,banmyn1,Acridotheres ginginianus,ハイイロハッカ,2.5,4,"KATWISHUKA Den, Palghar, Maharashtra, India",31 Mar 2020,Ramesh Shenai,19.3387,72.8072,India,False,ML219556431,P1
219556501,banmyn1,Acridotheres ginginianus,ハイイロハッカ,2.6666666666666665,3,"KATWISHUKA Den, Palghar, Maharashtra, India",31 Mar 2020,Ramesh Shenai,19.3387,72.8072,India,False,ML219556501,P1
230110251,banmyn1,Acridotheres ginginianus,ハイイロハッカ,2.0,2,"Gurguria, West Bengal, IN (23.379, 86.426), Purulia, West Bengal, India",16 Nov 2019,Sandip Das,23.3788,86.4263,India,False,ML230110251,P1
230918911,banmyn1,Acridotheres ginginianus,ハイイロハッカ,1.0,2,"Dabolim-Bogmalo junction, South Goa, Goa, India",26 Jul 2015,Mandar  Bhagat,15.3891,73.8492,India,False,ML230918911,P1
245925061,banmyn1,Acridotheres ginginianus,ハイイロハッカ,3.3333333333333335,3,"Gan's Farm & its surrounding,CGHS Colony, Khamala, Nagpur, Nagpur, Maharashtra, India",26 Jun 2020,SHIRISH GAJARALWAR,21.1019,79.0463,India,False,ML245925061,P1
284313,banmyn1,Acridotheres ginginianus,ハイイロハッカ,2.0,2,"Jaitpur Chambal  Dhaulpur  Madhya Pradesh, Dholpur, Rajasthan, India",18 Feb 2019,Peter Boesman,26.633,77.8962,India,False,ML284313,P1
284511,banmyn1,Acridotheres ginginianus,ハイイロハッカ,3.0,3,"Keoladeo National Park  Bharatpur  Rajasthan, Bharatpur, Rajasthan, India",6 Apr 2019,Peter Boesman,27.1593,77.5232,India,False,ML284511,P1
284512,banmyn1,Acridotheres ginginianus,ハイイロハッカ,3.0,4,"Keoladeo National Park  Bharatpur  Rajasthan, Bharatpur, Rajasthan, India",6 Apr 2019,Peter Boesman,27.1593,77.5232,India,False,ML284512,P1
315867991,banmyn1,Acridotheres ginginianus,ハイイロハッカ,3.0,3,"Gharana, RS Pura, Jammu, Jammu and Kashmir, India",12 Mar 2021,Dr. Pankaj Chibber,32.5412,74.691,India,False,ML315867991,P1
318920051,banmyn1,Acridotheres ginginianus,ハイイロハッカ,3.5,2,"Binod Dighi, West Bengal, IN (24.474, 88.126), Murshidabad, West Bengal, India",14 Feb 2021,Sandip Das,24.4739,88.126,India,False,ML318920051,P1
320700731,banmyn1,Acridotheres ginginianus,ハイイロハッカ,3.0,1,"Ajban Farms--South Lake, Abu Dhabi, United Arab Emirates",26 Feb 2021,Oscar Campbell,24.5978,54.8481,United Arab Emirates,False,ML320700731,P1
323762931,banmyn1,Acridotheres ginginianus,ハイイロハッカ,1.5,2,"KATWISHUKA Den, Palghar, Maharashtra, India",3 Apr 2021,Ramesh Shenai,19.3387,72.8072,India,False,ML323762931,P1
323763921,banmyn1,Acridotheres ginginianus,ハイイロハッカ,2.0,2,"KATWISHUKA Den, Palghar, Maharashtra, India",6 Apr 2021,Ramesh Shenai,19.3387,72.8072,India,False,ML323763921,P1
385148731,banmyn1,Acridotheres ginginianus,ハイイロハッカ,1.5,2,"RVH Fields Area Raipur, Raipur, Chhattisgarh, India",4 Nov 2021,Ashok Agarwal,21.2684,81.642,India,False,ML385148731,P1
391549871,banmyn1,Acridotheres ginginianus,ハイイロハッカ,2.75,4,"Padma Charland (Kushtia), Khulna bibhag, Bangladesh",27 Nov 2021,Zaber Ansary -BirdingBD Tours,23.9493,89.2265,Bangladesh,False,ML391549871,P1
391549941,banmyn1,Acridotheres ginginianus,ハイイロハッカ,1.5,2,"Dhaka - Aricha Highway, Dhaka bibhag, Bangladesh",27 Nov 2021,Zaber Ansary -BirdingBD Tours,23.8512,89.8674,Bangladesh,False,ML391549941,P1
391647341,banmyn1,Acridotheres ginginianus,ハイイロハッカ,4.0,2,"Bally Station, West Bengal, IN (22.655, 88.34), Howrah, West Bengal, India",17 Nov 2021,Sandip Das,22.6553,88.34,India,False,ML391647341,P1
391647351,banmyn1,Acridotheres ginginianus,ハイイロハッカ,3.0,1,"Bally Station, West Bengal, IN (22.655, 88.34), Howrah, West Bengal, India",17 Nov 2021,Sandip Das,22.6553,88.34,India,False,ML391647351,P1
469848701,banmyn1,Acridotheres ginginianus,ハイイロハッカ,3.0,1,"Yamuna Khadar (Wazirabad), Central Delhi, Delhi, India",16 Jun 2022,Ramit Singal,28.7382,77.2282,India,False,ML469848701,P1
469848721,banmyn1,Acridotheres ginginianus,ハイイロハッカ,4.5,2,"Yamuna Khadar (Wazirabad), Central Delhi, Delhi, India",16 Jun 2022,Ramit Singal,28.7382,77.2282,India,False,ML469848721,P1
478997411,banmyn1,Acridotheres ginginianus,ハイイロハッカ,2.0,1,"Sahibzada Ajit Singh Nagar, Punjab, IN (30.668, 76.728), Sahibzada Ajit Singh Nagar, Punjab, India",11 Aug 2022,Ashis Kumar  Pradhan,30.6679,76.728,India,False,ML478997411,P1
481018961,banmyn1,Acridotheres ginginianus,ハイイロハッカ,3.0,2,"Kheda-Khambhat Highway, Gujarat, IN (22.468, 72.645), Anand, Gujarat, India",3 Sep 2022,Vishal Mistry,22.4679,72.6454,India,False,ML481018961,P1
481018971,banmyn1,Acridotheres ginginianus,ハイイロハッカ,2.0,2,"Kheda-Khambhat Highway, Gujarat, IN (22.468, 72.645), Anand, Gujarat, India",3 Sep 2022,Vishal Mistry,22.4679,72.6454,India,False,ML481018971,P1
490928201,banmyn1,Acridotheres ginginianus,ハイイロハッカ,3.0,2,"Jaipur International Airport, Jaipur, Rajasthan, India",14 Sep 2022,Harikrishnan C P,26.8287,75.8053,India,False,ML490928201,P1
501407101,banmyn1,Acridotheres ginginianus,ハイイロハッカ,1.5,2,"Amritsar, Punjab, IN (31.633, 74.865), Amritsar, Punjab, India",21 Oct 2022,Ravi Kavungal,31.6326,74.8652,India,False,ML501407101,P1
516133301,banmyn1,Acridotheres ginginianus,ハイイロハッカ,2.0,2,"Bakor Ali / Bakharali (Chapai Nawabganj), Rajshahi bibhag, Bangladesh",2 Mar 2022,Syed Shahnoor Inam,24.5427,88.1615,Bangladesh,False,ML516133301,P1
526503811,banmyn1,Acridotheres ginginianus,ハイイロハッカ,4.333333333333333,3,"r 55 citrus area old orchard, Ludhiana, Punjab, IN (30.896, 75.807), Ludhiana, Punjab, India",19 Jan 2023,MANOJ KUMAR MK1,30.8963,75.807,India,False,ML526503811,P1
526508671,banmyn1,Acridotheres ginginianus,ハイイロハッカ,3.5,2,"r 52 paddy 2 / Ludhiana, Punjab, IN (30.896, 75.803), Ludhiana, Punjab, India",21 Jan 2023,MANOJ KUMAR MK1,30.8962,75.8032,India,False,ML526508671,P1
526826011,banmyn1,Acridotheres ginginianus,ハイイロハッカ,3.0,3,"r 55 citrus area old orchard, Ludhiana, Punjab, IN (30.896, 75.807), Ludhiana, Punjab, India",21 Jan 2023,MANOJ KUMAR MK1,30.8963,75.807,India,False,ML526826011,P1
526826731,banmyn1,Acridotheres ginginianus,ハイイロハッカ,2.3333333333333335,3,"R 33 Paddy Field Area, Pau, Ludhiana, Punjab, IN (30.897, 75.803), Ludhiana, Punjab, India",20 Jan 2023,MANOJ KUMAR MK1,30.8969,75.8031,India,False,ML526826731,P1
537332031,banmyn1,Acridotheres ginginianus,ハイイロハッカ,3.0,2,"sardar Vallabhbhai Patel statue, Vaso, Gujarat, IN (22.66, 72.757), Kheda, Gujarat, India",20 Feb 2023,Vishal Mistry,22.66,72.7572,India,False,ML537332031,P1
573492501,banmyn1,Acridotheres ginginianus,ハイイロハッカ,3.6666666666666665,3,"Unnamed Road, Gajraura, Uttar Pradesh, IN (28.489, 80.568), Lakhimpur Kheri, Uttar Pradesh, India",10 Apr 2023,Sahana M,28.4887,80.568,India,False,ML573492501,P1
604845321,banmyn1,Acridotheres ginginianus,ハイイロハッカ,5.0,2,"R7-meterology Area-P A U, Ludhiana, Punjab, IN (30.898, 75.801), Ludhiana, Punjab, India",6 Aug 2023,MANOJ KUMAR MK1,30.8979,75.8008,India,False,ML604845321,P1
604845331,banmyn1,Acridotheres ginginianus,ハイイロハッカ,4.0,2,"R7-meterology Area-P A U, Ludhiana, Punjab, IN (30.898, 75.801), Ludhiana, Punjab, India",6 Aug 2023,MANOJ KUMAR MK1,30.8979,75.8008,India,False,ML604845331,P1
609064202,banmyn1,Acridotheres ginginianus,ハイイロハッカ,1.0,2,"Uttar Pradesh; Chambal Safari Lodge, Agra, Uttar Pradesh, India",2 Jan 2010,Pam Rasmussen,26.8714,78.5634,India,False,ML609064202,P1
609064203,banmyn1,Acridotheres ginginianus,ハイイロハッカ,5.0,2,"Uttar Pradesh; Chambal Safari Lodge, Agra, Uttar Pradesh, India",2 Jan 2010,Pam Rasmussen,26.8714,78.5634,India,False,ML609064203,P1
609064204,banmyn1,Acridotheres ginginianus,ハイイロハッカ,4.0,2,"Chambal Safari Lodge, Agra, Uttar Pradesh, India",2 Jan 2010,Pam Rasmussen,26.8722,78.564,India,False,ML609064204,P1
612916814,banmyn1,Acridotheres ginginianus,ハイイロハッカ,3.0,2,"Merces, Near Suruchi beach, Palghar, Maharashtra, India",1 Jan 2024,Ramesh Shenai,19.3555,72.7848,India,False,ML612916814,P1
619217494,banmyn1,Acridotheres ginginianus,ハイイロハッカ,3.5,2,"R 33 Paddy Field Area, Pau, Ludhiana, Punjab, IN (30.897, 75.803), Ludhiana, Punjab, India",10 Apr 2024,MANOJ KUMAR MK1,30.8969,75.8031,India,False,ML619217494,P1
619217638,banmyn1,Acridotheres ginginianus,ハイイロハッカ,3.0,2,"r 55 citrus area old orchard, Ludhiana, Punjab, IN (30.896, 75.807), Ludhiana, Punjab, India",20 Apr 2024,MANOJ KUMAR MK1,30.8963,75.807,India,False,ML619217638,P1
619558776,banmyn1,Acridotheres ginginianus,ハイイロハッカ,3.6666666666666665,3,"r 55 citrus area old orchard, Ludhiana, Punjab, IN (30.896, 75.807), Ludhiana, Punjab, India",23 May 2024,MANOJ KUMAR MK1,30.8963,75.807,India,False,ML619558776,P1
619558777,banmyn1,Acridotheres ginginianus,ハイイロハッカ,3.5,2,"r 55 citrus area old orchard, Ludhiana, Punjab, IN (30.896, 75.807), Ludhiana, Punjab, India",23 May 2024,MANOJ KUMAR MK1,30.8963,75.807,India,False,ML619558777,P1
620402574,banmyn1,Acridotheres ginginianus,ハイイロハッカ,4.0,2,"Kaziranga NP & Surroundings--Burapahar Range (Ghorakati), Nagaon, Assam, India",11 Apr 2024,Zsombor Károlyi,26.5808,93.1813,India,False,ML620402574,P1
627939419,banmyn1,Acridotheres ginginianus,ハイイロハッカ,4.0,2,"Panchanandapur, Birodhi, West Bengal, IN (24.959, 87.981), Malda, West Bengal, India",3 Mar 2024,Sandip Das,24.9595,87.9809,India,False,ML627939419,P1
632737077,banmyn1,Acridotheres ginginianus,ハイイロハッカ,3.3333333333333335,3,"Sangam Ghat Prayagraj, Uttar Pradesh, IN, Prayagraj, Uttar Pradesh, India",23 Mar 2025,Dr Bipasha David,25.4208,81.8832,India,False,ML632737077,P1
632737086,banmyn1,Acridotheres ginginianus,ハイイロハッカ,2.5,2,"Sangam Ghat Prayagraj, Uttar Pradesh, IN, Prayagraj, Uttar Pradesh, India",23 Mar 2025,Dr Bipasha David,25.4208,81.8832,India,False,ML632737086,P1
635622902,banmyn1,Acridotheres ginginianus,ハイイロハッカ,2.0,1,"Sparrow Homestay, Panna, Madhya Pradesh, India",9 Dec 2024,Vyom Vyas,24.7377,80.0191,India,False,ML635622902,P1
636232305,banmyn1,Acridotheres ginginianus,ハイイロハッカ,0.0,0,"Haridwar, Uttarakhand, IN (29.936, 77.956), Near Law College, Haridwar, Uttarakhand, India",21 May 2025,Anand Singh,29.9363,77.9556,India,False,ML636232305,P1
636281680,banmyn1,Acridotheres ginginianus,ハイイロハッカ,4.0,1,"Madhya Pradesh State Highway 22, Tewar, Madhya Pradesh, IN (23.155, 79.837), Jabalpur, Madhya Pradesh, India",22 May 2025,Jagdish Jatiya,23.1549,79.8373,India,False,ML636281680,P1
636281682,banmyn1,Acridotheres ginginianus,ハイイロハッカ,0.0,0,"Madhya Pradesh State Highway 22, Tewar, Madhya Pradesh, IN (23.155, 79.837), Jabalpur, Madhya Pradesh, India",22 May 2025,Jagdish Jatiya,23.1549,79.8373,India,False,ML636281682,P1
636281683,banmyn1,Acridotheres ginginianus,ハイイロハッカ,2.0,1,"Madhya Pradesh State Highway 22, Tewar, Madhya Pradesh, IN (23.155, 79.837), Jabalpur, Madhya Pradesh, India",22 May 2025,Jagdish Jatiya,23.1549,79.8373,India,False,ML636281683,P1
636281684,banmyn1,Acridotheres ginginianus,ハイイロハッカ,0.0,0,"Madhya Pradesh State Highway 22, Tewar, Madhya Pradesh, IN (23.155, 79.837), Jabalpur, Madhya Pradesh, India",22 May 2025,Jagdish Jatiya,23.1549,79.8373,India,False,ML636281684,P1
637577852,banmyn1,Acridotheres ginginianus,ハイイロハッカ,4.0,1,"Okhla Bird Sanctuary, Gautam Buddha Nagar, Uttar Pradesh, India",15 Jun 2025,Bhargav P,28.5669,77.3064,India,False,ML637577852,P1
63830951,banmyn1,Acridotheres ginginianus,ハイイロハッカ,3.1666666666666665,6,"State Agricultural Research Institute Campus, Jaipur, Rajasthan, India",24 Jun 2017,Sreekumar Chirukandoth,26.8428,75.7917,India,False,ML63830951,P1
638311747,banmyn1,Acridotheres ginginianus,ハイイロハッカ,5.0,1,"Arail, Prayagraj, Uttar Pradesh, India",29 Jun 2025,Dr Bipasha David,25.4098,81.8901,India,False,ML638311747,P1
638311749,banmyn1,Acridotheres ginginianus,ハイイロハッカ,5.0,1,"Arail, Prayagraj, Uttar Pradesh, India",29 Jun 2025,Dr Bipasha David,25.4098,81.8901,India,False,ML638311749,P1
638311751,banmyn1,Acridotheres ginginianus,ハイイロハッカ,5.0,1,"Arail, Prayagraj, Uttar Pradesh, India",29 Jun 2025,Dr Bipasha David,25.4098,81.8901,India,False,ML638311751,P1
638320811,banmyn1,Acridotheres ginginianus,ハイイロハッカ,1.0,1,"Hazrat Nizamuddin Railway Station, South East Delhi, Delhi, India",29 Jun 2025,Samish Dhongle,28.5888,77.2539,India,False,ML638320811,P1
640146187,banmyn1,Acridotheres ginginianus,ハイイロハッカ,2.0,1,"Sector 18, Yamuna Expressway Industrial Development Area IN-Uttar Pradesh (28.3412,77.5803), Gautam Buddha Nagar, Uttar Pradesh, India",22 Jul 2025,Peter Boesman,28.3412,77.5803,India,False,ML640146187,P1
640146196,banmyn1,Acridotheres ginginianus,ハイイロハッカ,2.0,1,"Sector 18, Yamuna Expressway Industrial Development Area IN-Uttar Pradesh (28.3412,77.5803), Gautam Buddha Nagar, Uttar Pradesh, India",22 Jul 2025,Peter Boesman,28.3412,77.5803,India,False,ML640146196,P1
103525561,barbut1,Turnix suscitator,ミフウズラ,2.8333333333333335,6,"Herga, Udupi, Karnataka, India",13 Sep 2017,Ramit Singal,13.3721,74.7928,India,False,ML103525561,P1
107151831,barbut1,Turnix suscitator,ミフウズラ,2.5,6,"Hampi ಹಂಪಿ, Ballari, Karnataka, India",11 Jul 2018,Ramit Singal,15.3364,76.4605,India,False,ML107151831,P1
157039901,barbut1,Turnix suscitator,ミフウズラ,4.0,7,"Unnamed Road, 內埔鄉, TW (22.65, 120.566), Pingtung County, Taiwan",5 May 2019,Jhih-Wei (志偉) TSAI (蔡),22.6499,120.5657,Taiwan,False,ML157039901,P1
162473321,barbut1,Turnix suscitator,ミフウズラ,3.2,5,"Mysore City Bird Atlas 29A South of Water Tank RT Nagar, Mysuru, Karnataka, India",1 Jun 2019,Sahana M,12.268,76.588,India,False,ML162473321,P1
169482701,barbut1,Turnix suscitator,ミフウズラ,1.4,5,"Saladi Tank, Amreli, Gujarat, India",24 Jul 2019,viral joshi,21.5758,71.3249,India,False,ML169482701,P1
195541441,barbut1,Turnix suscitator,ミフウズラ,2.75,4,"Rishi Valley--School Campus, Chittoor, Andhra Pradesh, India",27 Dec 2019,viral joshi,13.6328,78.4527,India,False,ML195541441,P1
244900301,barbut1,Turnix suscitator,ミフウズラ,3.6666666666666665,3,"Muddahalli, Nanjangud Taluka ಮುದ್ದಹಳ್ಳಿ, Mysuru, Karnataka, India",22 Jun 2020,Vijaya Lakshmi,12.046,76.668,India,False,ML244900301,P1
246984121,barbut1,Turnix suscitator,ミフウズラ,3.0,3,"Muddahalli, Nanjangud Taluka ಮುದ್ದಹಳ್ಳಿ, Mysuru, Karnataka, India",2 Jul 2020,Vijaya Lakshmi,12.046,76.668,India,False,ML246984121,P1
248361461,barbut1,Turnix suscitator,ミフウズラ,3.6,5,"Muddahalli, Nanjangud Taluka ಮುದ್ದಹಳ್ಳಿ, Mysuru, Karnataka, India",9 Jul 2020,Vijaya Lakshmi,12.046,76.668,India,False,ML248361461,P1
248942131,barbut1,Turnix suscitator,ミフウズラ,3.0,3,"Dandoba Hills, Sangli, Maharashtra, India",9 Jun 2015,Sharad Apte,16.9273,74.7472,India,False,ML248942131,P1
248943181,barbut1,Turnix suscitator,ミフウズラ,4.25,4,"Sagareshwar WLS, Sangli, Maharashtra, India",7 Aug 2005,Sharad Apte,17.1456,74.3672,India,False,ML248943181,P1
249156271,barbut1,Turnix suscitator,ミフウズラ,3.6,5,"Wolf conservation reserve, Atpadi, Sangli, Maharashtra, India",23 Aug 1998,Sharad Apte,17.401,74.9058,India,False,ML249156271,P1
249157041,barbut1,Turnix suscitator,ミフウズラ,2.6666666666666665,3,"Salim Ali Centre for Ornithology and Natural History (SACON), Coimbatore, Tamil Nadu, India",25 Nov 2013,Sharad Apte,11.0925,76.7866,India,False,ML249157041,P1
249158281,barbut1,Turnix suscitator,ミフウズラ,2.6666666666666665,3,"Salim Ali Centre for Ornithology and Natural History (SACON), Coimbatore, Tamil Nadu, India",25 Nov 2013,Sharad Apte,11.0925,76.7866,India,False,ML249158281,P1
254926671,barbut1,Turnix suscitator,ミフウズラ,1.3333333333333333,3,"Sakri To Velhale Lake,  Maharashtra, IN (21.022, 75.86), Jalgaon, Maharashtra, India",11 Aug 2020,Lakshmikant Neve,21.0224,75.8601,India,False,ML254926671,P1
254926751,barbut1,Turnix suscitator,ミフウズラ,1.0,3,"Sakri To Velhale Lake,  Maharashtra, IN (21.022, 75.86), Jalgaon, Maharashtra, India",11 Aug 2020,Lakshmikant Neve,21.0224,75.8601,India,False,ML254926751,P1
260030581,barbut1,Turnix suscitator,ミフウズラ,3.0,3,"Saladi Tank, Amreli, Gujarat, India",3 Sep 2020,viral joshi,21.5758,71.3249,India,False,ML260030581,P1
260030591,barbut1,Turnix suscitator,ミフウズラ,1.6666666666666667,3,"Saladi Tank, Amreli, Gujarat, India",3 Sep 2020,viral joshi,21.5758,71.3249,India,False,ML260030591,P1
268079021,barbut1,Turnix suscitator,ミフウズラ,4.4,5,"Near Devisar Thorn Forest area, Kachchh, Gujarat, India",5 Sep 2019,Roozbeh Gazdar,23.4071,69.3503,India,False,ML268079021,P1
282311,barbut1,Turnix suscitator,ミフウズラ,2.6666666666666665,3,"Uda Walawe NP, Thanamalvila, Monaragala, Sri Lanka",28 Mar 2016,Peter Boesman,6.4891,80.8658,Sri Lanka,False,ML282311,P1
282313,barbut1,Turnix suscitator,ミフウズラ,3.0,3,"Uda Walawe NP, Thanamalvila, Monaragala, Sri Lanka",28 Mar 2016,Peter Boesman,6.4891,80.8658,Sri Lanka,False,ML282313,P1
283359,barbut1,Turnix suscitator,ミフウズラ,3.5,4,"Mysore-Ooty Rooad, The Nilgiris County, Tamil Nadu, The Nilgiris, Tamil Nadu, India",18 Apr 2017,Peter Boesman,11.552,76.65,India,False,ML283359,P1
339767981,barbut1,Turnix suscitator,ミフウズラ,3.0,3,"Chalad Rakhang Reservoir, Tak, Thailand",18 May 2021,Jens Toettrup,17.0715,99.3584,Thailand,False,ML339767981,P1
347085731,barbut1,Turnix suscitator,ミフウズラ,1.3333333333333333,3,"Manas NP--Bhuyanpara (Eastern Range), Baksa, Assam, India",1 Jun 2021,Jaydev Mandal,26.761,91.2182,India,False,ML347085731,P1
354516431,barbut1,Turnix suscitator,ミフウズラ,4.5,6,"Viramgam, Ahmedabad IN-GJ (22.8835,72.0689), Ahmedabad, Gujarat, India",14 Jul 2021,Esha Munshi,22.8835,72.0689,India,False,ML354516431,P1
357432741,barbut1,Turnix suscitator,ミフウズラ,2.6666666666666665,3,"Stanley Reservoir--Pannavadi, Mettur, Salem, Tamil Nadu, India",17 Jul 2021,Venkatesh S,11.8989,77.7701,India,False,ML357432741,P1
358482781,barbut1,Turnix suscitator,ミフウズラ,3.3333333333333335,3,"Viramgam, Ahmedabad IN-GJ 22.87666, 72.06131, Ahmedabad, Gujarat, India",28 Jul 2021,Esha Munshi,22.8767,72.0613,India,False,ML358482781,P1
358482811,barbut1,Turnix suscitator,ミフウズラ,2.6666666666666665,3,"Viramgam, Ahmedabad IN-GJ 22.87666, 72.06131, Ahmedabad, Gujarat, India",28 Jul 2021,Esha Munshi,22.8767,72.0613,India,False,ML358482811,P1
360908241,barbut1,Turnix suscitator,ミフウズラ,2.6666666666666665,3,"Bena, Near Suruchi Beach, Palghar, Maharashtra, India",13 Aug 2021,Ramesh Shenai,19.3469,72.7909,India,False,ML360908241,P1
363361171,barbut1,Turnix suscitator,ミフウズラ,4.0,2,"Jambughoda WLS, Chhota Udaipur, Gujarat, India",22 Aug 2021,Esha Munshi,22.3507,73.6688,India,False,ML363361171,P1
363892551,barbut1,Turnix suscitator,ミフウズラ,2.5,2,"Bena, Near Suruchi Beach, Palghar, Maharashtra, India",25 Aug 2021,Pradnyavant Mane,19.3469,72.7909,India,False,ML363892551,P1
364065781,barbut1,Turnix suscitator,ミフウズラ,2.5,2,"Khargar Hills, Raigad, Maharashtra, India",26 Aug 2021,Tarang Sarin,19.0538,73.0495,India,False,ML364065781,P1
371281381,barbut1,Turnix suscitator,ミフウズラ,3.3333333333333335,3,"Rawalpir Dargah Thorn Forest, Kachchh, Gujarat, India",5 Sep 2021,Esha Munshi,23.416,69.3724,India,False,ML371281381,P1
371281431,barbut1,Turnix suscitator,ミフウズラ,4.333333333333333,6,"Rawalpir Dargah Thorn Forest, Kachchh, Gujarat, India",5 Sep 2021,Esha Munshi,23.416,69.3724,India,False,ML371281431,P1
371281441,barbut1,Turnix suscitator,ミフウズラ,4.0,4,"Rawalpir Dargah Thorn Forest, Kachchh, Gujarat, India",5 Sep 2021,Esha Munshi,23.416,69.3724,India,False,ML371281441,P1
371811921,barbut1,Turnix suscitator,ミフウズラ,4.5,8,"Ariyitupara - Pothamkandam, Kasaragod, Kerala, India",23 Sep 2021,sreekanth c,12.2506,75.2788,India,False,ML371811921,P1
371821151,barbut1,Turnix suscitator,ミフウズラ,3.5,2,"Ariyitupara - Pothamkandam, Kasaragod, Kerala, India",23 Sep 2021,sreekanth c,12.2506,75.2788,India,False,ML371821151,P1
372644031,barbut1,Turnix suscitator,ミフウズラ,2.3333333333333335,3,"Mysore City Bird Atlas 29A South of Water Tank RT Nagar, Mysuru, Karnataka, India",24 Sep 2021,Sahana M,12.268,76.588,India,False,ML372644031,P1
381911031,barbut1,Turnix suscitator,ミフウズラ,3.0,2,"GKVK Campus, Bengaluru Urban, Karnataka, India",23 Oct 2021,Ronith Urs,13.0857,77.5713,India,False,ML381911031,P1
381911981,barbut1,Turnix suscitator,ミフウズラ,3.0,2,"GKVK Campus, Bengaluru Urban, Karnataka, India",23 Oct 2021,Ronith Urs,13.0857,77.5713,India,False,ML381911981,P1
38738011,barbut1,Turnix suscitator,ミフウズラ,1.8181818181818181,11,"嘉義--大埔茄苳腳(Chiayi--Dapu Qiedongjiao), Chiayi County, Taiwan",25 Aug 2016,Lee-Lien WANG,23.291,120.5822,Taiwan,False,ML38738011,P1
406835401,barbut1,Turnix suscitator,ミフウズラ,3.0,2,"Cherad Area, Malampuzha, Palakkad, Kerala, India",12 Jan 2022,Novelkumar M S,10.8303,76.6661,India,False,ML406835401,P1
442446021,barbut1,Turnix suscitator,ミフウズラ,4.5,2,"Alapar, Gujarat, IN (21.572, 72.255), Bhavnagar, Gujarat, India",1 May 2022,Kandarp  Andharia,21.572,72.2548,India,False,ML442446021,P1
451121201,barbut1,Turnix suscitator,ミフウズラ,4.25,4,"Ariyittapaara, Pothamkandam Kerala, IN (12.248, 75.282), Kasaragod, Kerala, India",20 May 2022,sreekanth c,12.2479,75.2818,India,False,ML451121201,P1
451812601,barbut1,Turnix suscitator,ミフウズラ,1.0,2,"O2 Zone Adventure Camp, West Bengal, IN (23.264, 86.241), Purulia, West Bengal, India",14 May 2022,Sandip Das,23.2644,86.2406,India,False,ML451812601,P1
460722491,barbut1,Turnix suscitator,ミフウズラ,1.5,2,"Hinauta Village Guest House, IN (24.646, 80.026), Panna, Madhya Pradesh, India",12 Jun 2022,Sahana M,24.6462,80.0262,India,False,ML460722491,P1
466537841,barbut1,Turnix suscitator,ミフウズラ,4.0,3,"ZWGO_40, Tainan City, Taiwan",10 Jul 2022,Lee-Lien WANG,23.081,120.1116,Taiwan,False,ML466537841,P1
468962251,barbut1,Turnix suscitator,ミフウズラ,3.0,1,"Muddahalli, Nanjangud Taluka ಮುದ್ದಹಳ್ಳಿ, Mysuru, Karnataka, India",20 Jul 2022,Vijaya Lakshmi,12.046,76.668,India,False,ML468962251,P1
469263641,barbut1,Turnix suscitator,ミフウズラ,3.0,2,"Viramgam, Ahmedabad IN-GJ 22.86862, 72.05497, Ahmedabad, Gujarat, India",22 Jul 2022,Esha Munshi,22.8686,72.055,India,False,ML469263641,P1
469263651,barbut1,Turnix suscitator,ミフウズラ,4.0,3,"Viramgam, Ahmedabad IN-GJ 22.86862, 72.05497, Ahmedabad, Gujarat, India",22 Jul 2022,Esha Munshi,22.8686,72.055,India,False,ML469263651,P1
469263661,barbut1,Turnix suscitator,ミフウズラ,3.0,2,"Viramgam, Ahmedabad IN-GJ 22.86862, 72.05497, Ahmedabad, Gujarat, India",22 Jul 2022,Esha Munshi,22.8686,72.055,India,False,ML469263661,P1
469263671,barbut1,Turnix suscitator,ミフウズラ,5.0,2,"Viramgam, Ahmedabad IN-GJ 22.86862, 72.05497, Ahmedabad, Gujarat, India",22 Jul 2022,Esha Munshi,22.8686,72.055,India,False,ML469263671,P1
469263681,barbut1,Turnix suscitator,ミフウズラ,5.0,2,"Viramgam, Ahmedabad IN-GJ 22.86862, 72.05497, Ahmedabad, Gujarat, India",22 Jul 2022,Esha Munshi,22.8686,72.055,India,False,ML469263681,P1
469263691,barbut1,Turnix suscitator,ミフウズラ,5.0,2,"Viramgam, Ahmedabad IN-GJ 22.86862, 72.05497, Ahmedabad, Gujarat, India",22 Jul 2022,Esha Munshi,22.8686,72.055,India,False,ML469263691,P1
471184691,barbut1,Turnix suscitator,ミフウズラ,2.0,1,"GKVK Campus, Bengaluru Urban, Karnataka, India",30 Jul 2022,Munish Gowda,13.0857,77.5713,India,False,ML471184691,P1
471187581,barbut1,Turnix suscitator,ミフウズラ,3.0,1,"Arabithittu Wildlife Sanctuary    ಅರಬಿತಿಟ್ಟು ವನ್ಯಜೀವಿ ಧಾಮ, Mysuru, Karnataka, India",29 Jul 2022,Sahana M,12.333,76.3838,India,False,ML471187581,P1
471744101,barbut1,Turnix suscitator,ミフウズラ,3.0,1,"Ghuma Road, Ahmedabad IN-GJ 23.00194, 72.44101, Ahmedabad, Gujarat, India",1 Aug 2022,Esha Munshi,23.0019,72.441,India,False,ML471744101,P1
471744111,barbut1,Turnix suscitator,ミフウズラ,3.0,1,"Ghuma Road, Ahmedabad IN-GJ 23.00194, 72.44101, Ahmedabad, Gujarat, India",1 Aug 2022,Esha Munshi,23.0019,72.441,India,False,ML471744111,P1
471744121,barbut1,Turnix suscitator,ミフウズラ,3.0,1,"Ghuma Road, Ahmedabad IN-GJ 23.00194, 72.44101, Ahmedabad, Gujarat, India",1 Aug 2022,Esha Munshi,23.0019,72.441,India,False,ML471744121,P1
471744131,barbut1,Turnix suscitator,ミフウズラ,3.0,1,"Ghuma Road, Ahmedabad IN-GJ 23.00194, 72.44101, Ahmedabad, Gujarat, India",1 Aug 2022,Esha Munshi,23.0019,72.441,India,False,ML471744131,P1
471744141,barbut1,Turnix suscitator,ミフウズラ,3.0,1,"Ghuma Road, Ahmedabad IN-GJ 23.00194, 72.44101, Ahmedabad, Gujarat, India",1 Aug 2022,Esha Munshi,23.0019,72.441,India,False,ML471744141,P1
471744151,barbut1,Turnix suscitator,ミフウズラ,3.0,1,"Ghuma Road, Ahmedabad IN-GJ 23.00194, 72.44101, Ahmedabad, Gujarat, India",1 Aug 2022,Esha Munshi,23.0019,72.441,India,False,ML471744151,P1
474866721,barbut1,Turnix suscitator,ミフウズラ,3.0,1,"Vaso Railway Station, Rampur, Gujarat, IN (22.659, 72.764), Kheda, Gujarat, India",10 Aug 2022,Vishal Mistry,22.6594,72.7644,India,False,ML474866721,P1
474866731,barbut1,Turnix suscitator,ミフウズラ,2.0,1,"Vaso Railway Station, Rampur, Gujarat, IN (22.659, 72.764), Kheda, Gujarat, India",10 Aug 2022,Vishal Mistry,22.6594,72.7644,India,False,ML474866731,P1
475991411,barbut1,Turnix suscitator,ミフウズラ,5.0,1,"Vaso Railway Station, Rampur, Gujarat, IN (22.659, 72.764), Kheda, Gujarat, India",17 Aug 2022,Vishal Mistry,22.6594,72.7644,India,False,ML475991411,P1
475991421,barbut1,Turnix suscitator,ミフウズラ,1.0,1,"Vaso Railway Station, Rampur, Gujarat, IN (22.659, 72.764), Kheda, Gujarat, India",17 Aug 2022,Vishal Mistry,22.6594,72.7644,India,False,ML475991421,P1
477295811,barbut1,Turnix suscitator,ミフウズラ,3.0,1,"Bhusawal Thermal Power Station (BPTS)--Wetland, Jalgaon, Maharashtra, India",26 Jul 2022,Lakshmikant Neve,21.0475,75.8389,India,False,ML477295811,P1
477935681,barbut1,Turnix suscitator,ミフウズラ,2.0,1,"Bhusawal Thermal Power Station (BPTS)--Wetland, Jalgaon, Maharashtra, India",24 Aug 2022,Lakshmikant Neve,21.0475,75.8389,India,False,ML477935681,P1
478340511,barbut1,Turnix suscitator,ミフウズラ,3.0,1,"Arabithittu Wildlife Sanctuary    ಅರಬಿತಿಟ್ಟು ವನ್ಯಜೀವಿ ಧಾಮ, Mysuru, Karnataka, India",16 Aug 2022,Sahana M,12.333,76.3838,India,False,ML478340511,P1
478352991,barbut1,Turnix suscitator,ミフウズラ,4.0,2,"Arabithittu Wildlife Sanctuary    ಅರಬಿತಿಟ್ಟು ವನ್ಯಜೀವಿ ಧಾಮ, Mysuru, Karnataka, India",16 Aug 2022,Sahana M,12.333,76.3838,India,False,ML478352991,P1
478423411,barbut1,Turnix suscitator,ミフウズラ,2.0,1,"Shela Tank, Ahmedabad, Gujarat, India",25 Aug 2022,Shashikiran Ganesh,23.0109,72.443,India,False,ML478423411,P1
479961601,barbut1,Turnix suscitator,ミフウズラ,5.0,2,"Halalu- Terrestrial-Mixed Habitat-PMP1, Mysuru, Karnataka, India",31 Aug 2022,Sahana M,12.2416,76.5989,India,False,ML479961601,P1
484045311,barbut1,Turnix suscitator,ミフウズラ,3.0,1,"Passage Migrant Count - survey point T8P9, Kachchh, Gujarat, India",11 Sep 2022,Sudip Simha,23.5839,68.8778,India,False,ML484045311,P1
484045321,barbut1,Turnix suscitator,ミフウズラ,2.0,1,"Passage Migrant Count - survey point T8P9, Kachchh, Gujarat, India",11 Sep 2022,Sudip Simha,23.5839,68.8778,India,False,ML484045321,P1
484045331,barbut1,Turnix suscitator,ミフウズラ,4.0,1,"Passage Migrant Count - survey point T8P9, Kachchh, Gujarat, India",11 Sep 2022,Sudip Simha,23.5839,68.8778,India,False,ML484045331,P1
484045341,barbut1,Turnix suscitator,ミフウズラ,4.0,2,"Passage Migrant Count - survey point T8P9, Kachchh, Gujarat, India",11 Sep 2022,Sudip Simha,23.5839,68.8778,India,False,ML484045341,P1
484045351,barbut1,Turnix suscitator,ミフウズラ,3.0,1,"Passage Migrant Count - survey point T8P9, Kachchh, Gujarat, India",11 Sep 2022,Sudip Simha,23.5839,68.8778,India,False,ML484045351,P1
484302721,barbut1,Turnix suscitator,ミフウズラ,4.0,1,"Fot Mahadev Scrub Forest, Kachchh, Gujarat, India",6 Sep 2022,Sudip Simha,23.2443,69.2015,India,False,ML484302721,P1
484302731,barbut1,Turnix suscitator,ミフウズラ,1.0,1,"Fot Mahadev Scrub Forest, Kachchh, Gujarat, India",6 Sep 2022,Sudip Simha,23.2443,69.2015,India,False,ML484302731,P1
485164941,barbut1,Turnix suscitator,ミフウズラ,4.0,1,"Passage Migrant Count - Survey point T21P4, Kachchh, Gujarat, India",10 Sep 2022,Arulvelan Thillainayagam,23.2096,69.0101,India,False,ML485164941,P1
485511981,barbut1,Turnix suscitator,ミフウズラ,3.0,1,"Passage Migrant Count - Survey point T21P6, Kachchh, Gujarat, India",10 Sep 2022,Arulvelan Thillainayagam,23.3096,69.0949,India,False,ML485511981,P1
485610091,barbut1,Turnix suscitator,ミフウズラ,3.3333333333333335,3,"Passage Migrant Count - survey point T24P9, Kachchh, Gujarat, India",10 Sep 2022,Harsh Kalavadiya,23.5172,69.4098,India,False,ML485610091,P1
486112381,barbut1,Turnix suscitator,ミフウズラ,2.0,2,"Passage Migrant Count - Survey point T21P7, Kachchh, Gujarat, India",11 Sep 2022,Arulvelan Thillainayagam,23.2973,69.1262,India,False,ML486112381,P1
486112391,barbut1,Turnix suscitator,ミフウズラ,4.0,1,"Passage Migrant Count - Survey point T21P7, Kachchh, Gujarat, India",11 Sep 2022,Arulvelan Thillainayagam,23.2973,69.1262,India,False,ML486112391,P1
486367531,barbut1,Turnix suscitator,ミフウズラ,4.0,3,"Patwad Kotha, Junagadh, Gujarat, India",17 Sep 2022,Ankit Shukla,21.5379,70.5956,India,False,ML486367531,P1
487275841,barbut1,Turnix suscitator,ミフウズラ,3.5,2,"Khatpewadi, Pune, Maharashtra, India",25 Sep 2022,Abhijit Ghaskadbi,18.4788,73.7169,India,False,ML487275841,P1
490223391,barbut1,Turnix suscitator,ミフウズラ,3.0,2,"Dhinodhar Hill, Kachchh, Gujarat, India",12 Sep 2022,Arulvelan Thillainayagam,23.4507,69.3349,India,False,ML490223391,P1
492366311,barbut1,Turnix suscitator,ミフウズラ,3.5,2,"Ariyittapaara, Pothamkandam Kerala, IN (12.248, 75.282), Kasaragod, Kerala, India",5 Oct 2022,sreekanth c,12.2479,75.2818,India,False,ML492366311,P1
526863711,barbut1,Turnix suscitator,ミフウズラ,5.0,2,"Jambukandi Road, Anaikatti North R.F, Tamil Nadu, IN (11.111, 76.795), Coimbatore, Tamil Nadu, India",21 Jan 2023,Harikrishnan C P,11.1105,76.7951,India,False,ML526863711,P1
550924981,barbut1,Turnix suscitator,ミフウズラ,1.0,1,"Kishanpura (Machal) Wetland, Indore, Indore, Madhya Pradesh, India",19 Mar 2023,Amod Gawarikar,22.6676,75.652,India,False,ML550924981,P1
552021941,barbut1,Turnix suscitator,ミフウズラ,2.0,1,"月宮橋西方田區, Hualien County, Taiwan",1 Apr 2023,Sheng Wun Jheng,23.8435,121.5359,Taiwan,False,ML552021941,P1
560604451,barbut1,Turnix suscitator,ミフウズラ,2.0,1,"Bena, Near Suruchi Beach, Palghar, Maharashtra, India",17 Apr 2023,Ramesh Shenai,19.3469,72.7909,India,False,ML560604451,P1
562603891,barbut1,Turnix suscitator,ミフウズラ,2.0,1,"Bena, Near Suruchi Beach, Palghar, Maharashtra, India",25 Apr 2023,Ramesh Shenai,19.3469,72.7909,India,False,ML562603891,P1
562603921,barbut1,Turnix suscitator,ミフウズラ,2.6666666666666665,3,"Bena, Near Suruchi Beach, Palghar, Maharashtra, India",25 Apr 2023,Ramesh Shenai,19.3469,72.7909,India,False,ML562603921,P1
570626741,barbut1,Turnix suscitator,ミフウズラ,1.0,2,"Lundag Road, Guindulman, Central Visayas, PH (9,736, 124,524), Bohol, Philippines",12 May 2023,Paul Lenrumé,9.7361,124.5242,Philippines,False,ML570626741,P1
587466641,barbut1,Turnix suscitator,ミフウズラ,4.0,2,"鳳林光電發電廠預定地東北側林地, Hualien County, Taiwan",23 Jun 2023,Sheng Wun Jheng,23.7898,121.5139,Taiwan,False,ML587466641,P1
587740891,barbut1,Turnix suscitator,ミフウズラ,4.0,1,"Sonai, Nameri, Assam, Sonitpur, Assam, India",29 Apr 2023,Sahana M,26.8838,92.8074,India,False,ML587740891,P1
587986551,barbut1,Turnix suscitator,ミフウズラ,1.0,1,"米開朗民宿周邊農地, Taitung County, Taiwan",24 Jun 2023,Chi-Hsuan Shao,23.1335,121.2114,Taiwan,False,ML587986551,P1
596681251,barbut1,Turnix suscitator,ミフウズラ,3.5,2,"Kodathuru Kere, Bengaluru Urban, Karnataka, India",22 Jul 2023,Munish Gowda,13.2121,77.535,India,False,ML596681251,P1
59682321,barbut1,Turnix suscitator,ミフウズラ,2.5,10,"嘉義鰲鼓濕地IBA--全區(Aogu Wetland IBA), Chiayi County, Taiwan",3 May 2017,Ed Thomas,23.5004,120.1358,Taiwan,False,ML59682321,P1
600521911,barbut1,Turnix suscitator,ミフウズラ,4.5,2,"Mysore City Bird Atlas 29A South of Water Tank RT Nagar, Mysuru, Karnataka, India",2 Aug 2023,Sahana M,12.268,76.588,India,False,ML600521911,P1
605121291,barbut1,Turnix suscitator,ミフウズラ,2.0,2,"Socorro Plateau, North Goa, Goa, India",11 Oct 2020,Senan D'Souza,15.5674,73.8388,India,False,ML605121291,P1
605149501,barbut1,Turnix suscitator,ミフウズラ,5.0,1,"Ariyitupara - Pothamkandam, Kasaragod, Kerala, India",19 Aug 2023,sreekanth c,12.2506,75.2788,India,False,ML605149501,P1
605149511,barbut1,Turnix suscitator,ミフウズラ,3.0,1,"Ariyitupara - Pothamkandam, Kasaragod, Kerala, India",19 Aug 2023,sreekanth c,12.2506,75.2788,India,False,ML605149511,P1
608847692,barbut1,Turnix suscitator,ミフウズラ,4.5,2,"Pagote -- Uran, Raigad, Maharashtra, India",7 Aug 2023,Vaibhav PatiL,18.893,72.9973,India,False,ML608847692,P1
608847693,barbut1,Turnix suscitator,ミフウズラ,4.5,2,"Pagote -- Uran, Raigad, Maharashtra, India",7 Aug 2023,Vaibhav PatiL,18.893,72.9973,India,False,ML608847693,P1
608847694,barbut1,Turnix suscitator,ミフウズラ,5.0,1,"Pagote -- Uran, Raigad, Maharashtra, India",7 Aug 2023,Vaibhav PatiL,18.893,72.9973,India,False,ML608847694,P1
608847695,barbut1,Turnix suscitator,ミフウズラ,5.0,1,"Pagote -- Uran, Raigad, Maharashtra, India",7 Aug 2023,Vaibhav PatiL,18.893,72.9973,India,False,ML608847695,P1
608847696,barbut1,Turnix suscitator,ミフウズラ,3.0,2,"Pagote -- Uran, Raigad, Maharashtra, India",7 Aug 2023,Vaibhav PatiL,18.893,72.9973,India,False,ML608847696,P1
609068041,barbut1,Turnix suscitator,ミフウズラ,3.0,1,"Nilgala, Gal Oya National Park, Bibile, Monaragala, Sri Lanka",10 Feb 2004,Deepal Warakagoda,7.1938,81.3814,Sri Lanka,False,ML609068041,P1
609316674,barbut1,Turnix suscitator,ミフウズラ,1.0,1,"Dakshin Radhanagar, Birbhum, Birbhum, West Bengal, India",27 Sep 2023,Saikat Das,23.6147,87.6592,India,False,ML609316674,P1
610239808,barbut1,Turnix suscitator,ミフウズラ,4.0,2,"Abhishree Society, Ahmedabad, Gujarat, India",15 Aug 2023,Vyom Vyas,22.962,72.422,India,False,ML610239808,P1
611120437,barbut1,Turnix suscitator,ミフウズラ,2.0,1,"Mavathur Kere, Kanakapura, Ramanagara, Karnataka, India",14 Nov 2023,Munish Gowda,12.5626,77.4608,India,False,ML611120437,P1
612546392,barbut1,Turnix suscitator,ミフウズラ,3.0,1,"Abhishree Society, Ahmedabad, Gujarat, India",15 Aug 2023,Vyom Vyas,22.962,72.422,India,False,ML612546392,P1
614685835,barbut1,Turnix suscitator,ミフウズラ,4.0,2,"Lat Krabang--Thap Yao paddies & aquaculture ponds, Krung Thep Maha Nakhon [Bangkok], Thailand",11 Feb 2024,Sam Hambly,13.7416,100.8124,Thailand,False,ML614685835,P1
615237827,barbut1,Turnix suscitator,ミフウズラ,3.6666666666666665,3,"Lat Krabang--Thap Yao paddies & aquaculture ponds, Krung Thep Maha Nakhon [Bangkok], Thailand",24 Feb 2024,Sam Hambly,13.7416,100.8124,Thailand,False,ML615237827,P1
615456047,barbut1,Turnix suscitator,ミフウズラ,2.0,1,"未命名的道路, 台南市, TW (23.328, 120.363), Tainan City, Taiwan",28 Feb 2024,Scott (瑞興) LIN(林),23.328,120.3631,Taiwan,False,ML615456047,P1
616314275,barbut1,Turnix suscitator,ミフウズラ,0.0,0,"Vitthalwadi scrubland, Pune, Maharashtra, India",1 Oct 2023,Francis D'Souza,18.2227,74.8455,India,False,ML616314275,P1
616400777,barbut1,Turnix suscitator,ミフウズラ,1.0,1,"Sutiambe, Jharkhand, IN (23.531, 85.29), Ranchi, Jharkhand, India",24 Mar 2024,Ahmad Najam Saquib,23.5306,85.2904,India,False,ML616400777,P1
616585480,barbut1,Turnix suscitator,ミフウズラ,2.5,2,"Bena, Near Suruchi Beach, Palghar, Maharashtra, India",28 Mar 2024,Ramesh Shenai,19.3469,72.7909,India,False,ML616585480,P1
618872089,barbut1,Turnix suscitator,ミフウズラ,3.5,2,"Bang Phra--fields E of Hwy. 3702, Chon Buri, Thailand",10 May 2024,Sam Hambly,13.1994,101.0201,Thailand,False,ML618872089,P1
619486634,barbut1,Turnix suscitator,ミフウズラ,3.0,2,"Dammanakatte-Taraka Road, Mysuru, Karnataka, India",22 May 2024,Sahana M,12.0211,76.2608,India,False,ML619486634,P1
620332041,barbut1,Turnix suscitator,ミフウズラ,3.0,1,"Merces, Near Suruchi beach, Palghar, Maharashtra, India",12 Jun 2024,Ramesh Shenai,19.3555,72.7848,India,False,ML620332041,P1
620332042,barbut1,Turnix suscitator,ミフウズラ,2.5,2,"Merces, Near Suruchi beach, Palghar, Maharashtra, India",12 Jun 2024,Ramesh Shenai,19.3555,72.7848,India,False,ML620332042,P1
620332043,barbut1,Turnix suscitator,ミフウズラ,2.0,2,"Merces, Near Suruchi beach, Palghar, Maharashtra, India",12 Jun 2024,Ramesh Shenai,19.3555,72.7848,India,False,ML620332043,P1
620332044,barbut1,Turnix suscitator,ミフウズラ,2.5,2,"Merces, Near Suruchi beach, Palghar, Maharashtra, India",12 Jun 2024,Ramesh Shenai,19.3555,72.7848,India,False,ML620332044,P1
620332045,barbut1,Turnix suscitator,ミフウズラ,3.0,1,"Merces, Near Suruchi beach, Palghar, Maharashtra, India",12 Jun 2024,Ramesh Shenai,19.3555,72.7848,India,False,ML620332045,P1
620332046,barbut1,Turnix suscitator,ミフウズラ,3.25,4,"Merces, Near Suruchi beach, Palghar, Maharashtra, India",12 Jun 2024,Ramesh Shenai,19.3555,72.7848,India,False,ML620332046,P1
620332047,barbut1,Turnix suscitator,ミフウズラ,2.75,4,"Merces, Near Suruchi beach, Palghar, Maharashtra, India",12 Jun 2024,Ramesh Shenai,19.3555,72.7848,India,False,ML620332047,P1
621165849,barbut1,Turnix suscitator,ミフウズラ,0.0,0,"Muddahalli, Nanjangud Taluka ಮುದ್ದಹಳ್ಳಿ, Mysuru, Karnataka, India",5 Jul 2024,Vijaya Lakshmi,12.046,76.668,India,False,ML621165849,P1
621401819,barbut1,Turnix suscitator,ミフウズラ,4.0,1,"Kalkunda Scrub Land/ ಕಲ್ಕುಂದ, Mysuru, Karnataka, India",5 Jul 2024,Sahana M,12.1358,76.8279,India,False,ML621401819,P1
621470638,barbut1,Turnix suscitator,ミフウズラ,2.0,1,"Danoli Blue Hill, Kolhapur, Maharashtra, India",30 Jun 2024,Sharad Apte,16.8023,74.4866,India,False,ML621470638,P1
621696659,barbut1,Turnix suscitator,ミフウズラ,3.0,1,"Salim Ali Centre for Ornithology and Natural History (SACON), Coimbatore, Tamil Nadu, India",25 Nov 2013,Sharad Apte,11.0925,76.7866,India,False,ML621696659,P1
621696700,barbut1,Turnix suscitator,ミフウズラ,3.0,1,"Gajanan Colony, Haripur Rd, Sangli, Maharashtra, India",1 Sep 2009,Sharad Apte,16.8454,74.5507,India,False,ML621696700,P1
621796272,barbut1,Turnix suscitator,ミフウズラ,3.0,1,"未命名的道路, 榮光村, 彰化縣, TW (23.812, 120.587), Changhua County, Taiwan",21 Jul 2024,Scott (瑞興) LIN(林),23.8121,120.587,Taiwan,False,ML621796272,P1
622260616,barbut1,Turnix suscitator,ミフウズラ,0.0,0,"Halalu ಹಲಾಳು, Mysuru, Karnataka, India",7 Aug 2024,Sahana M,12.2411,76.6004,India,False,ML622260616,P1
622261339,barbut1,Turnix suscitator,ミフウズラ,0.0,0,"Mysore City Bird Atlas 29A South of Water Tank RT Nagar, Mysuru, Karnataka, India",7 Aug 2024,Samartha S G,12.268,76.588,India,False,ML622261339,P1
622535344,barbut1,Turnix suscitator,ミフウズラ,3.0,1,"Halkar ಹಳಕಾರ್, Uttara Kannada, Karnataka, India",15 Aug 2024,Shwetha Bharathi,14.446,74.4108,India,False,ML622535344,P1
622535345,barbut1,Turnix suscitator,ミフウズラ,0.0,0,"Halkar ಹಳಕಾರ್, Uttara Kannada, Karnataka, India",15 Aug 2024,Shwetha Bharathi,14.446,74.4108,India,False,ML622535345,P1
622575999,barbut1,Turnix suscitator,ミフウズラ,4.0,2,"Dammanakatte-Taraka Road, Mysuru, Karnataka, India",14 Aug 2024,Sahana M,12.0211,76.2608,India,False,ML622575999,P1
622799285,barbut1,Turnix suscitator,ミフウズラ,3.0,2,"Shrikrupa Colony Jagannath Baba Nagar,Chandrapur, Maharashtra, Chandrapur, Maharashtra, India",22 Aug 2024,Madhavi Babtiwale,19.9671,79.278,India,False,ML622799285,P1
622807697,barbut1,Turnix suscitator,ミフウズラ,4.0,2,"Shrikrupa Colony Jagannath Baba Nagar,Chandrapur, Maharashtra, Chandrapur, Maharashtra, India",22 Aug 2024,Madhavi Babtiwale,19.9671,79.278,India,False,ML622807697,P1
622832629,barbut1,Turnix suscitator,ミフウズラ,2.0,2,"Bena, Near Suruchi Beach, Palghar, Maharashtra, India",23 Aug 2024,Ramesh Shenai,19.3469,72.7909,India,False,ML622832629,P1
622918432,barbut1,Turnix suscitator,ミフウズラ,3.0,1,"Pahang Tua paddyfields, Pahang, Malaysia",25 Aug 2024,Lars Mannzen,3.5616,103.3626,Malaysia,False,ML622918432,P1
623428791,barbut1,Turnix suscitator,ミフウズラ,1.0,1,"Mysore City Bird Atlas 54B, Mysuru, Karnataka, India",7 Sep 2024,Sahana M,12.2442,76.5771,India,False,ML623428791,P1
624032609,barbut1,Turnix suscitator,ミフウズラ,4.0,2,"MTDC Road, Moharli, Maharashtra, IN (20.19, 79.338), Chandrapur, Maharashtra, India",22 Sep 2024,VIPUL DHAWALE,20.1902,79.3376,India,False,ML624032609,P1
624073559,barbut1,Turnix suscitator,ミフウズラ,5.0,2,"Belekeri Laterites (Restricted Area-NAVY) ಬೇಲೇಕೇರಿ, Uttara Kannada, Karnataka, India",22 Sep 2024,Shwetha Bharathi,14.7076,74.2821,India,False,ML624073559,P1
624294809,barbut1,Turnix suscitator,ミフウズラ,4.0,2,"Bilikal Rangaswamy Betta, Ramanagara, Karnataka, India",28 Sep 2024,Mallikarjuna Agrahar,12.5532,77.5123,India,False,ML624294809,P1
624639596,barbut1,Turnix suscitator,ミフウズラ,3.5,2,"Arre Laterite Plateau (ಅರೆ ಲ್ಯಾಟರೈಟ್), Uttara Kannada, Karnataka, India",5 Oct 2024,Shwetha Bharathi,14.432,74.4487,India,False,ML624639596,P1
625030114,barbut1,Turnix suscitator,ミフウズラ,2.0,1,"Arre Laterite Plateau (ಅರೆ ಲ್ಯಾಟರೈಟ್), Uttara Kannada, Karnataka, India",15 Oct 2024,Shwetha Bharathi,14.432,74.4487,India,False,ML625030114,P1
625103688,barbut1,Turnix suscitator,ミフウズラ,1.0,1,"Ponkunnu Hill, Kakkur, Kozhikode, Kerala, India",17 Oct 2024,Sanu Raj,11.4045,75.8193,India,False,ML625103688,P1
625432239,barbut1,Turnix suscitator,ミフウズラ,3.0,1,"Kamalapura Kere ಕಮಲಾಪುರ ಕೆರೆ, Ballari, Karnataka, India",22 Oct 2024,Nishant Bhagwat,15.2982,76.4647,India,False,ML625432239,P1
625680551,barbut1,Turnix suscitator,ミフウズラ,3.5,2,"Erode--Thangam Nagar, Erode, Tamil Nadu, India",1 Nov 2024,Subha N,11.3136,77.6605,India,False,ML625680551,P1
627260791,barbut1,Turnix suscitator,ミフウズラ,2.0,1,"Mysore City Bird Atlas 54A, Open Layout Devagalli, Mysuru, Karnataka, India",7 Dec 2024,Sahana M,12.2452,76.5712,India,False,ML627260791,P1
627542168,barbut1,Turnix suscitator,ミフウズラ,2.0,1,"Nai Hien Dong--Northern field (Restricted access), Da Nang, thanh pho, Vietnam",17 Nov 2024,James K,16.1049,108.2256,Vietnam,False,ML627542168,P1
627767825,barbut1,Turnix suscitator,ミフウズラ,2.5,2,"Walayar Dam, Palakkad, Kerala, IN (10.844, 76.85), Palakkad, Kerala, India",17 Dec 2024,Novelkumar M S,10.8441,76.8505,India,False,ML627767825,P1
634084583,barbut1,Turnix suscitator,ミフウズラ,0.0,0,"Cauvery WLS--Sangama, Ramanagara, Karnataka, India",19 Apr 2025,Anonymous,12.2891,77.4319,India,False,ML634084583,P1
635671774,barbut1,Turnix suscitator,ミフウズラ,2.0,1,"Papad Khind Dam, Virar, Palghar, Maharashtra, India",13 May 2025,Nishant Bhagwat,19.4549,72.8327,India,False,ML635671774,P1
635671775,barbut1,Turnix suscitator,ミフウズラ,2.0,1,"Papad Khind Dam, Virar, Palghar, Maharashtra, India",13 May 2025,Nishant Bhagwat,19.4549,72.8327,India,False,ML635671775,P1
635824037,barbut1,Turnix suscitator,ミフウズラ,0.0,0,"Kedigere, Chikkamagaluru, Karnataka, India",28 Apr 2025,Samartha S G,13.6643,76.0589,India,False,ML635824037,P1
635883764,barbut1,Turnix suscitator,ミフウズラ,0.0,0,"Jarakebande Kavalu Butterfly Park/ Avalahalli State Forest, Bengaluru Urban, Karnataka, India",16 May 2025,Munish Gowda,13.1306,77.5484,India,False,ML635883764,P1
636061203,barbut1,Turnix suscitator,ミフウズラ,4.0,1,"37 廣吉路, 廣福里, 高雄市, TW (22.851, 120.514), Kaohsiung City, Taiwan",15 May 2025,Scott (瑞興) LIN(林),22.8514,120.5145,Taiwan,False,ML636061203,P1
637682937,barbut1,Turnix suscitator,ミフウズラ,4.0,1,"Pasighat Reserve Forest, East Siang, Arunachal Pradesh, India",17 Jun 2025,Senan D'Souza,28.0244,95.3486,India,False,ML637682937,P1
638348489,barbut1,Turnix suscitator,ミフウズラ,0.0,0,"Soor Sarovar Bird Sanctuary (Keetham Lake), Agra, Uttar Pradesh, India",1 Jul 2025,Ruman Mohammad Khan,27.2534,77.8423,India,False,ML638348489,P1
638576050,barbut1,Turnix suscitator,ミフウズラ,0.0,0,"Soor Sarovar Bird Sanctuary (Keetham Lake), Agra, Uttar Pradesh, India",6 Jul 2025,Ruman Mohammad Khan,27.2534,77.8423,India,False,ML638576050,P1
638589788,barbut1,Turnix suscitator,ミフウズラ,1.0,1,"Kiraoli, Agra IN-Uttar Pradesh 27.24104, 77.89089, Agra, Uttar Pradesh, India",7 Jul 2025,Adhithyan NK,27.241,77.8909,India,False,ML638589788,P1
639101905,barbut1,Turnix suscitator,ミフウズラ,0.0,0,"Chikkammana Kere, Arasinakere  ಚಿಕ್ಕಮ್ಮನ ಕೆರೆ, Mysuru, Karnataka, India",19 Jul 2025,Sahana M,12.1647,76.5426,India,False,ML639101905,P1
639197211,barbut1,Turnix suscitator,ミフウズラ,0.0,0,"Pagote -- Uran, Raigad, Maharashtra, India",1 Jul 2025,Vaibhav PatiL,18.893,72.9973,India,False,ML639197211,P1
639199788,barbut1,Turnix suscitator,ミフウズラ,0.0,0,"Pagote -- Uran, Raigad, Maharashtra, India",18 May 2025,Vaibhav PatiL,18.893,72.9973,India,False,ML639199788,P1
639203552,barbut1,Turnix suscitator,ミフウズラ,0.0,0,"Soor Sarovar Bird Sanctuary (Keetham Lake), Agra, Uttar Pradesh, India",21 Jul 2025,Adhithyan NK,27.2534,77.8423,India,False,ML639203552,P1
639203553,barbut1,Turnix suscitator,ミフウズラ,0.0,0,"Soor Sarovar Bird Sanctuary (Keetham Lake), Agra, Uttar Pradesh, India",21 Jul 2025,Adhithyan NK,27.2534,77.8423,India,False,ML639203553,P1
639862193,barbut1,Turnix suscitator,ミフウズラ,0.0,0,"Pagote -- Uran, Raigad, Maharashtra, India",5 Aug 2025,Vaibhav PatiL,18.893,72.9973,India,False,ML639862193,P1
639986338,barbut1,Turnix suscitator,ミフウズラ,2.0,1,"Bena, Near Suruchi Beach, Palghar, Maharashtra, India",8 Aug 2025,Ramesh Shenai,19.3469,72.7909,India,False,ML639986338,P1
640260555,barbut1,Turnix suscitator,ミフウズラ,0.0,0,"kawatha Kh. - Kinkhed Road, Kinkhed, Maharashtra, IN (20.055, 76.852), Washim, Maharashtra, India",8 Aug 2025,Shubham Giri,20.055,76.8523,India,False,ML640260555,P1
640260556,barbut1,Turnix suscitator,ミフウズラ,0.0,0,"kawatha Kh. - Kinkhed Road, Kinkhed, Maharashtra, IN (20.055, 76.852), Washim, Maharashtra, India",8 Aug 2025,Shubham Giri,20.055,76.8523,India,False,ML640260556,P1
640260560,barbut1,Turnix suscitator,ミフウズラ,0.0,0,"Kavaddari Road, Kinhiraja, Maharashtra, IN (20.348, 77.163), Washim, Maharashtra, India",9 Aug 2025,Shubham Giri,20.3476,77.163,India,False,ML640260560,P1
640309110,barbut1,Turnix suscitator,ミフウズラ,3.0,2,"Rudraram telengana, Sangareddy, Telangana, India",20 Jul 2025,Ramu Alluri,17.5613,78.1654,India,False,ML640309110,P1
640315343,barbut1,Turnix suscitator,ミフウズラ,3.0,1,"Tantoli, Ajmer IN-Rajasthan 26.12743, 74.78244, Ajmer, Rajasthan, India",28 Jul 2025,Peter Boesman,26.1274,74.7824,India,False,ML640315343,P1
640315344,barbut1,Turnix suscitator,ミフウズラ,3.0,1,"Tantoli, Ajmer IN-Rajasthan 26.12743, 74.78244, Ajmer, Rajasthan, India",28 Jul 2025,Peter Boesman,26.1274,74.7824,India,False,ML640315344,P1
640317199,barbut1,Turnix suscitator,ミフウズラ,2.5,2,"Nasirabad, Ajmer IN-Rajasthan 26.23671, 74.84601, Ajmer, Rajasthan, India",28 Jul 2025,Peter Boesman,26.2367,74.846,India,False,ML640317199,P1
640317203,barbut1,Turnix suscitator,ミフウズラ,2.0,1,"Nasirabad, Ajmer IN-Rajasthan 26.23671, 74.84601, Ajmer, Rajasthan, India",28 Jul 2025,Peter Boesman,26.2367,74.846,India,False,ML640317203,P1
640317205,barbut1,Turnix suscitator,ミフウズラ,2.0,1,"Nasirabad, Ajmer IN-Rajasthan 26.23671, 74.84601, Ajmer, Rajasthan, India",28 Jul 2025,Peter Boesman,26.2367,74.846,India,False,ML640317205,P1
640317206,barbut1,Turnix suscitator,ミフウズラ,2.0,1,"Nasirabad, Ajmer IN-Rajasthan 26.23671, 74.84601, Ajmer, Rajasthan, India",28 Jul 2025,Peter Boesman,26.2367,74.846,India,False,ML640317206,P1
640502240,barbut1,Turnix suscitator,ミフウズラ,0.0,0,"Chiang Mai University--Mae Hia Agricultural College, Chiang Mai, Thailand",19 Aug 2025,Ingkayut Sa-ar,18.7598,98.9364,Thailand,False,ML640502240,P1
640898861,barbut1,Turnix suscitator,ミフウズラ,3.0,1,"Khlong Da Baek Reservoir, Tak, Thailand",25 Aug 2025,Jens Toettrup,17.0221,99.3432,Thailand,False,ML640898861,P1
640901406,barbut1,Turnix suscitator,ミフウズラ,0.0,0,"Samish D's Farm, Redhawa MH., Akola, Maharashtra, India",25 Aug 2020,Samish Dhongle,20.564,77.1101,India,False,ML640901406,P1
641002950,barbut1,Turnix suscitator,ミフウズラ,0.0,0,"Astha City - Back Side, Agra, Uttar Pradesh, India",29 Aug 2025,Adhithyan NK,27.2406,77.8916,India,False,ML641002950,P1
641276921,barbut1,Turnix suscitator,ミフウズラ,3.0,1,"Pitezari, Maharashtra, IN (21.181, 80.008), Bhandara, Maharashtra, India",28 Aug 2025,Nishant Bhagwat,21.1814,80.0076,India,False,ML641276921,P1
641277222,barbut1,Turnix suscitator,ミフウズラ,1.0,1,"Pitezari, Maharashtra, IN (21.181, 80.008), Bhandara, Maharashtra, India",28 Aug 2025,Nishant Bhagwat,21.1814,80.0076,India,False,ML641277222,P1
641334422,barbut1,Turnix suscitator,ミフウズラ,5.0,5,"Dr. Panjabrao Deshmukh Krishi Vidyapeeth, Akola, Akola, Maharashtra, India",4 Sep 2025,Dhananjay Patil,20.7006,77.0371,India,False,ML641334422,P1
641595351,barbut1,Turnix suscitator,ミフウズラ,0.0,0,"Hatai Kheda Lake, Bhopal, Bhopal, Madhya Pradesh, India",9 Sep 2025,Jagdish Jatiya,23.2682,77.5002,India,False,ML641595351,P1
641610178,barbut1,Turnix suscitator,ミフウズラ,4.0,2,"Mysore City Bird Atlas 29A South of Water Tank RT Nagar, Mysuru, Karnataka, India",9 Sep 2025,Sahana M,12.268,76.588,India,False,ML641610178,P1
642580122,barbut1,Turnix suscitator,ミフウズラ,0.0,0,"Rawa Dolat (Dolat Marsh), Nusa Tenggara Timur, Nusa Tenggara, Indonesia",28 Sep 2025,Lars Mannzen,-8.5683,119.8521,Indonesia,False,ML642580122,P1
642849964,barbut1,Turnix suscitator,ミフウズラ,0.0,0,"197縣道, 振興村, 台東縣, TW (23.048, 121.2), Taitung County, Taiwan",16 Apr 2025,承恩 (Cheng-En) 謝 (HSIEH),23.0479,121.1996,Taiwan,False,ML642849964,P1
642916445,barbut1,Turnix suscitator,ミフウズラ,0.0,0,"Ariyitupara - Pothamkandam, Kasaragod, Kerala, India",4 Oct 2025,sreekanth c,12.2506,75.2788,India,False,ML642916445,P1
643164172,barbut1,Turnix suscitator,ミフウズラ,4.0,2,"Erode--Thangam Nagar, Erode, Tamil Nadu, India",2 Sep 2025,Subha N,11.3136,77.6605,India,False,ML643164172,P1
643870779,barbut1,Turnix suscitator,ミフウズラ,5.0,2,"Madayi Para, Kannur, Kerala, India",20 Oct 2025,sreekanth c,12.0323,75.2569,India,False,ML643870779,P1
643984048,barbut1,Turnix suscitator,ミフウズラ,3.0,2,"Mysore City Bird Atlas 29A South of Water Tank RT Nagar, Mysuru, Karnataka, India",23 Oct 2025,Sahana M,12.268,76.588,India,False,ML643984048,P1
644919201,barbut1,Turnix suscitator,ミフウズラ,0.0,0,"Walayar Reservoir, Palakkad, Kerala, India",24 Oct 2025,Sabarish  D,10.8432,76.8462,India,False,ML644919201,P1
645306510,barbut1,Turnix suscitator,ミフウズラ,3.0,1,"Machhariya Dam, Junagadh, Gujarat, India",15 Aug 2025,Parag Tank,21.5034,70.6253,India,False,ML645306510,P1
649834544,barbut1,Turnix suscitator,ミフウズラ,2.0,1,"หนองช้างตาย, Nakhon Ratchasima, Thailand",29 Jan 2026,Sam Hambly,14.6422,101.5602,Thailand,False,ML649834544,P1
305236,barpet,Hydrobates castro,クロコシジロウミツバメ,2.8,5,"Ponta do Garajau (Cristo Rei), Santa Cruz, Região Autónoma da Madeira, Portugal",6 Jun 2017,Peter Boesman,32.6382,-16.8506,Portugal,False,ML305236,P1
352723841,barpet,Hydrobates castro,クロコシジロウミツバメ,1.8333333333333333,6,"Waimea Canyon Lookout, Kauai, Hawaii, United States",30 Jun 2021,James (Jim) Holmes,22.0714,-159.662,United States,False,ML352723841,P1
352724561,barpet,Hydrobates castro,クロコシジロウミツバメ,3.2,5,"Waimea Canyon Drive, Waimea, Hawaii, US (22.007, -159.677), Kauai, Hawaii, United States",30 Jun 2021,James (Jim) Holmes,22.0074,-159.6767,United States,False,ML352724561,P1
413839001,barpet,Hydrobates castro,クロコシジロウミツバメ,3.0,3,"Ponta do Garajau (Cristo Rei), Santa Cruz, Região Autónoma da Madeira, Portugal",30 Aug 2014,David Darrell-Lambert,32.6382,-16.8506,Portugal,False,ML413839001,P1
432000921,barpet,Hydrobates castro,クロコシジロウミツバメ,2.3333333333333335,3,"RN Ilhas Selvagens--Selvagem Grande--área geral, Funchal, Região Autónoma da Madeira, Portugal",5 Jun 2005,James Bradley,30.1442,-15.8656,Portugal,False,ML432000921,P1
432000961,barpet,Hydrobates castro,クロコシジロウミツバメ,3.3333333333333335,3,"RN Ilhas Selvagens--Selvagem Grande--área geral, Funchal, Região Autónoma da Madeira, Portugal",5 Jun 2005,James Bradley,30.1442,-15.8656,Portugal,False,ML432000961,P1
432000991,barpet,Hydrobates castro,クロコシジロウミツバメ,2.6666666666666665,3,"RN Ilhas Selvagens--Selvagem Grande--área geral, Funchal, Região Autónoma da Madeira, Portugal",5 Jun 2005,James Bradley,30.1442,-15.8656,Portugal,False,ML432000991,P1
432001041,barpet,Hydrobates castro,クロコシジロウミツバメ,2.3333333333333335,3,"RN Ilhas Selvagens--Selvagem Grande--área geral, Funchal, Região Autónoma da Madeira, Portugal",5 Jun 2005,James Bradley,30.1442,-15.8656,Portugal,False,ML432001041,P1
432001051,barpet,Hydrobates castro,クロコシジロウミツバメ,2.3333333333333335,3,"RN Ilhas Selvagens--Selvagem Grande--área geral, Funchal, Região Autónoma da Madeira, Portugal",5 Jun 2005,James Bradley,30.1442,-15.8656,Portugal,False,ML432001051,P1
432001091,barpet,Hydrobates castro,クロコシジロウミツバメ,2.6666666666666665,3,"RN Ilhas Selvagens--Selvagem Grande--área geral, Funchal, Região Autónoma da Madeira, Portugal",5 Jun 2005,James Bradley,30.1442,-15.8656,Portugal,False,ML432001091,P1
432001541,barpet,Hydrobates castro,クロコシジロウミツバメ,4.0,4,"RN Ilhas Selvagens--Selvagem Grande--área geral, Funchal, Região Autónoma da Madeira, Portugal",5 Jun 2005,James Bradley,30.1442,-15.8656,Portugal,False,ML432001541,P1
432001601,barpet,Hydrobates castro,クロコシジロウミツバメ,3.75,4,"RN Ilhas Selvagens--Selvagem Grande--área geral, Funchal, Região Autónoma da Madeira, Portugal",5 Jun 2005,James Bradley,30.1442,-15.8656,Portugal,False,ML432001601,P1
569111791,barpet,Hydrobates castro,クロコシジロウミツバメ,2.5,4,"Pohakuao Valley (restricted helicopter access only), Kauai, Hawaii, United States",14 Aug 2002,Eric VanderWerf,22.1826,-159.6313,United States,False,ML569111791,P1
608443152,barpet,Hydrobates castro,クロコシジロウミツバメ,1.25,4,"BBC 8/28-8/29 Pelagic: Atlantis Canyon Overnight Location, Dukes, Massachusetts, United States",28 Aug 2023,Sam Zhang,40.083,-70.497,United States,False,ML608443152,P1
610193320,barpet,Hydrobates castro,クロコシジロウミツバメ,3.0,4,"Vila do Corvo e arredores, Corvo, Região Autónoma dos Açores, Portugal",13 Oct 2023,Nuno Gonçalves,39.6734,-31.1162,Portugal,False,ML610193320,P1
631411075,barpet,Hydrobates castro,クロコシジロウミツバメ,4.25,4,"Southeast Farallon Island (Farallon Islands NWR, restricted access), San Francisco, California, United States",23 Nov 2024,Adrian Hinkle,37.6985,-123.0028,United States,False,ML631411075,P1
631411292,barpet,Hydrobates castro,クロコシジロウミツバメ,3.75,4,"Southeast Farallon Island (Farallon Islands NWR, restricted access), San Francisco, California, United States",23 Nov 2024,Adrian Hinkle,37.6985,-123.0028,United States,False,ML631411292,P1
643654213,barpet,Hydrobates castro,クロコシジロウミツバメ,1.0,1,"Corvo--Praia da Areia, Corvo, Região Autónoma dos Açores, Portugal",13 Oct 2023,Miguel  Berkemeier,39.6722,-31.1219,Portugal,False,ML643654213,P1
644604497,barpet,Hydrobates castro,クロコシジロウミツバメ,0.0,0,"Ponta do Garajau (Cristo Rei), Santa Cruz, Região Autónoma da Madeira, Portugal",6 Aug 2025,Sam Darmstadt,32.6382,-16.8506,Portugal,False,ML644604497,P1
175084,bcfdov1,Ptilinopus leclancheri,クロアゴヒメアオバト,2.0,6,"15.0 km SW of Puerto Princesa; Iwahig Prison and Penal Farm, Philippines",19 Apr 1983,Ben F. King,9.7457,118.6636,Philippines,False,ML175084,P1
204000041,bcfdov1,Ptilinopus leclancheri,クロアゴヒメアオバト,4.0,4,"Pomactan, Camiguin Norte, Cagayan, Philippines",12 Apr 2004,Desmond Allen,18.9038,121.8364,Philippines,False,ML204000041,P1
207733621,bcfdov1,Ptilinopus leclancheri,クロアゴヒメアオバト,4.333333333333333,3,"Manleluag Spring Protected Landscape, Mangatarem, Pangasinan, Philippines",7 Feb 2020,Kim Cancino,15.7018,120.2856,Philippines,False,ML207733621,P1
207885681,bcfdov1,Ptilinopus leclancheri,クロアゴヒメアオバト,4.0,2,"Manleluag Spring Protected Landscape, Mangatarem, Pangasinan, Philippines",7 Feb 2020,Kim Cancino,15.7018,120.2856,Philippines,False,ML207885681,P1
208124551,bcfdov1,Ptilinopus leclancheri,クロアゴヒメアオバト,3.0,1,"Manleluag Spring Protected Landscape, Mangatarem, Pangasinan, Philippines",7 Feb 2020,Kim Cancino,15.7018,120.2856,Philippines,False,ML208124551,P1
208125481,bcfdov1,Ptilinopus leclancheri,クロアゴヒメアオバト,3.0,1,"Manleluag Spring Protected Landscape, Mangatarem, Pangasinan, Philippines",7 Feb 2020,Kim Cancino,15.7018,120.2856,Philippines,False,ML208125481,P1
209992801,bcfdov1,Ptilinopus leclancheri,クロアゴヒメアオバト,4.0,2,"Manleluag Spring Protected Landscape, Mangatarem, Pangasinan, Philippines",17 Feb 2020,Kim Cancino,15.7018,120.2856,Philippines,False,ML209992801,P1
274216331,bcfdov1,Ptilinopus leclancheri,クロアゴヒメアオバト,1.0,1,"屏東--大鵬灣右岸濕地(Pingtung--Dapeng Bay Right Bank Wetland), Pingtung County, Taiwan",25 Oct 2020,Jhih-Wei (志偉) TSAI (蔡),22.4438,120.491,Taiwan,False,ML274216331,P1
38786,bcfdov1,Ptilinopus leclancheri,クロアゴヒメアオバト,2.6666666666666665,6,"Molotoc Tribal Village, Occidental Mindoro, Philippines",19 Apr 1982,Robert S. Kennedy,0.0,0.0,Philippines,False,ML38786,P1
38787,bcfdov1,Ptilinopus leclancheri,クロアゴヒメアオバト,2.8333333333333335,6,"Molotoc Tribal Village, Occidental Mindoro, Philippines",19 Apr 1982,Robert S. Kennedy,0.0,0.0,Philippines,False,ML38787,P1
416365211,bcfdov1,Ptilinopus leclancheri,クロアゴヒメアオバト,3.0,1,"Mt. Makiling Forest Reserve--Trail, Laguna, Philippines",14 Feb 2022,Robert Hutchinson / Birdtour Asia,14.1375,121.2212,Philippines,False,ML416365211,P1
416365221,bcfdov1,Ptilinopus leclancheri,クロアゴヒメアオバト,4.5,2,"Mt. Makiling Forest Reserve--Trail, Laguna, Philippines",14 Feb 2022,Robert Hutchinson / Birdtour Asia,14.1375,121.2212,Philippines,False,ML416365221,P1
568143201,bcfdov1,Ptilinopus leclancheri,クロアゴヒメアオバト,2.0,1,"Brgy. Dubduban--Watershed, Tablas, Romblon, Philippines",25 Apr 2023,Peter Kaestner,12.5784,122.1079,Philippines,False,ML568143201,P1
585921471,bcfdov1,Ptilinopus leclancheri,クロアゴヒメアオバト,1.0,1,"University of San Carlos - Talamban campus, Cebu, Philippines",24 Apr 2023,Kurt  Cabahug,10.3551,123.9103,Philippines,False,ML585921471,P1
591161311,bcfdov1,Ptilinopus leclancheri,クロアゴヒメアオバト,0.0,0,"University of San Carlos - Talamban campus, Cebu, Philippines",4 Jul 2023,Kurt  Cabahug,10.3551,123.9103,Philippines,False,ML591161311,P1
596943901,bcfdov1,Ptilinopus leclancheri,クロアゴヒメアオバト,2.0,1,"Punta Ballo Beach forest, Negros Occidental, Philippines",22 Jul 2023,Chris Chafer,9.6988,122.392,Philippines,False,ML596943901,P1
609058618,bcfdov1,Ptilinopus leclancheri,クロアゴヒメアオバト,2.0,1,"Nug-as Forest, Alcoy, Cebu, Philippines",16 Aug 2012,Pam Rasmussen,9.7117,123.4495,Philippines,False,ML609058618,P1
609058633,bcfdov1,Ptilinopus leclancheri,クロアゴヒメアオバト,4.0,2,"Nug-as Forest, Alcoy, Cebu, Philippines",16 Aug 2012,Pam Rasmussen,9.7117,123.4495,Philippines,False,ML609058633,P1
609071323,bcfdov1,Ptilinopus leclancheri,クロアゴヒメアオバト,4.0,3,"Nug-as Forest, Alcoy, Cebu, Philippines",11 Jun 2009,Philip Round,9.7117,123.4495,Philippines,False,ML609071323,P1
612691524,bcfdov1,Ptilinopus leclancheri,クロアゴヒメアオバト,0.0,0,"Bulakaw Forest Reserve, San Juan, Siquijor, Philippines",27 Dec 2023,Philippe Loyoddin,9.1371,123.5468,Philippines,False,ML612691524,P1
616616074,bcfdov1,Ptilinopus leclancheri,クロアゴヒメアオバト,0.0,0,"Ticao - Alisuso trail, Masbate, Philippines",29 Mar 2024,Justine Albao,12.5618,123.7104,Philippines,False,ML616616074,P1
617120001,bcfdov1,Ptilinopus leclancheri,クロアゴヒメアオバト,3.0,1,"Napsan – Apurawan Road, Puerto Princesa PH-Palawan 9.70271, 118.51208, Palawan, Philippines",28 Mar 2024,Paul Fenwick,9.7027,118.5121,Philippines,False,ML617120001,P1
617270920,bcfdov1,Ptilinopus leclancheri,クロアゴヒメアオバト,3.0,1,"Irawan Eco Park, Puerto Princesa, Palawan, Philippines",28 Mar 2024,Paul Fenwick,9.8052,118.6871,Philippines,False,ML617270920,P1
617295393,bcfdov1,Ptilinopus leclancheri,クロアゴヒメアオバト,0.0,0,"Zigzag Road, Puerto Princesa, Palawan, Philippines",21 Mar 2024,Gregory Irving,9.6383,118.7215,Philippines,False,ML617295393,P1
617411616,bcfdov1,Ptilinopus leclancheri,クロアゴヒメアオバト,3.0,1,"Blue Water Falls and Cave, Baggao, Cagayan, Philippines",24 Mar 2024,Gregory Irving,18.0208,121.9978,Philippines,False,ML617411616,P1
617559913,bcfdov1,Ptilinopus leclancheri,クロアゴヒメアオバト,0.0,0,"Mt. Makiling Forest Reserve--TREES, Laguna, Philippines",18 Apr 2024,Lars Mannzen,14.1515,121.2333,Philippines,False,ML617559913,P1
617654801,bcfdov1,Ptilinopus leclancheri,クロアゴヒメアオバト,0.0,0,"Mt. Makiling Forest Reserve--Trail, Laguna, Philippines",20 Apr 2024,Lars Mannzen,14.1375,121.2212,Philippines,False,ML617654801,P1
618710803,bcfdov1,Ptilinopus leclancheri,クロアゴヒメアオバト,0.0,0,"Subic Bay--Nabasan Trail, Bataan, Philippines",9 May 2024,Lars Mannzen,14.7657,120.2772,Philippines,False,ML618710803,P1
620336905,bcfdov1,Ptilinopus leclancheri,クロアゴヒメアオバト,0.0,0,"Cebu Safari and Adventure Park, Cebu, Philippines",11 Jun 2024,Kurt  Cabahug,10.5887,123.9614,Philippines,False,ML620336905,P1
620367938,bcfdov1,Ptilinopus leclancheri,クロアゴヒメアオバト,0.0,0,"Cebu Safari and Adventure Park, Cebu, Philippines",13 Jun 2024,Kurt  Cabahug,10.5887,123.9614,Philippines,False,ML620367938,P1
620733887,bcfdov1,Ptilinopus leclancheri,クロアゴヒメアオバト,0.0,0,"D’ Family Park, Cebu, Philippines",23 Jun 2024,Kurt  Cabahug,10.3602,123.9106,Philippines,False,ML620733887,P1
620733888,bcfdov1,Ptilinopus leclancheri,クロアゴヒメアオバト,0.0,0,"D’ Family Park, Cebu, Philippines",23 Jun 2024,Kurt  Cabahug,10.3602,123.9106,Philippines,False,ML620733888,P1
620943683,bcfdov1,Ptilinopus leclancheri,クロアゴヒメアオバト,3.0,1,"Argao, Malay, Aklan (11.912, 121.941), Aklan, Philippines",22 Jun 2024,Richard Cahilig,11.9118,121.9405,Philippines,False,ML620943683,P1
621419905,bcfdov1,Ptilinopus leclancheri,クロアゴヒメアオバト,3.0,1,"Camiguin Island, Camiguin, Philippines",9 Jul 2024,David Morrison,9.1679,124.7189,Philippines,False,ML621419905,P1
632083731,bcfdov1,Ptilinopus leclancheri,クロアゴヒメアオバト,4.5,2,"Liptong Creek, Valencia, Negros Oriental, Philippines",14 Mar 2025,Chris Chafer,9.2636,123.24,Philippines,False,ML632083731,P1
632253076,bcfdov1,Ptilinopus leclancheri,クロアゴヒメアオバト,0.0,0,"University of San Carlos - Talamban campus, Cebu, Philippines",10 Mar 2025,Kurt  Cabahug,10.3551,123.9103,Philippines,False,ML632253076,P1
632547339,bcfdov1,Ptilinopus leclancheri,クロアゴヒメアオバト,4.0,2,"Plantations and orchards above Too-good Homestay, Sitio Tugod, Calayan Island, Calayan PH-Cagayan, Cagayan, Philippines",16 Mar 2025,Robert Hutchinson / Birdtour Asia,19.2701,121.4645,Philippines,False,ML632547339,P1
632690161,bcfdov1,Ptilinopus leclancheri,クロアゴヒメアオバト,0.0,0,"Mayong Payong, Mobo, Masbate, Philippines",26 Mar 2025,Justine Albao,12.3252,123.637,Philippines,False,ML632690161,P1
632783180,bcfdov1,Ptilinopus leclancheri,クロアゴヒメアオバト,0.0,0,"Mayong Payong, Mobo, Masbate, Philippines",28 Mar 2025,Justine Albao,12.3252,123.637,Philippines,False,ML632783180,P1
632783181,bcfdov1,Ptilinopus leclancheri,クロアゴヒメアオバト,0.0,0,"Mayong Payong, Mobo, Masbate, Philippines",28 Mar 2025,Justine Albao,12.3252,123.637,Philippines,False,ML632783181,P1
632783182,bcfdov1,Ptilinopus leclancheri,クロアゴヒメアオバト,0.0,0,"Mayong Payong, Mobo, Masbate, Philippines",28 Mar 2025,Justine Albao,12.3252,123.637,Philippines,False,ML632783182,P1
632783183,bcfdov1,Ptilinopus leclancheri,クロアゴヒメアオバト,0.0,0,"Mayong Payong, Mobo, Masbate, Philippines",28 Mar 2025,Justine Albao,12.3252,123.637,Philippines,False,ML632783183,P1
632938068,bcfdov1,Ptilinopus leclancheri,クロアゴヒメアオバト,0.0,0,"Nug-as Forest, Alcoy, Cebu, Philippines",15 Mar 2025,Kurt  Cabahug,9.7117,123.4495,Philippines,False,ML632938068,P1
632941415,bcfdov1,Ptilinopus leclancheri,クロアゴヒメアオバト,0.0,0,"Nug-as Forest, Alcoy, Cebu, Philippines",16 Mar 2025,Kurt  Cabahug,9.7117,123.4495,Philippines,False,ML632941415,P1
632941416,bcfdov1,Ptilinopus leclancheri,クロアゴヒメアオバト,0.0,0,"Nug-as Forest, Alcoy, Cebu, Philippines",16 Mar 2025,Kurt  Cabahug,9.7117,123.4495,Philippines,False,ML632941416,P1
632941417,bcfdov1,Ptilinopus leclancheri,クロアゴヒメアオバト,0.0,0,"Nug-as Forest, Alcoy, Cebu, Philippines",16 Mar 2025,Kurt  Cabahug,9.7117,123.4495,Philippines,False,ML632941417,P1
632941418,bcfdov1,Ptilinopus leclancheri,クロアゴヒメアオバト,0.0,0,"Nug-as Forest, Alcoy, Cebu, Philippines",16 Mar 2025,Kurt  Cabahug,9.7117,123.4495,Philippines,False,ML632941418,P1
633207368,bcfdov1,Ptilinopus leclancheri,クロアゴヒメアオバト,0.0,0,"Mt. Makiling Forest Reserve--Trail, Laguna, Philippines",4 Apr 2025,蔡 爵宇,14.1375,121.2212,Philippines,False,ML633207368,P1
633309397,bcfdov1,Ptilinopus leclancheri,クロアゴヒメアオバト,4.0,1,"Ticao - Alisuso trail, Masbate, Philippines",5 Apr 2025,Justine Albao,12.5618,123.7104,Philippines,False,ML633309397,P1
633309398,bcfdov1,Ptilinopus leclancheri,クロアゴヒメアオバト,3.0,1,"Ticao - Alisuso trail, Masbate, Philippines",5 Apr 2025,Justine Albao,12.5618,123.7104,Philippines,False,ML633309398,P1
633309400,bcfdov1,Ptilinopus leclancheri,クロアゴヒメアオバト,2.0,1,"Ticao - Alisuso trail, Masbate, Philippines",5 Apr 2025,Justine Albao,12.5618,123.7104,Philippines,False,ML633309400,P1
633589467,bcfdov1,Ptilinopus leclancheri,クロアゴヒメアオバト,3.0,1,"Mayong Payong, Mobo, Masbate, Philippines",11 Apr 2025,Justine Albao,12.3252,123.637,Philippines,False,ML633589467,P1
633589468,bcfdov1,Ptilinopus leclancheri,クロアゴヒメアオバト,4.0,2,"Mayong Payong, Mobo, Masbate, Philippines",11 Apr 2025,Justine Albao,12.3252,123.637,Philippines,False,ML633589468,P1
633589469,bcfdov1,Ptilinopus leclancheri,クロアゴヒメアオバト,4.5,2,"Mayong Payong, Mobo, Masbate, Philippines",11 Apr 2025,Justine Albao,12.3252,123.637,Philippines,False,ML633589469,P1
633703736,bcfdov1,Ptilinopus leclancheri,クロアゴヒメアオバト,1.0,1,"Punta Pantalan, Bulata, Cauayan, Negros Occidental, Philippines",13 Apr 2025,David Morrison,9.8527,122.3927,Philippines,False,ML633703736,P1
633704285,bcfdov1,Ptilinopus leclancheri,クロアゴヒメアオバト,2.0,1,"Punta Pantalan, Bulata, Cauayan, Negros Occidental, Philippines",13 Apr 2025,David Morrison,9.8527,122.3927,Philippines,False,ML633704285,P1
633833527,bcfdov1,Ptilinopus leclancheri,クロアゴヒメアオバト,3.0,1,"3 Ps Resort, Romblon, Philippines",16 Apr 2025,Mads Bajarias,12.5562,122.2515,Philippines,False,ML633833527,P1
640086599,bcfdov1,Ptilinopus leclancheri,クロアゴヒメアオバト,0.0,0,"Mt. Makiling Forest Reserve--TREES, Laguna, Philippines",25 Jun 2025,Gabriel Leite,14.1515,121.2333,Philippines,False,ML640086599,P1
640086603,bcfdov1,Ptilinopus leclancheri,クロアゴヒメアオバト,3.0,1,"Mt. Makiling Forest Reserve--TREES, Laguna, Philippines",25 Jun 2025,Gabriel Leite,14.1515,121.2333,Philippines,False,ML640086603,P1
647817957,bcfdov1,Ptilinopus leclancheri,クロアゴヒメアオバト,2.0,1,"D’ Family Park, Cebu, Philippines",30 Dec 2025,Kurt  Cabahug,10.3602,123.9106,Philippines,False,ML647817957,P1
648541737,bcfdov1,Ptilinopus leclancheri,クロアゴヒメアオバト,0.0,0,"Loboc Watershed Road, Bgy. Zamora, Bilar, Bohol, Philippines",9 Jan 2026,Lars Mannzen,9.7186,124.0883,Philippines,False,ML648541737,P1
648747571,bcfdov1,Ptilinopus leclancheri,クロアゴヒメアオバト,0.0,0,"Rajah Sikatuna Protected Landscape, Bohol, Philippines",12 Jan 2026,Lars Mannzen,9.7056,124.1233,Philippines,False,ML648747571,P1
648747683,bcfdov1,Ptilinopus leclancheri,クロアゴヒメアオバト,0.0,0,"Rajah Sikatuna Protected Landscape, Bohol, Philippines",12 Jan 2026,Lars Mannzen,9.7056,124.1233,Philippines,False,ML648747683,P1
648934954,bcfdov1,Ptilinopus leclancheri,クロアゴヒメアオバト,0.0,0,"Bohol Biodiversity Complex, Bilar, Bohol, Philippines",15 Jan 2026,Lars Mannzen,9.7152,124.1045,Philippines,False,ML648934954,P1
649126993,bcfdov1,Ptilinopus leclancheri,クロアゴヒメアオバト,0.0,0,"Loboc River, Bohol, Philippines",18 Jan 2026,Lars Mannzen,9.6268,124.0199,Philippines,False,ML649126993,P1
649200560,bcfdov1,Ptilinopus leclancheri,クロアゴヒメアオバト,0.0,0,"Loboc River Bay, Loay, Bohol, Philippines",19 Jan 2026,Lars Mannzen,9.5982,124.0079,Philippines,False,ML649200560,P1
649200566,bcfdov1,Ptilinopus leclancheri,クロアゴヒメアオバト,0.0,0,"Loboc River Bay, Loay, Bohol, Philippines",19 Jan 2026,Lars Mannzen,9.5982,124.0079,Philippines,False,ML649200566,P1
649271871,bcfdov1,Ptilinopus leclancheri,クロアゴヒメアオバト,0.0,0,"Mt. Bandilaan National Park (Siquijor Island), Siquijor, Philippines",20 Jan 2026,Lars Mannzen,9.1912,123.5849,Philippines,False,ML649271871,P1
649271920,bcfdov1,Ptilinopus leclancheri,クロアゴヒメアオバト,0.0,0,"Mt. Bandilaan National Park (Siquijor Island), Siquijor, Philippines",20 Jan 2026,Lars Mannzen,9.1912,123.5849,Philippines,False,ML649271920,P1
103573541,bkbkin1,Ceyx erithaca,ミツユビカワセミ,2.6,5,"Karnala Bird Sanctuary, Raigad, Maharashtra, India",7 Jun 2018,Pradnyavant Mane,18.8933,73.1134,India,False,ML103573541,P1
103573671,bkbkin1,Ceyx erithaca,ミツユビカワセミ,2.8,5,"Karnala Bird Sanctuary, Raigad, Maharashtra, India",7 Jun 2018,Pradnyavant Mane,18.8933,73.1134,India,False,ML103573671,P1
162504601,bkbkin1,Ceyx erithaca,ミツユビカワセミ,1.2,5,"BNHS Conservation Education Centre, Mumbai Suburban, Maharashtra, India",2 Jun 2019,Lakshmikant Neve,19.1627,72.892,India,False,ML162504601,P1
164569011,bkbkin1,Ceyx erithaca,ミツユビカワセミ,4.0,5,"Karnala Bird Sanctuary--Hariyal trail, Raigad, Maharashtra, India",16 Jun 2019,Hemant Ware,18.8912,73.1138,India,False,ML164569011,P1
196386521,bkbkin1,Ceyx erithaca,ミツユビカワセミ,2.0,5,"Indrali Temple Road, Udupi, Karnataka, India",1 Jan 2020,Shaurya Rahul Narlanka,13.3357,74.777,India,False,ML196386521,P1
203917831,bkbkin1,Ceyx erithaca,ミツユビカワセミ,4.0,5,"Khao Nor Chuchi, Krabi, Thailand",7 Apr 2008,Josep del Hoyo,7.9011,99.3006,Thailand,False,ML203917831,P1
204006891,bkbkin1,Ceyx erithaca,ミツユビカワセミ,4.25,8,"Kaeng Krachan NP* (general area), Phetchaburi, Thailand",13 Mar 2010,Martin Kennewell,12.8046,99.4002,Thailand,False,ML204006891,P1
260829501,bkbkin1,Ceyx erithaca,ミツユビカワセミ,2.2,5,"Bailupadavu House, Punacha Village, Dakshina Kannada, Karnataka, IN (12.728, 75.168), Dakshina Kannada, Karnataka, India",7 Sep 2020,Shreyas Punacha,12.7276,75.1679,India,False,ML260829501,P1
349772751,bkbkin1,Ceyx erithaca,ミツユビカワセミ,2.75,4,"Kaeng Krachan NP--Ban Krang Campgrounds, Phetchaburi, Thailand",19 Jun 2021,Luckchai Phonwijit,12.7988,99.4535,Thailand,False,ML349772751,P1
462978181,bkbkin1,Ceyx erithaca,ミツユビカワセミ,3.0,4,"Purna WLS, Dang, Gujarat, India",27 Jun 2022,Esha Munshi,20.918,73.7012,India,False,ML462978181,P1
462978191,bkbkin1,Ceyx erithaca,ミツユビカワセミ,4.75,4,"Purna WLS, Dang, Gujarat, India",27 Jun 2022,Esha Munshi,20.918,73.7012,India,False,ML462978191,P1
479324821,bkbkin1,Ceyx erithaca,ミツユビカワセミ,1.75,4,"Adampur - Rajkandi Reserve Forest, Sylhet bibhag, Bangladesh",18 Aug 2022,Shawn Dev,24.2293,91.9139,Bangladesh,False,ML479324821,P1
488935431,bkbkin1,Ceyx erithaca,ミツユビカワセミ,2.5,2,"Birunani--Barapole River Eastern Bridge, Kodagu, Karnataka, India",25 Sep 2022,Sahana M,12.0188,75.8913,India,False,ML488935431,P1
488935921,bkbkin1,Ceyx erithaca,ミツユビカワセミ,2.3333333333333335,3,"Birunani--Barapole River Eastern Bridge, Kodagu, Karnataka, India",25 Sep 2022,Sahana M,12.0188,75.8913,India,False,ML488935921,P1
488941471,bkbkin1,Ceyx erithaca,ミツユビカワセミ,1.0,1,"Birunani--Barapole River Eastern Bridge, Kodagu, Karnataka, India",25 Sep 2022,Sahana M,12.0188,75.8913,India,False,ML488941471,P1
498658431,bkbkin1,Ceyx erithaca,ミツユビカワセミ,1.0,1,"Birunani--Barapole River Eastern Bridge, Kodagu, Karnataka, India",25 Sep 2022,Karthik Thrikkadeeri,12.0188,75.8913,India,False,ML498658431,P1
557949991,bkbkin1,Ceyx erithaca,ミツユビカワセミ,2.5,2,"weerapana, Thawalama, Galle, Sri Lanka",15 Apr 2023,Melan Sridhara,6.2481,80.4234,Sri Lanka,False,ML557949991,P1
577007561,bkbkin1,Ceyx erithaca,ミツユビカワセミ,3.5,2,"Lighthouse, South Andaman, Andaman and Nicobar Islands, India",17 May 2023,Sudip Simha,10.5119,92.5044,India,False,ML577007561,P1
577023211,bkbkin1,Ceyx erithaca,ミツユビカワセミ,2.5,2,"White surf waterfall, South Andaman, Andaman and Nicobar Islands, India",18 May 2023,Sudip Simha,10.6193,92.5252,India,False,ML577023211,P1
577808831,bkbkin1,Ceyx erithaca,ミツユビカワセミ,3.0,2,"Talkat Van Udyan (15.807, 73.953), Sindhudurg, Maharashtra, India",21 May 2023,Pradnyavant Mane,15.8073,73.9526,India,False,ML577808831,P1
614479597,bkbkin1,Ceyx erithaca,ミツユビカワセミ,3.5,2,"Yeak Laom Lake, Rôtânôkiri, Cambodia",22 Nov 2023,Steven Sutton,13.7287,107.0151,Cambodia,False,ML614479597,P1
615134725,bkbkin1,Ceyx erithaca,ミツユビカワセミ,2.5,2,"Morle Gad Foothills, North Goa, Goa, India",19 Feb 2024,Senan D'Souza,15.5968,74.0614,India,False,ML615134725,P1
617960967,bkbkin1,Ceyx erithaca,ミツユビカワセミ,1.5,2,"Kwang Island (Ko Kwang), Chanthaburi, Thailand",24 Apr 2024,Mark  Hogarth,12.3969,102.1338,Thailand,False,ML617960967,P1
619830137,bkbkin1,Ceyx erithaca,ミツユビカワセミ,2.5,2,"Bridge - Are road, Ratnagiri, Maharashtra, India",29 May 2024,Vikrant Prabhulkar,17.5171,73.1875,India,False,ML619830137,P1
619934145,bkbkin1,Ceyx erithaca,ミツユビカワセミ,3.25,4,"Tamhini Forest, Pune, Maharashtra, India",1 Jun 2024,Abhijeet  Avate,18.446,73.4266,India,False,ML619934145,P1
619947644,bkbkin1,Ceyx erithaca,ミツユビカワセミ,4.0,2,"Meethirigala Nissarana Aranya Road (6.993, 80.175), Dompe, Gampaha, Sri Lanka",23 Jan 2024,Rumeth Jayasinghe,6.9926,80.1753,Sri Lanka,False,ML619947644,P1
619985200,bkbkin1,Ceyx erithaca,ミツユビカワセミ,3.0,2,"Mu Ko Chang NP--Huang Nam Keaw Waterfall, Trat, Thailand",2 Jun 2024,Paul Farrell,11.656,102.5822,Thailand,False,ML619985200,P1
619985616,bkbkin1,Ceyx erithaca,ミツユビカワセミ,3.6666666666666665,3,"Mu Ko Chang NP--Huang Nam Keaw Waterfall, Trat, Thailand",2 Jun 2024,Paul Farrell,11.656,102.5822,Thailand,False,ML619985616,P1
620474013,bkbkin1,Ceyx erithaca,ミツユビカワセミ,1.0,2,"Kusarave, Maharashtra, IN (16.073, 73.627), Sindhudurg, Maharashtra, India",15 Jun 2024,Shrikrishna  Magdum,16.073,73.6269,India,False,ML620474013,P1
620881710,bkbkin1,Ceyx erithaca,ミツユビカワセミ,3.5,4,"Phansad Wildlife Sanctuary, Raigad, Maharashtra, India",23 Jun 2024,Hemant Ware,18.4592,72.9352,India,False,ML620881710,P1
625925378,bkbkin1,Ceyx erithaca,ミツユビカワセミ,4.0,3,"Kitulgala--Sisira’s River Lounge, Yatiyanthota, Kegalla, Sri Lanka",6 Oct 2024,Lukasz Ifczok,6.9937,80.411,Sri Lanka,False,ML625925378,P1
632740825,bkbkin1,Ceyx erithaca,ミツユビカワセミ,2.0,1,"Kaeng Krachan NP--stream crossings 1–3, Phetchaburi, Thailand",26 Mar 2025,Wich’yanan Limparungpatthanakij,12.8033,99.4417,Thailand,False,ML632740825,P1
63490191,bkbkin1,Ceyx erithaca,ミツユビカワセミ,3.4,5,"Mumbra Hills, Thane, Maharashtra, India",14 Oct 2012,Pradnyavant Mane,19.1926,73.0185,India,False,ML63490191,P1
638381683,bkbkin1,Ceyx erithaca,ミツユビカワセミ,0.0,0,"Kitulgala--Kelani Valley/Makandawa Forest Reserve, Yatiyanthota, Kegalla, Sri Lanka",31 Mar 2025,Jason Vassallo,6.9918,80.4057,Sri Lanka,False,ML638381683,P1
639507655,bkbkin1,Ceyx erithaca,ミツユビカワセミ,1.0,1,"Karnala Bird Sanctuary, Raigad, Maharashtra, India",26 Jul 2025,Vaibhav PatiL,18.8933,73.1134,India,False,ML639507655,P1
639507656,bkbkin1,Ceyx erithaca,ミツユビカワセミ,1.0,1,"Karnala Bird Sanctuary, Raigad, Maharashtra, India",26 Jul 2025,Vaibhav PatiL,18.8933,73.1134,India,False,ML639507656,P1
647578010,bkbkin1,Ceyx erithaca,ミツユビカワセミ,0.0,0,"Sigiriya Village Hotel, Hotel Road, Sigiriya, Dambulla, Matale, Sri Lanka",8 Nov 2025,Carl Haynie,7.9497,80.7613,Sri Lanka,False,ML647578010,P1
647585398,bkbkin1,Ceyx erithaca,ミツユビカワセミ,0.0,0,"Sigiriya Village Hotel, Hotel Road, Sigiriya, Dambulla, Matale, Sri Lanka",8 Nov 2025,Carl Haynie,7.9497,80.7613,Sri Lanka,False,ML647585398,P1
156906871,bkfalb,Phoebastria nigripes,クロアシアホウドリ,3.3333333333333335,3,"Westport pelagic--offshore waters Grays Canyon, Grays Harbor, Washington, United States",4 May 2019,Bill Tweit,46.9943,-124.9509,United States,False,ML156906871,P1
171117671,bkfalb,Phoebastria nigripes,クロアシアホウドリ,2.0,2,"(37.4455,-122.9869), San Francisco, California, United States",3 Aug 2019,Daniel Murphy,37.4455,-122.9869,United States,False,ML171117671,P1
185012811,bkfalb,Phoebastria nigripes,クロアシアホウドリ,1.5,2,"Tofino pelagic trip, Alberni-Clayoquot, British Columbia, Canada",7 Sep 2019,David M. Bell,48.8438,-126.4069,Canada,False,ML185012811,P1
32553,bkfalb,Phoebastria nigripes,クロアシアホウドリ,3.3333333333333335,3,"Midway Islands, United States Minor Outlying Islands",25 Feb 1963,Chandler Robbins,0.0,0.0,United States Minor Outlying Islands,False,ML32553,P1
32554,bkfalb,Phoebastria nigripes,クロアシアホウドリ,4.5,2,"Midway Islands, United States Minor Outlying Islands",Unknown,Chandler Robbins,0.0,0.0,United States Minor Outlying Islands,False,ML32554,P1
32555,bkfalb,Phoebastria nigripes,クロアシアホウドリ,3.6666666666666665,3,"Midway Islands, United States Minor Outlying Islands",Unknown,Chandler Robbins,0.0,0.0,United States Minor Outlying Islands,False,ML32555,P1
32556,bkfalb,Phoebastria nigripes,クロアシアホウドリ,2.6666666666666665,3,"Midway Islands, United States Minor Outlying Islands",Unknown,Chandler Robbins,0.0,0.0,United States Minor Outlying Islands,False,ML32556,P1
32557,bkfalb,Phoebastria nigripes,クロアシアホウドリ,3.3333333333333335,3,"Midway Islands, United States Minor Outlying Islands",Unknown,Chandler Robbins,0.0,0.0,United States Minor Outlying Islands,False,ML32557,P1
32558,bkfalb,Phoebastria nigripes,クロアシアホウドリ,4.5,2,"Midway Islands, United States Minor Outlying Islands",Unknown,Chandler Robbins,0.0,0.0,United States Minor Outlying Islands,False,ML32558,P1
32559,bkfalb,Phoebastria nigripes,クロアシアホウドリ,4.5,2,"Midway Islands, United States Minor Outlying Islands",Unknown,Chandler Robbins,0.0,0.0,United States Minor Outlying Islands,False,ML32559,P1
32560,bkfalb,Phoebastria nigripes,クロアシアホウドリ,4.5,2,"Midway Islands, United States Minor Outlying Islands",Unknown,Chandler Robbins,0.0,0.0,United States Minor Outlying Islands,False,ML32560,P1
32561,bkfalb,Phoebastria nigripes,クロアシアホウドリ,3.0,2,"Midway Islands, United States Minor Outlying Islands",Unknown,Chandler Robbins,0.0,0.0,United States Minor Outlying Islands,False,ML32561,P1
32562,bkfalb,Phoebastria nigripes,クロアシアホウドリ,3.0,2,"Midway Islands, United States Minor Outlying Islands",Unknown,Chandler Robbins,0.0,0.0,United States Minor Outlying Islands,False,ML32562,P1
32563,bkfalb,Phoebastria nigripes,クロアシアホウドリ,5.0,2,"Midway Islands, United States Minor Outlying Islands",Unknown,Chandler Robbins,0.0,0.0,United States Minor Outlying Islands,False,ML32563,P1
32564,bkfalb,Phoebastria nigripes,クロアシアホウドリ,3.3333333333333335,3,"Midway Islands, United States Minor Outlying Islands",Unknown,Chandler Robbins,0.0,0.0,United States Minor Outlying Islands,False,ML32564,P1
32565,bkfalb,Phoebastria nigripes,クロアシアホウドリ,3.0,3,"Midway Islands, United States Minor Outlying Islands",Unknown,Chandler Robbins,0.0,0.0,United States Minor Outlying Islands,False,ML32565,P1
32566,bkfalb,Phoebastria nigripes,クロアシアホウドリ,4.2,5,"Midway Islands, United States Minor Outlying Islands",25 Feb 1963,Chandler Robbins,0.0,0.0,United States Minor Outlying Islands,False,ML32566,P1
32590,bkfalb,Phoebastria nigripes,クロアシアホウドリ,5.0,2,"Hawaii, United States",Unknown,Chandler Robbins,0.0,0.0,United States,False,ML32590,P1
32591,bkfalb,Phoebastria nigripes,クロアシアホウドリ,4.0,2,"Hawaii, United States",Unknown,Chandler Robbins,0.0,0.0,United States,False,ML32591,P1
32592,bkfalb,Phoebastria nigripes,クロアシアホウドリ,4.444444444444445,9,"Midway Islands, United States Minor Outlying Islands",23 Feb 1964,Chandler Robbins,0.0,0.0,United States Minor Outlying Islands,False,ML32592,P1
32615,bkfalb,Phoebastria nigripes,クロアシアホウドリ,2.5,2,"Hawaii, United States",Unknown,Chandler Robbins,0.0,0.0,United States,False,ML32615,P1
32645,bkfalb,Phoebastria nigripes,クロアシアホウドリ,4.0,4,"Hawaii, United States",Unknown,Chandler Robbins,0.0,0.0,United States,False,ML32645,P1
32652,bkfalb,Phoebastria nigripes,クロアシアホウドリ,5.0,4,"Hawaii, United States",Unknown,Chandler Robbins,0.0,0.0,United States,False,ML32652,P1
32653,bkfalb,Phoebastria nigripes,クロアシアホウドリ,4.0,5,"Midway Islands, United States Minor Outlying Islands",27 Mar 1964,Chandler Robbins,0.0,0.0,United States Minor Outlying Islands,False,ML32653,P1
431093831,bkfalb,Phoebastria nigripes,クロアシアホウドリ,3.0,3,"Westport pelagic--offshore waters Grays Canyon, Grays Harbor, Washington, United States",27 Mar 2022,Jason Vassallo,46.9943,-124.9509,United States,False,ML431093831,P1
436764211,bkfalb,Phoebastria nigripes,クロアシアホウドリ,2.6666666666666665,3,"Monterey Seavalley pelagic (MTY Co., 12+ hour trips only), Monterey, California, United States",25 Mar 2022,Teresa buowgirl,36.6025,-122.5014,United States,False,ML436764211,P1
565883021,bkfalb,Phoebastria nigripes,クロアシアホウドリ,3.0,1,"Bandon Pelagic Run West, Curry, Oregon, United States",29 Apr 2023,William Huggins,42.955,-124.7915,United States,False,ML565883021,P1
566525231,bkfalb,Phoebastria nigripes,クロアシアホウドリ,3.0,1,"Chum spot, Curry, Oregon, United States",29 Apr 2023,Rich Hoyer,43.0666,-124.9,United States,False,ML566525231,P1
566551961,bkfalb,Phoebastria nigripes,クロアシアホウドリ,3.0,1,"Chum spot, Curry, Oregon, United States",29 Apr 2023,Erik Bergman,43.0666,-124.9,United States,False,ML566551961,P1
566551971,bkfalb,Phoebastria nigripes,クロアシアホウドリ,3.0,1,"Chum spot, Curry, Oregon, United States",29 Apr 2023,Erik Bergman,43.0666,-124.9,United States,False,ML566551971,P1
569539921,bkfalb,Phoebastria nigripes,クロアシアホウドリ,2.0,2,"5.7.23 Bodega Pelagic leg 5, Marin, California, United States",7 May 2023,James (Jim) Holmes,37.9608,-123.5178,United States,False,ML569539921,P1
569540071,bkfalb,Phoebastria nigripes,クロアシアホウドリ,2.0,2,"5.7.23 Bodega Pelagic leg 5, Marin, California, United States",7 May 2023,James (Jim) Holmes,37.9608,-123.5178,United States,False,ML569540071,P1
569540161,bkfalb,Phoebastria nigripes,クロアシアホウドリ,2.0,2,"5.7.23 Bodega Pelagic leg 5, Marin, California, United States",7 May 2023,James (Jim) Holmes,37.9608,-123.5178,United States,False,ML569540161,P1
569542191,bkfalb,Phoebastria nigripes,クロアシアホウドリ,2.0,2,"5.7.23 Bodega Pelagic leg 6, Marin, California, United States",7 May 2023,James (Jim) Holmes,37.9897,-123.5381,United States,False,ML569542191,P1
569544521,bkfalb,Phoebastria nigripes,クロアシアホウドリ,2.0,2,"5.7.23 Bodega Pelagic leg 6, Marin, California, United States",7 May 2023,James (Jim) Holmes,37.9897,-123.5381,United States,False,ML569544521,P1
570567611,bkfalb,Phoebastria nigripes,クロアシアホウドリ,3.0,1,"Chum spot, Curry, Oregon, United States",29 Apr 2023,Colby Neuman,43.0666,-124.9,United States,False,ML570567611,P1
573253661,bkfalb,Phoebastria nigripes,クロアシアホウドリ,4.0,3,"5.7.23 Bodega Pelagic leg 7, Marin, California, United States",7 May 2023,Marty Freeland,38.0761,-123.5935,United States,False,ML573253661,P1
573827901,bkfalb,Phoebastria nigripes,クロアシアホウドリ,2.0,1,"5.7.23 Bodega Pelagic leg 7, Marin, California, United States",7 May 2023,Connor Cochrane,38.0761,-123.5935,United States,False,ML573827901,P1
588796701,bkfalb,Phoebastria nigripes,クロアシアホウドリ,2.0,1,"Bodega Pelagic 8/21 leg 4, Marin, California, United States",21 Aug 2022,Lucas Corneliussen,38.0028,-123.4395,United States,False,ML588796701,P1
608086531,bkfalb,Phoebastria nigripes,クロアシアホウドリ,3.0,1,"Monterey Bay Pelagic (36.695, -122.102), Monterey, California, United States",19 Aug 2023,Bill Hubick,36.6954,-122.1016,United States,False,ML608086531,P1
608086541,bkfalb,Phoebastria nigripes,クロアシアホウドリ,2.5,2,"Monterey Bay Pelagic (36.695, -122.102), Monterey, California, United States",19 Aug 2023,Bill Hubick,36.6954,-122.1016,United States,False,ML608086541,P1
608641809,bkfalb,Phoebastria nigripes,クロアシアホウドリ,3.6666666666666665,3,"Monterey Bay Pelagic (36.695, -122.102), Monterey, California, United States",19 Aug 2023,Phoebe Barnes,36.6954,-122.1016,United States,False,ML608641809,P1
614882322,bkfalb,Phoebastria nigripes,クロアシアホウドリ,1.0,2,"宜蘭--東澳外海(Yilan--Dong'ao Pelagic), Yilan County, Taiwan",14 Feb 2024,Chi-Hsuan Shao,24.4837,122.0264,Taiwan,True,ML614882322,P1
614882429,bkfalb,Phoebastria nigripes,クロアシアホウドリ,3.6666666666666665,3,"宜蘭--東澳外海(Yilan--Dong'ao Pelagic), Yilan County, Taiwan",14 Feb 2024,Chi-Hsuan Shao,24.4837,122.0264,Taiwan,True,ML614882429,P1
621053292,bkfalb,Phoebastria nigripes,クロアシアホウドリ,3.0,1,"Chum spot, Curry, Oregon, United States",29 Apr 2023,Kevin Scaldeferri,43.0666,-124.9,United States,False,ML621053292,P1
623014515,bkfalb,Phoebastria nigripes,クロアシアホウドリ,4.0,2,"OPT, 30m offshore 44.72572, -124.61021, Lincoln, Oregon, United States",25 Aug 2024,John Bjorkman,44.7257,-124.6102,United States,False,ML623014515,P1
623026367,bkfalb,Phoebastria nigripes,クロアシアホウドリ,3.0,1,"Auto selected 44.74806, -124.60734, Lincoln, Oregon, United States",25 Aug 2024,Kevin Scaldeferri,44.7481,-124.6073,United States,False,ML623026367,P1
623073195,bkfalb,Phoebastria nigripes,クロアシアホウドリ,4.0,2,"Thirty Mile Bank (SD Co.), San Diego, California, United States",25 Aug 2024,Russ Namitz,32.7125,-117.7279,United States,False,ML623073195,P1
623118081,bkfalb,Phoebastria nigripes,クロアシアホウドリ,1.0,1,"Auto selected 44.74806, -124.60734, Lincoln, Oregon, United States",25 Aug 2024,Thomas Czubek,44.7481,-124.6073,United States,False,ML623118081,P1
623309834,bkfalb,Phoebastria nigripes,クロアシアホウドリ,1.0,1,"Auto selected 44.74806, -124.60734, Lincoln, Oregon, United States",25 Aug 2024,Colby Neuman,44.7481,-124.6073,United States,False,ML623309834,P1
623309851,bkfalb,Phoebastria nigripes,クロアシアホウドリ,1.0,1,"Auto selected 44.74806, -124.60734, Lincoln, Oregon, United States",25 Aug 2024,Colby Neuman,44.7481,-124.6073,United States,False,ML623309851,P1
623310037,bkfalb,Phoebastria nigripes,クロアシアホウドリ,3.0,1,"Auto selected 44.80860, -124.52245, Lincoln, Oregon, United States",25 Aug 2024,Colby Neuman,44.8086,-124.5224,United States,False,ML623310037,P1
623605410,bkfalb,Phoebastria nigripes,クロアシアホウドリ,2.5,2,"Father Charles Canyon, Alberni-Clayoquot, British Columbia, Canada",10 Sep 2024,Liam Ragan,48.7128,-126.4151,Canada,False,ML623605410,P1
623878467,bkfalb,Phoebastria nigripes,クロアシアホウドリ,3.5,2,"Auto selected 37.40135, -122.87723, San Mateo, California, United States",14 Sep 2024,Anonymous,37.4013,-122.8772,United States,False,ML623878467,P1
626722936,bkfalb,Phoebastria nigripes,クロアシアホウドリ,3.0,3,"Auto selected 44.74806, -124.60734, Lincoln, Oregon, United States",25 Aug 2024,Colton Veltkamp,44.7481,-124.6073,United States,False,ML626722936,P1
631206488,bkfalb,Phoebastria nigripes,クロアシアホウドリ,2.0,1,"宜蘭--東澳外海(Yilan--Dong'ao Pelagic), Yilan County, Taiwan",15 Feb 2025,Chi-Hsuan Shao,24.4837,122.0264,Taiwan,True,ML631206488,P1
631559140,bkfalb,Phoebastria nigripes,クロアシアホウドリ,0.0,0,"2025.2.26東澳出海第6段, Yilan County, Taiwan",26 Feb 2025,Lee-Lien WANG,24.5057,122.1122,Taiwan,True,ML631559140,P1
631559142,bkfalb,Phoebastria nigripes,クロアシアホウドリ,1.0,1,"2025.2.26東澳出海第6段, Yilan County, Taiwan",26 Feb 2025,Lee-Lien WANG,24.5057,122.1122,Taiwan,True,ML631559142,P1
631559199,bkfalb,Phoebastria nigripes,クロアシアホウドリ,1.0,1,"2025.2.26東澳出海第6段, Yilan County, Taiwan",26 Feb 2025,Lee-Lien WANG,24.5057,122.1122,Taiwan,True,ML631559199,P1
637057410,bkfalb,Phoebastria nigripes,クロアシアホウドリ,2.0,1,"North Pacific Ocean (39.5534,-124.1411), Mendocino, California, United States",11 May 2025,Eric Heisey,39.5534,-124.1411,United States,False,ML637057410,P1
637728119,bkfalb,Phoebastria nigripes,クロアシアホウドリ,2.0,1,"Slick 3 and leg 6: Auto selected 39.52228, -123.95072, Mendocino, California, United States",15 Jun 2025,Aidan Sinha,39.5223,-123.9507,United States,False,ML637728119,P1
637728166,bkfalb,Phoebastria nigripes,クロアシアホウドリ,2.0,1,"Slick 3 and leg 6: Auto selected 39.52228, -123.95072, Mendocino, California, United States",15 Jun 2025,Aidan Sinha,39.5223,-123.9507,United States,False,ML637728166,P1
638227819,bkfalb,Phoebastria nigripes,クロアシアホウドリ,1.0,1,"Leg 5: Auto selected 39.60141, -124.00155, Mendocino, California, United States",15 Jun 2025,Troy Hibbitts,39.6014,-124.0015,United States,False,ML638227819,P1
640156457,bkfalb,Phoebastria nigripes,クロアシアホウドリ,1.0,1,"Thirty Mile Bank (SD Co.), San Diego, California, United States",9 Aug 2025,Marjorie Keefe,32.7125,-117.7279,United States,False,ML640156457,P1
642686419,bkfalb,Phoebastria nigripes,クロアシアホウドリ,1.0,1,"Auto selected 37.34543, -123.05267, San Francisco, California, United States",27 Sep 2025,Michael Long,37.3454,-123.0527,United States,False,ML642686419,P1
650639728,bkfalb,Phoebastria nigripes,クロアシアホウドリ,4.0,1,"Chum 1--Steller Sunrise pelagic 6 Dec 2024, Humboldt, California, United States",6 Dec 2024,Michele Swartout,40.6646,-124.5169,United States,False,ML650639728,P1
71694,bkfalb,Phoebastria nigripes,クロアシアホウドリ,3.0,3,"Green Island, Kure Atoll (restricted access), Northwestern Hawaiian Islands, Hawaii, United States",6 Feb 1966,Chandler Robbins,28.3925,-178.2939,United States,False,ML71694,P1
964,bkfalb,Phoebastria nigripes,クロアシアホウドリ,3.0,4,,Unknown,Richard Borden,0.0,0.0,,False,ML964,P1
968,bkfalb,Phoebastria nigripes,クロアシアホウドリ,3.0,4,"SAND IS., Midway Islands, United States Minor Outlying Islands",21 Jan 1964,William V. Ward,28.2167,-177.3667,United States Minor Outlying Islands,False,ML968,P1
104271101,bkfbun2,Emberiza personata,アオジ,5.0,2,"苫小牧市--苫小牧研究林 (Tomakomai--Tomakomai Experimental Forest), Tomakomai, Hokkaido, Japan",6 Jun 2018,Ting-Wei (廷維) HUNG (洪),42.6764,141.5996,Japan,True,ML104271101,P1
104272771,bkfbun2,Emberiza personata,アオジ,2.0,1,"江別市--野幌森林公園--自然ふれあい交流館 (Ebetsu--Nopporo Forest Park--Visitor's Center), Ebetsu, Hokkaido, Japan",7 Jun 2018,Ting-Wei (廷維) HUNG (洪),43.0572,141.508,Japan,True,ML104272771,P1
104274161,bkfbun2,Emberiza personata,アオジ,4.0,2,"JP--札幌北広島クラッセホテル, Kitahiroshima, Hokkaido, Japan",7 Jun 2018,Ting-Wei (廷維) HUNG (洪),42.9725,141.528,Japan,True,ML104274161,P1
134560911,bkfbun2,Emberiza personata,アオジ,3.0,1,"相模原市--宮ヶ瀬湖--早戸川林道--金沢川の東 (Sagamihara--Miyagase Lake--Hayatogawa Forest Road--east of Kanazawa River), Sagamihara, Kanagawa, Japan",12 Jan 2019,James (Jim) Holmes,35.5266,139.216,Japan,True,ML134560911,P1
137141331,bkfbun2,Emberiza personata,アオジ,3.0,1,"根室市--根室市市民の森 (Nemuro--Nemuro Citizen's Forest), Nemuro, Hokkaido, Japan",23 Feb 2017,Julia Moning,43.3098,145.5538,Japan,True,ML137141331,P1
148116611,bkfbun2,Emberiza personata,アオジ,3.0,1,"立川市--国営昭和記念公園 (Tachikawa--Showa Memorial Park), Akishima, Tokyo, Japan",30 Mar 2019,Atsushi Shimazaki,35.7111,139.3938,Japan,True,ML148116611,P1
148526041,bkfbun2,Emberiza personata,アオジ,3.0,1,"葛飾区--水元公園 (Katsushika Ward--Mizumoto Park), Katsushika City, Tokyo, Japan",31 Mar 2019,Atsushi Shimazaki,35.7936,139.8717,Japan,True,ML148526041,P1
148626671,bkfbun2,Emberiza personata,アオジ,3.0,1,"葛飾区--水元公園 (Katsushika Ward--Mizumoto Park), Katsushika City, Tokyo, Japan",31 Mar 2019,Atsushi Shimazaki,35.7936,139.8717,Japan,True,ML148626671,P1
163187991,bkfbun2,Emberiza personata,アオジ,4.5,2,"日光市--戦場ヶ原 (Nikko--Senjogahara Moor), Nikko, Tochigi, Japan",27 May 2019,Allen Lyu,36.7763,139.4393,Japan,True,ML163187991,P1
233726141,bkfbun2,Emberiza personata,アオジ,2.0,1,"江戸川区--葛西臨海公園・葛西海浜公園 (Edogawa Ward--Kasai Rinkai Park / Kasai Kaihin Park), Edogawa City, Tokyo, Japan",6 Mar 2019,Ramit Singal,35.6398,139.8655,Japan,True,ML233726141,P1
240526761,bkfbun2,Emberiza personata,アオジ,5.0,2,"Sapporo, Hokkaido, JP (43.047, 141.354), Sapporo, Hokkaido, Japan",30 May 2020,Cholawit Thongcharoenchaikit,43.0472,141.3542,Japan,True,ML240526761,P1
240526791,bkfbun2,Emberiza personata,アオジ,3.0,1,"Sapporo, Hokkaido, JP (43.047, 141.354), Sapporo, Hokkaido, Japan",30 May 2020,Cholawit Thongcharoenchaikit,43.0472,141.3542,Japan,True,ML240526791,P1
248027961,bkfbun2,Emberiza personata,アオジ,2.0,1,"札幌市--北海道大学植物園 (Sapporo--Hokkaido University Botanical Gardens), Sapporo, Hokkaido, Japan",7 Jul 2020,Cholawit Thongcharoenchaikit,43.0639,141.3426,Japan,True,ML248027961,P1
249870291,bkfbun2,Emberiza personata,アオジ,2.0,1,"札幌市--北海道大学植物園 (Sapporo--Hokkaido University Botanical Gardens), Sapporo, Hokkaido, Japan",17 Jul 2020,Cholawit Thongcharoenchaikit,43.0639,141.3426,Japan,True,ML249870291,P1
279694981,bkfbun2,Emberiza personata,アオジ,5.0,2,"苫小牧市--ウトナイ湖 (Tomakomai--Lake Utonai), Tomakomai, Hokkaido, Japan",3 Jun 2004,Susan Myers,42.6982,141.713,Japan,True,ML279694981,P1
281824,bkfbun2,Emberiza personata,アオジ,2.0,1,"Aizanke mountain road, Asahikawa region, Kamikawa, Hokkaido, Japan",1 Jun 2015,Peter Boesman,43.726,142.805,Japan,True,ML281824,P1
281825,bkfbun2,Emberiza personata,アオジ,2.0,1,"Aizanke mountain road, Asahikawa region, Kamikawa, Hokkaido, Japan",1 Jun 2015,Peter Boesman,43.726,142.805,Japan,True,ML281825,P1
281827,bkfbun2,Emberiza personata,アオジ,4.5,2,"置戸町--おけと湖 (Oketo--Lake Oketo), Oketo, Hokkaido, Japan",1 Jun 2015,Peter Boesman,43.6144,143.37,Japan,True,ML281827,P1
281828,bkfbun2,Emberiza personata,アオジ,4.5,2,"置戸町--おけと湖 (Oketo--Lake Oketo), Oketo, Hokkaido, Japan",1 Jun 2015,Peter Boesman,43.6144,143.37,Japan,True,ML281828,P1
281925,bkfbun2,Emberiza personata,アオジ,3.0,1,"Kiritappu area, Hokkaido, Hamanaka, Hokkaido, Japan",3 Jun 2015,Peter Boesman,43.079,145.138,Japan,True,ML281925,P1
281941,bkfbun2,Emberiza personata,アオジ,5.0,2,"Rausu area, Hokkaido, Rausu, Hokkaido, Japan",3 Jun 2015,Peter Boesman,44.02,145.192,Japan,True,ML281941,P1
281942,bkfbun2,Emberiza personata,アオジ,3.5,2,"Rausu area, Hokkaido, Rausu, Hokkaido, Japan",3 Jun 2015,Peter Boesman,44.02,145.192,Japan,True,ML281942,P1
281948,bkfbun2,Emberiza personata,アオジ,2.5,2,"羅臼町--知床峠 (Rausu--Shiretoko Pass), Rausu, Hokkaido, Japan",4 Jun 2015,Peter Boesman,44.0541,145.1048,Japan,True,ML281948,P1
281963,bkfbun2,Emberiza personata,アオジ,3.0,1,"羅臼町--知床峠 (Rausu--Shiretoko Pass), Rausu, Hokkaido, Japan",4 Jun 2015,Peter Boesman,44.0541,145.1048,Japan,True,ML281963,P1
281964,bkfbun2,Emberiza personata,アオジ,3.0,1,"羅臼町--知床峠 (Rausu--Shiretoko Pass), Rausu, Hokkaido, Japan",4 Jun 2015,Peter Boesman,44.0541,145.1048,Japan,True,ML281964,P1
281966,bkfbun2,Emberiza personata,アオジ,4.0,1,"羅臼町--知床峠 (Rausu--Shiretoko Pass), Rausu, Hokkaido, Japan",4 Jun 2015,Peter Boesman,44.0541,145.1048,Japan,True,ML281966,P1
281967,bkfbun2,Emberiza personata,アオジ,4.0,1,"羅臼町--知床峠 (Rausu--Shiretoko Pass), Rausu, Hokkaido, Japan",4 Jun 2015,Peter Boesman,44.0541,145.1048,Japan,True,ML281967,P1
433827881,bkfbun2,Emberiza personata,アオジ,1.0,1,"西宮市--甲山森林公園 (Nishinomiya--Kabutoyama Forest Park), Nishinomiya, Hyogo, Japan",10 Apr 2022,masao komura,34.7748,135.3344,Japan,True,ML433827881,P1
437371401,bkfbun2,Emberiza personata,アオジ,2.0,1,"西宮市--甲山森林公園 (Nishinomiya--Kabutoyama Forest Park), Nishinomiya, Hyogo, Japan",17 Apr 2022,masao komura,34.7748,135.3344,Japan,True,ML437371401,P1
438109951,bkfbun2,Emberiza personata,アオジ,3.0,1,"中部大学, 春日井市, 愛知県, JP (35.272, 137.015), Kasugai, Aichi, Japan",21 Apr 2022,Takayuki Uchida,35.2748,137.014,Japan,True,ML438109951,P1
448209511,bkfbun2,Emberiza personata,アオジ,1.5,2,"札幌市--モエレ沼公園 (Sapporo--Moerenuma Park), Sapporo, Hokkaido, Japan",14 May 2022,Akinori Miura,43.1236,141.4266,Japan,True,ML448209511,P1
448752521,bkfbun2,Emberiza personata,アオジ,3.5,2,"小樽市--新川の河口 (Otaru--Shinkawa River estuary), Otaru, Hokkaido, Japan",15 May 2022,Akinori Miura,43.1641,141.2238,Japan,True,ML448752521,P1
450236911,bkfbun2,Emberiza personata,アオジ,3.5,2,"札幌市--北海道大学 (Sapporo--Hokkaido University), Sapporo, Hokkaido, Japan",18 May 2022,Akinori Miura,43.0783,141.3406,Japan,True,ML450236911,P1
460115891,bkfbun2,Emberiza personata,アオジ,4.0,2,"長野市--戸隠森林植物園 (Nagano--Togakushi Forest Park), Nagano, Nagano, Japan",14 Jun 2022,Joye Zhou,36.7566,138.0717,Japan,True,ML460115891,P1
460115981,bkfbun2,Emberiza personata,アオジ,2.5,2,"長野市--戸隠森林植物園 (Nagano--Togakushi Forest Park), Nagano, Nagano, Japan",14 Jun 2022,Joye Zhou,36.7566,138.0717,Japan,True,ML460115981,P1
460117081,bkfbun2,Emberiza personata,アオジ,4.0,2,"長野市--戸隠森林植物園 (Nagano--Togakushi Forest Park), Nagano, Nagano, Japan",14 Jun 2022,Joye Zhou,36.7566,138.0717,Japan,True,ML460117081,P1
518870811,bkfbun2,Emberiza personata,アオジ,3.0,2,"제주--용수저수지(Jeju--Yongsu Reservoir), Jeju-do, South Korea",31 Dec 2022,Robert Cousins,33.3177,126.1876,South Korea,True,ML518870811,P1
524242311,bkfbun2,Emberiza personata,アオジ,2.5,2,"港区--目黒自然教育園 (Minato Ward--Meguro Institute for Nature Study), Minato City, Tokyo, Japan",15 Jan 2023,Keith Bartels,35.6388,139.7197,Japan,True,ML524242311,P1
555407831,bkfbun2,Emberiza personata,アオジ,4.0,2,"つくば市--洞峰公園 (Tsukuba--Doho Park), Tsukuba, Ibaraki, Japan",9 Apr 2023,Anonymous,36.0615,140.123,Japan,True,ML555407831,P1
565845481,bkfbun2,Emberiza personata,アオジ,3.0,1,"札幌市--屯田遊水池 (Sapporo--Tonden Reservoir), Ishikari, Hokkaido, Japan",2 May 2023,Akinori Miura,43.1498,141.3333,Japan,True,ML565845481,P1
565845491,bkfbun2,Emberiza personata,アオジ,3.0,1,"札幌市--屯田遊水池 (Sapporo--Tonden Reservoir), Ishikari, Hokkaido, Japan",2 May 2023,Akinori Miura,43.1498,141.3333,Japan,True,ML565845491,P1
566644631,bkfbun2,Emberiza personata,アオジ,3.0,1,"札幌市--平岡公園 (Sapporo--Hiraoka Park), Sapporo, Hokkaido, Japan",4 May 2023,Osam y,43.0054,141.4648,Japan,True,ML566644631,P1
570505431,bkfbun2,Emberiza personata,アオジ,3.0,1,"三沢市--小川原湖 (Misawa--Lake Ogawara), Misawa, Aomori, Japan",5 May 2023,André  Zambolli,40.8245,141.3642,Japan,True,ML570505431,P1
579166191,bkfbun2,Emberiza personata,アオジ,4.5,2,"富士吉田市--北富士演習場, Fujiyoshida, Yamanashi, Japan",4 May 2023,英樹 關本,35.4098,138.8038,Japan,True,ML579166191,P1
593528631,bkfbun2,Emberiza personata,アオジ,2.0,1,"道道243号, Tsurui, Akan-Gun JP-Hokkaido 43.19749, 144.39208, Tsurui, Hokkaido, Japan",5 Jun 2023,Simon Colenutt,43.1975,144.3921,Japan,True,ML593528631,P1
593685011,bkfbun2,Emberiza personata,アオジ,2.5,2,"Shiretoko Odan Road, Shari, Shari-Gun JP-Hokkaido 44.05494, 145.10496, Shari, Hokkaido, Japan",6 Jun 2023,Simon Colenutt,44.0549,145.105,Japan,True,ML593685011,P1
593685051,bkfbun2,Emberiza personata,アオジ,2.0,2,"Shiretoko Odan Road, Shari, Shari-Gun JP-Hokkaido 44.05494, 145.10496, Shari, Hokkaido, Japan",6 Jun 2023,Simon Colenutt,44.0549,145.105,Japan,True,ML593685051,P1
610927706,bkfbun2,Emberiza personata,アオジ,3.0,1,"軽井沢町--塩壺温泉ホテル (Karuizawa--Shiotsubo Hot Spring Hotel), Karuizawa, Nagano, Japan",25 Oct 2023,Gabriel Leite,36.3663,138.5885,Japan,True,ML610927706,P1
611847091,bkfbun2,Emberiza personata,アオジ,1.0,1,"広島市--広島市立大学 (Hiroshima--Hiroshima City University), Hiroshima, Hiroshima, Japan",4 Dec 2023,Jasper Maximilian Habenicht,34.4385,132.4161,Japan,True,ML611847091,P1
611847092,bkfbun2,Emberiza personata,アオジ,1.0,1,"広島市--広島市立大学 (Hiroshima--Hiroshima City University), Hiroshima, Hiroshima, Japan",4 Dec 2023,Jasper Maximilian Habenicht,34.4385,132.4161,Japan,True,ML611847092,P1
611961038,bkfbun2,Emberiza personata,アオジ,4.0,2,"奥玉, 玉野市, 岡山県, JP, Tamano, Okayama, Japan",7 Dec 2023,rentarou yamaneco,34.4867,133.9229,Japan,True,ML611961038,P1
613163978,bkfbun2,Emberiza personata,アオジ,3.0,1,"江戸川区--葛西臨海公園・葛西海浜公園 (Edogawa Ward--Kasai Rinkai Park / Kasai Kaihin Park), Edogawa City, Tokyo, Japan",27 Dec 2023,Joshua Chong,35.6398,139.8655,Japan,True,ML613163978,P1
616477925,bkfbun2,Emberiza personata,アオジ,1.0,1,"尼崎市--武庫川左岸--天神川合流 (Amagasaki--Muko River--Tenjin River confluence), Amagasaki, Hyogo, Japan",24 Mar 2024,masao komura,34.7773,135.3748,Japan,True,ML616477925,P1
617085603,bkfbun2,Emberiza personata,アオジ,3.0,1,"大島町--伊豆大島--元町港 (Oshima--Izu-Oshima--Motomachi Port), Oshima, Tokyo, Japan",5 Apr 2024,Moyin Tian,34.748,139.3531,Japan,True,ML617085603,P1
617468475,bkfbun2,Emberiza personata,アオジ,3.0,1,"尼崎市--武庫川左岸--天神川合流 (Amagasaki--Muko River--Tenjin River confluence), Amagasaki, Hyogo, Japan",14 Apr 2024,masao komura,34.7773,135.3748,Japan,True,ML617468475,P1
617695550,bkfbun2,Emberiza personata,アオジ,4.0,1,"河口湖 (Lake Kawaguchi), Fujikawaguchiko, Yamanashi, Japan",20 Apr 2024,英樹 關本,35.5174,138.7535,Japan,True,ML617695550,P1
618203252,bkfbun2,Emberiza personata,アオジ,4.0,1,"富士吉田市--北富士演習場, Fujiyoshida, Yamanashi, Japan",28 Apr 2024,英樹 關本,35.4098,138.8038,Japan,True,ML618203252,P1
618704340,bkfbun2,Emberiza personata,アオジ,5.0,1,"札幌市--茨戸川緑地 (Sapporo--Barato River Green Space), Sapporo, Hokkaido, Japan",9 May 2024,Akinori Miura,43.1767,141.3954,Japan,True,ML618704340,P1
618861789,bkfbun2,Emberiza personata,アオジ,4.0,1,"札幌市--平岡公園 (Sapporo--Hiraoka Park), Sapporo, Hokkaido, Japan",10 May 2024,Osam y,43.0054,141.4648,Japan,True,ML618861789,P1
619216277,bkfbun2,Emberiza personata,アオジ,5.0,1,"札幌市--平岡公園 (Sapporo--Hiraoka Park), Sapporo, Hokkaido, Japan",18 May 2024,Osam y,43.0054,141.4648,Japan,True,ML619216277,P1
620266782,bkfbun2,Emberiza personata,アオジ,3.5,2,"日光市--小田代原 (Nikko--Odashirogahara Moor), Nikko, Tochigi, Japan",22 Apr 2024,Eric Cameron,36.773,139.4247,Japan,True,ML620266782,P1
620266783,bkfbun2,Emberiza personata,アオジ,2.0,1,"日光市--小田代原 (Nikko--Odashirogahara Moor), Nikko, Tochigi, Japan",22 Apr 2024,Eric Cameron,36.773,139.4247,Japan,True,ML620266783,P1
620601582,bkfbun2,Emberiza personata,アオジ,3.0,1,"千歳市--根志越遊水地 (Chitose--Neshikoshi Wetland Park), Chitose, Hokkaido, Japan",19 Jun 2024,Akinori Miura,42.8687,141.6617,Japan,True,ML620601582,P1
620853975,bkfbun2,Emberiza personata,アオジ,3.0,2,"제주--사라봉공원(Jeju--Sarabong Park), Jeju-do, South Korea",14 Feb 2023,Leslie Hurteau,33.5188,126.5484,South Korea,True,ML620853975,P1
620881189,bkfbun2,Emberiza personata,アオジ,2.5,2,"七飯町--大沼国定公園--大沼 (Nanae--Onuma QNP--Lake Onuma), Nanae, Hokkaido, Japan",18 Jun 2024,RIIO LU,41.9977,140.6845,Japan,True,ML620881189,P1
620917117,bkfbun2,Emberiza personata,アオジ,3.0,2,"苫小牧市--ウトナイ湖野生鳥獣保護センター (Tomakomai--Lake Utonai Wildlife Conservation Center), Tomakomai, Hokkaido, Japan",12 Jun 2024,Joye Zhou,42.7006,141.6961,Japan,True,ML620917117,P1
623349758,bkfbun2,Emberiza personata,アオジ,2.0,1,"由利本荘市--子吉川-- 本荘大橋 (Yurihonjo--Koyoshi River--Honjo-ohashi Bridge), Yurihonjo, Akita, Japan",31 Jul 2024,YUKIKO ISHIKAWA,39.3883,140.0312,Japan,True,ML623349758,P1
624172439,bkfbun2,Emberiza personata,アオジ,3.0,2,"仙台市--青葉山公園 / 仙台城跡 (Sendai--Aobayama Park / Sendai Castle Site), Sendai, Miyagi, Japan",26 Sep 2024,Anonymous,38.2533,140.8565,Japan,True,ML624172439,P1
625972058,bkfbun2,Emberiza personata,アオジ,3.0,1,"三田市--ウッディタウン--平谷川（Sanda--Woody Town--Hiratani Creek), Sanda, Hyogo, Japan",8 Nov 2024,yasuhiro kojima,34.9048,135.178,Japan,True,ML625972058,P1
626112226,bkfbun2,Emberiza personata,アオジ,2.0,1,"肱川緑地公園, 大洲市 JP-愛媛県 33.51097, 132.54331, Ozu, Ehime, Japan",10 Nov 2024,Takashi Noma,33.511,132.5433,Japan,True,ML626112226,P1
626895952,bkfbun2,Emberiza personata,アオジ,2.5,2,"三田市--ウッディタウン--平谷川（Sanda--Woody Town--Hiratani Creek), Sanda, Hyogo, Japan",17 Nov 2024,yasuhiro kojima,34.9048,135.178,Japan,True,ML626895952,P1
627361594,bkfbun2,Emberiza personata,アオジ,3.0,2,"江戸川区--葛西臨海公園・葛西海浜公園 (Edogawa Ward--Kasai Rinkai Park / Kasai Kaihin Park), Edogawa City, Tokyo, Japan",7 Dec 2024,Jon Hills,35.6398,139.8655,Japan,True,ML627361594,P1
629027473,bkfbun2,Emberiza personata,アオジ,5.0,2,"ホタルと文化の里, Takamatsu, Kagawa, Japan",12 Jan 2025,Masakazu Dohi,34.1756,134.082,Japan,True,ML629027473,P1
632515836,bkfbun2,Emberiza personata,アオジ,3.0,1,"三田市--ウッディタウン--平谷川（Sanda--Woody Town--Hiratani Creek), Sanda, Hyogo, Japan",23 Mar 2025,yasuhiro kojima,34.9048,135.178,Japan,True,ML632515836,P1
632515837,bkfbun2,Emberiza personata,アオジ,5.0,1,"三田市--ウッディタウン--平谷川（Sanda--Woody Town--Hiratani Creek), Sanda, Hyogo, Japan",23 Mar 2025,yasuhiro kojima,34.9048,135.178,Japan,True,ML632515837,P1
632649364,bkfbun2,Emberiza personata,アオジ,4.0,1,"三田市--ウッディタウン--平谷川（Sanda--Woody Town--Hiratani Creek), Sanda, Hyogo, Japan",21 Mar 2025,yasuhiro kojima,34.9048,135.178,Japan,True,ML632649364,P1
632950447,bkfbun2,Emberiza personata,アオジ,0.0,0,"繁田, 神戸市, 兵庫県, JP (34.718, 135), Kobe, Hyogo, Japan",26 Mar 2025,Yoshio Tani,34.7179,134.9997,Japan,True,ML632950447,P1
633264388,bkfbun2,Emberiza personata,アオジ,0.0,0,"大阪市--大阪城公園 (Osaka--Osaka Castle Park), Osaka, Osaka, Japan",29 Mar 2025,mickey wu,34.6873,135.5259,Japan,True,ML633264388,P1
633775305,bkfbun2,Emberiza personata,アオジ,0.0,0,"１４ ３丁目, 神戸市, 兵庫県, JP (34.717, 135.006), Kobe, Hyogo, Japan",14 Apr 2025,Yoshio Tani,34.7169,135.0057,Japan,True,ML633775305,P1
633825194,bkfbun2,Emberiza personata,アオジ,3.0,1,"由利本荘市--本荘公園 (Yurihonjo--Honjo Park and Castle Ruins), Yurihonjo, Akita, Japan",15 Apr 2025,YUKIKO ISHIKAWA,39.3847,140.0477,Japan,True,ML633825194,P1
633826992,bkfbun2,Emberiza personata,アオジ,3.0,1,"由利本荘市--本荘公園 (Yurihonjo--Honjo Park and Castle Ruins), Yurihonjo, Akita, Japan",15 Apr 2025,YUKIKO ISHIKAWA,39.3847,140.0477,Japan,True,ML633826992,P1
633828464,bkfbun2,Emberiza personata,アオジ,2.0,1,"由利本荘市--愛宕神社 (Yurihonjo--Atago Shrine), Yurihonjo, Akita, Japan",15 Apr 2025,YUKIKO ISHIKAWA,39.3835,140.0435,Japan,True,ML633828464,P1
633895938,bkfbun2,Emberiza personata,アオジ,4.0,1,"Dakesawa Marsh, Dōro, Matsumoto, Nagano, JP (36.255, 137.638), Matsumoto, Nagano, Japan",17 Apr 2025,Richard Schofield,36.2545,137.6383,Japan,True,ML633895938,P1
634079834,bkfbun2,Emberiza personata,アオジ,0.0,0,"葛飾区--水元公園 (Katsushika Ward--Mizumoto Park), Katsushika City, Tokyo, Japan",19 Apr 2025,Takayuki Sakuma,35.7936,139.8717,Japan,True,ML634079834,P1
634125702,bkfbun2,Emberiza personata,アオジ,0.0,0,"松山市--重信川の河口 (Matsuyama--Shigenobu River estuary), Matsuyama, Ehime, Japan",19 Apr 2025,Takashi Noma,33.8051,132.6961,Japan,True,ML634125702,P1
634141090,bkfbun2,Emberiza personata,アオジ,0.0,0,"松山市--重信川の河口 (Matsuyama--Shigenobu River estuary), Matsuyama, Ehime, Japan",19 Apr 2025,Takashi Noma,33.8051,132.6961,Japan,True,ML634141090,P1
634319198,bkfbun2,Emberiza personata,アオジ,4.0,1,"由利本荘市--本荘公園 (Yurihonjo--Honjo Park and Castle Ruins), Yurihonjo, Akita, Japan",22 Apr 2025,YUKIKO ISHIKAWA,39.3847,140.0477,Japan,True,ML634319198,P1
634320120,bkfbun2,Emberiza personata,アオジ,3.0,1,"由利本荘市--愛宕神社 (Yurihonjo--Atago Shrine), Yurihonjo, Akita, Japan",22 Apr 2025,YUKIKO ISHIKAWA,39.3835,140.0435,Japan,True,ML634320120,P1
634320479,bkfbun2,Emberiza personata,アオジ,4.0,1,"由利本荘市--愛宕神社 (Yurihonjo--Atago Shrine), Yurihonjo, Akita, Japan",22 Apr 2025,YUKIKO ISHIKAWA,39.3835,140.0435,Japan,True,ML634320479,P1
634320723,bkfbun2,Emberiza personata,アオジ,4.0,1,"由利本荘市--愛宕神社 (Yurihonjo--Atago Shrine), Yurihonjo, Akita, Japan",22 Apr 2025,YUKIKO ISHIKAWA,39.3835,140.0435,Japan,True,ML634320723,P1
634321259,bkfbun2,Emberiza personata,アオジ,3.0,1,"由利本荘市--愛宕神社 (Yurihonjo--Atago Shrine), Yurihonjo, Akita, Japan",22 Apr 2025,YUKIKO ISHIKAWA,39.3835,140.0435,Japan,True,ML634321259,P1
634647083,bkfbun2,Emberiza personata,アオジ,3.0,1,"由利本荘市--子吉川-- 本荘大橋 (Yurihonjo--Koyoshi River--Honjo-ohashi Bridge), Yurihonjo, Akita, Japan",28 Apr 2025,YUKIKO ISHIKAWA,39.3883,140.0312,Japan,True,ML634647083,P1
634647181,bkfbun2,Emberiza personata,アオジ,2.0,1,"由利本荘市--子吉川-- 本荘大橋 (Yurihonjo--Koyoshi River--Honjo-ohashi Bridge), Yurihonjo, Akita, Japan",28 Apr 2025,YUKIKO ISHIKAWA,39.3883,140.0312,Japan,True,ML634647181,P1
634844395,bkfbun2,Emberiza personata,アオジ,3.0,1,"友水公園ー子吉, Yurihonjo, Akita, Japan",1 May 2025,YUKIKO ISHIKAWA,39.346,140.0662,Japan,True,ML634844395,P1
635078294,bkfbun2,Emberiza personata,アオジ,3.0,1,"由利本荘市--本荘公園 (Yurihonjo--Honjo Park and Castle Ruins), Yurihonjo, Akita, Japan",5 May 2025,YUKIKO ISHIKAWA,39.3847,140.0477,Japan,True,ML635078294,P1
635207868,bkfbun2,Emberiza personata,アオジ,0.0,0,"芋川、家後, Yurihonjo, Akita, Japan",6 May 2025,YUKIKO ISHIKAWA,39.4045,140.0614,Japan,True,ML635207868,P1
635222303,bkfbun2,Emberiza personata,アオジ,3.0,1,"苫小牧市--ウトナイ湖サンクチュアリ (Tomakomai--Lake Utonai Sanctuary), Tomakomai, Hokkaido, Japan",7 May 2025,bertie harding,42.7045,141.7098,Japan,True,ML635222303,P1
635289556,bkfbun2,Emberiza personata,アオジ,5.0,1,"苫小牧市--ウトナイ湖サンクチュアリ (Tomakomai--Lake Utonai Sanctuary), Tomakomai, Hokkaido, Japan",8 May 2025,bertie harding,42.7045,141.7098,Japan,True,ML635289556,P1
635667093,bkfbun2,Emberiza personata,アオジ,1.0,1,"由利本荘市--子吉川-- 本荘大橋 (Yurihonjo--Koyoshi River--Honjo-ohashi Bridge), Yurihonjo, Akita, Japan",13 May 2025,YUKIKO ISHIKAWA,39.3883,140.0312,Japan,True,ML635667093,P1
635669745,bkfbun2,Emberiza personata,アオジ,2.0,1,"由利本荘市--子吉川-- 本荘大橋 (Yurihonjo--Koyoshi River--Honjo-ohashi Bridge), Yurihonjo, Akita, Japan",13 May 2025,YUKIKO ISHIKAWA,39.3883,140.0312,Japan,True,ML635669745,P1
635795100,bkfbun2,Emberiza personata,アオジ,2.0,1,"由利本荘市--大提 (Yurihonjo--Otsutsumi Pond), Yurihonjo, Akita, Japan",14 May 2025,YUKIKO ISHIKAWA,39.3703,140.042,Japan,True,ML635795100,P1
636282634,bkfbun2,Emberiza personata,アオジ,0.0,0,"松本市--上高地--大正池 (Matsumoto--Kamikochi--Taisho Pond), Matsumoto, Nagano, Japan",22 May 2025,yasuhiro kojima,36.2296,137.6192,Japan,True,ML636282634,P1
636989857,bkfbun2,Emberiza personata,アオジ,1.0,1,"由利本荘市--子吉川-- 本荘大橋 (Yurihonjo--Koyoshi River--Honjo-ohashi Bridge), Yurihonjo, Akita, Japan",2 Jun 2025,YUKIKO ISHIKAWA,39.3883,140.0312,Japan,True,ML636989857,P1
637028909,bkfbun2,Emberiza personata,アオジ,1.0,1,"由利本荘市--大提 (Yurihonjo--Otsutsumi Pond), Yurihonjo, Akita, Japan",3 Jun 2025,YUKIKO ISHIKAWA,39.3703,140.042,Japan,True,ML637028909,P1
637029082,bkfbun2,Emberiza personata,アオジ,2.0,1,"由利本荘市--大提 (Yurihonjo--Otsutsumi Pond), Yurihonjo, Akita, Japan",3 Jun 2025,YUKIKO ISHIKAWA,39.3703,140.042,Japan,True,ML637029082,P1
637076464,bkfbun2,Emberiza personata,アオジ,2.0,1,"友水公園ー子吉, Yurihonjo, Akita, Japan",3 Jun 2025,YUKIKO ISHIKAWA,39.346,140.0662,Japan,True,ML637076464,P1
637077349,bkfbun2,Emberiza personata,アオジ,1.0,1,"友水公園ー子吉, Yurihonjo, Akita, Japan",3 Jun 2025,YUKIKO ISHIKAWA,39.346,140.0662,Japan,True,ML637077349,P1
637290311,bkfbun2,Emberiza personata,アオジ,1.0,1,"菖蒲公園　本荘浜, Yurihonjo, Akita, Japan",8 Jun 2025,YUKIKO ISHIKAWA,39.3871,140.0227,Japan,True,ML637290311,P1
637589172,bkfbun2,Emberiza personata,アオジ,0.0,0,"Yamahana Park, Kushiro JP-Hokkaido 43.07908, 144.22954, Kushiro, Hokkaido, Japan",5 Jun 2025,Clive Harris,43.0791,144.2295,Japan,True,ML637589172,P1
637612944,bkfbun2,Emberiza personata,アオジ,2.0,1,"友水公園ー子吉, Yurihonjo, Akita, Japan",13 Jun 2025,YUKIKO ISHIKAWA,39.346,140.0662,Japan,True,ML637612944,P1
637770926,bkfbun2,Emberiza personata,アオジ,2.0,1,"由利本荘市--子吉川-- 本荘大橋 (Yurihonjo--Koyoshi River--Honjo-ohashi Bridge), Yurihonjo, Akita, Japan",18 Jun 2025,YUKIKO ISHIKAWA,39.3883,140.0312,Japan,True,ML637770926,P1
637771049,bkfbun2,Emberiza personata,アオジ,3.0,1,"由利本荘市--子吉川-- 本荘大橋 (Yurihonjo--Koyoshi River--Honjo-ohashi Bridge), Yurihonjo, Akita, Japan",18 Jun 2025,YUKIKO ISHIKAWA,39.3883,140.0312,Japan,True,ML637771049,P1
637771334,bkfbun2,Emberiza personata,アオジ,3.0,1,"由利本荘市--子吉川-- 本荘大橋 (Yurihonjo--Koyoshi River--Honjo-ohashi Bridge), Yurihonjo, Akita, Japan",18 Jun 2025,YUKIKO ISHIKAWA,39.3883,140.0312,Japan,True,ML637771334,P1
637771805,bkfbun2,Emberiza personata,アオジ,2.0,1,"由利本荘市--子吉川-- 本荘大橋 (Yurihonjo--Koyoshi River--Honjo-ohashi Bridge), Yurihonjo, Akita, Japan",18 Jun 2025,YUKIKO ISHIKAWA,39.3883,140.0312,Japan,True,ML637771805,P1
637812780,bkfbun2,Emberiza personata,アオジ,3.0,1,"札幌市--西岡水源地 (Sapporo--Nishioka Park), Sapporo, Hokkaido, Japan",20 Jun 2025,MASATO TAKAHASHI,42.9867,141.3799,Japan,True,ML637812780,P1
637905887,bkfbun2,Emberiza personata,アオジ,1.0,1,"友水公園から, Yurihonjo, Akita, Japan",21 Jun 2025,YUKIKO ISHIKAWA,39.346,140.0665,Japan,True,ML637905887,P1
638008760,bkfbun2,Emberiza personata,アオジ,2.0,1,"菖蒲公園　本荘浜, Yurihonjo, Akita, Japan",24 Jun 2025,YUKIKO ISHIKAWA,39.3871,140.0227,Japan,True,ML638008760,P1
638173322,bkfbun2,Emberiza personata,アオジ,4.0,2,"網走市--濤沸湖--白鳥公園 (Abashiri--Lake Tofutsu--Swan Park), Abashiri, Hokkaido, Japan",26 Jun 2025,Rajan Rao,43.9526,144.3593,Japan,True,ML638173322,P1
638174820,bkfbun2,Emberiza personata,アオジ,3.0,1,"札幌市--西岡水源地 (Sapporo--Nishioka Park), Sapporo, Hokkaido, Japan",15 Jun 2025,kao Ｔ,42.9867,141.3799,Japan,True,ML638174820,P1
638334191,bkfbun2,Emberiza personata,アオジ,2.0,1,"由利本荘市--子吉川-- 本荘大橋 (Yurihonjo--Koyoshi River--Honjo-ohashi Bridge), Yurihonjo, Akita, Japan",1 Jul 2025,YUKIKO ISHIKAWA,39.3883,140.0312,Japan,True,ML638334191,P1
638338836,bkfbun2,Emberiza personata,アオジ,3.0,1,"由利本荘市--子吉川-- 本荘大橋 (Yurihonjo--Koyoshi River--Honjo-ohashi Bridge), Yurihonjo, Akita, Japan",1 Jul 2025,YUKIKO ISHIKAWA,39.3883,140.0312,Japan,True,ML638338836,P1
638339075,bkfbun2,Emberiza personata,アオジ,3.0,1,"由利本荘市--子吉川-- 本荘大橋 (Yurihonjo--Koyoshi River--Honjo-ohashi Bridge), Yurihonjo, Akita, Japan",1 Jul 2025,YUKIKO ISHIKAWA,39.3883,140.0312,Japan,True,ML638339075,P1
638909803,bkfbun2,Emberiza personata,アオジ,0.0,0,"長野市--戸隠森林植物園 (Nagano--Togakushi Forest Park), Nagano, Nagano, Japan",29 Jun 2025,Takashi Wada,36.7566,138.0717,Japan,True,ML638909803,P1
638925272,bkfbun2,Emberiza personata,アオジ,2.0,1,"由利本荘市--子吉川-- 本荘大橋 (Yurihonjo--Koyoshi River--Honjo-ohashi Bridge), Yurihonjo, Akita, Japan",15 Jul 2025,YUKIKO ISHIKAWA,39.3883,140.0312,Japan,True,ML638925272,P1
638962755,bkfbun2,Emberiza personata,アオジ,2.0,1,"由利本荘市--子吉川-- 本荘大橋 (Yurihonjo--Koyoshi River--Honjo-ohashi Bridge), Yurihonjo, Akita, Japan",15 Jul 2025,YUKIKO ISHIKAWA,39.3883,140.0312,Japan,True,ML638962755,P1
639227710,bkfbun2,Emberiza personata,アオジ,2.0,1,"友水公園ー子吉, Yurihonjo, Akita, Japan",21 Jul 2025,YUKIKO ISHIKAWA,39.346,140.0662,Japan,True,ML639227710,P1
639227869,bkfbun2,Emberiza personata,アオジ,2.0,1,"友水公園ー子吉, Yurihonjo, Akita, Japan",21 Jul 2025,YUKIKO ISHIKAWA,39.346,140.0662,Japan,True,ML639227869,P1
639619110,bkfbun2,Emberiza personata,アオジ,3.0,1,"由利本荘市--子吉川-- 本荘大橋 (Yurihonjo--Koyoshi River--Honjo-ohashi Bridge), Yurihonjo, Akita, Japan",30 Jul 2025,YUKIKO ISHIKAWA,39.3883,140.0312,Japan,True,ML639619110,P1
639619155,bkfbun2,Emberiza personata,アオジ,3.0,1,"由利本荘市--子吉川-- 本荘大橋 (Yurihonjo--Koyoshi River--Honjo-ohashi Bridge), Yurihonjo, Akita, Japan",30 Jul 2025,YUKIKO ISHIKAWA,39.3883,140.0312,Japan,True,ML639619155,P1
639619377,bkfbun2,Emberiza personata,アオジ,3.0,1,"由利本荘市--子吉川-- 本荘大橋 (Yurihonjo--Koyoshi River--Honjo-ohashi Bridge), Yurihonjo, Akita, Japan",30 Jul 2025,YUKIKO ISHIKAWA,39.3883,140.0312,Japan,True,ML639619377,P1
639645569,bkfbun2,Emberiza personata,アオジ,5.0,1,"別海町--野付半島-- ナラワラ (Betsukai--Notsuke Peninsula--Narawara), Betsukai, Hokkaido, Japan",21 Jul 2025,Kasia & Takashi Someya,43.609,145.2748,Japan,True,ML639645569,P1
640243763,bkfbun2,Emberiza personata,アオジ,3.0,1,"菖蒲公園　本荘浜, Yurihonjo, Akita, Japan",13 Aug 2025,YUKIKO ISHIKAWA,39.3871,140.0227,Japan,True,ML640243763,P1
640243945,bkfbun2,Emberiza personata,アオジ,3.0,1,"菖蒲公園　本荘浜, Yurihonjo, Akita, Japan",13 Aug 2025,YUKIKO ISHIKAWA,39.3871,140.0227,Japan,True,ML640243945,P1
640507136,bkfbun2,Emberiza personata,アオジ,0.0,0,"支笏湖休暇村 (kyuukamura,sikotsuko), Chitose, Hokkaido, Japan",25 May 2013,Nagahisa MIta,42.7688,141.4048,Japan,True,ML640507136,P1
640507294,bkfbun2,Emberiza personata,アオジ,0.0,0,"熊本市--立田山 (Kumamoto--Mount Tatsuta), Kumamoto, Kumamoto, Japan",3 Apr 2016,Nagahisa MIta,32.8266,130.7313,Japan,True,ML640507294,P1
640507361,bkfbun2,Emberiza personata,アオジ,0.0,0,"熊本市--立田山 (Kumamoto--Mount Tatsuta), Kumamoto, Kumamoto, Japan",9 Apr 2000,Nagahisa MIta,32.8266,130.7313,Japan,True,ML640507361,P1
640507369,bkfbun2,Emberiza personata,アオジ,0.0,0,"熊本市--立田山 (Kumamoto--Mount Tatsuta), Kumamoto, Kumamoto, Japan",11 Apr 2010,Nagahisa MIta,32.8266,130.7313,Japan,True,ML640507369,P1
640507387,bkfbun2,Emberiza personata,アオジ,0.0,0,"熊本市--立田山 (Kumamoto--Mount Tatsuta), Kumamoto, Kumamoto, Japan",18 Apr 2014,Nagahisa MIta,32.8266,130.7313,Japan,True,ML640507387,P1
640507426,bkfbun2,Emberiza personata,アオジ,0.0,0,"熊本市--立田山 (Kumamoto--Mount Tatsuta), Kumamoto, Kumamoto, Japan",28 Apr 2017,Nagahisa MIta,32.8266,130.7313,Japan,True,ML640507426,P1
640614705,bkfbun2,Emberiza personata,アオジ,0.0,0,"Yamahana Bike Path, Kushiro, Hokkaido, Japan",7 Jun 2025,Clive Harris,43.0669,144.2335,Japan,True,ML640614705,P1
640646877,bkfbun2,Emberiza personata,アオジ,3.0,1,"国道334号, 羅臼町 JP-北海道 (44.0537,145.1049), Rausu, Hokkaido, Japan",16 Aug 2025,Haruto Noma,44.0537,145.1049,Japan,True,ML640646877,P1
640988362,bkfbun2,Emberiza personata,アオジ,2.0,1,"由利本荘市--本荘公園 (Yurihonjo--Honjo Park and Castle Ruins), Yurihonjo, Akita, Japan",29 Aug 2025,YUKIKO ISHIKAWA,39.3847,140.0477,Japan,True,ML640988362,P1
641366672,bkfbun2,Emberiza personata,アオジ,2.0,1,"菖蒲公園　本荘浜, Yurihonjo, Akita, Japan",4 Sep 2025,YUKIKO ISHIKAWA,39.3871,140.0227,Japan,True,ML641366672,P1
643578883,bkfbun2,Emberiza personata,アオジ,3.0,1,"友水公園ー子吉, Yurihonjo, Akita, Japan",15 Oct 2025,YUKIKO ISHIKAWA,39.346,140.0662,Japan,True,ML643578883,P1
643674071,bkfbun2,Emberiza personata,アオジ,3.0,1,"友水公園ー子吉, Yurihonjo, Akita, Japan",15 Oct 2025,YUKIKO ISHIKAWA,39.346,140.0662,Japan,True,ML643674071,P1
643675069,bkfbun2,Emberiza personata,アオジ,3.0,1,"友水公園ー子吉, Yurihonjo, Akita, Japan",15 Oct 2025,YUKIKO ISHIKAWA,39.346,140.0662,Japan,True,ML643675069,P1
643676710,bkfbun2,Emberiza personata,アオジ,2.0,1,"友水公園ー子吉, Yurihonjo, Akita, Japan",15 Oct 2025,YUKIKO ISHIKAWA,39.346,140.0662,Japan,True,ML643676710,P1
643851018,bkfbun2,Emberiza personata,アオジ,4.0,1,"由利本荘市--本荘公園 (Yurihonjo--Honjo Park and Castle Ruins), Yurihonjo, Akita, Japan",17 Oct 2025,YUKIKO ISHIKAWA,39.3847,140.0477,Japan,True,ML643851018,P1
643851178,bkfbun2,Emberiza personata,アオジ,4.0,1,"由利本荘市--本荘公園 (Yurihonjo--Honjo Park and Castle Ruins), Yurihonjo, Akita, Japan",17 Oct 2025,YUKIKO ISHIKAWA,39.3847,140.0477,Japan,True,ML643851178,P1
644010084,bkfbun2,Emberiza personata,アオジ,3.0,1,"友水公園から, Yurihonjo, Akita, Japan",23 Oct 2025,YUKIKO ISHIKAWA,39.346,140.0665,Japan,True,ML644010084,P1
644573777,bkfbun2,Emberiza personata,アオジ,4.5,2,"渋谷区--明治神宮 (Shibuya Ward--Meiji Jingu Shrine), Shibuya City, Tokyo, Japan",3 Nov 2025,yasuhiro kojima,35.676,139.6993,Japan,True,ML644573777,P1
644721297,bkfbun2,Emberiza personata,アオジ,3.0,1,"三田市--ウッディタウン--平谷川（Sanda--Woody Town--Hiratani Creek), Sanda, Hyogo, Japan",6 Nov 2025,yasuhiro kojima,34.9048,135.178,Japan,True,ML644721297,P1
645078687,bkfbun2,Emberiza personata,アオジ,0.0,0,"東大洲, 大洲市 JP-愛媛県 33.52579, 132.57157, Ozu, Ehime, Japan",12 Nov 2025,Takashi Noma,33.5258,132.5716,Japan,True,ML645078687,P1
645206865,bkfbun2,Emberiza personata,アオジ,4.0,1,"三田市--ウッディタウン--平谷川（Sanda--Woody Town--Hiratani Creek), Sanda, Hyogo, Japan",14 Nov 2025,yasuhiro kojima,34.9048,135.178,Japan,True,ML645206865,P1
645310985,bkfbun2,Emberiza personata,アオジ,0.0,0,"渋谷区--明治神宮 (Shibuya Ward--Meiji Jingu Shrine), Shibuya City, Tokyo, Japan",16 Nov 2025,yasuhiro kojima,35.676,139.6993,Japan,True,ML645310985,P1
645866696,bkfbun2,Emberiza personata,アオジ,5.0,1,"菖蒲公園　本荘浜, Yurihonjo, Akita, Japan",24 Nov 2025,YUKIKO ISHIKAWA,39.3871,140.0227,Japan,True,ML645866696,P1
645866888,bkfbun2,Emberiza personata,アオジ,5.0,1,"菖蒲公園　本荘浜, Yurihonjo, Akita, Japan",24 Nov 2025,YUKIKO ISHIKAWA,39.3871,140.0227,Japan,True,ML645866888,P1
646313199,bkfbun2,Emberiza personata,アオジ,0.0,0,"戸田市--北戸田駅 (Toda--Kita-Toda Station), Toda, Saitama, Japan",3 Dec 2025,Mickey Ryan,35.8276,139.6603,Japan,True,ML646313199,P1
646998050,bkfbun2,Emberiza personata,アオジ,3.0,1,"大田区--東京港野鳥公園・潮入の池 (Ota Ward--Tokyo Port Wild Bird Park (including Tidal Pond)), Ota City, Tokyo, Japan",9 Nov 2025,Ian Davies,35.582,139.7649,Japan,True,ML646998050,P1
647066744,bkfbun2,Emberiza personata,アオジ,5.0,1,"熊本市--下江津湖 (Kumamoto--Shimoezu Lake), Kumamoto, Kumamoto, Japan",17 Dec 2025,Sam Hambly,32.7699,130.7515,Japan,True,ML647066744,P1
647322294,bkfbun2,Emberiza personata,アオジ,3.0,1,"友水公園ー子吉, Yurihonjo, Akita, Japan",20 Dec 2025,YUKIKO ISHIKAWA,39.346,140.0662,Japan,True,ML647322294,P1
648087265,bkfbun2,Emberiza personata,アオジ,2.0,1,"由利本荘市--大提 (Yurihonjo--Otsutsumi Pond), Yurihonjo, Akita, Japan",2 Jan 2026,YUKIKO ISHIKAWA,39.3703,140.042,Japan,True,ML648087265,P1
648599135,bkfbun2,Emberiza personata,アオジ,2.0,1,"神栖市--常陸利根川・利根川の中洲 (Kamisu--Hitachitone-Tone river island), Kamisu, Ibaraki, Japan",1 Jan 2026,Yann Muzika,35.8579,140.6822,Japan,True,ML648599135,P1
648879728,bkfbun2,Emberiza personata,アオジ,0.0,0,"出水市--米之津川--広瀬橋 (Izumi--Komenotsu River--Hirose Bridge), Izumi, Kagoshima, Japan",10 Jan 2026,Cheng-Ru Tsai,32.083,130.3587,Japan,True,ML648879728,P1
649324341,bkfbun2,Emberiza personata,アオジ,5.0,1,"鶴居村--温根内ビジターセンター (Tsurui--Onnenai Visitor Center), Tsurui, Hokkaido, Japan",22 Jun 2025,Byoungjae Kim,43.1104,144.3272,Japan,True,ML649324341,P1
650329965,bkfbun2,Emberiza personata,アオジ,3.0,1,"菖蒲公園　本荘浜, Yurihonjo, Akita, Japan",2 Feb 2026,YUKIKO ISHIKAWA,39.3871,140.0227,Japan,True,ML650329965,P1
82436651,bkfbun2,Emberiza personata,アオジ,1.0,1,"名古屋市--名古屋城 (Nagoya--Nagoya Castle), Nagoya, Aichi, Japan",13 Dec 2017,William Hull,35.1856,136.8991,Japan,True,ML82436651,P1
100450641,bkrwax,Estrilda troglodytes,カエデチョウ,4.0,3,"Gambela--Metu Road track, Gambela Peoples, Ethiopia",14 Dec 2014,Andrew Spencer,8.2223,34.6077,Ethiopia,False,ML100450641,P1
142292231,bkrwax,Estrilda troglodytes,カエデチョウ,2.5,2,"Sourou (13.7521,-16.4722), Fatick, Senegal",24 Dec 2018,Jay McGowan,13.7521,-16.4722,Senegal,False,ML142292231,P1
142295451,bkrwax,Estrilda troglodytes,カエデチョウ,4.0,2,"Sourou (13.7521,-16.4722), Fatick, Senegal",24 Dec 2018,Jay McGowan,13.7521,-16.4722,Senegal,False,ML142295451,P1
203922981,bkrwax,Estrilda troglodytes,カエデチョウ,3.4,5,"Brenu (5.0773, -1.419), Central, Ghana",4 Jan 2018,Josep del Hoyo,5.0773,-1.419,Ghana,False,ML203922981,P1
275727461,bkrwax,Estrilda troglodytes,カエデチョウ,3.6666666666666665,3,"Bama - Maiduguri Road, Maiduguri, Borno, NG (11.796, 13.2), Borno, Nigeria",29 Oct 2020,Sun Madakan,11.7963,13.1999,Nigeria,False,ML275727461,P1
276120921,bkrwax,Estrilda troglodytes,カエデチョウ,3.6666666666666665,3,"Unnamed Road, Maiduguri, Borno, NG (11.809, 13.209), Borno, Nigeria",31 Oct 2020,Sun Madakan,11.809,13.2095,Nigeria,False,ML276120921,P1
279425,bkrwax,Estrilda troglodytes,カエデチョウ,3.3333333333333335,3,"Kunkilling Forest Park, Central River, Gambia",23 Jun 2018,Peter Boesman,13.5226,-14.7105,Gambia,False,ML279425,P1
279445,bkrwax,Estrilda troglodytes,カエデチョウ,3.5,2,"Janjanbureh, Janjanbureh, Central River, Gambia",23 Jun 2018,Peter Boesman,13.5445,-14.797,Gambia,False,ML279445,P1
279453,bkrwax,Estrilda troglodytes,カエデチョウ,4.5,2,"Janjanbureh, Janjanbureh, Central River, Gambia",23 Jun 2018,Peter Boesman,13.5445,-14.797,Gambia,False,ML279453,P1
279516,bkrwax,Estrilda troglodytes,カエデチョウ,3.0,3,"Kombo South, Western, Gambia",27 Jun 2018,Peter Boesman,13.0873,-16.766,Gambia,False,ML279516,P1
368285141,bkrwax,Estrilda troglodytes,カエデチョウ,2.5,2,"West San Gabriel River Parkway Nature Trail, Los Angeles, California, United States",10 Sep 2021,Loren Wright,33.8374,-118.095,United States,False,ML368285141,P1
368357371,bkrwax,Estrilda troglodytes,カエデチョウ,2.0,1,"West San Gabriel River Parkway Nature Trail, Los Angeles, California, United States",10 Sep 2021,Becky Turley,33.8374,-118.095,United States,False,ML368357371,P1
370858411,bkrwax,Estrilda troglodytes,カエデチョウ,2.0,1,"Bixby Marshland, Los Angeles, California, United States",19 Sep 2021,Tracy Drake,33.8069,-118.2851,United States,False,ML370858411,P1
430560581,bkrwax,Estrilda troglodytes,カエデチョウ,1.0,1,"Barcelona--Parc del Turó del Putxet, Barcelona, Cataluña, Spain",31 Mar 2022,Itziar Gutiérrez Uranga 🪶,41.4083,2.1423,Spain,False,ML430560581,P1
435037911,bkrwax,Estrilda troglodytes,カエデチョウ,3.0,1,"Damongo - Sawla Road, Central Gonja GH-Savannah (9.1374,-1.3458), Northern, Ghana",15 Mar 2022,Peter Boesman,9.1374,-1.3458,Ghana,False,ML435037911,P1
435038091,bkrwax,Estrilda troglodytes,カエデチョウ,2.0,1,"Damongo - Sawla Road, Central Gonja GH-Savannah (9.1374,-1.3458), Northern, Ghana",15 Mar 2022,Peter Boesman,9.1374,-1.3458,Ghana,False,ML435038091,P1
435038281,bkrwax,Estrilda troglodytes,カエデチョウ,1.0,1,"Damongo - Sawla Road, Central Gonja GH-Savannah (9.1374,-1.3458), Northern, Ghana",15 Mar 2022,Peter Boesman,9.1374,-1.3458,Ghana,False,ML435038281,P1
489686251,bkrwax,Estrilda troglodytes,カエデチョウ,3.0,1,"Vega de Motril, Granada, Andalucía, Spain",2 Oct 2022,Juan Pérez,36.7306,-3.5549,Spain,False,ML489686251,P1
489686681,bkrwax,Estrilda troglodytes,カエデチョウ,3.0,1,"Vega de Motril, Granada, Andalucía, Spain",2 Oct 2022,Juan Pérez,36.7306,-3.5549,Spain,False,ML489686681,P1
489687261,bkrwax,Estrilda troglodytes,カエデチョウ,3.0,1,"Vega de Motril, Granada, Andalucía, Spain",2 Oct 2022,Juan Pérez,36.7306,-3.5549,Spain,False,ML489687261,P1
610734868,bkrwax,Estrilda troglodytes,カエデチョウ,0.0,0,"River Gambia NP, Central River, Gambia",15 Oct 2023,Ragupathy Kannan,13.6881,-14.9181,Gambia,False,ML610734868,P1
618533019,bkrwax,Estrilda troglodytes,カエデチョウ,0.0,0,"Sourou (13.7521,-16.4722), Fatick, Senegal",24 Dec 2018,Nathan Pieplow,13.7521,-16.4722,Senegal,False,ML618533019,P1
618533057,bkrwax,Estrilda troglodytes,カエデチョウ,4.0,1,"Sourou (13.7521,-16.4722), Fatick, Senegal",24 Dec 2018,Nathan Pieplow,13.7521,-16.4722,Senegal,False,ML618533057,P1
621343259,bkrwax,Estrilda troglodytes,カエデチョウ,4.0,2,"Charca de Suárez—Motril, Granada, Andalucía, Spain",9 Jul 2024,Juan Pérez,36.7248,-3.5408,Spain,False,ML621343259,P1
623934487,bkrwax,Estrilda troglodytes,カエデチョウ,3.0,1,"Toubacouta--Mangrove et brousse, Fatick, Senegal",27 Dec 2022,David M. Bell,13.7873,-16.4786,Senegal,False,ML623934487,P1
632616587,bkrwax,Estrilda troglodytes,カエデチョウ,3.0,2,"Tinga, Salamat, TD (10,838, 19,779), Salamat, Chad",4 Feb 2025,Julien Birard,10.8377,19.7792,Chad,False,ML632616587,P1
632618381,bkrwax,Estrilda troglodytes,カエデチョウ,5.0,2,"Tinga, Salamat, TD (10,838, 19,779), Salamat, Chad",4 Feb 2025,Julien Birard,10.8377,19.7792,Chad,False,ML632618381,P1
643695116,bkrwax,Estrilda troglodytes,カエデチョウ,5.0,2,"RNC de Tocc Tocc, Saint-Louis, Senegal",24 Sep 2025,Jérémy Calvo,16.3596,-15.8359,Senegal,False,ML643695116,P1
643695229,bkrwax,Estrilda troglodytes,カエデチョウ,5.0,2,"RNC de Tocc Tocc, Saint-Louis, Senegal",24 Sep 2025,Jérémy Calvo,16.3596,-15.8359,Senegal,False,ML643695229,P1
646574488,bkrwax,Estrilda troglodytes,カエデチョウ,0.0,0,"Zakouma, Salamat, TD (10,891, 19,819), Salamat, Chad",13 Feb 2024,Julien Birard,10.8911,19.8187,Chad,False,ML646574488,P1
649629535,bkrwax,Estrilda troglodytes,カエデチョウ,5.0,1,"Badi, Tambacounda, Senegal",31 Dec 2025,Alli Smith,13.3652,-13.3855,Senegal,False,ML649629535,P1
649857609,bkrwax,Estrilda troglodytes,カエデチョウ,2.0,2,"Campement de Wassadou, Tambacounda, Senegal",16 Jan 2026,Peter Boesman,13.3485,-13.3776,Senegal,False,ML649857609,P1
167441,bkwpet,Pterodroma nigripennis,ハグロシロハラミズナギドリ,2.4,5,"Round Island, Mauritius",22 Nov 2009,Jon Erickson,-19.8546,57.7843,Mauritius,False,ML167441,P1
167478,bkwpet,Pterodroma nigripennis,ハグロシロハラミズナギドリ,2.4,5,"Round Island, Mauritius",18 Jan 2010,Jon Erickson,-19.8546,57.7843,Mauritius,False,ML167478,P1
167479,bkwpet,Pterodroma nigripennis,ハグロシロハラミズナギドリ,2.4,5,"Round Island, Mauritius",18 Jan 2010,Jon Erickson,-19.8546,57.7843,Mauritius,False,ML167479,P1
167480,bkwpet,Pterodroma nigripennis,ハグロシロハラミズナギドリ,1.8,5,"Round Island, Mauritius",18 Jan 2010,Jon Erickson,-19.8546,57.7843,Mauritius,False,ML167480,P1
167505,bkwpet,Pterodroma nigripennis,ハグロシロハラミズナギドリ,3.0,6,"Round Island, Mauritius",7 Feb 2010,Jon Erickson,-19.8546,57.7843,Mauritius,False,ML167505,P1
167510,bkwpet,Pterodroma nigripennis,ハグロシロハラミズナギドリ,2.6,5,"Round Island, Mauritius",7 Feb 2010,Jon Erickson,-19.8546,57.7843,Mauritius,False,ML167510,P1
167512,bkwpet,Pterodroma nigripennis,ハグロシロハラミズナギドリ,2.0,5,"Round Island, Mauritius",7 Feb 2010,Jon Erickson,-19.8546,57.7843,Mauritius,False,ML167512,P1
167513,bkwpet,Pterodroma nigripennis,ハグロシロハラミズナギドリ,4.2,5,"Round Island, Mauritius",7 Feb 2010,Jon Erickson,-19.8546,57.7843,Mauritius,False,ML167513,P1
167515,bkwpet,Pterodroma nigripennis,ハグロシロハラミズナギドリ,2.4,5,"Round Island, Mauritius",8 Feb 2010,Jon Erickson,-19.8546,57.7843,Mauritius,False,ML167515,P1
167518,bkwpet,Pterodroma nigripennis,ハグロシロハラミズナギドリ,2.0,4,"Round Island, Mauritius",8 Feb 2010,Jon Erickson,-19.8546,57.7843,Mauritius,False,ML167518,P1
283044941,bkwpet,Pterodroma nigripennis,ハグロシロハラミズナギドリ,2.8,5,"Puppys Point, Norfolk Island, Norfolk Island",20 Nov 2020,Charlie Andrews,-29.0238,167.9207,Norfolk Island,False,ML283044941,P1
649829075,bkwpet,Pterodroma nigripennis,ハグロシロハラミズナギドリ,3.0,1,"Pinetrees Lodge & vicinity, Lord Howe Island, New South Wales, Australia",15 Jan 2026,Annabelle Bueman,-31.5334,159.0697,Australia,False,ML649829075,P1
650866014,bkwpet,Pterodroma nigripennis,ハグロシロハラミズナギドリ,0.0,0,"Auto selected -33.07254, 158.21086, Lord Howe Island, New South Wales, Australia",14 Feb 2026,Fabrice Schmitt,-33.0725,158.2109,Australia,False,ML650866014,P1
650866016,bkwpet,Pterodroma nigripennis,ハグロシロハラミズナギドリ,0.0,0,"Auto selected -33.07254, 158.21086, Lord Howe Island, New South Wales, Australia",14 Feb 2026,Fabrice Schmitt,-33.0725,158.2109,Australia,False,ML650866016,P1
650866017,bkwpet,Pterodroma nigripennis,ハグロシロハラミズナギドリ,0.0,0,"Auto selected -33.07254, 158.21086, Lord Howe Island, New South Wales, Australia",14 Feb 2026,Fabrice Schmitt,-33.0725,158.2109,Australia,False,ML650866017,P1
650866450,bkwpet,Pterodroma nigripennis,ハグロシロハラミズナギドリ,0.0,0,"Auto selected -33.07254, 158.21086, Lord Howe Island, New South Wales, Australia",14 Feb 2026,Fabrice Schmitt,-33.0725,158.2109,Australia,False,ML650866450,P1
650866502,bkwpet,Pterodroma nigripennis,ハグロシロハラミズナギドリ,0.0,0,"Auto selected -33.07254, 158.21086, Lord Howe Island, New South Wales, Australia",14 Feb 2026,Fabrice Schmitt,-33.0725,158.2109,Australia,False,ML650866502,P1
650866532,bkwpet,Pterodroma nigripennis,ハグロシロハラミズナギドリ,0.0,0,"Auto selected -33.07254, 158.21086, Lord Howe Island, New South Wales, Australia",14 Feb 2026,Fabrice Schmitt,-33.0725,158.2109,Australia,False,ML650866532,P1
983,bkwpet,Pterodroma nigripennis,ハグロシロハラミズナギドリ,2.0,5,"Kermadec Islands; North Meyer Islet, New Zealand",28 Nov 1966,William V. Ward,-29.25,-177.8667,New Zealand,False,ML983,P1
984,bkwpet,Pterodroma nigripennis,ハグロシロハラミズナギドリ,2.6,5,"Kermadec Islands; North Meyer Islet, New Zealand",2 Dec 1966,William V. Ward,-29.25,-177.8667,New Zealand,False,ML984,P1
985,bkwpet,Pterodroma nigripennis,ハグロシロハラミズナギドリ,3.5,6,"Point Ross, Norfolk Island",21 Nov 1972,William V. Ward,-29.0,168.0,Norfolk Island,False,ML985,P1
136243111,blabit1,Ixobrychus flavicollis,タカサゴクロサギ,2.875,8,"Near Springdale lake, Unnamed Road, Tirupati, Andhra Pradesh, IN (13.646, 79.476), Chittoor, Andhra Pradesh, India",17 Jan 2019,viral joshi,13.6459,79.4762,India,False,ML136243111,P1
140858791,blabit1,Ixobrychus flavicollis,タカサゴクロサギ,2.0,6,"Ambedkar Road, Kodamthuruth, Kerala, IN (9.786, 76.31), Alappuzha, Kerala, India",16 Feb 2019,Tubin Babu,9.7858,76.3099,India,False,ML140858791,P1
184081351,blabit1,Ixobrychus flavicollis,タカサゴクロサギ,2.3333333333333335,6,"Kannur Kandal Project, Kannur, Kerala, India",25 Oct 2019,Sachin Chandran,12.1021,75.2253,India,False,ML184081351,P1
233431,blabit1,Ixobrychus flavicollis,タカサゴクロサギ,3.25,8,"Utopia Environment Reserve, Queensland, Australia",14 Oct 2012,Tony Baylis,-25.6416,152.1067,Australia,False,ML233431,P1
233432,blabit1,Ixobrychus flavicollis,タカサゴクロサギ,2.3333333333333335,6,"Utopia Environment Reserve, Queensland, Australia",16 Oct 2012,Tony Baylis,-25.6416,152.1067,Australia,False,ML233432,P1
233433,blabit1,Ixobrychus flavicollis,タカサゴクロサギ,2.1666666666666665,6,"Utopia Environment Reserve, Queensland, Australia",16 Oct 2012,Tony Baylis,-25.6416,152.1067,Australia,False,ML233433,P1
264503711,blabit1,Ixobrychus flavicollis,タカサゴクロサギ,2.3333333333333335,6,"Coombabah Lakelands Conservation Area (Arundel section), Gold Coast, Queensland, Australia",11 Sep 2020,Todd Burrows,-27.9378,153.3501,Australia,False,ML264503711,P1
279626691,blabit1,Ixobrychus flavicollis,タカサゴクロサギ,2.5714285714285716,7,"Tinchi Tamba Wetlands Reserve, Brisbane, Queensland, Australia",13 Nov 2020,Richard Fuller,-27.2991,153.0367,Australia,False,ML279626691,P1
284631261,blabit1,Ixobrychus flavicollis,タカサゴクロサギ,3.125,8,"Kuttanad Wetlands--Vallomkadavu, Alappuzha, Kerala, India",2 Dec 2020,hari kumar,9.2927,76.5208,India,False,ML284631261,P1
358884751,blabit1,Ixobrychus flavicollis,タカサゴクロサギ,2.1666666666666665,6,"Sundarpada, Khordha, Odisha, India",2 Aug 2021,Ajay Sarvagnam,20.202,85.7957,India,False,ML358884751,P1
361971791,blabit1,Ixobrychus flavicollis,タカサゴクロサギ,2.5714285714285716,7,"Spring Mt Reserve, Logan, Queensland, Australia",18 Aug 2021,Braden McDonald,-27.7375,152.9236,Australia,False,ML361971791,P1
362027291,blabit1,Ixobrychus flavicollis,タカサゴクロサギ,1.4285714285714286,7,"Spring Mt Reserve, Logan, Queensland, Australia",18 Aug 2021,John O'Shea,-27.7375,152.9236,Australia,False,ML362027291,P1
362034731,blabit1,Ixobrychus flavicollis,タカサゴクロサギ,2.142857142857143,7,"Spring Mt Reserve, Logan, Queensland, Australia",18 Aug 2021,John O'Shea,-27.7375,152.9236,Australia,False,ML362034731,P1
414244341,blabit1,Ixobrychus flavicollis,タカサゴクロサギ,3.125,8,"Nandhivaram Lake, Chengalpattu, Tamil Nadu, India",6 Feb 2022,Sreekumar Chirukandoth,12.8364,80.078,India,False,ML414244341,P1
486591981,blabit1,Ixobrychus flavicollis,タカサゴクロサギ,2.875,8,"Yawuru Birragun Conservation Park--Nimalarragun (Nimalaica), Broome, Western Australia, Australia",22 Sep 2022,Nigel Jackett,-17.779,122.2629,Australia,False,ML486591981,P1
505417771,blabit1,Ixobrychus flavicollis,タカサゴクロサギ,2.142857142857143,7,"Cattai Wetlands, Greater Taree, New South Wales, Australia",13 Nov 2022,Ian Kerr,-31.8295,152.6364,Australia,False,ML505417771,P1
554952151,blabit1,Ixobrychus flavicollis,タカサゴクロサギ,1.7142857142857142,7,"Pimprisekam-River Bhogawati, Jalgaon, Maharashtra, India",8 Apr 2023,Lakshmikant Neve,21.0483,75.8638,India,False,ML554952151,P1
554953301,blabit1,Ixobrychus flavicollis,タカサゴクロサギ,1.5714285714285714,7,"Pimprisekam-River Bhogawati, Jalgaon, Maharashtra, India",8 Apr 2023,Lakshmikant Neve,21.0483,75.8638,India,False,ML554953301,P1
609063107,blabit1,Ixobrychus flavicollis,タカサゴクロサギ,3.3333333333333335,3,"Pantar, Nusa Tenggara Timur, Nusa Tenggara, Indonesia",11 Apr 2015,Philippe Verbelen,-8.42,124.12,Indonesia,False,ML609063107,P1
609063108,blabit1,Ixobrychus flavicollis,タカサゴクロサギ,3.3333333333333335,3,"Pantar, Nusa Tenggara Timur, Nusa Tenggara, Indonesia",11 Apr 2015,Philippe Verbelen,-8.42,124.12,Indonesia,False,ML609063108,P1
610501786,blabit1,Ixobrychus flavicollis,タカサゴクロサギ,3.3333333333333335,3,"Lyndale Ave, Port Macquarie, Port Macquarie-Hastings, New South Wales, Australia",29 Oct 2023,Tim Morris,-31.4502,152.9164,Australia,False,ML610501786,P1
612026046,blabit1,Ixobrychus flavicollis,タカサゴクロサギ,1.3333333333333333,3,"Melaleuca Swamp, Roberts Creek, Ballina, New South Wales, Australia",8 Dec 2023,Steven McBride,-28.8343,153.5444,Australia,False,ML612026046,P1
612963399,blabit1,Ixobrychus flavicollis,タカサゴクロサギ,4.333333333333333,3,"Byerstown Queensland (Restricted Access), Cook, Queensland, Australia",30 Dec 2023,Lynette Ensor,-16.0334,144.7142,Australia,False,ML612963399,P1
613144476,blabit1,Ixobrychus flavicollis,タカサゴクロサギ,2.6666666666666665,3,"Sandy Camp Road Wetlands, Brisbane, Queensland, Australia",6 Jan 2024,John O'Shea,-27.4349,153.1473,Australia,False,ML613144476,P1
614220851,blabit1,Ixobrychus flavicollis,タカサゴクロサギ,3.3333333333333335,3,"Yawuru Birragun Conservation Park--Nimalarragun (Nimalaica), Broome, Western Australia, Australia",7 Oct 2022,Nigel Jackett NFC Station,-17.779,122.2629,Australia,False,ML614220851,P1
614220923,blabit1,Ixobrychus flavicollis,タカサゴクロサギ,3.6666666666666665,3,"Yawuru Birragun Conservation Park--Nimalarragun (Nimalaica), Broome, Western Australia, Australia",5 Oct 2022,Nigel Jackett NFC Station,-17.779,122.2629,Australia,False,ML614220923,P1
614220996,blabit1,Ixobrychus flavicollis,タカサゴクロサギ,2.6666666666666665,3,"Yawuru Birragun Conservation Park--Nimalarragun (Nimalaica), Broome, Western Australia, Australia",4 Oct 2022,Nigel Jackett NFC Station,-17.779,122.2629,Australia,False,ML614220996,P1
614221105,blabit1,Ixobrychus flavicollis,タカサゴクロサギ,3.3333333333333335,3,"Yawuru Birragun Conservation Park--Nimalarragun (Nimalaica), Broome, Western Australia, Australia",3 Oct 2022,Nigel Jackett NFC Station,-17.779,122.2629,Australia,False,ML614221105,P1
614221195,blabit1,Ixobrychus flavicollis,タカサゴクロサギ,4.0,3,"Yawuru Birragun Conservation Park--Nimalarragun (Nimalaica), Broome, Western Australia, Australia",2 Oct 2022,Nigel Jackett NFC Station,-17.779,122.2629,Australia,False,ML614221195,P1
614221333,blabit1,Ixobrychus flavicollis,タカサゴクロサギ,2.6666666666666665,3,"Yawuru Birragun Conservation Park--Nimalarragun (Nimalaica), Broome, Western Australia, Australia",30 Sep 2022,Nigel Jackett NFC Station,-17.779,122.2629,Australia,False,ML614221333,P1
614221487,blabit1,Ixobrychus flavicollis,タカサゴクロサギ,2.0,3,"Yawuru Birragun Conservation Park--Nimalarragun (Nimalaica), Broome, Western Australia, Australia",1 Oct 2022,Nigel Jackett NFC Station,-17.779,122.2629,Australia,False,ML614221487,P1
614221558,blabit1,Ixobrychus flavicollis,タカサゴクロサギ,3.5,4,"Yawuru Birragun Conservation Park--Nimalarragun (Nimalaica), Broome, Western Australia, Australia",29 Sep 2022,Nigel Jackett NFC Station,-17.779,122.2629,Australia,False,ML614221558,P1
614433045,blabit1,Ixobrychus flavicollis,タカサゴクロサギ,2.3333333333333335,3,"Coombabah Lakelands Conservation Area (Arundel section), Gold Coast, Queensland, Australia",5 Feb 2024,Regan Scheuber,-27.9378,153.3501,Australia,False,ML614433045,P1
614810882,blabit1,Ixobrychus flavicollis,タカサゴクロサギ,2.6666666666666665,3,"Leanyer Ponds, Darwin, Northern Territory, Australia",14 Feb 2024,Bryn Pickering,-12.3631,130.9091,Australia,False,ML614810882,P1
617818872,blabit1,Ixobrychus flavicollis,タカサゴクロサギ,4.0,4,"Matara--Kirala Kele Sanctuary, Matara Four Gravets, Matara, Sri Lanka",13 Apr 2024,Savin Perera,5.9758,80.5222,Sri Lanka,False,ML617818872,P1
622564655,blabit1,Ixobrychus flavicollis,タカサゴクロサギ,2.25,4,"Bhimavaram Wetlands, West Godavari, Andhra Pradesh, India",16 Aug 2024,Ramu Alluri,16.5581,81.4962,India,False,ML622564655,P1
623872333,blabit1,Ixobrychus flavicollis,タカサゴクロサギ,2.0,4,"229 Sheaffes Road (Restricted Access), Byron, New South Wales, Australia",18 Sep 2024,Thomas Burley,-28.6037,153.4629,Australia,False,ML623872333,P1
624879497,blabit1,Ixobrychus flavicollis,タカサゴクロサギ,1.0,4,"Lyndale Ave, Port Macquarie, Port Macquarie-Hastings, New South Wales, Australia",12 Oct 2024,Tim Morris,-31.4502,152.9164,Australia,False,ML624879497,P1
626841551,blabit1,Ixobrychus flavicollis,タカサゴクロサギ,2.75,4,"Barralong Rd, Erina, Gosford, New South Wales, Australia",23 Nov 2024,Nick Carson,-33.4329,151.383,Australia,False,ML626841551,P1
627592358,blabit1,Ixobrychus flavicollis,タカサゴクロサギ,2.25,4,"Cooktown-63 Garden Street (restricted access), Cook, Queensland, Australia",14 Dec 2024,Kath Shurcliff,-15.4714,145.256,Australia,False,ML627592358,P1
631301707,blabit1,Ixobrychus flavicollis,タカサゴクロサギ,3.5,4,"Diamond Brothers Reserve, Horsley, Wollongong, New South Wales, Australia",3 Nov 2023,Paul Lynch,-34.492,150.785,Australia,False,ML631301707,P1
631301717,blabit1,Ixobrychus flavicollis,タカサゴクロサギ,3.0,4,"Diamond Brothers Reserve, Horsley, Wollongong, New South Wales, Australia",3 Nov 2023,Paul Lynch,-34.492,150.785,Australia,False,ML631301717,P1
631301733,blabit1,Ixobrychus flavicollis,タカサゴクロサギ,2.25,4,"Diamond Brothers Reserve, Horsley, Wollongong, New South Wales, Australia",3 Nov 2023,Paul Lynch,-34.492,150.785,Australia,False,ML631301733,P1
637079359,blabit1,Ixobrychus flavicollis,タカサゴクロサギ,4.0,4,"Kerala Nalsarovar Road, Nalsarovar, Gujarat, IN (22.823, 72.06), Ahmedabad, Gujarat, India",3 Jun 2025,Pradnyavant Mane,22.8225,72.0603,India,False,ML637079359,P1
641543819,blabit1,Ixobrychus flavicollis,タカサゴクロサギ,0.0,0,"Clontarf Environment Reserve, Moreton Bay, Queensland, Australia",8 Sep 2025,Kaden Porter,-27.2482,153.0782,Australia,False,ML641543819,P1
643413473,blabit1,Ixobrychus flavicollis,タカサゴクロサギ,1.0,1,"Bullock Creek Road, Meldale, Queensland, AU (-27.03, 153.072), Moreton Bay, Queensland, Australia",12 Oct 2025,Helen Leonard,-27.0303,153.0722,Australia,False,ML643413473,P1
645917517,blabit1,Ixobrychus flavicollis,タカサゴクロサギ,3.0,1,"Upper Daintree Rd, Stewart Creek Valley AU-QLD -16.25688, 145.31461, Cairns, Queensland, Australia",22 Nov 2025,Zebedee Muller,-16.2569,145.3146,Australia,False,ML645917517,P1
645917519,blabit1,Ixobrychus flavicollis,タカサゴクロサギ,2.0,1,"Upper Daintree Rd, Stewart Creek Valley AU-QLD -16.25688, 145.31461, Cairns, Queensland, Australia",22 Nov 2025,Zebedee Muller,-16.2569,145.3146,Australia,False,ML645917519,P1
646102544,blabit1,Ixobrychus flavicollis,タカサゴクロサギ,1.0,1,"Bells Esp (Pelican Waters), Sunshine Coast, Queensland, Australia",30 Nov 2025,John O'Shea,-26.8435,153.1062,Australia,False,ML646102544,P1
647917159,blabit1,Ixobrychus flavicollis,タカサゴクロサギ,3.0,1,"Upper Daintree Rd, Stewart Creek Valley AU-QLD -16.25688, 145.31461, Cairns, Queensland, Australia",22 Nov 2025,Cathy Theisen,-16.2569,145.3146,Australia,False,ML647917159,P1
648055735,blabit1,Ixobrychus flavicollis,タカサゴクロサギ,0.0,0,"Huntingdon, Port Macquarie-Hastings, New South Wales, Australia",3 Jan 2026,Matt Hinze,-31.4771,152.6638,Australia,False,ML648055735,P1
648377559,blabit1,Ixobrychus flavicollis,タカサゴクロサギ,0.0,0,"Huntingdon, Port Macquarie-Hastings, New South Wales, Australia",6 Jan 2026,Matt Hinze,-31.4771,152.6638,Australia,False,ML648377559,P1
650550047,blabit1,Ixobrychus flavicollis,タカサゴクロサギ,3.0,1,"Camden Haven River, Logans Crossing AU-NSW (-31.6141,152.7141), Port Macquarie-Hastings, New South Wales, Australia",12 Jan 2026,James Bennett,-31.6141,152.7141,Australia,False,ML650550047,P1
80754141,blabit1,Ixobrychus flavicollis,タカサゴクロサギ,3.125,8,"JWNR--woodland loop, Australian Capital Territory, Australia",5 Jan 2018,Anonymous,-35.315,149.156,Australia,False,ML80754141,P1
80755521,blabit1,Ixobrychus flavicollis,タカサゴクロサギ,3.0,7,"JWNR--woodland loop, Australian Capital Territory, Australia",6 Jan 2018,Anonymous,-35.315,149.156,Australia,False,ML80755521,P1
80886201,blabit1,Ixobrychus flavicollis,タカサゴクロサギ,3.875,8,"JWNR--woodland loop, Australian Capital Territory, Australia",5 Jan 2018,Anonymous,-35.315,149.156,Australia,False,ML80886201,P1
80886881,blabit1,Ixobrychus flavicollis,タカサゴクロサギ,3.2857142857142856,7,"JWNR--woodland loop, Australian Capital Territory, Australia",5 Jan 2018,Anonymous,-35.315,149.156,Australia,False,ML80886881,P1
81818131,blabit1,Ixobrychus flavicollis,タカサゴクロサギ,3.0,6,"JWNR--woodland loop, Australian Capital Territory, Australia",12 Jan 2018,Anonymous,-35.315,149.156,Australia,False,ML81818131,P1
81818151,blabit1,Ixobrychus flavicollis,タカサゴクロサギ,2.875,8,"JWNR--woodland loop, Australian Capital Territory, Australia",12 Jan 2018,Anonymous,-35.315,149.156,Australia,False,ML81818151,P1
319259921,blasto1,Ciconia nigra,ナベコウ,3.1752988047808763,251,"PNM-14 (39,847, -6,006), Cáceres, Extremadura, Spain",23 Mar 2021,Sergio Mayordomo,39.8471,-6.006,Spain,False,ML319259921,P1
616287761,blasto1,Ciconia nigra,ナベコウ,2.6785714285714284,56,"Beljarica--Vojne bašte (PIO Forland leve obale Dunava kod Beograda), Beograd, Serbia",21 Mar 2024,Sever Nagulov,44.8817,20.3752,Serbia,False,ML616287761,P1
620061929,blasto1,Ciconia nigra,ナベコウ,3.1607142857142856,56,"Monfragüe PN--Portilla del Tiétar, Cáceres, Extremadura, Spain",27 May 2024,Rob Bierregaard,39.857,-5.9598,Spain,False,ML620061929,P1
620071179,blasto1,Ciconia nigra,ナベコウ,4.350877192982456,57,"les, Heřmanice, Liberecký kraj, Czech Republic",5 Jun 2024,Hynek Koziol,50.8697,15.0053,Czech Republic,False,ML620071179,P1
110009741,blckin1,Halcyon pileata,ヤマショウビン,3.0,3,"龙神庙 (Longshenmiao), Beijing, China",5 Aug 2018,PT xiao,39.8243,115.8857,China,False,ML110009741,P1
162909,blckin1,Halcyon pileata,ヤマショウビン,2.0,4,"Vinh Cuu Reserve, Dong Nai, Vietnam",6 Apr 2010,Mark Robbins,11.3809,107.0625,Vietnam,False,ML162909,P1
184446301,blckin1,Halcyon pileata,ヤマショウビン,3.75,4,"Bang Pu--Nature Education Center, Samut Prakan, Thailand",27 Oct 2019,Wich’yanan Limparungpatthanakij,13.5168,100.6557,Thailand,False,ML184446301,P1
184448291,blckin1,Halcyon pileata,ヤマショウビン,4.0,4,"Bang Pu--Nature Education Center, Samut Prakan, Thailand",27 Oct 2019,Wich’yanan Limparungpatthanakij,13.5168,100.6557,Thailand,False,ML184448291,P1
185204731,blckin1,Halcyon pileata,ヤマショウビン,3.75,4,"Bang Pu--Nature Education Center, Samut Prakan, Thailand",27 Oct 2019,Rongrong Angkaew,13.5168,100.6557,Thailand,False,ML185204731,P1
185204821,blckin1,Halcyon pileata,ヤマショウビン,3.0,3,"Bang Pu--Nature Education Center, Samut Prakan, Thailand",27 Oct 2019,Rongrong Angkaew,13.5168,100.6557,Thailand,False,ML185204821,P1
191037341,blckin1,Halcyon pileata,ヤマショウビン,3.5,4,"Changaram Wetlands -- Ezhupunna, Alappuzha, Kerala, India",1 Dec 2019,Sudheesh  Mohan,9.7975,76.2889,India,False,ML191037341,P1
191850361,blckin1,Halcyon pileata,ヤマショウビン,2.3333333333333335,3,"Changaram Wetlands -- Ezhupunna, Alappuzha, Kerala, India",1 Dec 2019,Renju TR,9.7975,76.2889,India,False,ML191850361,P1
203916091,blckin1,Halcyon pileata,ヤマショウビン,3.8333333333333335,6,"Ao Mahachai Mangrove Forest Natural Education Center, Samut Sakhon, Thailand",2 Jan 2015,Josep del Hoyo,13.5025,100.27,Thailand,False,ML203916091,P1
269675871,blckin1,Halcyon pileata,ヤマショウビン,4.166666666666667,6,"Bang Pu--Nature Education Center, Samut Prakan, Thailand",10 Oct 2020,Ben Weil,13.5168,100.6557,Thailand,False,ML269675871,P1
278594371,blckin1,Halcyon pileata,ヤマショウビン,4.25,4,"Selangor - Pasir Panjang Mangroves, Selangor, Malaysia",7 Nov 2020,Lim Ying Hien,3.5655,101.0697,Malaysia,False,ML278594371,P1
383052321,blckin1,Halcyon pileata,ヤマショウビン,4.666666666666667,9,"Elathur, Kerala, IN (11.348, 75.738), Kozhikode, Kerala, India",26 Oct 2021,Sathyan Meppayur,11.3477,75.7375,India,False,ML383052321,P1
464123631,blckin1,Halcyon pileata,ヤマショウビン,3.5,4,"婺源县及周边 [请用更详细的热点] (Wuyuan County & Environs [please use more specific hotspots]), Jiangxi, China",2 Jul 2022,Matthias Alberti,29.2481,117.8637,China,False,ML464123631,P1
489539701,blckin1,Halcyon pileata,ヤマショウビン,2.5,2,"Caravela, South Goa, Goa, India",2 Oct 2022,Birds & Habitat Explorer,15.2117,73.9327,India,False,ML489539701,P1
489539711,blckin1,Halcyon pileata,ヤマショウビン,2.0,2,"Caravela, South Goa, Goa, India",2 Oct 2022,Birds & Habitat Explorer,15.2117,73.9327,India,False,ML489539711,P1
495316361,blckin1,Halcyon pileata,ヤマショウビン,1.6666666666666667,3,"Bhitarkanika--Dangamal, Kendrapara, Odisha, India",12 Oct 2022,Ashis Kumar  Pradhan,20.7409,86.8683,India,False,ML495316361,P1
512968171,blckin1,Halcyon pileata,ヤマショウビン,2.5,2,"Bhitarkanika National Park Area, Kendrapara, Odisha, India",5 Dec 2022,Sreekumar Chirukandoth,20.723,86.8637,India,False,ML512968171,P1
519869651,blckin1,Halcyon pileata,ヤマショウビン,3.75,4,"Meidinagar Beach, Purba Medinipur, West Bengal, India",3 Jan 2023,Anish  Bera,21.802,87.9169,India,False,ML519869651,P1
525153411,blckin1,Halcyon pileata,ヤマショウビン,2.75,4,"Bang Pu--Nature Education Center, Samut Prakan, Thailand",17 Jan 2023,Wich’yanan Limparungpatthanakij,13.5168,100.6557,Thailand,False,ML525153411,P1
533837831,blckin1,Halcyon pileata,ヤマショウビン,1.0,2,"Pallapalayam Lake, Coimbatore, Tamil Nadu, India",5 Feb 2023,Karthik Ramasamy,10.9914,77.0789,India,False,ML533837831,P1
535017951,blckin1,Halcyon pileata,ヤマショウビン,2.5,2,"Pallapalayam Lake, Coimbatore, Tamil Nadu, India",30 Jan 2023,Gaja mohanraj,10.9914,77.0789,India,False,ML535017951,P1
535018031,blckin1,Halcyon pileata,ヤマショウビン,2.6666666666666665,3,"Pallapalayam Lake, Coimbatore, Tamil Nadu, India",30 Jan 2023,Gaja mohanraj,10.9914,77.0789,India,False,ML535018031,P1
535018061,blckin1,Halcyon pileata,ヤマショウビン,3.0,3,"Pallapalayam Lake, Coimbatore, Tamil Nadu, India",30 Jan 2023,Gaja mohanraj,10.9914,77.0789,India,False,ML535018061,P1
535018091,blckin1,Halcyon pileata,ヤマショウビン,3.3333333333333335,3,"Pallapalayam Lake, Coimbatore, Tamil Nadu, India",30 Jan 2023,Gaja mohanraj,10.9914,77.0789,India,False,ML535018091,P1
536389431,blckin1,Halcyon pileata,ヤマショウビン,3.6666666666666665,3,"Pallapalayam Lake, Coimbatore, Tamil Nadu, India",18 Feb 2023,Karthik Ramasamy,10.9914,77.0789,India,False,ML536389431,P1
558085041,blckin1,Halcyon pileata,ヤマショウビン,4.333333333333333,3,"Mu Ko Surin NP--Mai Ngam Beach, Phangnga, Thailand",14 Mar 2023,Ryan O'Donnell,9.4348,97.8605,Thailand,False,ML558085041,P1
560557461,blckin1,Halcyon pileata,ヤマショウビン,2.6666666666666665,3,"Mu Ko Surin NP--Mai Ngam Beach, Phangnga, Thailand",14 Mar 2023,Ryan O'Donnell,9.4348,97.8605,Thailand,False,ML560557461,P1
572371481,blckin1,Halcyon pileata,ヤマショウビン,4.25,4,"田林社区 (Tianlin Community), Shanghai, China",14 May 2023,Ray Tsu 诸 仁,31.1743,121.4214,China,False,ML572371481,P1
609067244,blckin1,Halcyon pileata,ヤマショウビン,4.0,4,"Sundarbans--Karamjal, Khulna bibhag, Bangladesh",10 Oct 2009,Monirul Khan,22.4273,89.5901,Bangladesh,False,ML609067244,P1
610891254,blckin1,Halcyon pileata,ヤマショウビン,3.75,4,"Bang Pu--Nature Education Center, Samut Prakan, Thailand",5 Nov 2023,Jukree Sisonmak,13.5168,100.6557,Thailand,False,ML610891254,P1
612132770,blckin1,Halcyon pileata,ヤマショウビン,1.3333333333333333,3,"Pulau Ubin, Singapore, Singapore",11 Dec 2023,Jared Tan,1.4036,103.9688,Singapore,False,ML612132770,P1
617870651,blckin1,Halcyon pileata,ヤマショウビン,3.6,5,"馬祖--東引東湧水庫(Matsu--Dongyin Dongyong Reservoir), Lienchiang County, Taiwan",24 Apr 2024,Chi-Hsuan Shao,26.3692,120.4926,Taiwan,False,ML617870651,P1
617870652,blckin1,Halcyon pileata,ヤマショウビン,1.5,2,"馬祖--東引東湧水庫(Matsu--Dongyin Dongyong Reservoir), Lienchiang County, Taiwan",24 Apr 2024,Chi-Hsuan Shao,26.3692,120.4926,Taiwan,False,ML617870652,P1
618709640,blckin1,Halcyon pileata,ヤマショウビン,1.6666666666666667,3,"馬祖--東引苗圃(Matsu--Dongyin Vegetable Farm), Lienchiang County, Taiwan",2 May 2024,志民 蘇,26.3598,120.4852,Taiwan,False,ML618709640,P1
619476184,blckin1,Halcyon pileata,ヤマショウビン,1.6666666666666667,3,"南北湖景区 (Nanbei Lake Scenic Area), Zhejiang, China",18 May 2024,Congyi Jiang,30.3756,120.8485,China,False,ML619476184,P1
620202006,blckin1,Halcyon pileata,ヤマショウビン,3.0,3,"南北湖景区 (Nanbei Lake Scenic Area), Zhejiang, China",13 May 2023,Congyi Jiang,30.3756,120.8485,China,False,ML620202006,P1
620202094,blckin1,Halcyon pileata,ヤマショウビン,2.0,3,"南北湖景区 (Nanbei Lake Scenic Area), Zhejiang, China",2 Jun 2024,Congyi Jiang,30.3756,120.8485,China,False,ML620202094,P1
621024619,blckin1,Halcyon pileata,ヤマショウビン,2.3333333333333335,3,"Luoshan, Xinyang CN-Henan (31.9846,114.3512), Henan, China",1 Jul 2024,Haoning Gong,31.9846,114.3512,China,False,ML621024619,P1
621024633,blckin1,Halcyon pileata,ヤマショウビン,4.0,3,"SBM12塘, Henan, China",1 Jul 2024,Haoning Gong,31.987,114.3468,China,False,ML621024633,P1
621373697,blckin1,Halcyon pileata,ヤマショウビン,3.0,3,"Luoshan, Xinyang CN-Henan (31.9486,114.3429), Henan, China",9 Jul 2024,Haoning Gong,31.9486,114.343,China,False,ML621373697,P1
624879235,blckin1,Halcyon pileata,ヤマショウビン,4.666666666666667,3,"Bang Tabun Ok--""Duck & Ibis"" lake, Phetchaburi, Thailand",13 Oct 2024,Sam Hambly,13.2478,99.9318,Thailand,False,ML624879235,P1
625718303,blckin1,Halcyon pileata,ヤマショウビン,4.0,3,"Bhitarkanika National Park Area, Kendrapara, Odisha, India",2 Oct 2024,Sreekumar Chirukandoth,20.723,86.8637,India,False,ML625718303,P1
625821511,blckin1,Halcyon pileata,ヤマショウビン,4.0,4,"Phutthamonthon Park, Nakhon Pathom, Thailand",4 Nov 2024,Sam Hambly,13.7817,100.3161,Thailand,False,ML625821511,P1
627779105,blckin1,Halcyon pileata,ヤマショウビン,2.5,2,"馬祖--東引東湧水庫(Matsu--Dongyin Dongyong Reservoir), Lienchiang County, Taiwan",27 Apr 2024,u7 Liao,26.3692,120.4926,Taiwan,False,ML627779105,P1
629269390,blckin1,Halcyon pileata,ヤマショウビン,3.0,3,"Thammasat University [Rangsit Campus], Pathum Thani, Thailand",18 Jan 2025,Sam Hambly,14.075,100.5987,Thailand,False,ML629269390,P1
631606862,blckin1,Halcyon pileata,ヤマショウビン,3.6,5,"Jambu Dweep Sandbar, South 24 Parganas, West Bengal, India",22 Feb 2025,Ajoy Kumar Dawn,21.5746,88.1978,India,False,ML631606862,P1
634778002,blckin1,Halcyon pileata,ヤマショウビン,1.0,1,"Loc Vinh, Thua Thien-Hue, Vietnam",25 Mar 2025,Henry Buchner,16.3359,107.9528,Vietnam,False,ML634778002,P1
635486889,blckin1,Halcyon pileata,ヤマショウビン,3.0,1,"裕西公园 (Yuxi Park), Hebei, China",11 May 2025,Yawei Zhang,38.0388,114.412,China,False,ML635486889,P1
641418719,blckin1,Halcyon pileata,ヤマショウビン,4.0,1,"Phangnga provincial town--mangrove boardwalk, Phangnga, Thailand",5 Mar 2019,Nagahisa MIta,8.4332,98.5161,Thailand,False,ML641418719,P1
643113805,blckin1,Halcyon pileata,ヤマショウビン,0.0,0,"Bang Pu--Nature Education Center, Samut Prakan, Thailand",7 Oct 2025,Peter Ericsson,13.5168,100.6557,Thailand,False,ML643113805,P1
643224689,blckin1,Halcyon pileata,ヤマショウビン,4.0,1,"Thammasat University [Rangsit Campus], Pathum Thani, Thailand",10 Oct 2025,Sam Hambly,14.075,100.5987,Thailand,False,ML643224689,P1
643341242,blckin1,Halcyon pileata,ヤマショウビン,4.0,1,"Thammasat University [Rangsit Campus], Pathum Thani, Thailand",12 Oct 2025,Sam Hambly,14.075,100.5987,Thailand,False,ML643341242,P1
643528902,blckin1,Halcyon pileata,ヤマショウビン,0.0,0,"Garden, Makham, Chanthaburi, TH (12,716, 102,197), Chanthaburi, Thailand",15 Oct 2025,Albert Noorlander,12.716,102.1971,Thailand,False,ML643528902,P1
644455868,blckin1,Halcyon pileata,ヤマショウビン,0.0,0,"Kole Wetlands--Ayanikkad, Thrissur, Kerala, India",26 Oct 2025,Dr. ADIL A,10.5363,76.1278,India,False,ML644455868,P1
645886836,blckin1,Halcyon pileata,ヤマショウビン,3.0,2,"Vellode Bird Sanctuary, Erode வெள்ளோடு பறவைகள் சரணாலயம், ஈரோடு, Erode, Tamil Nadu, India",25 Oct 2025,Subha N,11.2514,77.6523,India,False,ML645886836,P1
648283178,blckin1,Halcyon pileata,ヤマショウビン,3.0,1,"Angkor Wat, Siemréab, Cambodia",29 Dec 2025,Laurie Gardner,13.4125,103.8668,Cambodia,False,ML648283178,P1
650874547,blckin1,Halcyon pileata,ヤマショウビン,0.0,0,"Lanta Islands--Kho Kwang Beach, Krabi, Thailand",13 Feb 2026,Niels Allert,7.6331,99.0311,Thailand,False,ML650874547,P1
71386,blckin1,Halcyon pileata,ヤマショウビン,2.0,2,"Kuala Selangor, Selangor, Malaysia",1 Nov 1991,Arnoud B. van den Berg,3.4,101.2,Malaysia,False,ML71386,P1
71389,blckin1,Halcyon pileata,ヤマショウビン,2.3333333333333335,3,"Kuala Selangor, Selangor, Malaysia",2 Nov 1991,Arnoud B. van den Berg,3.4,101.2,Malaysia,False,ML71389,P1
71392,blckin1,Halcyon pileata,ヤマショウビン,2.6666666666666665,3,"Kuala Selangor, Selangor, Malaysia",2 Nov 1991,Arnoud B. van den Berg,3.4,101.2,Malaysia,False,ML71392,P1
137135751,blfowl1,Ketupa blakistoni,シマフクロウ,3.0,3,"Nakashibetsu, Hokkaido, Japan",Unknown,Julia Moning,0.0,0.0,Japan,False,ML137135751,P1
175016,blfowl1,Ketupa blakistoni,シマフクロウ,2.0,5,"Hokkaido, Japan",Unknown,Ben F. King,0.0,0.0,Japan,False,ML175016,P1
175017,blfowl1,Ketupa blakistoni,シマフクロウ,2.0,4,"Hokkaido, Japan",Unknown,Ben F. King,0.0,0.0,Japan,False,ML175017,P1
182695611,blfowl1,Ketupa blakistoni,シマフクロウ,4.0,8,"Rausu, Hokkaido, Japan",Unknown,Andrew Spencer,0.0,0.0,Japan,False,ML182695611,P1
203970751,blfowl1,Ketupa blakistoni,シマフクロウ,3.0,8,"Rausu, Hokkaido, Japan",Unknown,Phil Gregory | Sicklebill Safaris | www.birder.travel,0.0,0.0,Japan,False,ML203970751,P1
203979331,blfowl1,Ketupa blakistoni,シマフクロウ,3.8333333333333335,12,"Rausu, Hokkaido, Japan",Unknown,Phil Gregory | Sicklebill Safaris | www.birder.travel,0.0,0.0,Japan,False,ML203979331,P1
27824591,blfowl1,Ketupa blakistoni,シマフクロウ,2.0,2,"Nakashibetsu, Hokkaido, Japan",Unknown,Frank Antram,0.0,0.0,Japan,False,ML27824591,P1
281943,blfowl1,Ketupa blakistoni,シマフクロウ,4.0,4,"Rausu, Hokkaido, Japan",Unknown,Peter Boesman,0.0,0.0,Japan,False,ML281943,P1
281944,blfowl1,Ketupa blakistoni,シマフクロウ,2.6666666666666665,3,"Rausu, Hokkaido, Japan",Unknown,Peter Boesman,0.0,0.0,Japan,False,ML281944,P1
40471481,blfowl1,Ketupa blakistoni,シマフクロウ,1.0,6,"Nemuro, Hokkaido, Japan",Unknown,Eric Youngblood,0.0,0.0,Japan,False,ML40471481,P1
579001821,blfowl1,Ketupa blakistoni,シマフクロウ,3.0,1,"Rausu, Hokkaido, Japan",Unknown,Phil Gregory | Sicklebill Safaris | www.birder.travel,0.0,0.0,Japan,False,ML579001821,P1
612576855,blfowl1,Ketupa blakistoni,シマフクロウ,4.666666666666667,3,"Teshikaga, Hokkaido, Japan",Unknown,Anonymous,0.0,0.0,Japan,False,ML612576855,P1
626175219,blfowl1,Ketupa blakistoni,シマフクロウ,0.0,0,"Rausu, Hokkaido, Japan",Unknown,Kuan Chih Yu,0.0,0.0,Japan,False,ML626175219,P1
627008304,blfowl1,Ketupa blakistoni,シマフクロウ,0.0,0,"Nemuro, Hokkaido, Japan",Unknown,Liang-Yu Su,0.0,0.0,Japan,False,ML627008304,P1
627008305,blfowl1,Ketupa blakistoni,シマフクロウ,0.0,0,"Nemuro, Hokkaido, Japan",Unknown,Liang-Yu Su,0.0,0.0,Japan,False,ML627008305,P1
627008306,blfowl1,Ketupa blakistoni,シマフクロウ,0.0,0,"Nemuro, Hokkaido, Japan",Unknown,Liang-Yu Su,0.0,0.0,Japan,False,ML627008306,P1
627008307,blfowl1,Ketupa blakistoni,シマフクロウ,0.0,0,"Nemuro, Hokkaido, Japan",Unknown,Liang-Yu Su,0.0,0.0,Japan,False,ML627008307,P1
627008308,blfowl1,Ketupa blakistoni,シマフクロウ,0.0,0,"Nemuro, Hokkaido, Japan",Unknown,Liang-Yu Su,0.0,0.0,Japan,False,ML627008308,P1
630824595,blfowl1,Ketupa blakistoni,シマフクロウ,3.5,2,"Nemuro, Hokkaido, Japan",Unknown,Batmunkh Davaasuren,0.0,0.0,Japan,False,ML630824595,P1
630824675,blfowl1,Ketupa blakistoni,シマフクロウ,3.0,1,"Nemuro, Hokkaido, Japan",Unknown,Batmunkh Davaasuren,0.0,0.0,Japan,False,ML630824675,P1
634401200,blfowl1,Ketupa blakistoni,シマフクロウ,0.0,0,"Rausu, Hokkaido, Japan",Unknown,Fernando del Valle,0.0,0.0,Japan,False,ML634401200,P1
640189815,blfowl1,Ketupa blakistoni,シマフクロウ,0.0,0,"Rausu, Hokkaido, Japan",Unknown,Raven X,0.0,0.0,Japan,False,ML640189815,P1
640189816,blfowl1,Ketupa blakistoni,シマフクロウ,0.0,0,"Rausu, Hokkaido, Japan",Unknown,Raven X,0.0,0.0,Japan,False,ML640189816,P1
640189817,blfowl1,Ketupa blakistoni,シマフクロウ,0.0,0,"Rausu, Hokkaido, Japan",Unknown,Raven X,0.0,0.0,Japan,False,ML640189817,P1
640189818,blfowl1,Ketupa blakistoni,シマフクロウ,0.0,0,"Rausu, Hokkaido, Japan",Unknown,Raven X,0.0,0.0,Japan,False,ML640189818,P1
640189972,blfowl1,Ketupa blakistoni,シマフクロウ,0.0,0,"Rausu, Hokkaido, Japan",Unknown,Raven X,0.0,0.0,Japan,False,ML640189972,P1
641165853,blfowl1,Ketupa blakistoni,シマフクロウ,0.0,0,"Rausu, Hokkaido, Japan",Unknown,Haruto Noma,0.0,0.0,Japan,False,ML641165853,P1
643339255,blfowl1,Ketupa blakistoni,シマフクロウ,4.0,1,"Rausu, Hokkaido, Japan",Unknown,Paul Shaffner,0.0,0.0,Japan,False,ML643339255,P1
643339503,blfowl1,Ketupa blakistoni,シマフクロウ,4.0,1,"Rausu, Hokkaido, Japan",Unknown,Paul Shaffner,0.0,0.0,Japan,False,ML643339503,P1
643339504,blfowl1,Ketupa blakistoni,シマフクロウ,4.0,1,"Rausu, Hokkaido, Japan",Unknown,Paul Shaffner,0.0,0.0,Japan,False,ML643339504,P1
644067610,blfowl1,Ketupa blakistoni,シマフクロウ,5.0,1,"Nemuro, Hokkaido, Japan",Unknown,Alice Z.,0.0,0.0,Japan,False,ML644067610,P1
645155658,blfowl1,Ketupa blakistoni,シマフクロウ,5.0,1,"Nemuro, Hokkaido, Japan",Unknown,tatsuyuki tomioka,0.0,0.0,Japan,False,ML645155658,P1
650676021,blfowl1,Ketupa blakistoni,シマフクロウ,0.0,0,"Teshikaga, Hokkaido, Japan",Unknown,Shiho Koike,0.0,0.0,Japan,False,ML650676021,P1
133934401,blfspo1,Platalea minor,クロツラヘラサギ,3.9,10,"嘉義鰲鼓濕地IBA--全區(Aogu Wetland IBA), Chiayi County, Taiwan",7 Dec 2018,Yi-Cheng Chen,23.5004,120.1358,Taiwan,False,ML133934401,P1
142177071,blfspo1,Platalea minor,クロツラヘラサギ,4.125,8,"嘉義鰲鼓濕地IBA--全區(Aogu Wetland IBA), Chiayi County, Taiwan",16 Feb 2019,Yi-Cheng Chen,23.5004,120.1358,Taiwan,False,ML142177071,P1
142177151,blfspo1,Platalea minor,クロツラヘラサギ,3.75,8,"嘉義鰲鼓濕地IBA--全區(Aogu Wetland IBA), Chiayi County, Taiwan",16 Feb 2019,Yi-Cheng Chen,23.5004,120.1358,Taiwan,False,ML142177151,P1
502272631,blfspo1,Platalea minor,クロツラヘラサギ,3.625,8,"嘉義布袋濕地IBA--新塭滯洪池北池/布袋九區鹽田(Budai Wetland IBA--Xinwen Detention North Ponds / Budai #9 Salt Pan), Chiayi County, Taiwan",8 Nov 2022,Yi-Cheng Chen,23.3269,120.1707,Taiwan,False,ML502272631,P1
505054901,blfspo1,Platalea minor,クロツラヘラサギ,4.363636363636363,11,"嘉義布袋濕地IBA--新塭滯洪池北池/布袋九區鹽田(Budai Wetland IBA--Xinwen Detention North Ponds / Budai #9 Salt Pan), Chiayi County, Taiwan",18 Nov 2022,Yi-Cheng Chen,23.3269,120.1707,Taiwan,False,ML505054901,P1
516023631,blfspo1,Platalea minor,クロツラヘラサギ,3.5714285714285716,7,"嘉義布袋濕地IBA--新民里(Budai Wetland IBA--Xinmin Village), Chiayi County, Taiwan",24 Dec 2022,Yi-Cheng Chen,23.3407,120.1612,Taiwan,False,ML516023631,P1
524272741,blfspo1,Platalea minor,クロツラヘラサギ,2.2857142857142856,7,"Auto selected 23.32402, 120.16709, Chiayi County, Taiwan",15 Jan 2023,Yi-Cheng Chen,23.324,120.1671,Taiwan,False,ML524272741,P1
597466351,blfspo1,Platalea minor,クロツラヘラサギ,3.4444444444444446,9,"여차리 물꽝 (Yeocha-ri WL), Incheon, South Korea",25 Jul 2023,Corey Finger,37.6001,126.4006,South Korea,True,ML597466351,P1
611293795,blfspo1,Platalea minor,クロツラヘラサギ,4.857142857142857,7,"台南--安清路魚塭(Tainan--Fish Farms along Anqing Road), Tainan City, Taiwan",19 Nov 2023,Yi-Cheng Chen,23.0468,120.105,Taiwan,False,ML611293795,P1
611347136,blfspo1,Platalea minor,クロツラヘラサギ,4.333333333333333,6,"台南--安清路魚塭(Tainan--Fish Farms along Anqing Road), Tainan City, Taiwan",19 Nov 2023,Yi-Cheng Chen,23.0468,120.105,Taiwan,False,ML611347136,P1
613152406,blfspo1,Platalea minor,クロツラヘラサギ,2.6,5,"嘉義布袋濕地IBA--新民里(Budai Wetland IBA--Xinmin Village), Chiayi County, Taiwan",6 Jan 2024,Yi-Cheng Chen,23.3407,120.1612,Taiwan,False,ML613152406,P1
614118341,blfspo1,Platalea minor,クロツラヘラサギ,3.3333333333333335,6,"台南青鯤鯓IBA--七股頂山仔/篤加魚塭區(Qingkunshen IBA--Dingshanzai/Dujia Fish Ponds), Tainan City, Taiwan",29 Jan 2024,Yi-Cheng Chen,23.1609,120.1249,Taiwan,False,ML614118341,P1
614320390,blfspo1,Platalea minor,クロツラヘラサギ,4.666666666666667,9,"嘉義布袋濕地IBA--新民里(Budai Wetland IBA--Xinmin Village), Chiayi County, Taiwan",3 Feb 2024,Yi-Cheng Chen,23.3407,120.1612,Taiwan,False,ML614320390,P1
615239146,blfspo1,Platalea minor,クロツラヘラサギ,2.0,5,"嘉義布袋濕地IBA--新民里(Budai Wetland IBA--Xinmin Village), Chiayi County, Taiwan",24 Feb 2024,Yi-Cheng Chen,23.3407,120.1612,Taiwan,False,ML615239146,P1
621025465,blfspo1,Platalea minor,クロツラヘラサギ,3.0,7,"嘉義布袋濕地IBA--新民里(Budai Wetland IBA--Xinmin Village), Chiayi County, Taiwan",17 Mar 2020,Yi-Cheng Chen,23.3407,120.1612,Taiwan,False,ML621025465,P1
626206058,blfspo1,Platalea minor,クロツラヘラサギ,3.75,4,"台南北門IBA--三寮灣(Beimen IBA--Shanliaowan), Tainan City, Taiwan",4 Nov 2024,Yi-Cheng Chen,23.2359,120.1104,Taiwan,False,ML626206058,P1
626206059,blfspo1,Platalea minor,クロツラヘラサギ,3.5,4,"台南北門IBA--三寮灣(Beimen IBA--Shanliaowan), Tainan City, Taiwan",4 Nov 2024,Yi-Cheng Chen,23.2359,120.1104,Taiwan,False,ML626206059,P1
626206115,blfspo1,Platalea minor,クロツラヘラサギ,2.25,4,"台南北門IBA--三寮灣(Beimen IBA--Shanliaowan), Tainan City, Taiwan",3 Nov 2024,Yi-Cheng Chen,23.2359,120.1104,Taiwan,False,ML626206115,P1
626206116,blfspo1,Platalea minor,クロツラヘラサギ,3.5,4,"台南北門IBA--三寮灣(Beimen IBA--Shanliaowan), Tainan City, Taiwan",3 Nov 2024,Yi-Cheng Chen,23.2359,120.1104,Taiwan,False,ML626206116,P1
626206122,blfspo1,Platalea minor,クロツラヘラサギ,3.5,4,"台南北門IBA--三寮灣(Beimen IBA--Shanliaowan), Tainan City, Taiwan",3 Nov 2024,Yi-Cheng Chen,23.2359,120.1104,Taiwan,False,ML626206122,P1
630106977,blfspo1,Platalea minor,クロツラヘラサギ,5.0,5,"인천--남동유수지(Incheon--Namdong Reservoir), Incheon, South Korea",10 Jun 2023,Gichan Ryu,37.3932,126.6778,South Korea,True,ML630106977,P1
639421542,blfspo1,Platalea minor,クロツラヘラサギ,4.0,2,"국화리 502-10, 강화군 KR-인천광역시 (37.7421,126.4564), Incheon, South Korea",17 Jul 2019,Jina Yi,37.7421,126.4564,South Korea,True,ML639421542,P1
640627415,blfspo1,Platalea minor,クロツラヘラサギ,5.0,1,"아산--아산만 걸매리 갯벌 (Asan--Geolmae-ri Tidal Flats), Chungcheongnam-do, South Korea",15 Aug 2025,Jina Yi,36.8871,126.8987,South Korea,True,ML640627415,P1
646025826,blfspo1,Platalea minor,クロツラヘラサギ,4.0,1,"台南七股IBA--全區(Qigu IBA), Tainan City, Taiwan",29 Nov 2025,Yi-Cheng Chen,23.0773,120.061,Taiwan,False,ML646025826,P1
117606171,blhibi1,Threskiornis melanocephalus,クロトキ,1.75,16,"Gangapur Road, Nashik, Maharashtra, IN (20.007, 73.748), Nashik, Maharashtra, India",6 Oct 2018,Dipen Soni,20.0071,73.7481,India,False,ML117606171,P1
117606191,blhibi1,Threskiornis melanocephalus,クロトキ,1.8125,16,"Gangapur Road, Nashik, Maharashtra, IN (20.007, 73.748), Nashik, Maharashtra, India",6 Oct 2018,Dipen Soni,20.0071,73.7481,India,False,ML117606191,P1
183362681,blhibi1,Threskiornis melanocephalus,クロトキ,2.888888888888889,18,"Aanakal Road, After the Curve, Malampuzha-I, Kerala, IN (10.847, 76.724), Palakkad, Kerala, India",20 Oct 2019,Rajesh Radhakrishnan,10.847,76.7235,India,False,ML183362681,P1
193621221,blhibi1,Threskiornis melanocephalus,クロトキ,2.8947368421052633,19,"Koomapatty, Tamil Nadu, IN (9.645, 77.598), Virudhunagar, Tamil Nadu, India",17 Dec 2019,Sankar Narayanan,9.6446,77.5976,India,False,ML193621221,P1
218926471,blhibi1,Threskiornis melanocephalus,クロトキ,3.263157894736842,19,"Ranganathittu Bird Sanctuary ರಂಗನತಿಟ್ಟು ಪಕ್ಷಿಧಾಮ, Mandya, Karnataka, India",11 Aug 2003,Sharad Apte,12.425,76.657,India,False,ML218926471,P1
239738,blhibi1,Threskiornis melanocephalus,クロトキ,2.2,15,"India, India, India",25 Feb 2016,Pratap Singh,23.1206,79.4764,India,False,ML239738,P1
284383,blhibi1,Threskiornis melanocephalus,クロトキ,3.1052631578947367,19,"Keoladeo National Park  Bharatpur  Rajasthan, Bharatpur, Rajasthan, India",19 Feb 2019,Peter Boesman,27.1593,77.5232,India,False,ML284383,P1
385248531,blhibi1,Threskiornis melanocephalus,クロトキ,2.9444444444444446,18,"Kattampally, Kannur, Kerala, India",31 Oct 2021,Afsar Nayakkan,11.9341,75.3816,India,False,ML385248531,P1
401765381,blhibi1,Threskiornis melanocephalus,クロトキ,2.1875,16,"Kattampally, Kannur, Kerala, India",4 Dec 2021,Afsar Nayakkan,11.9341,75.3816,India,False,ML401765381,P1
481712961,blhibi1,Threskiornis melanocephalus,クロトキ,2.6875,16,"Ernakulam--Thuruth(Islet) Marine Drive Walkways, Ernakulam, Kerala, India",28 Aug 2022,Dr. Dilip K G,9.9718,76.2737,India,False,ML481712961,P1
49985931,blhibi1,Threskiornis melanocephalus,クロトキ,2.7222222222222223,18,"Tapti River--Behind BTPS, Jalgaon, Maharashtra, India",4 Mar 2017,Lakshmikant Neve,21.0577,75.8351,India,False,ML49985931,P1
49985941,blhibi1,Threskiornis melanocephalus,クロトキ,2.066666666666667,15,"Tapti River--Behind BTPS, Jalgaon, Maharashtra, India",4 Mar 2017,Lakshmikant Neve,21.0577,75.8351,India,False,ML49985941,P1
524273501,blhibi1,Threskiornis melanocephalus,クロトキ,2.6666666666666665,18,"Muddahalli, Nanjangud Taluka ಮುದ್ದಹಳ್ಳಿ, Mysuru, Karnataka, India",15 Jan 2023,Vijaya Lakshmi,12.046,76.668,India,False,ML524273501,P1
617123287,blhibi1,Threskiornis melanocephalus,クロトキ,2.5714285714285716,7,"Lingambudhi Kere--Main Entrance. ಲಿಂಗಾಂಬುಧಿ  ಮುಖ್ಯ ದ್ವಾರ, Mysuru, Karnataka, India",8 Apr 2024,Sahana M,12.2744,76.6161,India,False,ML617123287,P1
617123507,blhibi1,Threskiornis melanocephalus,クロトキ,2.142857142857143,7,"Lingambudhi Kere--Main Entrance. ಲಿಂಗಾಂಬುಧಿ  ಮುಖ್ಯ ದ್ವಾರ, Mysuru, Karnataka, India",8 Apr 2024,Sahana M,12.2744,76.6161,India,False,ML617123507,P1
617123754,blhibi1,Threskiornis melanocephalus,クロトキ,2.5,8,"Lingambudhi Kere--Main Entrance. ಲಿಂಗಾಂಬುಧಿ  ಮುಖ್ಯ ದ್ವಾರ, Mysuru, Karnataka, India",8 Apr 2024,Sahana M,12.2744,76.6161,India,False,ML617123754,P1
617514634,blhibi1,Threskiornis melanocephalus,クロトキ,2.625,8,"Tapti River--Behind BTPS, Jalgaon, Maharashtra, India",17 Apr 2024,Lakshmikant Neve,21.0577,75.8351,India,False,ML617514634,P1
623000845,blhibi1,Threskiornis melanocephalus,クロトキ,2.25,8,"Near kodava samara function hall, Mysuru, Karnataka, India",25 Aug 2024,Gayathri Mukunda,12.3318,76.6146,India,False,ML623000845,P1
632545122,blhibi1,Threskiornis melanocephalus,クロトキ,2.25,8,"Shivaji Nagar Jalgaon, Maharashtra, IN (21.021, 75.566), Jalgaon, Maharashtra, India",23 Mar 2025,Shilpa Gadgil,21.0213,75.5661,India,False,ML632545122,P1
636157265,blhibi1,Threskiornis melanocephalus,クロトキ,2.5,8,"Atharva Galaxy Apt. Shivaji HS Sangli .sugar Factory Mah., Sangli, Maharashtra, India",20 May 2025,Dr Nandini Patil,16.881,74.582,India,False,ML636157265,P1
140105,blknod,Anous minutus,ヒメクロアジサシ,4.0,5,"19.0 km SW of Koror (Neco Island), Palau",8 Apr 2007,Doug Pratt,7.2074,134.3732,Palau,False,ML140105,P1
203906311,blknod,Anous minutus,ヒメクロアジサシ,3.8,5,"Vatu-i-Ra, Western, Fiji",30 Aug 2012,Josep del Hoyo,-17.3195,178.4684,Fiji,False,ML203906311,P1
203906321,blknod,Anous minutus,ヒメクロアジサシ,4.0,4,"Vatu-i-Ra, Western, Fiji",30 Aug 2012,Josep del Hoyo,-17.3195,178.4684,Fiji,False,ML203906321,P1
203906331,blknod,Anous minutus,ヒメクロアジサシ,4.0,4,"Vatu-i-Ra, Western, Fiji",30 Aug 2012,Josep del Hoyo,-17.3195,178.4684,Fiji,False,ML203906331,P1
280193551,blknod,Anous minutus,ヒメクロアジサシ,3.6,5,"Hundred Acres Reserve, Norfolk Island, Norfolk Island",14 Nov 2020,Charlie Andrews,-29.0497,167.9236,Norfolk Island,False,ML280193551,P1
30863741,blknod,Anous minutus,ヒメクロアジサシ,3.75,4,"Ngeanges, or Neco Island, Koror, Palau",25 Feb 2016,Paul Radley,7.2084,134.3729,Palau,False,ML30863741,P1
31148611,blknod,Anous minutus,ヒメクロアジサシ,2.75,4,"Ngeanges, or Neco Island, Koror, Palau",24 Feb 2016,Paul Radley,7.2084,134.3729,Palau,False,ML31148611,P1
32530,blknod,Anous minutus,ヒメクロアジサシ,2.2,5,"BLQ, Hawaii, United States",21 Jan 1964,Chandler Robbins,0.0,0.0,United States,False,ML32530,P1
32573,blknod,Anous minutus,ヒメクロアジサシ,2.2,5,"Hawaii, United States",Unknown,Chandler Robbins,0.0,0.0,United States,False,ML32573,P1
32581,blknod,Anous minutus,ヒメクロアジサシ,3.0,4,"Hawaii, United States",Unknown,Chandler Robbins,0.0,0.0,United States,False,ML32581,P1
32582,blknod,Anous minutus,ヒメクロアジサシ,3.2,5,"Hawaii, United States",Unknown,Chandler Robbins,0.0,0.0,United States,False,ML32582,P1
3262,blknod,Anous minutus,ヒメクロアジサシ,1.6,5,"SAND ISLAND; BACHELOR OFFICERS' QUARTERS, Midway Islands, United States Minor Outlying Islands",21 Jan 1964,William V. Ward,28.2167,-177.3667,United States Minor Outlying Islands,False,ML3262,P1
3263,blknod,Anous minutus,ヒメクロアジサシ,3.0,5,"NORTH MEYER ISLET, New Zealand",30 Nov 1966,William V. Ward,-29.25,-177.8667,New Zealand,False,ML3263,P1
3264,blknod,Anous minutus,ヒメクロアジサシ,1.4,5,"Prince Philip Drive, Norfolk Island",19 Nov 1972,William V. Ward,-29.0,168.0,Norfolk Island,False,ML3264,P1
412389541,blknod,Anous minutus,ヒメクロアジサシ,3.2,5,"Lady Elliot Island, Gladstone, Queensland, Australia",1 Feb 2022,Owen  Lawton,-24.113,152.7155,Australia,False,ML412389541,P1
412389771,blknod,Anous minutus,ヒメクロアジサシ,3.0,5,"Lady Elliot Island, Gladstone, Queensland, Australia",1 Feb 2022,Owen  Lawton,-24.113,152.7155,Australia,False,ML412389771,P1
483613381,blknod,Anous minutus,ヒメクロアジサシ,3.0,1,"Fernando de Noronha--área geral, Fernando de Noronha, Pernambuco, Brazil",6 Aug 2018,Guy Kirwan,-3.8567,-32.4275,Brazil,False,ML483613381,P1
55621,blknod,Anous minutus,ヒメクロアジサシ,3.0,5,"Tafunsak, Kosrae, Micronesia",22 Feb 1988,Doug Pratt,5.3687,162.9988,Micronesia,False,ML55621,P1
576966101,blknod,Anous minutus,ヒメクロアジサシ,2.5,2,"Mohotani, Marquesas Islands, French Polynesia",23 May 2023,Santiago Imberti,-9.9716,-138.8307,French Polynesia,False,ML576966101,P1
586215531,blknod,Anous minutus,ヒメクロアジサシ,1.0,2,"Mohotani, Marquesas Islands, French Polynesia",23 May 2023,Santiago Imberti,-9.9716,-138.8307,French Polynesia,False,ML586215531,P1
586215541,blknod,Anous minutus,ヒメクロアジサシ,3.0,2,"Mohotani, Marquesas Islands, French Polynesia",23 May 2023,Santiago Imberti,-9.9716,-138.8307,French Polynesia,False,ML586215541,P1
586215551,blknod,Anous minutus,ヒメクロアジサシ,2.0,2,"Mohotani, Marquesas Islands, French Polynesia",23 May 2023,Santiago Imberti,-9.9716,-138.8307,French Polynesia,False,ML586215551,P1
586215571,blknod,Anous minutus,ヒメクロアジサシ,1.0,2,"Mohotani, Marquesas Islands, French Polynesia",23 May 2023,Santiago Imberti,-9.9716,-138.8307,French Polynesia,False,ML586215571,P1
586215591,blknod,Anous minutus,ヒメクロアジサシ,2.0,2,"Mohotani, Marquesas Islands, French Polynesia",23 May 2023,Santiago Imberti,-9.9716,-138.8307,French Polynesia,False,ML586215591,P1
598364031,blknod,Anous minutus,ヒメクロアジサシ,3.5,4,"Lady Elliot Island, Gladstone, Queensland, Australia",12 Dec 2020,Richard Fuller,-24.113,152.7155,Australia,False,ML598364031,P1
609449748,blknod,Anous minutus,ヒメクロアジサシ,3.3333333333333335,3,"Lagoon Beach, Lord Howe Island (north end), Lord Howe Island, New South Wales, Australia",1 Oct 2023,Max Weatherall,-31.5251,159.0613,Australia,False,ML609449748,P1
610818854,blknod,Anous minutus,ヒメクロアジサシ,5.0,2,"Heron Island, Gladstone, Queensland, Australia",6 Nov 2023,Sreekar Rachakonda,-23.4428,151.9157,Australia,False,ML610818854,P1
610914585,blknod,Anous minutus,ヒメクロアジサシ,4.5,2,"Heron Island, Gladstone, Queensland, Australia",9 Nov 2023,Sreekar Rachakonda,-23.4428,151.9157,Australia,False,ML610914585,P1
610922869,blknod,Anous minutus,ヒメクロアジサシ,4.0,2,"Heron Island, Gladstone, Queensland, Australia",9 Nov 2023,Sreekar Rachakonda,-23.4428,151.9157,Australia,False,ML610922869,P1
612177513,blknod,Anous minutus,ヒメクロアジサシ,4.5,2,"Green Island National Park, Cairns, Queensland, Australia",8 Dec 2023,Brian Sullivan,-16.7594,145.9739,Australia,False,ML612177513,P1
612177514,blknod,Anous minutus,ヒメクロアジサシ,2.0,2,"Green Island National Park, Cairns, Queensland, Australia",8 Dec 2023,Brian Sullivan,-16.7594,145.9739,Australia,False,ML612177514,P1
612177515,blknod,Anous minutus,ヒメクロアジサシ,3.0,2,"Green Island National Park, Cairns, Queensland, Australia",8 Dec 2023,Brian Sullivan,-16.7594,145.9739,Australia,False,ML612177515,P1
612177516,blknod,Anous minutus,ヒメクロアジサシ,3.0,2,"Green Island National Park, Cairns, Queensland, Australia",8 Dec 2023,Brian Sullivan,-16.7594,145.9739,Australia,False,ML612177516,P1
613634328,blknod,Anous minutus,ヒメクロアジサシ,4.0,2,"Midway Atoll NWR--Sand Island, Midway Islands, United States Minor Outlying Islands",9 Jul 2022,Percy Ulsamer,28.2092,-177.3787,United States Minor Outlying Islands,False,ML613634328,P1
613954664,blknod,Anous minutus,ヒメクロアジサシ,2.5,2,"Green Island National Park, Cairns, Queensland, Australia",8 Dec 2023,Paul Fenwick,-16.7594,145.9739,Australia,False,ML613954664,P1
617254638,blknod,Anous minutus,ヒメクロアジサシ,2.0,2,"Lady Elliot Island, Gladstone, Queensland, Australia",20 Mar 2024,Greg Neill,-24.113,152.7155,Australia,False,ML617254638,P1
617254644,blknod,Anous minutus,ヒメクロアジサシ,3.5,2,"Lady Elliot Island, Gladstone, Queensland, Australia",20 Mar 2024,Greg Neill,-24.113,152.7155,Australia,False,ML617254644,P1
618259302,blknod,Anous minutus,ヒメクロアジサシ,4.5,2,"Fernando de Noronha--Trilha para o Mirante dos Golfinhos, Praia do Sancho e Mirante Dois Irmãos, Fernando de Noronha, Pernambuco, Brazil",9 Jun 2023,Luciano Naka,-3.8541,-32.4423,Brazil,False,ML618259302,P1
618259370,blknod,Anous minutus,ヒメクロアジサシ,3.5,2,"Fernando de Noronha--Trilha para o Mirante dos Golfinhos, Praia do Sancho e Mirante Dois Irmãos, Fernando de Noronha, Pernambuco, Brazil",9 Jun 2023,Luciano Naka,-3.8541,-32.4423,Brazil,False,ML618259370,P1
618259521,blknod,Anous minutus,ヒメクロアジサシ,4.5,2,"Fernando de Noronha--Trilha para o Mirante dos Golfinhos, Praia do Sancho e Mirante Dois Irmãos, Fernando de Noronha, Pernambuco, Brazil",9 Jun 2023,Luciano Naka,-3.8541,-32.4423,Brazil,False,ML618259521,P1
618259543,blknod,Anous minutus,ヒメクロアジサシ,2.5,2,"Fernando de Noronha--Trilha para o Mirante dos Golfinhos, Praia do Sancho e Mirante Dois Irmãos, Fernando de Noronha, Pernambuco, Brazil",9 Jun 2023,Luciano Naka,-3.8541,-32.4423,Brazil,False,ML618259543,P1
618259750,blknod,Anous minutus,ヒメクロアジサシ,2.0,2,"Fernando de Noronha--Trilha para o Mirante dos Golfinhos, Praia do Sancho e Mirante Dois Irmãos, Fernando de Noronha, Pernambuco, Brazil",9 Jun 2023,Luciano Naka,-3.8541,-32.4423,Brazil,False,ML618259750,P1
618259869,blknod,Anous minutus,ヒメクロアジサシ,5.0,2,"Fernando de Noronha--Trilha para o Mirante dos Golfinhos, Praia do Sancho e Mirante Dois Irmãos, Fernando de Noronha, Pernambuco, Brazil",9 Jun 2023,Luciano Naka,-3.8541,-32.4423,Brazil,False,ML618259869,P1
618260103,blknod,Anous minutus,ヒメクロアジサシ,2.5,2,"Fernando de Noronha--Trilha para o Mirante dos Golfinhos, Praia do Sancho e Mirante Dois Irmãos, Fernando de Noronha, Pernambuco, Brazil",9 Jun 2023,Luciano Naka,-3.8541,-32.4423,Brazil,False,ML618260103,P1
618260147,blknod,Anous minutus,ヒメクロアジサシ,4.0,2,"Fernando de Noronha--Trilha para o Mirante dos Golfinhos, Praia do Sancho e Mirante Dois Irmãos, Fernando de Noronha, Pernambuco, Brazil",9 Jun 2023,Luciano Naka,-3.8541,-32.4423,Brazil,False,ML618260147,P1
618270314,blknod,Anous minutus,ヒメクロアジサシ,3.5,2,"Fernando de Noronha--Trilha para o Mirante dos Golfinhos, Praia do Sancho e Mirante Dois Irmãos, Fernando de Noronha, Pernambuco, Brazil",9 Jun 2023,Luciano Naka,-3.8541,-32.4423,Brazil,False,ML618270314,P1
618270527,blknod,Anous minutus,ヒメクロアジサシ,4.333333333333333,3,"Fernando de Noronha--Trilha para o Mirante dos Golfinhos, Praia do Sancho e Mirante Dois Irmãos, Fernando de Noronha, Pernambuco, Brazil",9 Jun 2023,Luciano Naka,-3.8541,-32.4423,Brazil,False,ML618270527,P1
619755288,blknod,Anous minutus,ヒメクロアジサシ,3.0,3,"Merizo--Bell Tower, Guam, Guam",26 May 2024,André  Zambolli,13.2657,144.6683,Guam,False,ML619755288,P1
621421842,blknod,Anous minutus,ヒメクロアジサシ,2.5,2,"Lady Elliot Island, Gladstone, Queensland, Australia",10 Jul 2024,Jonathan Heller,-24.113,152.7155,Australia,False,ML621421842,P1
621590938,blknod,Anous minutus,ヒメクロアジサシ,1.5,2,"Cayo Bobel, Gracias a Dios, Honduras",13 Jul 2024,Alfonso Auerbach,15.082,-82.6752,Honduras,False,ML621590938,P1
621590939,blknod,Anous minutus,ヒメクロアジサシ,1.5,2,"Cayo Bobel, Gracias a Dios, Honduras",13 Jul 2024,Alfonso Auerbach,15.082,-82.6752,Honduras,False,ML621590939,P1
626007980,blknod,Anous minutus,ヒメクロアジサシ,1.5,2,"Hundred Acres Reserve, Norfolk Island, Norfolk Island",9 Nov 2024,Kim Farley,-29.0497,167.9236,Norfolk Island,False,ML626007980,P1
627785657,blknod,Anous minutus,ヒメクロアジサシ,4.333333333333333,3,"Lady Elliot Island, Gladstone, Queensland, Australia",27 Apr 2024,Rolo Rodsey,-24.113,152.7155,Australia,False,ML627785657,P1
627785658,blknod,Anous minutus,ヒメクロアジサシ,2.0,2,"Lady Elliot Island, Gladstone, Queensland, Australia",27 Apr 2024,Rolo Rodsey,-24.113,152.7155,Australia,False,ML627785658,P1
628882176,blknod,Anous minutus,ヒメクロアジサシ,2.0,2,"Kaloli Point, Keaau, Hawaii, US (19.621, -154.946), Hawaii, Hawaii, United States",9 Jan 2025,David Roberts,19.6208,-154.946,United States,False,ML628882176,P1
629745514,blknod,Anous minutus,ヒメクロアジサシ,4.333333333333333,3,"Green Island National Park, Cairns, Queensland, Australia",22 Jan 2025,Valerie La May,-16.7594,145.9739,Australia,False,ML629745514,P1
639743387,blknod,Anous minutus,ヒメクロアジサシ,0.0,0,"Imagination Island resort, Western, Solomon Islands",3 Aug 2025,Nelly Lemerle,-8.0796,156.862,Solomon Islands,False,ML639743387,P1
640559813,blknod,Anous minutus,ヒメクロアジサシ,0.0,0,"NAURU, Buada, Nauru",28 Jan 2016,Roger McNeill,-0.5369,166.922,Nauru,False,ML640559813,P1
640759337,blknod,Anous minutus,ヒメクロアジサシ,0.0,0,"Green Island National Park, Cairns, Queensland, Australia",26 Jul 2025,Liam McGuire,-16.7594,145.9739,Australia,False,ML640759337,P1
645769031,blknod,Anous minutus,ヒメクロアジサシ,4.0,1,"Blue Lagoon motu, Tuamotu-Gambier, French Polynesia",8 Nov 2025,Adrian Burke,-15.0968,-147.9376,French Polynesia,False,ML645769031,P1
649243335,blknod,Anous minutus,ヒメクロアジサシ,3.0,1,"Heron Island, Gladstone, Queensland, Australia",11 Jan 2026,Gwen HK,-23.4428,151.9157,Australia,False,ML649243335,P1
649243337,blknod,Anous minutus,ヒメクロアジサシ,4.0,1,"Heron Island, Gladstone, Queensland, Australia",11 Jan 2026,Gwen HK,-23.4428,151.9157,Australia,False,ML649243337,P1
649243339,blknod,Anous minutus,ヒメクロアジサシ,4.0,1,"Heron Island, Gladstone, Queensland, Australia",11 Jan 2026,Gwen HK,-23.4428,151.9157,Australia,False,ML649243339,P1
649243341,blknod,Anous minutus,ヒメクロアジサシ,4.0,1,"Heron Island, Gladstone, Queensland, Australia",11 Jan 2026,Gwen HK,-23.4428,151.9157,Australia,False,ML649243341,P1
649243344,blknod,Anous minutus,ヒメクロアジサシ,4.0,1,"Heron Island, Gladstone, Queensland, Australia",11 Jan 2026,Gwen HK,-23.4428,151.9157,Australia,False,ML649243344,P1
649243345,blknod,Anous minutus,ヒメクロアジサシ,5.0,1,"Heron Island, Gladstone, Queensland, Australia",11 Jan 2026,Gwen HK,-23.4428,151.9157,Australia,False,ML649243345,P1
649243346,blknod,Anous minutus,ヒメクロアジサシ,4.0,1,"Heron Island, Gladstone, Queensland, Australia",11 Jan 2026,Gwen HK,-23.4428,151.9157,Australia,False,ML649243346,P1
649243347,blknod,Anous minutus,ヒメクロアジサシ,5.0,1,"Heron Island, Gladstone, Queensland, Australia",11 Jan 2026,Gwen HK,-23.4428,151.9157,Australia,False,ML649243347,P1
649243348,blknod,Anous minutus,ヒメクロアジサシ,4.0,1,"Heron Island, Gladstone, Queensland, Australia",11 Jan 2026,Gwen HK,-23.4428,151.9157,Australia,False,ML649243348,P1
649879069,blknod,Anous minutus,ヒメクロアジサシ,0.0,0,"Lady Elliot Island, Gladstone, Queensland, Australia",30 Oct 2024,May Britton,-24.113,152.7155,Australia,False,ML649879069,P1
94997,blknod,Anous minutus,ヒメクロアジサシ,3.5,4,"Vostok Island, Kiribati",22 Jun 1995,Doug Pratt,0.0,0.0,Kiribati,False,ML94997,P1
96877,blknod,Anous minutus,ヒメクロアジサシ,2.2,5,"Vostok Island, Kiribati",22 Jun 1995,Doug Pratt,0.0,0.0,Kiribati,False,ML96877,P1
96880,blknod,Anous minutus,ヒメクロアジサシ,2.2,5,"Vostok Island, Kiribati",22 Jun 1995,Doug Pratt,0.0,0.0,Kiribati,False,ML96880,P1
96883,blknod,Anous minutus,ヒメクロアジサシ,2.75,4,"Vostok Island, Kiribati",22 Jun 1995,Doug Pratt,0.0,0.0,Kiribati,False,ML96883,P1
140132,blnter1,Sterna sumatrana,エリグロアジサシ,3.0,6,"10.0 km SW of Koror, Rock Islands, Palau",10 Apr 2007,Doug Pratt,7.256,134.3409,Palau,False,ML140132,P1
196866521,blnter1,Sterna sumatrana,エリグロアジサシ,2.5,2,"Behind Fisheries dept.  Great Nicobar Island, Nicobars IN-Andaman and Nicobar Islands (7.0068,93.9320), Nicobar, Andaman and Nicobar Islands, India",3 Jan 2020,UDAY MONDAL,7.0068,93.932,India,False,ML196866521,P1
200565,blnter1,Sterna sumatrana,エリグロアジサシ,3.6666666666666665,6,"Cape York; Getullai Island, Queensland, Australia",29 Sep 2012,Emma Greig,-10.1837,142.5033,Australia,False,ML200565,P1
200567,blnter1,Sterna sumatrana,エリグロアジサシ,3.5714285714285716,7,"Cape York; Getullai Island, Queensland, Australia",29 Sep 2012,Emma Greig,-10.1837,142.5033,Australia,False,ML200567,P1
203906371,blnter1,Sterna sumatrana,エリグロアジサシ,4.0,5,"Vatu-i-Ra, Western, Fiji",30 Aug 2012,Josep del Hoyo,-17.3195,178.4684,Fiji,False,ML203906371,P1
203908181,blnter1,Sterna sumatrana,エリグロアジサシ,4.0,5,"Ouvéa Island (-20.5867, 166.561), New Caledonia, New Caledonia",24 Oct 2010,Josep del Hoyo,-20.5867,166.561,New Caledonia,False,ML203908181,P1
274877101,blnter1,Sterna sumatrana,エリグロアジサシ,3.3333333333333335,3,"Fuel Pier-Diego Garcia, British Indian Ocean Territory, British Indian Ocean Territory",18 Mar 2004,Tim Burr,-7.2937,72.4116,British Indian Ocean Territory,False,ML274877101,P1
281652,blnter1,Sterna sumatrana,エリグロアジサシ,2.5,2,"Ishigaki-jima,  south-west coast, Ishigaki, Okinawa, Japan",26 May 2015,Peter Boesman,24.403,124.142,Japan,True,ML281652,P1
281654,blnter1,Sterna sumatrana,エリグロアジサシ,5.0,3,"Ishigaki-jima,  south-west coast, Ishigaki, Okinawa, Japan",26 May 2015,Peter Boesman,24.403,124.142,Japan,True,ML281654,P1
281655,blnter1,Sterna sumatrana,エリグロアジサシ,2.5,2,"Ishigaki-jima,  south-west coast, Ishigaki, Okinawa, Japan",26 May 2015,Peter Boesman,24.403,124.142,Japan,True,ML281655,P1
281656,blnter1,Sterna sumatrana,エリグロアジサシ,3.3333333333333335,3,"Ishigaki-jima,  south-west coast, Ishigaki, Okinawa, Japan",26 May 2015,Peter Boesman,24.403,124.142,Japan,True,ML281656,P1
281657,blnter1,Sterna sumatrana,エリグロアジサシ,2.3333333333333335,3,"Ishigaki-jima,  south-west coast, Ishigaki, Okinawa, Japan",26 May 2015,Peter Boesman,24.403,124.142,Japan,True,ML281657,P1
297296401,blnter1,Sterna sumatrana,エリグロアジサシ,3.0,3,"Map Ta Put Anchorage, Rayong, Thailand",13 Jan 2021,www.aladdin .st,12.6138,101.2326,Thailand,False,ML297296401,P1
342077791,blnter1,Sterna sumatrana,エリグロアジサシ,2.5,2,"Lingayen Gulf, Lingayen, Pangasinan, Philippines",24 May 2021,Kim Cancino,16.1591,120.2568,Philippines,False,ML342077791,P1
342077821,blnter1,Sterna sumatrana,エリグロアジサシ,2.0,2,"Lingayen Gulf, Lingayen, Pangasinan, Philippines",24 May 2021,Kim Cancino,16.1591,120.2568,Philippines,False,ML342077821,P1
354489141,blnter1,Sterna sumatrana,エリグロアジサシ,1.0,2,"Mazar pahad Corbyns Cove Road, Port Blair, Andaman and Nicobar Islands, IN (11.658, 92.754), South Andaman, Andaman and Nicobar Islands, India",15 Jul 2021,amrit raha the_amritography,11.6575,92.7544,India,False,ML354489141,P1
361597221,blnter1,Sterna sumatrana,エリグロアジサシ,3.0,3,"Lingayen Gulf, Lingayen, Pangasinan, Philippines",14 Aug 2021,Kim Cancino,16.1591,120.2568,Philippines,False,ML361597221,P1
439271111,blnter1,Sterna sumatrana,エリグロアジサシ,2.3333333333333335,3,"Pulau Ubin, Singapore, Singapore",24 Apr 2022,Kaeden Sim,1.4036,103.9688,Singapore,False,ML439271111,P1
440781491,blnter1,Sterna sumatrana,エリグロアジサシ,4.333333333333333,3,"Tioman Island, Pahang, Malaysia",24 Apr 2022,Lim Ying Hien,2.7757,104.164,Malaysia,False,ML440781491,P1
442562521,blnter1,Sterna sumatrana,エリグロアジサシ,2.3333333333333335,3,"TW-高雄市-林園區 - 汕尾, Kaohsiung City, Taiwan",1 May 2022,志民 蘇,22.479,120.4163,Taiwan,False,ML442562521,P1
442562531,blnter1,Sterna sumatrana,エリグロアジサシ,1.5,2,"TW-高雄市-林園區 - 汕尾, Kaohsiung City, Taiwan",1 May 2022,志民 蘇,22.479,120.4163,Taiwan,False,ML442562531,P1
442562541,blnter1,Sterna sumatrana,エリグロアジサシ,1.5,2,"TW-高雄市-林園區 - 汕尾, Kaohsiung City, Taiwan",1 May 2022,志民 蘇,22.479,120.4163,Taiwan,False,ML442562541,P1
477626761,blnter1,Sterna sumatrana,エリグロアジサシ,1.0,2,"TW (22.544, 120.289), Kaohsiung City, Taiwan",22 Aug 2022,Chi-Hsuan Shao,22.5445,120.2891,Taiwan,False,ML477626761,P1
477630541,blnter1,Sterna sumatrana,エリグロアジサシ,2.0,2,"TW (22.551, 120.307), Kaohsiung City, Taiwan",22 Aug 2022,Chi-Hsuan Shao,22.5506,120.3072,Taiwan,False,ML477630541,P1
576229541,blnter1,Sterna sumatrana,エリグロアジサシ,3.75,4,"Chatham Jetty, South Andaman, Andaman and Nicobar Islands, India",8 May 2023,Sudip Simha,11.6879,92.7241,India,False,ML576229541,P1
576229551,blnter1,Sterna sumatrana,エリグロアジサシ,2.0,2,"Chatham Jetty, South Andaman, Andaman and Nicobar Islands, India",8 May 2023,Sudip Simha,11.6879,92.7241,India,False,ML576229551,P1
576292761,blnter1,Sterna sumatrana,エリグロアジサシ,1.0,3,"Manjery To Boat Island, South Andaman, Andaman and Nicobar Islands, India",9 May 2023,Sudip Simha,11.5365,92.644,India,False,ML576292761,P1
610566976,blnter1,Sterna sumatrana,エリグロアジサシ,2.3333333333333335,3,"跨海大橋, 白沙鄉, TW (23.649, 119.547), Penghu County, Taiwan",9 Jul 2023,u7 Liao,23.649,119.5469,Taiwan,False,ML610566976,P1
610623089,blnter1,Sterna sumatrana,エリグロアジサシ,2.6666666666666665,3,"ADh--Rangali, Alifu Dhaalu, Maldives",16 Oct 2023,Kim Weeks,3.615,72.7185,Maldives,False,ML610623089,P1
617698009,blnter1,Sterna sumatrana,エリグロアジサシ,3.6666666666666665,3,"At sea, off Tanjung Dawai, Kedah, Kedah, Malaysia",20 Apr 2024,Lim Ying Hien,5.7478,100.2271,Malaysia,False,ML617698009,P1
617698975,blnter1,Sterna sumatrana,エリグロアジサシ,3.3333333333333335,3,"At sea, off Tanjung Dawai, Kedah, Kedah, Malaysia",20 Apr 2024,Lim Ying Hien,5.7478,100.2271,Malaysia,False,ML617698975,P1
617961303,blnter1,Sterna sumatrana,エリグロアジサシ,1.5,2,"Khi Pla Islets (Ko Khi Pla), Rayong, Thailand",26 Apr 2024,Mark  Hogarth,12.6378,101.6313,Thailand,False,ML617961303,P1
618602212,blnter1,Sterna sumatrana,エリグロアジサシ,4.25,4,"Mu Ko Chang NP--Chang Island* (general area), Trat, Thailand",7 May 2024,Mark  Hogarth,12.0571,102.3292,Thailand,False,ML618602212,P1
620285620,blnter1,Sterna sumatrana,エリグロアジサシ,2.5,2,"馬祖列島燕鷗保護區IBA--中島(Matsu Islands Tern Refuge IBA--Zhong Islet), Lienchiang County, Taiwan",9 Jun 2024,Lee-Lien WANG,26.2575,119.9929,Taiwan,False,ML620285620,P1
620694927,blnter1,Sterna sumatrana,エリグロアジサシ,3.75,4,"Pulau Tengah, Johor, Malaysia",20 Jun 2024,Joshua Chong,2.4746,103.962,Malaysia,False,ML620694927,P1
621737381,blnter1,Sterna sumatrana,エリグロアジサシ,2.6666666666666665,3,"Punta Pantalan, Bulata, Cauayan, Negros Occidental, Philippines",21 Jul 2024,David Morrison,9.8527,122.3927,Philippines,False,ML621737381,P1
621737726,blnter1,Sterna sumatrana,エリグロアジサシ,1.6666666666666667,3,"Punta Pantalan, Bulata, Cauayan, Negros Occidental, Philippines",21 Jul 2024,David Morrison,9.8527,122.3927,Philippines,False,ML621737726,P1
621737727,blnter1,Sterna sumatrana,エリグロアジサシ,2.0,3,"Punta Pantalan, Bulata, Cauayan, Negros Occidental, Philippines",21 Jul 2024,David Morrison,9.8527,122.3927,Philippines,False,ML621737727,P1
621737728,blnter1,Sterna sumatrana,エリグロアジサシ,3.0,3,"Punta Pantalan, Bulata, Cauayan, Negros Occidental, Philippines",21 Jul 2024,David Morrison,9.8527,122.3927,Philippines,False,ML621737728,P1
621737811,blnter1,Sterna sumatrana,エリグロアジサシ,1.6666666666666667,3,"Punta Pantalan, Bulata, Cauayan, Negros Occidental, Philippines",21 Jul 2024,David Morrison,9.8527,122.3927,Philippines,False,ML621737811,P1
621737846,blnter1,Sterna sumatrana,エリグロアジサシ,2.0,3,"Punta Pantalan, Bulata, Cauayan, Negros Occidental, Philippines",21 Jul 2024,David Morrison,9.8527,122.3927,Philippines,False,ML621737846,P1
621937110,blnter1,Sterna sumatrana,エリグロアジサシ,2.3333333333333335,3,"Ko Tao (Tao Island)--Tanote Bay, Surat Thani, Thailand",24 Jul 2024,Niels Allert,10.0854,99.8485,Thailand,False,ML621937110,P1
621937116,blnter1,Sterna sumatrana,エリグロアジサシ,3.25,4,"Ko Tao (Tao Island)--Tanote Bay, Surat Thani, Thailand",24 Jul 2024,Niels Allert,10.0854,99.8485,Thailand,False,ML621937116,P1
633015838,blnter1,Sterna sumatrana,エリグロアジサシ,3.5,2,"Pak Nam Krajae (Krajae estuary), Chanthaburi, Thailand",1 Apr 2025,Mark  Hogarth,12.6593,101.8412,Thailand,False,ML633015838,P1
633645423,blnter1,Sterna sumatrana,エリグロアジサシ,1.0,1,"Punta Pantalan, Bulata, Cauayan, Negros Occidental, Philippines",13 Apr 2025,David Morrison,9.8527,122.3927,Philippines,False,ML633645423,P1
636001758,blnter1,Sterna sumatrana,エリグロアジサシ,0.0,0,"宜蘭--大溪漁港(Yilan--Daxi Port), Yilan County, Taiwan",17 May 2025,RIIO LU,24.9424,121.9034,Taiwan,False,ML636001758,P1
636611899,blnter1,Sterna sumatrana,エリグロアジサシ,3.0,1,"Pulau Tenggol, Terengganu, Malaysia",26 May 2025,Lim Ying Hien,4.8032,103.6758,Malaysia,False,ML636611899,P1
636611900,blnter1,Sterna sumatrana,エリグロアジサシ,5.0,2,"Pulau Tenggol, Terengganu, Malaysia",26 May 2025,Lim Ying Hien,4.8032,103.6758,Malaysia,False,ML636611900,P1
636611902,blnter1,Sterna sumatrana,エリグロアジサシ,0.0,0,"Pulau Tenggol, Terengganu, Malaysia",26 May 2025,Lim Ying Hien,4.8032,103.6758,Malaysia,False,ML636611902,P1
636611903,blnter1,Sterna sumatrana,エリグロアジサシ,0.0,0,"Pulau Tenggol, Terengganu, Malaysia",26 May 2025,Lim Ying Hien,4.8032,103.6758,Malaysia,False,ML636611903,P1
636611904,blnter1,Sterna sumatrana,エリグロアジサシ,0.0,0,"Pulau Tenggol, Terengganu, Malaysia",26 May 2025,Lim Ying Hien,4.8032,103.6758,Malaysia,False,ML636611904,P1
636865790,blnter1,Sterna sumatrana,エリグロアジサシ,3.0,1,"Chatham Jetty, South Andaman, Andaman and Nicobar Islands, India",1 Jun 2025,Arun Singh: Andaman Bird Tour,11.6879,92.7241,India,False,ML636865790,P1
637776023,blnter1,Sterna sumatrana,エリグロアジサシ,2.0,1,"Punta Pantalan, Bulata, Cauayan, Negros Occidental, Philippines",19 Jun 2025,David Morrison,9.8527,122.3927,Philippines,False,ML637776023,P1
637776024,blnter1,Sterna sumatrana,エリグロアジサシ,2.0,1,"Punta Pantalan, Bulata, Cauayan, Negros Occidental, Philippines",19 Jun 2025,David Morrison,9.8527,122.3927,Philippines,False,ML637776024,P1
639098080,blnter1,Sterna sumatrana,エリグロアジサシ,5.0,1,"高雄--旗津舊高字塔(Kaohsiung--Qijin VTC Tower), Kaohsiung City, Taiwan",19 Jul 2025,任謙 黃,22.554,120.3146,Taiwan,False,ML639098080,P1
639743391,blnter1,Sterna sumatrana,エリグロアジサシ,3.0,1,"Imagination Island resort, Western, Solomon Islands",3 Aug 2025,Nelly Lemerle,-8.0796,156.862,Solomon Islands,False,ML639743391,P1
639943704,blnter1,Sterna sumatrana,エリグロアジサシ,3.0,1,"Cheung Chau Public Pier, Cheung Chau HK-New Territories (22.2080,114.0284), Hong Kong, Hong Kong",6 Aug 2025,Haoning Gong,22.208,114.0284,Hong Kong,False,ML639943704,P1
643577677,blnter1,Sterna sumatrana,エリグロアジサシ,3.0,1,"南方四島NP--頭巾嶼(South Penghu Marine NP--Steeple Islet), Penghu County, Taiwan",28 Jun 2025,Joanna Chin,23.2898,119.5015,Taiwan,False,ML643577677,P1
645285185,blnter1,Sterna sumatrana,エリグロアジサシ,0.0,0,"Lady Elliot Island, Gladstone, Queensland, Australia",12 Nov 2025,Patrick Reed,-24.113,152.7155,Australia,False,ML645285185,P1
70624,blnter1,Sterna sumatrana,エリグロアジサシ,1.8,5,"Bali Barat; Pulau Menjangan; Menjangan Island, Bali, Nusa Tenggara, Indonesia",22 Jun 1989,Arnoud B. van den Berg,0.0,0.0,Indonesia,False,ML70624,P1
70626,blnter1,Sterna sumatrana,エリグロアジサシ,2.0,5,"Bali Barat; Pulau Menjangan; Menjangan Island, Bali, Nusa Tenggara, Indonesia",22 Jun 1989,Arnoud B. van den Berg,0.0,0.0,Indonesia,False,ML70626,P1
70628,blnter1,Sterna sumatrana,エリグロアジサシ,3.1666666666666665,6,"Bali Barat; Pulau Menjangan; Menjangan Island, Bali, Nusa Tenggara, Indonesia",22 Jun 1989,Arnoud B. van den Berg,0.0,0.0,Indonesia,False,ML70628,P1
144662441,bncrai1,Rallus indicus,クイナ,2.0,3,"Baruipur - Amtala road, South 24 Parganas, West Bengal, India",3 Mar 2019,Santanu Manna,22.3638,88.394,India,False,ML144662441,P1
231105,bncrai1,Rallus indicus,クイナ,3.0,4,"Orongoy, Torma Lake, Buryatia, Russia",20 Jun 2017,Bob McGuire,51.5705,107.0094,Russia,False,ML231105,P1
231106,bncrai1,Rallus indicus,クイナ,3.3333333333333335,6,"Orongoy, Torma Lake, Buryatia, Russia",20 Jun 2017,Bob McGuire,51.5705,107.0094,Russia,False,ML231106,P1
231229,bncrai1,Rallus indicus,クイナ,2.0,4,"Vicinity of Yakutsk, Sakha, Russia",25 Jun 2017,Bob McGuire,62.0765,129.2688,Russia,False,ML231229,P1
233175,bncrai1,Rallus indicus,クイナ,3.0,5,"Vicinity of Yakutsk, Sakha, Russia",4 Jul 2017,Bob McGuire,62.0738,129.269,Russia,False,ML233175,P1
279702151,bncrai1,Rallus indicus,クイナ,3.5,2,"根室市--春国岱原生野鳥公園 (Nemuro--Shunkunitai Wild Bird Sanctuary), Nemuro, Hokkaido, Japan",9 Jun 2005,Susan Myers,43.2732,145.4606,Japan,True,ML279702151,P1
279746801,bncrai1,Rallus indicus,クイナ,3.5,2,"根室市--春国岱原生野鳥公園 (Nemuro--Shunkunitai Wild Bird Sanctuary), Nemuro, Hokkaido, Japan",9 Jun 2005,Susan Myers,43.2732,145.4606,Japan,True,ML279746801,P1
280219531,bncrai1,Rallus indicus,クイナ,2.0,2,"台北--田寮洋濕地(Taipei--Tianliaoyang Wetland), New Taipei City, Taiwan",14 Nov 2020,Ko Cheng,25.0193,121.9232,Taiwan,False,ML280219531,P1
281930,bncrai1,Rallus indicus,クイナ,3.0,2,"Lake Furen area, Hokkaido, Nemuro, Hokkaido, Japan",3 Jun 2015,Peter Boesman,43.27,145.473,Japan,True,ML281930,P1
283777551,bncrai1,Rallus indicus,クイナ,2.5,2,"船橋市--ふなばし三番瀬海浜公園 (Funabashi--Funabashi Sanbanze Seaside Park), Funabashi, Chiba, Japan",29 Nov 2020,Yasuhiko Komatsu,35.6727,139.9673,Japan,True,ML283777551,P1
286661311,bncrai1,Rallus indicus,クイナ,3.0,1,"1161 Nam-myeon, Yeongi-gun, Chungcheongnam-do, KR (36.489, 127.284), Chungcheongnam-do, South Korea",12 Nov 2020,Elizabeth Skakoon,36.4895,127.2844,South Korea,True,ML286661311,P1
293870001,bncrai1,Rallus indicus,クイナ,4.5,2,"卢各庄, Beijing, China",8 Nov 2020,(Ai)Tao Liu,40.5301,117.1275,China,False,ML293870001,P1
304740551,bncrai1,Rallus indicus,クイナ,4.5,2,"台北--北投貴子坑大排(Taipei--Beitou Guizikeng Drainage Canal), Taipei City, Taiwan",6 Feb 2021,Allen Lyu,25.1294,121.4885,Taiwan,False,ML304740551,P1
310120361,bncrai1,Rallus indicus,クイナ,4.0,2,"Муравьевка (Muravyevka Park), Amur Oblast, Russia",26 May 2016,Alexander Thomas,49.8733,127.7032,Russia,False,ML310120361,P1
312594001,bncrai1,Rallus indicus,クイナ,5.0,3,"台北--田寮洋濕地(Taipei--Tianliaoyang Wetland), New Taipei City, Taiwan",22 Nov 2020,Chia-Chi Lin,25.0193,121.9232,Taiwan,False,ML312594001,P1
327912301,bncrai1,Rallus indicus,クイナ,4.0,2,"屏東--東港溪老埤段(Pingtung--Donggang River Laopi Section), Pingtung County, Taiwan",2 Apr 2021,Jhih-Wei (志偉) TSAI (蔡),22.6268,120.5965,Taiwan,False,ML327912301,P1
384892061,bncrai1,Rallus indicus,クイナ,5.0,4,"濤沸湖IBA (Lake Tofutsu IBA), Koshimizu, Hokkaido, Japan",22 Jun 2021,Yoshiaki Watanabe,43.936,144.3988,Japan,True,ML384892061,P1
385958311,bncrai1,Rallus indicus,クイナ,5.0,3,"濤沸湖IBA (Lake Tofutsu IBA), Koshimizu, Hokkaido, Japan",17 Jun 2021,Yoshiaki Watanabe,43.936,144.3988,Japan,True,ML385958311,P1
402786361,bncrai1,Rallus indicus,クイナ,3.0,4,"那荷水库 (Nahe Reservoir), Guangxi, China",5 Jan 2022,Michael W,23.8606,106.6866,China,False,ML402786361,P1
417501311,bncrai1,Rallus indicus,クイナ,2.0,3,"长阳地区小清河, Beijing, China",12 Feb 2022,Oriental Stork,39.7616,116.1944,China,False,ML417501311,P1
417501351,bncrai1,Rallus indicus,クイナ,2.0,3,"长阳地区小清河, Beijing, China",12 Feb 2022,Oriental Stork,39.7616,116.1944,China,False,ML417501351,P1
438902021,bncrai1,Rallus indicus,クイナ,3.25,4,"馬祖--東引獅子菜園(Matsu--Dongyin Shizi Vegetable Farm), Lienchiang County, Taiwan",22 Apr 2022,志民 蘇,26.3633,120.4902,Taiwan,False,ML438902021,P1
448250121,bncrai1,Rallus indicus,クイナ,4.75,4,"馬祖--東引獅子菜園(Matsu--Dongyin Shizi Vegetable Farm), Lienchiang County, Taiwan",22 Apr 2022,u7 Liao,26.3633,120.4902,Taiwan,False,ML448250121,P1
512430611,bncrai1,Rallus indicus,クイナ,2.6666666666666665,3,"沉湖 (Chen Lake), Hubei, China",10 Dec 2022,Xingyu Li,30.3077,113.8483,China,False,ML512430611,P1
536976141,bncrai1,Rallus indicus,クイナ,3.25,4,"台北--田寮洋濕地(Taipei--Tianliaoyang Wetland), New Taipei City, Taiwan",16 Feb 2023,Li-Kai “Tom” Yen,25.0193,121.9232,Taiwan,False,ML536976141,P1
581696341,bncrai1,Rallus indicus,クイナ,4.0,3,"江洋畈生态公园 (Jiangyangfan Eco-Park), Zhejiang, China",27 May 2023,Leijun Zhuang,30.2069,120.1419,China,False,ML581696341,P1
581696371,bncrai1,Rallus indicus,クイナ,3.3333333333333335,3,"江洋畈生态公园 (Jiangyangfan Eco-Park), Zhejiang, China",27 May 2023,Leijun Zhuang,30.2069,120.1419,China,False,ML581696371,P1
601210341,bncrai1,Rallus indicus,クイナ,3.0,2,"乌尔其汉东北侧(NE Wuerqihan), Nei Mongol, China",15 Jul 2023,Oriental Stork,49.6555,121.6536,China,False,ML601210341,P1
602688161,bncrai1,Rallus indicus,クイナ,2.0,1,"RU-Republic of Buryatia-Ivolginskiy rayon (51.5705,107.0094), Buryatia, Russia",20 Jun 2017,Nathan Pieplow,51.5705,107.0094,Russia,False,ML602688161,P1
602689191,bncrai1,Rallus indicus,クイナ,5.0,2,"RU-Republic of Buryatia-Ivolginskiy rayon (51.5705,107.0094), Buryatia, Russia",20 Jun 2017,Nathan Pieplow,51.5705,107.0094,Russia,False,ML602689191,P1
602689201,bncrai1,Rallus indicus,クイナ,3.0,1,"RU-Republic of Buryatia-Ivolginskiy rayon (51.5705,107.0094), Buryatia, Russia",20 Jun 2017,Nathan Pieplow,51.5705,107.0094,Russia,False,ML602689201,P1
609975675,bncrai1,Rallus indicus,クイナ,3.5,2,"RU-Sakha-Neryungri (62.1126,129.2887), Sakha, Russia",24 Jun 2017,Nathan Pieplow,62.1126,129.2887,Russia,False,ML609975675,P1
610229694,bncrai1,Rallus indicus,クイナ,3.0,2,"RU-Sakha-Neryungri (62.0765,129.2688), Sakha, Russia",25 Jun 2017,Nathan Pieplow,62.0765,129.2688,Russia,False,ML610229694,P1
610229737,bncrai1,Rallus indicus,クイナ,4.0,2,"RU-Sakha-Neryungri (62.0765,129.2688), Sakha, Russia",25 Jun 2017,Nathan Pieplow,62.0765,129.2688,Russia,False,ML610229737,P1
611782393,bncrai1,Rallus indicus,クイナ,4.0,3,"台北--田寮洋濕地(Taipei--Tianliaoyang Wetland), New Taipei City, Taiwan",2 Dec 2023,RIIO LU,25.0193,121.9232,Taiwan,False,ML611782393,P1
613376579,bncrai1,Rallus indicus,クイナ,2.5,2,"尖山--东西湖 (Jianshan Hill--Dongxi Lake), Zhejiang, China",11 Jan 2024,Zhanyi Lin,30.345,120.7565,China,False,ML613376579,P1
613376580,bncrai1,Rallus indicus,クイナ,3.5,2,"尖山--东西湖 (Jianshan Hill--Dongxi Lake), Zhejiang, China",11 Jan 2024,Zhanyi Lin,30.345,120.7565,China,False,ML613376580,P1
613376582,bncrai1,Rallus indicus,クイナ,2.0,2,"尖山--东西湖 (Jianshan Hill--Dongxi Lake), Zhejiang, China",11 Jan 2024,Zhanyi Lin,30.345,120.7565,China,False,ML613376582,P1
614175127,bncrai1,Rallus indicus,クイナ,2.5,2,"RU-Sakha-Neryungri (62.0747,129.2225), Sakha, Russia",4 Jul 2017,Nathan Pieplow,62.0747,129.2225,Russia,False,ML614175127,P1
615491114,bncrai1,Rallus indicus,クイナ,2.0,2,"台北--田寮洋濕地(Taipei--Tianliaoyang Wetland), New Taipei City, Taiwan",9 Dec 2023,u7 Liao,25.0193,121.9232,Taiwan,False,ML615491114,P1
615865321,bncrai1,Rallus indicus,クイナ,3.0,2,"Borsarala Beel (Eastern), Jorhat, Assam, India",10 Mar 2024,Rejaul Karim,26.8425,94.217,India,False,ML615865321,P1
615865507,bncrai1,Rallus indicus,クイナ,3.0,2,"Borsarala Beel (Eastern), Jorhat, Assam, India",10 Mar 2024,Rejaul Karim,26.8425,94.217,India,False,ML615865507,P1
616710349,bncrai1,Rallus indicus,クイナ,3.5,2,"北印旛沼 (North Lake Inbanuma), Inzai, Chiba, Japan",21 Feb 2024,Alice Z.,35.801,140.2497,Japan,True,ML616710349,P1
620128093,bncrai1,Rallus indicus,クイナ,3.5,2,"Khurkh Marshes—North, Hentiy, Mongolia",23 May 2024,Vyom Vyas,48.282,110.4919,Mongolia,False,ML620128093,P1
620128113,bncrai1,Rallus indicus,クイナ,5.0,5,"Khurkh Marshes—North, Hentiy, Mongolia",23 May 2024,Vyom Vyas,48.282,110.4919,Mongolia,False,ML620128113,P1
622464660,bncrai1,Rallus indicus,クイナ,3.5,2,"부산--을숙도철새공원(Busan--Eulsuk-do Migratory Bird Park), Busan, South Korea",9 Jan 2024,Ashley Hopkins,35.097,128.9397,South Korea,True,ML622464660,P1
627539292,bncrai1,Rallus indicus,クイナ,2.5,2,"奥林匹克森林公园南园 (Olympic Forest Park South), Beijing, China",15 Dec 2024,Kevin Cheng,40.0174,116.3938,China,False,ML627539292,P1
631649896,bncrai1,Rallus indicus,クイナ,2.0,1,"独墅湖公园 (Dushu Lake Park), Jiangsu, China",18 Feb 2025,Rail Whisperer,31.2575,120.7205,China,False,ML631649896,P1
631844163,bncrai1,Rallus indicus,クイナ,4.0,1,"Baikka Beel Wetland Sanctuary, Sylhet bibhag, Bangladesh",7 Mar 2025,Gary Allport,24.3509,91.703,Bangladesh,False,ML631844163,P1
634598275,bncrai1,Rallus indicus,クイナ,4.0,1,"Khurkh Bird Ringing Station, Khentii, MN, Hentiy, Mongolia",22 May 2024,Vyom Vyas,48.28,110.492,Mongolia,False,ML634598275,P1
636273021,bncrai1,Rallus indicus,クイナ,0.0,0,"부산 서낙동강(Busan--Seonakdonggang River General Area), Busan, South Korea",21 Jan 2025,Anonymous,35.1042,128.8943,South Korea,True,ML636273021,P1
636273296,bncrai1,Rallus indicus,クイナ,0.0,0,"부산 서낙동강(Busan--Seonakdonggang River General Area), Busan, South Korea",20 Jan 2025,Anonymous,35.1042,128.8943,South Korea,True,ML636273296,P1
637140235,bncrai1,Rallus indicus,クイナ,4.0,1,"豊富町--サロベツ湿原センター・サロベツ原生花園 (Toyotomi--Sarobetsu Wetland Center - Sarobetsu Genseikaen Wildflower Preserve), Toyotomi, Hokkaido, Japan",2 Jun 2025,Seiji Hayama,45.1109,141.7039,Japan,True,ML637140235,P1
643021167,bncrai1,Rallus indicus,クイナ,0.0,0,"滹沱河湿地公园 (Hutuohe Wetland Park), Hebei, China",6 Oct 2025,Yawei Zhang,38.1206,114.5504,China,False,ML643021167,P1
644017955,bncrai1,Rallus indicus,クイナ,5.0,1,"根室市--北方原生花園 (Nemuro--Hoppō Native Flower Garden), Nemuro, Hokkaido, Japan",5 Jul 2025,Will Schenck,43.3842,145.6902,Japan,True,ML644017955,P1
644071546,bncrai1,Rallus indicus,クイナ,3.0,1,"北湖草荡 (Beihu Marshland), Zhejiang, China",25 Oct 2025,Penghui Lou,30.3477,119.9294,China,False,ML644071546,P1
644842207,bncrai1,Rallus indicus,クイナ,0.0,0,"浙江大学紫金港校区 (Zhejiang University - Zijingang Campus), Zhejiang, China",8 Nov 2025,Claude Z,30.3006,120.0827,China,False,ML644842207,P1
645443848,bncrai1,Rallus indicus,クイナ,2.0,1,"Bayan Lake, Bayannuur, Bulgan, MN, Bulgan, Mongolia",8 Jun 2013,Patrick Franke,47.8502,104.3157,Mongolia,False,ML645443848,P1
645443850,bncrai1,Rallus indicus,クイナ,3.0,1,"Bayan Lake, Bayannuur, Bulgan, MN, Bulgan, Mongolia",8 Jun 2013,Patrick Franke,47.8502,104.3157,Mongolia,False,ML645443850,P1
645450435,bncrai1,Rallus indicus,クイナ,2.0,1,"Bayan Lake, Bayannuur, Bulgan, MN, Bulgan, Mongolia",8 Jun 2013,Patrick Franke,47.8502,104.3157,Mongolia,False,ML645450435,P1
647685452,bncrai1,Rallus indicus,クイナ,4.0,1,"Tashgai Lake, Dornod, MN, Dornod, Mongolia",22 May 2025,Batmunkh Davaasuren,47.3533,118.49,Mongolia,False,ML647685452,P1
647757772,bncrai1,Rallus indicus,クイナ,0.0,0,"Yolt River, Batshireet, Hentii, MN, Hentiy, Mongolia",27 Jun 2025,Batmunkh Davaasuren,48.8126,110.0266,Mongolia,False,ML647757772,P1
647940620,bncrai1,Rallus indicus,クイナ,0.0,0,"江戸川区--葛西臨海公園・葛西海浜公園 (Edogawa Ward--Kasai Rinkai Park / Kasai Kaihin Park), Edogawa City, Tokyo, Japan",25 Dec 2025,Elliott Ress,35.6398,139.8655,Japan,True,ML647940620,P1
649496805,bncrai1,Rallus indicus,クイナ,0.0,0,"北八滧 (Beibayao), Shanghai, China",4 Jan 2026,Bobby Ye,31.5933,121.8448,China,False,ML649496805,P1
650329430,bncrai1,Rallus indicus,クイナ,3.0,1,"菖蒲公園　本荘浜, Yurihonjo, Akita, Japan",2 Feb 2026,YUKIKO ISHIKAWA,39.3871,140.0227,Japan,True,ML650329430,P1
74187501,bncrai1,Rallus indicus,クイナ,1.6666666666666667,3,"野鸭湖 (Wild Duck Lake), Beijing, China",4 Nov 2017,PT xiao,40.4096,115.8468,China,False,ML74187501,P1
96866211,bncrai1,Rallus indicus,クイナ,2.0,2,"成田市--取香川--小菅橋 (Narita--Tokko River--Kosuge Bridge), Narita, Chiba, Japan",26 Apr 2018,Dirk von Werne,35.7902,140.3578,Japan,True,ML96866211,P1
121977931,bnhgul1,Chroicocephalus brunnicephalus,チャガシラカモメ,1.6666666666666667,3,"Mandwa Jetty, Alibagh, Raigad, Maharashtra, India",2 Nov 2018,Pradnyavant Mane,18.8062,72.8826,India,False,ML121977931,P1
126231591,bnhgul1,Chroicocephalus brunnicephalus,チャガシラカモメ,3.25,4,"Mandwa Jetty, Alibagh, Raigad, Maharashtra, India",2 Nov 2018,Pradnyavant Mane,18.8062,72.8826,India,False,ML126231591,P1
145034821,bnhgul1,Chroicocephalus brunnicephalus,チャガシラカモメ,3.0,3,"Changaram Wetlands -- Ezhupunna, Alappuzha, Kerala, India",8 Mar 2019,Sumesh PB,9.7975,76.2889,India,False,ML145034821,P1
166985371,bnhgul1,Chroicocephalus brunnicephalus,チャガシラカモメ,4.4,5,"Ujani Dam--Kumbhargaon Bird Sanctuary, Pune, Maharashtra, India",17 Apr 2019,Amrita Singh,18.2887,74.776,India,False,ML166985371,P1
202181551,bnhgul1,Chroicocephalus brunnicephalus,チャガシラカモメ,4.333333333333333,3,"Ujani Dam--Kumbhargaon Bird Sanctuary, Pune, Maharashtra, India",22 Mar 2018,Sharad Apte,18.2887,74.776,India,False,ML202181551,P1
202183311,bnhgul1,Chroicocephalus brunnicephalus,チャガシラカモメ,2.0,3,"Ujani Dam--Kumbhargaon Bird Sanctuary, Pune, Maharashtra, India",20 Feb 2017,Sharad Apte,18.2887,74.776,India,False,ML202183311,P1
202184541,bnhgul1,Chroicocephalus brunnicephalus,チャガシラカモメ,3.0,3,"Ujani Dam--Kumbhargaon Bird Sanctuary, Pune, Maharashtra, India",20 Feb 2017,Sharad Apte,18.2887,74.776,India,False,ML202184541,P1
217746501,bnhgul1,Chroicocephalus brunnicephalus,チャガシラカモメ,3.5,4,"Ujani Dam--Kumbhargaon Bird Sanctuary, Pune, Maharashtra, India",8 Mar 2020,Sharad Apte,18.2887,74.776,India,False,ML217746501,P1
221158321,bnhgul1,Chroicocephalus brunnicephalus,チャガシラカモメ,3.6666666666666665,3,"Nangjurakh, Startsapuk Tso, Leh, Ladakh, India",26 Jul 2017,Puja Sharma,33.2424,78.0582,India,False,ML221158321,P1
221165731,bnhgul1,Chroicocephalus brunnicephalus,チャガシラカモメ,3.0,3,"Nangjurakh, Startsapuk Tso, Leh, Ladakh, India",28 Jul 2017,Puja Sharma,33.2424,78.0582,India,False,ML221165731,P1
242156121,bnhgul1,Chroicocephalus brunnicephalus,チャガシラカモメ,3.3333333333333335,3,"Ujani Dam--Kumbhargaon Bird Sanctuary, Pune, Maharashtra, India",8 Jan 2018,Amrita Singh,18.2887,74.776,India,False,ML242156121,P1
242159411,bnhgul1,Chroicocephalus brunnicephalus,チャガシラカモメ,4.0,3,"Ujani Dam--Kumbhargaon Bird Sanctuary, Pune, Maharashtra, India",8 Jan 2018,Amrita Singh,18.2887,74.776,India,False,ML242159411,P1
282942991,bnhgul1,Chroicocephalus brunnicephalus,チャガシラカモメ,2.3333333333333335,3,"Bamandev Mandir, Thane, Maharashtra, India",22 Nov 2020,Pradnyavant Mane,19.0107,73.0031,India,False,ML282942991,P1
319397791,bnhgul1,Chroicocephalus brunnicephalus,チャガシラカモメ,3.3333333333333335,3,"Husenpurakaval, Karnataka, IN (12.4, 76.46), Mysuru, Karnataka, India",11 Mar 2021,Sahana M,12.3997,76.4595,India,False,ML319397791,P1
346867001,bnhgul1,Chroicocephalus brunnicephalus,チャガシラカモメ,2.3333333333333335,3,"Walayar Lake-Tamil Nadu side, Coimbatore, Tamil Nadu, India",2 Jan 2021,Karthik Ramasamy,10.8449,76.854,India,False,ML346867001,P1
348797501,bnhgul1,Chroicocephalus brunnicephalus,チャガシラカモメ,2.3333333333333335,3,"Auto selected 37.07481, 100.48940, Qinghai, China",6 Jun 2021,Joye Zhou,37.0748,100.4894,China,False,ML348797501,P1
368450471,bnhgul1,Chroicocephalus brunnicephalus,チャガシラカモメ,2.0,3,"Startsapuk Tso, Leh, Ladakh, India",20 Aug 2021,Dhyey Shah,33.2558,78.0468,India,False,ML368450471,P1
385478411,bnhgul1,Chroicocephalus brunnicephalus,チャガシラカモメ,3.3333333333333335,3,"Henry Island, West Bengal, IN (21.575, 88.292), South 24 Parganas, West Bengal, India",28 Oct 2021,Samim Akhter,21.5745,88.2919,India,False,ML385478411,P1
415781691,bnhgul1,Chroicocephalus brunnicephalus,チャガシラカモメ,2.0,2,"Kelambakkam Backwaters, Chengalpattu, Tamil Nadu, India",13 Feb 2022,Sreekumar Chirukandoth,12.7839,80.2359,India,False,ML415781691,P1
415782731,bnhgul1,Chroicocephalus brunnicephalus,チャガシラカモメ,2.0,2,"Kelambakkam Backwaters, Chengalpattu, Tamil Nadu, India",13 Feb 2022,Sreekumar Chirukandoth,12.7839,80.2359,India,False,ML415782731,P1
415782771,bnhgul1,Chroicocephalus brunnicephalus,チャガシラカモメ,1.5,2,"Kelambakkam Backwaters, Chengalpattu, Tamil Nadu, India",13 Feb 2022,Sreekumar Chirukandoth,12.7839,80.2359,India,False,ML415782771,P1
415782791,bnhgul1,Chroicocephalus brunnicephalus,チャガシラカモメ,2.0,2,"Kelambakkam Backwaters, Chengalpattu, Tamil Nadu, India",13 Feb 2022,Sreekumar Chirukandoth,12.7839,80.2359,India,False,ML415782791,P1
415782851,bnhgul1,Chroicocephalus brunnicephalus,チャガシラカモメ,2.5,2,"Kelambakkam Backwaters, Chengalpattu, Tamil Nadu, India",13 Feb 2022,Sreekumar Chirukandoth,12.7839,80.2359,India,False,ML415782851,P1
415782951,bnhgul1,Chroicocephalus brunnicephalus,チャガシラカモメ,2.0,2,"Kelambakkam Backwaters, Chengalpattu, Tamil Nadu, India",13 Feb 2022,Sreekumar Chirukandoth,12.7839,80.2359,India,False,ML415782951,P1
421438661,bnhgul1,Chroicocephalus brunnicephalus,チャガシラカモメ,2.5,2,"Frazergunj Village, South 24 Parganas, West Bengal, India",27 Feb 2022,Samim Akhter,21.5733,88.2528,India,False,ML421438661,P1
425050931,bnhgul1,Chroicocephalus brunnicephalus,チャガシラカモメ,3.3333333333333335,3,"Gora-Padma (Barguna), Barisal bibhag, Bangladesh",14 Mar 2022,Sayam U. Chowdhury,21.9805,90.0256,Bangladesh,False,ML425050931,P1
425051621,bnhgul1,Chroicocephalus brunnicephalus,チャガシラカモメ,2.0,2,"Gora-Padma (Barguna), Barisal bibhag, Bangladesh",14 Mar 2022,Sayam U. Chowdhury,21.9805,90.0256,Bangladesh,False,ML425051621,P1
426881771,bnhgul1,Chroicocephalus brunnicephalus,チャガシラカモメ,3.6666666666666665,3,"Gosthani River Mouth North side, Bheemili, Visakhapatnam, Andhra Pradesh, India",20 Mar 2022,Prem swaroop Kolluru,17.9079,83.4628,India,False,ML426881771,P1
428155241,bnhgul1,Chroicocephalus brunnicephalus,チャガシラカモメ,2.5,2,"Shital Bag,22/A Walkeshwar Road, Mumbai, Maharashtra, IN (18.954, 72.806), Mumbai, Maharashtra, India",7 Mar 2022,Shilpa Gadgil,18.9539,72.8063,India,False,ML428155241,P1
428155251,bnhgul1,Chroicocephalus brunnicephalus,チャガシラカモメ,3.6666666666666665,3,"Shital Bag,22/A Walkeshwar Road, Mumbai, Maharashtra, IN (18.954, 72.806), Mumbai, Maharashtra, India",7 Mar 2022,Shilpa Gadgil,18.9539,72.8063,India,False,ML428155251,P1
433801091,bnhgul1,Chroicocephalus brunnicephalus,チャガシラカモメ,3.3333333333333335,3,"Kovalam Estuary, Chengalpattu, Tamil Nadu, India",23 Mar 2022,Pradeeshwar R.J,12.8033,80.2483,India,False,ML433801091,P1
434294081,bnhgul1,Chroicocephalus brunnicephalus,チャガシラカモメ,2.0,2,"Alamatti Backwaters--Beerkabbi ಆಲಮಟ್ಟಿ ಹಿನ್ನೀರು--ಬೀರಕಬ್ಬಿ, Bagalkote, Karnataka, India",10 Apr 2022,Ramesh Desai,16.3416,75.7782,India,False,ML434294081,P1
506174341,bnhgul1,Chroicocephalus brunnicephalus,チャガシラカモメ,2.5,2,"Dashashwamedh Ghat, Varanasi, Varanasi, Uttar Pradesh, India",20 Nov 2022,Sanjiv Khanna,25.3074,83.0108,India,False,ML506174341,P1
506182691,bnhgul1,Chroicocephalus brunnicephalus,チャガシラカモメ,3.3333333333333335,3,"Dashashwamedh Ghat, Varanasi, Varanasi, Uttar Pradesh, India",20 Nov 2022,Sanjiv Khanna,25.3074,83.0108,India,False,ML506182691,P1
551508781,bnhgul1,Chroicocephalus brunnicephalus,チャガシラカモメ,4.333333333333333,3,"Langmusizhen, Gannan CN-Gansu (34.0899,102.6368), Gansu, China",25 Jun 2020,Haoning Gong,34.0899,102.6368,China,False,ML551508781,P1
556705741,bnhgul1,Chroicocephalus brunnicephalus,チャガシラカモメ,4.0,3,"Changaram Wetlands -- Ezhupunna, Alappuzha, Kerala, India",9 Apr 2023,sreekanth c,9.7975,76.2889,India,False,ML556705741,P1
556861581,bnhgul1,Chroicocephalus brunnicephalus,チャガシラカモメ,5.0,4,"Changaram Wetlands -- Ezhupunna, Alappuzha, Kerala, India",9 Apr 2023,sreekanth c,9.7975,76.2889,India,False,ML556861581,P1
595738521,bnhgul1,Chroicocephalus brunnicephalus,チャガシラカモメ,3.6666666666666665,3,"Startsapuk Tso, Leh, Ladakh, India",1 Jul 2023,Vijaya Lakshmi,33.2558,78.0468,India,False,ML595738521,P1
597791211,bnhgul1,Chroicocephalus brunnicephalus,チャガシラカモメ,1.0,2,"Pangong Lake, Leh, Ladakh, India",19 Jul 2023,Sudip Simha,33.9323,78.4751,India,False,ML597791211,P1
608639264,bnhgul1,Chroicocephalus brunnicephalus,チャガシラカモメ,1.6666666666666667,3,"Startsapuk Tso, Leh, Ladakh, India",1 Jul 2023,Vijaya Lakshmi,33.2558,78.0468,India,False,ML608639264,P1
608639515,bnhgul1,Chroicocephalus brunnicephalus,チャガシラカモメ,4.0,3,"Startsapuk Tso, Leh, Ladakh, India",1 Jul 2023,Vijaya Lakshmi,33.2558,78.0468,India,False,ML608639515,P1
617645184,bnhgul1,Chroicocephalus brunnicephalus,チャガシラカモメ,2.5,2,"Bhigwan Bird Sanctuary - Diksal Bridge, Solapur, Maharashtra, India",30 Mar 2023,Sahana M,18.297,74.8033,India,False,ML617645184,P1
619077189,bnhgul1,Chroicocephalus brunnicephalus,チャガシラカモメ,2.3333333333333335,3,"Pangong Lake Road (33.962, 78.423), Leh, Ladakh, India",24 May 2023,Surendhar Boobalan,33.9621,78.4227,India,False,ML619077189,P1
619077237,bnhgul1,Chroicocephalus brunnicephalus,チャガシラカモメ,3.6666666666666665,3,"Pangong Lake Road (33.962, 78.423), Leh, Ladakh, India",24 May 2023,Surendhar Boobalan,33.9621,78.4227,India,False,ML619077237,P1
619931659,bnhgul1,Chroicocephalus brunnicephalus,チャガシラカモメ,3.75,4,"S206, Haibei CN-Qinghai 37.03592, 99.73892, Qinghai, China",2 Jun 2024,Wenyi Zhou,37.0359,99.7389,China,False,ML619931659,P1
625576155,bnhgul1,Chroicocephalus brunnicephalus,チャガシラカモメ,2.3333333333333335,3,"Bang Pu--Nature Education Center, Samut Prakan, Thailand",28 Oct 2024,Wich’yanan Limparungpatthanakij,13.5168,100.6557,Thailand,False,ML625576155,P1
625777320,bnhgul1,Chroicocephalus brunnicephalus,チャガシラカモメ,2.3333333333333335,3,"Gateway of India, Mumbai, Maharashtra, India",18 Dec 2016,Daniel S.,18.9223,72.8341,India,False,ML625777320,P1
630776468,bnhgul1,Chroicocephalus brunnicephalus,チャガシラカモメ,4.0,3,"Bang Pu--Nature Education Center, Samut Prakan, Thailand",16 Feb 2025,www.aladdin .st,13.5168,100.6557,Thailand,False,ML630776468,P1
632737053,bnhgul1,Chroicocephalus brunnicephalus,チャガシラカモメ,2.0,3,"Sangam Ghat Prayagraj, Uttar Pradesh, IN, Prayagraj, Uttar Pradesh, India",23 Mar 2025,Dr Bipasha David,25.4208,81.8832,India,False,ML632737053,P1
644847502,bnhgul1,Chroicocephalus brunnicephalus,チャガシラカモメ,0.0,0,"Sangam Ghat Prayagraj, Uttar Pradesh, IN, Prayagraj, Uttar Pradesh, India",8 Nov 2025,Dr Bipasha David,25.4208,81.8832,India,False,ML644847502,P1
644849551,bnhgul1,Chroicocephalus brunnicephalus,チャガシラカモメ,0.0,0,"Bang Pu--Nature Education Center, Samut Prakan, Thailand",8 Nov 2025,Ben Weil,13.5168,100.6557,Thailand,False,ML644849551,P1
644849552,bnhgul1,Chroicocephalus brunnicephalus,チャガシラカモメ,0.0,0,"Bang Pu--Nature Education Center, Samut Prakan, Thailand",8 Nov 2025,Ben Weil,13.5168,100.6557,Thailand,False,ML644849552,P1
648603561,bnhgul1,Chroicocephalus brunnicephalus,チャガシラカモメ,0.0,0,"Pong Dam--Nagrota Surian, Kangra, Himachal Pradesh, India",6 Jan 2026,Ashwini Bhatia,32.0441,76.0605,India,False,ML648603561,P1
553753761,bonhon1,Apalopteron familiare,メグロ,3.0,1,"Hahajima Funakiyama, Ogasawara-Mura JP-Tokyo 26.64671, 142.16877, Ogasawara, Tokyo, Japan",5 Apr 2023,Yann Muzika,26.6467,142.1688,Japan,True,ML553753761,P1
553753771,bonhon1,Apalopteron familiare,メグロ,3.0,1,"Hahajima Funakiyama, Ogasawara-Mura JP-Tokyo 26.64671, 142.16877, Ogasawara, Tokyo, Japan",5 Apr 2023,Yann Muzika,26.6467,142.1688,Japan,True,ML553753771,P1
553753781,bonhon1,Apalopteron familiare,メグロ,3.0,1,"Hahajima Funakiyama, Ogasawara-Mura JP-Tokyo 26.64671, 142.16877, Ogasawara, Tokyo, Japan",5 Apr 2023,Yann Muzika,26.6467,142.1688,Japan,True,ML553753781,P1
553753791,bonhon1,Apalopteron familiare,メグロ,3.0,1,"Hahajima Funakiyama, Ogasawara-Mura JP-Tokyo 26.64671, 142.16877, Ogasawara, Tokyo, Japan",5 Apr 2023,Yann Muzika,26.6467,142.1688,Japan,True,ML553753791,P1
554031351,bonhon1,Apalopteron familiare,メグロ,4.0,1,"Hahajima Funakiyama, Ogasawara-Mura JP-Tokyo 26.64671, 142.16877, Ogasawara, Tokyo, Japan",5 Apr 2023,Yann Muzika,26.6467,142.1688,Japan,True,ML554031351,P1
600123471,bonhon1,Apalopteron familiare,メグロ,3.0,1,"母島IBA (Hahajima (island) IBA), Ogasawara, Tokyo, Japan",25 Jul 2023,Yann Muzika,26.6605,142.1568,Japan,True,ML600123471,P1
600123481,bonhon1,Apalopteron familiare,メグロ,4.0,1,"母島IBA (Hahajima (island) IBA), Ogasawara, Tokyo, Japan",25 Jul 2023,Yann Muzika,26.6605,142.1568,Japan,True,ML600123481,P1
600170571,bonhon1,Apalopteron familiare,メグロ,4.0,1,"41, Hahajima Hyogidaira, Ogasawara JP-Tokyo (26.6354,142.1633), Ogasawara, Tokyo, Japan",2 Jul 2023,Yann Muzika,26.6354,142.1633,Japan,True,ML600170571,P1
601111181,bonhon1,Apalopteron familiare,メグロ,4.0,3,"母島--フルーツロード (Hahajima--Fruit Road), Ogasawara, Tokyo, Japan",4 Aug 2023,Yasuhiko Komatsu,26.6387,142.1564,Japan,True,ML601111181,P1
621568083,bonhon1,Apalopteron familiare,メグロ,4.0,1,"母島--沖村/沖港 (Hahajima--Oki (village and port)), Ogasawara, Tokyo, Japan",14 Jul 2024,Yann Muzika,26.6405,142.1601,Japan,True,ML621568083,P1
621568084,bonhon1,Apalopteron familiare,メグロ,3.0,1,"母島--沖村/沖港 (Hahajima--Oki (village and port)), Ogasawara, Tokyo, Japan",14 Jul 2024,Yann Muzika,26.6405,142.1601,Japan,True,ML621568084,P1
622196478,bonhon1,Apalopteron familiare,メグロ,2.5,2,"母島--フルーツロード (Hahajima--Fruit Road), Ogasawara, Tokyo, Japan",30 Jul 2024,Ting-Wei (廷維) HUNG (洪),26.6387,142.1564,Japan,True,ML622196478,P1
622196479,bonhon1,Apalopteron familiare,メグロ,3.0,2,"母島--フルーツロード (Hahajima--Fruit Road), Ogasawara, Tokyo, Japan",30 Jul 2024,Ting-Wei (廷維) HUNG (洪),26.6387,142.1564,Japan,True,ML622196479,P1
32529,bonpet,Pterodroma hypoleuca,シロハラミズナギドリ,3.0,2,"Sand Island Midway, Midway Islands, United States Minor Outlying Islands",21 Jan 1964,Chandler Robbins,0.0,0.0,United States Minor Outlying Islands,False,ML32529,P1
32536,bonpet,Pterodroma hypoleuca,シロハラミズナギドリ,5.0,1,"Hawaii, United States",Unknown,Chandler Robbins,0.0,0.0,United States,False,ML32536,P1
32537,bonpet,Pterodroma hypoleuca,シロハラミズナギドリ,5.0,1,"Hawaii, United States",Unknown,Chandler Robbins,0.0,0.0,United States,False,ML32537,P1
32601,bonpet,Pterodroma hypoleuca,シロハラミズナギドリ,4.0,2,"Hawaii, United States",Unknown,Chandler Robbins,0.0,0.0,United States,False,ML32601,P1
32629,bonpet,Pterodroma hypoleuca,シロハラミズナギドリ,3.5,2,"Hawaii, United States",Unknown,Chandler Robbins,0.0,0.0,United States,False,ML32629,P1
437347101,bonpet,Pterodroma hypoleuca,シロハラミズナギドリ,3.5,2,"Midway Atoll--Ave Maria, Midway Islands, United States Minor Outlying Islands",18 Apr 2022,Bob Toleno,28.2143,-177.3778,United States Minor Outlying Islands,False,ML437347101,P1
486068291,bonpet,Pterodroma hypoleuca,シロハラミズナギドリ,4.333333333333333,3,"Midway Atoll NWR--Sand Island, Midway Islands, United States Minor Outlying Islands",1 Apr 2022,Percy Ulsamer,28.2092,-177.3787,United States Minor Outlying Islands,False,ML486068291,P1
613950317,bonpet,Pterodroma hypoleuca,シロハラミズナギドリ,3.0,2,"Midway Atoll NWR--Sand Island, Midway Islands, United States Minor Outlying Islands",20 Dec 2023,Joelle Buffa,28.2092,-177.3787,United States Minor Outlying Islands,False,ML613950317,P1
633252704,bonpet,Pterodroma hypoleuca,シロハラミズナギドリ,3.0,1,"Midway Atoll NWR--Sand Island, Midway Islands, United States Minor Outlying Islands",18 Dec 2024,Ashley Hopkins,28.2092,-177.3787,United States Minor Outlying Islands,False,ML633252704,P1
633252705,bonpet,Pterodroma hypoleuca,シロハラミズナギドリ,3.0,1,"Midway Atoll NWR--Sand Island, Midway Islands, United States Minor Outlying Islands",18 Dec 2024,Ashley Hopkins,28.2092,-177.3787,United States Minor Outlying Islands,False,ML633252705,P1
633252706,bonpet,Pterodroma hypoleuca,シロハラミズナギドリ,3.0,2,"Midway Atoll NWR--Sand Island, Midway Islands, United States Minor Outlying Islands",18 Dec 2024,Ashley Hopkins,28.2092,-177.3787,United States Minor Outlying Islands,False,ML633252706,P1
646753302,bonpet,Pterodroma hypoleuca,シロハラミズナギドリ,0.0,0,"Midway Atoll NWR--Sand Island, Midway Islands, United States Minor Outlying Islands",10 Dec 2025,Eric Kershner,28.2092,-177.3787,United States Minor Outlying Islands,False,ML646753302,P1
648511040,bonpet,Pterodroma hypoleuca,シロハラミズナギドリ,0.0,0,"Midway Atoll NWR--Sand Island, Midway Islands, United States Minor Outlying Islands",7 Jan 2026,Eric Kershner,28.2092,-177.3787,United States Minor Outlying Islands,False,ML648511040,P1
979,bonpet,Pterodroma hypoleuca,シロハラミズナギドリ,1.0,4,"Sand Is. At Edge Of Baseball Field, Midway Islands, United States Minor Outlying Islands",21 Jan 1964,William V. Ward,28.2167,-177.3667,United States Minor Outlying Islands,False,ML979,P1
137973361,brbfly2,Muscicapa muttui,チャムネサメビタキ,3.0,6,"Mlappara, Kerala, IN (9.503, 77.359), Idukki, Kerala, India",24 Jan 2019,Ashwin Viswanathan,9.5029,77.3595,India,False,ML137973361,P1
140487891,brbfly2,Muscicapa muttui,チャムネサメビタキ,2.75,4,"Thadiplackal, Combayar, Idukki, Kerala, India",13 Feb 2019,GOVIND GIRIJA,9.8408,77.1916,India,False,ML140487891,P1
181033581,brbfly2,Muscicapa muttui,チャムネサメビタキ,3.0,3,"Ferns Residency, Bengaluru Urban, Karnataka, India",8 Oct 2019,Subhadra Devi,13.0579,77.6397,India,False,ML181033581,P1
183355411,brbfly2,Muscicapa muttui,チャムネサメビタキ,1.3333333333333333,3,"Ferns Residency, Bengaluru Urban, Karnataka, India",8 Oct 2019,Subhadra Devi,13.0579,77.6397,India,False,ML183355411,P1
266972111,brbfly2,Muscicapa muttui,チャムネサメビタキ,3.0,3,"Rabindra Sarovar (including Lion's Safari Park), Kolkata, West Bengal, India",30 Sep 2020,Karan Matalia,22.5123,88.3597,India,False,ML266972111,P1
301463471,brbfly2,Muscicapa muttui,チャムネサメビタキ,3.3333333333333335,3,"Palakkad Hills--Elival Foothills, Palakkad, Kerala, India",24 Jan 2021,Novelkumar M S,10.8664,76.6452,India,False,ML301463471,P1
310473441,brbfly2,Muscicapa muttui,チャムネサメビタキ,3.0,3,"Seethanadhi Nature camp, Someshwara WLS, Karnataka, Udupi, Karnataka, India",18 Feb 2021,Ashwin Viswanathan,13.479,75.0174,India,False,ML310473441,P1
310473551,brbfly2,Muscicapa muttui,チャムネサメビタキ,1.6666666666666667,3,"Seethanadhi Nature camp, Someshwara WLS, Karnataka, Udupi, Karnataka, India",18 Feb 2021,Ashwin Viswanathan,13.479,75.0174,India,False,ML310473551,P1
349531671,brbfly2,Muscicapa muttui,チャムネサメビタキ,3.3333333333333335,3,"Peralathvayal, Kasaragod, Kerala, India",19 Dec 2020,shyamkumar puravankara,12.349,75.0896,India,False,ML349531671,P1
349532971,brbfly2,Muscicapa muttui,チャムネサメビタキ,4.333333333333333,3,"Peralathvayal, Kasaragod, Kerala, India",19 Jan 2021,shyamkumar puravankara,12.349,75.0896,India,False,ML349532971,P1
384979901,brbfly2,Muscicapa muttui,チャムネサメビタキ,5.0,4,"Porora, Kannur, Kerala, India",1 Nov 2021,JISHNU  K,11.9624,75.5776,India,False,ML384979901,P1
395710151,brbfly2,Muscicapa muttui,チャムネサメビタキ,2.0,2,"Bedur Forest, Kasaragod, Kerala, India",13 Nov 2021,Harish Babu M,12.2811,75.3137,India,False,ML395710151,P1
395786411,brbfly2,Muscicapa muttui,チャムネサメビタキ,5.0,3,"Porora, Kannur, Kerala, India",6 Dec 2021,JISHNU  K,11.9624,75.5776,India,False,ML395786411,P1
401469871,brbfly2,Muscicapa muttui,チャムネサメビタキ,5.0,5,"Porora, Kannur, Kerala, India",2 Jan 2022,JISHNU  K,11.9624,75.5776,India,False,ML401469871,P1
402635021,brbfly2,Muscicapa muttui,チャムネサメビタキ,4.5,2,"Karappara Road 1st Culvert, Palakkad, Kerala, India",29 Dec 2021,Vivek Sudhakaran,10.4808,76.6702,India,False,ML402635021,P1
406352841,brbfly2,Muscicapa muttui,チャムネサメビタキ,3.0,3,"Kattadikkadavu Hills, Vannappuram, Idukki, Kerala, India",16 Jan 2022,Kausthubh K Nair,9.981,76.8305,India,False,ML406352841,P1
433473901,brbfly2,Muscicapa muttui,チャムネサメビタキ,1.3333333333333333,3,"Rabindra Sarovar (including Lion's Safari Park), Kolkata, West Bengal, India",7 Oct 2021,Karan Matalia,22.5123,88.3597,India,False,ML433473901,P1
498591671,brbfly2,Muscicapa muttui,チャムネサメビタキ,3.0,3,"Backyard Kochupurakkal house, Panathady, Kerala, IN (12.459, 75.298), Kasaragod, Kerala, India",29 Oct 2022,Anoop Nair,12.4586,75.298,India,False,ML498591671,P1
498592501,brbfly2,Muscicapa muttui,チャムネサメビタキ,3.3333333333333335,3,"Backyard Kochupurakkal house, Panathady, Kerala, IN (12.459, 75.298), Kasaragod, Kerala, India",29 Oct 2022,Anoop Nair,12.4586,75.298,India,False,ML498592501,P1
609067922,brbfly2,Muscicapa muttui,チャムネサメビタキ,3.3333333333333335,3,"Sinharaja Forest Reserve, Kalawana, Ratnapura, Sri Lanka",15 Oct 2000,Deepal Warakagoda,6.409,80.4453,Sri Lanka,False,ML609067922,P1
609067926,brbfly2,Muscicapa muttui,チャムネサメビタキ,4.5,2,"Udawattakele Sanctuary, Kandy District, Harispattuwa, Kandy, Sri Lanka",27 Feb 2004,Deepal Warakagoda,7.3,80.6,Sri Lanka,False,ML609067926,P1
609490087,brbfly2,Muscicapa muttui,チャムネサメビタキ,4.0,2,"Dr. Panjabrao Deshmukh Krishi Vidyapeeth, Akola, Akola, Maharashtra, India",28 Sep 2023,Samish Dhongle,20.7006,77.0371,India,False,ML609490087,P1
615134753,brbfly2,Muscicapa muttui,チャムネサメビタキ,4.333333333333333,3,"Morle Gad Foothills, North Goa, Goa, India",19 Feb 2024,Senan D'Souza,15.5968,74.0614,India,False,ML615134753,P1
615134755,brbfly2,Muscicapa muttui,チャムネサメビタキ,2.0,2,"Morle Gad Foothills, North Goa, Goa, India",19 Feb 2024,Senan D'Souza,15.5968,74.0614,India,False,ML615134755,P1
619610129,brbfly2,Muscicapa muttui,チャムネサメビタキ,5.0,3,"董寨自然保护区--白云保护站 (Dongzhai NNR--Baiyun Station), Henan, China",3 May 2024,Xingyu Li,31.948,114.2557,China,False,ML619610129,P1
619610130,brbfly2,Muscicapa muttui,チャムネサメビタキ,2.6666666666666665,3,"董寨自然保护区--白云保护站 (Dongzhai NNR--Baiyun Station), Henan, China",3 May 2024,Xingyu Li,31.948,114.2557,China,False,ML619610130,P1
619833470,brbfly2,Muscicapa muttui,チャムネサメビタキ,3.0,3,"Sinharaja Forest Reserve, Kalawana, Ratnapura, Sri Lanka",14 Nov 2016,Éric Francois Roualet,6.409,80.4453,Sri Lanka,False,ML619833470,P1
621364775,brbfly2,Muscicapa muttui,チャムネサメビタキ,3.3333333333333335,3,"Doi Pha Hom Pok NP--Mae Per Trail on Doi Angkhang, Chiang Mai, Thailand",6 Jul 2024,Ayuwat Jearwattanakanok,19.8943,99.0486,Thailand,False,ML621364775,P1
627309325,brbfly2,Muscicapa muttui,チャムネサメビタキ,2.6666666666666665,3,"Bondla Wildlife Sanctuary, North Goa, Goa, India",30 Oct 2024,Mitul and Vijul Singh,15.4418,74.1062,India,False,ML627309325,P1
632809173,brbfly2,Muscicapa muttui,チャムネサメビタキ,0.0,0,"UPMAP1B, Coimbatore, Tamil Nadu, India",28 Mar 2020,Vijay Ramesh,10.3477,76.8962,India,False,ML632809173,P1
632809538,brbfly2,Muscicapa muttui,チャムネサメビタキ,0.0,0,"UPMAP4B, Coimbatore, Tamil Nadu, India",8 Dec 2020,Vijay Ramesh,10.3483,76.8923,India,False,ML632809538,P1
632809782,brbfly2,Muscicapa muttui,チャムネサメビタキ,0.0,0,"UPMAP3B, Coimbatore, Tamil Nadu, India",7 Dec 2020,Vijay Ramesh,10.3472,76.8936,India,False,ML632809782,P1
632809888,brbfly2,Muscicapa muttui,チャムネサメビタキ,1.0,1,"UPMAP3B, Coimbatore, Tamil Nadu, India",7 Dec 2020,Vijay Ramesh,10.3472,76.8936,India,False,ML632809888,P1
632810061,brbfly2,Muscicapa muttui,チャムネサメビタキ,1.0,1,"UPMAP3B, Coimbatore, Tamil Nadu, India",7 Dec 2020,Vijay Ramesh,10.3472,76.8936,India,False,ML632810061,P1
632810165,brbfly2,Muscicapa muttui,チャムネサメビタキ,2.5,2,"UPMAP3B, Coimbatore, Tamil Nadu, India",7 Dec 2020,Vijay Ramesh,10.3472,76.8936,India,False,ML632810165,P1
632810369,brbfly2,Muscicapa muttui,チャムネサメビタキ,4.666666666666667,3,"UPMAP3B, Coimbatore, Tamil Nadu, India",7 Dec 2020,Vijay Ramesh,10.3472,76.8936,India,False,ML632810369,P1
646094542,brbfly2,Muscicapa muttui,チャムネサメビタキ,5.0,1,"Chittarikkal-Backyard, Kasaragod, Kerala, India",30 Nov 2025,sreekanth c,12.3234,75.3494,India,False,ML646094542,P1
646101793,brbfly2,Muscicapa muttui,チャムネサメビタキ,5.0,1,"Chittarikkal-Backyard, Kasaragod, Kerala, India",30 Nov 2025,sreekanth c,12.3234,75.3494,India,False,ML646101793,P1
648690376,brbfly2,Muscicapa muttui,チャムネサメビタキ,0.0,0,"Cheruvally Govt. LP School Area, Kottayam, Kerala, India",4 Jan 2026,Abhinav R,9.522,76.7633,India,False,ML648690376,P1
649034283,brbfly2,Muscicapa muttui,チャムネサメビタキ,0.0,0,"Indrali Temple Road, Udupi, Karnataka, India",16 Jan 2026,PRABHAKAR GUJJARAPPA,13.3357,74.777,India,False,ML649034283,P1
649454478,brbfly2,Muscicapa muttui,チャムネサメビタキ,0.0,0,"Paithalmala, Kannur, Kerala, India",23 Jan 2026,sreekanth c,12.1744,75.5446,India,False,ML649454478,P1
650619430,brbfly2,Muscicapa muttui,チャムネサメビタキ,0.0,0,"Paithalmala, Kannur, Kerala, India",7 Feb 2026,sreekanth c,12.1744,75.5446,India,False,ML650619430,P1
650619548,brbfly2,Muscicapa muttui,チャムネサメビタキ,0.0,0,"Paithalmala, Kannur, Kerala, India",7 Feb 2026,sreekanth c,12.1744,75.5446,India,False,ML650619548,P1
75093201,brbfly2,Muscicapa muttui,チャムネサメビタキ,3.6666666666666665,3,"Kitulgala--Sisira’s River Lounge, Yatiyanthota, Kegalla, Sri Lanka",6 Nov 2017,Ramit Singal,6.9937,80.411,Sri Lanka,False,ML75093201,P1
104270991,brhthr1,Turdus chrysolaus,アカハラ,2.6666666666666665,3,"苫小牧市--苫小牧研究林 (Tomakomai--Tomakomai Experimental Forest), Tomakomai, Hokkaido, Japan",6 Jun 2018,Ting-Wei (廷維) HUNG (洪),42.6764,141.5996,Japan,True,ML104270991,P1
129620251,brhthr1,Turdus chrysolaus,アカハラ,4.0,3,"Japan::Gifu-ken::Kashimori Park, Gifu, Gifu, Japan",15 Dec 2017,William Hull,35.4189,136.7641,Japan,True,ML129620251,P1
143140761,brhthr1,Turdus chrysolaus,アカハラ,3.3333333333333335,3,"花蓮--美崙山公園(Hualien--Meilunshan Park), Hualien County, Taiwan",28 Feb 2019,Cassie Liu,23.9853,121.6126,Taiwan,False,ML143140761,P1
150908001,brhthr1,Turdus chrysolaus,アカハラ,3.3333333333333335,3,"台北金山--金山青年活動中心(Jinshan--Jinshan Youth Activity Center), New Taipei City, Taiwan",11 Apr 2019,Kuan-Chieh 紅冠 Hung | TaiwanBirdGuide.com,25.2263,121.6422,Taiwan,False,ML150908001,P1
150908061,brhthr1,Turdus chrysolaus,アカハラ,4.666666666666667,3,"台北金山--金山青年活動中心(Jinshan--Jinshan Youth Activity Center), New Taipei City, Taiwan",11 Apr 2019,Kuan-Chieh 紅冠 Hung | TaiwanBirdGuide.com,25.2263,121.6422,Taiwan,False,ML150908061,P1
150908091,brhthr1,Turdus chrysolaus,アカハラ,4.0,4,"台北金山--金山青年活動中心(Jinshan--Jinshan Youth Activity Center), New Taipei City, Taiwan",11 Apr 2019,Kuan-Chieh 紅冠 Hung | TaiwanBirdGuide.com,25.2263,121.6422,Taiwan,False,ML150908091,P1
152766551,brhthr1,Turdus chrysolaus,アカハラ,2.3333333333333335,3,"立川市--国営昭和記念公園 (Tachikawa--Showa Memorial Park), Akishima, Tokyo, Japan",21 Apr 2019,Atsushi Shimazaki,35.7111,139.3938,Japan,True,ML152766551,P1
161901731,brhthr1,Turdus chrysolaus,アカハラ,3.0,2,"置戸町--おけと湖 (Oketo--Lake Oketo), Oketo, Hokkaido, Japan",19 May 2019,Yann Muzika,43.6144,143.37,Japan,True,ML161901731,P1
203903551,brhthr1,Turdus chrysolaus,アカハラ,4.0,4,"Yatsugatake Mountains, Chino, Nagano, Japan",16 Jun 1998,Desmond Allen,36.0288,138.356,Japan,True,ML203903551,P1
203932271,brhthr1,Turdus chrysolaus,アカハラ,4.0,4,"横浜市--舞岡公園 (Yokohama--Maioka Park), Yokohama, Kanagawa, Japan",23 Jan 2010,Josep del Hoyo,35.3862,139.5515,Japan,True,ML203932271,P1
216470291,brhthr1,Turdus chrysolaus,アカハラ,1.5,2,"TW-高雄市-小港區-南星計畫, Kaohsiung City, Taiwan",18 Mar 2020,志民 蘇,22.5294,120.3364,Taiwan,False,ML216470291,P1
222577121,brhthr1,Turdus chrysolaus,アカハラ,3.6666666666666665,3,"金門--慈湖烏沙頭(Kinmen--Lake Ci Wusatou), Kinmen County, Taiwan",11 Apr 2020,Ting-Wei (廷維) HUNG (洪),24.4704,118.2916,Taiwan,False,ML222577121,P1
223951221,brhthr1,Turdus chrysolaus,アカハラ,2.0,2,"桃園--中壢新街溪健行路段(Taoyuan--Zhongli Xinjie River Jianxing Rd. Section), Taoyuan City, Taiwan",16 Apr 2020,Simon van Zyl,24.9517,121.2282,Taiwan,False,ML223951221,P1
224059611,brhthr1,Turdus chrysolaus,アカハラ,3.0,2,"金門--慈湖烏沙頭(Kinmen--Lake Ci Wusatou), Kinmen County, Taiwan",15 Apr 2020,Ting-Wei (廷維) HUNG (洪),24.4704,118.2916,Taiwan,False,ML224059611,P1
281374,brhthr1,Turdus chrysolaus,アカハラ,3.0,1,"Mount Fuji north side, Narusawa, Yamanashi, Japan",19 May 2015,Peter Boesman,35.392,138.722,Japan,True,ML281374,P1
281422,brhthr1,Turdus chrysolaus,アカハラ,3.0,1,"Mount Fuji east side, Oyama, Shizuoka, Japan",20 May 2015,Peter Boesman,35.366,138.786,Japan,True,ML281422,P1
281424,brhthr1,Turdus chrysolaus,アカハラ,3.0,1,"Mount Fuji east side, Oyama, Shizuoka, Japan",20 May 2015,Peter Boesman,35.366,138.786,Japan,True,ML281424,P1
281425,brhthr1,Turdus chrysolaus,アカハラ,4.0,3,"Mount Fuji east side, Oyama, Shizuoka, Japan",20 May 2015,Peter Boesman,35.366,138.786,Japan,True,ML281425,P1
281427,brhthr1,Turdus chrysolaus,アカハラ,2.0,1,"Mount Fuji east side, Oyama, Shizuoka, Japan",20 May 2015,Peter Boesman,35.366,138.786,Japan,True,ML281427,P1
281428,brhthr1,Turdus chrysolaus,アカハラ,4.0,3,"Mount Fuji east side, Oyama, Shizuoka, Japan",20 May 2015,Peter Boesman,35.366,138.786,Japan,True,ML281428,P1
281836,brhthr1,Turdus chrysolaus,アカハラ,4.5,2,"置戸町--おけと湖 (Oketo--Lake Oketo), Oketo, Hokkaido, Japan",2 Jun 2015,Peter Boesman,43.6144,143.37,Japan,True,ML281836,P1
281840,brhthr1,Turdus chrysolaus,アカハラ,3.5,2,"置戸町--おけと湖 (Oketo--Lake Oketo), Oketo, Hokkaido, Japan",2 Jun 2015,Peter Boesman,43.6144,143.37,Japan,True,ML281840,P1
281841,brhthr1,Turdus chrysolaus,アカハラ,3.0,1,"置戸町--おけと湖 (Oketo--Lake Oketo), Oketo, Hokkaido, Japan",2 Jun 2015,Peter Boesman,43.6144,143.37,Japan,True,ML281841,P1
281843,brhthr1,Turdus chrysolaus,アカハラ,4.0,2,"置戸町--おけと湖 (Oketo--Lake Oketo), Oketo, Hokkaido, Japan",2 Jun 2015,Peter Boesman,43.6144,143.37,Japan,True,ML281843,P1
285983121,brhthr1,Turdus chrysolaus,アカハラ,3.0,2,"高雄--旗津舊高字塔(Kaohsiung--Qijin VTC Tower), Kaohsiung City, Taiwan",7 Dec 2020,志民 蘇,22.554,120.3146,Taiwan,False,ML285983121,P1
287115861,brhthr1,Turdus chrysolaus,アカハラ,3.0,1,"金門--斗門登山古道(Kinmen--Doumen Hiking Trail), Kinmen County, Taiwan",26 Nov 2020,Ting-Wei (廷維) HUNG (洪),24.4649,118.4084,Taiwan,False,ML287115861,P1
294648681,brhthr1,Turdus chrysolaus,アカハラ,3.0,2,"南投--集集農業部生物多樣性研究所(Nantou--Jiji Taiwan Biodiversity Research Institute), Nantou County, Taiwan",5 Jan 2021,Zhao-Hui(釗輝) LIN(林),23.8275,120.801,Taiwan,False,ML294648681,P1
295927491,brhthr1,Turdus chrysolaus,アカハラ,2.0,1,"高雄--澄清湖(Kaohsiung--Chenching Lake), Kaohsiung City, Taiwan",8 Jan 2021,志民 蘇,22.661,120.3527,Taiwan,False,ML295927491,P1
304708501,brhthr1,Turdus chrysolaus,アカハラ,2.0,1,"高雄--澄清湖(Kaohsiung--Chenching Lake), Kaohsiung City, Taiwan",6 Feb 2021,志民 蘇,22.661,120.3527,Taiwan,False,ML304708501,P1
324999151,brhthr1,Turdus chrysolaus,アカハラ,3.0,1,"金門--慈湖烏沙頭(Kinmen--Lake Ci Wusatou), Kinmen County, Taiwan",11 Apr 2021,Ting-Wei (廷維) HUNG (洪),24.4704,118.2916,Taiwan,False,ML324999151,P1
325000301,brhthr1,Turdus chrysolaus,アカハラ,2.0,1,"金門--慈湖烏沙頭(Kinmen--Lake Ci Wusatou), Kinmen County, Taiwan",11 Apr 2021,Ting-Wei (廷維) HUNG (洪),24.4704,118.2916,Taiwan,False,ML325000301,P1
358456681,brhthr1,Turdus chrysolaus,アカハラ,4.0,3,"日光市--戦場ヶ原 (Nikko--Senjogahara Moor), Nikko, Tochigi, Japan",2 Jun 2018,yasuhiro kojima,36.7763,139.4393,Japan,True,ML358456681,P1
405575041,brhthr1,Turdus chrysolaus,アカハラ,3.0,1,"Pannzian Beach and Mountain Resort, Pagudpud, Ilocos Norte, Philippines",3 Jan 2022,Robert Hutchinson / Birdtour Asia,18.5608,120.9182,Philippines,False,ML405575041,P1
405575051,brhthr1,Turdus chrysolaus,アカハラ,3.0,1,"Pannzian Beach and Mountain Resort, Pagudpud, Ilocos Norte, Philippines",3 Jan 2022,Robert Hutchinson / Birdtour Asia,18.5608,120.9182,Philippines,False,ML405575051,P1
409451631,brhthr1,Turdus chrysolaus,アカハラ,3.0,1,"86 中華路一段, 鹿野鄉, TW (22.896, 121.094)-盈家溫泉, Taitung County, Taiwan",23 Jan 2022,jason wu,22.8959,121.0941,Taiwan,False,ML409451631,P1
411545991,brhthr1,Turdus chrysolaus,アカハラ,1.0,1,"中大公園, Taoyuan City, Taiwan",31 Jan 2022,You-Sheng Lin,24.9274,121.28,Taiwan,False,ML411545991,P1
427254251,brhthr1,Turdus chrysolaus,アカハラ,4.0,2,"高雄--鳳山鳳凰山(Kaohsiung--Fengshan Fenghuang Hill), Kaohsiung City, Taiwan",19 Mar 2022,志民 蘇,22.6158,120.3763,Taiwan,False,ML427254251,P1
427783411,brhthr1,Turdus chrysolaus,アカハラ,3.5,2,"金門--慈湖烏沙頭(Kinmen--Lake Ci Wusatou), Kinmen County, Taiwan",21 Mar 2022,Ting-Wei (廷維) HUNG (洪),24.4704,118.2916,Taiwan,False,ML427783411,P1
428475141,brhthr1,Turdus chrysolaus,アカハラ,4.5,2,"台東知本濕地IBA--全區(Zhiben Wetland IBA--All Area), Taitung County, Taiwan",25 Mar 2022,jason wu,22.6919,121.0653,Taiwan,False,ML428475141,P1
432242691,brhthr1,Turdus chrysolaus,アカハラ,1.0,2,"TW-台東縣-卑南鄉-20 賓朗路517巷 - 22.808x121.091, Taitung County, Taiwan",5 Apr 2022,jason wu,22.8076,121.0908,Taiwan,False,ML432242691,P1
460115621,brhthr1,Turdus chrysolaus,アカハラ,4.0,2,"長野市--戸隠森林植物園 (Nagano--Togakushi Forest Park), Nagano, Nagano, Japan",14 Jun 2022,Joye Zhou,36.7566,138.0717,Japan,True,ML460115621,P1
514114841,brhthr1,Turdus chrysolaus,アカハラ,4.333333333333333,3,"台北--貢寮德心宮(Taipei--Gongliao Dexin Temple), New Taipei City, Taiwan",18 Dec 2022,Chi-Hsuan Shao,25.016,121.9184,Taiwan,False,ML514114841,P1
514114851,brhthr1,Turdus chrysolaus,アカハラ,3.0,2,"台北--貢寮德心宮(Taipei--Gongliao Dexin Temple), New Taipei City, Taiwan",18 Dec 2022,Chi-Hsuan Shao,25.016,121.9184,Taiwan,False,ML514114851,P1
520470601,brhthr1,Turdus chrysolaus,アカハラ,3.3333333333333335,3,"高雄--國家體育場生態園區(Kaohsiung--National Stadium Ecological Park), Kaohsiung City, Taiwan",4 Jan 2023,Yi-Cheng Chen,22.7017,120.2965,Taiwan,False,ML520470601,P1
521226771,brhthr1,Turdus chrysolaus,アカハラ,2.0,1,"台東縣大武地區－ TW (22.357, 120.898), Taitung County, Taiwan",31 Dec 2022,jason wu,22.357,120.8977,Taiwan,False,ML521226771,P1
527677901,brhthr1,Turdus chrysolaus,アカハラ,3.0,1,"竹南濕地, Miaoli County, Taiwan",24 Jan 2023,Sheng Wun Jheng,24.675,120.8349,Taiwan,False,ML527677901,P1
528310461,brhthr1,Turdus chrysolaus,アカハラ,2.5,2,"交通部觀光局東管處花蓮管理站(遊客中心), Hualien County, Taiwan",25 Jan 2023,jason wu,23.9049,121.6021,Taiwan,False,ML528310461,P1
528939741,brhthr1,Turdus chrysolaus,アカハラ,3.0,1,"花蓮--國立東華大學(Hualien--National Dong Hwa University), Hualien County, Taiwan",28 Jan 2023,Sheng Wun Jheng,23.8989,121.5459,Taiwan,False,ML528939741,P1
529757161,brhthr1,Turdus chrysolaus,アカハラ,2.0,1,"86 中華路一段, 鹿野鄉, TW (22.896, 121.094)-盈家溫泉, Taitung County, Taiwan",28 Jan 2023,jason wu,22.8959,121.0941,Taiwan,False,ML529757161,P1
538230101,brhthr1,Turdus chrysolaus,アカハラ,5.0,2,"花蓮縣壽豐鄉豐裡村忠孝街南段, Hualien County, Taiwan",22 Feb 2023,Sheng Wun Jheng,23.8361,121.4958,Taiwan,False,ML538230101,P1
548911741,brhthr1,Turdus chrysolaus,アカハラ,3.0,1,"台北--新海第三期人工濕地(Taipei--Xinhai Constructed Wetland Third Phase), New Taipei City, Taiwan",24 Mar 2023,Yu-Lian Shen,25.0232,121.4481,Taiwan,False,ML548911741,P1
549197781,brhthr1,Turdus chrysolaus,アカハラ,1.0,1,"台中--吉峰公園(Taichung--Jifeng Park), Taichung City, Taiwan",15 Mar 2023,Cheng-Ru Tsai,24.079,120.7231,Taiwan,False,ML549197781,P1
550153731,brhthr1,Turdus chrysolaus,アカハラ,3.5,2,"高雄--衛武營都會公園(Kaohsiung--Weiwuying Metropolitan Park), Kaohsiung City, Taiwan",21 Mar 2023,志民 蘇,22.6212,120.3391,Taiwan,False,ML550153731,P1
560667741,brhthr1,Turdus chrysolaus,アカハラ,4.0,2,"台北--國立臺灣大學校總區(Taipei--National Taiwan University Main Campus), Taipei City, Taiwan",18 Mar 2023,RIIO LU,25.0173,121.5399,Taiwan,False,ML560667741,P1
561523921,brhthr1,Turdus chrysolaus,アカハラ,3.5,2,"笛吹市--どんべえ峠 (Fuefuki--Donbe Pass), Fuefuki, Yamanashi, Japan",23 Apr 2023,英樹 關本,35.5627,138.7396,Japan,True,ML561523921,P1
571544391,brhthr1,Turdus chrysolaus,アカハラ,2.5,2,"札幌市--北海道大学 (Sapporo--Hokkaido University), Sapporo, Hokkaido, Japan",14 May 2023,Akinori Miura,43.0783,141.3406,Japan,True,ML571544391,P1
573199071,brhthr1,Turdus chrysolaus,アカハラ,2.5,2,"茨城県阿見町ふれあいの森（Ami—Ami Fureai park）, Ami, Ibaraki, Japan",14 May 2023,Takayuki Uchida,36.0056,140.2258,Japan,True,ML573199071,P1
576913141,brhthr1,Turdus chrysolaus,アカハラ,3.0,2,"仙台市--青葉山公園 / 仙台城跡 (Sendai--Aobayama Park / Sendai Castle Site), Sendai, Miyagi, Japan",25 May 2023,Anonymous,38.2533,140.8565,Japan,True,ML576913141,P1
576929161,brhthr1,Turdus chrysolaus,アカハラ,2.5,2,"仙台市--青葉山公園 / 仙台城跡 (Sendai--Aobayama Park / Sendai Castle Site), Sendai, Miyagi, Japan",25 May 2023,Anonymous,38.2533,140.8565,Japan,True,ML576929161,P1
593527941,brhthr1,Turdus chrysolaus,アカハラ,4.0,2,"Kushiro--Akan Forest Road, Kushiro, Hokkaido, Japan",5 Jun 2023,Simon Colenutt,43.1228,144.1011,Japan,True,ML593527941,P1
593527951,brhthr1,Turdus chrysolaus,アカハラ,5.0,2,"Kushiro--Akan Forest Road, Kushiro, Hokkaido, Japan",5 Jun 2023,Simon Colenutt,43.1228,144.1011,Japan,True,ML593527951,P1
594466881,brhthr1,Turdus chrysolaus,アカハラ,5.0,2,"富士河口湖町--三ツ峠登山口, Fujikawaguchiko, Yamanashi, Japan",15 Jul 2023,英樹 關本,35.5563,138.7955,Japan,True,ML594466881,P1
598317401,brhthr1,Turdus chrysolaus,アカハラ,4.666666666666667,3,"大月市--真木小金沢林道, Otsuki, Yamanashi, Japan",29 Jul 2023,英樹 關本,35.6407,138.8839,Japan,True,ML598317401,P1
598420871,brhthr1,Turdus chrysolaus,アカハラ,4.0,3,"台北--國立臺灣大學實驗農場/生態池(Taipei--NTU Experimental Farm/Ecological Pond), Taipei City, Taiwan",27 Apr 2023,u7 Liao,25.0156,121.5402,Taiwan,False,ML598420871,P1
602243591,brhthr1,Turdus chrysolaus,アカハラ,2.5,2,"鳴沢村--富士山--スバルライン五合目 (Narusawa--Mount Fuji--Subaru Line 5th Station), Fujiyoshida, Yamanashi, Japan",30 Jul 2023,yasuhiro kojima,35.3945,138.7333,Japan,True,ML602243591,P1
609064184,brhthr1,Turdus chrysolaus,アカハラ,2.5,2,"Mt. Polis, Ifugao, Philippines",28 Nov 2009,Pam Rasmussen,16.966,121.0269,Philippines,False,ML609064184,P1
609064186,brhthr1,Turdus chrysolaus,アカハラ,3.5,2,"Mt. Polis, Ifugao, Philippines",28 Nov 2009,Pam Rasmussen,16.966,121.0269,Philippines,False,ML609064186,P1
609064187,brhthr1,Turdus chrysolaus,アカハラ,4.0,2,"Mt. Polis, Ifugao, Philippines",28 Nov 2009,Pam Rasmussen,16.966,121.0269,Philippines,False,ML609064187,P1
609064188,brhthr1,Turdus chrysolaus,アカハラ,2.0,2,"Mt. Polis, Ifugao, Philippines",28 Nov 2009,Pam Rasmussen,16.966,121.0269,Philippines,False,ML609064188,P1
609070611,brhthr1,Turdus chrysolaus,アカハラ,4.0,2,"Mount Pulog, Benguet, Philippines",2 Jan 1997,Philippe Verbelen,16.58,120.88,Philippines,False,ML609070611,P1
612577776,brhthr1,Turdus chrysolaus,アカハラ,1.0,1,"弟子屈町--屈斜路 (Teshikaga--Kussharo (area)), Teshikaga, Hokkaido, Japan",4 May 2022,Anonymous,43.5557,144.3234,Japan,True,ML612577776,P1
616414967,brhthr1,Turdus chrysolaus,アカハラ,5.0,2,"高雄--衛武營都會公園(Kaohsiung--Weiwuying Metropolitan Park), Kaohsiung City, Taiwan",24 Mar 2024,Chi-Hsuan Shao,22.6212,120.3391,Taiwan,False,ML616414967,P1
616609890,brhthr1,Turdus chrysolaus,アカハラ,1.0,1,"高雄--衛武營都會公園(Kaohsiung--Weiwuying Metropolitan Park), Kaohsiung City, Taiwan",24 Mar 2024,Jhih-Wei (志偉) TSAI (蔡),22.6212,120.3391,Taiwan,False,ML616609890,P1
616609974,brhthr1,Turdus chrysolaus,アカハラ,4.5,2,"高雄--衛武營都會公園(Kaohsiung--Weiwuying Metropolitan Park), Kaohsiung City, Taiwan",24 Mar 2024,Jhih-Wei (志偉) TSAI (蔡),22.6212,120.3391,Taiwan,False,ML616609974,P1
616765681,brhthr1,Turdus chrysolaus,アカハラ,1.0,1,"臺東縣成功鎮信義里新村路都歷東管處本部, Taitung County, Taiwan",1 Apr 2024,jason wu,23.0199,121.3241,Taiwan,False,ML616765681,P1
616765884,brhthr1,Turdus chrysolaus,アカハラ,4.0,2,"高雄--衛武營都會公園(Kaohsiung--Weiwuying Metropolitan Park), Kaohsiung City, Taiwan",29 Mar 2024,志民 蘇,22.6212,120.3391,Taiwan,False,ML616765884,P1
616765885,brhthr1,Turdus chrysolaus,アカハラ,3.5,2,"高雄--衛武營都會公園(Kaohsiung--Weiwuying Metropolitan Park), Kaohsiung City, Taiwan",29 Mar 2024,志民 蘇,22.6212,120.3391,Taiwan,False,ML616765885,P1
617256722,brhthr1,Turdus chrysolaus,アカハラ,3.5,2,"臺東縣成功鎮信義里新村路都歷東管處本部, Taitung County, Taiwan",12 Apr 2024,jason wu,23.0199,121.3241,Taiwan,False,ML617256722,P1
619874711,brhthr1,Turdus chrysolaus,アカハラ,4.5,2,"十和田市--十和田八幡平国立公園--蔦沼池 (Towada--Towada-Hachimantai NP--Tsutanuma Pond), Towada, Aomori, Japan",9 May 2024,Xiaoni Xu,40.5997,140.951,Japan,True,ML619874711,P1
619904597,brhthr1,Turdus chrysolaus,アカハラ,4.5,2,"日光市--戦場ヶ原 (Nikko--Senjogahara Moor), Nikko, Tochigi, Japan",19 May 2024,Kasia & Takashi Someya,36.7763,139.4393,Japan,True,ML619904597,P1
620439197,brhthr1,Turdus chrysolaus,アカハラ,3.0,2,"日光市--湯元温泉 (Nikko--Yumoto Hot Spring), Nikko, Tochigi, Japan",15 Jun 2024,yasuhiro kojima,36.8081,139.4248,Japan,True,ML620439197,P1
620461268,brhthr1,Turdus chrysolaus,アカハラ,4.0,2,"日光市--湯元温泉 (Nikko--Yumoto Hot Spring), Nikko, Tochigi, Japan",16 Jun 2024,yasuhiro kojima,36.8081,139.4248,Japan,True,ML620461268,P1
620548914,brhthr1,Turdus chrysolaus,アカハラ,2.5,2,"日光市--戦場ヶ原--赤沼 (Nikko--Senjogahara Moor--Akanuma), Nikko, Tochigi, Japan",16 Jun 2024,Takayuki Uchida,36.7709,139.4484,Japan,True,ML620548914,P1
620633272,brhthr1,Turdus chrysolaus,アカハラ,4.0,2,"日光市--湯元温泉 (Nikko--Yumoto Hot Spring), Nikko, Tochigi, Japan",16 Jun 2024,yasuhiro kojima,36.8081,139.4248,Japan,True,ML620633272,P1
620745363,brhthr1,Turdus chrysolaus,アカハラ,3.0,2,"長野市--戸隠森林植物園·みどりヶ池 (Nagano--Togakushi Forest Botanical Garden / Midorigaike Pond), Nagano, Nagano, Japan",11 Jun 2023,yasuhiro kojima,36.7524,138.0766,Japan,True,ML620745363,P1
620782360,brhthr1,Turdus chrysolaus,アカハラ,2.5,2,"鳴沢村--富士山--スバルライン五合目 (Narusawa--Mount Fuji--Subaru Line 5th Station), Fujiyoshida, Yamanashi, Japan",30 Jul 2023,yasuhiro kojima,35.3945,138.7333,Japan,True,ML620782360,P1
620785163,brhthr1,Turdus chrysolaus,アカハラ,2.0,2,"静岡県-裾野市-弁当場　（Bento-ba ）, Susono, Shizuoka, Japan",22 Jun 2024,yasuhiro kojima,35.2824,138.7944,Japan,True,ML620785163,P1
621002641,brhthr1,Turdus chrysolaus,アカハラ,4.5,2,"山梨市--水ヶ森林道, Yamanashi, Yamanashi, Japan",29 Jun 2024,英樹 關本,35.7357,138.5995,Japan,True,ML621002641,P1
621368838,brhthr1,Turdus chrysolaus,アカハラ,4.0,2,"Shojiguchi Trail, Narusawa, Narusawa, Yamanashi, Japan",11 Jul 2024,www.aladdin .st,35.4353,138.6795,Japan,True,ML621368838,P1
621368839,brhthr1,Turdus chrysolaus,アカハラ,2.5,2,"Shojiguchi Trail, Narusawa, Narusawa, Yamanashi, Japan",11 Jul 2024,www.aladdin .st,35.4353,138.6795,Japan,True,ML621368839,P1
621840570,brhthr1,Turdus chrysolaus,アカハラ,3.0,2,"Fuji-Hakone-Izu National Park, Narusawa JP-Yamanashi 35.42277, 138.67138, Narusawa, Yamanashi, Japan",24 Jul 2024,Yann Muzika,35.4228,138.6714,Japan,True,ML621840570,P1
621840571,brhthr1,Turdus chrysolaus,アカハラ,4.5,2,"Fuji-Hakone-Izu National Park, Narusawa JP-Yamanashi 35.42277, 138.67138, Narusawa, Yamanashi, Japan",24 Jul 2024,Yann Muzika,35.4228,138.6714,Japan,True,ML621840571,P1
626275286,brhthr1,Turdus chrysolaus,アカハラ,2.0,2,"Xihu_LT05, Miaoli County, Taiwan",15 Nov 2024,Shih-Chun Huang,24.6074,120.7279,Taiwan,False,ML626275286,P1
627006495,brhthr1,Turdus chrysolaus,アカハラ,3.0,3,"台東縣,台東市,岩灣里,北安路,水圳公園刺桐區(通幽石碑)-TW (22.802, 121.132), Taitung County, Taiwan",1 Dec 2024,jason wu,22.8022,121.1319,Taiwan,False,ML627006495,P1
627207866,brhthr1,Turdus chrysolaus,アカハラ,4.0,3,"高雄--旗津舊高字塔(Kaohsiung--Qijin VTC Tower), Kaohsiung City, Taiwan",5 Dec 2024,志民 蘇,22.554,120.3146,Taiwan,False,ML627207866,P1
627456354,brhthr1,Turdus chrysolaus,アカハラ,3.0,1,"臺東縣成功鎮信義里新村路都歷東管處本部, Taitung County, Taiwan",13 Dec 2024,jason wu,23.0199,121.3241,Taiwan,False,ML627456354,P1
627725432,brhthr1,Turdus chrysolaus,アカハラ,1.0,1,"台東縣大武鄉金龍湖, Taitung County, Taiwan",14 Dec 2024,jason wu,22.352,120.8904,Taiwan,False,ML627725432,P1
628401922,brhthr1,Turdus chrysolaus,アカハラ,2.0,1,"86 中華路一段, 鹿野鄉, TW (22.896, 121.094)-盈家溫泉, Taitung County, Taiwan",1 Jan 2025,jason wu,22.8959,121.0941,Taiwan,False,ML628401922,P1
628402864,brhthr1,Turdus chrysolaus,アカハラ,1.0,1,"臺東縣成功鎮信義里新村路都歷東管處本部, Taitung County, Taiwan",2 Jan 2025,jason wu,23.0199,121.3241,Taiwan,False,ML628402864,P1
628891463,brhthr1,Turdus chrysolaus,アカハラ,2.0,2,"花蓮縣壽豐鄉豐裡村文化街, Hualien County, Taiwan",5 Jan 2025,Sheng Wun Jheng,23.8454,121.5113,Taiwan,False,ML628891463,P1
630255472,brhthr1,Turdus chrysolaus,アカハラ,3.0,1,"基隆--海洋大學(Keelung--National Taiwan Ocean University), Keelung City, Taiwan",17 Dec 2024,金木 鱸魚,25.1502,121.7746,Taiwan,False,ML630255472,P1
630934064,brhthr1,Turdus chrysolaus,アカハラ,3.0,1,"花蓮縣壽豐鄉豐裡國小, Hualien County, Taiwan",16 Feb 2025,Sheng Wun Jheng,23.8423,121.5075,Taiwan,False,ML630934064,P1
630934382,brhthr1,Turdus chrysolaus,アカハラ,2.0,1,"花蓮縣壽豐鄉豐裡國小, Hualien County, Taiwan",19 Feb 2025,Sheng Wun Jheng,23.8423,121.5075,Taiwan,False,ML630934382,P1
631907849,brhthr1,Turdus chrysolaus,アカハラ,2.0,1,"南投--清境農場國民賓館(Nantou--Qingjing Farm Guesthouse), Nantou County, Taiwan",24 Feb 2025,Mark Robbins,24.0428,121.1564,Taiwan,False,ML631907849,P1
632256916,brhthr1,Turdus chrysolaus,アカハラ,0.0,0,"Forested slope behind tower, Batanes, Philippines",10 Mar 2025,Justine Albao,20.7937,121.8395,Philippines,False,ML632256916,P1
632433121,brhthr1,Turdus chrysolaus,アカハラ,0.0,0,"高雄--旗津舊高字塔(Kaohsiung--Qijin VTC Tower), Kaohsiung City, Taiwan",21 Mar 2025,任謙 黃,22.554,120.3146,Taiwan,False,ML632433121,P1
632434927,brhthr1,Turdus chrysolaus,アカハラ,0.0,0,"Riprapped road to farms, Batanes, Philippines",8 Mar 2025,Justine Albao,20.7955,121.8407,Philippines,False,ML632434927,P1
632587721,brhthr1,Turdus chrysolaus,アカハラ,0.0,0,"台北--國立臺灣博物館, Taipei City, Taiwan",23 Mar 2025,Ting-Wei (廷維) HUNG (洪),25.0425,121.5151,Taiwan,False,ML632587721,P1
632962252,brhthr1,Turdus chrysolaus,アカハラ,2.0,1,"慈濟台東精舍, TW (22.766, 121.148), Taitung County, Taiwan",30 Mar 2025,jason wu,22.7662,121.1484,Taiwan,False,ML632962252,P1
633841902,brhthr1,Turdus chrysolaus,アカハラ,0.0,0,"横浜市--横浜自然観察の森 (Yokohama--Yokohama Nature Sanctuary), Yokohama, Kanagawa, Japan",13 Apr 2025,K Okubo,35.3389,139.5858,Japan,True,ML633841902,P1
635003534,brhthr1,Turdus chrysolaus,アカハラ,5.0,2,"上川町--層雲峡園地 (Kamikawa--Sounkyo Park), Kamikawa, Hokkaido, Japan",4 May 2025,Markus Jacobs,43.7276,142.9506,Japan,True,ML635003534,P1
636424754,brhthr1,Turdus chrysolaus,アカハラ,0.0,0,"松本市--上高地--大正池 (Matsumoto--Kamikochi--Taisho Pond), Matsumoto, Nagano, Japan",22 May 2025,yasuhiro kojima,36.2296,137.6192,Japan,True,ML636424754,P1
636867225,brhthr1,Turdus chrysolaus,アカハラ,5.0,1,"울산--대왕암공원(Ulsan--Daewangam Park), Ulsan, South Korea",1 Jun 2025,Seung hyun Lee,35.4889,129.4371,South Korea,True,ML636867225,P1
638173720,brhthr1,Turdus chrysolaus,アカハラ,3.0,1,"中標津町--養老牛温泉 (Nakashibetsu--Yoroushi Hot Spring), Nakashibetsu, Hokkaido, Japan",27 Jun 2025,Rajan Rao,43.5876,144.7223,Japan,True,ML638173720,P1
638416575,brhthr1,Turdus chrysolaus,アカハラ,4.5,2,"Chichibu-Tama-Kai National Park, Koshu JP-Yamanashi 35.83741, 138.82230, Koshu, Yamanashi, Japan",3 Jul 2025,Yann Muzika,35.8374,138.8223,Japan,True,ML638416575,P1
638891109,brhthr1,Turdus chrysolaus,アカハラ,0.0,0,"信濃町--戸隠牧場 (Shinano--Tokagushi Ranch), Nagano, Nagano, Japan",29 Jun 2025,Takashi Wada,36.7749,138.086,Japan,True,ML638891109,P1
639218914,brhthr1,Turdus chrysolaus,アカハラ,4.0,1,"Fujisan Sky Line, Fuji JP-Shizuoka 35.31415, 138.73653, Fuji, Shizuoka, Japan",26 May 2025,Clive Harris,35.3142,138.7365,Japan,True,ML639218914,P1
639659393,brhthr1,Turdus chrysolaus,アカハラ,0.0,0,"南投--集集農業部生物多樣性研究所(Nantou--Jiji Taiwan Biodiversity Research Institute), Nantou County, Taiwan",9 Apr 2021,承恩 (Cheng-En) 謝 (HSIEH),23.8275,120.801,Taiwan,False,ML639659393,P1
640215739,brhthr1,Turdus chrysolaus,アカハラ,0.0,0,"熊本市--立田山 (Kumamoto--Mount Tatsuta), Kumamoto, Kumamoto, Japan",10 May 2003,Nagahisa MIta,32.8266,130.7313,Japan,True,ML640215739,P1
640346685,brhthr1,Turdus chrysolaus,アカハラ,0.0,0,"高雄--旗津舊高字塔(Kaohsiung--Qijin VTC Tower), Kaohsiung City, Taiwan",3 Feb 2025,Jill Tseng,22.554,120.3146,Taiwan,False,ML640346685,P1
640347074,brhthr1,Turdus chrysolaus,アカハラ,0.0,0,"高雄--旗津舊高字塔(Kaohsiung--Qijin VTC Tower), Kaohsiung City, Taiwan",3 Feb 2025,Jill Tseng,22.554,120.3146,Taiwan,False,ML640347074,P1
644308125,brhthr1,Turdus chrysolaus,アカハラ,0.0,0,"小山町--富士山--小富士山 (Oyama--Mount Fuji--Mount Kofuji), Oyama, Shizuoka, Japan",29 Jul 2025,Bo Zhi,35.3724,138.7814,Japan,True,ML644308125,P1
644308192,brhthr1,Turdus chrysolaus,アカハラ,0.0,0,"小山町--富士山--小富士山 (Oyama--Mount Fuji--Mount Kofuji), Oyama, Shizuoka, Japan",29 Jul 2025,Bo Zhi,35.3724,138.7814,Japan,True,ML644308192,P1
644308599,brhthr1,Turdus chrysolaus,アカハラ,0.0,0,"小山町--富士山--小富士山 (Oyama--Mount Fuji--Mount Kofuji), Oyama, Shizuoka, Japan",29 Jul 2025,Bo Zhi,35.3724,138.7814,Japan,True,ML644308599,P1
650350474,brhthr1,Turdus chrysolaus,アカハラ,0.0,0,"石垣市--林道嵩田線 (Ishigaki--Kasada Forest Road), Ishigaki, Okinawa, Japan",6 Feb 2026,Jonathan Woods,24.4052,124.1871,Japan,True,ML650350474,P1
90546971,brhthr1,Turdus chrysolaus,アカハラ,3.0,3,"南投--集集農業部生物多樣性研究所(Nantou--Jiji Taiwan Biodiversity Research Institute), Nantou County, Taiwan",16 Mar 2018,Jhih-Wei (志偉) TSAI (蔡),23.8275,120.801,Taiwan,False,ML90546971,P1
91095311,brhthr1,Turdus chrysolaus,アカハラ,3.25,4,"Jiji--BBSA3326-7, Nantou County, Taiwan",10 Mar 2006,Scott (瑞興) LIN(林),23.8318,120.7948,Taiwan,False,ML91095311,P1
91671771,brhthr1,Turdus chrysolaus,アカハラ,3.6666666666666665,3,"南投--集集農業部生物多樣性研究所(Nantou--Jiji Taiwan Biodiversity Research Institute), Nantou County, Taiwan",28 Mar 2018,Scott (瑞興) LIN(林),23.8275,120.801,Taiwan,False,ML91671771,P1
91711421,brhthr1,Turdus chrysolaus,アカハラ,3.6666666666666665,3,"Jiji--BBSA3326-1, Nantou County, Taiwan",28 Mar 2018,Scott (瑞興) LIN(林),23.8264,120.8024,Taiwan,False,ML91711421,P1
92344591,brhthr1,Turdus chrysolaus,アカハラ,2.6666666666666665,3,"嘉義--番路義德寺 (Chiayi--Fanlu Yite Temple), Chiayi County, Taiwan",31 Mar 2018,Jo-Szu [Ross] (若詩) Tsai (蔡),23.459,120.5225,Taiwan,False,ML92344591,P1
92345681,brhthr1,Turdus chrysolaus,アカハラ,2.6666666666666665,3,"嘉義--番路義德寺 (Chiayi--Fanlu Yite Temple), Chiayi County, Taiwan",1 Apr 2018,Jo-Szu [Ross] (若詩) Tsai (蔡),23.459,120.5225,Taiwan,False,ML92345681,P1
93649671,brhthr1,Turdus chrysolaus,アカハラ,1.3333333333333333,3,"金門--斗門登山古道(Kinmen--Doumen Hiking Trail), Kinmen County, Taiwan",7 Apr 2018,Ting-Wei (廷維) HUNG (洪),24.4649,118.4084,Taiwan,False,ML93649671,P1
94392251,brhthr1,Turdus chrysolaus,アカハラ,2.6666666666666665,3,"嘉義--番路義德寺 (Chiayi--Fanlu Yite Temple), Chiayi County, Taiwan",8 Apr 2018,Jo-Szu [Ross] (若詩) Tsai (蔡),23.459,120.5225,Taiwan,False,ML94392251,P1
136211,brnboo,Sula leucogaster,カツオドリ,2.933333333333333,15,"Dry Tortugas National Park; Hospital Key, Monroe, Florida, United States",16 Mar 2007,Gerrit Vyn,0.0,0.0,United States,False,ML136211,P1
136212,brnboo,Sula leucogaster,カツオドリ,2.8666666666666667,15,"Dry Tortugas National Park; Hospital Key, Monroe, Florida, United States",16 Mar 2007,Gerrit Vyn,0.0,0.0,United States,False,ML136212,P1
247725841,brnboo,Sula leucogaster,カツオドリ,2.933333333333333,15,"Rua Blumenau, Balneário Piçarras BR-SC -26.77377, -48.66930, Balneário Piçarras, Santa Catarina, Brazil",5 Jul 2020,Guilherme Melo,-26.7738,-48.6693,Brazil,False,ML247725841,P1
366586371,brnboo,Sula leucogaster,カツオドリ,2.6666666666666665,15,"BR (-26,766, -48,474), Penha, Santa Catarina, Brazil",29 Aug 2021,Gabriel Leite,-26.7657,-48.4742,Brazil,False,ML366586371,P1
38442,brnboo,Sula leucogaster,カツオドリ,2.0,14,"Mid Cay, Anguilla",12 Apr 1986,Dolly Minis,18.25,-63.1167,Anguilla,False,ML38442,P1
397094811,brnboo,Sula leucogaster,カツオドリ,2.6875,16,"Rail Trail 2, Rota, Rota, Northern Mariana Islands",18 Dec 2021,Trenton Voytko,14.1612,145.2777,Northern Mariana Islands,False,ML397094811,P1
472722951,brnboo,Sula leucogaster,カツオドリ,2.9375,16,"Silah main island, Tabuk, Saudi Arabia",27 Oct 2020,David Darrell-Lambert,27.6525,35.2795,Saudi Arabia,False,ML472722951,P1
472722961,brnboo,Sula leucogaster,カツオドリ,3.125,16,"Silah main island, Tabuk, Saudi Arabia",27 Oct 2020,David Darrell-Lambert,27.6525,35.2795,Saudi Arabia,False,ML472722961,P1
472722981,brnboo,Sula leucogaster,カツオドリ,2.5,14,"Silah main island, Tabuk, Saudi Arabia",27 Oct 2020,David Darrell-Lambert,27.6525,35.2795,Saudi Arabia,False,ML472722981,P1
472722991,brnboo,Sula leucogaster,カツオドリ,2.2857142857142856,14,"Silah main island, Tabuk, Saudi Arabia",27 Oct 2020,David Darrell-Lambert,27.6525,35.2795,Saudi Arabia,False,ML472722991,P1
489813841,brnboo,Sula leucogaster,カツオドリ,2.4285714285714284,14,"宜蘭--東澳外海(Yilan--Dong'ao Pelagic), Yilan County, Taiwan",1 Oct 2022,Jeran Lin,24.4837,122.0264,Taiwan,True,ML489813841,P1
507262101,brnboo,Sula leucogaster,カツオドリ,3.0625,16,"Great Barrier Reef--Michaelmas Cay, Cairns, Queensland, Australia",17 Nov 2022,Zebedee Muller,-16.6061,145.9739,Australia,False,ML507262101,P1
609844839,brnboo,Sula leucogaster,カツオドリ,3.125,16,"At sea 3.42333, 121.46122, Tawi-Tawi, Philippines",9 Oct 2023,Santiago Imberti,3.4233,121.4612,Philippines,False,ML609844839,P1
609844840,brnboo,Sula leucogaster,カツオドリ,2.142857142857143,14,"At sea 3.42333, 121.46122, Tawi-Tawi, Philippines",9 Oct 2023,Santiago Imberti,3.4233,121.4612,Philippines,False,ML609844840,P1
615741780,brnboo,Sula leucogaster,カツオドリ,1.9285714285714286,14,"東北角海域_25.54819, 122.45011, Keelung City, Taiwan",3 Mar 2024,Chi-Hsuan Shao,25.5482,122.4501,Taiwan,True,ML615741780,P1
615741810,brnboo,Sula leucogaster,カツオドリ,1.8666666666666667,15,"東北角海域_25.54819, 122.45011, Keelung City, Taiwan",3 Mar 2024,Chi-Hsuan Shao,25.5482,122.4501,Taiwan,True,ML615741810,P1
623217102,brnboo,Sula leucogaster,カツオドリ,3.1875,16,"Auto selected -26.76569, -48.55400, Penha, Santa Catarina, Brazil",1 Sep 2024,Guilherme Melo,-26.7657,-48.554,Brazil,False,ML623217102,P1
626898820,brnboo,Sula leucogaster,カツオドリ,2.75,8,"Riy Di Bedoh, Hadramawt, Yemen",31 Oct 2024,Thomas Brooks,12.6528,53.3971,Yemen,False,ML626898820,P1
626898821,brnboo,Sula leucogaster,カツオドリ,2.25,8,"Riy Di Bedoh, Hadramawt, Yemen",31 Oct 2024,Thomas Brooks,12.6528,53.3971,Yemen,False,ML626898821,P1
627395840,brnboo,Sula leucogaster,カツオドリ,1.75,8,"Auto selected 21.65651, -76.33176, Las Tunas, Cuba",9 Dec 2024,Anonymous,21.6565,-76.3318,Cuba,False,ML627395840,P1
629079354,brnboo,Sula leucogaster,カツオドリ,2.5,8,"Great Barrier Reef--Michaelmas Cay, Cairns, Queensland, Australia",13 Jan 2025,Susan Inglis,-16.6061,145.9739,Australia,False,ML629079354,P1
632805681,brnboo,Sula leucogaster,カツオドリ,1.2222222222222223,9,"Las Salinas, Cabo Rojo, Puerto Rico",17 Mar 2025,Eugene Huryn,17.9395,-67.1924,Puerto Rico,False,ML632805681,P1
636286473,brnboo,Sula leucogaster,カツオドリ,3.75,4,"Pulau Perak, Kedah, Malaysia",19 May 2025,Lim Ying Hien,5.6835,98.939,Malaysia,False,ML636286473,P1
636286480,brnboo,Sula leucogaster,カツオドリ,1.0,4,"Pulau Perak, Kedah, Malaysia",19 May 2025,Lim Ying Hien,5.6835,98.939,Malaysia,False,ML636286480,P1
638616429,brnboo,Sula leucogaster,カツオドリ,3.0,3,"PN Morrocoy--Cayo Paicla, Falcón, Venezuela",10 Jun 2025,Francisco Russo,10.8158,-68.266,Venezuela,False,ML638616429,P1
638616430,brnboo,Sula leucogaster,カツオドリ,2.6666666666666665,3,"PN Morrocoy--Cayo Paicla, Falcón, Venezuela",10 Jun 2025,Francisco Russo,10.8158,-68.266,Venezuela,False,ML638616430,P1
640329373,brnboo,Sula leucogaster,カツオドリ,2.5,2,"Carnival Cruise Valor 8.13.25 Leg 19 of 35, Plaquemines, Louisiana, United States",13 Aug 2025,James (Jim) Holmes,27.0315,-89.3126,United States,False,ML640329373,P1
640329433,brnboo,Sula leucogaster,カツオドリ,2.5,2,"Carnival Cruise Valor 8.13.25 Leg 20 of 35, Plaquemines, Louisiana, United States",13 Aug 2025,James (Jim) Holmes,27.1035,-89.3167,United States,False,ML640329433,P1
640329487,brnboo,Sula leucogaster,カツオドリ,3.0,3,"Carnival Cruise Valor 8.13.25 Leg 17 of 35, Plaquemines, Louisiana, United States",13 Aug 2025,James (Jim) Holmes,26.8736,-89.3033,United States,False,ML640329487,P1
640329527,brnboo,Sula leucogaster,カツオドリ,3.75,4,"Carnival Cruise Valor 8.13.25 Leg 18 of 35, Plaquemines, Louisiana, United States",13 Aug 2025,James (Jim) Holmes,26.9604,-89.3083,United States,False,ML640329527,P1
640329625,brnboo,Sula leucogaster,カツオドリ,3.6666666666666665,3,"Carnival Cruise Valor 8.13.25 Leg 28 of 35, Plaquemines, Louisiana, United States",13 Aug 2025,James (Jim) Holmes,27.7562,-89.3546,United States,False,ML640329625,P1
640329672,brnboo,Sula leucogaster,カツオドリ,4.0,4,"Carnival Cruise Valor 8.13.25 Leg 28 of 35, Plaquemines, Louisiana, United States",13 Aug 2025,James (Jim) Holmes,27.7562,-89.3546,United States,False,ML640329672,P1
640329763,brnboo,Sula leucogaster,カツオドリ,3.6666666666666665,3,"Carnival Cruise Valor 8.13.25 Leg 29 of 35, Plaquemines, Louisiana, United States",13 Aug 2025,James (Jim) Holmes,27.8283,-89.3661,United States,False,ML640329763,P1
640329768,brnboo,Sula leucogaster,カツオドリ,4.0,5,"Carnival Cruise Valor 8.13.25 Leg 29 of 35, Plaquemines, Louisiana, United States",13 Aug 2025,James (Jim) Holmes,27.8283,-89.3661,United States,False,ML640329768,P1
640584382,brnboo,Sula leucogaster,カツオドリ,3.5,6,"Kahana Lookout, 'Eua, Tonga",10 Aug 2025,Ulises Cabrera Miranda,-21.3037,-174.9179,Tonga,False,ML640584382,P1
77120721,brnboo,Sula leucogaster,カツオドリ,3.066666666666667,15,"Travessia marítima entre Peniche e as Berlengas (saídas pelágicas), Peniche, Leiria, Portugal",3 Dec 2017,João Tomás,39.3903,-9.4656,Portugal,False,ML77120721,P1
77122761,brnboo,Sula leucogaster,カツオドリ,3.2,15,"Travessia marítima entre Peniche e as Berlengas (saídas pelágicas), Peniche, Leiria, Portugal",3 Dec 2017,João Tomás,39.3903,-9.4656,Portugal,False,ML77122761,P1
101991,brnnod,Anous stolidus,クロアジサシ,2.75,4,Seychelles,13 Jun 1991,Ian Sinclair,0.0,0.0,Seychelles,False,ML101991,P1
117673,brnnod,Anous stolidus,クロアジサシ,3.0,4,,21 Apr 1985,Ted Miller,0.0,0.0,,False,ML117673,P1
134170,brnnod,Anous stolidus,クロアジサシ,3.0,5,"Dry Tortugas National Park; Long Key, Monroe, Florida, United States",16 Mar 2007,Gerrit Vyn,0.0,0.0,United States,False,ML134170,P1
139974,brnnod,Anous stolidus,クロアジサシ,2.8,5,"5.8 km E of Kolonia, Village Hotel, Pohnpei, Micronesia",5 Apr 2007,Doug Pratt,6.9691,158.2651,Micronesia,False,ML139974,P1
154251741,brnnod,Anous stolidus,クロアジサシ,1.75,4,"Dry Tortugas NP--Garden Key, Monroe, Florida, United States",25 Apr 2019,robert bowker,24.6276,-82.8728,United States,False,ML154251741,P1
167711,brnnod,Anous stolidus,クロアジサシ,2.0,4,"L'Ile Cocos, Rodrigues Island, Mauritius",11 Jun 2010,Jon Erickson,-19.4308,63.1802,Mauritius,False,ML167711,P1
167717,brnnod,Anous stolidus,クロアジサシ,2.0,4,"L'Ile Cocos, Rodrigues Island, Mauritius",15 Jun 2010,Jon Erickson,-19.4308,63.1802,Mauritius,False,ML167717,P1
203884781,brnnod,Anous stolidus,クロアジサシ,3.3333333333333335,6,"Raiatea, Leeward Islands, French Polynesia",4 Oct 2010,Joe Angseesing,-16.8478,-151.4216,French Polynesia,False,ML203884781,P1
203897591,brnnod,Anous stolidus,クロアジサシ,3.875,8,"Rangiroa Atoll, Tuamotu-Gambier, French Polynesia",3 Oct 2013,Josep del Hoyo,-15.1066,-147.674,French Polynesia,False,ML203897591,P1
203897781,brnnod,Anous stolidus,クロアジサシ,3.6666666666666665,9,"Tahuna Motu (-17.0285, -149.549), Windward Islands, French Polynesia",22 Sep 2013,Josep del Hoyo,-17.0285,-149.549,French Polynesia,False,ML203897781,P1
203897791,brnnod,Anous stolidus,クロアジサシ,3.875,8,"Tahuna Motu (-17.0285, -149.549), Windward Islands, French Polynesia",22 Sep 2013,Josep del Hoyo,-17.0285,-149.549,French Polynesia,False,ML203897791,P1
238588901,brnnod,Anous stolidus,クロアジサシ,3.0,4,"Rangiroa--Blue Lagoon, Tuamotu-Gambier, French Polynesia",14 Nov 2019,Ron Batie,-15.1321,-147.9323,French Polynesia,False,ML238588901,P1
238594491,brnnod,Anous stolidus,クロアジサシ,3.25,4,"Rangiroa--Blue Lagoon, Tuamotu-Gambier, French Polynesia",14 Nov 2019,Ron Batie,-15.1321,-147.9323,French Polynesia,False,ML238594491,P1
243852591,brnnod,Anous stolidus,クロアジサシ,2.8,5,"Dry Tortugas NP--Garden Key, Monroe, Florida, United States",13 Jun 2020,Natasza Fontaine,24.6276,-82.8728,United States,False,ML243852591,P1
243853011,brnnod,Anous stolidus,クロアジサシ,3.4,5,"Dry Tortugas NP--Garden Key, Monroe, Florida, United States",13 Jun 2020,Natasza Fontaine,24.6276,-82.8728,United States,False,ML243853011,P1
245223181,brnnod,Anous stolidus,クロアジサシ,2.8,5,"Dry Tortugas NP--Garden Key, Monroe, Florida, United States",17 Jun 2020,Daniel Estabrooks,24.6276,-82.8728,United States,False,ML245223181,P1
274570,brnnod,Anous stolidus,クロアジサシ,3.0,4,"Reserva de la Biosfera Banco Chinchorro--Cayo Centro, Othón P. Blanco, Quintana Roo, Mexico",28 Jul 2008,Barbara MacKinnon de Montes,18.5877,-87.3163,Mexico,False,ML274570,P1
274571,brnnod,Anous stolidus,クロアジサシ,3.0,4,"Reserva de la Biosfera Banco Chinchorro--Cayo Centro, Othón P. Blanco, Quintana Roo, Mexico",28 Jul 2008,Barbara MacKinnon de Montes,18.5877,-87.3163,Mexico,False,ML274571,P1
28211711,brnnod,Anous stolidus,クロアジサシ,2.25,4,"Dry Tortugas NP--Garden Key, Monroe, Florida, United States",26 Apr 2016,Paul Marvin,24.6276,-82.8728,United States,False,ML28211711,P1
28211761,brnnod,Anous stolidus,クロアジサシ,1.5,4,"Dry Tortugas NP--Garden Key, Monroe, Florida, United States",26 Apr 2016,Paul Marvin,24.6276,-82.8728,United States,False,ML28211761,P1
28211771,brnnod,Anous stolidus,クロアジサシ,3.0,4,"Dry Tortugas NP--Garden Key, Monroe, Florida, United States",26 Apr 2016,Paul Marvin,24.6276,-82.8728,United States,False,ML28211771,P1
28211781,brnnod,Anous stolidus,クロアジサシ,3.25,4,"Dry Tortugas NP--Garden Key, Monroe, Florida, United States",26 Apr 2016,Paul Marvin,24.6276,-82.8728,United States,False,ML28211781,P1
31641541,brnnod,Anous stolidus,クロアジサシ,3.25,4,"Sooty Tern nesting colony, Ascension, Saint Helena, Ascension, and Tristan da Cunha",21 Apr 2016,James (Jim) Holmes,-7.9795,-14.3961,and Tristan da Cunha,False,ML31641541,P1
322063171,brnnod,Anous stolidus,クロアジサシ,3.4,5,"Bird Island, La Digue, Seychelles",27 Aug 2000,Josep del Hoyo,-3.7207,55.2064,Seychelles,False,ML322063171,P1
3265,brnnod,Anous stolidus,クロアジサシ,2.0,4,"DRY TORTUGAS; DRY KEY, Florida, United States",13 Jul 1960,Charles A. Sutherland,0.0,0.0,United States,False,ML3265,P1
3266,brnnod,Anous stolidus,クロアジサシ,4.0,4,"Dry Tortugas; Bush Key, Florida, United States",13 Jul 1960,Charles A. Sutherland,0.0,0.0,United States,False,ML3266,P1
3267,brnnod,Anous stolidus,クロアジサシ,4.285714285714286,7,"Dry Tortugas; Bush Key, Florida, United States",17 Jul 1960,Charles A. Sutherland,0.0,0.0,United States,False,ML3267,P1
3268,brnnod,Anous stolidus,クロアジサシ,2.0,4,"Dry Tortugas; Bush Key, Florida, United States",15 Jul 1960,Charles A. Sutherland,0.0,0.0,United States,False,ML3268,P1
32681,brnnod,Anous stolidus,クロアジサシ,3.0,4,"Eastern Island, Midway Islands, United States Minor Outlying Islands",28 Mar 1965,Chandler Robbins,0.0,0.0,United States Minor Outlying Islands,False,ML32681,P1
38771,brnnod,Anous stolidus,クロアジサシ,2.0,4,"South Islet; Tubbataha Reefs, Palawan, Philippines",9 Apr 1982,Robert S. Kennedy,8.7333,119.8,Philippines,False,ML38771,P1
400654721,brnnod,Anous stolidus,クロアジサシ,3.4,5,"Sinapalo Noddy Colony, Rota, Northern Mariana Islands",28 Dec 2021,Trenton Voytko,14.1686,145.2234,Northern Mariana Islands,False,ML400654721,P1
400654731,brnnod,Anous stolidus,クロアジサシ,2.25,4,"Sinapalo Noddy Colony, Rota, Northern Mariana Islands",28 Dec 2021,Trenton Voytko,14.1686,145.2234,Northern Mariana Islands,False,ML400654731,P1
407745701,brnnod,Anous stolidus,クロアジサシ,2.4,5,"Ka'an, Rota, Rota, Northern Mariana Islands",20 Jan 2022,Trenton Voytko,14.1375,145.163,Northern Mariana Islands,False,ML407745701,P1
415320511,brnnod,Anous stolidus,クロアジサシ,2.75,4,"Rota Resort and Country Club, Rota, Northern Mariana Islands",11 Feb 2022,Trenton Voytko,14.1864,145.2233,Northern Mariana Islands,False,ML415320511,P1
440774141,brnnod,Anous stolidus,クロアジサシ,1.25,4,"Dry Tortugas NP--Garden Key, Monroe, Florida, United States",17 Apr 2022,johnny powell,24.6276,-82.8728,United States,False,ML440774141,P1
447447201,brnnod,Anous stolidus,クロアジサシ,3.8,5,"Motus, Blue Lagoon -15.09977, -147.92702, Tuamotu-Gambier, French Polynesia",20 Apr 2022,Santiago Imberti,-15.0998,-147.927,French Polynesia,False,ML447447201,P1
447447211,brnnod,Anous stolidus,クロアジサシ,2.25,4,"Motus, Blue Lagoon -15.09977, -147.92702, Tuamotu-Gambier, French Polynesia",20 Apr 2022,Santiago Imberti,-15.0998,-147.927,French Polynesia,False,ML447447211,P1
452594401,brnnod,Anous stolidus,クロアジサシ,2.5,4,"Dry Tortugas NP--Garden Key, Monroe, Florida, United States",9 May 2022,Raphaël Nussbaumer,24.6276,-82.8728,United States,False,ML452594401,P1
461571511,brnnod,Anous stolidus,クロアジサシ,1.25,4,"澎湖--貓嶼(Penghu--Maoyu Islet), Penghu County, Taiwan",18 Jun 2022,Jhih-Wei (志偉) TSAI (蔡),23.3245,119.3213,Taiwan,False,ML461571511,P1
469616231,brnnod,Anous stolidus,クロアジサシ,4.4,5,"Browse Island (Timor Sea), Wyndham-East Kimberley, Western Australia, Australia",4 Nov 2021,Nigel Jackett NFC Station,-14.1094,123.5489,Australia,False,ML469616231,P1
507262001,brnnod,Anous stolidus,クロアジサシ,2.75,4,"Great Barrier Reef--Michaelmas Cay, Cairns, Queensland, Australia",17 Nov 2022,Zebedee Muller,-16.6061,145.9739,Australia,False,ML507262001,P1
507343581,brnnod,Anous stolidus,クロアジサシ,2.75,4,"Great Barrier Reef--Michaelmas Cay, Cairns, Queensland, Australia",16 Nov 2022,Mike Austin,-16.6061,145.9739,Australia,False,ML507343581,P1
5301,brnnod,Anous stolidus,クロアジサシ,1.0,4,"Uh District; Village Hotel, Pohnpei, Micronesia",13 Jun 1978,Doug Pratt,0.0,0.0,Micronesia,False,ML5301,P1
5321,brnnod,Anous stolidus,クロアジサシ,1.0,4,"Urukthapel; Old Japanese road at the NE end, Koror, Palau",2 Jul 1978,Doug Pratt,7.2621,134.4481,Palau,False,ML5321,P1
5323,brnnod,Anous stolidus,クロアジサシ,1.0,4,"Urukthapel; Old Japanese road at the NE end, Koror, Palau",2 Jul 1978,Doug Pratt,7.2621,134.4481,Palau,False,ML5323,P1
566332391,brnnod,Anous stolidus,クロアジサシ,3.8,5,"Cousin Island NR, Grand'Anse Praslin, Seychelles",3 Mar 2022,Alexander Schlatmann,-4.3303,55.6638,Seychelles,False,ML566332391,P1
566332401,brnnod,Anous stolidus,クロアジサシ,4.2,5,"Cousin Island NR, Grand'Anse Praslin, Seychelles",3 Mar 2022,Alexander Schlatmann,-4.3303,55.6638,Seychelles,False,ML566332401,P1
566333061,brnnod,Anous stolidus,クロアジサシ,4.2,5,"Cousin Island NR, Grand'Anse Praslin, Seychelles",8 Mar 2022,Alexander Schlatmann,-4.3303,55.6638,Seychelles,False,ML566333061,P1
566333071,brnnod,Anous stolidus,クロアジサシ,2.75,4,"Cousin Island NR, Grand'Anse Praslin, Seychelles",8 Mar 2022,Alexander Schlatmann,-4.3303,55.6638,Seychelles,False,ML566333071,P1
566333081,brnnod,Anous stolidus,クロアジサシ,2.6,5,"Cousin Island NR, Grand'Anse Praslin, Seychelles",8 Mar 2022,Alexander Schlatmann,-4.3303,55.6638,Seychelles,False,ML566333081,P1
585981131,brnnod,Anous stolidus,クロアジサシ,2.0,5,"Dry Tortugas NP--Garden Key, Monroe, Florida, United States",29 Jun 2017,Lisa Schibley,24.6276,-82.8728,United States,False,ML585981131,P1
590633041,brnnod,Anous stolidus,クロアジサシ,3.2,5,"Baradal Island, Tobago Keys, Grenadines, Saint Vincent and the Grenadines",20 Jun 2023,Kenrith Carter,12.6343,-61.3549,Saint Vincent and the Grenadines,False,ML590633041,P1
6038,brnnod,Anous stolidus,クロアジサシ,3.7142857142857144,7,"MANANA IS., Hawaii, United States",9 Aug 1973,Robert Shallenberger,0.0,0.0,United States,False,ML6038,P1
604509831,brnnod,Anous stolidus,クロアジサシ,3.2,5,"Cocos Island, Guam, Guam",13 Aug 2023,Zakary Hambsch,13.2363,144.6499,Guam,False,ML604509831,P1
617488463,brnnod,Anous stolidus,クロアジサシ,2.2,5,"Heron Island, Gladstone, Queensland, Australia",22 Aug 2023,Jedidiah Gray,-23.4428,151.9157,Australia,False,ML617488463,P1
618446778,brnnod,Anous stolidus,クロアジサシ,2.0,5,"Dry Tortugas NP--Garden Key, Monroe, Florida, United States",27 Apr 2024,E R,24.6276,-82.8728,United States,False,ML618446778,P1
626168746,brnnod,Anous stolidus,クロアジサシ,2.8,5,"Rota Sewage Treatment Plant, Rota, Northern Mariana Islands",14 Oct 2024,Mietron Shahbodaghloo,14.183,145.2211,Northern Mariana Islands,False,ML626168746,P1
627871222,brnnod,Anous stolidus,クロアジサシ,3.2,5,"Hilton Moorea and nearby, Windward Islands, French Polynesia",23 May 2024,William Hull,-17.4852,-149.8438,French Polynesia,False,ML627871222,P1
627873152,brnnod,Anous stolidus,クロアジサシ,1.0,1,"Hilton Moorea and nearby, Windward Islands, French Polynesia",22 May 2024,William Hull,-17.4852,-149.8438,French Polynesia,False,ML627873152,P1
627873153,brnnod,Anous stolidus,クロアジサシ,2.0,1,"Hilton Moorea and nearby, Windward Islands, French Polynesia",22 May 2024,William Hull,-17.4852,-149.8438,French Polynesia,False,ML627873153,P1
627873154,brnnod,Anous stolidus,クロアジサシ,3.0,1,"Hilton Moorea and nearby, Windward Islands, French Polynesia",22 May 2024,William Hull,-17.4852,-149.8438,French Polynesia,False,ML627873154,P1
627875634,brnnod,Anous stolidus,クロアジサシ,2.0,1,"Hilton Moorea and nearby, Windward Islands, French Polynesia",20 May 2024,William Hull,-17.4852,-149.8438,French Polynesia,False,ML627875634,P1
627875635,brnnod,Anous stolidus,クロアジサシ,3.0,1,"Hilton Moorea and nearby, Windward Islands, French Polynesia",20 May 2024,William Hull,-17.4852,-149.8438,French Polynesia,False,ML627875635,P1
627875636,brnnod,Anous stolidus,クロアジサシ,2.5,2,"Hilton Moorea and nearby, Windward Islands, French Polynesia",20 May 2024,William Hull,-17.4852,-149.8438,French Polynesia,False,ML627875636,P1
629079335,brnnod,Anous stolidus,クロアジサシ,2.5,2,"Great Barrier Reef--Michaelmas Cay, Cairns, Queensland, Australia",13 Jan 2025,Susan Inglis,-16.6061,145.9739,Australia,False,ML629079335,P1
629079338,brnnod,Anous stolidus,クロアジサシ,1.5,2,"Great Barrier Reef--Michaelmas Cay, Cairns, Queensland, Australia",13 Jan 2025,Susan Inglis,-16.6061,145.9739,Australia,False,ML629079338,P1
631554612,brnnod,Anous stolidus,クロアジサシ,2.0,2,"Dry Tortugas NP--Garden Key, Monroe, Florida, United States",14 May 2023,Kenny Frisch,24.6276,-82.8728,United States,False,ML631554612,P1
632392028,brnnod,Anous stolidus,クロアジサシ,1.0,1,"Great Barrier Reef--Michaelmas Cay, Cairns, Queensland, Australia",22 Dec 2024,Jay McGowan,-16.6061,145.9739,Australia,False,ML632392028,P1
632392031,brnnod,Anous stolidus,クロアジサシ,1.0,1,"Great Barrier Reef--Michaelmas Cay, Cairns, Queensland, Australia",22 Dec 2024,Jay McGowan,-16.6061,145.9739,Australia,False,ML632392031,P1
632392033,brnnod,Anous stolidus,クロアジサシ,2.0,2,"Great Barrier Reef--Michaelmas Cay, Cairns, Queensland, Australia",22 Dec 2024,Jay McGowan,-16.6061,145.9739,Australia,False,ML632392033,P1
633252397,brnnod,Anous stolidus,クロアジサシ,3.5,2,"Midway Atoll NWR--Sand Island, Midway Islands, United States Minor Outlying Islands",19 Dec 2024,Ashley Hopkins,28.2092,-177.3787,United States Minor Outlying Islands,False,ML633252397,P1
634590059,brnnod,Anous stolidus,クロアジサシ,4.0,3,"Rangiroa--Blue Lagoon, Tuamotu-Gambier, French Polynesia",19 Apr 2025,Ryan Boswarthick,-15.1321,-147.9323,French Polynesia,False,ML634590059,P1
634590088,brnnod,Anous stolidus,クロアジサシ,2.3333333333333335,3,"Rangiroa--Blue Lagoon, Tuamotu-Gambier, French Polynesia",19 Apr 2025,Ryan Boswarthick,-15.1321,-147.9323,French Polynesia,False,ML634590088,P1
634591102,brnnod,Anous stolidus,クロアジサシ,3.0,2,"Adele Island, Derby-West Kimberley, Western Australia, Australia",26 Apr 2025,Adrian Boyle,-15.5291,123.1554,Australia,False,ML634591102,P1
635243495,brnnod,Anous stolidus,クロアジサシ,2.0,2,"Dry Tortugas NP--Garden Key, Monroe, Florida, United States",5 May 2025,Avery Chan,24.6276,-82.8728,United States,False,ML635243495,P1
636286461,brnnod,Anous stolidus,クロアジサシ,1.5,2,"Pulau Perak, Kedah, Malaysia",19 May 2025,Lim Ying Hien,5.6835,98.939,Malaysia,False,ML636286461,P1
638107282,brnnod,Anous stolidus,クロアジサシ,1.0,2,"Isla Alto Velo, Pedernales, Dominican Republic",21 Jun 2025,Madeleine Pott,17.4761,-71.6466,Dominican Republic,False,ML638107282,P1
643471278,brnnod,Anous stolidus,クロアジサシ,4.333333333333333,3,"Green Island, Kure Atoll (restricted access), Northwestern Hawaiian Islands, Hawaii, United States",13 Oct 2025,Nicholas Minnich,28.3925,-178.2939,United States,False,ML643471278,P1
645768936,brnnod,Anous stolidus,クロアジサシ,2.0,1,"Blue Lagoon motu, Tuamotu-Gambier, French Polynesia",8 Nov 2025,Adrian Burke,-15.0968,-147.9376,French Polynesia,False,ML645768936,P1
645814362,brnnod,Anous stolidus,クロアジサシ,5.0,1,"Blue Lagoon motu, Tuamotu-Gambier, French Polynesia",8 Nov 2025,Adrian Burke,-15.0968,-147.9376,French Polynesia,False,ML645814362,P1
646786192,brnnod,Anous stolidus,クロアジサシ,5.0,1,"Clipperton Island, Clipperton Island, Clipperton Island",5 Dec 2025,manuel grosselet,10.3041,-109.2149,Clipperton Island,False,ML646786192,P1
646786196,brnnod,Anous stolidus,クロアジサシ,5.0,1,"Clipperton Island, Clipperton Island, Clipperton Island",5 Dec 2025,manuel grosselet,10.3041,-109.2149,Clipperton Island,False,ML646786196,P1
646786198,brnnod,Anous stolidus,クロアジサシ,5.0,1,"Clipperton Island, Clipperton Island, Clipperton Island",5 Dec 2025,manuel grosselet,10.3041,-109.2149,Clipperton Island,False,ML646786198,P1
646786215,brnnod,Anous stolidus,クロアジサシ,4.0,1,"Clipperton Island, Clipperton Island, Clipperton Island",5 Dec 2025,manuel grosselet,10.3041,-109.2149,Clipperton Island,False,ML646786215,P1
649565822,brnnod,Anous stolidus,クロアジサシ,0.0,0,"Plage Vaiava, Windward Islands, French Polynesia",24 Jan 2026,Edgar Joly,-17.6595,-149.5974,French Polynesia,False,ML649565822,P1
94616221,brnnod,Anous stolidus,クロアジサシ,3.25,4,"Bird Island, La Digue, Seychelles",7 Apr 2018,Wouter Van Landuyt,-3.7207,55.2064,Seychelles,False,ML94616221,P1
94999,brnnod,Anous stolidus,クロアジサシ,3.25,4,"Vostok Island, Kiribati",22 Jun 1995,Doug Pratt,0.0,0.0,Kiribati,False,ML94999,P1
96874,brnnod,Anous stolidus,クロアジサシ,3.0,4,"Vostok Island, Kiribati",22 Jun 1995,Doug Pratt,0.0,0.0,Kiribati,False,ML96874,P1
96886,brnnod,Anous stolidus,クロアジサシ,2.5,4,"Vostok Island, Kiribati",22 Jun 1995,Doug Pratt,0.0,0.0,Kiribati,False,ML96886,P1
157075781,brodip1,Cinclus pallasii,カワガラス,2.8,5,"Maldevta, Dehradun, Uttarakhand, India",15 Apr 2019,Sreekumar Chirukandoth,30.3607,78.14,India,False,ML157075781,P1
163038491,brodip1,Cinclus pallasii,カワガラス,2.6,5,"南投--杉林溪森林生態渡假園區(Nantou--Sun-Link-Sea Resort), Nantou County, Taiwan",19 Apr 2019,Ed Thomas,23.6369,120.7935,Taiwan,False,ML163038491,P1
191523811,brodip1,Cinclus pallasii,カワガラス,3.75,4,"雪霸NP--武陵桃山瀑布步道(Sheipa NP--Wuling Taoshan Waterfall Hiking Trail), Taichung City, Taiwan",21 Nov 2019,Jhih-Wei (志偉) TSAI (蔡),24.4059,121.3045,Taiwan,False,ML191523811,P1
203953611,brodip1,Cinclus pallasii,カワガラス,4.166666666666667,6,"Tigrinka River, Primorsky Krai, Russia",16 Jun 2009,Josep del Hoyo,46.1874,135.764,Russia,False,ML203953611,P1
223595711,brodip1,Cinclus pallasii,カワガラス,1.5,2,"Nabang area - farmland around 24.73019, 97.55873, Yunnan, China",11 Jan 2020,Sarah Toner,24.7302,97.5587,China,False,ML223595711,P1
223595751,brodip1,Cinclus pallasii,カワガラス,2.3333333333333335,3,"Nabang area - farmland around 24.73019, 97.55873, Yunnan, China",11 Jan 2020,Sarah Toner,24.7302,97.5587,China,False,ML223595751,P1
223595771,brodip1,Cinclus pallasii,カワガラス,2.3333333333333335,3,"Nabang area - farmland around 24.73019, 97.55873, Yunnan, China",11 Jan 2020,Sarah Toner,24.7302,97.5587,China,False,ML223595771,P1
229603911,brodip1,Cinclus pallasii,カワガラス,2.5,2,"FRI 2(30.35, 77.996), Dehradun, Uttarakhand, India",2 Nov 2019,Malyasri Bhattacharya,30.3502,77.9961,India,False,ML229603911,P1
229603951,brodip1,Cinclus pallasii,カワガラス,2.5,2,"FRI 2(30.35, 77.996), Dehradun, Uttarakhand, India",2 Nov 2019,Malyasri Bhattacharya,30.3502,77.9961,India,False,ML229603951,P1
243735571,brodip1,Cinclus pallasii,カワガラス,1.5,2,"Chitkul, Himachal Pradesh, Kinnaur, Himachal Pradesh, India",4 Jun 2019,Sandeep Biswas,31.3506,78.4367,India,False,ML243735571,P1
252272661,brodip1,Cinclus pallasii,カワガラス,4.0,4,"Kedrovaya-Pad Nature Reserve, SE Russia, Khabarovsk Krai, Russia",15 May 1991,Martyn Stewart,47.2642,136.9945,Russia,False,ML252272661,P1
267244701,brodip1,Cinclus pallasii,カワガラス,1.5,2,"Daban, IN (31.024, 77.279), Shimla, Himachal Pradesh, India",30 Sep 2020,Samakshi Tiwari,31.024,77.279,India,False,ML267244701,P1
284029511,brodip1,Cinclus pallasii,カワガラス,2.6666666666666665,3,"MHE_221, Hsinchu County, Taiwan",18 Nov 2020,Lee-Lien WANG,24.6781,121.2454,Taiwan,False,ML284029511,P1
285656791,brodip1,Cinclus pallasii,カワガラス,2.0,2,"Road from Varzob River to Takob, Dushanbe, Tajikistan",6 Dec 2020,Peyton Stone,38.8341,68.8651,Tajikistan,False,ML285656791,P1
287647091,brodip1,Cinclus pallasii,カワガラス,4.0,4,"雪霸NP--武陵農場全區(Sheipa NP--Wuling Farm), Taichung City, Taiwan",12 Dec 2020,Proust Lee,24.3526,121.31,Taiwan,False,ML287647091,P1
30547741,brodip1,Cinclus pallasii,カワガラス,3.5,6,"九寨沟自然保护区--镜海 (Jiuzhaigou NNR--Mirror Lake), Sichuan, China",25 May 2016,Ian Davies,33.1638,103.9042,China,False,ML30547741,P1
368784051,brodip1,Cinclus pallasii,カワガラス,2.6666666666666665,3,"峨眉山 (Mount Emei), Sichuan, China",8 Sep 2021,Kevin Cheng,29.5427,103.3531,China,False,ML368784051,P1
416495721,brodip1,Cinclus pallasii,カワガラス,2.0,2,"Dachigam National Park--Entrance Gate, Srinagar, Jammu and Kashmir, India",8 Feb 2022,Dibyendu Ash,34.1588,74.912,India,False,ML416495721,P1
417027691,brodip1,Cinclus pallasii,カワガラス,3.6666666666666665,3,"Kangan--Dumping Park (Power House Road), Ganderbal, Jammu and Kashmir, India",9 Feb 2022,Dibyendu Ash,34.2697,74.8855,India,False,ML417027691,P1
434578241,brodip1,Cinclus pallasii,カワガラス,2.6666666666666665,3,"Guling area, Fujian, China",13 Feb 2013,Sam Zhang,26.0905,119.3988,China,False,ML434578241,P1
437747401,brodip1,Cinclus pallasii,カワガラス,1.5,2,"西宮市--甲山森林公園 (Nishinomiya--Kabutoyama Forest Park), Nishinomiya, Hyogo, Japan",11 Feb 2022,masao komura,34.7748,135.3344,Japan,True,ML437747401,P1
458468151,brodip1,Cinclus pallasii,カワガラス,2.5,2,"25mile, Changlang, Arunachal Pradesh, India",19 Apr 2022,Sourav Halder,27.4554,96.6392,India,False,ML458468151,P1
470229511,brodip1,Cinclus pallasii,カワガラス,3.0,2,"南投--杉林溪森林生態渡假園區(Nantou--Sun-Link-Sea Resort), Nantou County, Taiwan",26 Jul 2022,志民 蘇,23.6369,120.7935,Taiwan,False,ML470229511,P1
470229521,brodip1,Cinclus pallasii,カワガラス,4.6,5,"南投--杉林溪森林生態渡假園區(Nantou--Sun-Link-Sea Resort), Nantou County, Taiwan",26 Jul 2022,志民 蘇,23.6369,120.7935,Taiwan,False,ML470229521,P1
470229531,brodip1,Cinclus pallasii,カワガラス,4.0,3,"南投--杉林溪森林生態渡假園區(Nantou--Sun-Link-Sea Resort), Nantou County, Taiwan",26 Jul 2022,志民 蘇,23.6369,120.7935,Taiwan,False,ML470229531,P1
470229541,brodip1,Cinclus pallasii,カワガラス,4.0,4,"南投--杉林溪森林生態渡假園區(Nantou--Sun-Link-Sea Resort), Nantou County, Taiwan",26 Jul 2022,志民 蘇,23.6369,120.7935,Taiwan,False,ML470229541,P1
470431461,brodip1,Cinclus pallasii,カワガラス,2.0,2,"南投--杉林溪森林生態渡假園區(Nantou--Sun-Link-Sea Resort), Nantou County, Taiwan",24 Jul 2022,Sam Lin,23.6369,120.7935,Taiwan,False,ML470431461,P1
472715241,brodip1,Cinclus pallasii,カワガラス,2.5,2,"新北烏來-阿玉溪桶後溪匯流處, New Taipei City, Taiwan",4 Aug 2022,Lee-Lien WANG,24.8474,121.5875,Taiwan,False,ML472715241,P1
481682961,brodip1,Cinclus pallasii,カワガラス,3.6666666666666665,3,"花蓮--白鮑溪上游(Hualien--Baibao Creek Upstream), Hualien County, Taiwan",6 Sep 2022,Sheng Wun Jheng,23.889,121.5025,Taiwan,False,ML481682961,P1
488605831,brodip1,Cinclus pallasii,カワガラス,2.0,2,"宜蘭--思源埡口(Yilan--Siyuan Col), Yilan County, Taiwan",27 Sep 2022,Ko Cheng,24.3964,121.3564,Taiwan,False,ML488605831,P1
488605851,brodip1,Cinclus pallasii,カワガラス,3.0,2,"宜蘭--思源埡口(Yilan--Siyuan Col), Yilan County, Taiwan",27 Sep 2022,Ko Cheng,24.3964,121.3564,Taiwan,False,ML488605851,P1
488606611,brodip1,Cinclus pallasii,カワガラス,1.6666666666666667,3,"宜蘭--思源埡口(Yilan--Siyuan Col), Yilan County, Taiwan",27 Sep 2022,Ko Cheng,24.3964,121.3564,Taiwan,False,ML488606611,P1
493364051,brodip1,Cinclus pallasii,カワガラス,2.0,3,"Cazaquistão do Sul, KZ (42,123, 70,33), Ongtüstik Qazaqstan oblysy, Kazakhstan",27 Sep 2022,João Tomás,42.1234,70.3303,Kazakhstan,False,ML493364051,P1
496233621,brodip1,Cinclus pallasii,カワガラス,2.3333333333333335,3,"Santivalley, West Kameng, Arunachal Pradesh, India",19 Oct 2022,Rofikul Islam,27.404,92.2784,India,False,ML496233621,P1
498266801,brodip1,Cinclus pallasii,カワガラス,2.3333333333333335,3,"H5 Gohar Khad,  Himachal Pradesh, IN (31.582, 77.044), Mandi, Himachal Pradesh, India",28 Oct 2022,MANOJ KUMAR MK1,31.5818,77.0436,India,False,ML498266801,P1
498579361,brodip1,Cinclus pallasii,カワガラス,2.6666666666666665,3,"Dzuluke, Kohima, Nagaland, India",29 Oct 2022,Rofikul Islam,25.6211,93.9569,India,False,ML498579361,P1
498913441,brodip1,Cinclus pallasii,カワガラス,3.0,3,"神木營盤址(冬庫蘭溪), Hualien County, Taiwan",31 Mar 2022,Sheng Wun Jheng,23.6498,121.2465,Taiwan,False,ML498913441,P1
507365721,brodip1,Cinclus pallasii,カワガラス,3.6666666666666665,3,"H5 Gohar Khad,  Himachal Pradesh, IN (31.582, 77.044), Mandi, Himachal Pradesh, India",27 Oct 2022,MANOJ KUMAR MK1,31.5818,77.0436,India,False,ML507365721,P1
507690861,brodip1,Cinclus pallasii,カワガラス,3.3333333333333335,3,"H5 Gohar Khad,  Himachal Pradesh, IN (31.582, 77.044), Mandi, Himachal Pradesh, India",28 Oct 2022,MANOJ KUMAR MK1,31.5818,77.0436,India,False,ML507690861,P1
508133011,brodip1,Cinclus pallasii,カワガラス,3.3333333333333335,3,"H-4-Gohar, Himachal Pradesh, IN (31.581, 77.043), Mandi, Himachal Pradesh, India",27 Oct 2022,MANOJ KUMAR MK1,31.5811,77.0432,India,False,ML508133011,P1
508133201,brodip1,Cinclus pallasii,カワガラス,2.6666666666666665,3,"H-4-Gohar, Himachal Pradesh, IN (31.581, 77.043), Mandi, Himachal Pradesh, India",27 Oct 2022,MANOJ KUMAR MK1,31.5811,77.0432,India,False,ML508133201,P1
508133451,brodip1,Cinclus pallasii,カワガラス,2.6666666666666665,3,"H-4-Gohar, Himachal Pradesh, IN (31.581, 77.043), Mandi, Himachal Pradesh, India",27 Oct 2022,MANOJ KUMAR MK1,31.5811,77.0432,India,False,ML508133451,P1
510233301,brodip1,Cinclus pallasii,カワガラス,2.6666666666666665,3,"花蓮--瑞穗林道19.5-23K(海拔1470-1850M)(Hualien--Ruisui Forest-Road 19.5-23K (Altitude 1470-1850M)), Hualien County, Taiwan",28 Nov 2022,Sheng Wun Jheng,23.5345,121.2745,Taiwan,False,ML510233301,P1
510241351,brodip1,Cinclus pallasii,カワガラス,3.6666666666666665,3,"花蓮--卓溪太平溪源營地(Hualien--Zhuoxi Taiping Headwater Campsite), Hualien County, Taiwan",3 Dec 2022,Sheng Wun Jheng,23.5891,121.1952,Taiwan,False,ML510241351,P1
525095841,brodip1,Cinclus pallasii,カワガラス,4.0,4,"南投--杉林溪森林生態渡假園區(Nantou--Sun-Link-Sea Resort), Nantou County, Taiwan",9 Oct 2022,RIIO LU,23.6369,120.7935,Taiwan,False,ML525095841,P1
533520991,brodip1,Cinclus pallasii,カワガラス,4.0,3,"花蓮--瑞穗林道19.5-23K(海拔1470-1850M)(Hualien--Ruisui Forest-Road 19.5-23K (Altitude 1470-1850M)), Hualien County, Taiwan",10 Feb 2023,Sheng Wun Jheng,23.5345,121.2745,Taiwan,False,ML533520991,P1
544572711,brodip1,Cinclus pallasii,カワガラス,1.0,3,"台中--八仙山森林遊樂區(Taichung--Baxianshan Forest Recreation Area), Taichung City, Taiwan",12 Mar 2023,Kuan Chih Yu,24.1902,121.015,Taiwan,False,ML544572711,P1
545683031,brodip1,Cinclus pallasii,カワガラス,2.0,3,"新北烏來-阿玉溪桶後溪匯流處, New Taipei City, Taiwan",15 Mar 2023,Lee-Lien WANG,24.8474,121.5875,Taiwan,False,ML545683031,P1
545683041,brodip1,Cinclus pallasii,カワガラス,2.3333333333333335,3,"新北烏來-阿玉溪桶後溪匯流處, New Taipei City, Taiwan",15 Mar 2023,Lee-Lien WANG,24.8474,121.5875,Taiwan,False,ML545683041,P1
547084681,brodip1,Cinclus pallasii,カワガラス,1.6666666666666667,3,"Nainital, Nainital IN-UT (29.3604,79.5892), Nainital, Uttarakhand, India",9 Mar 2023,Ramit Singal,29.3604,79.5892,India,False,ML547084681,P1
59682911,brodip1,Cinclus pallasii,カワガラス,3.0,6,"Sun Link Sea, Nantou County, Taiwan",2 Nov 2016,Ed Thomas,23.6346,120.7909,Taiwan,False,ML59682911,P1
611647780,brodip1,Cinclus pallasii,カワガラス,3.3333333333333335,3,"MHE_885, Hualien County, Taiwan",22 Nov 2023,Lee-Lien WANG,23.5887,121.3554,Taiwan,False,ML611647780,P1
612660033,brodip1,Cinclus pallasii,カワガラス,3.6666666666666665,3,"雪霸NP--武陵農場國民賓館(Sheipa NP--Wuling Farm Hotel ), Taichung City, Taiwan",24 Dec 2023,Adam Lee,24.3457,121.3081,Taiwan,False,ML612660033,P1
613549362,brodip1,Cinclus pallasii,カワガラス,4.666666666666667,3,"軽井沢町--赤岩橋 (Karuizawa--Akaiwa Bridge), Karuizawa, Nagano, Japan",15 Jan 2024,Jennifer Rycenga,36.3625,138.5899,Japan,True,ML613549362,P1
618806422,brodip1,Cinclus pallasii,カワガラス,4.0,3,"南投--杉林溪森林生態渡假園區(Nantou--Sun-Link-Sea Resort), Nantou County, Taiwan",14 Apr 2024,Kuan Chih Yu,23.6369,120.7935,Taiwan,False,ML618806422,P1
619388903,brodip1,Cinclus pallasii,カワガラス,2.3333333333333335,3,"Dalupalringi 西池, Kaohsiung City, Taiwan",15 May 2024,Sheng Wun Jheng,22.8723,120.8593,Taiwan,False,ML619388903,P1
620770622,brodip1,Cinclus pallasii,カワガラス,3.3333333333333335,3,"南投--杉林溪森林生態渡假園區(Nantou--Sun-Link-Sea Resort), Nantou County, Taiwan",3 May 2024,Sam Zhang,23.6369,120.7935,Taiwan,False,ML620770622,P1
623735788,brodip1,Cinclus pallasii,カワガラス,3.75,4,"Upper Changspa-Sankar, Leh, Leh, Ladakh, India",14 Sep 2024,J.A. Jensen,34.1728,77.5805,India,False,ML623735788,P1
623735791,brodip1,Cinclus pallasii,カワガラス,3.3333333333333335,3,"Upper Changspa-Sankar, Leh, Leh, Ladakh, India",14 Sep 2024,J.A. Jensen,34.1728,77.5805,India,False,ML623735791,P1
624610942,brodip1,Cinclus pallasii,カワガラス,4.75,4,"Деҳаи Нофин [Nofin Village], Sughd, Tajikistan",14 Sep 2024,Jedediah Smith,39.1847,67.839,Tajikistan,False,ML624610942,P1
630778471,brodip1,Cinclus pallasii,カワガラス,4.0,2,"台中大雪山IBA--橫流溪(15K)(Dasyueshan IBA--Hengliu Creek (15K)), Taichung City, Taiwan",15 Feb 2025,Kuan Chih Yu,24.2392,120.9095,Taiwan,False,ML630778471,P1
630960689,brodip1,Cinclus pallasii,カワガラス,3.0,3,"andBeyond River Lodge, Punakha, Bhutan",18 Nov 2024,Daniel S.,27.6391,89.803,Bhutan,False,ML630960689,P1
634707862,brodip1,Cinclus pallasii,カワガラス,1.0,1,"大鞍路, 大鞍里, 南投縣, TW (23.644, 120.766), Nantou County, Taiwan",30 Apr 2025,Scott (瑞興) LIN(林),23.6436,120.7663,Taiwan,False,ML634707862,P1
638975524,brodip1,Cinclus pallasii,カワガラス,2.0,1,"36號 蓬萊村, 蓬萊村, 苗栗縣, TW (24.556, 120.975), Miaoli County, Taiwan",16 Jul 2025,Scott (瑞興) LIN(林),24.556,120.9753,Taiwan,False,ML638975524,P1
638975590,brodip1,Cinclus pallasii,カワガラス,1.0,1,"36號 蓬萊村, 蓬萊村, 苗栗縣, TW (24.556, 120.975), Miaoli County, Taiwan",16 Jul 2025,Scott (瑞興) LIN(林),24.556,120.9753,Taiwan,False,ML638975590,P1
639235144,brodip1,Cinclus pallasii,カワガラス,3.3333333333333335,3,"华阳--镇区及酉水 (Huayang--Town & Youshui River), Shaanxi, China",22 Jul 2025,Claude Z,33.5925,107.5409,China,False,ML639235144,P1
642007597,brodip1,Cinclus pallasii,カワガラス,1.0,1,"坪林橋, Pinglin District TW-New Taipei City (24.9341,121.7112), New Taipei City, Taiwan",12 Sep 2025,Ben Tsai,24.9341,121.7112,Taiwan,False,ML642007597,P1
643972714,brodip1,Cinclus pallasii,カワガラス,2.0,1,"松本市--上高地--明神館 (Matsumoto--Kamikochi--Myojin Lodge), Matsumoto, Nagano, Japan",20 Oct 2025,Benjamin Sweeney,36.2501,137.6674,Japan,True,ML643972714,P1
644635825,brodip1,Cinclus pallasii,カワガラス,0.0,0,"TXG092_2, Taichung City, Taiwan",26 Jun 2024,atlas taiwan,24.3602,121.3295,Taiwan,False,ML644635825,P1
644635848,brodip1,Cinclus pallasii,カワガラス,0.0,0,"TXG033_1, Taichung City, Taiwan",2 Mar 2025,atlas taiwan,24.197,121.003,Taiwan,False,ML644635848,P1
644635858,brodip1,Cinclus pallasii,カワガラス,0.0,0,"TXG033_1, Taichung City, Taiwan",2 Mar 2025,atlas taiwan,24.197,121.003,Taiwan,False,ML644635858,P1
644635864,brodip1,Cinclus pallasii,カワガラス,0.0,0,"TXG033_1, Taichung City, Taiwan",3 Mar 2025,atlas taiwan,24.197,121.003,Taiwan,False,ML644635864,P1
644635876,brodip1,Cinclus pallasii,カワガラス,0.0,0,"NAN107_2, Nantou County, Taiwan",3 Apr 2024,atlas taiwan,23.8825,121.068,Taiwan,False,ML644635876,P1
644635886,brodip1,Cinclus pallasii,カワガラス,0.0,0,"NAN080_2, Nantou County, Taiwan",8 Aug 2024,atlas taiwan,23.799,120.979,Taiwan,False,ML644635886,P1
644635903,brodip1,Cinclus pallasii,カワガラス,0.0,0,"NAN053_2, Nantou County, Taiwan",4 Dec 2024,atlas taiwan,23.709,120.787,Taiwan,False,ML644635903,P1
644635935,brodip1,Cinclus pallasii,カワガラス,0.0,0,"MIA031_1, Miaoli County, Taiwan",10 Feb 2025,atlas taiwan,24.445,120.9059,Taiwan,False,ML644635935,P1
644635958,brodip1,Cinclus pallasii,カワガラス,0.0,0,"MIA045_1, Miaoli County, Taiwan",8 Feb 2025,atlas taiwan,24.461,120.9708,Taiwan,False,ML644635958,P1
644635972,brodip1,Cinclus pallasii,カワガラス,0.0,0,"MIA056_2, Miaoli County, Taiwan",16 Jan 2025,atlas taiwan,24.5306,120.9328,Taiwan,False,ML644635972,P1
644635979,brodip1,Cinclus pallasii,カワガラス,2.0,1,"MIA056_2, Miaoli County, Taiwan",19 Jan 2025,atlas taiwan,24.5306,120.9328,Taiwan,False,ML644635979,P1
645493774,brodip1,Cinclus pallasii,カワガラス,2.0,1,"十和田市--奥入瀬渓流 (Towada--Oirase Mountain Stream), Towada, Aomori, Japan",12 Nov 2025,Ting-Wei (廷維) HUNG (洪),40.5124,140.9633,Japan,True,ML645493774,P1
646825477,brodip1,Cinclus pallasii,カワガラス,3.0,1,"高山市--宮川--和合橋と枡形橋の間 (Takayama--Miya River--Wago Bridge to Masugata Bridge), Takayama, Gifu, Japan",13 Dec 2025,Antoine Perrin,36.1351,137.2575,Japan,True,ML646825477,P1
647506560,brodip1,Cinclus pallasii,カワガラス,2.0,1,"Ала Арча Улуттук Парк--Ала Арча мейманканасы [Ala Archa National Park--Ala Archa Hotel area], Bishkek, Kyrgyzstan",25 Dec 2025,Jeremie Berlioux,42.56,74.4834,Kyrgyzstan,False,ML647506560,P1
647506561,brodip1,Cinclus pallasii,カワガラス,0.0,0,"Ала Арча Улуттук Парк--Ала Арча мейманканасы [Ala Archa National Park--Ala Archa Hotel area], Bishkek, Kyrgyzstan",25 Dec 2025,Jeremie Berlioux,42.56,74.4834,Kyrgyzstan,False,ML647506561,P1
648415738,brodip1,Cinclus pallasii,カワガラス,3.0,1,"日光市--湯ノ湖 (Nikko--Yunoko Lake), Nikko, Tochigi, Japan",5 Jan 2026,Yann Muzika,36.7996,139.4246,Japan,True,ML648415738,P1
649042103,brodip1,Cinclus pallasii,カワガラス,0.0,0,"351乡道, Beijing, China",17 Jan 2026,Junning Wang,40.5196,117.2113,China,False,ML649042103,P1
649387726,brodip1,Cinclus pallasii,カワガラス,0.0,0,"六巷河, Gansu, China",22 Jan 2026,Weed S,33.7633,105.4571,China,False,ML649387726,P1
650626920,brodip1,Cinclus pallasii,カワガラス,0.0,0,"西宮市--甲山森林公園 (Nishinomiya--Kabutoyama Forest Park), Nishinomiya, Hyogo, Japan",11 Feb 2022,masao komura,34.7748,135.3344,Japan,True,ML650626920,P1
650730216,brodip1,Cinclus pallasii,カワガラス,0.0,0,"唐家河自然保护区--白熊关步道 (Tangjiahe NNR--Baixiongguan Trail), Sichuan, China",3 Feb 2026,Ying ZHOU,32.57,104.788,China,False,ML650730216,P1
8995,brodip1,Cinclus pallasii,カワガラス,1.8333333333333333,6,"Nantou; Dipper Canyon (between Puli/ Wu She), Nantou County, Taiwan",20 Aug 1969,sheldon severinghaus,23.9667,120.9833,Taiwan,False,ML8995,P1
113785861,bubsan,Calidris subruficollis,コモンシギ,1.3695652173913044,46,"Sauvie Island--Oak Island Boat Launch, Multnomah, Oregon, United States",5 Sep 2018,Colby Neuman,45.7084,-122.8117,United States,False,ML113785861,P1
113786141,bubsan,Calidris subruficollis,コモンシギ,1.574468085106383,47,"Sauvie Island--Oak Island Boat Launch, Multnomah, Oregon, United States",5 Sep 2018,Colby Neuman,45.7084,-122.8117,United States,False,ML113786141,P1
131487,bubsan,Calidris subruficollis,コモンシギ,2.875,48,"Prudhoe Bay, Alaska, United States",Jun 2006,Gerrit Vyn,0.0,0.0,United States,False,ML131487,P1
131488,bubsan,Calidris subruficollis,コモンシギ,2.6666666666666665,48,"Prudhoe Bay, Alaska, United States",Jun 2006,Gerrit Vyn,0.0,0.0,United States,False,ML131488,P1
138269,bubsan,Calidris subruficollis,コモンシギ,2.7083333333333335,48,"Polar Bear Pass; Bathurst Island, Nunavut, Canada",16 Jun 2008,Martha Fischer,0.0,0.0,Canada,False,ML138269,P1
483528191,bubsan,Calidris subruficollis,コモンシギ,2.3404255319148937,47,"Delta—Boundary Bay--104th to 112th Sts., Metro Vancouver, British Columbia, Canada",8 Sep 2022,Liam Ragan,49.0797,-122.925,Canada,False,ML483528191,P1
606519001,bubsan,Calidris subruficollis,コモンシギ,2.625,32,"Pointe de Maizerets, Québec, Quebec, Canada",24 Aug 2023,André Desrochers,46.8391,-71.1961,Canada,False,ML606519001,P1
609357986,bubsan,Calidris subruficollis,コモンシギ,1.4137931034482758,29,"Sandy Pond Outlet, Oswego, New York, United States",26 Sep 2023,Matthew Brown,43.6648,-76.1961,United States,False,ML609357986,P1
610275212,bubsan,Calidris subruficollis,コモンシギ,1.7241379310344827,29,"Iquitos T5, Loreto, Peru",7 Oct 2023,Daniel Lane,-3.7515,-73.2338,Peru,False,ML610275212,P1
610301425,bubsan,Calidris subruficollis,コモンシギ,3.5625,32,"Otorongo T7, Loreto, Peru",9 Oct 2023,Daniel Lane,-3.469,-72.551,Peru,False,ML610301425,P1
622263021,bubsan,Calidris subruficollis,コモンシギ,1.7777777777777777,18,"Brazos Co.--Sims Lane/Sims Lane Cutoff, Brazos, Texas, United States",6 Aug 2024,Tabitha Olsen,30.6767,-96.5114,United States,False,ML622263021,P1
622397168,bubsan,Calidris subruficollis,コモンシギ,1.7894736842105263,19,"Dallas Southside WTP, Dallas, Texas, United States",11 Aug 2024,Blaine Carnes,32.6457,-96.6392,United States,False,ML622397168,P1
622719904,bubsan,Calidris subruficollis,コモンシギ,2.789473684210526,19,"Brazos Co.--Sims Lane/Sims Lane Cutoff, Brazos, Texas, United States",18 Aug 2024,Tabitha Olsen,30.6767,-96.5114,United States,False,ML622719904,P1
622720142,bubsan,Calidris subruficollis,コモンシギ,3.15,20,"Brazos Co.--Sims Lane/Sims Lane Cutoff, Brazos, Texas, United States",18 Aug 2024,Tabitha Olsen,30.6767,-96.5114,United States,False,ML622720142,P1
622720143,bubsan,Calidris subruficollis,コモンシギ,3.15,20,"Brazos Co.--Sims Lane/Sims Lane Cutoff, Brazos, Texas, United States",18 Aug 2024,Tabitha Olsen,30.6767,-96.5114,United States,False,ML622720143,P1
633934772,bubsan,Calidris subruficollis,コモンシギ,3.6,20,"Matagorda Co.- CR383/CR381 Sod Farm area, Matagorda, Texas, United States",23 Apr 2021,Andrew Spencer,28.7628,-96.1028,United States,False,ML633934772,P1
63770,bubsan,Calidris subruficollis,コモンシギ,3.574468085106383,47,"Firth River Camp, Yukon Territory, Canada",15 Jun 1974,William W. H. Gunn,0.0,0.0,Canada,False,ML63770,P1
644558922,bubsan,Calidris subruficollis,コモンシギ,3.2,5,"Rio Grande--Ilha da Torotama, Rio Grande, Rio Grande do Sul, Brazil",19 Nov 2023,Vinícius Domingues,-31.9227,-52.1992,Brazil,False,ML644558922,P1
67354591,bubsan,Calidris subruficollis,コモンシギ,1.4893617021276595,47,"Cape Sable Island--Cape Sable, Shelburne, Nova Scotia, Canada",28 Aug 2017,Mark Dennis,43.3957,-65.6215,Canada,False,ML67354591,P1
125406351,buffle,Bucephala albeola,ヒメハジロ,2.5454545454545454,33,"Cape Island--Cape May Point SP (CMPSP), Cape May, New Jersey, United States",26 Nov 2018,Tom Johnson,38.9338,-74.9551,United States,False,ML125406351,P1
126137601,buffle,Bucephala albeola,ヒメハジロ,1.696969696969697,33,"Milestone Cranberry Bogs, Nantucket, Massachusetts, United States",1 Dec 2018,Lily Morello,41.2707,-70.0058,United States,False,ML126137601,P1
126565921,buffle,Bucephala albeola,ヒメハジロ,2.242424242424242,33,"CA-ON-Georgina-425 Bouchier St, York, Ontario, Canada",1 Dec 2018,Frank Pinilla,44.2693,-79.504,Canada,False,ML126565921,P1
132694161,buffle,Bucephala albeola,ヒメハジロ,1.5454545454545454,33,"South Platte Park, Arapahoe, Colorado, United States",2 Jan 2019,Santiago Tabares,39.5801,-105.0324,United States,False,ML132694161,P1
133814971,buffle,Bucephala albeola,ヒメハジロ,1.696969696969697,33,"Quatal Canyon (SBA Co.), Santa Barbara, California, United States",7 Jan 2019,Anonymous,34.8193,-119.4589,United States,False,ML133814971,P1
137506,buffle,Bucephala albeola,ヒメハジロ,2.121212121212121,33,"north end Fort Pierre National Grassland, Lyman, South Dakota, United States",11 Apr 2007,Gerrit Vyn,0.0,0.0,United States,False,ML137506,P1
138209,buffle,Bucephala albeola,ヒメハジロ,3.484848484848485,33,"Steese Highway just past junction to Circle Hot Springs, Alaska, United States",10 Jul 2007,Gerrit Vyn,0.0,0.0,United States,False,ML138209,P1
138213,buffle,Bucephala albeola,ヒメハジロ,4.052631578947368,38,"Steese Highway 3 miles south of Central, Alaska, United States",12 Jul 2007,Gerrit Vyn,0.0,0.0,United States,False,ML138213,P1
139662,buffle,Bucephala albeola,ヒメハジロ,3.1818181818181817,33,"Braddock Bay, Monroe, New York, United States",7 Mar 2009,Jessie Barry,43.3214,-77.7371,United States,False,ML139662,P1
139665,buffle,Bucephala albeola,ヒメハジロ,3.090909090909091,33,"Braddock Bay, Monroe, New York, United States",7 Mar 2009,Jessie Barry,43.3214,-77.7371,United States,False,ML139665,P1
141385401,buffle,Bucephala albeola,ヒメハジロ,1.7941176470588236,34,"Ocean City--Northside Park, Worcester, Maryland, United States",30 Dec 2018,Brian Henderson,38.4326,-75.0598,United States,False,ML141385401,P1
146326581,buffle,Bucephala albeola,ヒメハジロ,2.2941176470588234,34,"Fossil Creek Reservoir--Swede Lake, Larimer, Colorado, United States",16 Mar 2019,Nick Komar,40.4846,-104.9993,United States,False,ML146326581,P1
147722171,buffle,Bucephala albeola,ヒメハジロ,2.5294117647058822,34,"Ryder Conservation Area, Barnstable, Massachusetts, United States",28 Mar 2019,Peter Crosson,41.6703,-70.4716,United States,False,ML147722171,P1
148102661,buffle,Bucephala albeola,ヒメハジロ,2.5588235294117645,34,"Bantam Lake, Litchfield, Connecticut, United States",30 Mar 2019,Nicolas Main,41.7045,-73.2261,United States,False,ML148102661,P1
150071611,buffle,Bucephala albeola,ヒメハジロ,1.7058823529411764,34,"Arcadia Marsh, Manistee, Michigan, United States",8 Apr 2019,Mike Mencotti,44.4889,-86.2286,United States,False,ML150071611,P1
150356831,buffle,Bucephala albeola,ヒメハジロ,1.7941176470588236,34,"South Platte Park, Arapahoe, Colorado, United States",27 Mar 2019,Santiago Tabares,39.5801,-105.0324,United States,False,ML150356831,P1
152434751,buffle,Bucephala albeola,ヒメハジロ,1.8529411764705883,34,"Saxon Harbor, Iron, Wisconsin, United States",20 Apr 2019,Nick Anich,46.562,-90.439,United States,False,ML152434751,P1
155370961,buffle,Bucephala albeola,ヒメハジロ,1.6764705882352942,34,"Sears Island, Waldo, Maine, United States",1 May 2019,Fyn Kynd,44.453,-68.8809,United States,False,ML155370961,P1
169381341,buffle,Bucephala albeola,ヒメハジロ,2.9705882352941178,34,"Fog Haven, Prince Albert, Saskatchewan, Canada",9 Jul 2019,Kathleen Dvorak,53.4405,-105.8724,Canada,False,ML169381341,P1
170516911,buffle,Bucephala albeola,ヒメハジロ,3.5294117647058822,34,"Lupfer Trail, Flathead, Montana, United States",10 Jun 2017,Bruce Tannehill,48.4784,-114.4864,United States,False,ML170516911,P1
195084901,buffle,Bucephala albeola,ヒメハジロ,2.6176470588235294,34,"Mariandale Retreat and Conference Center, Westchester, New York, United States",25 Dec 2019,valerie heemstra,41.1751,-73.8719,United States,False,ML195084901,P1
195087031,buffle,Bucephala albeola,ヒメハジロ,2.676470588235294,34,"Mariandale Retreat and Conference Center, Westchester, New York, United States",25 Dec 2019,valerie heemstra,41.1751,-73.8719,United States,False,ML195087031,P1
202049111,buffle,Bucephala albeola,ヒメハジロ,3.0588235294117645,34,"Marshlands Conservancy, Westchester, New York, United States",21 Jan 2020,valerie heemstra,40.9561,-73.7038,United States,False,ML202049111,P1
203754291,buffle,Bucephala albeola,ヒメハジロ,3.0588235294117645,34,"Tellico Lake WMA--Chota Unit, Monroe, Tennessee, United States",29 Jan 2020,Bates Estabrooks,35.5562,-84.127,United States,False,ML203754291,P1
209959911,buffle,Bucephala albeola,ヒメハジロ,3.1470588235294117,34,"Glen Island Park, Westchester, New York, United States",17 Feb 2020,valerie heemstra,40.8857,-73.7838,United States,False,ML209959911,P1
209961711,buffle,Bucephala albeola,ヒメハジロ,2.6176470588235294,34,"Glen Island Park, Westchester, New York, United States",17 Feb 2020,valerie heemstra,40.8857,-73.7838,United States,False,ML209961711,P1
211396091,buffle,Bucephala albeola,ヒメハジロ,1.7352941176470589,34,"Ocean Trails Reserve and golf course trails, Los Angeles, California, United States",21 Feb 2020,Jonathan Nakai,33.7283,-118.3402,United States,False,ML211396091,P1
212957131,buffle,Bucephala albeola,ヒメハジロ,3.0588235294117645,34,"Central Park--Jacqueline Kennedy Onassis Reservoir, New York, New York, United States",2 Mar 2020,Mickey Ryan,40.786,-73.962,United States,False,ML212957131,P1
212957171,buffle,Bucephala albeola,ヒメハジロ,2.588235294117647,34,"Central Park--Jacqueline Kennedy Onassis Reservoir, New York, New York, United States",2 Mar 2020,Mickey Ryan,40.786,-73.962,United States,False,ML212957171,P1
214919591,buffle,Bucephala albeola,ヒメハジロ,2.3529411764705883,34,"Great Kills Park, Richmond, New York, United States",11 Mar 2020,Joe Gyekis,40.5481,-74.1242,United States,False,ML214919591,P1
215687351,buffle,Bucephala albeola,ヒメハジロ,3.0294117647058822,34,"Myers Point, Tompkins, New York, United States",12 Mar 2020,Jay McGowan,42.5371,-76.5506,United States,False,ML215687351,P1
216625891,buffle,Bucephala albeola,ヒメハジロ,2.176470588235294,34,"Seneca Lake SP, Seneca, New York, United States",19 Mar 2020,Tim Lenz,42.8731,-76.9493,United States,False,ML216625891,P1
218183351,buffle,Bucephala albeola,ヒメハジロ,2.0,34,"Bald Eagle SP--Bullit Run, Centre, Pennsylvania, United States",26 Mar 2020,Julia Plummer,40.9874,-77.7048,United States,False,ML218183351,P1
218183381,buffle,Bucephala albeola,ヒメハジロ,2.6857142857142855,35,"Bald Eagle SP--Bullit Run, Centre, Pennsylvania, United States",26 Mar 2020,Julia Plummer,40.9874,-77.7048,United States,False,ML218183381,P1
219698661,buffle,Bucephala albeola,ヒメハジロ,3.088235294117647,34,"Salt Point Natural Area, Tompkins, New York, United States",31 Mar 2020,Jay McGowan,42.5394,-76.5496,United States,False,ML219698661,P1
219698791,buffle,Bucephala albeola,ヒメハジロ,2.735294117647059,34,"Salt Point Natural Area, Tompkins, New York, United States",31 Mar 2020,Jay McGowan,42.5394,-76.5496,United States,False,ML219698791,P1
220729401,buffle,Bucephala albeola,ヒメハジロ,2.6,35,"Beech Mountain Lakes (restricted access), Luzerne, Pennsylvania, United States",4 Apr 2020,Jonathan DeBalko,41.0502,-75.9193,United States,False,ML220729401,P1
221222771,buffle,Bucephala albeola,ヒメハジロ,3.264705882352941,34,"Waterfront Park, Peterborough, Ontario, Canada",6 Apr 2020,Christopher Moser-Purdy,44.4211,-78.379,Canada,False,ML221222771,P1
221631521,buffle,Bucephala albeola,ヒメハジロ,2.7941176470588234,34,"Lake Road Bluff, Aurora, Cayuga, New York, United States",5 Apr 2020,Jay McGowan,42.732,-76.7083,United States,False,ML221631521,P1
222425481,buffle,Bucephala albeola,ヒメハジロ,3.3529411764705883,34,"Three Meadows Marsh (restricted access), San Juan, Washington, United States",9 Apr 2020,Phil Green,48.5607,-123.0682,United States,False,ML222425481,P1
226967441,buffle,Bucephala albeola,ヒメハジロ,3.2058823529411766,34,"Myers Point, Tompkins, New York, United States",24 Apr 2020,Jay McGowan,42.5371,-76.5506,United States,False,ML226967441,P1
228588991,buffle,Bucephala albeola,ヒメハジロ,2.676470588235294,34,"Conesus Inlet WMA--Sliker Hill Rd. dike & wetlands, Livingston, New York, United States",28 Apr 2020,Nick Kachala,42.7146,-77.7101,United States,False,ML228588991,P1
229264,buffle,Bucephala albeola,ヒメハジロ,2.727272727272727,33,"St. George Island SP, Franklin, Florida, United States",22 Dec 2009,Bob McGuire,29.7155,-84.7535,United States,False,ML229264,P1
230051121,buffle,Bucephala albeola,ヒメハジロ,2.7058823529411766,34,"Myers Point, Tompkins, New York, United States",28 Apr 2020,Jay McGowan,42.5371,-76.5506,United States,False,ML230051121,P1
230116021,buffle,Bucephala albeola,ヒメハジロ,2.5294117647058822,34,"Myers Point, Tompkins, New York, United States",29 Apr 2020,Jay McGowan,42.5371,-76.5506,United States,False,ML230116021,P1
233295,buffle,Bucephala albeola,ヒメハジロ,2.823529411764706,34,"Salt Point Nature Preserve, Tompkins, New York, United States",12 Mar 2018,Bob McGuire,42.5397,-76.5487,United States,False,ML233295,P1
235621141,buffle,Bucephala albeola,ヒメハジロ,2.9705882352941178,34,"Iona Island (General), Metro Vancouver, British Columbia, Canada",9 Apr 2020,Joachim Bertrands | Ornis Birding Expeditions,49.2213,-123.2111,Canada,False,ML235621141,P1
235621151,buffle,Bucephala albeola,ヒメハジロ,2.911764705882353,34,"Iona Island (General), Metro Vancouver, British Columbia, Canada",9 Apr 2020,Joachim Bertrands | Ornis Birding Expeditions,49.2213,-123.2111,Canada,False,ML235621151,P1
25995021,buffle,Bucephala albeola,ヒメハジロ,2.515151515151515,33,"Montezuma NWR--Van Dyne Spoor Rd., Wayne, New York, United States",20 Mar 2016,Jay McGowan,43.0489,-76.7336,United States,False,ML25995021,P1
26193691,buffle,Bucephala albeola,ヒメハジロ,3.0,33,"Myers Point, Tompkins, New York, United States",25 Mar 2016,Jay McGowan,42.5371,-76.5506,United States,False,ML26193691,P1
27010991,buffle,Bucephala albeola,ヒメハジロ,2.4545454545454546,33,"Cottage Grove Lake, Lane, Oregon, United States",4 May 2015,Emily Morgan,43.7158,-123.0599,United States,False,ML27010991,P1
27979011,buffle,Bucephala albeola,ヒメハジロ,2.4545454545454546,33,"Marcus Whitman Townline Road Property, Yates, New York, United States",30 Apr 2016,Brad Walker,42.7608,-77.2699,United States,False,ML27979011,P1
281673451,buffle,Bucephala albeola,ヒメハジロ,2.764705882352941,34,"Damascus Reservoir, Wellington, Ontario, Canada",5 Apr 2020,Dan J. MacNeal,43.9088,-80.4709,Canada,False,ML281673451,P1
288076411,buffle,Bucephala albeola,ヒメハジロ,2.8529411764705883,34,"Fountain Hills Lake, Maricopa, Arizona, United States",14 Dec 2020,Parker Davis,33.6021,-111.712,United States,False,ML288076411,P1
290072641,buffle,Bucephala albeola,ヒメハジロ,3.2058823529411766,34,"San Juan/Shell Creek Road, San Luis Obispo, California, United States",21 Dec 2020,Petra Clayton,35.6034,-120.3298,United States,False,ML290072641,P1
295319931,buffle,Bucephala albeola,ヒメハジロ,2.7058823529411766,34,"Central Saanich--ȾIKEL (Maber Flats), Capital, British Columbia, Canada",25 Dec 2020,Jody  Wells,48.5725,-123.4305,Canada,False,ML295319931,P1
297976631,buffle,Bucephala albeola,ヒメハジロ,2.4411764705882355,34,"Clear Lake State Park, Kelseyville, Lake, California, United States",10 Dec 2020,Bryan McIntosh,39.0191,-122.8138,United States,False,ML297976631,P1
314519141,buffle,Bucephala albeola,ヒメハジロ,2.3529411764705883,34,"Belle Isle, Wayne, Michigan, United States",7 Mar 2021,Kiera Scott,42.3401,-82.9775,United States,False,ML314519141,P1
315969381,buffle,Bucephala albeola,ヒメハジロ,2.735294117647059,34,"Sandy Hook, Monmouth, New Jersey, United States",12 Mar 2021,William Whitehead,40.4393,-73.9869,United States,False,ML315969381,P1
316429451,buffle,Bucephala albeola,ヒメハジロ,1.588235294117647,34,"Valley View Preserve, Clermont, Ohio, United States",12 Mar 2021,Tyler Ficker,39.162,-84.289,United States,False,ML316429451,P1
316445751,buffle,Bucephala albeola,ヒメハジロ,2.735294117647059,34,"Canoa Ranch Conservation Park, Pima, Arizona, United States",13 Mar 2021,Laurens Halsey,31.7948,-111.0156,United States,False,ML316445751,P1
319846971,buffle,Bucephala albeola,ヒメハジロ,2.8823529411764706,34,"Milestone Cranberry Bogs, Nantucket, Massachusetts, United States",25 Mar 2021,Sky Kardell,41.2707,-70.0058,United States,False,ML319846971,P1
320371131,buffle,Bucephala albeola,ヒメハジロ,3.0294117647058822,34,"Cowichan Bay, Cowichan Valley, British Columbia, Canada",27 Mar 2021,Carl Hughes,48.7531,-123.6387,Canada,False,ML320371131,P1
322639771,buffle,Bucephala albeola,ヒメハジロ,1.8235294117647058,34,"Mount Hope Farm, Bristol, Rhode Island, United States",2 Apr 2021,Luis Mendes,41.6682,-71.255,United States,False,ML322639771,P1
322664321,buffle,Bucephala albeola,ヒメハジロ,2.411764705882353,34,"Bristol Harbor, from Portside Road access area, Bristol, Rhode Island, United States",3 Apr 2021,Luis Mendes,41.6679,-71.2893,United States,False,ML322664321,P1
323493251,buffle,Bucephala albeola,ヒメハジロ,2.9411764705882355,34,"Valley Pond IBA (Private Location), Middlesex, Massachusetts, United States",6 Apr 2021,Norman Levey,42.4026,-71.2932,United States,False,ML323493251,P1
326635731,buffle,Bucephala albeola,ヒメハジロ,3.742857142857143,35,"Montezuma NWR--Wildlife Drive, Seneca, New York, United States",10 Apr 2021,Jay McGowan,42.9817,-76.7353,United States,False,ML326635731,P1
326995341,buffle,Bucephala albeola,ヒメハジロ,3.3823529411764706,34,"Pigeon Lake--Sandy Point, Peterborough, Ontario, Canada",13 Apr 2021,Donald A. Sutherland,44.5054,-78.491,Canada,False,ML326995341,P1
329662381,buffle,Bucephala albeola,ヒメハジロ,2.5142857142857142,35,"Lake Estes, Larimer, Colorado, United States",22 Apr 2021,Marc Hemmes,40.3759,-105.4963,United States,False,ML329662381,P1
332482261,buffle,Bucephala albeola,ヒメハジロ,2.9411764705882355,34,"Lake Estes, Larimer, Colorado, United States",1 May 2021,Marc Hemmes,40.3759,-105.4963,United States,False,ML332482261,P1
333940231,buffle,Bucephala albeola,ヒメハジロ,2.176470588235294,34,"Rock Point Provincial Park, Haldimand, Ontario, Canada",2 May 2021,Joshua van der Meulen,42.8492,-79.5533,Canada,False,ML333940231,P1
334918171,buffle,Bucephala albeola,ヒメハジロ,2.5294117647058822,34,"665 Island View Drive, Golden Lake, Ontario, CA (45.59, -77.282), Renfrew, Ontario, Canada",7 May 2021,Carey Purdon,45.5895,-77.2823,Canada,False,ML334918171,P1
351777571,buffle,Bucephala albeola,ヒメハジロ,3.3823529411764706,34,"Waterton NP--Buffalo Paddock, Fort MacLeod, Alberta, Canada",26 Jun 2021,Bradley Yee,49.1318,-113.8605,Canada,False,ML351777571,P1
361850261,buffle,Bucephala albeola,ヒメハジロ,2.823529411764706,34,"Fort St. John--north sewage lagoons, Peace River, British Columbia, Canada",27 Jun 2021,Joshua Brown,56.2706,-120.7767,Canada,False,ML361850261,P1
3706,buffle,Bucephala albeola,ヒメハジロ,3.484848484848485,33,"Watson Lake, British Columbia, Canada",1 Jul 1959,Robert C. Stein,0.0,0.0,Canada,False,ML3706,P1
3707,buffle,Bucephala albeola,ヒメハジロ,3.272727272727273,33,"Watson Lake, British Columbia, Canada",1 Jul 1959,Robert C. Stein,0.0,0.0,Canada,False,ML3707,P1
385590291,buffle,Bucephala albeola,ヒメハジロ,2.588235294117647,34,"East Bay Bike Path--Colt State Park to Independence Park, Bristol, Rhode Island, United States",5 Nov 2021,Luis Mendes,41.6825,-71.2813,United States,False,ML385590291,P1
385590331,buffle,Bucephala albeola,ヒメハジロ,2.4411764705882355,34,"East Bay Bike Path--Colt State Park to Independence Park, Bristol, Rhode Island, United States",5 Nov 2021,Luis Mendes,41.6825,-71.2813,United States,False,ML385590331,P1
390505181,buffle,Bucephala albeola,ヒメハジロ,2.2058823529411766,34,"Cummings Lake, Snohomish, Washington, United States",22 Nov 2021,robert goff,48.1233,-122.347,United States,False,ML390505181,P1
391237481,buffle,Bucephala albeola,ヒメハジロ,2.264705882352941,34,"Victoria--Royal Oak Golf Course, Capital, British Columbia, Canada",26 Nov 2021,Liam Ragan,48.505,-123.3922,Canada,False,ML391237481,P1
391788331,buffle,Bucephala albeola,ヒメハジロ,2.3529411764705883,34,"Colt State Park, Bristol, Rhode Island, United States",28 Nov 2021,Luis Mendes,41.6806,-71.3022,United States,False,ML391788331,P1
394218381,buffle,Bucephala albeola,ヒメハジロ,2.9705882352941178,34,"Fort Hill, Eastham, Barnstable, Massachusetts, United States",5 Dec 2021,Nick Tepper,41.8188,-69.9645,United States,False,ML394218381,P1
400256071,buffle,Bucephala albeola,ヒメハジロ,2.411764705882353,34,"Lake Estes, Larimer, Colorado, United States",26 Dec 2021,Marc Hemmes,40.3759,-105.4963,United States,False,ML400256071,P1
403228561,buffle,Bucephala albeola,ヒメハジロ,2.323529411764706,34,"Blue Mash Nature Trail, Montgomery, Maryland, United States",6 Jan 2022,Stephen Davies,39.194,-77.106,United States,False,ML403228561,P1
403228571,buffle,Bucephala albeola,ヒメハジロ,2.1470588235294117,34,"Blue Mash Nature Trail, Montgomery, Maryland, United States",6 Jan 2022,Stephen Davies,39.194,-77.106,United States,False,ML403228571,P1
403228581,buffle,Bucephala albeola,ヒメハジロ,2.7941176470588234,34,"Blue Mash Nature Trail, Montgomery, Maryland, United States",6 Jan 2022,Stephen Davies,39.194,-77.106,United States,False,ML403228581,P1
405435131,buffle,Bucephala albeola,ヒメハジロ,2.1176470588235294,34,"Duck Creek CA (Bollinger Co.), Bollinger, Missouri, United States",25 Feb 2021,Michael S Taylor,37.0426,-90.0908,United States,False,ML405435131,P1
405579011,buffle,Bucephala albeola,ヒメハジロ,1.7941176470588236,34,"Duck Creek CA (Bollinger Co.), Bollinger, Missouri, United States",25 Feb 2021,Michael S Taylor,37.0426,-90.0908,United States,False,ML405579011,P1
407733701,buffle,Bucephala albeola,ヒメハジロ,1.5588235294117647,34,"Columbia Slough--122nd NE Ave., Multnomah, Oregon, United States",18 Jan 2022,Colby Neuman,45.5608,-122.5373,United States,False,ML407733701,P1
408156081,buffle,Bucephala albeola,ヒメハジロ,2.3823529411764706,34,"Lake Estes, Larimer, Colorado, United States",21 Jan 2022,Marc Hemmes,40.3759,-105.4963,United States,False,ML408156081,P1
414035731,buffle,Bucephala albeola,ヒメハジロ,2.4571428571428573,35,"Occoquan Bay NWR, Prince William, Virginia, United States",6 Feb 2022,John Aleknavage,38.6455,-77.2361,United States,False,ML414035731,P1
414424261,buffle,Bucephala albeola,ヒメハジロ,2.6176470588235294,34,"Central Park, New York, New York, United States",8 Feb 2022,Tim Healy,40.7715,-73.9725,United States,False,ML414424261,P1
415968131,buffle,Bucephala albeola,ヒメハジロ,3.1176470588235294,34,"Victoria--Munn Road/Pike Lake Power Lines, Capital, British Columbia, Canada",13 Feb 2022,Carl Hughes,48.4911,-123.4551,Canada,False,ML415968131,P1
415968181,buffle,Bucephala albeola,ヒメハジロ,3.5588235294117645,34,"Victoria--Munn Road/Pike Lake Power Lines, Capital, British Columbia, Canada",13 Feb 2022,Carl Hughes,48.4911,-123.4551,Canada,False,ML415968181,P1
421292441,buffle,Bucephala albeola,ヒメハジロ,2.588235294117647,34,"Cayuga Lock and River Rd., Cayuga, New York, United States",13 Mar 2021,Jay McGowan,42.9468,-76.7348,United States,False,ML421292441,P1
422046471,buffle,Bucephala albeola,ヒメハジロ,3.085714285714286,35,"Perryville Community Park, Cecil, Maryland, United States",4 Mar 2022,Mark R Johnson,39.5471,-76.0493,United States,False,ML422046471,P1
422708601,buffle,Bucephala albeola,ヒメハジロ,2.911764705882353,34,"Lake Estes, Larimer, Colorado, United States",6 Mar 2022,Marc Hemmes,40.3759,-105.4963,United States,False,ML422708601,P1
42404751,buffle,Bucephala albeola,ヒメハジロ,2.484848484848485,33,"North Mill Pond, Union Springs, Cayuga, New York, United States",10 Dec 2016,Jay McGowan,42.8452,-76.6927,United States,False,ML42404751,P1
425739241,buffle,Bucephala albeola,ヒメハジロ,2.5294117647058822,34,"Selkirk Shores SP--Pine Grove Boat Launch, Oswego, New York, United States",16 Mar 2022,Matthew Brown,43.5674,-76.2034,United States,False,ML425739241,P1
425766571,buffle,Bucephala albeola,ヒメハジロ,3.0294117647058822,34,"Lake Estes, Larimer, Colorado, United States",16 Mar 2022,Marc Hemmes,40.3759,-105.4963,United States,False,ML425766571,P1
427015551,buffle,Bucephala albeola,ヒメハジロ,3.2058823529411766,34,"Metchosin--Pedder Bay, Capital, British Columbia, Canada",19 Mar 2022,Daniel Donnecke,48.3489,-123.5759,Canada,False,ML427015551,P1
427015641,buffle,Bucephala albeola,ヒメハジロ,2.588235294117647,34,"Metchosin--Pedder Bay, Capital, British Columbia, Canada",19 Mar 2022,Daniel Donnecke,48.3489,-123.5759,Canada,False,ML427015641,P1
427460251,buffle,Bucephala albeola,ヒメハジロ,2.176470588235294,34,"Cliff St., Windsor, Vermont, United States",21 Mar 2022,Misc NFC Stations,43.7184,-72.3081,United States,False,ML427460251,P1
429425181,buffle,Bucephala albeola,ヒメハジロ,3.0588235294117645,34,"Upper Lisle County Park, Broome, New York, United States",27 Mar 2022,M. Jordan,42.3971,-75.9642,United States,False,ML429425181,P1
429425201,buffle,Bucephala albeola,ヒメハジロ,2.6176470588235294,34,"Upper Lisle County Park, Broome, New York, United States",27 Mar 2022,M. Jordan,42.3971,-75.9642,United States,False,ML429425201,P1
429426141,buffle,Bucephala albeola,ヒメハジロ,2.823529411764706,34,"Upper Lisle County Park, Broome, New York, United States",27 Mar 2022,M. Jordan,42.3971,-75.9642,United States,False,ML429426141,P1
429426311,buffle,Bucephala albeola,ヒメハジロ,2.4705882352941178,34,"Upper Lisle County Park, Broome, New York, United States",27 Mar 2022,M. Jordan,42.3971,-75.9642,United States,False,ML429426311,P1
429904301,buffle,Bucephala albeola,ヒメハジロ,2.735294117647059,34,"Lake Estes, Larimer, Colorado, United States",28 Mar 2022,Marc Hemmes,40.3759,-105.4963,United States,False,ML429904301,P1
430983951,buffle,Bucephala albeola,ヒメハジロ,2.7058823529411766,34,"Saanich--Panama Flats, Capital, British Columbia, Canada",1 Apr 2022,Carl Hughes,48.4763,-123.4029,Canada,False,ML430983951,P1
438139181,buffle,Bucephala albeola,ヒメハジロ,1.9411764705882353,34,"Otonabee Gravel Pit CA, Peterborough, Ontario, Canada",21 Apr 2022,Luke Berg,44.2105,-78.2546,Canada,False,ML438139181,P1
438976621,buffle,Bucephala albeola,ヒメハジロ,2.6176470588235294,34,"PN du Cap-St-Jacques, Montréal, Quebec, Canada",23 Apr 2022,Sergio Leyva,45.4645,-73.9316,Canada,False,ML438976621,P1
442428481,buffle,Bucephala albeola,ヒメハジロ,3.342857142857143,35,"Lake Estes, Larimer, Colorado, United States",29 Apr 2022,Marc Hemmes,40.3759,-105.4963,United States,False,ML442428481,P1
442428501,buffle,Bucephala albeola,ヒメハジロ,3.1142857142857143,35,"Lake Estes, Larimer, Colorado, United States",29 Apr 2022,Marc Hemmes,40.3759,-105.4963,United States,False,ML442428501,P1
444098141,buffle,Bucephala albeola,ヒメハジロ,2.1176470588235294,34,"Port Colborne--Morgan's Point CA, Niagara, Ontario, Canada",30 Apr 2022,James Mesich,42.8578,-79.3466,Canada,False,ML444098141,P1
448011501,buffle,Bucephala albeola,ヒメハジロ,2.0,34,"Beacon Hill Park, Capital, British Columbia, Canada",9 Jan 2022,Liam Ragan,48.4104,-123.3646,Canada,False,ML448011501,P1
454848721,buffle,Bucephala albeola,ヒメハジロ,2.5294117647058822,34,"Fog Haven, Prince Albert, Saskatchewan, Canada",27 May 2022,Kathleen Dvorak,53.4405,-105.8724,Canada,False,ML454848721,P1
454854751,buffle,Bucephala albeola,ヒメハジロ,3.088235294117647,34,"Fog Haven, Prince Albert, Saskatchewan, Canada",27 May 2022,Kathleen Dvorak,53.4405,-105.8724,Canada,False,ML454854751,P1
469837321,buffle,Bucephala albeola,ヒメハジロ,3.088235294117647,34,"Nimpo Lake (town and nearby resorts), Cariboo, British Columbia, Canada",19 Jun 2022,Ryan O'Donnell,52.3431,-125.1471,Canada,False,ML469837321,P1
500112521,buffle,Bucephala albeola,ヒメハジロ,2.0294117647058822,34,"Bracebridge Sewage Treatment Ponds, Muskoka, Ontario, Canada",2 Nov 2022,David and Regan Goodyear,45.0211,-79.3186,Canada,False,ML500112521,P1
501830981,buffle,Bucephala albeola,ヒメハジロ,2.264705882352941,34,"Lagerman Agricultural Preserve--Lagerman Reservoir, Boulder, Colorado, United States",4 Nov 2022,Christian Nunes,40.1348,-105.1889,United States,False,ML501830981,P1
501876751,buffle,Bucephala albeola,ヒメハジロ,1.8823529411764706,34,"Victoria--Summit Park Reservoir, Capital, British Columbia, Canada",6 Nov 2022,Liam Ragan,48.4452,-123.3532,Canada,False,ML501876751,P1
503845501,buffle,Bucephala albeola,ヒメハジロ,2.235294117647059,34,"Beacon Hill Park, Capital, British Columbia, Canada",13 Nov 2022,Liam Ragan,48.4104,-123.3646,Canada,False,ML503845501,P1
504315981,buffle,Bucephala albeola,ヒメハジロ,2.588235294117647,34,"Lake Solano County Park (SOL Co.), Solano, California, United States",16 Nov 2022,James (Jim) Holmes,38.4915,-122.0282,United States,False,ML504315981,P1
504315991,buffle,Bucephala albeola,ヒメハジロ,2.764705882352941,34,"Lake Solano County Park (SOL Co.), Solano, California, United States",16 Nov 2022,James (Jim) Holmes,38.4915,-122.0282,United States,False,ML504315991,P1
504894891,buffle,Bucephala albeola,ヒメハジロ,2.235294117647059,34,"Sandy Hook, Monmouth, New Jersey, United States",18 Nov 2022,William Whitehead,40.4393,-73.9869,United States,False,ML504894891,P1
504894931,buffle,Bucephala albeola,ヒメハジロ,1.6470588235294117,34,"Sandy Hook, Monmouth, New Jersey, United States",18 Nov 2022,William Whitehead,40.4393,-73.9869,United States,False,ML504894931,P1
507506841,buffle,Bucephala albeola,ヒメハジロ,2.676470588235294,34,"Sandy Hook, Monmouth, New Jersey, United States",26 Nov 2022,William Whitehead,40.4393,-73.9869,United States,False,ML507506841,P1
507714301,buffle,Bucephala albeola,ヒメハジロ,2.1470588235294117,34,"Sandy Hook, Monmouth, New Jersey, United States",26 Nov 2022,William Whitehead,40.4393,-73.9869,United States,False,ML507714301,P1
507714311,buffle,Bucephala albeola,ヒメハジロ,1.9705882352941178,34,"Sandy Hook, Monmouth, New Jersey, United States",26 Nov 2022,William Whitehead,40.4393,-73.9869,United States,False,ML507714311,P1
50815991,buffle,Bucephala albeola,ヒメハジロ,3.0606060606060606,33,"US-WA-Friday Harbor-340 Kingfisher Ln - 48.5730x-123.1532, San Juan, Washington, United States",26 Jan 2017,Phil Green,48.573,-123.1532,United States,False,ML50815991,P1
509362331,buffle,Bucephala albeola,ヒメハジロ,2.4705882352941178,34,"Sandy Hook, Monmouth, New Jersey, United States",2 Dec 2022,William Whitehead,40.4393,-73.9869,United States,False,ML509362331,P1
509362341,buffle,Bucephala albeola,ヒメハジロ,2.588235294117647,34,"Sandy Hook, Monmouth, New Jersey, United States",2 Dec 2022,William Whitehead,40.4393,-73.9869,United States,False,ML509362341,P1
511822081,buffle,Bucephala albeola,ヒメハジロ,2.742857142857143,35,"Loch Lomond, Lochmere, Cary, Wake, North Carolina, United States",8 Dec 2022,Dale Lambert,35.7326,-78.7743,United States,False,ML511822081,P1
513261841,buffle,Bucephala albeola,ヒメハジロ,1.8235294117647058,34,"Poe Valley SP, Centre, Pennsylvania, United States",12 Nov 2022,Joe Gyekis,40.8215,-77.4718,United States,False,ML513261841,P1
515497401,buffle,Bucephala albeola,ヒメハジロ,3.0,34,"Philomath Sewage Ponds--south pond, Benton, Oregon, United States",5 Nov 2022,W. Douglas Robinson,44.5192,-123.3464,United States,False,ML515497401,P1
516804281,buffle,Bucephala albeola,ヒメハジロ,3.1470588235294117,34,"Greenville--River Park North, Pitt, North Carolina, United States",26 Dec 2022,Trevor Sleight,35.6265,-77.3615,United States,False,ML516804281,P1
518324171,buffle,Bucephala albeola,ヒメハジロ,2.2857142857142856,35,"Newark—Marshall Creek Rd, Worcester, Maryland, United States",28 Dec 2022,Michael O'Brien,38.2464,-75.2736,United States,False,ML518324171,P1
518361191,buffle,Bucephala albeola,ヒメハジロ,2.942857142857143,35,"Newark—Marshall Creek Rd, Worcester, Maryland, United States",28 Dec 2022,Michael O'Brien,38.2464,-75.2736,United States,False,ML518361191,P1
519220541,buffle,Bucephala albeola,ヒメハジロ,2.676470588235294,34,"Jake's Landing, Cape May, New Jersey, United States",1 Jan 2023,Michael O'Brien,39.1796,-74.851,United States,False,ML519220541,P1
52647881,buffle,Bucephala albeola,ヒメハジロ,3.1818181818181817,33,"Arcata Marsh and Wildlife Sanctuary, Humboldt, California, United States",28 Jan 2017,Paul Marvin,40.8574,-124.0946,United States,False,ML52647881,P1
529250451,buffle,Bucephala albeola,ヒメハジロ,2.5294117647058822,34,"Saanich--Panama Flats, Capital, British Columbia, Canada",28 Jan 2023,Andrew Jacobs,48.4763,-123.4029,Canada,False,ML529250451,P1
529319981,buffle,Bucephala albeola,ヒメハジロ,2.7058823529411766,34,"Blandford, Lunenburg, Nova Scotia, Canada",28 Jan 2023,Robert Keereweer,44.4939,-64.1106,Canada,False,ML529319981,P1
529904331,buffle,Bucephala albeola,ヒメハジロ,2.342857142857143,35,"Kingsbridge Shores, Plymouth, Massachusetts, United States",30 Jan 2023,Lisa Schibley,41.8121,-70.5391,United States,False,ML529904331,P1
534550871,buffle,Bucephala albeola,ヒメハジロ,2.764705882352941,34,"Colt State Park, Bristol, Rhode Island, United States",12 Feb 2023,Luis Mendes,41.6806,-71.3022,United States,False,ML534550871,P1
53519551,buffle,Bucephala albeola,ヒメハジロ,2.212121212121212,33,"Salt Point Natural Area, Tompkins, New York, United States",30 Mar 2017,Jay McGowan,42.5394,-76.5496,United States,False,ML53519551,P1
53677811,buffle,Bucephala albeola,ヒメハジロ,2.606060606060606,33,"Myers Point, Tompkins, New York, United States",28 Mar 2017,Jay McGowan,42.5371,-76.5506,United States,False,ML53677811,P1
539008021,buffle,Bucephala albeola,ヒメハジロ,2.323529411764706,34,"Coquitlam—ƛ̓éxətəm (tla-hut-um) Regional Park, Metro Vancouver, British Columbia, Canada",31 Mar 2022,Jock McCracken,49.2343,-122.7996,Canada,False,ML539008021,P1
539012071,buffle,Bucephala albeola,ヒメハジロ,1.6470588235294117,34,"Beaver Lake, Hampshire, Massachusetts, United States",21 Feb 2023,Mary McKitrick,42.2532,-72.3046,United States,False,ML539012071,P1
539961711,buffle,Bucephala albeola,ヒメハジロ,2.735294117647059,34,"Chief Timothy Park, Asotin, Washington, United States",25 Nov 2022,Jerred Seveyka,46.416,-117.194,United States,False,ML539961711,P1
540844061,buffle,Bucephala albeola,ヒメハジロ,3.1470588235294117,34,"Kiptopeke State Park, Northampton, Virginia, United States",7 Mar 2019,Andrew Rapp,37.1691,-75.9803,United States,False,ML540844061,P1
541533291,buffle,Bucephala albeola,ヒメハジロ,2.8823529411764706,34,"Sandy Hook, Monmouth, New Jersey, United States",3 Mar 2023,William Whitehead,40.4393,-73.9869,United States,False,ML541533291,P1
541533301,buffle,Bucephala albeola,ヒメハジロ,2.588235294117647,34,"Sandy Hook, Monmouth, New Jersey, United States",3 Mar 2023,William Whitehead,40.4393,-73.9869,United States,False,ML541533301,P1
541533311,buffle,Bucephala albeola,ヒメハジロ,2.4705882352941178,34,"Sandy Hook, Monmouth, New Jersey, United States",3 Mar 2023,William Whitehead,40.4393,-73.9869,United States,False,ML541533311,P1
541533321,buffle,Bucephala albeola,ヒメハジロ,3.0,34,"Sandy Hook, Monmouth, New Jersey, United States",3 Mar 2023,William Whitehead,40.4393,-73.9869,United States,False,ML541533321,P1
541619111,buffle,Bucephala albeola,ヒメハジロ,2.1470588235294117,34,"Bald Eagle SP--Foster Joseph Sayers Dam, Centre, Pennsylvania, United States",3 Mar 2023,Julia Plummer,41.0476,-77.6131,United States,False,ML541619111,P1
547426681,buffle,Bucephala albeola,ヒメハジロ,2.8823529411764706,34,"Salt Point Natural Area, Tompkins, New York, United States",16 Mar 2023,Jay McGowan,42.5394,-76.5496,United States,False,ML547426681,P1
54841931,buffle,Bucephala albeola,ヒメハジロ,2.393939393939394,33,"Myers Point, Tompkins, New York, United States",13 Apr 2017,Jay McGowan,42.5371,-76.5506,United States,False,ML54841931,P1
553567321,buffle,Bucephala albeola,ヒメハジロ,2.588235294117647,34,"High Falls Pond, Croghan, Lewis, New York, United States",4 Apr 2023,M Roggie,43.9326,-75.3673,United States,False,ML553567321,P1
554053761,buffle,Bucephala albeola,ヒメハジロ,3.1176470588235294,34,"Tucannon HMU, Columbia, Washington, United States",26 Nov 2022,Jerred Seveyka,46.5476,-118.1766,United States,False,ML554053761,P1
554053771,buffle,Bucephala albeola,ヒメハジロ,2.911764705882353,34,"Tucannon HMU, Columbia, Washington, United States",26 Nov 2022,Jerred Seveyka,46.5476,-118.1766,United States,False,ML554053771,P1
555178111,buffle,Bucephala albeola,ヒメハジロ,3.176470588235294,34,"Lakefield Sewage Lagoons, Peterborough, Ontario, Canada",8 Apr 2023,Donald A. Sutherland,44.4181,-78.2587,Canada,False,ML555178111,P1
557384111,buffle,Bucephala albeola,ヒメハジロ,3.6470588235294117,34,"Myers Point, Tompkins, New York, United States",8 Apr 2023,Jay McGowan,42.5371,-76.5506,United States,False,ML557384111,P1
557384381,buffle,Bucephala albeola,ヒメハジロ,2.676470588235294,34,"Myers Point, Tompkins, New York, United States",8 Apr 2023,Jay McGowan,42.5371,-76.5506,United States,False,ML557384381,P1
557385771,buffle,Bucephala albeola,ヒメハジロ,2.5294117647058822,34,"Factory St. Pond, Union Springs, Cayuga, New York, United States",8 Apr 2023,Jay McGowan,42.8414,-76.6944,United States,False,ML557385771,P1
559664591,buffle,Bucephala albeola,ヒメハジロ,2.9411764705882355,34,"PN du Cap-St-Jacques, Montréal, Quebec, Canada",18 Apr 2023,Sergio Leyva,45.4645,-73.9316,Canada,False,ML559664591,P1
560363401,buffle,Bucephala albeola,ヒメハジロ,2.5,34,"Great Western Reservoir (closed to public), Broomfield, Colorado, United States",16 Apr 2017,Nathan Pieplow,39.8968,-105.1523,United States,False,ML560363401,P1
566620411,buffle,Bucephala albeola,ヒメハジロ,2.4705882352941178,34,"Otonabee Gravel Pit CA, Peterborough, Ontario, Canada",23 Apr 2023,Luke Berg,44.2105,-78.2546,Canada,False,ML566620411,P1
57549,buffle,Bucephala albeola,ヒメハジロ,2.4545454545454546,33,"Marsh .5 Mi. N And 1 Mi. W Of Rolling Hills Subdivision, Alberta, Canada",24 May 1976,William W. H. Gunn,0.0,0.0,Canada,False,ML57549,P1
57550,buffle,Bucephala albeola,ヒメハジロ,2.727272727272727,33,"Cross Lake Provincial Park, .5 Mi S Of Entrance, Alberta, Canada",27 Jun 1979,William W. H. Gunn,0.0,0.0,Canada,False,ML57550,P1
57551,buffle,Bucephala albeola,ヒメハジロ,2.757575757575758,33,"Annette Lake, Jasper National Park, Alberta, Canada",20 May 1982,William W. H. Gunn,0.0,0.0,Canada,False,ML57551,P1
57552,buffle,Bucephala albeola,ヒメハジロ,2.4242424242424243,33,"Verulam Twp.; Pond On Our Property, Ontario, Canada",Apr 1984,Lucie R. Gunn,0.0,0.0,Canada,False,ML57552,P1
585373361,buffle,Bucephala albeola,ヒメハジロ,2.657142857142857,35,"Liard Highway—Km 7, Fort Smith, Northwest Territories, Canada",13 Jun 2023,Reid Hildebrandt,60.0601,-122.9926,Canada,False,ML585373361,P1
590068551,buffle,Bucephala albeola,ヒメハジロ,2.9411764705882355,34,"Philomath Sewage Ponds--northeast pond, Benton, Oregon, United States",3 Apr 2023,W. Douglas Robinson,44.5242,-123.3455,United States,False,ML590068551,P1
595521081,buffle,Bucephala albeola,ヒメハジロ,3.4411764705882355,34,"Ponderosa SP--Lily Marsh, Valley, Idaho, United States",18 Jul 2023,Kathryn Keith,44.9482,-116.0761,United States,False,ML595521081,P1
603847391,buffle,Bucephala albeola,ヒメハジロ,2.3529411764705883,34,"Spring Lake Park Reserve--Camp Spring Lake, Dakota, Minnesota, United States",6 Apr 2023,Matthew Thompson,44.7567,-92.9851,United States,False,ML603847391,P1
609053634,buffle,Bucephala albeola,ヒメハジロ,1.8823529411764706,34,"Bombay Hook National Wildlife Refuge, Kent, Delaware, United States",14 Nov 2010,Pam Rasmussen,39.2671,-75.4696,United States,False,ML609053634,P1
610940472,buffle,Bucephala albeola,ヒメハジロ,2.411764705882353,34,"Manomet Conservation Sciences, Plymouth, Massachusetts, United States",9 Nov 2023,Trenton Voytko,41.921,-70.5443,United States,False,ML610940472,P1
611212494,buffle,Bucephala albeola,ヒメハジロ,2.6176470588235294,34,"Island View Beach, Capital, British Columbia, Canada",16 Nov 2023,Carl Hughes,48.5751,-123.3681,Canada,False,ML611212494,P1
611507907,buffle,Bucephala albeola,ヒメハジロ,2.0294117647058822,34,"Arlington Reservoir, Middlesex, Massachusetts, United States",9 Mar 2022,Fen Levy-O'Malley,42.4294,-71.1892,United States,False,ML611507907,P1
611790689,buffle,Bucephala albeola,ヒメハジロ,2.5294117647058822,34,"Manasquan Reservoir IBA, Monmouth, New Jersey, United States",2 Dec 2023,William Whitehead,40.1789,-74.2084,United States,False,ML611790689,P1
613791056,buffle,Bucephala albeola,ヒメハジロ,2.2941176470588234,34,"Shelburne Bay, Chittenden, Vermont, United States",2 Jan 2024,Sam Darmstadt,44.4029,-73.2324,United States,False,ML613791056,P1
614621172,buffle,Bucephala albeola,ヒメハジロ,2.588235294117647,34,"Brady Loop, Grays Harbor, Washington, United States",9 Feb 2024,Liam Hutcheson,46.9767,-123.5424,United States,False,ML614621172,P1
614621173,buffle,Bucephala albeola,ヒメハジロ,3.2058823529411766,34,"Brady Loop, Grays Harbor, Washington, United States",9 Feb 2024,Liam Hutcheson,46.9767,-123.5424,United States,False,ML614621173,P1
614916078,buffle,Bucephala albeola,ヒメハジロ,2.2941176470588234,34,"Alum Creek SP--Beach and Alum Reservoir South, Delaware, Ohio, United States",16 Feb 2024,Corinna Honscheid,40.1908,-82.9666,United States,False,ML614916078,P1
615594287,buffle,Bucephala albeola,ヒメハジロ,2.6857142857142855,35,"Blue Mash Nature Trail, Montgomery, Maryland, United States",26 Feb 2024,Ryan Douglas,39.194,-77.106,United States,False,ML615594287,P1
616005835,buffle,Bucephala albeola,ヒメハジロ,2.323529411764706,34,"Raritan Bay Waterfront Park & Morgan Avenue Mudflats, Middlesex, New Jersey, United States",13 Mar 2024,William Whitehead,40.4769,-74.2686,United States,False,ML616005835,P1
616005836,buffle,Bucephala albeola,ヒメハジロ,2.588235294117647,34,"Raritan Bay Waterfront Park & Morgan Avenue Mudflats, Middlesex, New Jersey, United States",13 Mar 2024,William Whitehead,40.4769,-74.2686,United States,False,ML616005836,P1
616005838,buffle,Bucephala albeola,ヒメハジロ,2.235294117647059,34,"Raritan Bay Waterfront Park & Morgan Avenue Mudflats, Middlesex, New Jersey, United States",13 Mar 2024,William Whitehead,40.4769,-74.2686,United States,False,ML616005838,P1
616568684,buffle,Bucephala albeola,ヒメハジロ,2.823529411764706,34,"French Basin Trail, Annapolis, Nova Scotia, Canada",24 Mar 2024,Jake Chute,44.7446,-65.5088,Canada,False,ML616568684,P1
616585754,buffle,Bucephala albeola,ヒメハジロ,3.323529411764706,34,"Martindale Flats--McIntyre Reservoir, Capital, British Columbia, Canada",25 Mar 2024,Jody  Wells,48.5691,-123.3798,Canada,False,ML616585754,P1
616714012,buffle,Bucephala albeola,ヒメハジロ,3.088235294117647,34,"Manasquan Reservoir IBA, Monmouth, New Jersey, United States",30 Mar 2024,William Whitehead,40.1789,-74.2084,United States,False,ML616714012,P1
61676531,buffle,Bucephala albeola,ヒメハジロ,1.9393939393939394,33,"Wyers Point and Wyers Point Rd., Seneca, New York, United States",23 Mar 2017,Tim Lenz,42.6736,-76.7157,United States,False,ML61676531,P1
616808179,buffle,Bucephala albeola,ヒメハジロ,1.9411764705882353,34,"Colyer Lake - Lake Road, Centre, Pennsylvania, United States",31 Mar 2024,Julia Plummer,40.7725,-77.6808,United States,False,ML616808179,P1
617006080,buffle,Bucephala albeola,ヒメハジロ,1.6764705882352942,34,"Gallup Park, Washtenaw, Michigan, United States",6 Apr 2024,Victor Chen,42.2733,-83.6934,United States,False,ML617006080,P1
617007617,buffle,Bucephala albeola,ヒメハジロ,3.0,34,"Clinton SP--Campground 3 WTP, Douglas, Kansas, United States",10 Mar 2024,Chris Fagyal,38.9418,-95.3798,United States,False,ML617007617,P1
617007824,buffle,Bucephala albeola,ヒメハジロ,3.0,34,"Clinton SP--Campground 3 WTP, Douglas, Kansas, United States",10 Mar 2024,Chris Fagyal,38.9418,-95.3798,United States,False,ML617007824,P1
617008017,buffle,Bucephala albeola,ヒメハジロ,3.235294117647059,34,"Clinton SP--Campground 3 WTP, Douglas, Kansas, United States",10 Mar 2024,Chris Fagyal,38.9418,-95.3798,United States,False,ML617008017,P1
617008018,buffle,Bucephala albeola,ヒメハジロ,2.764705882352941,34,"Clinton SP--Campground 3 WTP, Douglas, Kansas, United States",10 Mar 2024,Chris Fagyal,38.9418,-95.3798,United States,False,ML617008018,P1
617629796,buffle,Bucephala albeola,ヒメハジロ,1.7647058823529411,34,"PN d'Oka, Deux-Montagnes, Quebec, Canada",19 Apr 2024,François-Xavier Grandmont,45.4714,-74.0445,Canada,False,ML617629796,P1
617925381,buffle,Bucephala albeola,ヒメハジロ,2.235294117647059,34,"Powell Marsh Rd, Manitowish Waters US-WI 46.08692, -89.92029, Vilas, Wisconsin, United States",24 Apr 2024,David Wittrock,46.0869,-89.9203,United States,False,ML617925381,P1
620728642,buffle,Bucephala albeola,ヒメハジロ,3.7142857142857144,35,"Eielson AFB--Manchu Rd. (restricted access), Fairbanks North Star Borough, Alaska, United States",19 Jun 2024,Zak Pohlen,64.6938,-147.0552,United States,False,ML620728642,P1
621919700,buffle,Bucephala albeola,ヒメハジロ,2.3142857142857145,35,"Tombstone Territorial Park--Two Moose Lake, Yukon, Yukon Territory, Canada",26 Jun 2024,Nathan Pieplow,64.7344,-138.3644,Canada,False,ML621919700,P1
626072197,buffle,Bucephala albeola,ヒメハジロ,2.4545454545454546,22,"Manasquan Reservoir IBA, Monmouth, New Jersey, United States",9 Nov 2024,William Whitehead,40.1789,-74.2084,United States,False,ML626072197,P1
626072198,buffle,Bucephala albeola,ヒメハジロ,2.6363636363636362,22,"Manasquan Reservoir IBA, Monmouth, New Jersey, United States",9 Nov 2024,William Whitehead,40.1789,-74.2084,United States,False,ML626072198,P1
626072199,buffle,Bucephala albeola,ヒメハジロ,2.9565217391304346,23,"Manasquan Reservoir IBA, Monmouth, New Jersey, United States",9 Nov 2024,William Whitehead,40.1789,-74.2084,United States,False,ML626072199,P1
626250410,buffle,Bucephala albeola,ヒメハジロ,1.6818181818181819,22,"Thief Valley Reservoir (Union Co.), Union, Oregon, United States",14 Nov 2024,Trent   Bray,45.0229,-117.7854,United States,False,ML626250410,P1
626791466,buffle,Bucephala albeola,ヒメハジロ,2.8260869565217392,23,"Manasquan Reservoir IBA, Monmouth, New Jersey, United States",27 Nov 2024,William Whitehead,40.1789,-74.2084,United States,False,ML626791466,P1
626791467,buffle,Bucephala albeola,ヒメハジロ,3.5652173913043477,23,"Manasquan Reservoir IBA, Monmouth, New Jersey, United States",27 Nov 2024,William Whitehead,40.1789,-74.2084,United States,False,ML626791467,P1
626791468,buffle,Bucephala albeola,ヒメハジロ,3.0434782608695654,23,"Manasquan Reservoir IBA, Monmouth, New Jersey, United States",27 Nov 2024,William Whitehead,40.1789,-74.2084,United States,False,ML626791468,P1
626791469,buffle,Bucephala albeola,ヒメハジロ,3.5652173913043477,23,"Manasquan Reservoir IBA, Monmouth, New Jersey, United States",27 Nov 2024,William Whitehead,40.1789,-74.2084,United States,False,ML626791469,P1
626990714,buffle,Bucephala albeola,ヒメハジロ,3.391304347826087,23,"Alki (including north and south beaches), King, Washington, United States",1 Dec 2024,Greg Harrington,47.5761,-122.4191,United States,False,ML626990714,P1
626990715,buffle,Bucephala albeola,ヒメハジロ,2.652173913043478,23,"Alki (including north and south beaches), King, Washington, United States",1 Dec 2024,Greg Harrington,47.5761,-122.4191,United States,False,ML626990715,P1
627037466,buffle,Bucephala albeola,ヒメハジロ,3.260869565217391,23,"Burk's Falls Sewage Lagoons, Parry Sound, Ontario, Canada",2 Nov 2024,Craig Evans,45.6289,-79.3954,Canada,False,ML627037466,P1
627039041,buffle,Bucephala albeola,ヒメハジロ,1.7826086956521738,23,"UMass Boston--Campus Grounds and Dorchester Bay, Suffolk, Massachusetts, United States",2 Dec 2024,Samuel Harris,42.3142,-71.0374,United States,False,ML627039041,P1
627256405,buffle,Bucephala albeola,ヒメハジロ,2.608695652173913,23,"Manasquan Reservoir IBA, Monmouth, New Jersey, United States",7 Dec 2024,William Whitehead,40.1789,-74.2084,United States,False,ML627256405,P1
627429348,buffle,Bucephala albeola,ヒメハジロ,1.434782608695652,23,"Blueback Beach Access — Dover, Nanaimo, British Columbia, Canada",11 Dec 2024,Tristan Semeniuk,49.249,-124.0399,Canada,False,ML627429348,P1
628209458,buffle,Bucephala albeola,ヒメハジロ,2.652173913043478,23,"Brackett's Landing, Snohomish, Washington, United States",27 Dec 2024,Julia Plummer,47.8133,-122.3821,United States,False,ML628209458,P1
628497657,buffle,Bucephala albeola,ヒメハジロ,3.391304347826087,23,"Bolsa Chica Ecological Reserve, Orange, California, United States",3 Jan 2025,Ben Newhouse,33.7027,-118.0507,United States,False,ML628497657,P1
630144688,buffle,Bucephala albeola,ヒメハジロ,2.6956521739130435,23,"Wickersham area of Samish River, Whatcom, Washington, United States",3 Feb 2025,J.J. Blue,48.6531,-122.2055,United States,False,ML630144688,P1
630165779,buffle,Bucephala albeola,ヒメハジロ,3.4782608695652173,23,"East of Las Cruces Dam, Dona Ana, New Mexico, United States",3 Feb 2025,Benjamin Guo,32.3232,-106.743,United States,False,ML630165779,P1
630183652,buffle,Bucephala albeola,ヒメハジロ,3.4347826086956523,23,"Sunnyside Beach, Toronto, Ontario, Canada",4 Feb 2025,Sean Fraser,43.6358,-79.4626,Canada,False,ML630183652,P1
630325617,buffle,Bucephala albeola,ヒメハジロ,2.9130434782608696,23,"Pleasure House Point Natural Area, Virginia Beach, Virginia, United States",3 Feb 2025,Steve Myers,36.9032,-76.0994,United States,False,ML630325617,P1
631011794,buffle,Bucephala albeola,ヒメハジロ,2.260869565217391,23,"BHI--Nut Island, Norfolk, Massachusetts, United States",15 Feb 2025,Dan O'Brien,42.2794,-70.9544,United States,False,ML631011794,P1
631012034,buffle,Bucephala albeola,ヒメハジロ,2.391304347826087,23,"University of Washington Seattle Campus, King, Washington, United States",20 Feb 2025,Xin Cen,47.6573,-122.3072,United States,False,ML631012034,P1
632188449,buffle,Bucephala albeola,ヒメハジロ,2.5,22,"Whitesbog (Burlington County), Burlington, New Jersey, United States",15 Mar 2025,William Whitehead,39.9621,-74.5026,United States,False,ML632188449,P1
632420975,buffle,Bucephala albeola,ヒメハジロ,2.6956521739130435,23,"Owasco Lake inlet area, Cayuga, New York, United States",18 Mar 2025,Chris Wood,42.7542,-76.4637,United States,False,ML632420975,P1
632420976,buffle,Bucephala albeola,ヒメハジロ,2.590909090909091,22,"Owasco Lake inlet area, Cayuga, New York, United States",18 Mar 2025,Chris Wood,42.7542,-76.4637,United States,False,ML632420976,P1
632541135,buffle,Bucephala albeola,ヒメハジロ,2.347826086956522,23,"Crooked River Wetlands Complex, Crook, Oregon, United States",21 Mar 2025,Bird Smith,44.3165,-120.8979,United States,False,ML632541135,P1
632618201,buffle,Bucephala albeola,ヒメハジロ,2.4782608695652173,23,"Arlington Reservoir, Middlesex, Massachusetts, United States",24 Mar 2025,Jason Forbes,42.4294,-71.1892,United States,False,ML632618201,P1
632647611,buffle,Bucephala albeola,ヒメハジロ,2.608695652173913,23,"Stewart Park, Tompkins, New York, United States",24 Mar 2025,John Garrett,42.4608,-76.5069,United States,False,ML632647611,P1
633258678,buffle,Bucephala albeola,ヒメハジロ,3.260869565217391,23,"4020-4008 Dam Road, Junction City, Wisconsin, US (44.651, -89.662), Portage, Wisconsin, United States",5 Apr 2025,Collin Smith,44.6507,-89.662,United States,False,ML633258678,P1
633321318,buffle,Bucephala albeola,ヒメハジロ,2.4782608695652173,23,"McPherson Valley Wetlands WA--Big Basin Marshes, McPherson, Kansas, United States",6 Apr 2025,Lisa Hoffman,38.3837,-97.7498,United States,False,ML633321318,P1
633322442,buffle,Bucephala albeola,ヒメハジロ,1.6521739130434783,23,"Muskegon Wastewater System, Muskegon, Michigan, United States",6 Apr 2025,Pam Rasmussen,43.2511,-86.0375,United States,False,ML633322442,P1
633322443,buffle,Bucephala albeola,ヒメハジロ,2.217391304347826,23,"Muskegon Wastewater System, Muskegon, Michigan, United States",6 Apr 2025,Pam Rasmussen,43.2511,-86.0375,United States,False,ML633322443,P1
633322444,buffle,Bucephala albeola,ヒメハジロ,2.9565217391304346,23,"Muskegon Wastewater System, Muskegon, Michigan, United States",6 Apr 2025,Pam Rasmussen,43.2511,-86.0375,United States,False,ML633322444,P1
633441196,buffle,Bucephala albeola,ヒメハジロ,1.608695652173913,23,"Squantum--Squantum Point Park, Norfolk, Massachusetts, United States",4 Nov 2023,Brian Henderson,42.3,-71.0365,United States,False,ML633441196,P1
633688281,buffle,Bucephala albeola,ヒメハジロ,2.391304347826087,23,"Spencer Creek north of Cootes Drive, Hamilton, Ontario, Canada",13 Apr 2025,Ezra J. Campanelli,43.271,-79.9255,Canada,False,ML633688281,P1
633746077,buffle,Bucephala albeola,ヒメハジロ,3.130434782608696,23,"Lake Du Bay--Dam Area, Portage, Wisconsin, United States",13 Apr 2025,Collin Smith,44.6632,-89.6637,United States,False,ML633746077,P1
634091233,buffle,Bucephala albeola,ヒメハジロ,3.217391304347826,23,"Muskegon Wastewater System, Muskegon, Michigan, United States",19 Apr 2025,Pam Rasmussen,43.2511,-86.0375,United States,False,ML634091233,P1
634344433,buffle,Bucephala albeola,ヒメハジロ,2.739130434782609,23,"Round Valley Recreation Area, Hunterdon, New Jersey, United States",24 Apr 2025,Eddie Politz,40.6232,-74.8515,United States,False,ML634344433,P1
638517641,buffle,Bucephala albeola,ヒメハジロ,3.0,23,"Liard Tr, Region No. 4, Unorganized CA-NT, Fort Smith, Northwest Territories, Canada",5 Jul 2025,Greg Harrington,60.0934,-123.0926,Canada,False,ML638517641,P1
639274959,buffle,Bucephala albeola,ヒメハジロ,2.782608695652174,23,"Getty's Cove, Kittitas, Washington, United States",1 Jan 2025,Liam Hutcheson,46.8799,-119.986,United States,False,ML639274959,P1
639575509,buffle,Bucephala albeola,ヒメハジロ,3.652173913043478,23,"Hwy 29--Halfway-Peace confluence, Peace River, British Columbia, Canada",28 Jun 2025,Neil Simpson,56.2138,-121.4451,Canada,False,ML639575509,P1
641561377,buffle,Bucephala albeola,ヒメハジロ,2.9565217391304346,23,"Isle Royale NP--Three Mile CG, Keweenaw, Michigan, United States",2 Aug 2025,John Garrett,48.1249,-88.5284,United States,False,ML641561377,P1
644473455,buffle,Bucephala albeola,ヒメハジロ,2.3,10,"Lake Merritt, Alameda, California, United States",1 Nov 2025,Lyla Arum,37.8035,-122.2567,United States,False,ML644473455,P1
645279444,buffle,Bucephala albeola,ヒメハジロ,2.125,8,"Sandy Hook, Monmouth, New Jersey, United States",15 Nov 2025,William Whitehead,40.4393,-73.9869,United States,False,ML645279444,P1
645279460,buffle,Bucephala albeola,ヒメハジロ,2.125,8,"Sandy Hook, Monmouth, New Jersey, United States",15 Nov 2025,William Whitehead,40.4393,-73.9869,United States,False,ML645279460,P1
645279461,buffle,Bucephala albeola,ヒメハジロ,2.5,8,"Sandy Hook, Monmouth, New Jersey, United States",15 Nov 2025,William Whitehead,40.4393,-73.9869,United States,False,ML645279461,P1
645279470,buffle,Bucephala albeola,ヒメハジロ,1.5,8,"Sandy Hook, Monmouth, New Jersey, United States",15 Nov 2025,William Whitehead,40.4393,-73.9869,United States,False,ML645279470,P1
646883870,buffle,Bucephala albeola,ヒメハジロ,1.5,8,"Sue's Pond--Logan River Wetlands and Shorebird Playa, Cache, Utah, United States",26 Nov 2025,Daxton Bryce,41.732,-111.8809,United States,False,ML646883870,P1
647430261,buffle,Bucephala albeola,ヒメハジロ,2.8,10,"James T Slavin Conservation Area--Quail trail, Spokane, Washington, United States",23 Dec 2025,Julia Plummer,47.5322,-117.424,United States,False,ML647430261,P1
649307736,buffle,Bucephala albeola,ヒメハジロ,2.8333333333333335,6,"Trinidad Lake SP--Riley Canyon, Las Animas, Colorado, United States",19 Jan 2026,Steven Mlodinow,37.1347,-104.596,United States,False,ML649307736,P1
649977482,buffle,Bucephala albeola,ヒメハジロ,0.0,0,"Lake Road, Aurora, Cayuga, New York, United States",5 Apr 2020,Bob McGuire,42.7297,-76.7102,United States,False,ML649977482,P1
649977483,buffle,Bucephala albeola,ヒメハジロ,3.0,1,"Lake Road, Aurora, Cayuga, New York, United States",5 Apr 2020,Bob McGuire,42.7297,-76.7102,United States,False,ML649977483,P1
650141141,buffle,Bucephala albeola,ヒメハジロ,3.0,1,"Myers Town Park, Tompkins, New York, United States",16 Apr 2020,Bob McGuire,42.5424,-76.5503,United States,False,ML650141141,P1
650190077,buffle,Bucephala albeola,ヒメハジロ,0.0,0,"Myers Town Park, Tompkins, New York, United States",2 May 2020,Bob McGuire,42.5381,-76.5502,United States,False,ML650190077,P1
75798751,buffle,Bucephala albeola,ヒメハジロ,2.9393939393939394,33,"Jordan River Parkway--2100 S to 3300 S, Salt Lake, Utah, United States",19 Nov 2017,Kenny Frisch,40.7065,-111.9224,United States,False,ML75798751,P1
86188041,buffle,Bucephala albeola,ヒメハジロ,2.272727272727273,33,"75 Old Field Rd (yard), Suffolk, New York, United States",16 Feb 2018,Michael Schrimpf,40.9535,-73.1263,United States,False,ML86188041,P1
89554371,buffle,Bucephala albeola,ヒメハジロ,2.121212121212121,33,"Carmel River--Hwy 1 riparian (wading) and/or permit-only Odello, Monterey, California, United States",9 Mar 2018,Paul Fenwick,36.5388,-121.9167,United States,False,ML89554371,P1
89742881,buffle,Bucephala albeola,ヒメハジロ,2.9705882352941178,34,"North Point Marina/State Line Beach, Winthrop Harbor, Lake, Illinois, United States",14 Mar 2018,William McClellan,42.4878,-87.8024,United States,False,ML89742881,P1
95728201,buffle,Bucephala albeola,ヒメハジロ,2.823529411764706,34,"Montezuma NWR--Sandhill Crane Unit, Wayne, New York, United States",21 Apr 2018,Brad Walker,43.0444,-76.7269,United States,False,ML95728201,P1
96339511,buffle,Bucephala albeola,ヒメハジロ,2.272727272727273,33,"Myers Point, Tompkins, New York, United States",22 Apr 2018,Jay McGowan,42.5371,-76.5506,United States,False,ML96339511,P1
96925891,buffle,Bucephala albeola,ヒメハジロ,2.588235294117647,34,"Cornell Research Ponds Unit II (restricted access), Tompkins, New York, United States",13 Apr 2018,Jay McGowan,42.5035,-76.4374,United States,False,ML96925891,P1
96942321,buffle,Bucephala albeola,ヒメハジロ,2.484848484848485,33,"Myers Point, Tompkins, New York, United States",19 Apr 2018,Jay McGowan,42.5371,-76.5506,United States,False,ML96942321,P1
641825718,bugnod,Anous ceruleus,ハイイロアジサシ,4.0,1,"Big and North Drum Islands Kiritimati, Line Islands, Kiribati",14 Sep 2025,Brett Hartl,1.8343,-157.3913,Kiribati,False,ML641825718,P1
641825719,bugnod,Anous ceruleus,ハイイロアジサシ,3.5,2,"Big and North Drum Islands Kiritimati, Line Islands, Kiribati",14 Sep 2025,Brett Hartl,1.8343,-157.3913,Kiribati,False,ML641825719,P1
88672731,bugnod,Anous ceruleus,ハイイロアジサシ,3.4285714285714284,7,"Nihoa Island, Northwestern Hawaiian Islands, Hawaii, United States",12 Sep 2011,Eric VanderWerf,23.0601,-161.9221,United States,False,ML88672731,P1
96342,bugnod,Anous ceruleus,ハイイロアジサシ,2.0,7,"Kiritimati; Motu Tabu Reserve, Kiribati",26 Jun 1995,Doug Pratt,0.0,0.0,Kiribati,False,ML96342,P1
167343781,bulpet,Bulweria bulwerii,アナドリ,3.0,8,"Midway Atoll NWR--Sand Island, Midway Islands, United States Minor Outlying Islands",6 Jul 2019,Jonathan Plissner,28.2092,-177.3787,United States Minor Outlying Islands,False,ML167343781,P1
219062171,bulpet,Bulweria bulwerii,アナドリ,4.0,8,"Ilheu de Cima -- O Faro, Ilhas de Sotavento, Cape Verde",24 Mar 2020,Fernando Anand Medrano Martínez,14.9655,-24.6411,Cape Verde,False,ML219062171,P1
432001431,bulpet,Bulweria bulwerii,アナドリ,3.25,8,"RN Ilhas Selvagens--Selvagem Grande--área geral, Funchal, Região Autónoma da Madeira, Portugal",5 Jun 2005,James Bradley,30.1442,-15.8656,Portugal,False,ML432001431,P1
432001761,bulpet,Bulweria bulwerii,アナドリ,3.5,8,"RN Ilhas Selvagens--Selvagem Grande--área geral, Funchal, Região Autónoma da Madeira, Portugal",5 Jun 2005,James Bradley,30.1442,-15.8656,Portugal,False,ML432001761,P1
558472261,bulpet,Bulweria bulwerii,アナドリ,3.625,8,"Ilheu de Cima -- O Faro, Ilhas de Sotavento, Cape Verde",19 Mar 2020,Fernando Anand Medrano Martínez,14.9655,-24.6411,Cape Verde,False,ML558472261,P1
558473701,bulpet,Bulweria bulwerii,アナドリ,3.4444444444444446,9,"Ilheu de Cima -- O Faro, Ilhas de Sotavento, Cape Verde",19 Mar 2020,Fernando Anand Medrano Martínez,14.9655,-24.6411,Cape Verde,False,ML558473701,P1
620253698,bulpet,Bulweria bulwerii,アナドリ,3.7777777777777777,9,"Halsey Drive UM-Midway Island (28.2139,-177.3762), Midway Islands, United States Minor Outlying Islands",9 Jun 2024,Chris Forster,28.2139,-177.3762,United States Minor Outlying Islands,False,ML620253698,P1
621707977,bulpet,Bulweria bulwerii,アナドリ,3.2222222222222223,9,"Halsey Drive UM-Midway Island (28.2139,-177.3762), Midway Islands, United States Minor Outlying Islands",19 Jul 2024,Chris Forster,28.214,-177.3762,United States Minor Outlying Islands,False,ML621707977,P1
969,bulpet,Bulweria bulwerii,アナドリ,4.333333333333333,9,"Popoia Island, Hawaii, United States",4 Aug 1961,Jean Ward,21.3998,-157.7205,United States,False,ML969,P1
477850201,bulshe,Ardenna bulleri,ミナミオナガミズナギドリ,1.9285714285714286,14,"Bodega Pelagic 8/21 leg 2, Sonoma, California, United States",21 Aug 2022,Connor Cochrane,38.1714,-123.2026,United States,False,ML477850201,P1
519646421,bulshe,Ardenna bulleri,ミナミオナガミズナギドリ,1.8571428571428572,14,"Bodega Pelagic 8/21 leg 2, Sonoma, California, United States",21 Aug 2022,Aidan Brubaker,38.1714,-123.2026,United States,False,ML519646421,P1
538868651,bulshe,Ardenna bulleri,ミナミオナガミズナギドリ,1.7142857142857142,14,"Offshore Marin County, Marin, California, United States",21 Aug 2022,Alan Wight,37.9665,-123.5341,United States,False,ML538868651,P1
610263938,bulshe,Ardenna bulleri,ミナミオナガミズナギドリ,2.933333333333333,15,"Auto selected 37.27471, -123.08964, San Francisco, California, United States",21 Oct 2023,Alvaro Jaramillo,37.2747,-123.0896,United States,False,ML610263938,P1
610263939,bulshe,Ardenna bulleri,ミナミオナガミズナギドリ,2.2142857142857144,14,"Auto selected 37.27471, -123.08964, San Francisco, California, United States",21 Oct 2023,Alvaro Jaramillo,37.2747,-123.0896,United States,False,ML610263939,P1
610267900,bulshe,Ardenna bulleri,ミナミオナガミズナギドリ,3.0,15,"Auto selected 37.27471, -123.08964, San Francisco, California, United States",21 Oct 2023,Alex Lin-Moore,37.2747,-123.0896,United States,False,ML610267900,P1
642289063,bulshe,Ardenna bulleri,ミナミオナガミズナギドリ,3.5,2,"2025-09-20 SCZ Pelagic 3/10, Santa Cruz, California, United States",20 Sep 2025,Alex Rinkert,36.7135,-122.426,United States,False,ML642289063,P1
139348911,canvas,Aythya valisineria,オオホシハジロ,2.9846153846153847,65,"Piermont Pier, Rockland, New York, United States",6 Feb 2019,valerie heemstra,41.0428,-73.8975,United States,False,ML139348911,P1
139350161,canvas,Aythya valisineria,オオホシハジロ,2.8,65,"Piermont Pier, Rockland, New York, United States",6 Feb 2019,valerie heemstra,41.0428,-73.8975,United States,False,ML139350161,P1
139677,canvas,Aythya valisineria,オオホシハジロ,2.4375,64,"Braddock Bay, Monroe, New York, United States",7 Mar 2009,Jessie Barry,43.3214,-77.7371,United States,False,ML139677,P1
199763761,canvas,Aythya valisineria,オオホシハジロ,2.359375,64,"Lee Kay Ponds, Salt Lake, Utah, United States",2 Nov 2019,Kenny Frisch,40.7397,-112.0437,United States,False,ML199763761,P1
213992421,canvas,Aythya valisineria,オオホシハジロ,3.1363636363636362,66,"Lower Lake Rd., S of Cayuga Lake SP, Seneca, New York, United States",29 Feb 2020,Jay McGowan,42.8799,-76.7457,United States,False,ML213992421,P1
213993031,canvas,Aythya valisineria,オオホシハジロ,3.1818181818181817,66,"Lower Lake Rd., S of Cayuga Lake SP, Seneca, New York, United States",29 Feb 2020,Jay McGowan,42.8799,-76.7457,United States,False,ML213993031,P1
213993701,canvas,Aythya valisineria,オオホシハジロ,3.0454545454545454,66,"Lower Lake Rd., S of Cayuga Lake SP, Seneca, New York, United States",29 Feb 2020,Jay McGowan,42.8799,-76.7457,United States,False,ML213993701,P1
231621531,canvas,Aythya valisineria,オオホシハジロ,2.5303030303030303,66,"Piermont Pier, Rockland, New York, United States",7 Feb 2018,Kriss Replogle,41.0428,-73.8975,United States,False,ML231621531,P1
237538,canvas,Aythya valisineria,オオホシハジロ,2.8636363636363638,66,"Fire Ln. 20, Union Springs, Cayuga, New York, United States",24 Mar 2013,Jay McGowan,42.8824,-76.7077,United States,False,ML237538,P1
237539,canvas,Aythya valisineria,オオホシハジロ,2.606060606060606,66,"Fire Ln. 20, Union Springs, Cayuga, New York, United States",24 Mar 2013,Jay McGowan,42.8824,-76.7077,United States,False,ML237539,P1
295796281,canvas,Aythya valisineria,オオホシハジロ,1.7777777777777777,63,"Philadelphia Naval Yard (restricted access), Philadelphia, Pennsylvania, United States",8 Jan 2021,Jack Smallwood,39.8876,-75.1659,United States,False,ML295796281,P1
296264891,canvas,Aythya valisineria,オオホシハジロ,2.6363636363636362,66,"Las Gallinas Valley Sanitary District, Marin, California, United States",9 Jan 2021,James (Jim) Holmes,38.0274,-122.5156,United States,False,ML296264891,P1
299534211,canvas,Aythya valisineria,オオホシハジロ,1.78125,64,"Silver Lake, Rehoboth, Sussex, Delaware, United States",19 Jan 2021,Andrew Albright,38.707,-75.0794,United States,False,ML299534211,P1
303396171,canvas,Aythya valisineria,オオホシハジロ,3.0303030303030303,66,"Cambridge--Oakley Street - Belvedere Ave., Dorchester, Maryland, United States",30 Jan 2021,Eaton Ekarintaragun,38.5797,-76.0774,United States,False,ML303396171,P1
304066511,canvas,Aythya valisineria,オオホシハジロ,2.53125,64,"Perry Point, Yates, New York, United States",30 Jan 2021,Jay McGowan,42.6755,-76.9385,United States,False,ML304066511,P1
305193901,canvas,Aythya valisineria,オオホシハジロ,2.140625,64,"Philadelphia Naval Yard (restricted access), Philadelphia, Pennsylvania, United States",6 Feb 2021,Holger Pflicke,39.8876,-75.1659,United States,False,ML305193901,P1
309700751,canvas,Aythya valisineria,オオホシハジロ,2.476923076923077,65,"Richard W. DeKorte Park, Bergen, New Jersey, United States",20 Feb 2021,William Whitehead,40.7833,-74.1025,United States,False,ML309700751,P1
315752451,canvas,Aythya valisineria,オオホシハジロ,2.1076923076923078,65,"Ten Mile Pond CA, Mississippi, Missouri, United States",6 Mar 2021,Michael S Taylor,36.7108,-89.3363,United States,False,ML315752451,P1
315752641,canvas,Aythya valisineria,オオホシハジロ,2.230769230769231,65,"Ten Mile Pond CA, Mississippi, Missouri, United States",6 Mar 2021,Michael S Taylor,36.7108,-89.3363,United States,False,ML315752641,P1
315753231,canvas,Aythya valisineria,オオホシハジロ,2.246153846153846,65,"Ten Mile Pond CA, Mississippi, Missouri, United States",6 Mar 2021,Michael S Taylor,36.7108,-89.3363,United States,False,ML315753231,P1
315888731,canvas,Aythya valisineria,オオホシハジロ,2.125,64,"Ten Mile Pond CA, Mississippi, Missouri, United States",6 Mar 2021,Michael S Taylor,36.7108,-89.3363,United States,False,ML315888731,P1
315889291,canvas,Aythya valisineria,オオホシハジロ,2.365079365079365,63,"Ten Mile Pond CA, Mississippi, Missouri, United States",6 Mar 2021,Michael S Taylor,36.7108,-89.3363,United States,False,ML315889291,P1
319674751,canvas,Aythya valisineria,オオホシハジロ,2.276923076923077,65,"Ten Mile Pond CA, Mississippi, Missouri, United States",6 Mar 2021,Michael S Taylor,36.7108,-89.3363,United States,False,ML319674751,P1
324301361,canvas,Aythya valisineria,オオホシハジロ,1.71875,64,"Silver Lake, Rehoboth, Sussex, Delaware, United States",7 Mar 2021,Nathaniel Sharp,38.707,-75.0794,United States,False,ML324301361,P1
3537,canvas,Aythya valisineria,オオホシハジロ,3.6,65,"Howland's Island Refuge; Lower Pond, New York, United States",14 Feb 1959,Arthur A. Allen,0.0,0.0,United States,False,ML3537,P1
3538,canvas,Aythya valisineria,オオホシハジロ,3.3384615384615386,65,"Howland's Island Refuge, New York, United States",14 Feb 1959,Arthur A. Allen,0.0,0.0,United States,False,ML3538,P1
404720301,canvas,Aythya valisineria,オオホシハジロ,2.476923076923077,65,"Ten Mile Pond CA, Mississippi, Missouri, United States",6 Mar 2021,Michael S Taylor,36.7108,-89.3363,United States,False,ML404720301,P1
422472411,canvas,Aythya valisineria,オオホシハジロ,2.453125,64,"Philadelphia Naval Yard (restricted access), Philadelphia, Pennsylvania, United States",4 Mar 2022,Jeff Kenney,39.8876,-75.1659,United States,False,ML422472411,P1
425124221,canvas,Aythya valisineria,オオホシハジロ,2.6818181818181817,66,"Lake Estes, Larimer, Colorado, United States",7 Mar 2022,Marc Hemmes,40.3759,-105.4963,United States,False,ML425124221,P1
441700811,canvas,Aythya valisineria,オオホシハジロ,2.476923076923077,65,"Philadelphia Naval Yard (restricted access), Philadelphia, Pennsylvania, United States",4 Mar 2022,Matthew Schenck,39.8876,-75.1659,United States,False,ML441700811,P1
47483731,canvas,Aythya valisineria,オオホシハジロ,2.53125,64,"Philadelphia Naval Yard (restricted access), Philadelphia, Pennsylvania, United States",13 Feb 2015,Brian Henderson,39.8876,-75.1659,United States,False,ML47483731,P1
48372801,canvas,Aythya valisineria,オオホシハジロ,1.903225806451613,62,"Svenson Island Rd., Clatsop, Oregon, United States",14 Feb 2017,Colby Neuman,46.1761,-123.6502,United States,False,ML48372801,P1
48372811,canvas,Aythya valisineria,オオホシハジロ,2.0634920634920637,63,"Svenson Island Rd., Clatsop, Oregon, United States",14 Feb 2017,Colby Neuman,46.1761,-123.6502,United States,False,ML48372811,P1
515497311,canvas,Aythya valisineria,オオホシハジロ,2.9393939393939394,66,"Philomath Sewage Ponds--south pond, Benton, Oregon, United States",5 Nov 2022,W. Douglas Robinson,44.5192,-123.3464,United States,False,ML515497311,P1
534868431,canvas,Aythya valisineria,オオホシハジロ,1.523076923076923,65,"Philadelphia Naval Yard (restricted access), Philadelphia, Pennsylvania, United States",13 Feb 2023,Benjamin Filreis,39.8876,-75.1659,United States,False,ML534868431,P1
541447231,canvas,Aythya valisineria,オオホシハジロ,2.91044776119403,67,"Piermont Pier, Rockland, New York, United States",3 Mar 2023,Kriss Replogle,41.0428,-73.8975,United States,False,ML541447231,P1
541447241,canvas,Aythya valisineria,オオホシハジロ,2.7611940298507465,67,"Piermont Pier, Rockland, New York, United States",3 Mar 2023,Kriss Replogle,41.0428,-73.8975,United States,False,ML541447241,P1
552065161,canvas,Aythya valisineria,オオホシハジロ,2.9242424242424243,66,"Hull Park, Grand Traverse, Michigan, United States",31 Mar 2023,Scott Sneed,44.7574,-85.6106,United States,False,ML552065161,P1
57941,canvas,Aythya valisineria,オオホシハジロ,3.015625,64,"Delta; Cook's Creek Boat Landing, Manitoba, Canada",6 Jun 1959,William W. H. Gunn,0.0,0.0,Canada,False,ML57941,P1
57942,canvas,Aythya valisineria,オオホシハジロ,3.123076923076923,65,"Minnedosa, Manitoba, Canada",5 May 1961,William W. H. Gunn,0.0,0.0,Canada,False,ML57942,P1
57943,canvas,Aythya valisineria,オオホシハジロ,2.921875,64,"Minnedosa; Hwy. 4, Manitoba, Canada",7 May 1961,William W. H. Gunn,0.0,0.0,Canada,False,ML57943,P1
57944,canvas,Aythya valisineria,オオホシハジロ,2.830769230769231,65,"Guelph, Niska W. R. S., Ontario, Canada",21 Jul 1968,William W. H. Gunn,0.0,0.0,Canada,False,ML57944,P1
57945,canvas,Aythya valisineria,オオホシハジロ,3.0307692307692307,65,"Guelph, Niska W. R. S., Ontario, Canada",21 Jul 1968,William W. H. Gunn,0.0,0.0,Canada,False,ML57945,P1
57946,canvas,Aythya valisineria,オオホシハジロ,1.8412698412698412,63,"Guelph, Niska Waterfowl Research Station, Ontario, Canada",21 Jul 1968,William W. H. Gunn,0.0,0.0,Canada,False,ML57946,P1
57948,canvas,Aythya valisineria,オオホシハジロ,3.0923076923076924,65,"16.0 km N of Carmen, Manitoba, Canada",12 May 1970,William W. H. Gunn,0.0,0.0,Canada,False,ML57948,P1
609057275,canvas,Aythya valisineria,オオホシハジロ,1.7435897435897436,39,"Grasslands NP--West Block (General area, use more specific hotspots), Maple Creek, Saskatchewan, Canada",13 May 2012,Pam Rasmussen,49.1618,-107.6208,Canada,False,ML609057275,P1
609057276,canvas,Aythya valisineria,オオホシハジロ,2.2564102564102564,39,"Grasslands NP--West Block (General area, use more specific hotspots), Maple Creek, Saskatchewan, Canada",13 May 2012,Pam Rasmussen,49.1618,-107.6208,Canada,False,ML609057276,P1
609057277,canvas,Aythya valisineria,オオホシハジロ,2.076923076923077,39,"Grasslands NP--West Block (General area, use more specific hotspots), Maple Creek, Saskatchewan, Canada",13 May 2012,Pam Rasmussen,49.1618,-107.6208,Canada,False,ML609057277,P1
614075211,canvas,Aythya valisineria,オオホシハジロ,2.0256410256410255,39,"Philadelphia Naval Yard (restricted access), Philadelphia, Pennsylvania, United States",26 Jan 2024,Martin Dellwo,39.8876,-75.1659,United States,False,ML614075211,P1
614470264,canvas,Aythya valisineria,オオホシハジロ,2.8974358974358974,39,"Philadelphia Naval Yard (restricted access), Philadelphia, Pennsylvania, United States",3 Feb 2024,Marjorie Keefe,39.8876,-75.1659,United States,False,ML614470264,P1
614743313,canvas,Aythya valisineria,オオホシハジロ,2.7,40,"Philadelphia Naval Yard (restricted access), Philadelphia, Pennsylvania, United States",12 Feb 2024,Manny Dominguez,39.8876,-75.1659,United States,False,ML614743313,P1
614743314,canvas,Aythya valisineria,オオホシハジロ,2.8780487804878048,41,"Philadelphia Naval Yard (restricted access), Philadelphia, Pennsylvania, United States",12 Feb 2024,Manny Dominguez,39.8876,-75.1659,United States,False,ML614743314,P1
614743315,canvas,Aythya valisineria,オオホシハジロ,3.5,40,"Philadelphia Naval Yard (restricted access), Philadelphia, Pennsylvania, United States",12 Feb 2024,Manny Dominguez,39.8876,-75.1659,United States,False,ML614743315,P1
616389203,canvas,Aythya valisineria,オオホシハジロ,2.25,40,"Olbrich Park, Dane, Wisconsin, United States",23 Mar 2024,Jeremy Nance,43.0883,-89.3313,United States,False,ML616389203,P1
616696996,canvas,Aythya valisineria,オオホシハジロ,2.65,40,"Kamloops--Pat Lake and Six Mile Road Pond, Thompson-Nicola, British Columbia, Canada",30 Mar 2024,Tristan Semeniuk,50.7361,-120.7379,Canada,False,ML616696996,P1
616697252,canvas,Aythya valisineria,オオホシハジロ,2.475,40,"Kamloops--Pat Lake and Six Mile Road Pond, Thompson-Nicola, British Columbia, Canada",30 Mar 2024,Tristan Semeniuk,50.7361,-120.7379,Canada,False,ML616697252,P1
618280036,canvas,Aythya valisineria,オオホシハジロ,4.4,40,"Calgary--Children's Hospital Pond, Calgary, Alberta, Canada",24 Apr 2024,Annie Finch,51.07,-114.1434,Canada,False,ML618280036,P1
618280039,canvas,Aythya valisineria,オオホシハジロ,4.125,40,"Calgary--Children's Hospital Pond, Calgary, Alberta, Canada",24 Apr 2024,Annie Finch,51.07,-114.1434,Canada,False,ML618280039,P1
619391290,canvas,Aythya valisineria,オオホシハジロ,2.5,40,"Hamilton--Bayfront Park, Hamilton, Ontario, Canada",21 May 2024,Ezra J. Campanelli,43.2707,-79.8718,Canada,False,ML619391290,P1
619693693,canvas,Aythya valisineria,オオホシハジロ,3.75,40,"Fog Haven, Prince Albert, Saskatchewan, Canada",14 May 2024,Kathleen Dvorak,53.4405,-105.8724,Canada,False,ML619693693,P1
621565304,canvas,Aythya valisineria,オオホシハジロ,3.575,40,"Calgary--Children's Hospital Pond, Calgary, Alberta, Canada",24 Apr 2024,Rain Saulnier,51.07,-114.1434,Canada,False,ML621565304,P1
630861733,canvas,Aythya valisineria,オオホシハジロ,2.9,40,"Edwin B. Forsythe NWR (formerly Brig), Atlantic, New Jersey, United States",15 Feb 2025,William Whitehead,39.465,-74.4478,United States,False,ML630861733,P1
631546839,canvas,Aythya valisineria,オオホシハジロ,1.725,40,"Harris Park, Cayuga, Cayuga, New York, United States",2 Mar 2025,Jay McGowan,42.9176,-76.73,United States,False,ML631546839,P1
631547091,canvas,Aythya valisineria,オオホシハジロ,3.025,40,"Sodus Point beach and channel area, Wayne, New York, United States",2 Mar 2025,Jay McGowan,43.2748,-76.9732,United States,False,ML631547091,P1
649210308,canvas,Aythya valisineria,オオホシハジロ,2.5,2,"Philadelphia Naval Yard (restricted access), Philadelphia, Pennsylvania, United States",19 Jan 2026,Manny Dominguez,39.8876,-75.1659,United States,False,ML649210308,P1
84999781,canvas,Aythya valisineria,オオホシハジロ,1.893939393939394,66,"Piermont Pier, Rockland, New York, United States",7 Feb 2018,Kriss Replogle,41.0428,-73.8975,United States,False,ML84999781,P1
108122941,casauk,Ptychoramphus aleuticus,アメリカウミスズメ,2.0,10,"Hiła's / Triangle Island, Mount Waddington, British Columbia, Canada",11 Jun 2018,Alice Domalik,50.8653,-129.0825,Canada,False,ML108122941,P1
147575,casauk,Ptychoramphus aleuticus,アメリカウミスズメ,2.6875,16,"Santa Barbara Island - Elephant Seal Cove, California, United States",23 Apr 2009,Benjamin Clock,33.4837,-119.041,United States,False,ML147575,P1
242097941,casauk,Ptychoramphus aleuticus,アメリカウミスズメ,2.857142857142857,7,"Southeast Farallon Island (Farallon Islands NWR, restricted access), San Francisco, California, United States",8 Jun 2020,mario balitbit,37.6985,-123.0028,United States,False,ML242097941,P1
244473891,casauk,Ptychoramphus aleuticus,アメリカウミスズメ,2.4285714285714284,7,"Southeast Farallon Island (Farallon Islands NWR, restricted access), San Francisco, California, United States",19 Jun 2020,mario balitbit,37.6985,-123.0028,United States,False,ML244473891,P1
341856951,casauk,Ptychoramphus aleuticus,アメリカウミスズメ,3.6,10,"Southeast Farallon Island (Farallon Islands NWR, restricted access), San Francisco, California, United States",23 May 2021,Michael Pierson,37.6985,-123.0028,United States,False,ML341856951,P1
3864,casauk,Ptychoramphus aleuticus,アメリカウミスズメ,2.0,9,"Farallon Islands Of San Francisco, California, United States",12 Aug 1959,Asa Thoresen,0.0,0.0,United States,False,ML3864,P1
407552361,casauk,Ptychoramphus aleuticus,アメリカウミスズメ,3.7142857142857144,7,"Isla Guadalupe -- Morro Prieto, Ensenada, Baja California, Mexico",13 Jan 2022,Fernando Anand Medrano Martínez,28.9057,-118.2885,Mexico,False,ML407552361,P1
407552451,casauk,Ptychoramphus aleuticus,アメリカウミスズメ,4.166666666666667,6,"Isla Guadalupe -- Morro Prieto, Ensenada, Baja California, Mexico",13 Jan 2022,Fernando Anand Medrano Martínez,28.9057,-118.2885,Mexico,False,ML407552451,P1
407552471,casauk,Ptychoramphus aleuticus,アメリカウミスズメ,3.0,6,"Isla Guadalupe -- Morro Prieto, Ensenada, Baja California, Mexico",13 Jan 2022,Fernando Anand Medrano Martínez,28.9057,-118.2885,Mexico,False,ML407552471,P1
407552491,casauk,Ptychoramphus aleuticus,アメリカウミスズメ,4.142857142857143,7,"Isla Guadalupe -- Morro Prieto, Ensenada, Baja California, Mexico",13 Jan 2022,Fernando Anand Medrano Martínez,28.9057,-118.2885,Mexico,False,ML407552491,P1
407552511,casauk,Ptychoramphus aleuticus,アメリカウミスズメ,3.857142857142857,7,"Isla Guadalupe -- Morro Prieto, Ensenada, Baja California, Mexico",13 Jan 2022,Fernando Anand Medrano Martínez,28.9057,-118.2885,Mexico,False,ML407552511,P1
565748851,casauk,Ptychoramphus aleuticus,アメリカウミスズメ,3.0,2,"Southeast Farallon Island (Farallon Islands NWR, restricted access), San Francisco, California, United States",27 Apr 2023,Atlee Hargis,37.6985,-123.0028,United States,False,ML565748851,P1
571660831,casauk,Ptychoramphus aleuticus,アメリカウミスズメ,3.25,4,"Southeast Farallon Island (Farallon Islands NWR, restricted access), San Francisco, California, United States",12 May 2023,Atlee Hargis,37.6985,-123.0028,United States,False,ML571660831,P1
581666221,casauk,Ptychoramphus aleuticus,アメリカウミスズメ,4.0,3,"Southeast Farallon Island (Farallon Islands NWR, restricted access), San Francisco, California, United States",4 Jun 2023,Atlee Hargis,37.6985,-123.0028,United States,False,ML581666221,P1
597689681,casauk,Ptychoramphus aleuticus,アメリカウミスズメ,3.6666666666666665,3,"Southeast Farallon Island (Farallon Islands NWR, restricted access), San Francisco, California, United States",5 Jul 2023,Faiza Hafeez,37.6985,-123.0028,United States,False,ML597689681,P1
609525780,casauk,Ptychoramphus aleuticus,アメリカウミスズメ,3.0,2,"Southeast Farallon Island (Farallon Islands NWR, restricted access), San Francisco, California, United States",2 Oct 2023,Sam Darmstadt,37.6985,-123.0028,United States,False,ML609525780,P1
611205841,casauk,Ptychoramphus aleuticus,アメリカウミスズメ,4.0,2,"Southeast Farallon Island (Farallon Islands NWR, restricted access), San Francisco, California, United States",3 Nov 2023,Matt Brady,37.6985,-123.0028,United States,False,ML611205841,P1
611206248,casauk,Ptychoramphus aleuticus,アメリカウミスズメ,4.0,2,"Southeast Farallon Island (Farallon Islands NWR, restricted access), San Francisco, California, United States",3 Nov 2023,Matt Brady,37.6985,-123.0028,United States,False,ML611206248,P1
611206607,casauk,Ptychoramphus aleuticus,アメリカウミスズメ,3.3333333333333335,3,"Southeast Farallon Island (Farallon Islands NWR, restricted access), San Francisco, California, United States",3 Nov 2023,Matt Brady,37.6985,-123.0028,United States,False,ML611206607,P1
611208376,casauk,Ptychoramphus aleuticus,アメリカウミスズメ,3.6666666666666665,3,"Southeast Farallon Island (Farallon Islands NWR, restricted access), San Francisco, California, United States",2 Nov 2023,Matt Brady,37.6985,-123.0028,United States,False,ML611208376,P1
611208390,casauk,Ptychoramphus aleuticus,アメリカウミスズメ,4.0,3,"Southeast Farallon Island (Farallon Islands NWR, restricted access), San Francisco, California, United States",2 Nov 2023,Matt Brady,37.6985,-123.0028,United States,False,ML611208390,P1
611208406,casauk,Ptychoramphus aleuticus,アメリカウミスズメ,4.0,3,"Southeast Farallon Island (Farallon Islands NWR, restricted access), San Francisco, California, United States",2 Nov 2023,Matt Brady,37.6985,-123.0028,United States,False,ML611208406,P1
611208817,casauk,Ptychoramphus aleuticus,アメリカウミスズメ,3.3333333333333335,3,"Southeast Farallon Island (Farallon Islands NWR, restricted access), San Francisco, California, United States",2 Nov 2023,Matt Brady,37.6985,-123.0028,United States,False,ML611208817,P1
611210120,casauk,Ptychoramphus aleuticus,アメリカウミスズメ,3.0,3,"Southeast Farallon Island (Farallon Islands NWR, restricted access), San Francisco, California, United States",1 Nov 2023,Matt Brady,37.6985,-123.0028,United States,False,ML611210120,P1
620872731,casauk,Ptychoramphus aleuticus,アメリカウミスズメ,2.0,2,"Southeast Farallon Island (Farallon Islands NWR, restricted access), San Francisco, California, United States",22 Oct 2023,ned bohman,37.6985,-123.0028,United States,False,ML620872731,P1
624011080,casauk,Ptychoramphus aleuticus,アメリカウミスズメ,2.0,1,"Southeast Farallon Island (Farallon Islands NWR, restricted access), San Francisco, California, United States",19 Sep 2024,Adrian Hinkle,37.6985,-123.0028,United States,False,ML624011080,P1
628700229,casauk,Ptychoramphus aleuticus,アメリカウミスズメ,5.0,1,"Southeast Farallon Island (Farallon Islands NWR, restricted access), San Francisco, California, United States",16 Dec 2024,Adrian Hinkle,37.6985,-123.0028,United States,False,ML628700229,P1
633871829,casauk,Ptychoramphus aleuticus,アメリカウミスズメ,0.0,0,"Southeast Farallon Island (Farallon Islands NWR, restricted access), San Francisco, California, United States",7 Apr 2025,Michael Pierson,37.6985,-123.0028,United States,False,ML633871829,P1
633871830,casauk,Ptychoramphus aleuticus,アメリカウミスズメ,3.0,1,"Southeast Farallon Island (Farallon Islands NWR, restricted access), San Francisco, California, United States",7 Apr 2025,Michael Pierson,37.6985,-123.0028,United States,False,ML633871830,P1
244705391,chcsta1,Agropsar philippensis,コムクドリ,3.0,10,"7-chōme, Sapporo, Hokkaido, JP (43.064, 141.345), Sapporo, Hokkaido, Japan",21 Jun 2020,Cholawit Thongcharoenchaikit,43.0641,141.3448,Japan,True,ML244705391,P1
385124901,chcsta1,Agropsar philippensis,コムクドリ,3.090909090909091,11,"Las Pinas-Paranaque Wetland Park, National Capital Region (Manila), Philippines",21 Oct 2021,Robert Hutchinson / Birdtour Asia,14.4927,120.9806,Philippines,False,ML385124901,P1
570504741,chcsta1,Agropsar philippensis,コムクドリ,2.3333333333333335,3,"八戸市--南部山公園 (Hachinohe--Nanbuyama Park), Hachinohe, Aomori, Japan",5 May 2023,André  Zambolli,40.5352,141.4475,Japan,True,ML570504741,P1
587092681,chcsta1,Agropsar philippensis,コムクドリ,2.6666666666666665,3,"早稲田軽井沢セミナーハウス, Karuizawa, Nagano, Japan",17 Jun 2023,Ying ZHOU,36.3478,138.548,Japan,True,ML587092681,P1
617706662,chcsta1,Agropsar philippensis,コムクドリ,2.0,2,"内津川, 神領駅-出川橋, 春日井市, 愛知県, JP (35.261, 137.01), Kasugai, Aichi, Japan",21 Apr 2024,Takayuki Uchida,35.2611,137.0099,Japan,True,ML617706662,P1
617706670,chcsta1,Agropsar philippensis,コムクドリ,1.5,2,"瀬戸市, 愛知県, JP (35.194, 137.102), Seto, Aichi, Japan",21 Apr 2024,Takayuki Uchida,35.1941,137.1024,Japan,True,ML617706670,P1
621165788,chcsta1,Agropsar philippensis,コムクドリ,2.3333333333333335,3,"七飯町--大沼国定公園--大沼 (Nanae--Onuma QNP--Lake Onuma), Nanae, Hokkaido, Japan",18 Jun 2024,RIIO LU,41.9977,140.6845,Japan,True,ML621165788,P1
628270596,chcsta1,Agropsar philippensis,コムクドリ,3.0,3,"台南七股IBA--國聖燈塔(Qigu IBA--Guosheng Lighthouse), Tainan City, Taiwan",13 Oct 2024,Anonymous,23.1007,120.0358,Taiwan,False,ML628270596,P1
634064532,chcsta1,Agropsar philippensis,コムクドリ,3.3333333333333335,3,"菖蒲公園　本荘浜, Yurihonjo, Akita, Japan",19 Apr 2025,YUKIKO ISHIKAWA,39.3871,140.0227,Japan,True,ML634064532,P1
634975014,chcsta1,Agropsar philippensis,コムクドリ,3.0,1,"由利本荘市, 秋田県, JP (39.389, 140.042), Yurihonjo, Akita, Japan",4 May 2025,YUKIKO ISHIKAWA,39.389,140.0421,Japan,True,ML634975014,P1
635474978,chcsta1,Agropsar philippensis,コムクドリ,2.0,1,"秋田市--久保田城/千秋公園 (Akita--Kubota Castle and Senshu Park), Akita, Akita, Japan",9 May 2025,YUKIKO ISHIKAWA,39.7235,140.1232,Japan,True,ML635474978,P1
635655908,chcsta1,Agropsar philippensis,コムクドリ,1.0,1,"由利本荘市, 秋田県, JP (39.389, 140.042), Yurihonjo, Akita, Japan",13 May 2025,YUKIKO ISHIKAWA,39.389,140.0421,Japan,True,ML635655908,P1
635666698,chcsta1,Agropsar philippensis,コムクドリ,1.0,1,"由利本荘市--子吉川-- 本荘大橋 (Yurihonjo--Koyoshi River--Honjo-ohashi Bridge), Yurihonjo, Akita, Japan",13 May 2025,YUKIKO ISHIKAWA,39.3883,140.0312,Japan,True,ML635666698,P1
635809599,chcsta1,Agropsar philippensis,コムクドリ,2.5,2,"由利本荘市, 秋田県, JP (39.389, 140.042), Yurihonjo, Akita, Japan",15 May 2025,YUKIKO ISHIKAWA,39.3892,140.0422,Japan,True,ML635809599,P1
635976320,chcsta1,Agropsar philippensis,コムクドリ,2.0,1,"由利本荘市, 秋田県, JP (39.389, 140.042), Yurihonjo, Akita, Japan",18 May 2025,YUKIKO ISHIKAWA,39.3892,140.0422,Japan,True,ML635976320,P1
635977720,chcsta1,Agropsar philippensis,コムクドリ,1.0,1,"由利本荘市, 秋田県, JP (39.389, 140.042), Yurihonjo, Akita, Japan",18 May 2025,YUKIKO ISHIKAWA,39.3892,140.0422,Japan,True,ML635977720,P1
636385095,chcsta1,Agropsar philippensis,コムクドリ,1.0,1,"由利本荘市, 秋田県, JP (39.389, 140.042), Yurihonjo, Akita, Japan",24 May 2025,YUKIKO ISHIKAWA,39.389,140.0421,Japan,True,ML636385095,P1
636652799,chcsta1,Agropsar philippensis,コムクドリ,1.0,1,"由利本荘市, 秋田県, JP (39.389, 140.042), Yurihonjo, Akita, Japan",28 May 2025,YUKIKO ISHIKAWA,39.3892,140.0422,Japan,True,ML636652799,P1
636652981,chcsta1,Agropsar philippensis,コムクドリ,1.0,1,"由利本荘市, 秋田県, JP (39.389, 140.042), Yurihonjo, Akita, Japan",28 May 2025,YUKIKO ISHIKAWA,39.3892,140.0422,Japan,True,ML636652981,P1
636653285,chcsta1,Agropsar philippensis,コムクドリ,1.0,1,"由利本荘市, 秋田県, JP (39.389, 140.042), Yurihonjo, Akita, Japan",28 May 2025,YUKIKO ISHIKAWA,39.3892,140.0422,Japan,True,ML636653285,P1
637615593,chcsta1,Agropsar philippensis,コムクドリ,0.0,0,"由利本荘市, 秋田県, JP (39.389, 140.042), Yurihonjo, Akita, Japan",14 Jun 2025,YUKIKO ISHIKAWA,39.3892,140.0422,Japan,True,ML637615593,P1
637673480,chcsta1,Agropsar philippensis,コムクドリ,3.0,1,"菖蒲公園　本荘浜, Yurihonjo, Akita, Japan",14 Jun 2025,YUKIKO ISHIKAWA,39.3871,140.0227,Japan,True,ML637673480,P1
637773256,chcsta1,Agropsar philippensis,コムクドリ,2.0,1,"由利本荘市--子吉川-- 本荘大橋 (Yurihonjo--Koyoshi River--Honjo-ohashi Bridge), Yurihonjo, Akita, Japan",18 Jun 2025,YUKIKO ISHIKAWA,39.3883,140.0312,Japan,True,ML637773256,P1
638334414,chcsta1,Agropsar philippensis,コムクドリ,2.0,1,"由利本荘市--子吉川-- 本荘大橋 (Yurihonjo--Koyoshi River--Honjo-ohashi Bridge), Yurihonjo, Akita, Japan",1 Jul 2025,YUKIKO ISHIKAWA,39.3883,140.0312,Japan,True,ML638334414,P1
640258566,chcsta1,Agropsar philippensis,コムクドリ,0.0,0,"熊本市--白川--渡鹿堰 (Kumamoto--Shirakawa River--Toroku Weir), Kumamoto, Kumamoto, Japan",26 Sep 2009,Nagahisa MIta,32.8123,130.7366,Japan,True,ML640258566,P1
640346343,chcsta1,Agropsar philippensis,コムクドリ,3.0,1,"菖蒲公園　本荘浜, Yurihonjo, Akita, Japan",16 Aug 2025,YUKIKO ISHIKAWA,39.3871,140.0227,Japan,True,ML640346343,P1
640346542,chcsta1,Agropsar philippensis,コムクドリ,1.0,1,"菖蒲公園　本荘浜, Yurihonjo, Akita, Japan",16 Aug 2025,YUKIKO ISHIKAWA,39.3871,140.0227,Japan,True,ML640346542,P1
641365303,chcsta1,Agropsar philippensis,コムクドリ,2.0,1,"菖蒲公園　本荘浜, Yurihonjo, Akita, Japan",4 Sep 2025,YUKIKO ISHIKAWA,39.3871,140.0227,Japan,True,ML641365303,P1
645442822,chcsta1,Agropsar philippensis,コムクドリ,5.0,1,"金沢市--普正寺の森（健民海浜公園含む） (Kanazawa--Fushouji Forest inc. Prefectural Seaside Park), Kanazawa, Ishikawa, Japan",13 Jul 2025,Bo Zhi,36.5928,136.5854,Japan,True,ML645442822,P1
203903371,chebun1,Emberiza rutila,シマノジコ,4.0,7,"Doi Inthanon NP--Thai National Observatory (TNO), Chiang Mai, Thailand",15 Dec 1998,Desmond Allen,18.5744,98.4817,Thailand,False,ML203903371,P1
296313431,chebun1,Emberiza rutila,シマノジコ,3.0,5,"金門--金門植物園(Kinmen--Botanical Garden), Kinmen County, Taiwan",16 Dec 2020,Ting-Wei (廷維) HUNG (洪),24.4547,118.3974,Taiwan,False,ML296313431,P1
328297501,chebun1,Emberiza rutila,シマノジコ,4.166666666666667,6,"金門--茅山塔(Kinmen--Maoshan Pagoda), Kinmen County, Taiwan",16 Apr 2021,Ting-Wei (廷維) HUNG (洪),24.4086,118.2883,Taiwan,False,ML328297501,P1
448250181,chebun1,Emberiza rutila,シマノジコ,3.4,5,"馬祖--東引獅子菜園(Matsu--Dongyin Shizi Vegetable Farm), Lienchiang County, Taiwan",22 Apr 2022,u7 Liao,26.3633,120.4902,Taiwan,False,ML448250181,P1
565831321,chebun1,Emberiza rutila,シマノジコ,2.6666666666666665,3,"AtlasTaiwan Grid K4-3 Square 1-1 (24.4557,118.3024), Kinmen County, Taiwan",1 May 2023,Ting-Wei (廷維) HUNG (洪),24.4557,118.3024,Taiwan,False,ML565831321,P1
566373871,chebun1,Emberiza rutila,シマノジコ,2.6666666666666665,3,"馬祖--東引將軍廟(Matsu--Dongyin Jianjun Temple), Lienchiang County, Taiwan",30 Apr 2023,Li-Kai “Tom” Yen,26.3695,120.5028,Taiwan,False,ML566373871,P1
572367861,chebun1,Emberiza rutila,シマノジコ,3.6666666666666665,3,"田林社区 (Tianlin Community), Shanghai, China",10 May 2023,Ray Tsu 诸 仁,31.1743,121.4214,China,False,ML572367861,P1
572367931,chebun1,Emberiza rutila,シマノジコ,3.6666666666666665,3,"田林社区 (Tianlin Community), Shanghai, China",10 May 2023,Ray Tsu 诸 仁,31.1743,121.4214,China,False,ML572367931,P1
602274191,chebun1,Emberiza rutila,シマノジコ,4.5,4,"阿龙山, S204, 呼伦贝尔市, 内蒙古自治区, CN (51.7, 121.835), Nei Mongol, China",21 Jul 2023,Oriental Stork,51.7,121.8354,China,False,ML602274191,P1
617698867,chebun1,Emberiza rutila,シマノジコ,2.75,4,"馬祖--東引東湧水庫(Matsu--Dongyin Dongyong Reservoir), Lienchiang County, Taiwan",20 Apr 2024,Chi-Hsuan Shao,26.3692,120.4926,Taiwan,False,ML617698867,P1
617698960,chebun1,Emberiza rutila,シマノジコ,4.25,4,"馬祖--東引獅子菜園(Matsu--Dongyin Shizi Vegetable Farm), Lienchiang County, Taiwan",20 Apr 2024,Chi-Hsuan Shao,26.3633,120.4902,Taiwan,False,ML617698960,P1
618205055,chebun1,Emberiza rutila,シマノジコ,2.5,4,"高雄--旗津舊高字塔(Kaohsiung--Qijin VTC Tower), Kaohsiung City, Taiwan",26 Apr 2024,志民 蘇,22.554,120.3146,Taiwan,False,ML618205055,P1
618205070,chebun1,Emberiza rutila,シマノジコ,3.0,4,"高雄--旗津舊高字塔(Kaohsiung--Qijin VTC Tower), Kaohsiung City, Taiwan",27 Apr 2024,志民 蘇,22.554,120.3146,Taiwan,False,ML618205070,P1
624416210,chebun1,Emberiza rutila,シマノジコ,3.0,4,"Seongok-ri, Gyeonggi-do, South Korea",1 Oct 2024,Suyoung Lee,38.1007,127.0276,South Korea,True,ML624416210,P1
625017195,chebun1,Emberiza rutila,シマノジコ,3.5,4,"Seongok-ri, Gyeonggi-do, South Korea",15 Oct 2024,Suyoung Lee,38.1007,127.0276,South Korea,True,ML625017195,P1
625023995,chebun1,Emberiza rutila,シマノジコ,4.0,4,"Seongok-ri, Gyeonggi-do, South Korea",16 Oct 2024,Suyoung Lee,38.1007,127.0276,South Korea,True,ML625023995,P1
626266214,chebun1,Emberiza rutila,シマノジコ,3.5,4,"Khonoma Nature Conservation and Tragopan Sanctuary (KNCTS)--Overall, Kohima, Nagaland, India",13 Nov 2024,Rofikul Islam,25.6267,94.0021,India,False,ML626266214,P1
635215113,chebun1,Emberiza rutila,シマノジコ,5.0,1,"台南七股IBA--頂頭額防風林(Qigu IBA--Dingtouer Coastal Forest), Tainan City, Taiwan",29 Apr 2025,Anonymous,23.1119,120.0421,Taiwan,False,ML635215113,P1
636269307,chebun1,Emberiza rutila,シマノジコ,0.0,0,"어청도(Eocheong-do (island)), Jeollabuk-do, South Korea",7 May 2025,Anonymous,36.1198,125.9807,South Korea,True,ML636269307,P1
637040615,chebun1,Emberiza rutila,シマノジコ,2.0,1,"台南七股IBA--全區(Qigu IBA), Tainan City, Taiwan",1 May 2025,Anonymous,23.0773,120.061,Taiwan,False,ML637040615,P1
637040634,chebun1,Emberiza rutila,シマノジコ,3.0,1,"台南七股IBA--全區(Qigu IBA), Tainan City, Taiwan",1 May 2025,Anonymous,23.0773,120.061,Taiwan,False,ML637040634,P1
637040636,chebun1,Emberiza rutila,シマノジコ,3.0,1,"台南七股IBA--全區(Qigu IBA), Tainan City, Taiwan",1 May 2025,Anonymous,23.0773,120.061,Taiwan,False,ML637040636,P1
644579988,chebun1,Emberiza rutila,シマノジコ,4.0,2,"金門--慈湖解說站(Kinmen--Lake Ci Exhibition Station), Kinmen County, Taiwan",1 Nov 2025,Ting-Wei (廷維) HUNG (洪),24.4651,118.3051,Taiwan,False,ML644579988,P1
647738828,chebun1,Emberiza rutila,シマノジコ,4.0,1,"Tashgai Lake, Dornod, MN, Dornod, Mongolia",23 May 2025,Batmunkh Davaasuren,47.3533,118.49,Mongolia,False,ML647738828,P1
153743461,chemun,Lonchura atricapilla,キンパラ,2.3333333333333335,3,"宜蘭--頂寮生態公園(Yilan--Dingliao Ecological Park), Yilan County, Taiwan",13 Apr 2019,Ko Cheng,24.6393,121.843,Taiwan,False,ML153743461,P1
178468061,chemun,Lonchura atricapilla,キンパラ,2.75,4,"Poblacion (Balcony Birding), Bugallon, Pangasinan, Philippines",23 Sep 2019,Kim Cancino,15.9552,120.2165,Philippines,False,ML178468061,P1
180005521,chemun,Lonchura atricapilla,キンパラ,3.0,3,"Baghasatra, Kaundiya, Savar, Dhaka bibhag, Bangladesh",2 Oct 2019,Anamul Hassan,23.8036,90.3355,Bangladesh,False,ML180005521,P1
186714191,chemun,Lonchura atricapilla,キンパラ,3.8,5,"San Francisco Farms, Bugallon, Pangasinan, Philippines",9 Nov 2019,Kim Cancino,15.9587,120.2002,Philippines,False,ML186714191,P1
199436721,chemun,Lonchura atricapilla,キンパラ,2.75,4,"Poblacion (Balcony Birding), Bugallon, Pangasinan, Philippines",15 Jan 2020,Kim Cancino,15.9552,120.2165,Philippines,False,ML199436721,P1
202581,chemun,Lonchura atricapilla,キンパラ,1.8888888888888888,9,"Sandakan; by access road on E side of airport, Sabah, Malaysia",7 May 2013,Rich Hoyer,5.896,118.0639,Malaysia,False,ML202581,P1
204002681,chemun,Lonchura atricapilla,キンパラ,2.75,4,"Tablas Island (12.4352, 122.053), Romblon, Philippines",1 Jul 2000,Desmond Allen,12.4352,122.053,Philippines,False,ML204002681,P1
207426101,chemun,Lonchura atricapilla,キンパラ,4.0,4,"San Francisco Farms, Bugallon, Pangasinan, Philippines",5 Feb 2020,Kim Cancino,15.9587,120.2002,Philippines,False,ML207426101,P1
210537081,chemun,Lonchura atricapilla,キンパラ,1.5,2,"Chikreng Bengal Florican Conservation Area, Siemréab, Cambodia",27 Dec 2019,Larry Chen,13.0221,104.4429,Cambodia,False,ML210537081,P1
213518,chemun,Lonchura atricapilla,キンパラ,2.5,10,"Tawau Hills Park, Sabah, Malaysia",1 Apr 2013,Emma Greig,4.3908,117.8889,Malaysia,False,ML213518,P1
216454621,chemun,Lonchura atricapilla,キンパラ,4.0,5,"Poblacion (Balcony Birding), Bugallon, Pangasinan, Philippines",19 Mar 2020,Kim Cancino,15.9552,120.2165,Philippines,False,ML216454621,P1
227421101,chemun,Lonchura atricapilla,キンパラ,3.75,4,"Poblacion (Balcony Birding), Bugallon, Pangasinan, Philippines",17 Apr 2020,Kim Cancino,15.9552,120.2165,Philippines,False,ML227421101,P1
233189971,chemun,Lonchura atricapilla,キンパラ,2.3333333333333335,3,"Poblacion (Balcony Birding), Bugallon, Pangasinan, Philippines",10 May 2020,Kim Cancino,15.9552,120.2165,Philippines,False,ML233189971,P1
237017471,chemun,Lonchura atricapilla,キンパラ,2.0,4,"Poblacion (Balcony Birding), Bugallon, Pangasinan, Philippines",21 May 2020,Kim Cancino,15.9552,120.2165,Philippines,False,ML237017471,P1
243658691,chemun,Lonchura atricapilla,キンパラ,4.25,4,"San Francisco Farms, Bugallon, Pangasinan, Philippines",16 Jun 2020,Kim Cancino,15.9587,120.2002,Philippines,False,ML243658691,P1
243665451,chemun,Lonchura atricapilla,キンパラ,3.0,4,"San Francisco Farms, Bugallon, Pangasinan, Philippines",16 Jun 2020,Kim Cancino,15.9587,120.2002,Philippines,False,ML243665451,P1
265013781,chemun,Lonchura atricapilla,キンパラ,3.5,4,"San Francisco Riverside, Bugallon, Pangasinan, Philippines",23 Sep 2020,Kim Cancino,15.9716,120.1914,Philippines,False,ML265013781,P1
294823191,chemun,Lonchura atricapilla,キンパラ,2.0,3,"屏東--東港船頭/東新路農田濕地(Pingtung--Donggang Chuantou/Dongshin Wetland), Pingtung County, Taiwan",5 Jan 2021,志民 蘇,22.4716,120.4721,Taiwan,False,ML294823191,P1
296680391,chemun,Lonchura atricapilla,キンパラ,4.0,3,"Huai Chorakhe Mak Reservoir Non-hunting Area* (general area), Buri Ram, Thailand",11 Oct 2020,Sutanan Pinmaneenopparat,14.9007,103.034,Thailand,False,ML296680391,P1
303854391,chemun,Lonchura atricapilla,キンパラ,1.3333333333333333,3,"台東--利嘉溪口(Taitung--Lijia River Mouth), Taitung County, Taiwan",3 Feb 2021,志民 蘇,22.7087,121.1037,Taiwan,False,ML303854391,P1
324118501,chemun,Lonchura atricapilla,キンパラ,4.0,3,"Poblacion (Balcony Birding), Bugallon, Pangasinan, Philippines",8 Apr 2021,Kim Cancino,15.9552,120.2165,Philippines,False,ML324118501,P1
350394191,chemun,Lonchura atricapilla,キンパラ,4.0,3,"New Vision Eco City (Dhaka), Dhaka bibhag, Bangladesh",26 Jun 2021,Sayam U. Chowdhury,23.736,90.2994,Bangladesh,False,ML350394191,P1
352328401,chemun,Lonchura atricapilla,キンパラ,2.8333333333333335,6,"Waimea Plantation Cottages, Kauai, Hawaii, United States",1 Jul 2021,James (Jim) Holmes,21.9576,-159.676,United States,False,ML352328401,P1
352328691,chemun,Lonchura atricapilla,キンパラ,4.714285714285714,7,"Nounou Forest Reserve--Kuamo'o-Nounou Trail, Kauai, Hawaii, United States",4 Jul 2021,James (Jim) Holmes,22.0553,-159.3657,United States,False,ML352328691,P1
365636711,chemun,Lonchura atricapilla,キンパラ,4.0,3,"Lotus Grand, Marittima, Bacoor City PH-Cavite (14.4077,120.9693), Cavite, Philippines",1 Sep 2021,Robert Hutchinson / Birdtour Asia,14.4077,120.9693,Philippines,False,ML365636711,P1
367691861,chemun,Lonchura atricapilla,キンパラ,3.75,4,"Silicon City, Dhaka Uddan, Dhaka bibhag, Bangladesh",8 Sep 2021,Zaber Ansary -BirdingBD Tours,23.7623,90.3346,Bangladesh,False,ML367691861,P1
401012951,chemun,Lonchura atricapilla,キンパラ,1.6666666666666667,3,"Ilaya, San Pablo City, Laguna, Philippines",1 Jan 2022,EDP Liuag,14.0743,121.3263,Philippines,False,ML401012951,P1
414773871,chemun,Lonchura atricapilla,キンパラ,3.0,3,"屏東--大鵬灣右岸濕地(Pingtung--Dapeng Bay Right Bank Wetland), Pingtung County, Taiwan",30 Jan 2022,志民 蘇,22.4438,120.491,Taiwan,False,ML414773871,P1
458536621,chemun,Lonchura atricapilla,キンパラ,5.0,3,"Jalan Mini Dewan, Kinabatangan, Sabah, MY (5,513, 118,291), Sabah, Malaysia",26 May 2022,Gabriel Leite,5.5133,118.2907,Malaysia,False,ML458536621,P1
460721001,chemun,Lonchura atricapilla,キンパラ,2.75,4,"Liptong Creek, Valencia, Negros Oriental, Philippines",7 Jun 2022,Chris Chafer,9.2636,123.24,Philippines,False,ML460721001,P1
466140331,chemun,Lonchura atricapilla,キンパラ,3.0,3,"花蓮縣壽豐鄉豐裡村文化街, Hualien County, Taiwan",10 Jul 2022,Sheng Wun Jheng,23.8454,121.5113,Taiwan,False,ML466140331,P1
468386101,chemun,Lonchura atricapilla,キンパラ,2.6666666666666665,3,"花蓮縣壽豐鄉豐裡村文化街, Hualien County, Taiwan",19 Jul 2022,Sheng Wun Jheng,23.8454,121.5113,Taiwan,False,ML468386101,P1
472374801,chemun,Lonchura atricapilla,キンパラ,2.3333333333333335,3,"花蓮縣壽豐鄉豐裡村文化街, Hualien County, Taiwan",4 Aug 2022,Sheng Wun Jheng,23.8454,121.5113,Taiwan,False,ML472374801,P1
474033131,chemun,Lonchura atricapilla,キンパラ,2.6666666666666665,3,"Princeville Neighborhood Overlooking Golf Course, Kauai, Hawaii, United States",3 Aug 2022,Ben Newhouse,22.2222,-159.4803,United States,False,ML474033131,P1
474048721,chemun,Lonchura atricapilla,キンパラ,2.3333333333333335,3,"Princeville Neighborhood Overlooking Golf Course, Kauai, Hawaii, United States",3 Aug 2022,Ben Newhouse,22.2222,-159.4803,United States,False,ML474048721,P1
475682651,chemun,Lonchura atricapilla,キンパラ,3.6666666666666665,3,"彰化--彰濱工業區崙尾區(Changhua--Coastal Industrial Park Lunwei District), Changhua County, Taiwan",15 Aug 2022,Kuan-Chieh 紅冠 Hung | TaiwanBirdGuide.com,24.1108,120.3981,Taiwan,False,ML475682651,P1
476593551,chemun,Lonchura atricapilla,キンパラ,3.0,3,"花蓮縣壽豐鄉豐裡村文化街, Hualien County, Taiwan",20 Aug 2022,Sheng Wun Jheng,23.8454,121.5113,Taiwan,False,ML476593551,P1
478865361,chemun,Lonchura atricapilla,キンパラ,2.3333333333333335,3,"碧蓮寺, Hualien County, Taiwan",28 Aug 2022,Sheng Wun Jheng,23.839,121.5016,Taiwan,False,ML478865361,P1
478865481,chemun,Lonchura atricapilla,キンパラ,3.3333333333333335,3,"碧蓮寺, Hualien County, Taiwan",28 Aug 2022,Sheng Wun Jheng,23.839,121.5016,Taiwan,False,ML478865481,P1
480618521,chemun,Lonchura atricapilla,キンパラ,3.3333333333333335,3,"花蓮縣壽豐鄉豐裡村文化街, Hualien County, Taiwan",3 Sep 2022,Sheng Wun Jheng,23.8454,121.5113,Taiwan,False,ML480618521,P1
482176451,chemun,Lonchura atricapilla,キンパラ,1.3333333333333333,3,"花蓮縣壽豐鄉豐裡村文化街, Hualien County, Taiwan",8 Sep 2022,Sheng Wun Jheng,23.8454,121.5113,Taiwan,False,ML482176451,P1
482176891,chemun,Lonchura atricapilla,キンパラ,3.0,3,"花蓮縣壽豐鄉豐裡村文化街, Hualien County, Taiwan",8 Sep 2022,Sheng Wun Jheng,23.8454,121.5113,Taiwan,False,ML482176891,P1
482178811,chemun,Lonchura atricapilla,キンパラ,2.0,3,"花蓮縣壽豐鄉豐裡村文化街, Hualien County, Taiwan",8 Sep 2022,Sheng Wun Jheng,23.8454,121.5113,Taiwan,False,ML482178811,P1
482558181,chemun,Lonchura atricapilla,キンパラ,3.6666666666666665,3,"Kaziranga National Park, Golaghat IN-AS 26.61444, 93.44869, Golaghat, Assam, India",9 Sep 2022,Rofikul Islam,26.6144,93.4487,India,False,ML482558181,P1
492550431,chemun,Lonchura atricapilla,キンパラ,3.0,3,"花蓮縣壽豐鄉豐裡村文化街, Hualien County, Taiwan",11 Oct 2022,Sheng Wun Jheng,23.8454,121.5113,Taiwan,False,ML492550431,P1
515940401,chemun,Lonchura atricapilla,キンパラ,3.3333333333333335,3,"花蓮縣壽豐鄉豐裡村文化街, Hualien County, Taiwan",24 Dec 2022,Sheng Wun Jheng,23.8454,121.5113,Taiwan,False,ML515940401,P1
597261031,chemun,Lonchura atricapilla,キンパラ,2.6666666666666665,3,"Lag-asan, Bago City, Negros Occidental, Philippines",25 Jul 2023,David Morrison,10.5244,122.8469,Philippines,False,ML597261031,P1
609058468,chemun,Lonchura atricapilla,キンパラ,3.5,4,"Garceliano Beach, Puerto Princesa, Palawan, Philippines",11 Aug 2012,Pam Rasmussen,9.7288,118.7728,Philippines,False,ML609058468,P1
609058471,chemun,Lonchura atricapilla,キンパラ,2.6666666666666665,3,"Garceliano Beach, Puerto Princesa, Palawan, Philippines",11 Aug 2012,Pam Rasmussen,9.7288,118.7728,Philippines,False,ML609058471,P1
609058474,chemun,Lonchura atricapilla,キンパラ,4.0,4,"Garceliano Beach, Puerto Princesa, Palawan, Philippines",11 Aug 2012,Pam Rasmussen,9.7288,118.7728,Philippines,False,ML609058474,P1
609847042,chemun,Lonchura atricapilla,キンパラ,2.3333333333333335,3,"台北--田寮洋濕地(Taipei--Tianliaoyang Wetland), New Taipei City, Taiwan",12 Oct 2023,Chi-Hsuan Shao,25.0193,121.9232,Taiwan,False,ML609847042,P1
609847109,chemun,Lonchura atricapilla,キンパラ,2.3333333333333335,3,"台北--田寮洋濕地(Taipei--Tianliaoyang Wetland), New Taipei City, Taiwan",12 Oct 2023,Chi-Hsuan Shao,25.0193,121.9232,Taiwan,False,ML609847109,P1
612826848,chemun,Lonchura atricapilla,キンパラ,3.5,4,"Panan private resort, Zambales, Philippines",31 Mar 2023,Jocce Ekström,15.2154,120.0198,Philippines,False,ML612826848,P1
612849697,chemun,Lonchura atricapilla,キンパラ,2.3333333333333335,3,"Lag-asan, Bago City, Negros Occidental, Philippines",31 Dec 2023,David Morrison,10.5244,122.8469,Philippines,False,ML612849697,P1
612947844,chemun,Lonchura atricapilla,キンパラ,2.0,3,"Lag-asan, Bago City, Negros Occidental, Philippines",2 Jan 2024,David Morrison,10.5244,122.8469,Philippines,False,ML612947844,P1
613757662,chemun,Lonchura atricapilla,キンパラ,3.0,4,"Chui Chak Paddyfields, Perak, Malaysia",6 Jan 2024,Lim Ying Hien,4.029,101.1653,Malaysia,False,ML613757662,P1
613757663,chemun,Lonchura atricapilla,キンパラ,3.3333333333333335,3,"Chui Chak Paddyfields, Perak, Malaysia",6 Jan 2024,Lim Ying Hien,4.029,101.1653,Malaysia,False,ML613757663,P1
614919178,chemun,Lonchura atricapilla,キンパラ,1.6666666666666667,3,"Ho'omaluhia Botanical Garden, Honolulu, Hawaii, United States",3 Dec 2023,Dana Sterner,21.3844,-157.8057,United States,False,ML614919178,P1
615854437,chemun,Lonchura atricapilla,キンパラ,2.3333333333333335,3,"Lat Krabang--Thap Yao paddies & aquaculture ponds, Krung Thep Maha Nakhon [Bangkok], Thailand",10 Mar 2024,Sam Hambly,13.7416,100.8124,Thailand,False,ML615854437,P1
616503047,chemun,Lonchura atricapilla,キンパラ,1.6666666666666667,3,"台中--月眉觀光糖廠(Taichung--Yuemei Tourism Sugar Factory), Taichung City, Taiwan",23 Mar 2024,Chengheng Hu,24.3142,120.6955,Taiwan,False,ML616503047,P1
617293801,chemun,Lonchura atricapilla,キンパラ,2.3333333333333335,3,"祥鷺池塘, Taoyuan City, Taiwan",13 Apr 2024,Yosico Chu,24.9842,121.277,Taiwan,False,ML617293801,P1
618808807,chemun,Lonchura atricapilla,キンパラ,2.75,4,"Chandrapur, Kamrup Metropolitan IN-AS (26.2295,91.9264), Kamrup Metropolitan, Assam, India",31 Dec 2023,Zebedee Muller,26.2295,91.9264,India,False,ML618808807,P1
619647930,chemun,Lonchura atricapilla,キンパラ,3.0,3,"Lag-asan, Bago City, Negros Occidental, Philippines",27 May 2024,David Morrison,10.5244,122.8469,Philippines,False,ML619647930,P1
620480106,chemun,Lonchura atricapilla,キンパラ,3.75,4,"Lag-asan, Bago City, Negros Occidental, Philippines",16 Jun 2024,David Morrison,10.5244,122.8469,Philippines,False,ML620480106,P1
620624720,chemun,Lonchura atricapilla,キンパラ,3.3333333333333335,3,"台北--田寮洋濕地(Taipei--Tianliaoyang Wetland), New Taipei City, Taiwan",25 Apr 2024,Sam Zhang,25.0193,121.9232,Taiwan,False,ML620624720,P1
620666482,chemun,Lonchura atricapilla,キンパラ,2.6666666666666665,3,"Sampanit Fish Ponds, Bago City, Negros Occidental, Philippines",21 Jun 2024,David Morrison,10.5461,122.8559,Philippines,False,ML620666482,P1
621509624,chemun,Lonchura atricapilla,キンパラ,2.3333333333333335,3,"Bakhawan Ecopark, Aklan, Philippines",14 Jul 2024,Richard Cahilig,11.7194,122.3858,Philippines,False,ML621509624,P1
622286923,chemun,Lonchura atricapilla,キンパラ,3.5,2,"11號 粉寮巷, 御史里, Nantou County, TW (23.994, 120.696), Nantou County, Taiwan",7 Aug 2024,Cynthia Su,23.9937,120.6956,Taiwan,False,ML622286923,P1
622349876,chemun,Lonchura atricapilla,キンパラ,2.0,3,"彰化縣, TW (23.865, 120.607), Changhua County, Taiwan",9 Aug 2024,Scott (瑞興) LIN(林),23.8652,120.6072,Taiwan,False,ML622349876,P1
622461811,chemun,Lonchura atricapilla,キンパラ,0.0,0,"Senderos Del Río, El Porvenir, Antioquia, Colombia",12 Aug 2024,Nestor Monsalve (@birds.nestor),6.1455,-75.3895,Colombia,False,ML622461811,P1
622499126,chemun,Lonchura atricapilla,キンパラ,3.0,3,"Tibsoc Fish Farms, San Enrique, Negros Occidental, Philippines",14 Aug 2024,David Morrison,10.3945,122.8661,Philippines,False,ML622499126,P1
623409303,chemun,Lonchura atricapilla,キンパラ,3.3333333333333335,3,"Lag-asan, Bago City, Negros Occidental, Philippines",7 Sep 2024,David Morrison,10.5244,122.8469,Philippines,False,ML623409303,P1
623724623,chemun,Lonchura atricapilla,キンパラ,4.0,3,"Lag-asan, Bago City, Negros Occidental, Philippines",15 Sep 2024,David Morrison,10.5244,122.8469,Philippines,False,ML623724623,P1
623870188,chemun,Lonchura atricapilla,キンパラ,3.6666666666666665,3,"Tibsoc Fish Farms, San Enrique, Negros Occidental, Philippines",18 Sep 2024,David Morrison,10.3945,122.8661,Philippines,False,ML623870188,P1
623940208,chemun,Lonchura atricapilla,キンパラ,2.5,2,"Sampanit Fish Ponds, Bago City, Negros Occidental, Philippines",20 Sep 2024,David Morrison,10.5461,122.8559,Philippines,False,ML623940208,P1
624406278,chemun,Lonchura atricapilla,キンパラ,3.0,3,"Lag-asan, Bago City, Negros Occidental, Philippines",2 Oct 2024,David Morrison,10.5244,122.8469,Philippines,False,ML624406278,P1
624494799,chemun,Lonchura atricapilla,キンパラ,1.5,2,"Lag-asan, Bago City, Negros Occidental, Philippines",4 Oct 2024,David Morrison,10.5244,122.8469,Philippines,False,ML624494799,P1
624822229,chemun,Lonchura atricapilla,キンパラ,2.0,2,"Tibsoc Fish Farms, San Enrique, Negros Occidental, Philippines",12 Oct 2024,David Morrison,10.3945,122.8661,Philippines,False,ML624822229,P1
625424016,chemun,Lonchura atricapilla,キンパラ,3.6666666666666665,3,"Marina East (Gardens by the Bay: Bay East / Marina Barrage), Singapore, Singapore",12 Oct 2024,Joshua Chong,1.2817,103.8768,Singapore,False,ML625424016,P1
625424017,chemun,Lonchura atricapilla,キンパラ,2.0,2,"Marina East (Gardens by the Bay: Bay East / Marina Barrage), Singapore, Singapore",12 Oct 2024,Joshua Chong,1.2817,103.8768,Singapore,False,ML625424017,P1
625424018,chemun,Lonchura atricapilla,キンパラ,2.3333333333333335,3,"Marina East (Gardens by the Bay: Bay East / Marina Barrage), Singapore, Singapore",12 Oct 2024,Joshua Chong,1.2817,103.8768,Singapore,False,ML625424018,P1
626929209,chemun,Lonchura atricapilla,キンパラ,2.0,3,"Lag-asan, Bago City, Negros Occidental, Philippines",1 Dec 2024,David Morrison,10.5244,122.8469,Philippines,False,ML626929209,P1
627233844,chemun,Lonchura atricapilla,キンパラ,2.0,3,"Lag-asan, Bago City, Negros Occidental, Philippines",8 Dec 2024,David Morrison,10.5244,122.8469,Philippines,False,ML627233844,P1
627287509,chemun,Lonchura atricapilla,キンパラ,2.6666666666666665,3,"Lag-asan, Bago City, Negros Occidental, Philippines",9 Dec 2024,David Morrison,10.5244,122.8469,Philippines,False,ML627287509,P1
627881948,chemun,Lonchura atricapilla,キンパラ,3.0,3,"Lag-asan, Bago City, Negros Occidental, Philippines",23 Dec 2024,David Morrison,10.5244,122.8469,Philippines,False,ML627881948,P1
629263559,chemun,Lonchura atricapilla,キンパラ,1.0,2,"Igdarapdap, Nueva Valencia, Fishponds, Guimaras, Philippines",18 Jan 2025,David Morrison,10.4397,122.5642,Philippines,False,ML629263559,P1
629391686,chemun,Lonchura atricapilla,キンパラ,3.0,1,"Paddy Fields & Lake Danao Marsh, Camotes, San Francisco, PH (10.657, 124.355), Cebu, Philippines",20 Jan 2025,Andrew Wolfe,10.657,124.3551,Philippines,False,ML629391686,P1
629521698,chemun,Lonchura atricapilla,キンパラ,2.0,1,"Lag-asan, Bago City, Negros Occidental, Philippines",23 Jan 2025,David Morrison,10.5244,122.8469,Philippines,False,ML629521698,P1
629804243,chemun,Lonchura atricapilla,キンパラ,3.5,2,"Paddy Fields & Lake Danao Marsh, Camotes, San Francisco, PH (10.657, 124.355), Cebu, Philippines",28 Jan 2025,Andrew Wolfe,10.657,124.3551,Philippines,False,ML629804243,P1
629879612,chemun,Lonchura atricapilla,キンパラ,3.0,1,"Lag-asan, Bago City, Negros Occidental, Philippines",30 Jan 2025,David Morrison,10.5244,122.8469,Philippines,False,ML629879612,P1
630087284,chemun,Lonchura atricapilla,キンパラ,1.5,2,"Lag-asan, Bago City, Negros Occidental, Philippines",3 Feb 2025,David Morrison,10.5244,122.8469,Philippines,False,ML630087284,P1
630088010,chemun,Lonchura atricapilla,キンパラ,3.0,3,"Lag-asan, Bago City, Negros Occidental, Philippines",3 Feb 2025,David Morrison,10.5244,122.8469,Philippines,False,ML630088010,P1
630750544,chemun,Lonchura atricapilla,キンパラ,1.5,2,"Lag-asan, Bago City, Negros Occidental, Philippines",16 Feb 2025,David Morrison,10.5244,122.8469,Philippines,False,ML630750544,P1
631160374,chemun,Lonchura atricapilla,キンパラ,2.0,1,"The Magellan Sutera Resort, Sabah, Malaysia",16 Jan 2025,Scott Kramer,5.9676,116.0597,Malaysia,False,ML631160374,P1
631588257,chemun,Lonchura atricapilla,キンパラ,3.5,2,"Lag-asan, Bago City, Negros Occidental, Philippines",4 Mar 2025,David Morrison,10.5244,122.8469,Philippines,False,ML631588257,P1
631750021,chemun,Lonchura atricapilla,キンパラ,4.0,2,"Nuvali, Sta. Rosa, Laguna, Philippines",7 Mar 2025,Rafa Leal,14.2194,121.0652,Philippines,False,ML631750021,P1
631835622,chemun,Lonchura atricapilla,キンパラ,4.0,2,"十三里, 雲林縣, TW (23.746, 120.577), Yunlin County, Taiwan",8 Mar 2025,Scott (瑞興) LIN(林),23.7457,120.5766,Taiwan,False,ML631835622,P1
631835623,chemun,Lonchura atricapilla,キンパラ,2.5,2,"十三里, 雲林縣, TW (23.746, 120.577), Yunlin County, Taiwan",8 Mar 2025,Scott (瑞興) LIN(林),23.7457,120.5766,Taiwan,False,ML631835623,P1
631835624,chemun,Lonchura atricapilla,キンパラ,2.5,2,"十三里, 雲林縣, TW (23.746, 120.577), Yunlin County, Taiwan",8 Mar 2025,Scott (瑞興) LIN(林),23.7457,120.5766,Taiwan,False,ML631835624,P1
631835652,chemun,Lonchura atricapilla,キンパラ,4.5,2,"十三里, 雲林縣, TW (23.746, 120.577), Yunlin County, Taiwan",8 Mar 2025,Scott (瑞興) LIN(林),23.7457,120.5766,Taiwan,False,ML631835652,P1
632083975,chemun,Lonchura atricapilla,キンパラ,3.0,2,"Liptong Creek, Valencia, Negros Oriental, Philippines",14 Mar 2025,Chris Chafer,9.2636,123.24,Philippines,False,ML632083975,P1
632391096,chemun,Lonchura atricapilla,キンパラ,2.0,2,"Sepilok Jungle Resort, Sabah, Malaysia",8 Apr 2010,Nicholas Talbot,5.8657,117.9514,Malaysia,False,ML632391096,P1
633383686,chemun,Lonchura atricapilla,キンパラ,2.0,2,"Khao Sam​ Roi Yot wetlands--S of Ban Sam​ Roi Yot, Prachuap Khiri Khan, Thailand",7 Apr 2025,Wich’yanan Limparungpatthanakij,12.1978,99.8841,Thailand,False,ML633383686,P1
634697229,chemun,Lonchura atricapilla,キンパラ,2.0,2,"花蓮--干城(Hualien--Gancheng), Hualien County, Taiwan",7 Apr 2025,Chengheng Hu,23.9504,121.5399,Taiwan,False,ML634697229,P1
635300382,chemun,Lonchura atricapilla,キンパラ,4.5,2,"Barangay Sun Valley, Paranaque, National Capital Region (Manila), Philippines",8 May 2025,Rafa Leal,14.489,121.0369,Philippines,False,ML635300382,P1
635421976,chemun,Lonchura atricapilla,キンパラ,2.0,2,"Vacation house, Kauai, Hawaii, United States",6 Apr 2025,Kenny Frisch,21.8747,-159.4449,United States,False,ML635421976,P1
635421977,chemun,Lonchura atricapilla,キンパラ,2.0,2,"Vacation house, Kauai, Hawaii, United States",6 Apr 2025,Kenny Frisch,21.8747,-159.4449,United States,False,ML635421977,P1
635421978,chemun,Lonchura atricapilla,キンパラ,2.5,2,"Vacation house, Kauai, Hawaii, United States",6 Apr 2025,Kenny Frisch,21.8747,-159.4449,United States,False,ML635421978,P1
636762048,chemun,Lonchura atricapilla,キンパラ,3.0,2,"Tibsoc Fish Farms, San Enrique, Negros Occidental, Philippines",30 May 2025,David Morrison,10.3945,122.8661,Philippines,False,ML636762048,P1
637438302,chemun,Lonchura atricapilla,キンパラ,4.333333333333333,3,"Thanon Khat paddies, Nakhon Pathom, Thailand",11 Jun 2025,David Darrell-Lambert,13.7666,100.0655,Thailand,False,ML637438302,P1
643639356,chemun,Lonchura atricapilla,キンパラ,4.0,2,"Ban Mai paddies, Nonthaburi, Thailand",17 Oct 2025,Sam Hambly,13.8645,100.3443,Thailand,False,ML643639356,P1
643980345,chemun,Lonchura atricapilla,キンパラ,2.5,2,"Malino--Forest, Sulawesi Selatan, Sulawesi, Indonesia",23 Oct 2025,Wich’yanan Limparungpatthanakij,-5.2606,119.8714,Indonesia,False,ML643980345,P1
645982090,chemun,Lonchura atricapilla,キンパラ,3.0,2,"花蓮縣壽豐鄉豐裡村和平街, Hualien County, Taiwan",26 Nov 2025,Sheng Wun Jheng,23.8386,121.5058,Taiwan,False,ML645982090,P1
647381351,chemun,Lonchura atricapilla,キンパラ,3.0,2,"Campo Camotes Visayas, PH (10.644, 124.343), Cebu, Philippines",23 Dec 2025,Andrew Wolfe,10.6465,124.3405,Philippines,False,ML647381351,P1
647583042,chemun,Lonchura atricapilla,キンパラ,3.0,1,"Campo Camotes Visayas, PH (10.644, 124.343), Cebu, Philippines",27 Dec 2025,Andrew Wolfe,10.6465,124.3405,Philippines,False,ML647583042,P1
650522756,chemun,Lonchura atricapilla,キンパラ,0.0,0,"Nong Pen, Vientiane Prefecture, Laos",16 Jun 2024,Bram Piot,17.933,102.7507,Laos,False,ML650522756,P1
650674050,chemun,Lonchura atricapilla,キンパラ,2.0,1,"Kalayaan Beach, Bancao-bancao, Palawan, Philippines",26 Mar 2024,Paul Fenwick,9.7331,118.7722,Philippines,False,ML650674050,P1
178975031,chgshr1,Lanius sphenocercus,オオカラモズ,2.0,1,"马场 (Ma Chang), Beijing, China",21 Sep 2019,(Ai)Tao Liu,40.3799,115.8417,China,False,ML178975031,P1
178975071,chgshr1,Lanius sphenocercus,オオカラモズ,2.5,2,"马场 (Ma Chang), Beijing, China",21 Sep 2019,(Ai)Tao Liu,40.3799,115.8417,China,False,ML178975071,P1
204006761,chgshr1,Lanius sphenocercus,オオカラモズ,3.0,4,"Seosan (36.7873, 126.45), Chungcheongnam-do, South Korea",12 Mar 2007,Martin Kennewell,36.7873,126.45,South Korea,True,ML204006761,P1
210127941,chgshr1,Lanius sphenocercus,オオカラモズ,5.0,2,"温榆河 (Wenyu River), Beijing, China",18 Feb 2020,Steve Bale,39.9395,116.643,China,False,ML210127941,P1
210128121,chgshr1,Lanius sphenocercus,オオカラモズ,2.0,1,"温榆河 (Wenyu River), Beijing, China",18 Feb 2020,Steve Bale,39.9395,116.643,China,False,ML210128121,P1
222822721,chgshr1,Lanius sphenocercus,オオカラモズ,5.0,2,"霍营(40.08, 116.387), Beijing, China",12 Apr 2020,xiaobo wang,40.0801,116.3873,China,False,ML222822721,P1
266421171,chgshr1,Lanius sphenocercus,オオカラモズ,4.0,2,"马场 (Ma Chang), Beijing, China",19 Sep 2020,(Ai)Tao Liu,40.3799,115.8417,China,False,ML266421171,P1
314753971,chgshr1,Lanius sphenocercus,オオカラモズ,2.0,1,"파주--공릉천과 인근 농경지-남쪽(Paju--Gongneungcheon (stream) & Fields-South), Gyeonggi-do, South Korea",7 Mar 2021,Andy Lee,37.756,126.6926,South Korea,True,ML314753971,P1
324446551,chgshr1,Lanius sphenocercus,オオカラモズ,3.0,1,"金石滩海水养殖区 (Jinshitan Sea-farming Ponds), Liaoning, China",5 Oct 2012,Tom Beeke,39.1283,122.0354,China,True,ML324446551,P1
324446581,chgshr1,Lanius sphenocercus,オオカラモズ,3.0,1,"金石滩海水养殖区 (Jinshitan Sea-farming Ponds), Liaoning, China",5 Oct 2012,Tom Beeke,39.1283,122.0354,China,True,ML324446581,P1
324530301,chgshr1,Lanius sphenocercus,オオカラモズ,2.0,1,"金石滩海水养殖区 (Jinshitan Sea-farming Ponds), Liaoning, China",5 Nov 2013,Tom Beeke,39.1283,122.0354,China,True,ML324530301,P1
324530331,chgshr1,Lanius sphenocercus,オオカラモズ,1.0,1,"金石滩海水养殖区 (Jinshitan Sea-farming Ponds), Liaoning, China",5 Nov 2013,Tom Beeke,39.1283,122.0354,China,True,ML324530331,P1
324530361,chgshr1,Lanius sphenocercus,オオカラモズ,2.0,1,"金石滩海水养殖区 (Jinshitan Sea-farming Ponds), Liaoning, China",5 Nov 2013,Tom Beeke,39.1283,122.0354,China,True,ML324530361,P1
328370481,chgshr1,Lanius sphenocercus,オオカラモズ,3.0,1,"金石滩海水养殖区 (Jinshitan Sea-farming Ponds), Liaoning, China",9 Mar 2011,Tom Beeke,39.1283,122.0354,China,True,ML328370481,P1
328370501,chgshr1,Lanius sphenocercus,オオカラモズ,3.0,1,"金石滩海水养殖区 (Jinshitan Sea-farming Ponds), Liaoning, China",9 Mar 2011,Tom Beeke,39.1283,122.0354,China,True,ML328370501,P1
328370511,chgshr1,Lanius sphenocercus,オオカラモズ,3.0,1,"金石滩海水养殖区 (Jinshitan Sea-farming Ponds), Liaoning, China",9 Mar 2011,Tom Beeke,39.1283,122.0354,China,True,ML328370511,P1
328370531,chgshr1,Lanius sphenocercus,オオカラモズ,3.5,2,"金石滩海水养殖区 (Jinshitan Sea-farming Ponds), Liaoning, China",9 Mar 2011,Tom Beeke,39.1283,122.0354,China,True,ML328370531,P1
328370551,chgshr1,Lanius sphenocercus,オオカラモズ,3.0,2,"金石滩海水养殖区 (Jinshitan Sea-farming Ponds), Liaoning, China",9 Mar 2011,Tom Beeke,39.1283,122.0354,China,True,ML328370551,P1
389145531,chgshr1,Lanius sphenocercus,オオカラモズ,2.5,2,"马场 (Ma Chang), Beijing, China",29 Jul 2021,(Ai)Tao Liu,40.3799,115.8417,China,False,ML389145531,P1
414174281,chgshr1,Lanius sphenocercus,オオカラモズ,1.5,2,"天水3, Gansu, China",29 Sep 2021,(Ai)Tao Liu,34.4372,105.3611,China,False,ML414174281,P1
445139321,chgshr1,Lanius sphenocercus,オオカラモズ,4.0,2,"马场 (Ma Chang), Beijing, China",16 Apr 2022,(Ai)Tao Liu,40.3799,115.8417,China,False,ML445139321,P1
609060335,chgshr1,Lanius sphenocercus,オオカラモズ,4.0,2,"图牧吉 (Temeji), Nei Mongol, China",2 Jul 2013,Pam Rasmussen,46.1374,122.8922,China,False,ML609060335,P1
613765769,chgshr1,Lanius sphenocercus,オオカラモズ,4.0,2,"桑园 (Sang Yuan), Hebei, China",17 Jan 2024,(Ai)Tao Liu,40.3064,115.5905,China,False,ML613765769,P1
626942104,chgshr1,Lanius sphenocercus,オオカラモズ,3.0,1,"G107滹沱河大桥 (G107 Hutuo River Bridge), Hebei, China",1 Dec 2024,Yawei Zhang,38.1243,114.5398,China,False,ML626942104,P1
629453298,chgshr1,Lanius sphenocercus,オオカラモズ,3.6666666666666665,3,"大宁水库及其东部永定河废弃河道 (Daning Reservoir & Adjacent Riverbed), Beijing, China",20 Jan 2025,Jiaming Zhang,39.829,116.2171,China,False,ML629453298,P1
629453299,chgshr1,Lanius sphenocercus,オオカラモズ,4.0,2,"大宁水库及其东部永定河废弃河道 (Daning Reservoir & Adjacent Riverbed), Beijing, China",20 Jan 2025,Jiaming Zhang,39.829,116.2171,China,False,ML629453299,P1
647604672,chgshr1,Lanius sphenocercus,オオカラモズ,5.0,1,"大宁水库及其东部永定河废弃河道 (Daning Reservoir & Adjacent Riverbed), Beijing, China",27 Dec 2025,向荣 严,39.829,116.2171,China,False,ML647604672,P1
650941323,chgshr1,Lanius sphenocercus,オオカラモズ,5.0,1,"宋庄蓄滞洪区 (Songzhuang Retention Basin), Beijing, China",11 Feb 2026,Terry Townshend,39.9734,116.6494,China,False,ML650941323,P1
297312421,chiegr,Egretta eulophotes,カラシラサギ,2.4285714285714284,7,"Lingayen Gulf, Lingayen, Pangasinan, Philippines",13 Jan 2021,Kim Cancino,16.1591,120.2568,Philippines,False,ML297312421,P1
297875381,chiegr,Egretta eulophotes,カラシラサギ,3.7142857142857144,7,"Lingayen Gulf, Lingayen, Pangasinan, Philippines",15 Jan 2021,Kim Cancino,16.1591,120.2568,Philippines,False,ML297875381,P1
299828731,chiegr,Egretta eulophotes,カラシラサギ,2.7142857142857144,7,"Lingayen Gulf, Lingayen, Pangasinan, Philippines",21 Jan 2021,Kim Cancino,16.1591,120.2568,Philippines,False,ML299828731,P1
307947951,chiegr,Egretta eulophotes,カラシラサギ,1.8571428571428572,7,"Lingayen Gulf, Lingayen, Pangasinan, Philippines",15 Feb 2021,Kim Cancino,16.1591,120.2568,Philippines,False,ML307947951,P1
309372491,chiegr,Egretta eulophotes,カラシラサギ,3.142857142857143,7,"Lingayen Gulf, Lingayen, Pangasinan, Philippines",1 Feb 2021,Kim Cancino,16.1591,120.2568,Philippines,False,ML309372491,P1
326107711,chiegr,Egretta eulophotes,カラシラサギ,3.0,7,"Lingayen Gulf, Lingayen, Pangasinan, Philippines",13 Apr 2021,Kim Cancino,16.1591,120.2568,Philippines,False,ML326107711,P1
329786251,chiegr,Egretta eulophotes,カラシラサギ,3.75,8,"Lingayen Gulf, Lingayen, Pangasinan, Philippines",24 Apr 2021,Kim Cancino,16.1591,120.2568,Philippines,False,ML329786251,P1
368396971,chiegr,Egretta eulophotes,カラシラサギ,3.125,8,"Lingayen Gulf, Lingayen, Pangasinan, Philippines",10 Sep 2021,Kim Cancino,16.1591,120.2568,Philippines,False,ML368396971,P1
588736301,chiegr,Egretta eulophotes,カラシラサギ,3.625,8,"Kuala Baram Wetlands, Sarawak, Malaysia",16 Jun 2023,Dave Bakewell,4.5858,114.0292,Malaysia,False,ML588736301,P1
624940622,chiegr,Egretta eulophotes,カラシラサギ,3.4285714285714284,7,"Tibsoc Mudflats, San Enrique, Negros Occidental, Philippines",14 Oct 2024,David Morrison,10.3906,122.8585,Philippines,False,ML624940622,P1
631499017,chiegr,Egretta eulophotes,カラシラサギ,2.75,8,"Tibsoc Mudflats, San Enrique, Negros Occidental, Philippines",2 Mar 2025,David Morrison,10.3906,122.8585,Philippines,False,ML631499017,P1
645927529,chiegr,Egretta eulophotes,カラシラサギ,3.0,2,"Tibsoc Mudflats, San Enrique, Negros Occidental, Philippines",27 Nov 2025,David Morrison,10.3906,122.8585,Philippines,False,ML645927529,P1
647122591,chiegr,Egretta eulophotes,カラシラサギ,5.0,2,"Olango Island Wildlife Sanctuary, Lapu-Lapu City, Cebu, Philippines",18 Dec 2025,Andrew Wolfe,10.2484,124.0367,Philippines,False,ML647122591,P1
113672,chpher1,Ardeola bacchus,アカガシラサギ,2.4285714285714284,14,"Nam Cat Tien National Park, Vietnam",3 Feb 2000,Linda Macaulay,11.4231,107.428,Vietnam,False,ML113672,P1
113681,chpher1,Ardeola bacchus,アカガシラサギ,2.2142857142857144,14,"Nam Cat Tien National Park, Vietnam",4 Feb 2000,Linda Macaulay,11.4231,107.428,Vietnam,False,ML113681,P1
113686,chpher1,Ardeola bacchus,アカガシラサギ,2.8461538461538463,13,"Nam Cat Tien National Park, Vietnam",4 Feb 2000,Linda Macaulay,11.4231,107.428,Vietnam,False,ML113686,P1
113696,chpher1,Ardeola bacchus,アカガシラサギ,2.357142857142857,14,"Nam Cat Tien National Park, Vietnam",5 Feb 2000,Linda Macaulay,11.4231,107.428,Vietnam,False,ML113696,P1
135662131,chpher1,Ardeola bacchus,アカガシラサギ,3.1538461538461537,13,"Ko Phra Thong Island Resort, Phangnga, Thailand",18 Feb 2016,Eric DeFonso 🦑,9.13,98.261,Thailand,False,ML135662131,P1
249899171,chpher1,Ardeola bacchus,アカガシラサギ,1.8571428571428572,14,"金門--太湖(Kinmen--Tai Lake), Kinmen County, Taiwan",2 Jul 2020,Ting-Wei (廷維) HUNG (洪),24.4396,118.4258,Taiwan,False,ML249899171,P1
285981951,chpher1,Ardeola bacchus,アカガシラサギ,2.5714285714285716,14,"拷潭, Kaohsiung City, Taiwan",7 Dec 2020,志民 蘇,22.5797,120.3898,Taiwan,False,ML285981951,P1
367889921,chpher1,Ardeola bacchus,アカガシラサギ,3.3846153846153846,13,"Khlong Da Baek Reservoir, Tak, Thailand",9 Sep 2021,Jens Toettrup,17.0221,99.3432,Thailand,False,ML367889921,P1
482558951,chpher1,Ardeola bacchus,アカガシラサギ,3.5,14,"金門--金門植物園(Kinmen--Botanical Garden), Kinmen County, Taiwan",7 Sep 2022,Ting-Wei (廷維) HUNG (洪),24.4547,118.3974,Taiwan,False,ML482558951,P1
568774141,chpher1,Ardeola bacchus,アカガシラサギ,2.0714285714285716,14,"Auto selected 24.42418, 118.22662, Kinmen County, Taiwan",17 Dec 2022,Jhih-Wei (志偉) TSAI (蔡),24.4242,118.2266,Taiwan,False,ML568774141,P1
612150203,chpher1,Ardeola bacchus,アカガシラサギ,3.230769230769231,13,"Kumphawapi Lake (southern part), Udon Thani, Thailand",14 Feb 2017,Agris Celmins,17.1528,103.0175,Thailand,False,ML612150203,P1
616736673,chpher1,Ardeola bacchus,アカガシラサギ,3.5,12,"Laem Phak Bia--Environmental Research & Development Project, Phetchaburi, Thailand",25 Feb 2024,Gabriel Leite,13.0491,100.0885,Thailand,False,ML616736673,P1
618709547,chpher1,Ardeola bacchus,アカガシラサギ,2.6153846153846154,13,"馬祖--南竿津沙水庫(Matsu--Nangan Jinsha Reservoir), Lienchiang County, Taiwan",2 May 2024,志民 蘇,26.1456,119.9155,Taiwan,False,ML618709547,P1
620478673,chpher1,Ardeola bacchus,アカガシラサギ,3.6153846153846154,13,"서귀포--마라도(Seogwipo--Mara-do(island)), Jeju-do, South Korea",14 May 2023,Leslie Hurteau,33.1179,126.2679,South Korea,True,ML620478673,P1
623669657,chpher1,Ardeola bacchus,アカガシラサギ,3.0,6,"Rice paddy 50230, Hang Dong TH-Chiang Mai 18.67226, 98.90596, Chiang Mai, Thailand",12 Sep 2024,Merle Schmidt,18.6723,98.906,Thailand,False,ML623669657,P1
624021514,chpher1,Ardeola bacchus,アカガシラサギ,3.5,6,"Home, Hang Dong TH-Chiang Mai, Chiang Mai, Thailand",22 Sep 2024,Merle Schmidt,18.6756,98.91,Thailand,False,ML624021514,P1
624063929,chpher1,Ardeola bacchus,アカガシラサギ,2.3333333333333335,6,"Home, Hang Dong TH-Chiang Mai, Chiang Mai, Thailand",22 Sep 2024,Merle Schmidt,18.6756,98.91,Thailand,False,ML624063929,P1
628291007,chpher1,Ardeola bacchus,アカガシラサギ,3.5,6,"梅林水库 (Meilin Reservoir), Guangdong, China",31 Dec 2024,Yanran Ning,22.5741,114.023,China,False,ML628291007,P1
628291008,chpher1,Ardeola bacchus,アカガシラサギ,3.3333333333333335,6,"梅林水库 (Meilin Reservoir), Guangdong, China",31 Dec 2024,Yanran Ning,22.5741,114.023,China,False,ML628291008,P1
628291009,chpher1,Ardeola bacchus,アカガシラサギ,3.5,6,"梅林水库 (Meilin Reservoir), Guangdong, China",31 Dec 2024,Yanran Ning,22.5741,114.023,China,False,ML628291009,P1
628291010,chpher1,Ardeola bacchus,アカガシラサギ,3.8333333333333335,6,"梅林水库 (Meilin Reservoir), Guangdong, China",31 Dec 2024,Yanran Ning,22.5741,114.023,China,False,ML628291010,P1
628291011,chpher1,Ardeola bacchus,アカガシラサギ,3.5,6,"梅林水库 (Meilin Reservoir), Guangdong, China",31 Dec 2024,Yanran Ning,22.5741,114.023,China,False,ML628291011,P1
628953526,chpher1,Ardeola bacchus,アカガシラサギ,3.2857142857142856,7,"Ban Nong Jik Teen Noen paddies, Sukhothai, Thailand",12 Jan 2025,Jens Toettrup,17.0002,99.4792,Thailand,False,ML628953526,P1
633513351,chpher1,Ardeola bacchus,アカガシラサギ,4.285714285714286,7,"Kui Buri NP--Phraek Takhro Waterfall Rd. (outer part), Prachuap Khiri Khan, Thailand",26 Nov 2023,Andrew Spencer,12.3629,99.563,Thailand,False,ML633513351,P1
640677022,chpher1,Ardeola bacchus,アカガシラサギ,2.5,2,"金門--麒麟山南面道路, Kinmen County, Taiwan",23 Aug 2025,Ting-Wei (廷維) HUNG (洪),24.437,118.2535,Taiwan,False,ML640677022,P1
641584983,chpher1,Ardeola bacchus,アカガシラサギ,3.6666666666666665,3,"水八仙生态文化园 (Shuibaxian Eco-Cultural Park), Jiangsu, China",7 Sep 2025,Rail Whisperer,31.2388,120.8011,China,False,ML641584983,P1
642097505,chpher1,Ardeola bacchus,アカガシラサギ,3.0,3,"金門--金門植物園(Kinmen--Botanical Garden), Kinmen County, Taiwan",19 Sep 2025,Ting-Wei (廷維) HUNG (洪),24.4547,118.3974,Taiwan,False,ML642097505,P1
642321846,chpher1,Ardeola bacchus,アカガシラサギ,4.666666666666667,3,"Home, Hang Dong TH-Chiang Mai, Chiang Mai, Thailand",23 Sep 2025,Merle Schmidt,18.6756,98.91,Thailand,False,ML642321846,P1
642470235,chpher1,Ardeola bacchus,アカガシラサギ,3.0,3,"Home, Hang Dong TH-Chiang Mai, Chiang Mai, Thailand",26 Sep 2025,Merle Schmidt,18.6756,98.91,Thailand,False,ML642470235,P1
642795059,chpher1,Ardeola bacchus,アカガシラサギ,4.0,3,"Home, Hang Dong TH-Chiang Mai, Chiang Mai, Thailand",2 Oct 2025,Merle Schmidt,18.6756,98.91,Thailand,False,ML642795059,P1
643924047,chpher1,Ardeola bacchus,アカガシラサギ,3.6666666666666665,3,"Mae Pang--Wat Doi Mae Pang, Chiang Mai, Thailand",13 Oct 2025,Merle Schmidt,19.2125,99.1871,Thailand,False,ML643924047,P1
646892193,chpher1,Ardeola bacchus,アカガシラサギ,4.0,2,"Nong Chaladrakhang, Tak, Thailand",14 Dec 2025,Jens Toettrup,17.0572,99.3833,Thailand,False,ML646892193,P1
648354895,chpher1,Ardeola bacchus,アカガシラサギ,4.0,2,"金門--烈嶼陵水湖(Kinmen--Lieyu Lingshui Lake), Kinmen County, Taiwan",5 Jan 2026,Chi-Hsuan Shao,24.4209,118.2289,Taiwan,False,ML648354895,P1
649830511,chpher1,Ardeola bacchus,アカガシラサギ,3.0,1,"162 Soi Muban Amphai Phan, Hang Dong TH-Chiang Mai 18.67427, 98.90692, Chiang Mai, Thailand",28 Jan 2026,Merle Schmidt,18.6743,98.9069,Thailand,False,ML649830511,P1
88860561,chpher1,Ardeola bacchus,アカガシラサギ,2.5714285714285716,14,"金門--烈嶼陵水湖(Kinmen--Lieyu Lingshui Lake), Kinmen County, Taiwan",8 Mar 2018,Ting-Wei (廷維) HUNG (洪),24.4209,118.2289,Taiwan,False,ML88860561,P1
134099,chrshe,Puffinus nativitatis,コミズナギドリ,4.2727272727272725,11,"Rapa Nui; Motu Nui, Valparaíso, Chile",4 Mar 2004,Alvaro Jaramillo,-27.2008,-109.4531,Chile,False,ML134099,P1
486349651,chrshe,Puffinus nativitatis,コミズナギドリ,4.545454545454546,11,"Midway Atoll NWR--Eastern Island, Midway Islands, United States Minor Outlying Islands",26 Apr 2022,Percy Ulsamer,28.2108,-177.3287,United States Minor Outlying Islands,False,ML486349651,P1
108903201,cinbit1,Ixobrychus cinnamomeus,リュウキュウヨシゴイ,2.7777777777777777,9,"Kanagan Lake (கனகன் ஏரி), Puducherry, Puducherry, India",27 Jul 2018,Surendhar Boobalan,11.9362,79.798,India,False,ML108903201,P1
155953651,cinbit1,Ixobrychus cinnamomeus,リュウキュウヨシゴイ,2.3333333333333335,6,"Ahmedabad, Ahmedabad, Gujarat, India",19 Aug 2012,Manjeet Jadeja,23.0202,72.5592,India,False,ML155953651,P1
158258511,cinbit1,Ixobrychus cinnamomeus,リュウキュウヨシゴイ,3.0,5,"屏東--東港溪老埤段(Pingtung--Donggang River Laopi Section), Pingtung County, Taiwan",13 May 2019,Jhih-Wei (志偉) TSAI (蔡),22.6268,120.5965,Taiwan,False,ML158258511,P1
220900991,cinbit1,Ixobrychus cinnamomeus,リュウキュウヨシゴイ,3.4,5,"Khejurda, West Bengal, IN (21.893, 87.572), Purba Medinipur, West Bengal, India",5 Apr 2020,Asim Giri,21.8929,87.5724,India,False,ML220900991,P1
229508451,cinbit1,Ixobrychus cinnamomeus,リュウキュウヨシゴイ,3.3333333333333335,3,"Poblacion, Bugallon, Pangasinan, Philippines",2 May 2020,Kim Cancino,15.9482,120.2095,Philippines,False,ML229508451,P1
231542941,cinbit1,Ixobrychus cinnamomeus,リュウキュウヨシゴイ,2.3333333333333335,3,"Poblacion, Bugallon, Pangasinan, Philippines",7 May 2020,Kim Cancino,15.9482,120.2095,Philippines,False,ML231542941,P1
234070401,cinbit1,Ixobrychus cinnamomeus,リュウキュウヨシゴイ,3.3333333333333335,3,"San Francisco Farms, Bugallon, Pangasinan, Philippines",13 May 2020,Kim Cancino,15.9587,120.2002,Philippines,False,ML234070401,P1
235239371,cinbit1,Ixobrychus cinnamomeus,リュウキュウヨシゴイ,3.0,3,"Cabayaoasan Ponds, Bugallon, Pangasinan, Philippines",16 May 2020,Kim Cancino,15.9657,120.2273,Philippines,False,ML235239371,P1
236106301,cinbit1,Ixobrychus cinnamomeus,リュウキュウヨシゴイ,3.5,6,"San Francisco Farms, Bugallon, Pangasinan, Philippines",18 May 2020,Kim Cancino,15.9587,120.2002,Philippines,False,ML236106301,P1
244532651,cinbit1,Ixobrychus cinnamomeus,リュウキュウヨシゴイ,2.0,3,"Selangor - Pasir Panjang Paddyfields, Selangor, Malaysia",20 Jun 2020,Lim Ying Hien,3.548,101.096,Malaysia,False,ML244532651,P1
246105991,cinbit1,Ixobrychus cinnamomeus,リュウキュウヨシゴイ,3.3333333333333335,3,"San Francisco Riverside, Bugallon, Pangasinan, Philippines",28 Jun 2020,Kim Cancino,15.9716,120.1914,Philippines,False,ML246105991,P1
24952,cinbit1,Ixobrychus cinnamomeus,リュウキュウヨシゴイ,2.1363636363636362,22,"11.2 km NW of Sukkur, Sind, Pakistan",13 Mar 1981,Ben F. King,0.0,0.0,Pakistan,False,ML24952,P1
251813251,cinbit1,Ixobrychus cinnamomeus,リュウキュウヨシゴイ,2.75,4,"Ban Waen – Sob Mae Kha lakeside scrub & paddies, Chiang Mai, Thailand",27 Jul 2020,Felix Hesse,18.6946,98.9762,Thailand,False,ML251813251,P1
255203961,cinbit1,Ixobrychus cinnamomeus,リュウキュウヨシゴイ,2.75,4,"Unnamed Road, Kurud-2, Chhattisgarh, IN (21.265, 81.797), Raipur, Chhattisgarh, India",28 Jul 2020,Jageshwer verma,21.2646,81.7966,India,False,ML255203961,P1
255204051,cinbit1,Ixobrychus cinnamomeus,リュウキュウヨシゴイ,3.25,4,"Unnamed Road, Kurud-2, Chhattisgarh, IN (21.265, 81.797), Raipur, Chhattisgarh, India",28 Jul 2020,Jageshwer verma,21.2646,81.7966,India,False,ML255204051,P1
256665061,cinbit1,Ixobrychus cinnamomeus,リュウキュウヨシゴイ,2.5,4,"Ban Waen – Sob Mae Kha lakeside scrub & paddies, Chiang Mai, Thailand",27 Jul 2020,Charley Hesse • Naturally Adventurous Podcast,18.6946,98.9762,Thailand,False,ML256665061,P1
258430401,cinbit1,Ixobrychus cinnamomeus,リュウキュウヨシゴイ,2.0,3,"Kuniyan Wetland-Main, Kasaragod, Kerala, India",28 Aug 2020,Manjunath UP,12.1495,75.1904,India,False,ML258430401,P1
260083261,cinbit1,Ixobrychus cinnamomeus,リュウキュウヨシゴイ,2.25,4,"Paddy fields near Ilayabhagavathy temple, Kanjikode, Kerala, IN, Palakkad, Kerala, India",4 Sep 2020,Vivek Sudhakaran,10.7956,76.7315,India,False,ML260083261,P1
286836401,cinbit1,Ixobrychus cinnamomeus,リュウキュウヨシゴイ,1.6666666666666667,3,"Selangor - Sungai Besar Paddyfields, Selangor, Malaysia",5 Dec 2020,Lim Ying Hien,3.7064,101.0466,Malaysia,False,ML286836401,P1
312309321,cinbit1,Ixobrychus cinnamomeus,リュウキュウヨシゴイ,2.5,4,"東港溪，萬巒段, Pingtung County, Taiwan",21 Feb 2021,志民 蘇,22.5769,120.6098,Taiwan,False,ML312309321,P1
312889891,cinbit1,Ixobrychus cinnamomeus,リュウキュウヨシゴイ,3.25,4,"武洛溪週邊, Pingtung County, Taiwan",1 Mar 2021,志民 蘇,22.6963,120.4598,Taiwan,False,ML312889891,P1
321278811,cinbit1,Ixobrychus cinnamomeus,リュウキュウヨシゴイ,1.6666666666666667,3,"Vishal's birding ditch, Anand, Gujarat, India",30 Mar 2021,Vishal Mistry,22.632,72.749,India,False,ML321278811,P1
321278821,cinbit1,Ixobrychus cinnamomeus,リュウキュウヨシゴイ,3.0,3,"Vishal's birding ditch, Anand, Gujarat, India",30 Mar 2021,Vishal Mistry,22.632,72.749,India,False,ML321278821,P1
322739811,cinbit1,Ixobrychus cinnamomeus,リュウキュウヨシゴイ,2.25,4,"Ottiyambakkam Big Lake (ஒட்டியம்பாக்கம் பெரிய ஏரி), Chengalpattu, Tamil Nadu, India",4 Apr 2021,Sreekumar Chirukandoth,12.8672,80.1781,India,False,ML322739811,P1
322879981,cinbit1,Ixobrychus cinnamomeus,リュウキュウヨシゴイ,3.0,4,"Vishal's birding ditch, Anand, Gujarat, India",31 Mar 2021,Vishal Mistry,22.632,72.749,India,False,ML322879981,P1
322879991,cinbit1,Ixobrychus cinnamomeus,リュウキュウヨシゴイ,4.0,5,"Vishal's birding ditch, Anand, Gujarat, India",31 Mar 2021,Vishal Mistry,22.632,72.749,India,False,ML322879991,P1
322880001,cinbit1,Ixobrychus cinnamomeus,リュウキュウヨシゴイ,2.75,4,"Vishal's birding ditch, Anand, Gujarat, India",31 Mar 2021,Vishal Mistry,22.632,72.749,India,False,ML322880001,P1
328933411,cinbit1,Ixobrychus cinnamomeus,リュウキュウヨシゴイ,3.2,5,"Kotapallam Tharavad, Thekkedesom, Kerala, IN (10.717, 76.791), Palakkad, Kerala, India",10 Apr 2021,Rajesh Radhakrishnan,10.7175,76.7908,India,False,ML328933411,P1
330405581,cinbit1,Ixobrychus cinnamomeus,リュウキュウヨシゴイ,4.0,4,"Roadside pond, Tak, Thailand",20 Jun 2020,Jens Toettrup,16.9581,99.3898,Thailand,False,ML330405581,P1
332384171,cinbit1,Ixobrychus cinnamomeus,リュウキュウヨシゴイ,2.75,4,"Selangor - Pasir Panjang Paddyfields, Selangor, Malaysia",1 May 2021,Lim Ying Hien,3.548,101.096,Malaysia,False,ML332384171,P1
340463971,cinbit1,Ixobrychus cinnamomeus,リュウキュウヨシゴイ,3.5,4,"Kalikkal, Thrissur, Kerala, India",20 May 2021,raveendran kc,10.3398,76.3439,India,False,ML340463971,P1
340464001,cinbit1,Ixobrychus cinnamomeus,リュウキュウヨシゴイ,3.25,4,"Kalikkal, Thrissur, Kerala, India",20 May 2021,raveendran kc,10.3398,76.3439,India,False,ML340464001,P1
349026591,cinbit1,Ixobrychus cinnamomeus,リュウキュウヨシゴイ,2.25,4,"Unnamed Road, Gujarat, IN (22.621, 72.7), Anand, Gujarat, India",19 Jun 2021,Kandarp  Andharia,22.6208,72.6996,India,False,ML349026591,P1
349580501,cinbit1,Ixobrychus cinnamomeus,リュウキュウヨシゴイ,4.0,4,"Kuniyan Wetland-Main, Kasaragod, Kerala, India",28 Aug 2020,shyamkumar puravankara,12.1495,75.1904,India,False,ML349580501,P1
350601661,cinbit1,Ixobrychus cinnamomeus,リュウキュウヨシゴイ,3.25,4,"Kuniyan Wetland-Main, Kasaragod, Kerala, India",27 Jun 2021,sureshbabu p,12.1495,75.1904,India,False,ML350601661,P1
353087111,cinbit1,Ixobrychus cinnamomeus,リュウキュウヨシゴイ,1.75,4,"Podunapur (Moulvibazar), Sylhet bibhag, Bangladesh",8 Jul 2021,Syed Shahnoor Inam,24.5189,91.6596,Bangladesh,False,ML353087111,P1
355670171,cinbit1,Ixobrychus cinnamomeus,リュウキュウヨシゴイ,3.4,5,"Run-Vaso Road, Gujarat, IN (22.65, 72.759), Kheda, Gujarat, India",19 Jun 2021,Birds & Habitat Explorer,22.6499,72.7586,India,False,ML355670171,P1
355670221,cinbit1,Ixobrychus cinnamomeus,リュウキュウヨシゴイ,3.0,4,"Run-Vaso Road, Gujarat, IN (22.65, 72.759), Kheda, Gujarat, India",19 Jun 2021,Birds & Habitat Explorer,22.6499,72.7586,India,False,ML355670221,P1
356490601,cinbit1,Ixobrychus cinnamomeus,リュウキュウヨシゴイ,3.75,4,"Kuniyan Wetland-Main, Kasaragod, Kerala, India",24 Jul 2021,sureshbabu p,12.1495,75.1904,India,False,ML356490601,P1
359504631,cinbit1,Ixobrychus cinnamomeus,リュウキュウヨシゴイ,3.25,4,"Nilje Lake, Thane, Maharashtra, India",7 Aug 2021,Pradnyavant Mane,19.1672,73.0799,India,False,ML359504631,P1
360499161,cinbit1,Ixobrychus cinnamomeus,リュウキュウヨシゴイ,3.3333333333333335,6,"Nilje Lake, Thane, Maharashtra, India",7 Aug 2021,Pradnyavant Mane,19.1672,73.0799,India,False,ML360499161,P1
364890701,cinbit1,Ixobrychus cinnamomeus,リュウキュウヨシゴイ,3.25,4,"Land for Tata Project, Singur, Hooghly, West Bengal, India",29 Aug 2021,Kousheyo Bagchi,22.8455,88.2209,India,False,ML364890701,P1
365151191,cinbit1,Ixobrychus cinnamomeus,リュウキュウヨシゴイ,3.0,4,"Ramnagar Kota Marg Raipur
21.25, 81.617, Raipur, Chhattisgarh, India",30 Aug 2021,Ashok Agarwal,21.2504,81.6166,India,False,ML365151191,P1
365151221,cinbit1,Ixobrychus cinnamomeus,リュウキュウヨシゴイ,3.0,4,"Ramnagar Kota Marg Raipur
21.25, 81.617, Raipur, Chhattisgarh, India",30 Aug 2021,Ashok Agarwal,21.2504,81.6166,India,False,ML365151221,P1
365356441,cinbit1,Ixobrychus cinnamomeus,リュウキュウヨシゴイ,2.5,4,"Ambasi Branch Canal, Kheda IN-GJ (22.6277,72.7466), Anand, Gujarat, India",26 Aug 2021,Esha Munshi,22.6277,72.7467,India,False,ML365356441,P1
365356471,cinbit1,Ixobrychus cinnamomeus,リュウキュウヨシゴイ,3.25,4,"Ambasi Branch Canal, Kheda IN-GJ (22.6277,72.7466), Anand, Gujarat, India",26 Aug 2021,Esha Munshi,22.6277,72.7467,India,False,ML365356471,P1
365356491,cinbit1,Ixobrychus cinnamomeus,リュウキュウヨシゴイ,3.0,4,"Ambasi Branch Canal, Kheda IN-GJ (22.6277,72.7466), Anand, Gujarat, India",26 Aug 2021,Esha Munshi,22.6277,72.7467,India,False,ML365356491,P1
397417681,cinbit1,Ixobrychus cinnamomeus,リュウキュウヨシゴイ,4.25,4,"布袋濕地公園南側水溝, Chiayi County, Taiwan",9 Dec 2021,Jhih-Wei (志偉) TSAI (蔡),23.3616,120.1755,Taiwan,False,ML397417681,P1
397417691,cinbit1,Ixobrychus cinnamomeus,リュウキュウヨシゴイ,2.75,4,"布袋濕地公園南側水溝, Chiayi County, Taiwan",9 Dec 2021,Jhih-Wei (志偉) TSAI (蔡),23.3616,120.1755,Taiwan,False,ML397417691,P1
400999101,cinbit1,Ixobrychus cinnamomeus,リュウキュウヨシゴイ,2.5,4,"Garacharma wetland, South Andaman, Andaman and Nicobar Islands, India",1 Jan 2022,amrit raha the_amritography,11.6225,92.7091,India,False,ML400999101,P1
412447631,cinbit1,Ixobrychus cinnamomeus,リュウキュウヨシゴイ,3.4,5,"PP 2020 house and street, Phnom Penh, KH, Phnum Pénh, Cambodia",18 Jun 2021,Ruth Appleby,11.5848,104.8681,Cambodia,False,ML412447631,P1
444289211,cinbit1,Ixobrychus cinnamomeus,リュウキュウヨシゴイ,1.75,4,"SSUS Campus, Kalady, Ernakulam, Kerala, India",11 Apr 2008,Dr. Dilip K G,10.172,76.437,India,False,ML444289211,P1
450854371,cinbit1,Ixobrychus cinnamomeus,リュウキュウヨシゴイ,3.0,4,"Puthukulam, Kanniyakumari, Tamil Nadu, India",19 May 2022,Anand Birdlife,8.1421,77.5538,India,False,ML450854371,P1
454197101,cinbit1,Ixobrychus cinnamomeus,リュウキュウヨシゴイ,3.25,4,"花蓮縣壽豐鄉豐裡村文化街, Hualien County, Taiwan",29 May 2022,Sheng Wun Jheng,23.8454,121.5113,Taiwan,False,ML454197101,P1
465999391,cinbit1,Ixobrychus cinnamomeus,リュウキュウヨシゴイ,2.25,4,"Shantou--Wetlands in eastern Chenghai, general area (汕头市澄海区东部湿地), Guangdong, China",8 Jul 2022,Kaichi Huang,23.4643,116.8771,China,False,ML465999391,P1
466295171,cinbit1,Ixobrychus cinnamomeus,リュウキュウヨシゴイ,2.0,4,"Rajarhat Wetland--Canal side only, North 24 Parganas, West Bengal, India",8 Jul 2022,Nosherwan Sethna,22.6074,88.478,India,False,ML466295171,P1
466295211,cinbit1,Ixobrychus cinnamomeus,リュウキュウヨシゴイ,3.5,4,"Rajarhat Wetland--Canal side only, North 24 Parganas, West Bengal, India",8 Jul 2022,Nosherwan Sethna,22.6074,88.478,India,False,ML466295211,P1
466295271,cinbit1,Ixobrychus cinnamomeus,リュウキュウヨシゴイ,2.25,4,"Rajarhat Wetland--Canal side only, North 24 Parganas, West Bengal, India",8 Jul 2022,Nosherwan Sethna,22.6074,88.478,India,False,ML466295271,P1
466295331,cinbit1,Ixobrychus cinnamomeus,リュウキュウヨシゴイ,2.25,4,"Rajarhat Wetland--Canal side only, North 24 Parganas, West Bengal, India",8 Jul 2022,Nosherwan Sethna,22.6074,88.478,India,False,ML466295331,P1
466295371,cinbit1,Ixobrychus cinnamomeus,リュウキュウヨシゴイ,2.25,4,"Rajarhat Wetland--Canal side only, North 24 Parganas, West Bengal, India",8 Jul 2022,Nosherwan Sethna,22.6074,88.478,India,False,ML466295371,P1
469143231,cinbit1,Ixobrychus cinnamomeus,リュウキュウヨシゴイ,2.75,4,"College of Agriculture, Lembucherra, West Tripura, Tripura, India",21 Jul 2022,Dipak  Sinha,23.9138,91.3192,India,False,ML469143231,P1
469399211,cinbit1,Ixobrychus cinnamomeus,リュウキュウヨシゴイ,4.625,8,"Kanwariha, Chhattisgarh, IN (21.806, 83.308), Raigarh, Chhattisgarh, India",23 Jul 2022,Vivek Kumar Patel,21.806,83.3079,India,False,ML469399211,P1
476368881,cinbit1,Ixobrychus cinnamomeus,リュウキュウヨシゴイ,2.25,4,"Thottippal, Thrissur, Kerala, India",18 Aug 2022,raveendran kc,10.4002,76.2306,India,False,ML476368881,P1
476368941,cinbit1,Ixobrychus cinnamomeus,リュウキュウヨシゴイ,2.25,4,"Thottippal, Thrissur, Kerala, India",18 Aug 2022,raveendran kc,10.4002,76.2306,India,False,ML476368941,P1
477354531,cinbit1,Ixobrychus cinnamomeus,リュウキュウヨシゴイ,4.0,5,"台南四草IBA--鹽田生態文化村(Sicao IBA--Salt Pan Cultural Center), Tainan City, Taiwan",22 Aug 2022,Cheng-Ru Tsai,23.0261,120.1439,Taiwan,False,ML477354531,P1
486941411,cinbit1,Ixobrychus cinnamomeus,リュウキュウヨシゴイ,1.75,4,"Sundarpada, Khordha, Odisha, India",24 Sep 2022,Ajay Sarvagnam,20.202,85.7957,India,False,ML486941411,P1
541117331,cinbit1,Ixobrychus cinnamomeus,リュウキュウヨシゴイ,4.2,5,"Selangor - Pasir Panjang Paddyfields, Selangor, Malaysia",20 Jun 2020,Lim Ying Hien,3.548,101.096,Malaysia,False,ML541117331,P1
599019851,cinbit1,Ixobrychus cinnamomeus,リュウキュウヨシゴイ,3.6666666666666665,6,"Nilje Lake, Thane, Maharashtra, India",31 Jul 2023,Tejas Mehendale,19.1672,73.0799,India,False,ML599019851,P1
608782774,cinbit1,Ixobrychus cinnamomeus,リュウキュウヨシゴイ,3.5,4,"College of Veterinary Science, Khanapara, Kamrup Metropolitan, Assam, India",12 Sep 2023,Leons Mathew Abraham,26.1236,91.8224,India,False,ML608782774,P1
609070739,cinbit1,Ixobrychus cinnamomeus,リュウキュウヨシゴイ,3.0,4,"Nameri National Park & Surroundings, Sonitpur, Assam, India",8 May 2009,Pam Rasmussen,26.9342,92.8557,India,False,ML609070739,P1
609070741,cinbit1,Ixobrychus cinnamomeus,リュウキュウヨシゴイ,3.5,4,"Nameri National Park & Surroundings, Sonitpur, Assam, India",9 May 2009,Pam Rasmussen,26.9342,92.8557,India,False,ML609070741,P1
609966862,cinbit1,Ixobrychus cinnamomeus,リュウキュウヨシゴイ,3.5,4,"Madhiya and outskirts, Bhavnagar, Gujarat, India",27 Jul 2022,Jigar Vakani,21.8555,72.0641,India,False,ML609966862,P1
618702884,cinbit1,Ixobrychus cinnamomeus,リュウキュウヨシゴイ,2.6666666666666665,3,"Muthuvattuthazham vayal, Kozhikode, Kerala, India",9 May 2024,Fayis T,11.3723,75.8053,India,False,ML618702884,P1
619861822,cinbit1,Ixobrychus cinnamomeus,リュウキュウヨシゴイ,4.333333333333333,3,"秦山海滨 (Qinshan Coast), Zhejiang, China",29 May 2024,Congyi Jiang,30.4105,120.9161,China,False,ML619861822,P1
619861865,cinbit1,Ixobrychus cinnamomeus,リュウキュウヨシゴイ,4.0,4,"严家屋--融创海滨 (Yanjiawu--Sunac Coast), Zhejiang, China",28 May 2024,Congyi Jiang,30.5402,120.9813,China,False,ML619861865,P1
620119926,cinbit1,Ixobrychus cinnamomeus,リュウキュウヨシゴイ,3.5,2,"花蓮縣壽豐鄉豐裡村文化街, Hualien County, Taiwan",7 Jun 2024,Sheng Wun Jheng,23.8454,121.5113,Taiwan,False,ML620119926,P1
620166213,cinbit1,Ixobrychus cinnamomeus,リュウキュウヨシゴイ,3.3333333333333335,3,"Ramsagar Lake, Tirora, Gondia, Maharashtra, India",7 Jun 2024,SWATI RAHANGDALE,21.4171,79.9198,India,False,ML620166213,P1
620560540,cinbit1,Ixobrychus cinnamomeus,リュウキュウヨシゴイ,1.6666666666666667,3,"Rajarhat Munia Zone, North 24 Parganas, West Bengal, India",16 Jun 2024,Anonymous,22.6146,88.4584,India,False,ML620560540,P1
621832949,cinbit1,Ixobrychus cinnamomeus,リュウキュウヨシゴイ,2.0,2,"Roadside pond, Tak, Thailand",25 Jul 2024,Jens Toettrup,16.9581,99.3898,Thailand,False,ML621832949,P1
622061953,cinbit1,Ixobrychus cinnamomeus,リュウキュウヨシゴイ,4.0,3,"Kharghar Bird Watching Area, Raigad, Maharashtra, India",31 Jul 2024,Hemant Ware,19.0444,73.0863,India,False,ML622061953,P1
622061954,cinbit1,Ixobrychus cinnamomeus,リュウキュウヨシゴイ,3.3333333333333335,3,"Kharghar Bird Watching Area, Raigad, Maharashtra, India",31 Jul 2024,Hemant Ware,19.0444,73.0863,India,False,ML622061954,P1
622061955,cinbit1,Ixobrychus cinnamomeus,リュウキュウヨシゴイ,3.3333333333333335,3,"Kharghar Bird Watching Area, Raigad, Maharashtra, India",31 Jul 2024,Hemant Ware,19.0444,73.0863,India,False,ML622061955,P1
622153567,cinbit1,Ixobrychus cinnamomeus,リュウキュウヨシゴイ,3.0,3,"台南--歸仁台糖沙崙農場南部牧草區(Tainan--Guiren TSC Shalun Farm Southern Pasture)), Tainan City, Taiwan",3 Aug 2024,James Tu,22.926,120.3093,Taiwan,False,ML622153567,P1
622607685,cinbit1,Ixobrychus cinnamomeus,リュウキュウヨシゴイ,2.0,2,"Pahang Tua paddyfields, Pahang, Malaysia",17 Aug 2024,Lars Mannzen,3.5616,103.3626,Malaysia,False,ML622607685,P1
622832716,cinbit1,Ixobrychus cinnamomeus,リュウキュウヨシゴイ,2.3333333333333335,3,"Bena, Near Suruchi Beach, Palghar, Maharashtra, India",23 Aug 2024,Ramesh Shenai,19.3469,72.7909,India,False,ML622832716,P1
624023010,cinbit1,Ixobrychus cinnamomeus,リュウキュウヨシゴイ,2.5,2,"Bhimavaram Wetlands, West Godavari, Andhra Pradesh, India",22 Sep 2024,Ramu Alluri,16.5581,81.4962,India,False,ML624023010,P1
625573167,cinbit1,Ixobrychus cinnamomeus,リュウキュウヨシゴイ,2.0,2,"Batang Tiga Ricefields, Melaka, Malaysia",29 Oct 2024,Lars Mannzen,2.2404,102.1811,Malaysia,False,ML625573167,P1
628652288,cinbit1,Ixobrychus cinnamomeus,リュウキュウヨシゴイ,1.5,2,"Thammasat University [Rangsit Campus], Pathum Thani, Thailand",6 Jan 2025,Sam Hambly,14.075,100.5987,Thailand,False,ML628652288,P1
630955613,cinbit1,Ixobrychus cinnamomeus,リュウキュウヨシゴイ,3.5,2,"Muddahalli, Nanjangud Taluka ಮುದ್ದಹಳ್ಳಿ, Mysuru, Karnataka, India",19 Feb 2025,Vijaya Lakshmi,12.046,76.668,India,False,ML630955613,P1
630955614,cinbit1,Ixobrychus cinnamomeus,リュウキュウヨシゴイ,3.5,2,"Muddahalli, Nanjangud Taluka ಮುದ್ದಹಳ್ಳಿ, Mysuru, Karnataka, India",19 Feb 2025,Vijaya Lakshmi,12.046,76.668,India,False,ML630955614,P1
631307568,cinbit1,Ixobrychus cinnamomeus,リュウキュウヨシゴイ,1.5,2,"Muddahalli, Nanjangud Taluka ಮುದ್ದಹಳ್ಳಿ, Mysuru, Karnataka, India",26 Feb 2025,Vijaya Lakshmi,12.046,76.668,India,False,ML631307568,P1
631388943,cinbit1,Ixobrychus cinnamomeus,リュウキュウヨシゴイ,4.666666666666667,3,"Muddahalli, Nanjangud Taluka ಮುದ್ದಹಳ್ಳಿ, Mysuru, Karnataka, India",27 Feb 2025,Vijaya Lakshmi,12.046,76.668,India,False,ML631388943,P1
631616119,cinbit1,Ixobrychus cinnamomeus,リュウキュウヨシゴイ,3.0,3,"Muddahalli, Nanjangud Taluka ಮುದ್ದಹಳ್ಳಿ, Mysuru, Karnataka, India",4 Mar 2025,Vijaya Lakshmi,12.046,76.668,India,False,ML631616119,P1
632245916,cinbit1,Ixobrychus cinnamomeus,リュウキュウヨシゴイ,3.5,2,"Doi Lo paddies--along Ping River E of Nong Yen, Chiang Mai, Thailand",14 Mar 2025,Merle Schmidt,18.4628,98.8108,Thailand,False,ML632245916,P1
632246430,cinbit1,Ixobrychus cinnamomeus,リュウキュウヨシゴイ,4.0,2,"Doi Lo paddies--along Ping River E of Nong Yen, Chiang Mai, Thailand",14 Mar 2025,Merle Schmidt,18.4628,98.8108,Thailand,False,ML632246430,P1
632247276,cinbit1,Ixobrychus cinnamomeus,リュウキュウヨシゴイ,3.5,2,"Doi Lo paddies--along Ping River E of Nong Yen, Chiang Mai, Thailand",14 Mar 2025,Merle Schmidt,18.4628,98.8108,Thailand,False,ML632247276,P1
635088900,cinbit1,Ixobrychus cinnamomeus,リュウキュウヨシゴイ,3.0,1,"Danao Marsh, Masbate, Philippines",4 May 2025,Justine Albao,11.9406,123.156,Philippines,False,ML635088900,P1
635088901,cinbit1,Ixobrychus cinnamomeus,リュウキュウヨシゴイ,5.0,1,"Danao Marsh, Masbate, Philippines",4 May 2025,Justine Albao,11.9406,123.156,Philippines,False,ML635088901,P1
635296541,cinbit1,Ixobrychus cinnamomeus,リュウキュウヨシゴイ,2.0,1,"花蓮縣壽豐鄉豐裡村文化街, Hualien County, Taiwan",3 May 2025,Sheng Wun Jheng,23.8454,121.5113,Taiwan,False,ML635296541,P1
635418560,cinbit1,Ixobrychus cinnamomeus,リュウキュウヨシゴイ,4.0,2,"花蓮縣壽豐鄉豐裡村文化街, Hualien County, Taiwan",10 May 2025,Sheng Wun Jheng,23.8454,121.5113,Taiwan,False,ML635418560,P1
635758698,cinbit1,Ixobrychus cinnamomeus,リュウキュウヨシゴイ,4.0,2,"福田红树林生态公园 (Futian Mangrove Ecological Park), Guangdong, China",14 May 2025,Alex CAO,22.509,114.0402,China,False,ML635758698,P1
637239416,cinbit1,Ixobrychus cinnamomeus,リュウキュウヨシゴイ,4.5,2,"Salvador do Mundo Fields, North Goa, Goa, India",7 Jun 2025,Atharva Kasturia,15.5316,73.8497,India,False,ML637239416,P1
637239417,cinbit1,Ixobrychus cinnamomeus,リュウキュウヨシゴイ,4.0,2,"Salvador do Mundo Fields, North Goa, Goa, India",7 Jun 2025,Atharva Kasturia,15.5316,73.8497,India,False,ML637239417,P1
638128878,cinbit1,Ixobrychus cinnamomeus,リュウキュウヨシゴイ,1.0,1,"奥林匹克森林公园南园 (Olympic Forest Park South), Beijing, China",27 Jun 2025,wang ye,40.0174,116.3938,China,False,ML638128878,P1
639950133,cinbit1,Ixobrychus cinnamomeus,リュウキュウヨシゴイ,3.0,1,"Pagote -- Uran, Raigad, Maharashtra, India",7 Aug 2025,Vaibhav PatiL,18.893,72.9973,India,False,ML639950133,P1
640134710,cinbit1,Ixobrychus cinnamomeus,リュウキュウヨシゴイ,3.0,2,"Praia de Nossa Senora de Esperanca 龍環葡韻, Macau, Macau",10 Aug 2025,Peter Hinow,22.1529,113.5598,Macau,False,ML640134710,P1
641374019,cinbit1,Ixobrychus cinnamomeus,リュウキュウヨシゴイ,5.0,2,"Kottekkad Paddy Fields, Palakkad, Kerala, India",4 Sep 2025,Novelkumar M S,10.7998,76.6939,India,False,ML641374019,P1
642268887,cinbit1,Ixobrychus cinnamomeus,リュウキュウヨシゴイ,3.5,2,"Ramsagar Lake, Tirora, Gondia, Maharashtra, India",20 Sep 2025,Ramesh Shenai,21.4171,79.9198,India,False,ML642268887,P1
642268890,cinbit1,Ixobrychus cinnamomeus,リュウキュウヨシゴイ,3.0,2,"Ramsagar Lake, Tirora, Gondia, Maharashtra, India",20 Sep 2025,Ramesh Shenai,21.4171,79.9198,India,False,ML642268890,P1
642268891,cinbit1,Ixobrychus cinnamomeus,リュウキュウヨシゴイ,3.5,2,"Ramsagar Lake, Tirora, Gondia, Maharashtra, India",20 Sep 2025,Ramesh Shenai,21.4171,79.9198,India,False,ML642268891,P1
650799714,cinbit1,Ixobrychus cinnamomeus,リュウキュウヨシゴイ,0.0,0,"Vientiane--Donkoi/Don Nokhoum fields & ponds, Vientiane Prefecture, Laos",29 Mar 2024,Bram Piot,17.9388,102.64,Laos,False,ML650799714,P1
278111091,cinvul1,Aegypius monachus,クロハゲワシ,2.7412587412587412,143,"Gomecello--Centro de Tratamiento de Residuos (acceso restringido), Salamanca, Castilla y León, Spain",7 Nov 2020,Miguel Rodríguez Esteban,41.0138,-5.5347,Spain,False,ML278111091,P1
625694722,cinvul1,Aegypius monachus,クロハゲワシ,3.642857142857143,14,"Camino de Navahonda, Fresnedillas de la Oliva, Comunidad de Madrid, ES (40.473, -4.188), Madrid, Comunidad de, Spain",1 Nov 2024,John L. Muddeman,40.4731,-4.1883,Spain,False,ML625694722,P1
630953040,cinvul1,Aegypius monachus,クロハゲワシ,1.5,6,"Noyokhon Tolgoi, Kharkhorin, Uvurkhangai, MN (47.205, 103.082), Övörhangay, Mongolia",19 Feb 2025,Batmunkh Davaasuren,47.2047,103.0821,Mongolia,False,ML630953040,P1
630953041,cinvul1,Aegypius monachus,クロハゲワシ,2.0,6,"Noyokhon Tolgoi, Kharkhorin, Uvurkhangai, MN (47.205, 103.082), Övörhangay, Mongolia",19 Feb 2025,Batmunkh Davaasuren,47.2047,103.0821,Mongolia,False,ML630953041,P1
637270874,cinvul1,Aegypius monachus,クロハゲワシ,3.7142857142857144,7,"Guadarrama PN--Las Guarramillas-La Maliciosa, Madrid, Comunidad de, Spain",8 Jun 2025,Johnathan Dadds,40.7735,-3.9717,Spain,False,ML637270874,P1
139943871,combuz6,Buteo japonicus,ノスリ,3.0,5,"金門--烈嶼全區(Kinmen--Lieyu), Kinmen County, Taiwan",31 Jan 2019,Ting-Wei (廷維) HUNG (洪),24.4304,118.2464,Taiwan,False,ML139943871,P1
183029961,combuz6,Buteo japonicus,ノスリ,3.4,5,"金門--斗門登山古道(Kinmen--Doumen Hiking Trail), Kinmen County, Taiwan",20 Oct 2019,Ting-Wei (廷維) HUNG (洪),24.4649,118.4084,Taiwan,False,ML183029961,P1
188711601,combuz6,Buteo japonicus,ノスリ,2.2,5,"金門--斗門登山古道(Kinmen--Doumen Hiking Trail), Kinmen County, Taiwan",21 Oct 2019,Ting-Wei (廷維) HUNG (洪),24.4649,118.4084,Taiwan,False,ML188711601,P1
203929271,combuz6,Buteo japonicus,ノスリ,3.4,5,"Karuizawa (36.3829, 138.5764), Karuizawa, Nagano, Japan",17 Jul 2015,Josep del Hoyo,36.3829,138.5764,Japan,True,ML203929271,P1
203956711,combuz6,Buteo japonicus,ノスリ,3.0,5,"Miike Crater Lake (31.8694, 130.941), Miyakonojo, Miyazaki, Japan",28 Jan 2010,Josep del Hoyo,31.8694,130.941,Japan,True,ML203956711,P1
235198971,combuz6,Buteo japonicus,ノスリ,2.0,5,"軽井沢町--離山 (Karuizawa--Mount Hanareyama), Karuizawa, Nagano, Japan",17 May 2018,Gerben ter Haar,36.3538,138.612,Japan,True,ML235198971,P1
385205001,combuz6,Buteo japonicus,ノスリ,3.0,5,"金門--慈湖烏沙頭(Kinmen--Lake Ci Wusatou), Kinmen County, Taiwan",4 Nov 2021,Cheng-Ru Tsai,24.4704,118.2916,Taiwan,False,ML385205001,P1
385700931,combuz6,Buteo japonicus,ノスリ,3.0,5,"金門--慈湖烏沙頭(Kinmen--Lake Ci Wusatou), Kinmen County, Taiwan",5 Nov 2021,Ting-Wei (廷維) HUNG (洪),24.4704,118.2916,Taiwan,False,ML385700931,P1
39120181,combuz6,Buteo japonicus,ノスリ,3.4,5,"金門--斗門登山古道(Kinmen--Doumen Hiking Trail), Kinmen County, Taiwan",6 Nov 2016,Ting-Wei (廷維) HUNG (洪),24.4649,118.4084,Taiwan,False,ML39120181,P1
396051831,combuz6,Buteo japonicus,ノスリ,1.6,5,"金門--紅山營區前樹林, Kinmen County, Taiwan",2 Dec 2021,Ting-Wei (廷維) HUNG (洪),24.443,118.24,Taiwan,False,ML396051831,P1
403600671,combuz6,Buteo japonicus,ノスリ,3.6666666666666665,6,"金門--慈湖解說站(Kinmen--Lake Ci Exhibition Station), Kinmen County, Taiwan",28 Dec 2021,志民 蘇,24.4651,118.3051,Taiwan,False,ML403600671,P1
414185351,combuz6,Buteo japonicus,ノスリ,2.2,5,"边村湿地 (Biancun Wetlands), Tianjin, China",7 Feb 2022,Angelo Pimental,39.0229,117.1514,China,False,ML414185351,P1
48625111,combuz6,Buteo japonicus,ノスリ,3.8,5,"金門--尚義環保公園(Kinmen--Shangyi Eco Park), Kinmen County, Taiwan",18 Feb 2017,Ting-Wei (廷維) HUNG (洪),24.439,118.3702,Taiwan,False,ML48625111,P1
499328701,combuz6,Buteo japonicus,ノスリ,2.4,5,"金門--茅山塔(Kinmen--Maoshan Pagoda), Kinmen County, Taiwan",31 Oct 2022,Ting-Wei (廷維) HUNG (洪),24.4086,118.2883,Taiwan,False,ML499328701,P1
500219571,combuz6,Buteo japonicus,ノスリ,2.4,5,"老铁山 (Laotieshan), Liaoning, China",26 Sep 2022,Xingyu Li,38.7302,121.1524,China,False,ML500219571,P1
501046501,combuz6,Buteo japonicus,ノスリ,3.0,5,"金門--慈湖魚塭賞鳥區(Kinmen--Lake Ci Fishponds Birding Area), Kinmen County, Taiwan",6 Nov 2022,Ting-Wei (廷維) HUNG (洪),24.4707,118.3123,Taiwan,False,ML501046501,P1
513521961,combuz6,Buteo japonicus,ノスリ,2.4,5,"金門--烈嶼菱湖水庫(Kinmen--Lieyu Linghu Reservoir), Kinmen County, Taiwan",11 Dec 2022,Ko Cheng,24.4475,118.2443,Taiwan,False,ML513521961,P1
571619871,combuz6,Buteo japonicus,ノスリ,3.5,6,"山梨市--乙女高原 (Yamanashi--Otome Highland), Yamanashi, Yamanashi, Japan",14 May 2023,英樹 關本,35.7998,138.6328,Japan,True,ML571619871,P1
590920321,combuz6,Buteo japonicus,ノスリ,3.1666666666666665,6,"合歡北峰南鞍, Hualien County, Taiwan",2 Jul 2023,Sheng Wun Jheng,24.1651,121.2888,Taiwan,False,ML590920321,P1
601103951,combuz6,Buteo japonicus,ノスリ,3.8333333333333335,6,"母島--フルーツロード (Hahajima--Fruit Road), Ogasawara, Tokyo, Japan",4 Aug 2023,Yasuhiko Komatsu,26.6387,142.1564,Japan,True,ML601103951,P1
612479757,combuz6,Buteo japonicus,ノスリ,3.0,5,"Dandelion Community, Gyeongsangnam-do, South Korea",19 Dec 2023,Wilhelmina Witt,35.3601,127.9877,South Korea,True,ML612479757,P1
612626510,combuz6,Buteo japonicus,ノスリ,2.4,5,"金門--烈嶼全家便利商店, Kinmen County, Taiwan",24 Dec 2023,Ting-Wei (廷維) HUNG (洪),24.4305,118.2461,Taiwan,False,ML612626510,P1
613163624,combuz6,Buteo japonicus,ノスリ,3.8,5,"Nakasetsuri, Tsurui, Akan-Gun JP-Hokkaido 43.20725, 144.34822, Tsurui, Hokkaido, Japan",14 Dec 2023,Joshua Chong,43.2073,144.3482,Japan,True,ML613163624,P1
613895791,combuz6,Buteo japonicus,ノスリ,2.8,5,"제주--하도리철새보호구역(Jeju--Hado-ri Migratory Bird Habitat), Jeju-do, South Korea",18 Dec 2023,Bao Shen Yap,33.5059,126.8937,South Korea,True,ML613895791,P1
616067506,combuz6,Buteo japonicus,ノスリ,3.1666666666666665,6,"三宅島--三宅島自然ふれあいセンター・アカコッコ館 (Miyakejima--Miyake Nature Center Akakokko Station (Akakokko-kan)), Miyake, Tokyo, Japan",29 Feb 2024,Mark Robbins,34.0523,139.5268,Japan,True,ML616067506,P1
626281008,combuz6,Buteo japonicus,ノスリ,4.8,5,"Pahang - Gohtong Jaya, Pahang, Malaysia",15 Nov 2024,Lim Ying Hien,3.3939,101.7653,Malaysia,False,ML626281008,P1
626313974,combuz6,Buteo japonicus,ノスリ,2.8,5,"Pahang - Gohtong Jaya, Pahang, Malaysia",15 Nov 2024,Lim Ying Hien,3.3939,101.7653,Malaysia,False,ML626313974,P1
627001253,combuz6,Buteo japonicus,ノスリ,3.3333333333333335,6,"金門--慈湖南山林道(Kinmen--Lake Ci Nanshan Path), Kinmen County, Taiwan",11 Nov 2024,Jhih-Wei (志偉) TSAI (蔡),24.4744,118.297,Taiwan,False,ML627001253,P1
627484849,combuz6,Buteo japonicus,ノスリ,2.6666666666666665,6,"광주--경안천습지생태공원(Gwangju--Gyeongancheon Wetlands Eco Park), Gyeonggi-do, South Korea",13 Dec 2024,Young Gul Kim,37.459,127.3038,South Korea,True,ML627484849,P1
631151467,combuz6,Buteo japonicus,ノスリ,3.5,6,"余杭南湖 (South Lake, Yuhang), Zhejiang, China",23 Feb 2025,Lucas Chen🪶,30.2575,119.9172,China,False,ML631151467,P1
639420922,combuz6,Buteo japonicus,ノスリ,3.0,3,"김포 장릉(Gimpo--Jangneung), Gyeonggi-do, South Korea",23 Oct 2019,Jina Yi,37.6131,126.7101,South Korea,True,ML639420922,P1
640937319,combuz6,Buteo japonicus,ノスリ,2.0,1,"菖蒲公園　本荘浜, Yurihonjo, Akita, Japan",28 Aug 2025,YUKIKO ISHIKAWA,39.3871,140.0227,Japan,True,ML640937319,P1
641170984,combuz6,Buteo japonicus,ノスリ,3.0,1,"八王子市--高尾山 (Hachioji--Mount Takao), Hachioji, Tokyo, Japan",27 Jul 2025,Rie Uchida,35.6246,139.2431,Japan,True,ML641170984,P1
641554782,combuz6,Buteo japonicus,ノスリ,4.5,2,"南足柄市--明星林道 (Minamiashigara--Myojo Forest Road), Minamiashigara, Kanagawa, Japan",26 Jul 2025,Bo Zhi,35.307,139.0835,Japan,True,ML641554782,P1
642044174,combuz6,Buteo japonicus,ノスリ,3.0,1,"飯田家, Iida, Nagano, Japan",18 Sep 2025,Aidan Opland,35.4797,137.8342,Japan,True,ML642044174,P1
647013067,combuz6,Buteo japonicus,ノスリ,2.0,1,"华侨公园 (Huaqiao Park), Guangdong, China",17 Nov 2025,Scott Kramer,23.3525,116.7208,China,False,ML647013067,P1
648866427,combuz6,Buteo japonicus,ノスリ,0.0,0,"Liping, Qiandongnan CN-Guizhou (25.9108,109.1692), Guizhou, China",30 Dec 2025,Haoning Gong,25.9108,109.1692,China,False,ML648866427,P1
81494051,combuz6,Buteo japonicus,ノスリ,3.6666666666666665,6,"金門--金門植物園(Kinmen--Botanical Garden), Kinmen County, Taiwan",10 Jan 2018,Ting-Wei (廷維) HUNG (洪),24.4547,118.3974,Taiwan,False,ML81494051,P1
151614891,copgoo1,Nettapus coromandelianus,ナンキンオシ,3.5,8,"Kole Wetlands--Pullazhi, Thrissur, Kerala, India",14 Apr 2019,Manoj Karingamadathil,10.5267,76.159,India,False,ML151614891,P1
151614961,copgoo1,Nettapus coromandelianus,ナンキンオシ,3.5,8,"Kole Wetlands--Pullazhi, Thrissur, Kerala, India",14 Apr 2019,Manoj Karingamadathil,10.5267,76.159,India,False,ML151614961,P1
163559951,copgoo1,Nettapus coromandelianus,ナンキンオシ,1.8571428571428572,7,"(13,319, 99,863), Samut Songkhram, Thailand",3 Mar 2019,Julia Moning,13.319,99.8627,Thailand,False,ML163559951,P1
173199221,copgoo1,Nettapus coromandelianus,ナンキンオシ,3.0,8,"Karigala Kere  ಕರಿಗಾಲ ಹೆಗ್ಗೆರೆ, Mysuru, Karnataka, India",22 May 2019,Sahana M,12.1427,76.4198,India,False,ML173199221,P1
231240521,copgoo1,Nettapus coromandelianus,ナンキンオシ,4.125,8,"Verna Ambulor Lake, South Goa, Goa, India",15 Feb 2016,Mandar  Bhagat,15.3422,73.9404,India,False,ML231240521,P1
245341321,copgoo1,Nettapus coromandelianus,ナンキンオシ,2.4285714285714284,7,"Kole Wetlands--Uppungal (Malappuram), Malappuram, Kerala, India",24 Jun 2020,Ahammed Saeed,10.6949,76.0005,India,False,ML245341321,P1
260250181,copgoo1,Nettapus coromandelianus,ナンキンオシ,2.7142857142857144,7,"Spring Lake Springfield--Lakeside Avenue Park, Ipswich, Queensland, Australia",5 Sep 2020,Sara Young,-27.6677,152.9224,Australia,False,ML260250181,P1
266675541,copgoo1,Nettapus coromandelianus,ナンキンオシ,3.75,8,"Kunnampitari Reservoir, Kallandichalla Road, Kerala, IN (10.702, 76.831), Palakkad, Kerala, India",27 Sep 2020,Sabarish  D,10.702,76.8312,India,False,ML266675541,P1
297916881,copgoo1,Nettapus coromandelianus,ナンキンオシ,2.857142857142857,7,"Changaram Wetlands -- Ezhupunna, Alappuzha, Kerala, India",23 Dec 2020,Vivek Sudhakaran,9.7975,76.2889,India,False,ML297916881,P1
297917411,copgoo1,Nettapus coromandelianus,ナンキンオシ,2.5,6,"Changaram Wetlands -- Ezhupunna, Alappuzha, Kerala, India",23 Dec 2020,Vivek Sudhakaran,9.7975,76.2889,India,False,ML297917411,P1
352866691,copgoo1,Nettapus coromandelianus,ナンキンオシ,2.6666666666666665,6,"Kattampally, Kannur, Kerala, India",11 Dec 2020,Afsar Nayakkan,11.9341,75.3816,India,False,ML352866691,P1
354127411,copgoo1,Nettapus coromandelianus,ナンキンオシ,2.4285714285714284,7,"Joka Wetlands, South 24 Parganas, West Bengal, IN (22.443, 88.308), South 24 Parganas, West Bengal, India",11 Jul 2021,Debashis Chowdhury,22.4434,88.3077,India,False,ML354127411,P1
355665591,copgoo1,Nettapus coromandelianus,ナンキンオシ,2.8333333333333335,6,"Baruipur Marshes, South 24 Parganas, West Bengal, India",18 Jul 2021,Debashis Chowdhury,22.3627,88.3906,India,False,ML355665591,P1
356696911,copgoo1,Nettapus coromandelianus,ナンキンオシ,2.6666666666666665,6,"Mandhar Talaab, Raipur, Chhattisgarh, India",25 Jul 2021,Ashok Agarwal,21.3507,81.7116,India,False,ML356696911,P1
373458391,copgoo1,Nettapus coromandelianus,ナンキンオシ,2.7142857142857144,7,"Kunnam Pitari Reservoir, Palakkad, Kerala, India",29 Sep 2021,Krishnamoorthy Muthirulan,10.7018,76.8308,India,False,ML373458391,P1
3794,copgoo1,Nettapus coromandelianus,ナンキンオシ,1.0,7,"Rockhampton; S edge, Queensland, Australia",15 Feb 1969,"Fred W. Loetscher, Jr.",-23.5,150.4667,Australia,False,ML3794,P1
419258411,copgoo1,Nettapus coromandelianus,ナンキンオシ,3.0,7,"Hadinaru Kere ಹದಿನಾರು ಕೆರೆ, Mysuru, Karnataka, India",23 Feb 2022,Vijaya Lakshmi,12.1712,76.754,India,False,ML419258411,P1
458155401,copgoo1,Nettapus coromandelianus,ナンキンオシ,2.7142857142857144,7,"Bang Pla--Sukhumvit 119 Alley fish ponds, Samut Prakan, Thailand",10 Jun 2022,Wich’yanan Limparungpatthanakij,13.5189,100.7687,Thailand,False,ML458155401,P1
460719641,copgoo1,Nettapus coromandelianus,ナンキンオシ,2.857142857142857,7,"Subarnapur, Kalyani Expressway, Kolkata, West Bengal, IN (22.706, 88.422), North 24 Parganas, West Bengal, India",22 May 2022,Sandip Das,22.7061,88.4224,India,False,ML460719641,P1
467933001,copgoo1,Nettapus coromandelianus,ナンキンオシ,3.2857142857142856,7,"IC Nagar--Ishanchandranagar Paddyfields, West Tripura, Tripura, India",17 Jul 2022,Chayan Debnath,23.776,91.2383,India,False,ML467933001,P1
470895241,copgoo1,Nettapus coromandelianus,ナンキンオシ,3.0,7,"Wappa Dam, Kiamba, Sunshine Coast, Queensland, Australia",29 Jul 2022,Tom Tarrant,-26.5691,152.919,Australia,False,ML470895241,P1
505750191,copgoo1,Nettapus coromandelianus,ナンキンオシ,2.5,6,"Rajarhat Wetlands--Proposed Silicon Valley, North 24 Parganas, West Bengal, India",20 Nov 2022,Samim Akhter,22.6134,88.4605,India,False,ML505750191,P1
522199891,copgoo1,Nettapus coromandelianus,ナンキンオシ,3.0,7,"Sindhuvalli, Nanjanagudu (ಸಿಂಧುವಳ್ಳಿ), Mysuru, Karnataka, India",8 Jan 2023,Vijaya Lakshmi,12.0482,76.6932,India,False,ML522199891,P1
522200921,copgoo1,Nettapus coromandelianus,ナンキンオシ,2.875,8,"Sindhuvalli, Nanjanagudu (ಸಿಂಧುವಳ್ಳಿ), Mysuru, Karnataka, India",8 Jan 2023,Vijaya Lakshmi,12.0482,76.6932,India,False,ML522200921,P1
540149451,copgoo1,Nettapus coromandelianus,ナンキンオシ,3.0,8,"Bamboo Garden, near Wadali Talav, Amravati, Maharashtra, India",20 Feb 2023,Shubham Giri,20.9229,77.7922,India,False,ML540149451,P1
581676511,copgoo1,Nettapus coromandelianus,ナンキンオシ,3.7142857142857144,7,"Konthipulam, Thrissur, Kerala, India",4 Jun 2023,raveendran kc,10.3754,76.2461,India,False,ML581676511,P1
599744431,copgoo1,Nettapus coromandelianus,ナンキンオシ,3.0,3,"Diara, Hooghly, West Bengal, India",9 Jul 2023,Sourav Mandal 🪽,22.7936,88.3043,India,False,ML599744431,P1
599918761,copgoo1,Nettapus coromandelianus,ナンキンオシ,1.6666666666666667,3,"Diara, Hooghly, West Bengal, India",9 Jul 2023,Sourav Mandal 🪽,22.7936,88.3043,India,False,ML599918761,P1
599919021,copgoo1,Nettapus coromandelianus,ナンキンオシ,3.75,4,"Diara, Hooghly, West Bengal, India",9 Jul 2023,Sourav Mandal 🪽,22.7936,88.3043,India,False,ML599919021,P1
599919271,copgoo1,Nettapus coromandelianus,ナンキンオシ,2.6666666666666665,3,"Diara, Hooghly, West Bengal, India",9 Jul 2023,Sourav Mandal 🪽,22.7936,88.3043,India,False,ML599919271,P1
609067328,copgoo1,Nettapus coromandelianus,ナンキンオシ,3.5,4,"Tanguar Haor, Sylhet bibhag, Bangladesh",23 Feb 2010,Monirul Khan,25.1692,91.077,Bangladesh,False,ML609067328,P1
609067329,copgoo1,Nettapus coromandelianus,ナンキンオシ,3.4,5,"Tanguar Haor, Sylhet bibhag, Bangladesh",23 Feb 2010,Monirul Khan,25.1692,91.077,Bangladesh,False,ML609067329,P1
609070754,copgoo1,Nettapus coromandelianus,ナンキンオシ,2.3333333333333335,3,"Dibru-Saikhowa NP & Surroundings--General Area, Tinsukia, Assam, India",12 May 2009,Pam Rasmussen,27.6602,95.3729,India,False,ML609070754,P1
609070757,copgoo1,Nettapus coromandelianus,ナンキンオシ,2.6666666666666665,3,"Dibru-Saikhowa NP & Surroundings--General Area, Tinsukia, Assam, India",12 May 2009,Pam Rasmussen,27.6602,95.3729,India,False,ML609070757,P1
614683633,copgoo1,Nettapus coromandelianus,ナンキンオシ,2.3333333333333335,3,"Dasanakatte Kere, Mandya, Karnataka, India",11 Feb 2024,Shivaprakash Adavanne,12.651,76.6965,India,False,ML614683633,P1
617761736,copgoo1,Nettapus coromandelianus,ナンキンオシ,2.3333333333333335,3,"桃園市, TW (24.901, 121.295), Taoyuan City, Taiwan",13 Apr 2024,u7 Liao,24.9006,121.2949,Taiwan,False,ML617761736,P1
618764648,copgoo1,Nettapus coromandelianus,ナンキンオシ,4.0,3,"Kuttanadu Wetlands-Perumthuruthu Paddy View, Kottayam, Kerala, India",10 May 2024,Vishnu TS,9.6947,76.4599,India,False,ML618764648,P1
619627697,copgoo1,Nettapus coromandelianus,ナンキンオシ,3.6666666666666665,3,"Pavubma-Thodiyoor Bridge Road, Kollam, Kerala, India",25 May 2024,Faisal Fasaludeen,9.1013,76.5968,India,False,ML619627697,P1
620490281,copgoo1,Nettapus coromandelianus,ナンキンオシ,1.5,2,"Gheropara--Ajay River Bank, Birbhum, West Bengal, India",16 Jun 2024,Baharuddin Sk,23.6162,87.6955,India,False,ML620490281,P1
620945268,copgoo1,Nettapus coromandelianus,ナンキンオシ,2.0,2,"Bakreshwar Dam (Nil Nirjon), Birbhum, West Bengal, India",29 Jun 2024,Baharuddin Sk,23.8266,87.4161,India,False,ML620945268,P1
621060071,copgoo1,Nettapus coromandelianus,ナンキンオシ,3.0,3,"Kunnampidari Survey Point 3, Chittur, Palakkad IN-KL 10.70296, 76.82988, Palakkad, Kerala, India",30 Jun 2024,Vivek Sudhakaran,10.703,76.8299,India,False,ML621060071,P1
621060072,copgoo1,Nettapus coromandelianus,ナンキンオシ,4.333333333333333,3,"Kunnampidari Survey Point 3, Chittur, Palakkad IN-KL 10.70296, 76.82988, Palakkad, Kerala, India",30 Jun 2024,Vivek Sudhakaran,10.703,76.8299,India,False,ML621060072,P1
627939092,copgoo1,Nettapus coromandelianus,ナンキンオシ,2.0,1,"Mollarber, West Bengal, IN (22.727, 88.278), Hooghly, West Bengal, India",8 Jun 2024,Sandip Das,22.7274,88.2778,India,False,ML627939092,P1
630702866,copgoo1,Nettapus coromandelianus,ナンキンオシ,4.666666666666667,3,"Huai Chorakhe Mak Reservoir Non-hunting Area* (general area), Buri Ram, Thailand",12 Feb 2025,Gregory Irving,14.9007,103.034,Thailand,False,ML630702866,P1
630702867,copgoo1,Nettapus coromandelianus,ナンキンオシ,3.0,1,"Huai Chorakhe Mak Reservoir Non-hunting Area* (general area), Buri Ram, Thailand",12 Feb 2025,Gregory Irving,14.9007,103.034,Thailand,False,ML630702867,P1
630702868,copgoo1,Nettapus coromandelianus,ナンキンオシ,3.0,1,"Huai Chorakhe Mak Reservoir Non-hunting Area* (general area), Buri Ram, Thailand",12 Feb 2025,Gregory Irving,14.9007,103.034,Thailand,False,ML630702868,P1
630702869,copgoo1,Nettapus coromandelianus,ナンキンオシ,1.5,2,"Huai Chorakhe Mak Reservoir Non-hunting Area* (general area), Buri Ram, Thailand",12 Feb 2025,Gregory Irving,14.9007,103.034,Thailand,False,ML630702869,P1
631661110,copgoo1,Nettapus coromandelianus,ナンキンオシ,2.5,2,"Jaypur Bil, West Bengal, IN (22.656, 88.313), Howrah, West Bengal, India",1 Mar 2025,Sandip Das,22.6556,88.3129,India,False,ML631661110,P1
632200720,copgoo1,Nettapus coromandelianus,ナンキンオシ,2.5,2,"Zone 1 Panayikulam Gail Green Belt (10.095, 76.299), Ernakulam, Kerala, India",13 Mar 2025,Thanu Shanavas,10.095,76.299,India,False,ML632200720,P1
635220376,copgoo1,Nettapus coromandelianus,ナンキンオシ,2.5,2,"Pong Daeng--Wat Noen Krading, Tak, Thailand",7 May 2025,Jens Toettrup,16.9861,99.4185,Thailand,False,ML635220376,P1
635501337,copgoo1,Nettapus coromandelianus,ナンキンオシ,1.0,2,"Khlong Khud – Laem Pradoo marshes & aquaculture ponds, Chachoengsao, Thailand",10 May 2025,Wich’yanan Limparungpatthanakij,13.6109,101.1852,Thailand,False,ML635501337,P1
635501347,copgoo1,Nettapus coromandelianus,ナンキンオシ,1.0,2,"Khlong Khud – Laem Pradoo marshes & aquaculture ponds, Chachoengsao, Thailand",10 May 2025,Wich’yanan Limparungpatthanakij,13.6109,101.1852,Thailand,False,ML635501347,P1
637198837,copgoo1,Nettapus coromandelianus,ナンキンオシ,5.0,2,"Bang Khaem aquaculture ponds, Nakhon Pathom, Thailand",7 Jun 2025,David Darrell-Lambert,13.7417,100.0434,Thailand,False,ML637198837,P1
638664901,copgoo1,Nettapus coromandelianus,ナンキンオシ,5.0,2,"Bang Khaem aquaculture ponds, Nakhon Pathom, Thailand",9 Jul 2025,Sam Hambly,13.7417,100.0434,Thailand,False,ML638664901,P1
640408791,copgoo1,Nettapus coromandelianus,ナンキンオシ,1.5,2,"Bharatpur--Keoladeo Ghana NP--Sapan Mori, Bharatpur, Rajasthan, India",31 Jul 2025,Peter Boesman,27.1767,77.5219,India,False,ML640408791,P1
640408793,copgoo1,Nettapus coromandelianus,ナンキンオシ,2.0,1,"Bharatpur--Keoladeo Ghana NP--Sapan Mori, Bharatpur, Rajasthan, India",31 Jul 2025,Peter Boesman,27.1767,77.5219,India,False,ML640408793,P1
640408795,copgoo1,Nettapus coromandelianus,ナンキンオシ,2.0,2,"Bharatpur--Keoladeo Ghana NP--Sapan Mori, Bharatpur, Rajasthan, India",31 Jul 2025,Peter Boesman,27.1767,77.5219,India,False,ML640408795,P1
642227728,copgoo1,Nettapus coromandelianus,ナンキンオシ,3.0,2,"Ramsagar Lake, Tirora, Gondia, Maharashtra, India",20 Sep 2025,Pradnyavant Mane,21.4171,79.9198,India,False,ML642227728,P1
642268902,copgoo1,Nettapus coromandelianus,ナンキンオシ,3.5,2,"Ramsagar Lake, Tirora, Gondia, Maharashtra, India",20 Sep 2025,Ramesh Shenai,21.4171,79.9198,India,False,ML642268902,P1
642268903,copgoo1,Nettapus coromandelianus,ナンキンオシ,3.5,2,"Ramsagar Lake, Tirora, Gondia, Maharashtra, India",20 Sep 2025,Ramesh Shenai,21.4171,79.9198,India,False,ML642268903,P1
648996773,copgoo1,Nettapus coromandelianus,ナンキンオシ,0.0,0,"Thenkarai Pond, Sholavandan, Madurai, Tamil Nadu, India",14 Jan 2026,Badri Narayanan Thiagarajan,10.0096,77.9387,India,False,ML648996773,P1
86119471,copgoo1,Nettapus coromandelianus,ナンキンオシ,3.5,10,"Malyadi lake, Kundapura, Udupi, Karnataka, India",16 Feb 2018,Ramit Singal,13.5518,74.7124,India,False,ML86119471,P1
613262308,copphe1,Syrmaticus soemmerringii,ヤマドリ,3.4444444444444446,9,"日の出町--日の出山 (Hinode--Mount Hinode), Ome, Tokyo, Japan",24 Sep 2023,Yann Muzika,35.7812,139.1674,Japan,True,ML613262308,P1
613262308,copphe1,Syrmaticus soemmerringii,ヤマドリ,3.4444444444444446,9,"日の出町--日の出山 (Hinode--Mount Hinode), Ome, Tokyo, Japan",24 Sep 2023,Yann Muzika,35.7812,139.1674,Japan,True,ML613262308,P1
644018153,copphe1,Syrmaticus soemmerringii,ヤマドリ,5.0,1,"秦野市--戸川林道 (Hadano--Togawa Forest Road), Hadano, Kanagawa, Japan",11 Jul 2025,Will Schenck,35.4353,139.1734,Japan,True,ML644018153,P1
644018153,copphe1,Syrmaticus soemmerringii,ヤマドリ,5.0,1,"秦野市--戸川林道 (Hadano--Togawa Forest Road), Hadano, Kanagawa, Japan",11 Jul 2025,Will Schenck,35.4353,139.1734,Japan,True,ML644018153,P1
650687896,copphe1,Syrmaticus soemmerringii,ヤマドリ,0.0,0,"嘉麻 Kama, Kama, Fukuoka, Japan",11 Feb 2026,Sze On Ng (Aaron),33.5483,130.6896,Japan,True,ML650687896,P1
650687896,copphe1,Syrmaticus soemmerringii,ヤマドリ,0.0,0,"嘉麻 Kama, Kama, Fukuoka, Japan",11 Feb 2026,Sze On Ng (Aaron),33.5483,130.6896,Japan,True,ML650687896,P1
650687897,copphe1,Syrmaticus soemmerringii,ヤマドリ,0.0,0,"嘉麻 Kama, Kama, Fukuoka, Japan",11 Feb 2026,Sze On Ng (Aaron),33.5483,130.6896,Japan,True,ML650687897,P1
650687897,copphe1,Syrmaticus soemmerringii,ヤマドリ,0.0,0,"嘉麻 Kama, Kama, Fukuoka, Japan",11 Feb 2026,Sze On Ng (Aaron),33.5483,130.6896,Japan,True,ML650687897,P1
109295,creauk,Aethia cristatella,エトロフウミスズメ,3.0,2,"Pribilof Islands; Saint Paul Island, Aleutians West Census Area, Alaska, United States",7 Jun 1997,Charles Duncan,57.15,-170.3667,United States,False,ML109295,P1
132013,creauk,Aethia cristatella,エトロフウミスズメ,4.0,4,"Buldir, Alaska, United States",15 Jul 2006,Sampath Seneviratne,52.35,175.9333,United States,False,ML132013,P1
132014,creauk,Aethia cristatella,エトロフウミスズメ,4.0,4,"Buldir, Alaska, United States",16 Jul 2006,Sampath Seneviratne,52.35,175.9333,United States,False,ML132014,P1
132015,creauk,Aethia cristatella,エトロフウミスズメ,3.4,5,"Buldir, Alaska, United States",21 Jul 2006,Sampath Seneviratne,52.35,175.9333,United States,False,ML132015,P1
133082,creauk,Aethia cristatella,エトロフウミスズメ,3.0,4,"Buldir; main talus, Alaska, United States",16 Jul 2006,Sampath Seneviratne,0.0,0.0,United States,False,ML133082,P1
133083,creauk,Aethia cristatella,エトロフウミスズメ,3.0,4,"Buldir; main talus, Alaska, United States",16 Jul 2006,Sampath Seneviratne,0.0,0.0,United States,False,ML133083,P1
163840311,creauk,Aethia cristatella,エトロフウミスズメ,3.5,2,"St. Paul Island, Aleutians West Census Area, Alaska, United States",9 Jun 2019,Tom Johnson,57.1701,-170.2968,United States,False,ML163840311,P1
190264711,creauk,Aethia cristatella,エトロフウミスズメ,2.5,2,"St. Paul Island, Aleutians West Census Area, Alaska, United States",20 Jun 2012,Ryan O'Donnell,57.1701,-170.2968,United States,False,ML190264711,P1
191249291,creauk,Aethia cristatella,エトロフウミスズメ,3.0,1,"St. Paul Island--Reef Cliffs, Aleutians West Census Area, Alaska, United States",23 Jun 2012,Ryan O'Donnell,57.1139,-170.2772,United States,False,ML191249291,P1
191250731,creauk,Aethia cristatella,エトロフウミスズメ,3.0,1,"St. Paul Island--Reef Cliffs, Aleutians West Census Area, Alaska, United States",23 Jun 2012,Ryan O'Donnell,57.1139,-170.2772,United States,False,ML191250731,P1
191255201,creauk,Aethia cristatella,エトロフウミスズメ,3.5,2,"St. Paul Island--Reef Cliffs, Aleutians West Census Area, Alaska, United States",6 Jul 2012,Ryan O'Donnell,57.1139,-170.2772,United States,False,ML191255201,P1
191298751,creauk,Aethia cristatella,エトロフウミスズメ,3.0,1,"St. Paul Island--Reef Cliffs, Aleutians West Census Area, Alaska, United States",7 Jul 2012,Ryan O'Donnell,57.1139,-170.2772,United States,False,ML191298751,P1
203956601,creauk,Aethia cristatella,エトロフウミスズメ,4.2,5,"Остров Талан (Talan Island), Magadan Oblast, Russia",29 Jun 2009,Josep del Hoyo,59.3111,149.0814,Russia,False,ML203956601,P1
239137,creauk,Aethia cristatella,エトロフウミスズメ,2.0,4,"Gambell general area - (63.783, -171.689), Nome Census Area, Alaska, United States",14 Jun 2019,Mark Robbins,63.7832,-171.6894,United States,False,ML239137,P1
461811041,creauk,Aethia cristatella,エトロフウミスズメ,3.3333333333333335,3,"Gambell (general area), Nome Census Area, Alaska, United States",16 Jun 2022,Steve Hampton,63.7793,-171.7215,United States,False,ML461811041,P1
461811051,creauk,Aethia cristatella,エトロフウミスズメ,3.3333333333333335,3,"Gambell (general area), Nome Census Area, Alaska, United States",16 Jun 2022,Steve Hampton,63.7793,-171.7215,United States,False,ML461811051,P1
462242521,creauk,Aethia cristatella,エトロフウミスズメ,2.0,2,"Gambell (general area), Nome Census Area, Alaska, United States",17 Jun 2022,Alex Patia,63.7793,-171.7215,United States,False,ML462242521,P1
57178,creauk,Aethia cristatella,エトロフウミスズメ,2.0,4,"Pribilof Islands; Saint Paul Island, Aleutians West Census Area, Alaska, United States",17 Jun 1968,William W. H. Gunn,0.0,0.0,United States,False,ML57178,P1
57180,creauk,Aethia cristatella,エトロフウミスズメ,2.0,4,"Saint Lawrence Island; Gambell, Nome Census Area, Alaska, United States",23 Jun 1968,William W. H. Gunn,0.0,0.0,United States,False,ML57180,P1
57182,creauk,Aethia cristatella,エトロフウミスズメ,2.0,4,"Saint Lawrence Island; Gambell, Nome Census Area, Alaska, United States",23 Jun 1968,William W. H. Gunn,0.0,0.0,United States,False,ML57182,P1
619872823,creauk,Aethia cristatella,エトロフウミスズメ,2.0,1,"St. Paul Island, Aleutians West Census Area, Alaska, United States",29 May 2024,Sam Darmstadt,57.1701,-170.2968,United States,False,ML619872823,P1
620659586,creauk,Aethia cristatella,エトロフウミスズメ,2.0,1,"St. Paul Island, Aleutians West Census Area, Alaska, United States",19 Jun 2024,Luis Munoz,57.1701,-170.2968,United States,False,ML620659586,P1
620970096,creauk,Aethia cristatella,エトロフウミスズメ,3.0,3,"St. Paul Island--Ridge Wall, Aleutians West Census Area, Alaska, United States",21 Jun 2024,Micah Riegner,57.1581,-170.3898,United States,False,ML620970096,P1
638592740,creauk,Aethia cristatella,エトロフウミスズメ,0.0,0,"Reef Cliffs, Aleutians West Census Area, Alaska, United States",23 Jun 2025,Bob McGuire,57.1124,-170.2802,United States,False,ML638592740,P1
148737311,creibi1,Nipponia nippon,トキ,4.0,2,"Yangxian, Shaanxi, China",2 Apr 2019,Scott Young,33.23,107.5212,China,False,ML148737311,P1
148737311,creibi1,Nipponia nippon,トキ,4.0,2,"Yangxian, Shaanxi, China",2 Apr 2019,Scott Young,33.23,107.5212,China,False,ML148737311,P1
204009261,creibi1,Nipponia nippon,トキ,4.666666666666667,6,"长青自然保护区 (Changqing NNR), Shaanxi, China",3 Jun 2013,Martin Kennewell,33.6201,107.5481,China,False,ML204009261,P1
204009261,creibi1,Nipponia nippon,トキ,4.666666666666667,6,"长青自然保护区 (Changqing NNR), Shaanxi, China",3 Jun 2013,Martin Kennewell,33.6201,107.5481,China,False,ML204009261,P1
204009271,creibi1,Nipponia nippon,トキ,4.2,5,"长青自然保护区 (Changqing NNR), Shaanxi, China",3 Jun 2013,Martin Kennewell,33.6201,107.5481,China,False,ML204009271,P1
204009271,creibi1,Nipponia nippon,トキ,4.2,5,"长青自然保护区 (Changqing NNR), Shaanxi, China",3 Jun 2013,Martin Kennewell,33.6201,107.5481,China,False,ML204009271,P1
331298731,creibi1,Nipponia nippon,トキ,3.0,1,"Yang Xian (33.2456, 107.553), Shaanxi, China",18 Aug 2002,Josep del Hoyo,33.2456,107.553,China,False,ML331298731,P1
331298731,creibi1,Nipponia nippon,トキ,3.0,1,"Yang Xian (33.2456, 107.553), Shaanxi, China",18 Aug 2002,Josep del Hoyo,33.2456,107.553,China,False,ML331298731,P1
595016461,creibi1,Nipponia nippon,トキ,0.0,0,"董寨自然保护区 (Dongzhai NNR), Henan, China",30 Apr 2017,Guy Kirwan,31.9443,114.2511,China,False,ML595016461,P1
595016461,creibi1,Nipponia nippon,トキ,0.0,0,"董寨自然保护区 (Dongzhai NNR), Henan, China",30 Apr 2017,Guy Kirwan,31.9443,114.2511,China,False,ML595016461,P1
609071176,creibi1,Nipponia nippon,トキ,0.0,0,"Khwan Ya, Yangxian County, Shaanxi, Shaanxi, China",23 May 2007,Philip Round,33.117,107.537,China,False,ML609071176,P1
609071176,creibi1,Nipponia nippon,トキ,0.0,0,"Khwan Ya, Yangxian County, Shaanxi, Shaanxi, China",23 May 2007,Philip Round,33.117,107.537,China,False,ML609071176,P1
609071177,creibi1,Nipponia nippon,トキ,4.0,1,"Khwan Ya, Yangxian County, Shaanxi, Shaanxi, China",23 May 2007,Philip Round,33.117,107.537,China,False,ML609071177,P1
609071177,creibi1,Nipponia nippon,トキ,4.0,1,"Khwan Ya, Yangxian County, Shaanxi, Shaanxi, China",23 May 2007,Philip Round,33.117,107.537,China,False,ML609071177,P1
609071178,creibi1,Nipponia nippon,トキ,0.0,0,"Khwan Ya, Yangxian County, Shaanxi, Shaanxi, China",23 May 2007,Philip Round,33.117,107.537,China,False,ML609071178,P1
609071178,creibi1,Nipponia nippon,トキ,0.0,0,"Khwan Ya, Yangxian County, Shaanxi, Shaanxi, China",23 May 2007,Philip Round,33.117,107.537,China,False,ML609071178,P1
609071179,creibi1,Nipponia nippon,トキ,0.0,0,"Quing Shu, Yangxian County, Shaanxi, Shaanxi, China",24 May 2007,Philip Round,33.292,107.368,China,False,ML609071179,P1
609071179,creibi1,Nipponia nippon,トキ,0.0,0,"Quing Shu, Yangxian County, Shaanxi, Shaanxi, China",24 May 2007,Philip Round,33.292,107.368,China,False,ML609071179,P1
609071180,creibi1,Nipponia nippon,トキ,4.0,2,"Quing Shu, Yangxian County, Shaanxi, Shaanxi, China",24 May 2007,Philip Round,33.292,107.368,China,False,ML609071180,P1
609071180,creibi1,Nipponia nippon,トキ,4.0,2,"Quing Shu, Yangxian County, Shaanxi, Shaanxi, China",24 May 2007,Philip Round,33.292,107.368,China,False,ML609071180,P1
616870255,creibi1,Nipponia nippon,トキ,3.0,1,"200 Yueo-myeon, Changyeong, Gyeongsangnam-do, KR (35.543, 128.417), Gyeongsangnam-do, South Korea",2 Apr 2024,Cal Stuebner,35.543,128.4169,South Korea,True,ML616870255,P1
616870255,creibi1,Nipponia nippon,トキ,3.0,1,"200 Yueo-myeon, Changyeong, Gyeongsangnam-do, KR (35.543, 128.417), Gyeongsangnam-do, South Korea",2 Apr 2024,Cal Stuebner,35.543,128.4169,South Korea,True,ML616870255,P1
622223750,creibi1,Nipponia nippon,トキ,5.0,1,"Hyeongsangang River, Gyeongsangbuk-do, South Korea",27 Dec 2023,Ashley Hopkins,35.9383,129.2423,South Korea,True,ML622223750,P1
622223750,creibi1,Nipponia nippon,トキ,5.0,1,"Hyeongsangang River, Gyeongsangbuk-do, South Korea",27 Dec 2023,Ashley Hopkins,35.9383,129.2423,South Korea,True,ML622223750,P1
622346941,creibi1,Nipponia nippon,トキ,4.0,1,"창녕--우포늪(Changnyeong--Upo Wetland Ramsar Site), Gyeongsangnam-do, South Korea",2 Jan 2024,Ashley Hopkins,35.5509,128.4134,South Korea,True,ML622346941,P1
622346941,creibi1,Nipponia nippon,トキ,4.0,1,"창녕--우포늪(Changnyeong--Upo Wetland Ramsar Site), Gyeongsangnam-do, South Korea",2 Jan 2024,Ashley Hopkins,35.5509,128.4134,South Korea,True,ML622346941,P1
632901337,creibi1,Nipponia nippon,トキ,3.0,1,"Wèi Mìng Míng De Dào Lù, Xin Yang Shi, He Nan Sheng, CN (31,942, 114,281), Henan, China",6 Mar 2025,Peter Boesman,31.9422,114.2809,China,False,ML632901337,P1
632901337,creibi1,Nipponia nippon,トキ,3.0,1,"Wèi Mìng Míng De Dào Lù, Xin Yang Shi, He Nan Sheng, CN (31,942, 114,281), Henan, China",6 Mar 2025,Peter Boesman,31.9422,114.2809,China,False,ML632901337,P1
632901340,creibi1,Nipponia nippon,トキ,3.0,1,"Wèi Mìng Míng De Dào Lù, Xin Yang Shi, He Nan Sheng, CN (31,942, 114,281), Henan, China",6 Mar 2025,Peter Boesman,31.9422,114.2809,China,False,ML632901340,P1
632901340,creibi1,Nipponia nippon,トキ,3.0,1,"Wèi Mìng Míng De Dào Lù, Xin Yang Shi, He Nan Sheng, CN (31,942, 114,281), Henan, China",6 Mar 2025,Peter Boesman,31.9422,114.2809,China,False,ML632901340,P1
632901348,creibi1,Nipponia nippon,トキ,4.0,1,"Wèi Mìng Míng De Dào Lù, Xin Yang Shi, He Nan Sheng, CN (31,942, 114,281), Henan, China",6 Mar 2025,Peter Boesman,31.9422,114.2809,China,False,ML632901348,P1
632901348,creibi1,Nipponia nippon,トキ,4.0,1,"Wèi Mìng Míng De Dào Lù, Xin Yang Shi, He Nan Sheng, CN (31,942, 114,281), Henan, China",6 Mar 2025,Peter Boesman,31.9422,114.2809,China,False,ML632901348,P1
634912442,creibi1,Nipponia nippon,トキ,4.0,1,"liuzhuangcun, Shaanxi, China",11 May 2013,C B,33.2275,107.5407,China,False,ML634912442,P1
634912442,creibi1,Nipponia nippon,トキ,4.0,1,"liuzhuangcun, Shaanxi, China",11 May 2013,C B,33.2275,107.5407,China,False,ML634912442,P1
646946983,creibi1,Nipponia nippon,トキ,0.0,0,"창녕--우포늪(Changnyeong--Upo Wetland Ramsar Site), Gyeongsangnam-do, South Korea",10 Dec 2025,민호Min-Ho 김Kim,35.5509,128.4134,South Korea,True,ML646946983,P1
646946983,creibi1,Nipponia nippon,トキ,0.0,0,"창녕--우포늪(Changnyeong--Upo Wetland Ramsar Site), Gyeongsangnam-do, South Korea",10 Dec 2025,민호Min-Ho 김Kim,35.5509,128.4134,South Korea,True,ML646946983,P1
148797881,crekin1,Megaceryle lugubris,ヤマセミ,3.25,4,"Crested Ibis Breeding Center, Shaanxi, China",2 Apr 2019,Scott Young,33.2613,107.5472,China,False,ML148797881,P1
199359711,crekin1,Megaceryle lugubris,ヤマセミ,1.3333333333333333,3,"Corbett River View Retreat, Garjiya, Ramnagar, Nainital, Uttarakhand, India",23 Dec 2019,Ashis Kumar  Pradhan,29.4804,79.148,India,False,ML199359711,P1
203909761,crekin1,Megaceryle lugubris,ヤマセミ,3.8,5,"Dongzhai Nature Reserve, Henan, China",4 Feb 2018,Josep del Hoyo,31.958,114.2521,China,False,ML203909761,P1
203909771,crekin1,Megaceryle lugubris,ヤマセミ,2.8,5,"Dongzhai Nature Reserve, Henan, China",4 Feb 2018,Josep del Hoyo,31.958,114.2521,China,False,ML203909771,P1
284887,crekin1,Megaceryle lugubris,ヤマセミ,2.6666666666666665,3,"Gaula River, Nainital, Uttarakhand, India",14 Apr 2019,Peter Boesman,29.397,79.581,India,False,ML284887,P1
305778881,crekin1,Megaceryle lugubris,ヤマセミ,4.5,4,"清水河, Beijing, China",6 Feb 2021,(Ai)Tao Liu,40.5131,117.1345,China,False,ML305778881,P1
389152071,crekin1,Megaceryle lugubris,ヤマセミ,3.0,3,"清水河, Beijing, China",30 Oct 2021,(Ai)Tao Liu,40.5131,117.1345,China,False,ML389152071,P1
391336271,crekin1,Megaceryle lugubris,ヤマセミ,2.3333333333333335,3,"十渡-拒马河 (Shidu, Juma River PNR), Beijing, China",27 Nov 2021,XC Bu,39.6384,115.5911,China,False,ML391336271,P1
391646181,crekin1,Megaceryle lugubris,ヤマセミ,3.3333333333333335,3,"Kannan Valley, Kashyone Khasmahal, W Bengal, IN (27.187, 88.598), Kalimpong, West Bengal, India",16 Nov 2021,Sandip Das,27.1875,88.5953,India,False,ML391646181,P1
396356211,crekin1,Megaceryle lugubris,ヤマセミ,3.25,4,"Mueang Khong--stakeout Crested Kingfisher along Mae Taeng Stream, Chiang Mai, Thailand",16 Dec 2021,Sakkarin Sansuk,19.386,98.7121,Thailand,False,ML396356211,P1
396356231,crekin1,Megaceryle lugubris,ヤマセミ,2.25,4,"Mueang Khong--stakeout Crested Kingfisher along Mae Taeng Stream, Chiang Mai, Thailand",16 Dec 2021,Sakkarin Sansuk,19.386,98.7121,Thailand,False,ML396356231,P1
434619611,crekin1,Megaceryle lugubris,ヤマセミ,2.75,4,"橡胶坝, Beijing, China",27 Feb 2022,(Ai)Tao Liu,40.4499,115.8769,China,False,ML434619611,P1
474543661,crekin1,Megaceryle lugubris,ヤマセミ,2.5,4,"Dolmaar Riverside, Nainital, Uttarakhand, Nainital, Uttarakhand, India",25 May 2014,Sandeep Biswas,29.3214,79.5206,India,False,ML474543661,P1
513275381,crekin1,Megaceryle lugubris,ヤマセミ,2.75,4,"Mueang Khong--stakeout Crested Kingfisher along Mae Taeng Stream, Chiang Mai, Thailand",14 Dec 2022,Wich’yanan Limparungpatthanakij,19.386,98.7121,Thailand,False,ML513275381,P1
516367331,crekin1,Megaceryle lugubris,ヤマセミ,4.0,4,"大宁水库及其东部永定河废弃河道 (Daning Reservoir & Adjacent Riverbed), Beijing, China",25 Dec 2022,Oriental Stork,39.829,116.2171,China,False,ML516367331,P1
550203981,crekin1,Megaceryle lugubris,ヤマセミ,1.75,4,"Kakragaad, Rudraprayag, Uttarakhand, India",14 Mar 2023,Ramit Singal,30.4908,79.0894,India,False,ML550203981,P1
613755592,crekin1,Megaceryle lugubris,ヤマセミ,2.75,4,"温榆河 (Wenyu River), Beijing, China",16 Jan 2024,(Ai)Tao Liu,39.9395,116.643,China,False,ML613755592,P1
626960018,crekin1,Megaceryle lugubris,ヤマセミ,3.0,3,"산청--경호강(Sancheong--Gyeonghogang(river)), Gyeongsangnam-do, South Korea",30 Nov 2024,Anonymous,35.4829,127.809,South Korea,True,ML626960018,P1
627350924,crekin1,Megaceryle lugubris,ヤマセミ,2.6666666666666665,3,"Tangqing Line, Guangyuan CN-Sichuan 32.56931, 104.78856, Sichuan, China",1 Dec 2024,Wenyi Zhou,32.5693,104.7886,China,False,ML627350924,P1
628979349,crekin1,Megaceryle lugubris,ヤマセミ,2.75,4,"Koshi River -- Girija Devi Temple, Nainital, Uttarakhand, India",7 Jan 2025,Andrew Spencer,29.4941,79.1411,India,False,ML628979349,P1
633608689,crekin1,Megaceryle lugubris,ヤマセミ,3.5,2,"Fencheytar - DG, Darjeeling, West Bengal, India",11 Apr 2025,Asim Giri,27.0781,88.0823,India,False,ML633608689,P1
636277656,crekin1,Megaceryle lugubris,ヤマセミ,4.0,1,"怀柔水库 (Huairou Reservoir), Beijing, China",10 Sep 2001,C B,40.32,116.6101,China,False,ML636277656,P1
644044869,crekin1,Megaceryle lugubris,ヤマセミ,0.0,0,"中標津町--養老牛温泉 (Nakashibetsu--Yoroushi Hot Spring), Nakashibetsu, Hokkaido, Japan",5 Sep 2025,Bill Eisele,43.5876,144.7223,Japan,True,ML644044869,P1
644044873,crekin1,Megaceryle lugubris,ヤマセミ,5.0,1,"中標津町--養老牛温泉 (Nakashibetsu--Yoroushi Hot Spring), Nakashibetsu, Hokkaido, Japan",5 Sep 2025,Bill Eisele,43.5876,144.7223,Japan,True,ML644044873,P1
644981793,crekin1,Megaceryle lugubris,ヤマセミ,0.0,0,"沙城湿地 (Shacheng Wetlands), Hebei, China",9 Nov 2025,yan zhou,40.3709,115.4656,China,False,ML644981793,P1
648111174,crekin1,Megaceryle lugubris,ヤマセミ,5.0,1,"Mueang Khong--stakeout Crested Kingfisher along Mae Taeng Stream, Chiang Mai, Thailand",3 Jan 2026,Sam Hambly,19.386,98.7121,Thailand,False,ML648111174,P1
649273863,crekin1,Megaceryle lugubris,ヤマセミ,4.0,2,"皖水, Anhui, China",19 Jan 2026,Linn sherwin,30.8808,116.3436,China,False,ML649273863,P1
311135,dalpel1,Pelecanus crispus,ハイイロペリカン,1.0,4,"Srebarna Lake Nature Reserve, Silistra, Bulgaria",8 May 1967,Claude Chappuis,44.1018,27.0621,Bulgaria,False,ML311135,P1
629140534,dalpel1,Pelecanus crispus,ハイイロペリカン,1.8571428571428572,14,"ΕΠ Λίμνης Κερκίνης* (Lake Kerkini NP, use more precise loc.), Serres, Central Macedonia, Greece",14 Jan 2025,David F. Belmonte,41.2055,23.1554,Greece,False,ML629140534,P1
635590775,dalpel1,Pelecanus crispus,ハイイロペリカン,2.0,4,"Eparchiaki Odos Lemou-Vronterou, Florina, GR (40.794, 21.073), Florina, Western Macedonia, Greece",4 May 2025,Christian Rixen,40.7944,21.0733,Greece,False,ML635590775,P1
151233141,dasfly,Muscicapa sibirica,サメビタキ,2.5714285714285716,7,"Dirang-Mandala Road, West Kameng, Arunachal Pradesh, India",8 Jun 2018,Esha Munshi,27.3053,92.2564,India,False,ML151233141,P1
172184821,dasfly,Muscicapa sibirica,サメビタキ,3.857142857142857,7,"Lokat Bangus (Little Bangus Valley), Kupwara, Jammu and Kashmir, India",28 Jun 2019,Andrew Spencer,34.3728,74.0325,India,False,ML172184821,P1
175304651,dasfly,Muscicapa sibirica,サメビタキ,4.25,8,"Lidder Valley, Aru to Lidderwat, Anantnag, Jammu and Kashmir, India",21 Jun 2019,Andrew Spencer,34.1568,75.2441,India,False,ML175304651,P1
175467341,dasfly,Muscicapa sibirica,サメビタキ,3.0,7,"Lokat Bangus (Little Bangus Valley), Kupwara, Jammu and Kashmir, India",29 Jun 2019,Andrew Spencer,34.3728,74.0325,India,False,ML175467341,P1
181622401,dasfly,Muscicapa sibirica,サメビタキ,3.5714285714285716,7,"Assi Ganga--Kuflon, Uttarkashi, Uttarakhand, India",4 Oct 2019,Mike Prince,30.8105,78.4492,India,False,ML181622401,P1
204009081,dasfly,Muscicapa sibirica,サメビタキ,4.142857142857143,7,"Longcanggou Nature Reserve (29.6796, 102.85), Sichuan, China",22 May 2013,Martin Kennewell,29.6796,102.85,China,False,ML204009081,P1
350607111,dasfly,Muscicapa sibirica,サメビタキ,3.0,7,"Thadung bugyal, Rudraprayag, Uttarakhand, India",26 May 2016,Puja Sharma,30.5664,78.871,India,False,ML350607111,P1
366721901,dasfly,Muscicapa sibirica,サメビタキ,3.0,7,"南汇东滩 (Nanhui Dongtan), Shanghai, China",4 Sep 2021,ely what,30.9184,121.9774,China,False,ML366721901,P1
370995481,dasfly,Muscicapa sibirica,サメビタキ,4.333333333333333,9,"Tai Lam Country Park 大欖郊野公園, Hong Kong, Hong Kong",20 Sep 2021,Roman Lo,22.3993,114.0916,Hong Kong,False,ML370995481,P1
453684621,dasfly,Muscicapa sibirica,サメビタキ,3.0,8,"Bansoi, North Sikkim, Sikkim, India",15 Apr 2022,Dibyendu Ash,27.6987,88.5691,India,False,ML453684621,P1
477641381,dasfly,Muscicapa sibirica,サメビタキ,2.6666666666666665,9,"瓦屋山 (Wawu Mountain [General Area]), Sichuan, China",23 Aug 2022,Wenyi Zhou,29.6781,102.9722,China,False,ML477641381,P1
550921931,dasfly,Muscicapa sibirica,サメビタキ,2.142857142857143,7,"台南七股IBA--頂頭額防風林(Qigu IBA--Dingtouer Coastal Forest), Tainan City, Taiwan",22 Sep 2022,Yu-Wei (昱緯) LI (李),23.1119,120.0421,Taiwan,False,ML550921931,P1
568759581,dasfly,Muscicapa sibirica,サメビタキ,2.875,8,"Unnamed Road, Arunachal Pradesh, West Kameng, Arunachal Pradesh, India",21 Apr 2023,Vinay K L,27.1803,92.4636,India,False,ML568759581,P1
569281781,dasfly,Muscicapa sibirica,サメビタキ,2.375,8,"Unnamed Road, Arunachal Pradesh, West Kameng, Arunachal Pradesh, India",21 Apr 2023,Sahana M,27.1803,92.4636,India,False,ML569281781,P1
570179301,dasfly,Muscicapa sibirica,サメビタキ,3.0,8,"Unnamed Road, Arunachal Pradesh, West Kameng, Arunachal Pradesh, India",21 Apr 2023,Sahana M,27.1803,92.4636,India,False,ML570179301,P1
577783361,dasfly,Muscicapa sibirica,サメビタキ,3.625,8,"Tun Dian Village - Farm, Beijing, China",27 May 2023,zhenning liu,40.0628,116.1972,China,False,ML577783361,P1
579547961,dasfly,Muscicapa sibirica,サメビタキ,2.0,8,"울산--대왕암공원(Ulsan--Daewangam Park), Ulsan, South Korea",31 May 2023,Marshall Iliff,35.4889,129.4371,South Korea,True,ML579547961,P1
58077111,dasfly,Muscicapa sibirica,サメビタキ,2.857142857142857,7,"云南大学 (Yunnan University), Yunnan, China",2 May 2017,Alex Nickley,25.0568,102.701,China,False,ML58077111,P1
609069025,dasfly,Muscicapa sibirica,サメビタキ,3.0,8,"Sonamarg, Ganderbal, Jammu and Kashmir, India",30 Jun 2010,Pam Rasmussen,34.3014,75.2948,India,False,ML609069025,P1
610165692,dasfly,Muscicapa sibirica,サメビタキ,2.875,8,"AtlasTaiwan Grid K3-3 Square 1-3 (24.43875, 118.25101), Kinmen County, Taiwan",19 Oct 2023,Ting-Wei (廷維) HUNG (洪),24.4388,118.251,Taiwan,False,ML610165692,P1
611152695,dasfly,Muscicapa sibirica,サメビタキ,1.875,8,"Tun Dian Village - Farm, Beijing, China",27 May 2023,zhenning liu,40.0628,116.1972,China,False,ML611152695,P1
620539384,dasfly,Muscicapa sibirica,サメビタキ,3.7142857142857144,7,"梦笔山 (Mengbi Shan), Sichuan, China",26 May 2024,Peter Boesman,31.7168,102.2958,China,False,ML620539384,P1
621807501,dasfly,Muscicapa sibirica,サメビタキ,2.8,5,"Wawu Mountain Scenic Area, Meishan CN-Sichuan (29.6466,102.9413), Sichuan, China",23 Jul 2024,Haoning Gong,29.6466,102.9413,China,False,ML621807501,P1
621834272,dasfly,Muscicapa sibirica,サメビタキ,2.6,5,"江別市--野幌森林公園--自然ふれあい交流館 (Ebetsu--Nopporo Forest Park--Visitor's Center), Ebetsu, Hokkaido, Japan",25 Jul 2024,Akinori Miura,43.0572,141.508,Japan,True,ML621834272,P1
622429817,dasfly,Muscicapa sibirica,サメビタキ,3.6666666666666665,6,"Auto selected 33.72280, 75.45436, Anantnag, Jammu and Kashmir, India",3 Aug 2024,Yann Muzika,33.7228,75.4544,India,False,ML622429817,P1
624329129,dasfly,Muscicapa sibirica,サメビタキ,3.6666666666666665,6,"台南七股IBA--國聖燈塔(Qigu IBA--Guosheng Lighthouse), Tainan City, Taiwan",28 Sep 2024,Chi-Hsuan Shao,23.1007,120.0358,Taiwan,False,ML624329129,P1
628026713,dasfly,Muscicapa sibirica,サメビタキ,4.142857142857143,7,"台南七股IBA--國聖燈塔(Qigu IBA--Guosheng Lighthouse), Tainan City, Taiwan",28 Sep 2024,u7 Liao,23.1007,120.0358,Taiwan,False,ML628026713,P1
639573369,dasfly,Muscicapa sibirica,サメビタキ,2.6666666666666665,3,"Gayzamchhu, Bumthang, Bhutan",24 Apr 2025,Jay McGowan,27.4285,90.9659,Bhutan,False,ML639573369,P1
639573370,dasfly,Muscicapa sibirica,サメビタキ,2.6666666666666665,3,"Gayzamchhu, Bumthang, Bhutan",24 Apr 2025,Jay McGowan,27.4285,90.9659,Bhutan,False,ML639573370,P1
640129193,dasfly,Muscicapa sibirica,サメビタキ,2.5,2,"Simthan Malikpora Khan Mohalla Road, Anantnag (33.6000,75.4612), Anantnag, Jammu and Kashmir, India",19 Jul 2025,Peter Boesman,33.6,75.4612,India,False,ML640129193,P1
640129195,dasfly,Muscicapa sibirica,サメビタキ,2.0,2,"Simthan Malikpora Khan Mohalla Road, Anantnag (33.6000,75.4612), Anantnag, Jammu and Kashmir, India",19 Jul 2025,Peter Boesman,33.6,75.4612,India,False,ML640129195,P1
640889895,dasfly,Muscicapa sibirica,サメビタキ,2.0,2,"菖蒲公園　本荘浜, Yurihonjo, Akita, Japan",26 Aug 2025,YUKIKO ISHIKAWA,39.3871,140.0227,Japan,True,ML640889895,P1
640937756,dasfly,Muscicapa sibirica,サメビタキ,1.0,2,"菖蒲公園　本荘浜, Yurihonjo, Akita, Japan",28 Aug 2025,YUKIKO ISHIKAWA,39.3871,140.0227,Japan,True,ML640937756,P1
72059851,dasfly,Muscicapa sibirica,サメビタキ,2.4285714285714284,7,"馬祖--南竿津沙水庫一號壩(Matsu--Nangan Jinsha Reservoir No.1 Dam), Lienchiang County, Taiwan",16 Oct 2017,Allen Lyu,26.1482,119.9148,Taiwan,False,ML72059851,P1
203968911,daujac1,Corvus dauuricus,コクマルガラス,3.8333333333333335,6,"出水市--出水市ツル観察センター (Izumi--Izumi Crane Observation Center), Izumi, Kagoshima, Japan",2 Feb 2019,Phil Gregory | Sicklebill Safaris | www.birder.travel,32.103,130.275,Japan,True,ML203968911,P1
203968921,daujac1,Corvus dauuricus,コクマルガラス,3.8,5,"出水市--出水市ツル観察センター (Izumi--Izumi Crane Observation Center), Izumi, Kagoshima, Japan",2 Feb 2019,Phil Gregory | Sicklebill Safaris | www.birder.travel,32.103,130.275,Japan,True,ML203968921,P1
231097,daujac1,Corvus dauuricus,コクマルガラス,3.0,5,"Dzhidinskiy Rayon, Buryatia, Russia",19 Jun 2017,Bob McGuire,50.5491,105.143,Russia,False,ML231097,P1
285421,daujac1,Corvus dauuricus,コクマルガラス,4.0,4,"Bei Zha Forest Reserve  Nangqian  Qinghai, Qinghai, China",14 Jul 2019,Peter Boesman,31.8789,96.5509,China,False,ML285421,P1
285423,daujac1,Corvus dauuricus,コクマルガラス,4.0,4,"Bei Zha Forest Reserve  Nangqian  Qinghai, Qinghai, China",14 Jul 2019,Peter Boesman,31.8789,96.5509,China,False,ML285423,P1
356505971,daujac1,Corvus dauuricus,コクマルガラス,3.0,4,"白扎林场 (Baizha Forest), Qinghai, China",17 Jul 2021,Joye Zhou,31.8229,96.5422,China,False,ML356505971,P1
357325301,daujac1,Corvus dauuricus,コクマルガラス,1.5,4,"泸沽湖 [云南] (Lugu Lake [Yunnan side]), Yunnan, China",14 Jul 2021,Ray Tsu 诸 仁,27.6794,100.7725,China,False,ML357325301,P1
399288271,daujac1,Corvus dauuricus,コクマルガラス,3.0,4,"曹杨公园(Caoyang Park), Shanghai, China",23 Dec 2021,Thom Liu,31.2401,121.4089,China,False,ML399288271,P1
411191661,daujac1,Corvus dauuricus,コクマルガラス,3.0,4,"金門--烈嶼貓公石旁農地, Kinmen County, Taiwan",27 Jan 2022,Ting-Wei (廷維) HUNG (洪),24.4509,118.2473,Taiwan,False,ML411191661,P1
414194921,daujac1,Corvus dauuricus,コクマルガラス,2.0,4,"鸭垸湖 (Yayuan Lake), Hubei, China",3 Feb 2022,Xingyu Li,30.3463,113.8296,China,False,ML414194921,P1
414478431,daujac1,Corvus dauuricus,コクマルガラス,2.8,5,"NCB, Beijing, China",15 Jan 2022,(Ai)Tao Liu,40.0359,116.5197,China,False,ML414478431,P1
527720751,daujac1,Corvus dauuricus,コクマルガラス,3.25,4,"出水市--潟公民館・高尾野川河口 (Izumi--Kata Community Center / Takaono River estuary), Izumi, Kagoshima, Japan",13 Jan 2023,Robin Duska,32.1051,130.2803,Japan,True,ML527720751,P1
602254971,daujac1,Corvus dauuricus,コクマルガラス,3.25,4,"RU-Republic of Buryatia-Dzhidinskiy rayon (50.5015,105.1456), Buryatia, Russia",19 Jun 2017,Nathan Pieplow,50.5015,105.1456,Russia,False,ML602254971,P1
602255121,daujac1,Corvus dauuricus,コクマルガラス,5.0,4,"RU-Republic of Buryatia-Dzhidinskiy rayon (50.5015,105.1456), Buryatia, Russia",19 Jun 2017,Nathan Pieplow,50.5015,105.1456,Russia,False,ML602255121,P1
609060451,daujac1,Corvus dauuricus,コクマルガラス,3.4,5,"Ruoergai area, Sichuan, China",15 Jul 2013,Pam Rasmussen,33.4117,102.548,China,False,ML609060451,P1
614633989,daujac1,Corvus dauuricus,コクマルガラス,5.0,2,"出水市--西干拓 (Izumi--West Reclamation Area (west fields)), Izumi, Kagoshima, Japan",8 Feb 2024,Ying ZHOU,32.1072,130.27,Japan,True,ML614633989,P1
615918960,daujac1,Corvus dauuricus,コクマルガラス,3.0,2,"出水市--東干拓 (Izumi--East Reclamation Area (east fields)), Izumi, Kagoshima, Japan",14 Feb 2024,Mark Robbins,32.1042,130.2914,Japan,True,ML615918960,P1
616571437,daujac1,Corvus dauuricus,コクマルガラス,2.5,2,"제주--한라수목원(Jeju--Halla Arboretum), Jeju-do, South Korea",1 Nov 2022,Leslie Hurteau,33.4699,126.4932,South Korea,True,ML616571437,P1
616606086,daujac1,Corvus dauuricus,コクマルガラス,4.0,3,"高屏溪IBA--全區(Kaoping River IBA), Kaohsiung City, Taiwan",24 Mar 2024,Yi-Cheng Chen,22.5088,120.4198,Taiwan,False,ML616606086,P1
616606100,daujac1,Corvus dauuricus,コクマルガラス,3.6666666666666665,3,"高屏溪IBA--全區(Kaoping River IBA), Kaohsiung City, Taiwan",24 Mar 2024,Yi-Cheng Chen,22.5088,120.4198,Taiwan,False,ML616606100,P1
616765197,daujac1,Corvus dauuricus,コクマルガラス,4.0,3,"河堤路三段572–584號, 大寮區 TW-KHH 22.55020, 120.42432, Kaohsiung City, Taiwan",24 Mar 2024,志民 蘇,22.5502,120.4243,Taiwan,False,ML616765197,P1
616765198,daujac1,Corvus dauuricus,コクマルガラス,4.333333333333333,3,"河堤路三段572–584號, 大寮區 TW-KHH 22.55020, 120.42432, Kaohsiung City, Taiwan",24 Mar 2024,志民 蘇,22.5502,120.4243,Taiwan,False,ML616765198,P1
618958710,daujac1,Corvus dauuricus,コクマルガラス,3.6666666666666665,3,"高屏溪IBA--全區(Kaoping River IBA), Kaohsiung City, Taiwan",24 Mar 2024,翔鈞 梁,22.5088,120.4198,Taiwan,False,ML618958710,P1
621203798,daujac1,Corvus dauuricus,コクマルガラス,4.333333333333333,3,"Pine wood lot--Khurkh Bird Banding Station, Hentiy, Mongolia",28 May 2024,Vyom Vyas,48.2781,110.4934,Mongolia,False,ML621203798,P1
626654876,daujac1,Corvus dauuricus,コクマルガラス,4.0,3,"南海子公园 (Nanhaizi Park), Beijing, China",22 Nov 2024,Wich’yanan Limparungpatthanakij,39.7771,116.4606,China,False,ML626654876,P1
637402955,daujac1,Corvus dauuricus,コクマルガラス,2.5,2,"Uglugch Wall Eco Lodge & vicinity, Batshireet, Khentii, MN, Hentiy, Mongolia",8 Jun 2025,Wich’yanan Limparungpatthanakij,48.3842,110.1756,Mongolia,False,ML637402955,P1
642127884,daujac1,Corvus dauuricus,コクマルガラス,2.0,1,"白扎林场 (Baizha Forest), Qinghai, China",16 Jun 2025,John Bjorkman,31.8229,96.5422,China,False,ML642127884,P1
642144113,daujac1,Corvus dauuricus,コクマルガラス,0.0,0,"テレルジのトーラ川河畔, Ulaanbaatar, Mongolia",24 May 2016,Nagahisa MIta,47.9829,107.4694,Mongolia,False,ML642144113,P1
642522448,daujac1,Corvus dauuricus,コクマルガラス,4.0,1,"出水市--出水市ツル観察センター (Izumi--Izumi Crane Observation Center), Izumi, Kagoshima, Japan",29 Jan 2023,Greg Baker,32.103,130.275,Japan,True,ML642522448,P1
646105758,daujac1,Corvus dauuricus,コクマルガラス,0.0,0,"黄河三角洲自然保护区--大汶流管理站 (Yellow River Delta NNR--Dawenliu Station), Shandong, China",14 Nov 2025,Claude Z,37.759,118.9922,China,False,ML646105758,P1
646105761,daujac1,Corvus dauuricus,コクマルガラス,0.0,0,"黄河三角洲自然保护区--大汶流管理站 (Yellow River Delta NNR--Dawenliu Station), Shandong, China",14 Nov 2025,Claude Z,37.759,118.9922,China,False,ML646105761,P1
647757806,daujac1,Corvus dauuricus,コクマルガラス,0.0,0,"Yolt River, Batshireet, Hentii, MN, Hentiy, Mongolia",27 Jun 2025,Batmunkh Davaasuren,48.8126,110.0266,Mongolia,False,ML647757806,P1
647757807,daujac1,Corvus dauuricus,コクマルガラス,3.5,2,"Yolt River, Batshireet, Hentii, MN, Hentiy, Mongolia",27 Jun 2025,Batmunkh Davaasuren,48.8126,110.0266,Mongolia,False,ML647757807,P1
648814589,daujac1,Corvus dauuricus,コクマルガラス,0.0,0,"佐渡島--波多野の水田 (Sado--Hatano rice paddies), Sado, Niigata, Japan",31 Dec 2025,Anonymous,38.0165,138.3767,Japan,True,ML648814589,P1
74227,daujac1,Corvus dauuricus,コクマルガラス,2.5,6,"Beizha, Qinghai, China",11 Jun 1997,Geoff Carey,32.0,96.0,China,False,ML74227,P1
203953291,dausta1,Agropsar sturninus,シベリアムクドリ,3.625,16,"Vostretsovo, Primorsky Krai, Russia",12 Jun 2009,Josep del Hoyo,45.909,134.94,Russia,True,ML203953291,P1
237241661,dausta1,Agropsar sturninus,シベリアムクドリ,3.125,16,"五一棚保护站 (Wuyipeng Research Station), Sichuan, China",26 Apr 2006,Nick Athanas,31.0059,103.1802,China,False,ML237241661,P1
237241731,dausta1,Agropsar sturninus,シベリアムクドリ,3.0,16,"五一棚保护站 (Wuyipeng Research Station), Sichuan, China",26 Apr 2006,Nick Athanas,31.0059,103.1802,China,False,ML237241731,P1
525076581,dausta1,Agropsar sturninus,シベリアムクドリ,2.8823529411764706,17,"北运河, Beijing, China",22 May 2022,(Ai)Tao Liu,39.8189,116.7817,China,False,ML525076581,P1
626652193,dausta1,Agropsar sturninus,シベリアムクドリ,4.5,8,"兰州大学榆中校区 (Lanzhou University - Yuzhong Campus), Gansu, China",2 Jul 2024,Yechuan He,35.9413,104.1579,China,False,ML626652193,P1
629751361,dausta1,Agropsar sturninus,シベリアムクドリ,2.888888888888889,9,"北京大学 (Peking University), Beijing, China",23 May 2023,Yixiao Wang,39.9938,116.3103,China,False,ML629751361,P1
147430771,demcra1,Anthropoides virgo,アネハヅル,3.3333333333333335,3,"Sheikh Khalifa Houbara Breeding Center (restricted access), Ongtüstik Qazaqstan oblysy, Kazakhstan",26 Mar 2019,Armando Barbosa,42.9785,69.5138,Kazakhstan,False,ML147430771,P1
199354971,demcra1,Anthropoides virgo,アネハヅル,4.0,2,"Khichan, crane feeding area, Jodhpur, Rajasthan, India",15 Nov 2018,Roozbeh Gazdar,27.1338,72.41,India,False,ML199354971,P1
199355011,demcra1,Anthropoides virgo,アネハヅル,3.5,2,"Khichan, crane feeding area, Jodhpur, Rajasthan, India",15 Nov 2018,Roozbeh Gazdar,27.1338,72.41,India,False,ML199355011,P1
203923521,demcra1,Anthropoides virgo,アネハヅル,4.0,4,"Nawa Talao Lake, Surendranagar, Gujarat, India",18 Feb 2011,Josep del Hoyo,23.2062,71.738,India,False,ML203923521,P1
203923531,demcra1,Anthropoides virgo,アネハヅル,4.0,4,"Nawa Talao Lake, Surendranagar, Gujarat, India",18 Feb 2011,Josep del Hoyo,23.2062,71.738,India,False,ML203923531,P1
203923831,demcra1,Anthropoides virgo,アネハヅル,4.0,4,"Khara Kharra Tanks, Jodhpur, Rajasthan, India",23 Feb 2011,Josep del Hoyo,27.0282,72.1268,India,False,ML203923831,P1
203923871,demcra1,Anthropoides virgo,アネハヅル,4.0,4,"Khichan, Jodhpur, Rajasthan, India",23 Feb 2011,Josep del Hoyo,27.1348,72.4138,India,False,ML203923871,P1
203923881,demcra1,Anthropoides virgo,アネハヅル,4.0,4,"Khichan, Jodhpur, Rajasthan, India",23 Feb 2011,Josep del Hoyo,27.1348,72.4138,India,False,ML203923881,P1
203923891,demcra1,Anthropoides virgo,アネハヅル,4.0,4,"Khichan, Jodhpur, Rajasthan, India",23 Feb 2011,Josep del Hoyo,27.1348,72.4138,India,False,ML203923891,P1
203926171,demcra1,Anthropoides virgo,アネハヅル,4.333333333333333,6,"Tal Chhapar Sanctuary, Churu, Rajasthan, India",24 Feb 2011,Josep del Hoyo,27.7966,74.4326,India,False,ML203926171,P1
204024101,demcra1,Anthropoides virgo,アネハヅル,4.0,8,"Porbandar, Porbandar, Gujarat, India",27 Dec 2010,Alok Tewari,21.6473,69.6276,India,False,ML204024101,P1
204025941,demcra1,Anthropoides virgo,アネハヅル,3.6666666666666665,6,"Jamnagar District (22.4783, 70.0529), Jamnagar, Gujarat, India",27 Dec 2010,Alok Tewari,22.4783,70.0529,India,False,ML204025941,P1
204025951,demcra1,Anthropoides virgo,アネハヅル,3.857142857142857,7,"Porbandar, Porbandar, Gujarat, India",27 Dec 2010,Alok Tewari,21.6473,69.6276,India,False,ML204025951,P1
204791,demcra1,Anthropoides virgo,アネハヅル,2.0,4,"Tal Chhapar Reserve, Rajasthan, India",15 Mar 2015,Taksh Sangwan,27.79,74.43,India,False,ML204791,P1
211511091,demcra1,Anthropoides virgo,アネハヅル,3.5,2,"Nanodara, Gujarat, IN (22.817, 72.185), Ahmedabad, Gujarat, India",16 Feb 2020,Ashwin Viswanathan,22.8168,72.185,India,False,ML211511091,P1
281832761,demcra1,Anthropoides virgo,アネハヅル,4.0,2,"Mokarsagar--Gosabara Coast, Porbandar, Gujarat, India",19 Nov 2020,Esha Munshi,21.5361,69.7115,India,False,ML281832761,P1
299835511,demcra1,Anthropoides virgo,アネハヅル,4.5,2,"Khichan--Vijaysagar Lake, Jodhpur, Rajasthan, India",23 Nov 2020,Mike Prince,27.1384,72.4158,India,False,ML299835511,P1
314010121,demcra1,Anthropoides virgo,アネハヅル,2.0,1,"Мынбаево, Almaty, Kazakhstan",19 Apr 2009,Vadim Ivushkin,43.2867,76.4533,Kazakhstan,False,ML314010121,P1
315322311,demcra1,Anthropoides virgo,アネハヅル,2.0,1,"Karanja Backwaters--Ranjolkheni ಕಾರಂಜಾ ಹಿನ್ನೀರು--ರಂಜೋಳಖೇಣಿ, Bidar, Karnataka, India",22 Feb 2021,Sahana M,17.806,77.311,India,False,ML315322311,P1
365519521,demcra1,Anthropoides virgo,アネハヅル,3.0,1,"Akrotiri Salt Lake (Limassol Salt Lake), Lemesos, Cyprus",31 Aug 2021,Alexander Hagge,34.6178,32.9751,Cyprus,False,ML365519521,P1
381906541,demcra1,Anthropoides virgo,アネハヅル,3.5,2,"Sonariya Lake, Bhavnagar, Gujarat, India",23 Oct 2021,Nosherwan Sethna,21.6808,72.2595,India,False,ML381906541,P1
381906561,demcra1,Anthropoides virgo,アネハヅル,4.0,2,"Sonariya Lake, Bhavnagar, Gujarat, India",23 Oct 2021,Nosherwan Sethna,21.6808,72.2595,India,False,ML381906561,P1
396135851,demcra1,Anthropoides virgo,アネハヅル,4.0,2,"Khichan--Demoiselle Crane Feeding Station, Jodhpur, Rajasthan, India",15 Dec 2021,Nosherwan Sethna,27.1335,72.4099,India,False,ML396135851,P1
396135931,demcra1,Anthropoides virgo,アネハヅル,4.5,2,"Khichan--Demoiselle Crane Feeding Station, Jodhpur, Rajasthan, India",15 Dec 2021,Nosherwan Sethna,27.1335,72.4099,India,False,ML396135931,P1
396135941,demcra1,Anthropoides virgo,アネハヅル,5.0,2,"Khichan--Demoiselle Crane Feeding Station, Jodhpur, Rajasthan, India",15 Dec 2021,Nosherwan Sethna,27.1335,72.4099,India,False,ML396135941,P1
396135951,demcra1,Anthropoides virgo,アネハヅル,3.5,2,"Khichan--Demoiselle Crane Feeding Station, Jodhpur, Rajasthan, India",15 Dec 2021,Nosherwan Sethna,27.1335,72.4099,India,False,ML396135951,P1
403557281,demcra1,Anthropoides virgo,アネハヅル,4.666666666666667,3,"Unnamed Road, Kumagad, Maharashtra, IN (20.965, 77.594), Amravati, Maharashtra, India",27 Jan 2021,Shubham Giri,20.9652,77.5939,India,False,ML403557281,P1
417499801,demcra1,Anthropoides virgo,アネハヅル,3.0,1,"Kumagad, Maharashtra, IN (20.962, 77.592), Amravati, Maharashtra, India",12 Feb 2022,Adv. Rajmeher Nishane,20.9622,77.5918,India,False,ML417499801,P1
426838141,demcra1,Anthropoides virgo,アネハヅル,3.5,2,"Vadla Dam (Sukhdisar Bird Migration Point), Surendranagar, Gujarat, India",23 Jan 2022,Vyom Vyas,22.9139,71.9715,India,False,ML426838141,P1
426838151,demcra1,Anthropoides virgo,アネハヅル,4.0,2,"Vadla Dam (Sukhdisar Bird Migration Point), Surendranagar, Gujarat, India",23 Jan 2022,Vyom Vyas,22.9139,71.9715,India,False,ML426838151,P1
453662081,demcra1,Anthropoides virgo,アネハヅル,3.0,1,"Karanja Reservoir ಕಾರಂಜಾ ಜಲಾಶಯ, ಬೀದರ, Bidar, Karnataka, India",19 Feb 2022,Nitin Srinivasa Murthy,17.8577,77.3294,India,False,ML453662081,P1
480041201,demcra1,Anthropoides virgo,アネハヅル,4.1,10,"Atakent Sitesi, İncek, Ankara, Türkiye",1 Sep 2022,Kuzey Cem Kulaçoğlu,39.8271,32.7425,Türkiye,False,ML480041201,P1
486956291,demcra1,Anthropoides virgo,アネハヅル,4.5,2,"Bayan Lake, Bayannuur, Bulgan, MN, Bulgan, Mongolia",24 May 2022,Patrick Franke,47.8502,104.3157,Mongolia,False,ML486956291,P1
486956301,demcra1,Anthropoides virgo,アネハヅル,5.0,2,"Bayan Lake, Bayannuur, Bulgan, MN, Bulgan, Mongolia",24 May 2022,Patrick Franke,47.8502,104.3157,Mongolia,False,ML486956301,P1
486956311,demcra1,Anthropoides virgo,アネハヅル,4.5,2,"Bayan Lake, Bayannuur, Bulgan, MN, Bulgan, Mongolia",24 May 2022,Patrick Franke,47.8502,104.3157,Mongolia,False,ML486956311,P1
490342781,demcra1,Anthropoides virgo,アネハヅル,4.0,3,"Tal Chhapar Sanctuary, Churu, Rajasthan, India",2 Dec 2017,Desmond Lobo,27.7966,74.4326,India,False,ML490342781,P1
497972751,demcra1,Anthropoides virgo,アネハヅル,4.0,2,"Khichan, Jodhpur, Rajasthan, India",6 Oct 2022,SOVON PARBAT,27.1348,72.4138,India,False,ML497972751,P1
522152871,demcra1,Anthropoides virgo,アネハヅル,2.0,1,"Vadla Dam (Sukhdisar Bird Migration Point), Surendranagar, Gujarat, India",8 Jan 2023,Birds & Habitat Explorer,22.9139,71.9715,India,False,ML522152871,P1
522153161,demcra1,Anthropoides virgo,アネハヅル,3.5,2,"Vadla Dam (Sukhdisar Bird Migration Point), Surendranagar, Gujarat, India",8 Jan 2023,Birds & Habitat Explorer,22.9139,71.9715,India,False,ML522153161,P1
522405191,demcra1,Anthropoides virgo,アネハヅル,4.0,2,"Vadala Dam, Surendranagar, Gujarat, India",8 Jan 2023,Vyom Vyas,22.9139,71.9715,India,False,ML522405191,P1
530103081,demcra1,Anthropoides virgo,アネハヅル,2.0,1,"Asalgam, Gujarat, IN (22.913, 72.087), Ahmedabad, Gujarat, India",24 Jan 2023,Sudip Simha,22.9127,72.087,India,False,ML530103081,P1
530700621,demcra1,Anthropoides virgo,アネハヅル,3.0,2,"Nalsarovar Outskirts, Ahmedabad, Gujarat, India",29 Jan 2023,Vishal Mistry,22.8235,72.0592,India,False,ML530700621,P1
530800681,demcra1,Anthropoides virgo,アネハヅル,4.0,2,"Akrotiri (Ακρωτήρι) Gravel Pits, Lemesos, Cyprus",23 Apr 2022,Marcin Sołowiej,34.6114,32.9345,Cyprus,False,ML530800681,P1
531486711,demcra1,Anthropoides virgo,アネハヅル,4.5,2,"Khichan--Vijaysagar Lake, Jodhpur, Rajasthan, India",18 Jan 2023,Guy Kirwan,27.1384,72.4158,India,False,ML531486711,P1
541000591,demcra1,Anthropoides virgo,アネハヅル,3.0,2,"Little Rann of Kachchh--Nava Talav, Surendranagar, Gujarat, India",24 Feb 2023,Ashwin Viswanathan,23.2076,71.739,India,False,ML541000591,P1
547036541,demcra1,Anthropoides virgo,アネハヅル,4.0,2,"Little Rann of Kachchh--Nava Talav, Surendranagar, Gujarat, India",24 Feb 2023,Ramit Singal,23.2076,71.739,India,False,ML547036541,P1
551674921,demcra1,Anthropoides virgo,アネハヅル,4.0,2,"Pachdhar Reservoir--Deodongri, Betul, Madhya Pradesh, India",4 Feb 2023,Karthik Thrikkadeeri,21.6672,78.0641,India,False,ML551674921,P1
551674931,demcra1,Anthropoides virgo,アネハヅル,3.0,2,"Pachdhar Reservoir--Deodongri, Betul, Madhya Pradesh, India",4 Feb 2023,Karthik Thrikkadeeri,21.6672,78.0641,India,False,ML551674931,P1
551674941,demcra1,Anthropoides virgo,アネハヅル,4.0,2,"Pachdhar Reservoir--Deodongri, Betul, Madhya Pradesh, India",4 Feb 2023,Karthik Thrikkadeeri,21.6672,78.0641,India,False,ML551674941,P1
552024841,demcra1,Anthropoides virgo,アネハヅル,3.5,2,"Pachdhar Reservoir--Deodongri, Betul, Madhya Pradesh, India",4 Feb 2023,Sahana M,21.6672,78.0641,India,False,ML552024841,P1
577724111,demcra1,Anthropoides virgo,アネハヅル,2.0,2,"Black Buck Lodge, Bhavnagar, Gujarat, India",20 Feb 2023,Derek Heins,22.0334,71.9492,India,False,ML577724111,P1
588558271,demcra1,Anthropoides virgo,アネハヅル,2.5,2,"Tselinograd KZ-Tselinograd (50.6996,70.0623), Aqmola oblysy, Kazakhstan",29 May 2023,Peter Boesman,50.6996,70.0623,Kazakhstan,False,ML588558271,P1
592560731,demcra1,Anthropoides virgo,アネハヅル,4.5,2,"RU-Republic of Buryatia-Ivolginskiy rayon (51.5700,107.0123), Buryatia, Russia",18 Jun 2017,Nathan Pieplow,51.57,107.0123,Russia,False,ML592560731,P1
607453171,demcra1,Anthropoides virgo,アネハヅル,3.0,3,"Karaköprü mevkii, Çankırı, Türkiye",26 Aug 2023,Cihan Babuccu,40.6219,33.6002,Türkiye,False,ML607453171,P1
609057859,demcra1,Anthropoides virgo,アネハヅル,3.5,2,"Rajasthan; Keechan, Nagaur, Rajasthan, India",1 Jan 1996,Bram Demeulemeester,26.6,73.9,India,False,ML609057859,P1
609066140,demcra1,Anthropoides virgo,アネハヅル,3.5,2,"Gujarat; Mahadeviya, Jamnagar, Devbhumi Dwarka, Gujarat, India",28 Nov 2007,Paul Holt,22.203,69.27,India,False,ML609066140,P1
614129638,demcra1,Anthropoides virgo,アネハヅル,4.0,2,"Lunkaransar Salt Lake, Bikaner, Rajasthan, India",28 Jan 2024,Sanjiv Khanna,28.499,73.749,India,False,ML614129638,P1
614129658,demcra1,Anthropoides virgo,アネハヅル,3.5,2,"Lunkaransar Salt Lake, Bikaner, Rajasthan, India",28 Jan 2024,Sanjiv Khanna,28.499,73.749,India,False,ML614129658,P1
615204043,demcra1,Anthropoides virgo,アネハヅル,3.5,2,"Guda Vishnoi Conservation Reserve, Jodhpur, Rajasthan, India",6 Feb 2024,Michael O'Brien,26.1342,73.1039,India,False,ML615204043,P1
615204046,demcra1,Anthropoides virgo,アネハヅル,2.5,2,"Guda Vishnoi Conservation Reserve, Jodhpur, Rajasthan, India",6 Feb 2024,Michael O'Brien,26.1342,73.1039,India,False,ML615204046,P1
620773957,demcra1,Anthropoides virgo,アネハヅル,4.0,2,"Khichan--Demoiselle Crane Feeding Station, Jodhpur, Rajasthan, India",26 Jan 2024,Brett Hartl,27.1335,72.4099,India,False,ML620773957,P1
620773958,demcra1,Anthropoides virgo,アネハヅル,2.5,2,"Khichan--Demoiselle Crane Feeding Station, Jodhpur, Rajasthan, India",26 Jan 2024,Brett Hartl,27.1335,72.4099,India,False,ML620773958,P1
621302849,demcra1,Anthropoides virgo,アネハヅル,4.333333333333333,3,"Auto selected 48.28443, 110.49451, Hentiy, Mongolia",26 May 2024,Vyom Vyas,48.2844,110.4945,Mongolia,False,ML621302849,P1
627546923,demcra1,Anthropoides virgo,アネハヅル,4.0,2,"Sachana Beach, Jamnagar, Gujarat, India",28 Nov 2024,Hiren Khambhayta,22.5827,70.1908,India,False,ML627546923,P1
627546924,demcra1,Anthropoides virgo,アネハヅル,4.0,1,"Sachana Beach, Jamnagar, Gujarat, India",28 Nov 2024,Hiren Khambhayta,22.5827,70.1908,India,False,ML627546924,P1
629986544,demcra1,Anthropoides virgo,アネハヅル,2.0,1,"Kava Lake, Latur, Maharashtra, India",1 Feb 2025,Shubham Giri,18.3677,76.5808,India,False,ML629986544,P1
630955963,demcra1,Anthropoides virgo,アネハヅル,4.0,2,"SH 135, Ahmedabad IN-Gujarat 22.83164, 72.11559, Ahmedabad, Gujarat, India",5 Feb 2025,John Cooper,22.8316,72.1156,India,False,ML630955963,P1
63308961,demcra1,Anthropoides virgo,アネハヅル,4.5,2,"RU-Republic of Buryatia-Ivolginskiy rayon (51.5700,107.0123), Buryatia, Russia",18 Jun 2017,Andrew Spencer,51.57,107.0123,Russia,False,ML63308961,P1
633911790,demcra1,Anthropoides virgo,アネハヅル,0.0,0,"Khichan--Demoiselle Crane Feeding Station, Jodhpur, Rajasthan, India",2 Dec 2017,Desmond Lobo,27.1335,72.4099,India,False,ML633911790,P1
633911791,demcra1,Anthropoides virgo,アネハヅル,2.0,1,"Khichan--Demoiselle Crane Feeding Station, Jodhpur, Rajasthan, India",2 Dec 2017,Desmond Lobo,27.1335,72.4099,India,False,ML633911791,P1
640352636,demcra1,Anthropoides virgo,アネハヅル,3.0,1,"Steppe Nomads Camp, Gun Galuut NR, Khentii, MN, Hentiy, Mongolia",2 Aug 2025,Peter Kaestner,47.6066,108.399,Mongolia,False,ML640352636,P1
640752518,demcra1,Anthropoides virgo,アネハヅル,4.5,2,"Kapshi Talav, Akola, Maharashtra, India",30 Jan 2019,Samish Dhongle,20.584,76.9621,India,False,ML640752518,P1
640994278,demcra1,Anthropoides virgo,アネハヅル,5.0,1,"Naranbulag Soum, Uvs Nuur S shore, Uvs, Mongolia",18 Jul 2010,Tristan McKnight,49.9902,92.6082,Mongolia,False,ML640994278,P1
643606572,demcra1,Anthropoides virgo,アネハヅル,5.0,1,"Gun Galuut NR, Ulaanbaatar, Mongolia",25 May 2025,manuel Oudard,47.6326,108.3028,Mongolia,False,ML643606572,P1
646243083,demcra1,Anthropoides virgo,アネハヅル,0.0,0,"Avaniya Lake, Bhavnagar, Gujarat, India",27 Nov 2025,Laksh Joshipura,21.7077,72.217,India,False,ML646243083,P1
647276552,demcra1,Anthropoides virgo,アネハヅル,0.0,0,"Khichan--Vijaysagar Lake, Jodhpur, Rajasthan, India",10 Dec 2025,Pavan M (PavanInNature),27.1384,72.4158,India,False,ML647276552,P1
647668818,demcra1,Anthropoides virgo,アネハヅル,0.0,0,"Khichan--Demoiselle Crane Feeding Station, Jodhpur, Rajasthan, India",9 Feb 2025,Sathyan Meppayur,27.1335,72.4099,India,False,ML647668818,P1
648207587,demcra1,Anthropoides virgo,アネハヅル,1.0,1,"Vadla Dam (Sukhdisar Bird Migration Point), Surendranagar, Gujarat, India",2 Jan 2026,Dhruva Punde,22.9139,71.9715,India,False,ML648207587,P1
649392704,demcra1,Anthropoides virgo,アネハヅル,4.0,1,"Bayan Lake, Bayannuur, Bulgan, MN, Bulgan, Mongolia",23 May 2022,Patrick Franke,47.8502,104.3157,Mongolia,False,ML649392704,P1
649392705,demcra1,Anthropoides virgo,アネハヅル,2.0,1,"Bayan Lake, Bayannuur, Bulgan, MN, Bulgan, Mongolia",23 May 2022,Patrick Franke,47.8502,104.3157,Mongolia,False,ML649392705,P1
649776968,demcra1,Anthropoides virgo,アネハヅル,3.0,1,"Asalgam, Ahmedabad, Gujarat, India",25 Jan 2026,Nishant Bhagwat,22.8984,72.099,India,False,ML649776968,P1
649776969,demcra1,Anthropoides virgo,アネハヅル,4.0,1,"Asalgam, Ahmedabad, Gujarat, India",25 Jan 2026,Nishant Bhagwat,22.8984,72.099,India,False,ML649776969,P1
649776970,demcra1,Anthropoides virgo,アネハヅル,4.0,1,"Asalgam, Ahmedabad, Gujarat, India",25 Jan 2026,Nishant Bhagwat,22.8984,72.099,India,False,ML649776970,P1
650603139,demcra1,Anthropoides virgo,アネハヅル,0.0,0,"Elsen Tasarkhai, Bulgan, Mongolia",18 Sep 2025,Eneko Azkue,47.3342,103.6777,Mongolia,False,ML650603139,P1
107122331,doveki,Alle alle,ヒメウミスズメ,3.48,25,"Bellsund Little Auk cliffs, Svalbard, Svalbard",4 Jul 2018,Adam Dudley,77.7561,14.4544,Svalbard,False,ML107122331,P1
137297,doveki,Alle alle,ヒメウミスズメ,3.84,25,"Spitsbergen; Hornsund Fjord , Svalbard",Jul 2008,Nina Karnovsky,76.9882,15.9329,Svalbard,False,ML137297,P1
203918731,doveki,Alle alle,ヒメウミスズメ,3.6538461538461537,26,"Spitsbergen (78.2102, 15.3408), Svalbard, Svalbard",6 Jul 2018,Josep del Hoyo,78.2102,15.3408,Svalbard,False,ML203918731,P1
300604201,doveki,Alle alle,ヒメウミスズメ,1.2916666666666667,24,"Fuglesongen, Svalbard, Svalbard",30 Jun 2012,Santiago Imberti,79.8382,11.3518,Svalbard,False,ML300604201,P1
590331781,doveki,Alle alle,ヒメウミスズメ,1.6521739130434783,23,"Little Island Park, Virginia Beach, Virginia, United States",17 Jan 2021,Andrew Rapp,36.6939,-75.9243,United States,False,ML590331781,P1
620821617,doveki,Alle alle,ヒメウミスズメ,3.6470588235294117,17,"Ingeborgfjellet, Svalbard, Svalbard",8 Jun 2024,steve b,77.7558,14.4621,Svalbard,False,ML620821617,P1
629733713,doveki,Alle alle,ヒメウミスズメ,4.5,16,"Vestpynten--alkekongekoloni, Svalbard, Svalbard",11 Jun 2019,Krzysztof Ostrowski,78.2369,15.3362,Svalbard,False,ML629733713,P1
638968325,doveki,Alle alle,ヒメウミスズメ,0.0,0,"Stortebeckersundet, Svalbard, Svalbard",22 Jun 2025,William Clark,79.5608,11.0638,Svalbard,False,ML638968325,P1
645729631,doveki,Alle alle,ヒメウミスズメ,0.0,0,"Marystown-- Northwest Trail area, Burin Peninsula-Marystown, Newfoundland and Labrador, Canada",23 Nov 2025,Brandon Collins,47.184,-55.2474,Canada,False,ML645729631,P1
646517830,doveki,Alle alle,ヒメウミスズメ,3.0,1,"Fuglesongen, Svalbard, Svalbard",18 Jul 2011,Tom Bedford,79.8382,11.3518,Svalbard,False,ML646517830,P1
647292548,doveki,Alle alle,ヒメウミスズメ,5.0,1,"Burin Peninsula--Frenchman's Cove, Burin Peninsula-Marystown, Newfoundland and Labrador, Canada",21 Dec 2025,Brandon Collins,47.2116,-55.4126,Canada,False,ML647292548,P1
124573831,dusthr1,Turdus naumanni,ハチジョウツグミ,2.6,5,"서울--남산야외식물원(Seoul--Namsan Mountain Park), Seoul, South Korea",15 Nov 2018,Marshall Iliff,37.5515,126.9878,South Korea,True,ML124573831,P1
145841761,dusthr1,Turdus naumanni,ハチジョウツグミ,4.2,5,"RU-Sakha-Neryungri (62.1126,129.2887), Sakha, Russia",24 Jun 2017,Andrew Spencer,62.1126,129.2887,Russia,False,ML145841761,P1
145842021,dusthr1,Turdus naumanni,ハチジョウツグミ,4.2,5,"RU-Sakha-Neryungri (62.1099,129.2950), Sakha, Russia",24 Jun 2017,Andrew Spencer,62.1099,129.295,Russia,False,ML145842021,P1
199847891,dusthr1,Turdus naumanni,ハチジョウツグミ,3.0,5,"十三陵水库 (Ming Tombs Reservoir), Beijing, China",16 Jan 2020,Steve Bale,40.2606,116.2608,China,False,ML199847891,P1
217242421,dusthr1,Turdus naumanni,ハチジョウツグミ,4.5,6,"八大处公园 (Badachu Park), Beijing, China",26 Jan 2020,PT xiao,39.9628,116.1832,China,False,ML217242421,P1
231179,dusthr1,Turdus naumanni,ハチジョウツグミ,2.0,4,"Vicinity of Yakutsk, Sakha, Russia",24 Jun 2017,Bob McGuire,62.1126,129.2887,Russia,False,ML231179,P1
231201,dusthr1,Turdus naumanni,ハチジョウツグミ,2.0,4,"Vicinity of Yakutsk, Sakha, Russia",24 Jun 2017,Bob McGuire,62.1126,129.2887,Russia,False,ML231201,P1
231223,dusthr1,Turdus naumanni,ハチジョウツグミ,3.0,4,"Vicinity of Yakutsk, Sakha, Russia",25 Jun 2017,Bob McGuire,62.0827,129.2833,Russia,False,ML231223,P1
233172,dusthr1,Turdus naumanni,ハチジョウツグミ,3.0,5,"Vicinity of Yakutsk, Sakha, Russia",4 Jul 2017,Bob McGuire,62.0738,129.269,Russia,False,ML233172,P1
274588281,dusthr1,Turdus naumanni,ハチジョウツグミ,2.2,5,"南汇东滩 (Nanhui Dongtan), Shanghai, China",25 Oct 2020,Ray Tsu 诸 仁,30.9184,121.9774,China,False,ML274588281,P1
275456771,dusthr1,Turdus naumanni,ハチジョウツグミ,2.2,5,"上海中学 (Shanghai High School), Shanghai, China",29 Oct 2020,Kevin Cheng,31.1411,121.4335,China,False,ML275456771,P1
281225691,dusthr1,Turdus naumanni,ハチジョウツグミ,4.5,6,"서울--북서울꿈의숲(Seoul--Dream Forest), Seoul, South Korea",5 Dec 2019,Jina Yi,37.622,127.0394,South Korea,True,ML281225691,P1
281229171,dusthr1,Turdus naumanni,ハチジョウツグミ,3.6,5,"서울--창경궁(Seoul--Changgyeonggung), Seoul, South Korea",20 Nov 2020,Jina Yi,37.5781,126.9952,South Korea,True,ML281229171,P1
305778791,dusthr1,Turdus naumanni,ハチジョウツグミ,3.0,5,"清水河, Beijing, China",6 Feb 2021,(Ai)Tao Liu,40.5131,117.1345,China,False,ML305778791,P1
305780151,dusthr1,Turdus naumanni,ハチジョウツグミ,4.2,5,"Auto selected 40.54132, 117.08148, Beijing, China",6 Feb 2021,(Ai)Tao Liu,40.5413,117.0815,China,False,ML305780151,P1
326552601,dusthr1,Turdus naumanni,ハチジョウツグミ,2.8,5,"老铁山 (Laotieshan), Liaoning, China",10 Feb 2012,Tom Beeke,38.7302,121.1524,China,False,ML326552601,P1
392665621,dusthr1,Turdus naumanni,ハチジョウツグミ,2.4,5,"北京植物园 (Beijing Botanical Garden), Beijing, China",2 Dec 2021,Xingyu Li,39.9991,116.2092,China,False,ML392665621,P1
409502081,dusthr1,Turdus naumanni,ハチジョウツグミ,3.2,5,"台北金山--六股(Jinshan--Liugu), New Taipei City, Taiwan",24 Jan 2022,u7 Liao,25.2254,121.625,Taiwan,False,ML409502081,P1
541610311,dusthr1,Turdus naumanni,ハチジョウツグミ,4.4,5,"台北金山--金山青年活動中心(Jinshan--Jinshan Youth Activity Center), New Taipei City, Taiwan",3 Mar 2023,RIIO LU,25.2263,121.6422,Taiwan,False,ML541610311,P1
609975698,dusthr1,Turdus naumanni,ハチジョウツグミ,3.0,3,"RU-Sakha-Neryungri (62.1126,129.2887), Sakha, Russia",24 Jun 2017,Nathan Pieplow,62.1126,129.2887,Russia,False,ML609975698,P1
609975910,dusthr1,Turdus naumanni,ハチジョウツグミ,3.0,3,"RU-Sakha-Neryungri (62.1126,129.2887), Sakha, Russia",24 Jun 2017,Nathan Pieplow,62.1126,129.2887,Russia,False,ML609975910,P1
609978692,dusthr1,Turdus naumanni,ハチジョウツグミ,3.6666666666666665,3,"RU-Sakha-Neryungri (62.1099,129.2950), Sakha, Russia",24 Jun 2017,Nathan Pieplow,62.1099,129.295,Russia,False,ML609978692,P1
609978693,dusthr1,Turdus naumanni,ハチジョウツグミ,3.6666666666666665,3,"RU-Sakha-Neryungri (62.1099,129.2950), Sakha, Russia",24 Jun 2017,Nathan Pieplow,62.1099,129.295,Russia,False,ML609978693,P1
610229505,dusthr1,Turdus naumanni,ハチジョウツグミ,2.3333333333333335,3,"RU-Sakha-Neryungri (62.0827,129.2833), Sakha, Russia",25 Jun 2017,Nathan Pieplow,62.0827,129.2833,Russia,False,ML610229505,P1
610229517,dusthr1,Turdus naumanni,ハチジョウツグミ,3.25,4,"RU-Sakha-Neryungri (62.0827,129.2833), Sakha, Russia",25 Jun 2017,Nathan Pieplow,62.0827,129.2833,Russia,False,ML610229517,P1
611616135,dusthr1,Turdus naumanni,ハチジョウツグミ,3.75,4,"Yi O 二澳, Hong Kong, Hong Kong",27 Nov 2023,Robert Hackel,22.2278,113.8483,Hong Kong,False,ML611616135,P1
612366067,dusthr1,Turdus naumanni,ハチジョウツグミ,3.75,4,"RU-Sakha-Neryungri (62.0775,129.2475), Sakha, Russia",4 Jul 2017,Nathan Pieplow,62.0775,129.2475,Russia,False,ML612366067,P1
614175209,dusthr1,Turdus naumanni,ハチジョウツグミ,3.75,4,"RU-Sakha-Neryungri (62.0747,129.2225), Sakha, Russia",4 Jul 2017,Nathan Pieplow,62.0747,129.2225,Russia,False,ML614175209,P1
622347298,dusthr1,Turdus naumanni,ハチジョウツグミ,2.3333333333333335,3,"창원--주남저수지(Changwon--Junam Reservoir), Gyeongsangnam-do, South Korea",8 Jan 2024,Ashley Hopkins,35.3148,128.6751,South Korea,True,ML622347298,P1
630958729,dusthr1,Turdus naumanni,ハチジョウツグミ,2.3333333333333335,3,"台北--貢寮運動公園(Taipei--Gongliao Sports Park), New Taipei City, Taiwan",16 Feb 2025,Y-Lin Qiu,25.0288,121.93,Taiwan,False,ML630958729,P1
632233111,dusthr1,Turdus naumanni,ハチジョウツグミ,4.25,4,"北京植物园 (Beijing Botanical Garden), Beijing, China",17 Nov 2024,Pam Rasmussen,39.9991,116.2092,China,False,ML632233111,P1
63305051,dusthr1,Turdus naumanni,ハチジョウツグミ,3.75,4,"RU-Sakha-Neryungri (62.0827,129.2833), Sakha, Russia",25 Jun 2017,Andrew Spencer,62.0827,129.2833,Russia,False,ML63305051,P1
646829759,dusthr1,Turdus naumanni,ハチジョウツグミ,3.0,1,"五常湿地 (Wuchang Wetlands), Zhejiang, China",13 Dec 2025,Penghui Lou,30.2603,120.0249,China,False,ML646829759,P1
204011641,eapwhy1,Vidua paradisaea,ホウオウジャク,3.8,5,"Awash NP (Please use more specific hotspot), Afar, Ethiopia",27 Oct 2010,Martin Kennewell,8.9295,40.0619,Ethiopia,False,ML204011641,P1
275449,eapwhy1,Vidua paradisaea,ホウオウジャク,3.6,5,"Pretoriuskop area, Kruger National Park, Mpumalanga, South Africa",13 Feb 2013,Peter Boesman,-25.167,31.2688,South Africa,False,ML275449,P1
278205,eapwhy1,Vidua paradisaea,ホウオウジャク,3.2,5,,22 Nov 2016,Peter Boesman,0.0,0.0,,False,ML278205,P1
278206,eapwhy1,Vidua paradisaea,ホウオウジャク,2.8,5,,22 Nov 2016,Peter Boesman,0.0,0.0,,False,ML278206,P1
28128281,eapwhy1,Vidua paradisaea,ホウオウジャク,4.0,6,"Awash NP--southern section, Afar, Ethiopia",25 Dec 2014,Andrew Spencer,8.8607,40.0569,Ethiopia,False,ML28128281,P1
31373861,eapwhy1,Vidua paradisaea,ホウオウジャク,3.8,5,"Awash NP--southern section, Afar, Ethiopia",24 Dec 2014,Andrew Spencer,8.8607,40.0569,Ethiopia,False,ML31373861,P1
552937331,eapwhy1,Vidua paradisaea,ホウオウジャク,4.333333333333333,6,"Care of Creation Tanzania, Dodoma Urban, Dodoma, Tanzania",3 Apr 2023,Martin Tlustos,-6.1301,35.954,Tanzania,False,ML552937331,P1
552937341,eapwhy1,Vidua paradisaea,ホウオウジャク,3.8333333333333335,6,"Care of Creation Tanzania, Dodoma Urban, Dodoma, Tanzania",3 Apr 2023,Martin Tlustos,-6.1301,35.954,Tanzania,False,ML552937341,P1
608760934,eapwhy1,Vidua paradisaea,ホウオウジャク,3.6666666666666665,6,"H2-2, Kruger Park, Mpumalanga, ZA (-25.316, 31.568), Mpumalanga, South Africa",13 Mar 2023,Sahana M,-25.3164,31.5684,South Africa,False,ML608760934,P1
609054866,eapwhy1,Vidua paradisaea,ホウオウジャク,2.3333333333333335,6,"Orapa, Central, Botswana",2 Jan 2011,Pam Rasmussen,-21.32,25.36,Botswana,False,ML609054866,P1
613901987,eapwhy1,Vidua paradisaea,ホウオウジャク,3.3333333333333335,6,"Borakalalo NP, North-West, South Africa",18 Jan 2024,Niall D Perrins,-25.1392,27.8018,South Africa,False,ML613901987,P1
638935702,eapwhy1,Vidua paradisaea,ホウオウジャク,4.0,6,"Care of Creation Tanzania, Dodoma Urban, Dodoma, Tanzania",31 May 2025,Martin Tlustos,-6.1301,35.954,Tanzania,False,ML638935702,P1
231121,easmah1,Circus spilonotus,チュウヒ,2.75,28,"Orongoy, Torma Lake, Buryatia, Russia",20 Jun 2017,Bob McGuire,51.5614,106.9974,Russia,False,ML231121,P1
486955471,easmah1,Circus spilonotus,チュウヒ,3.6,15,"Bayan Lake, Bayannuur, Bulgan, MN, Bulgan, Mongolia",24 May 2022,Patrick Franke,47.8502,104.3157,Mongolia,False,ML486955471,P1
549698611,easmah1,Circus spilonotus,チュウヒ,4.0,13,"Kelantan Pasir Puteh Paddyfields, Kelantan, Malaysia",31 Dec 2022,Lim Ying Hien,5.8631,102.3573,Malaysia,False,ML549698611,P1
588083501,easmah1,Circus spilonotus,チュウヒ,3.0,8,"木曽岬町新輪--木曽岬干拓地, Kisosaki, Mie, Japan",21 Mar 2020,toshiaki sasama,35.0228,136.7621,Japan,True,ML588083501,P1
602811931,easmah1,Circus spilonotus,チュウヒ,3.0,8,"RU-Republic of Buryatia-Ivolginskiy rayon (51.5614,106.9974), Buryatia, Russia",20 Jun 2017,Nathan Pieplow,51.5614,106.9974,Russia,False,ML602811931,P1
626930862,easmah1,Circus spilonotus,チュウヒ,3.75,4,"台南七股IBA--全區(Qigu IBA), Tainan City, Taiwan",30 Nov 2024,翔鈞 梁,23.0773,120.061,Taiwan,False,ML626930862,P1
628758835,easmah1,Circus spilonotus,チュウヒ,4.25,4,"台南七股IBA--全區(Qigu IBA), Tainan City, Taiwan",4 Jan 2025,Anonymous,23.0773,120.061,Taiwan,False,ML628758835,P1
628758837,easmah1,Circus spilonotus,チュウヒ,3.8,5,"台南七股IBA--全區(Qigu IBA), Tainan City, Taiwan",4 Jan 2025,Anonymous,23.0773,120.061,Taiwan,False,ML628758837,P1
630823567,easmah1,Circus spilonotus,チュウヒ,3.0,5,"Tashgai Lake, Dornod, MN, Dornod, Mongolia",21 Jul 2022,Batmunkh Davaasuren,47.3533,118.49,Mongolia,False,ML630823567,P1
633198462,easmah1,Circus spilonotus,チュウヒ,3.6,5,"沙城湿地 (Shacheng Wetlands), Hebei, China",2 Apr 2025,Terry Townshend,40.3709,115.4656,China,False,ML633198462,P1
647824802,easmah1,Circus spilonotus,チュウヒ,0.0,0,"Khotol Lake, Numrug SPA, Khalkhgol, Dornod, MN, Dornod, Mongolia",12 Jul 2025,Batmunkh Davaasuren,46.9807,119.063,Mongolia,False,ML647824802,P1
649392391,easmah1,Circus spilonotus,チュウヒ,2.0,1,"Bayan Lake, Bayannuur, Bulgan, MN, Bulgan, Mongolia",23 May 2022,Patrick Franke,47.8502,104.3157,Mongolia,False,ML649392391,P1
158312331,eurdot,Eudromias morinellus,コバシチドリ,3.4,5,"Aberdeenshire, Scotland, United Kingdom",Unknown,Raphaël Nussbaumer,0.0,0.0,United Kingdom,False,ML158312331,P1
182828001,eurdot,Eudromias morinellus,コバシチドリ,2.5,4,"Alcántara - Las Meladas, Cáceres, Extremadura, Spain",18 Oct 2019,Sergio Mayordomo,39.6203,-6.8598,Spain,False,ML182828001,P1
203964331,eurdot,Eudromias morinellus,コバシチドリ,4.0,6,"Dovrefjell–Sunndalsfjella National Park (62.2896, 9.3247), Oppland, Norway",9 Jul 1999,Greg Baker,62.2896,9.3247,Norway,False,ML203964331,P1
234987261,eurdot,Eudromias morinellus,コバシチドリ,4.8,5,"Pendle Hill, Lancashire, England, United Kingdom",15 May 2020,Paul Holt,53.8683,-2.3061,United Kingdom,False,ML234987261,P1
235910461,eurdot,Eudromias morinellus,コバシチドリ,3.5,6,"PN Arrábida--Cabo Espichel (Área Geral), Sesimbra, Setúbal, Portugal",17 May 2020,Luís Santos,38.4176,-9.2097,Portugal,False,ML235910461,P1
235962151,eurdot,Eudromias morinellus,コバシチドリ,2.0,3,"PN Arrábida--Cabo Espichel (Área Geral), Sesimbra, Setúbal, Portugal",17 May 2020,Hélio Batista,38.4176,-9.2097,Portugal,False,ML235962151,P1
236825461,eurdot,Eudromias morinellus,コバシチドリ,2.3333333333333335,3,"PN Arrábida--Cabo Espichel (Área Geral), Sesimbra, Setúbal, Portugal",19 May 2020,Alexandre Rica Cardoso,38.4176,-9.2097,Portugal,False,ML236825461,P1
238417861,eurdot,Eudromias morinellus,コバシチドリ,3.25,8,"Gozón--Cabu Peñes RNat, Asturias, Principado de, Spain",5 Oct 2019,Daniel López-Velasco | Ornis Birding Expeditions,43.6549,-5.8525,Spain,False,ML238417861,P1
238417871,eurdot,Eudromias morinellus,コバシチドリ,2.3333333333333335,3,"Gozón--Cabu Peñes RNat, Asturias, Principado de, Spain",5 Oct 2019,Daniel López-Velasco | Ornis Birding Expeditions,43.6549,-5.8525,Spain,False,ML238417871,P1
240185,eurdot,Eudromias morinellus,コバシチドリ,3.1666666666666665,6,"Ounastunturi, Lapland, Finland",8 Jul 1982,Niels Krabbe,68.2667,23.8167,Finland,False,ML240185,P1
260397761,eurdot,Eudromias morinellus,コバシチドリ,1.25,4,"pole, Hrubčice, Olomoucký kraj, Czech Republic",5 Sep 2020,Tomáš  Oplocký,49.4445,17.2097,Czech Republic,False,ML260397761,P1
260970391,eurdot,Eudromias morinellus,コバシチドリ,2.3333333333333335,3,"PN Serras de Aire e Candeeiros--Covões Largos, Porto de Mós, Leiria, Portugal",5 Sep 2020,Samuel Conceição,39.5437,-8.7879,Portugal,False,ML260970391,P1
262654151,eurdot,Eudromias morinellus,コバシチドリ,2.0,3,"IT (45,712, 11,013), Veneto, Italy",6 Sep 2020,Julia Moning,45.7121,11.013,Italy,False,ML262654151,P1
266167811,eurdot,Eudromias morinellus,コバシチドリ,2.0,4,"Embalse de Castrejón--zona presa y dique, Toledo, Castilla-La Mancha, Spain",25 Sep 2020,Miguel Arribas Tiemblo,39.8407,-4.2943,Spain,False,ML266167811,P1
272110611,eurdot,Eudromias morinellus,コバシチドリ,1.0,3,"Oakley Disused Airfield, Buckinghamshire, England, United Kingdom",18 Oct 2020,Peter Alfrey,51.7826,-1.0754,United Kingdom,False,ML272110611,P1
288188051,eurdot,Eudromias morinellus,コバシチドリ,2.25,4,"Station du Markstein--Site de suivi de la migration du Trehkopf, Haut-Rhin, Grand Est, France",28 Aug 2020,Adrien Mauss,47.9271,7.0186,France,False,ML288188051,P1
376212351,eurdot,Eudromias morinellus,コバシチドリ,2.6666666666666665,3,"Guijo de Coria--Llanos, Cáceres, Extremadura, Spain",9 Oct 2021,Álvaro García Martín,40.0998,-6.4924,Spain,False,ML376212351,P1
465741201,eurdot,Eudromias morinellus,コバシチドリ,2.3333333333333335,3,"Highland, Scotland, United Kingdom",Unknown,David Darrell-Lambert,0.0,0.0,United Kingdom,False,ML465741201,P1
478711631,eurdot,Eudromias morinellus,コバシチドリ,1.3333333333333333,3,"Cassonsgrat, Graubünden, Switzerland",27 Aug 2022,Benjamin Manz,46.8787,9.2739,Switzerland,False,ML478711631,P1
479333961,eurdot,Eudromias morinellus,コバシチドリ,1.3333333333333333,3,"Northrepps garden, Norfolk, England, United Kingdom",27 Aug 2022,Andy Benson,52.9031,1.3404,United Kingdom,False,ML479333961,P1
479333971,eurdot,Eudromias morinellus,コバシチドリ,2.5,4,"Northrepps garden, Norfolk, England, United Kingdom",27 Aug 2022,Andy Benson,52.9031,1.3404,United Kingdom,False,ML479333971,P1
479449601,eurdot,Eudromias morinellus,コバシチドリ,1.25,4,"Pocztowa, Jeziorki, Wielkopolskie, PL (52,301, 16,598), Wielkopolskie, Poland",29 Aug 2022,Sławomir Karpicki,52.3014,16.598,Poland,False,ML479449601,P1
479853881,eurdot,Eudromias morinellus,コバシチドリ,1.0,3,"Úvaly, zahrada a okolí, Středočeský kraj, Czech Republic",28 Aug 2022,Honza Grünwald,50.0618,14.7163,Czech Republic,False,ML479853881,P1
480500411,eurdot,Eudromias morinellus,コバシチドリ,1.5,4,"44 Rue Émile Zola, Saint-Pierre-des-Corps FR-Centre (47.3888,0.7177), Indre-et-Loire, Centre-Val de Loire, France",29 Aug 2022,Clément Delaleu,47.3888,0.7177,France,False,ML480500411,P1
526093051,eurdot,Eudromias morinellus,コバシチドリ,2.25,4,"Loess Park NR שמורת טבע פארק הלס, HaDarom, Israel",20 Jan 2023,Itay Berger,31.2064,34.5869,Israel,False,ML526093051,P1
537853671,eurdot,Eudromias morinellus,コバシチドリ,3.3333333333333335,6,"Bocognano [E1207N6126], Haute-Corse, Corse, France",6 Sep 2020,Thomas ARMAND,42.0657,9.1287,France,False,ML537853671,P1
545388621,eurdot,Eudromias morinellus,コバシチドリ,1.75,4,"CASA - Camino Real, 111, Premià de Mar ES-Cataluña (41,4897,2,3613), Barcelona, Cataluña, Spain",13 Mar 2023,Alexis Camacho,41.4897,2.3613,Spain,False,ML545388621,P1
604890391,eurdot,Eudromias morinellus,コバシチドリ,3.1666666666666665,6,"La Ville Gueury (Trégueux), Côtes-d'Armor, Bretagne, France",17 Aug 2023,Sacha Balavoine,48.4924,-2.7584,France,False,ML604890391,P1
605217391,eurdot,Eudromias morinellus,コバシチドリ,1.3333333333333333,3,"Pole u Dobřichova (bývalý rybník Klenot), Středočeský kraj, Czech Republic",20 Aug 2023,Jan Studecký,50.0756,15.051,Czech Republic,False,ML605217391,P1
607215391,eurdot,Eudromias morinellus,コバシチドリ,1.6666666666666667,3,"Żurawce--fields, Lubelskie, Poland",25 Aug 2023,Paweł Szymański,50.3914,23.586,Poland,False,ML607215391,P1
608602666,eurdot,Eudromias morinellus,コバシチドリ,2.8333333333333335,6,"Sanlúcar la Mayor--Campiña, Sevilla, Andalucía, Spain",7 Sep 2023,José Manuel Reyes Páez,37.4267,-6.2562,Spain,False,ML608602666,P1
608944735,eurdot,Eudromias morinellus,コバシチドリ,2.0,3,"Causse de Sauveterre--entre Sauveterre et Mont Chabrio, Lozère, Occitanie, France",8 Sep 2023,Alain Rouge,44.4053,3.4587,France,False,ML608944735,P1
609261695,eurdot,Eudromias morinellus,コバシチドリ,3.0,4,"Porto--Parque Natural Lago de Sanabria y Sierras  de Segundera y Alrededores, Zamora, Castilla y León, Spain",25 Sep 2023,Manuel Segura Herrero,42.0671,-6.7971,Spain,False,ML609261695,P1
614191955,eurdot,Eudromias morinellus,コバシチドリ,2.75,4,"Valdresflye--DNT Flye 1389 cafe, Oppland, Norway",27 Jun 2010,Éric Francois Roualet,61.3897,8.8113,Norway,False,ML614191955,P1
616888191,eurdot,Eudromias morinellus,コバシチドリ,2.5,4,"Maracena, Granada, Andalucía, Spain",19 Sep 2023,Javier Gómez González,37.2075,-3.6341,Spain,False,ML616888191,P1
617931483,eurdot,Eudromias morinellus,コバシチドリ,2.6666666666666665,3,"mi casa, A Coruña, Galicia, Spain",25 Apr 2024,Ricardo Hevia,43.7411,-7.8671,Spain,False,ML617931483,P1
619096207,eurdot,Eudromias morinellus,コバシチドリ,2.3333333333333335,3,"Bignor Hill, West Sussex, England, United Kingdom",15 May 2024,Matt Phelps,50.9073,-0.6165,United Kingdom,False,ML619096207,P1
622063234,eurdot,Eudromias morinellus,コバシチドリ,2.5,4,"Loess Park NR שמורת טבע פארק הלס, HaDarom, Israel",20 Jan 2023,Itay Berger,31.2064,34.5869,Israel,False,ML622063234,P1
623180145,eurdot,Eudromias morinellus,コバシチドリ,1.0,2,"Parco Lessinia--Rifugio Castelberto (Veneto), Veneto, Italy",31 Aug 2024,Gianluca Cicinelli,45.7102,11.0124,Italy,False,ML623180145,P1
623206452,eurdot,Eudromias morinellus,コバシチドリ,3.0,1,"Górki, Kujawsko-pomorskie, Polska, Kujawsko-pomorskie, Poland",31 Aug 2024,Michal Radziszewski,52.6972,18.1569,Poland,False,ML623206452,P1
623431264,eurdot,Eudromias morinellus,コバシチドリ,1.0,1,"Mohyla míru a okolí, Jihomoravský kraj, Czech Republic",5 Sep 2024,Marek Brabec,49.1275,16.7632,Czech Republic,False,ML623431264,P1
623632771,eurdot,Eudromias morinellus,コバシチドリ,1.0,2,"Jenaer Forst (NSG), Jena, Thüringen, Germany",31 Aug 2024,Leo Wilhelm,50.9112,11.5341,Germany,False,ML623632771,P1
623713259,eurdot,Eudromias morinellus,コバシチドリ,2.0,2,"Gallecs EIN--Camí dels Bandolers, Barcelona, Cataluña, Spain",12 Sep 2024,Lluís Estrada Cid,41.5534,2.192,Spain,False,ML623713259,P1
624165136,eurdot,Eudromias morinellus,コバシチドリ,2.5,2,"El Saso, Belchite, Aragón, ES, Zaragoza, Aragón, Spain",25 Sep 2024,José Manuel Sánchez Sanz,41.3039,-0.7053,Spain,False,ML624165136,P1
624299000,eurdot,Eudromias morinellus,コバシチドリ,2.5,2,"Cascina Cantalupo, Lombardia, Italy",29 Sep 2024,Luca Bonomelli,45.3747,9.2536,Italy,False,ML624299000,P1
62488881,eurdot,Eudromias morinellus,コバシチドリ,2.75,4,"Finnbruene, Dividalen, Norway, Troms, Norway",20 Jun 2017,Stein Nilsen,68.7347,19.7415,Norway,False,ML62488881,P1
625242942,eurdot,Eudromias morinellus,コバシチドリ,2.6,5,"Sierra de Béjar-Candelario--Cuerda de El Calvitero, Salamanca, Castilla y León, Spain",16 Sep 2024,Miguel Rodríguez Esteban,40.3114,-5.7286,Spain,False,ML625242942,P1
630584817,eurdot,Eudromias morinellus,コバシチドリ,2.5,2,"St. Martins Bird Ringing Station and Foto Hide, Burgenland, Austria",12 Aug 2022,Leander Khil,47.8045,16.9135,Austria,False,ML630584817,P1
633712497,eurdot,Eudromias morinellus,コバシチドリ,4.5,2,"Boskennal Lane, St Buryan, Cornwall, England, United Kingdom",6 Apr 2025,Ryan Irvine,50.074,-5.6223,United Kingdom,False,ML633712497,P1
634550733,eurdot,Eudromias morinellus,コバシチドリ,2.5,2,"Breda Gap 13, Hallands län [SE-13], Sweden",26 Apr 2025,Kjell Wallin,57.3666,11.9627,Sweden,False,ML634550733,P1
638390374,eurdot,Eudromias morinellus,コバシチドリ,0.0,0,"Sodankylä, Lapland, FI (68.318, 27.533), Lapland, Finland",18 Jun 2025,Raphaël Nussbaumer,68.3177,27.5332,Finland,False,ML638390374,P1
638390375,eurdot,Eudromias morinellus,コバシチドリ,0.0,0,"Sodankylä, Lapland, FI (68.318, 27.533), Lapland, Finland",18 Jun 2025,Raphaël Nussbaumer,68.3177,27.5332,Finland,False,ML638390375,P1
639067764,eurdot,Eudromias morinellus,コバシチドリ,0.0,0,"Artfjället, Västerbottens län [SE-24], Sweden",22 Jun 2025,Baltasar Pinheiro,65.9062,14.8664,Sweden,False,ML639067764,P1
639358849,eurdot,Eudromias morinellus,コバシチドリ,0.0,0,"Highland, Scotland, United Kingdom",Unknown,David Darrell-Lambert,0.0,0.0,United Kingdom,False,ML639358849,P1
639358850,eurdot,Eudromias morinellus,コバシチドリ,2.0,1,"Highland, Scotland, United Kingdom",Unknown,David Darrell-Lambert,0.0,0.0,United Kingdom,False,ML639358850,P1
640687506,eurdot,Eudromias morinellus,コバシチドリ,0.0,0,"Żurawce--fields, Lubelskie, Poland",23 Aug 2025,Sławomir Karpicki,50.3914,23.586,Poland,False,ML640687506,P1
640693079,eurdot,Eudromias morinellus,コバシチドリ,0.0,0,"Mullem - Rooigem, Oost-Vlaanderen, Vlaanderen, Belgium",23 Aug 2025,Björn Deduytsche,50.8869,3.5922,Belgium,False,ML640693079,P1
640717409,eurdot,Eudromias morinellus,コバシチドリ,0.0,0,"Gut Seligenstadt, Würzburg, Bayern, Germany",23 Aug 2025,Zsolt Semperger,49.8426,10.1205,Germany,False,ML640717409,P1
640768692,eurdot,Eudromias morinellus,コバシチドリ,4.0,2,"Gedser Odde, Guldborgsund, Storstrøm, Denmark",24 Aug 2025,Benjamin Bechgaard Lisse,54.5595,11.9699,Denmark,False,ML640768692,P1
640800817,eurdot,Eudromias morinellus,コバシチドリ,0.0,0,"Boyton Marshes RSPB Reserve, Suffolk, England, United Kingdom",23 Aug 2025,Thomas Miller,52.0739,1.4857,United Kingdom,False,ML640800817,P1
640866791,eurdot,Eudromias morinellus,コバシチドリ,5.0,2,"Le Semnoz (Massif du Semnoz), Viuz-la-Chiésaz (PNR du Massif des Bauges), Haute-Savoie, Auvergne-Rhône-Alpes, France",22 Aug 2025,Jérémy Calvo,45.7952,6.1051,France,False,ML640866791,P1
640866792,eurdot,Eudromias morinellus,コバシチドリ,5.0,2,"Le Semnoz (Massif du Semnoz), Viuz-la-Chiésaz (PNR du Massif des Bauges), Haute-Savoie, Auvergne-Rhône-Alpes, France",22 Aug 2025,Jérémy Calvo,45.7952,6.1051,France,False,ML640866792,P1
640875153,eurdot,Eudromias morinellus,コバシチドリ,0.0,0,"Żurawce--fields, Lubelskie, Poland",23 Aug 2025,Sławomir Karpicki,50.3914,23.586,Poland,False,ML640875153,P1
641039285,eurdot,Eudromias morinellus,コバシチドリ,1.0,1,"Zagreb--Retencija Blato, Grad Zagreb, Croatia",29 Aug 2025,Pedro Fernandes,45.7718,15.8905,Croatia,False,ML641039285,P1
641113170,eurdot,Eudromias morinellus,コバシチドリ,0.0,0,"Pla de Salinas--Cime de Courne Mourère., Pyrénées-Orientales, Occitanie, France",30 Aug 2025,Anonymous,42.3583,2.0249,France,False,ML641113170,P1
641119472,eurdot,Eudromias morinellus,コバシチドリ,0.0,0,"Przemęt - Zaborowo, Wielkopolskie, Poland",30 Aug 2025,Paweł Szymański,52.0166,16.2743,Poland,False,ML641119472,P1
641240213,eurdot,Eudromias morinellus,コバシチドリ,0.0,0,"Karczunek-Rajchotka--pola, Swietokrzyskie, Poland",31 Aug 2025,Andrzej Chwierut,50.5911,20.3907,Poland,False,ML641240213,P1
641241236,eurdot,Eudromias morinellus,コバシチドリ,0.0,0,"Keyingham, East Riding of Yorkshire, England, United Kingdom",27 Aug 2025,Harry Appleyard,53.716,-0.115,United Kingdom,False,ML641241236,P1
641503306,eurdot,Eudromias morinellus,コバシチドリ,0.0,0,"Es Blanquer de Maria, Illes Baleares, Spain",7 Sep 2025,Pablo García Rivas,39.6931,3.0749,Spain,False,ML641503306,P1
641609738,eurdot,Eudromias morinellus,コバシチドリ,2.5,2,"Boyton Marshes RSPB Reserve, Suffolk, England, United Kingdom",6 Sep 2025,Max Buckley,52.0739,1.4857,United Kingdom,False,ML641609738,P1
641610045,eurdot,Eudromias morinellus,コバシチドリ,2.0,2,"Boyton Marshes RSPB Reserve, Suffolk, England, United Kingdom",6 Sep 2025,Max Buckley,52.0739,1.4857,United Kingdom,False,ML641610045,P1
641933039,eurdot,Eudromias morinellus,コバシチドリ,0.0,0,"Serra do Cando, Pontevedra, Galicia, Spain",15 Sep 2025,javier rodriguez escudero,42.4724,-8.3819,Spain,False,ML641933039,P1
642169286,eurdot,Eudromias morinellus,コバシチドリ,0.0,0,"Pilszcz--fields, Opolskie, Poland",5 Sep 2025,Paweł Malczyk,50.0042,17.9205,Poland,False,ML642169286,P1
642172902,eurdot,Eudromias morinellus,コバシチドリ,1.0,1,"Boyton Marshes RSPB Reserve, Suffolk, England, United Kingdom",6 Sep 2025,Max Buckley,52.0739,1.4857,United Kingdom,False,ML642172902,P1
642476056,eurdot,Eudromias morinellus,コバシチドリ,0.0,0,"Bujaraloz, Zaragoza, Aragón, Spain",24 Sep 2025,Juan Carlos Albero,41.4975,-0.1527,Spain,False,ML642476056,P1
642648447,eurdot,Eudromias morinellus,コバシチドリ,0.0,0,"Cigliano, Piemonte, Italy",29 Sep 2025,Simone Stefanetti,45.3151,8.0268,Italy,False,ML642648447,P1
643090215,eurdot,Eudromias morinellus,コバシチドリ,1.0,1,"Castellanos de Villiquera--Arroyo de La Encina, Salamanca, Castilla y León, Spain",6 Oct 2025,João Tomás,41.0354,-5.677,Spain,False,ML643090215,P1
643221930,eurdot,Eudromias morinellus,コバシチドリ,5.0,1,"Sierra de Béjar-Candelario--Cuerda de El Calvitero, Salamanca, Castilla y León, Spain",9 Oct 2025,Miguel Rodríguez Esteban,40.3114,-5.7286,Spain,False,ML643221930,P1
643221935,eurdot,Eudromias morinellus,コバシチドリ,3.0,1,"Sierra de Béjar-Candelario--Cuerda de El Calvitero, Salamanca, Castilla y León, Spain",9 Oct 2025,Miguel Rodríguez Esteban,40.3114,-5.7286,Spain,False,ML643221935,P1
643447471,eurdot,Eudromias morinellus,コバシチドリ,5.0,2,"Mont Ventoux (merci de ne pas saisir des obs sous 1400m/please don't submit observations under 1400m), Vaucluse, Provence-Alpes-Côte d'Azur, France",18 Aug 2025,Joseph Rowsome(NFC),44.1737,5.2783,France,False,ML643447471,P1
645913700,eurdot,Eudromias morinellus,コバシチドリ,3.0,1,"Doñana PN--Curva del Muro de la FAO, Huelva, Andalucía, Spain",26 Nov 2025,José Manuel Reyes Páez,37.0821,-6.4069,Spain,False,ML645913700,P1
646444924,eurdot,Eudromias morinellus,コバシチドリ,0.0,0,"Domaine de la Galinière, Indre-et-Loire, Centre-Val de Loire, France",21 Aug 2025,Clément Delaleu,47.465,0.8452,France,False,ML646444924,P1
144461191,faecur,Numenius madagascariensis,ホウロクシギ,2.0,4,"宜蘭蘭陽溪口IBA--北岸觀察點(Lanyang River Estuary IBA--North Shore Observation Spot), Yilan County, Taiwan",9 Mar 2019,Irving Lu,24.7174,121.8323,Taiwan,False,ML144461191,P1
153684481,faecur,Numenius madagascariensis,ホウロクシギ,2.75,4,"Point Halloran--NE corner mudflats, Redland, Queensland, Australia",25 Apr 2019,Sara Young,-27.5655,153.3086,Australia,False,ML153684481,P1
171986921,faecur,Numenius madagascariensis,ホウロクシギ,3.5,4,"HE-RFE 2019 - Чукотская прибрежная биологическая служба (SBSAS01), Kamchatka Krai, Russia",30 Jun 2019,Peder Svingen,60.0789,165.1664,Russia,False,ML171986921,P1
177413751,faecur,Numenius madagascariensis,ホウロクシギ,3.8,5,"马场 (Ma Chang), Beijing, China",8 Sep 2019,(Ai)Tao Liu,40.3799,115.8417,China,False,ML177413751,P1
180442171,faecur,Numenius madagascariensis,ホウロクシギ,3.5,4,"Lota Foreshore, Brisbane, Queensland, Australia",5 Oct 2019,Sara Young,-27.4672,153.193,Australia,False,ML180442171,P1
180442201,faecur,Numenius madagascariensis,ホウロクシギ,3.25,4,"Lota Foreshore, Brisbane, Queensland, Australia",5 Oct 2019,Sara Young,-27.4672,153.193,Australia,False,ML180442201,P1
203884441,faecur,Numenius madagascariensis,ホウロクシギ,3.8,5,"Cairns (-16.9169, 145.771), Cairns, Queensland, Australia",2 Mar 2009,Joe Angseesing,-16.9169,145.771,Australia,False,ML203884441,P1
203947391,faecur,Numenius madagascariensis,ホウロクシギ,3.5,4,"Rudong (32.3289, 121.182), Jiangsu, China",24 Jun 2014,Éric Francois Roualet,32.3289,121.182,China,False,ML203947391,P1
203977771,faecur,Numenius madagascariensis,ホウロクシギ,2.0,4,"Terranora Creek (-28.1947, 153.5136), Tweed, New South Wales, Australia",28 Dec 2016,Nicholas Talbot,-28.1947,153.5136,Australia,False,ML203977771,P1
217169781,faecur,Numenius madagascariensis,ホウロクシギ,3.25,4,"Queens Esplanade, Thorneside, Redland, Queensland, Australia",22 Mar 2020,Sara Young,-27.4779,153.2031,Australia,False,ML217169781,P1
220861101,faecur,Numenius madagascariensis,ホウロクシギ,1.0,4,"金門--浯江溪口(Kinmen--Wujiang River Estuary), Kinmen County, Taiwan",5 Apr 2020,Ting-Wei (廷維) HUNG (洪),24.4283,118.3092,Taiwan,False,ML220861101,P1
220883741,faecur,Numenius madagascariensis,ホウロクシギ,1.5,4,"Unnamed Road, 新園鄉, TW (22.479, 120.432), Pingtung County, Taiwan",5 Apr 2020,Jhih-Wei (志偉) TSAI (蔡),22.479,120.4317,Taiwan,False,ML220883741,P1
283760371,faecur,Numenius madagascariensis,ホウロクシギ,3.25,4,"Lingayen Gulf, Lingayen, Pangasinan, Philippines",29 Nov 2020,Kim Cancino,16.1591,120.2568,Philippines,False,ML283760371,P1
283762381,faecur,Numenius madagascariensis,ホウロクシギ,3.5,4,"Lingayen Gulf, Lingayen, Pangasinan, Philippines",29 Nov 2020,Kim Cancino,16.1591,120.2568,Philippines,False,ML283762381,P1
301675911,faecur,Numenius madagascariensis,ホウロクシギ,1.75,4,"Lota Foreshore, Brisbane, Queensland, Australia",8 Jan 2021,Zebedee Muller,-27.4672,153.193,Australia,False,ML301675911,P1
319374201,faecur,Numenius madagascariensis,ホウロクシギ,1.0,4,"高屏溪IBA--高屏溪口林園側(Kaoping River IBA--River Estuary Linyuan Side), Kaohsiung City, Taiwan",24 Mar 2021,志民 蘇,22.4823,120.4173,Taiwan,False,ML319374201,P1
326497831,faecur,Numenius madagascariensis,ホウロクシギ,2.5,4,"高屏溪IBA--高屏溪口林園側(Kaoping River IBA--River Estuary Linyuan Side), Kaohsiung City, Taiwan",15 Apr 2021,志民 蘇,22.4823,120.4173,Taiwan,False,ML326497831,P1
326767411,faecur,Numenius madagascariensis,ホウロクシギ,3.0,4,"Lingayen Gulf, Lingayen, Pangasinan, Philippines",16 Apr 2021,Kim Cancino,16.1591,120.2568,Philippines,False,ML326767411,P1
328526411,faecur,Numenius madagascariensis,ホウロクシギ,3.0,4,"Lingayen Gulf, Lingayen, Pangasinan, Philippines",20 Apr 2021,Kim Cancino,16.1591,120.2568,Philippines,False,ML328526411,P1
352981741,faecur,Numenius madagascariensis,ホウロクシギ,1.75,4,"Buffalo Creek Shore, Darwin, Northern Territory, Australia",7 Jul 2021,James Lambert,-12.3358,130.9071,Australia,False,ML352981741,P1
361070971,faecur,Numenius madagascariensis,ホウロクシギ,3.5,4,"Lingayen Gulf, Lingayen, Pangasinan, Philippines",13 Aug 2021,Kim Cancino,16.1591,120.2568,Philippines,False,ML361070971,P1
367668301,faecur,Numenius madagascariensis,ホウロクシギ,4.0,4,"Nudgee Beach foreshore, Brisbane, Queensland, Australia",8 Sep 2021,John O'Shea,-27.3441,153.1021,Australia,False,ML367668301,P1
371009991,faecur,Numenius madagascariensis,ホウロクシギ,2.25,4,"Anne Street NFC Station, Broome, Western Australia, Australia",19 Sep 2021,Nigel Jackett NFC Station,-17.9611,122.2304,Australia,False,ML371009991,P1
372201601,faecur,Numenius madagascariensis,ホウロクシギ,4.0,5,"Lingayen Gulf, Lingayen, Pangasinan, Philippines",17 Sep 2021,Kim Cancino,16.1591,120.2568,Philippines,False,ML372201601,P1
380632101,faecur,Numenius madagascariensis,ホウロクシギ,3.0,4,"Bgy. Tanza Mudflats, Navotas City, National Capital Region (Manila), Philippines",16 Oct 2021,Robert Hutchinson / Birdtour Asia,14.683,120.9257,Philippines,False,ML380632101,P1
382218401,faecur,Numenius madagascariensis,ホウロクシギ,3.0,4,"Nightcliff mudflats, Darwin, Northern Territory, Australia",24 Oct 2021,James Lambert,-12.3888,130.847,Australia,False,ML382218401,P1
385668641,faecur,Numenius madagascariensis,ホウロクシギ,2.75,4,"Mahal na Pangalan Marine Park, Calapan City, Oriental Mindoro, Philippines",9 Oct 2021,Carmel Eje,13.4089,121.1499,Philippines,False,ML385668641,P1
385668651,faecur,Numenius madagascariensis,ホウロクシギ,2.8,5,"Mahal na Pangalan Marine Park, Calapan City, Oriental Mindoro, Philippines",9 Oct 2021,Carmel Eje,13.4089,121.1499,Philippines,False,ML385668651,P1
43686891,faecur,Numenius madagascariensis,ホウロクシギ,2.5714285714285716,7,"Toorbul High Tide Roost, Moreton Bay, Queensland, Australia",28 Dec 2016,Greg McLachlan,-27.048,153.1089,Australia,False,ML43686891,P1
441760271,faecur,Numenius madagascariensis,ホウロクシギ,2.75,4,"Roebuck Plains Station--BBO paddock at -17.97, 122.354, Broome, Western Australia, Australia",18 Apr 2022,Drew Davison,-17.9705,122.354,Australia,False,ML441760271,P1
468711941,faecur,Numenius madagascariensis,ホウロクシギ,2.25,4,"Toora Beach and Bird Hide, South Gippsland, Victoria, Australia",20 Nov 2021,Ken Tay,-38.6907,146.3363,Australia,False,ML468711941,P1
496454651,faecur,Numenius madagascariensis,ホウロクシギ,3.0,4,"Toorbul High Tide Roost, Moreton Bay, Queensland, Australia",8 Oct 2022,Peter Woodall,-27.048,153.1089,Australia,False,ML496454651,P1
508766531,faecur,Numenius madagascariensis,ホウロクシギ,3.8,5,"Ozero Koznetsovskoye (Tom River), Amur Oblast, Russia",30 May 2017,Alexander Thomas,50.8742,128.9088,Russia,False,ML508766531,P1
562947931,faecur,Numenius madagascariensis,ホウロクシギ,1.75,4,"宜蘭竹安IBA--空中撈魚/王通塭(Zhu'an IBA--Kongzhonglaoyu/Wangtongwen), Yilan County, Taiwan",16 Apr 2023,Chieh-Peng Chen,24.8231,121.8084,Taiwan,False,ML562947931,P1
598491491,faecur,Numenius madagascariensis,ホウロクシギ,3.6666666666666665,6,"Nudgee Beach foreshore, Brisbane, Queensland, Australia",25 Jan 2022,Richard Fuller,-27.3441,153.1021,Australia,False,ML598491491,P1
608183931,faecur,Numenius madagascariensis,ホウロクシギ,2.5,4,"严家屋--融创海滨 (Yanjiawu--Sunac Coast), Zhejiang, China",28 Aug 2023,Congyi Jiang,30.5402,120.9813,China,False,ML608183931,P1
608507713,faecur,Numenius madagascariensis,ホウロクシギ,3.5714285714285716,7,"Hunter Wetlands National Park--Stockton Sandspit, Newcastle, New South Wales, Australia",27 Aug 2023,Sooraj Sekhar,-32.8834,151.7899,Australia,False,ML608507713,P1
610188401,faecur,Numenius madagascariensis,ホウロクシギ,3.0,5,"Tinchi Tamba Wetlands Reserve, Brisbane, Queensland, Australia",20 Oct 2023,John O'Shea,-27.2991,153.0367,Australia,False,ML610188401,P1
613027024,faecur,Numenius madagascariensis,ホウロクシギ,3.8,5,"Mangroves near Orchard Rd (Coconut Grove), Darwin, Northern Territory, Australia",3 Jan 2024,Bryn Pickering,-12.3966,130.8472,Australia,False,ML613027024,P1
613453947,faecur,Numenius madagascariensis,ホウロクシギ,1.8,5,"One Tree (Roebuck Bay), Broome, Western Australia, Australia",9 Jan 2024,Nigel Jackett NFC Station,-17.9855,122.365,Australia,False,ML613453947,P1
614671939,faecur,Numenius madagascariensis,ホウロクシギ,3.0,5,"Tibsoc Mudflats, San Enrique, Negros Occidental, Philippines",11 Feb 2024,David Morrison,10.3906,122.8585,Philippines,False,ML614671939,P1
614965539,faecur,Numenius madagascariensis,ホウロクシギ,1.8,5,"Tibsoc Mudflats, San Enrique, Negros Occidental, Philippines",18 Feb 2024,David Morrison,10.3906,122.8585,Philippines,False,ML614965539,P1
617082018,faecur,Numenius madagascariensis,ホウロクシギ,2.2,5,"金門--浯江溪口(Kinmen--Wujiang River Estuary), Kinmen County, Taiwan",5 Apr 2024,Ting-Wei (廷維) HUNG (洪),24.4283,118.3092,Taiwan,False,ML617082018,P1
620596793,faecur,Numenius madagascariensis,ホウロクシギ,1.0,3,"St. Paul Island, Aleutians West Census Area, Alaska, United States",18 Jun 2024,Nathan Dubrow,57.1701,-170.2968,United States,False,ML620596793,P1
620604929,faecur,Numenius madagascariensis,ホウロクシギ,1.3333333333333333,3,"St. Paul Island, Aleutians West Census Area, Alaska, United States",18 Jun 2024,Sam Darmstadt,57.1701,-170.2968,United States,False,ML620604929,P1
620943184,faecur,Numenius madagascariensis,ホウロクシギ,2.0,4,"Wuerqihan Z001 (49.677, 121.984), Nei Mongol, China",23 Jun 2024,Joye Zhou,49.6767,121.9836,China,False,ML620943184,P1
623223411,faecur,Numenius madagascariensis,ホウロクシギ,2.0,3,"Hooka Point Park (Berkeley), Wollongong, New South Wales, Australia",1 Sep 2024,Paul Lynch,-34.4875,150.8353,Australia,False,ML623223411,P1
623337144,faecur,Numenius madagascariensis,ホウロクシギ,3.75,4,"Cairns Esplanade, Cairns, Queensland, Australia",11 Aug 2024,Sam Zhang,-16.9166,145.7749,Australia,False,ML623337144,P1
623629642,faecur,Numenius madagascariensis,ホウロクシギ,2.6666666666666665,3,"Koona Bay, Albion Park Rail, Shellharbour, New South Wales, Australia",11 Sep 2024,Paul Lynch,-34.5591,150.7994,Australia,False,ML623629642,P1
624252177,faecur,Numenius madagascariensis,ホウロクシギ,2.25,4,"Horsley Inlet, Koona Bay, Lake Illawarra, Shellharbour, New South Wales, Australia",28 Sep 2024,Paul Lynch,-34.5592,150.8072,Australia,False,ML624252177,P1
624252197,faecur,Numenius madagascariensis,ホウロクシギ,3.75,4,"Horsley Inlet, Koona Bay, Lake Illawarra, Shellharbour, New South Wales, Australia",28 Sep 2024,Paul Lynch,-34.5592,150.8072,Australia,False,ML624252197,P1
625510765,faecur,Numenius madagascariensis,ホウロクシギ,3.75,4,"Olango Island Wildlife Sanctuary, Lapu-Lapu City, Cebu, Philippines",27 Oct 2024,Kurt  Cabahug,10.2484,124.0367,Philippines,False,ML625510765,P1
626159982,faecur,Numenius madagascariensis,ホウロクシギ,3.25,4,"Lota Foreshore, Brisbane, Queensland, Australia",12 Nov 2024,Patrick Reed,-27.4672,153.193,Australia,False,ML626159982,P1
627680848,faecur,Numenius madagascariensis,ホウロクシギ,3.6666666666666665,3,"Broome Bird Observatory Beach, Broome, Western Australia, Australia",31 Mar 2024,David Secomb,-17.9774,122.3455,Australia,False,ML627680848,P1
627681058,faecur,Numenius madagascariensis,ホウロクシギ,4.0,3,"Broome Bird Observatory Beach, Broome, Western Australia, Australia",1 Apr 2024,David Secomb,-17.9774,122.3455,Australia,False,ML627681058,P1
627681455,faecur,Numenius madagascariensis,ホウロクシギ,2.6666666666666665,3,"Broome Bird Observatory Beach, Broome, Western Australia, Australia",4 Apr 2024,David Secomb,-17.9774,122.3455,Australia,False,ML627681455,P1
627681456,faecur,Numenius madagascariensis,ホウロクシギ,3.0,3,"Broome Bird Observatory Beach, Broome, Western Australia, Australia",4 Apr 2024,David Secomb,-17.9774,122.3455,Australia,False,ML627681456,P1
627681457,faecur,Numenius madagascariensis,ホウロクシギ,3.5,4,"Broome Bird Observatory Beach, Broome, Western Australia, Australia",4 Apr 2024,David Secomb,-17.9774,122.3455,Australia,False,ML627681457,P1
627940883,faecur,Numenius madagascariensis,ホウロクシギ,2.25,4,"Tibsoc Mudflats, San Enrique, Negros Occidental, Philippines",24 Dec 2024,David Morrison,10.3906,122.8585,Philippines,False,ML627940883,P1
628289118,faecur,Numenius madagascariensis,ホウロクシギ,3.75,4,"Broome Bird Observatory Beach, Broome, Western Australia, Australia",11 Apr 2024,David Secomb,-17.9774,122.3455,Australia,False,ML628289118,P1
628289121,faecur,Numenius madagascariensis,ホウロクシギ,3.75,4,"Broome Bird Observatory Beach, Broome, Western Australia, Australia",11 Apr 2024,David Secomb,-17.9774,122.3455,Australia,False,ML628289121,P1
628289747,faecur,Numenius madagascariensis,ホウロクシギ,3.75,4,"Minton's Straight (Roebuck Bay), Broome, Western Australia, Australia",13 Apr 2024,David Secomb,-17.9783,122.357,Australia,False,ML628289747,P1
628289748,faecur,Numenius madagascariensis,ホウロクシギ,3.5,4,"Minton's Straight (Roebuck Bay), Broome, Western Australia, Australia",13 Apr 2024,David Secomb,-17.9783,122.357,Australia,False,ML628289748,P1
628289749,faecur,Numenius madagascariensis,ホウロクシギ,2.5,4,"Minton's Straight (Roebuck Bay), Broome, Western Australia, Australia",13 Apr 2024,David Secomb,-17.9783,122.357,Australia,False,ML628289749,P1
628460558,faecur,Numenius madagascariensis,ホウロクシギ,3.75,4,"Broome Bird Observatory Beach, Broome, Western Australia, Australia",16 Apr 2024,David Secomb,-17.9774,122.3455,Australia,False,ML628460558,P1
632416713,faecur,Numenius madagascariensis,ホウロクシギ,4.25,4,"Cairns Esplanade, Cairns, Queensland, Australia",31 Dec 2024,Jay McGowan,-16.9166,145.7749,Australia,False,ML632416713,P1
632416788,faecur,Numenius madagascariensis,ホウロクシギ,2.5,4,"Cairns Esplanade, Cairns, Queensland, Australia",31 Dec 2024,Jay McGowan,-16.9166,145.7749,Australia,False,ML632416788,P1
633108201,faecur,Numenius madagascariensis,ホウロクシギ,3.75,4,"One Tree (Roebuck Bay), Broome, Western Australia, Australia",3 Apr 2025,Nigel Jackett,-17.9855,122.365,Australia,False,ML633108201,P1
634713568,faecur,Numenius madagascariensis,ホウロクシギ,3.0,4,"영종도--영종해안남로밭(Yeongjongdo--Yeongjong South Sea Road Field), Incheon, South Korea",29 Apr 2025,Lars Mannzen,37.4625,126.5009,South Korea,True,ML634713568,P1
63820131,faecur,Numenius madagascariensis,ホウロクシギ,3.125,8,"Ozero Koznetsovskoye (Tom River), Amur Oblast, Russia",30 May 2017,Alexander Thomas,50.8742,128.9088,Russia,False,ML63820131,P1
638583009,faecur,Numenius madagascariensis,ホウロクシギ,2.75,4,"馬祖--東引運動場(Matsu--Dongyin Playground), Lienchiang County, Taiwan",5 Apr 2025,Anonymous,26.367,120.4919,Taiwan,False,ML638583009,P1
644736787,faecur,Numenius madagascariensis,ホウロクシギ,0.0,0,"Maaroom Boat Ramp, Fraser Coast, Queensland, Australia",11 Sep 2025,Erin Harris,-25.6128,152.8753,Australia,False,ML644736787,P1
645413519,faecur,Numenius madagascariensis,ホウロクシギ,0.0,0,"Tinchi Tamba Wetlands Reserve, Brisbane, Queensland, Australia",18 Nov 2025,John O'Shea,-27.2991,153.0367,Australia,False,ML645413519,P1
645534282,faecur,Numenius madagascariensis,ホウロクシギ,3.0,1,"Toorbul High Tide Roost, Moreton Bay, Queensland, Australia",20 Nov 2025,Owen  Lawton,-27.048,153.1089,Australia,False,ML645534282,P1
645882897,faecur,Numenius madagascariensis,ホウロクシギ,4.0,1,"Broome Bird Observatory Beach, Broome, Western Australia, Australia",29 Dec 2024,David Secomb,-17.9774,122.3455,Australia,False,ML645882897,P1
645882898,faecur,Numenius madagascariensis,ホウロクシギ,3.0,1,"Broome Bird Observatory Beach, Broome, Western Australia, Australia",29 Dec 2024,David Secomb,-17.9774,122.3455,Australia,False,ML645882898,P1
646396916,faecur,Numenius madagascariensis,ホウロクシギ,5.0,1,"Fairhaven, French Island, Victoria, Australia",6 Dec 2023,Romuald Mikusek,-38.3454,145.2794,Australia,False,ML646396916,P1
647122546,faecur,Numenius madagascariensis,ホウロクシギ,4.0,1,"Olango Island Wildlife Sanctuary, Lapu-Lapu City, Cebu, Philippines",18 Dec 2025,Andrew Wolfe,10.2484,124.0367,Philippines,False,ML647122546,P1
647169011,faecur,Numenius madagascariensis,ホウロクシギ,5.0,1,"North Creek, Ballina, Ballina, New South Wales, Australia",19 Dec 2025,Trevor Oliver,-28.8628,153.5744,Australia,False,ML647169011,P1
647269656,faecur,Numenius madagascariensis,ホウロクシギ,3.0,1,"Poona Claypan, Fraser Coast, Queensland, Australia",7 Dec 2025,Colin Trainor,-25.7335,152.9108,Australia,False,ML647269656,P1
648807468,faecur,Numenius madagascariensis,ホウロクシギ,3.0,1,"Roebuck Plains Station (BBO and Jabiru Paddocks), Broome, Western Australia, Australia",30 Dec 2024,David Secomb,-17.9667,122.3833,Australia,False,ML648807468,P1
649326557,faecur,Numenius madagascariensis,ホウロクシギ,4.0,1,"Tabbil-ban dhagun Boardwalk, Brisbane, Queensland, Australia",21 Jan 2026,Rob Nicholson,-27.3427,153.0962,Australia,False,ML649326557,P1
649942813,faecur,Numenius madagascariensis,ホウロクシギ,0.0,0,"Queens Esplanade, Thorneside, Redland, Queensland, Australia",24 Jan 2026,Isabella Jones,-27.4779,153.2031,Australia,False,ML649942813,P1
650802649,faecur,Numenius madagascariensis,ホウロクシギ,1.0,1,"Quarry Street Track, South West Rocks Creek, Kempsey, New South Wales, Australia",12 Feb 2026,Susan Inglis,-30.8864,153.0264,Australia,False,ML650802649,P1
650854842,faecur,Numenius madagascariensis,ホウロクシギ,3.0,1,"Crab Creek Mangroves (Roebuck Bay), Broome, Western Australia, Australia",1 Jan 2025,David Secomb,-17.9898,122.3708,Australia,False,ML650854842,P1
650854843,faecur,Numenius madagascariensis,ホウロクシギ,4.0,1,"Crab Creek Mangroves (Roebuck Bay), Broome, Western Australia, Australia",1 Jan 2025,David Secomb,-17.9898,122.3708,Australia,False,ML650854843,P1
650854844,faecur,Numenius madagascariensis,ホウロクシギ,3.0,1,"Crab Creek Mangroves (Roebuck Bay), Broome, Western Australia, Australia",1 Jan 2025,David Secomb,-17.9898,122.3708,Australia,False,ML650854844,P1
268940021,falduc,Mareca falcata,ヨシガモ,2.6296296296296298,27,"北印旛沼 (North Lake Inbanuma), Inzai, Chiba, Japan",8 Jun 2018,Gerben ter Haar,35.801,140.2497,Japan,True,ML268940021,P1
282939521,falduc,Mareca falcata,ヨシガモ,2.2222222222222223,27,"嘉義布袋濕地IBA--全區(Budai Wetland IBA), Chiayi County, Taiwan",26 Nov 2020,志民 蘇,23.3584,120.1677,Taiwan,False,ML282939521,P1
601476851,falduc,Mareca falcata,ヨシガモ,3.4814814814814814,27,"乌尔其汉东北侧(NE Wuerqihan), Nei Mongol, China",15 Jul 2023,Oriental Stork,49.6555,121.6536,China,False,ML601476851,P1
613755566,falduc,Mareca falcata,ヨシガモ,3.25,28,"温榆河 (Wenyu River), Beijing, China",16 Jan 2024,(Ai)Tao Liu,39.9395,116.643,China,False,ML613755566,P1
648599253,falduc,Mareca falcata,ヨシガモ,3.0,1,"印西市--印旛沼--ペリカンのいる船着き場 (Inzai--Lake Inbanuma--Pelican Landing Pier), Inzai, Chiba, Japan",1 Jan 2026,Yann Muzika,35.8014,140.2325,Japan,True,ML648599253,P1
159992021,ferduc,Aythya nyroca,メジロガモ,3.3,20,"Baranda ribnjak (private fish farm — access restricted/denied), Vojvodina, Serbia",17 May 2019,Raphaël Nussbaumer,45.0934,20.4708,Serbia,False,ML159992021,P1
204027251,ferduc,Aythya nyroca,メジロガモ,2.35,20,"Bharatpur--Keoladeo Ghana NP, Bharatpur, Rajasthan, India",7 Mar 2019,Alok Tewari,27.1619,77.5228,India,False,ML204027251,P1
212919791,ferduc,Aythya nyroca,メジロガモ,2.95,20,"Basantar Devak Course, Samba, Jammu and Kashmir, India",22 Feb 2020,Dr. Pankaj Chibber,32.5116,75.0265,India,False,ML212919791,P1
309134221,ferduc,Aythya nyroca,メジロガモ,3.1,20,"Gazelle Valley עמק הצבאים, Yerushalayim, Israel",12 Feb 2021,Shachar Hizkiya,31.7588,35.1954,Israel,False,ML309134221,P1
310889,ferduc,Aythya nyroca,メジロガモ,3.5555555555555554,9,"Spain, Spain, Spain",Mar 1963,Claude Chappuis,40.1503,-3.6742,Spain,False,ML310889,P1
310890,ferduc,Aythya nyroca,メジロガモ,3.3333333333333335,9,"WWT Slimbridge Wetland Centre, Gloucestershire, England, United Kingdom",Unknown,Claude Chappuis,51.7411,-2.4054,United Kingdom,False,ML310890,P1
310891,ferduc,Aythya nyroca,メジロガモ,3.1,10,"Dombes area, Ain, Auvergne-Rhône-Alpes, France",Mar 1963,Claude Chappuis,45.9988,5.0248,France,False,ML310891,P1
310893,ferduc,Aythya nyroca,メジロガモ,3.2,10,"Obedska Bara Special Nature Reserve--general area (please use a more precise spot), Vojvodina, Serbia",28 Apr 1967,Claude Chappuis,44.7331,20.0216,Serbia,False,ML310893,P1
316938351,ferduc,Aythya nyroca,メジロガモ,2.95,20,"Parque Ambiental de Vilamoura, Loulé, Faro, Portugal",9 Mar 2021,Francisco Maia,37.0893,-8.1423,Portugal,False,ML316938351,P1
329665151,ferduc,Aythya nyroca,メジロガモ,2.75,20,"Mandrensko Lake--Dam Wall Area, Burgas, Bulgaria",24 Apr 2021,Lars Mannzen,42.4322,27.4463,Bulgaria,False,ML329665151,P1
348797461,ferduc,Aythya nyroca,メジロガモ,2.7,20,"Auto selected 37.07481, 100.48940, Qinghai, China",6 Jun 2021,Joye Zhou,37.0748,100.4894,China,False,ML348797461,P1
423563711,ferduc,Aythya nyroca,メジロガモ,3.45,20,"青海湖兰花湖, Qinghai, China",27 Jun 2021,(Ai)Tao Liu,37.0475,100.4535,China,False,ML423563711,P1
430692701,ferduc,Aythya nyroca,メジロガモ,2.05,20,"Stawy Spytkowice, Malopolskie, Poland",31 Mar 2022,Paweł Malczyk,50.0047,19.4819,Poland,False,ML430692701,P1
438213931,ferduc,Aythya nyroca,メジロガモ,3.05,20,"Parque Ambiental de Vilamoura, Loulé, Faro, Portugal",9 Mar 2021,Francisco Maia,37.0893,-8.1423,Portugal,False,ML438213931,P1
478205591,ferduc,Aythya nyroca,メジロガモ,2.4,20,"Charca de Suárez—Motril, Granada, Andalucía, Spain",25 Aug 2022,Juan Pérez,36.7248,-3.5408,Spain,False,ML478205591,P1
549077811,ferduc,Aythya nyroca,メジロガモ,2.15,20,"Čenta--ribnjak Veliki Alas, Vojvodina, Serbia",24 Mar 2023,Sever Nagulov,45.1204,20.3953,Serbia,False,ML549077811,P1
554133851,ferduc,Aythya nyroca,メジロガモ,2.8,20,"ETAR de Vilamoura, Loulé, Faro, Portugal",24 Mar 2023,Otto Mayer,37.0952,-8.1442,Portugal,False,ML554133851,P1
556120011,ferduc,Aythya nyroca,メジロガモ,3.0,20,"Zotes del Paramo--Gravera, León, Castilla y León, Spain",7 Apr 2023,Natalia  Iris,42.2731,-5.7225,Spain,False,ML556120011,P1
572957441,ferduc,Aythya nyroca,メジロガモ,3.4285714285714284,21,"Parque Ambiental de Vilamoura, Loulé, Faro, Portugal",15 May 2023,Paulo Narciso,37.0893,-8.1423,Portugal,False,ML572957441,P1
583477481,ferduc,Aythya nyroca,メジロガモ,3.380952380952381,21,"Parque Ambiental de Vilamoura, Loulé, Faro, Portugal",15 May 2023,Paulo Narciso,37.0893,-8.1423,Portugal,False,ML583477481,P1
615282768,ferduc,Aythya nyroca,メジロガモ,3.0,20,"Mohonpur, Rajshahi Division, BD (24.527, 88.655), Rajshahi bibhag, Bangladesh",23 Feb 2024,ASM Arif Ul Anam,24.527,88.6546,Bangladesh,False,ML615282768,P1
623067766,ferduc,Aythya nyroca,メジロガモ,2.8,20,"Gidhwa Tank, Bemetara, Chhattisgarh, India",28 Feb 2024,Sahana M,21.8511,81.7859,India,False,ML623067766,P1
631037806,ferduc,Aythya nyroca,メジロガモ,1.7,10,"Zvanichevo Fishponds--General Area, Pazardzhik, Bulgaria",12 May 2024,David Darrell-Lambert,42.1928,24.285,Bulgaria,False,ML631037806,P1
631764187,ferduc,Aythya nyroca,メジロガモ,3.3,10,"Lagoa de Aldeia Nova, Vila Real de Santo António, Faro, Portugal",6 Mar 2025,Nelson Conceição,37.1799,-7.4686,Portugal,False,ML631764187,P1
63209891,ferduc,Aythya nyroca,メジロガモ,2.526315789473684,19,"Grosseto, Toscana, Italy",20 Aug 2014,Marco Dragonetti,42.8399,11.0569,Italy,False,ML63209891,P1
63209901,ferduc,Aythya nyroca,メジロガモ,3.473684210526316,19,"Grosseto, Toscana, Italy",20 Aug 2014,Marco Dragonetti,42.8399,11.0569,Italy,False,ML63209901,P1
63209911,ferduc,Aythya nyroca,メジロガモ,3.4,20,"Grosseto, Toscana, Italy",20 Aug 2014,Marco Dragonetti,42.8399,11.0569,Italy,False,ML63209911,P1
65471911,ferduc,Aythya nyroca,メジロガモ,2.85,20,"Laguna de Galisteo, Cáceres, Extremadura, Spain",7 Aug 2017,Sergio Mayordomo,39.9933,-6.2839,Spain,False,ML65471911,P1
84900491,ferduc,Aythya nyroca,メジロガモ,3.6,20,"Εθνικό Πάρκο Σχοινιά (Schinias National Park), East Attica, Attica, Greece",4 Feb 2018,Dobrin Botev,38.1524,24.0242,Greece,False,ML84900491,P1
91252571,ferduc,Aythya nyroca,メジロガモ,3.75,20,"Dehesa de Abajo, Sevilla, Andalucía, Spain",16 Mar 2018,Oliver Burton,37.2017,-6.1805,Spain,False,ML91252571,P1
109431691,ferfly1,Muscicapa ferruginea,ミヤマヒタキ,3.25,4,"中部橫貫公路, 仁愛鄉, TW (24.19, 121.304), Nantou County, Taiwan",29 Jun 2018,Kuan-Chieh 紅冠 Hung | TaiwanBirdGuide.com,24.1903,121.3038,Taiwan,False,ML109431691,P1
112098101,ferfly1,Muscicapa ferruginea,ミヤマヒタキ,4.0,2,"Gunung Talakmau--LSUMZ 2018 camp 1, Sumatera Barat, Sumatera, Indonesia",19 Mar 2018,Matt Brady,0.0973,99.948,Indonesia,False,ML112098101,P1
13910,ferfly1,Muscicapa ferruginea,ミヤマヒタキ,4.0,4,"NANTOU; TSUI FENG, Nantou County, Taiwan",30 Apr 1967,sheldon severinghaus,24.1,121.1833,Taiwan,False,ML13910,P1
152976751,ferfly1,Muscicapa ferruginea,ミヤマヒタキ,2.0,1,"南方四島NP--東吉嶼(South Penghu Marine NP--Dongjiyu Islet), Penghu County, Taiwan",22 Apr 2019,Kuan-Chieh 紅冠 Hung | TaiwanBirdGuide.com,23.2564,119.6721,Taiwan,False,ML152976751,P1
162791371,ferfly1,Muscicapa ferruginea,ミヤマヒタキ,1.0,1,"玉山NP--塔塔加(Yushan NP--Tataka), Nantou County, Taiwan",2 Jun 2019,Yu-Wei (昱緯) LI (李),23.4819,120.8863,Taiwan,False,ML162791371,P1
162983921,ferfly1,Muscicapa ferruginea,ミヤマヒタキ,4.6,5,"南投--杉林溪森林生態渡假園區(Nantou--Sun-Link-Sea Resort), Nantou County, Taiwan",18 Apr 2019,Ed Thomas,23.6369,120.7935,Taiwan,False,ML162983921,P1
163235531,ferfly1,Muscicapa ferruginea,ミヤマヒタキ,3.0,1,"嘉義--阿里山森林遊樂區全區(Chiayi--Alishan Forest Recreation Area), Chiayi County, Taiwan",7 Jun 2019,Ting-Wei (廷維) HUNG (洪),23.5105,120.8039,Taiwan,False,ML163235531,P1
175927,ferfly1,Muscicapa ferruginea,ミヤマヒタキ,2.0,4,"Serang; Carita Unprotected Forest, Jawa Barat, Jawa, Indonesia",2 Oct 2011,Roger McNeill,0.0,0.0,Indonesia,False,ML175927,P1
203919321,ferfly1,Muscicapa ferruginea,ミヤマヒタキ,4.0,4,"嘉義--阿里山森林遊樂區全區(Chiayi--Alishan Forest Recreation Area), Chiayi County, Taiwan",21 Apr 2011,Josep del Hoyo,23.5105,120.8039,Taiwan,False,ML203919321,P1
223447581,ferfly1,Muscicapa ferruginea,ミヤマヒタキ,2.0,1,"RS012A, Yilan County, Taiwan",14 Apr 2020,Lee-Lien WANG,24.519,121.5733,Taiwan,False,ML223447581,P1
224059861,ferfly1,Muscicapa ferruginea,ミヤマヒタキ,2.0,1,"金門--斗門登山古道(Kinmen--Doumen Hiking Trail), Kinmen County, Taiwan",15 Apr 2020,Ting-Wei (廷維) HUNG (洪),24.4649,118.4084,Taiwan,False,ML224059861,P1
225547961,ferfly1,Muscicapa ferruginea,ミヤマヒタキ,4.5,2,"Dihing Patkai NP--Jeypore (General Area), Dibrugarh, Assam, India",14 Apr 2019,Dibyendu Ash,27.2247,95.4262,India,False,ML225547961,P1
250056881,ferfly1,Muscicapa ferruginea,ミヤマヒタキ,3.5,2,"雪霸NP--觀霧森林遊樂區(Sheipa NP--Guanwu Forest Recreation Area), Miaoli County, Taiwan",12 Jul 2020,Cheng-Ru Tsai,24.5042,121.1142,Taiwan,False,ML250056881,P1
28866111,ferfly1,Muscicapa ferruginea,ミヤマヒタキ,3.0,1,"嘉義--阿里山森林遊樂區全區(Chiayi--Alishan Forest Recreation Area), Chiayi County, Taiwan",15 May 2016,Lee-Lien WANG,23.5105,120.8039,Taiwan,False,ML28866111,P1
30547841,ferfly1,Muscicapa ferruginea,ミヤマヒタキ,3.5,2,"九寨沟自然保护区--镜海 (Jiuzhaigou NNR--Mirror Lake), Sichuan, China",25 May 2016,Ian Davies,33.1638,103.9042,China,False,ML30547841,P1
330342011,ferfly1,Muscicapa ferruginea,ミヤマヒタキ,3.0,1,"南方四島NP--東吉嶼(South Penghu Marine NP--Dongjiyu Islet), Penghu County, Taiwan",22 Apr 2021,Kuan Chih Yu,23.2564,119.6721,Taiwan,False,ML330342011,P1
357556971,ferfly1,Muscicapa ferruginea,ミヤマヒタキ,4.5,2,"丽江黑龙潭公园 (Heilongtan Park, Lijiang), Yunnan, China",13 Jul 2021,Ray Tsu 诸 仁,26.8889,100.2353,China,False,ML357556971,P1
357748991,ferfly1,Muscicapa ferruginea,ミヤマヒタキ,1.0,1,"南投--溪頭自然教育園區全區(Nantou--Xitou Nature Education Area--All Area), Nantou County, Taiwan",26 Jul 2021,志民 蘇,23.6703,120.797,Taiwan,False,ML357748991,P1
358687291,ferfly1,Muscicapa ferruginea,ミヤマヒタキ,4.0,2,"苍山--无为寺 (Mt. Cangshan--Wuwei Temple), Yunnan, China",18 Jul 2021,Ray Tsu 诸 仁,25.7267,100.1183,China,False,ML358687291,P1
358687361,ferfly1,Muscicapa ferruginea,ミヤマヒタキ,4.0,2,"苍山--无为寺 (Mt. Cangshan--Wuwei Temple), Yunnan, China",18 Jul 2021,Ray Tsu 诸 仁,25.7267,100.1183,China,False,ML358687361,P1
359136941,ferfly1,Muscicapa ferruginea,ミヤマヒタキ,4.0,1,"苍山--无为寺 (Mt. Cangshan--Wuwei Temple), Yunnan, China",19 Jul 2021,Ray Tsu 诸 仁,25.7267,100.1183,China,False,ML359136941,P1
359136961,ferfly1,Muscicapa ferruginea,ミヤマヒタキ,4.5,2,"苍山--无为寺 (Mt. Cangshan--Wuwei Temple), Yunnan, China",19 Jul 2021,Ray Tsu 诸 仁,25.7267,100.1183,China,False,ML359136961,P1
359137051,ferfly1,Muscicapa ferruginea,ミヤマヒタキ,4.5,2,"苍山--无为寺 (Mt. Cangshan--Wuwei Temple), Yunnan, China",19 Jul 2021,Ray Tsu 诸 仁,25.7267,100.1183,China,False,ML359137051,P1
359137161,ferfly1,Muscicapa ferruginea,ミヤマヒタキ,4.0,1,"苍山--无为寺 (Mt. Cangshan--Wuwei Temple), Yunnan, China",19 Jul 2021,Ray Tsu 诸 仁,25.7267,100.1183,China,False,ML359137161,P1
360294511,ferfly1,Muscicapa ferruginea,ミヤマヒタキ,1.0,1,"泸沽湖 [云南] (Lugu Lake [Yunnan side]), Yunnan, China",15 Jul 2021,Ray Tsu 诸 仁,27.6794,100.7725,China,False,ML360294511,P1
360294611,ferfly1,Muscicapa ferruginea,ミヤマヒタキ,3.0,1,"泸沽湖 [云南] (Lugu Lake [Yunnan side]), Yunnan, China",15 Jul 2021,Ray Tsu 诸 仁,27.6794,100.7725,China,False,ML360294611,P1
428166791,ferfly1,Muscicapa ferruginea,ミヤマヒタキ,5.0,1,"Po Toi 蒲台島, Hong Kong, Hong Kong",24 Mar 2022,Roman Lo,22.1637,114.255,Hong Kong,False,ML428166791,P1
431435501,ferfly1,Muscicapa ferruginea,ミヤマヒタキ,5.0,2,"台北--野柳IBA(Yeliu IBA), New Taipei City, Taiwan",27 Mar 2022,u7 Liao,25.2122,121.6984,Taiwan,False,ML431435501,P1
436043751,ferfly1,Muscicapa ferruginea,ミヤマヒタキ,3.0,1,"507 仁和路, 仁愛鄉, TW (24.106, 121.195), Nantou County, Taiwan",16 Apr 2022,Scott (瑞興) LIN(林),24.1061,121.1952,Taiwan,False,ML436043751,P1
460664091,ferfly1,Muscicapa ferruginea,ミヤマヒタキ,2.5,2,"太魯閣NP--慈恩(Taroko NP--Ci'en), Hualien County, Taiwan",19 Jun 2022,Cassie Liu,24.1905,121.3882,Taiwan,False,ML460664091,P1
462249851,ferfly1,Muscicapa ferruginea,ミヤマヒタキ,5.0,2,"丹大山西側 丹大東溪源, Nantou County, Taiwan",21 Jun 2022,Sheng Wun Jheng,23.5999,121.206,Taiwan,False,ML462249851,P1
463185781,ferfly1,Muscicapa ferruginea,ミヤマヒタキ,3.5,2,"820林道4K-5K, Nantou County, Taiwan",28 Jun 2022,Sheng Wun Jheng,24.203,121.3173,Taiwan,False,ML463185781,P1
464989881,ferfly1,Muscicapa ferruginea,ミヤマヒタキ,3.0,2,"BBS-B10-02-04, New Taipei City, Taiwan",22 Jun 2022,Cynthia Su,24.7307,121.4393,Taiwan,False,ML464989881,P1
464990371,ferfly1,Muscicapa ferruginea,ミヤマヒタキ,5.0,2,"BBS-B10-02-04, New Taipei City, Taiwan",22 Jun 2022,Cynthia Su,24.7307,121.4393,Taiwan,False,ML464990371,P1
480144531,ferfly1,Muscicapa ferruginea,ミヤマヒタキ,4.5,2,"820林道1K-3K, Nantou County, Taiwan",29 Aug 2022,Sheng Wun Jheng,24.1873,121.3134,Taiwan,False,ML480144531,P1
480145021,ferfly1,Muscicapa ferruginea,ミヤマヒタキ,3.0,2,"820林道1K-3K, Nantou County, Taiwan",29 Aug 2022,Sheng Wun Jheng,24.1873,121.3134,Taiwan,False,ML480145021,P1
536877381,ferfly1,Muscicapa ferruginea,ミヤマヒタキ,2.5,2,"RS_31_B, Taichung City, Taiwan",9 May 2020,Yu-Wei (昱緯) LI (李),24.2444,121.2345,Taiwan,False,ML536877381,P1
552493341,ferfly1,Muscicapa ferruginea,ミヤマヒタキ,4.0,2,"雪霸NP--觀霧森林遊樂區(Sheipa NP--Guanwu Forest Recreation Area), Miaoli County, Taiwan",2 Apr 2023,RIIO LU,24.5042,121.1142,Taiwan,False,ML552493341,P1
559345631,ferfly1,Muscicapa ferruginea,ミヤマヒタキ,3.0,2,"花蓮--沙武巒山鐵線斷崖高繞路段(Hualien--Mt. Shawulun Tiexian Cliff Upward Bypass), Hualien County, Taiwan",10 Apr 2023,Sheng Wun Jheng,23.5729,121.2458,Taiwan,False,ML559345631,P1
559345721,ferfly1,Muscicapa ferruginea,ミヤマヒタキ,2.5,2,"花蓮--沙武巒山鐵線斷崖高繞路段(Hualien--Mt. Shawulun Tiexian Cliff Upward Bypass), Hualien County, Taiwan",10 Apr 2023,Sheng Wun Jheng,23.5729,121.2458,Taiwan,False,ML559345721,P1
578214711,ferfly1,Muscicapa ferruginea,ミヤマヒタキ,4.5,2,"宜蘭--太平山國家森林遊樂區(Yilan--Taipingshan National Forest Recreation Area), Yilan County, Taiwan",28 May 2023,Chi-Hsuan Shao,24.4921,121.5365,Taiwan,False,ML578214711,P1
594884651,ferfly1,Muscicapa ferruginea,ミヤマヒタキ,1.0,2,"宽阔水自然保护区 (Kuankuoshui NNR), Guizhou, China",12 Jul 2023,Yuhao Sun,28.2241,107.1591,China,False,ML594884651,P1
599349621,ferfly1,Muscicapa ferruginea,ミヤマヒタキ,4.0,2,"新竹--鴛鴦湖自然保留區(Hsinchu--Yuanyanghu Nature Reserve), Hsinchu County, Taiwan",4 May 2023,Anonymous,24.5766,121.403,Taiwan,False,ML599349621,P1
609057506,ferfly1,Muscicapa ferruginea,ミヤマヒタキ,3.5,2,"嘉義--阿里山森林遊樂區全區(Chiayi--Alishan Forest Recreation Area), Chiayi County, Taiwan",1 Jun 2012,Pam Rasmussen,23.5105,120.8039,Taiwan,False,ML609057506,P1
609057507,ferfly1,Muscicapa ferruginea,ミヤマヒタキ,3.0,2,"嘉義--阿里山森林遊樂區全區(Chiayi--Alishan Forest Recreation Area), Chiayi County, Taiwan",1 Jun 2012,Pam Rasmussen,23.5105,120.8039,Taiwan,False,ML609057507,P1
617351956,ferfly1,Muscicapa ferruginea,ミヤマヒタキ,4.333333333333333,3,"玉山NP--神木林道(Yushan NP--Shenmu Forest-Road), Nantou County, Taiwan",12 Apr 2024,Sheng Wun Jheng,23.4907,120.8823,Taiwan,False,ML617351956,P1
618751255,ferfly1,Muscicapa ferruginea,ミヤマヒタキ,3.0,1,"多加屯山, Yilan County, Taiwan",4 May 2024,Sheng Wun Jheng,24.3677,121.3811,Taiwan,False,ML618751255,P1
618752726,ferfly1,Muscicapa ferruginea,ミヤマヒタキ,2.0,1,"多加屯山, Yilan County, Taiwan",7 May 2024,Sheng Wun Jheng,24.3677,121.3811,Taiwan,False,ML618752726,P1
620339272,ferfly1,Muscicapa ferruginea,ミヤマヒタキ,4.0,1,"海螺沟冰川森林公园 (Hailuogou Glacier Forest Park), Sichuan, China",19 May 2024,Peter Boesman,29.579,102.0054,China,False,ML620339272,P1
620339275,ferfly1,Muscicapa ferruginea,ミヤマヒタキ,4.0,1,"海螺沟冰川森林公园 (Hailuogou Glacier Forest Park), Sichuan, China",19 May 2024,Peter Boesman,29.579,102.0054,China,False,ML620339275,P1
620339276,ferfly1,Muscicapa ferruginea,ミヤマヒタキ,3.0,1,"海螺沟冰川森林公园 (Hailuogou Glacier Forest Park), Sichuan, China",19 May 2024,Peter Boesman,29.579,102.0054,China,False,ML620339276,P1
620369141,ferfly1,Muscicapa ferruginea,ミヤマヒタキ,4.0,1,"楠溪林道, 神木村, 南投縣, TW (23.479, 120.887), Nantou County, Taiwan",26 May 2024,Vincent Lam,23.4785,120.8872,Taiwan,False,ML620369141,P1
621059684,ferfly1,Muscicapa ferruginea,ミヤマヒタキ,3.0,1,"太魯閣NP--奇萊連峰登山步道(黑水塘山屋-成功山屋)(Taroko NP--Qilai Peaks Trail (between Heishuitang Cabin & Chenggong Cabin)), Hualien County, Taiwan",2 Jul 2024,Sheng Wun Jheng,24.1173,121.315,Taiwan,False,ML621059684,P1
621059700,ferfly1,Muscicapa ferruginea,ミヤマヒタキ,5.0,1,"太魯閣NP--奇萊連峰登山步道(黑水塘山屋-成功山屋)(Taroko NP--Qilai Peaks Trail (between Heishuitang Cabin & Chenggong Cabin)), Hualien County, Taiwan",2 Jul 2024,Sheng Wun Jheng,24.1173,121.315,Taiwan,False,ML621059700,P1
621803216,ferfly1,Muscicapa ferruginea,ミヤマヒタキ,4.0,1,"嘉義--阿里山森林遊樂區青年活動中心(Chiayi--Alishan FRA Youth Activity Center), Chiayi County, Taiwan",16 Jul 2024,RIIO LU,23.5084,120.7908,Taiwan,False,ML621803216,P1
621890685,ferfly1,Muscicapa ferruginea,ミヤマヒタキ,3.0,1,"太魯閣NP--小風口(Taroko NP--Xiaofengkou), Nantou County, Taiwan",3 Jun 2011,Scott (瑞興) LIN(林),24.1619,121.2869,Taiwan,False,ML621890685,P1
621891018,ferfly1,Muscicapa ferruginea,ミヤマヒタキ,4.0,1,"太魯閣NP--小風口(Taroko NP--Xiaofengkou), Nantou County, Taiwan",24 Jun 2011,Scott (瑞興) LIN(林),24.1619,121.2869,Taiwan,False,ML621891018,P1
621891059,ferfly1,Muscicapa ferruginea,ミヤマヒタキ,5.0,2,"南投--溪頭自然教育園區全區(Nantou--Xitou Nature Education Area--All Area), Nantou County, Taiwan",15 Jul 2011,Scott (瑞興) LIN(林),23.6703,120.797,Taiwan,False,ML621891059,P1
621894305,ferfly1,Muscicapa ferruginea,ミヤマヒタキ,3.0,1,"太魯閣NP--關原觀雲山莊(Taroko NP--Guanyuan Guanyun Lodge), Hualien County, Taiwan",29 May 2024,Scott (瑞興) LIN(林),24.1874,121.3397,Taiwan,False,ML621894305,P1
622092052,ferfly1,Muscicapa ferruginea,ミヤマヒタキ,4.0,1,"檜山巨木步道 0-1.5K, Hsinchu County, Taiwan",2 Aug 2024,Sheng Wun Jheng,24.503,121.105,Taiwan,False,ML622092052,P1
622316612,ferfly1,Muscicapa ferruginea,ミヤマヒタキ,4.5,2,"BBS-B10-01-07, Taoyuan City, Taiwan",12 Jun 2015,Cynthia Su,24.7103,121.4375,Taiwan,False,ML622316612,P1
622317254,ferfly1,Muscicapa ferruginea,ミヤマヒタキ,3.5,2,"台中大雪山IBA--小雪山莊(50K)(Dasyueshan IBA--Xiaoxueshan Lodge (50K)), Taichung City, Taiwan",30 Apr 2011,Cynthia Su,24.2793,121.0259,Taiwan,False,ML622317254,P1
622536039,ferfly1,Muscicapa ferruginea,ミヤマヒタキ,3.0,1,"太魯閣NP--關原觀雲山莊(Taroko NP--Guanyuan Guanyun Lodge), Hualien County, Taiwan",29 May 2013,Cynthia Su,24.1874,121.3397,Taiwan,False,ML622536039,P1
622537011,ferfly1,Muscicapa ferruginea,ミヤマヒタキ,2.0,1,"桃園--拉拉山神木群步道(Taoyuan--Lalashan Sacred Trees Trail), Taoyuan City, Taiwan",18 Apr 2013,Cynthia Su,24.7107,121.4377,Taiwan,False,ML622537011,P1
625343901,ferfly1,Muscicapa ferruginea,ミヤマヒタキ,3.0,1,"MHE_503, Nantou County, Taiwan",8 Oct 2024,Lee-Lien WANG,24.194,121.2143,Taiwan,False,ML625343901,P1
625343902,ferfly1,Muscicapa ferruginea,ミヤマヒタキ,3.0,1,"MHE_503, Nantou County, Taiwan",8 Oct 2024,Lee-Lien WANG,24.194,121.2143,Taiwan,False,ML625343902,P1
625344032,ferfly1,Muscicapa ferruginea,ミヤマヒタキ,2.5,2,"MHE_503, Nantou County, Taiwan",8 Oct 2024,Lee-Lien WANG,24.194,121.2143,Taiwan,False,ML625344032,P1
626415734,ferfly1,Muscicapa ferruginea,ミヤマヒタキ,3.0,2,"Singapore Botanic Gardens, Singapore, Singapore",18 Nov 2024,Joshua Chong,1.3148,103.816,Singapore,False,ML626415734,P1
632752740,ferfly1,Muscicapa ferruginea,ミヤマヒタキ,4.0,2,"Mishmi Hills--Mayodia Pass (56 km), Lower Dibang Valley, Arunachal Pradesh, India",21 May 2024,Sudip Simha,28.242,95.9253,India,False,ML632752740,P1
632752741,ferfly1,Muscicapa ferruginea,ミヤマヒタキ,3.5,2,"Mishmi Hills--Mayodia Pass (56 km), Lower Dibang Valley, Arunachal Pradesh, India",21 May 2024,Sudip Simha,28.242,95.9253,India,False,ML632752741,P1
634450958,ferfly1,Muscicapa ferruginea,ミヤマヒタキ,0.0,0,"南投--溪頭自然教育園區全區(Nantou--Xitou Nature Education Area--All Area), Nantou County, Taiwan",25 Apr 2025,Scott (瑞興) LIN(林),23.6703,120.797,Taiwan,False,ML634450958,P1
634455959,ferfly1,Muscicapa ferruginea,ミヤマヒタキ,3.0,1,"820林道6K, Nantou County, Taiwan",21 Apr 2025,Sheng Wun Jheng,24.2002,121.3276,Taiwan,False,ML634455959,P1
634456112,ferfly1,Muscicapa ferruginea,ミヤマヒタキ,2.0,1,"820林道3.4K, Nantou County, Taiwan",21 Apr 2025,Sheng Wun Jheng,24.1967,121.3191,Taiwan,False,ML634456112,P1
636203004,ferfly1,Muscicapa ferruginea,ミヤマヒタキ,0.0,0,"金門--慈湖烏沙頭(Kinmen--Lake Ci Wusatou), Kinmen County, Taiwan",21 May 2025,Ting-Wei (廷維) HUNG (洪),24.4704,118.2916,Taiwan,False,ML636203004,P1
636280120,ferfly1,Muscicapa ferruginea,ミヤマヒタキ,0.0,0,"人倫林道北支線 C, Nantou County, Taiwan",13 May 2025,Sheng Wun Jheng,23.7035,120.9646,Taiwan,False,ML636280120,P1
636394551,ferfly1,Muscicapa ferruginea,ミヤマヒタキ,0.0,0,"南投--杉林溪森林生態渡假園區(Nantou--Sun-Link-Sea Resort), Nantou County, Taiwan",22 May 2025,任謙 黃,23.6369,120.7935,Taiwan,False,ML636394551,P1
637139409,ferfly1,Muscicapa ferruginea,ミヤマヒタキ,4.0,1,"中部橫貫公路, 富世村, 花蓮縣, TW (24.18, 121.314), Hualien County, Taiwan",6 Jun 2025,Scott (瑞興) LIN(林),24.1801,121.3144,Taiwan,False,ML637139409,P1
637139410,ferfly1,Muscicapa ferruginea,ミヤマヒタキ,4.0,1,"中部橫貫公路, 富世村, 花蓮縣, TW (24.18, 121.314), Hualien County, Taiwan",6 Jun 2025,Scott (瑞興) LIN(林),24.1801,121.3144,Taiwan,False,ML637139410,P1
637139411,ferfly1,Muscicapa ferruginea,ミヤマヒタキ,5.0,1,"中部橫貫公路, 富世村, 花蓮縣, TW (24.18, 121.314), Hualien County, Taiwan",6 Jun 2025,Scott (瑞興) LIN(林),24.1801,121.3144,Taiwan,False,ML637139411,P1
637139817,ferfly1,Muscicapa ferruginea,ミヤマヒタキ,0.0,0,"55 台14甲線, 富世村, 花蓮縣, TW (24.179, 121.303), Hualien County, Taiwan",6 Jun 2025,Scott (瑞興) LIN(林),24.1794,121.3033,Taiwan,False,ML637139817,P1
637140846,ferfly1,Muscicapa ferruginea,ミヤマヒタキ,0.0,0,"BBS-C30-02-02, Hualien County, Taiwan",6 Jun 2025,Scott (瑞興) LIN(林),24.1638,121.2884,Taiwan,False,ML637140846,P1
637140959,ferfly1,Muscicapa ferruginea,ミヤマヒタキ,0.0,0,"BBS-C30-02-02, Hualien County, Taiwan",6 Jun 2025,Scott (瑞興) LIN(林),24.1638,121.2884,Taiwan,False,ML637140959,P1
637141394,ferfly1,Muscicapa ferruginea,ミヤマヒタキ,0.0,0,"中部橫貫公路, 富世村, 花蓮縣, TW (24.188, 121.333), Hualien County, Taiwan",6 Jun 2025,Scott (瑞興) LIN(林),24.1877,121.3328,Taiwan,False,ML637141394,P1
637141405,ferfly1,Muscicapa ferruginea,ミヤマヒタキ,4.0,1,"中部橫貫公路, 富世村, 花蓮縣, TW (24.188, 121.333), Hualien County, Taiwan",6 Jun 2025,Scott (瑞興) LIN(林),24.1877,121.3328,Taiwan,False,ML637141405,P1
637141440,ferfly1,Muscicapa ferruginea,ミヤマヒタキ,4.0,1,"中部橫貫公路, 富世村, 花蓮縣, TW (24.188, 121.333), Hualien County, Taiwan",6 Jun 2025,Scott (瑞興) LIN(林),24.1877,121.3328,Taiwan,False,ML637141440,P1
637306894,ferfly1,Muscicapa ferruginea,ミヤマヒタキ,0.0,0,"55 台14甲線, 富世村, 花蓮縣, TW (24.179, 121.303), Hualien County, Taiwan",6 Jun 2025,Cynthia Su,24.1794,121.3033,Taiwan,False,ML637306894,P1
637306959,ferfly1,Muscicapa ferruginea,ミヤマヒタキ,0.0,0,"中部橫貫公路, 富世村, 花蓮縣, TW (24.18, 121.314), Hualien County, Taiwan",6 Jun 2025,Cynthia Su,24.1801,121.3144,Taiwan,False,ML637306959,P1
637306960,ferfly1,Muscicapa ferruginea,ミヤマヒタキ,0.0,0,"中部橫貫公路, 富世村, 花蓮縣, TW (24.18, 121.314), Hualien County, Taiwan",6 Jun 2025,Cynthia Su,24.1801,121.3144,Taiwan,False,ML637306960,P1
637591678,ferfly1,Muscicapa ferruginea,ミヤマヒタキ,1.0,1,"宜蘭--太平山國家森林遊樂區原始林步道(Yilan--Taipingshan NFRA Cypress Forest Trail), Yilan County, Taiwan",15 Jun 2025,Matthew Cook,24.4944,121.5348,Taiwan,False,ML637591678,P1
638179361,ferfly1,Muscicapa ferruginea,ミヤマヒタキ,5.0,2,"Shanlinxi Forest Rd, Zhushan Township TW-Nantou County (23.6306,120.7964), Nantou County, Taiwan",1 Jun 2025,Ben Tsai,23.6306,120.7964,Taiwan,False,ML638179361,P1
638229231,ferfly1,Muscicapa ferruginea,ミヤマヒタキ,3.0,1,"武陵兆豐橋茶園, Taichung City, Taiwan",30 Apr 2018,Donnie Tsui,24.3574,121.3123,Taiwan,False,ML638229231,P1
639021413,ferfly1,Muscicapa ferruginea,ミヤマヒタキ,4.5,2,"新竹--鴛鴦湖自然保留區(Hsinchu--Yuanyanghu Nature Reserve), Hsinchu County, Taiwan",15 Jul 2025,薛 國凌,24.5766,121.403,Taiwan,False,ML639021413,P1
640025388,ferfly1,Muscicapa ferruginea,ミヤマヒタキ,3.0,1,"樂山林道 5K, Hsinchu County, Taiwan",1 Aug 2025,Sheng Wun Jheng,24.4975,121.0922,Taiwan,False,ML640025388,P1
640075714,ferfly1,Muscicapa ferruginea,ミヤマヒタキ,4.5,2,"宜蘭--太平山國家森林遊樂區平元林道(Yilan--Taipingshan NFRA Pingyuan Forest-Road), Yilan County, Taiwan",7 Aug 2025,Chi-Hsuan Shao,24.5192,121.5731,Taiwan,False,ML640075714,P1
641649177,ferfly1,Muscicapa ferruginea,ミヤマヒタキ,0.0,0,"台中大雪山IBA--231林道/鳶嘴稍來小雪山國家步道(Dasyueshan IBA--231 Forest Road/Yuanzui Shaolai XiaoxueshanNational Trail), Taichung City, Taiwan",10 Sep 2025,Chien-wei(Bao) Tseng,24.2752,121.0213,Taiwan,False,ML641649177,P1
91094331,ferfly1,Muscicapa ferruginea,ミヤマヒタキ,2.0,1,"太魯閣NP--小風口(Taroko NP--Xiaofengkou), Nantou County, Taiwan",3 Jun 2011,Scott (瑞興) LIN(林),24.1619,121.2869,Taiwan,False,ML91094331,P1
96028221,ferfly1,Muscicapa ferruginea,ミヤマヒタキ,2.5,2,"BBSB1003-7, Hsinchu County, Taiwan",19 Apr 2018,Scott (瑞興) LIN(林),24.6818,121.2946,Taiwan,False,ML96028221,P1
96036641,ferfly1,Muscicapa ferruginea,ミヤマヒタキ,2.0,1,"Jianshihbao Divine Trees Trail, 尖石鄉, TW (24.552, 121.292), Hsinchu County, Taiwan",21 Apr 2018,Scott (瑞興) LIN(林),24.552,121.292,Taiwan,False,ML96036641,P1
96039701,ferfly1,Muscicapa ferruginea,ミヤマヒタキ,3.6666666666666665,3,"Jianshihbao Divine Trees Trail, 尖石鄉, TW (24.547, 121.291), Hsinchu County, Taiwan",21 Apr 2018,Scott (瑞興) LIN(林),24.5468,121.291,Taiwan,False,ML96039701,P1
203921821,flfshe,Ardenna carneipes,アカアシミズナギドリ,3.0,7,"Mercury Islands (-36.675, 175.947), Thames-Coromandel District, Waikato, New Zealand",14 Feb 2013,Josep del Hoyo,-36.675,175.947,New Zealand,False,ML203921821,P1
203926801,flfshe,Ardenna carneipes,アカアシミズナギドリ,4.0,6,"Hauraki Gulf--general, Auckland City, Auckland, New Zealand",19 Feb 2013,Josep del Hoyo,-36.6029,175.0974,New Zealand,False,ML203926801,P1
340610761,flfshe,Ardenna carneipes,アカアシミズナギドリ,5.0,4,"Whatupuke Island, Waipu NZ-Northland -35.88695, 174.75246, Whangarei District, Northland, New Zealand",21 Jan 2021,Patrick Crowe,-35.8869,174.7525,New Zealand,False,ML340610761,P1
343532901,flfshe,Ardenna carneipes,アカアシミズナギドリ,4.666666666666667,3,"NZ-Waikato-Mercury Islands-Ohinau Island-Beach, Thames-Coromandel District, Waikato, New Zealand",10 Dec 2020,Dan Burgin,-36.7232,175.8768,New Zealand,False,ML343532901,P1
343537821,flfshe,Ardenna carneipes,アカアシミズナギドリ,4.0,3,"NZ-Waikato-Mercury Islands-Ohinau Island-Camp, Thames-Coromandel District, Waikato, New Zealand",6 Dec 2020,Dan Burgin,-36.723,175.8771,New Zealand,False,ML343537821,P1
343538461,flfshe,Ardenna carneipes,アカアシミズナギドリ,3.6666666666666665,3,"NZ-Waikato-Mercury Islands-Ohinau Island-Beach, Thames-Coromandel District, Waikato, New Zealand",7 Dec 2020,Dan Burgin,-36.7232,175.8768,New Zealand,False,ML343538461,P1
343539281,flfshe,Ardenna carneipes,アカアシミズナギドリ,3.3333333333333335,3,"NZ-Waikato-Mercury Islands-Ohinau Island-Camp, Thames-Coromandel District, Waikato, New Zealand",8 Dec 2020,Dan Burgin,-36.723,175.8771,New Zealand,False,ML343539281,P1
343593701,flfshe,Ardenna carneipes,アカアシミズナギドリ,4.333333333333333,3,"NZ-Waikato-Mercury Islands-Ohinau Island-Camp, Thames-Coromandel District, Waikato, New Zealand",8 Dec 2020,Dan Burgin,-36.723,175.8771,New Zealand,False,ML343593701,P1
354875111,flfshe,Ardenna carneipes,アカアシミズナギドリ,3.0,3,"NZ-Northland-Waipu-Lady Alice Island, Whangarei District, Northland, New Zealand",19 Jan 2020,Dan Burgin,-35.8877,174.7194,New Zealand,False,ML354875111,P1
364541361,flfshe,Ardenna carneipes,アカアシミズナギドリ,4.666666666666667,3,"Lady Alice Island, Above hut, south side, NZ (-35.888, 174.72), Whangarei District, Northland, New Zealand",14 Nov 2020,Edin Whitehead,-35.8881,174.7199,New Zealand,False,ML364541361,P1
381124621,flfshe,Ardenna carneipes,アカアシミズナギドリ,3.6666666666666665,3,"St Alloarn Island Conservation Reserve, Leeuwin AU-WA (-34.4043,115.1971), Augusta-Margaret River, Western Australia, Australia",17 Oct 2021,Charlie Andrews,-34.4043,115.1971,Australia,False,ML381124621,P1
398939181,flfshe,Ardenna carneipes,アカアシミズナギドリ,4.333333333333333,3,"NZ-Waikato-Mercury Islands-Ohinau Island-Beach, Thames-Coromandel District, Waikato, New Zealand",6 Dec 2021,Dan Burgin,-36.7232,175.8768,New Zealand,False,ML398939181,P1
398939191,flfshe,Ardenna carneipes,アカアシミズナギドリ,4.0,3,"NZ-Waikato-Mercury Islands-Ohinau Island-Beach, Thames-Coromandel District, Waikato, New Zealand",6 Dec 2021,Dan Burgin,-36.7232,175.8768,New Zealand,False,ML398939191,P1
398939211,flfshe,Ardenna carneipes,アカアシミズナギドリ,4.0,3,"NZ-Waikato-Mercury Islands-Ohinau Island-Beach, Thames-Coromandel District, Waikato, New Zealand",6 Dec 2021,Dan Burgin,-36.7232,175.8768,New Zealand,False,ML398939211,P1
398940841,flfshe,Ardenna carneipes,アカアシミズナギドリ,2.6666666666666665,3,"NZ-Waikato-Mercury Islands-Ohinau Island-Camp, Thames-Coromandel District, Waikato, New Zealand",7 Dec 2021,Dan Burgin,-36.723,175.8771,New Zealand,False,ML398940841,P1
398941331,flfshe,Ardenna carneipes,アカアシミズナギドリ,4.0,3,"NZ-Waikato-Mercury Islands-Ohinau Island-Camp, Thames-Coromandel District, Waikato, New Zealand",12 Dec 2021,Dan Burgin,-36.723,175.8771,New Zealand,False,ML398941331,P1
398941361,flfshe,Ardenna carneipes,アカアシミズナギドリ,4.333333333333333,3,"NZ-Waikato-Mercury Islands-Ohinau Island-Camp, Thames-Coromandel District, Waikato, New Zealand",12 Dec 2021,Dan Burgin,-36.723,175.8771,New Zealand,False,ML398941361,P1
398942801,flfshe,Ardenna carneipes,アカアシミズナギドリ,3.6666666666666665,3,"NZ-Waikato-Mercury Islands-Ohinau Island-Beach, Thames-Coromandel District, Waikato, New Zealand",13 Dec 2021,Dan Burgin,-36.7232,175.8768,New Zealand,False,ML398942801,P1
398943081,flfshe,Ardenna carneipes,アカアシミズナギドリ,3.6666666666666665,3,"NZ-Waikato-Mercury Islands-Ohinau Island-Camp, Thames-Coromandel District, Waikato, New Zealand",13 Dec 2021,Dan Burgin,-36.723,175.8771,New Zealand,False,ML398943081,P1
398943091,flfshe,Ardenna carneipes,アカアシミズナギドリ,4.333333333333333,3,"NZ-Waikato-Mercury Islands-Ohinau Island-Camp, Thames-Coromandel District, Waikato, New Zealand",13 Dec 2021,Dan Burgin,-36.723,175.8771,New Zealand,False,ML398943091,P1
398943101,flfshe,Ardenna carneipes,アカアシミズナギドリ,4.0,3,"NZ-Waikato-Mercury Islands-Ohinau Island-Camp, Thames-Coromandel District, Waikato, New Zealand",13 Dec 2021,Dan Burgin,-36.723,175.8771,New Zealand,False,ML398943101,P1
398943121,flfshe,Ardenna carneipes,アカアシミズナギドリ,3.6666666666666665,3,"NZ-Waikato-Mercury Islands-Ohinau Island-Camp, Thames-Coromandel District, Waikato, New Zealand",13 Dec 2021,Dan Burgin,-36.723,175.8771,New Zealand,False,ML398943121,P1
398945141,flfshe,Ardenna carneipes,アカアシミズナギドリ,3.3333333333333335,3,"NZ-Waikato-Mercury Islands-Ohinau Island-Camp, Thames-Coromandel District, Waikato, New Zealand",18 Dec 2021,Dan Burgin,-36.723,175.8771,New Zealand,False,ML398945141,P1
398945251,flfshe,Ardenna carneipes,アカアシミズナギドリ,3.6666666666666665,3,"NZ-Waikato-Mercury Islands-Ohinau Island-Camp, Thames-Coromandel District, Waikato, New Zealand",18 Dec 2021,Dan Burgin,-36.723,175.8771,New Zealand,False,ML398945251,P1
398947961,flfshe,Ardenna carneipes,アカアシミズナギドリ,4.333333333333333,3,"NZ-Waikato-Mercury Islands-Ohinau Island-Camp Colony, Thames-Coromandel District, Waikato, New Zealand",20 Dec 2021,Dan Burgin,-36.7235,175.8772,New Zealand,False,ML398947961,P1
398947971,flfshe,Ardenna carneipes,アカアシミズナギドリ,4.75,4,"NZ-Waikato-Mercury Islands-Ohinau Island-Camp Colony, Thames-Coromandel District, Waikato, New Zealand",20 Dec 2021,Dan Burgin,-36.7235,175.8772,New Zealand,False,ML398947971,P1
398948071,flfshe,Ardenna carneipes,アカアシミズナギドリ,4.666666666666667,3,"NZ-Waikato-Mercury Islands-Ohinau Island-Camp Colony, Thames-Coromandel District, Waikato, New Zealand",20 Dec 2021,Dan Burgin,-36.7235,175.8772,New Zealand,False,ML398948071,P1
398948081,flfshe,Ardenna carneipes,アカアシミズナギドリ,4.0,3,"NZ-Waikato-Mercury Islands-Ohinau Island-Camp Colony, Thames-Coromandel District, Waikato, New Zealand",20 Dec 2021,Dan Burgin,-36.7235,175.8772,New Zealand,False,ML398948081,P1
398948301,flfshe,Ardenna carneipes,アカアシミズナギドリ,3.3333333333333335,3,"NZ-Waikato-Mercury Islands-Ohinau Island-Camp, Thames-Coromandel District, Waikato, New Zealand",20 Dec 2021,Dan Burgin,-36.723,175.8771,New Zealand,False,ML398948301,P1
411503831,flfshe,Ardenna carneipes,アカアシミズナギドリ,4.0,3,"NZ-Marlborough-Marlborough Sounds-Titi Island-Landing Rock, Marlborough District, Marlborough, New Zealand",17 Jan 2022,Dan Burgin,-40.9519,174.1392,New Zealand,False,ML411503831,P1
412945671,flfshe,Ardenna carneipes,アカアシミズナギドリ,4.666666666666667,3,"NZ-Marlborough-Marlborough Sounds-Titi Island-Camp Track, Marlborough District, Marlborough, New Zealand",17 Jan 2022,Dan Burgin,-40.9514,174.1399,New Zealand,False,ML412945671,P1
436007331,flfshe,Ardenna carneipes,アカアシミズナギドリ,3.0,3,"Offshore--Kiama Pelagic (SOSSA), Kiama, New South Wales, Australia",27 Mar 2021,Charlie Andrews,-34.8036,151.1789,Australia,False,ML436007331,P1
505039361,flfshe,Ardenna carneipes,アカアシミズナギドリ,4.666666666666667,3,"Northland, NZ (-35.83, 174.863), Whangarei District, Northland, New Zealand",6 Nov 2022,Nancy Houlihan,-35.8298,174.8631,New Zealand,False,ML505039361,P1
505541631,flfshe,Ardenna carneipes,アカアシミズナギドリ,3.25,4,"Northland, NZ (-35.845, 174.679), Whangarei District, Northland, New Zealand",6 Nov 2022,Nancy Houlihan,-35.8449,174.6786,New Zealand,False,ML505541631,P1
534277831,flfshe,Ardenna carneipes,アカアシミズナギドリ,3.3333333333333335,3,"South Pacific Ocean, Waitemata and Gulf Ward NZ-Auckland -35.94799, 175.07555, Auckland City, Auckland, New Zealand",22 Jan 2023,Ting-Wei (廷維) HUNG (洪),-35.948,175.0755,New Zealand,False,ML534277831,P1
609449735,flfshe,Ardenna carneipes,アカアシミズナギドリ,3.25,4,"Neds Beach, Lord Howe Island, New South Wales, Australia",30 Sep 2023,Max Weatherall,-31.5185,159.0655,Australia,False,ML609449735,P1
612537288,flfshe,Ardenna carneipes,アカアシミズナギドリ,4.6,5,"Poor Knights Shelf Area, Whangarei District, Northland, New Zealand",8 Feb 2023,Caiden B,-35.4677,174.9261,New Zealand,False,ML612537288,P1
615894221,flfshe,Ardenna carneipes,アカアシミズナギドリ,4.0,4,"Poor Knights Shelf Area, Whangarei District, Northland, New Zealand",16 Dec 2023,Ryan O'Donnell,-35.4677,174.9261,New Zealand,False,ML615894221,P1
615958178,flfshe,Ardenna carneipes,アカアシミズナギドリ,2.75,4,"NZ-Waikato-Mercury Islands-Ohinau Island-Camp, Thames-Coromandel District, Waikato, New Zealand",6 Dec 2023,Simon Lamb,-36.723,175.8771,New Zealand,False,ML615958178,P1
618805032,flfshe,Ardenna carneipes,アカアシミズナギドリ,2.3333333333333335,3,"宜蘭--東澳外海(Yilan--Dong'ao Pelagic), Yilan County, Taiwan",10 May 2024,Chi-Hsuan Shao,24.4837,122.0264,Taiwan,True,ML618805032,P1
618805039,flfshe,Ardenna carneipes,アカアシミズナギドリ,2.75,4,"宜蘭--東澳外海(Yilan--Dong'ao Pelagic), Yilan County, Taiwan",10 May 2024,Chi-Hsuan Shao,24.4837,122.0264,Taiwan,True,ML618805039,P1
623103596,flfshe,Ardenna carneipes,アカアシミズナギドリ,4.5,2,"Auto selected -34.73947, 119.63111, Jerramungup, Western Australia, Australia",12 Dec 2023,Nigel Jackett,-34.7395,119.6311,Australia,False,ML623103596,P1
623103805,flfshe,Ardenna carneipes,アカアシミズナギドリ,4.5,2,"Auto selected -34.73947, 119.63111, Jerramungup, Western Australia, Australia",12 Dec 2023,Nigel Jackett,-34.7395,119.6311,Australia,False,ML623103805,P1
624898027,flfshe,Ardenna carneipes,アカアシミズナギドリ,2.5,2,"Pelagic HotSpot, Mangalore, Arabian Sea: 12.84N, 74.74E, IN-KA, Dakshina Kannada, Karnataka, India",5 Oct 2024,Sahana M,12.8386,74.7358,India,False,ML624898027,P1
624941394,flfshe,Ardenna carneipes,アカアシミズナギドリ,4.0,2,"IN (12.762, 74.705), Dakshina Kannada, Karnataka, India",6 Oct 2024,Rahul Pereira,12.7621,74.7055,India,False,ML624941394,P1
626002350,flfshe,Ardenna carneipes,アカアシミズナギドリ,3.0,2,"Hauraki Gulf Pelagic, Auckland City, Auckland, New Zealand",21 Nov 2023,Eric DeFonso 🦑,-36.1523,174.9738,New Zealand,False,ML626002350,P1
626531121,flfshe,Ardenna carneipes,アカアシミズナギドリ,3.0,3,"Hauraki Gulf Pelagic, Auckland City, Auckland, New Zealand",24 Oct 2024,Sandra Keller,-36.1523,174.9738,New Zealand,False,ML626531121,P1
628702523,flfshe,Ardenna carneipes,アカアシミズナギドリ,3.5,2,"Bremer Marine Park (-34.7860,119.6060), Jerramungup, Western Australia, Australia",10 Dec 2024,Louis Masarei  |  Birding Southwest,-34.786,119.606,Australia,False,ML628702523,P1
628702524,flfshe,Ardenna carneipes,アカアシミズナギドリ,3.5,2,"Bremer Marine Park (-34.7860,119.6060), Jerramungup, Western Australia, Australia",10 Dec 2024,Louis Masarei  |  Birding Southwest,-34.786,119.606,Australia,False,ML628702524,P1
628702526,flfshe,Ardenna carneipes,アカアシミズナギドリ,4.333333333333333,3,"Bremer Marine Park (-34.7860,119.6060), Jerramungup, Western Australia, Australia",10 Dec 2024,Louis Masarei  |  Birding Southwest,-34.786,119.606,Australia,False,ML628702526,P1
631708552,flfshe,Ardenna carneipes,アカアシミズナギドリ,3.5,2,"Poor Knights Shelf Area, Whangarei District, Northland, New Zealand",10 Feb 2025,Russ Namitz,-35.4677,174.9261,New Zealand,False,ML631708552,P1
631813063,flfshe,Ardenna carneipes,アカアシミズナギドリ,3.0,2,"Offshore--Terrigal pelagic, Gosford, New South Wales, Australia",1 Mar 2025,Kerr Brad,-33.6489,151.855,Australia,False,ML631813063,P1
635646291,flfshe,Ardenna carneipes,アカアシミズナギドリ,2.5,2,"Auckland, NZ (-36.141, 174.948), Auckland City, Auckland, New Zealand",9 Feb 2025,Todd Deininger,-36.1407,174.9482,New Zealand,False,ML635646291,P1
635646434,flfshe,Ardenna carneipes,アカアシミズナギドリ,5.0,2,"Auckland, NZ (-36.141, 174.948), Auckland City, Auckland, New Zealand",9 Feb 2025,Todd Deininger,-36.1407,174.9482,New Zealand,False,ML635646434,P1
646275784,flfshe,Ardenna carneipes,アカアシミズナギドリ,2.0,1,"Neds Beach, Lord Howe Island, New South Wales, Australia",8 Oct 2025,Paul Brooks,-31.5185,159.0655,Australia,False,ML646275784,P1
646784271,flfshe,Ardenna carneipes,アカアシミズナギドリ,2.0,1,"Bremer Marine Park (-34.7528,119.6637), Jerramungup, Western Australia, Australia",7 Dec 2025,Morgan Pickering,-34.7528,119.6637,Australia,False,ML646784271,P1
646784553,flfshe,Ardenna carneipes,アカアシミズナギドリ,3.0,1,"Bremer Marine Park (-34.7332,119.6876), Jerramungup, Western Australia, Australia",7 Dec 2025,Morgan Pickering,-34.7332,119.6876,Australia,False,ML646784553,P1
646829233,flfshe,Ardenna carneipes,アカアシミズナギドリ,4.0,1,"Bremer Marine Park (-34.7601,119.6122), Jerramungup, Western Australia, Australia",8 Dec 2025,Morgan Pickering,-34.7601,119.6122,Australia,False,ML646829233,P1
646829234,flfshe,Ardenna carneipes,アカアシミズナギドリ,3.0,1,"Bremer Marine Park (-34.7601,119.6122), Jerramungup, Western Australia, Australia",8 Dec 2025,Morgan Pickering,-34.7601,119.6122,Australia,False,ML646829234,P1
646829235,flfshe,Ardenna carneipes,アカアシミズナギドリ,3.0,1,"Bremer Marine Park (-34.7601,119.6122), Jerramungup, Western Australia, Australia",8 Dec 2025,Morgan Pickering,-34.7601,119.6122,Australia,False,ML646829235,P1
646829554,flfshe,Ardenna carneipes,アカアシミズナギドリ,4.0,1,"Bremer Marine Park (-34.7415,119.6301), Jerramungup, Western Australia, Australia",8 Dec 2025,Morgan Pickering,-34.7415,119.6301,Australia,False,ML646829554,P1
646829555,flfshe,Ardenna carneipes,アカアシミズナギドリ,4.0,1,"Bremer Marine Park (-34.7415,119.6301), Jerramungup, Western Australia, Australia",8 Dec 2025,Morgan Pickering,-34.7415,119.6301,Australia,False,ML646829555,P1
648355290,flfshe,Ardenna carneipes,アカアシミズナギドリ,3.0,1,"Indian Ocean (-34.7047,119.5945), Jerramungup, Western Australia, Australia",6 Dec 2025,Stewart  Ford,-34.7047,119.5945,Australia,False,ML648355290,P1
648355291,flfshe,Ardenna carneipes,アカアシミズナギドリ,3.0,1,"Indian Ocean (-34.7047,119.5945), Jerramungup, Western Australia, Australia",6 Dec 2025,Stewart  Ford,-34.7047,119.5945,Australia,False,ML648355291,P1
648355292,flfshe,Ardenna carneipes,アカアシミズナギドリ,0.0,0,"Indian Ocean (-34.7047,119.5945), Jerramungup, Western Australia, Australia",6 Dec 2025,Stewart  Ford,-34.7047,119.5945,Australia,False,ML648355292,P1
648355293,flfshe,Ardenna carneipes,アカアシミズナギドリ,0.0,0,"Indian Ocean (-34.7047,119.5945), Jerramungup, Western Australia, Australia",6 Dec 2025,Stewart  Ford,-34.7047,119.5945,Australia,False,ML648355293,P1
648355294,flfshe,Ardenna carneipes,アカアシミズナギドリ,3.0,1,"Indian Ocean (-34.7047,119.5945), Jerramungup, Western Australia, Australia",6 Dec 2025,Stewart  Ford,-34.7047,119.5945,Australia,False,ML648355294,P1
648355295,flfshe,Ardenna carneipes,アカアシミズナギドリ,3.0,1,"Indian Ocean (-34.7047,119.5945), Jerramungup, Western Australia, Australia",6 Dec 2025,Stewart  Ford,-34.7047,119.5945,Australia,False,ML648355295,P1
648355296,flfshe,Ardenna carneipes,アカアシミズナギドリ,3.0,1,"Indian Ocean (-34.7047,119.5945), Jerramungup, Western Australia, Australia",6 Dec 2025,Stewart  Ford,-34.7047,119.5945,Australia,False,ML648355296,P1
648357351,flfshe,Ardenna carneipes,アカアシミズナギドリ,3.0,1,"Bremer Marine Park (-34.7702,119.6358), Jerramungup, Western Australia, Australia",7 Dec 2025,Stewart  Ford,-34.7702,119.6358,Australia,False,ML648357351,P1
648359755,flfshe,Ardenna carneipes,アカアシミズナギドリ,3.0,1,"Bremer Marine Park (-34.7590,119.6315), Jerramungup, Western Australia, Australia",9 Dec 2025,Stewart  Ford,-34.759,119.6315,Australia,False,ML648359755,P1
648359756,flfshe,Ardenna carneipes,アカアシミズナギドリ,3.0,1,"Bremer Marine Park (-34.7590,119.6315), Jerramungup, Western Australia, Australia",9 Dec 2025,Stewart  Ford,-34.759,119.6315,Australia,False,ML648359756,P1
648359757,flfshe,Ardenna carneipes,アカアシミズナギドリ,0.0,0,"Bremer Marine Park (-34.7590,119.6315), Jerramungup, Western Australia, Australia",9 Dec 2025,Stewart  Ford,-34.759,119.6315,Australia,False,ML648359757,P1
648359758,flfshe,Ardenna carneipes,アカアシミズナギドリ,3.0,1,"Bremer Marine Park (-34.7590,119.6315), Jerramungup, Western Australia, Australia",9 Dec 2025,Stewart  Ford,-34.759,119.6315,Australia,False,ML648359758,P1
648359759,flfshe,Ardenna carneipes,アカアシミズナギドリ,3.0,1,"Bremer Marine Park (-34.7590,119.6315), Jerramungup, Western Australia, Australia",9 Dec 2025,Stewart  Ford,-34.759,119.6315,Australia,False,ML648359759,P1
649437173,flfshe,Ardenna carneipes,アカアシミズナギドリ,0.0,0,"Offshore--Sydney Pelagic, Waverley, New South Wales, Australia",23 Jan 2026,Greg McLachlan,-33.9167,151.4167,Australia,False,ML649437173,P1
649620933,flfshe,Ardenna carneipes,アカアシミズナギドリ,3.0,1,"Ebbtide, Lord Howe Island, New South Wales, Australia",11 Jan 2026,Annabelle Bueman,-31.5195,159.07,Australia,False,ML649620933,P1
649829742,flfshe,Ardenna carneipes,アカアシミズナギドリ,2.0,1,"Ebbtide, Lord Howe Island, New South Wales, Australia",19 Jan 2026,Annabelle Bueman,-31.5195,159.07,Australia,False,ML649829742,P1
649829744,flfshe,Ardenna carneipes,アカアシミズナギドリ,3.0,1,"Ebbtide, Lord Howe Island, New South Wales, Australia",19 Jan 2026,Annabelle Bueman,-31.5195,159.07,Australia,False,ML649829744,P1
74012981,flfshe,Ardenna carneipes,アカアシミズナギドリ,3.625,8,"Neds Beach, Lord Howe Island, New South Wales, Australia",15 Oct 2017,Edward Smith,-31.5185,159.0655,Australia,False,ML74012981,P1
83329251,flfshe,Ardenna carneipes,アカアシミズナギドリ,4.625,8,"NZ-Waipu-Lady Alice Island, Whangarei District, Northland, New Zealand",12 Jan 2018,Patrick Crowe,-35.887,174.7185,New Zealand,False,ML83329251,P1
991,flfshe,Ardenna carneipes,アカアシミズナギドリ,3.375,8,"Lord Howe Is., New South Wales, Australia",4 Feb 1961,F. N. Robinson,-31.5333,159.0833,Australia,False,ML991,P1
132029,ftspet,Hydrobates furcatus,ハイイロウミツバメ,4.75,8,"Buldir; Cassin's Auklet Valley, Alaska, United States",15 Jul 2006,Sampath Seneviratne,52.35,175.9333,United States,False,ML132029,P1
136438,ftspet,Hydrobates furcatus,ハイイロウミツバメ,3.125,8,"Saint Lazaria Island, Sitka City and Borough, Alaska, United States",14 Jun 2007,Mike Andersen,56.9868,-135.7125,United States,False,ML136438,P1
136440,ftspet,Hydrobates furcatus,ハイイロウミツバメ,4.142857142857143,7,"Saint Lazaria Island, Sitka City and Borough, Alaska, United States",14 Jun 2007,Mike Andersen,56.9868,-135.7125,United States,False,ML136440,P1
136449,ftspet,Hydrobates furcatus,ハイイロウミツバメ,3.375,8,"Saint Lazaria Island, Sitka City and Borough, Alaska, United States",16 Jun 2007,Mike Andersen,56.9868,-135.7125,United States,False,ML136449,P1
136461,ftspet,Hydrobates furcatus,ハイイロウミツバメ,4.0,7,"Saint Lazaria Island, Sitka City and Borough, Alaska, United States",17 Jun 2007,Mike Andersen,56.9868,-135.7125,United States,False,ML136461,P1
137862,ftspet,Hydrobates furcatus,ハイイロウミツバメ,3.75,8,"Saint Lazaria National Wildlife Refuge, Alaska, United States",14 Jun 2007,Gerrit Vyn,0.0,0.0,United States,False,ML137862,P1
137870,ftspet,Hydrobates furcatus,ハイイロウミツバメ,4.142857142857143,7,"Saint Lazaria National Wildlife Refuge; around the cabin, Alaska, United States",16 Jun 2007,Gerrit Vyn,0.0,0.0,United States,False,ML137870,P1
43019011,ftspet,Hydrobates furcatus,ハイイロウミツバメ,2.5,8,"Alaska Maritime NWR--Buldir Island, Aleutians West Census Area, Alaska, United States",10 Jul 2016,McKenzie Mudge,52.3504,175.9172,United States,False,ML43019011,P1
55749821,ftspet,Hydrobates furcatus,ハイイロウミツバメ,2.625,8,"Haida Gwaii--Ramsay Island and Northern Juan Perez Islands BC IBA140, Skeena-Queen Charlotte, British Columbia, Canada",30 Mar 2017,Carey Bergman,52.577,-131.439,Canada,False,ML55749821,P1
203909681,grebus1,Otis tarda,ノガン,2.704225352112676,71,"Calera y Chozas (39.8839, -4.985), Toledo, Castilla-La Mancha, Spain",29 Mar 2018,Josep del Hoyo,39.8839,-4.985,Spain,False,ML203909681,P1
540277401,grebus1,Otis tarda,ノガン,2.55,20,"Herdade de São Marcos-Belver, Castro Verde, Beja, Portugal",24 Feb 2023,Nelson Conceição,37.7129,-7.8914,Portugal,False,ML540277401,P1
613266669,grebus1,Otis tarda,ノガン,2.909090909090909,22,"Los Oteros ZEPA--San Román, León, Castilla y León, Spain",7 Jan 2024,João Tomás,42.3926,-5.3938,Spain,False,ML613266669,P1
133751911,grefri,Fregata minor,オオグンカンドリ,4.636363636363637,11,"Genovesa--Prince Philip's Steps, Galápagos, Ecuador",5 Apr 2011,Eric DeFonso 🦑,0.3029,-89.9511,Ecuador,False,ML133751911,P1
133751961,grefri,Fregata minor,オオグンカンドリ,4.222222222222222,9,"Genovesa--Prince Philip's Steps, Galápagos, Ecuador",5 Apr 2011,Eric DeFonso 🦑,0.3029,-89.9511,Ecuador,False,ML133751961,P1
310421,grefri,Fregata minor,オオグンカンドリ,3.5555555555555554,9,"Isla Genovesa--Área general, Galápagos, Ecuador",27 Apr 1998,Claude Chappuis,0.3282,-89.9562,Ecuador,False,ML310421,P1
32594,grefri,Fregata minor,オオグンカンドリ,2.25,8,"Hawaii, United States",Unknown,Chandler Robbins,0.0,0.0,United States,False,ML32594,P1
32595,grefri,Fregata minor,オオグンカンドリ,3.5,8,"Hawaii, United States",Unknown,Chandler Robbins,0.0,0.0,United States,False,ML32595,P1
32596,grefri,Fregata minor,オオグンカンドリ,2.3333333333333335,9,"Hawaii, United States",Unknown,Chandler Robbins,0.0,0.0,United States,False,ML32596,P1
32597,grefri,Fregata minor,オオグンカンドリ,3.2222222222222223,9,"Hawaii, United States",Unknown,Chandler Robbins,0.0,0.0,United States,False,ML32597,P1
32598,grefri,Fregata minor,オオグンカンドリ,3.625,8,"Hawaii, United States",Unknown,Chandler Robbins,0.0,0.0,United States,False,ML32598,P1
32599,grefri,Fregata minor,オオグンカンドリ,3.0,9,"Hawaii, United States",Unknown,Chandler Robbins,0.0,0.0,United States,False,ML32599,P1
32600,grefri,Fregata minor,オオグンカンドリ,2.75,8,"Hawaii, United States",Unknown,Chandler Robbins,0.0,0.0,United States,False,ML32600,P1
32620,grefri,Fregata minor,オオグンカンドリ,2.888888888888889,9,"Hawaii, United States",Unknown,Chandler Robbins,0.0,0.0,United States,False,ML32620,P1
432328971,grefri,Fregata minor,オオグンカンドリ,3.7777777777777777,9,"Genovesa--Prince Philip's Steps, Galápagos, Ecuador",18 Mar 2022,Chris Leys,0.3029,-89.9511,Ecuador,False,ML432328971,P1
486074641,grefri,Fregata minor,オオグンカンドリ,3.7777777777777777,9,"Midway Atoll NWR--Eastern Island, Midway Islands, United States Minor Outlying Islands",11 Apr 2022,Percy Ulsamer,28.2108,-177.3287,United States Minor Outlying Islands,False,ML486074641,P1
503689481,grefri,Fregata minor,オオグンカンドリ,2.6666666666666665,9,"Seymour norte (senderos y alrededores), Galápagos, Ecuador",17 Mar 2022,Chris Leys,-0.3933,-90.2856,Ecuador,False,ML503689481,P1
50676,grefri,Fregata minor,オオグンカンドリ,2.7777777777777777,9,"Isla del Coco, Puntarenas, Costa Rica",Apr 1991,Paul Coopmans,0.0,0.0,Costa Rica,False,ML50676,P1
610228241,grefri,Fregata minor,オオグンカンドリ,3.4444444444444446,9,"San Cristóbal--Islote Lobos y alrededores, Galápagos, Ecuador",31 May 2023,Michael O'Brien,-0.8559,-89.5659,Ecuador,False,ML610228241,P1
620920920,grefri,Fregata minor,オオグンカンドリ,3.5555555555555554,9,"Genovesa--Bahía Darwin, Galápagos, Ecuador",17 Jun 2024,Michael O'Brien,0.3124,-89.9543,Ecuador,False,ML620920920,P1
621989653,grefri,Fregata minor,オオグンカンドリ,2.888888888888889,9,"Genovesa--Prince Philip's Steps, Galápagos, Ecuador",15 Jul 2024,Kevin Seymour,0.3029,-89.9511,Ecuador,False,ML621989653,P1
622449227,grefri,Fregata minor,オオグンカンドリ,2.7777777777777777,9,"Genovesa--Bahía Darwin, Galápagos, Ecuador",22 Jul 2024,Neil Dowling,0.3124,-89.9543,Ecuador,False,ML622449227,P1
632973557,grefri,Fregata minor,オオグンカンドリ,2.25,8,"Genovesa--Prince Philip's Steps, Galápagos, Ecuador",12 Mar 2025,Debbie Jacquez,0.3029,-89.9511,Ecuador,False,ML632973557,P1
638743152,grefri,Fregata minor,オオグンカンドリ,4.0,4,"Genovesa--Bahía Darwin, Galápagos, Ecuador",21 Jun 2025,Herb Elliott,0.3124,-89.9543,Ecuador,False,ML638743152,P1
638743153,grefri,Fregata minor,オオグンカンドリ,4.2,5,"Genovesa--Bahía Darwin, Galápagos, Ecuador",21 Jun 2025,Herb Elliott,0.3124,-89.9543,Ecuador,False,ML638743153,P1
85936,grefri,Fregata minor,オオグンカンドリ,3.0,9,"Genovesa--Bahía Darwin, Galápagos, Ecuador",13 Feb 1962,Robert I. Bowman,0.3124,-89.9543,Ecuador,False,ML85936,P1
85970,grefri,Fregata minor,オオグンカンドリ,2.7777777777777777,9,"Genovesa--Bahía Darwin, Galápagos, Ecuador",18 Feb 1962,Robert I. Bowman,0.3124,-89.9543,Ecuador,False,ML85970,P1
96878,grefri,Fregata minor,オオグンカンドリ,3.111111111111111,9,"Vostok Island, Kiribati",22 Jun 1995,Doug Pratt,0.0,0.0,Kiribati,False,ML96878,P1
217167841,grekno,Calidris tenuirostris,オバシギ,3.6,10,"Queens Esplanade, Thorneside, Redland, Queensland, Australia",22 Mar 2020,Sara Young,-27.4779,153.2031,Australia,False,ML217167841,P1
223724821,grekno,Calidris tenuirostris,オバシギ,2.9,10,"24-12 利澤西路, 五結鄉, TW (24.661, 121.815), Yilan County, Taiwan",14 Apr 2020,薛 國凌,24.6605,121.8149,Taiwan,False,ML223724821,P1
326107571,grekno,Calidris tenuirostris,オバシギ,2.3333333333333335,9,"Lingayen Gulf, Lingayen, Pangasinan, Philippines",13 Apr 2021,Kim Cancino,16.1591,120.2568,Philippines,False,ML326107571,P1
353165181,grekno,Calidris tenuirostris,オバシギ,2.4444444444444446,9,"彰化--王功永興海埔地(Changhua--Wanggong Yongxing Tidal Land), Changhua County, Taiwan",31 Mar 2021,Jhih-Wei (志偉) TSAI (蔡),23.9512,120.3219,Taiwan,False,ML353165181,P1
353165461,grekno,Calidris tenuirostris,オバシギ,2.4444444444444446,9,"彰化--王功永興海埔地(Changhua--Wanggong Yongxing Tidal Land), Changhua County, Taiwan",31 Mar 2021,Jhih-Wei (志偉) TSAI (蔡),23.9512,120.3219,Taiwan,False,ML353165461,P1
358358481,grekno,Calidris tenuirostris,オバシギ,3.0,10,"Lingayen Gulf, Lingayen, Pangasinan, Philippines",31 Jul 2021,Kim Cancino,16.1591,120.2568,Philippines,False,ML358358481,P1
358385681,grekno,Calidris tenuirostris,オバシギ,3.6,10,"Lingayen Gulf, Lingayen, Pangasinan, Philippines",31 Jul 2021,Kim Cancino,16.1591,120.2568,Philippines,False,ML358385681,P1
361069821,grekno,Calidris tenuirostris,オバシギ,3.2,10,"Lingayen Gulf, Lingayen, Pangasinan, Philippines",13 Aug 2021,Kim Cancino,16.1591,120.2568,Philippines,False,ML361069821,P1
361069851,grekno,Calidris tenuirostris,オバシギ,3.3,10,"Lingayen Gulf, Lingayen, Pangasinan, Philippines",13 Aug 2021,Kim Cancino,16.1591,120.2568,Philippines,False,ML361069851,P1
424359361,grekno,Calidris tenuirostris,オバシギ,2.5555555555555554,9,"Mangroves near Orchard Rd (Coconut Grove), Darwin, Northern Territory, Australia",12 Mar 2022,James Lambert,-12.3966,130.8472,Australia,False,ML424359361,P1
507195741,grekno,Calidris tenuirostris,オバシギ,2.9,10,"Barron River Mouth, Cairns, Queensland, Australia",22 Nov 2022,Zebedee Muller,-16.8617,145.7616,Australia,False,ML507195741,P1
617263771,grekno,Calidris tenuirostris,オバシギ,3.3,10,"金門--慈湖慈堤(Kinmen--Ci Causeway), Kinmen County, Taiwan",12 Apr 2024,Ting-Wei (廷維) HUNG (洪),24.4632,118.3009,Taiwan,False,ML617263771,P1
617470196,grekno,Calidris tenuirostris,オバシギ,3.2,10,"宜蘭竹安IBA--空中撈魚/王通塭(Zhu'an IBA--Kongzhonglaoyu/Wangtongwen), Yilan County, Taiwan",10 Apr 2024,薛 國凌,24.8231,121.8084,Taiwan,False,ML617470196,P1
623468224,grekno,Calidris tenuirostris,オバシギ,3.3,10,"Sonadia Island (Cox's Bazar), Chittagong bibhag, Bangladesh",7 Sep 2024,Gary Allport,21.5146,91.8847,Bangladesh,False,ML623468224,P1
627681044,grekno,Calidris tenuirostris,オバシギ,1.4285714285714286,7,"Broome Bird Observatory Beach, Broome, Western Australia, Australia",1 Apr 2024,David Secomb,-17.9774,122.3455,Australia,False,ML627681044,P1
627681048,grekno,Calidris tenuirostris,オバシギ,2.625,8,"Broome Bird Observatory Beach, Broome, Western Australia, Australia",1 Apr 2024,David Secomb,-17.9774,122.3455,Australia,False,ML627681048,P1
633154354,grekno,Calidris tenuirostris,オバシギ,2.5714285714285716,7,"金門--金沙浦邊海岸(Kinmen--Jinsha Pubian Seashore), Kinmen County, Taiwan",3 Apr 2025,Ting-Wei (廷維) HUNG (洪),24.4794,118.383,Taiwan,False,ML633154354,P1
633204379,grekno,Calidris tenuirostris,オバシギ,3.2222222222222223,9,"Sankina Aquaculture, Sabah, Malaysia",29 Mar 2025,Dave Bakewell,4.2596,118.0756,Malaysia,False,ML633204379,P1
645882906,grekno,Calidris tenuirostris,オバシギ,0.0,0,"Broome Bird Observatory Beach, Broome, Western Australia, Australia",29 Dec 2024,David Secomb,-17.9774,122.3455,Australia,False,ML645882906,P1
645882907,grekno,Calidris tenuirostris,オバシギ,3.0,1,"Broome Bird Observatory Beach, Broome, Western Australia, Australia",29 Dec 2024,David Secomb,-17.9774,122.3455,Australia,False,ML645882907,P1
645882908,grekno,Calidris tenuirostris,オバシギ,3.0,1,"Broome Bird Observatory Beach, Broome, Western Australia, Australia",29 Dec 2024,David Secomb,-17.9774,122.3455,Australia,False,ML645882908,P1
122720771,gresca,Aythya marila,スズガモ,2.380434782608696,92,"Burlington--LaSalle Park/Marina, Halton, Ontario, Canada",8 Nov 2018,Frank Pinilla,43.3022,-79.8444,Canada,False,ML122720771,P1
130800,gresca,Aythya marila,スズガモ,3.652173913043478,92,"Ester, Fairbanks North Star Borough, Alaska, United States",7 Jun 2006,Mike Andersen,64.907,-147.9378,United States,False,ML130800,P1
136381,gresca,Aythya marila,スズガモ,3.4456521739130435,92,"Council Road: Safety Sound; Bonanza Channel, Nome Census Area, Alaska, United States",2 Jun 2007,Mike Andersen,64.5431,-164.439,United States,False,ML136381,P1
136398,gresca,Aythya marila,スズガモ,3.3260869565217392,92,"Kougarok Road: Mile 39; NE Salmon Lake, Nome Census Area, Alaska, United States",4 Jun 2007,Mike Andersen,64.9225,-164.8929,United States,False,ML136398,P1
136421,gresca,Aythya marila,スズガモ,3.1847826086956523,92,"Kougarok Rd.--Pilgrim Hot Springs, Nome Census Area, Alaska, United States",6 Jun 2007,Mike Andersen,65.0869,-164.9222,United States,False,ML136421,P1
137555,gresca,Aythya marila,スズガモ,3.282608695652174,92,"big lake, Kougarok Road, Nome, Nome Census Area, Alaska, United States",1 Jun 2007,Gerrit Vyn,0.0,0.0,United States,False,ML137555,P1
137563,gresca,Aythya marila,スズガモ,3.2282608695652173,92,"Safety Sound, about a mile beyond the bridge, Nome Census Area, Alaska, United States",2 Jun 2007,Gerrit Vyn,0.0,0.0,United States,False,ML137563,P1
137590,gresca,Aythya marila,スズガモ,3.3152173913043477,92,"Nome, on the Kougarok Rd, Nome Census Area, Alaska, United States",4 Jun 2007,Gerrit Vyn,64.706,-165.2954,United States,False,ML137590,P1
137591,gresca,Aythya marila,スズガモ,2.869565217391304,92,"Salmon Lake, Nome Census Area, Alaska, United States",4 Jun 2007,Gerrit Vyn,0.0,0.0,United States,False,ML137591,P1
137597,gresca,Aythya marila,スズガモ,3.608695652173913,92,"Pilgrim Hot Springs Rd, off Kougarok Rd., Nome Census Area, Alaska, United States",4 Jun 2007,Gerrit Vyn,0.0,0.0,United States,False,ML137597,P1
137599,gresca,Aythya marila,スズガモ,3.5,92,"Pilgrim Hot Springs Rd, off Kougarok Rd., Nome Census Area, Alaska, United States",4 Jun 2007,Gerrit Vyn,0.0,0.0,United States,False,ML137599,P1
137822,gresca,Aythya marila,スズガモ,3.0549450549450547,91,"Pilgrim Hot Springs Rd, off Kougarok Rd., Nome Census Area, Alaska, United States",4 Jun 2007,Gerrit Vyn,0.0,0.0,United States,False,ML137822,P1
137825,gresca,Aythya marila,スズガモ,3.989130434782609,92,"Pilgrim Hot Springs Rd, off Kougarok Rd., Nome Census Area, Alaska, United States",5 Jun 2007,Gerrit Vyn,0.0,0.0,United States,False,ML137825,P1
137829,gresca,Aythya marila,スズガモ,3.5760869565217392,92,"Pilgrim Hot Springs Rd, off Kougarok Rd., Nome Census Area, Alaska, United States",5 Jun 2007,Gerrit Vyn,0.0,0.0,United States,False,ML137829,P1
137832,gresca,Aythya marila,スズガモ,3.402173913043478,92,"Pilgrim Hot Springs Rd, off Kougarok Rd., Nome Census Area, Alaska, United States",5 Jun 2007,Gerrit Vyn,0.0,0.0,United States,False,ML137832,P1
137835,gresca,Aythya marila,スズガモ,3.402173913043478,92,"Teller Rd., Nome Census Area, Alaska, United States",6 Jun 2007,Gerrit Vyn,0.0,0.0,United States,False,ML137835,P1
137838,gresca,Aythya marila,スズガモ,3.5869565217391304,92,"Pilgrim Creek, Nome Census Area, Alaska, United States",6 Jun 2007,Gerrit Vyn,0.0,0.0,United States,False,ML137838,P1
137841,gresca,Aythya marila,スズガモ,3.340659340659341,91,"slough at entrance gate Pilgrim Creek, Nome Census Area, Alaska, United States",6 Jun 2007,Gerrit Vyn,0.0,0.0,United States,False,ML137841,P1
137842,gresca,Aythya marila,スズガモ,3.358695652173913,92,"slough at entrance gate Pilgrim Creek, Nome Census Area, Alaska, United States",6 Jun 2007,Gerrit Vyn,0.0,0.0,United States,False,ML137842,P1
144019751,gresca,Aythya marila,スズガモ,1.3804347826086956,92,"Broughton Beach, Multnomah, Oregon, United States",5 Mar 2019,Colby Neuman,45.6004,-122.6153,United States,False,ML144019751,P1
172093981,gresca,Aythya marila,スズガモ,2.7419354838709675,93,"Smith College--Paradise Pond, Hampshire, Massachusetts, United States",11 Aug 2019,Mary McKitrick,42.3183,-72.642,United States,False,ML172093981,P1
300280561,gresca,Aythya marila,スズガモ,2.6236559139784945,93,"Trustom Pond NWR, Washington, Rhode Island, United States",29 Nov 2020,Nathaniel Sharp,41.3808,-71.587,United States,False,ML300280561,P1
303290,gresca,Aythya marila,スズガモ,3.6382978723404253,94,"Nome-Council Road––Nome to Safety Sound, Nome Census Area, Alaska, United States",1 Jun 2016,Peter Boesman,64.4731,-165.2038,United States,False,ML303290,P1
303291,gresca,Aythya marila,スズガモ,3.574468085106383,94,"Nome-Council Road––Nome to Safety Sound, Nome Census Area, Alaska, United States",1 Jun 2016,Peter Boesman,64.4731,-165.2038,United States,False,ML303291,P1
303292,gresca,Aythya marila,スズガモ,3.617021276595745,94,"Nome-Council Road––Nome to Safety Sound, Nome Census Area, Alaska, United States",1 Jun 2016,Peter Boesman,64.4731,-165.2038,United States,False,ML303292,P1
398643891,gresca,Aythya marila,スズガモ,2.3369565217391304,92,"Philadelphia Naval Yard (restricted access), Philadelphia, Pennsylvania, United States",24 Dec 2021,Jack Smallwood,39.8876,-75.1659,United States,False,ML398643891,P1
398643961,gresca,Aythya marila,スズガモ,2.347826086956522,92,"Philadelphia Naval Yard (restricted access), Philadelphia, Pennsylvania, United States",24 Dec 2021,Jack Smallwood,39.8876,-75.1659,United States,False,ML398643961,P1
421430831,gresca,Aythya marila,スズガモ,2.2795698924731185,93,"Lake Merritt, Alameda, California, United States",1 Mar 2022,Chris Ortega,37.8035,-122.2567,United States,False,ML421430831,P1
42989,gresca,Aythya marila,スズガモ,3.7282608695652173,92,"Pond Beside Road To Rocket Range, Churchill, Manitoba, Canada",12 Jun 1979,William W. H. Gunn,0.0,0.0,Canada,False,ML42989,P1
42990,gresca,Aythya marila,スズガモ,3.3956043956043955,91,"Range Road, Churchill, Manitoba, Canada",12 Jun 1979,William W. H. Gunn,0.0,0.0,Canada,False,ML42990,P1
42991,gresca,Aythya marila,スズガモ,3.25,92,"A Pond On Range Road, Churchill, Manitoba, Canada",12 Jun 1979,William W. H. Gunn,0.0,0.0,Canada,False,ML42991,P1
444104281,gresca,Aythya marila,スズガモ,3.6236559139784945,93,"Tuktoyaktuk, Inuvik, Northwest Territories, Canada",14 Jun 2021,Reid Hildebrandt,69.4467,-133.0342,Canada,False,ML444104281,P1
450304791,gresca,Aythya marila,スズガモ,2.4361702127659575,94,"Point Pelee NP* general (use more precise loc.), Essex, Ontario, Canada",28 Apr 2022,Dan J. MacNeal,41.9554,-82.514,Canada,False,ML450304791,P1
515494811,gresca,Aythya marila,スズガモ,1.4838709677419355,93,"Philomath Sewage Ponds--northeast pond, Benton, Oregon, United States",27 Nov 2022,W. Douglas Robinson,44.5242,-123.3455,United States,False,ML515494811,P1
519736851,gresca,Aythya marila,スズガモ,2.5913978494623655,93,"Hamilton--Pier 4 Park (including Leander Boat Club), Hamilton, Ontario, Canada",2 Jan 2023,Jake Nafziger,43.2731,-79.8673,Canada,False,ML519736851,P1
53516831,gresca,Aythya marila,スズガモ,2.5434782608695654,92,"Twin Oaks Campground, Cayuga, New York, United States",26 Mar 2017,Jay McGowan,42.8698,-76.7051,United States,False,ML53516831,P1
544776311,gresca,Aythya marila,スズガモ,2.119565217391304,92,"Mount Hope Farm, Bristol, Rhode Island, United States",12 Mar 2023,Luis Mendes,41.6682,-71.255,United States,False,ML544776311,P1
550616851,gresca,Aythya marila,スズガモ,2.6666666666666665,93,"NOYAN - Ch du Bord-de-l'Eau S, Le Haut-Richelieu, Quebec, Canada",27 Mar 2023,Daniel Jauvin,45.0167,-73.3342,Canada,False,ML550616851,P1
586948061,gresca,Aythya marila,スズガモ,2.1630434782608696,92,"Deadhorse (town), North Slope Borough, Alaska, United States",14 Jun 2023,Luke Berg,70.2002,-148.4569,United States,False,ML586948061,P1
611508576,gresca,Aythya marila,スズガモ,1.7222222222222223,72,"Butler Head Preserve (KELT), Bath, Sagadahoc, Maine, United States",26 Mar 2022,Fen Levy-O'Malley,43.969,-69.8448,United States,False,ML611508576,P1
611508617,gresca,Aythya marila,スズガモ,2.8472222222222223,72,"Butler Head Preserve (KELT), Bath, Sagadahoc, Maine, United States",26 Mar 2022,Fen Levy-O'Malley,43.969,-69.8448,United States,False,ML611508617,P1
612629162,gresca,Aythya marila,スズガモ,3.0,72,"Plymouth Beach, Plymouth, Massachusetts, United States",24 Dec 2023,Lisa Schibley,41.9766,-70.6505,United States,False,ML612629162,P1
612861392,gresca,Aythya marila,スズガモ,1.9722222222222223,72,"浦安市--日の出海岸--日の出北公園・東防波堤  (Urayasu--Hinode Coast--Hinodekita Park / East Seawall), Urayasu, Chiba, Japan",30 Dec 2023,André  Zambolli,35.6482,139.9273,Japan,True,ML612861392,P1
613599945,gresca,Aythya marila,スズガモ,1.75,72,"Marsh Creek SP, Chester, Pennsylvania, United States",15 Jan 2024,Jeff Kenney,40.0676,-75.72,United States,False,ML613599945,P1
616347471,gresca,Aythya marila,スズガモ,1.7945205479452055,73,"Clear Lake State Park, Kelseyville, Lake, California, United States",1 Mar 2023,Bryan McIntosh,39.0193,-122.8054,United States,False,ML616347471,P1
618526351,gresca,Aythya marila,スズガモ,3.3698630136986303,73,"Unalakleet slough, Nome Census Area, Alaska, United States",9 Jun 2023,Maureen Chambrone,63.8565,-160.7394,United States,False,ML618526351,P1
623282259,gresca,Aythya marila,スズガモ,3.0273972602739727,73,"Churchill--Hydro Road Tower, Churchill and Northern Manitoba, Manitoba, Canada",21 Jun 2024,Nelson Contardo,58.6632,-94.1693,Canada,False,ML623282259,P1
630395457,gresca,Aythya marila,スズガモ,2.7534246575342465,73,"Point Breeze (Orleans Co.), Orleans, New York, United States",8 Feb 2025,Chris Wood,43.3717,-78.1917,United States,False,ML630395457,P1
635193052,gresca,Aythya marila,スズガモ,2.9206349206349205,63,"Myers Point, Tompkins, New York, United States",6 May 2025,Jay McGowan,42.5371,-76.5506,United States,False,ML635193052,P1
635393341,gresca,Aythya marila,スズガモ,2.8253968253968256,63,"Myers Point, Tompkins, New York, United States",6 May 2025,Chris Wood,42.5371,-76.5506,United States,False,ML635393341,P1
647299335,gresca,Aythya marila,スズガモ,3.2,5,"Denali Highway, Dot Lake, Alaska, US (63,049, -145,953), Copper River Census Area, Alaska, United States",10 Jun 2025,Alain Rouge,63.0494,-145.9528,United States,False,ML647299335,P1
647609134,gresca,Aythya marila,スズガモ,3.8,5,"Nome River Weir camp, Nome Census Area, Alaska, United States",2 Jul 2025,Maureen Chambrone,64.4965,-165.2191,United States,False,ML647609134,P1
166997231,grfhaw1,Accipiter soloensis,アカハラダカ,3.857142857142857,7,"Yeongsan-ri, Gangjin-gun KR-South Jeolla, Jeollanam-do, South Korea",5 Jul 2019,Lee-Lien WANG,34.7512,126.7768,South Korea,True,ML166997231,P1
251609611,grfhaw1,Accipiter soloensis,アカハラダカ,3.625,8,"서울--어린이대공원(Seoul--Children's Grand Park), Seoul, South Korea",9 Jul 2020,Jina Yi,37.5487,127.0807,South Korea,True,ML251609611,P1
360727511,grfhaw1,Accipiter soloensis,アカハラダカ,3.5,8,"灵空山国家级自然保护区 (Lingkongshan NNR), Shanxi, China",4 Aug 2021,ely what,36.5906,112.0897,China,False,ML360727511,P1
412725441,grfhaw1,Accipiter soloensis,アカハラダカ,4.5,8,"Jalan Raya Watusigar, Ngawen, Daerah Istimewa Yogyakarta, ID (-7.886, 110.694), Yogyakarta, Jawa, Indonesia",30 Jan 2022,Panji Gusti Akbar,-7.8864,110.6937,Indonesia,False,ML412725441,P1
412725471,grfhaw1,Accipiter soloensis,アカハラダカ,4.428571428571429,7,"Jalan Raya Watusigar, Ngawen, Daerah Istimewa Yogyakarta, ID (-7.886, 110.694), Yogyakarta, Jawa, Indonesia",30 Jan 2022,Panji Gusti Akbar,-7.8864,110.6937,Indonesia,False,ML412725471,P1
474543541,grfhaw1,Accipiter soloensis,アカハラダカ,3.75,8,"平地, Guangxi, China",29 Jul 2022,Oriental Stork,24.0772,109.991,China,False,ML474543541,P1
518466611,grfhaw1,Accipiter soloensis,アカハラダカ,3.0,8,"Coney Island (Serangoon Island), Singapore, Singapore",30 Dec 2022,Jayden Kang,1.4096,103.9221,Singapore,False,ML518466611,P1
521222541,grfhaw1,Accipiter soloensis,アカハラダカ,4.25,8,"Coney Island (Serangoon Island), Singapore, Singapore",7 Jan 2023,Ng Mac,1.4096,103.9221,Singapore,False,ML521222541,P1
55910431,grfhaw1,Accipiter soloensis,アカハラダカ,3.5714285714285716,7,"金門--斗門登山古道(Kinmen--Doumen Hiking Trail), Kinmen County, Taiwan",27 Apr 2017,Ting-Wei (廷維) HUNG (洪),24.4649,118.4084,Taiwan,False,ML55910431,P1
609055141,grfhaw1,Accipiter soloensis,アカハラダカ,3.375,8,"Jiangxi; Shimen, Wuyuan, Jiangxi, China",6 May 2008,Paul Holt,29.307,117.881,China,False,ML609055141,P1
616665865,grfhaw1,Accipiter soloensis,アカハラダカ,3.3333333333333335,3,"Samae San Island (Ko Samae San), Chon Buri, Thailand",30 Mar 2024,Ben Weil,12.584,100.9508,Thailand,False,ML616665865,P1
617464444,grfhaw1,Accipiter soloensis,アカハラダカ,2.5,2,"金門--慈湖烏沙頭(Kinmen--Lake Ci Wusatou), Kinmen County, Taiwan",16 Apr 2024,Ting-Wei (廷維) HUNG (洪),24.4704,118.2916,Taiwan,False,ML617464444,P1
618543234,grfhaw1,Accipiter soloensis,アカハラダカ,3.0,3,"Yongchengshanzhuang, Zhejiang, China",6 May 2024,L N,30.0317,122.119,China,True,ML618543234,P1
618709615,grfhaw1,Accipiter soloensis,アカハラダカ,3.6666666666666665,3,"馬祖--東引苗圃(Matsu--Dongyin Vegetable Farm), Lienchiang County, Taiwan",2 May 2024,志民 蘇,26.3598,120.4852,Taiwan,False,ML618709615,P1
618709665,grfhaw1,Accipiter soloensis,アカハラダカ,2.3333333333333335,3,"馬祖--東引好漢坡(Matsu--Dongyin Hero Slope), Lienchiang County, Taiwan",2 May 2024,志民 蘇,26.3638,120.4932,Taiwan,False,ML618709665,P1
619460102,grfhaw1,Accipiter soloensis,アカハラダカ,2.6666666666666665,3,"南北湖景区 (Nanbei Lake Scenic Area), Zhejiang, China",27 May 2023,Congyi Jiang,30.3756,120.8485,China,False,ML619460102,P1
619763941,grfhaw1,Accipiter soloensis,アカハラダカ,4.0,3,"秦皇植物园 (Qinhuang Botanical Garden), Hebei, China",23 May 2024,wang ye,39.9511,119.5535,China,False,ML619763941,P1
620128362,grfhaw1,Accipiter soloensis,アカハラダカ,3.0,4,"南北湖景区 (Nanbei Lake Scenic Area), Zhejiang, China",29 May 2024,Congyi Jiang,30.3756,120.8485,China,False,ML620128362,P1
620357197,grfhaw1,Accipiter soloensis,アカハラダカ,2.3333333333333335,3,"南北湖景区 (Nanbei Lake Scenic Area), Zhejiang, China",9 Jun 2024,Congyi Jiang,30.3756,120.8485,China,False,ML620357197,P1
623977561,grfhaw1,Accipiter soloensis,アカハラダカ,2.3333333333333335,3,"墾丁NP--墾管處社頂研究站(Kenting NP--Sheding Research Station), Pingtung County, Taiwan",21 Sep 2024,Chien-wei(Bao) Tseng,21.9646,120.8271,Taiwan,False,ML623977561,P1
624378756,grfhaw1,Accipiter soloensis,アカハラダカ,2.3333333333333335,3,"MHE_727_2024, Hualien County, Taiwan",18 Sep 2024,Lee-Lien WANG,23.8209,121.4346,Taiwan,False,ML624378756,P1
624943704,grfhaw1,Accipiter soloensis,アカハラダカ,3.6666666666666665,3,"馬祖--東引苗圃(Matsu--Dongyin Vegetable Farm), Lienchiang County, Taiwan",8 Oct 2024,An Chou,26.3598,120.4852,Taiwan,False,ML624943704,P1
626461497,grfhaw1,Accipiter soloensis,アカハラダカ,3.0,3,"台東--知本林道(Taitung--Zhiben Forest-Road), Taitung County, Taiwan",21 Sep 2024,Mei-Luan Wang,22.6986,121.012,Taiwan,False,ML626461497,P1
626461543,grfhaw1,Accipiter soloensis,アカハラダカ,3.3333333333333335,3,"台東--知本林道(Taitung--Zhiben Forest-Road), Taitung County, Taiwan",21 Sep 2024,Mei-Luan Wang,22.6986,121.012,Taiwan,False,ML626461543,P1
626950075,grfhaw1,Accipiter soloensis,アカハラダカ,3.75,4,"Mt. Kanlaon Natural Park--Lower Slopes, Negros Occidental, Philippines",1 Dec 2024,David Morrison,10.5022,123.1027,Philippines,False,ML626950075,P1
627091050,grfhaw1,Accipiter soloensis,アカハラダカ,3.5,4,"高雄--南星計畫區(繫放站)(Kaohsiung--Nanxing Planning District (Banding Spot)), Kaohsiung City, Taiwan",4 Dec 2024,孟翰 謝,22.5173,120.3413,Taiwan,False,ML627091050,P1
628067465,grfhaw1,Accipiter soloensis,アカハラダカ,3.0,3,"馬祖--東引苗圃(Matsu--Dongyin Vegetable Farm), Lienchiang County, Taiwan",11 Oct 2024,u7 Liao,26.3598,120.4852,Taiwan,False,ML628067465,P1
633206964,grfhaw1,Accipiter soloensis,アカハラダカ,1.0,1,"Mt. Makiling Forest Reserve--Trail, Laguna, Philippines",4 Apr 2025,蔡 爵宇,14.1375,121.2212,Philippines,False,ML633206964,P1
634452761,grfhaw1,Accipiter soloensis,アカハラダカ,5.0,1,"金門--延平郡王祠旁防風林, Kinmen County, Taiwan",26 Apr 2025,Ting-Wei (廷維) HUNG (洪),24.4256,118.3058,Taiwan,False,ML634452761,P1
635935509,grfhaw1,Accipiter soloensis,アカハラダカ,0.0,0,"玉泉-之江徒步路线 (Yuquan-Zhijiang Hiking Route), Zhejiang, China",17 May 2025,Claude Z,30.2268,120.096,China,False,ML635935509,P1
636086172,grfhaw1,Accipiter soloensis,アカハラダカ,3.0,1,"秦山 (Qinshan Hill), Zhejiang, China",10 May 2025,Congyi Jiang,30.4342,120.9518,China,False,ML636086172,P1
636086217,grfhaw1,Accipiter soloensis,アカハラダカ,5.0,1,"秦山 (Qinshan Hill), Zhejiang, China",10 May 2025,Congyi Jiang,30.4342,120.9518,China,False,ML636086217,P1
636981184,grfhaw1,Accipiter soloensis,アカハラダカ,3.0,1,"冀之光西侧 (Light of Heibei Tower West), Hebei, China",3 Jun 2025,Yawei Zhang,38.1161,114.5539,China,False,ML636981184,P1
637967633,grfhaw1,Accipiter soloensis,アカハラダカ,5.0,1,"蒙山国家森林公园 (Mengshan National Forest Park), Shandong, China",17 Jun 2025,Guangfeng Shao,35.5618,117.9676,China,False,ML637967633,P1
642155233,grfhaw1,Accipiter soloensis,アカハラダカ,3.0,1,"潭山 (Tan Hill), Jiangsu, China",20 Sep 2025,Rail Whisperer,31.2731,120.357,China,False,ML642155233,P1
646251242,grfhaw1,Accipiter soloensis,アカハラダカ,3.0,2,"서울--어린이대공원(Seoul--Children's Grand Park), Seoul, South Korea",25 Jul 2020,Jina Yi,37.5487,127.0807,South Korea,True,ML646251242,P1
648437723,grfhaw1,Accipiter soloensis,アカハラダカ,3.0,1,"Tangkoko Lodge, Sulawesi Utara, Sulawesi, Indonesia",29 Nov 2025,Rose Ann Rowlett,1.567,125.1554,Indonesia,False,ML648437723,P1
650763218,grfhaw1,Accipiter soloensis,アカハラダカ,3.0,1,"Ban Hat Kanxa (lake & fields), Vientiane Prefecture, Laos",6 Apr 2024,Bram Piot,17.846,102.6099,Laos,False,ML650763218,P1
95306991,grfhaw1,Accipiter soloensis,アカハラダカ,2.5714285714285716,7,"金門--斗門登山古道(Kinmen--Doumen Hiking Trail), Kinmen County, Taiwan",19 Apr 2018,Ting-Wei (廷維) HUNG (洪),24.4649,118.4084,Taiwan,False,ML95306991,P1
95309331,grfhaw1,Accipiter soloensis,アカハラダカ,2.857142857142857,7,"金門--斗門登山古道(Kinmen--Doumen Hiking Trail), Kinmen County, Taiwan",18 Apr 2018,Ting-Wei (廷維) HUNG (洪),24.4649,118.4084,Taiwan,False,ML95309331,P1
106082911,grpsni1,Rostratula benghalensis,タマシギ,3.25,4,"Unnamed Road, 竹山鎮, TW (23.828, 120.739), Nantou County, Taiwan",30 Jun 2018,Scott (瑞興) LIN(林),23.828,120.7393,Taiwan,False,ML106082911,P1
148623671,grpsni1,Rostratula benghalensis,タマシギ,2.25,4,"屏東--東港溪老埤段(Pingtung--Donggang River Laopi Section), Pingtung County, Taiwan",2 Apr 2019,Jhih-Wei (志偉) TSAI (蔡),22.6268,120.5965,Taiwan,False,ML148623671,P1
150955171,grpsni1,Rostratula benghalensis,タマシギ,2.25,4,"Tapti River--Behind BTPS, Jalgaon, Maharashtra, India",14 Apr 2019,Lakshmikant Neve,21.0577,75.8351,India,False,ML150955171,P1
177426761,grpsni1,Rostratula benghalensis,タマシギ,3.0,4,"Kazhuveli Wetland Birds Sanctuary(கழுவெளி பறவைகள் சரணாலயம்), Viluppuram, Tamil Nadu, India",15 Sep 2019,Surendhar Boobalan,12.1224,79.8792,India,False,ML177426761,P1
177426781,grpsni1,Rostratula benghalensis,タマシギ,3.0,3,"Kazhuveli Wetland Birds Sanctuary(கழுவெளி பறவைகள் சரணாலயம்), Viluppuram, Tamil Nadu, India",15 Sep 2019,Surendhar Boobalan,12.1224,79.8792,India,False,ML177426781,P1
177426811,grpsni1,Rostratula benghalensis,タマシギ,2.5,2,"Kazhuveli Wetland Birds Sanctuary(கழுவெளி பறவைகள் சரணாலயம்), Viluppuram, Tamil Nadu, India",15 Sep 2019,Surendhar Boobalan,12.1224,79.8792,India,False,ML177426811,P1
177426841,grpsni1,Rostratula benghalensis,タマシギ,3.25,4,"Kazhuveli Wetland Birds Sanctuary(கழுவெளி பறவைகள் சரணாலயம்), Viluppuram, Tamil Nadu, India",15 Sep 2019,Surendhar Boobalan,12.1224,79.8792,India,False,ML177426841,P1
210306541,grpsni1,Rostratula benghalensis,タマシギ,3.75,4,"嘉義-中庄戲院, Chiayi County, Taiwan",18 Feb 2020,JIA JIA LYU,23.4192,120.4303,Taiwan,False,ML210306541,P1
232809111,grpsni1,Rostratula benghalensis,タマシギ,3.5,4,"San Francisco Farms, Bugallon, Pangasinan, Philippines",8 May 2020,Kim Cancino,15.9587,120.2002,Philippines,False,ML232809111,P1
235704721,grpsni1,Rostratula benghalensis,タマシギ,2.5,4,"San Francisco Farms, Bugallon, Pangasinan, Philippines",17 May 2020,Kim Cancino,15.9587,120.2002,Philippines,False,ML235704721,P1
238800231,grpsni1,Rostratula benghalensis,タマシギ,2.5,4,"Kazhuveli Wetland Birds Sanctuary(கழுவெளி பறவைகள் சரணாலயம்), Viluppuram, Tamil Nadu, India",26 Jan 2020,Surendhar Boobalan,12.1224,79.8792,India,False,ML238800231,P1
239454021,grpsni1,Rostratula benghalensis,タマシギ,3.6666666666666665,3,"Carambolim- Dhado Wetland Complex- IBA, North Goa, Goa, India",26 May 2020,paresh gosavi,15.4714,73.9369,India,False,ML239454021,P1
246996031,grpsni1,Rostratula benghalensis,タマシギ,2.5,4,"南汇东滩 (Nanhui Dongtan), Shanghai, China",1 Jul 2020,Ray Tsu 诸 仁,30.9184,121.9774,China,False,ML246996031,P1
250129011,grpsni1,Rostratula benghalensis,タマシギ,1.5,4,"Unnamed Road, Badvel, Andhra Pradesh, IN (14.741, 79.051), YSR District (Kadapa), Andhra Pradesh, India",18 Jul 2020,Sandeep Kumar Reddy Gangasani,14.7411,79.0514,India,False,ML250129011,P1
250129101,grpsni1,Rostratula benghalensis,タマシギ,1.5,4,"Unnamed Road, Badvel, Andhra Pradesh, IN (14.741, 79.051), YSR District (Kadapa), Andhra Pradesh, India",18 Jul 2020,Sandeep Kumar Reddy Gangasani,14.7411,79.0514,India,False,ML250129101,P1
250872191,grpsni1,Rostratula benghalensis,タマシギ,3.5,4,"Cabayaoasan Ponds, Bugallon, Pangasinan, Philippines",22 Jul 2020,Kim Cancino,15.9657,120.2273,Philippines,False,ML250872191,P1
262630291,grpsni1,Rostratula benghalensis,タマシギ,2.6666666666666665,3,"Saladi Tank, Amreli, Gujarat, India",9 Sep 2020,viral joshi,21.5758,71.3249,India,False,ML262630291,P1
262630411,grpsni1,Rostratula benghalensis,タマシギ,2.0,3,"Saladi Tank, Amreli, Gujarat, India",9 Sep 2020,viral joshi,21.5758,71.3249,India,False,ML262630411,P1
265076931,grpsni1,Rostratula benghalensis,タマシギ,2.75,4,"Cabayaoasan Ponds, Bugallon, Pangasinan, Philippines",23 Sep 2020,Kim Cancino,15.9657,120.2273,Philippines,False,ML265076931,P1
266226541,grpsni1,Rostratula benghalensis,タマシギ,3.0,3,"Matar, Kheda IN-GJ 22.60281, 72.60313, Kheda, Gujarat, India",27 Sep 2020,Esha Munshi,22.6028,72.6031,India,False,ML266226541,P1
266227351,grpsni1,Rostratula benghalensis,タマシギ,3.0,3,"Matar, Kheda IN-GJ 22.60281, 72.60313, Kheda, Gujarat, India",27 Sep 2020,Esha Munshi,22.6028,72.6031,India,False,ML266227351,P1
266227821,grpsni1,Rostratula benghalensis,タマシギ,3.3333333333333335,3,"Matar, Kheda IN-GJ 22.60281, 72.60313, Kheda, Gujarat, India",27 Sep 2020,Esha Munshi,22.6028,72.6031,India,False,ML266227821,P1
266230281,grpsni1,Rostratula benghalensis,タマシギ,2.6666666666666665,3,"Matar, Kheda IN-GJ 22.60281, 72.60313, Kheda, Gujarat, India",27 Sep 2020,Esha Munshi,22.6028,72.6031,India,False,ML266230281,P1
266230411,grpsni1,Rostratula benghalensis,タマシギ,3.0,4,"Matar, Kheda IN-GJ 22.60281, 72.60313, Kheda, Gujarat, India",27 Sep 2020,Esha Munshi,22.6028,72.6031,India,False,ML266230411,P1
269426711,grpsni1,Rostratula benghalensis,タマシギ,4.0,5,"Lingayat Crematorium, Sangli, Maharashtra, India",14 May 2002,Sharad Apte,16.8509,74.5557,India,False,ML269426711,P1
269427371,grpsni1,Rostratula benghalensis,タマシギ,2.3333333333333335,3,"Ujani Dam--Kumbhargaon Bird Sanctuary, Pune, Maharashtra, India",22 Mar 2018,Sharad Apte,18.2887,74.776,India,False,ML269427371,P1
269427511,grpsni1,Rostratula benghalensis,タマシギ,1.3333333333333333,3,"Ujani Dam--Kumbhargaon Bird Sanctuary, Pune, Maharashtra, India",22 Mar 2018,Sharad Apte,18.2887,74.776,India,False,ML269427511,P1
27767811,grpsni1,Rostratula benghalensis,タマシギ,3.0,5,"桃園大坪頂與許厝港IBA--廣興堂(Dapingding and Xucuogang IBA--Guangxingtang), Taoyuan City, Taiwan",15 May 2011,Ting-Wei (廷維) HUNG (洪),25.0861,121.2002,Taiwan,False,ML27767811,P1
347721661,grpsni1,Rostratula benghalensis,タマシギ,3.5,4,"Idumban Kulam, Palani, Dindigul, Tamil Nadu, India",12 Jun 2021,karthick hari,10.441,77.5315,India,False,ML347721661,P1
348164011,grpsni1,Rostratula benghalensis,タマシギ,3.6666666666666665,3,"Kruger NP--Olifants River Bridge near Balule, Mpumalanga, South Africa",5 Jun 2021,Niall D Perrins,-24.0527,31.7299,South Africa,False,ML348164011,P1
351129661,grpsni1,Rostratula benghalensis,タマシギ,3.5,4,"Unnamed Road, West Bengal, IN (21.889, 87.581), Purba Medinipur, West Bengal, India",29 Jun 2021,Asim Giri,21.8893,87.581,India,False,ML351129661,P1
354933991,grpsni1,Rostratula benghalensis,タマシギ,4.166666666666667,12,"Kattampally, Kannur, Kerala, India",17 Jul 2021,Afsar Nayakkan,11.9341,75.3816,India,False,ML354933991,P1
355454251,grpsni1,Rostratula benghalensis,タマシギ,3.0,3,"Gondwara, Raipur, Chhattisgarh, India",5 Jul 2020,Ashok Agarwal,21.2768,81.6151,India,False,ML355454251,P1
358248431,grpsni1,Rostratula benghalensis,タマシギ,3.0,3,"Komangalam wetland and adjacent woody zone, Koottanad, Palakkad, Kerala, India",1 Aug 2021,shino jacob koottanad,10.7699,76.1337,India,False,ML358248431,P1
358878741,grpsni1,Rostratula benghalensis,タマシギ,3.0,3,"Krishnampathi Lake, Seeranaickenpalayam, Coimbatore, Tamil Nadu, India",28 Jul 2021,Gaja mohanraj,11.0065,76.9265,India,False,ML358878741,P1
375692721,grpsni1,Rostratula benghalensis,タマシギ,2.6666666666666665,3,"Saint Joseph Road, Kerala, IN (12.083, 75.2), Kannur, Kerala, India",6 Oct 2021,Sachin Chandran,12.0834,75.2004,India,False,ML375692721,P1
399307871,grpsni1,Rostratula benghalensis,タマシギ,3.0,3,"Anekal Dodda Kere, Bengaluru Urban, Karnataka, India",26 Dec 2021,Dr Mohammed Umer  Sharieff,12.7142,77.6845,India,False,ML399307871,P1
411538551,grpsni1,Rostratula benghalensis,タマシギ,3.0,3,"Basai Wetlands (28.4685, 76.941), Gurugram, Haryana, India",19 Mar 2015,Alok Tewari,28.4685,76.941,India,False,ML411538551,P1
413873511,grpsni1,Rostratula benghalensis,タマシギ,3.3333333333333335,3,"台東--台東森林公園(Taitung--Taitung Forest Park), Taitung County, Taiwan",6 Feb 2022,jason wu,22.7687,121.1558,Taiwan,False,ML413873511,P1
413873651,grpsni1,Rostratula benghalensis,タマシギ,3.3333333333333335,3,"台東--台東森林公園(Taitung--Taitung Forest Park), Taitung County, Taiwan",6 Feb 2022,jason wu,22.7687,121.1558,Taiwan,False,ML413873651,P1
424090081,grpsni1,Rostratula benghalensis,タマシギ,1.5,2,"桃園--中壢龍慈路埤塘(Taoyuan--Zhongli Ponds around Longci Road), Taoyuan City, Taiwan",11 Mar 2022,You-Sheng Lin,24.9327,121.2416,Taiwan,False,ML424090081,P1
425356781,grpsni1,Rostratula benghalensis,タマシギ,3.0,3,"Auto selected 24.81592, 121.75805, Yilan County, Taiwan",1 Mar 2022,Shih-Hao Wang,24.8159,121.758,Taiwan,False,ML425356781,P1
436517161,grpsni1,Rostratula benghalensis,タマシギ,2.0,2,"Viva Wetlands, Virar, Palghar, Maharashtra, India",17 Apr 2022,Nishant Bhagwat,19.4605,72.7932,India,False,ML436517161,P1
450772051,grpsni1,Rostratula benghalensis,タマシギ,3.6666666666666665,3,"Viva Wetlands, Virar, Palghar, Maharashtra, India",14 May 2022,Chandrika Khirani,19.4605,72.7932,India,False,ML450772051,P1
450772081,grpsni1,Rostratula benghalensis,タマシギ,2.0,3,"Viva Wetlands, Virar, Palghar, Maharashtra, India",14 May 2022,Chandrika Khirani,19.4605,72.7932,India,False,ML450772081,P1
451403691,grpsni1,Rostratula benghalensis,タマシギ,3.3333333333333335,3,"Nallathur Lake (நல்லாத்தூர் ஏரி), Cuddalore, Tamil Nadu, India",20 May 2022,Shikra Myna,11.8802,79.6979,India,False,ML451403691,P1
451403751,grpsni1,Rostratula benghalensis,タマシギ,4.0,5,"Nallathur Lake (நல்லாத்தூர் ஏரி), Cuddalore, Tamil Nadu, India",20 May 2022,Shikra Myna,11.8802,79.6979,India,False,ML451403751,P1
451403761,grpsni1,Rostratula benghalensis,タマシギ,3.3333333333333335,3,"Nallathur Lake (நல்லாத்தூர் ஏரி), Cuddalore, Tamil Nadu, India",20 May 2022,Shikra Myna,11.8802,79.6979,India,False,ML451403761,P1
451403771,grpsni1,Rostratula benghalensis,タマシギ,3.0,3,"Nallathur Lake (நல்லாத்தூர் ஏரி), Cuddalore, Tamil Nadu, India",20 May 2022,Shikra Myna,11.8802,79.6979,India,False,ML451403771,P1
456671251,grpsni1,Rostratula benghalensis,タマシギ,2.3333333333333335,3,"1st river feeding Malampuzha dam, Kava, Palakkad, Kerala, India",5 Jun 2022,Vivek Sudhakaran,10.8569,76.7257,India,False,ML456671251,P1
462355481,grpsni1,Rostratula benghalensis,タマシギ,3.3333333333333335,3,"125 南22鄉道, 將軍區, 台南市, TW (23.222, 120.139), Tainan City, Taiwan",25 Jun 2022,Cheng-Ru Tsai,23.2219,120.1385,Taiwan,False,ML462355481,P1
463644401,grpsni1,Rostratula benghalensis,タマシギ,4.0,3,"Kattampally, Kannur, Kerala, India",30 Jun 2022,Afsar Nayakkan,11.9341,75.3816,India,False,ML463644401,P1
463644411,grpsni1,Rostratula benghalensis,タマシギ,3.75,4,"Kattampally, Kannur, Kerala, India",30 Jun 2022,Afsar Nayakkan,11.9341,75.3816,India,False,ML463644411,P1
464121911,grpsni1,Rostratula benghalensis,タマシギ,3.0,3,"Boshipota, West Bengal, IN (22.683, 88.321), Hooghly, West Bengal, India",4 Nov 2018,Sandip Das,22.6827,88.3211,India,False,ML464121911,P1
464438851,grpsni1,Rostratula benghalensis,タマシギ,2.3333333333333335,3,"Auto selected 23.22097, 120.13719, Tainan City, Taiwan",3 Jul 2022,Yi-Cheng Chen,23.221,120.1372,Taiwan,False,ML464438851,P1
465554341,grpsni1,Rostratula benghalensis,タマシギ,3.0,3,"曾文溪河床, Tainan City, Taiwan",2 Jun 2022,翔鈞 梁,23.0799,120.0811,Taiwan,False,ML465554341,P1
468740031,grpsni1,Rostratula benghalensis,タマシギ,4.333333333333333,3,"台南北門IBA--三寮灣(Beimen IBA--Shanliaowan), Tainan City, Taiwan",20 Jul 2022,Kun-Hui  Lin,23.2359,120.1104,Taiwan,False,ML468740031,P1
46954421,grpsni1,Rostratula benghalensis,タマシギ,2.8,5,"嘉義-中庄戲院, Chiayi County, Taiwan",24 Jan 2017,JIA JIA LYU,23.4192,120.4303,Taiwan,False,ML46954421,P1
470012871,grpsni1,Rostratula benghalensis,タマシギ,3.0,3,"台南北門IBA--三寮灣(Beimen IBA--Shanliaowan), Tainan City, Taiwan",23 Jul 2022,Sam Lin,23.2359,120.1104,Taiwan,False,ML470012871,P1
475960391,grpsni1,Rostratula benghalensis,タマシギ,2.75,4,"Gundupatna Kere, Lingapura ಲಿಂಗಾಪುರ (Kirangoor Lake), Mysuru, Karnataka, India",16 Aug 2022,Sahana M,12.331,76.0074,India,False,ML475960391,P1
501092591,grpsni1,Rostratula benghalensis,タマシギ,4.4,5,"Muddahalli, Nanjangud Taluka ಮುದ್ದಹಳ್ಳಿ, Mysuru, Karnataka, India",6 Nov 2022,Vijaya Lakshmi,12.046,76.668,India,False,ML501092591,P1
501092781,grpsni1,Rostratula benghalensis,タマシギ,3.0,3,"Muddahalli, Nanjangud Taluka ಮುದ್ದಹಳ್ಳಿ, Mysuru, Karnataka, India",6 Nov 2022,Vijaya Lakshmi,12.046,76.668,India,False,ML501092781,P1
503219471,grpsni1,Rostratula benghalensis,タマシギ,4.0,2,"Marina East (Gardens by the Bay: Bay East / Marina Barrage), Singapore, Singapore",13 Nov 2022,Joshua Chong,1.2817,103.8768,Singapore,False,ML503219471,P1
511744821,grpsni1,Rostratula benghalensis,タマシギ,1.0,3,"Marina East (Gardens by the Bay: Bay East / Marina Barrage), Singapore, Singapore",10 Dec 2022,Jen Wei Yip,1.2817,103.8768,Singapore,False,ML511744821,P1
513789741,grpsni1,Rostratula benghalensis,タマシギ,2.6666666666666665,3,"Mahanadi Bank, Telguda, NH30,  Chhattisgarh, IN (20.517, 81.369), Kanker, Chhattisgarh, India",14 Dec 2022,Hakimuddin F Saify,20.5172,81.3691,India,False,ML513789741,P1
531017891,grpsni1,Rostratula benghalensis,タマシギ,1.5,2,"台東台糖中興高爾夫球練習場東方300米, Taitung County, Taiwan",2 Feb 2023,jason wu,22.7655,121.1265,Taiwan,False,ML531017891,P1
531017901,grpsni1,Rostratula benghalensis,タマシギ,1.6666666666666667,3,"台東台糖中興高爾夫球練習場東方300米, Taitung County, Taiwan",2 Feb 2023,jason wu,22.7655,121.1265,Taiwan,False,ML531017901,P1
533140881,grpsni1,Rostratula benghalensis,タマシギ,3.0,3,"College of Agriculture, Lembucherra, West Tripura, Tripura, India",31 Jan 2023,Chayan Debnath,23.9138,91.3192,India,False,ML533140881,P1
537847801,grpsni1,Rostratula benghalensis,タマシギ,3.75,4,"Baruipur Marshes, South 24 Parganas, West Bengal, India",14 Jan 2023,Kousheyo Bagchi,22.3627,88.3906,India,False,ML537847801,P1
541649761,grpsni1,Rostratula benghalensis,タマシギ,3.8,5,"台東--馬當部落臨時聚會所(Taitung--Madang Temporary Meeting House), Taitung County, Taiwan",28 Feb 2023,毓恩(Yu-En) 林(Lin),22.7469,121.1305,Taiwan,False,ML541649761,P1
550920321,grpsni1,Rostratula benghalensis,タマシギ,1.0,2,"Rishi Valley--School Campus, Chittoor, Andhra Pradesh, India",20 Mar 2023,Santharam V,13.6328,78.4527,India,False,ML550920321,P1
550920331,grpsni1,Rostratula benghalensis,タマシギ,3.0,3,"Rishi Valley--School Campus, Chittoor, Andhra Pradesh, India",20 Mar 2023,Santharam V,13.6328,78.4527,India,False,ML550920331,P1
550920341,grpsni1,Rostratula benghalensis,タマシギ,2.0,2,"Rishi Valley--School Campus, Chittoor, Andhra Pradesh, India",20 Mar 2023,Santharam V,13.6328,78.4527,India,False,ML550920341,P1
550920351,grpsni1,Rostratula benghalensis,タマシギ,1.0,2,"Rishi Valley--School Campus, Chittoor, Andhra Pradesh, India",20 Mar 2023,Santharam V,13.6328,78.4527,India,False,ML550920351,P1
557159281,grpsni1,Rostratula benghalensis,タマシギ,2.6666666666666665,3,"Navegaon National Park--Dam & surrounding area, Gondia, Maharashtra, India",28 Feb 2023,Sharad Apte,20.9237,80.109,India,False,ML557159281,P1
557531801,grpsni1,Rostratula benghalensis,タマシギ,2.0,2,"Navegaon National Park--Dam & surrounding area, Gondia, Maharashtra, India",1 Mar 2023,Sharad Apte,20.9237,80.109,India,False,ML557531801,P1
560850601,grpsni1,Rostratula benghalensis,タマシギ,1.0,2,"花蓮縣壽豐鄉豐裡國小, Hualien County, Taiwan",17 Apr 2023,Sheng Wun Jheng,23.8423,121.5075,Taiwan,False,ML560850601,P1
571725131,grpsni1,Rostratula benghalensis,タマシギ,1.5,2,"余杭南湖 (South Lake, Yuhang), Zhejiang, China",13 May 2023,Zhanyi Lin,30.2575,119.9172,China,False,ML571725131,P1
572368241,grpsni1,Rostratula benghalensis,タマシギ,3.6666666666666665,3,"余杭南湖 (South Lake, Yuhang), Zhejiang, China",13 May 2023,Yuhao Sun,30.2575,119.9172,China,False,ML572368241,P1
579845851,grpsni1,Rostratula benghalensis,タマシギ,2.3333333333333335,3,"Khlong Da Baek Reservoir, Tak, Thailand",1 Jun 2023,Jens Toettrup,17.0221,99.3432,Thailand,False,ML579845851,P1
602997531,grpsni1,Rostratula benghalensis,タマシギ,3.75,4,"台南北門IBA--溪底寮(Beimen IBA--Xidiliao), Tainan City, Taiwan",13 Aug 2023,Chi-Hsuan Shao,23.2337,120.1248,Taiwan,False,ML602997531,P1
602997571,grpsni1,Rostratula benghalensis,タマシギ,3.8,5,"台南北門IBA--溪底寮(Beimen IBA--Xidiliao), Tainan City, Taiwan",13 Aug 2023,Chi-Hsuan Shao,23.2337,120.1248,Taiwan,False,ML602997571,P1
606734991,grpsni1,Rostratula benghalensis,タマシギ,2.5,2,"266 彰117鄉道, 芳苑鄉, TW (24.027, 120.377), Changhua County, Taiwan",18 Aug 2023,Jhih-Wei (志偉) TSAI (蔡),24.0268,120.3774,Taiwan,False,ML606734991,P1
606735001,grpsni1,Rostratula benghalensis,タマシギ,2.6666666666666665,3,"266 彰117鄉道, 芳苑鄉, TW (24.027, 120.377), Changhua County, Taiwan",18 Aug 2023,Jhih-Wei (志偉) TSAI (蔡),24.0268,120.3774,Taiwan,False,ML606735001,P1
608496037,grpsni1,Rostratula benghalensis,タマシギ,2.3333333333333335,3,"花蓮縣壽豐鄉豐裡村和平街, Hualien County, Taiwan",5 Sep 2023,Sheng Wun Jheng,23.8386,121.5058,Taiwan,False,ML608496037,P1
609054302,grpsni1,Rostratula benghalensis,タマシギ,2.3333333333333335,3,"Maun--Thamalakane River, North-West, Botswana",2 Jan 2011,Pam Rasmussen,-19.9914,23.4296,Botswana,False,ML609054302,P1
609066988,grpsni1,Rostratula benghalensis,タマシギ,2.0,3,"Sulawesi; Sulawesi Utara, Danau Tondano, Sulawesi Utara, Sulawesi, Indonesia",12 Jul 2008,Pam Rasmussen,1.285,124.912,Indonesia,False,ML609066988,P1
614237294,grpsni1,Rostratula benghalensis,タマシギ,3.0,2,"花蓮縣壽豐鄉豐裡村和平街, Hualien County, Taiwan",1 Feb 2024,Sheng Wun Jheng,23.8386,121.5058,Taiwan,False,ML614237294,P1
614592520,grpsni1,Rostratula benghalensis,タマシギ,0.0,0,"Krishnampathi Lake, Seeranaickenpalayam, Coimbatore, Tamil Nadu, India",4 Feb 2024,Gaja mohanraj,11.0065,76.9265,India,False,ML614592520,P1
615202726,grpsni1,Rostratula benghalensis,タマシギ,2.0,1,"Zilmili Lake, Gondia, Maharashtra, India",15 Feb 2024,Munish Gowda,21.5312,80.3038,India,False,ML615202726,P1
615208635,grpsni1,Rostratula benghalensis,タマシギ,3.0,1,"宜蘭--員山深溝(Yilan--Yuanshan Shengou), Yilan County, Taiwan",23 Feb 2024,Ting-Yi (庭怡) Chang (張),24.7233,121.7238,Taiwan,False,ML615208635,P1
615781573,grpsni1,Rostratula benghalensis,タマシギ,0.0,0,"TW-南投縣-集集鎮-181 林尾路 - 23.825x120.776 - 2016/5/14 16:03, Nantou County, Taiwan",8 Mar 2024,Scott (瑞興) LIN(林),23.8246,120.7764,Taiwan,False,ML615781573,P1
615781595,grpsni1,Rostratula benghalensis,タマシギ,0.0,0,"TW-南投縣-集集鎮-181 林尾路 - 23.825x120.776 - 2016/5/14 16:03, Nantou County, Taiwan",8 Mar 2024,Scott (瑞興) LIN(林),23.8246,120.7764,Taiwan,False,ML615781595,P1
615781611,grpsni1,Rostratula benghalensis,タマシギ,0.0,0,"TW-南投縣-集集鎮-181 林尾路 - 23.825x120.776 - 2016/5/14 16:03, Nantou County, Taiwan",8 Mar 2024,Scott (瑞興) LIN(林),23.8246,120.7764,Taiwan,False,ML615781611,P1
615781616,grpsni1,Rostratula benghalensis,タマシギ,1.0,1,"TW-南投縣-集集鎮-181 林尾路 - 23.825x120.776 - 2016/5/14 16:03, Nantou County, Taiwan",8 Mar 2024,Scott (瑞興) LIN(林),23.8246,120.7764,Taiwan,False,ML615781616,P1
616065012,grpsni1,Rostratula benghalensis,タマシギ,0.0,0,"彰化漢寶濕地IBA--全區(Hanbao Wetland IBA), Changhua County, Taiwan",18 Aug 2023,mickey wu,24.0275,120.3786,Taiwan,False,ML616065012,P1
616192976,grpsni1,Rostratula benghalensis,タマシギ,2.0,1,"148 府南二路, 嘉興里, 南投縣, TW (23.897, 120.691), Nantou County, Taiwan",16 Mar 2024,Cynthia Su,23.8974,120.6911,Taiwan,False,ML616192976,P1
616192977,grpsni1,Rostratula benghalensis,タマシギ,0.0,0,"148 府南二路, 嘉興里, 南投縣, TW (23.897, 120.691), Nantou County, Taiwan",16 Mar 2024,Cynthia Su,23.8974,120.6911,Taiwan,False,ML616192977,P1
616193035,grpsni1,Rostratula benghalensis,タマシギ,0.0,0,"162 投25鄉道, 嘉興里, 南投縣, TW (23.896, 120.693), Nantou County, Taiwan",16 Mar 2024,Cynthia Su,23.8963,120.6934,Taiwan,False,ML616193035,P1
618213638,grpsni1,Rostratula benghalensis,タマシギ,2.0,1,"Tahakali, Maharashtra, IN (21.068, 75.949), Jalgaon, Maharashtra, India",29 Apr 2024,Lakshmikant Neve,21.0678,75.9491,India,False,ML618213638,P1
618213791,grpsni1,Rostratula benghalensis,タマシギ,2.0,1,"Tahakali, Maharashtra, IN (21.068, 75.949), Jalgaon, Maharashtra, India",29 Apr 2024,Lakshmikant Neve,21.0678,75.9491,India,False,ML618213791,P1
618215822,grpsni1,Rostratula benghalensis,タマシギ,2.0,1,"Tapti Ghat, Bhusawal, Jalgaon, Maharashtra, India",27 Apr 2024,Lakshmikant Neve,21.0646,75.7831,India,False,ML618215822,P1
618216416,grpsni1,Rostratula benghalensis,タマシギ,1.0,1,"Tapti Ghat, Bhusawal, Jalgaon, Maharashtra, India",27 Apr 2024,Lakshmikant Neve,21.0646,75.7831,India,False,ML618216416,P1
618216417,grpsni1,Rostratula benghalensis,タマシギ,1.5,2,"Tapti Ghat, Bhusawal, Jalgaon, Maharashtra, India",27 Apr 2024,Lakshmikant Neve,21.0646,75.7831,India,False,ML618216417,P1
618603498,grpsni1,Rostratula benghalensis,タマシギ,0.0,0,"Krishnampathi Lake, Seeranaickenpalayam, Coimbatore, Tamil Nadu, India",5 Mar 2024,Gaja mohanraj,11.0065,76.9265,India,False,ML618603498,P1
618603503,grpsni1,Rostratula benghalensis,タマシギ,3.0,1,"Krishnampathi Lake, Seeranaickenpalayam, Coimbatore, Tamil Nadu, India",5 Mar 2024,Gaja mohanraj,11.0065,76.9265,India,False,ML618603503,P1
619126964,grpsni1,Rostratula benghalensis,タマシギ,0.0,0,"台東縣,台東市,豐谷南路底(東51公路6,5k)-TW (22.736, 121.144), Taitung County, Taiwan",15 May 2024,jason wu,22.7363,121.1437,Taiwan,False,ML619126964,P1
619391327,grpsni1,Rostratula benghalensis,タマシギ,0.0,0,"台東縣,台東市,豐原里,51鄉道約10k-TW (22.719, 121.124), Taitung County, Taiwan",20 May 2024,jason wu,22.7186,121.1235,Taiwan,False,ML619391327,P1
619518114,grpsni1,Rostratula benghalensis,タマシギ,0.0,0,"台東台糖中興高爾夫球練習場東方300米, Taitung County, Taiwan",23 May 2024,jason wu,22.7655,121.1265,Taiwan,False,ML619518114,P1
619518117,grpsni1,Rostratula benghalensis,タマシギ,0.0,0,"台東台糖中興高爾夫球練習場東方300米, Taitung County, Taiwan",23 May 2024,jason wu,22.7655,121.1265,Taiwan,False,ML619518117,P1
619518118,grpsni1,Rostratula benghalensis,タマシギ,0.0,0,"台東台糖中興高爾夫球練習場東方300米, Taitung County, Taiwan",23 May 2024,jason wu,22.7655,121.1265,Taiwan,False,ML619518118,P1
619518119,grpsni1,Rostratula benghalensis,タマシギ,1.0,1,"台東台糖中興高爾夫球練習場東方300米, Taitung County, Taiwan",23 May 2024,jason wu,22.7655,121.1265,Taiwan,False,ML619518119,P1
619949535,grpsni1,Rostratula benghalensis,タマシギ,2.0,1,"Madiwela Jogging Track, Maharagama, Colombo, Sri Lanka",5 Nov 2023,Rumeth Jayasinghe,6.8724,79.9168,Sri Lanka,False,ML619949535,P1
620061735,grpsni1,Rostratula benghalensis,タマシギ,2.0,1,"高雄--橋頭甲典街(Kaohsiung--Qiaotou Jiadian Street), Kaohsiung City, Taiwan",3 Jun 2024,志民 蘇,22.7408,120.2832,Taiwan,False,ML620061735,P1
620521057,grpsni1,Rostratula benghalensis,タマシギ,5.0,1,"台南--歸仁武東農田(Tainan--Guiren Wudong Farmland), Tainan City, Taiwan",11 Jun 2024,志民 蘇,22.9152,120.2804,Taiwan,False,ML620521057,P1
621332925,grpsni1,Rostratula benghalensis,タマシギ,3.0,2,"埔里鎮白葉坑, Nantou County, Taiwan",4 Jul 2024,Sheng Wun Jheng,23.9453,120.9588,Taiwan,False,ML621332925,P1
621337475,grpsni1,Rostratula benghalensis,タマシギ,3.0,2,"红岭村 (Honglingcun), Guangdong, China",15 Jun 2024,Vincent Wang,24.9759,113.4416,China,False,ML621337475,P1
621596562,grpsni1,Rostratula benghalensis,タマシギ,5.0,2,"秦山海滨 (Qinshan Coast), Zhejiang, China",16 Jul 2024,Congyi Jiang,30.4105,120.9161,China,False,ML621596562,P1
621596563,grpsni1,Rostratula benghalensis,タマシギ,3.0,2,"秦山海滨 (Qinshan Coast), Zhejiang, China",16 Jul 2024,Congyi Jiang,30.4105,120.9161,China,False,ML621596563,P1
621597666,grpsni1,Rostratula benghalensis,タマシギ,2.0,1,"1538 馬亨亨大道, 南榮里台東縣,台東市,南榮里,馬亨亨路(約230m往東至846號屋宅)- TW (22.783, 121.13), Taitung County, Taiwan",17 Jul 2024,jason wu,22.783,121.1299,Taiwan,False,ML621597666,P1
621966023,grpsni1,Rostratula benghalensis,タマシギ,1.0,1,"21 Lane 165, Funaner Road, 嘉和里, Nantou County, TW (23.894, 120.691), Nantou County, Taiwan",19 Jul 2024,Cynthia Su,23.8938,120.6911,Taiwan,False,ML621966023,P1
622095965,grpsni1,Rostratula benghalensis,タマシギ,3.3333333333333335,3,"Aivarakhandapura Kere, Bengaluru Urban, Karnataka, India",2 Aug 2024,Sourav Mandal 🪽,13.1392,77.5032,India,False,ML622095965,P1
622908258,grpsni1,Rostratula benghalensis,タマシギ,0.0,0,"Bhimavaram Wetlands, West Godavari, Andhra Pradesh, India",25 Aug 2024,Ramu Alluri,16.5581,81.4962,India,False,ML622908258,P1
622960463,grpsni1,Rostratula benghalensis,タマシギ,0.0,0,"台南七股區 ，曾文溪北岸河堤農田, Tainan City, Taiwan",26 Aug 2024,志民 蘇,23.0928,120.162,Taiwan,False,ML622960463,P1
624022118,grpsni1,Rostratula benghalensis,タマシギ,0.0,0,"宜蘭縣,冬山鄉,太和路331巷,太和露營車小溪地-(24.629, 121.773), Yilan County, Taiwan",15 Sep 2024,jason wu,24.6295,121.7734,Taiwan,False,ML624022118,P1
624022124,grpsni1,Rostratula benghalensis,タマシギ,2.0,1,"宜蘭縣,冬山鄉,太和路331巷,太和露營車小溪地-(24.629, 121.773), Yilan County, Taiwan",15 Sep 2024,jason wu,24.6295,121.7734,Taiwan,False,ML624022124,P1
624022127,grpsni1,Rostratula benghalensis,タマシギ,4.0,1,"宜蘭縣,冬山鄉,太和路331巷,太和露營車小溪地-(24.629, 121.773), Yilan County, Taiwan",15 Sep 2024,jason wu,24.6295,121.7734,Taiwan,False,ML624022127,P1
624027030,grpsni1,Rostratula benghalensis,タマシギ,1.0,1,"宜蘭縣,冬山鄉,太和路331巷,太和露營車小溪地-(24.629, 121.773), Yilan County, Taiwan",16 Sep 2024,jason wu,24.6295,121.7734,Taiwan,False,ML624027030,P1
624027270,grpsni1,Rostratula benghalensis,タマシギ,1.0,1,"宜蘭縣,冬山鄉,太和路331巷,太和露營車小溪地-(24.629, 121.773), Yilan County, Taiwan",16 Sep 2024,jason wu,24.6295,121.7734,Taiwan,False,ML624027270,P1
624750079,grpsni1,Rostratula benghalensis,タマシギ,0.0,0,"Bang Khaem aquaculture ponds, Nakhon Pathom, Thailand",30 Sep 2024,Gregory Irving,13.7417,100.0434,Thailand,False,ML624750079,P1
624750080,grpsni1,Rostratula benghalensis,タマシギ,3.0,1,"Bang Khaem aquaculture ponds, Nakhon Pathom, Thailand",30 Sep 2024,Gregory Irving,13.7417,100.0434,Thailand,False,ML624750080,P1
624950012,grpsni1,Rostratula benghalensis,タマシギ,5.0,1,"Manohara River, Bhaktapur, Bagmati, Nepal",18 Sep 2024,Deepak Budhathoki 🦉,27.6981,85.392,Nepal,False,ML624950012,P1
627166433,grpsni1,Rostratula benghalensis,タマシギ,3.0,1,"台東縣,台東市,豐榮里,臨海路二段66號,耕犁中水田-TW (22.739, 121.141), Taitung County, Taiwan",5 Dec 2024,jason wu,22.739,121.1405,Taiwan,False,ML627166433,P1
627166442,grpsni1,Rostratula benghalensis,タマシギ,5.0,1,"台東縣,台東市,豐榮里,臨海路二段66號,耕犁中水田-TW (22.739, 121.141), Taitung County, Taiwan",5 Dec 2024,jason wu,22.739,121.1405,Taiwan,False,ML627166442,P1
627765034,grpsni1,Rostratula benghalensis,タマシギ,4.0,2,"Kuttanadu Wetlands-Perumthuruthu Paddy View, Kottayam, Kerala, India",20 Dec 2024,Vishnu TS,9.6947,76.4599,India,False,ML627765034,P1
627987270,grpsni1,Rostratula benghalensis,タマシギ,2.5,2,"Bhimavaram Wetlands, West Godavari, Andhra Pradesh, India",25 Dec 2024,Ramu Alluri,16.5581,81.4962,India,False,ML627987270,P1
629392953,grpsni1,Rostratula benghalensis,タマシギ,3.5,2,"Paddy Fields & Lake Danao Marsh, Camotes, San Francisco, PH (10.657, 124.355), Cebu, Philippines",20 Jan 2025,Andrew Wolfe,10.657,124.3551,Philippines,False,ML629392953,P1
629392954,grpsni1,Rostratula benghalensis,タマシギ,3.3333333333333335,3,"Paddy Fields & Lake Danao Marsh, Camotes, San Francisco, PH (10.657, 124.355), Cebu, Philippines",20 Jan 2025,Andrew Wolfe,10.657,124.3551,Philippines,False,ML629392954,P1
630771039,grpsni1,Rostratula benghalensis,タマシギ,0.0,0,"Bhimavaram Wetlands, West Godavari, Andhra Pradesh, India",8 Jan 2025,Ramu Alluri,16.5581,81.4962,India,False,ML630771039,P1
631002263,grpsni1,Rostratula benghalensis,タマシギ,0.0,0,"Pagote -- Uran, Raigad, Maharashtra, India",14 Jun 2021,Vaibhav PatiL,18.893,72.9973,India,False,ML631002263,P1
631177237,grpsni1,Rostratula benghalensis,タマシギ,0.0,0,"162 投25鄉道, 嘉興里, 南投縣, TW (23.896, 120.693), Nantou County, Taiwan",22 Feb 2025,Scott (瑞興) LIN(林),23.8963,120.6934,Taiwan,False,ML631177237,P1
631177483,grpsni1,Rostratula benghalensis,タマシギ,0.0,0,"162 投25鄉道, 嘉興里, 南投縣, TW (23.896, 120.693), Nantou County, Taiwan",22 Feb 2025,Scott (瑞興) LIN(林),23.8963,120.6934,Taiwan,False,ML631177483,P1
631177486,grpsni1,Rostratula benghalensis,タマシギ,5.0,1,"162 投25鄉道, 嘉興里, 南投縣, TW (23.896, 120.693), Nantou County, Taiwan",22 Feb 2025,Scott (瑞興) LIN(林),23.8963,120.6934,Taiwan,False,ML631177486,P1
631836118,grpsni1,Rostratula benghalensis,タマシギ,0.0,0,"69 十三東路, 十三里, 雲林縣, TW (23.745, 120.576), Yunlin County, Taiwan",8 Mar 2025,Scott (瑞興) LIN(林),23.7447,120.5761,Taiwan,False,ML631836118,P1
631836120,grpsni1,Rostratula benghalensis,タマシギ,0.0,0,"69 十三東路, 十三里, 雲林縣, TW (23.745, 120.576), Yunlin County, Taiwan",8 Mar 2025,Scott (瑞興) LIN(林),23.7447,120.5761,Taiwan,False,ML631836120,P1
631836121,grpsni1,Rostratula benghalensis,タマシギ,0.0,0,"69 十三東路, 十三里, 雲林縣, TW (23.745, 120.576), Yunlin County, Taiwan",8 Mar 2025,Scott (瑞興) LIN(林),23.7447,120.5761,Taiwan,False,ML631836121,P1
631836122,grpsni1,Rostratula benghalensis,タマシギ,0.0,0,"69 十三東路, 十三里, 雲林縣, TW (23.745, 120.576), Yunlin County, Taiwan",8 Mar 2025,Scott (瑞興) LIN(林),23.7447,120.5761,Taiwan,False,ML631836122,P1
631958703,grpsni1,Rostratula benghalensis,タマシギ,0.0,0,"7-16號 神農路, 北斗鎮, TW (23.857, 120.527), Changhua County, Taiwan",11 Mar 2025,Liao Tzu-Chiang,23.8571,120.527,Taiwan,False,ML631958703,P1
631999876,grpsni1,Rostratula benghalensis,タマシギ,0.0,0,"17 中正北路一段525巷, 歸仁區, 台南市, TW (22.979, 120.292)八甲里, Tainan City, Taiwan",12 Mar 2025,hiya lin,22.9785,120.2924,Taiwan,False,ML631999876,P1
631999891,grpsni1,Rostratula benghalensis,タマシギ,5.0,1,"17 中正北路一段525巷, 歸仁區, 台南市, TW (22.979, 120.292)八甲里, Tainan City, Taiwan",12 Mar 2025,hiya lin,22.9785,120.2924,Taiwan,False,ML631999891,P1
632345991,grpsni1,Rostratula benghalensis,タマシギ,3.0,1,"35 水源路, 源城里, 花蓮縣, TW (23.311, 121.296), Hualien County, Taiwan",17 Mar 2025,Scott (瑞興) LIN(林),23.3109,121.2955,Taiwan,False,ML632345991,P1
632345992,grpsni1,Rostratula benghalensis,タマシギ,1.0,1,"35 水源路, 源城里, 花蓮縣, TW (23.311, 121.296), Hualien County, Taiwan",17 Mar 2025,Scott (瑞興) LIN(林),23.3109,121.2955,Taiwan,False,ML632345992,P1
632681308,grpsni1,Rostratula benghalensis,タマシギ,0.0,0,"雙叉巷, 美雅村, 彰化縣, TW (23.888, 120.578), Changhua County, Taiwan",25 Mar 2025,Scott (瑞興) LIN(林),23.8879,120.5783,Taiwan,False,ML632681308,P1
632681309,grpsni1,Rostratula benghalensis,タマシギ,0.0,0,"雙叉巷, 美雅村, 彰化縣, TW (23.888, 120.578), Changhua County, Taiwan",25 Mar 2025,Scott (瑞興) LIN(林),23.8879,120.5783,Taiwan,False,ML632681309,P1
632681499,grpsni1,Rostratula benghalensis,タマシギ,0.0,0,"社斗路一段, 彰化縣, TW (23.892, 120.579), Changhua County, Taiwan",25 Mar 2025,Scott (瑞興) LIN(林),23.8919,120.5786,Taiwan,False,ML632681499,P1
633206054,grpsni1,Rostratula benghalensis,タマシギ,0.0,0,"彰化--芬園貓羅溪餵食點(Changhua--Fenyuan Maoluo River Feeding Spot), Changhua County, Taiwan",3 Apr 2025,James Tu,23.9898,120.6438,Taiwan,False,ML633206054,P1
633206055,grpsni1,Rostratula benghalensis,タマシギ,0.0,0,"彰化--芬園貓羅溪餵食點(Changhua--Fenyuan Maoluo River Feeding Spot), Changhua County, Taiwan",3 Apr 2025,James Tu,23.9898,120.6438,Taiwan,False,ML633206055,P1
633206057,grpsni1,Rostratula benghalensis,タマシギ,0.0,0,"彰化--芬園貓羅溪餵食點(Changhua--Fenyuan Maoluo River Feeding Spot), Changhua County, Taiwan",3 Apr 2025,James Tu,23.9898,120.6438,Taiwan,False,ML633206057,P1
633206058,grpsni1,Rostratula benghalensis,タマシギ,5.0,1,"彰化--芬園貓羅溪餵食點(Changhua--Fenyuan Maoluo River Feeding Spot), Changhua County, Taiwan",3 Apr 2025,James Tu,23.9898,120.6438,Taiwan,False,ML633206058,P1
633206979,grpsni1,Rostratula benghalensis,タマシギ,0.0,0,"台東台糖中興高爾夫球練習場東方300米, Taitung County, Taiwan",1 Apr 2025,jason wu,22.7655,121.1265,Taiwan,False,ML633206979,P1
633206984,grpsni1,Rostratula benghalensis,タマシギ,0.0,0,"台東台糖中興高爾夫球練習場東方300米, Taitung County, Taiwan",1 Apr 2025,jason wu,22.7655,121.1265,Taiwan,False,ML633206984,P1
633340366,grpsni1,Rostratula benghalensis,タマシギ,4.0,1,"建147號 中南路572巷, 和豊村, 彰化縣, TW (23.9, 120.485), Changhua County, Taiwan",7 Apr 2025,Scott (瑞興) LIN(林),23.8998,120.4855,Taiwan,False,ML633340366,P1
633340367,grpsni1,Rostratula benghalensis,タマシギ,2.0,1,"建147號 中南路572巷, 和豊村, 彰化縣, TW (23.9, 120.485), Changhua County, Taiwan",7 Apr 2025,Scott (瑞興) LIN(林),23.8998,120.4855,Taiwan,False,ML633340367,P1
634017201,grpsni1,Rostratula benghalensis,タマシギ,2.0,1,"790之6號 三民路, 秀祐里, 台南市, TW (23.36, 120.403), Tainan City, Taiwan",15 Apr 2025,Scott (瑞興) LIN(林),23.3602,120.4029,Taiwan,False,ML634017201,P1
634017318,grpsni1,Rostratula benghalensis,タマシギ,5.0,1,"台南市, TW (23.36, 120.406), Tainan City, Taiwan",15 Apr 2025,Scott (瑞興) LIN(林),23.3596,120.4058,Taiwan,False,ML634017318,P1
634017319,grpsni1,Rostratula benghalensis,タマシギ,3.0,1,"台南市, TW (23.36, 120.406), Tainan City, Taiwan",15 Apr 2025,Scott (瑞興) LIN(林),23.3596,120.4058,Taiwan,False,ML634017319,P1
634017342,grpsni1,Rostratula benghalensis,タマシギ,3.0,1,"台南市, TW (23.36, 120.406), Tainan City, Taiwan",15 Apr 2025,Scott (瑞興) LIN(林),23.3596,120.4058,Taiwan,False,ML634017342,P1
635158675,grpsni1,Rostratula benghalensis,タマシギ,4.0,2,"Long Valley 塱原, Hong Kong, Hong Kong",4 May 2025,David Stanton,22.5088,114.1133,Hong Kong,False,ML635158675,P1
635933927,grpsni1,Rostratula benghalensis,タマシギ,4.5,2,"Moriyama - Sazukawacho, Moriyama, Shiga, Japan",17 May 2025,Aline Horikawa,35.1157,135.9695,Japan,True,ML635933927,P1
636406500,grpsni1,Rostratula benghalensis,タマシギ,5.0,2,"嘉義--公館農場(Chiayi--Gongguan Farmland), Chiayi County, Taiwan",24 May 2025,James Tu,23.4362,120.4423,Taiwan,False,ML636406500,P1
636932689,grpsni1,Rostratula benghalensis,タマシギ,0.0,0,"울산--남창들녘(Ulsan--Namchang Rice Field), Ulsan, South Korea",1 Jun 2025,Anonymous,35.4172,129.2926,South Korea,True,ML636932689,P1
637870373,grpsni1,Rostratula benghalensis,タマシギ,3.0,1,"울산--남창들녘(Ulsan--Namchang Rice Field), Ulsan, South Korea",19 Jun 2025,Jaewon Yun,35.4172,129.2926,South Korea,True,ML637870373,P1
637904653,grpsni1,Rostratula benghalensis,タマシギ,1.0,1,"Central University of Rajasthan, Ajmer, Rajasthan, India",22 Jun 2025,Chandan Dalawat,26.6291,75.0289,India,False,ML637904653,P1
638058339,grpsni1,Rostratula benghalensis,タマシギ,5.0,2,"울산--남창들녘(Ulsan--Namchang Rice Field), Ulsan, South Korea",25 Jun 2025,Dirk von Werne,35.4172,129.2926,South Korea,True,ML638058339,P1
638179380,grpsni1,Rostratula benghalensis,タマシギ,2.0,2,"Kiraoli, Agra IN-Uttar Pradesh 27.24104, 77.89089, Agra, Uttar Pradesh, India",28 Jun 2025,Adhithyan NK,27.241,77.8909,India,False,ML638179380,P1
638179381,grpsni1,Rostratula benghalensis,タマシギ,1.0,1,"Kiraoli, Agra IN-Uttar Pradesh 27.24104, 77.89089, Agra, Uttar Pradesh, India",28 Jun 2025,Adhithyan NK,27.241,77.8909,India,False,ML638179381,P1
638622978,grpsni1,Rostratula benghalensis,タマシギ,3.0,1,"Ban Nong Jik Teen Noen paddies, Sukhothai, Thailand",8 Jul 2025,Jens Toettrup,17.0002,99.4792,Thailand,False,ML638622978,P1
638886049,grpsni1,Rostratula benghalensis,タマシギ,4.5,2,"横田714-2, 松前町 JP-愛媛県 33.78051, 132.73144, Masaki, Ehime, Japan",13 Jul 2025,Takashi Noma,33.7805,132.7314,Japan,True,ML638886049,P1
638886050,grpsni1,Rostratula benghalensis,タマシギ,0.0,0,"横田714-2, 松前町 JP-愛媛県 33.78051, 132.73144, Masaki, Ehime, Japan",13 Jul 2025,Takashi Noma,33.7805,132.7314,Japan,True,ML638886050,P1
638886051,grpsni1,Rostratula benghalensis,タマシギ,0.0,0,"横田714-2, 松前町 JP-愛媛県 33.78051, 132.73144, Masaki, Ehime, Japan",13 Jul 2025,Takashi Noma,33.7805,132.7314,Japan,True,ML638886051,P1
639018284,grpsni1,Rostratula benghalensis,タマシギ,3.0,2,"Kruger NP--Boyela waterhole, Limpopo, South Africa",23 Jan 2025,Chris Rehberg  | Sydney Birding,-22.9426,31.2853,South Africa,False,ML639018284,P1
640460453,grpsni1,Rostratula benghalensis,タマシギ,0.0,0,"8之12號 長興路26巷, 越溪村, 屏東縣, TW (22.497, 120.494), Pingtung County, Taiwan",17 Aug 2025,Scott (瑞興) LIN(林),22.4965,120.4944,Taiwan,False,ML640460453,P1
640460454,grpsni1,Rostratula benghalensis,タマシギ,3.0,1,"8之12號 長興路26巷, 越溪村, 屏東縣, TW (22.497, 120.494), Pingtung County, Taiwan",17 Aug 2025,Scott (瑞興) LIN(林),22.4965,120.4944,Taiwan,False,ML640460454,P1
640460455,grpsni1,Rostratula benghalensis,タマシギ,3.0,1,"8之12號 長興路26巷, 越溪村, 屏東縣, TW (22.497, 120.494), Pingtung County, Taiwan",17 Aug 2025,Scott (瑞興) LIN(林),22.4965,120.4944,Taiwan,False,ML640460455,P1
641043420,grpsni1,Rostratula benghalensis,タマシギ,3.0,1,"Chitwan National Park - Pandavnagar Area, Chitawan, Bagmati, Nepal",12 Apr 2025,Geoff Carey,27.5157,84.2513,Nepal,False,ML641043420,P1
641350468,grpsni1,Rostratula benghalensis,タマシギ,3.0,1,"Paddy Fields & Lake Danao Marsh, Camotes, San Francisco, PH (10.657, 124.355), Cebu, Philippines",20 Jan 2025,Andrew Wolfe,10.657,124.3551,Philippines,False,ML641350468,P1
641350476,grpsni1,Rostratula benghalensis,タマシギ,4.0,2,"Paddy Fields & Lake Danao Marsh, Camotes, San Francisco, PH (10.657, 124.355), Cebu, Philippines",20 Jan 2025,Andrew Wolfe,10.657,124.3551,Philippines,False,ML641350476,P1
641794914,grpsni1,Rostratula benghalensis,タマシギ,0.0,0,"Soor Sarovar Bird Sanctuary (Keetham Lake), Agra, Uttar Pradesh, India",13 Sep 2025,Adhithyan NK,27.2534,77.8423,India,False,ML641794914,P1
642010812,grpsni1,Rostratula benghalensis,タマシギ,0.0,0,"禾能村南 (Heneng Village South), Hainan, China",3 Sep 2025,Claude Z,19.7029,109.259,China,False,ML642010812,P1
643574840,grpsni1,Rostratula benghalensis,タマシギ,0.0,0,"台南--學甲中洲(Tainan--Xuejia Zhongzhou), Tainan City, Taiwan",2 Aug 2025,Joanna Chin,23.2471,120.1482,Taiwan,False,ML643574840,P1
643574841,grpsni1,Rostratula benghalensis,タマシギ,3.0,1,"台南--學甲中洲(Tainan--Xuejia Zhongzhou), Tainan City, Taiwan",2 Aug 2025,Joanna Chin,23.2471,120.1482,Taiwan,False,ML643574841,P1
644841798,grpsni1,Rostratula benghalensis,タマシギ,3.0,1,"Unda River Mouth, Bali, Nusa Tenggara, Indonesia",8 Nov 2025,Geoff Carey,-8.5729,115.4317,Indonesia,False,ML644841798,P1
644841799,grpsni1,Rostratula benghalensis,タマシギ,3.0,1,"Unda River Mouth, Bali, Nusa Tenggara, Indonesia",8 Nov 2025,Geoff Carey,-8.5729,115.4317,Indonesia,False,ML644841799,P1
644935417,grpsni1,Rostratula benghalensis,タマシギ,2.0,1,"Tantoli, Ajmer IN-Rajasthan 26.13534, 74.78089, Ajmer, Rajasthan, India",19 Aug 2025,John C. Mittermeier,26.1353,74.7809,India,False,ML644935417,P1
647605354,grpsni1,Rostratula benghalensis,タマシギ,1.0,1,"Paddy Fields & Lake Danao Marsh, Camotes, San Francisco, PH (10.657, 124.355), Cebu, Philippines",27 Dec 2025,Andrew Wolfe,10.657,124.3551,Philippines,False,ML647605354,P1
647783128,grpsni1,Rostratula benghalensis,タマシギ,0.0,0,"Debarawewa Lake, Thissamaharama, Hambantota, Sri Lanka",12 Nov 2025,Carl Haynie,6.2935,81.2677,Sri Lanka,False,ML647783128,P1
648988710,grpsni1,Rostratula benghalensis,タマシギ,0.0,0,"Rajah Sikatuna Protected Landscape, Bohol, Philippines",16 Jan 2026,Lars Mannzen,9.7056,124.1233,Philippines,False,ML648988710,P1
648988783,grpsni1,Rostratula benghalensis,タマシギ,0.0,0,"Rajah Sikatuna Protected Landscape, Bohol, Philippines",16 Jan 2026,Lars Mannzen,9.7056,124.1233,Philippines,False,ML648988783,P1
649721080,grpsni1,Rostratula benghalensis,タマシギ,0.0,0,"10號 陶朱路, 七星里, 彰化縣, TW (23.853, 120.528), Changhua County, Taiwan",25 Jan 2026,Liao Tzu-Chiang,23.8526,120.5285,Taiwan,False,ML649721080,P1
650175971,grpsni1,Rostratula benghalensis,タマシギ,0.0,0,"Ramakrishna Mission Ghat, Malda, West Bengal, IN (24.994, 88.149), Malda, West Bengal, India",31 Jan 2026,Avirup Bhattacharya,24.9942,88.1492,India,False,ML650175971,P1
650682850,grpsni1,Rostratula benghalensis,タマシギ,5.0,1,"Dudhawa Dam (20.308, 81.772), Dhamtari, Chhattisgarh, India",25 Jan 2026,Jageshwer verma,20.308,81.7718,India,False,ML650682850,P1
650683022,grpsni1,Rostratula benghalensis,タマシギ,5.0,1,"Dudhawa Dam (20.308, 81.772), Dhamtari, Chhattisgarh, India",25 Jan 2026,Jageshwer verma,20.308,81.7718,India,False,ML650683022,P1
650683118,grpsni1,Rostratula benghalensis,タマシギ,5.0,1,"Dudhawa Dam (20.308, 81.772), Dhamtari, Chhattisgarh, India",25 Jan 2026,Jageshwer verma,20.308,81.7718,India,False,ML650683118,P1
66025181,grpsni1,Rostratula benghalensis,タマシギ,2.0,4,"Changaram Wetlands -- Ezhupunna, Alappuzha, Kerala, India",7 Aug 2017,Abhijith surendran,9.7975,76.2889,India,False,ML66025181,P1
90921101,grpsni1,Rostratula benghalensis,タマシギ,4.1,10,"苗栗--苑裡玉田(Miaoli--Yuanli Yutian), Miaoli County, Taiwan",22 Mar 2018,Kuan-Chieh 紅冠 Hung | TaiwanBirdGuide.com,24.3779,120.6975,Taiwan,False,ML90921101,P1
90921161,grpsni1,Rostratula benghalensis,タマシギ,3.0,4,"苗栗--苑裡玉田(Miaoli--Yuanli Yutian), Miaoli County, Taiwan",22 Mar 2018,Kuan-Chieh 紅冠 Hung | TaiwanBirdGuide.com,24.3779,120.6975,Taiwan,False,ML90921161,P1
97410,grpsni1,Rostratula benghalensis,タマシギ,3.8,5,"Andohasakoa /Ihotry, Madagascar",21 Apr 1987,Lucienne Wilmé,0.0,0.0,Madagascar,False,ML97410,P1
137586521,grwpel1,Pelecanus onocrotalus,モモイロペリカン,3.4242424242424243,33,"Lake Ziway--southwestern shore, Oromia, Ethiopia",27 Dec 2014,Andrew Spencer,7.9173,38.7325,Ethiopia,False,ML137586521,P1
137586541,grwpel1,Pelecanus onocrotalus,モモイロペリカン,3.5757575757575757,33,"Lake Ziway--southwestern shore, Oromia, Ethiopia",27 Dec 2014,Andrew Spencer,7.9173,38.7325,Ethiopia,False,ML137586541,P1
212488961,grwpel1,Pelecanus onocrotalus,モモイロペリカン,3.0,32,"PN des Oiseaux du Djoudj, Saint-Louis, Senegal",30 Jan 2020,Fernando del Valle,16.3971,-16.2407,Senegal,False,ML212488961,P1
311133,grwpel1,Pelecanus onocrotalus,モモイロペリカン,2.0,4,"Copenhague (general), København, København, Denmark",Apr 1968,Claude Chappuis,55.67,12.5724,Denmark,False,ML311133,P1
311134,grwpel1,Pelecanus onocrotalus,モモイロペリカン,1.2,5,"PN des Oiseaux du Djoudj, Saint-Louis, Senegal",19 Feb 1987,Claude Chappuis,16.3971,-16.2407,Senegal,False,ML311134,P1
316846691,grwpel1,Pelecanus onocrotalus,モモイロペリカン,2.727272727272727,33,"Pariyej Lake extantion, Kheda, Gujarat, India",21 Feb 2021,Irshad Theba,22.5536,72.6257,India,False,ML316846691,P1
317390421,grwpel1,Pelecanus onocrotalus,モモイロペリカン,3.212121212121212,33,"Vadala Dam, Surendranagar, Gujarat, India",15 Feb 2021,Irshad Theba,22.9139,71.9715,India,False,ML317390421,P1
609064663,grwpel1,Pelecanus onocrotalus,モモイロペリカン,2.84375,32,"Little Rann of Kachchh--Desert Coursers, Surendranagar, Gujarat, India",28 Dec 2009,Pam Rasmussen,23.2836,71.7615,India,False,ML609064663,P1
620892189,grwpel1,Pelecanus onocrotalus,モモイロペリカン,3.272727272727273,33,"ΕΠ Λίμνης Κερκίνης--Εκβολές Στρυμόνα (Lake Kerkini NP--Strymonas river mouth), Serres, Central Macedonia, Greece",21 Jun 2024,Dan Owen,41.2483,23.1921,Greece,False,ML620892189,P1
628976453,grwpel1,Pelecanus onocrotalus,モモイロペリカン,4.142857142857143,7,"Am Diamoussa, Salamat, TD (10,891, 19,851), Salamat, Chad",17 Feb 2024,Julien Birard,10.8912,19.8512,Chad,False,ML628976453,P1
632088240,grwpel1,Pelecanus onocrotalus,モモイロペリカン,3.5714285714285716,7,"Thol Bird Sanctuary, Mehsana, Gujarat, India",16 Feb 2025,Irshad Theba,23.1331,72.403,India,False,ML632088240,P1
632088241,grwpel1,Pelecanus onocrotalus,モモイロペリカン,3.0,6,"Thol Bird Sanctuary, Mehsana, Gujarat, India",16 Feb 2025,Irshad Theba,23.1331,72.403,India,False,ML632088241,P1
644752236,grwpel1,Pelecanus onocrotalus,モモイロペリカン,0.0,0,"PN des Oiseaux du Djoudj, Saint-Louis, Senegal",22 Dec 2023,Axel Drioli | Sounding Wild,16.3971,-16.2407,Senegal,False,ML644752236,P1
649838584,grwpel1,Pelecanus onocrotalus,モモイロペリカン,2.0,1,"PN du Djoudj--Station biologique et environs, Saint-Louis, Senegal",13 Jan 2026,Peter Boesman,16.3584,-16.2745,Senegal,False,ML649838584,P1
649838588,grwpel1,Pelecanus onocrotalus,モモイロペリカン,2.0,1,"PN du Djoudj--Station biologique et environs, Saint-Louis, Senegal",13 Jan 2026,Peter Boesman,16.3584,-16.2745,Senegal,False,ML649838588,P1
649838589,grwpel1,Pelecanus onocrotalus,モモイロペリカン,2.0,1,"PN du Djoudj--Station biologique et environs, Saint-Louis, Senegal",13 Jan 2026,Peter Boesman,16.3584,-16.2745,Senegal,False,ML649838589,P1
134560991,grybun,Emberiza variabilis,クロジ,1.5,4,"相模原市--宮ヶ瀬湖--早戸川林道--金沢川の東 (Sagamihara--Miyagase Lake--Hayatogawa Forest Road--east of Kanazawa River), Sagamihara, Kanagawa, Japan",12 Jan 2019,James (Jim) Holmes,35.5266,139.216,Japan,True,ML134560991,P1
137143791,grybun,Emberiza variabilis,クロジ,2.6666666666666665,6,"高原町--御池--御池キャンプ村 (Takaharu--Lake Miike--Lake Miike Campground), Miyakonojo, Miyazaki, Japan",26 Feb 2017,Julia Moning,31.8864,130.9664,Japan,True,ML137143791,P1
281945,grybun,Emberiza variabilis,クロジ,3.0,1,"羅臼町--知床峠 (Rausu--Shiretoko Pass), Rausu, Hokkaido, Japan",4 Jun 2015,Peter Boesman,44.0541,145.1048,Japan,True,ML281945,P1
281946,grybun,Emberiza variabilis,クロジ,2.0,1,"羅臼町--知床峠 (Rausu--Shiretoko Pass), Rausu, Hokkaido, Japan",4 Jun 2015,Peter Boesman,44.0541,145.1048,Japan,True,ML281946,P1
281950,grybun,Emberiza variabilis,クロジ,4.0,3,"羅臼町--知床峠 (Rausu--Shiretoko Pass), Rausu, Hokkaido, Japan",4 Jun 2015,Peter Boesman,44.0541,145.1048,Japan,True,ML281950,P1
281962,grybun,Emberiza variabilis,クロジ,4.25,4,"羅臼町--知床峠 (Rausu--Shiretoko Pass), Rausu, Hokkaido, Japan",4 Jun 2015,Peter Boesman,44.0541,145.1048,Japan,True,ML281962,P1
460115961,grybun,Emberiza variabilis,クロジ,5.0,3,"長野市--戸隠森林植物園 (Nagano--Togakushi Forest Park), Nagano, Nagano, Japan",14 Jun 2022,Joye Zhou,36.7566,138.0717,Japan,True,ML460115961,P1
460115971,grybun,Emberiza variabilis,クロジ,4.0,2,"長野市--戸隠森林植物園 (Nagano--Togakushi Forest Park), Nagano, Nagano, Japan",14 Jun 2022,Joye Zhou,36.7566,138.0717,Japan,True,ML460115971,P1
460116071,grybun,Emberiza variabilis,クロジ,4.0,2,"長野市--戸隠森林植物園 (Nagano--Togakushi Forest Park), Nagano, Nagano, Japan",14 Jun 2022,Joye Zhou,36.7566,138.0717,Japan,True,ML460116071,P1
460116091,grybun,Emberiza variabilis,クロジ,4.0,2,"長野市--戸隠森林植物園 (Nagano--Togakushi Forest Park), Nagano, Nagano, Japan",14 Jun 2022,Joye Zhou,36.7566,138.0717,Japan,True,ML460116091,P1
460119321,grybun,Emberiza variabilis,クロジ,4.666666666666667,3,"長野市--戸隠森林植物園 (Nagano--Togakushi Forest Park), Nagano, Nagano, Japan",15 Jun 2022,Joye Zhou,36.7566,138.0717,Japan,True,ML460119321,P1
460119421,grybun,Emberiza variabilis,クロジ,5.0,3,"長野市--戸隠森林植物園 (Nagano--Togakushi Forest Park), Nagano, Nagano, Japan",15 Jun 2022,Joye Zhou,36.7566,138.0717,Japan,True,ML460119421,P1
460119471,grybun,Emberiza variabilis,クロジ,4.6,5,"長野市--戸隠森林植物園 (Nagano--Togakushi Forest Park), Nagano, Nagano, Japan",15 Jun 2022,Joye Zhou,36.7566,138.0717,Japan,True,ML460119471,P1
564597571,grybun,Emberiza variabilis,クロジ,2.0,2,"울산--대왕암공원(Ulsan--Daewangam Park), Ulsan, South Korea",29 Apr 2023,Marshall Iliff,35.4889,129.4371,South Korea,True,ML564597571,P1
593684711,grybun,Emberiza variabilis,クロジ,3.0,3,"Shiretoko Odan Road, Shari, Shari-Gun JP-Hokkaido 44.07029, 145.06301, Shari, Hokkaido, Japan",6 Jun 2023,Simon Colenutt,44.0703,145.063,Japan,True,ML593684711,P1
616571512,grybun,Emberiza variabilis,クロジ,2.0,2,"제주--한라수목원(Jeju--Halla Arboretum), Jeju-do, South Korea",27 Dec 2022,Leslie Hurteau,33.4699,126.4932,South Korea,True,ML616571512,P1
617059323,grybun,Emberiza variabilis,クロジ,2.5,2,"京都市--六条天皇陵 (Kyoto--Mausoleum of Emperor Rokujō), Kyoto, Kyoto, Japan",24 Mar 2024,Jedediah Smith,34.9909,135.7887,Japan,True,ML617059323,P1
619281483,grybun,Emberiza variabilis,クロジ,2.5,2,"西郷村--赤面山 (Nishigo--Mount Akatsura), Nishigo, Fukushima, Japan",19 May 2024,Anonymous,37.1499,139.9865,Japan,True,ML619281483,P1
620807321,grybun,Emberiza variabilis,クロジ,4.666666666666667,3,"美女平, Tateyama, Toyama, Japan",22 Jun 2024,Ying ZHOU,36.5803,137.4651,Japan,True,ML620807321,P1
621164774,grybun,Emberiza variabilis,クロジ,3.0,3,"Shemya Island--Eareckson AS (restricted access), Aleutians West Census Area, Alaska, United States",27 May 2024,Zak Pohlen,52.7207,174.1123,United States,False,ML621164774,P1
621807902,grybun,Emberiza variabilis,クロジ,4.333333333333333,3,"立山町--弥陀ヶ原 (Tateyama--Midagahara), Tateyama, Toyama, Japan",21 Jul 2024,masao komura,36.572,137.5328,Japan,True,ML621807902,P1
628179688,grybun,Emberiza variabilis,クロジ,1.5,2,"제주--동백동산/선흘곶자왈(Jeju--Dongbaekdongsan/Seonheul Gotjawal), Jeju-do, South Korea",27 Dec 2024,Anonymous,33.5169,126.7171,South Korea,True,ML628179688,P1
630250141,grybun,Emberiza variabilis,クロジ,0.0,0,"五十崎甲, 内子町 JP-愛媛県 33.53818, 132.65656, Uchiko, Ehime, Japan",5 Feb 2025,Takashi Noma,33.5382,132.6566,Japan,True,ML630250141,P1
630250142,grybun,Emberiza variabilis,クロジ,0.0,0,"五十崎甲, 内子町 JP-愛媛県 33.53818, 132.65656, Uchiko, Ehime, Japan",5 Feb 2025,Takashi Noma,33.5382,132.6566,Japan,True,ML630250142,P1
633425834,grybun,Emberiza variabilis,クロジ,3.0,2,"安中市--妙義荒船林道--中木川谷 (Annaka--Myogi Arafune Forest Road--Nakagi River Valley), Annaka, Gunma, Japan",17 Dec 2013,Andrew Spencer,36.2948,138.7173,Japan,True,ML633425834,P1
634281622,grybun,Emberiza variabilis,クロジ,2.0,2,"京都市--音羽山清水寺 (Kyoto--Otowasan Kiyomizu-dera Temple), Kyoto, Kyoto, Japan",17 Apr 2025,Daniel Lebbin,34.9948,135.785,Japan,True,ML634281622,P1
634281854,grybun,Emberiza variabilis,クロジ,2.0,2,"京都市--音羽山清水寺 (Kyoto--Otowasan Kiyomizu-dera Temple), Kyoto, Kyoto, Japan",17 Apr 2025,Daniel Lebbin,34.9948,135.785,Japan,True,ML634281854,P1
634466652,grybun,Emberiza variabilis,クロジ,2.0,2,"京都市--音羽山清水寺 (Kyoto--Otowasan Kiyomizu-dera Temple), Kyoto, Kyoto, Japan",17 Apr 2025,Daniel Lebbin,34.9948,135.785,Japan,True,ML634466652,P1
636363694,grybun,Emberiza variabilis,クロジ,0.0,0,"長野市--戸隠森林植物園·みどりヶ池 (Nagano--Togakushi Forest Botanical Garden / Midorigaike Pond), Nagano, Nagano, Japan",23 May 2025,Kazunori Kato,36.7524,138.0766,Japan,True,ML636363694,P1
637030219,grybun,Emberiza variabilis,クロジ,2.0,1,"由利本荘市--大提 (Yurihonjo--Otsutsumi Pond), Yurihonjo, Akita, Japan",3 Jun 2025,YUKIKO ISHIKAWA,39.3703,140.042,Japan,True,ML637030219,P1
637030622,grybun,Emberiza variabilis,クロジ,3.0,1,"由利本荘市--大提 (Yurihonjo--Otsutsumi Pond), Yurihonjo, Akita, Japan",3 Jun 2025,YUKIKO ISHIKAWA,39.3703,140.042,Japan,True,ML637030622,P1
637036801,grybun,Emberiza variabilis,クロジ,2.0,1,"由利本荘市--大提 (Yurihonjo--Otsutsumi Pond), Yurihonjo, Akita, Japan",3 Jun 2025,YUKIKO ISHIKAWA,39.3703,140.042,Japan,True,ML637036801,P1
639405228,grybun,Emberiza variabilis,クロジ,0.0,0,"三方岩岳の登山道, Shirakawa, Gifu, Japan",24 Jul 2025,花鳥 山岳,36.262,136.836,Japan,True,ML639405228,P1
639752322,grybun,Emberiza variabilis,クロジ,0.0,0,"立山町--大日平 (Tateyama--Dainichidaira), Tateyama, Toyama, Japan",29 Jul 2025,masao komura,36.5808,137.5305,Japan,True,ML639752322,P1
640659715,grybun,Emberiza variabilis,クロジ,0.0,0,"羅臼町--知床峠 (Rausu--Shiretoko Pass), Rausu, Hokkaido, Japan",6 Jun 2025,Clive Harris,44.0541,145.1048,Japan,True,ML640659715,P1
640988636,grybun,Emberiza variabilis,クロジ,1.0,1,"由利本荘市--本荘公園 (Yurihonjo--Honjo Park and Castle Ruins), Yurihonjo, Akita, Japan",29 Aug 2025,YUKIKO ISHIKAWA,39.3847,140.0477,Japan,True,ML640988636,P1
644012421,grybun,Emberiza variabilis,クロジ,1.0,1,"由利本荘市--本荘公園 (Yurihonjo--Honjo Park and Castle Ruins), Yurihonjo, Akita, Japan",23 Oct 2025,YUKIKO ISHIKAWA,39.3847,140.0477,Japan,True,ML644012421,P1
644018236,grybun,Emberiza variabilis,クロジ,0.0,0,"Kitashinshu Momiji Wakaba Line, Yamanochi JP-Nagano 36.74397, 138.52160, Yamanochi, Nagano, Japan",14 Jul 2025,Will Schenck,36.744,138.5216,Japan,True,ML644018236,P1
644138066,grybun,Emberiza variabilis,クロジ,2.0,1,"江戸川区--葛西臨海公園・葛西海浜公園 (Edogawa Ward--Kasai Rinkai Park / Kasai Kaihin Park), Edogawa City, Tokyo, Japan",26 Oct 2025,yasuhiro kojima,35.6398,139.8655,Japan,True,ML644138066,P1
646997994,grybun,Emberiza variabilis,クロジ,3.0,1,"渋谷区--明治神宮 (Shibuya Ward--Meiji Jingu Shrine), Shibuya City, Tokyo, Japan",8 Nov 2025,Ian Davies,35.676,139.6993,Japan,True,ML646997994,P1
646997995,grybun,Emberiza variabilis,クロジ,3.0,1,"渋谷区--明治神宮 (Shibuya Ward--Meiji Jingu Shrine), Shibuya City, Tokyo, Japan",8 Nov 2025,Ian Davies,35.676,139.6993,Japan,True,ML646997995,P1
649791949,grybun,Emberiza variabilis,クロジ,0.0,0,"西宮市--甲山森林公園 (Nishinomiya--Kabutoyama Forest Park), Nishinomiya, Hyogo, Japan",24 Jan 2026,masao komura,34.7748,135.3344,Japan,True,ML649791949,P1
650627088,grybun,Emberiza variabilis,クロジ,0.0,0,"西宮市--甲山森林公園 (Nishinomiya--Kabutoyama Forest Park), Nishinomiya, Hyogo, Japan",3 Feb 2026,masao komura,34.7748,135.3344,Japan,True,ML650627088,P1
700135,grybun,Emberiza variabilis,クロジ,2.142857142857143,7,"Yatsugatake Mountains, Chino, Nagano, Japan",Unknown,Desmond Allen,36.0288,138.356,Japan,True,ML700135,P1
117674,gybter1,Onychoprion lunatus,ナンヨウマミジロアジサシ,3.0,4,,21 Apr 1985,Ted Miller,0.0,0.0,,False,ML117674,P1
203895321,gybter1,Onychoprion lunatus,ナンヨウマミジロアジサシ,4.2,5,"Tahuna Motu (-17.0286, -149.549), Windward Islands, French Polynesia",22 Sep 2013,Josep del Hoyo,-17.0286,-149.549,French Polynesia,False,ML203895321,P1
32678,gybter1,Onychoprion lunatus,ナンヨウマミジロアジサシ,3.25,4,"Eastern Island, Midway Islands, United States Minor Outlying Islands",28 Mar 1965,Chandler Robbins,0.0,0.0,United States Minor Outlying Islands,False,ML32678,P1
32680,gybter1,Onychoprion lunatus,ナンヨウマミジロアジサシ,3.25,4,"Eastern Island, Midway Islands, United States Minor Outlying Islands",28 Mar 1965,Chandler Robbins,0.0,0.0,United States Minor Outlying Islands,False,ML32680,P1
624312158,gybter1,Onychoprion lunatus,ナンヨウマミジロアジサシ,3.0,3,"Auto selected -16.49528, -151.78086, Leeward Islands, French Polynesia",22 Jul 2024,David McQuade,-16.4953,-151.7809,French Polynesia,False,ML624312158,P1
89598,gybter1,Onychoprion lunatus,ナンヨウマミジロアジサシ,3.2,5,"Malden Island, Kiribati",24 Jun 1995,Doug Pratt,0.0,0.0,Kiribati,False,ML89598,P1
172332401,gyfbuz1,Butastur indicus,サシバ,4.2,10,"奄美大島--奄美市--住用町--マングローブ原生林 (Amami--Amami City--Sumiyo Mangrove Forest), Amami, Kagoshima, Japan",12 Dec 2013,Andrew Spencer,28.2565,129.4096,Japan,True,ML172332401,P1
175001,gyfbuz1,Butastur indicus,サシバ,2.857142857142857,7,"Okinawa, Japan",Unknown,Ben F. King,0.0,0.0,Japan,False,ML175001,P1
175872,gyfbuz1,Butastur indicus,サシバ,3.2222222222222223,9,"Okinawa, Japan",Unknown,Roger McNeill,0.0,0.0,Japan,False,ML175872,P1
175877,gyfbuz1,Butastur indicus,サシバ,2.142857142857143,7,"Okinawa, Japan",Unknown,Roger McNeill,0.0,0.0,Japan,False,ML175877,P1
204002641,gyfbuz1,Butastur indicus,サシバ,3.0,8,"Subic Bay--Cubi Point, Bataan, Philippines",10 Jan 2008,Desmond Allen,14.7891,120.2828,Philippines,False,ML204002641,P1
27433921,gyfbuz1,Butastur indicus,サシバ,1.8571428571428572,7,"馬祖--東引全區(Matsu--Dongyin), Lienchiang County, Taiwan",22 Apr 2016,Ting-Wei (廷維) HUNG (洪),26.3646,120.4909,Taiwan,False,ML27433921,P1
304163041,gyfbuz1,Butastur indicus,サシバ,3.0,6,"名護市--名護城公園 (Nago--Nago Castle Park), Nago, Okinawa, Japan",3 Feb 2021,kunitarou miyagi,26.5892,127.9943,Japan,True,ML304163041,P1
309979291,gyfbuz1,Butastur indicus,サシバ,2.8333333333333335,6,"那覇市--末吉公園 (Naha--Sueyoshi Park), Naha, Okinawa, Japan",21 Feb 2021,kunitarou miyagi,26.2276,127.7147,Japan,True,ML309979291,P1
327089781,gyfbuz1,Butastur indicus,サシバ,3.4285714285714284,7,"馬祖--東引好漢坡(Matsu--Dongyin Hero Slope), Lienchiang County, Taiwan",15 Apr 2021,Allen Lyu,26.3638,120.4932,Taiwan,False,ML327089781,P1
385917641,gyfbuz1,Butastur indicus,サシバ,4.0,7,"冠头岭国家森林公园 (Guantouling National Forest Park), Guangxi, China",17 Oct 2021,ely what,21.451,109.0561,China,False,ML385917641,P1
395542771,gyfbuz1,Butastur indicus,サシバ,2.1666666666666665,6,"Telok Blangah Hill Park, Singapore, Singapore",13 Dec 2021,Joshua Chong,1.2789,103.8108,Singapore,False,ML395542771,P1
427254371,gyfbuz1,Butastur indicus,サシバ,2.0,6,"高雄壽山NNP--半屏山瞭望台(Shoushan NNP--Banpingshan Lookout), Kaohsiung City, Taiwan",21 Mar 2022,志民 蘇,22.7004,120.313,Taiwan,False,ML427254371,P1
427254381,gyfbuz1,Butastur indicus,サシバ,2.3333333333333335,6,"高雄壽山NNP--半屏山瞭望台(Shoushan NNP--Banpingshan Lookout), Kaohsiung City, Taiwan",21 Mar 2022,志民 蘇,22.7004,120.313,Taiwan,False,ML427254381,P1
427254401,gyfbuz1,Butastur indicus,サシバ,3.142857142857143,7,"高雄壽山NNP--半屏山瞭望台(Shoushan NNP--Banpingshan Lookout), Kaohsiung City, Taiwan",21 Mar 2022,志民 蘇,22.7004,120.313,Taiwan,False,ML427254401,P1
444732961,gyfbuz1,Butastur indicus,サシバ,4.166666666666667,6,"Shobara, Hiroshima, Japan",Unknown,Damian Hackett,0.0,0.0,Japan,False,ML444732961,P1
466259631,gyfbuz1,Butastur indicus,サシバ,3.4285714285714284,7,"Yokkaichi, Mie, Japan",Unknown,toshiaki sasama,0.0,0.0,Japan,False,ML466259631,P1
503610301,gyfbuz1,Butastur indicus,サシバ,4.25,8,"Pulau Mantanani Besar, Sabah, Malaysia",8 Nov 2022,Lim Ying Hien,6.7094,116.3504,Malaysia,False,ML503610301,P1
609060660,gyfbuz1,Butastur indicus,サシバ,3.7142857142857144,7,"Wang Saphung, Loei, NE Thailand, Loei, Thailand",11 Dec 2003,Philip Round,17.3,101.77,Thailand,False,ML609060660,P1
611297258,gyfbuz1,Butastur indicus,サシバ,3.0,7,"Khao Dinsor (Khao Dinso) / Chumphon Raptor Center, Chumphon, Thailand",28 Oct 2023,Ayuwat Jearwattanakanok,10.6331,99.2864,Thailand,False,ML611297258,P1
613747176,gyfbuz1,Butastur indicus,サシバ,2.3333333333333335,3,"昇華路255巷, Pingtung County, Taiwan",11 Jan 2024,He Jie Shu,22.6259,120.5869,Taiwan,False,ML613747176,P1
613754483,gyfbuz1,Butastur indicus,サシバ,4.0,4,"沖縄市--泡瀬干潟IBA--比屋根湿地 (Okinawa--Awase Tidal Flat IBA--Hiyagon Wetlands), Okinawa, Okinawa, Japan",20 Jan 2024,Chen-Tau Lin,26.3117,127.8276,Japan,True,ML613754483,P1
616029540,gyfbuz1,Butastur indicus,サシバ,3.8,5,"Roadside west of Sosu, Kunigami, Okinawa, Japan",18 Feb 2024,Mark Robbins,26.793,128.3125,Japan,True,ML616029540,P1
616621048,gyfbuz1,Butastur indicus,サシバ,2.5,4,"屏東--屏東科技大學(Pingtung--Pingtung University of Science and Technology), Pingtung County, Taiwan",29 Mar 2024,翔鈞 梁,22.6445,120.6115,Taiwan,False,ML616621048,P1
617079132,gyfbuz1,Butastur indicus,サシバ,3.2,5,"Mu Ko Chang NP--Chang Island* (general area), Trat, Thailand",7 Apr 2024,Mark  Hogarth,12.0571,102.3292,Thailand,False,ML617079132,P1
617262599,gyfbuz1,Butastur indicus,サシバ,3.8,5,"馬祖--東引介壽堂(Matsu--Dongyin Jieshou Auditorium), Lienchiang County, Taiwan",6 Apr 2024,Cheng-Ru Tsai,26.3641,120.4921,Taiwan,False,ML617262599,P1
617310359,gyfbuz1,Butastur indicus,サシバ,2.5,4,"Yokkaichi, Mie, Japan",Unknown,toshiaki sasama,0.0,0.0,Japan,False,ML617310359,P1
621567876,gyfbuz1,Butastur indicus,サシバ,3.4,5,"KR, Misan-myeon, Yeoncheon, Gyeonggi-do, Gyeonggi-do, South Korea",9 Jul 2024,Lee-Lien WANG,38.0274,126.9497,South Korea,True,ML621567876,P1
621567877,gyfbuz1,Butastur indicus,サシバ,3.4,5,"KR, Misan-myeon, Yeoncheon, Gyeonggi-do, Gyeonggi-do, South Korea",9 Jul 2024,Lee-Lien WANG,38.0274,126.9497,South Korea,True,ML621567877,P1
624749474,gyfbuz1,Butastur indicus,サシバ,2.0,1,"秦山 (Qinshan Hill), Zhejiang, China",7 Oct 2024,Congyi Jiang,30.4342,120.9518,China,False,ML624749474,P1
624988511,gyfbuz1,Butastur indicus,サシバ,4.0,1,"内海公園, 奄美市 JP-鹿児島県 28.29557, 129.44963, Amami, Kagoshima, Japan",14 Oct 2024,Takashi Noma,28.2956,129.4496,Japan,True,ML624988511,P1
624988581,gyfbuz1,Butastur indicus,サシバ,4.0,2,"県道82号, 奄美市 JP-鹿児島県 28.40510, 129.63729, Amami, Kagoshima, Japan",13 Oct 2024,Takashi Noma,28.4051,129.6373,Japan,True,ML624988581,P1
624988604,gyfbuz1,Butastur indicus,サシバ,4.0,2,"県道82号, 奄美市 JP-鹿児島県 28.40510, 129.63729, Amami, Kagoshima, Japan",13 Oct 2024,Takashi Noma,28.4051,129.6373,Japan,True,ML624988604,P1
625144860,gyfbuz1,Butastur indicus,サシバ,3.0,1,"Yellow Trail, Camp John Hay, Benguet, Philippines",18 Oct 2024,Norman Marigza,16.3902,120.6202,Philippines,False,ML625144860,P1
625514884,gyfbuz1,Butastur indicus,サシバ,3.5,2,"台北--野柳IBA(Yeliu IBA), New Taipei City, Taiwan",25 Oct 2024,Proust Lee,25.2122,121.6984,Taiwan,False,ML625514884,P1
626362754,gyfbuz1,Butastur indicus,サシバ,3.0,1,"那覇市--末吉公園 (Naha--Sueyoshi Park), Naha, Okinawa, Japan",17 Nov 2024,kunitarou miyagi,26.2276,127.7147,Japan,True,ML626362754,P1
626451567,gyfbuz1,Butastur indicus,サシバ,2.0,1,"那覇市--末吉公園 (Naha--Sueyoshi Park), Naha, Okinawa, Japan",17 Nov 2024,kunitarou miyagi,26.2276,127.7147,Japan,True,ML626451567,P1
626451569,gyfbuz1,Butastur indicus,サシバ,4.5,2,"那覇市--末吉公園 (Naha--Sueyoshi Park), Naha, Okinawa, Japan",17 Nov 2024,kunitarou miyagi,26.2276,127.7147,Japan,True,ML626451569,P1
626561978,gyfbuz1,Butastur indicus,サシバ,3.0,1,"石垣市--ヤンバルクイナ生態展示学習施設 (Ishigaki--Okinawa Rail Education Center), Kunigami, Okinawa, Japan",22 Nov 2024,Alex Rossi,26.7417,128.2956,Japan,True,ML626561978,P1
626941328,gyfbuz1,Butastur indicus,サシバ,3.0,2,"瀬底島 (Sesoko-jima (island)), Motobu, Okinawa, Japan",30 Nov 2024,Alex Rossi,26.6433,127.8636,Japan,True,ML626941328,P1
627725026,gyfbuz1,Butastur indicus,サシバ,1.5,2,"台東縣大武鄉金龍湖, Taitung County, Taiwan",14 Dec 2024,jason wu,22.352,120.8904,Taiwan,False,ML627725026,P1
630035343,gyfbuz1,Butastur indicus,サシバ,3.5,2,"Lhuillier lake, Cebu, Philippines",2 Feb 2025,Kurt  Cabahug,10.3928,123.9038,Philippines,False,ML630035343,P1
630035344,gyfbuz1,Butastur indicus,サシバ,4.0,2,"Lhuillier lake, Cebu, Philippines",2 Feb 2025,Kurt  Cabahug,10.3928,123.9038,Philippines,False,ML630035344,P1
630035345,gyfbuz1,Butastur indicus,サシバ,3.5,2,"Lhuillier lake, Cebu, Philippines",2 Feb 2025,Kurt  Cabahug,10.3928,123.9038,Philippines,False,ML630035345,P1
630035606,gyfbuz1,Butastur indicus,サシバ,3.5,2,"Lhuillier lake, Cebu, Philippines",2 Feb 2025,Kurt  Cabahug,10.3928,123.9038,Philippines,False,ML630035606,P1
630098194,gyfbuz1,Butastur indicus,サシバ,2.5,2,"IRRI Staff Housing, Los Baños, Laguna, Philippines",15 Nov 2024,Rene Jorge Calado Jr.,14.1611,121.2335,Philippines,False,ML630098194,P1
633593546,gyfbuz1,Butastur indicus,サシバ,5.0,2,"馬祖--東引東湧燈塔(Matsu--Dongyin Dongyong Lighthouse), Lienchiang County, Taiwan",11 Apr 2025,薛 國凌,26.3654,120.5105,Taiwan,False,ML633593546,P1
634012032,gyfbuz1,Butastur indicus,サシバ,3.5,2,"秦山 (Qinshan Hill), Zhejiang, China",15 Apr 2025,Congyi Jiang,30.4342,120.9518,China,False,ML634012032,P1
634778524,gyfbuz1,Butastur indicus,サシバ,3.0,1,"Miyawaka, Fukuoka, Japan",Unknown,David Stanton,0.0,0.0,Japan,False,ML634778524,P1
634935606,gyfbuz1,Butastur indicus,サシバ,2.0,1,"贵阳森林公园 (Guiyang Forest Park), Guizhou, China",3 May 2025,Hu Hu,26.5515,106.7546,China,False,ML634935606,P1
635929263,gyfbuz1,Butastur indicus,サシバ,4.0,2,"小邓沟, Shaanxi, China",8 Apr 2013,C B,33.3392,107.4397,China,False,ML635929263,P1
636741646,gyfbuz1,Butastur indicus,サシバ,3.5,2,"Toride, Ibaraki, Japan",Unknown,Anonymous,0.0,0.0,Japan,False,ML636741646,P1
637091481,gyfbuz1,Butastur indicus,サシバ,2.5,2,"国頭村--安田小学校 (Kunigami--Ada ES), Kunigami, Okinawa, Japan",26 Oct 2024,Yann Muzika,26.7466,128.3187,Japan,True,ML637091481,P1
643470153,gyfbuz1,Butastur indicus,サシバ,0.0,0,"秦山 (Qinshan Hill), Zhejiang, China",4 Oct 2025,Congyi Jiang,30.4342,120.9518,China,False,ML643470153,P1
646348887,gyfbuz1,Butastur indicus,サシバ,0.0,0,"国頭村--アダ・ガーデンホテル沖縄 (Kunigami--Ada Garden Hotel Okinawa), Kunigami, Okinawa, Japan",29 Nov 2025,Ting-Yi (庭怡) Chang (張),26.7514,128.2986,Japan,True,ML646348887,P1
647074814,gyfbuz1,Butastur indicus,サシバ,0.0,0,"Garden, Makham, Chanthaburi, TH (12,716, 102,197), Chanthaburi, Thailand",17 Dec 2025,Albert Noorlander,12.716,102.1971,Thailand,False,ML647074814,P1
648597734,gyfbuz1,Butastur indicus,サシバ,5.0,1,"屏東--穎達農場(Pingtung--Yingda Eco Farm), Pingtung County, Taiwan",7 Jan 2026,志民 蘇,22.6453,120.6273,Taiwan,False,ML648597734,P1
651035866,gyfbuz1,Butastur indicus,サシバ,3.0,1,"1-34, Okita 2-Chōme, Nago JP-Okinawa 26.59689, 127.99445, Nago, Okinawa, Japan",4 Feb 2026,Yann Muzika,26.5969,127.9945,Japan,True,ML651035866,P1
138144,gyrfal,Falco rusticolus,シロハヤブサ,2.272727272727273,22,"Alaska, United States",Unknown,Brian McCaffery,0.0,0.0,United States,False,ML138144,P1
138145,gyrfal,Falco rusticolus,シロハヤブサ,1.9545454545454546,22,"Alaska, United States",Unknown,Brian McCaffery,0.0,0.0,United States,False,ML138145,P1
138146,gyrfal,Falco rusticolus,シロハヤブサ,3.9545454545454546,22,"Alaska, United States",Unknown,Brian McCaffery,0.0,0.0,United States,False,ML138146,P1
138147,gyrfal,Falco rusticolus,シロハヤブサ,2.782608695652174,23,"Alaska, United States",Unknown,Brian McCaffery,0.0,0.0,United States,False,ML138147,P1
138148,gyrfal,Falco rusticolus,シロハヤブサ,2.6956521739130435,23,"Alaska, United States",Unknown,Brian McCaffery,0.0,0.0,United States,False,ML138148,P1
138149,gyrfal,Falco rusticolus,シロハヤブサ,3.0434782608695654,23,"Alaska, United States",Unknown,Brian McCaffery,0.0,0.0,United States,False,ML138149,P1
138150,gyrfal,Falco rusticolus,シロハヤブサ,3.0,22,"Alaska, United States",Unknown,Brian McCaffery,0.0,0.0,United States,False,ML138150,P1
138161,gyrfal,Falco rusticolus,シロハヤブサ,2.772727272727273,22,"Alaska, United States",Unknown,Brian McCaffery,0.0,0.0,United States,False,ML138161,P1
166797561,gyrfal,Falco rusticolus,シロハヤブサ,2.0869565217391304,23,"Nome Census Area, Alaska, United States",Unknown,Tom Johnson,0.0,0.0,United States,False,ML166797561,P1
363406141,gyrfal,Falco rusticolus,シロハヤブサ,1.6818181818181819,22,"Baffin, Nunavut, Canada",Unknown,Thierry Grandmont,0.0,0.0,Canada,False,ML363406141,P1
363406171,gyrfal,Falco rusticolus,シロハヤブサ,1.7272727272727273,22,"Baffin, Nunavut, Canada",Unknown,Thierry Grandmont,0.0,0.0,Canada,False,ML363406171,P1
456112841,gyrfal,Falco rusticolus,シロハヤブサ,1.7391304347826086,23,"Nome Census Area, Alaska, United States",Unknown,W. Douglas Robinson,0.0,0.0,United States,False,ML456112841,P1
466494921,gyrfal,Falco rusticolus,シロハヤブサ,3.3043478260869565,23,"Nome Census Area, Alaska, United States",Unknown,Rob Bierregaard,0.0,0.0,United States,False,ML466494921,P1
467012071,gyrfal,Falco rusticolus,シロハヤブサ,2.8260869565217392,23,"Norðurland eystra, Iceland",Unknown,Will Langdon,0.0,0.0,Iceland,False,ML467012071,P1
468886701,gyrfal,Falco rusticolus,シロハヤブサ,1.9565217391304348,23,"Nome Census Area, Alaska, United States",Unknown,Victoria  Sindlinger,0.0,0.0,United States,False,ML468886701,P1
516973,gyrfal,Falco rusticolus,シロハヤブサ,4.0,23,"Nome Census Area, Alaska, United States",Unknown,Lucas DeCicco,0.0,0.0,United States,False,ML516973,P1
59271,gyrfal,Falco rusticolus,シロハヤブサ,3.8181818181818183,22,"Alaska, United States",Unknown,William W. H. Gunn,0.0,0.0,United States,False,ML59271,P1
634384324,gyrfal,Falco rusticolus,シロハヤブサ,4.4,5,"Yukon, Yukon Territory, Canada",Unknown,Andrew Spencer,0.0,0.0,Canada,False,ML634384324,P1
634384327,gyrfal,Falco rusticolus,シロハヤブサ,4.75,4,"Yukon, Yukon Territory, Canada",Unknown,Andrew Spencer,0.0,0.0,Canada,False,ML634384327,P1
634384343,gyrfal,Falco rusticolus,シロハヤブサ,5.0,4,"Yukon, Yukon Territory, Canada",Unknown,Andrew Spencer,0.0,0.0,Canada,False,ML634384343,P1
100103681,gysfly1,Muscicapa griseisticta,エゾビタキ,3.0,5,"台東--都蘭山登山步道(Taitung--Dulan Mt. Hiking Trail), Taitung County, Taiwan",11 May 2018,明剛 蔡,22.8692,121.1818,Taiwan,False,ML100103681,P1
155802821,gysfly1,Muscicapa griseisticta,エゾビタキ,2.5,4,"宜蘭--頂寮生態公園(Yilan--Dingliao Ecological Park), Yilan County, Taiwan",4 May 2019,JingZu Tu,24.6393,121.843,Taiwan,False,ML155802821,P1
231603081,gysfly1,Muscicapa griseisticta,エゾビタキ,2.5,4,"金門--慈湖烏沙頭(Kinmen--Lake Ci Wusatou), Kinmen County, Taiwan",30 Apr 2020,Ting-Wei (廷維) HUNG (洪),24.4704,118.2916,Taiwan,False,ML231603081,P1
267179091,gysfly1,Muscicapa griseisticta,エゾビタキ,2.6666666666666665,3,"南汇东滩 (Nanhui Dongtan), Shanghai, China",27 Sep 2020,Ray Tsu 诸 仁,30.9184,121.9774,China,False,ML267179091,P1
278760221,gysfly1,Muscicapa griseisticta,エゾビタキ,2.25,4,"天马山 (Tianma Hill), Shanghai, China",25 Sep 2020,Ray Tsu 诸 仁,31.0759,121.153,China,False,ML278760221,P1
328296941,gysfly1,Muscicapa griseisticta,エゾビタキ,2.75,4,"金門--慈湖烏沙頭(Kinmen--Lake Ci Wusatou), Kinmen County, Taiwan",20 Apr 2021,Ting-Wei (廷維) HUNG (洪),24.4704,118.2916,Taiwan,False,ML328296941,P1
330343411,gysfly1,Muscicapa griseisticta,エゾビタキ,3.0,4,"南方四島NP--東吉嶼八卦山步道(South Penghu Marine NP--Dongjiyu Baguashan Trail), Penghu County, Taiwan",25 Apr 2021,Kuan Chih Yu,23.2563,119.6688,Taiwan,False,ML330343411,P1
338043961,gysfly1,Muscicapa griseisticta,エゾビタキ,2.25,4,"田林社区 (Tianlin Community), Shanghai, China",14 May 2021,Ray Tsu 诸 仁,31.1743,121.4214,China,False,ML338043961,P1
372260651,gysfly1,Muscicapa griseisticta,エゾビタキ,3.6,5,"馬祖--東引苗圃(Matsu--Dongyin Vegetable Farm), Lienchiang County, Taiwan",23 Sep 2021,重融 黃,26.3598,120.4852,Taiwan,False,ML372260651,P1
434505201,gysfly1,Muscicapa griseisticta,エゾビタキ,3.0,5,"世纪公园 (Century Park), Shanghai, China",2 Sep 2012,Sam Zhang,31.215,121.5496,China,False,ML434505201,P1
440244751,gysfly1,Muscicapa griseisticta,エゾビタキ,2.75,4,"金門--慈湖烏沙頭(Kinmen--Lake Ci Wusatou), Kinmen County, Taiwan",23 Apr 2022,Scott (瑞興) LIN(林),24.4704,118.2916,Taiwan,False,ML440244751,P1
447464971,gysfly1,Muscicapa griseisticta,エゾビタキ,2.25,4,"金門--五虎山登山步道, Kinmen County, Taiwan",4 May 2022,Ting-Wei (廷維) HUNG (洪),24.5018,118.4354,Taiwan,False,ML447464971,P1
490511241,gysfly1,Muscicapa griseisticta,エゾビタキ,2.5,4,"馬祖--東引苗圃(Matsu--Dongyin Vegetable Farm), Lienchiang County, Taiwan",27 Sep 2022,志民 蘇,26.3598,120.4852,Taiwan,False,ML490511241,P1
490512851,gysfly1,Muscicapa griseisticta,エゾビタキ,2.75,4,"馬祖--東引東湧水庫(Matsu--Dongyin Dongyong Reservoir), Lienchiang County, Taiwan",30 Sep 2022,志民 蘇,26.3692,120.4926,Taiwan,False,ML490512851,P1
495576961,gysfly1,Muscicapa griseisticta,エゾビタキ,2.6,5,"田林社区 (Tianlin Community), Shanghai, China",10 Oct 2022,Ray Tsu 诸 仁,31.1743,121.4214,China,False,ML495576961,P1
543468001,gysfly1,Muscicapa griseisticta,エゾビタキ,3.25,4,"貢寮區, 新北市, TW (24.978, 121.893), New Taipei City, Taiwan",2 Oct 2022,Allen Lyu,24.9775,121.8929,Taiwan,False,ML543468001,P1
550234631,gysfly1,Muscicapa griseisticta,エゾビタキ,4.166666666666667,6,"南方四島NP--東吉嶼(South Penghu Marine NP--Dongjiyu Islet), Penghu County, Taiwan",25 Apr 2021,Yu-Wei (昱緯) LI (李),23.2564,119.6721,Taiwan,False,ML550234631,P1
569215911,gysfly1,Muscicapa griseisticta,エゾビタキ,2.5,4,"울산--대왕암공원(Ulsan--Daewangam Park), Ulsan, South Korea",9 May 2023,Marshall Iliff,35.4889,129.4371,South Korea,True,ML569215911,P1
572385181,gysfly1,Muscicapa griseisticta,エゾビタキ,2.6,5,"AtlasTaiwan Grid K3-3 Square 1-3 (24.4393,118.2544), Kinmen County, Taiwan",15 May 2023,Ting-Wei (廷維) HUNG (洪),24.4393,118.2544,Taiwan,False,ML572385181,P1
584809541,gysfly1,Muscicapa griseisticta,エゾビタキ,2.8,5,"Shemya Island--Eareckson AS (restricted access), Aleutians West Census Area, Alaska, United States",1 Jun 2023,Zak Pohlen,52.7207,174.1123,United States,False,ML584809541,P1
614175684,gysfly1,Muscicapa griseisticta,エゾビタキ,4.0,3,"Sallas Park, Bago City (950m), Negros Occidental, Philippines",30 Jan 2024,David Morrison,10.4267,123.0868,Philippines,False,ML614175684,P1
614175685,gysfly1,Muscicapa griseisticta,エゾビタキ,3.0,3,"Sallas Park, Bago City (950m), Negros Occidental, Philippines",30 Jan 2024,David Morrison,10.4267,123.0868,Philippines,False,ML614175685,P1
617965600,gysfly1,Muscicapa griseisticta,エゾビタキ,3.5,2,"金門--慈湖烏沙頭(Kinmen--Lake Ci Wusatou), Kinmen County, Taiwan",26 Apr 2024,Ting-Wei (廷維) HUNG (洪),24.4704,118.2916,Taiwan,False,ML617965600,P1
618070445,gysfly1,Muscicapa griseisticta,エゾビタキ,1.6666666666666667,3,"724028, 七股區 TW-TNN 23.08937, 120.04143, Tainan City, Taiwan",28 Apr 2024,Yi-Cheng Chen,23.0894,120.0414,Taiwan,False,ML618070445,P1
618704369,gysfly1,Muscicapa griseisticta,エゾビタキ,3.3333333333333335,3,"金門--烈嶼麒麟山(Kinmen--Lieyu Mountain Qilin), Kinmen County, Taiwan",4 May 2024,You-Sheng Lin,24.4392,118.2543,Taiwan,False,ML618704369,P1
618709646,gysfly1,Muscicapa griseisticta,エゾビタキ,4.666666666666667,3,"馬祖--東引資源回收場(Matsu--Dongyin Recycling Plant), Lienchiang County, Taiwan",2 May 2024,志民 蘇,26.3598,120.4921,Taiwan,False,ML618709646,P1
618709647,gysfly1,Muscicapa griseisticta,エゾビタキ,3.3333333333333335,3,"馬祖--東引資源回收場(Matsu--Dongyin Recycling Plant), Lienchiang County, Taiwan",2 May 2024,志民 蘇,26.3598,120.4921,Taiwan,False,ML618709647,P1
618709896,gysfly1,Muscicapa griseisticta,エゾビタキ,4.333333333333333,3,"馬祖--東引資源回收場(Matsu--Dongyin Recycling Plant), Lienchiang County, Taiwan",3 May 2024,志民 蘇,26.3598,120.4921,Taiwan,False,ML618709896,P1
620624355,gysfly1,Muscicapa griseisticta,エゾビタキ,2.6666666666666665,3,"제주--사라봉공원(Jeju--Sarabong Park), Jeju-do, South Korea",26 Sep 2023,Leslie Hurteau,33.5188,126.5484,South Korea,True,ML620624355,P1
621774357,gysfly1,Muscicapa griseisticta,エゾビタキ,2.6666666666666665,3,"Villa Angela Phase 2, Bacolod City, Negros Occidental, Philippines",12 Nov 2023,John Salazar,10.6509,122.9845,Philippines,False,ML621774357,P1
624068433,gysfly1,Muscicapa griseisticta,エゾビタキ,4.333333333333333,3,"墾丁NP--墾管處社頂研究站(Kenting NP--Sheding Research Station), Pingtung County, Taiwan",23 Sep 2024,Chien-wei(Bao) Tseng,21.9646,120.8271,Taiwan,False,ML624068433,P1
625321571,gysfly1,Muscicapa griseisticta,エゾビタキ,4.0,3,"台北--貢寮運動公園(Taipei--Gongliao Sports Park), New Taipei City, Taiwan",23 Oct 2024,魚鷺 無恙,25.0288,121.93,Taiwan,False,ML625321571,P1
633588688,gysfly1,Muscicapa griseisticta,エゾビタキ,2.6666666666666665,3,"Mayong Payong, Mobo, Masbate, Philippines",11 Apr 2025,Justine Albao,12.3252,123.637,Philippines,False,ML633588688,P1
637040746,gysfly1,Muscicapa griseisticta,エゾビタキ,3.3333333333333335,3,"台南七股IBA--全區(Qigu IBA), Tainan City, Taiwan",7 May 2025,Anonymous,23.0773,120.061,Taiwan,False,ML637040746,P1
641277637,gysfly1,Muscicapa griseisticta,エゾビタキ,2.3333333333333335,3,"芋川、家後, Yurihonjo, Akita, Japan",3 Sep 2025,YUKIKO ISHIKAWA,39.4045,140.0614,Japan,True,ML641277637,P1
641277703,gysfly1,Muscicapa griseisticta,エゾビタキ,3.0,3,"芋川、家後, Yurihonjo, Akita, Japan",3 Sep 2025,YUKIKO ISHIKAWA,39.4045,140.0614,Japan,True,ML641277703,P1
69781791,gysfly1,Muscicapa griseisticta,エゾビタキ,3.111111111111111,9,"中山公园 (Zhongshan Park), Shanghai, China",24 Sep 2017,Craig Brelsford,31.2219,121.4201,China,False,ML69781791,P1
85101781,gysfly1,Muscicapa griseisticta,エゾビタキ,2.5,8,"屏東--屏東科技大學(Pingtung--Pingtung University of Science and Technology), Pingtung County, Taiwan",5 Feb 2018,Zi-Lun Huang,22.6445,120.6115,Taiwan,False,ML85101781,P1
118208061,harduc,Histrionicus histrionicus,シノリガモ,2.7222222222222223,18,"Cascade River Wayside, Cook, Minnesota, United States",20 Oct 2015,Paul Marvin,47.7069,-90.5231,United States,False,ML118208061,P1
118208121,harduc,Histrionicus histrionicus,シノリガモ,3.0555555555555554,18,"Cascade River Wayside, Cook, Minnesota, United States",20 Oct 2015,Paul Marvin,47.7069,-90.5231,United States,False,ML118208121,P1
132381091,harduc,Histrionicus histrionicus,シノリガモ,2.1176470588235294,17,"Akutan (town), Aleutians East Borough, Alaska, United States",19 Dec 2018,Jeff Arndt,54.1335,-165.7757,United States,False,ML132381091,P1
144957321,harduc,Histrionicus histrionicus,シノリガモ,3.0,18,"Hornby Island--Grassy Point, Comox-Strathcona, British Columbia, Canada",9 Mar 2019,Daniel Donnecke,49.5508,-124.6676,Canada,False,ML144957321,P1
167823001,harduc,Histrionicus histrionicus,シノリガモ,2.0588235294117645,17,"Banff National Park--Moraine Lake, Banff, Alberta, Canada",11 Jul 2019,Gavin McKinnon,51.3275,-116.1807,Canada,False,ML167823001,P1
173546211,harduc,Histrionicus histrionicus,シノリガモ,3.388888888888889,18,"Burdwood Bay, Read Island, Comox-Strathcona, British Columbia, Canada",20 Aug 2019,Daniel Donnecke,50.1622,-125.092,Canada,False,ML173546211,P1
18739,harduc,Histrionicus histrionicus,シノリガモ,2.888888888888889,18,"Protection Island, Washington, United States",19 May 1980,Oliver H. Hewitt,0.0,0.0,United States,False,ML18739,P1
191318,harduc,Histrionicus histrionicus,シノリガモ,3.2777777777777777,18,"Glacier Bay National Park and Preserve; South Sandy Cove, Alaska, United States",7 Jun 2013,Hank Lentfer,58.7087,-135.9704,United States,False,ML191318,P1
191362,harduc,Histrionicus histrionicus,シノリガモ,2.588235294117647,17,"Glacier Bay National Park and Preserve; Caroline Shoal, Alaska, United States",10 Jun 2013,Hank Lentfer,58.7753,-136.1263,United States,False,ML191362,P1
191532211,harduc,Histrionicus histrionicus,シノリガモ,3.2777777777777777,18,"Halibut Point SP, Essex, Massachusetts, United States",4 Dec 2019,Nick Tepper,42.691,-70.6317,United States,False,ML191532211,P1
210854481,harduc,Histrionicus histrionicus,シノリガモ,2.111111111111111,18,"Andrews Point, Essex, Massachusetts, United States",16 Feb 2020,Allan Strong,42.6877,-70.6204,United States,False,ML210854481,P1
216720,harduc,Histrionicus histrionicus,シノリガモ,1.9411764705882353,17,"Barnegat, Ocean, New Jersey, United States",27 Feb 2009,Bob McGuire,39.7584,-74.0946,United States,False,ML216720,P1
224827541,harduc,Histrionicus histrionicus,シノリガモ,2.888888888888889,18,"Bald Eagle SP--Foster Joseph Sayers Dam, Centre, Pennsylvania, United States",18 Apr 2020,Julia Plummer,41.0476,-77.6131,United States,False,ML224827541,P1
227138861,harduc,Histrionicus histrionicus,シノリガモ,1.7647058823529411,17,"Golden Gardens Park, King, Washington, United States",24 Apr 2020,Dave Slager,47.6929,-122.4055,United States,False,ML227138861,P1
268179481,harduc,Histrionicus histrionicus,シノリガモ,4.052631578947368,19,"Semiahmoo Spit, Whatcom, Washington, United States",3 Oct 2020,Stephen Chase,48.98,-122.7883,United States,False,ML268179481,P1
293597011,harduc,Histrionicus histrionicus,シノリガモ,3.111111111111111,18,"Saltwater SP, King, Washington, United States",1 Jan 2021,Jason Vassallo,47.3734,-122.3236,United States,False,ML293597011,P1
315021211,harduc,Histrionicus histrionicus,シノリガモ,1.7058823529411764,17,"Hornby Island--Helliwell Park, Comox-Strathcona, British Columbia, Canada",8 Mar 2021,Tristan Semeniuk,49.517,-124.5838,Canada,False,ML315021211,P1
316543551,harduc,Histrionicus histrionicus,シノリガモ,3.388888888888889,18,"Clover Point, Capital, British Columbia, Canada",10 Mar 2021,Liam Ragan,48.4036,-123.3492,Canada,False,ML316543551,P1
321230821,harduc,Histrionicus histrionicus,シノリガモ,2.1176470588235294,17,"Dyer Point, Cumberland, Maine, United States",22 Mar 2021,Bill Pelletier,43.5653,-70.1971,United States,False,ML321230821,P1
3781,harduc,Histrionicus histrionicus,シノリガモ,4.277777777777778,18,"Cattle Or Uplands Point, British Columbia, Canada",31 Oct 1962,Grace M. Bell,0.0,0.0,Canada,False,ML3781,P1
38919261,harduc,Histrionicus histrionicus,シノリガモ,3.0,18,"Yellow Island, San Juan, Washington, United States",22 Sep 2016,Phil Green,48.5923,-123.0304,United States,False,ML38919261,P1
403127311,harduc,Histrionicus histrionicus,シノリガモ,2.625,16,"Clover Point, Capital, British Columbia, Canada",29 Dec 2021,Liam Ragan,48.4036,-123.3492,Canada,False,ML403127311,P1
413308601,harduc,Histrionicus histrionicus,シノリガモ,2.4,15,"Castlegar--Selkirk College Trails, Central Kootenay, British Columbia, Canada",5 Feb 2022,Sachi Snively,49.31,-117.6479,Canada,False,ML413308601,P1
414291811,harduc,Histrionicus histrionicus,シノリガモ,2.5,14,"North Beach, Orcas Island, San Juan, Washington, United States",8 Feb 2022,Jeremy Nance,48.7144,-122.8934,United States,False,ML414291811,P1
418607631,harduc,Histrionicus histrionicus,シノリガモ,2.1875,16,"Barnegat Lighthouse SP, Ocean, New Jersey, United States",21 Feb 2022,William Whitehead,39.7633,-74.1058,United States,False,ML418607631,P1
418886271,harduc,Histrionicus histrionicus,シノリガモ,3.210526315789474,19,"Barnegat Lighthouse SP, Ocean, New Jersey, United States",21 Feb 2022,William Whitehead,39.7633,-74.1058,United States,False,ML418886271,P1
419407161,harduc,Histrionicus histrionicus,シノリガモ,3.0526315789473686,19,"Foot Trail, Nome, Alaska, US (64.772, -165.218), Nome Census Area, Alaska, United States",4 Jun 2021,Liam Huber,64.7722,-165.218,United States,False,ML419407161,P1
428587681,harduc,Histrionicus histrionicus,シノリガモ,2.3846153846153846,13,"Barnegat Lighthouse SP, Ocean, New Jersey, United States",20 Mar 2022,Anonymous,39.7633,-74.1058,United States,False,ML428587681,P1
436683741,harduc,Histrionicus histrionicus,シノリガモ,3.473684210526316,19,"Semiahmoo Spit, Whatcom, Washington, United States",16 Apr 2022,Jefferson Ashby,48.98,-122.7883,United States,False,ML436683741,P1
449381391,harduc,Histrionicus histrionicus,シノリガモ,3.0,19,"Port Orchard, Kitsap, Washington, United States",14 May 2022,Mark Oberle,47.5205,-122.6306,United States,False,ML449381391,P1
457479291,harduc,Histrionicus histrionicus,シノリガモ,2.3076923076923075,13,"Barnegat Lighthouse SP, Ocean, New Jersey, United States",20 Mar 2022,David Chernack,39.7633,-74.1058,United States,False,ML457479291,P1
468572691,harduc,Histrionicus histrionicus,シノリガモ,3.0,18,"Atlas square 18VVK30 - Kativik, 18VVK30: 57.74795, -76.16105, Kativik, Quebec, Canada",25 Jun 2022,Michel Robert,57.748,-76.161,Canada,False,ML468572691,P1
468572701,harduc,Histrionicus histrionicus,シノリガモ,2.5,14,"Atlas square 18VVK30 - Kativik, 18VVK30: 57.74795, -76.16105, Kativik, Quebec, Canada",25 Jun 2022,Michel Robert,57.748,-76.161,Canada,False,ML468572701,P1
473731031,harduc,Histrionicus histrionicus,シノリガモ,3.736842105263158,19,"Discovery Island, Capital, British Columbia, Canada",24 Apr 2022,Liam Ragan,48.4252,-123.2375,Canada,False,ML473731031,P1
478807071,harduc,Histrionicus histrionicus,シノリガモ,2.5,14,"Denali NP&P--Sanctuary River Campground, Denali Borough, Alaska, United States",7 Jun 2021,Ron Koczaja,63.7257,-149.4616,United States,False,ML478807071,P1
478807161,harduc,Histrionicus histrionicus,シノリガモ,2.3333333333333335,15,"Denali NP&P--Sanctuary River Campground, Denali Borough, Alaska, United States",7 Jun 2021,Ron Koczaja,63.7257,-149.4616,United States,False,ML478807161,P1
494185641,harduc,Histrionicus histrionicus,シノリガモ,2.2666666666666666,15,"Miller Peninsula State Park, Clallam, Washington, United States",14 Oct 2022,Michael Barry,48.066,-122.9459,United States,False,ML494185641,P1
499327641,harduc,Histrionicus histrionicus,シノリガモ,1.6666666666666667,15,"Grand Marais Harbor, Cook, Minnesota, United States",30 Oct 2022,Tate Putman,47.7462,-90.3385,United States,False,ML499327641,P1
537544591,harduc,Histrionicus histrionicus,シノリガモ,2.466666666666667,15,"Barnegat Lighthouse SP, Ocean, New Jersey, United States",20 Feb 2023,William Whitehead,39.7633,-74.1058,United States,False,ML537544591,P1
537544601,harduc,Histrionicus histrionicus,シノリガモ,1.8666666666666667,15,"Barnegat Lighthouse SP, Ocean, New Jersey, United States",20 Feb 2023,William Whitehead,39.7633,-74.1058,United States,False,ML537544601,P1
550431341,harduc,Histrionicus histrionicus,シノリガモ,2.3333333333333335,15,"Barnegat Inlet, Ocean, New Jersey, United States",26 Mar 2023,Ethan Kang,39.7594,-74.0931,United States,False,ML550431341,P1
550431351,harduc,Histrionicus histrionicus,シノリガモ,1.7333333333333334,15,"Barnegat Inlet, Ocean, New Jersey, United States",26 Mar 2023,Ethan Kang,39.7594,-74.0931,United States,False,ML550431351,P1
578424501,harduc,Histrionicus histrionicus,シノリガモ,3.0,19,"3855 S Island Hwy, Strathcona D (Oyster Bay-Buttle Lake) CA-BC 49.93242, -125.18591, Comox-Strathcona, British Columbia, Canada",28 May 2023,Larry Joseph,49.9324,-125.1859,Canada,False,ML578424501,P1
59424,harduc,Histrionicus histrionicus,シノリガモ,3.95,20,"Cattle Point, British Columbia, Canada",31 Oct 1962,Grace M. Bell,0.0,0.0,Canada,False,ML59424,P1
59425,harduc,Histrionicus histrionicus,シノリガモ,3.0555555555555554,18,"Jasper National Park; near bridge at exit from Maligne Lake, Jasper Nat'l Pk, Alberta, Canada",28 May 1970,William W. H. Gunn,0.0,0.0,Canada,False,ML59425,P1
610699420,harduc,Histrionicus histrionicus,シノリガモ,2.7,10,"Halibut Point SP, Essex, Massachusetts, United States",3 Nov 2023,Sam Zhang,42.691,-70.6317,United States,False,ML610699420,P1
610812899,harduc,Histrionicus histrionicus,シノリガモ,2.5,10,"Neah Bay--town and bay only, Clallam, Washington, United States",28 Oct 2023,Liam Hutcheson,48.3666,-124.6216,United States,False,ML610812899,P1
611271995,harduc,Histrionicus histrionicus,シノリガモ,3.0,10,"Me-Kwa-Mooks Park, King, Washington, United States",18 Nov 2023,Greg Harrington,47.5634,-122.4065,United States,False,ML611271995,P1
611543567,harduc,Histrionicus histrionicus,シノリガモ,3.6,10,"Neah Bay--town and bay only, Clallam, Washington, United States",10 Nov 2023,Jason Vassallo,48.3666,-124.6216,United States,False,ML611543567,P1
611937743,harduc,Histrionicus histrionicus,シノリガモ,2.0,10,"Cape Nome, Nome Census Area, Alaska, United States",3 Jun 2023,Sue Riffe,64.4354,-165.0104,United States,False,ML611937743,P1
612907077,harduc,Histrionicus histrionicus,シノリガモ,2.9,10,"Neah Bay--town and bay only, Clallam, Washington, United States",17 Dec 2023,Bill Tweit,48.3666,-124.6216,United States,False,ML612907077,P1
613010854,harduc,Histrionicus histrionicus,シノリガモ,2.8,10,"Ocean Ave (Water St), Edmonds, Snohomish, Washington, United States",1 Jan 2024,Mark Walton,47.8258,-122.3688,United States,False,ML613010854,P1
613566333,harduc,Histrionicus histrionicus,シノリガモ,3.1,10,"Barnegat Lighthouse SP, Ocean, New Jersey, United States",15 Jan 2024,Jon Hills,39.7633,-74.1058,United States,False,ML613566333,P1
614479885,harduc,Histrionicus histrionicus,シノリガモ,3.3,10,"Cape Nome, Nome Census Area, Alaska, United States",26 May 2023,Maureen Chambrone,64.4354,-165.0104,United States,False,ML614479885,P1
614793873,harduc,Histrionicus histrionicus,シノリガモ,2.2,10,"Point Lookout--Town Park, Nassau, New York, United States",9 Feb 2024,Jay McGowan,40.5865,-73.5903,United States,False,ML614793873,P1
615724700,harduc,Histrionicus histrionicus,シノリガモ,2.4,10,"Seward--Waterfront Park, Kenai Peninsula Borough, Alaska, United States",6 Mar 2024,Sam Darmstadt,60.1067,-149.4337,United States,False,ML615724700,P1
616832852,harduc,Histrionicus histrionicus,シノリガモ,4.0,10,"Yaquina River--SW Jetty Way, Lincoln, Oregon, United States",16 Mar 2024,Carter Strope,44.6159,-124.0619,United States,False,ML616832852,P1
617211726,harduc,Histrionicus histrionicus,シノリガモ,3.7,10,"Neah Bay--town and bay only, Clallam, Washington, United States",6 Apr 2024,Liam Hutcheson,48.3666,-124.6216,United States,False,ML617211726,P1
617560589,harduc,Histrionicus histrionicus,シノリガモ,3.3636363636363638,11,"Culvert — Waterfront, Kenai Peninsula Borough, Alaska, United States",15 Apr 2024,Amber Simon,60.1134,-149.4376,United States,False,ML617560589,P1
626235372,harduc,Histrionicus histrionicus,シノリガモ,2.1,10,"Clover Point, Capital, British Columbia, Canada",10 Nov 2024,David M. Bell,48.4036,-123.3492,Canada,False,ML626235372,P1
626990764,harduc,Histrionicus histrionicus,シノリガモ,3.0,11,"Me-Kwa-Mooks Park, King, Washington, United States",1 Dec 2024,Greg Harrington,47.5634,-122.4065,United States,False,ML626990764,P1
628668495,harduc,Histrionicus histrionicus,シノリガモ,3.5833333333333335,12,"Rosario Beach / Rosario Head, Skagit, Washington, United States",5 Jan 2025,robert goff,48.4162,-122.6645,United States,False,ML628668495,P1
630970450,harduc,Histrionicus histrionicus,シノリガモ,3.25,4,"Barnegat Lighthouse SP, Ocean, New Jersey, United States",20 Mar 2023,Bob McGuire,39.7633,-74.1026,United States,False,ML630970450,P1
631243103,harduc,Histrionicus histrionicus,シノリガモ,3.8,5,"Kiptopeke State Park, Northampton, Virginia, United States",22 Feb 2025,Ocean Church,37.1691,-75.9803,United States,False,ML631243103,P1
632105194,harduc,Histrionicus histrionicus,シノリガモ,3.4,5,"1494 Wilkinson Road, Comox, British Columbia, CA (49.744, -124.933), Comox-Strathcona, British Columbia, Canada",6 Mar 2025,Camille Bock,49.744,-124.9335,Canada,False,ML632105194,P1
633506820,harduc,Histrionicus histrionicus,シノリガモ,3.8,5,"Oakledge Park, Chittenden, Vermont, United States",10 Apr 2025,Jim Mead,44.4531,-73.227,United States,False,ML633506820,P1
634029040,harduc,Histrionicus histrionicus,シノリガモ,2.0,1,"Gully Point Cove, Essex, Massachusetts, United States",19 Apr 2025,Zachary Peterson,42.6599,-70.599,United States,False,ML634029040,P1
634029041,harduc,Histrionicus histrionicus,シノリガモ,1.0,1,"Gully Point Cove, Essex, Massachusetts, United States",19 Apr 2025,Zachary Peterson,42.6599,-70.599,United States,False,ML634029041,P1
634029042,harduc,Histrionicus histrionicus,シノリガモ,2.0,2,"Gully Point Cove, Essex, Massachusetts, United States",19 Apr 2025,Zachary Peterson,42.6599,-70.599,United States,False,ML634029042,P1
634112942,harduc,Histrionicus histrionicus,シノリガモ,3.0,2,"44.61752_-124.05737, Lincoln, Oregon, United States",29 Mar 2025,W. Douglas Robinson,44.6175,-124.0574,United States,False,ML634112942,P1
634194132,harduc,Histrionicus histrionicus,シノリガモ,1.0,2,"Yaquina River--SW Jetty Way, Lincoln, Oregon, United States",18 Mar 2025,Bird Smith,44.6159,-124.0619,United States,False,ML634194132,P1
634194133,harduc,Histrionicus histrionicus,シノリガモ,1.0,2,"Yaquina River--SW Jetty Way, Lincoln, Oregon, United States",18 Mar 2025,Bird Smith,44.6159,-124.0619,United States,False,ML634194133,P1
634411370,harduc,Histrionicus histrionicus,シノリガモ,2.5,2,"Dutch Harbor--The S-Curves, Aleutians West Census Area, Alaska, United States",25 Apr 2025,James Millsaps,53.8843,-166.5573,United States,False,ML634411370,P1
635430564,harduc,Histrionicus histrionicus,シノリガモ,3.3333333333333335,3,"Charles Richey Sr. Viewpoint, King, Washington, United States",9 May 2025,John P,47.5727,-122.414,United States,False,ML635430564,P1
636032128,harduc,Histrionicus histrionicus,シノリガモ,2.5,2,"Semiahmoo Spit, Whatcom, Washington, United States",7 May 2025,Nathaniel Cooley,48.98,-122.7883,United States,False,ML636032128,P1
636032929,harduc,Histrionicus histrionicus,シノリガモ,4.0,3,"Point Whitehorn Marine Reserve, Whatcom, Washington, United States",9 May 2025,Nathaniel Cooley,48.8872,-122.7799,United States,False,ML636032929,P1
643229978,harduc,Histrionicus histrionicus,シノリガモ,2.5,2,"羅臼村--羅臼漁港 (Rausu--Rausu Fishing Port), Rausu, Hokkaido, Japan",3 Feb 2023,Greg Baker,44.0192,145.1955,Japan,True,ML643229978,P1
643727536,harduc,Histrionicus histrionicus,シノリガモ,3.0,2,"Fish Creek / Third Lagoon, San Juan, Washington, United States",17 Oct 2025,Greg Harrington,48.4628,-122.9719,United States,False,ML643727536,P1
644532233,harduc,Histrionicus histrionicus,シノリガモ,1.0,1,"K'il Kun Xidgwangs Daanaay (Sandspit) Airport, Skeena-Queen Charlotte, British Columbia, Canada",26 Oct 2025,Jody  Wells,53.259,-131.8215,Canada,False,ML644532233,P1
644532238,harduc,Histrionicus histrionicus,シノリガモ,3.5,2,"K'il Kun Xidgwangs Daanaay (Sandspit) Airport, Skeena-Queen Charlotte, British Columbia, Canada",26 Oct 2025,Jody  Wells,53.259,-131.8215,Canada,False,ML644532238,P1
644532245,harduc,Histrionicus histrionicus,シノリガモ,0.0,0,"K'il Kun Xidgwangs Daanaay (Sandspit) Airport, Skeena-Queen Charlotte, British Columbia, Canada",26 Oct 2025,Jody  Wells,53.259,-131.8215,Canada,False,ML644532245,P1
644532374,harduc,Histrionicus histrionicus,シノリガモ,0.0,0,"Dixon Entrance Golf Course (restricted access), Skeena-Queen Charlotte, British Columbia, Canada",27 Oct 2025,Jody  Wells,54.0284,-132.0716,Canada,False,ML644532374,P1
645288746,harduc,Histrionicus histrionicus,シノリガモ,0.0,0,"Semiahmoo Spit, Whatcom, Washington, United States",11 Nov 2025,Alan Knue,48.98,-122.7883,United States,False,ML645288746,P1
645288747,harduc,Histrionicus histrionicus,シノリガモ,0.0,0,"Semiahmoo Spit, Whatcom, Washington, United States",11 Nov 2025,Alan Knue,48.98,-122.7883,United States,False,ML645288747,P1
645288754,harduc,Histrionicus histrionicus,シノリガモ,4.0,1,"Semiahmoo Spit, Whatcom, Washington, United States",11 Nov 2025,Alan Knue,48.98,-122.7883,United States,False,ML645288754,P1
645378243,harduc,Histrionicus histrionicus,シノリガモ,2.0,1,"Cluxewe Estuary, Mount Waddington, British Columbia, Canada",10 Nov 2025,Ian Cruickshank,50.6144,-127.1788,Canada,False,ML645378243,P1
646118322,harduc,Histrionicus histrionicus,シノリガモ,1.0,1,"Barnegat Lighthouse SP, Ocean, New Jersey, United States",29 Nov 2025,Dr. Alex Ewing,39.7633,-74.1058,United States,False,ML646118322,P1
646791239,harduc,Histrionicus histrionicus,シノリガモ,0.0,0,"Grassy Island Rest Area, Skeena-Queen Charlotte, British Columbia, Canada",23 Jun 2025,Nathan Pieplow,53.2366,-131.8963,Canada,False,ML646791239,P1
647382144,harduc,Histrionicus histrionicus,シノリガモ,2.0,1,"Mid Eldorado, Nome Census Area, Alaska, United States",7 Jun 2025,Maureen Chambrone,64.597,-164.925,United States,False,ML647382144,P1
647892847,harduc,Histrionicus histrionicus,シノリガモ,3.0,1,"Nome River 2 mile float to weir, Nome Census Area, Alaska, United States",18 Aug 2025,Maureen Chambrone,64.5124,-165.2053,United States,False,ML647892847,P1
648142030,harduc,Histrionicus histrionicus,シノリガモ,0.0,0,"Romancoke, Queen Anne's, Maryland, United States",2 Jan 2026,David Kidwell,38.8803,-76.3341,United States,False,ML648142030,P1
648969762,harduc,Histrionicus histrionicus,シノリガモ,1.0,1,"Barnegat Lighthouse SP, Ocean, New Jersey, United States",11 Jan 2026,Carolyn Rubinfeld 🦆,39.7633,-74.1058,United States,False,ML648969762,P1
649350449,harduc,Histrionicus histrionicus,シノリガモ,2.0,1,"Barnegat Lighthouse SP, Ocean, New Jersey, United States",20 Jan 2026,Christian Sammet,39.7633,-74.1058,United States,False,ML649350449,P1
649765910,harduc,Histrionicus histrionicus,シノリガモ,0.0,0,"Tsawwassen Ferry Terminal Jetty, Metro Vancouver, British Columbia, Canada",21 Jan 2026,Erin Desaulniers,49.0157,-123.1171,Canada,False,ML649765910,P1
72996811,harduc,Histrionicus histrionicus,シノリガモ,1.7647058823529411,17,"Skidegate, Skeena-Queen Charlotte, British Columbia, Canada",25 Nov 2015,Ian Cruickshank,53.2673,-131.9887,Canada,False,ML72996811,P1
75540941,harduc,Histrionicus histrionicus,シノリガモ,2.176470588235294,17,"Rosario Beach / Rosario Head, Skagit, Washington, United States",21 Jan 2017,Joshua Rudolph,48.4162,-122.6645,United States,False,ML75540941,P1
86870261,harduc,Histrionicus histrionicus,シノリガモ,3.4444444444444446,18,"Yellow Island, San Juan, Washington, United States",20 Feb 2018,Phil Green,48.5923,-123.0304,United States,False,ML86870261,P1
97315401,harduc,Histrionicus histrionicus,シノリガモ,3.3333333333333335,18,"Yellow Island, San Juan, Washington, United States",29 Apr 2018,Phil Green,48.5923,-123.0304,United States,False,ML97315401,P1
102074201,hawpet1,Pterodroma sandwichensis,ハワイシロハラミズナギドリ,1.0,1,"Haleakala NP--Kalahaku Overlook, Maui, Hawaii, United States",25 May 2018,Carl Engstrom,20.7364,-156.2355,United States,False,ML102074201,P1
102074221,hawpet1,Pterodroma sandwichensis,ハワイシロハラミズナギドリ,1.0,2,"Haleakala NP--Kalahaku Overlook, Maui, Hawaii, United States",25 May 2018,Carl Engstrom,20.7364,-156.2355,United States,False,ML102074221,P1
129830121,hawpet1,Pterodroma sandwichensis,ハワイシロハラミズナギドリ,2.0,2,"HI Haleakala Visitor Center - Summit, Maui, Hawaii, United States",15 Apr 2016,Linda Greble 🦜,20.7148,-156.2504,United States,False,ML129830121,P1
166367251,hawpet1,Pterodroma sandwichensis,ハワイシロハラミズナギドリ,2.5,2,"Haleakala NP--Kalahaku Overlook, Maui, Hawaii, United States",29 Jun 2019,Joe Zeno,20.7364,-156.2355,United States,False,ML166367251,P1
221307671,hawpet1,Pterodroma sandwichensis,ハワイシロハラミズナギドリ,3.5,2,"Haleakala NP--Kalahaku Overlook, Maui, Hawaii, United States",25 May 2017,Nancy Christensen,20.7364,-156.2355,United States,False,ML221307671,P1
221307821,hawpet1,Pterodroma sandwichensis,ハワイシロハラミズナギドリ,4.0,2,"Haleakala NP--Kalahaku Overlook, Maui, Hawaii, United States",25 May 2017,Nancy Christensen,20.7364,-156.2355,United States,False,ML221307821,P1
221307871,hawpet1,Pterodroma sandwichensis,ハワイシロハラミズナギドリ,3.75,4,"Haleakala NP--Kalahaku Overlook, Maui, Hawaii, United States",25 May 2017,Nancy Christensen,20.7364,-156.2355,United States,False,ML221307871,P1
234850,hawpet1,Pterodroma sandwichensis,ハワイシロハラミズナギドリ,1.0,4,"Pu'u Mamani Crater, Hawaii, United States",21 May 1980,Tim Burr,20.7238,-156.1918,United States,False,ML234850,P1
26901001,hawpet1,Pterodroma sandwichensis,ハワイシロハラミズナギドリ,3.0,1,"HI: Haleakala NP - Visitors' Center (lower), Maui, Hawaii, United States",9 Apr 2016,Myron Gerhard,20.7588,-156.2471,United States,False,ML26901001,P1
30939201,hawpet1,Pterodroma sandwichensis,ハワイシロハラミズナギドリ,3.0,1,"Haleakala NP--Kalahaku Overlook, Maui, Hawaii, United States",28 Jun 2016,Forest & Kim Starr,20.7364,-156.2355,United States,False,ML30939201,P1
355159821,hawpet1,Pterodroma sandwichensis,ハワイシロハラミズナギドリ,3.5,4,"Haleakala NP--Kalahaku Overlook, Maui, Hawaii, United States",13 Jul 2021,Steven Kurniawidjaja,20.7364,-156.2355,United States,False,ML355159821,P1
355160101,hawpet1,Pterodroma sandwichensis,ハワイシロハラミズナギドリ,3.3333333333333335,3,"Haleakala NP--Kalahaku Overlook, Maui, Hawaii, United States",13 Jul 2021,Steven Kurniawidjaja,20.7364,-156.2355,United States,False,ML355160101,P1
360666671,hawpet1,Pterodroma sandwichensis,ハワイシロハラミズナギドリ,2.5,2,"Haleakala NP--Kalahaku Overlook, Maui, Hawaii, United States",6 Aug 2021,Jodhan Fine,20.7364,-156.2355,United States,False,ML360666671,P1
360666701,hawpet1,Pterodroma sandwichensis,ハワイシロハラミズナギドリ,2.0,2,"Haleakala NP--Kalahaku Overlook, Maui, Hawaii, United States",6 Aug 2021,Jodhan Fine,20.7364,-156.2355,United States,False,ML360666701,P1
360666731,hawpet1,Pterodroma sandwichensis,ハワイシロハラミズナギドリ,1.0,2,"Haleakala NP--Kalahaku Overlook, Maui, Hawaii, United States",6 Aug 2021,Jodhan Fine,20.7364,-156.2355,United States,False,ML360666731,P1
360666741,hawpet1,Pterodroma sandwichensis,ハワイシロハラミズナギドリ,2.0,2,"Haleakala NP--Kalahaku Overlook, Maui, Hawaii, United States",6 Aug 2021,Jodhan Fine,20.7364,-156.2355,United States,False,ML360666741,P1
362155001,hawpet1,Pterodroma sandwichensis,ハワイシロハラミズナギドリ,1.0,2,"Haleakala NP--Kalahaku Overlook, Maui, Hawaii, United States",16 Aug 2021,Will Schenck,20.7364,-156.2355,United States,False,ML362155001,P1
362155161,hawpet1,Pterodroma sandwichensis,ハワイシロハラミズナギドリ,1.5,2,"Haleakala NP--Kalahaku Overlook, Maui, Hawaii, United States",16 Aug 2021,Will Schenck,20.7364,-156.2355,United States,False,ML362155161,P1
437888121,hawpet1,Pterodroma sandwichensis,ハワイシロハラミズナギドリ,3.0,4,"White Hill, Maui, Hawaii, United States",31 Mar 2022,Nathan Goldberg,20.7139,-156.25,United States,False,ML437888121,P1
437888131,hawpet1,Pterodroma sandwichensis,ハワイシロハラミズナギドリ,2.0,2,"White Hill, Maui, Hawaii, United States",31 Mar 2022,Nathan Goldberg,20.7139,-156.25,United States,False,ML437888131,P1
437888141,hawpet1,Pterodroma sandwichensis,ハワイシロハラミズナギドリ,2.5,2,"White Hill, Maui, Hawaii, United States",31 Mar 2022,Nathan Goldberg,20.7139,-156.25,United States,False,ML437888141,P1
480511531,hawpet1,Pterodroma sandwichensis,ハワイシロハラミズナギドリ,3.8,5,"Lana'i'hale and Munro Trail, Maui, Hawaii, United States",14 May 2022,j eden,20.8197,-156.8806,United States,False,ML480511531,P1
5899,hawpet1,Pterodroma sandwichensis,ハワイシロハラミズナギドリ,3.4444444444444446,9,"Lanaihale, Hawaii, United States",27 May 1978,Robert Shallenberger,0.0,0.0,United States,False,ML5899,P1
59751701,hawpet1,Pterodroma sandwichensis,ハワイシロハラミズナギドリ,3.0,1,"Haleakala NP--Kalahaku Overlook, Maui, Hawaii, United States",25 May 2017,Nancy Christensen,20.7364,-156.2355,United States,False,ML59751701,P1
59751731,hawpet1,Pterodroma sandwichensis,ハワイシロハラミズナギドリ,3.6666666666666665,3,"Haleakala NP--Kalahaku Overlook, Maui, Hawaii, United States",25 May 2017,Nancy Christensen,20.7364,-156.2355,United States,False,ML59751731,P1
61070001,hawpet1,Pterodroma sandwichensis,ハワイシロハラミズナギドリ,2.0,2,"HI Haleakala Visitor Center - Summit, Maui, Hawaii, United States",15 Apr 2016,Linda Greble 🦜,20.7148,-156.2504,United States,False,ML61070001,P1
616197243,hawpet1,Pterodroma sandwichensis,ハワイシロハラミズナギドリ,4.0,4,"031324 Hawaiian Petrel, Maui, Hawaii, United States",13 Mar 2024,Hanyang Ye,20.7151,-156.2503,United States,False,ML616197243,P1
616197244,hawpet1,Pterodroma sandwichensis,ハワイシロハラミズナギドリ,3.8,5,"031324 Hawaiian Petrel, Maui, Hawaii, United States",13 Mar 2024,Hanyang Ye,20.7151,-156.2503,United States,False,ML616197244,P1
619762290,hawpet1,Pterodroma sandwichensis,ハワイシロハラミズナギドリ,2.5,2,"Mōhihi Waiʻalae Trail, Kauai, Hawaii, United States",27 May 2024,Adrian Burke,22.1148,-159.5774,United States,False,ML619762290,P1
632640756,hawpet1,Pterodroma sandwichensis,ハワイシロハラミズナギドリ,1.5,2,"Ho'olei, Maui, Hawaii, United States",19 Mar 2025,Sydney Mohr,20.6807,-156.4379,United States,False,ML632640756,P1
632856970,hawpet1,Pterodroma sandwichensis,ハワイシロハラミズナギドリ,3.0,1,"Haleakala NP--Kalahaku Overlook, Maui, Hawaii, United States",25 Mar 2025,Ashley Casey,20.7364,-156.2355,United States,False,ML632856970,P1
636475349,hawpet1,Pterodroma sandwichensis,ハワイシロハラミズナギドリ,0.0,0,"Haleakala NP--Summit, Maui, Hawaii, United States",26 Apr 2025,Justin Streit,20.7121,-156.2496,United States,False,ML636475349,P1
636475362,hawpet1,Pterodroma sandwichensis,ハワイシロハラミズナギドリ,0.0,0,"Haleakala NP--Summit, Maui, Hawaii, United States",26 Apr 2025,Justin Streit,20.7121,-156.2496,United States,False,ML636475362,P1
636475391,hawpet1,Pterodroma sandwichensis,ハワイシロハラミズナギドリ,0.0,0,"Haleakala NP--Summit, Maui, Hawaii, United States",26 Apr 2025,Justin Streit,20.7121,-156.2496,United States,False,ML636475391,P1
636475400,hawpet1,Pterodroma sandwichensis,ハワイシロハラミズナギドリ,0.0,0,"Haleakala NP--Summit, Maui, Hawaii, United States",26 Apr 2025,Justin Streit,20.7121,-156.2496,United States,False,ML636475400,P1
986,hawpet1,Pterodroma sandwichensis,ハワイシロハラミズナギドリ,1.8,5,"Haleakala Crater; Haleakala Nat.park, Maui, Hawaii, United States",20 Jun 1962,William V. Ward,20.7167,-156.1833,United States,False,ML986,P1
987,hawpet1,Pterodroma sandwichensis,ハワイシロハラミズナギドリ,2.0,4,"Haleakala Crater, Maui, Hawaii, United States",12 Jun 1970,Warren King,20.6667,-156.25,United States,False,ML987,P1
988,hawpet1,Pterodroma sandwichensis,ハワイシロハラミズナギドリ,2.0,4,"Haleakala Crater, Maui, Hawaii, United States",12 Jun 1970,Warren King,20.6667,-156.25,United States,False,ML988,P1
989,hawpet1,Pterodroma sandwichensis,ハワイシロハラミズナギドリ,1.0,4,"Haleakala Crater, Maui, Hawaii, United States",13 Jun 1970,Warren King,20.6667,-156.25,United States,False,ML989,P1
990,hawpet1,Pterodroma sandwichensis,ハワイシロハラミズナギドリ,2.0,4,"Haleakala Crater, Maui, Hawaii, United States",9 Jul 1970,Warren King,20.6667,-156.25,United States,False,ML990,P1
182688281,hoocra1,Grus monacha,ナベヅル,3.5,2,"出水市--出水市ツル観察センター (Izumi--Izumi Crane Observation Center), Izumi, Kagoshima, Japan",20 Dec 2013,Andrew Spencer,32.103,130.275,Japan,True,ML182688281,P1
182689321,hoocra1,Grus monacha,ナベヅル,4.0,2,"出水市--出水市ツル観察センター (Izumi--Izumi Crane Observation Center), Izumi, Kagoshima, Japan",21 Dec 2013,Andrew Spencer,32.103,130.275,Japan,True,ML182689321,P1
182689331,hoocra1,Grus monacha,ナベヅル,3.5,2,"出水市--出水市ツル観察センター (Izumi--Izumi Crane Observation Center), Izumi, Kagoshima, Japan",21 Dec 2013,Andrew Spencer,32.103,130.275,Japan,True,ML182689331,P1
182689341,hoocra1,Grus monacha,ナベヅル,4.5,2,"出水市--出水市ツル観察センター (Izumi--Izumi Crane Observation Center), Izumi, Kagoshima, Japan",21 Dec 2013,Andrew Spencer,32.103,130.275,Japan,True,ML182689341,P1
182689361,hoocra1,Grus monacha,ナベヅル,5.0,2,"出水市--出水市ツル観察センター (Izumi--Izumi Crane Observation Center), Izumi, Kagoshima, Japan",21 Dec 2013,Andrew Spencer,32.103,130.275,Japan,True,ML182689361,P1
182689371,hoocra1,Grus monacha,ナベヅル,5.0,2,"出水市--出水市ツル観察センター (Izumi--Izumi Crane Observation Center), Izumi, Kagoshima, Japan",21 Dec 2013,Andrew Spencer,32.103,130.275,Japan,True,ML182689371,P1
203932631,hoocra1,Grus monacha,ナベヅル,5.0,4,"出水市--出水市ツル観察センター (Izumi--Izumi Crane Observation Center), Izumi, Kagoshima, Japan",31 Jan 2010,Josep del Hoyo,32.103,130.275,Japan,True,ML203932631,P1
203932641,hoocra1,Grus monacha,ナベヅル,5.0,4,"出水市--出水市ツル観察センター (Izumi--Izumi Crane Observation Center), Izumi, Kagoshima, Japan",31 Jan 2010,Josep del Hoyo,32.103,130.275,Japan,True,ML203932641,P1
203932651,hoocra1,Grus monacha,ナベヅル,5.0,4,"出水市--出水市ツル観察センター (Izumi--Izumi Crane Observation Center), Izumi, Kagoshima, Japan",31 Jan 2010,Josep del Hoyo,32.103,130.275,Japan,True,ML203932651,P1
203968951,hoocra1,Grus monacha,ナベヅル,3.5,2,"出水市--出水市ツル観察センター (Izumi--Izumi Crane Observation Center), Izumi, Kagoshima, Japan",2 Feb 2019,Phil Gregory | Sicklebill Safaris | www.birder.travel,32.103,130.275,Japan,True,ML203968951,P1
203968971,hoocra1,Grus monacha,ナベヅル,3.0,3,"出水市--出水市ツル観察センター (Izumi--Izumi Crane Observation Center), Izumi, Kagoshima, Japan",2 Feb 2019,Phil Gregory | Sicklebill Safaris | www.birder.travel,32.103,130.275,Japan,True,ML203968971,P1
40241911,hoocra1,Grus monacha,ナベヅル,3.0,2,"出水市--出水市ツル観察センター (Izumi--Izumi Crane Observation Center), Izumi, Kagoshima, Japan",9 Nov 2016,Sandra Keller,32.103,130.275,Japan,True,ML40241911,P1
537938181,hoocra1,Grus monacha,ナベヅル,3.3333333333333335,3,"出水市--東干拓 (Izumi--East Reclamation Area (east fields)), Izumi, Kagoshima, Japan",1 Feb 2023,Graham Gerdeman,32.1042,130.2914,Japan,True,ML537938181,P1
613787221,hoocra1,Grus monacha,ナベヅル,3.0,1,"195-6 대대동, 순천시, 전라남도, KR (34.885, 127.507)순천만, Jeollanam-do, South Korea",16 Jan 2024,Unkyung Jeon,34.8851,127.5073,South Korea,True,ML613787221,P1
614633988,hoocra1,Grus monacha,ナベヅル,4.5,2,"出水市--西干拓 (Izumi--West Reclamation Area (west fields)), Izumi, Kagoshima, Japan",8 Feb 2024,Ying ZHOU,32.1072,130.27,Japan,True,ML614633988,P1
615913591,hoocra1,Grus monacha,ナベヅル,4.0,2,"出水市--東干拓 (Izumi--East Reclamation Area (east fields)), Izumi, Kagoshima, Japan",13 Feb 2024,Mark Robbins,32.1042,130.2914,Japan,True,ML615913591,P1
615913852,hoocra1,Grus monacha,ナベヅル,4.5,2,"出水市--東干拓 (Izumi--East Reclamation Area (east fields)), Izumi, Kagoshima, Japan",13 Feb 2024,Mark Robbins,32.1042,130.2914,Japan,True,ML615913852,P1
615914038,hoocra1,Grus monacha,ナベヅル,3.5,2,"出水市--東干拓 (Izumi--East Reclamation Area (east fields)), Izumi, Kagoshima, Japan",13 Feb 2024,Mark Robbins,32.1042,130.2914,Japan,True,ML615914038,P1
615918528,hoocra1,Grus monacha,ナベヅル,3.5,2,"出水市--東干拓 (Izumi--East Reclamation Area (east fields)), Izumi, Kagoshima, Japan",14 Feb 2024,Mark Robbins,32.1042,130.2914,Japan,True,ML615918528,P1
622224307,hoocra1,Grus monacha,ナベヅル,4.5,2,"순천--순천만 농지(Suncheon--Suncheon Bay General Farmland & Coast), Jeollanam-do, South Korea",28 Dec 2023,Ashley Hopkins,34.8782,127.4985,South Korea,True,ML622224307,P1
627113326,hoocra1,Grus monacha,ナベヅル,0.0,0,"宇和町小原, 西予市 JP-愛媛県 33.38593, 132.48189, Seiyo, Ehime, Japan",4 Dec 2024,Takashi Noma,33.3859,132.4819,Japan,True,ML627113326,P1
636324347,hoocra1,Grus monacha,ナベヅル,0.0,0,"서산--부남호와간월호(Seosan--Seosan Lakes General Area**please consider using more specific locations**), Chungcheongnam-do, South Korea",1 Mar 2022,Anonymous,36.641,126.3926,South Korea,True,ML636324347,P1
639939512,hoocra1,Grus monacha,ナベヅル,4.0,1,"出水市--東干拓 (Izumi--East Reclamation Area (east fields)), Izumi, Kagoshima, Japan",28 Dec 2024,I-Ju Chen,32.1042,130.2914,Japan,True,ML639939512,P1
642433012,hoocra1,Grus monacha,ナベヅル,4.0,1,"出水市--出水市ツル観察センター (Izumi--Izumi Crane Observation Center), Izumi, Kagoshima, Japan",29 Jan 2023,Greg Baker,32.103,130.275,Japan,True,ML642433012,P1
642433013,hoocra1,Grus monacha,ナベヅル,4.0,1,"出水市--出水市ツル観察センター (Izumi--Izumi Crane Observation Center), Izumi, Kagoshima, Japan",29 Jan 2023,Greg Baker,32.103,130.275,Japan,True,ML642433013,P1
647119021,hoocra1,Grus monacha,ナベヅル,5.0,2,"出水市--出水市ツル観察センター (Izumi--Izumi Crane Observation Center), Izumi, Kagoshima, Japan",18 Dec 2025,Sam Hambly,32.103,130.275,Japan,True,ML647119021,P1
648879218,hoocra1,Grus monacha,ナベヅル,0.0,0,"出水市--西干拓 (Izumi--West Reclamation Area (west fields)), Izumi, Kagoshima, Japan",9 Jan 2026,Cheng-Ru Tsai,32.1072,130.27,Japan,True,ML648879218,P1
648879219,hoocra1,Grus monacha,ナベヅル,0.0,0,"出水市--西干拓 (Izumi--West Reclamation Area (west fields)), Izumi, Kagoshima, Japan",9 Jan 2026,Cheng-Ru Tsai,32.1072,130.27,Japan,True,ML648879219,P1
648971607,hoocra1,Grus monacha,ナベヅル,0.0,0,"出水市--出水市ツル観察センター (Izumi--Izumi Crane Observation Center), Izumi, Kagoshima, Japan",9 Jan 2026,Kuan Chih Yu,32.103,130.275,Japan,True,ML648971607,P1
649048150,hoocra1,Grus monacha,ナベヅル,0.0,0,"团结大圩 (Tuanjie Dawei), Anhui, China",17 Jan 2026,Linn sherwin,30.9499,117.0887,China,False,ML649048150,P1
650627835,hoocra1,Grus monacha,ナベヅル,0.0,0,"出水市--出水市ツル観察センター (Izumi--Izumi Crane Observation Center), Izumi, Kagoshima, Japan",9 Feb 2026,Sze On Ng (Aaron),32.103,130.275,Japan,True,ML650627835,P1
136490,horpuf,Fratercula corniculata,ツノメドリ,2.4285714285714284,14,"Lake Clark National Park; Duck Island, Kenai Peninsula Borough, Alaska, United States",29 Jun 2007,Mike Andersen,60.1475,-152.55,United States,False,ML136490,P1
136491,horpuf,Fratercula corniculata,ツノメドリ,2.357142857142857,14,"Lake Clark National Park; Duck Island, Kenai Peninsula Borough, Alaska, United States",30 Jun 2007,Mike Andersen,60.1475,-152.55,United States,False,ML136491,P1
617448290,horpuf,Fratercula corniculata,ツノメドリ,4.0,15,"Alaska Maritime NWR--Aiktak Island, Aleutians East Borough, Alaska, United States",29 Jul 2023,Jennifer Lewis,54.1852,-164.8349,United States,False,ML617448290,P1
105829,hudgod,Limosa haemastica,アメリカオグロシギ,4.166666666666667,6,"5.0 km E of Churchill, Manitoba, Canada",17 Jun 1996,Geoffrey A. Keller,0.0,0.0,Canada,False,ML105829,P1
108828241,hudgod,Limosa haemastica,アメリカオグロシギ,3.0,6,"Churchill--The Fens, Churchill and Northern Manitoba, Manitoba, Canada",2 Jul 2018,David Bree,58.6669,-93.8342,Canada,False,ML108828241,P1
111601901,hudgod,Limosa haemastica,アメリカオグロシギ,2.8333333333333335,6,"Cape Freels--Random Passage Trail & Cape Island, Bonavista/Trinity-Clarenville, Newfoundland and Labrador, Canada",14 Aug 2018,Barry Day,49.2418,-53.4841,Canada,False,ML111601901,P1
130469861,hudgod,Limosa haemastica,アメリカオグロシギ,2.1666666666666665,6,"Centro de Interpretacion Ambiental Estuario del Rio Gallegos, Güer Aike, Santa Cruz, Argentina",19 Dec 2018,Cristóbal Robinson,-51.6255,-69.194,Argentina,False,ML130469861,P1
135039421,hudgod,Limosa haemastica,アメリカオグロシギ,2.6666666666666665,6,"Chamiza--Playa, Puerto Montt, Los Lagos, Chile",14 Jan 2019,Victor Gabriel Cardenas,-41.507,-72.857,Chile,False,ML135039421,P1
135324961,hudgod,Limosa haemastica,アメリカオグロシギ,3.6666666666666665,6,"José Ignacio Balneario--Área General, Maldonado, Uruguay",27 Apr 2008,Àlvaro Riccetto,-34.8437,-54.637,Uruguay,False,ML135324961,P1
138754431,hudgod,Limosa haemastica,アメリカオグロシギ,3.3333333333333335,6,"Caulín, Ancud, Los Lagos, Chile",23 Nov 2018,Camila Gherardi Fuentes,-41.8259,-73.6275,Chile,False,ML138754431,P1
149879661,hudgod,Limosa haemastica,アメリカオグロシギ,2.5,6,"Jensen Marsh, Madison, Iowa, United States",14 May 2018,Jay Gilliam,41.3284,-93.7943,United States,False,ML149879661,P1
151586601,hudgod,Limosa haemastica,アメリカオグロシギ,2.5,6,"HUGO spit, Lake, Indiana, United States",16 Apr 2019,Landon Neumann,41.3999,-87.5191,United States,False,ML151586601,P1
156968661,hudgod,Limosa haemastica,アメリカオグロシギ,3.0,6,"Eagle Beach SRA, Juneau City and Borough, Alaska, United States",7 May 2019,Gus van Vliet,58.5284,-134.8271,United States,False,ML156968661,P1
167917,hudgod,Limosa haemastica,アメリカオグロシギ,2.5,6,"Caulín, Ancud, Los Lagos, Chile",13 Jan 2012,Hope Batcheller,-41.8259,-73.6275,Chile,False,ML167917,P1
167924,hudgod,Limosa haemastica,アメリカオグロシギ,1.6666666666666667,6,"Caulín, Ancud, Los Lagos, Chile",13 Jan 2012,Hope Batcheller,-41.8259,-73.6275,Chile,False,ML167924,P1
167997,hudgod,Limosa haemastica,アメリカオグロシギ,3.6666666666666665,6,"25.0 km E of Churchill; Palsa Road, Manitoba, Canada",5 Jul 2012,Hope Batcheller,58.7308,-93.7879,Canada,False,ML167997,P1
172327,hudgod,Limosa haemastica,アメリカオグロシギ,2.1666666666666665,6,"Cheyenne Bottoms, Barton, Kansas, United States",17 May 2011,Mark Robbins,38.488,-98.612,United States,False,ML172327,P1
184485731,hudgod,Limosa haemastica,アメリカオグロシギ,2.6666666666666665,6,"Innoko NWR--ALMS Point 30664_24, Yukon-Koyukuk Census Area, Alaska, United States",15 Jun 2019,Charlie Wright,63.4003,-158.1296,United States,False,ML184485731,P1
184485841,hudgod,Limosa haemastica,アメリカオグロシギ,3.5,6,"Innoko NWR--ALMS Point 30664_24, Yukon-Koyukuk Census Area, Alaska, United States",15 Jun 2019,Charlie Wright,63.4003,-158.1296,United States,False,ML184485841,P1
185287021,hudgod,Limosa haemastica,アメリカオグロシギ,4.375,8,"Polar Bear Provincial Park--Burntpoint Creek research camp, Kenora, Ontario, Canada",21 Jun 2019,Riley Walsh,55.2426,-84.3187,Canada,False,ML185287021,P1
198473421,hudgod,Limosa haemastica,アメリカオグロシギ,2.6666666666666665,6,"Pureo, Calbuco, Los Lagos, Chile",5 Jan 2020,Nicole Arcaya-Orrego,-41.79,-73.216,Chile,False,ML198473421,P1
202239041,hudgod,Limosa haemastica,アメリカオグロシギ,2.3333333333333335,6,"(-31,2458,-50,9987), Tavares, Rio Grande do Sul, Brazil",22 Nov 2019,Gabriel Leite,-31.2458,-50.9987,Brazil,False,ML202239041,P1
203988271,hudgod,Limosa haemastica,アメリカオグロシギ,4.333333333333333,6,"Barra de Maldonado, Maldonado, Uruguay",17 Feb 2005,Bernabe Lopez-Lanus,-34.9128,-54.8623,Uruguay,False,ML203988271,P1
228213781,hudgod,Limosa haemastica,アメリカオグロシギ,3.3333333333333335,6,"Loess Bluffs NWR, Holt, Missouri, United States",17 Apr 2020,Mark Robbins,40.0689,-95.2353,United States,False,ML228213781,P1
228214221,hudgod,Limosa haemastica,アメリカオグロシギ,2.6666666666666665,6,"Loess Bluffs NWR, Holt, Missouri, United States",17 Apr 2020,Mark Robbins,40.0689,-95.2353,United States,False,ML228214221,P1
234310911,hudgod,Limosa haemastica,アメリカオグロシギ,3.0,6,"Lewisville Lake Park, Denton, Texas, United States",13 May 2020,Winston Caillouet,33.0704,-96.9916,United States,False,ML234310911,P1
235897441,hudgod,Limosa haemastica,アメリカオグロシギ,2.5,6,"Brazos Co.--Sims Lane/Sims Lane Cutoff, Brazos, Texas, United States",17 May 2020,Simon Kiacz,30.6767,-96.5114,United States,False,ML235897441,P1
23875651,hudgod,Limosa haemastica,アメリカオグロシギ,3.7142857142857144,7,"Churchill--The Fens, Churchill and Northern Manitoba, Manitoba, Canada",16 Jul 2010,Brad Walker,58.6669,-93.8342,Canada,False,ML23875651,P1
239644651,hudgod,Limosa haemastica,アメリカオグロシギ,3.0,6,"Sturgeon River Sloughs WA (South Unit), Baraga, Michigan, United States",22 May 2020,Damon Haan,46.9319,-88.4885,United States,False,ML239644651,P1
24015,hudgod,Limosa haemastica,アメリカオグロシギ,2.8333333333333335,6,"Paracas Bay, Ica, Peru",20 Sep 1981,Ted Parker,-13.83,-76.25,Peru,False,ML24015,P1
24024,hudgod,Limosa haemastica,アメリカオグロシギ,2.8333333333333335,6,"Paracas Bay, Ica, Peru",20 Sep 1981,Ted Parker,-13.83,-76.25,Peru,False,ML24024,P1
24026,hudgod,Limosa haemastica,アメリカオグロシギ,3.6666666666666665,6,"Paracas Bay, Ica, Peru",20 Sep 1981,Ted Parker,-13.83,-76.25,Peru,False,ML24026,P1
246981171,hudgod,Limosa haemastica,アメリカオグロシギ,1.0,6,"SN Bahía Lomas--Acceso este, Primavera, Magallanes, Chile",18 Jan 2018,Natacha González,-52.6993,-69.0952,Chile,False,ML246981171,P1
24752131,hudgod,Limosa haemastica,アメリカオグロシギ,2.8333333333333335,6,"Churchill--The Fens, Churchill and Northern Manitoba, Manitoba, Canada",3 Jul 2008,Brad Walker,58.6669,-93.8342,Canada,False,ML24752131,P1
24752141,hudgod,Limosa haemastica,アメリカオグロシギ,3.6666666666666665,6,"Churchill--The Fens, Churchill and Northern Manitoba, Manitoba, Canada",3 Jul 2008,Brad Walker,58.6669,-93.8342,Canada,False,ML24752141,P1
24752321,hudgod,Limosa haemastica,アメリカオグロシギ,2.6666666666666665,6,"Churchill--The Fens, Churchill and Northern Manitoba, Manitoba, Canada",2 Jul 2008,Brad Walker,58.6669,-93.8342,Canada,False,ML24752321,P1
24752441,hudgod,Limosa haemastica,アメリカオグロシギ,3.3333333333333335,6,"Churchill--The Fens, Churchill and Northern Manitoba, Manitoba, Canada",30 Jun 2008,Brad Walker,58.6669,-93.8342,Canada,False,ML24752441,P1
24752451,hudgod,Limosa haemastica,アメリカオグロシギ,2.8333333333333335,6,"Churchill--The Fens, Churchill and Northern Manitoba, Manitoba, Canada",30 Jun 2008,Brad Walker,58.6669,-93.8342,Canada,False,ML24752451,P1
24752481,hudgod,Limosa haemastica,アメリカオグロシギ,2.5,6,"Churchill--The Fens, Churchill and Northern Manitoba, Manitoba, Canada",29 Jun 2008,Brad Walker,58.6669,-93.8342,Canada,False,ML24752481,P1
256248311,hudgod,Limosa haemastica,アメリカオグロシギ,2.1666666666666665,6,"Eagle Beach SRA, Juneau City and Borough, Alaska, United States",17 Aug 2020,Gus van Vliet,58.5284,-134.8271,United States,False,ML256248311,P1
25790321,hudgod,Limosa haemastica,アメリカオグロシギ,3.0,6,"Churchill--The Fens, Churchill and Northern Manitoba, Manitoba, Canada",6 Jul 2008,Brad Walker,58.6669,-93.8342,Canada,False,ML25790321,P1
25790331,hudgod,Limosa haemastica,アメリカオグロシギ,2.8333333333333335,6,"Churchill--The Fens, Churchill and Northern Manitoba, Manitoba, Canada",6 Jul 2008,Brad Walker,58.6669,-93.8342,Canada,False,ML25790331,P1
262440051,hudgod,Limosa haemastica,アメリカオグロシギ,2.1666666666666665,6,"Camping Domaine Florent (plage & route), Le Haut-Richelieu, Quebec, Canada",12 Sep 2020,Daniel Jauvin,45.0739,-73.1216,Canada,False,ML262440051,P1
299637201,hudgod,Limosa haemastica,アメリカオグロシギ,2.0,6,"Las Grutas, San Antonio, Río Negro, Argentina",17 Jan 2021,J. Quillen Vidoz / Tour Leader,-40.8151,-65.0935,Argentina,False,ML299637201,P1
303728,hudgod,Limosa haemastica,アメリカオグロシギ,3.3333333333333335,6,"Quetalmahue, Ancud, Los Lagos, Chile",5 Dec 2018,Peter Boesman,-41.859,-73.976,Chile,False,ML303728,P1
3171,hudgod,Limosa haemastica,アメリカオグロシギ,2.1666666666666665,6,"Fort Churchill, Manitoba, Canada",4 Jun 1954,Arthur A. Allen,0.0,0.0,Canada,False,ML3171,P1
3172,hudgod,Limosa haemastica,アメリカオグロシギ,2.3333333333333335,6,"Fort Churchill, Manitoba, Canada",19 Jun 1954,Arthur A. Allen,0.0,0.0,Canada,False,ML3172,P1
3173,hudgod,Limosa haemastica,アメリカオグロシギ,3.4285714285714284,7,"Fort Churchill, Manitoba, Canada",2 Jul 1954,Arthur A. Allen,0.0,0.0,Canada,False,ML3173,P1
3174,hudgod,Limosa haemastica,アメリカオグロシギ,2.8333333333333335,6,"Fort Churchill; Landing Lake Rd., Manitoba, Canada",2 Jul 1954,Arthur A. Allen,0.0,0.0,Canada,False,ML3174,P1
3175,hudgod,Limosa haemastica,アメリカオグロシギ,2.8333333333333335,6,"Churchill--Landing Lake, Churchill and Northern Manitoba, Manitoba, Canada",2 Jul 1954,Arthur A. Allen,58.708,-94.0515,Canada,False,ML3175,P1
337733071,hudgod,Limosa haemastica,アメリカオグロシギ,4.0,6,"Marsh Wren Community Wetlands, Lancaster, Nebraska, United States",13 May 2021,Tom Gannon,40.8836,-96.6577,United States,False,ML337733071,P1
360275531,hudgod,Limosa haemastica,アメリカオグロシギ,2.3333333333333335,6,"Fern Ridge Lake--Elevated Square--44.07052, -123.27995, Lane, Oregon, United States",9 Aug 2021,Colby Neuman,44.0705,-123.28,United States,False,ML360275531,P1
360275541,hudgod,Limosa haemastica,アメリカオグロシギ,1.5,6,"Fern Ridge Lake--Elevated Square--44.07052, -123.27995, Lane, Oregon, United States",9 Aug 2021,Colby Neuman,44.0705,-123.28,United States,False,ML360275541,P1
371644151,hudgod,Limosa haemastica,アメリカオグロシギ,2.5714285714285716,7,"Port Dalhousie--Westcliffe Park, Niagara, Ontario, Canada",22 Sep 2021,Ryan Griffiths,43.2057,-79.2605,Canada,False,ML371644151,P1
373741841,hudgod,Limosa haemastica,アメリカオグロシギ,2.6666666666666665,6,"Camping Domaine Florent (plage & route), Le Haut-Richelieu, Quebec, Canada",28 Sep 2021,Daniel Jauvin,45.0739,-73.1216,Canada,False,ML373741841,P1
374948961,hudgod,Limosa haemastica,アメリカオグロシギ,2.0,7,"12400-12878 Twelve Mile Road, Ilderton, Ontario, CA (43.077, -81.435), Middlesex, Ontario, Canada",28 Sep 2021,Sawyer Dawson,43.0773,-81.435,Canada,False,ML374948961,P1
37713,hudgod,Limosa haemastica,アメリカオグロシギ,2.6666666666666665,6,,Unknown,Dolly Minis,0.0,0.0,,False,ML37713,P1
37714,hudgod,Limosa haemastica,アメリカオグロシギ,2.5,6,,Unknown,Dolly Minis,0.0,0.0,,False,ML37714,P1
428594721,hudgod,Limosa haemastica,アメリカオグロシギ,3.3333333333333335,6,"Quillaipe, Puerto Montt, Los Lagos, Chile",16 Mar 2022,Danae Garrido Hollstein,-41.5307,-72.7409,Chile,False,ML428594721,P1
431707951,hudgod,Limosa haemastica,アメリカオグロシギ,2.7142857142857144,7,"Lepihué, Maullín, Los Lagos, Chile",3 Apr 2022,Gabriela Contreras Buvinić,-41.5932,-73.5721,Chile,False,ML431707951,P1
431707971,hudgod,Limosa haemastica,アメリカオグロシギ,2.5714285714285716,7,"Lepihué, Maullín, Los Lagos, Chile",3 Apr 2022,Gabriela Contreras Buvinić,-41.5932,-73.5721,Chile,False,ML431707971,P1
440205171,hudgod,Limosa haemastica,アメリカオグロシギ,3.1666666666666665,6,"Pichilemu--Laguna Petrel (Humedal Urbano), Pichilemu, Libertador General Bernardo O'Higgins, Chile",13 Mar 2022,Ignacio Escobar Gutiérrez,-34.3825,-71.9981,Chile,False,ML440205171,P1
455791761,hudgod,Limosa haemastica,アメリカオグロシギ,1.8333333333333333,6,"Loess Bluffs NWR--Pelican Pool, Holt, Missouri, United States",20 May 2022,Michael S Taylor,40.0638,-95.2571,United States,False,ML455791761,P1
481159691,hudgod,Limosa haemastica,アメリカオグロシギ,2.8333333333333335,6,"Vigneaux Road, SE Kaplan, Vermilion, Louisiana, United States",7 May 2022,Robert Dobbs,29.9526,-92.2254,United States,False,ML481159691,P1
481159741,hudgod,Limosa haemastica,アメリカオグロシギ,3.5,6,"Vigneaux Road, SE Kaplan, Vermilion, Louisiana, United States",7 May 2022,Robert Dobbs,29.9526,-92.2254,United States,False,ML481159741,P1
481159841,hudgod,Limosa haemastica,アメリカオグロシギ,3.0,6,"Vigneaux Road, SE Kaplan, Vermilion, Louisiana, United States",7 May 2022,Robert Dobbs,29.9526,-92.2254,United States,False,ML481159841,P1
482123101,hudgod,Limosa haemastica,アメリカオグロシギ,2.1666666666666665,6,"Chullec, Curaco de Vélez, Los Lagos, Chile",6 Sep 2022,Nicole Arcaya-Orrego,-42.4679,-73.5394,Chile,False,ML482123101,P1
487447181,hudgod,Limosa haemastica,アメリカオグロシギ,3.375,8,"Guelph Lake CA--Jones Baseline right of way, Wellington, Ontario, Canada",25 Sep 2022,Magdalena Z,43.6095,-80.2281,Canada,False,ML487447181,P1
487730171,hudgod,Limosa haemastica,アメリカオグロシギ,3.875,8,"Sandy Pond Outlet, Oswego, New York, United States",26 Sep 2022,Matthew Brown,43.6648,-76.1961,United States,False,ML487730171,P1
489128001,hudgod,Limosa haemastica,アメリカオグロシギ,4.0,6,"Wells Reserve at Laudholm, York, Maine, United States",30 Sep 2022,David Nelson,43.3378,-70.5497,United States,False,ML489128001,P1
49730,hudgod,Limosa haemastica,アメリカオグロシギ,3.142857142857143,7,"Cheyenne Bottoms WMA, Kansas, United States",2 May 1990,William Evans,0.0,0.0,United States,False,ML49730,P1
499848191,hudgod,Limosa haemastica,アメリカオグロシギ,1.1666666666666667,6,"Chullec, Curaco de Vélez, Los Lagos, Chile",19 Feb 2020,José Ignacio Catalán Ruiz,-42.4679,-73.5394,Chile,False,ML499848191,P1
500929611,hudgod,Limosa haemastica,アメリカオグロシギ,3.0,6,"Long Pond--Northrup Creek, Monroe, New York, United States",30 Oct 2022,Chris Wood,43.285,-77.707,United States,False,ML500929611,P1
521302001,hudgod,Limosa haemastica,アメリカオグロシギ,2.5,6,"PP Laguna de Rocha--Zona Sur y Barra, Rocha, Uruguay",7 Jan 2023,Diego Castelli,-34.6797,-54.2732,Uruguay,False,ML521302001,P1
536834601,hudgod,Limosa haemastica,アメリカオグロシギ,3.6666666666666665,6,"Auto selected -17.17325, -71.83299, Arequipa, Peru",10 Feb 2023,Pedro Allasi Condo - COAP - Collagua Birder  AQP,-17.1732,-71.833,Peru,False,ML536834601,P1
541583141,hudgod,Limosa haemastica,アメリカオグロシギ,3.5,6,"Buque Quemado, San Gregorio, Magallanes, Chile",11 Nov 2022,Sebastián Saiter Villagrán,-52.4068,-69.572,Chile,False,ML541583141,P1
541588361,hudgod,Limosa haemastica,アメリカオグロシギ,3.2857142857142856,7,"Buque Quemado, San Gregorio, Magallanes, Chile",11 Nov 2022,Sebastián Saiter Villagrán,-52.4068,-69.572,Chile,False,ML541588361,P1
541590311,hudgod,Limosa haemastica,アメリカオグロシギ,2.857142857142857,7,"Buque Quemado, San Gregorio, Magallanes, Chile",11 Nov 2022,Sebastián Saiter Villagrán,-52.4068,-69.572,Chile,False,ML541590311,P1
543453121,hudgod,Limosa haemastica,アメリカオグロシギ,2.1666666666666665,6,"Rio Grande--Ilha da Torotama, Rio Grande, Rio Grande do Sul, Brazil",9 Jul 2022,Márcio Repenning,-31.9227,-52.1992,Brazil,False,ML543453121,P1
563142861,hudgod,Limosa haemastica,アメリカオグロシギ,2.5,6,"Harmodon Park ponds, Minnehaha, South Dakota, United States",13 May 2017,Nathan Pieplow,43.5024,-96.6535,United States,False,ML563142861,P1
563142871,hudgod,Limosa haemastica,アメリカオグロシギ,3.0,7,"Harmodon Park ponds, Minnehaha, South Dakota, United States",13 May 2017,Nathan Pieplow,43.5024,-96.6535,United States,False,ML563142871,P1
566272471,hudgod,Limosa haemastica,アメリカオグロシギ,2.8333333333333335,6,"Vía sin nombre, Lepihué, Los Lagos, CL (-41,601, -73,58), Maullín, Los Lagos, Chile",20 Apr 2023,Angélica Almonacid,-41.6006,-73.58,Chile,False,ML566272471,P1
566273801,hudgod,Limosa haemastica,アメリカオグロシギ,2.3333333333333335,6,"Vía sin nombre, Lepihué, Los Lagos, CL (-41,601, -73,58), Maullín, Los Lagos, Chile",20 Apr 2023,Angélica Almonacid,-41.6006,-73.58,Chile,False,ML566273801,P1
569829481,hudgod,Limosa haemastica,アメリカオグロシギ,1.2,5,"Caulín, Ancud, Los Lagos, Chile",20 Mar 2023,Nicole Arcaya-Orrego,-41.8259,-73.6275,Chile,False,ML569829481,P1
570714461,hudgod,Limosa haemastica,アメリカオグロシギ,3.375,8,"3828–3916 County Road 95, Robstown US-TX (27.8090,-97.8685), Nueces, Texas, United States",12 May 2023,Bob Friedrichs,27.809,-97.8685,United States,False,ML570714461,P1
573778721,hudgod,Limosa haemastica,アメリカオグロシギ,2.5,6,"Heritage Trail Metro Park, Franklin, Ohio, United States",21 Apr 2023,Lucas Schrader,40.0629,-83.1984,United States,False,ML573778721,P1
587400861,hudgod,Limosa haemastica,アメリカオグロシギ,1.2857142857142858,7,"Heritage Trail Metro Park, Franklin, Ohio, United States",20 Apr 2023,Alex Eberts,40.0629,-83.1984,United States,False,ML587400861,P1
603870001,hudgod,Limosa haemastica,アメリカオグロシギ,2.857142857142857,7,"Waterfowl Pond In Rice Co, Rice, Minnesota, United States",18 Apr 2023,Matthew Thompson,44.4694,-93.4915,United States,False,ML603870001,P1
606581451,hudgod,Limosa haemastica,アメリカオグロシギ,1.7142857142857142,7,"Saint John--Red Head Marsh, Saint John, New Brunswick, Canada",17 Aug 2023,Jim Carroll,45.262,-66.0107,Canada,False,ML606581451,P1
60802,hudgod,Limosa haemastica,アメリカオグロシギ,2.3333333333333335,6,"Churchill; Mile15, Road To Twin Lakes, Manitoba, Canada",19 Jun 1958,William W. H. Gunn,58.7667,-94.1667,Canada,False,ML60802,P1
60803,hudgod,Limosa haemastica,アメリカオグロシギ,2.3333333333333335,6,"Churchill; Road To Twin Lakes, Manitoba, Canada",21 Jun 1958,William W. H. Gunn,0.0,0.0,Canada,False,ML60803,P1
60804,hudgod,Limosa haemastica,アメリカオグロシギ,3.0,6,"Churchill; Road To Twin Lakes, Manitoba, Canada",21 Jun 1958,William W. H. Gunn,0.0,0.0,Canada,False,ML60804,P1
60805,hudgod,Limosa haemastica,アメリカオグロシギ,3.6666666666666665,6,"Churchill; Mile 15, Twin Lakes Rd, Manitoba, Canada",22 Jun 1958,William W. H. Gunn,0.0,0.0,Canada,False,ML60805,P1
60806,hudgod,Limosa haemastica,アメリカオグロシギ,2.5,6,"Churchill; Road Past Garbage Dump, Manitoba, Canada",13 Jun 1979,William W. H. Gunn,0.0,0.0,Canada,False,ML60806,P1
60807,hudgod,Limosa haemastica,アメリカオグロシギ,3.3333333333333335,6,"Wet Flats Beside Road Beyond Landfill, Churchill, Manitoba, Canada",13 Jun 1979,William W. H. Gunn,0.0,0.0,Canada,False,ML60807,P1
60808,hudgod,Limosa haemastica,アメリカオグロシギ,3.0,6,"Wet Tundra, E Of Landfill Rd. , Churchill, Manitoba, Canada",14 Jun 1979,William W. H. Gunn,0.0,0.0,Canada,False,ML60808,P1
609451217,hudgod,Limosa haemastica,アメリカオグロシギ,2.6666666666666665,6,"Saint John--Red Head Marsh, Saint John, New Brunswick, Canada",30 Sep 2023,Jim Carroll,45.262,-66.0107,Canada,False,ML609451217,P1
609767410,hudgod,Limosa haemastica,アメリカオグロシギ,3.0,8,"White Star Dairy, Pinal, Arizona, United States",29 Aug 2023,Jacob Bagley,32.8707,-111.9009,United States,False,ML609767410,P1
609975773,hudgod,Limosa haemastica,アメリカオグロシギ,2.75,8,"Sandy Pond, Greene Point Rd., Oswego, New York, United States",14 Oct 2023,Drew Weber,43.6704,-76.188,United States,False,ML609975773,P1
609975774,hudgod,Limosa haemastica,アメリカオグロシギ,3.875,8,"Sandy Pond, Greene Point Rd., Oswego, New York, United States",14 Oct 2023,Drew Weber,43.6704,-76.188,United States,False,ML609975774,P1
609975794,hudgod,Limosa haemastica,アメリカオグロシギ,4.0,7,"Sandy Pond, Greene Point Rd., Oswego, New York, United States",14 Oct 2023,Drew Weber,43.6704,-76.188,United States,False,ML609975794,P1
610428097,hudgod,Limosa haemastica,アメリカオグロシギ,4.222222222222222,9,"Beluga--North Bog, Kenai Peninsula Borough, Alaska, United States",4 Jun 2014,Garrett MacDonald,61.2094,-151.0248,United States,False,ML610428097,P1
610428135,hudgod,Limosa haemastica,アメリカオグロシギ,4.5,8,"Beluga--North Bog, Kenai Peninsula Borough, Alaska, United States",4 Jun 2014,Garrett MacDonald,61.2094,-151.0248,United States,False,ML610428135,P1
610696452,hudgod,Limosa haemastica,アメリカオグロシギ,1.625,8,"Braddock Bay--Salmon Creek, Monroe, New York, United States",3 Nov 2023,Chris Wood,43.308,-77.7479,United States,False,ML610696452,P1
611634363,hudgod,Limosa haemastica,アメリカオグロシギ,4.0,7,"Waterfowl Pond In Rice Co, Rice, Minnesota, United States",18 Apr 2023,Anna Battaglia,44.4694,-93.4915,United States,False,ML611634363,P1
615948179,hudgod,Limosa haemastica,アメリカオグロシギ,3.6666666666666665,6,"Auto selected -17.17304, -71.83411 laguna san Pedro, Arequipa, Peru",7 Feb 2024,Pedro Allasi Condo - COAP - Collagua Birder  AQP,-17.173,-71.8341,Peru,False,ML615948179,P1
616203642,hudgod,Limosa haemastica,アメリカオグロシギ,2.6,5,"Heritage Trail Metro Park, Franklin, Ohio, United States",22 Apr 2023,Matt Mason,40.0629,-83.1984,United States,False,ML616203642,P1
617279741,hudgod,Limosa haemastica,アメリカオグロシギ,3.3333333333333335,6,"Desembocadura del arroyo El Gaucho--Albúfera de Reta, Tres Arroyos, Buenos Aires, Argentina",11 Apr 2024,Pablo Alejandro Pla,-38.8943,-60.3178,Argentina,False,ML617279741,P1
617658807,hudgod,Limosa haemastica,アメリカオグロシギ,2.1666666666666665,6,"Vigneaux Road, Vermilion, Louisiana, United States",20 Apr 2024,Jack Rogers,29.9802,-92.225,United States,False,ML617658807,P1
617671619,hudgod,Limosa haemastica,アメリカオグロシギ,3.5,6,"Estero Cartagena--Desembocadura (Humedal Urbano), Cartagena, Valparaíso, Chile",19 Apr 2024,Manuel Pinochet Rojas,-33.5304,-71.6023,Chile,False,ML617671619,P1
617695596,hudgod,Limosa haemastica,アメリカオグロシギ,2.8333333333333335,6,"Vigneaux Rd, Just SE of Kaplan, LA (29.9543,-92.2258), Vermilion, Louisiana, United States",20 Apr 2024,Claire H,29.9543,-92.2258,United States,False,ML617695596,P1
617695644,hudgod,Limosa haemastica,アメリカオグロシギ,2.6666666666666665,6,"Vigneaux Rd, Just SE of Kaplan, LA (29.9543,-92.2258), Vermilion, Louisiana, United States",20 Apr 2024,Claire H,29.9543,-92.2258,United States,False,ML617695644,P1
618058219,hudgod,Limosa haemastica,アメリカオグロシギ,3.1666666666666665,6,"Hillsdale WA--Antioch Marsh (south), Miami, Kansas, United States",14 Apr 2024,Chris Fagyal,38.7097,-94.9662,United States,False,ML618058219,P1
619799227,hudgod,Limosa haemastica,アメリカオグロシギ,2.3333333333333335,6,"Kasilof--Kasilof River Mouth, Kenai Peninsula Borough, Alaska, United States",16 May 2024,Sam Darmstadt,60.3859,-151.3022,United States,False,ML619799227,P1
620120833,hudgod,Limosa haemastica,アメリカオグロシギ,2.8333333333333335,6,"Lepihué, Maullín, Los Lagos, Chile",11 May 2024,Fernando Anand Medrano Martínez,-41.5932,-73.5721,Chile,False,ML620120833,P1
620348325,hudgod,Limosa haemastica,アメリカオグロシギ,2.8333333333333335,6,"Desembocadura del arroyo El Gaucho--Albúfera de Reta, Tres Arroyos, Buenos Aires, Argentina",11 Apr 2024,Simón Pla García,-38.8943,-60.3178,Argentina,False,ML620348325,P1
620421436,hudgod,Limosa haemastica,アメリカオグロシギ,2.6666666666666665,6,"Vigneaux Road, Kaplan, Louisiana, US (29,952, -92,225), Vermilion, Louisiana, United States",18 Apr 2024,Esme Rosen,29.9524,-92.2254,United States,False,ML620421436,P1
622705573,hudgod,Limosa haemastica,アメリカオグロシギ,2.5,6,"Canyon Ferry Lake--Lower Ray Creek, Broadwater, Montana, United States",15 Aug 2024,Shane Sater,46.3841,-111.4879,United States,False,ML622705573,P1
622736636,hudgod,Limosa haemastica,アメリカオグロシギ,3.0,6,"Canyon Ferry Lake--Lower Ray Creek, Broadwater, Montana, United States",19 Aug 2024,John Parker,46.3841,-111.4879,United States,False,ML622736636,P1
624551111,hudgod,Limosa haemastica,アメリカオグロシギ,3.3333333333333335,6,"Pointe de Maizerets, Québec, Quebec, Canada",5 Oct 2024,André Desrochers,46.8391,-71.1961,Canada,False,ML624551111,P1
626009474,hudgod,Limosa haemastica,アメリカオグロシギ,4.0,7,"Belwood Lake--Broadway St. Bridge, Wellington, Ontario, Canada",8 Sep 2017,Dan J. MacNeal,43.7905,-80.3174,Canada,False,ML626009474,P1
626784354,hudgod,Limosa haemastica,アメリカオグロシギ,3.6666666666666665,6,"Punta Rasa--Camino interno antes de Termas Marinas, La Costa, Buenos Aires, Argentina",25 Nov 2024,Diego Oscar / Sandpiper Birding & Tours,-36.3118,-56.7702,Argentina,False,ML626784354,P1
628076635,hudgod,Limosa haemastica,アメリカオグロシギ,2.3333333333333335,6,"Orkeke 201–299, Río Gallegos AR-Santa Cruz -51.61838, -69.20551, Güer Aike, Santa Cruz, Argentina",25 Dec 2024,Santiago Imberti,-51.6184,-69.2055,Argentina,False,ML628076635,P1
629404089,hudgod,Limosa haemastica,アメリカオグロシギ,4.0,6,"Achao, Quinchao, Los Lagos, Chile",19 Jan 2025,José Ignacio Catalán Ruiz,-42.4687,-73.4906,Chile,False,ML629404089,P1
633831040,hudgod,Limosa haemastica,アメリカオグロシギ,3.8,5,"Cheney WA--Yoder Cove, Reno, Kansas, United States",15 Apr 2025,Greg Harrington,37.8047,-97.8795,United States,False,ML633831040,P1
633836711,hudgod,Limosa haemastica,アメリカオグロシギ,3.5,2,"Loess Bluffs NWR, Holt, Missouri, United States",15 Apr 2025,Doug Willis,40.0689,-95.2353,United States,False,ML633836711,P1
634536388,hudgod,Limosa haemastica,アメリカオグロシギ,3.5,2,"Maga Ta-Hohpi WPA, Beadle, South Dakota, United States",20 Apr 2025,Chris Anderson,44.3757,-98.3982,United States,False,ML634536388,P1
635703709,hudgod,Limosa haemastica,アメリカオグロシギ,1.5,2,"Cuerpo de agua de Santa Isabel Ixtapa, Atenco, Estado de México, Mexico",13 May 2025,Anuar López,19.5735,-98.9729,Mexico,False,ML635703709,P1
635742237,hudgod,Limosa haemastica,アメリカオグロシギ,4.0,2,"Cuerpo de agua de Santa Isabel Ixtapa, Atenco, Estado de México, Mexico",13 May 2025,Anuar López,19.5735,-98.9729,Mexico,False,ML635742237,P1
635742238,hudgod,Limosa haemastica,アメリカオグロシギ,3.0,2,"Cuerpo de agua de Santa Isabel Ixtapa, Atenco, Estado de México, Mexico",13 May 2025,Anuar López,19.5735,-98.9729,Mexico,False,ML635742238,P1
635742239,hudgod,Limosa haemastica,アメリカオグロシギ,3.0,2,"Cuerpo de agua de Santa Isabel Ixtapa, Atenco, Estado de México, Mexico",13 May 2025,Anuar López,19.5735,-98.9729,Mexico,False,ML635742239,P1
635921660,hudgod,Limosa haemastica,アメリカオグロシギ,2.6666666666666665,3,"Moose Lake WTP, Carlton, Minnesota, United States",16 May 2025,Tate Putman,46.4401,-92.8024,United States,False,ML635921660,P1
636955827,hudgod,Limosa haemastica,アメリカオグロシギ,2.5,2,"12970 Main Dike Road, Grantsburg, Wisconsin, US (45.841, -92.648), Burnett, Wisconsin, United States",1 Jun 2025,Jordon Jensen,45.8408,-92.6481,United States,False,ML636955827,P1
639634552,hudgod,Limosa haemastica,アメリカオグロシギ,4.5,2,"E1900 Road, Davidson, Oklahoma, US (34.262, -99.06), Tillman, Oklahoma, United States",11 May 2025,Nathan Pieplow,34.2616,-99.0596,United States,False,ML639634552,P1
639634600,hudgod,Limosa haemastica,アメリカオグロシギ,4.333333333333333,3,"E1900 Road, Davidson, Oklahoma, US (34.262, -99.06), Tillman, Oklahoma, United States",11 May 2025,Nathan Pieplow,34.2616,-99.0596,United States,False,ML639634600,P1
639634601,hudgod,Limosa haemastica,アメリカオグロシギ,4.0,3,"E1900 Road, Davidson, Oklahoma, US (34.262, -99.06), Tillman, Oklahoma, United States",11 May 2025,Nathan Pieplow,34.2616,-99.0596,United States,False,ML639634601,P1
641608928,hudgod,Limosa haemastica,アメリカオグロシギ,2.5,2,"Camping Domaine Florent (plage & route), Le Haut-Richelieu, Quebec, Canada",9 Sep 2025,Raphaël Millot,45.0739,-73.1216,Canada,False,ML641608928,P1
642789539,hudgod,Limosa haemastica,アメリカオグロシギ,2.0,1,"Sabattus Pond--North End, Androscoggin, Maine, United States",1 Oct 2025,Glenn Hodgkins,44.1607,-70.0904,United States,False,ML642789539,P1
643183876,hudgod,Limosa haemastica,アメリカオグロシギ,4.0,2,"RNF de la Baie-de-L’Isle-Verte--Secteur du Marais-de-Gros-Cacouna, Rivière-du-Loup, Quebec, Canada",8 Oct 2025,Thierry Grandmont,47.9404,-69.5063,Canada,False,ML643183876,P1
644031759,hudgod,Limosa haemastica,アメリカオグロシギ,0.0,0,"Goosewing Beach Preserve & Quicksand Pond, Newport, Rhode Island, United States",23 Oct 2025,Danny Williams,41.5008,-71.1291,United States,False,ML644031759,P1
646219644,hudgod,Limosa haemastica,アメリカオグロシギ,0.0,0,"Rio Grande—-Pesqueiro, Rio Grande, Rio Grande do Sul, Brazil",6 Jan 2021,Vinícius Domingues,-31.8775,-52.2487,Brazil,False,ML646219644,P1
646762302,hudgod,Limosa haemastica,アメリカオグロシギ,4.0,1,"Lake McConaughy--Cedar View, Keith, Nebraska, United States",26 Aug 2024,Steven Mlodinow,41.2939,-101.9359,United States,False,ML646762302,P1
647090922,hudgod,Limosa haemastica,アメリカオグロシギ,2.0,1,"Sandpiper Beach, North Interlake Area, Manitoba, Canada",18 May 2025,Olivier La Roche,50.3766,-97.9515,Canada,False,ML647090922,P1
79090551,hudgod,Limosa haemastica,アメリカオグロシギ,4.285714285714286,7,"Beluga--South Bog, Kenai Peninsula Borough, Alaska, United States",8 Jun 2014,Garrett MacDonald,61.1223,-151.1027,United States,False,ML79090551,P1
79090561,hudgod,Limosa haemastica,アメリカオグロシギ,4.666666666666667,9,"Beluga--South Bog, Kenai Peninsula Borough, Alaska, United States",8 Jun 2014,Garrett MacDonald,61.1223,-151.1027,United States,False,ML79090561,P1
92852411,hudgod,Limosa haemastica,アメリカオグロシギ,4.0,6,"Churchill--Launch Road, Churchill and Northern Manitoba, Manitoba, Canada",29 Jun 1995,Scott  Connop,58.7587,-93.9257,Canada,False,ML92852411,P1
149521431,ijlwar1,Phylloscopus ijimae,イイジマムシクイ,0.0,0,"三宅島--大路池 (Miyakejima--Tairo-ike), Miyake, Tokyo, Japan",7 Apr 2019,www.aladdin .st,34.0547,139.5257,Japan,True,ML149521431,P1
163223351,ijlwar1,Phylloscopus ijimae,イイジマムシクイ,0.0,0,"三宅島--三宅島自然ふれあいセンター・アカコッコ館 (Miyakejima--Miyake Nature Center Akakokko Station (Akakokko-kan)), Miyake, Tokyo, Japan",1 Jun 2019,Atsushi Shimazaki,34.0523,139.5268,Japan,True,ML163223351,P1
203903481,ijlwar1,Phylloscopus ijimae,イイジマムシクイ,4.0,4,"八丈島 (Hachijojima (island) IBA), Hachijo, Tokyo, Japan",1 May 2000,Desmond Allen,33.1093,139.791,Japan,True,ML203903481,P1
203903491,ijlwar1,Phylloscopus ijimae,イイジマムシクイ,4.0,5,"八丈島 (Hachijojima (island) IBA), Hachijo, Tokyo, Japan",1 May 2000,Desmond Allen,33.1093,139.791,Japan,True,ML203903491,P1
203927241,ijlwar1,Phylloscopus ijimae,イイジマムシクイ,3.8,5,"三宅島--三宅島自然ふれあいセンター・アカコッコ館 (Miyakejima--Miyake Nature Center Akakokko Station (Akakokko-kan)), Miyake, Tokyo, Japan",10 Jul 2015,Josep del Hoyo,34.0523,139.5268,Japan,True,ML203927241,P1
279704781,ijlwar1,Phylloscopus ijimae,イイジマムシクイ,0.0,0,"Hachijo-jima, Hachijo, Tokyo, Japan",21 May 2005,Susan Myers,33.1053,139.7907,Japan,True,ML279704781,P1
279704791,ijlwar1,Phylloscopus ijimae,イイジマムシクイ,0.0,0,"Hachijo-jima, Hachijo, Tokyo, Japan",21 May 2005,Susan Myers,33.1053,139.7907,Japan,True,ML279704791,P1
280262311,ijlwar1,Phylloscopus ijimae,イイジマムシクイ,0.0,0,"三宅島--阿古/錆ヶ浜港 (Miyakejima--Ako / Sabigahama Port), Miyake, Tokyo, Japan",4 Jun 2018,Gerben ter Haar,34.0665,139.4804,Japan,True,ML280262311,P1
281465,ijlwar1,Phylloscopus ijimae,イイジマムシクイ,0.0,0,"Tairo-Ike, Miyakejima, Miyake, Tokyo, Japan",21 May 2015,Peter Boesman,34.053,139.526,Japan,True,ML281465,P1
281466,ijlwar1,Phylloscopus ijimae,イイジマムシクイ,0.0,0,"Tairo-Ike, Miyakejima, Miyake, Tokyo, Japan",21 May 2015,Peter Boesman,34.053,139.526,Japan,True,ML281466,P1
281467,ijlwar1,Phylloscopus ijimae,イイジマムシクイ,0.0,0,"Tairo-Ike, Miyakejima, Miyake, Tokyo, Japan",21 May 2015,Peter Boesman,34.053,139.526,Japan,True,ML281467,P1
281468,ijlwar1,Phylloscopus ijimae,イイジマムシクイ,0.0,0,"Tairo-Ike, Miyakejima, Miyake, Tokyo, Japan",21 May 2015,Peter Boesman,34.053,139.526,Japan,True,ML281468,P1
281469,ijlwar1,Phylloscopus ijimae,イイジマムシクイ,0.0,0,"Tairo-Ike, Miyakejima, Miyake, Tokyo, Japan",21 May 2015,Peter Boesman,34.053,139.526,Japan,True,ML281469,P1
281473,ijlwar1,Phylloscopus ijimae,イイジマムシクイ,0.0,0,"Tairo-Ike, Miyakejima, Miyake, Tokyo, Japan",21 May 2015,Peter Boesman,34.053,139.526,Japan,True,ML281473,P1
281474,ijlwar1,Phylloscopus ijimae,イイジマムシクイ,0.0,0,"Tairo-Ike, Miyakejima, Miyake, Tokyo, Japan",21 May 2015,Peter Boesman,34.053,139.526,Japan,True,ML281474,P1
281485,ijlwar1,Phylloscopus ijimae,イイジマムシクイ,0.0,0,"Tairo-Ike, Miyakejima, Miyake, Tokyo, Japan",21 May 2015,Peter Boesman,34.053,139.526,Japan,True,ML281485,P1
281511,ijlwar1,Phylloscopus ijimae,イイジマムシクイ,0.0,0,"Tairo-Ike, Miyakejima, Miyake, Tokyo, Japan",22 May 2015,Peter Boesman,34.053,139.526,Japan,True,ML281511,P1
281525,ijlwar1,Phylloscopus ijimae,イイジマムシクイ,0.0,0,"Tairo-Ike, Miyakejima, Miyake, Tokyo, Japan",22 May 2015,Peter Boesman,34.053,139.526,Japan,True,ML281525,P1
281526,ijlwar1,Phylloscopus ijimae,イイジマムシクイ,0.0,0,"Tairo-Ike, Miyakejima, Miyake, Tokyo, Japan",22 May 2015,Peter Boesman,34.053,139.526,Japan,True,ML281526,P1
281531,ijlwar1,Phylloscopus ijimae,イイジマムシクイ,0.0,0,"Tairo-Ike, Miyakejima, Miyake, Tokyo, Japan",22 May 2015,Peter Boesman,34.053,139.526,Japan,True,ML281531,P1
324703711,ijlwar1,Phylloscopus ijimae,イイジマムシクイ,3.75,4,"台北--野柳IBA(Yeliu IBA), New Taipei City, Taiwan",10 Apr 2021,Proust Lee,25.2122,121.6984,Taiwan,False,ML324703711,P1
325479081,ijlwar1,Phylloscopus ijimae,イイジマムシクイ,0.0,0,"台北--野柳IBA(Yeliu IBA), New Taipei City, Taiwan",12 Apr 2021,Ya-Chi Yang,25.2122,121.6984,Taiwan,False,ML325479081,P1
442822901,ijlwar1,Phylloscopus ijimae,イイジマムシクイ,0.0,0,"馬祖--西莒操場(Matsu--Xiju Playground), Lienchiang County, Taiwan",18 Apr 2022,智偉(Chih-Wei) 張(Chang),25.971,119.9326,Taiwan,False,ML442822901,P1
449449991,ijlwar1,Phylloscopus ijimae,イイジマムシクイ,4.0,1,"三宅島--三宅島自然ふれあいセンター・アカコッコ館 (Miyakejima--Miyake Nature Center Akakokko Station (Akakokko-kan)), Miyake, Tokyo, Japan",4 May 2021,Hikawa Takeshi,34.0523,139.5268,Japan,True,ML449449991,P1
554133171,ijlwar1,Phylloscopus ijimae,イイジマムシクイ,0.0,0,"三宅島--椎取神社 (Miyakejima--Shiitori Jinja), Miyake, Tokyo, Japan",31 Mar 2023,André  Zambolli,34.1069,139.5574,Japan,True,ML554133171,P1
556800411,ijlwar1,Phylloscopus ijimae,イイジマムシクイ,0.0,0,"三宅島--大路池 (Miyakejima--Tairo-ike), Miyake, Tokyo, Japan",12 Apr 2023,Philippe Loyoddin,34.0547,139.5257,Japan,True,ML556800411,P1
574569421,ijlwar1,Phylloscopus ijimae,イイジマムシクイ,0.0,0,"三宅島--三宅島自然ふれあいセンター・アカコッコ館 (Miyakejima--Miyake Nature Center Akakokko Station (Akakokko-kan)), Miyake, Tokyo, Japan",19 May 2023,Phil Gregory | Sicklebill Safaris | www.birder.travel,34.0523,139.5268,Japan,True,ML574569421,P1
576151271,ijlwar1,Phylloscopus ijimae,イイジマムシクイ,0.0,0,"三宅島--大路池 (Miyakejima--Tairo-ike), Miyake, Tokyo, Japan",12 May 2023,Ying ZHOU,34.0547,139.5257,Japan,True,ML576151271,P1
586676401,ijlwar1,Phylloscopus ijimae,イイジマムシクイ,0.0,0,"三宅島--三宅島自然ふれあいセンター・アカコッコ館 (Miyakejima--Miyake Nature Center Akakokko Station (Akakokko-kan)), Miyake, Tokyo, Japan",27 May 2023,Simon Colenutt,34.0523,139.5268,Japan,True,ML586676401,P1
586944541,ijlwar1,Phylloscopus ijimae,イイジマムシクイ,5.0,1,"三宅島--三宅島自然ふれあいセンター・アカコッコ館 (Miyakejima--Miyake Nature Center Akakokko Station (Akakokko-kan)), Miyake, Tokyo, Japan",28 May 2023,Simon Colenutt,34.0523,139.5268,Japan,True,ML586944541,P1
586944781,ijlwar1,Phylloscopus ijimae,イイジマムシクイ,5.0,2,"4575, Tsubota, Miyake, Miyakejima JP-Tokyo 34.05771, 139.53521, Miyake, Tokyo, Japan",28 May 2023,Simon Colenutt,34.0577,139.5352,Japan,True,ML586944781,P1
617106723,ijlwar1,Phylloscopus ijimae,イイジマムシクイ,5.0,1,"三宅島--大路池 (Miyakejima--Tairo-ike), Miyake, Tokyo, Japan",7 Apr 2024,Elias Ludescher,34.0547,139.5257,Japan,True,ML617106723,P1
617106724,ijlwar1,Phylloscopus ijimae,イイジマムシクイ,5.0,1,"三宅島--大路池 (Miyakejima--Tairo-ike), Miyake, Tokyo, Japan",7 Apr 2024,Elias Ludescher,34.0547,139.5257,Japan,True,ML617106724,P1
617761127,ijlwar1,Phylloscopus ijimae,イイジマムシクイ,5.0,1,"台北--野柳IBA(Yeliu IBA), New Taipei City, Taiwan",7 Apr 2024,u7 Liao,25.2122,121.6984,Taiwan,False,ML617761127,P1
617761134,ijlwar1,Phylloscopus ijimae,イイジマムシクイ,5.0,1,"台北--野柳IBA(Yeliu IBA), New Taipei City, Taiwan",7 Apr 2024,u7 Liao,25.2122,121.6984,Taiwan,False,ML617761134,P1
619656959,ijlwar1,Phylloscopus ijimae,イイジマムシクイ,4.0,1,"三宅島--大路池 (Miyakejima--Tairo-ike), Miyake, Tokyo, Japan",26 May 2024,Joye Zhou,34.0547,139.5257,Japan,True,ML619656959,P1
619656966,ijlwar1,Phylloscopus ijimae,イイジマムシクイ,5.0,1,"三宅島--大路池 (Miyakejima--Tairo-ike), Miyake, Tokyo, Japan",26 May 2024,Joye Zhou,34.0547,139.5257,Japan,True,ML619656966,P1
619656969,ijlwar1,Phylloscopus ijimae,イイジマムシクイ,3.0,1,"三宅島--大路池 (Miyakejima--Tairo-ike), Miyake, Tokyo, Japan",26 May 2024,Joye Zhou,34.0547,139.5257,Japan,True,ML619656969,P1
619656975,ijlwar1,Phylloscopus ijimae,イイジマムシクイ,4.0,1,"三宅島--大路池 (Miyakejima--Tairo-ike), Miyake, Tokyo, Japan",26 May 2024,Joye Zhou,34.0547,139.5257,Japan,True,ML619656975,P1
619656982,ijlwar1,Phylloscopus ijimae,イイジマムシクイ,4.0,2,"三宅島--大路池 (Miyakejima--Tairo-ike), Miyake, Tokyo, Japan",26 May 2024,Joye Zhou,34.0547,139.5257,Japan,True,ML619656982,P1
620742903,ijlwar1,Phylloscopus ijimae,イイジマムシクイ,4.5,2,"三宅島--三宅島自然ふれあいセンター・アカコッコ館 (Miyakejima--Miyake Nature Center Akakokko Station (Akakokko-kan)), Miyake, Tokyo, Japan",2 Apr 2023,yasuhiro kojima,34.0523,139.5268,Japan,True,ML620742903,P1
635620217,ijlwar1,Phylloscopus ijimae,イイジマムシクイ,0.0,0,"三宅島--大路池 (Miyakejima--Tairo-ike), Miyake, Tokyo, Japan",5 May 2025,Émile Brisson-Curadeau,34.0547,139.5257,Japan,True,ML635620217,P1
638338275,ijlwar1,Phylloscopus ijimae,イイジマムシクイ,0.0,0,"三宅島--大路池 (Miyakejima--Tairo-ike), Miyake, Tokyo, Japan",27 Jun 2025,Will Schenck,34.0547,139.5257,Japan,True,ML638338275,P1
639302076,ijlwar1,Phylloscopus ijimae,イイジマムシクイ,0.0,0,"三宅島--三宅島自然ふれあいセンター・アカコッコ館 (Miyakejima--Miyake Nature Center Akakokko Station (Akakokko-kan)), Miyake, Tokyo, Japan",27 May 2025,Clive Harris,34.0523,139.5268,Japan,True,ML639302076,P1
639303012,ijlwar1,Phylloscopus ijimae,イイジマムシクイ,0.0,0,"三宅島--三宅島自然ふれあいセンター・アカコッコ館 (Miyakejima--Miyake Nature Center Akakokko Station (Akakokko-kan)), Miyake, Tokyo, Japan",27 May 2025,Clive Harris,34.0523,139.5268,Japan,True,ML639303012,P1
639303082,ijlwar1,Phylloscopus ijimae,イイジマムシクイ,0.0,0,"三宅島--三宅島自然ふれあいセンター・アカコッコ館 (Miyakejima--Miyake Nature Center Akakokko Station (Akakokko-kan)), Miyake, Tokyo, Japan",27 May 2025,Clive Harris,34.0523,139.5268,Japan,True,ML639303082,P1
639479172,ijlwar1,Phylloscopus ijimae,イイジマムシクイ,0.0,0,"三宅島--大路池 (Miyakejima--Tairo-ike), Miyake, Tokyo, Japan",27 May 2025,Clive Harris,34.0547,139.5257,Japan,True,ML639479172,P1
639479518,ijlwar1,Phylloscopus ijimae,イイジマムシクイ,0.0,0,"三宅島--大路池 (Miyakejima--Tairo-ike), Miyake, Tokyo, Japan",27 May 2025,Clive Harris,34.0547,139.5257,Japan,True,ML639479518,P1
639479519,ijlwar1,Phylloscopus ijimae,イイジマムシクイ,0.0,0,"三宅島--大路池 (Miyakejima--Tairo-ike), Miyake, Tokyo, Japan",27 May 2025,Clive Harris,34.0547,139.5257,Japan,True,ML639479519,P1
639486989,ijlwar1,Phylloscopus ijimae,イイジマムシクイ,0.0,0,"三宅島--三宅島自然ふれあいセンター・アカコッコ館 (Miyakejima--Miyake Nature Center Akakokko Station (Akakokko-kan)), Miyake, Tokyo, Japan",28 May 2025,Clive Harris,34.0523,139.5268,Japan,True,ML639486989,P1
204027091,impeag1,Aquila heliaca,カタシロワシ,2.7083333333333335,24,"Bharatpur--Keoladeo Ghana NP, Bharatpur, Rajasthan, India",5 Feb 2018,Alok Tewari,27.1619,77.5228,India,False,ML204027091,P1
268054021,impeag1,Aquila heliaca,カタシロワシ,2.933333333333333,30,"(45,028, 34,18), Respublika Krym, Ukraine",4 Oct 2020,Volodymyr Kucherenko,45.028,34.1804,Ukraine,False,ML268054021,P1
423817541,impeag1,Aquila heliaca,カタシロワシ,1.7272727272727273,22,"Bakor Ali / Bakharali (Chapai Nawabganj), Rajshahi bibhag, Bangladesh",2 Mar 2022,Syed Shahnoor Inam,24.5427,88.1615,Bangladesh,False,ML423817541,P1
521261571,impeag1,Aquila heliaca,カタシロワシ,2.0476190476190474,21,"Viva Wetlands-wetland-PMP, Palghar, Maharashtra, India",7 Jan 2023,Nishant Bhagwat,19.4618,72.7951,India,False,ML521261571,P1
531062771,impeag1,Aquila heliaca,カタシロワシ,2.142857142857143,21,"Viva Wetlands-wetland-PMP, Palghar, Maharashtra, India",7 Jan 2023,Nishant Bhagwat,19.4618,72.7951,India,False,ML531062771,P1
605642091,impeag1,Aquila heliaca,カタシロワシ,3.3043478260869565,23,"Devínske jazero, Bratislavský kraj, Slovakia",21 Aug 2023,Anonymous,48.2835,16.938,Slovakia,False,ML605642091,P1
622335347,impeag1,Aquila heliaca,カタシロワシ,2.0,4,"Kapitan Petko Voyvoda Village Area, Haskovo, Bulgaria",8 May 2024,Magnus Andersson,42.0774,26.4251,Bulgaria,False,ML622335347,P1
622335348,impeag1,Aquila heliaca,カタシロワシ,1.75,4,"Kapitan Petko Voyvoda Village Area, Haskovo, Bulgaria",8 May 2024,Magnus Andersson,42.0774,26.4251,Bulgaria,False,ML622335348,P1
622335349,impeag1,Aquila heliaca,カタシロワシ,2.5,4,"Kapitan Petko Voyvoda Village Area, Haskovo, Bulgaria",8 May 2024,Magnus Andersson,42.0774,26.4251,Bulgaria,False,ML622335349,P1
622335355,impeag1,Aquila heliaca,カタシロワシ,3.0,5,"Kapitan Petko Voyvoda Village Area, Haskovo, Bulgaria",8 May 2024,Magnus Andersson,42.0774,26.4251,Bulgaria,False,ML622335355,P1
631445790,impeag1,Aquila heliaca,カタシロワシ,3.0,1,"Zohor-Hajprotské lúky, Bratislavský kraj, Slovakia",1 Mar 2025,Anonymous,48.3216,16.9492,Slovakia,False,ML631445790,P1
631559165,impeag1,Aquila heliaca,カタシロワシ,4.0,1,"Mudday, Dhofar, Oman",3 Feb 2025,Sven Normant,17.4786,53.3521,Oman,False,ML631559165,P1
631559166,impeag1,Aquila heliaca,カタシロワシ,1.0,1,"Mudday, Dhofar, Oman",3 Feb 2025,Sven Normant,17.4786,53.3521,Oman,False,ML631559166,P1
633183085,impeag1,Aquila heliaca,カタシロワシ,2.5,2,"Devínske jazero, Bratislavský kraj, Slovakia",4 Apr 2025,Anonymous,48.2835,16.938,Slovakia,False,ML633183085,P1
639749541,impeag1,Aquila heliaca,カタシロワシ,3.0,2,"Devínske jazero, Bratislavský kraj, Slovakia",30 Jul 2025,Anonymous,48.2835,16.938,Slovakia,False,ML639749541,P1
641165493,impeag1,Aquila heliaca,カタシロワシ,3.0,2,"Vesszős-szék, Csongrád, Hungary",1 Sep 2025,Andras Fodor,46.5251,20.0424,Hungary,False,ML641165493,P1
649205797,impeag1,Aquila heliaca,カタシロワシ,0.0,0,"Al Marmoom DCR--Al Qudra Pivots (no access), Dubai, United Arab Emirates",17 Jan 2026,David Darrell-Lambert,24.8529,55.291,United Arab Emirates,False,ML649205797,P1
649205798,impeag1,Aquila heliaca,カタシロワシ,0.0,0,"Al Marmoom DCR--Al Qudra Pivots (no access), Dubai, United Arab Emirates",17 Jan 2026,David Darrell-Lambert,24.8529,55.291,United Arab Emirates,False,ML649205798,P1
649205799,impeag1,Aquila heliaca,カタシロワシ,5.0,1,"Al Marmoom DCR--Al Qudra Pivots (no access), Dubai, United Arab Emirates",17 Jan 2026,David Darrell-Lambert,24.8529,55.291,United Arab Emirates,False,ML649205799,P1
649340635,impeag1,Aquila heliaca,カタシロワシ,4.0,1,"Al Marmoom DCR--Al Qudra Pivots (no access), Dubai, United Arab Emirates",17 Jan 2026,Ted Burkett,24.8529,55.291,United Arab Emirates,False,ML649340635,P1
154112621,integr1,Ardea intermedia,チュウサギ,2.35,20,"Dhatarwadi Dam, Amreli, Gujarat, India",12 Apr 2019,viral joshi,21.0396,71.4349,India,False,ML154112621,P1
181195851,integr1,Ardea intermedia,チュウサギ,2.4,20,"Cabayaoasan Ponds, Bugallon, Pangasinan, Philippines",9 Oct 2019,Kim Cancino,15.9657,120.2273,Philippines,False,ML181195851,P1
233404151,integr1,Ardea intermedia,チュウサギ,2.9523809523809526,21,"Taligao/Santacruz, North Goa, Goa, India",5 Jan 2017,Mandar  Bhagat,15.474,73.8395,India,False,ML233404151,P1
254660471,integr1,Ardea intermedia,チュウサギ,2.75,20,"Cabayaoasan Ponds, Bugallon, Pangasinan, Philippines",10 Aug 2020,Kim Cancino,15.9657,120.2273,Philippines,False,ML254660471,P1
282224,integr1,Ardea intermedia,チュウサギ,3.0952380952380953,21,"Bundala Freshwater Marsh, Lunugamvehera, Hambantota, Sri Lanka",27 Mar 2016,Peter Boesman,6.1964,81.2109,Sri Lanka,False,ML282224,P1
282227,integr1,Ardea intermedia,チュウサギ,3.3333333333333335,21,"Bundala Freshwater Marsh, Lunugamvehera, Hambantota, Sri Lanka",27 Mar 2016,Peter Boesman,6.1964,81.2109,Sri Lanka,False,ML282227,P1
284379,integr1,Ardea intermedia,チュウサギ,3.0952380952380953,21,"Keoladeo National Park  Bharatpur  Rajasthan, Bharatpur, Rajasthan, India",19 Feb 2019,Peter Boesman,27.1593,77.5232,India,False,ML284379,P1
309340261,integr1,Ardea intermedia,チュウサギ,2.05,20,"嘉義鰲鼓濕地IBA--南堤(Aogu Wetland IBA--South Area), Chiayi County, Taiwan",19 Feb 2021,志民 蘇,23.492,120.1409,Taiwan,False,ML309340261,P1
310444,integr1,Ardea intermedia,チュウサギ,2.9411764705882355,17,"Vedanthangal Bird Sanctuary, Chengalpattu, Tamil Nadu, India",25 Mar 1978,Claude Chappuis,12.5458,79.8555,India,False,ML310444,P1
363390161,integr1,Ardea intermedia,チュウサギ,2.4,20,"Komangalam wetland and adjacent woody zone, Koottanad, Palakkad, Kerala, India",22 Aug 2021,shino jacob koottanad,10.7699,76.1337,India,False,ML363390161,P1
409913531,integr1,Ardea intermedia,チュウサギ,2.75,20,"Nandhivaram Lake, Chengalpattu, Tamil Nadu, India",26 Jan 2022,Sreekumar Chirukandoth,12.8364,80.078,India,False,ML409913531,P1
409913541,integr1,Ardea intermedia,チュウサギ,2.75,20,"Nandhivaram Lake, Chengalpattu, Tamil Nadu, India",26 Jan 2022,Sreekumar Chirukandoth,12.8364,80.078,India,False,ML409913541,P1
409913551,integr1,Ardea intermedia,チュウサギ,2.6666666666666665,21,"Nandhivaram Lake, Chengalpattu, Tamil Nadu, India",26 Jan 2022,Sreekumar Chirukandoth,12.8364,80.078,India,False,ML409913551,P1
409913561,integr1,Ardea intermedia,チュウサギ,2.7142857142857144,21,"Nandhivaram Lake, Chengalpattu, Tamil Nadu, India",26 Jan 2022,Sreekumar Chirukandoth,12.8364,80.078,India,False,ML409913561,P1
409913581,integr1,Ardea intermedia,チュウサギ,3.142857142857143,21,"Nandhivaram Lake, Chengalpattu, Tamil Nadu, India",26 Jan 2022,Sreekumar Chirukandoth,12.8364,80.078,India,False,ML409913581,P1
451056611,integr1,Ardea intermedia,チュウサギ,3.590909090909091,22,"Kattampally, Kannur, Kerala, India",30 Mar 2022,Afsar Nayakkan,11.9341,75.3816,India,False,ML451056611,P1
459853271,integr1,Ardea intermedia,チュウサギ,2.8095238095238093,21,"Kattampally, Kannur, Kerala, India",21 Mar 2022,Afsar Nayakkan,11.9341,75.3816,India,False,ML459853271,P1
480424181,integr1,Ardea intermedia,チュウサギ,2.2857142857142856,21,"Sundarpada, Khordha, Odisha, India",23 Aug 2022,Ajay Sarvagnam,20.202,85.7957,India,False,ML480424181,P1
480424191,integr1,Ardea intermedia,チュウサギ,2.9047619047619047,21,"Sundarpada, Khordha, Odisha, India",23 Aug 2022,Ajay Sarvagnam,20.202,85.7957,India,False,ML480424191,P1
480424201,integr1,Ardea intermedia,チュウサギ,1.8571428571428572,21,"Sundarpada, Khordha, Odisha, India",23 Aug 2022,Ajay Sarvagnam,20.202,85.7957,India,False,ML480424201,P1
481762001,integr1,Ardea intermedia,チュウサギ,2.8095238095238093,21,"Nedumbassery Golf Club wetland, Ernakulam, Kerala, India",19 Aug 2022,Dr. Dilip K G,10.1521,76.3759,India,False,ML481762001,P1
481762721,integr1,Ardea intermedia,チュウサギ,3.142857142857143,21,"Nedumbassery Golf Club wetland, Ernakulam, Kerala, India",14 Aug 2022,Dr. Dilip K G,10.1521,76.3759,India,False,ML481762721,P1
513526561,integr1,Ardea intermedia,チュウサギ,2.1904761904761907,21,"Bhitarkanika--Dangamal, Kendrapara, Odisha, India",5 Dec 2022,Sreekumar Chirukandoth,20.7409,86.8683,India,False,ML513526561,P1
522184211,integr1,Ardea intermedia,チュウサギ,2.9047619047619047,21,"Achankulam, Coimbatore, Tamil Nadu, India",11 Dec 2022,Gaja mohanraj,11.0456,77.0965,India,False,ML522184211,P1
610056592,integr1,Ardea intermedia,チュウサギ,3.0476190476190474,21,"Tena-Hazira Rd, Surat, Gujarat, India",26 Sep 2023,Sahana M,21.1998,72.6709,India,False,ML610056592,P1
610585725,integr1,Ardea intermedia,チュウサギ,2.7142857142857144,21,"Mysore City Bird Atlas 51C: Mugana Hundi Kere & Down stream ಮೂಗನ ಹುಂಡಿ ಕೆರೆ, Mysuru, Karnataka, India",31 Oct 2023,Sahana M,12.2593,76.5711,India,False,ML610585725,P1
613976001,integr1,Ardea intermedia,チュウサギ,2.857142857142857,21,"Gundupatna Kere, Lingapura ಲಿಂಗಾಪುರ (Kirangoor Lake), Mysuru, Karnataka, India",21 Jan 2024,Sahana M,12.331,76.0074,India,False,ML613976001,P1
617078385,integr1,Ardea intermedia,チュウサギ,2.8095238095238093,21,"Walayar Lake-Tamil Nadu side, Coimbatore, Tamil Nadu, India",7 Apr 2024,Karthik Ramasamy,10.8449,76.854,India,False,ML617078385,P1
624066694,integr1,Ardea intermedia,チュウサギ,3.611111111111111,18,"Bhimavaram Wetlands, West Godavari, Andhra Pradesh, India",23 Sep 2024,Ramu Alluri,16.5581,81.4962,India,False,ML624066694,P1
624987270,integr1,Ardea intermedia,チュウサギ,2.588235294117647,17,"Mysore City Bird Atlas 19A, Kukkarahalli kere  ಕುಕ್ಕರಹಳ್ಳಿ ಕೆರೆ, Mysuru, Karnataka, India",15 Oct 2024,RAVEESHA H N,12.3096,76.6333,India,False,ML624987270,P1
625156837,integr1,Ardea intermedia,チュウサギ,2.6470588235294117,17,"Manoor Kayal, Malappuram, Kerala, India",8 Oct 2024,Sahana M,10.7916,76.001,India,False,ML625156837,P1
628280940,integr1,Ardea intermedia,チュウサギ,3.5555555555555554,18,"Shamrao Nagar Ghuntewari, Sangli, Sangli, Maharashtra, India",22 Nov 2024,Sharad Apte,16.8322,74.5719,India,False,ML628280940,P1
630620073,integr1,Ardea intermedia,チュウサギ,2.2777777777777777,18,"Banewadi lake, Sangli, Maharashtra, India",8 Dec 2024,Sharad Apte,16.9446,74.7987,India,False,ML630620073,P1
633023978,integr1,Ardea intermedia,チュウサギ,3.2777777777777777,18,"Chitwan NP--Rapti River, Chitawan, Bagmati, Nepal",12 Nov 2024,Daniel S.,27.5659,84.1966,Nepal,False,ML633023978,P1
635927566,integr1,Ardea intermedia,チュウサギ,2.888888888888889,18,"Mirthipadu Wetlands, East Godavari, Andhra Pradesh, India",24 Feb 2025,Ajay Sarvagnam,17.1179,81.7707,India,False,ML635927566,P1
647129170,integr1,Ardea intermedia,チュウサギ,1.3333333333333333,3,"Pallapalayam Lake, Coimbatore, Tamil Nadu, India",1 Dec 2025,Arulvelan Thillainayagam,10.9914,77.0789,India,False,ML647129170,P1
647755251,integr1,Ardea intermedia,チュウサギ,4.5,2,"Odappadi Kulam, Theni, Tamil Nadu, India",16 Dec 2025,Arulvelan Thillainayagam,9.724,77.2927,India,False,ML647755251,P1
137334,ivogul,Pagophila eburnea,ゾウゲカモメ,3.6,25,"Ellesmere Island; Grise Fjord, Nunavut, Canada",8 Jul 1970,Stewart D. MacDonald,0.0,0.0,Canada,False,ML137334,P1
138245,ivogul,Pagophila eburnea,ゾウゲカモメ,3.16,25,"Cornwallis Island; Resolute, Nunavut, Canada",10 Jun 2008,Gerrit Vyn,0.0,0.0,Canada,False,ML138245,P1
358343141,ivogul,Pagophila eburnea,ゾウゲカモメ,2.0,25,"Station Nord, Greenland, Greenland",23 Jul 2021,Christian Rixen,81.6018,-16.6651,Greenland,False,ML358343141,P1
358344961,ivogul,Pagophila eburnea,ゾウゲカモメ,3.04,25,"Station Nord, Greenland, Greenland",24 Jul 2021,Christian Rixen,81.6018,-16.6651,Greenland,False,ML358344961,P1
148987391,izuthr1,Turdus celaenops,アカコッコ,0.0,0,"八丈島--鴨川 (Hachijojima--Kamogawa Stream), Hachijo, Tokyo, Japan",28 Mar 2019,Ting-Wei (廷維) HUNG (洪),33.1176,139.8065,Japan,True,ML148987391,P1
175843,izuthr1,Turdus celaenops,アカコッコ,1.0,4,"Izu Islands; Hachijojima Island; South peak mountain road, Japan",31 Oct 2011,Roger McNeill,0.0,0.0,Japan,False,ML175843,P1
175847,izuthr1,Turdus celaenops,アカコッコ,2.0,4,"Izu Islands; Hachijojima Island; South peak mountain road, Japan",31 Oct 2011,Roger McNeill,0.0,0.0,Japan,False,ML175847,P1
175850,izuthr1,Turdus celaenops,アカコッコ,2.0,4,"Izu Islands; Hachijojima Island; South peak mountain road, Japan",31 Oct 2011,Roger McNeill,0.0,0.0,Japan,False,ML175850,P1
175855,izuthr1,Turdus celaenops,アカコッコ,2.0,4,"Izu Islands; Hachijojima Island; South peak mountain road, Japan",31 Oct 2011,Roger McNeill,0.0,0.0,Japan,False,ML175855,P1
175857,izuthr1,Turdus celaenops,アカコッコ,2.0,4,"Izu Islands; Hachijojima Island; South peak mountain road, Japan",31 Oct 2011,Roger McNeill,0.0,0.0,Japan,False,ML175857,P1
203927271,izuthr1,Turdus celaenops,アカコッコ,3.0,4,"三宅島--三宅島自然ふれあいセンター・アカコッコ館 (Miyakejima--Miyake Nature Center Akakokko Station (Akakokko-kan)), Miyake, Tokyo, Japan",10 Jul 2015,Josep del Hoyo,34.0523,139.5268,Japan,True,ML203927271,P1
279891181,izuthr1,Turdus celaenops,アカコッコ,3.0,1,"三宅島--阿古/錆ヶ浜港 (Miyakejima--Ako / Sabigahama Port), Miyake, Tokyo, Japan",4 Jun 2018,Gerben ter Haar,34.0665,139.4804,Japan,True,ML279891181,P1
281472,izuthr1,Turdus celaenops,アカコッコ,0.0,0,"Tairo-Ike, Miyakejima, Miyake, Tokyo, Japan",21 May 2015,Peter Boesman,34.053,139.526,Japan,True,ML281472,P1
281486,izuthr1,Turdus celaenops,アカコッコ,0.0,0,"Tairo-Ike, Miyakejima, Miyake, Tokyo, Japan",21 May 2015,Peter Boesman,34.053,139.526,Japan,True,ML281486,P1
281487,izuthr1,Turdus celaenops,アカコッコ,0.0,0,"Tairo-Ike, Miyakejima, Miyake, Tokyo, Japan",21 May 2015,Peter Boesman,34.053,139.526,Japan,True,ML281487,P1
281497,izuthr1,Turdus celaenops,アカコッコ,0.0,0,"Tairo-Ike, Miyakejima, Miyake, Tokyo, Japan",21 May 2015,Peter Boesman,34.053,139.526,Japan,True,ML281497,P1
281498,izuthr1,Turdus celaenops,アカコッコ,0.0,0,"Tairo-Ike, Miyakejima, Miyake, Tokyo, Japan",21 May 2015,Peter Boesman,34.053,139.526,Japan,True,ML281498,P1
281499,izuthr1,Turdus celaenops,アカコッコ,0.0,0,"Tairo-Ike, Miyakejima, Miyake, Tokyo, Japan",21 May 2015,Peter Boesman,34.053,139.526,Japan,True,ML281499,P1
281502,izuthr1,Turdus celaenops,アカコッコ,0.0,0,"Tairo-Ike, Miyakejima, Miyake, Tokyo, Japan",21 May 2015,Peter Boesman,34.053,139.526,Japan,True,ML281502,P1
281524,izuthr1,Turdus celaenops,アカコッコ,5.0,2,"Tairo-Ike, Miyakejima, Miyake, Tokyo, Japan",22 May 2015,Peter Boesman,34.053,139.526,Japan,True,ML281524,P1
281527,izuthr1,Turdus celaenops,アカコッコ,0.0,0,"Tairo-Ike, Miyakejima, Miyake, Tokyo, Japan",22 May 2015,Peter Boesman,34.053,139.526,Japan,True,ML281527,P1
281528,izuthr1,Turdus celaenops,アカコッコ,0.0,0,"Tairo-Ike, Miyakejima, Miyake, Tokyo, Japan",22 May 2015,Peter Boesman,34.053,139.526,Japan,True,ML281528,P1
574569741,izuthr1,Turdus celaenops,アカコッコ,0.0,0,"三宅島--三宅島自然ふれあいセンター・アカコッコ館 (Miyakejima--Miyake Nature Center Akakokko Station (Akakokko-kan)), Miyake, Tokyo, Japan",19 May 2023,Phil Gregory | Sicklebill Safaris | www.birder.travel,34.0523,139.5268,Japan,True,ML574569741,P1
576161761,izuthr1,Turdus celaenops,アカコッコ,0.0,0,"南戸林道, Miyake, Tokyo, Japan",14 May 2023,Ying ZHOU,34.0777,139.4839,Japan,True,ML576161761,P1
586661131,izuthr1,Turdus celaenops,アカコッコ,0.0,0,"三宅島--三宅島自然ふれあいセンター・アカコッコ館 (Miyakejima--Miyake Nature Center Akakokko Station (Akakokko-kan)), Miyake, Tokyo, Japan",27 May 2023,Simon Colenutt,34.0523,139.5268,Japan,True,ML586661131,P1
586661271,izuthr1,Turdus celaenops,アカコッコ,1.0,1,"三宅島--三宅島自然ふれあいセンター・アカコッコ館 (Miyakejima--Miyake Nature Center Akakokko Station (Akakokko-kan)), Miyake, Tokyo, Japan",27 May 2023,Simon Colenutt,34.0523,139.5268,Japan,True,ML586661271,P1
586700701,izuthr1,Turdus celaenops,アカコッコ,3.0,1,"三宅島--三宅島自然ふれあいセンター・アカコッコ館 (Miyakejima--Miyake Nature Center Akakokko Station (Akakokko-kan)), Miyake, Tokyo, Japan",28 May 2023,Simon Colenutt,34.0523,139.5268,Japan,True,ML586700701,P1
616066793,izuthr1,Turdus celaenops,アカコッコ,3.0,1,"三宅島--三宅島自然ふれあいセンター・アカコッコ館 (Miyakejima--Miyake Nature Center Akakokko Station (Akakokko-kan)), Miyake, Tokyo, Japan",29 Feb 2024,Mark Robbins,34.0523,139.5268,Japan,True,ML616066793,P1
616066898,izuthr1,Turdus celaenops,アカコッコ,2.0,1,"三宅島--三宅島自然ふれあいセンター・アカコッコ館 (Miyakejima--Miyake Nature Center Akakokko Station (Akakokko-kan)), Miyake, Tokyo, Japan",29 Feb 2024,Mark Robbins,34.0523,139.5268,Japan,True,ML616066898,P1
619657054,izuthr1,Turdus celaenops,アカコッコ,3.0,1,"三宅島--大路池 (Miyakejima--Tairo-ike), Miyake, Tokyo, Japan",26 May 2024,Joye Zhou,34.0547,139.5257,Japan,True,ML619657054,P1
619910766,izuthr1,Turdus celaenops,アカコッコ,2.0,1,"三宅島--大路池--アカコッコ館 (Miyakejima--Tairo Pond--Akakokko-kan), Miyake, Tokyo, Japan",6 Apr 2024,Kasia & Takashi Someya,34.0524,139.5269,Japan,True,ML619910766,P1
619910848,izuthr1,Turdus celaenops,アカコッコ,3.0,1,"三宅島--大路池--アカコッコ館 (Miyakejima--Tairo Pond--Akakokko-kan), Miyake, Tokyo, Japan",6 Apr 2024,Kasia & Takashi Someya,34.0524,139.5269,Japan,True,ML619910848,P1
636054720,izuthr1,Turdus celaenops,アカコッコ,0.0,0,"八丈町, 東京都, JP (33.126, 139.814) 底土野営場付近, Hachijo, Tokyo, Japan",15 May 2025,Anonymous,33.1264,139.814,Japan,True,ML636054720,P1
636059654,izuthr1,Turdus celaenops,アカコッコ,0.0,0,"八丈町, 東京都, JP (33.126, 139.814) 底土野営場付近, Hachijo, Tokyo, Japan",16 May 2025,Anonymous,33.1264,139.814,Japan,True,ML636059654,P1
636131266,izuthr1,Turdus celaenops,アカコッコ,0.0,0,"三宅島伊豆 (Miyakejima--Izu), Miyake, Tokyo, Japan",17 May 2025,Anonymous,34.1136,139.5013,Japan,True,ML636131266,P1
636132327,izuthr1,Turdus celaenops,アカコッコ,0.0,0,"三宅島, 東京都, JP (34.066, 139.487)　阿古, Miyake, Tokyo, Japan",18 May 2025,Anonymous,34.0662,139.4875,Japan,True,ML636132327,P1
636136571,izuthr1,Turdus celaenops,アカコッコ,0.0,0,"八丈町, 東京都, JP (33.126, 139.814) 底土野営場付近, Hachijo, Tokyo, Japan",16 May 2025,Anonymous,33.1264,139.814,Japan,True,ML636136571,P1
636171858,izuthr1,Turdus celaenops,アカコッコ,0.0,0,"三宅島, 東京都, JP (34.066, 139.487)　阿古, Miyake, Tokyo, Japan",18 May 2025,Anonymous,34.0662,139.4875,Japan,True,ML636171858,P1
636395387,izuthr1,Turdus celaenops,アカコッコ,0.0,0,"八丈町, 東京都, JP (33.126, 139.814) 底土野営場付近, Hachijo, Tokyo, Japan",16 May 2025,Anonymous,33.1264,139.814,Japan,True,ML636395387,P1
636395634,izuthr1,Turdus celaenops,アカコッコ,0.0,0,"八丈町, 東京都, JP (33.126, 139.814) 底土野営場付近, Hachijo, Tokyo, Japan",16 May 2025,Anonymous,33.1264,139.814,Japan,True,ML636395634,P1
639478885,izuthr1,Turdus celaenops,アカコッコ,0.0,0,"三宅島--大路池 (Miyakejima--Tairo-ike), Miyake, Tokyo, Japan",27 May 2025,Clive Harris,34.0547,139.5257,Japan,True,ML639478885,P1
313766411,janher1,Gorsachius goisagi,ミゾゴイ,3.5555555555555554,9,"Tosu, Saga, Japan",Unknown,Thomas Bunner,0.0,0.0,Japan,False,ML313766411,P1
455155671,janher1,Gorsachius goisagi,ミゾゴイ,2.4,10,"Kawasaki, Kanagawa, Japan",Unknown,Masayuki Shimada (Japan-Birding),0.0,0.0,Japan,False,ML455155671,P1
636275092,janher1,Gorsachius goisagi,ミゾゴイ,3.5,2,"Jeju-do, South Korea",Unknown,Kim jeongwon,0.0,0.0,South Korea,False,ML636275092,P1
134561061,japacc1,Prunella rubida,カヤクグリ,5.0,6,"相模原市--宮ヶ瀬湖--早戸川林道--金沢川の東 (Sagamihara--Miyagase Lake--Hayatogawa Forest Road--east of Kanazawa River), Sagamihara, Kanagawa, Japan",12 Jan 2019,James (Jim) Holmes,35.5266,139.216,Japan,True,ML134561061,P1
134561151,japacc1,Prunella rubida,カヤクグリ,5.0,7,"相模原市--宮ヶ瀬湖--早戸川林道--金沢川の東 (Sagamihara--Miyagase Lake--Hayatogawa Forest Road--east of Kanazawa River), Sagamihara, Kanagawa, Japan",12 Jan 2019,James (Jim) Holmes,35.5266,139.216,Japan,True,ML134561151,P1
281360,japacc1,Prunella rubida,カヤクグリ,4.0,5,"Mount Fuji north side, Narusawa, Yamanashi, Japan",19 May 2015,Peter Boesman,35.392,138.722,Japan,True,ML281360,P1
281361,japacc1,Prunella rubida,カヤクグリ,4.0,1,"Mount Fuji north side, Narusawa, Yamanashi, Japan",19 May 2015,Peter Boesman,35.392,138.722,Japan,True,ML281361,P1
426017311,japacc1,Prunella rubida,カヤクグリ,2.5,2,"東川町--大雪山国立公園--姿見 (Higashikawa--Daisetsuzan NP--Sugatami), Higashikawa, Hokkaido, Japan",5 Aug 2021,Yann Muzika,43.662,142.8251,Japan,True,ML426017311,P1
584372251,japacc1,Prunella rubida,カヤクグリ,0.0,0,"富士宮市--富士山--富士宮口五合目 (Fujinomiya--Mount Fuji--Fujinomiya 5th Station), Fujinomiya, Shizuoka, Japan",26 May 2023,Simon Colenutt,35.3367,138.734,Japan,True,ML584372251,P1
584372261,japacc1,Prunella rubida,カヤクグリ,0.0,0,"富士宮市--富士山--富士宮口五合目 (Fujinomiya--Mount Fuji--Fujinomiya 5th Station), Fujinomiya, Shizuoka, Japan",26 May 2023,Simon Colenutt,35.3367,138.734,Japan,True,ML584372261,P1
584372271,japacc1,Prunella rubida,カヤクグリ,0.0,0,"富士宮市--富士山--富士宮口五合目 (Fujinomiya--Mount Fuji--Fujinomiya 5th Station), Fujinomiya, Shizuoka, Japan",26 May 2023,Simon Colenutt,35.3367,138.734,Japan,True,ML584372271,P1
585326001,japacc1,Prunella rubida,カヤクグリ,4.0,1,"富士宮市--富士山--富士宮口五合目 (Fujinomiya--Mount Fuji--Fujinomiya 5th Station), Fujinomiya, Shizuoka, Japan",26 May 2023,Simon Colenutt,35.3367,138.734,Japan,True,ML585326001,P1
585326011,japacc1,Prunella rubida,カヤクグリ,4.0,1,"富士宮市--富士山--富士宮口五合目 (Fujinomiya--Mount Fuji--Fujinomiya 5th Station), Fujinomiya, Shizuoka, Japan",26 May 2023,Simon Colenutt,35.3367,138.734,Japan,True,ML585326011,P1
619148216,japacc1,Prunella rubida,カヤクグリ,3.5,2,"KI Mountain walk spot Kashimakukamitochikubo, Minamisoma JP-Fukushima (37.7327,140.8602), Minamisoma, Fukushima, Japan",24 Feb 2024,M Kelly,37.7327,140.8602,Japan,True,ML619148216,P1
619515397,japacc1,Prunella rubida,カヤクグリ,0.0,0,"Mount Fuji Hike to 5th Station, Narusawa, Yamanashi, Japan",24 May 2024,Philippe Loyoddin,35.3854,138.71,Japan,True,ML619515397,P1
619515398,japacc1,Prunella rubida,カヤクグリ,0.0,0,"Mount Fuji Hike to 5th Station, Narusawa, Yamanashi, Japan",24 May 2024,Philippe Loyoddin,35.3854,138.71,Japan,True,ML619515398,P1
627543213,japacc1,Prunella rubida,カヤクグリ,3.0,1,"相模原市--早戸川林道 (Sagamihara--Hayato River forest road), Sagamihara, Kanagawa, Japan",15 Dec 2024,Mike Coulson,35.522,139.2103,Japan,True,ML627543213,P1
637499227,japacc1,Prunella rubida,カヤクグリ,0.0,0,"立山町--エンマ台 （地獄谷展望台）(Tateyama--Enmadai Platform (Jigokudani Observatory)), Tateyama, Toyama, Japan",8 Jun 2025,Kuan Chih Yu,36.5828,137.5967,Japan,True,ML637499227,P1
637499228,japacc1,Prunella rubida,カヤクグリ,0.0,0,"立山町--エンマ台 （地獄谷展望台）(Tateyama--Enmadai Platform (Jigokudani Observatory)), Tateyama, Toyama, Japan",8 Jun 2025,Kuan Chih Yu,36.5828,137.5967,Japan,True,ML637499228,P1
637499234,japacc1,Prunella rubida,カヤクグリ,0.0,0,"立山町--みくりが池温泉 (Tateyama--Mikurigaike Hot Spring), Tateyama, Toyama, Japan",9 Jun 2025,Kuan Chih Yu,36.5819,137.5962,Japan,True,ML637499234,P1
637835464,japacc1,Prunella rubida,カヤクグリ,0.0,0,"鳴沢村--富士山--奥庭荘 (Narusawa--Mount Fuji--Okuniwa-so Lodge), Narusawa, Yamanashi, Japan",25 May 2025,Clive Harris,35.3904,138.7039,Japan,True,ML637835464,P1
638252910,japacc1,Prunella rubida,カヤクグリ,0.0,0,"富士河口湖町--富士山--富士御室浅間神社 (Fujikawaguchiko--Mount Fuji--Omuro Sengen Shrine), Fujikawaguchiko, Yamanashi, Japan",17 Jun 2025,Rajan Rao,35.4,138.7552,Japan,True,ML638252910,P1
638958248,japacc1,Prunella rubida,カヤクグリ,3.0,1,"富士宮市--富士山--富士宮口五合目 (Fujinomiya--Mount Fuji--Fujinomiya 5th Station), Fujinomiya, Shizuoka, Japan",13 Jul 2025,yasuhiro kojima,35.3367,138.734,Japan,True,ML638958248,P1
638961639,japacc1,Prunella rubida,カヤクグリ,0.0,0,"立山町--室堂 (Tateyama--Murodo), Tateyama, Toyama, Japan",15 Jul 2025,Enoch Cheuk,36.5771,137.5959,Japan,True,ML638961639,P1
639218678,japacc1,Prunella rubida,カヤクグリ,0.0,0,"富士宮市--富士山--富士宮口五合目 (Fujinomiya--Mount Fuji--Fujinomiya 5th Station), Fujinomiya, Shizuoka, Japan",26 May 2025,Clive Harris,35.3367,138.734,Japan,True,ML639218678,P1
644018514,japacc1,Prunella rubida,カヤクグリ,5.0,1,"高山市--魔王岳 (Takayama--Mount Mao), Takayama, Gifu, Japan",16 Jul 2025,Will Schenck,36.1267,137.5549,Japan,True,ML644018514,P1
645494569,japacc1,Prunella rubida,カヤクグリ,0.0,0,"立山町--室堂--ミクリガ池 (Tateyama--Murodo--Mikurigaike Pond), Tateyama, Toyama, Japan",12 Jul 2025,Bo Zhi,36.5806,137.5972,Japan,True,ML645494569,P1
647812541,japacc1,Prunella rubida,カヤクグリ,3.0,1,"菖蒲公園　本荘浜, Yurihonjo, Akita, Japan",29 Dec 2025,YUKIKO ISHIKAWA,39.3871,140.0227,Japan,True,ML647812541,P1
647812666,japacc1,Prunella rubida,カヤクグリ,0.0,0,"菖蒲公園　本荘浜, Yurihonjo, Akita, Japan",29 Dec 2025,YUKIKO ISHIKAWA,39.3871,140.0227,Japan,True,ML647812666,P1
648085229,japacc1,Prunella rubida,カヤクグリ,3.0,1,"由利本荘市--大提 (Yurihonjo--Otsutsumi Pond), Yurihonjo, Akita, Japan",2 Jan 2026,YUKIKO ISHIKAWA,39.3703,140.042,Japan,True,ML648085229,P1
103094391,japgro1,Eophona personata,イカル,2.6666666666666665,3,"大津市--比叡山--延暦寺 (Otsu--Mount Hiei--Enryakuji Temple), Otsu, Shiga, Japan",22 May 2018,Derek Richardson,35.0705,135.8411,Japan,True,ML103094391,P1
148116541,japgro1,Eophona personata,イカル,3.0,1,"立川市--国営昭和記念公園 (Tachikawa--Showa Memorial Park), Akishima, Tokyo, Japan",30 Mar 2019,Atsushi Shimazaki,35.7111,139.3938,Japan,True,ML148116541,P1
148116561,japgro1,Eophona personata,イカル,3.0,1,"立川市--国営昭和記念公園 (Tachikawa--Showa Memorial Park), Akishima, Tokyo, Japan",30 Mar 2019,Atsushi Shimazaki,35.7111,139.3938,Japan,True,ML148116561,P1
149985531,japgro1,Eophona personata,イカル,2.0,1,"八王子市--高尾山 (Hachioji--Mount Takao), Hachioji, Tokyo, Japan",9 Apr 2019,www.aladdin .st,35.6246,139.2431,Japan,True,ML149985531,P1
203929201,japgro1,Eophona personata,イカル,3.6,5,"Yamanakako (35.4018, 138.8839), Yamanakako, Yamanashi, Japan",14 Jul 2015,Josep del Hoyo,35.4018,138.8839,Japan,True,ML203929201,P1
234118991,japgro1,Eophona personata,イカル,3.0,1,"Akiyoshidai, Mine, Yamaguchi, Japan",9 May 2018,Gerben ter Haar,34.2339,131.3034,Japan,True,ML234118991,P1
234474981,japgro1,Eophona personata,イカル,2.0,1,"Hara, Hatsukaichi, Hatsukaichi, Hiroshima, Japan",11 May 2018,Gerben ter Haar,34.377,132.292,Japan,True,ML234474981,P1
235239201,japgro1,Eophona personata,イカル,4.0,3,"서울--보라매공원(Seoul--Boramae Park), Seoul, South Korea",16 May 2020,Jina Yi,37.4919,126.9191,South Korea,True,ML235239201,P1
240523441,japgro1,Eophona personata,イカル,3.0,1,"Unnamed Road, Sapporo, Hokkaido, JP (43.047, 141.315), Sapporo, Hokkaido, Japan",29 May 2020,Cholawit Thongcharoenchaikit,43.0473,141.3152,Japan,True,ML240523441,P1
240523471,japgro1,Eophona personata,イカル,3.5,2,"Unnamed Road, Sapporo, Hokkaido, JP (43.047, 141.315), Sapporo, Hokkaido, Japan",29 May 2020,Cholawit Thongcharoenchaikit,43.0473,141.3152,Japan,True,ML240523471,P1
275452101,japgro1,Eophona personata,イカル,3.0,1,"雪霸NP--武陵農場全區(Sheipa NP--Wuling Farm), Taichung City, Taiwan",28 Apr 2020,俊毅 吳,24.3526,121.31,Taiwan,False,ML275452101,P1
279701151,japgro1,Eophona personata,イカル,3.6666666666666665,3,"都城市--御池野鳥の森 (Miyakonojo--Miike Wild Bird Forest), Miyakonojo, Miyazaki, Japan",12 May 2004,Susan Myers,31.8841,130.9581,Japan,True,ML279701151,P1
281304,japgro1,Eophona personata,イカル,2.0,1,"軽井沢町--軽井沢野鳥の森 (Karuizawa--Karuizawa Wild Bird Sanctuary), Karuizawa, Nagano, Japan",18 May 2015,Peter Boesman,36.366,138.5975,Japan,True,ML281304,P1
281314,japgro1,Eophona personata,イカル,3.0,1,"軽井沢町--軽井沢野鳥の森 (Karuizawa--Karuizawa Wild Bird Sanctuary), Karuizawa, Nagano, Japan",18 May 2015,Peter Boesman,36.366,138.5975,Japan,True,ML281314,P1
281324,japgro1,Eophona personata,イカル,3.0,1,"軽井沢町--軽井沢野鳥の森 (Karuizawa--Karuizawa Wild Bird Sanctuary), Karuizawa, Nagano, Japan",18 May 2015,Peter Boesman,36.366,138.5975,Japan,True,ML281324,P1
281325,japgro1,Eophona personata,イカル,4.0,2,"軽井沢町--軽井沢野鳥の森 (Karuizawa--Karuizawa Wild Bird Sanctuary), Karuizawa, Nagano, Japan",18 May 2015,Peter Boesman,36.366,138.5975,Japan,True,ML281325,P1
281431,japgro1,Eophona personata,イカル,4.75,4,"Mount Fuji east side, Oyama, Shizuoka, Japan",20 May 2015,Peter Boesman,35.366,138.786,Japan,True,ML281431,P1
281432,japgro1,Eophona personata,イカル,5.0,2,"Mount Fuji east side, Oyama, Shizuoka, Japan",20 May 2015,Peter Boesman,35.366,138.786,Japan,True,ML281432,P1
281433,japgro1,Eophona personata,イカル,4.0,3,"Mount Fuji east side, Oyama, Shizuoka, Japan",20 May 2015,Peter Boesman,35.366,138.786,Japan,True,ML281433,P1
281434,japgro1,Eophona personata,イカル,4.5,4,"Mount Fuji east side, Oyama, Shizuoka, Japan",20 May 2015,Peter Boesman,35.366,138.786,Japan,True,ML281434,P1
281574,japgro1,Eophona personata,イカル,4.833333333333333,6,"Mi-ike, Miyazaki Prefecture, Miyakonojo, Miyazaki, Japan",24 May 2015,Peter Boesman,31.888,130.965,Japan,True,ML281574,P1
281578,japgro1,Eophona personata,イカル,4.25,4,"Mi-ike, Miyazaki Prefecture, Miyakonojo, Miyazaki, Japan",24 May 2015,Peter Boesman,31.888,130.965,Japan,True,ML281578,P1
281594,japgro1,Eophona personata,イカル,4.0,2,"Kirishima forest, Kirishima, Kagoshima, Japan",24 May 2015,Peter Boesman,31.878,130.892,Japan,True,ML281594,P1
281595,japgro1,Eophona personata,イカル,4.75,4,"Kirishima forest, Kirishima, Kagoshima, Japan",24 May 2015,Peter Boesman,31.878,130.892,Japan,True,ML281595,P1
281596,japgro1,Eophona personata,イカル,5.0,6,"Kirishima forest, Kirishima, Kagoshima, Japan",24 May 2015,Peter Boesman,31.878,130.892,Japan,True,ML281596,P1
286244321,japgro1,Eophona personata,イカル,3.0,2,"輪島市--舳倉島 (Wajima--Hegurajima (island)), Wajima, Ishikawa, Japan",24 May 2018,Gerben ter Haar,37.8507,136.9184,Japan,True,ML286244321,P1
387285481,japgro1,Eophona personata,イカル,3.0,1,"董寨自然保护区 (Dongzhai NNR), Henan, China",1 May 2017,Guy Kirwan,31.9443,114.2511,China,False,ML387285481,P1
436854451,japgro1,Eophona personata,イカル,2.0,1,"藤前干潟, Nagoya, Aichi, Japan",18 Apr 2022,春雄 太田,35.0735,136.8354,Japan,True,ML436854451,P1
436939531,japgro1,Eophona personata,イカル,2.5,2,"中部大学, 春日井市, 愛知県, JP (35.272, 137.015), Kasugai, Aichi, Japan",17 Apr 2022,Takayuki Uchida,35.2748,137.014,Japan,True,ML436939531,P1
437371761,japgro1,Eophona personata,イカル,2.5,2,"西宮市--甲山森林公園 (Nishinomiya--Kabutoyama Forest Park), Nishinomiya, Hyogo, Japan",17 Apr 2022,masao komura,34.7748,135.3344,Japan,True,ML437371761,P1
458127431,japgro1,Eophona personata,イカル,2.5,2,"河内長野市--岩湧山 (Kawachinagano--Mount Iwawaki), Kawachinagano, Osaka, Japan",8 Jun 2022,Joye Zhou,34.3741,135.5511,Japan,True,ML458127431,P1
511974271,japgro1,Eophona personata,イカル,2.5,2,"京都市--京都御苑 (Kyoto--Kyoto Gyoen Garden / Kyoto Imperial Palace Park), Kyoto, Kyoto, Japan",6 Dec 2022,Kuan Chih Yu,35.023,135.7633,Japan,True,ML511974271,P1
536310871,japgro1,Eophona personata,イカル,3.0,1,"関西学院大学近辺, Nishinomiya, Hyogo, Japan",18 Feb 2023,Yuuki Tanaka,34.7704,135.3495,Japan,True,ML536310871,P1
540775231,japgro1,Eophona personata,イカル,3.0,2,"台北--淡水公二十三號公園(Taipei--Danshui Public Park No.23), New Taipei City, Taiwan",25 Feb 2023,Chi-Hsuan Shao,25.1988,121.4287,Taiwan,False,ML540775231,P1
540775241,japgro1,Eophona personata,イカル,3.3333333333333335,3,"台北--淡水公二十三號公園(Taipei--Danshui Public Park No.23), New Taipei City, Taiwan",25 Feb 2023,Chi-Hsuan Shao,25.1988,121.4287,Taiwan,False,ML540775241,P1
541131321,japgro1,Eophona personata,イカル,2.0,1,"台北--淡水公二十三號公園(Taipei--Danshui Public Park No.23), New Taipei City, Taiwan",2 Mar 2023,志民 蘇,25.1988,121.4287,Taiwan,False,ML541131321,P1
541131331,japgro1,Eophona personata,イカル,1.0,1,"台北--淡水公二十三號公園(Taipei--Danshui Public Park No.23), New Taipei City, Taiwan",2 Mar 2023,志民 蘇,25.1988,121.4287,Taiwan,False,ML541131331,P1
541697131,japgro1,Eophona personata,イカル,3.0,2,"台北--淡水公二十三號公園(Taipei--Danshui Public Park No.23), New Taipei City, Taiwan",4 Mar 2023,Chi-Hsuan Shao,25.1988,121.4287,Taiwan,False,ML541697131,P1
542596081,japgro1,Eophona personata,イカル,3.0,1,"白水大池公園, Kasuga, Fukuoka, Japan",6 Mar 2023,Kan Tojima,33.5115,130.454,Japan,True,ML542596081,P1
543455101,japgro1,Eophona personata,イカル,3.0,1,"台北--淡水公二十三號公園(Taipei--Danshui Public Park No.23), New Taipei City, Taiwan",25 Feb 2023,Allen Lyu,25.1988,121.4287,Taiwan,False,ML543455101,P1
544169951,japgro1,Eophona personata,イカル,1.0,1,"素山寺国家森林公园 (Sushan Temple Forest Park), Hubei, China",5 Mar 2023,Xingyu Li,31.2065,114.2486,China,False,ML544169951,P1
555358521,japgro1,Eophona personata,イカル,3.0,1,"尼崎市--大井戸公園 (Amagasaki--Ohido Park), Amagasaki, Hyogo, Japan",3 Apr 2023,masao komura,34.7484,135.3919,Japan,True,ML555358521,P1
559617601,japgro1,Eophona personata,イカル,3.0,2,"SW of Magome, Nakatsugawa, Gifu, Japan",19 Apr 2023,Philippe Loyoddin,35.5203,137.561,Japan,True,ML559617601,P1
563756081,japgro1,Eophona personata,イカル,4.0,3,"台北--淡水公二十三號公園(Taipei--Danshui Public Park No.23), New Taipei City, Taiwan",25 Feb 2023,u7 Liao,25.1988,121.4287,Taiwan,False,ML563756081,P1
570298061,japgro1,Eophona personata,イカル,3.6666666666666665,3,"いなべ市--両ヶ池 (Inabe--Ryogaike Pond), Inabe, Mie, Japan",11 May 2023,toshiaki sasama,35.1036,136.5264,Japan,True,ML570298061,P1
585326201,japgro1,Eophona personata,イカル,4.0,2,"Fujisan Sky Line, Gotemba JP-Shizuoka 35.31113, 138.77989, Gotemba, Shizuoka, Japan",26 May 2023,Simon Colenutt,35.3111,138.7799,Japan,True,ML585326201,P1
58932091,japgro1,Eophona personata,イカル,2.0,1,"Takayama General, Takayama, Gifu, Japan",20 May 2017,Anonymous,36.1459,137.2658,Japan,True,ML58932091,P1
59011641,japgro1,Eophona personata,イカル,2.5,2,"京都市--京都御苑 (Kyoto--Kyoto Gyoen Garden / Kyoto Imperial Palace Park), Kyoto, Kyoto, Japan",23 May 2017,Anonymous,35.023,135.7633,Japan,True,ML59011641,P1
611600370,japgro1,Eophona personata,イカル,3.5,2,"Karuizawa, Nagano, JP (36.351, 138.558), Karuizawa, Nagano, Japan",24 Nov 2023,Jedediah Smith,36.3513,138.5584,Japan,True,ML611600370,P1
612807149,japgro1,Eophona personata,イカル,3.0,3,"Karuizawa, Nagano, JP (36.351, 138.558), Karuizawa, Nagano, Japan",23 Nov 2023,Jedediah Smith,36.3513,138.5584,Japan,True,ML612807149,P1
615578505,japgro1,Eophona personata,イカル,0.0,0,"八王子市--多摩森林科学園 (Hachioji--Tama Forest Science Park), Hachioji, Tokyo, Japan",3 Mar 2024,André  Zambolli,35.6462,139.2788,Japan,True,ML615578505,P1
616030668,japgro1,Eophona personata,イカル,3.0,1,"軽井沢町--長倉 (Karuizawa--Nagakura), Karuizawa, Nagano, Japan",20 Feb 2024,Mark Robbins,36.3776,138.5851,Japan,True,ML616030668,P1
617290394,japgro1,Eophona personata,イカル,0.0,0,"笛吹市--一宮町一ノ宮, Fuefuki, Yamanashi, Japan",12 Apr 2024,英樹 關本,35.6474,138.6981,Japan,True,ML617290394,P1
617465276,japgro1,Eophona personata,イカル,0.0,0,"中部大学, 春日井市, 愛知県, JP (35.272, 137.015), Kasugai, Aichi, Japan",16 Apr 2024,Takayuki Uchida,35.2748,137.014,Japan,True,ML617465276,P1
617706684,japgro1,Eophona personata,イカル,0.0,0,"瀬戸市--海上の森 (Seto--Kaisho Forest), Seto, Aichi, Japan",21 Apr 2024,Takayuki Uchida,35.1904,137.1226,Japan,True,ML617706684,P1
617926345,japgro1,Eophona personata,イカル,0.0,0,"高山市--宮川--鍛治橋と弥生橋・宮川朝市 (Takayama--Miya River--Kaji Bridge to Yayoi Bridge / Miyagawa Morning Market), Takayama, Gifu, Japan",25 Mar 2024,任謙 黃,36.1446,137.2577,Japan,True,ML617926345,P1
618707430,japgro1,Eophona personata,イカル,0.0,0,"春日井市--みろくの森 (Kasugai--Miroku Forest), Kasugai, Aichi, Japan",9 May 2024,Takayuki Uchida,35.3037,137.0509,Japan,True,ML618707430,P1
619047542,japgro1,Eophona personata,イカル,0.0,0,"**서울 보라매공원(Seoul--Boramae Park), Seoul, South Korea",15 May 2024,Jina Yi,37.4916,126.9156,South Korea,True,ML619047542,P1
619365850,japgro1,Eophona personata,イカル,3.0,2,"京都市--糺ノ森 (Kyoto--Tadasu-no-Mori Grove), Kyoto, Kyoto, Japan",16 May 2024,Alex Lin-Moore,35.0357,135.7722,Japan,True,ML619365850,P1
619559163,japgro1,Eophona personata,イカル,3.0,1,"青梅市--御岳山 (Ome--Mount Mitake), Ome, Tokyo, Japan",25 May 2024,yasuhiro kojima,35.783,139.1499,Japan,True,ML619559163,P1
620696202,japgro1,Eophona personata,イカル,3.0,1,"静岡県-裾野市-弁当場　（Bento-ba ）, Susono, Shizuoka, Japan",22 Jun 2024,yasuhiro kojima,35.2824,138.7944,Japan,True,ML620696202,P1
620782172,japgro1,Eophona personata,イカル,3.0,1,"静岡県-裾野市-弁当場　（Bento-ba ）, Susono, Shizuoka, Japan",24 Jun 2023,yasuhiro kojima,35.2824,138.7944,Japan,True,ML620782172,P1
620913961,japgro1,Eophona personata,イカル,3.0,1,"春日井市--みろくの森 (Kasugai--Miroku Forest), Kasugai, Aichi, Japan",27 Jun 2024,Takayuki Uchida,35.3037,137.0509,Japan,True,ML620913961,P1
621840630,japgro1,Eophona personata,イカル,3.0,1,"Fuji-Hakone-Izu National Park, Narusawa JP-Yamanashi 35.43624, 138.68029, Narusawa, Yamanashi, Japan",24 Jul 2024,Yann Muzika,35.4362,138.6803,Japan,True,ML621840630,P1
621840634,japgro1,Eophona personata,イカル,3.0,1,"Fuji-Hakone-Izu National Park, Narusawa JP-Yamanashi 35.43624, 138.68029, Narusawa, Yamanashi, Japan",24 Jul 2024,Yann Muzika,35.4362,138.6803,Japan,True,ML621840634,P1
622743662,japgro1,Eophona personata,イカル,0.0,0,"鎌倉市報国寺（Kamakura—Houkokuji Temple）, Kamakura, Kanagawa, Japan",20 Aug 2024,Jon Hills,35.32,139.5692,Japan,True,ML622743662,P1
622743685,japgro1,Eophona personata,イカル,1.0,1,"鎌倉市報国寺（Kamakura—Houkokuji Temple）, Kamakura, Kanagawa, Japan",20 Aug 2024,Jon Hills,35.32,139.5692,Japan,True,ML622743685,P1
622743703,japgro1,Eophona personata,イカル,2.0,1,"鎌倉市報国寺（Kamakura—Houkokuji Temple）, Kamakura, Kanagawa, Japan",20 Aug 2024,Jon Hills,35.32,139.5692,Japan,True,ML622743703,P1
625518519,japgro1,Eophona personata,イカル,0.0,0,"서울--보라매공원(Seoul--Boramae Park), Seoul, South Korea",16 May 2020,Jina Yi,37.4919,126.9191,South Korea,True,ML625518519,P1
626002563,japgro1,Eophona personata,イカル,3.0,1,"尼崎市--大井戸公園 (Amagasaki--Ohido Park), Amagasaki, Hyogo, Japan",6 Nov 2024,masao komura,34.7484,135.3919,Japan,True,ML626002563,P1
626405197,japgro1,Eophona personata,イカル,4.0,1,"立山4262, 内子町 JP-愛媛県 33.58602, 132.65342, Uchiko, Ehime, Japan",16 Nov 2024,Takashi Noma,33.586,132.6534,Japan,True,ML626405197,P1
626644379,japgro1,Eophona personata,イカル,3.0,1,"Nai Hien Dong--Northern field (Restricted access), Da Nang, thanh pho, Vietnam",24 Nov 2024,Ben Lucking,16.1049,108.2256,Vietnam,False,ML626644379,P1
627264824,japgro1,Eophona personata,イカル,4.0,1,"京都市--京都御苑 (Kyoto--Kyoto Gyoen Garden / Kyoto Imperial Palace Park), Kyoto, Kyoto, Japan",27 Apr 2024,Darren Hasegawa,35.023,135.7633,Japan,True,ML627264824,P1
631391820,japgro1,Eophona personata,イカル,0.0,0,"金沢自然公園, Yokohama, Kanagawa, Japan",26 Feb 2025,平野 佳伸,35.3508,139.6005,Japan,True,ML631391820,P1
633056418,japgro1,Eophona personata,イカル,2.0,1,"小金井市--江戸東京たてもの園 (Koganei--Edo-Tokyo Open Air Architectural Museum), Koganei, Tokyo, Japan",17 Mar 2025,Takashi Wada,35.7154,139.5125,Japan,True,ML633056418,P1
633665270,japgro1,Eophona personata,イカル,0.0,0,"京都市--伏見稲荷大社 (Kyoto--Fushimi Inari Taisha Shrine), Kyoto, Kyoto, Japan",20 Mar 2025,Peter Hinow,34.9672,135.7732,Japan,True,ML633665270,P1
633696434,japgro1,Eophona personata,イカル,0.0,0,"京都市--鴨川--二条橋と御池大橋の間 (Kyoto--Kamo River--Nijo Bridge to Oike-Ohashi Bridge), Kyoto, Kyoto, Japan",3 Jan 2025,Andrew Birch,35.0121,135.7717,Japan,True,ML633696434,P1
634894111,japgro1,Eophona personata,イカル,0.0,0,"Takaseiri, Omachi, Nagano, Japan",2 May 2025,Ryoko Suzuki,36.5175,137.7981,Japan,True,ML634894111,P1
635561911,japgro1,Eophona personata,イカル,0.0,0,"肱川町山鳥坂, 大洲市 JP-愛媛県 33.45200, 132.70642, Ozu, Ehime, Japan",11 May 2025,Takashi Noma,33.452,132.7064,Japan,True,ML635561911,P1
635934402,japgro1,Eophona personata,イカル,0.0,0,"Shinokura-jinja Shrine, Ono JP-Fukui (35.9715,136.4890), Ono, Fukui, Japan",17 May 2025,bertie harding,35.9715,136.489,Japan,True,ML635934402,P1
636134766,japgro1,Eophona personata,イカル,0.0,0,"京都市--京都御苑 (Kyoto--Kyoto Gyoen Garden / Kyoto Imperial Palace Park), Kyoto, Kyoto, Japan",16 May 2025,Philip Elbek,35.023,135.7633,Japan,True,ML636134766,P1
637524632,japgro1,Eophona personata,イカル,0.0,0,"富士宮市--西臼塚山の神 (Fujinomiya--Nishiusuzuka Yamanokami Shrine), Fujinomiya, Shizuoka, Japan",7 Jun 2025,英樹 關本,35.2997,138.7125,Japan,True,ML637524632,P1
637690915,japgro1,Eophona personata,イカル,0.0,0,"富士河口湖町--河口湖天上山公園 (Fujikawaguchiko--Kawaguchiko Tenjozan Park), Fujikawaguchiko, Yamanashi, Japan",16 Jun 2025,Rajan Rao,35.5035,138.7768,Japan,True,ML637690915,P1
639485187,japgro1,Eophona personata,イカル,2.0,1,"由利本荘市--鶴舞温泉・御手作堤 (Yurihonji--Tsurumai Hot Spring / Otezukuri-tsutsumi Pond), Yurihonjo, Akita, Japan",27 Jul 2025,YUKIKO ISHIKAWA,39.3827,140.0465,Japan,True,ML639485187,P1
639485322,japgro1,Eophona personata,イカル,1.0,1,"由利本荘市--鶴舞温泉・御手作堤 (Yurihonji--Tsurumai Hot Spring / Otezukuri-tsutsumi Pond), Yurihonjo, Akita, Japan",27 Jul 2025,YUKIKO ISHIKAWA,39.3827,140.0465,Japan,True,ML639485322,P1
640345835,japgro1,Eophona personata,イカル,0.0,0,"菖蒲公園　本荘浜, Yurihonjo, Akita, Japan",16 Aug 2025,YUKIKO ISHIKAWA,39.3871,140.0227,Japan,True,ML640345835,P1
640457967,japgro1,Eophona personata,イカル,0.0,0,"熊本市--立田山 (Kumamoto--Mount Tatsuta), Kumamoto, Kumamoto, Japan",30 Mar 2003,Nagahisa MIta,32.8266,130.7313,Japan,True,ML640457967,P1
640458031,japgro1,Eophona personata,イカル,0.0,0,"熊本市--立田山 (Kumamoto--Mount Tatsuta), Kumamoto, Kumamoto, Japan",9 Mar 2017,Nagahisa MIta,32.8266,130.7313,Japan,True,ML640458031,P1
640458093,japgro1,Eophona personata,イカル,0.0,0,"熊本市--立田山 (Kumamoto--Mount Tatsuta), Kumamoto, Kumamoto, Japan",16 Mar 2017,Nagahisa MIta,32.8266,130.7313,Japan,True,ML640458093,P1
640458151,japgro1,Eophona personata,イカル,0.0,0,"熊本市--立田山 (Kumamoto--Mount Tatsuta), Kumamoto, Kumamoto, Japan",6 Mar 2021,Nagahisa MIta,32.8266,130.7313,Japan,True,ML640458151,P1
640726350,japgro1,Eophona personata,イカル,3.0,1,"友水公園ー子吉, Yurihonjo, Akita, Japan",23 Aug 2025,YUKIKO ISHIKAWA,39.346,140.0662,Japan,True,ML640726350,P1
640727239,japgro1,Eophona personata,イカル,3.0,1,"友水公園ー子吉, Yurihonjo, Akita, Japan",23 Aug 2025,YUKIKO ISHIKAWA,39.346,140.0662,Japan,True,ML640727239,P1
640889299,japgro1,Eophona personata,イカル,2.0,1,"菖蒲公園　本荘浜, Yurihonjo, Akita, Japan",26 Aug 2025,YUKIKO ISHIKAWA,39.3871,140.0227,Japan,True,ML640889299,P1
640889537,japgro1,Eophona personata,イカル,2.0,1,"菖蒲公園　本荘浜, Yurihonjo, Akita, Japan",26 Aug 2025,YUKIKO ISHIKAWA,39.3871,140.0227,Japan,True,ML640889537,P1
641364385,japgro1,Eophona personata,イカル,2.0,1,"菖蒲公園　本荘浜, Yurihonjo, Akita, Japan",4 Sep 2025,YUKIKO ISHIKAWA,39.3871,140.0227,Japan,True,ML641364385,P1
641364860,japgro1,Eophona personata,イカル,0.0,0,"菖蒲公園　本荘浜, Yurihonjo, Akita, Japan",4 Sep 2025,YUKIKO ISHIKAWA,39.3871,140.0227,Japan,True,ML641364860,P1
641468646,japgro1,Eophona personata,イカル,2.0,1,"菖蒲公園　本荘浜, Yurihonjo, Akita, Japan",6 Sep 2025,YUKIKO ISHIKAWA,39.3871,140.0227,Japan,True,ML641468646,P1
641468995,japgro1,Eophona personata,イカル,4.0,1,"菖蒲公園　本荘浜, Yurihonjo, Akita, Japan",6 Sep 2025,YUKIKO ISHIKAWA,39.3871,140.0227,Japan,True,ML641468995,P1
641469153,japgro1,Eophona personata,イカル,3.0,1,"菖蒲公園　本荘浜, Yurihonjo, Akita, Japan",6 Sep 2025,YUKIKO ISHIKAWA,39.3871,140.0227,Japan,True,ML641469153,P1
641594118,japgro1,Eophona personata,イカル,2.0,1,"由利本荘市--愛宕神社 (Yurihonjo--Atago Shrine), Yurihonjo, Akita, Japan",9 Sep 2025,YUKIKO ISHIKAWA,39.3835,140.0435,Japan,True,ML641594118,P1
641594154,japgro1,Eophona personata,イカル,2.0,1,"由利本荘市--愛宕神社 (Yurihonjo--Atago Shrine), Yurihonjo, Akita, Japan",9 Sep 2025,YUKIKO ISHIKAWA,39.3835,140.0435,Japan,True,ML641594154,P1
641727255,japgro1,Eophona personata,イカル,2.0,1,"菖蒲公園　本荘浜, Yurihonjo, Akita, Japan",12 Sep 2025,YUKIKO ISHIKAWA,39.3871,140.0227,Japan,True,ML641727255,P1
642209420,japgro1,Eophona personata,イカル,0.0,0,"Gotemba, Shizuoka, JP (35.29, 138.952), Gotemba, Shizuoka, Japan",8 Sep 2025,Bill Eisele,35.2897,138.9522,Japan,True,ML642209420,P1
642209421,japgro1,Eophona personata,イカル,0.0,0,"Gotemba, Shizuoka, JP (35.29, 138.952), Gotemba, Shizuoka, Japan",8 Sep 2025,Bill Eisele,35.2897,138.9522,Japan,True,ML642209421,P1
642210550,japgro1,Eophona personata,イカル,0.0,0,"Gotemba, Shizuoka, JP (35.29, 138.952), Gotemba, Shizuoka, Japan",6 Sep 2025,Bill Eisele,35.2897,138.9522,Japan,True,ML642210550,P1
642359172,japgro1,Eophona personata,イカル,3.0,1,"菖蒲公園　本荘浜, Yurihonjo, Akita, Japan",23 Sep 2025,YUKIKO ISHIKAWA,39.3871,140.0227,Japan,True,ML642359172,P1
642362256,japgro1,Eophona personata,イカル,3.0,1,"由利本荘市--子吉川-- 本荘大橋 (Yurihonjo--Koyoshi River--Honjo-ohashi Bridge), Yurihonjo, Akita, Japan",23 Sep 2025,YUKIKO ISHIKAWA,39.3883,140.0312,Japan,True,ML642362256,P1
642362487,japgro1,Eophona personata,イカル,3.0,1,"由利本荘市--子吉川-- 本荘大橋 (Yurihonjo--Koyoshi River--Honjo-ohashi Bridge), Yurihonjo, Akita, Japan",23 Sep 2025,YUKIKO ISHIKAWA,39.3883,140.0312,Japan,True,ML642362487,P1
642504026,japgro1,Eophona personata,イカル,3.6666666666666665,3,"菖蒲公園　本荘浜, Yurihonjo, Akita, Japan",26 Sep 2025,YUKIKO ISHIKAWA,39.3871,140.0227,Japan,True,ML642504026,P1
642504750,japgro1,Eophona personata,イカル,3.0,2,"菖蒲公園　本荘浜, Yurihonjo, Akita, Japan",26 Sep 2025,YUKIKO ISHIKAWA,39.3871,140.0227,Japan,True,ML642504750,P1
642505333,japgro1,Eophona personata,イカル,3.0,2,"菖蒲公園　本荘浜, Yurihonjo, Akita, Japan",26 Sep 2025,YUKIKO ISHIKAWA,39.3871,140.0227,Japan,True,ML642505333,P1
642507271,japgro1,Eophona personata,イカル,3.0,1,"由利本荘市--子吉川-- 本荘大橋 (Yurihonjo--Koyoshi River--Honjo-ohashi Bridge), Yurihonjo, Akita, Japan",26 Sep 2025,YUKIKO ISHIKAWA,39.3883,140.0312,Japan,True,ML642507271,P1
642508413,japgro1,Eophona personata,イカル,2.0,1,"由利本荘市--子吉川-- 本荘大橋 (Yurihonjo--Koyoshi River--Honjo-ohashi Bridge), Yurihonjo, Akita, Japan",26 Sep 2025,YUKIKO ISHIKAWA,39.3883,140.0312,Japan,True,ML642508413,P1
642996946,japgro1,Eophona personata,イカル,3.0,1,"友水公園ー子吉, Yurihonjo, Akita, Japan",5 Oct 2025,YUKIKO ISHIKAWA,39.346,140.0662,Japan,True,ML642996946,P1
643476508,japgro1,Eophona personata,イカル,3.0,1,"Karuizawa, Nagano, JP (36.381, 138.599), Karuizawa, Nagano, Japan",10 Oct 2025,Geoff Carpentier,36.3813,138.5987,Japan,True,ML643476508,P1
643579257,japgro1,Eophona personata,イカル,2.0,1,"友水公園ー子吉, Yurihonjo, Akita, Japan",15 Oct 2025,YUKIKO ISHIKAWA,39.346,140.0662,Japan,True,ML643579257,P1
644293665,japgro1,Eophona personata,イカル,3.0,1,"江洋畈生态公园 (Jiangyangfan Eco-Park), Zhejiang, China",29 Oct 2025,Penghui Lou,30.2069,120.1419,China,False,ML644293665,P1
646385743,japgro1,Eophona personata,イカル,3.0,2,"西交利物浦大学南校区 (Xi'an Jiaotong-Liverpool University - South Campus), Jiangsu, China",5 Dec 2025,Wenyi Zhou,31.2699,120.7408,China,False,ML646385743,P1
647160913,japgro1,Eophona personata,イカル,3.0,2,"富士河口湖町--居村 (Fujikawaguchiko--Imura), Fujikawaguchiko, Yamanashi, Japan",16 Nov 2025,Ariel Cabrera Foix,35.4956,138.6097,Japan,True,ML647160913,P1
647337770,japgro1,Eophona personata,イカル,3.0,1,"長野市--若里公園 (Nagano--Wakasato Park), Nagano, Nagano, Japan",18 Dec 2025,Mickey Ryan,36.6348,138.1875,Japan,True,ML647337770,P1
647549181,japgro1,Eophona personata,イカル,3.0,1,"华山湖公园 (Huashan Lake Park), Shandong, China",26 Dec 2025,Boyang Cai,36.7266,117.0722,China,False,ML647549181,P1
648708938,japgro1,Eophona personata,イカル,0.0,0,"포천--국립수목원/광릉숲(Pocheon--Korea National Arboretum/Gwangneung Forest), Gyeonggi-do, South Korea",3 Jan 2026,Young Gul Kim,37.7546,127.1668,South Korea,True,ML648708938,P1
648728943,japgro1,Eophona personata,イカル,4.0,1,"河口湖 (Lake Kawaguchi), Fujikawaguchiko, Yamanashi, Japan",29 Dec 2025,Nate Shipley,35.5174,138.7535,Japan,True,ML648728943,P1
82538761,japgro1,Eophona personata,イカル,2.0,2,"名古屋市--名古屋城 (Nagoya--Nagoya Castle), Nagoya, Aichi, Japan",14 Dec 2017,William Hull,35.1856,136.8991,Japan,True,ML82538761,P1
83958691,japgro1,Eophona personata,イカル,1.0,2,"名古屋市--名古屋城 (Nagoya--Nagoya Castle), Nagoya, Aichi, Japan",14 Dec 2017,William Hull,35.1856,136.8991,Japan,True,ML83958691,P1
96932491,japgro1,Eophona personata,イカル,1.0,2,"八王子市--高尾山 (Hachioji--Mount Takao), Hachioji, Tokyo, Japan",22 Apr 2018,Dirk von Werne,35.6246,139.2431,Japan,True,ML96932491,P1
137142841,japmur1,Synthliboramphus wumizusume,カンムリウミスズメ,2.0,5,"門川町--門川港 (Kadogawa--Kadogawa Harbor), Kadogawa, Miyazaki, Japan",26 Feb 2017,Julia Moning,32.4586,131.6805,Japan,True,ML137142841,P1
620726658,japmur1,Synthliboramphus wumizusume,カンムリウミスズメ,3.0,2,"서귀포--마라도(Seogwipo--Mara-do(island)), Jeju-do, South Korea",27 Apr 2024,Leslie Hurteau,33.1179,126.2679,South Korea,True,ML620726658,P1
635079400,japmur1,Synthliboramphus wumizusume,カンムリウミスズメ,4.0,3,"서귀포--마라도(Seogwipo--Mara-do(island)), Jeju-do, South Korea",4 May 2025,Fran Kim,33.1179,126.2679,South Korea,True,ML635079400,P1
636271642,japmur1,Synthliboramphus wumizusume,カンムリウミスズメ,0.0,0,"서귀포--마라도(Seogwipo--Mara-do(island)), Jeju-do, South Korea",25 Apr 2025,Anonymous,33.1179,126.2679,South Korea,True,ML636271642,P1
637997608,japmur1,Synthliboramphus wumizusume,カンムリウミスズメ,1.0,1,"서귀포--마라도(Seogwipo--Mara-do(island)), Jeju-do, South Korea",25 Apr 2025,Justin Lee,33.1179,126.2679,South Korea,True,ML637997608,P1
137524151,japspa1,Accipiter gularis,ツミ,2.7142857142857144,14,"Pulau Ubin, Singapore, Singapore",26 Jan 2019,Anonymous,1.4036,103.9688,Singapore,False,ML137524151,P1
203929651,japspa1,Accipiter gularis,ツミ,3.75,12,"Banna Forest Park (24.3774, 124.1625), Ishigaki, Okinawa, Japan",30 Mar 2016,Josep del Hoyo,24.3774,124.1625,Japan,True,ML203929651,P1
281820,japspa1,Accipiter gularis,ツミ,3.25,12,"Aizanke mountain road, Asahikawa region, Kamikawa, Hokkaido, Japan",1 Jun 2015,Peter Boesman,43.726,142.805,Japan,True,ML281820,P1
327092131,japspa1,Accipiter gularis,ツミ,2.923076923076923,13,"馬祖--東引好漢坡(Matsu--Dongyin Hero Slope), Lienchiang County, Taiwan",15 Apr 2021,Allen Lyu,26.3638,120.4932,Taiwan,False,ML327092131,P1
329104491,japspa1,Accipiter gularis,ツミ,4.0,13,"寺沟 (Sigou Ridge), Liaoning, China",2 Oct 2015,Tom Beeke,39.1268,122.0237,China,True,ML329104491,P1
584863271,japspa1,Accipiter gularis,ツミ,3.4,10,"里山, Ebina, Kanagawa, Japan",15 Jun 2023,Satoshi Mizukami,35.4579,139.4085,Japan,True,ML584863271,P1
599661891,japspa1,Accipiter gularis,ツミ,3.6363636363636362,11,"早稲田鶴巻町, Shinjuku City, Tokyo, Japan",14 Jul 2023,Ying ZHOU,35.7075,139.7256,Japan,True,ML599661891,P1
618179065,japspa1,Accipiter gularis,ツミ,3.0,2,"秦山 (Qinshan Hill), Zhejiang, China",24 Apr 2024,Congyi Jiang,30.4342,120.9518,China,False,ML618179065,P1
619983105,japspa1,Accipiter gularis,ツミ,3.0,2,"宜野湾市--大山水田 (Ginowan--Oyama rice paddies), Ginowan, Okinawa, Japan",3 Jun 2024,kunitarou miyagi,26.2814,127.7448,Japan,True,ML619983105,P1
620465301,japspa1,Accipiter gularis,ツミ,4.0,2,"宜野湾市--大山水田 (Ginowan--Oyama rice paddies), Ginowan, Okinawa, Japan",15 Jun 2024,kunitarou miyagi,26.2814,127.7448,Japan,True,ML620465301,P1
620465302,japspa1,Accipiter gularis,ツミ,1.5,2,"宜野湾市--大山水田 (Ginowan--Oyama rice paddies), Ginowan, Okinawa, Japan",15 Jun 2024,kunitarou miyagi,26.2814,127.7448,Japan,True,ML620465302,P1
620465304,japspa1,Accipiter gularis,ツミ,4.0,2,"宜野湾市--大山水田 (Ginowan--Oyama rice paddies), Ginowan, Okinawa, Japan",15 Jun 2024,kunitarou miyagi,26.2814,127.7448,Japan,True,ML620465304,P1
620699752,japspa1,Accipiter gularis,ツミ,3.0,3,"宜野湾市--大山水田 (Ginowan--Oyama rice paddies), Ginowan, Okinawa, Japan",20 Jun 2024,kunitarou miyagi,26.2814,127.7448,Japan,True,ML620699752,P1
620699753,japspa1,Accipiter gularis,ツミ,3.5,2,"宜野湾市--大山水田 (Ginowan--Oyama rice paddies), Ginowan, Okinawa, Japan",20 Jun 2024,kunitarou miyagi,26.2814,127.7448,Japan,True,ML620699753,P1
620700218,japspa1,Accipiter gularis,ツミ,5.0,3,"宜野湾市--大山水田 (Ginowan--Oyama rice paddies), Ginowan, Okinawa, Japan",22 Jun 2024,kunitarou miyagi,26.2814,127.7448,Japan,True,ML620700218,P1
620739712,japspa1,Accipiter gularis,ツミ,2.5,2,"世田谷区--三宿--三宿の森, Setagaya City, Tokyo, Japan",4 Jun 2022,yasuhiro kojima,35.651,139.6735,Japan,True,ML620739712,P1
626204956,japspa1,Accipiter gularis,ツミ,4.0,3,"Pulau Mantanani Besar, Sabah, Malaysia",31 Oct 2024,Lim Ying Hien,6.7094,116.3504,Malaysia,False,ML626204956,P1
628308642,japspa1,Accipiter gularis,ツミ,3.0,3,"五营国家森林公园--森林浴度假山庄 (Wuying NFP--Lodge and Parking Area), Heilongjiang, China",24 May 2024,Craig Brelsford,48.2531,129.2039,China,False,ML628308642,P1
630310865,japspa1,Accipiter gularis,ツミ,3.5,2,"BirdLife International (Asia), Singapore, Singapore",5 Feb 2025,Ding Li Yong,1.2951,103.8143,Singapore,False,ML630310865,P1
633152974,japspa1,Accipiter gularis,ツミ,4.333333333333333,3,"秦山 (Qinshan Hill), Zhejiang, China",1 Apr 2025,Congyi Jiang,30.4342,120.9518,China,False,ML633152974,P1
633580721,japspa1,Accipiter gularis,ツミ,4.0,3,"目黒区--駒場公園 (Komaba-park), Meguro City, Tokyo, Japan",12 Apr 2025,yasuhiro kojima,35.6622,139.6802,Japan,True,ML633580721,P1
636151466,japspa1,Accipiter gularis,ツミ,4.0,3,"田畑, Ebina, Kanagawa, Japan",20 May 2025,Satoshi Mizukami,35.4622,139.4069,Japan,True,ML636151466,P1
637184271,japspa1,Accipiter gularis,ツミ,3.6666666666666665,3,"Khao Soi Dao Golf Course, Chanthaburi, Thailand",22 May 2025,Mark  Hogarth,12.9695,102.2481,Thailand,False,ML637184271,P1
638124447,japspa1,Accipiter gularis,ツミ,4.0,3,"里山, Ebina, Kanagawa, Japan",27 Jun 2025,Satoshi Mizukami,35.4579,139.4085,Japan,True,ML638124447,P1
640263185,japspa1,Accipiter gularis,ツミ,3.0,1,"中原ふれあい防災公園, Kashiwa, Chiba, Japan",14 Aug 2025,HITOSHI IIZUMI,35.8277,139.9675,Japan,True,ML640263185,P1
640996440,japspa1,Accipiter gularis,ツミ,2.0,1,"中原ふれあい防災公園, Kashiwa, Chiba, Japan",29 Aug 2025,HITOSHI IIZUMI,35.8277,139.9675,Japan,True,ML640996440,P1
642052146,japspa1,Accipiter gularis,ツミ,0.0,0,"境之谷公園, 横浜市 JP-神奈川県 (35.4456,139.6120), Yokohama, Kanagawa, Japan",18 Sep 2025,K Okubo,35.4456,139.612,Japan,True,ML642052146,P1
93582121,japspa1,Accipiter gularis,ツミ,3.25,12,"読谷村--座喜味城跡公園 (Yomitan--Zakimi Castle Ruins Park), Yomitan, Okinawa, Japan",9 Apr 2018,Ben Johnson,26.4086,127.7417,Japan,True,ML93582121,P1
