ebird_species_code,species_num,scientific_name,japanese_name,ebird_sciname,ebird_common_name,order,family,ebird_common_name_freq,frequency_annual_mean,frequency_max,n_periods_detected,residence_status,xc_total,xc_japan,inat_total,inat_japan,inat_api_total,inat_api_japan,ml_total,ml_japan,recordings_total,recordings_japan,recordings_downloadable,priority_tier,priority_score,ml_available,ml_japan_available,recordings_with_ml
brebul1,456,Hypsipetes amaurotis,ヒヨドリ,Hypsipetes amaurotis,Brown-eared Bulbul,PASSERIFORMES,PYCNONOTIDAE,Brown-eared Bulbul,0.5111802770833331,0.6408625,48.0,resident,163.0,90.0,34.0,31.0,480.0,464.0,661.0,459.0,1338.0,1044.0,677.0,P3,0.04920864714043932,661.0,459.0,1338.0
spbduc,32,Anas zonorhyncha,カルガモ,Anas zonorhyncha,Eastern Spot-billed Duck,ANSERIFORMES,ANATIDAE,Eastern Spot-billed Duck,0.3241578812500001,0.3973435,48.0,resident,36.0,6.0,1.0,1.0,13.0,10.0,202.0,30.0,252.0,47.0,50.0,P3,0.040577128020429655,202.0,30.0,252.0
ortdov,89,Streptopelia orientalis,キジバト,Streptopelia orientalis,Oriental Turtle-Dove,COLUMBIFORMES,COLUMBIDAE,Oriental Turtle-Dove,0.33818809375,0.4191287,48.0,resident,50.0,10.0,1.0,1.0,94.0,73.0,290.0,69.0,435.0,153.0,145.0,P3,0.03855537818587321,290.0,69.0,435.0
labcro1,436,Corvus macrorhynchos,ハシブトガラス,Corvus macrorhynchos,Large-billed Crow,PASSERIFORMES,CORVIDAE,Large-billed Crow,0.4204953458333333,0.4688084,48.0,resident,408.0,77.0,38.0,5.0,273.0,77.0,2013.0,227.0,2732.0,386.0,719.0,P3,0.036831286953856075,2013.0,227.0,2732.0
eutspa,575,Passer montanus,スズメ,Passer montanus,Eurasian Tree Sparrow,PASSERIFORMES,PASSERIDAE,Eurasian Tree Sparrow,0.4390073104166666,0.5340512,48.0,resident,2796.0,15.0,124.0,3.0,1109.0,84.0,2030.0,148.0,6059.0,250.0,4029.0,P3,0.03493795679004811,2030.0,148.0,6059.0
whcsta1,507,Spodiopsar cineraceus,ムクドリ,Spodiopsar cineraceus,White-cheeked Starling,PASSERIFORMES,STURNIDAE,White-cheeked Starling,0.2557513145833333,0.364087,48.0,resident,63.0,11.0,5.0,5.0,44.0,44.0,125.0,88.0,237.0,148.0,112.0,P3,0.032370032402646784,125.0,88.0,237.0
grecor,315,Phalacrocorax carbo,カワウ,Phalacrocorax carbo,Great Cormorant,SULIFORMES,PHALACROCORACIDAE,Great Cormorant,0.2743359541666666,0.3530565,48.0,resident,296.0,1.0,6.0,0.0,33.0,1.0,286.0,6.0,621.0,8.0,335.0,P3,0.029552229143364837,286.0,6.0,621.0
cintit13,447,Parus cinereus,シジュウカラ,Parus cinereus,Asian Tit,PASSERIFORMES,PARIDAE,Asian Tit,0.332087725,0.3970279,48.0,resident,163.0,0.0,0.0,0.0,346.0,204.0,2206.0,579.0,2715.0,783.0,509.0,P3,0.029110587358711904,2206.0,579.0,2715.0
carcro1,435,Corvus corone,ハシボソガラス,Corvus corone,Carrion Crow,PASSERIFORMES,CORVIDAE,Carrion Crow,0.3382326020833334,0.3670153,48.0,resident,2111.0,5.0,272.0,0.0,2428.0,9.0,1629.0,82.0,6440.0,96.0,4811.0,P3,0.026730796761230004,1629.0,82.0,6440.0
graher1,333,Ardea cinerea,アオサギ,Ardea cinerea,Gray Heron,PELECANIFORMES,ARDEIDAE,Gray Heron,0.3086966166666666,0.3910774,48.0,resident,2066.0,1.0,83.0,2.0,435.0,8.0,1182.0,17.0,3766.0,28.0,2584.0,P3,0.025985475262924614,1182.0,17.0,3766.0
whiwag,585,Motacilla alba,ハクセキレイ,Motacilla alba,White Wagtail,PASSERIFORMES,MOTACILLIDAE,White Wagtail,0.3175390270833333,0.4382995,48.0,resident,1902.0,26.0,160.0,3.0,1045.0,13.0,1864.0,89.0,4971.0,131.0,3107.0,P3,0.025858436027475253,1864.0,89.0,4971.0
rocpig,11,Columba livia,カワラバト（ドバト）,Columba livia,Rock Pigeon,COLUMBIFORMES,COLUMBIDAE,Rock Pigeon,0.2621471625,0.3048121,48.0,resident,285.0,0.0,82.0,1.0,516.0,5.0,1204.0,5.0,2087.0,11.0,883.0,P3,0.023769765800587563,1204.0,5.0,2087.0
origre,608,Chloris sinica,カワラヒワ,Chloris sinica,Oriental Greenfinch,PASSERIFORMES,FRINGILLIDAE,Oriental Greenfinch,0.1929800979166667,0.2914622,48.0,resident,117.0,21.0,1.0,0.0,60.0,37.0,306.0,161.0,484.0,219.0,178.0,P3,0.021622874187967465,306.0,161.0,484.0
pygwoo1,390,Yungipicus kizuki,コゲラ,Yungipicus kizuki,Japanese Pygmy Woodpecker,PICIFORMES,PICIDAE,Japanese Pygmy Woodpecker,0.16300080625,0.2080471,48.0,resident,64.0,34.0,1.0,1.0,20.0,19.0,136.0,133.0,221.0,187.0,85.0,P3,0.02089512855454859,136.0,133.0,221.0
warwhe1,501,Zosterops japonicus,メジロ,Zosterops japonicus,Warbling White-eye,PASSERIFORMES,ZOSTEROPIDAE,Warbling White-eye,0.2396650166666667,0.3382242,48.0,resident,316.0,96.0,20.0,5.0,452.0,150.0,2562.0,590.0,3350.0,841.0,788.0,P3,0.020465287170745115,2562.0,590.0,3350.0
blakit1,359,Milvus migrans,トビ,Milvus migrans,Black Kite,ACCIPITRIFORMES,ACCIPITRIDAE,Black Kite,0.2051017791666667,0.2555856,48.0,resident,313.0,8.0,61.0,5.0,225.0,23.0,940.0,37.0,1539.0,73.0,599.0,P3,0.019368133692880787,940.0,37.0,1539.0
greegr,335,Ardea alba,ダイサギ,Ardea alba,Great Egret,PELECANIFORMES,ARDEIDAE,Great Egret,0.2039064625,0.3163265,48.0,resident,422.0,1.0,19.0,0.0,109.0,1.0,1385.0,5.0,1935.0,7.0,550.0,P3,0.018673422896175445,1385.0,5.0,1935.0
litegr,337,Egretta garzetta,コサギ,Egretta garzetta,Little Egret,PELECANIFORMES,ARDEIDAE,Little Egret,0.1864429416666666,0.2520171,48.0,resident,656.0,2.0,3.0,0.0,33.0,2.0,637.0,6.0,1329.0,10.0,692.0,P3,0.01796469885035703,637.0,6.0,1329.0
buhshr1,425,Lanius bucephalus,モズ,Lanius bucephalus,Bull-headed Shrike,PASSERIFORMES,LANIIDAE,Bull-headed Shrike,0.1374919124999999,0.2959019,48.0,resident,41.0,5.0,1.0,1.0,41.0,41.0,133.0,115.0,216.0,162.0,83.0,P3,0.017699362779210078,133.0,115.0,216.0
jabwar,464,Horornis diphone,ウグイス,Horornis diphone,Japanese Bush Warbler,PASSERIFORMES,CETTIIDAE,Japanese Bush Warbler,0.1887084812499999,0.3319781,48.0,resident,126.0,104.0,55.0,45.0,566.0,467.0,901.0,482.0,1648.0,1098.0,747.0,P3,0.017655694411343202,901.0,482.0,1648.0
japwag1,586,Motacilla grandis,セグロセキレイ,Motacilla grandis,Japanese Wagtail,PASSERIFORMES,MOTACILLIDAE,Japanese Wagtail,0.1177762083333333,0.1794697,48.0,resident,16.0,12.0,1.0,1.0,4.0,4.0,97.0,95.0,118.0,112.0,21.0,P3,0.01705198695462424,97.0,95.0,118.0
dusthr2,531,Turdus eunomus,ツグミ,Turdus eunomus,Dusky Thrush,PASSERIFORMES,TURDIDAE,Dusky Thrush,0.12468135,0.35146,41.0,winter,102.0,5.0,0.0,0.0,4.0,2.0,71.0,33.0,177.0,40.0,106.0,P3,0.016660130835767024,71.0,33.0,177.0
japcor1,314,Phalacrocorax capillatus,ウミウ,Phalacrocorax capillatus,Japanese Cormorant,SULIFORMES,PHALACROCORACIDAE,Japanese Cormorant,0.02251935,0.0406561,48.0,resident,1.0,0.0,0.0,0.0,0.0,0.0,0.0,0.0,1.0,0.0,1.0,P1,0.0142081279460894,0.0,0.0,1.0
vartit1,442,Sittiparus varius,ヤマガラ,Sittiparus varius,Varied Tit,PASSERIFORMES,PARIDAE,Varied Tit,0.11820464375,0.1479041,48.0,resident,98.0,52.0,4.0,4.0,51.0,48.0,237.0,218.0,390.0,322.0,153.0,P3,0.01372125653549977,237.0,218.0,390.0
barswa,461,Hirundo rustica,ツバメ,Hirundo rustica,Barn Swallow,PASSERIFORMES,HIRUNDINIDAE,Barn Swallow,0.1771617375,0.4079656,48.0,summer,2112.0,0.0,412.0,1.0,2009.0,23.0,4069.0,51.0,8602.0,75.0,4533.0,P3,0.013554017238058956,4069.0,51.0,8602.0
bkfbun2,633,Emberiza personata,アオジ,Emberiza personata,Masked Bunting,PASSERIFORMES,EMBERIZIDAE,Masked Bunting,0.10041285,0.1902433,48.0,resident,0.0,0.0,0.0,0.0,8.0,4.0,167.0,167.0,175.0,171.0,8.0,P3,0.013446458751277238,167.0,167.0,175.0
eurcoo,101,Fulica atra,オオバン,Fulica atra,Eurasian Coot,GRUIFORMES,RALLIDAE,Eurasian Coot,0.1619053083333333,0.343245,48.0,winter,2742.0,1.0,241.0,1.0,850.0,3.0,1804.0,14.0,5637.0,19.0,3833.0,P3,0.012992729540184178,1804.0,14.0,5637.0
meabun1,618,Emberiza cioides,ホオジロ,Emberiza cioides,Meadow Bunting,PASSERIFORMES,EMBERIZIDAE,Meadow Bunting,0.1151743333333333,0.1727184,48.0,resident,133.0,41.0,5.0,4.0,64.0,55.0,371.0,297.0,573.0,397.0,202.0,P3,0.012563442781946302,371.0,297.0,573.0
litgre1,117,Tachybaptus ruficollis,カイツブリ,Tachybaptus ruficollis,Little Grebe,PODICIPEDIFORMES,PODICIPEDIDAE,Little Grebe,0.1483314604166666,0.2256082,48.0,resident,1949.0,1.0,75.0,2.0,320.0,9.0,1405.0,38.0,3749.0,50.0,2344.0,P3,0.01249311180671052,1405.0,38.0,3749.0
mallar3,33,Anas platyrhynchos,マガモ,Anas platyrhynchos,Mallard,ANSERIFORMES,ANATIDAE,Mallard,0.15625033125,0.3006895,48.0,resident,1480.0,1.0,327.0,0.0,1411.0,0.0,4166.0,30.0,7384.0,31.0,3218.0,P3,0.01215901236158658,4166.0,30.0,7384.0
gnwtea,35,Anas crecca,コガモ,Anas crecca,Green-winged Teal,ANSERIFORMES,ANATIDAE,Green-winged Teal,0.1443662083333333,0.2832957,48.0,winter,1239.0,1.0,58.0,0.0,302.0,3.0,2192.0,16.0,3791.0,20.0,1599.0,P3,0.012142712323200052,2192.0,16.0,3791.0
eurwig,29,Mareca penelope,ヒドリガモ,Mareca penelope,Eurasian Wigeon,ANSERIFORMES,ANATIDAE,Eurasian Wigeon,0.1201405270833333,0.2510273,48.0,winter,996.0,8.0,26.0,1.0,138.0,6.0,671.0,24.0,1831.0,39.0,1160.0,P3,0.011083083583882481,671.0,24.0,1831.0
comkin1,384,Alcedo atthis,カワセミ,Alcedo atthis,Common Kingfisher,CORACIIFORMES,ALCEDINIDAE,Common Kingfisher,0.1264644312499999,0.1826988,48.0,resident,1109.0,4.0,60.0,1.0,488.0,2.0,1430.0,22.0,3087.0,29.0,1657.0,P3,0.01090876033969474,1430.0,22.0,3087.0
bktgul,221,Larus crassirostris,ウミネコ,Larus crassirostris,Black-tailed Gull,CHARADRIIFORMES,LARIDAE,Black-tailed Gull,0.0730928875,0.1347754,48.0,resident,30.0,9.0,1.0,1.0,21.0,21.0,57.0,39.0,109.0,70.0,52.0,P3,0.010757788298181515,57.0,39.0,109.0
daured1,561,Phoenicurus auroreus,ジョウビタキ,Phoenicurus auroreus,Daurian Redstart,PASSERIFORMES,MUSCICAPIDAE,Daurian Redstart,0.0964737416666666,0.2631505,48.0,winter,191.0,0.0,4.0,2.0,100.0,56.0,360.0,106.0,655.0,164.0,295.0,P3,0.010307299468314433,360.0,106.0,655.0
burthr,564,Monticola solitarius,イソヒヨドリ,Monticola solitarius,Blue Rock-Thrush,PASSERIFORMES,MUSCICAPIDAE,Blue Rock-Thrush,0.0867343770833333,0.1629945,48.0,resident,270.0,10.0,15.0,3.0,82.0,22.0,590.0,91.0,957.0,126.0,367.0,P3,0.008756283529295032,590.0,91.0,957.0
tufduc,43,Aythya fuligula,キンクロハジロ,Aythya fuligula,Tufted Duck,ANSERIFORMES,ANATIDAE,Tufted Duck,0.0763023208333333,0.1696833,48.0,winter,288.0,1.0,4.0,0.0,29.0,0.0,145.0,1.0,466.0,2.0,321.0,P3,0.008601937264752833,145.0,1.0,466.0
compoc,39,Aythya ferina,ホシハジロ,Aythya ferina,Common Pochard,ANSERIFORMES,ANATIDAE,Common Pochard,0.0694781958333333,0.1824804,48.0,winter,178.0,0.0,1.0,0.0,9.0,0.0,109.0,0.0,297.0,0.0,188.0,P3,0.008448222481679868,109.0,0.0,297.0
lottit1,467,Aegithalos caudatus,エナガ,Aegithalos caudatus,Long-tailed Tit,PASSERIFORMES,AEGITHALIDAE,Long-tailed Tit,0.1056356833333333,0.1724776,48.0,resident,2140.0,15.0,389.0,3.0,2901.0,38.0,2593.0,144.0,8023.0,200.0,5430.0,P3,0.008144437675840404,2593.0,144.0,8023.0
palthr1,526,Turdus pallidus,シロハラ,Turdus pallidus,Pale Thrush,PASSERIFORMES,TURDIDAE,Pale Thrush,0.0633446708333333,0.1771873,37.0,winter,182.0,5.0,1.0,0.0,6.0,3.0,173.0,68.0,362.0,76.0,189.0,P3,0.007445486581685275,173.0,68.0,362.0
combuz6,366,Buteo japonicus,ノスリ,Buteo japonicus,Eastern Buzzard,ACCIPITRIFORMES,ACCIPITRIDAE,Eastern Buzzard,0.0431228458333333,0.1027397,48.0,resident,17.0,3.0,0.0,0.0,2.0,2.0,38.0,15.0,57.0,20.0,19.0,P2,0.007330522262099743,38.0,15.0,57.0
comsan,188,Actitis hypoleucos,イソシギ,Actitis hypoleucos,Common Sandpiper,CHARADRIIFORMES,SCOLOPACIDAE,Common Sandpiper,0.08723135625,0.1598478,48.0,resident,2344.0,2.0,80.0,1.0,501.0,3.0,1298.0,11.0,4223.0,17.0,2925.0,P3,0.007242280690768219,1298.0,11.0,4223.0
slbgul,227,Larus schistisagus,オオセグロカモメ,Larus schistisagus,Slaty-backed Gull,CHARADRIIFORMES,LARIDAE,Slaty-backed Gull,0.0410551291666666,0.086808,48.0,resident,31.0,22.0,0.0,0.0,1.0,1.0,27.0,19.0,59.0,42.0,32.0,P2,0.00692243254588937,27.0,19.0,59.0
grywag,584,Motacilla cinerea,キセキレイ,Motacilla cinerea,Gray Wagtail,PASSERIFORMES,MOTACILLIDAE,Gray Wagtail,0.07836755,0.1356889,48.0,resident,1094.0,7.0,64.0,1.0,394.0,16.0,1370.0,31.0,2922.0,55.0,1552.0,P3,0.0068064446849992796,1370.0,31.0,2922.0
norsho,26,Spatula clypeata,ハシビロガモ,Spatula clypeata,Northern Shoveler,ANSERIFORMES,ANATIDAE,Northern Shoveler,0.0608121541666666,0.1459633,48.0,winter,322.0,0.0,6.0,0.0,27.0,0.0,504.0,0.0,859.0,0.0,355.0,P3,0.0062372275464311604,504.0,0.0,859.0
norpin,34,Anas acuta,オナガガモ,Anas acuta,Northern Pintail,ANSERIFORMES,ANATIDAE,Northern Pintail,0.0594276354166666,0.1399549,48.0,winter,303.0,1.0,6.0,0.0,34.0,0.0,522.0,6.0,865.0,7.0,343.0,P3,0.006088966830463108,522.0,6.0,865.0
falduc,28,Mareca falcata,ヨシガモ,Mareca falcata,Falcated Duck,ANSERIFORMES,ANATIDAE,Falcated Duck,0.0275400187499999,0.0703734,47.0,winter,16.0,0.0,0.0,0.0,0.0,0.0,5.0,2.0,21.0,2.0,16.0,P1,0.006088126794223308,5.0,2.0,21.0
gresca,44,Aythya marila,スズガモ,Aythya marila,Greater Scaup,ANSERIFORMES,ANATIDAE,Greater Scaup,0.0378584499999999,0.0730446,48.0,resident,27.0,0.0,0.0,0.0,2.0,0.0,52.0,1.0,81.0,1.0,29.0,P2,0.005938543660427387,52.0,1.0,81.0
grcgre1,119,Podiceps cristatus,カンムリカイツブリ,Podiceps cristatus,Great Crested Grebe,PODICIPEDIFORMES,PODICIPEDIDAE,Great Crested Grebe,0.0579243958333333,0.1355996,48.0,winter,445.0,0.0,48.0,0.0,192.0,0.0,391.0,2.0,1076.0,2.0,685.0,P3,0.005749809653507379,391.0,2.0,1076.0
integr1,336,Ardea intermedia,チュウサギ,Ardea intermedia,Medium Egret,PELECANIFORMES,ARDEIDAE,Medium Egret,0.0318446583333333,0.0912374,48.0,resident,13.0,0.0,0.0,0.0,0.0,0.0,37.0,0.0,50.0,0.0,13.0,P2,0.005586351212870613,37.0,0.0,50.0
azwmag2,429,Cyanopica cyanus,オナガ,Cyanopica cyanus,Azure-winged Magpie,PASSERIFORMES,CORVIDAE,Azure-winged Magpie,0.0482854812499999,0.0723585,48.0,resident,109.0,5.0,10.0,4.0,231.0,120.0,182.0,70.0,532.0,199.0,350.0,P3,0.005329113968070964,182.0,70.0,532.0
rinphe2,64,Phasianus versicolor,キジ,Phasianus versicolor,Green Pheasant,GALLIFORMES,PHASIANIDAE,Green Pheasant,0.0350995,0.1004665,48.0,resident,10.0,10.0,2.0,2.0,12.0,12.0,94.0,92.0,118.0,116.0,24.0,P3,0.005081809175074623,94.0,92.0,118.0
osprey,343,Pandion haliaetus,ミサゴ,Pandion haliaetus,Osprey,ACCIPITRIFORMES,PANDIONIDAE,Osprey,0.0588428124999999,0.0949503,48.0,resident,362.0,0.0,293.0,0.0,1404.0,3.0,4014.0,14.0,6073.0,17.0,2059.0,P3,0.004681706068916465,4014.0,14.0,6073.0
gadwal,27,Mareca strepera,オカヨシガモ,Mareca strepera,Gadwall,ANSERIFORMES,ANATIDAE,Gadwall,0.0506056854166666,0.1303698,48.0,winter,679.0,0.0,27.0,0.0,151.0,0.0,1315.0,1.0,2172.0,1.0,857.0,P3,0.004564772107203828,1315.0,1.0,2172.0
narfly2,550,Ficedula narcissina,キビタキ,Ficedula narcissina,Narcissus Flycatcher,PASSERIFORMES,MUSCICAPIDAE,Narcissus Flycatcher,0.0394408854166666,0.1851956,35.0,summer,92.0,64.0,4.0,4.0,55.0,53.0,318.0,276.0,469.0,397.0,151.0,P3,0.004441749607830583,318.0,276.0,469.0
japwoo1,399,Picus awokera,アオゲラ,Picus awokera,Japanese Woodpecker,PICIFORMES,PICIDAE,Japanese Woodpecker,0.0295078229166666,0.0531333,48.0,resident,19.0,19.0,0.0,0.0,8.0,8.0,81.0,81.0,108.0,108.0,27.0,P3,0.004351313624879176,81.0,81.0,108.0
skylar,450,Alauda arvensis,ヒバリ,Alauda arvensis,Eurasian Skylark,PASSERIFORMES,ALAUDIDAE,Eurasian Skylark,0.058493975,0.119705,48.0,resident,3844.0,14.0,478.0,3.0,3968.0,32.0,2844.0,98.0,11134.0,147.0,8290.0,P3,0.004351277309025611,2844.0,98.0,11134.0
melthr,26,Garrulax canorus,ガビチョウ,Garrulax canorus,Chinese Hwamei,PASSERIFORMES,LEIOTHRICHIDAE,Chinese Hwamei,0.0406959124999999,0.0736754,48.0,resident,138.0,3.0,69.0,27.0,341.0,170.0,524.0,84.0,1072.0,284.0,548.0,P3,0.004041792497206766,524.0,84.0,1072.0
bkhgul,213,Chroicocephalus ridibundus,ユリカモメ,Chroicocephalus ridibundus,Black-headed Gull,CHARADRIIFORMES,LARIDAE,Black-headed Gull,0.0476338979166666,0.1144938,48.0,winter,1617.0,2.0,158.0,1.0,655.0,6.0,1139.0,16.0,3569.0,25.0,2430.0,P3,0.0040360484824438995,1139.0,16.0,3569.0
spegui1,254,Cepphus carbo,ケイマフリ,Cepphus carbo,Spectacled Guillemot,CHARADRIIFORMES,ALCIDAE,Spectacled Guillemot,0.0038523791666666,0.0162447,47.0,resident,0.0,0.0,0.0,0.0,0.0,0.0,0.0,0.0,0.0,0.0,0.0,P1,0.0038523791666666,0.0,0.0,0.0
ashmar1,462,Delichon dasypus,イワツバメ,Delichon dasypus,Asian House-Martin,PASSERIFORMES,HIRUNDINIDAE,Asian House-Martin,0.0297364374999999,0.0897235,48.0,summer,54.0,7.0,1.0,0.0,7.0,0.0,165.0,11.0,227.0,18.0,62.0,P3,0.0037932981848426677,165.0,11.0,227.0
zitcis1,497,Cisticola juncidis,セッカ,Cisticola juncidis,Zitting Cisticola,PASSERIFORMES,CISTICOLIDAE,Zitting Cisticola,0.0454060791666666,0.1157575,48.0,resident,1211.0,17.0,93.0,5.0,693.0,14.0,2356.0,56.0,4353.0,92.0,1997.0,P3,0.0037561517697065725,2356.0,56.0,4353.0
commoo3,100,Gallinula chloropus,バン,Gallinula chloropus,Eurasian Moorhen,GRUIFORMES,RALLIDAE,Eurasian Moorhen,0.0451080583333333,0.0649611,48.0,resident,2912.0,1.0,117.0,0.0,577.0,1.0,1968.0,19.0,5574.0,21.0,3606.0,P3,0.003624588551479998,1968.0,19.0,5574.0
lirplo,135,Charadrius dubius,コチドリ,Thinornis dubius,Little Ringed Plover,CHARADRIIFORMES,CHARADRIIDAE,Little Ringed Plover,0.0396682479166666,0.0923335,48.0,resident,1403.0,3.0,33.0,1.0,175.0,5.0,1118.0,34.0,2729.0,43.0,1611.0,P3,0.0034750333468098462,1118.0,34.0,2729.0
grswoo,394,Dendrocopos major,アカゲラ,Dendrocopos major,Great Spotted Woodpecker,PICIFORMES,PICIDAE,Great Spotted Woodpecker,0.0443528458333333,0.0627579,48.0,resident,3235.0,13.0,548.0,2.0,4130.0,18.0,2894.0,84.0,10807.0,117.0,7913.0,P3,0.003309927345702192,2894.0,84.0,10807.0
strshe,293,Calonectris leucomelas,オオミズナギドリ,Calonectris leucomelas,Streaked Shearwater,PROCELLARIIFORMES,PROCELLARIIDAE,Streaked Shearwater,0.0133885562499999,0.0329138,47.0,resident,3.0,0.0,0.0,0.0,0.0,0.0,13.0,9.0,16.0,9.0,3.0,P1,0.0032107426980986487,13.0,9.0,16.0
japgro1,600,Eophona personata,イカル,Eophona personata,Japanese Grosbeak,PASSERIFORMES,FRINGILLIDAE,Japanese Grosbeak,0.0234761,0.0389738,48.0,resident,47.0,31.0,1.0,1.0,12.0,12.0,126.0,112.0,186.0,156.0,60.0,P3,0.0031075284785070326,126.0,112.0,186.0
smew,56,Mergellus albellus,ミコアイサ,Mergellus albellus,Smew,ANSERIFORMES,ANATIDAE,Smew,0.0148854791666666,0.0537201,46.0,winter,26.0,0.0,0.0,0.0,1.0,0.0,0.0,0.0,27.0,0.0,27.0,P1,0.0030641287361141073,0.0,0.0,27.0
gyttat1,192,Tringa brevipes,キアシシギ,Tringa brevipes,Gray-tailed Tattler,CHARADRIIFORMES,SCOLOPACIDAE,Gray-tailed Tattler,0.0245324416666666,0.1111264,48.0,summer,70.0,15.0,3.0,3.0,9.0,4.0,199.0,21.0,281.0,43.0,82.0,P3,0.0030120897568977328,199.0,21.0,281.0
veggul1,226,Larus vegae,セグロカモメ,Larus vegae,Vega Gull,CHARADRIIFORMES,LARIDAE,Vega Gull,0.0205009416666666,0.0509399,47.0,winter,95.0,0.0,0.0,0.0,3.0,0.0,17.0,7.0,115.0,7.0,98.0,P3,0.002983967009528674,17.0,7.0,115.0
coatit2,440,Periparus ater,ヒガラ,Periparus ater,Coal Tit,PASSERIFORMES,PARIDAE,Coal Tit,0.0393377604166666,0.0764554,48.0,resident,3286.0,32.0,356.0,2.0,2843.0,16.0,3211.0,155.0,9696.0,205.0,6485.0,P3,0.002970351112441781,3211.0,155.0,9696.0
hawfin,598,Coccothraustes coccothraustes,シメ,Coccothraustes coccothraustes,Hawfinch,PASSERIFORMES,FRINGILLIDAE,Hawfinch,0.0360133687499999,0.0904189,48.0,winter,1748.0,4.0,137.0,1.0,1345.0,1.0,1238.0,27.0,4468.0,33.0,3230.0,P3,0.002969915320821036,1238.0,27.0,4468.0
stonec7,568,Saxicola stejnegeri,ノビタキ,Saxicola stejnegeri,Amur Stonechat,PASSERIFORMES,MUSCICAPIDAE,Amur Stonechat,0.0198726416666666,0.0661876,47.0,summer,59.0,11.0,0.0,0.0,3.0,2.0,45.0,13.0,107.0,26.0,62.0,P3,0.0029361850554094635,45.0,13.0,107.0
orrwar1,484,Acrocephalus orientalis,オオヨシキリ,Acrocephalus orientalis,Oriental Reed Warbler,PASSERIFORMES,ACROCEPHALIDAE,Oriental Reed Warbler,0.0294984666666666,0.1312815,40.0,summer,258.0,11.0,21.0,18.0,180.0,102.0,632.0,210.0,1091.0,341.0,459.0,P3,0.002922353838086501,632.0,210.0,1091.0
eurjay1,427,Garrulus glandarius,カケス,Garrulus glandarius,Eurasian Jay,PASSERIFORMES,CORVIDAE,Eurasian Jay,0.0370225270833333,0.0730881,48.0,resident,2449.0,12.0,449.0,3.0,2841.0,24.0,1858.0,82.0,7597.0,121.0,5739.0,P3,0.002871834738078247,1858.0,82.0,7597.0
bcnher,328,Nycticorax nycticorax,ゴイサギ,Nycticorax nycticorax,Black-crowned Night Heron,PELECANIFORMES,ARDEIDAE,Black-crowned Night Heron,0.0331261874999999,0.0590682,48.0,resident,1509.0,0.0,50.0,0.0,369.0,0.0,2642.0,8.0,4570.0,8.0,1928.0,P3,0.0027245045568087944,2642.0,8.0,4570.0
lobplo1,134,Charadrius placidus,イカルチドリ,Thinornis placidus,Long-billed Plover,CHARADRIIFORMES,CHARADRIIDAE,Long-billed Plover,0.01724380625,0.0374698,48.0,resident,20.0,1.0,0.0,0.0,1.0,1.0,64.0,47.0,85.0,49.0,21.0,P2,0.0026763863847495185,64.0,47.0,85.0
pelcor,313,Urile pelagicus,ヒメウ,Urile pelagicus,Pelagic Cormorant,SULIFORMES,PHALACROCORACIDAE,Pelagic Cormorant,0.0141227833333333,0.0510887,48.0,resident,6.0,1.0,0.0,0.0,0.0,0.0,31.0,0.0,37.0,1.0,6.0,P1,0.0026720356840455204,31.0,0.0,37.0
chcsta1,509,Agropsar philippensis,コムクドリ,Agropsar philippensis,Chestnut-cheeked Starling,PASSERIFORMES,STURNIDAE,Chestnut-cheeked Starling,0.0134922166666666,0.0570587,35.0,summer,5.0,0.0,1.0,1.0,1.0,1.0,29.0,27.0,36.0,29.0,7.0,P1,0.002570960942601373,29.0,27.0,36.0
brhthr1,527,Turdus chrysolaus,アカハラ,Turdus chrysolaus,Brown-headed Thrush,PASSERIFORMES,TURDIDAE,Brown-headed Thrush,0.0193196270833333,0.0614047,48.0,resident,45.0,23.0,1.0,1.0,5.0,3.0,133.0,56.0,184.0,83.0,51.0,P3,0.0025625706484479656,133.0,56.0,184.0
chbpar3,9,Bambusicola thoracicus,コジュケイ,Bambusicola thoracicus,Chinese Bamboo-Partridge,GALLIFORMES,PHASIANIDAE,Chinese Bamboo-Partridge,0.0236241083333333,0.0456883,48.0,resident,60.0,7.0,11.0,9.0,364.0,62.0,164.0,74.0,599.0,152.0,435.0,P3,0.00255915310345898,164.0,74.0,599.0
eurnut2,504,Sitta europaea,ゴジュウカラ,Sitta europaea,Eurasian Nuthatch,PASSERIFORMES,SITTIDAE,Eurasian Nuthatch,0.0339396166666666,0.0525391,48.0,resident,2420.0,14.0,733.0,0.0,5320.0,12.0,2533.0,71.0,11006.0,97.0,8473.0,P3,0.0025278524806968666,2533.0,71.0,11006.0
eurkes,402,Falco tinnunculus,チョウゲンボウ,Falco tinnunculus,Eurasian Kestrel,FALCONIFORMES,FALCONIDAE,Eurasian Kestrel,0.0282455437499999,0.0500376,48.0,resident,793.0,0.0,114.0,0.0,842.0,2.0,844.0,6.0,2593.0,8.0,1749.0,P3,0.0024904551312923506,844.0,6.0,2593.0
rebmer,59,Mergus serrator,ウミアイサ,Mergus serrator,Red-breasted Merganser,ANSERIFORMES,ANATIDAE,Red-breasted Merganser,0.0191404791666666,0.0663156,48.0,winter,92.0,0.0,1.0,0.0,8.0,0.0,104.0,0.0,205.0,0.0,101.0,P3,0.0024878808883934183,104.0,0.0,205.0
pacswa5,460,Hirundo tahitica,リュウキュウツバメ,Hirundo tahitica,Tahiti Swallow,PASSERIFORMES,HIRUNDINIDAE,Tahiti Swallow,0.0165652749999999,0.0265211,48.0,resident,73.0,6.0,0.0,0.0,27.0,0.0,1.0,0.0,101.0,6.0,100.0,P3,0.002477420727427693,1.0,0.0,101.0
pacreh1,338,Egretta sacra,クロサギ,Egretta sacra,Pacific Reef-Heron,PELECANIFORMES,ARDEIDAE,Pacific Reef-Heron,0.0100098104166666,0.0180255,48.0,resident,10.0,1.0,0.0,0.0,0.0,0.0,7.0,0.0,17.0,1.0,10.0,P1,0.0023563985931935407,7.0,0.0,17.0
rusbun,625,Emberiza rustica,カシラダカ,Emberiza rustica,Rustic Bunting,PASSERIFORMES,EMBERIZIDAE,Rustic Bunting,0.0210963604166666,0.0589416,36.0,winter,390.0,2.0,4.0,0.0,18.0,1.0,124.0,22.0,536.0,25.0,412.0,P3,0.0023255743752786714,124.0,22.0,536.0
rensti,163,Calidris ruficollis,トウネン,Calidris ruficollis,Red-necked Stint,CHARADRIIFORMES,SCOLOPACIDAE,Red-necked Stint,0.0159031187499999,0.0946717,48.0,summer,51.0,0.0,0.0,0.0,1.0,0.0,62.0,2.0,114.0,2.0,52.0,P3,0.002318921379528272,62.0,2.0,114.0
eacwar1,476,Phylloscopus coronatus,センダイムシクイ,Phylloscopus coronatus,Eastern Crowned Warbler,PASSERIFORMES,PHYLLOSCOPIDAE,Eastern Crowned Warbler,0.0206737479166666,0.1190243,31.0,summer,171.0,45.0,7.0,6.0,56.0,50.0,249.0,159.0,483.0,260.0,234.0,P3,0.0023172065118037856,249.0,159.0,483.0
commer,58,Mergus merganser,カワアイサ,Mergus merganser,Common Merganser,ANSERIFORMES,ANATIDAE,Common Merganser,0.0226057645833333,0.0601493,48.0,resident,214.0,0.0,12.0,0.0,62.0,0.0,615.0,0.0,903.0,0.0,288.0,P3,0.0023015969034544865,615.0,0.0,903.0
whteag,361,Haliaeetus albicilla,オジロワシ,Haliaeetus albicilla,White-tailed Eagle,ACCIPITRIFORMES,ACCIPITRIDAE,White-tailed Eagle,0.0197199125,0.066031,48.0,resident,270.0,2.0,3.0,0.0,53.0,2.0,63.0,5.0,389.0,9.0,326.0,P3,0.0022900773095167917,63.0,5.0,389.0
lotros1,606,Carpodacus sibiricus,ベニマシコ,Carpodacus sibiricus,Long-tailed Rosefinch,PASSERIFORMES,FRINGILLIDAE,Long-tailed Rosefinch,0.0184055520833333,0.0361174,48.0,resident,116.0,10.0,3.0,1.0,42.0,8.0,104.0,55.0,265.0,74.0,161.0,P3,0.002283370100958515,104.0,55.0,265.0
gyfbuz1,363,Butastur indicus,サシバ,Butastur indicus,Gray-faced Buzzard,ACCIPITRIFORMES,ACCIPITRIDAE,Gray-faced Buzzard,0.0144287416666666,0.0400327,48.0,resident,21.0,2.0,0.0,0.0,2.0,2.0,57.0,18.0,80.0,22.0,23.0,P2,0.0022695436319177032,57.0,18.0,80.0
refblu1,556,Tarsiger cyanurus,ルリビタキ,Tarsiger cyanurus,Red-flanked Bluetail,PASSERIFORMES,MUSCICAPIDAE,Red-flanked Bluetail,0.0213269458333333,0.0550652,48.0,resident,333.0,28.0,4.0,0.0,70.0,5.0,351.0,93.0,758.0,126.0,407.0,P3,0.002228554610036888,351.0,93.0,758.0
blfspo1,320,Platalea minor,クロツラヘラサギ,Platalea minor,Black-faced Spoonbill,PELECANIFORMES,THRESKIORNITHIDAE,Black-faced Spoonbill,0.0104066833333333,0.027263,48.0,resident,1.0,1.0,0.0,0.0,0.0,0.0,24.0,4.0,25.0,5.0,1.0,P1,0.002188628716998724,24.0,4.0,25.0
gyhlap1,128,Vanellus cinereus,ケリ,Vanellus cinereus,Gray-headed Lapwing,CHARADRIIFORMES,CHARADRIIDAE,Gray-headed Lapwing,0.0156847479166666,0.0260734,48.0,resident,46.0,1.0,2.0,1.0,10.0,3.0,115.0,15.0,173.0,20.0,58.0,P3,0.0021049930918961117,115.0,15.0,173.0
amepip,595,Anthus rubescens,タヒバリ,Anthus rubescens,American Pipit,PASSERIFORMES,MOTACILLIDAE,American Pipit,0.02427155,0.066466,36.0,winter,273.0,7.0,38.0,0.0,168.0,1.0,2716.0,0.0,3195.0,8.0,479.0,P3,0.002084736412779984,2716.0,0.0,3195.0
bawfly2,539,Cyanoptila cyanomelana,オオルリ,Cyanoptila cyanomelana,Blue-and-white Flycatcher,PASSERIFORMES,MUSCICAPIDAE,Blue-and-white Flycatcher,0.0176446624999999,0.0946306,32.0,summer,93.0,34.0,2.0,2.0,28.0,27.0,231.0,195.0,354.0,258.0,123.0,P3,0.002081785917845704,231.0,195.0,354.0
easmah1,355,Circus spilonotus,チュウヒ,Circus spilonotus,Eastern Marsh Harrier,ACCIPITRIFORMES,ACCIPITRIDAE,Eastern Marsh Harrier,0.008881175,0.0243291,48.0,resident,6.0,0.0,0.0,0.0,0.0,0.0,12.0,1.0,18.0,1.0,6.0,P1,0.002054910402259124,12.0,1.0,18.0
norgos1,354,Accipiter gentilis,オオタカ,Astur gentilis,Eurasian Goshawk,ACCIPITRIFORMES,ACCIPITRIDAE,Eurasian Goshawk,0.0212579395833333,0.0417038,48.0,resident,776.0,3.0,19.0,0.0,287.0,1.0,333.0,5.0,1415.0,9.0,1082.0,P3,0.0020306335862461515,333.0,5.0,1415.0
martit2,444,Poecile palustris,ハシブトガラ,Poecile palustris,Marsh Tit,PASSERIFORMES,PARIDAE,Marsh Tit,0.0241734854166666,0.0468194,48.0,resident,1815.0,8.0,260.0,2.0,1849.0,36.0,1642.0,85.0,5566.0,131.0,3924.0,P3,0.0019427465394125968,1642.0,85.0,5566.0
baitea,23,Sibirionetta formosa,トモエガモ,Sibirionetta formosa,Baikal Teal,ANSERIFORMES,ANATIDAE,Baikal Teal,0.0077653208333333,0.0294118,36.0,winter,8.0,0.0,0.0,0.0,0.0,0.0,6.0,0.0,14.0,0.0,8.0,P1,0.001941330208333325,6.0,0.0,14.0
eargre,121,Podiceps nigricollis,ハジロカイツブリ,Podiceps nigricollis,Eared Grebe,PODICIPEDIFORMES,PODICIPEDIDAE,Eared Grebe,0.0157099104166666,0.0477268,44.0,winter,109.0,0.0,3.0,0.0,11.0,0.0,192.0,0.0,315.0,0.0,123.0,P3,0.0018908605389930748,192.0,0.0,315.0
whbpig1,93,Treron sieboldii,アオバト,Treron sieboldii,White-bellied Green-Pigeon,COLUMBIFORMES,COLUMBIDAE,White-bellied Green-Pigeon,0.01408510625,0.0389561,48.0,resident,22.0,11.0,5.0,2.0,19.0,5.0,133.0,32.0,179.0,50.0,46.0,P3,0.0018780527576251161,133.0,32.0,179.0
manduc,21,Aix galericulata,オシドリ,Aix galericulata,Mandarin Duck,ANSERIFORMES,ANATIDAE,Mandarin Duck,0.0154420416666666,0.0261886,48.0,resident,176.0,6.0,1.0,0.0,11.0,0.0,132.0,5.0,320.0,11.0,188.0,P3,0.0018535824918902938,132.0,5.0,320.0
asbfly,537,Muscicapa dauurica,コサメビタキ,Muscicapa dauurica,Asian Brown Flycatcher,PASSERIFORMES,MUSCICAPIDAE,Asian Brown Flycatcher,0.0173663604166666,0.0668723,40.0,summer,191.0,10.0,0.0,0.0,13.0,1.0,463.0,35.0,667.0,46.0,204.0,P3,0.0018502679535851417,463.0,35.0,667.0
kenplo1,136,Charadrius alexandrinus,シロチドリ,Anarhynchus alexandrinus,Kentish Plover,CHARADRIIFORMES,CHARADRIIDAE,Kentish Plover,0.0168455208333333,0.0373454,48.0,resident,380.0,2.0,2.0,0.0,14.0,0.0,203.0,6.0,599.0,8.0,396.0,P3,0.0018248420770734363,203.0,6.0,599.0
lessap2,138,Charadrius mongolus,メダイチドリ,Anarhynchus mongolus,Siberian Sand-Plover,CHARADRIIFORMES,CHARADRIIDAE,Siberian Sand-Plover,0.013329525,0.0532826,48.0,summer,107.0,8.0,0.0,0.0,5.0,0.0,48.0,9.0,160.0,17.0,112.0,P3,0.0018160486923794604,48.0,9.0,160.0
stseag,360,Haliaeetus pelagicus,オオワシ,Haliaeetus pelagicus,Steller's Sea-Eagle,ACCIPITRIFORMES,ACCIPITRIDAE,Steller's Sea-Eagle,0.0099667874999999,0.0550733,33.0,winter,12.0,4.0,0.0,0.0,2.0,0.0,29.0,12.0,43.0,16.0,14.0,P1,0.0018148314103050066,29.0,12.0,43.0
comgre,198,Tringa nebularia,アオアシシギ,Tringa nebularia,Common Greenshank,CHARADRIIFORMES,SCOLOPACIDAE,Common Greenshank,0.02046535,0.062411,48.0,resident,1487.0,4.0,31.0,2.0,245.0,5.0,1139.0,17.0,2902.0,28.0,1763.0,P3,0.0017790038258668518,1139.0,17.0,2902.0
eurspa1,353,Accipiter nisus,ハイタカ,Accipiter nisus,Eurasian Sparrowhawk,ACCIPITRIFORMES,ACCIPITRIDAE,Eurasian Sparrowhawk,0.01785335,0.0457306,48.0,resident,284.0,0.0,64.0,0.0,316.0,1.0,384.0,4.0,1048.0,5.0,664.0,P3,0.0017789000757887055,384.0,4.0,1048.0
lescuc1,80,Cuculus poliocephalus,ホトトギス,Cuculus poliocephalus,Lesser Cuckoo,CUCULIFORMES,CUCULIDAE,Lesser Cuckoo,0.01613534375,0.1098714,27.0,summer,110.0,17.0,4.0,1.0,109.0,71.0,339.0,114.0,562.0,203.0,223.0,P3,0.001765441554826985,339.0,114.0,562.0
reebun,637,Emberiza schoeniclus,オオジュリン,Emberiza schoeniclus,Reed Bunting,PASSERIFORMES,EMBERIZIDAE,Reed Bunting,0.0214304958333333,0.0587515,48.0,resident,2118.0,6.0,143.0,1.0,816.0,2.0,1479.0,13.0,4556.0,22.0,3077.0,P3,0.0017632194560435485,1479.0,13.0,4556.0
brambl,597,Fringilla montifringilla,アトリ,Fringilla montifringilla,Brambling,PASSERIFORMES,FRINGILLIDAE,Brambling,0.0195180333333333,0.0458071,35.0,winter,1172.0,2.0,62.0,0.0,346.0,1.0,708.0,7.0,2288.0,10.0,1580.0,P3,0.0017487503541723664,708.0,7.0,2288.0
ryumin1,412,Pericrocotus tegimae,リュウキュウサンショウクイ,Pericrocotus tegimae,Ryukyu Minivet,PASSERIFORMES,CAMPEPHAGIDAE,Ryukyu Minivet,0.0115795479166666,0.0263964,48.0,resident,22.0,15.0,0.0,0.0,4.0,4.0,78.0,44.0,104.0,63.0,26.0,P3,0.0017211184339750618,78.0,44.0,104.0
comsni,183,Gallinago gallinago,タシギ,Gallinago gallinago,Common Snipe,CHARADRIIFORMES,SCOLOPACIDAE,Common Snipe,0.0209141395833333,0.0431104,41.0,resident,2212.0,1.0,55.0,0.0,1097.0,4.0,1241.0,2.0,4605.0,7.0,3364.0,P3,0.0017185543618879833,1241.0,2.0,4605.0
brodip1,573,Cinclus pallasii,カワガラス,Cinclus pallasii,Brown Dipper,PASSERIFORMES,CINCLIDAE,Brown Dipper,0.0120944583333333,0.022245,48.0,resident,43.0,1.0,0.0,0.0,6.0,4.0,89.0,7.0,138.0,12.0,49.0,P3,0.0016964480586037958,89.0,7.0,138.0
livbul1,457,Pycnonotus sinensis,シロガシラ,Pycnonotus sinensis,Light-vented Bulbul,PASSERIFORMES,PYCNONOTIDAE,Light-vented Bulbul,0.0188369916666666,0.0368696,48.0,resident,382.0,7.0,130.0,0.0,634.0,14.0,1178.0,64.0,2324.0,85.0,1146.0,P3,0.0016843352831291257,1178.0,64.0,2324.0
harduc,48,Histrionicus histrionicus,シノリガモ,Histrionicus histrionicus,Harlequin Duck,ANSERIFORMES,ANATIDAE,Harlequin Duck,0.0119843875,0.0460998,48.0,winter,37.0,2.0,1.0,0.0,6.0,0.0,98.0,1.0,142.0,3.0,44.0,P3,0.0016714801755372901,98.0,1.0,142.0
dunlin,165,Calidris alpina,ハマシギ,Calidris alpina,Dunlin,CHARADRIIFORMES,SCOLOPACIDAE,Dunlin,0.0189660875,0.0422402,47.0,resident,1503.0,1.0,6.0,0.0,47.0,0.0,1237.0,2.0,2793.0,3.0,1556.0,P3,0.0016566247006178155,1237.0,2.0,2793.0
wiltit1,445,Poecile montanus,コガラ,Poecile montanus,Willow Tit,PASSERIFORMES,PARIDAE,Willow Tit,0.0194784854166666,0.0319382,48.0,resident,1467.0,18.0,209.0,0.0,1074.0,1.0,879.0,63.0,3629.0,82.0,2750.0,P3,0.0016470688614474709,879.0,63.0,3629.0
chebun2,622,Emberiza fucata,ホオアカ,Emberiza fucata,Chestnut-eared Bunting,PASSERIFORMES,EMBERIZIDAE,Chestnut-eared Bunting,0.0117503666666666,0.0385779,48.0,resident,64.0,14.0,0.0,0.0,1.0,1.0,74.0,28.0,139.0,43.0,65.0,P3,0.0016458130331562968,74.0,28.0,139.0
fotswi,69,Apus pacificus,アマツバメ,Apus pacificus,Pacific Swift,APODIFORMES,APODIDAE,Pacific Swift,0.0110544020833333,0.0342549,39.0,summer,56.0,5.0,1.0,0.0,8.0,0.0,52.0,13.0,117.0,18.0,65.0,P3,0.0016032914085360398,52.0,13.0,117.0
y00621,463,Cecropis daurica,コシアカツバメ,Cecropis daurica,Eastern Red-rumped Swallow,PASSERIFORMES,HIRUNDINIDAE,Eastern Red-rumped Swallow,0.015312425,0.0405608,40.0,summer,338.0,0.0,5.0,0.0,37.0,0.0,458.0,11.0,838.0,11.0,380.0,P3,0.0015762855666096912,458.0,11.0,838.0
perfal,407,Falco peregrinus,ハヤブサ,Falco peregrinus,Peregrine Falcon,FALCONIFORMES,FALCONIDAE,Peregrine Falcon,0.0182205666666666,0.0392062,48.0,resident,563.0,0.0,122.0,0.0,622.0,0.0,1848.0,4.0,3155.0,4.0,1307.0,P3,0.0015674497603145995,1848.0,4.0,3155.0
rorpar,19,Psittacula krameri,ホンセイインコ,Psittacula krameri,Rose-ringed Parakeet,PSITTACIFORMES,PSITTACULIDAE,Rose-ringed Parakeet,0.0194952166666666,0.0279078,48.0,resident,719.0,0.0,193.0,0.0,1554.0,6.0,3799.0,8.0,6265.0,14.0,2466.0,P3,0.0015455761722225803,3799.0,8.0,6265.0
japspa1,352,Accipiter gularis,ツミ,Tachyspiza gularis,Japanese Sparrowhawk,ACCIPITRIFORMES,ACCIPITRIDAE,Japanese Sparrowhawk,0.0086607208333333,0.025817,48.0,resident,21.0,6.0,1.0,1.0,4.0,4.0,28.0,20.0,54.0,31.0,26.0,P2,0.0014913365808654107,28.0,20.0,54.0
japthr1,523,Turdus cardis,クロツグミ,Turdus cardis,Japanese Thrush,PASSERIFORMES,TURDIDAE,Japanese Thrush,0.0116625708333333,0.0549558,43.0,summer,88.0,25.0,0.0,0.0,4.0,4.0,133.0,103.0,225.0,132.0,92.0,P3,0.0014901295062915005,133.0,103.0,225.0
whoswa,17,Cygnus cygnus,オオハクチョウ,Cygnus cygnus,Whooper Swan,ANSERIFORMES,ANATIDAE,Whooper Swan,0.0163947583333333,0.051231,48.0,winter,1098.0,12.0,30.0,0.0,1083.0,11.0,365.0,41.0,2576.0,64.0,2211.0,P3,0.0014467618652097977,365.0,41.0,2576.0
comgol,55,Bucephala clangula,ホオジロガモ,Bucephala clangula,Common Goldeneye,ANSERIFORMES,ANATIDAE,Common Goldeneye,0.0142789770833333,0.0543617,43.0,winter,352.0,0.0,8.0,0.0,58.0,0.0,646.0,1.0,1064.0,1.0,418.0,P3,0.0014196648274250314,646.0,1.0,1064.0
categr2,332,Bubulcus ibis,アマサギ,Ardea coromanda,Eastern Cattle-Egret,PELECANIFORMES,ARDEIDAE,Eastern Cattle-Egret,0.0126751749999999,0.0310869,48.0,resident,351.0,0.0,2.0,0.0,44.0,0.0,151.0,0.0,548.0,0.0,397.0,P3,0.0013923733124517083,151.0,0.0,548.0
winwre4,503,Troglodytes troglodytes,ミソサザイ,Troglodytes troglodytes,Eurasian Wren,PASSERIFORMES,TROGLODYTIDAE,Eurasian Wren,0.0207088083333333,0.0431229,48.0,resident,5505.0,33.0,837.0,1.0,46237.0,14.0,5444.0,118.0,58023.0,166.0,52579.0,P3,0.0013086641736645653,5444.0,118.0,58023.0
olbpip,591,Anthus hodgsoni,ビンズイ,Anthus hodgsoni,Olive-backed Pipit,PASSERIFORMES,MOTACILLIDAE,Olive-backed Pipit,0.01382210625,0.033366,48.0,resident,939.0,12.0,3.0,0.0,45.0,4.0,530.0,41.0,1517.0,57.0,987.0,P3,0.0013078085894548449,530.0,41.0,1517.0
reccra1,114,Grus japonensis,タンチョウ,Grus japonensis,Red-crowned Crane,GRUIFORMES,GRUIDAE,Red-crowned Crane,0.0088839999999999,0.0249039,48.0,resident,51.0,37.0,0.0,0.0,5.0,5.0,62.0,50.0,118.0,92.0,56.0,P3,0.0012862517332543897,62.0,50.0,118.0
pagplo,130,Pluvialis fulva,ムナグロ,Pluvialis fulva,Pacific Golden-Plover,CHARADRIIFORMES,CHARADRIIDAE,Pacific Golden-Plover,0.0120525729166666,0.0406755,48.0,resident,201.0,2.0,3.0,0.0,22.0,0.0,480.0,4.0,706.0,6.0,226.0,P3,0.0012730328542849931,480.0,4.0,706.0
bkwsti,124,Himantopus himantopus,セイタカシギ,Himantopus himantopus,Black-winged Stilt,CHARADRIIFORMES,RECURVIROSTRIDAE,Black-winged Stilt,0.0148311395833333,0.0472235,48.0,resident,1007.0,4.0,41.0,0.0,606.0,1.0,1782.0,9.0,3436.0,14.0,1654.0,P3,0.0012625089699875203,1782.0,9.0,3436.0
whimbr,144,Numenius phaeopus,チュウシャクシギ,Numenius phaeopus,Whimbrel,CHARADRIIFORMES,SCOLOPACIDAE,Whimbrel,0.0133348270833333,0.0778023,48.0,summer,1535.0,4.0,25.0,0.0,163.0,0.0,0.0,0.0,1723.0,4.0,1723.0,P3,0.0012401743875769793,0.0,0.0,1723.0
asistu1,466,Urosphena squameiceps,ヤブサメ,Urosphena squameiceps,Asian Stubtail,PASSERIFORMES,CETTIIDAE,Asian Stubtail,0.0109076875,0.0468246,48.0,summer,124.0,21.0,7.0,6.0,39.0,32.0,329.0,124.0,499.0,183.0,170.0,P3,0.0012161994364955095,329.0,124.0,499.0
whwsco1,51,Melanitta stejnegeri,ビロードキンクロ,Melanitta stejnegeri,Stejneger's Scoter,ANSERIFORMES,ANATIDAE,Stejneger's Scoter,0.0034142187499999,0.0156539,46.0,winter,4.0,0.0,0.0,0.0,0.0,0.0,1.0,0.0,5.0,0.0,4.0,P1,0.001216169257108932,1.0,0.0,5.0
reblei,25,Leiothrix lutea,ソウシチョウ,Leiothrix lutea,Red-billed Leiothrix,PASSERIFORMES,LEIOTHRICHIDAE,Red-billed Leiothrix,0.01236008125,0.0224588,48.0,resident,237.0,10.0,22.0,1.0,162.0,8.0,883.0,59.0,1304.0,78.0,421.0,P3,0.0011941023933398672,883.0,59.0,1304.0
gysfly1,533,Muscicapa griseisticta,エゾビタキ,Muscicapa griseisticta,Gray-streaked Flycatcher,PASSERIFORMES,MUSCICAPIDAE,Gray-streaked Flycatcher,0.0068505270833333,0.0769608,22.0,passage,13.0,0.0,0.0,0.0,1.0,0.0,38.0,4.0,52.0,4.0,14.0,P2,0.0011903841874854968,38.0,4.0,52.0
bkbplo,131,Pluvialis squatarola,ダイゼン,Pluvialis squatarola,Black-bellied Plover,CHARADRIIFORMES,CHARADRIIDAE,Black-bellied Plover,0.0132521437499999,0.0361148,48.0,resident,851.0,0.0,15.0,0.0,80.0,0.0,1507.0,3.0,2453.0,3.0,946.0,P3,0.0011767646538018268,1507.0,3.0,2453.0
ashmin1,411,Pericrocotus divaricatus,サンショウクイ,Pericrocotus divaricatus,Ashy Minivet,PASSERIFORMES,CAMPEPHAGIDAE,Ashy Minivet,0.0095876458333333,0.0556568,35.0,summer,79.0,9.0,2.0,1.0,16.0,5.0,210.0,39.0,307.0,54.0,97.0,P3,0.0011591233377926842,210.0,39.0,307.0
oristo1,306,Ciconia boyciana,コウノトリ,Ciconia boyciana,Oriental Stork,CICONIIFORMES,CICONIIDAE,Oriental Stork,0.0038411416666666,0.0080314,48.0,resident,4.0,0.0,0.0,0.0,0.0,0.0,4.0,2.0,8.0,2.0,4.0,P1,0.001156298859261384,4.0,2.0,8.0
tersan,184,Xenus cinereus,ソリハシシギ,Xenus cinereus,Terek Sandpiper,CHARADRIIFORMES,SCOLOPACIDAE,Terek Sandpiper,0.0093575416666666,0.0598745,39.0,summer,167.0,1.0,4.0,1.0,27.0,2.0,73.0,4.0,271.0,8.0,198.0,P3,0.00115628598556993,73.0,4.0,271.0
blksco2,52,Melanitta americana,クロガモ,Melanitta americana,Black Scoter,ANSERIFORMES,ANATIDAE,Black Scoter,0.0099786166666666,0.0466771,48.0,winter,85.0,2.0,2.0,0.0,16.0,1.0,292.0,5.0,395.0,8.0,103.0,P3,0.0011558695955221855,292.0,5.0,395.0
maspet2,279,Hydrobates matsudairae,クロウミツバメ,Hydrobates matsudairae,Matsudaira's Storm-Petrel,PROCELLARIIFORMES,HYDROBATIDAE,Matsudaira's Storm-Petrel,0.0011554604166666,0.0201198,23.0,summer,0.0,0.0,0.0,0.0,0.0,0.0,0.0,0.0,0.0,0.0,0.0,P1,0.0011554604166666,0.0,0.0,0.0
grybun,634,Emberiza variabilis,クロジ,Emberiza variabilis,Gray Bunting,PASSERIFORMES,EMBERIZIDAE,Gray Bunting,0.0068895520833333,0.0157962,48.0,resident,16.0,8.0,0.0,0.0,2.0,0.0,44.0,43.0,62.0,51.0,18.0,P2,0.00114825868055555,44.0,43.0,62.0
litter1,233,Sternula albifrons,コアジサシ,Sternula albifrons,Little Tern,CHARADRIIFORMES,LARIDAE,Little Tern,0.0112059020833333,0.0506098,35.0,summer,471.0,5.0,5.0,0.0,21.0,0.0,402.0,10.0,899.0,15.0,497.0,P3,0.0011416672936361892,402.0,10.0,899.0
oricuc2,82,Cuculus optatus,ツツドリ,Cuculus optatus,Oriental Cuckoo,CUCULIFORMES,CUCULIDAE,Oriental Cuckoo,0.0106651124999999,0.0646844,32.0,summer,160.0,28.0,46.0,5.0,225.0,31.0,280.0,73.0,711.0,137.0,431.0,P3,0.0011252779613255017,280.0,73.0,711.0
jawpig1,86,Columba janthina,カラスバト,Columba janthina,Black Wood-Pigeon,COLUMBIFORMES,COLUMBIDAE,Black Wood-Pigeon,0.0065014145833333,0.0281789,48.0,resident,22.0,22.0,1.0,1.0,2.0,2.0,39.0,38.0,64.0,63.0,25.0,P2,0.0010756106327532715,39.0,38.0,64.0
houswi1,70,Apus nipalensis,ヒメアマツバメ,Apus nipalensis,House Swift,APODIFORMES,APODIDAE,House Swift,0.0088245479166666,0.0178105,48.0,resident,83.0,1.0,3.0,0.0,33.0,2.0,192.0,0.0,311.0,3.0,119.0,P3,0.001064478631424555,192.0,0.0,311.0
japfly1,419,Terpsiphone atrocaudata,サンコウチョウ,Terpsiphone atrocaudata,Black Paradise-Flycatcher,PASSERIFORMES,MONARCHIDAE,Black Paradise-Flycatcher,0.0078318333333333,0.0352982,29.0,summer,51.0,19.0,0.0,0.0,13.0,13.0,129.0,30.0,193.0,62.0,64.0,P3,0.0010295114068042924,129.0,30.0,193.0
mewgul,222,Larus canus,カモメ,Larus canus,Common Gull,CHARADRIIFORMES,LARIDAE,Common Gull,0.0105083145833333,0.0391348,47.0,winter,735.0,0.0,27.0,0.0,219.0,0.0,318.0,2.0,1299.0,2.0,981.0,P3,0.0010157470232175958,318.0,2.0,1299.0
rudtur,152,Arenaria interpres,キョウジョシギ,Arenaria interpres,Ruddy Turnstone,CHARADRIIFORMES,SCOLOPACIDAE,Ruddy Turnstone,0.0103638145833333,0.0571468,48.0,summer,559.0,2.0,7.0,0.0,41.0,2.0,602.0,3.0,1209.0,7.0,607.0,P3,0.001011895297215228,602.0,3.0,1209.0
comcuc,83,Cuculus canorus,カッコウ,Cuculus canorus,Common Cuckoo,CUCULIFORMES,CUCULIDAE,Common Cuckoo,0.0130185770833333,0.0987141,29.0,summer,2373.0,5.0,670.0,13.0,5007.0,51.0,2275.0,97.0,10325.0,166.0,8050.0,P3,0.0009763346823161705,2275.0,97.0,10325.0
lotsti,161,Calidris subminuta,ヒバリシギ,Calidris subminuta,Long-toed Stint,CHARADRIIFORMES,SCOLOPACIDAE,Long-toed Stint,0.0058582333333333,0.0299715,44.0,resident,30.0,6.0,0.0,0.0,0.0,0.0,33.0,2.0,63.0,8.0,30.0,P2,0.000972745855983742,33.0,2.0,63.0
russpa2,574,Passer cinnamomeus,ニュウナイスズメ,Passer cinnamomeus,Russet Sparrow,PASSERIFORMES,PASSERIDAE,Russet Sparrow,0.0085382833333333,0.0270424,48.0,resident,110.0,10.0,1.0,0.0,9.0,2.0,321.0,23.0,441.0,35.0,120.0,P3,0.0009712348003981435,321.0,23.0,441.0
glagul,224,Larus hyperboreus,シロカモメ,Larus hyperboreus,Glaucous Gull,CHARADRIIFORMES,LARIDAE,Glaucous Gull,0.0072663375,0.0334424,43.0,winter,68.0,4.0,0.0,0.0,2.0,0.0,115.0,0.0,185.0,4.0,70.0,P3,0.0009628248465141762,115.0,0.0,185.0
saugul2,214,Saundersilarus saundersi,ズグロカモメ,Saundersilarus saundersi,Saunders's Gull,CHARADRIIFORMES,LARIDAE,Saunders's Gull,0.0048364770833333,0.0154445,44.0,winter,0.0,0.0,0.0,0.0,6.0,6.0,30.0,17.0,36.0,23.0,6.0,P1,0.0009215975393988817,30.0,17.0,36.0
woosan,196,Tringa glareola,タカブシギ,Tringa glareola,Wood Sandpiper,CHARADRIIFORMES,SCOLOPACIDAE,Wood Sandpiper,0.0103602291666666,0.0444814,46.0,resident,1171.0,3.0,21.0,0.0,159.0,0.0,1198.0,6.0,2549.0,9.0,1351.0,P3,0.0009154695648517757,1198.0,6.0,2549.0
sander,164,Calidris alba,ミユビシギ,Calidris alba,Sanderling,CHARADRIIFORMES,SCOLOPACIDAE,Sanderling,0.0089233208333333,0.0297947,45.0,resident,347.0,0.0,3.0,0.0,22.0,1.0,516.0,1.0,888.0,2.0,372.0,P3,0.0009107602676196481,516.0,1.0,888.0
bncrai1,96,Rallus indicus,クイナ,Rallus indicus,Brown-cheeked Rail,GRUIFORMES,RALLIDAE,Brown-cheeked Rail,0.0062117916666666,0.0160522,48.0,winter,40.0,7.0,0.0,0.0,7.0,4.0,67.0,16.0,114.0,27.0,47.0,P3,0.0009057755731723267,67.0,16.0,114.0
shtalb,276,Phoebastria albatrus,アホウドリ,Phoebastria albatrus,Short-tailed Albatross,PROCELLARIIFORMES,DIOMEDEIDAE,Short-tailed Albatross,0.00209250625,0.0141635,41.0,passage,0.0,0.0,0.0,0.0,0.0,0.0,3.0,0.0,3.0,0.0,0.0,P1,0.000901193389497063,3.0,0.0,3.0
grekno,153,Calidris tenuirostris,オバシギ,Calidris tenuirostris,Great Knot,CHARADRIIFORMES,SCOLOPACIDAE,Great Knot,0.00434508125,0.0264208,34.0,summer,5.0,0.0,0.0,0.0,1.0,1.0,21.0,0.0,27.0,1.0,6.0,P1,0.000894421212095725,21.0,0.0,27.0
rhiauk,263,Cerorhinca monocerata,ウトウ,Cerorhinca monocerata,Rhinoceros Auklet,CHARADRIIFORMES,ALCIDAE,Rhinoceros Auklet,0.0038054458333333,0.0184316,47.0,summer,1.0,1.0,0.0,0.0,1.0,0.0,16.0,0.0,18.0,1.0,2.0,P1,0.0008804972571929096,16.0,0.0,18.0
whgpig1,94,Treron formosae,ズアカアオバト,Treron formosae,Whistling Green-Pigeon,COLUMBIFORMES,COLUMBIDAE,Whistling Green-Pigeon,0.0057294312499999,0.0212814,48.0,resident,8.0,0.0,1.0,1.0,3.0,3.0,77.0,27.0,89.0,31.0,12.0,P2,0.0008803952132430794,77.0,27.0,89.0
mutswa,14,Cygnus olor,コブハクチョウ,Cygnus olor,Mute Swan,ANSERIFORMES,ANATIDAE,Mute Swan,0.0097135854166666,0.0267208,48.0,resident,1476.0,0.0,34.0,0.0,714.0,6.0,0.0,0.0,2224.0,6.0,2224.0,P3,0.0008735051825157909,0.0,0.0,2224.0
whbwoo1,396,Dendrocopos leucotos,オオアカゲラ,Dendrocopos leucotos,White-backed Woodpecker,PICIFORMES,PICIDAE,White-backed Woodpecker,0.0086309770833333,0.0210004,48.0,resident,560.0,36.0,7.0,0.0,107.0,7.0,301.0,80.0,975.0,123.0,674.0,P3,0.0008689881661713766,301.0,80.0,975.0
grnsan,190,Tringa ochropus,クサシギ,Tringa ochropus,Green Sandpiper,CHARADRIIFORMES,SCOLOPACIDAE,Green Sandpiper,0.0101916874999999,0.0215947,44.0,resident,1743.0,1.0,59.0,0.0,453.0,1.0,1416.0,4.0,3671.0,6.0,2255.0,P3,0.0008605850303823144,1416.0,4.0,3671.0
troshe4,303,Puffinus bannermani,オガサワラミズナギドリ,Puffinus bannermani,Bannerman's Shearwater,PROCELLARIIFORMES,PROCELLARIIDAE,Bannerman's Shearwater,0.0008596125,0.0096759,25.0,summer,0.0,0.0,0.0,0.0,0.0,0.0,0.0,0.0,0.0,0.0,0.0,P1,0.0008596125,0.0,0.0,0.0
rubcra1,103,Zapornia fusca,ヒクイナ,Zapornia fusca,Ruddy-breasted Crake,GRUIFORMES,RALLIDAE,Ruddy-breasted Crake,0.0078152916666666,0.0146365,48.0,resident,64.0,0.0,2.0,2.0,18.0,6.0,468.0,24.0,552.0,32.0,84.0,P3,0.0008575282824853639,468.0,24.0,552.0
brnboo,311,Sula leucogaster,カツオドリ,Sula leucogaster,Brown Booby,SULIFORMES,SULIDAE,Brown Booby,0.0051107354166666,0.0245738,48.0,resident,30.0,0.0,0.0,0.0,1.0,0.0,37.0,3.0,68.0,3.0,31.0,P2,0.0008338227167088714,37.0,3.0,68.0
japacc1,579,Prunella rubida,カヤクグリ,Prunella rubida,Japanese Accentor,PASSERIFORMES,PRUNELLIDAE,Japanese Accentor,0.0042527458333333,0.0099517,48.0,resident,4.0,4.0,0.0,0.0,2.0,2.0,27.0,27.0,33.0,33.0,6.0,P1,0.0008291111680295354,27.0,27.0,33.0
batgod,149,Limosa lapponica,オオソリハシシギ,Limosa lapponica,Bar-tailed Godwit,CHARADRIIFORMES,SCOLOPACIDAE,Bar-tailed Godwit,0.0075065854166666,0.0287932,47.0,summer,353.0,0.0,3.0,0.0,10.0,1.0,201.0,3.0,567.0,4.0,366.0,P3,0.0008201870402860813,201.0,3.0,567.0
euroys1,123,Haematopus ostralegus,ミヤコドリ,Haematopus ostralegus,Eurasian Oystercatcher,CHARADRIIFORMES,HAEMATOPODIDAE,Eurasian Oystercatcher,0.0094309187499999,0.0179404,48.0,resident,1558.0,1.0,79.0,0.0,472.0,9.0,966.0,12.0,3075.0,22.0,2109.0,P3,0.0008139007056003616,966.0,12.0,3075.0
eurbul,602,Pyrrhula pyrrhula,ウソ,Pyrrhula pyrrhula,Eurasian Bullfinch,PASSERIFORMES,FRINGILLIDAE,Eurasian Bullfinch,0.0094175645833333,0.019858,48.0,resident,1788.0,5.0,244.0,0.0,1656.0,1.0,1100.0,23.0,4788.0,29.0,3688.0,P3,0.000770301896485476,1100.0,23.0,4788.0
bkfalb,275,Phoebastria nigripes,クロアシアホウドリ,Phoebastria nigripes,Black-footed Albatross,PROCELLARIIFORMES,DIOMEDEIDAE,Black-footed Albatross,0.0050854916666666,0.0293087,48.0,resident,23.0,0.0,0.0,0.0,4.0,0.0,69.0,6.0,96.0,6.0,27.0,P2,0.0007688155318242597,69.0,6.0,96.0
rudkin1,380,Halcyon coromanda,アカショウビン,Halcyon coromanda,Ruddy Kingfisher,CORACIIFORMES,ALCEDINIDAE,Ruddy Kingfisher,0.00661733125,0.0353564,27.0,summer,129.0,43.0,4.0,4.0,20.0,19.0,240.0,72.0,393.0,138.0,153.0,P3,0.000767163762468135,240.0,72.0,393.0
scathr2,514,Zoothera aurea,トラツグミ,Zoothera aurea,White's Thrush,PASSERIFORMES,TURDIDAE,White's Thrush,0.0060690479166666,0.0212039,48.0,resident,112.0,12.0,4.0,1.0,57.0,18.0,77.0,55.0,250.0,86.0,173.0,P3,0.0007607916451305739,77.0,55.0,250.0
strher,330,Butorides striata,ササゴイ,Butorides striata,Striated Heron,PELECANIFORMES,ARDEIDAE,Striated Heron,0.0070035583333333,0.0227008,48.0,summer,237.0,0.0,4.0,0.0,358.0,0.0,0.0,0.0,599.0,0.0,599.0,P3,0.0007586816734461275,0.0,0.0,599.0
goldcr1,502,Regulus regulus,キクイタダキ,Regulus regulus,Goldcrest,PASSERIFORMES,REGULIDAE,Goldcrest,0.0102763854166666,0.0185603,48.0,resident,2277.0,8.0,276.0,2.0,7651.0,5.0,2516.0,42.0,12720.0,57.0,10204.0,P3,0.00075367487158837,2516.0,42.0,12720.0
hoocra1,116,Grus monacha,ナベヅル,Grus monacha,Hooded Crane,GRUIFORMES,GRUIDAE,Hooded Crane,0.00456923125,0.0235026,29.0,winter,34.0,25.0,0.0,0.0,1.0,1.0,31.0,30.0,66.0,56.0,35.0,P2,0.0007505969841881613,31.0,30.0,66.0
whncra1,112,Antigone vipio,マナヅル,Antigone vipio,White-naped Crane,GRUIFORMES,GRUIDAE,White-naped Crane,0.0045034854166666,0.0238063,30.0,winter,36.0,13.0,0.0,0.0,1.0,1.0,30.0,22.0,67.0,36.0,37.0,P2,0.0007372460319233758,30.0,22.0,67.0
eurspo1,319,Platalea leucorodia,ヘラサギ,Platalea leucorodia,Eurasian Spoonbill,PELECANIFORMES,THRESKIORNITHIDAE,Eurasian Spoonbill,0.00522870625,0.0192049,48.0,winter,87.0,0.0,0.0,0.0,4.0,0.0,53.0,0.0,144.0,0.0,91.0,P3,0.0007272369731945856,53.0,0.0,144.0
norlap,127,Vanellus vanellus,タゲリ,Vanellus vanellus,Northern Lapwing,CHARADRIIFORMES,CHARADRIIDAE,Northern Lapwing,0.0086326458333333,0.0381413,33.0,winter,1469.0,0.0,117.0,0.0,1878.0,3.0,694.0,3.0,4158.0,6.0,3464.0,P3,0.0007180487211494423,694.0,3.0,4158.0
ryurob3,547,Larvivora namiyei,ホントウアカヒゲ,Larvivora namiyei,Okinawa Robin,PASSERIFORMES,MUSCICAPIDAE,Okinawa Robin,0.00449005,0.0140003,48.0,resident,34.0,34.0,0.0,0.0,1.0,1.0,44.0,42.0,79.0,77.0,35.0,P2,0.0007082265350058806,44.0,42.0,79.0
eursis,613,Spinus spinus,マヒワ,Spinus spinus,Eurasian Siskin,PASSERIFORMES,FRINGILLIDAE,Eurasian Siskin,0.00943134375,0.0229763,47.0,resident,1643.0,2.0,212.0,0.0,7976.0,1.0,1421.0,14.0,11252.0,17.0,9831.0,P3,0.0007007904932077308,1421.0,14.0,11252.0
bulpet,304,Bulweria bulwerii,アナドリ,Bulweria bulwerii,Bulwer's Petrel,PROCELLARIIFORMES,PROCELLARIIDAE,Bulwer's Petrel,0.0030020375,0.0231059,31.0,summer,9.0,0.0,0.0,0.0,0.0,0.0,9.0,0.0,18.0,0.0,9.0,P1,0.0006946060725885905,9.0,0.0,18.0
glwgul,223,Larus glaucescens,ワシカモメ,Larus glaucescens,Glaucous-winged Gull,CHARADRIIFORMES,LARIDAE,Glaucous-winged Gull,0.0062842895833333,0.0330155,47.0,winter,63.0,0.0,15.0,0.0,40.0,0.0,418.0,3.0,536.0,3.0,118.0,P3,0.0006927537515089452,418.0,3.0,536.0
yetbun1,626,Emberiza elegans,ミヤマホオジロ,Emberiza elegans,Yellow-throated Bunting,PASSERIFORMES,EMBERIZIDAE,Yellow-throated Bunting,0.0055613916666666,0.0153666,38.0,winter,114.0,0.0,1.0,1.0,16.0,14.0,139.0,69.0,270.0,84.0,131.0,P3,0.0006876559158084239,139.0,69.0,270.0
eurtre1,505,Certhia familiaris,キバシリ,Certhia familiaris,Eurasian Treecreeper,PASSERIFORMES,CERTHIIDAE,Eurasian Treecreeper,0.0080797979166666,0.014075,48.0,resident,1572.0,6.0,110.0,0.0,801.0,2.0,1251.0,30.0,3734.0,38.0,2483.0,P3,0.0006808467293879604,1251.0,30.0,3734.0
bbrwar1,485,Acrocephalus bistrigiceps,コヨシキリ,Acrocephalus bistrigiceps,Black-browed Reed Warbler,PASSERIFORMES,ACROCEPHALIDAE,Black-browed Reed Warbler,0.0065656583333333,0.0461422,29.0,summer,236.0,20.0,5.0,3.0,58.0,16.0,501.0,127.0,800.0,166.0,299.0,P3,0.0006805583442919208,501.0,127.0,800.0
tunswa,16,Cygnus columbianus,コハクチョウ,Cygnus columbianus,Tundra Swan,ANSERIFORMES,ANATIDAE,Tundra Swan,0.0076870208333333,0.0233683,43.0,winter,286.0,2.0,50.0,1.0,305.0,8.0,1900.0,37.0,2541.0,48.0,641.0,P3,0.0006795267216248328,1900.0,37.0,2541.0
latsni1,180,Gallinago hardwickii,オオジシギ,Gallinago hardwickii,Latham's Snipe,CHARADRIIFORMES,SCOLOPACIDAE,Latham's Snipe,0.00463344375,0.0313918,31.0,summer,34.0,23.0,0.0,0.0,7.0,4.0,84.0,40.0,125.0,67.0,41.0,P3,0.0006629922449885243,84.0,40.0,125.0
gwfgoo,12,Anser albifrons,マガン,Anser albifrons,Greater White-fronted Goose,ANSERIFORMES,ANATIDAE,Greater White-fronted Goose,0.0066756645833333,0.0202294,43.0,winter,726.0,1.0,54.0,1.0,366.0,4.0,0.0,0.0,1146.0,6.0,1146.0,P3,0.00065673641986966,0.0,0.0,1146.0
salwar1,479,Phylloscopus borealoides,エゾムシクイ,Phylloscopus borealoides,Sakhalin Leaf Warbler,PASSERIFORMES,PHYLLOSCOPIDAE,Sakhalin Leaf Warbler,0.0063455770833333,0.0539745,29.0,summer,172.0,16.0,4.0,2.0,63.0,13.0,703.0,86.0,942.0,117.0,239.0,P3,0.0006420931173612567,703.0,86.0,942.0
okirai1,99,Hypotaenidia okinawae,ヤンバルクイナ,Gallirallus okinawae,Okinawa Rail,GRUIFORMES,RALLIDAE,Okinawa Rail,0.0042071416666666,0.0131253,48.0,resident,37.0,37.0,1.0,1.0,2.0,2.0,64.0,61.0,104.0,101.0,40.0,P3,0.0006253257146958558,64.0,61.0,104.0
norboo1,367,Ninox japonica,アオバズク,Ninox japonica,Northern Boobook,STRIGIFORMES,STRIGIDAE,Northern Boobook,0.00513319375,0.0168741,48.0,resident,58.0,21.0,13.0,9.0,47.0,32.0,194.0,80.0,312.0,142.0,118.0,P3,0.0006188581618618218,194.0,80.0,312.0
arcwar3,481,Phylloscopus xanthodryas,メボソムシクイ,Phylloscopus xanthodryas,Japanese Leaf Warbler,PASSERIFORMES,PHYLLOSCOPIDAE,Japanese Leaf Warbler,0.0043320958333333,0.0134491,28.0,summer,25.0,22.0,0.0,0.0,4.0,4.0,100.0,72.0,129.0,98.0,29.0,P3,0.0006159299436968797,100.0,72.0,129.0
faecur,146,Numenius madagascariensis,ホウロクシギ,Numenius madagascariensis,Far Eastern Curlew,CHARADRIIFORMES,SCOLOPACIDAE,Far Eastern Curlew,0.0042730145833333,0.0121025,48.0,resident,28.0,0.0,1.0,0.0,8.0,2.0,87.0,1.0,124.0,3.0,37.0,P3,0.000612418396593423,87.0,1.0,124.0
crekin1,386,Megaceryle lugubris,ヤマセミ,Megaceryle lugubris,Crested Kingfisher,CORACIIFORMES,ALCEDINIDAE,Crested Kingfisher,0.0033813104166666,0.0093923,48.0,resident,17.0,0.0,0.0,0.0,2.0,0.0,27.0,3.0,46.0,3.0,19.0,P1,0.0006054311763471983,27.0,3.0,46.0
japrob2,545,Larvivora akahige,コマドリ,Larvivora akahige,Japanese Robin,PASSERIFORMES,MUSCICAPIDAE,Japanese Robin,0.0045305395833333,0.0239731,39.0,summer,50.0,38.0,1.0,1.0,10.0,6.0,125.0,57.0,186.0,102.0,61.0,P3,0.0005997069691393211,125.0,57.0,186.0
rook1,434,Corvus frugilegus,ミヤマガラス,Corvus frugilegus,Rook,PASSERIFORMES,CORVIDAE,Rook,0.0066891854166666,0.0257857,35.0,winter,1008.0,1.0,107.0,0.0,781.0,2.0,768.0,15.0,2664.0,18.0,1896.0,P3,0.0005877780679015314,768.0,15.0,2664.0
norhar1,356,Circus cyaneus,ハイイロチュウヒ,Circus cyaneus,Hen Harrier,ACCIPITRIFORMES,ACCIPITRIDAE,Hen Harrier,0.0041289770833333,0.0151759,31.0,winter,60.0,0.0,0.0,0.0,52.0,0.0,19.0,0.0,131.0,0.0,112.0,P3,0.0005852320046830255,19.0,0.0,131.0
sakwar1,491,Locustella amnicola,エゾセンニュウ,Helopsaltes amnicola,Sakhalin Grasshopper Warbler,PASSERIFORMES,LOCUSTELLIDAE,Sakhalin Grasshopper Warbler,0.0038421708333333,0.033472,23.0,summer,27.0,21.0,1.0,0.0,19.0,5.0,51.0,45.0,98.0,71.0,47.0,P2,0.0005783043346492992,51.0,45.0,98.0
japmur1,257,Synthliboramphus wumizusume,カンムリウミスズメ,Synthliboramphus wumizusume,Japanese Murrelet,CHARADRIIFORMES,ALCIDAE,Japanese Murrelet,0.0017562479166666,0.0053274,43.0,resident,2.0,1.0,0.0,0.0,0.0,0.0,5.0,5.0,7.0,6.0,2.0,P1,0.0005540345326364217,5.0,5.0,7.0
rengre,118,Podiceps grisegena,アカエリカイツブリ,Podiceps grisegena,Red-necked Grebe,PODICIPEDIFORMES,PODICIPEDIDAE,Red-necked Grebe,0.0049350458333333,0.0177885,47.0,winter,163.0,0.0,7.0,0.0,58.0,0.0,314.0,0.0,542.0,0.0,228.0,P3,0.0005430609092487127,314.0,0.0,542.0
shtshe,297,Ardenna tenuirostris,ハシボソミズナギドリ,Ardenna tenuirostris,Short-tailed Shearwater,PROCELLARIIFORMES,PROCELLARIIDAE,Short-tailed Shearwater,0.0033976291666666,0.019289,44.0,summer,10.0,0.0,0.0,0.0,4.0,0.0,66.0,0.0,80.0,0.0,14.0,P2,0.0005344241249145244,66.0,0.0,80.0
taibeg1,11,Anser fabalis,ヒシクイ,Anser fabalis,Taiga Bean-Goose,ANSERIFORMES,ANATIDAE,Taiga Bean-Goose,0.0036741979166666,0.0123695,40.0,winter,119.0,0.0,0.0,0.0,7.0,1.0,0.0,0.0,126.0,1.0,126.0,P3,0.0005248854166666571,0.0,0.0,126.0
comshe,18,Tadorna tadorna,ツクシガモ,Tadorna tadorna,Common Shelduck,ANSERIFORMES,ANATIDAE,Common Shelduck,0.0052701041666666,0.0287403,33.0,winter,499.0,0.0,1.0,0.0,362.0,0.0,214.0,0.0,1076.0,0.0,862.0,P3,0.0005231318406786275,214.0,0.0,1076.0
okiwoo1,395,Dendrocopos noguchii,ノグチゲラ,Dendrocopos noguchii,Okinawa Woodpecker,PICIFORMES,PICIDAE,Okinawa Woodpecker,0.00315291875,0.0113752,48.0,resident,33.0,33.0,0.0,0.0,1.0,1.0,33.0,31.0,67.0,65.0,34.0,P2,0.00051615063053426,33.0,31.0,67.0
marsan,195,Tringa stagnatilis,コアオアシシギ,Tringa stagnatilis,Marsh Sandpiper,CHARADRIIFORMES,SCOLOPACIDAE,Marsh Sandpiper,0.00405263125,0.0182724,44.0,resident,140.0,0.0,1.0,0.0,8.0,0.0,118.0,0.0,267.0,0.0,149.0,P3,0.0005020938050581871,118.0,0.0,267.0
sibrob,544,Larvivora cyane,コルリ,Larvivora cyane,Siberian Blue Robin,PASSERIFORMES,MUSCICAPIDAE,Siberian Blue Robin,0.0044116520833333,0.034067,30.0,summer,164.0,18.0,1.0,1.0,66.0,15.0,229.0,91.0,460.0,125.0,231.0,P3,0.0004983932624718364,229.0,91.0,460.0
sibrub,543,Calliope calliope,ノゴマ,Calliope calliope,Siberian Rubythroat,PASSERIFORMES,MUSCICAPIDAE,Siberian Rubythroat,0.005129575,0.0272996,47.0,summer,406.0,20.0,26.0,1.0,137.0,1.0,785.0,47.0,1354.0,69.0,569.0,P3,0.0004929846478467609,785.0,47.0,1354.0
nutman,37,Lonchura punctulata,シマキンパラ,Lonchura punctulata,Scaly-breasted Munia,PASSERIFORMES,ESTRILDIDAE,Scaly-breasted Munia,0.0051731124999999,0.0152236,48.0,resident,170.0,2.0,22.0,0.0,89.0,0.0,1177.0,2.0,1458.0,4.0,281.0,P3,0.000492126543535618,1177.0,2.0,1458.0
whtnee,67,Hirundapus caudacutus,ハリオアマツバメ,Hirundapus caudacutus,White-throated Needletail,APODIFORMES,APODIDAE,White-throated Needletail,0.0023394395833333,0.008868,31.0,summer,8.0,2.0,0.0,0.0,2.0,0.0,15.0,0.0,25.0,2.0,10.0,P1,0.0004920073466025974,15.0,0.0,25.0
copphe1,63,Syrmaticus soemmerringii,ヤマドリ,Syrmaticus soemmerringii,Copper Pheasant,GALLIFORMES,PHASIANIDAE,Copper Pheasant,0.0020765979166666,0.0046277,48.0,resident,4.0,4.0,0.0,0.0,6.0,6.0,8.0,8.0,18.0,18.0,10.0,P1,0.0004804795154095964,8.0,8.0,18.0
japwax1,439,Bombycilla japonica,ヒレンジャク,Bombycilla japonica,Japanese Waxwing,PASSERIFORMES,BOMBYCILLIDAE,Japanese Waxwing,0.0031095375,0.0131142,33.0,winter,14.0,1.0,0.0,0.0,1.0,0.0,78.0,13.0,93.0,14.0,15.0,P2,0.000473303780992832,78.0,13.0,93.0
lidjay1,428,Garrulus lidthi,ルリカケス,Garrulus lidthi,Lidth's Jay,PASSERIFORMES,CORVIDAE,Lidth's Jay,0.0029030083333333,0.0131742,48.0,resident,38.0,38.0,0.0,0.0,0.0,0.0,36.0,33.0,74.0,71.0,38.0,P2,0.00046463540543435154,36.0,33.0,74.0
comred1,194,Tringa totanus,アカアシシギ,Tringa totanus,Common Redshank,CHARADRIIFORMES,SCOLOPACIDAE,Common Redshank,0.0054450083333333,0.0249169,48.0,resident,1857.0,5.0,33.0,0.0,259.0,0.0,1229.0,5.0,3378.0,10.0,2149.0,P3,0.00046447988835913854,1229.0,5.0,3378.0
eaywag,582,Motacilla tschutschensis,ツメナガセキレイ,Motacilla tschutschensis,Eastern Yellow Wagtail,PASSERIFORMES,MOTACILLIDAE,Eastern Yellow Wagtail,0.0048868520833333,0.0284765,47.0,resident,361.0,4.0,0.0,0.0,17.0,0.0,1095.0,3.0,1473.0,7.0,378.0,P3,0.0004642428572230765,1095.0,3.0,1473.0
eyethr,525,Turdus obscurus,マミチャジナイ,Turdus obscurus,Eyebrowed Thrush,PASSERIFORMES,TURDIDAE,Eyebrowed Thrush,0.0038327520833333,0.0209733,38.0,passage,194.0,1.0,2.0,0.0,4.0,0.0,151.0,9.0,351.0,10.0,200.0,P3,0.00045285532531076395,151.0,9.0,351.0
ryusco1,370,Otus elegans,リュウキュウコノハズク,Otus elegans,Ryukyu Scops-Owl,STRIGIFORMES,STRIGIDAE,Ryukyu Scops-Owl,0.0038120208333333,0.0121608,48.0,resident,94.0,61.0,2.0,0.0,20.0,11.0,242.0,92.0,358.0,164.0,116.0,P3,0.0004489032947332687,242.0,92.0,358.0
eurcur,148,Numenius arquata,ダイシャクシギ,Numenius arquata,Eurasian Curlew,CHARADRIIFORMES,SCOLOPACIDAE,Eurasian Curlew,0.0052407687499999,0.0122549,48.0,resident,2191.0,1.0,90.0,0.0,445.0,1.0,1012.0,4.0,3738.0,6.0,2726.0,P3,0.0004415575956093018,1012.0,4.0,3738.0
blfowl1,376,Ketupa blakistoni,シマフクロウ,Ketupa blakistoni,Blakiston's Fish-Owl,STRIGIFORMES,STRIGIDAE,Blakiston's Fish-Owl,0.0022499208333333,0.0086808,48.0,resident,0.0,0.0,0.0,0.0,0.0,0.0,33.0,0.0,33.0,0.0,0.0,P1,0.0004386423650051127,33.0,0.0,33.0
asrfin1,603,Leucosticte arctoa,ハギマシコ,Leucosticte arctoa,Asian Rosy-Finch,PASSERIFORMES,FRINGILLIDAE,Asian Rosy-Finch,0.0022360583333333,0.0106753,37.0,winter,12.0,3.0,0.0,0.0,2.0,2.0,21.0,2.0,35.0,7.0,14.0,P1,0.0004292308955266625,21.0,2.0,35.0
grsplo,137,Charadrius leschenaultii,オオメダイチドリ,Anarhynchus leschenaultii,Greater Sand-Plover,CHARADRIIFORMES,CHARADRIIDAE,Greater Sand-Plover,0.00323905625,0.0169163,48.0,summer,87.0,0.0,0.0,0.0,1.0,0.0,105.0,0.0,193.0,0.0,88.0,P3,0.00042578093975302714,105.0,0.0,193.0
ancmur,256,Synthliboramphus antiquus,ウミスズメ,Synthliboramphus antiquus,Ancient Murrelet,CHARADRIIFORMES,ALCIDAE,Ancient Murrelet,0.0025168166666666,0.00925,46.0,resident,5.0,0.0,0.0,0.0,0.0,0.0,56.0,0.0,61.0,0.0,5.0,P2,0.0004210638783657486,56.0,0.0,61.0
izuthr1,528,Turdus celaenops,アカコッコ,Turdus celaenops,Izu Thrush,PASSERIFORMES,TURDIDAE,Izu Thrush,0.0024678479166666,0.0102085,46.0,summer,21.0,21.0,0.0,0.0,0.0,0.0,37.0,32.0,58.0,53.0,21.0,P2,0.00041779137038720895,37.0,32.0,58.0
wetshe,294,Ardenna pacifica,オナガミズナギドリ,Ardenna pacifica,Wedge-tailed Shearwater,PROCELLARIIFORMES,PROCELLARIIDAE,Wedge-tailed Shearwater,0.0031398708333333,0.0234987,37.0,summer,38.0,2.0,1.0,0.0,38.0,0.0,111.0,0.0,188.0,2.0,77.0,P3,0.00041478609312940376,111.0,0.0,188.0
temsti,160,Calidris temminckii,オジロトウネン,Calidris temminckii,Temminck's Stint,CHARADRIIFORMES,SCOLOPACIDAE,Temminck's Stint,0.0035136229166666,0.0095147,42.0,resident,211.0,2.0,1.0,0.0,3.0,0.0,143.0,0.0,358.0,2.0,215.0,P3,0.00041376397787489384,143.0,0.0,358.0
orihob2,344,Pernis ptilorhynchus,ハチクマ,Pernis ptilorhynchus,Oriental Honey-buzzard,ACCIPITRIFORMES,ACCIPITRIDAE,Oriental Honey-buzzard,0.00356234375,0.0405229,30.0,summer,109.0,13.0,0.0,0.0,12.0,1.0,268.0,5.0,389.0,19.0,121.0,P3,0.0004136956789526302,268.0,5.0,389.0
whbwat1,109,Amaurornis phoenicurus,シロハラクイナ,Amaurornis phoenicurus,White-breasted Waterhen,GRUIFORMES,RALLIDAE,White-breasted Waterhen,0.00465036875,0.0126538,48.0,resident,386.0,12.0,43.0,0.0,318.0,1.0,1964.0,23.0,2711.0,36.0,747.0,P3,0.0004077241750241875,1964.0,23.0,2711.0
shtsan,157,Calidris acuminata,ウズラシギ,Calidris acuminata,Sharp-tailed Sandpiper,CHARADRIIFORMES,SCOLOPACIDAE,Sharp-tailed Sandpiper,0.0025826458333333,0.0104662,34.0,summer,14.0,0.0,0.0,0.0,0.0,0.0,75.0,0.0,89.0,0.0,14.0,P2,0.0003968542303686532,75.0,0.0,89.0
ruff,155,Calidris pugnax,エリマキシギ,Calidris pugnax,Ruff,CHARADRIIFORMES,SCOLOPACIDAE,Ruff,0.0023121249999999,0.0166508,40.0,passage,51.0,0.0,0.0,0.0,1.0,0.0,7.0,0.0,59.0,0.0,52.0,P2,0.0003898545608074459,7.0,0.0,59.0
lotduc,53,Clangula hyemalis,コオリガモ,Clangula hyemalis,Long-tailed Duck,ANSERIFORMES,ANATIDAE,Long-tailed Duck,0.00390075,0.0224847,29.0,winter,202.0,1.0,15.0,0.0,76.0,0.0,800.0,2.0,1093.0,3.0,293.0,P3,0.0003863385210254155,800.0,2.0,1093.0
gargan,24,Spatula querquedula,シマアジ,Spatula querquedula,Garganey,ANSERIFORMES,ANATIDAE,Garganey,0.0032881354166666,0.0109477,45.0,resident,262.0,0.0,2.0,0.0,21.0,0.0,92.0,1.0,377.0,1.0,285.0,P3,0.00038385648771469086,92.0,1.0,377.0
uraowl1,377,Strix uralensis,フクロウ,Strix uralensis,Ural Owl,STRIGIFORMES,STRIGIDAE,Ural Owl,0.0036502458333333,0.009677,48.0,resident,430.0,22.0,36.0,1.0,193.0,13.0,136.0,0.0,795.0,36.0,659.0,P3,0.0003787176535598334,136.0,0.0,795.0
amawoo1,177,Scolopax mira,アマミヤマシギ,Scolopax mira,Amami Woodcock,CHARADRIIFORMES,SCOLOPACIDAE,Amami Woodcock,0.0011264958333333,0.004504,45.0,resident,3.0,3.0,0.0,0.0,0.0,0.0,3.0,3.0,6.0,6.0,3.0,P1,0.0003754986111111,3.0,3.0,6.0
banswa,458,Riparia riparia,ショウドウツバメ,Riparia riparia,Bank Swallow,PASSERIFORMES,HIRUNDINIDAE,Bank Swallow,0.0039276875,0.0134955,41.0,summer,455.0,3.0,30.0,0.0,150.0,0.0,863.0,0.0,1498.0,3.0,635.0,P3,0.00037226630302997373,863.0,0.0,1498.0
bonpet,291,Pterodroma hypoleuca,シロハラミズナギドリ,Pterodroma hypoleuca,Bonin Petrel,PROCELLARIIFORMES,PROCELLARIIDAE,Bonin Petrel,0.0021201729166666,0.0184303,35.0,summer,36.0,0.0,0.0,0.0,0.0,0.0,14.0,0.0,50.0,0.0,36.0,P2,0.00037193146871097627,14.0,0.0,50.0
migwar,494,Locustella ochotensis,シマセンニュウ,Helopsaltes ochotensis,Middendorff's Grasshopper Warbler,PASSERIFORMES,LOCUSTELLIDAE,Middendorff's Grasshopper Warbler,0.0024580854166666,0.0152266,25.0,summer,40.0,12.0,0.0,0.0,6.0,4.0,86.0,32.0,132.0,48.0,46.0,P3,0.00034787070335682457,86.0,32.0,132.0
layalb,274,Phoebastria immutabilis,コアホウドリ,Phoebastria immutabilis,Laysan Albatross,PROCELLARIIFORMES,DIOMEDEIDAE,Laysan Albatross,0.0027602520833333,0.0099668,48.0,resident,156.0,0.0,0.0,0.0,3.0,0.0,106.0,1.0,265.0,1.0,159.0,P3,0.00034243347059928416,106.0,1.0,265.0
cremyn,30,Acridotheres cristatellus,ハッカチョウ,Acridotheres cristatellus,Crested Myna,PASSERIFORMES,STURNIDAE,Crested Myna,0.0028498145833333,0.0052138,48.0,resident,81.0,0.0,4.0,0.0,42.0,2.0,219.0,2.0,346.0,4.0,127.0,P3,0.0003375380380947133,219.0,2.0,346.0
whiter2,243,Chlidonias hybrida,クロハラアジサシ,Chlidonias hybrida,Whiskered Tern,CHARADRIIFORMES,LARIDAE,Whiskered Tern,0.0032714895833333,0.0158994,46.0,summer,389.0,0.0,5.0,0.0,30.0,0.0,433.0,1.0,857.0,1.0,424.0,P3,0.0003356573925344796,433.0,1.0,857.0
baepoc1,40,Aythya baeri,アカハジロ,Aythya baeri,Baer's Pochard,ANSERIFORMES,ANATIDAE,Baer's Pochard,0.0003293875,0.0015292,25.0,passage,0.0,0.0,0.0,0.0,0.0,0.0,0.0,0.0,0.0,0.0,0.0,P1,0.0003293875,0.0,0.0,0.0
bklkit,206,Rissa tridactyla,ミツユビカモメ,Rissa tridactyla,Black-legged Kittiwake,CHARADRIIFORMES,LARIDAE,Black-legged Kittiwake,0.0030568333333333,0.009677,48.0,resident,305.0,0.0,6.0,0.0,52.0,0.0,268.0,0.0,631.0,0.0,363.0,P3,0.000328477656322207,268.0,0.0,631.0
eurwry,389,Jynx torquilla,アリスイ,Jynx torquilla,Eurasian Wryneck,PICIFORMES,PICIDAE,Eurasian Wryneck,0.0037669541666666,0.0114763,48.0,resident,732.0,0.0,211.0,2.0,1091.0,2.0,1036.0,7.0,3070.0,11.0,2034.0,P3,0.0003251589434520923,1036.0,7.0,3070.0
horgre,120,Podiceps auritus,ミミカイツブリ,Podiceps auritus,Horned Grebe,PODICIPEDIFORMES,PODICIPEDIDAE,Horned Grebe,0.0027085354166666,0.0090498,35.0,winter,157.0,0.0,0.0,0.0,12.0,0.0,153.0,0.0,322.0,0.0,169.0,P3,0.0003247702795289795,153.0,0.0,322.0
yelbit,322,Ixobrychus sinensis,ヨシゴイ,Botaurus sinensis,Yellow Bittern,PELECANIFORMES,ARDEIDAE,Yellow Bittern,0.0025851229166666,0.0120903,41.0,summer,57.0,0.0,0.0,0.0,7.0,0.0,194.0,6.0,258.0,6.0,64.0,P3,0.0003222393907779096,194.0,6.0,258.0
solpet1,284,Pterodroma solandri,ハジロミズナギドリ,Pterodroma solandri,Providence Petrel,PROCELLARIIFORMES,PROCELLARIIDAE,Providence Petrel,0.0007299249999999,0.0029042,31.0,resident,2.0,0.0,0.0,0.0,0.0,0.0,1.0,0.0,3.0,0.0,2.0,P1,0.0003143615866516784,1.0,0.0,3.0
daujac1,433,Corvus dauuricus,コクマルガラス,Coloeus dauuricus,Daurian Jackdaw,PASSERIFORMES,CORVIDAE,Daurian Jackdaw,0.0018735770833333,0.0092667,26.0,winter,26.0,4.0,0.0,0.0,2.0,1.0,35.0,8.0,63.0,13.0,28.0,P2,0.00031110306469161645,35.0,8.0,63.0
ryurob2,546,Larvivora komadori,アカヒゲ,Larvivora komadori,Ryukyu Robin,PASSERIFORMES,MUSCICAPIDAE,Ryukyu Robin,0.0021137020833333,0.0114852,46.0,resident,41.0,39.0,0.0,0.0,1.0,1.0,67.0,63.0,109.0,103.0,42.0,P3,0.00031109401086288827,67.0,63.0,109.0
eurnut3,431,Nucifraga caryocatactes,ホシガラス,Nucifraga caryocatactes,Northern Nutcracker,PASSERIFORMES,CORVIDAE,Northern Nutcracker,0.0031580020833333,0.0118652,45.0,summer,510.0,0.0,84.0,1.0,372.0,3.0,228.0,12.0,1194.0,16.0,966.0,P3,0.0003088812173518145,228.0,12.0,1194.0
mouhae1,347,Nisaetus nipalensis,クマタカ,Nisaetus nipalensis,Mountain Hawk-Eagle,ACCIPITRIFORMES,ACCIPITRIDAE,Mountain Hawk-Eagle,0.0020641729166666,0.0084967,48.0,resident,21.0,3.0,0.0,0.0,4.0,0.0,83.0,0.0,108.0,3.0,25.0,P3,0.00030438923812725036,83.0,0.0,108.0
dasfly,534,Muscicapa sibirica,サメビタキ,Muscicapa sibirica,Dark-sided Flycatcher,PASSERIFORMES,MUSCICAPIDAE,Dark-sided Flycatcher,0.0018480041666666,0.0124183,28.0,summer,34.0,0.0,0.0,0.0,0.0,0.0,34.0,4.0,68.0,4.0,34.0,P2,0.0003015041337718658,34.0,4.0,68.0
nohcuc1,79,Hierococcyx hyperythrus,ジュウイチ,Hierococcyx hyperythrus,Northern Hawk-Cuckoo,CUCULIFORMES,CUCULIDAE,Northern Hawk-Cuckoo,0.0018185020833333,0.0149539,25.0,summer,17.0,6.0,0.0,0.0,12.0,10.0,44.0,34.0,73.0,50.0,29.0,P2,0.00029194975382860724,44.0,34.0,73.0
arcwar2,482,Phylloscopus examinandus,オオムシクイ,Phylloscopus examinandus,Kamchatka Leaf Warbler,PASSERIFORMES,PHYLLOSCOPIDAE,Kamchatka Leaf Warbler,0.002499,0.0191271,28.0,summer,80.0,6.0,3.0,1.0,28.0,10.0,305.0,124.0,416.0,141.0,111.0,P3,0.0002869986137120302,305.0,124.0,416.0
pacloo,270,Gavia pacifica,シロエリオオハム,Gavia pacifica,Pacific Loon,GAVIIFORMES,GAVIIDAE,Pacific Loon,0.0018880645833333,0.0075704,45.0,resident,26.0,0.0,0.0,0.0,3.0,0.0,71.0,0.0,100.0,0.0,29.0,P3,0.0002829652617402588,71.0,0.0,100.0
ijlwar1,477,Phylloscopus ijimae,イイジマムシクイ,Phylloscopus ijimae,Ijima's Leaf Warbler,PASSERIFORMES,PHYLLOSCOPIDAE,Ijima's Leaf Warbler,0.0018336958333333,0.0102085,28.0,summer,38.0,36.0,0.0,0.0,0.0,0.0,50.0,45.0,88.0,81.0,38.0,P2,0.0002824610794674365,50.0,45.0,88.0
trspet,282,Hydrobates tristrami,オーストンウミツバメ,Hydrobates tristrami,Tristram's Storm-Petrel,PROCELLARIIFORMES,HYDROBATIDAE,Tristram's Storm-Petrel,0.0011963354166666,0.0071519,38.0,passage,1.0,0.0,0.0,0.0,0.0,0.0,16.0,0.0,17.0,0.0,1.0,P1,0.00028162802045950873,16.0,0.0,17.0
pomjae,247,Stercorarius pomarinus,トウゾクカモメ,Stercorarius pomarinus,Pomarine Jaeger,CHARADRIIFORMES,STERCORARIIDAE,Pomarine Jaeger,0.0016467083333333,0.0061702,47.0,resident,10.0,0.0,0.0,0.0,0.0,0.0,53.0,0.0,63.0,0.0,10.0,P2,0.0002734320427541644,53.0,0.0,63.0
bktgod,150,Limosa limosa,オグロシギ,Limosa limosa,Black-tailed Godwit,CHARADRIIFORMES,SCOLOPACIDAE,Black-tailed Godwit,0.0028042104166666,0.0168301,39.0,summer,650.0,0.0,2.0,0.0,202.0,1.0,379.0,2.0,1233.0,3.0,854.0,P3,0.0002730408744370428,379.0,2.0,1233.0
yelbun1,631,Emberiza sulphurata,ノジコ,Emberiza sulphurata,Yellow Bunting,PASSERIFORMES,EMBERIZIDAE,Yellow Bunting,0.0018072041666666,0.0141595,29.0,summer,18.0,12.0,0.0,0.0,0.0,0.0,79.0,63.0,97.0,75.0,18.0,P2,0.0002726062678831868,79.0,63.0,97.0
sooshe,296,Ardenna grisea,ハイイロミズナギドリ,Ardenna grisea,Sooty Shearwater,PROCELLARIIFORMES,PROCELLARIIDAE,Sooty Shearwater,0.0016614458333333,0.0094794,36.0,summer,22.0,0.0,1.0,0.0,3.0,0.0,41.0,0.0,67.0,0.0,26.0,P2,0.00027198807913255036,41.0,0.0,67.0
gyfwoo1,400,Picus canus,ヤマゲラ,Picus canus,Gray-headed Woodpecker,PICIFORMES,PICIDAE,Gray-headed Woodpecker,0.0029632791666666,0.0052922,48.0,resident,878.0,0.0,108.0,0.0,620.0,7.0,699.0,53.0,2305.0,60.0,1606.0,P3,0.0002652462951003346,699.0,53.0,2305.0
blnter1,240,Sterna sumatrana,エリグロアジサシ,Sterna sumatrana,Black-naped Tern,CHARADRIIFORMES,LARIDAE,Black-naped Tern,0.0017144729166666,0.0107884,24.0,summer,30.0,9.0,0.0,0.0,2.0,0.0,62.0,5.0,94.0,14.0,32.0,P2,0.0002603618344795188,62.0,5.0,94.0
orimag1,430,Pica serica,カササギ,Pica serica,Oriental Magpie,PASSERIFORMES,CORVIDAE,Oriental Magpie,0.0024866979166666,0.004896,48.0,resident,156.0,0.0,15.0,2.0,208.0,76.0,414.0,90.0,793.0,168.0,379.0,P3,0.0002580951410170395,414.0,90.0,793.0
comter,241,Sterna hirundo,アジサシ,Sterna hirundo,Common Tern,CHARADRIIFORMES,LARIDAE,Common Tern,0.0028478083333333,0.0110753,42.0,resident,1017.0,0.0,49.0,0.0,294.0,0.0,1503.0,2.0,2863.0,2.0,1360.0,P3,0.00024797362632304927,1503.0,2.0,2863.0
dusthr1,532,Turdus naumanni,ハチジョウツグミ,Turdus naumanni,Naumann's Thrush,PASSERIFORMES,TURDIDAE,Naumann's Thrush,0.0014922729166666,0.0072013,32.0,winter,26.0,0.0,0.0,0.0,7.0,4.0,33.0,4.0,66.0,8.0,33.0,P2,0.0002451387311236702,33.0,4.0,66.0
margra1,492,Locustella pryeri,オオセッカ,Helopsaltes pryeri,Marsh Grassbird,PASSERIFORMES,LOCUSTELLIDAE,Marsh Grassbird,0.0017513104166666,0.0074377,43.0,summer,63.0,21.0,0.0,0.0,6.0,4.0,84.0,39.0,153.0,64.0,69.0,P3,0.00024069275332856173,84.0,39.0,153.0
lobmur,255,Brachyramphus perdix,マダラウミスズメ,Brachyramphus perdix,Long-billed Murrelet,CHARADRIIFORMES,ALCIDAE,Long-billed Murrelet,0.00023990625,0.0015,22.0,resident,0.0,0.0,0.0,0.0,0.0,0.0,0.0,0.0,0.0,0.0,0.0,P1,0.00023990625,0.0,0.0,0.0
lbbgul,228,Larus fuscus,ニシセグロカモメ,Larus fuscus,Lesser Black-backed Gull,CHARADRIIFORMES,LARIDAE,Lesser Black-backed Gull,0.0023289416666666,0.0084882,37.0,winter,397.0,0.0,7.0,0.0,52.0,0.0,405.0,13.0,861.0,13.0,456.0,P3,0.0002387870306340372,405.0,13.0,861.0
retloo,268,Gavia stellata,アビ,Gavia stellata,Red-throated Loon,GAVIIFORMES,GAVIIDAE,Red-throated Loon,0.0022597624999999,0.0105308,39.0,winter,323.0,0.0,3.0,0.0,49.0,0.0,391.0,0.0,766.0,0.0,375.0,P3,0.00023576122492183763,391.0,0.0,766.0
narfly3,551,Ficedula owstoni,リュウキュウキビタキ,Ficedula owstoni,Ryukyu Flycatcher,PASSERIFORMES,MUSCICAPIDAE,Ryukyu Flycatcher,0.0013951645833333,0.0059678,48.0,resident,25.0,24.0,0.0,0.0,2.0,1.0,34.0,32.0,61.0,57.0,27.0,P2,0.00023341128426128318,34.0,32.0,61.0
brnshr,424,Lanius cristatus,アカモズ,Lanius cristatus,Brown Shrike,PASSERIFORMES,LANIIDAE,Brown Shrike,0.0023870854166666,0.009187,48.0,resident,216.0,0.0,11.0,0.0,54.0,2.0,1040.0,2.0,1321.0,4.0,281.0,P3,0.00023020039611501884,1040.0,2.0,1321.0
ocrbun1,636,Emberiza yessoensis,コジュリン,Emberiza yessoensis,Ochre-rumped Bunting,PASSERIFORMES,EMBERIZIDAE,Ochre-rumped Bunting,0.0015533145833333,0.0049917,45.0,resident,64.0,22.0,0.0,0.0,1.0,1.0,41.0,14.0,106.0,37.0,65.0,P3,0.0002299541750822351,41.0,14.0,106.0
renpha,186,Phalaropus lobatus,アカエリヒレアシシギ,Phalaropus lobatus,Red-necked Phalarope,CHARADRIIFORMES,SCOLOPACIDAE,Red-necked Phalarope,0.0019681875,0.0094794,32.0,summer,171.0,0.0,2.0,0.0,11.0,0.0,294.0,0.0,478.0,0.0,184.0,P3,0.00022097357982261525,294.0,0.0,478.0
norful,283,Fulmarus glacialis,フルマカモメ,Fulmarus glacialis,Northern Fulmar,PROCELLARIIFORMES,PROCELLARIIDAE,Northern Fulmar,0.0016434624999999,0.0090772,46.0,resident,114.0,0.0,2.0,0.0,13.0,0.0,77.0,0.0,206.0,0.0,129.0,P3,0.00021342450043835114,77.0,0.0,206.0
janher1,326,Gorsachius goisagi,ミゾゴイ,Gorsachius goisagi,Japanese Night Heron,PELECANIFORMES,ARDEIDAE,Japanese Night Heron,0.0007357895833333,0.0039469,40.0,resident,4.0,0.0,0.0,0.0,2.0,1.0,3.0,0.0,9.0,1.0,6.0,P1,0.00021269088811275144,3.0,0.0,9.0
amewig,30,Mareca americana,アメリカヒドリ,Mareca americana,American Wigeon,ANSERIFORMES,ANATIDAE,American Wigeon,0.00220166875,0.0072183,31.0,winter,128.0,0.0,34.0,0.0,123.0,0.0,1060.0,0.0,1345.0,0.0,285.0,P3,0.00021178986296523656,1060.0,0.0,1345.0
refboo,310,Sula sula,アカアシカツオドリ,Sula sula,Red-footed Booby,SULIFORMES,SULIDAE,Red-footed Booby,0.0015762770833333,0.0182768,44.0,summer,55.0,0.0,0.0,0.0,32.0,0.0,110.0,0.0,197.0,0.0,87.0,P3,0.0002064101827256091,110.0,0.0,197.0
spored,197,Tringa erythropus,ツルシギ,Tringa erythropus,Spotted Redshank,CHARADRIIFORMES,SCOLOPACIDAE,Spotted Redshank,0.0019955854166666,0.0088235,40.0,resident,511.0,0.0,2.0,0.0,42.0,0.0,281.0,1.0,836.0,1.0,555.0,P3,0.00020550151321535275,281.0,1.0,836.0
eurwoo,176,Scolopax rusticola,ヤマシギ,Scolopax rusticola,Eurasian Woodcock,CHARADRIIFORMES,SCOLOPACIDAE,Eurasian Woodcock,0.0022282395833333,0.0062356,47.0,resident,1155.0,4.0,33.0,0.0,218.0,0.0,511.0,2.0,1917.0,6.0,1406.0,P3,0.00020431057995048697,511.0,2.0,1917.0
litbun,623,Emberiza pusilla,コホオアカ,Emberiza pusilla,Little Bunting,PASSERIFORMES,EMBERIZIDAE,Little Bunting,0.0019404895833333,0.0214496,33.0,summer,541.0,0.0,0.0,0.0,10.0,0.0,231.0,7.0,782.0,7.0,551.0,P3,0.00020182507998626694,231.0,7.0,782.0
brant,2,Branta bernicla,コクガン,Branta bernicla,Brant,ANSERIFORMES,ANATIDAE,Brant,0.00174574375,0.0063136,34.0,winter,383.0,0.0,8.0,0.0,77.0,0.0,0.0,0.0,468.0,0.0,468.0,P3,0.00019666990560701417,0.0,0.0,468.0
arcloo,269,Gavia arctica,オオハム,Gavia arctica,Arctic Loon,GAVIIFORMES,GAVIIDAE,Arctic Loon,0.0015340645833333,0.0053274,44.0,resident,128.0,0.0,7.0,0.0,44.0,0.0,45.0,0.0,224.0,0.0,179.0,P3,0.00019616745226755256,45.0,0.0,224.0
brbsan,156,Calidris falcinellus,キリアイ,Calidris falcinellus,Broad-billed Sandpiper,CHARADRIIFORMES,SCOLOPACIDAE,Broad-billed Sandpiper,0.0013720937499999,0.0121313,21.0,summer,101.0,0.0,0.0,0.0,0.0,0.0,41.0,0.0,142.0,0.0,101.0,P3,0.00019136793616723855,41.0,0.0,142.0
oripra,201,Glareola maldivarum,ツバメチドリ,Glareola maldivarum,Oriental Pratincole,CHARADRIIFORMES,GLAREOLIDAE,Oriental Pratincole,0.0015029854166666,0.006339,36.0,summer,60.0,1.0,1.0,0.0,7.0,0.0,183.0,3.0,251.0,4.0,68.0,P3,0.00018827340929234723,183.0,3.0,251.0
jasowl1,371,Otus semitorques,オオコノハズク,Otus semitorques,Japanese Scops-Owl,STRIGIFORMES,STRIGIDAE,Japanese Scops-Owl,0.0011842708333333,0.0026749,47.0,resident,51.0,47.0,1.0,1.0,1.0,1.0,28.0,23.0,81.0,72.0,53.0,P2,0.00018576682483093066,28.0,23.0,81.0
cinbit1,324,Ixobrychus cinnamomeus,リュウキュウヨシゴイ,Botaurus cinnamomeus,Cinnamon Bittern,PELECANIFORMES,ARDEIDAE,Cinnamon Bittern,0.00131831875,0.0049952,48.0,resident,26.0,0.0,0.0,0.0,2.0,0.0,111.0,0.0,139.0,0.0,28.0,P3,0.00018465008302756482,111.0,0.0,139.0
chpher1,331,Ardeola bacchus,アカガシラサギ,Ardeola bacchus,Chinese Pond-Heron,PELECANIFORMES,ARDEIDAE,Chinese Pond-Heron,0.0011238625,0.0050233,47.0,resident,32.0,0.0,0.0,0.0,0.0,0.0,35.0,1.0,67.0,1.0,32.0,P2,0.00018398264719279866,35.0,1.0,67.0
rocpta1,62,Lagopus muta,ライチョウ,Lagopus muta,Rock Ptarmigan,GALLIFORMES,PHASIANIDAE,Rock Ptarmigan,0.0014692354166666,0.0056038,34.0,summer,114.0,2.0,0.0,0.0,15.0,0.0,138.0,2.0,267.0,4.0,129.0,P3,0.00018202840460266012,138.0,2.0,267.0
retpip,594,Anthus cervinus,ムネアカタヒバリ,Anthus cervinus,Red-throated Pipit,PASSERIFORMES,MOTACILLIDAE,Red-throated Pipit,0.0018600291666666,0.0080671,36.0,resident,702.0,0.0,4.0,0.0,87.0,0.0,563.0,1.0,1356.0,1.0,793.0,P3,0.00017872406176162073,563.0,1.0,1356.0
redkno,154,Calidris canutus,コオバシギ,Calidris canutus,Red Knot,CHARADRIIFORMES,SCOLOPACIDAE,Red Knot,0.0015764875,0.0121025,35.0,summer,309.0,0.0,1.0,0.0,4.0,0.0,201.0,0.0,515.0,0.0,314.0,P3,0.00017489282448289364,201.0,0.0,515.0
alpacc1,577,Prunella collaris,イワヒバリ,Prunella collaris,Alpine Accentor,PASSERIFORMES,PRUNELLIDAE,Alpine Accentor,0.0015370916666666,0.0066883,43.0,summer,262.0,2.0,0.0,0.0,6.0,0.0,174.0,2.0,442.0,4.0,268.0,P3,0.00017478041634896328,174.0,2.0,442.0
ferduc,41,Aythya nyroca,メジロガモ,Aythya nyroca,Ferruginous Duck,ANSERIFORMES,ANATIDAE,Ferruginous Duck,0.0010034125,0.0043094,28.0,winter,28.0,0.0,0.0,0.0,0.0,0.0,30.0,0.0,58.0,0.0,28.0,P2,0.00016987152271721225,30.0,0.0,58.0
sibthr1,517,Geokichla sibirica,マミジロ,Geokichla sibirica,Siberian Thrush,PASSERIFORMES,TURDIDAE,Siberian Thrush,0.0010537166666666,0.0074377,27.0,summer,36.0,4.0,1.0,1.0,3.0,2.0,33.0,20.0,73.0,27.0,40.0,P2,0.0001691679785565749,33.0,20.0,73.0
brnnod,202,Anous stolidus,クロアジサシ,Anous stolidus,Brown Noddy,CHARADRIIFORMES,LARIDAE,Brown Noddy,0.0012009770833333,0.0096722,32.0,summer,40.0,0.0,0.0,0.0,7.0,0.0,89.0,0.0,136.0,0.0,47.0,P3,0.00016894885719752095,89.0,0.0,136.0
piggui,253,Cepphus columba,ウミバト,Cepphus columba,Pigeon Guillemot,CHARADRIIFORMES,ALCIDAE,Pigeon Guillemot,0.00135525,0.0074,41.0,winter,28.0,0.0,5.0,0.0,26.0,0.0,218.0,0.0,277.0,0.0,59.0,P3,0.00016681804074327128,218.0,0.0,277.0
palros2,607,Carpodacus roseus,オオマシコ,Carpodacus roseus,Pallas's Rosefinch,PASSERIFORMES,FRINGILLIDAE,Pallas's Rosefinch,0.0008411145833333,0.0030935,30.0,winter,11.0,1.0,0.0,0.0,0.0,0.0,22.0,3.0,33.0,4.0,11.0,P1,0.0001639828764672598,22.0,3.0,33.0
blawoo1,398,Dryocopus martius,クマゲラ,Dryocopus martius,Black Woodpecker,PICIFORMES,PICIDAE,Black Woodpecker,0.0020842833333333,0.0073031,48.0,resident,2098.0,10.0,391.0,2.0,3097.0,12.0,1308.0,16.0,6894.0,40.0,5586.0,P3,0.00016345340796965335,1308.0,16.0,6894.0
mugfly,552,Ficedula mugimaki,ムギマキ,Ficedula mugimaki,Mugimaki Flycatcher,PASSERIFORMES,MUSCICAPIDAE,Mugimaki Flycatcher,0.0011368270833333,0.0107949,17.0,summer,76.0,1.0,0.0,0.0,9.0,5.0,45.0,22.0,130.0,28.0,85.0,P3,0.00016138039185076617,45.0,22.0,130.0
flfshe,299,Ardenna carneipes,アカアシミズナギドリ,Ardenna carneipes,Flesh-footed Shearwater,PROCELLARIIFORMES,PROCELLARIIDAE,Flesh-footed Shearwater,0.0010847645833333,0.0034856,38.0,summer,18.0,0.0,1.0,0.0,3.0,0.0,82.0,2.0,104.0,2.0,22.0,P3,0.00016123326526513266,82.0,2.0,104.0
refcor,312,Urile urile,チシマウガラス,Urile urile,Red-faced Cormorant,SULIFORMES,PHALACROCORACIDAE,Red-faced Cormorant,0.000763175,0.0027039,38.0,resident,5.0,0.0,0.0,0.0,4.0,0.0,17.0,0.0,26.0,0.0,9.0,P1,0.00015875154058177013,17.0,0.0,26.0
ftspet,277,Hydrobates furcatus,ハイイロウミツバメ,Hydrobates furcatus,Fork-tailed Storm-Petrel,PROCELLARIIFORMES,HYDROBATIDAE,Fork-tailed Storm-Petrel,0.0005865749999999,0.0020268,37.0,resident,3.0,0.0,0.0,0.0,0.0,0.0,9.0,0.0,12.0,0.0,3.0,P1,0.00015406365101441554,9.0,0.0,12.0
comcra,115,Grus grus,クロヅル,Grus grus,Common Crane,GRUIFORMES,GRUIDAE,Common Crane,0.0019291145833333,0.0108783,25.0,winter,1527.0,0.0,239.0,0.0,3571.0,7.0,854.0,0.0,6191.0,7.0,5337.0,P3,0.00015314781224585122,854.0,0.0,6191.0
chptit1,448,Remiz consobrinus,ツリスガラ,Remiz consobrinus,Chinese Penduline-Tit,PASSERIFORMES,REMIZIDAE,Chinese Penduline-Tit,0.0010838395833333,0.0065857,29.0,winter,64.0,1.0,0.0,0.0,3.0,3.0,83.0,8.0,150.0,12.0,67.0,P3,0.00014953786186782013,83.0,8.0,150.0
eurhob,405,Falco subbuteo,チゴハヤブサ,Falco subbuteo,Eurasian Hobby,FALCONIFORMES,FALCONIDAE,Eurasian Hobby,0.0014895395833333,0.0093137,34.0,summer,332.0,0.0,34.0,0.0,279.0,2.0,356.0,6.0,1001.0,8.0,645.0,P3,0.00014940057805562984,356.0,6.0,1001.0
commur,252,Uria aalge,ウミガラス,Uria aalge,Common Murre,CHARADRIIFORMES,ALCIDAE,Common Murre,0.0012667375,0.0052685,42.0,resident,172.0,0.0,3.0,0.0,7.0,0.0,181.0,0.0,363.0,0.0,182.0,P3,0.00014882216994866862,181.0,0.0,363.0
thbmur,251,Uria lomvia,ハシブトウミガラス,Uria lomvia,Thick-billed Murre,CHARADRIIFORMES,ALCIDAE,Thick-billed Murre,0.0008745104166666,0.0044116,36.0,winter,31.0,0.0,1.0,0.0,2.0,0.0,24.0,0.0,58.0,0.0,34.0,P2,0.00014804919822228557,24.0,0.0,58.0
cacgoo1,5,Branta hutchinsii,シジュウカラガン,Branta hutchinsii,Cackling Goose,ANSERIFORMES,ANATIDAE,Cackling Goose,0.0012470416666666,0.0060595,32.0,winter,84.0,0.0,33.0,0.0,229.0,0.0,0.0,0.0,346.0,0.0,346.0,P3,0.00014770224001614508,0.0,0.0,346.0
eursta,512,Sturnus vulgaris,ホシムクドリ,Sturnus vulgaris,European Starling,PASSERIFORMES,STURNIDAE,European Starling,0.0020146083333333,0.0056858,39.0,winter,2280.0,0.0,806.0,0.0,5542.0,0.0,4998.0,0.0,13626.0,0.0,8628.0,P3,0.00014668460372008703,4998.0,0.0,13626.0
merlin,404,Falco columbarius,コチョウゲンボウ,Falco columbarius,Merlin,FALCONIFORMES,FALCONIDAE,Merlin,0.0017137395833333,0.0066796,31.0,winter,161.0,0.0,152.0,0.0,872.0,0.0,2177.0,0.0,3362.0,0.0,1185.0,P3,0.00014627391116143242,2177.0,0.0,3362.0
solsni1,179,Gallinago solitaria,アオシギ,Gallinago solitaria,Solitary Snipe,CHARADRIIFORMES,SCOLOPACIDAE,Solitary Snipe,0.00060086875,0.0041269,24.0,winter,11.0,1.0,0.0,0.0,0.0,0.0,5.0,0.0,16.0,1.0,11.0,P1,0.00014409581702120995,5.0,0.0,16.0
rinphe1,6,Phasianus colchicus,タイリクキジ,Phasianus colchicus,Ring-necked Pheasant,GALLIFORMES,PHASIANIDAE,Ring-necked Pheasant,0.00168155,0.0041152,48.0,resident,858.0,0.0,154.0,5.0,814.0,25.0,1440.0,19.0,3266.0,49.0,1826.0,P3,0.00014403994395297858,1440.0,19.0,3266.0
lwfgoo,13,Anser erythropus,カリガネ,Anser erythropus,Lesser White-fronted Goose,ANSERIFORMES,ANATIDAE,Lesser White-fronted Goose,0.00084770625,0.0037426,26.0,winter,59.0,0.0,0.0,0.0,0.0,0.0,0.0,0.0,59.0,0.0,59.0,P2,0.0001429343775909569,0.0,0.0,59.0
whnpet,289,Pterodroma cervicalis,クビワオオシロハラミズナギドリ,Pterodroma cervicalis,White-necked Petrel,PROCELLARIIFORMES,PROCELLARIIDAE,White-necked Petrel,0.000281925,0.0015,16.0,passage,2.0,0.0,0.0,0.0,0.0,0.0,0.0,0.0,2.0,0.0,2.0,P1,0.0001409625,0.0,0.0,2.0
lobdow,174,Limnodromus scolopaceus,オオハシシギ,Limnodromus scolopaceus,Long-billed Dowitcher,CHARADRIIFORMES,SCOLOPACIDAE,Long-billed Dowitcher,0.0014670333333333,0.0037954,39.0,resident,131.0,0.0,17.0,0.0,74.0,0.0,1233.0,0.0,1455.0,0.0,222.0,P3,0.0001396006589447769,1233.0,0.0,1455.0
purher1,334,Ardea purpurea,ムラサキサギ,Ardea purpurea,Purple Heron,PELECANIFORMES,ARDEIDAE,Purple Heron,0.00136108125,0.0055469,47.0,resident,524.0,1.0,2.0,0.0,21.0,0.0,338.0,0.0,885.0,1.0,547.0,P3,0.00013898809318852506,338.0,0.0,885.0
yebwar3,469,Phylloscopus inornatus,キマユムシクイ,Phylloscopus inornatus,Yellow-browed Warbler,PASSERIFORMES,PHYLLOSCOPIDAE,Yellow-browed Warbler,0.0016341,0.0103743,35.0,resident,1161.0,1.0,27.0,0.0,180.0,4.0,2357.0,48.0,3725.0,53.0,1368.0,P3,0.0001377383404517019,2357.0,48.0,3725.0
redpol1,610,Acanthis flammea,ベニヒワ,Acanthis flammea,Redpoll,PASSERIFORMES,FRINGILLIDAE,Redpoll,0.0016235041666666,0.0063627,31.0,winter,861.0,5.0,45.0,0.0,387.0,1.0,2470.0,4.0,3763.0,10.0,1293.0,P3,0.00013667661462995396,2470.0,4.0,3763.0
redcro,611,Loxia curvirostra,イスカ,Loxia curvirostra,Red Crossbill,PASSERIFORMES,FRINGILLIDAE,Red Crossbill,0.0020538208333333,0.0089549,44.0,resident,5331.0,3.0,340.0,0.0,1821.0,0.0,34251.0,9.0,41743.0,12.0,7492.0,P3,0.00013380536706484144,34251.0,9.0,41743.0
loeowl,372,Asio otus,トラフズク,Asio otus,Long-eared Owl,STRIGIFORMES,STRIGIDAE,Long-eared Owl,0.0017258645833333,0.0040917,47.0,resident,1631.0,1.0,277.0,0.0,4310.0,2.0,2025.0,1.0,8243.0,4.0,6218.0,P3,0.0001326638698535745,2025.0,1.0,8243.0
crseag1,346,Spilornis cheela,カンムリワシ,Spilornis cheela,Crested Serpent-Eagle,ACCIPITRIFORMES,ACCIPITRIDAE,Crested Serpent-Eagle,0.0014272770833333,0.0083203,48.0,resident,287.0,7.0,64.0,0.0,271.0,1.0,1112.0,0.0,1734.0,8.0,622.0,P3,0.00013262744863679798,1112.0,0.0,1734.0
sancra,111,Antigone canadensis,カナダヅル,Antigone canadensis,Sandhill Crane,GRUIFORMES,GRUIDAE,Sandhill Crane,0.0016963895833333,0.0096696,25.0,winter,290.0,0.0,343.0,0.0,2012.0,0.0,4834.0,0.0,7479.0,0.0,2645.0,P3,0.00013181968694226818,4834.0,0.0,7479.0
bonhon1,499,Apalopteron familiare,メグロ,Apalopteron familiare,Bonin White-eye,PASSERIFORMES,ZOSTEROPIDAE,Bonin White-eye,0.00052938125,0.0029554,34.0,resident,2.0,2.0,0.0,0.0,0.0,0.0,13.0,13.0,15.0,15.0,2.0,P1,0.00012951340979972415,13.0,13.0,15.0
plewar1,495,Locustella pleskei,ウチヤマセンニュウ,Helopsaltes pleskei,Pleske's Grasshopper Warbler,PASSERIFORMES,LOCUSTELLIDAE,Pleske's Grasshopper Warbler,0.0008441791666666,0.0066434,20.0,summer,45.0,28.0,0.0,0.0,3.0,3.0,46.0,37.0,94.0,68.0,48.0,P2,0.0001281980218678769,46.0,37.0,94.0
sibcra1,110,Leucogeranus leucogeranus,ソデグロヅル,Leucogeranus leucogeranus,Siberian Crane,GRUIFORMES,GRUIDAE,Siberian Crane,0.0007815291666666,0.0048348,20.0,winter,40.0,0.0,0.0,0.0,0.0,0.0,30.0,0.0,70.0,0.0,40.0,P2,0.00012666753104517573,30.0,0.0,70.0
chiegr,339,Egretta eulophotes,カラシラサギ,Egretta eulophotes,Chinese Egret,PELECANIFORMES,ARDEIDAE,Chinese Egret,0.0004927708333333,0.0024321,26.0,resident,0.0,0.0,0.0,0.0,0.0,0.0,13.0,0.0,13.0,0.0,0.0,P1,0.00012612864918387824,13.0,0.0,13.0
scsmer1,60,Mergus squamatus,コウライアイサ,Mergus squamatus,Scaly-sided Merganser,ANSERIFORMES,ANATIDAE,Scaly-sided Merganser,0.0001972166666666,0.001604,18.0,passage,1.0,0.0,0.0,0.0,0.0,0.0,0.0,0.0,1.0,0.0,1.0,P1,0.0001244298629001422,0.0,0.0,1.0
bryshe1,301,Puffinus bryani,オガサワラヒメミズナギドリ,Puffinus bryani,Bryan's Shearwater,PROCELLARIIFORMES,PROCELLARIIDAE,Bryan's Shearwater,0.000123125,0.0015,13.0,resident,0.0,0.0,0.0,0.0,0.0,0.0,0.0,0.0,0.0,0.0,0.0,P1,0.000123125,0.0,0.0,0.0
tufpuf,265,Fratercula cirrhata,エトピリカ,Fratercula cirrhata,Tufted Puffin,CHARADRIIFORMES,ALCIDAE,Tufted Puffin,0.00038728125,0.002213,24.0,passage,0.0,0.0,0.0,0.0,0.0,0.0,7.0,0.0,7.0,0.0,0.0,P1,0.000122173631812673,7.0,0.0,7.0
creibi1,317,Nipponia nippon,トキ,Nipponia nippon,Crested Ibis,PELECANIFORMES,THRESKIORNITHIDAE,Crested Ibis,0.0007356041666666,0.0029352,45.0,resident,30.0,0.0,0.0,0.0,0.0,0.0,36.0,8.0,66.0,8.0,30.0,P2,0.00012083920441894804,36.0,8.0,66.0
bohwax,438,Bombycilla garrulus,キレンジャク,Bombycilla garrulus,Bohemian Waxwing,PASSERIFORMES,BOMBYCILLIDAE,Bohemian Waxwing,0.0013708104166666,0.0048535,30.0,winter,421.0,1.0,81.0,0.0,642.0,2.0,1591.0,8.0,2735.0,11.0,1144.0,P3,0.00012005297164375952,1591.0,8.0,2735.0
duswar,473,Phylloscopus fuscatus,ムジセッカ,Phylloscopus fuscatus,Dusky Warbler,PASSERIFORMES,PHYLLOSCOPIDAE,Dusky Warbler,0.0012994229166666,0.009393,34.0,resident,795.0,0.0,18.0,1.0,96.0,6.0,948.0,23.0,1857.0,30.0,909.0,P3,0.000119648775260262,948.0,23.0,1857.0
leaauk,260,Aethia pusilla,コウミスズメ,Aethia pusilla,Least Auklet,CHARADRIIFORMES,ALCIDAE,Least Auklet,0.0007074583333333,0.0054077,23.0,winter,11.0,0.0,0.0,0.0,0.0,0.0,51.0,0.0,62.0,0.0,11.0,P2,0.00011790972222221667,51.0,0.0,62.0
pieavo1,126,Recurvirostra avosetta,ソリハシセイタカシギ,Recurvirostra avosetta,Pied Avocet,CHARADRIIFORMES,RECURVIROSTRIDAE,Pied Avocet,0.0011851541666666,0.0065942,38.0,winter,651.0,0.0,4.0,0.0,43.0,0.0,396.0,1.0,1094.0,1.0,698.0,P3,0.00011736486445378157,396.0,1.0,1094.0
rebfly,553,Ficedula parva,ニシオジロビタキ,Ficedula parva,Red-breasted Flycatcher,PASSERIFORMES,MUSCICAPIDAE,Red-breasted Flycatcher,0.0013344749999999,0.0056433,31.0,winter,1137.0,2.0,59.0,0.0,459.0,1.0,1378.0,22.0,3033.0,25.0,1655.0,P3,0.00011536435831975042,1378.0,22.0,3033.0
creauk,262,Aethia cristatella,エトロフウミスズメ,Aethia cristatella,Crested Auklet,CHARADRIIFORMES,ALCIDAE,Crested Auklet,0.0005452145833333,0.0031474,26.0,resident,4.0,0.0,0.0,0.0,0.0,0.0,24.0,0.0,28.0,0.0,4.0,P1,0.00011111203168484057,24.0,0.0,28.0
lotjae,249,Stercorarius longicaudus,シロハラトウゾクカモメ,Stercorarius longicaudus,Long-tailed Jaeger,CHARADRIIFORMES,STERCORARIIDAE,Long-tailed Jaeger,0.0008546354166666,0.0082737,32.0,summer,112.0,0.0,0.0,0.0,1.0,0.0,110.0,0.0,223.0,0.0,113.0,P3,0.00010937539659124829,110.0,0.0,223.0
yebbun1,624,Emberiza chrysophrys,キマユホオジロ,Emberiza chrysophrys,Yellow-browed Bunting,PASSERIFORMES,EMBERIZIDAE,Yellow-browed Bunting,0.0007892875,0.018085,13.0,summer,90.0,0.0,1.0,0.0,3.0,0.0,57.0,5.0,151.0,5.0,94.0,P3,0.00010875641719971202,57.0,5.0,151.0
vartit2,443,Sittiparus olivaceus,オリイヤマガラ,Sittiparus olivaceus,Iriomote Tit,PASSERIFORMES,PARIDAE,Iriomote Tit,0.0004230041666666,0.0015,36.0,resident,2.0,2.0,0.0,0.0,0.0,0.0,11.0,11.0,13.0,13.0,2.0,P1,0.00010827131098630493,11.0,11.0,13.0
grpsni1,141,Rostratula benghalensis,タマシギ,Rostratula benghalensis,Greater Painted-Snipe,CHARADRIIFORMES,ROSTRATULIDAE,Greater Painted-Snipe,0.0008570520833333,0.003568,41.0,resident,27.0,0.0,0.0,0.0,11.0,3.0,207.0,7.0,245.0,10.0,38.0,P3,0.00010782743906542278,207.0,7.0,245.0
parjae,248,Stercorarius parasiticus,クロトウゾクカモメ,Stercorarius parasiticus,Parasitic Jaeger,CHARADRIIFORMES,STERCORARIIDAE,Parasitic Jaeger,0.0007980541666666,0.0037863,40.0,resident,93.0,0.0,0.0,0.0,1.0,0.0,74.0,0.0,168.0,0.0,94.0,P3,0.00010770847071575929,74.0,0.0,168.0
lanwar,496,Locustella lanceolata,マキノセンニュウ,Locustella lanceolata,Lanceolated Warbler,PASSERIFORMES,LOCUSTELLIDAE,Lanceolated Warbler,0.0009521541666666,0.0113464,21.0,summer,169.0,9.0,2.0,0.0,46.0,0.0,251.0,23.0,468.0,32.0,217.0,P3,0.0001072666421298346,251.0,23.0,468.0
whblau1,28,Pterorhinus sannio,カオジロガビチョウ,Pterorhinus sannio,White-browed Laughingthrush,PASSERIFORMES,LEIOTHRICHIDAE,White-browed Laughingthrush,0.0008628916666666,0.002277,48.0,resident,111.0,1.0,3.0,0.0,25.0,3.0,186.0,6.0,325.0,10.0,139.0,P3,0.00010330138864943839,186.0,6.0,325.0
swspet,278,Hydrobates monorhis,ヒメクロウミツバメ,Hydrobates monorhis,Swinhoe's Storm-Petrel,PROCELLARIIFORMES,HYDROBATIDAE,Swinhoe's Storm-Petrel,0.0003794166666666,0.0021494,19.0,passage,8.0,1.0,0.0,0.0,0.0,0.0,3.0,0.0,11.0,1.0,8.0,P1,0.00010253285975894755,3.0,0.0,11.0
grynig1,66,Caprimulgus jotaka,ヨタカ,Caprimulgus jotaka,Gray Nightjar,CAPRIMULGIFORMES,CAPRIMULGIDAE,Gray Nightjar,0.0009097229166666,0.005295,28.0,summer,111.0,2.0,16.0,7.0,116.0,30.0,280.0,23.0,523.0,62.0,243.0,P3,0.00010067567929447143,280.0,23.0,523.0
lcspet,280,Hydrobates leucorhous,コシジロウミツバメ,Hydrobates leucorhous,Leach's Storm-Petrel,PROCELLARIIFORMES,HYDROBATIDAE,Leach's Storm-Petrel,0.0007835249999999,0.0035058,33.0,summer,21.0,0.0,2.0,0.0,15.0,0.0,217.0,0.0,255.0,0.0,38.0,P3,9.787181439564219e-05,217.0,0.0,255.0
compea,8,Pavo cristatus,インドクジャク,Pavo cristatus,Indian Peafowl,GALLIFORMES,PHASIANIDAE,Indian Peafowl,0.0010562708333333,0.0045536,47.0,resident,348.0,2.0,24.0,0.0,189.0,0.0,1298.0,3.0,1859.0,5.0,561.0,P3,9.724583135598345e-05,1298.0,3.0,1859.0
snogoo,8,Anser caerulescens,ハクガン,Anser caerulescens,Snow Goose,ANSERIFORMES,ANATIDAE,Snow Goose,0.0008208583333333,0.0041232,29.0,winter,155.0,0.0,58.0,0.0,228.0,0.0,0.0,0.0,441.0,0.0,441.0,P3,9.337312295759571e-05,0.0,0.0,441.0
maslau1,29,Pterorhinus perspicillatus,カオグロガビチョウ,Pterorhinus perspicillatus,Masked Laughingthrush,PASSERIFORMES,LEIOTHRICHIDAE,Masked Laughingthrush,0.0008332416666666,0.0018811,48.0,resident,96.0,0.0,18.0,0.0,130.0,3.0,253.0,9.0,497.0,12.0,244.0,P3,9.296567383694043e-05,253.0,9.0,497.0
dollar1,379,Eurystomus orientalis,ブッポウソウ,Eurystomus orientalis,Dollarbird,CORACIIFORMES,CORACIIDAE,Dollarbird,0.00086013125,0.0061795,22.0,summer,123.0,1.0,4.0,0.0,94.0,2.0,387.0,17.0,608.0,20.0,221.0,P3,9.296037517831485e-05,387.0,17.0,608.0
sheowl,373,Asio flammeus,コミミズク,Asio flammeus,Short-eared Owl,STRIGIFORMES,STRIGIDAE,Short-eared Owl,0.0009430625,0.0041633,29.0,winter,373.0,0.0,12.0,0.0,70.0,0.0,773.0,0.0,1228.0,0.0,455.0,P3,9.187664023560135e-05,773.0,0.0,1228.0
redpha1,187,Phalaropus fulicarius,ハイイロヒレアシシギ,Phalaropus fulicarius,Red Phalarope,CHARADRIIFORMES,SCOLOPACIDAE,Red Phalarope,0.00073330625,0.0030843,40.0,summer,121.0,0.0,0.0,0.0,5.0,0.0,129.0,0.0,255.0,0.0,126.0,P3,9.15988809485001e-05,129.0,0.0,255.0
rolhaw,364,Buteo lagopus,ケアシノスリ,Buteo lagopus,Rough-legged Hawk,ACCIPITRIFORMES,ACCIPITRIDAE,Rough-legged Hawk,0.0006285104166666,0.0032731,24.0,winter,41.0,0.0,1.0,0.0,9.0,1.0,68.0,1.0,119.0,2.0,51.0,P3,9.084012721635703e-05,68.0,1.0,119.0
roster,239,Sterna dougallii,ベニアジサシ,Sterna dougallii,Roseate Tern,CHARADRIIFORMES,LARIDAE,Roseate Tern,0.0008034479166666,0.0049793,22.0,summer,221.0,8.0,1.0,0.0,9.0,0.0,230.0,3.0,461.0,11.0,231.0,P3,9.073516193481602e-05,230.0,3.0,461.0
tribun1,621,Emberiza tristrami,シロハラホオジロ,Emberiza tristrami,Tristram's Bunting,PASSERIFORMES,EMBERIZIDAE,Tristram's Bunting,0.0006596541666666,0.0088322,15.0,passage,79.0,0.0,0.0,0.0,1.0,1.0,79.0,9.0,159.0,10.0,80.0,P3,8.998249163565083e-05,79.0,9.0,159.0
emedov2,92,Chalcophaps indica,キンバト,Chalcophaps indica,Asian Emerald Dove,COLUMBIFORMES,COLUMBIDAE,Asian Emerald Dove,0.0008430708333333,0.0067168,40.0,summer,116.0,4.0,3.0,0.0,54.0,1.0,526.0,8.0,699.0,13.0,173.0,P3,8.918297867196685e-05,526.0,8.0,699.0
whssta2,510,Sturnia sinensis,カラムクドリ,Sturnia sinensis,White-shouldered Starling,PASSERIFORMES,STURNIDAE,White-shouldered Starling,0.00053885625,0.0017557,32.0,resident,16.0,0.0,3.0,0.0,3.0,0.0,48.0,0.0,70.0,0.0,22.0,P2,8.73359481475114e-05,48.0,0.0,70.0
bkfbun1,632,Emberiza spodocephala,シベリアアオジ,Emberiza spodocephala,Black-faced Bunting,PASSERIFORMES,EMBERIZIDAE,Black-faced Bunting,0.0007786625,0.012337,17.0,summer,304.0,43.0,2.0,0.0,35.0,11.0,249.0,13.0,590.0,67.0,341.0,P3,8.455034941662058e-05,249.0,13.0,590.0
swagoo1,10,Anser cygnoid,サカツラガン,Anser cygnoides,Swan Goose,ANSERIFORMES,ANATIDAE,Swan Goose,0.00054004375,0.0038947,21.0,winter,74.0,0.0,5.0,0.0,34.0,1.0,0.0,0.0,113.0,1.0,113.0,P3,7.889044407061811e-05,0.0,0.0,113.0
corplo,132,Charadrius hiaticula,ハジロコチドリ,Charadrius hiaticula,Common Ringed Plover,CHARADRIIFORMES,CHARADRIIDAE,Common Ringed Plover,0.0008630395833333,0.0028512,38.0,resident,1299.0,0.0,5.0,0.0,62.0,0.0,615.0,0.0,1981.0,0.0,1366.0,P3,7.87914391604471e-05,615.0,0.0,1981.0
sopsku1,246,Stercorarius maccormicki,オオトウゾクカモメ,Stercorarius maccormicki,South Polar Skua,CHARADRIIFORMES,STERCORARIIDAE,South Polar Skua,0.0004337333333333,0.0024584,26.0,resident,14.0,0.0,0.0,0.0,3.0,0.0,30.0,0.0,47.0,0.0,17.0,P1,7.724946531082047e-05,30.0,0.0,47.0
masboo,309,Sula dactylatra,アオツラカツオドリ,Sula dactylatra,Masked Booby,SULIFORMES,SULIDAE,Masked Booby,0.0004957791666666,0.0030717,30.0,resident,34.0,0.0,0.0,0.0,0.0,0.0,56.0,0.0,90.0,0.0,34.0,P2,7.599823072214065e-05,56.0,0.0,90.0
litsti,168,Calidris minuta,ヨーロッパトウネン,Calidris minuta,Little Stint,CHARADRIIFORMES,SCOLOPACIDAE,Little Stint,0.0006111229166666,0.0038059,35.0,resident,176.0,0.0,0.0,0.0,1.0,0.0,92.0,0.0,269.0,0.0,177.0,P3,7.56139132722834e-05,92.0,0.0,269.0
barbut1,122,Turnix suscitator,ミフウズラ,Turnix suscitator,Barred Buttonquail,CHARADRIIFORMES,TURNICIDAE,Barred Buttonquail,0.0005859020833333,0.0024958,36.0,resident,26.0,0.0,0.0,0.0,4.0,0.0,201.0,0.0,231.0,0.0,30.0,P3,7.450257058469679e-05,201.0,0.0,231.0
sooter1,238,Onychoprion fuscatus,セグロアジサシ,Onychoprion fuscatus,Sooty Tern,CHARADRIIFORMES,LARIDAE,Sooty Tern,0.00059555625,0.0045674,29.0,summer,39.0,0.0,0.0,0.0,11.0,0.0,209.0,0.0,259.0,0.0,50.0,P3,7.41857528295007e-05,209.0,0.0,259.0
rebsta1,506,Spodiopsar sericeus,ギンムクドリ,Spodiopsar sericeus,Red-billed Starling,PASSERIFORMES,STURNIDAE,Red-billed Starling,0.00052151875,0.0021873,34.0,resident,55.0,0.0,0.0,0.0,2.0,2.0,77.0,7.0,134.0,9.0,57.0,P3,7.358327820283795e-05,77.0,7.0,134.0
hazgro1,61,Tetrastes bonasia,エゾライチョウ,Tetrastes bonasia,Hazel Grouse,GALLIFORMES,PHASIANIDAE,Hazel Grouse,0.0006892458333333,0.0022415,45.0,resident,418.0,2.0,19.0,0.0,174.0,1.0,116.0,15.0,727.0,18.0,611.0,P3,7.247761729585548e-05,116.0,15.0,727.0
yebgro1,599,Eophona migratoria,コイカル,Eophona migratoria,Yellow-billed Grosbeak,PASSERIFORMES,FRINGILLIDAE,Yellow-billed Grosbeak,0.0005995124999999,0.0028918,33.0,resident,117.0,0.0,3.0,1.0,25.0,12.0,194.0,50.0,339.0,63.0,145.0,P3,7.125493366919452e-05,194.0,50.0,339.0
lesfri,308,Fregata ariel,コグンカンドリ,Fregata ariel,Lesser Frigatebird,SULIFORMES,FREGATIDAE,Lesser Frigatebird,0.0002048208333333,0.0015,17.0,passage,0.0,0.0,0.0,0.0,0.0,0.0,6.0,0.0,6.0,0.0,0.0,P1,6.82736111111e-05,6.0,0.0,6.0
cursan,159,Calidris ferruginea,サルハマシギ,Calidris ferruginea,Curlew Sandpiper,CHARADRIIFORMES,SCOLOPACIDAE,Curlew Sandpiper,0.00055701875,0.0035053,23.0,passage,228.0,0.0,0.0,0.0,3.0,0.0,81.0,1.0,312.0,1.0,231.0,P3,6.715421558899265e-05,81.0,1.0,312.0
grfhaw1,351,Accipiter soloensis,アカハラダカ,Tachyspiza soloensis,Chinese Sparrowhawk,ACCIPITRIFORMES,ACCIPITRIDAE,Chinese Sparrowhawk,0.000394575,0.0081699,17.0,passage,23.0,0.0,0.0,0.0,0.0,0.0,40.0,4.0,63.0,4.0,23.0,P2,6.551825000565366e-05,40.0,4.0,63.0
japqua,65,Coturnix japonica,ウズラ,Coturnix japonica,Japanese Quail,GALLIFORMES,PHASIANIDAE,Japanese Quail,0.0004487437499999,0.0015,43.0,resident,57.0,2.0,1.0,0.0,10.0,2.0,53.0,4.0,121.0,8.0,68.0,P3,6.463706336584348e-05,53.0,4.0,121.0
rinduc,42,Aythya collaris,クビワキンクロ,Aythya collaris,Ring-necked Duck,ANSERIFORMES,ANATIDAE,Ring-necked Duck,0.0005835833333333,0.0026336,22.0,winter,81.0,0.0,4.0,0.0,20.0,0.0,425.0,0.0,530.0,0.0,105.0,P3,6.444672902143445e-05,425.0,0.0,530.0
grcter1,231,Thalasseus bergii,オオアジサシ,Thalasseus bergii,Great Crested Tern,CHARADRIIFORMES,LARIDAE,Great Crested Tern,0.0005460125,0.0036051,29.0,resident,92.0,0.0,0.0,0.0,11.0,0.0,268.0,7.0,371.0,7.0,103.0,P3,6.39131998438099e-05,268.0,7.0,371.0
pinbun,617,Emberiza leucocephalos,シラガホオジロ,Emberiza leucocephalos,Pine Bunting,PASSERIFORMES,EMBERIZIDAE,Pine Bunting,0.00050179375,0.0067764,20.0,passage,180.0,0.0,1.0,0.0,16.0,0.0,94.0,1.0,291.0,1.0,197.0,P3,6.12335129539823e-05,94.0,1.0,291.0
manher1,327,Gorsachius melanolophus,ズグロミゾゴイ,Gorsachius melanolophus,Malayan Night Heron,PELECANIFORMES,ARDEIDAE,Malayan Night Heron,0.0005527708333333,0.0021488,42.0,resident,40.0,3.0,18.0,0.0,129.0,0.0,335.0,3.0,522.0,6.0,187.0,P3,6.1191735761651e-05,335.0,3.0,522.0
blkswa,2,Cygnus atratus,コクチョウ,Cygnus atratus,Black Swan,ANSERIFORMES,ANATIDAE,Black Swan,0.0004790583333333,0.0015,44.0,resident,58.0,0.0,4.0,0.0,31.0,0.0,191.0,0.0,284.0,0.0,93.0,P3,5.870905478301791e-05,191.0,0.0,284.0
commyn,33,Acridotheres tristis,インドハッカ,Acridotheres tristis,Common Myna,PASSERIFORMES,STURNIDAE,Common Myna,0.0007247125,0.0032935,43.0,resident,377.0,0.0,124.0,0.0,649.0,0.0,4345.0,4.0,5495.0,4.0,1150.0,P3,5.8329643459960475e-05,4345.0,4.0,5495.0
swisni1,182,Gallinago megala,チュウジシギ,Gallinago megala,Swinhoe's Snipe,CHARADRIIFORMES,SCOLOPACIDAE,Swinhoe's Snipe,0.0004082458333333,0.0033302,24.0,passage,41.0,0.0,2.0,0.0,23.0,0.0,64.0,1.0,130.0,1.0,66.0,P3,5.795329256371586e-05,64.0,1.0,130.0
pingro,601,Pinicola enucleator,ギンザンマシコ,Pinicola enucleator,Pine Grosbeak,PASSERIFORMES,FRINGILLIDAE,Pine Grosbeak,0.0006593833333333,0.0030864,37.0,summer,332.0,8.0,67.0,0.0,267.0,0.0,2288.0,9.0,2954.0,17.0,666.0,P3,5.7191318360140186e-05,2288.0,9.0,2954.0
grebit1,321,Botaurus stellaris,サンカノゴイ,Botaurus stellaris,Eurasian Bittern,PELECANIFORMES,ARDEIDAE,Eurasian Bittern,0.0006412291666666,0.0020417,39.0,resident,1486.0,0.0,60.0,0.0,405.0,1.0,495.0,2.0,2446.0,3.0,1951.0,P3,5.6960742192322354e-05,495.0,2.0,2446.0
goleag,350,Aquila chrysaetos,イヌワシ,Aquila chrysaetos,Golden Eagle,ACCIPITRIFORMES,ACCIPITRIDAE,Golden Eagle,0.0004766270833333,0.0015,37.0,resident,167.0,7.0,1.0,0.0,13.0,0.0,149.0,0.0,330.0,7.0,181.0,P3,5.691042857056088e-05,149.0,0.0,330.0
yebloo,272,Gavia adamsii,ハシジロアビ,Gavia adamsii,Yellow-billed Loon,GAVIIFORMES,GAVIIDAE,Yellow-billed Loon,0.0003200124999999,0.0015737,30.0,resident,15.0,0.0,1.0,0.0,3.0,0.0,32.0,0.0,51.0,0.0,19.0,P2,5.586887990823252e-05,32.0,0.0,51.0
y00478,225,Larus glaucoides,アイスランドカモメ,Larus glaucoides,Iceland Gull,CHARADRIIFORMES,LARIDAE,Iceland Gull,0.0003929645833333,0.0032197,21.0,passage,28.0,0.0,0.0,0.0,3.0,0.0,102.0,0.0,133.0,0.0,31.0,P3,5.552844749792022e-05,102.0,0.0,133.0
hoopoe,378,Upupa epops,ヤツガシラ,Upupa epops,Eurasian Hoopoe,BUCEROTIFORMES,UPUPIDAE,Eurasian Hoopoe,0.0006309166666666,0.0043335,34.0,resident,780.0,0.0,158.0,2.0,915.0,6.0,1141.0,3.0,2994.0,11.0,1853.0,P3,5.463039188477702e-05,1141.0,3.0,2994.0
rettro,266,Phaethon rubricauda,アカオネッタイチョウ,Phaethon rubricauda,Red-tailed Tropicbird,PHAETHONTIFORMES,PHAETHONTIDAE,Red-tailed Tropicbird,0.0003962416666666,0.0036241,19.0,passage,50.0,0.0,0.0,0.0,5.0,0.0,107.0,0.0,162.0,0.0,55.0,P3,5.385509561031885e-05,107.0,0.0,162.0
demcra1,113,Anthropoides virgo,アネハヅル,Anthropoides virgo,Demoiselle Crane,GRUIFORMES,GRUIDAE,Demoiselle Crane,0.0003540208333333,0.0022831,19.0,passage,0.0,0.0,2.0,0.0,9.0,0.0,84.0,0.0,95.0,0.0,11.0,P2,5.3640228560348986e-05,84.0,0.0,95.0
recpoc,36,Netta rufina,アカハシハジロ,Netta rufina,Red-crested Pochard,ANSERIFORMES,ANATIDAE,Red-crested Pochard,0.0003802020833333,0.0020545,19.0,passage,82.0,0.0,2.0,0.0,4.0,0.0,52.0,0.0,140.0,0.0,88.0,P3,5.3176997308911745e-05,52.0,0.0,140.0
tigshr1,422,Lanius tigrinus,チゴモズ,Lanius tigrinus,Tiger Shrike,PASSERIFORMES,LANIIDAE,Tiger Shrike,0.0003143062499999,0.0022014,18.0,passage,36.0,0.0,0.0,0.0,2.0,0.0,28.0,8.0,66.0,8.0,38.0,P2,5.1631732003368226e-05,28.0,8.0,66.0
whwter,244,Chlidonias leucopterus,ハジロクロハラアジサシ,Chlidonias leucopterus,White-winged Tern,CHARADRIIFORMES,LARIDAE,White-winged Tern,0.0004069687499999,0.0019412,27.0,resident,162.0,0.0,0.0,0.0,6.0,0.0,87.0,1.0,255.0,1.0,168.0,P3,5.0835353007015475e-05,87.0,1.0,255.0
gybthr1,524,Turdus hortulorum,カラアカハラ,Turdus hortulorum,Gray-backed Thrush,PASSERIFORMES,TURDIDAE,Gray-backed Thrush,0.0004338979166666,0.0064489,20.0,passage,145.0,0.0,3.0,3.0,45.0,41.0,183.0,110.0,376.0,154.0,193.0,P3,5.067573366518792e-05,183.0,110.0,376.0
palbun,635,Emberiza pallasi,シベリアジュリン,Emberiza pallasi,Pallas's Bunting,PASSERIFORMES,EMBERIZIDAE,Pallas's Bunting,0.0003747604166666,0.0029545,23.0,passage,123.0,0.0,1.0,0.0,1.0,0.0,67.0,2.0,192.0,2.0,125.0,P3,4.9311146647143684e-05,67.0,2.0,192.0
ricpip1,587,Anthus richardi,マミジロタヒバリ,Anthus richardi,Richard's Pipit,PASSERIFORMES,MOTACILLIDAE,Richard's Pipit,0.0005023833333333,0.0039254,33.0,resident,651.0,0.0,2.0,0.0,19.0,0.0,608.0,3.0,1280.0,3.0,672.0,P3,4.866084345046008e-05,608.0,3.0,1280.0
asidow1,173,Limnodromus semipalmatus,シベリアオオハシシギ,Limnodromus semipalmatus,Asian Dowitcher,CHARADRIIFORMES,SCOLOPACIDAE,Asian Dowitcher,0.0002143916666666,0.0015,13.0,passage,10.0,0.0,0.0,0.0,0.0,0.0,10.0,0.0,20.0,0.0,10.0,P1,4.8076007213698075e-05,10.0,0.0,20.0
leswoo1,392,Dryobates minor,コアカゲラ,Dryobates minor,Lesser Spotted Woodpecker,PICIFORMES,PICIDAE,Lesser Spotted Woodpecker,0.0005347958333333,0.0016823,44.0,resident,1123.0,0.0,48.0,0.0,344.0,1.0,843.0,3.0,2358.0,4.0,1515.0,P3,4.773014749500576e-05,843.0,3.0,2358.0
pecsan,171,Calidris melanotos,アメリカウズラシギ,Calidris melanotos,Pectoral Sandpiper,CHARADRIIFORMES,SCOLOPACIDAE,Pectoral Sandpiper,0.0004584520833333,0.0022588,28.0,passage,175.0,0.0,2.0,0.0,11.0,0.0,624.0,0.0,812.0,0.0,188.0,P3,4.741519669324012e-05,624.0,0.0,812.0
sibacc,578,Prunella montanella,ヤマヒバリ,Prunella montanella,Siberian Accentor,PASSERIFORMES,PRUNELLIDAE,Siberian Accentor,0.0002772770833333,0.0025922,13.0,passage,31.0,1.0,0.0,0.0,2.0,1.0,25.0,10.0,58.0,12.0,33.0,P2,4.694129319737897e-05,25.0,10.0,58.0
chemun,40,Lonchura atricapilla,キンパラ,Lonchura atricapilla,Chestnut Munia,PASSERIFORMES,ESTRILDIDAE,Chestnut Munia,0.0003380020833333,0.0015,31.0,resident,38.0,0.0,0.0,0.0,3.0,0.0,117.0,0.0,158.0,0.0,41.0,P3,4.6162988621714904e-05,117.0,0.0,158.0
canvas,37,Aythya valisineria,オオホシハジロ,Aythya valisineria,Canvasback,ANSERIFORMES,ANATIDAE,Canvasback,0.0002829020833333,0.0015737,20.0,passage,11.0,0.0,0.0,0.0,0.0,0.0,66.0,0.0,77.0,0.0,11.0,P2,4.487816036671457e-05,66.0,0.0,77.0
wispet,273,Oceanites oceanicus,アシナガウミツバメ,Oceanites oceanicus,Wilson's Storm-Petrel,PROCELLARIIFORMES,OCEANITIDAE,Wilson's Storm-Petrel,0.0002580708333333,0.0019364,17.0,passage,25.0,0.0,0.0,0.0,0.0,0.0,27.0,0.0,52.0,0.0,25.0,P2,4.484376683927912e-05,27.0,0.0,52.0
faipit1,409,Pitta nympha,ヤイロチョウ,Pitta nympha,Fairy Pitta,PASSERIFORMES,PITTIDAE,Fairy Pitta,0.0003698958333333,0.0023646,17.0,passage,39.0,1.0,8.0,3.0,60.0,21.0,235.0,46.0,342.0,71.0,107.0,P3,4.389796002159646e-05,235.0,46.0,342.0
sllcra1,106,Rallina eurizonoides,オオクイナ,Rallina eurizonoides,Slaty-legged Crake,GRUIFORMES,RALLIDAE,Slaty-legged Crake,0.0003544833333333,0.001612,28.0,resident,37.0,2.0,6.0,0.0,31.0,0.0,267.0,3.0,341.0,5.0,74.0,P3,4.208983701444339e-05,267.0,3.0,341.0
norgre1,199,Tringa guttifer,カラフトアオアシシギ,Tringa guttifer,Nordmann's Greenshank,CHARADRIIFORMES,SCOLOPACIDAE,Nordmann's Greenshank,0.0001745208333333,0.0026103,12.0,passage,9.0,2.0,0.0,0.0,0.0,0.0,7.0,0.0,16.0,2.0,9.0,P1,4.1852271509184444e-05,7.0,0.0,16.0
stepet,292,Pterodroma longirostris,ヒメシロハラミズナギドリ,Pterodroma longirostris,Stejneger's Petrel,PROCELLARIIFORMES,PROCELLARIIDAE,Stejneger's Petrel,6.518125e-05,0.0015,3.0,vagrant,0.0,0.0,0.0,0.0,0.0,0.0,1.0,0.0,1.0,0.0,0.0,P1,4.1124789999979565e-05,1.0,0.0,1.0
piehar1,358,Circus melanoleucos,マダラチュウヒ,Circus melanoleucos,Pied Harrier,ACCIPITRIFORMES,ACCIPITRIDAE,Pied Harrier,0.0001097374999999,0.0015,16.0,resident,1.0,0.0,0.0,0.0,0.0,0.0,4.0,0.0,5.0,0.0,1.0,P1,3.9089286195230964e-05,4.0,0.0,5.0
snobun,615,Plectrophenax nivalis,ユキホオジロ,Plectrophenax nivalis,Snow Bunting,PASSERIFORMES,CALCARIIDAE,Snow Bunting,0.0004275874999999,0.0021664,23.0,passage,547.0,1.0,13.0,0.0,112.0,0.0,1403.0,0.0,2075.0,1.0,672.0,P3,3.880003834448097e-05,1403.0,0.0,2075.0
spbsan1,162,Calidris pygmaea,ヘラシギ,Calidris pygmaea,Spoon-billed Sandpiper,CHARADRIIFORMES,SCOLOPACIDAE,Spoon-billed Sandpiper,0.0001932833333333,0.0015,12.0,passage,10.0,0.0,0.0,0.0,1.0,0.0,23.0,0.0,34.0,0.0,11.0,P1,3.7386100045818375e-05,23.0,0.0,34.0
rutrob1,548,Larvivora sibilans,シマゴマ,Larvivora sibilans,Rufous-tailed Robin,PASSERIFORMES,MUSCICAPIDAE,Rufous-tailed Robin,0.0003199645833333,0.0068852,9.0,passage,134.0,1.0,2.0,1.0,43.0,2.0,221.0,62.0,400.0,66.0,179.0,P3,3.6985628424755903e-05,221.0,62.0,400.0
caster1,230,Hydroprogne caspia,オニアジサシ,Hydroprogne caspia,Caspian Tern,CHARADRIIFORMES,LARIDAE,Caspian Tern,0.0004119479166666,0.0015318,28.0,resident,480.0,0.0,35.0,0.0,124.0,0.0,1616.0,0.0,2255.0,0.0,639.0,P3,3.697853363933623e-05,1616.0,0.0,2255.0
buffle,54,Bucephala albeola,ヒメハジロ,Bucephala albeola,Bufflehead,ANSERIFORMES,ANATIDAE,Bufflehead,0.0003038020833333,0.0028463,16.0,passage,23.0,0.0,4.0,0.0,9.0,0.0,264.0,0.0,300.0,0.0,36.0,P3,3.687632411201354e-05,264.0,0.0,300.0
phtjac1,142,Hydrophasianus chirurgus,レンカク,Hydrophasianus chirurgus,Pheasant-tailed Jacana,CHARADRIIFORMES,JACANIDAE,Pheasant-tailed Jacana,0.0002984749999999,0.0018984,26.0,passage,47.0,0.0,3.0,0.0,6.0,0.0,218.0,3.0,274.0,3.0,56.0,P3,3.681002648396719e-05,218.0,3.0,274.0
barpet,281,Hydrobates castro,クロコシジロウミツバメ,Hydrobates castro,Band-rumped Storm-Petrel,PROCELLARIIFORMES,HYDROBATIDAE,Band-rumped Storm-Petrel,0.0001990229166666,0.0015,12.0,passage,20.0,0.0,0.0,0.0,3.0,0.0,19.0,0.0,42.0,0.0,23.0,P1,3.645487856046765e-05,19.0,0.0,42.0
yebbun,627,Emberiza aureola,シマアオジ,Emberiza aureola,Yellow-breasted Bunting,PASSERIFORMES,EMBERIZIDAE,Yellow-breasted Bunting,0.0002867041666666,0.0018225,19.0,passage,121.0,1.0,3.0,0.0,28.0,0.0,87.0,0.0,239.0,1.0,152.0,P3,3.623255102960887e-05,87.0,0.0,239.0
korfly1,549,Ficedula zanthopygia,マミジロキビタキ,Ficedula zanthopygia,Yellow-rumped Flycatcher,PASSERIFORMES,MUSCICAPIDAE,Yellow-rumped Flycatcher,0.0003129166666666,0.005095,10.0,passage,185.0,0.0,1.0,1.0,18.0,5.0,194.0,42.0,398.0,48.0,204.0,P3,3.620104960061294e-05,194.0,42.0,398.0
orsowl,369,Otus sunia,コノハズク,Otus sunia,Oriental Scops-Owl,STRIGIFORMES,STRIGIDAE,Oriental Scops-Owl,0.0003594208333333,0.0018225,23.0,passage,160.0,9.0,28.0,16.0,166.0,72.0,802.0,4.0,1156.0,101.0,354.0,P3,3.531551706124431e-05,802.0,4.0,1156.0
chebun1,628,Emberiza rutila,シマノジコ,Emberiza rutila,Chestnut Bunting,PASSERIFORMES,EMBERIZIDAE,Chestnut Bunting,0.00020471875,0.0026164,12.0,passage,30.0,0.0,0.0,0.0,2.0,0.0,24.0,4.0,56.0,4.0,32.0,P2,3.494698090865721e-05,24.0,4.0,56.0
laplon,614,Calcarius lapponicus,ツメナガホオジロ,Calcarius lapponicus,Lapland Longspur,PASSERIFORMES,CALCARIIDAE,Lapland Longspur,0.0003842416666666,0.0024201,27.0,resident,636.0,0.0,12.0,0.0,49.0,0.0,1564.0,0.0,2261.0,0.0,697.0,P3,3.4479625547567494e-05,1564.0,0.0,2261.0
yebtit4,441,Pardaliparus venustulus,キバラガラ,Periparus venustulus,Yellow-bellied Tit,PASSERIFORMES,PARIDAE,Yellow-bellied Tit,0.0002726770833333,0.0015,18.0,passage,141.0,0.0,1.0,0.0,10.0,1.0,153.0,20.0,305.0,21.0,152.0,P3,3.300338333517192e-05,153.0,20.0,305.0
taifly1,554,Ficedula albicilla,オジロビタキ,Ficedula albicilla,Taiga Flycatcher,PASSERIFORMES,MUSCICAPIDAE,Taiga Flycatcher,0.0003276958333333,0.0028918,27.0,resident,253.0,0.0,1.0,0.0,43.0,0.0,735.0,8.0,1032.0,8.0,297.0,P3,3.272370316245162e-05,735.0,8.0,1032.0
arcwar1,483,Phylloscopus borealis,コムシクイ,Phylloscopus borealis,Arctic Warbler,PASSERIFORMES,PHYLLOSCOPIDAE,Arctic Warbler,0.0003527208333333,0.0031046,28.0,resident,580.0,2.0,29.0,2.0,144.0,5.0,1266.0,52.0,2019.0,61.0,753.0,P3,3.2121440279321606e-05,1266.0,52.0,2019.0
briter1,237,Onychoprion anaethetus,マミジロアジサシ,Onychoprion anaethetus,Bridled Tern,CHARADRIIFORMES,LARIDAE,Bridled Tern,0.0002241541666666,0.0015,20.0,passage,54.0,0.0,0.0,0.0,1.0,0.0,72.0,0.0,127.0,0.0,55.0,P3,3.197074613338407e-05,72.0,0.0,127.0
kerpet,286,Pterodroma neglecta,カワリシロハラミズナギドリ,Pterodroma neglecta,Kermadec Petrel,PROCELLARIIFORMES,PROCELLARIIDAE,Kermadec Petrel,0.0001123895833333,0.002611,13.0,passage,4.0,0.0,0.0,0.0,0.0,0.0,6.0,0.0,10.0,0.0,4.0,P1,3.135028143549383e-05,6.0,0.0,10.0
recdov1,91,Streptopelia tranquebarica,ベニバト,Streptopelia tranquebarica,Red Collared-Dove,COLUMBIFORMES,COLUMBIDAE,Red Collared-Dove,0.0002559375,0.0015,25.0,resident,47.0,0.0,1.0,0.0,10.0,0.0,234.0,0.0,292.0,0.0,58.0,P3,3.121313745678792e-05,234.0,0.0,292.0
uplbuz1,365,Buteo hemilasius,オオノスリ,Buteo hemilasius,Upland Buzzard,ACCIPITRIFORMES,ACCIPITRIDAE,Upland Buzzard,0.0001187020833333,0.0015,15.0,passage,4.0,0.0,0.0,0.0,0.0,0.0,9.0,0.0,13.0,0.0,4.0,P1,3.0382750790801584e-05,9.0,0.0,13.0
radwar1,472,Phylloscopus schwarzi,カラフトムジセッカ,Phylloscopus schwarzi,Radde's Warbler,PASSERIFORMES,PHYLLOSCOPIDAE,Radde's Warbler,0.0002635645833333,0.0029042,12.0,passage,188.0,0.0,2.0,0.0,43.0,0.0,176.0,17.0,409.0,17.0,233.0,P3,3.0354111222023332e-05,176.0,17.0,409.0
lessca,45,Aythya affinis,コスズガモ,Aythya affinis,Lesser Scaup,ANSERIFORMES,ANATIDAE,Lesser Scaup,0.0001939875,0.0015,22.0,resident,14.0,0.0,0.0,0.0,1.0,0.0,84.0,0.0,99.0,0.0,15.0,P2,2.913507636435517e-05,84.0,0.0,99.0
horpuf,264,Fratercula corniculata,ツノメドリ,Fratercula corniculata,Horned Puffin,CHARADRIIFORMES,ALCIDAE,Horned Puffin,7.494375e-05,0.0011065,10.0,passage,1.0,0.0,0.0,0.0,0.0,0.0,3.0,0.0,4.0,0.0,1.0,P1,2.8992200072183677e-05,3.0,0.0,4.0
gubter2,229,Gelochelidon nilotica,ハシブトアジサシ,Gelochelidon nilotica,Gull-billed Tern,CHARADRIIFORMES,LARIDAE,Gull-billed Tern,0.0002681395833333,0.0015,19.0,passage,304.0,0.0,1.0,0.0,14.0,0.0,404.0,1.0,723.0,1.0,319.0,P3,2.8219761938181133e-05,404.0,1.0,723.0
blasto1,305,Ciconia nigra,ナベコウ,Ciconia nigra,Black Stork,CICONIIFORMES,CICONIIDAE,Black Stork,0.0001521187499999,0.0015,14.0,passage,35.0,0.0,0.0,0.0,1.0,0.0,4.0,0.0,40.0,0.0,36.0,P1,2.82102736306481e-05,4.0,0.0,40.0
rudshe,19,Tadorna ferruginea,アカツクシガモ,Tadorna ferruginea,Ruddy Shelduck,ANSERIFORMES,ANATIDAE,Ruddy Shelduck,0.0002701729166666,0.0015,24.0,resident,280.0,0.0,21.0,0.0,116.0,0.0,505.0,3.0,922.0,3.0,417.0,P3,2.7423852914930345e-05,505.0,3.0,922.0
pitsni,181,Gallinago stenura,ハリオシギ,Gallinago stenura,Pin-tailed Snipe,CHARADRIIFORMES,SCOLOPACIDAE,Pin-tailed Snipe,0.0002089791666666,0.0015,28.0,resident,89.0,0.0,1.0,0.0,3.0,0.0,113.0,0.0,206.0,0.0,93.0,P3,2.7138601731311022e-05,113.0,0.0,206.0
palwar5,471,Phylloscopus proregulus,カラフトムシクイ,Phylloscopus proregulus,Pallas's Leaf Warbler,PASSERIFORMES,PHYLLOSCOPIDAE,Pallas's Leaf Warbler,0.0002630875,0.0040656,11.0,passage,364.0,0.0,1.0,0.0,72.0,11.0,402.0,19.0,839.0,30.0,437.0,P3,2.7077864267467277e-05,402.0,19.0,839.0
forwag1,580,Dendronanthus indicus,イワミセキレイ,Dendronanthus indicus,Forest Wagtail,PASSERIFORMES,MOTACILLIDAE,Forest Wagtail,0.0002155020833333,0.0015,21.0,resident,79.0,0.0,0.0,0.0,11.0,1.0,166.0,9.0,256.0,10.0,90.0,P3,2.6900008758010755e-05,166.0,9.0,256.0
budger,20,Melopsittacus undulatus,セキセイインコ,Melopsittacus undulatus,Budgerigar,PSITTACIFORMES,PSITTACULIDAE,Budgerigar,0.0001896916666666,0.0015,17.0,passage,52.0,0.0,0.0,0.0,11.0,0.0,86.0,0.0,149.0,0.0,63.0,P3,2.6206280734211495e-05,86.0,0.0,149.0
relkit,207,Rissa brevirostris,アカアシミツユビカモメ,Rissa brevirostris,Red-legged Kittiwake,CHARADRIIFORMES,LARIDAE,Red-legged Kittiwake,0.0001280999999999,0.0015,11.0,passage,4.0,0.0,0.0,0.0,2.0,0.0,22.0,0.0,28.0,0.0,6.0,P1,2.6106145532273465e-05,22.0,0.0,28.0
grefri,307,Fregata minor,オオグンカンドリ,Fregata minor,Great Frigatebird,SULIFORMES,FREGATIDAE,Great Frigatebird,0.0001561333333333,0.0015,9.0,passage,45.0,0.0,0.0,0.0,0.0,0.0,25.0,0.0,70.0,0.0,45.0,P2,2.5305548008574093e-05,25.0,0.0,70.0
norshr4,421,Lanius borealis,オオモズ,Lanius borealis,Northern Shrike,PASSERIFORMES,LANIIDAE,Northern Shrike,0.0002596958333333,0.0015,21.0,passage,40.0,1.0,16.0,0.0,108.0,0.0,1260.0,0.0,1424.0,1.0,164.0,P3,2.478543851932554e-05,1260.0,0.0,1424.0
rocsan,166,Calidris ptilocnemis,チシマシギ,Calidris ptilocnemis,Rock Sandpiper,CHARADRIIFORMES,SCOLOPACIDAE,Rock Sandpiper,0.0001614083333333,0.0015,15.0,passage,29.0,0.0,0.0,0.0,1.0,0.0,68.0,0.0,98.0,0.0,30.0,P2,2.4294374941726865e-05,68.0,0.0,98.0
chgshr1,420,Lanius sphenocercus,オオカラモズ,Lanius sphenocercus,Chinese Gray Shrike,PASSERIFORMES,LANIIDAE,Chinese Gray Shrike,0.0001292041666666,0.0015,15.0,passage,11.0,0.0,0.0,0.0,0.0,0.0,28.0,12.0,39.0,12.0,11.0,P1,2.41162692504392e-05,28.0,12.0,39.0
wantat1,191,Tringa incana,メリケンキアシシギ,Tringa incana,Wandering Tattler,CHARADRIIFORMES,SCOLOPACIDAE,Wandering Tattler,0.0001714875,0.0020655,11.0,passage,24.0,0.0,3.0,0.0,11.0,0.0,157.0,0.0,195.0,0.0,38.0,P3,2.249886304397113e-05,157.0,0.0,195.0
deswhe1,571,Oenanthe deserti,サバクヒタキ,Oenanthe deserti,Desert Wheatear,PASSERIFORMES,MUSCICAPIDAE,Desert Wheatear,0.00016689375,0.0019117,14.0,passage,89.0,0.0,0.0,0.0,4.0,0.0,79.0,0.0,172.0,0.0,93.0,P3,2.24230843742243e-05,79.0,0.0,172.0
comros,604,Carpodacus erythrinus,アカマシコ,Carpodacus erythrinus,Common Rosefinch,PASSERIFORMES,FRINGILLIDAE,Common Rosefinch,0.00025608125,0.0027428,16.0,passage,987.0,0.0,181.0,0.0,919.0,0.0,763.0,7.0,2850.0,7.0,2087.0,P3,2.2311085845802598e-05,763.0,7.0,2850.0
steeid,46,Polysticta stelleri,コケワタガモ,Polysticta stelleri,Steller's Eider,ANSERIFORMES,ANATIDAE,Steller's Eider,8.868124999999999e-05,0.0015,10.0,passage,6.0,0.0,0.0,0.0,0.0,0.0,8.0,0.0,14.0,0.0,6.0,P1,2.2170312499999998e-05,8.0,0.0,14.0
aleter1,235,Onychoprion aleuticus,コシジロアジサシ,Onychoprion aleuticus,Aleutian Tern,CHARADRIIFORMES,LARIDAE,Aleutian Tern,0.00014605625,0.0015,9.0,passage,31.0,0.0,0.0,0.0,0.0,0.0,64.0,1.0,95.0,1.0,31.0,P2,2.2130027091630317e-05,64.0,1.0,95.0
gstlar1,452,Calandrella brachydactyla,ヒメコウテンシ,Calandrella brachydactyla,Greater Short-toed Lark,PASSERIFORMES,ALAUDIDAE,Greater Short-toed Lark,0.0002160708333333,0.0020332,13.0,passage,414.0,0.0,2.0,0.0,15.0,0.0,486.0,0.0,917.0,0.0,431.0,P3,2.1949671498534226e-05,486.0,0.0,917.0
schbit1,323,Ixobrychus eurhythmus,オオヨシゴイ,Botaurus eurhythmus,Schrenck's Bittern,PELECANIFORMES,ARDEIDAE,Schrenck's Bittern,9.67e-05,0.0015,12.0,passage,16.0,0.0,0.0,0.0,1.0,0.0,6.0,0.0,23.0,0.0,17.0,P1,2.0823211582848556e-05,6.0,0.0,23.0
whwsco2,50,Melanitta deglandi,アメリカビロードキンクロ,Melanitta deglandi,White-winged Scoter,ANSERIFORMES,ANATIDAE,White-winged Scoter,7.723333333333333e-05,0.0015,10.0,passage,1.0,0.0,0.0,0.0,0.0,0.0,11.0,0.0,12.0,0.0,1.0,P1,2.0285299089372582e-05,11.0,0.0,12.0
towshe2,302,Puffinus newelli,ハワイセグロミズナギドリ,Puffinus newelli,Newell's Shearwater,PROCELLARIIFORMES,PROCELLARIIDAE,Newell's Shearwater,7.248541666666666e-05,0.0015,4.0,vagrant,1.0,0.0,0.0,0.0,0.0,0.0,9.0,0.0,10.0,0.0,1.0,P1,2.02192956417495e-05,9.0,0.0,10.0
citwag,583,Motacilla citreola,キガシラセキレイ,Motacilla citreola,Citrine Wagtail,PASSERIFORMES,MOTACILLIDAE,Citrine Wagtail,0.0001944729166666,0.0015,17.0,resident,458.0,0.0,1.0,0.0,20.0,0.0,364.0,0.0,843.0,0.0,479.0,P3,2.0001724403486886e-05,364.0,0.0,843.0
pecpip,592,Anthus gustavi,セジロタヒバリ,Anthus gustavi,Pechora Pipit,PASSERIFORMES,MOTACILLIDAE,Pechora Pipit,0.0001284729166666,0.0015,9.0,passage,44.0,0.0,0.0,0.0,0.0,0.0,47.0,6.0,91.0,6.0,44.0,P2,1.964670386172053e-05,47.0,6.0,91.0
rosgul,216,Rhodostethia rosea,ヒメクビワカモメ,Rhodostethia rosea,Ross's Gull,CHARADRIIFORMES,LARIDAE,Ross's Gull,0.00010461875,0.0015,9.0,passage,26.0,0.0,0.0,0.0,0.0,0.0,15.0,0.0,41.0,0.0,26.0,P1,1.9280067362976205e-05,15.0,0.0,41.0
wessan,172,Calidris mauri,ヒメハマシギ,Calidris mauri,Western Sandpiper,CHARADRIIFORMES,SCOLOPACIDAE,Western Sandpiper,0.0001654979166666,0.0016611,14.0,passage,57.0,0.0,2.0,0.0,12.0,0.0,441.0,0.0,512.0,0.0,71.0,P3,1.8377172595032762e-05,441.0,0.0,512.0
amufal1,403,Falco amurensis,アカアシチョウゲンボウ,Falco amurensis,Amur Falcon,FALCONIFORMES,FALCONIDAE,Amur Falcon,0.0001144166666666,0.0015,10.0,passage,33.0,0.0,0.0,0.0,4.0,0.0,55.0,0.0,92.0,0.0,37.0,P2,1.7455963944605802e-05,55.0,0.0,92.0
bubsan,170,Calidris subruficollis,コモンシギ,Calidris subruficollis,Buff-breasted Sandpiper,CHARADRIIFORMES,SCOLOPACIDAE,Buff-breasted Sandpiper,8.793125e-05,0.0012519,7.0,passage,13.0,0.0,0.0,0.0,0.0,0.0,19.0,0.0,32.0,0.0,13.0,P1,1.7283910024272383e-05,19.0,0.0,32.0
blnori1,414,Oriolus chinensis,コウライウグイス,Oriolus chinensis,Black-naped Oriole,PASSERIFORMES,ORIOLIDAE,Black-naped Oriole,0.0001856770833333,0.0026164,12.0,passage,398.0,1.0,80.0,9.0,318.0,35.0,984.0,78.0,1780.0,123.0,796.0,P3,1.7193466180497003e-05,984.0,78.0,1780.0
grseag1,348,Clanga clanga,カラフトワシ,Clanga clanga,Greater Spotted Eagle,ACCIPITRIFORMES,ACCIPITRIDAE,Greater Spotted Eagle,0.0001118166666666,0.0015,11.0,passage,44.0,0.0,0.0,0.0,17.0,0.0,34.0,1.0,95.0,1.0,61.0,P2,1.694214292526102e-05,34.0,1.0,95.0
bulshe,295,Ardenna bulleri,ミナミオナガミズナギドリ,Ardenna bulleri,Buller's Shearwater,PROCELLARIIFORMES,PROCELLARIIDAE,Buller's Shearwater,5.915e-05,0.0015,6.0,passage,2.0,0.0,1.0,0.0,1.0,0.0,7.0,0.0,11.0,0.0,4.0,P1,1.5984586834375962e-05,7.0,0.0,11.0
sursco,49,Melanitta perspicillata,アラナミキンクロ,Melanitta perspicillata,Surf Scoter,ANSERIFORMES,ANATIDAE,Surf Scoter,0.0001097083333333,0.0015,11.0,passage,40.0,0.0,1.0,0.0,4.0,0.0,72.0,0.0,117.0,0.0,45.0,P3,1.5911708923930275e-05,72.0,0.0,117.0
chibla1,521,Turdus mandarinus,クロウタドリ,Turdus mandarinus,Chinese Blackbird,PASSERIFORMES,TURDIDAE,Chinese Blackbird,0.0001427937499999,0.0019067,16.0,passage,205.0,0.0,3.0,0.0,57.0,2.0,287.0,28.0,552.0,30.0,265.0,P3,1.5667960251480447e-05,287.0,28.0,552.0
whttro,267,Phaethon lepturus,シラオネッタイチョウ,Phaethon lepturus,White-tailed Tropicbird,PHAETHONTIFORMES,PHAETHONTIDAE,White-tailed Tropicbird,0.0001030854166666,0.0015,13.0,passage,35.0,0.0,0.0,0.0,2.0,0.0,59.0,0.0,96.0,0.0,37.0,P2,1.5584268863782466e-05,59.0,0.0,96.0
blhibi1,316,Threskiornis melanocephalus,クロトキ,Threskiornis melanocephalus,Black-headed Ibis,PELECANIFORMES,THRESKIORNITHIDAE,Black-headed Ibis,7.385208333333334e-05,0.0015,5.0,passage,6.0,0.0,0.0,0.0,0.0,0.0,20.0,0.0,26.0,0.0,6.0,P1,1.5362311402155384e-05,20.0,0.0,26.0
baicra1,105,Zapornia pusilla,ヒメクイナ,Zapornia pusilla,Baillon's Crake,GRUIFORMES,RALLIDAE,Baillon's Crake,0.0001410083333333,0.0015,12.0,passage,400.0,0.0,6.0,0.0,43.0,0.0,133.0,2.0,582.0,2.0,449.0,P3,1.5343963579483716e-05,133.0,2.0,582.0
greyel,200,Tringa melanoleuca,オオキアシシギ,Tringa melanoleuca,Greater Yellowlegs,CHARADRIIFORMES,SCOLOPACIDAE,Greater Yellowlegs,0.0001894791666666,0.0016303,13.0,passage,291.0,0.0,141.0,0.0,533.0,0.0,4405.0,0.0,5370.0,0.0,965.0,P3,1.529137614793312e-05,4405.0,0.0,5370.0
eucdov,90,Streptopelia decaocto,シラコバト,Streptopelia decaocto,Eurasian Collared-Dove,COLUMBIFORMES,COLUMBIDAE,Eurasian Collared-Dove,0.0002015041666666,0.0015,23.0,resident,2362.0,0.0,346.0,0.0,4246.0,0.0,6950.0,0.0,13904.0,0.0,6954.0,P3,1.4640559432793464e-05,6950.0,0.0,13904.0
litcur,145,Numenius minutus,コシャクシギ,Numenius minutus,Little Curlew,CHARADRIIFORMES,SCOLOPACIDAE,Little Curlew,8.183958333333334e-05,0.001794,7.0,passage,13.0,0.0,0.0,0.0,0.0,0.0,39.0,0.0,52.0,0.0,13.0,P2,1.4220883258372455e-05,39.0,0.0,52.0
gbhgul2,220,Ichthyaetus ichthyaetus,オオズグロカモメ,Ichthyaetus ichthyaetus,Pallas's Gull,CHARADRIIFORMES,LARIDAE,Pallas's Gull,9.3425e-05,0.0015,9.0,passage,28.0,0.0,0.0,0.0,45.0,0.0,24.0,0.0,97.0,0.0,73.0,P2,1.4092619443193884e-05,24.0,0.0,97.0
norwhe,569,Oenanthe oenanthe,ハシグロヒタキ,Oenanthe oenanthe,Northern Wheatear,PASSERIFORMES,MUSCICAPIDAE,Northern Wheatear,0.0001425604166666,0.0015421,7.0,passage,625.0,0.0,24.0,0.0,173.0,0.0,388.0,0.0,1210.0,0.0,822.0,P3,1.3917601799658669e-05,388.0,0.0,1210.0
whrmun,38,Lonchura striata,コシジロキンパラ,Lonchura striata,White-rumped Munia,PASSERIFORMES,ESTRILDIDAE,White-rumped Munia,0.0001138875,0.0015,13.0,passage,103.0,0.0,1.0,0.0,7.0,0.0,337.0,0.0,448.0,0.0,111.0,P3,1.2921525679975953e-05,337.0,0.0,448.0
dausta1,508,Agropsar sturninus,シベリアムクドリ,Agropsar sturninus,Daurian Starling,PASSERIFORMES,STURNIDAE,Daurian Starling,6.230416666666667e-05,0.0012393,7.0,passage,20.0,0.0,1.0,1.0,1.0,1.0,6.0,1.0,28.0,3.0,22.0,P1,1.2697280579768079e-05,6.0,1.0,28.0
lotshr1,426,Lanius schach,タカサゴモズ,Lanius schach,Long-tailed Shrike,PASSERIFORMES,LANIIDAE,Long-tailed Shrike,0.0001324145833333,0.0015,14.0,passage,241.0,0.0,4.0,0.0,52.0,1.0,1284.0,0.0,1581.0,1.0,297.0,P3,1.2458508897961662e-05,1284.0,0.0,1581.0
cfweye1,500,Zosterops erythropleurus,チョウセンメジロ,Zosterops erythropleurus,Chestnut-flanked White-eye,PASSERIFORMES,ZOSTEROPIDAE,Chestnut-flanked White-eye,9.12125e-05,0.0009804,10.0,passage,73.0,0.0,0.0,0.0,7.0,3.0,82.0,2.0,162.0,5.0,80.0,P3,1.2397126101555115e-05,82.0,2.0,162.0
gocspa,640,Zonotrichia atricapilla,キガシラシトド,Zonotrichia atricapilla,Golden-crowned Sparrow,PASSERIFORMES,PASSERELLIDAE,Golden-crowned Sparrow,0.0001375083333333,0.0015,7.0,passage,186.0,0.0,83.0,0.0,279.0,0.0,1742.0,0.0,2290.0,0.0,548.0,P3,1.2318895591757896e-05,1742.0,0.0,2290.0
comchi1,475,Phylloscopus collybita,チフチャフ,Phylloscopus collybita,Common Chiffchaff,PASSERIFORMES,PHYLLOSCOPIDAE,Common Chiffchaff,0.0001742020833333,0.0015,21.0,resident,8359.0,1.0,1100.0,0.0,11171.0,0.0,6061.0,0.0,26691.0,1.0,20630.0,P3,1.1847118053812813e-05,6061.0,0.0,26691.0
leswhi4,498,Curruca curruca,コノドジロムシクイ,Curruca curruca,Lesser Whitethroat,PASSERIFORMES,SYLVIIDAE,Lesser Whitethroat,0.0001698895833333,0.0015,17.0,passage,2910.0,0.0,199.0,0.0,17247.0,0.0,1887.0,0.0,22243.0,0.0,20356.0,P3,1.1764234278238171e-05,1887.0,0.0,22243.0
savspa,641,Passerculus sandwichensis,サバンナシトド,Passerculus sandwichensis,Savannah Sparrow,PASSERIFORMES,PASSERELLIDAE,Savannah Sparrow,0.0001572541666666,0.0015,12.0,passage,533.0,0.0,164.0,0.0,588.0,0.0,9658.0,1.0,10943.0,1.0,1285.0,P3,1.1719656451478419e-05,9658.0,1.0,10943.0
horlar,451,Eremophila alpestris,ハマヒバリ,Eremophila alpestris,Horned Lark,PASSERIFORMES,ALAUDIDAE,Horned Lark,0.0001362458333333,0.0015,16.0,passage,545.0,0.0,58.0,0.0,255.0,0.0,3101.0,0.0,3959.0,0.0,858.0,P3,1.1399751908208135e-05,3101.0,0.0,3959.0
bladro1,417,Dicrurus macrocercus,オウチュウ,Dicrurus macrocercus,Black Drongo,PASSERIFORMES,DICRURIDAE,Black Drongo,0.00012769375,0.0016524,11.0,passage,180.0,0.0,32.0,0.0,168.0,0.0,2146.0,1.0,2526.0,1.0,380.0,P3,1.1296552263771787e-05,2146.0,1.0,2526.0
sibnee1,68,Hirundapus cochinchinensis,クロビタイハリオアマツバメ,Hirundapus cochinchinensis,Silver-backed Needletail,APODIFORMES,APODIDAE,Silver-backed Needletail,3.125e-05,0.0015,1.0,vagrant,1.0,0.0,0.0,0.0,0.0,0.0,4.0,0.0,5.0,0.0,1.0,P1,1.1131474597125692e-05,4.0,0.0,5.0
blabit1,325,Ixobrychus flavicollis,タカサゴクロサギ,Botaurus flavicollis,Black Bittern,PELECANIFORMES,ARDEIDAE,Black Bittern,6.958125e-05,0.0015,3.0,vagrant,13.0,0.0,0.0,0.0,4.0,0.0,59.0,0.0,76.0,0.0,17.0,P2,1.1070293925055323e-05,59.0,0.0,76.0
gragoo,9,Anser anser,ハイイロガン,Anser anser,Graylag Goose,ANSERIFORMES,ANATIDAE,Graylag Goose,0.00012268125,0.0008921,15.0,passage,1356.0,0.0,86.0,0.0,1174.0,8.0,0.0,0.0,2616.0,8.0,2616.0,P3,1.0804875414757e-05,0.0,0.0,2616.0
whinch1,566,Saxicola rubetra,マミジロノビタキ,Saxicola rubetra,Whinchat,PASSERIFORMES,MUSCICAPIDAE,Whinchat,0.0001103333333333,0.0016424,4.0,vagrant,713.0,0.0,53.0,0.0,286.0,0.0,274.0,0.0,1326.0,0.0,1052.0,P3,1.0634497735010161e-05,274.0,0.0,1326.0
comrav,437,Corvus corax,ワタリガラス,Corvus corax,Common Raven,PASSERIFORMES,CORVIDAE,Common Raven,0.000150925,0.001473,18.0,passage,2776.0,0.0,1012.0,0.0,7796.0,0.0,12434.0,1.0,24018.0,1.0,11584.0,P3,1.0371463291167218e-05,12434.0,1.0,24018.0
fieldf,529,Turdus pilaris,ノハラツグミ,Turdus pilaris,Fieldfare,PASSERIFORMES,TURDIDAE,Fieldfare,0.0001239979166666,0.0015654,13.0,passage,1726.0,0.0,243.0,0.0,1366.0,0.0,639.0,0.0,3974.0,0.0,3335.0,P3,1.037023153566721e-05,639.0,0.0,3974.0
waterc1,108,Gallicrex cinerea,ツルクイナ,Gallicrex cinerea,Watercock,GRUIFORMES,RALLIDAE,Watercock,8.680416666666668e-05,0.0005702,17.0,resident,41.0,1.0,1.0,1.0,12.0,7.0,316.0,2.0,370.0,11.0,54.0,P3,1.0165423619215142e-05,316.0,2.0,370.0
jacsni,178,Lymnocryptes minimus,コシギ,Lymnocryptes minimus,Jack Snipe,CHARADRIIFORMES,SCOLOPACIDAE,Jack Snipe,7.646250000000001e-05,0.0015,5.0,passage,168.0,0.0,0.0,0.0,3.0,0.0,23.0,0.0,194.0,0.0,171.0,P3,1.0041420036390707e-05,23.0,0.0,194.0
gloibi,318,Plegadis falcinellus,ブロンズトキ,Plegadis falcinellus,Glossy Ibis,PELECANIFORMES,THRESKIORNITHIDAE,Glossy Ibis,8.513333333333332e-05,0.0015,6.0,passage,213.0,0.0,3.0,0.0,10.0,0.0,231.0,0.0,457.0,0.0,226.0,P3,9.627907742509272e-06,231.0,0.0,457.0
gyrfal,406,Falco rusticolus,シロハヤブサ,Falco rusticolus,Gyrfalcon,FALCONIFORMES,FALCONIDAE,Gyrfalcon,5.149166666666667e-05,0.0015,7.0,passage,22.0,0.0,0.0,0.0,0.0,0.0,20.0,0.0,42.0,0.0,22.0,P1,9.43169001162785e-06,20.0,0.0,42.0
swirai1,102,Coturnicops exquisitus,シマクイナ,Coturnicops exquisitus,Swinhoe's Rail,GRUIFORMES,RALLIDAE,Swinhoe's Rail,4.264166666666667e-05,0.0015,4.0,vagrant,15.0,0.0,0.0,0.0,1.0,0.0,5.0,2.0,21.0,2.0,16.0,P1,9.426568505283723e-06,5.0,2.0,21.0
trepip,590,Anthus trivialis,ヨーロッパビンズイ,Anthus trivialis,Tree Pipit,PASSERIFORMES,MOTACILLIDAE,Tree Pipit,0.0001160479166666,0.0012617,10.0,passage,2750.0,0.0,226.0,0.0,1160.0,0.0,1724.0,0.0,5860.0,0.0,4136.0,P3,9.271093180506413e-06,1724.0,0.0,5860.0
whhmun1,41,Lonchura maja,ヘキチョウ,Lonchura maja,White-headed Munia,PASSERIFORMES,ESTRILDIDAE,White-headed Munia,4.963125e-05,0.0015,5.0,passage,18.0,0.0,0.0,0.0,1.0,0.0,21.0,0.0,40.0,0.0,19.0,P1,9.204066843384027e-06,21.0,0.0,40.0
asikoe2,75,Eudynamys scolopaceus,オニカッコウ,Eudynamys scolopaceus,Asian Koel,CUCULIFORMES,CUCULIDAE,Asian Koel,0.0001135604166666,0.0015,10.0,passage,475.0,1.0,182.0,0.0,1304.0,2.0,5956.0,7.0,7917.0,10.0,1961.0,P3,8.768397614952885e-06,5956.0,7.0,7917.0
brtcur,143,Numenius tahitiensis,ハリモモチュウシャク,Numenius tahitiensis,Bristle-thighed Curlew,CHARADRIIFORMES,SCOLOPACIDAE,Bristle-thighed Curlew,6.25e-05,0.0015,2.0,vagrant,44.0,0.0,0.0,0.0,8.0,0.0,100.0,0.0,152.0,0.0,52.0,P3,8.600775549136099e-06,100.0,0.0,152.0
manbuw1,465,Horornis canturians,チョウセンウグイス,Horornis canturians,Manchurian Bush Warbler,PASSERIFORMES,CETTIIDAE,Manchurian Bush Warbler,8.235833333333335e-05,0.0015421,7.0,passage,152.0,0.0,4.0,0.0,73.0,25.0,541.0,36.0,770.0,61.0,229.0,P3,8.58573908784364e-06,541.0,36.0,770.0
colkin1,382,Todiramphus chloris,ナンヨウショウビン,Todiramphus chloris,Collared Kingfisher,CORACIIFORMES,ALCEDINIDAE,Collared Kingfisher,7.958125e-05,0.0015,11.0,passage,183.0,0.0,25.0,0.0,125.0,0.0,429.0,0.0,762.0,0.0,333.0,P3,8.309249948905279e-06,429.0,0.0,762.0
oriplo1,139,Charadrius veredus,オオチドリ,Anarhynchus veredus,Oriental Plover,CHARADRIIFORMES,CHARADRIIDAE,Oriental Plover,3.8175e-05,0.0010293,5.0,passage,19.0,0.0,0.0,0.0,0.0,0.0,5.0,0.0,24.0,0.0,19.0,P1,8.121580594399639e-06,5.0,0.0,24.0
moulau1,27,Ianthocincla cineracea,ヒゲガビチョウ,Ianthocincla cineracea,Moustached Laughingthrush,PASSERIFORMES,LEIOTHRICHIDAE,Moustached Laughingthrush,4.3941666666666666e-05,0.0015,5.0,passage,9.0,1.0,0.0,0.0,1.0,0.0,31.0,1.0,41.0,2.0,10.0,P1,8.097958476609398e-06,31.0,1.0,41.0
blhbun1,629,Emberiza melanocephala,ズグロチャキンチョウ,Emberiza melanocephala,Black-headed Bunting,PASSERIFORMES,EMBERIZIDAE,Black-headed Bunting,7.318541666666668e-05,0.0015,7.0,passage,211.0,0.0,7.0,0.0,25.0,0.0,295.0,0.0,538.0,0.0,243.0,P3,8.06289561401308e-06,295.0,0.0,538.0
blknod,203,Anous minutus,ヒメクロアジサシ,Anous minutus,Black Noddy,CHARADRIIFORMES,LARIDAE,Black Noddy,5.271250000000001e-05,0.0007248,9.0,passage,29.0,0.0,0.0,0.0,3.0,0.0,74.0,0.0,106.0,0.0,32.0,P3,7.803608865894087e-06,74.0,0.0,106.0
whwcro,612,Loxia leucoptera,ナキイスカ,Loxia leucoptera,White-winged Crossbill,PASSERIFORMES,FRINGILLIDAE,White-winged Crossbill,8.857083333333334e-05,0.0015,8.0,passage,301.0,0.0,63.0,0.0,351.0,0.0,2689.0,2.0,3404.0,2.0,715.0,P3,7.548310002365512e-06,2689.0,2.0,3404.0
whrsan,169,Calidris fuscicollis,コシジロウズラシギ,Calidris fuscicollis,White-rumped Sandpiper,CHARADRIIFORMES,SCOLOPACIDAE,White-rumped Sandpiper,6.385208333333333e-05,0.0016639,2.0,vagrant,69.0,0.0,3.0,0.0,9.0,0.0,313.0,0.0,394.0,0.0,81.0,P3,7.399402544652774e-06,313.0,0.0,394.0
redwin,522,Turdus iliacus,ワキアカツグミ,Turdus iliacus,Redwing,PASSERIFORMES,TURDIDAE,Redwing,9.372083333333336e-05,0.0015,8.0,passage,3440.0,0.0,261.0,0.0,1119.0,0.0,1712.0,0.0,6532.0,0.0,4820.0,P3,7.394877432904982e-06,1712.0,0.0,6532.0
isawhe1,570,Oenanthe isabellina,イナバヒタキ,Oenanthe isabellina,Isabelline Wheatear,PASSERIFORMES,MUSCICAPIDAE,Isabelline Wheatear,6.25e-05,0.0015,2.0,vagrant,198.0,0.0,0.0,0.0,4.0,0.0,150.0,0.0,352.0,0.0,202.0,P3,7.381071263928608e-06,150.0,0.0,352.0
wtrthr1,562,Monticola gularis,ヒメイソヒヨ,Monticola gularis,White-throated Rock-Thrush,PASSERIFORMES,MUSCICAPIDAE,White-throated Rock-Thrush,4.30375e-05,0.0011016,5.0,passage,24.0,0.0,4.0,3.0,7.0,3.0,34.0,12.0,69.0,18.0,35.0,P2,6.9982552393904554e-06,34.0,12.0,69.0
piewhe1,572,Oenanthe pleschanka,セグロサバクヒタキ,Oenanthe pleschanka,Pied Wheatear,PASSERIFORMES,MUSCICAPIDAE,Pied Wheatear,4.926041666666667e-05,0.0015,5.0,passage,99.0,0.0,1.0,0.0,1.0,0.0,45.0,0.0,146.0,0.0,101.0,P3,6.83275335429945e-06,45.0,0.0,146.0
rehbun1,630,Emberiza bruniceps,チャキンチョウ,Emberiza bruniceps,Red-headed Bunting,PASSERIFORMES,EMBERIZIDAE,Red-headed Bunting,5.08125e-05,0.0015,3.0,vagrant,79.0,0.0,0.0,0.0,1.0,0.0,102.0,0.0,182.0,0.0,80.0,P3,6.753782356918355e-06,102.0,0.0,182.0
blueth,542,Luscinia svecica,オガワコマドリ,Luscinia svecica,Bluethroat,PASSERIFORMES,MUSCICAPIDAE,Bluethroat,7.880625e-05,0.0004713,18.0,resident,1394.0,0.0,155.0,0.0,742.0,0.0,1038.0,0.0,3329.0,0.0,2291.0,P3,6.734575578792119e-06,1038.0,0.0,3329.0
lesyel,193,Tringa flavipes,コキアシシギ,Tringa flavipes,Lesser Yellowlegs,CHARADRIIFORMES,SCOLOPACIDAE,Lesser Yellowlegs,7.435833333333334e-05,0.0015,5.0,passage,332.0,0.0,26.0,0.0,105.0,0.0,1996.0,0.0,2459.0,0.0,463.0,P3,6.600811565878453e-06,1996.0,0.0,2459.0
bkwpet,290,Pterodroma nigripennis,ハグロシロハラミズナギドリ,Pterodroma nigripennis,Black-winged Petrel,PROCELLARIIFORMES,PROCELLARIIDAE,Black-winged Petrel,3.1970833333333336e-05,0.0008731,4.0,vagrant,10.0,0.0,0.0,0.0,0.0,0.0,21.0,0.0,31.0,0.0,10.0,P1,6.337893625448796e-06,21.0,0.0,31.0
lstlar2,455,Alaudala cheleensis,コヒバリ,Alaudala cheleensis,Asian Short-toed Lark,PASSERIFORMES,ALAUDIDAE,Asian Short-toed Lark,5.0641666666666667e-05,0.0006536,8.0,resident,121.0,0.0,1.0,0.0,2.0,0.0,129.0,1.0,253.0,1.0,124.0,P3,6.334679479290672e-06,129.0,1.0,253.0
blypip1,588,Anthus godlewskii,コマミジロタヒバリ,Anthus godlewskii,Blyth's Pipit,PASSERIFORMES,MOTACILLIDAE,Blyth's Pipit,5.377708333333333e-05,0.0017901,4.0,vagrant,260.0,0.0,2.0,0.0,5.0,0.0,239.0,0.0,506.0,0.0,267.0,P3,5.982753340149109e-06,239.0,0.0,506.0
laugul,217,Leucophaeus atricilla,ワライカモメ,Leucophaeus atricilla,Laughing Gull,CHARADRIIFORMES,LARIDAE,Laughing Gull,6.346041666666667e-05,0.0005702,11.0,passage,159.0,0.0,27.0,0.0,260.0,0.0,1120.0,0.0,1566.0,0.0,446.0,P3,5.978535221275889e-06,1120.0,0.0,1566.0
litgul,215,Hydrocoloeus minutus,ヒメカモメ,Hydrocoloeus minutus,Little Gull,CHARADRIIFORMES,LARIDAE,Little Gull,4.666041666666666e-05,0.001224,5.0,passage,154.0,0.0,3.0,0.0,13.0,0.0,63.0,0.0,233.0,0.0,170.0,P3,5.923991147764314e-06,63.0,0.0,233.0
woowar,468,Phylloscopus sibilatrix,モリムシクイ,Phylloscopus sibilatrix,Wood Warbler,PASSERIFORMES,PHYLLOSCOPIDAE,Wood Warbler,7.123333333333333e-05,0.0015,7.0,passage,1421.0,1.0,266.0,0.0,1648.0,0.0,1117.0,0.0,4452.0,1.0,3335.0,P3,5.876908194438514e-06,1117.0,0.0,4452.0
bnhgul1,212,Chroicocephalus brunnicephalus,チャガシラカモメ,Chroicocephalus brunnicephalus,Brown-headed Gull,CHARADRIIFORMES,LARIDAE,Brown-headed Gull,3.572916666666666e-05,0.001224,2.0,vagrant,18.0,0.0,0.0,0.0,0.0,0.0,53.0,0.0,71.0,0.0,18.0,P2,5.772242222182057e-06,53.0,0.0,71.0
pllwar1,480,Phylloscopus tenellipes,アムールムシクイ,Phylloscopus tenellipes,Pale-legged Leaf Warbler,PASSERIFORMES,PHYLLOSCOPIDAE,Pale-legged Leaf Warbler,5.626041666666666e-05,0.0009639,5.0,passage,264.0,2.0,3.0,0.0,56.0,4.0,823.0,42.0,1146.0,48.0,323.0,P3,5.534769484118234e-06,823.0,42.0,1146.0
blrwar1,488,Acrocephalus dumetorum,ヤブヨシキリ,Acrocephalus dumetorum,Blyth's Reed Warbler,PASSERIFORMES,ACROCEPHALIDAE,Blyth's Reed Warbler,6.970833333333334e-05,0.0012471,6.0,passage,1676.0,0.0,358.0,0.0,1870.0,0.0,2364.0,1.0,6268.0,1.0,3904.0,P3,5.526157705623771e-06,2364.0,1.0,6268.0
boowar1,490,Iduna caligata,ヒメウタイムシクイ,Iduna caligata,Booted Warbler,PASSERIFORMES,ACROCEPHALIDAE,Booted Warbler,5.034375e-05,0.0015,4.0,vagrant,175.0,0.0,35.0,0.0,142.0,0.0,256.0,0.0,608.0,0.0,352.0,P3,5.440999717058633e-06,256.0,0.0,608.0
pagwar1,493,Locustella certhiola,シベリアセンニュウ,Helopsaltes certhiola,Pallas's Grasshopper Warbler,PASSERIFORMES,LOCUSTELLIDAE,Pallas's Grasshopper Warbler,5.337708333333334e-05,0.0015,4.0,vagrant,198.0,0.0,3.0,0.0,60.0,1.0,662.0,3.0,923.0,4.0,261.0,P3,5.417173086180034e-06,662.0,3.0,923.0
ashdro1,416,Dicrurus leucophaeus,ハイイロオウチュウ,Dicrurus leucophaeus,Ashy Drongo,PASSERIFORMES,DICRURIDAE,Ashy Drongo,5.424791666666667e-05,0.0015,6.0,passage,225.0,0.0,2.0,0.0,32.0,0.0,863.0,3.0,1122.0,3.0,259.0,P3,5.352835469179679e-06,863.0,3.0,1122.0
sonthr1,519,Turdus philomelos,ウタツグミ,Turdus philomelos,Song Thrush,PASSERIFORMES,TURDIDAE,Song Thrush,7.407916666666665e-05,0.0015,7.0,passage,6261.0,0.0,1100.0,0.0,8630.0,0.0,4231.0,0.0,20222.0,0.0,15991.0,P3,5.178992042094006e-06,4231.0,0.0,20222.0
comyel,643,Geothlypis trichas,カオグロアメリカムシクイ,Geothlypis trichas,Common Yellowthroat,PASSERIFORMES,PARULIDAE,Common Yellowthroat,7.398125e-05,0.0015,5.0,passage,792.0,0.0,785.0,0.0,3859.0,0.0,14977.0,0.0,20413.0,0.0,5436.0,P3,5.167247543104211e-06,14977.0,0.0,20413.0
blckin1,381,Halcyon pileata,ヤマショウビン,Halcyon pileata,Black-capped Kingfisher,CORACIIFORMES,ALCEDINIDAE,Black-capped Kingfisher,3.473958333333333e-05,0.0005608,6.0,passage,38.0,0.0,0.0,0.0,8.0,0.0,60.0,0.0,106.0,0.0,46.0,P3,5.142881109745628e-06,60.0,0.0,106.0
leater1,234,Sternula antillarum,アメリカコアジサシ,Sternula antillarum,Least Tern,CHARADRIIFORMES,LARIDAE,Least Tern,4.747708333333333e-05,0.0015,3.0,vagrant,148.0,0.0,8.0,0.0,58.0,0.0,885.0,0.0,1099.0,0.0,214.0,P3,4.6985619608681565e-06,885.0,0.0,1099.0
redava,44,Amandava amandava,ベニスズメ,Amandava amandava,Red Avadavat,PASSERIFORMES,ESTRILDIDAE,Red Avadavat,4.320833333333333e-05,0.0015,3.0,vagrant,96.0,0.0,0.0,0.0,14.0,0.0,703.0,0.0,813.0,0.0,110.0,P3,4.467983580459922e-06,703.0,0.0,813.0
manrew1,487,Acrocephalus tangorum,マンシュウイナダヨシキリ,Acrocephalus tangorum,Manchurian Reed Warbler,PASSERIFORMES,ACROCEPHALIDAE,Manchurian Reed Warbler,3.125e-05,0.0015,1.0,vagrant,33.0,0.0,0.0,0.0,4.0,0.0,89.0,5.0,126.0,5.0,37.0,P3,4.464285714285715e-06,89.0,5.0,126.0
eugplo,129,Pluvialis apricaria,ヨーロッパムナグロ,Pluvialis apricaria,European Golden-Plover,CHARADRIIFORMES,CHARADRIIDAE,European Golden-Plover,4.959166666666667e-05,0.0015,6.0,passage,1652.0,0.0,16.0,0.0,81.0,0.0,536.0,1.0,2285.0,1.0,1749.0,P3,4.444000108989243e-06,536.0,1.0,2285.0
trimun,39,Lonchura malacca,ギンパラ,Lonchura malacca,Tricolored Munia,PASSERIFORMES,ESTRILDIDAE,Tricolored Munia,3.125e-05,0.0015,1.0,vagrant,8.0,0.0,0.0,0.0,1.0,0.0,156.0,0.0,165.0,0.0,9.0,P3,4.2322930012042896e-06,156.0,0.0,165.0
slbgul1,210,Chroicocephalus genei,ハシボソカモメ,Chroicocephalus genei,Slender-billed Gull,CHARADRIIFORMES,LARIDAE,Slender-billed Gull,3.3904166666666666e-05,0.0015,2.0,vagrant,215.0,0.0,0.0,0.0,0.0,0.0,66.0,0.0,281.0,0.0,215.0,P3,4.162748841733874e-06,66.0,0.0,281.0
blkter,245,Chlidonias niger,ハシグロクロハラアジサシ,Chlidonias niger,Black Tern,CHARADRIIFORMES,LARIDAE,Black Tern,4.188125e-05,0.0015,3.0,vagrant,316.0,0.0,15.0,0.0,76.0,0.0,684.0,0.0,1091.0,0.0,407.0,P3,4.149091309198915e-06,684.0,0.0,1091.0
rbbmag,22,Urocissa erythroryncha,サンジャク,Urocissa erythroryncha,Red-billed Blue-Magpie,PASSERIFORMES,CORVIDAE,Red-billed Blue-Magpie,3.673125e-05,0.0015,3.0,vagrant,169.0,0.0,4.0,0.0,91.0,1.0,351.0,1.0,615.0,2.0,264.0,P3,3.962751969139195e-06,351.0,1.0,615.0
indcuc1,81,Cuculus micropterus,セグロカッコウ,Cuculus micropterus,Indian Cuckoo,CUCULIFORMES,CUCULIDAE,Indian Cuckoo,4.195208333333333e-05,0.0005833,5.0,passage,235.0,2.0,33.0,9.0,187.0,35.0,1083.0,43.0,1538.0,89.0,455.0,P3,3.9619618411811536e-06,1083.0,43.0,1538.0
wlwwar,474,Phylloscopus trochilus,キタヤナギムシクイ,Phylloscopus trochilus,Willow Warbler,PASSERIFORMES,PHYLLOSCOPIDAE,Willow Warbler,5.21125e-05,0.000817,6.0,passage,5585.0,0.0,410.0,0.0,2711.0,0.0,2351.0,0.0,11057.0,0.0,8706.0,P3,3.879457953942562e-06,2351.0,0.0,11057.0
chilew1,470,Phylloscopus yunnanensis,シセンムシクイ,Phylloscopus yunnanensis,Chinese Leaf Warbler,PASSERIFORMES,PHYLLOSCOPIDAE,Chinese Leaf Warbler,3.125e-05,0.0015,1.0,vagrant,116.0,0.0,0.0,0.0,20.0,0.0,152.0,0.0,288.0,0.0,136.0,P3,3.820335856561818e-06,152.0,0.0,288.0
eurrob1,541,Erithacus rubecula,ヨーロッパコマドリ,Erithacus rubecula,European Robin,PASSERIFORMES,MUSCICAPIDAE,European Robin,5.439375e-05,0.0015,4.0,vagrant,7449.0,0.0,1100.0,0.0,12728.0,0.0,7325.0,0.0,28602.0,0.0,21277.0,P3,3.674277885411492e-06,7325.0,0.0,28602.0
misthr1,520,Turdus viscivorus,ヤドリギツグミ,Turdus viscivorus,Mistle Thrush,PASSERIFORMES,TURDIDAE,Mistle Thrush,4.217916666666667e-05,0.0015,2.0,vagrant,1569.0,0.0,196.0,0.0,1198.0,0.0,1128.0,0.0,4091.0,0.0,2963.0,P3,3.5152402038542802e-06,1128.0,0.0,4091.0
truswa,15,Cygnus buccinator,ナキハクチョウ,Cygnus buccinator,Trumpeter Swan,ANSERIFORMES,ANATIDAE,Trumpeter Swan,3.923125e-05,0.0015,4.0,vagrant,77.0,0.0,55.0,0.0,382.0,0.0,1838.0,0.0,2352.0,0.0,514.0,P3,3.502509163180247e-06,1838.0,0.0,2352.0
bearee1,449,Panurus biarmicus,ヒゲガラ,Panurus biarmicus,Bearded Reedling,PASSERIFORMES,PANURIDAE,Bearded Reedling,3.4860416666666666e-05,0.0015,2.0,vagrant,491.0,0.0,15.0,0.0,117.0,0.0,388.0,0.0,1011.0,0.0,623.0,P3,3.4914819336260547e-06,388.0,0.0,1011.0
rebshr1,423,Lanius collurio,セアカモズ,Lanius collurio,Red-backed Shrike,PASSERIFORMES,LANIIDAE,Red-backed Shrike,3.635833333333333e-05,0.0015,3.0,vagrant,849.0,0.0,45.0,0.0,290.0,0.0,511.0,0.0,1695.0,0.0,1184.0,P3,3.388862884967217e-06,511.0,0.0,1695.0
datthr1,530,Turdus atrogularis,ノドグロツグミ,Turdus atrogularis,Black-throated Thrush,PASSERIFORMES,TURDIDAE,Black-throated Thrush,2.4479166666666668e-05,0.0004641,4.0,vagrant,84.0,0.0,0.0,0.0,0.0,0.0,64.0,0.0,148.0,0.0,84.0,P3,3.386330148085019e-06,64.0,0.0,148.0
ettwoo1,391,Picoides tridactylus,ミユビゲラ,Picoides tridactylus,Eurasian Three-toed Woodpecker,PICIFORMES,PICIDAE,Eurasian Three-toed Woodpecker,3.125e-05,0.0015,1.0,vagrant,463.0,0.0,2.0,0.0,24.0,0.0,115.0,0.0,604.0,0.0,489.0,P3,3.380873286154286e-06,115.0,0.0,604.0
verfly4,540,Eumyias thalassinus,ロクショウヒタキ,Eumyias thalassinus,Verditer Flycatcher,PASSERIFORMES,MUSCICAPIDAE,Verditer Flycatcher,2.7350000000000004e-05,0.0005347,4.0,vagrant,106.0,0.0,0.0,0.0,10.0,0.0,224.0,0.0,340.0,0.0,116.0,P3,3.249047182952543e-06,224.0,0.0,340.0
norhar2,357,Circus hudsonius,アメリカハイイロチュウヒ,Circus hudsonius,Northern Harrier,ACCIPITRIFORMES,ACCIPITRIDAE,Northern Harrier,3.125e-05,0.0015,1.0,vagrant,49.0,0.0,4.0,0.0,48.0,0.0,706.0,0.0,807.0,0.0,101.0,P3,3.2349910235975314e-06,706.0,0.0,807.0
eupfly1,555,Ficedula hypoleuca,マダラヒタキ,Ficedula hypoleuca,European Pied Flycatcher,PASSERIFORMES,MUSCICAPIDAE,European Pied Flycatcher,3.798125e-05,0.0015,3.0,vagrant,1662.0,0.0,166.0,0.0,948.0,0.0,1393.0,0.0,4169.0,0.0,2776.0,P3,3.158214627549197e-06,1393.0,0.0,4169.0
sabgul,209,Xema sabini,クビワカモメ,Xema sabini,Sabine's Gull,CHARADRIIFORMES,LARIDAE,Sabine's Gull,1.81625e-05,0.0005154,2.0,vagrant,24.0,0.0,0.0,0.0,3.0,0.0,47.0,0.0,74.0,0.0,27.0,P2,2.9069639429906933e-06,47.0,0.0,74.0
cangoo,4,Branta canadensis,カナダガン,Branta canadensis,Canada Goose,ANSERIFORMES,ANATIDAE,Canada Goose,3.374166666666667e-05,0.0015,2.0,vagrant,1500.0,0.0,578.0,0.0,7060.0,0.0,0.0,0.0,9138.0,0.0,9138.0,P3,2.5643503517674935e-06,0.0,0.0,9138.0
sedwar1,486,Acrocephalus schoenobaenus,スゲヨシキリ,Acrocephalus schoenobaenus,Sedge Warbler,PASSERIFORMES,ACROCEPHALIDAE,Sedge Warbler,3.125e-05,0.0015,1.0,vagrant,1757.0,0.0,256.0,0.0,1461.0,0.0,1801.0,0.0,5275.0,0.0,3474.0,P3,2.5271921287323772e-06,1801.0,0.0,5275.0
stisan,158,Calidris himantopus,アシナガシギ,Calidris himantopus,Stilt Sandpiper,CHARADRIIFORMES,SCOLOPACIDAE,Stilt Sandpiper,1.9322916666666668e-05,0.0004106,3.0,vagrant,45.0,0.0,0.0,0.0,3.0,0.0,151.0,0.0,199.0,0.0,48.0,P3,2.5255242607946953e-06,151.0,0.0,199.0
eueowl1,375,Bubo bubo,ワシミミズク,Bubo bubo,Eurasian Eagle-Owl,STRIGIFORMES,STRIGIDAE,Eurasian Eagle-Owl,3.125e-05,0.0015,1.0,vagrant,1098.0,0.0,112.0,2.0,12165.0,8.0,732.0,5.0,14107.0,15.0,13375.0,P3,2.267067334253812e-06,732.0,5.0,14107.0
whvmyn,31,Acridotheres javanicus,ジャワハッカ,Acridotheres javanicus,Javan Myna,PASSERIFORMES,STURNIDAE,Javan Myna,1.674375e-05,0.0003497,3.0,vagrant,65.0,0.0,9.0,0.0,59.0,0.0,250.0,0.0,383.0,0.0,133.0,P3,1.9495059168262696e-06,250.0,0.0,383.0
parauk,259,Aethia psittacula,ウミオウム,Aethia psittacula,Parakeet Auklet,CHARADRIIFORMES,ALCIDAE,Parakeet Auklet,1.0854166666666668e-05,0.0001637,4.0,vagrant,6.0,0.0,0.0,0.0,4.0,0.0,40.0,0.0,50.0,0.0,10.0,P2,1.9040928776291318e-06,40.0,0.0,50.0
rossta2,511,Pastor roseus,バライロムクドリ,Pastor roseus,Rosy Starling,PASSERIFORMES,STURNIDAE,Rosy Starling,1.4816666666666663e-05,0.0002573,4.0,vagrant,121.0,0.0,0.0,0.0,13.0,0.0,381.0,0.0,515.0,0.0,134.0,P3,1.6437356355536428e-06,381.0,0.0,515.0
whcspa,639,Zonotrichia leucophrys,ミヤマシトド,Zonotrichia leucophrys,White-crowned Sparrow,PASSERIFORMES,PASSERELLIDAE,White-crowned Sparrow,2.063541666666667e-05,0.0004207,4.0,vagrant,631.0,0.0,424.0,0.0,1726.0,0.0,8265.0,0.0,11046.0,0.0,2781.0,P3,1.53634518462966e-06,8265.0,0.0,11046.0
chrshe,300,Puffinus nativitatis,コミズナギドリ,Puffinus nativitatis,Christmas Shearwater,PROCELLARIIFORMES,PROCELLARIIDAE,Christmas Shearwater,5.033333333333333e-06,0.0002416,1.0,vagrant,8.0,0.0,0.0,0.0,0.0,0.0,2.0,0.0,10.0,0.0,8.0,P1,1.4040128264440201e-06,2.0,0.0,10.0
spofly1,538,Muscicapa striata,ムナフヒタキ,Muscicapa striata,Spotted Flycatcher,PASSERIFORMES,MUSCICAPIDAE,Spotted Flycatcher,1.55125e-05,0.0003476,3.0,vagrant,1946.0,0.0,141.0,0.0,672.0,0.0,1477.0,0.0,4236.0,0.0,2759.0,P3,1.287433303636593e-06,1477.0,0.0,4236.0
arcter,242,Sterna paradisaea,キョクアジサシ,Sterna paradisaea,Arctic Tern,CHARADRIIFORMES,LARIDAE,Arctic Tern,1.2666666666666668e-05,0.000608,1.0,vagrant,486.0,0.0,7.0,0.0,33.0,0.0,395.0,0.0,921.0,0.0,526.0,P3,1.2859316148457994e-06,395.0,0.0,921.0
meapip1,589,Anthus pratensis,マキバタヒバリ,Anthus pratensis,Meadow Pipit,PASSERIFORMES,MOTACILLIDAE,Meadow Pipit,1.4108333333333332e-05,0.0003736,3.0,vagrant,1655.0,0.0,53.0,0.0,444.0,0.0,1442.0,0.0,3594.0,0.0,2152.0,P3,1.1943888894003425e-06,1442.0,0.0,3594.0
semplo,133,Charadrius semipalmatus,ミズカキチドリ,Charadrius semipalmatus,Semipalmated Plover,CHARADRIIFORMES,CHARADRIIDAE,Semipalmated Plover,1.2772916666666666e-05,0.0002577,3.0,vagrant,186.0,0.0,16.0,0.0,62.0,0.0,1611.0,0.0,1875.0,0.0,264.0,P3,1.1746060835128682e-06,1611.0,0.0,1875.0
eaywag1,581,Motacilla flava,ニシツメナガセキレイ,Motacilla flava,Western Yellow Wagtail,PASSERIFORMES,MOTACILLIDAE,Western Yellow Wagtail,1.4447916666666666e-05,0.0004131,2.0,vagrant,2994.0,0.0,47.0,0.0,385.0,0.0,1701.0,0.0,5127.0,0.0,3426.0,P3,1.1722959456975788e-06,1701.0,0.0,5127.0
chwcuc1,74,Clamator coromandus,カンムリカッコウ,Clamator coromandus,Chestnut-winged Cuckoo,CUCULIFORMES,CUCULIDAE,Chestnut-winged Cuckoo,9.641666666666666e-06,0.0001634,3.0,vagrant,81.0,0.0,4.0,0.0,46.0,0.0,243.0,0.0,374.0,0.0,131.0,P3,1.1270754017331695e-06,243.0,0.0,374.0
bkwcus1,413,Lalage melaschistos,アサクラサンショウクイ,Lalage melaschistos,Black-winged Cuckooshrike,PASSERIFORMES,CAMPEPHAGIDAE,Black-winged Cuckooshrike,7.495833333333334e-06,0.0001898,2.0,vagrant,62.0,0.0,0.0,0.0,3.0,0.0,148.0,0.0,213.0,0.0,65.0,P3,9.674298870517274e-07,148.0,0.0,213.0
baisan,167,Calidris bairdii,ヒメウズラシギ,Calidris bairdii,Baird's Sandpiper,CHARADRIIFORMES,SCOLOPACIDAE,Baird's Sandpiper,8.8375e-06,0.0002504,2.0,vagrant,102.0,0.0,3.0,0.0,14.0,0.0,475.0,0.0,594.0,0.0,119.0,P3,9.586005484534706e-07,475.0,0.0,594.0
javspa,36,Padda oryzivora,ブンチョウ,Padda oryzivora,Java Sparrow,PASSERIFORMES,ESTRILDIDAE,Java Sparrow,7.764583333333333e-06,0.0002027,2.0,vagrant,11.0,0.0,0.0,0.0,13.0,0.0,277.0,0.0,301.0,0.0,24.0,P3,9.419409743019907e-07,277.0,0.0,301.0
bimlar1,453,Melanocorypha bimaculata,クビワコウテンシ,Melanocorypha bimaculata,Bimaculated Lark,PASSERIFORMES,ALAUDIDAE,Bimaculated Lark,6.0500000000000005e-06,0.000165,2.0,vagrant,66.0,0.0,0.0,0.0,0.0,0.0,48.0,0.0,114.0,0.0,66.0,P3,8.821838386980625e-07,48.0,0.0,114.0
ferfly1,535,Muscicapa ferruginea,ミヤマヒタキ,Muscicapa ferruginea,Ferruginous Flycatcher,PASSERIFORMES,MUSCICAPIDAE,Ferruginous Flycatcher,6.120833333333333e-06,0.0001536,2.0,vagrant,42.0,0.0,0.0,0.0,1.0,0.0,99.0,0.0,142.0,0.0,43.0,P3,8.53681639919812e-07,99.0,0.0,142.0
dalpel1,342,Pelecanus crispus,ハイイロペリカン,Pelecanus crispus,Dalmatian Pelican,PELECANIFORMES,PELECANIDAE,Dalmatian Pelican,2.4166666666666667e-06,0.000116,1.0,vagrant,3.0,0.0,0.0,0.0,0.0,0.0,3.0,0.0,6.0,0.0,3.0,P1,8.055555555555556e-07,3.0,0.0,6.0
ivogul,208,Pagophila eburnea,ゾウゲカモメ,Pagophila eburnea,Ivory Gull,CHARADRIIFORMES,LARIDAE,Ivory Gull,2.9145833333333337e-06,0.0001399,1.0,vagrant,9.0,0.0,0.0,0.0,0.0,0.0,4.0,0.0,13.0,0.0,9.0,P1,7.460109931436081e-07,4.0,0.0,13.0
grybus1,565,Saxicola ferreus,ヤマザキヒタキ,Saxicola ferreus,Gray Bushchat,PASSERIFORMES,MUSCICAPIDAE,Gray Bushchat,6.308333333333333e-06,0.0001626,2.0,vagrant,89.0,0.0,1.0,0.0,6.0,0.0,266.0,0.0,362.0,0.0,96.0,P3,7.414769161830644e-07,266.0,0.0,362.0
blared1,559,Phoenicurus ochruros,クロジョウビタキ,Phoenicurus ochruros,Black Redstart,PASSERIFORMES,MUSCICAPIDAE,Black Redstart,8.799999999999999e-06,0.0001626,3.0,vagrant,1741.0,0.0,298.0,0.0,1852.0,0.0,1553.0,0.0,5444.0,0.0,3891.0,P3,7.090494950119357e-07,1553.0,0.0,5444.0
eurdot,140,Eudromias morinellus,コバシチドリ,Eudromias morinellus,Eurasian Dotterel,CHARADRIIFORMES,CHARADRIIDAE,Eurasian Dotterel,4.241666666666667e-06,0.0001077,2.0,vagrant,0.0,0.0,2.0,0.0,2.0,0.0,82.0,0.0,86.0,0.0,4.0,P2,6.566625234375502e-07,82.0,0.0,86.0
rubred2,557,Phoenicurus erythronotus,セアカジョウビタキ,Phoenicurus erythronotus,Rufous-backed Redstart,PASSERIFORMES,MUSCICAPIDAE,Rufous-backed Redstart,3.620833333333333e-06,0.0001738,1.0,vagrant,15.0,0.0,1.0,0.0,1.0,0.0,29.0,0.0,46.0,0.0,17.0,P1,6.483182891318956e-07,29.0,0.0,46.0
rebgoo1,3,Branta ruficollis,アオガン,Branta ruficollis,Red-breasted Goose,ANSERIFORMES,ANATIDAE,Red-breasted Goose,3.0479166666666668e-06,0.0001463,1.0,vagrant,25.0,0.0,0.0,0.0,0.0,0.0,0.0,0.0,25.0,0.0,25.0,P1,6.410071038021127e-07,0.0,0.0,25.0
impeag1,349,Aquila heliaca,カタシロワシ,Aquila heliaca,Imperial Eagle,ACCIPITRIFORMES,ACCIPITRIDAE,Imperial Eagle,3.2e-06,0.0001536,1.0,vagrant,19.0,0.0,0.0,0.0,0.0,0.0,20.0,0.0,39.0,0.0,19.0,P1,5.972877159646188e-07,20.0,0.0,39.0
grwpel1,340,Pelecanus onocrotalus,モモイロペリカン,Pelecanus onocrotalus,Great White Pelican,PELECANIFORMES,PELECANIDAE,Great White Pelican,2.802083333333333e-06,0.0001345,1.0,vagrant,16.0,0.0,0.0,0.0,0.0,0.0,16.0,0.0,32.0,0.0,16.0,P1,5.507820736523883e-07,16.0,0.0,32.0
borowl,368,Aegolius funereus,キンメフクロウ,Aegolius funereus,Boreal Owl,STRIGIFORMES,STRIGIDAE,Boreal Owl,5.839583333333333e-06,0.0001458,2.0,vagrant,845.0,2.0,40.0,0.0,204.0,0.0,770.0,0.0,1859.0,2.0,1089.0,P3,5.376226608761765e-07,770.0,0.0,1859.0
cinvul1,345,Aegypius monachus,クロハゲワシ,Aegypius monachus,Cinereous Vulture,ACCIPITRIFORMES,ACCIPITRIDAE,Cinereous Vulture,2.345833333333333e-06,0.0001126,1.0,vagrant,13.0,0.0,0.0,0.0,1.0,1.0,5.0,0.0,19.0,1.0,14.0,P1,5.340764584016021e-07,5.0,0.0,19.0
yerwar,644,Setophaga coronata,キヅタアメリカムシクイ,Setophaga coronata,Yellow-rumped Warbler,PASSERIFORMES,PARULIDAE,Yellow-rumped Warbler,6.068749999999999e-06,0.0001626,2.0,vagrant,490.0,0.0,392.0,0.0,1967.0,0.0,9346.0,0.0,12195.0,0.0,2849.0,P3,4.4707847887481403e-07,9346.0,0.0,12195.0
lewduc1,1,Dendrocygna javanica,リュウキュウガモ,Dendrocygna javanica,Lesser Whistling-Duck,ANSERIFORMES,ANATIDAE,Lesser Whistling-Duck,2.920833333333333e-06,0.0001402,1.0,vagrant,77.0,0.0,2.0,0.0,23.0,0.0,0.0,0.0,102.0,0.0,102.0,P3,4.3591666460714943e-07,0.0,0.0,102.0
monlar1,454,Melanocorypha mongolica,コウテンシ,Melanocorypha mongolica,Mongolian Lark,PASSERIFORMES,ALAUDIDAE,Mongolian Lark,2.920833333333333e-06,0.0001402,1.0,vagrant,55.0,0.0,0.0,0.0,0.0,0.0,51.0,0.0,106.0,0.0,55.0,P3,4.324029574730657e-07,51.0,0.0,106.0
baleag,362,Haliaeetus leucocephalus,ハクトウワシ,Haliaeetus leucocephalus,Bald Eagle,ACCIPITRIFORMES,ACCIPITRIDAE,Bald Eagle,4.414583333333333e-06,0.000116,2.0,vagrant,124.0,0.0,132.0,0.0,655.0,0.0,2155.0,0.0,3066.0,0.0,911.0,P3,3.8112335221489776e-07,2155.0,0.0,3066.0
copgoo1,22,Nettapus coromandelianus,ナンキンオシ,Nettapus coromandelianus,Cotton Pygmy-Goose,ANSERIFORMES,ANATIDAE,Cotton Pygmy-Goose,2.345833333333333e-06,0.0001126,1.0,vagrant,19.0,0.0,0.0,0.0,3.0,0.0,62.0,0.0,84.0,0.0,22.0,P2,3.650383889983504e-07,62.0,0.0,84.0
fragul,218,Leucophaeus pipixcan,アメリカズグロカモメ,Leucophaeus pipixcan,Franklin's Gull,CHARADRIIFORMES,LARIDAE,Franklin's Gull,2.9145833333333337e-06,0.0001399,1.0,vagrant,65.0,0.0,19.0,0.0,130.0,0.0,613.0,0.0,827.0,0.0,214.0,P3,3.006203923934297e-07,613.0,0.0,827.0
shbdow,175,Limnodromus griseus,アメリカオオハシシギ,Limnodromus griseus,Short-billed Dowitcher,CHARADRIIFORMES,SCOLOPACIDAE,Short-billed Dowitcher,2.802083333333333e-06,0.0001345,1.0,vagrant,93.0,0.0,8.0,0.0,29.0,0.0,1189.0,0.0,1319.0,0.0,130.0,P3,2.702779237221452e-07,1189.0,0.0,1319.0
hacdro1,415,Dicrurus hottentottus,カンムリオウチュウ,Dicrurus hottentottus,Hair-crested Drongo,PASSERIFORMES,DICRURIDAE,Hair-crested Drongo,2.4916666666666664e-06,0.0001196,1.0,vagrant,179.0,0.0,2.0,0.0,12.0,0.0,436.0,0.0,629.0,0.0,193.0,P3,2.6787805041631167e-07,436.0,0.0,629.0
comred2,560,Phoenicurus phoenicurus,シロビタイジョウビタキ,Phoenicurus phoenicurus,Common Redstart,PASSERIFORMES,MUSCICAPIDAE,Common Redstart,3.3604166666666663e-06,0.0001613,1.0,vagrant,1882.0,0.0,330.0,0.0,4176.0,57.0,1433.0,0.0,7821.0,57.0,6388.0,P3,2.5982255714786894e-07,1433.0,0.0,7821.0
grewar2,478,Phylloscopus plumbeitarsus,ヤナギムシクイ,Phylloscopus plumbeitarsus,Two-barred Warbler,PASSERIFORMES,PHYLLOSCOPIDAE,Two-barred Warbler,2.345833333333333e-06,0.0001126,1.0,vagrant,320.0,0.0,1.0,0.0,51.0,0.0,426.0,3.0,798.0,3.0,372.0,P3,2.432464034273545e-07,426.0,3.0,798.0
norbob,4,Colinus virginianus,コリンウズラ,Colinus virginianus,Northern Bobwhite,GALLIFORMES,ODONTOPHORIDAE,Northern Bobwhite,2.6812500000000004e-06,0.0001287,1.0,vagrant,136.0,0.0,249.0,0.0,1209.0,0.0,4251.0,0.0,5845.0,0.0,1594.0,P3,2.1426891738388668e-07,4251.0,0.0,5845.0
taibap1,10,Bambusicola sonorivox,テッケイ,Bambusicola sonorivox,Taiwan Bamboo-Partridge,GALLIFORMES,PHASIANIDAE,Taiwan Bamboo-Partridge,0.0,0.0,0.0,undetected,32.0,0.0,78.0,0.0,281.0,0.0,303.0,0.0,694.0,0.0,391.0,P3,0.0,303.0,0.0,694.0
creshe1,20,Tadorna cristata,カンムリツクシガモ,Tadorna cristata,Crested Shelduck,ANSERIFORMES,ANATIDAE,Crested Shelduck,0.0,0.0,0.0,undetected,0.0,0.0,0.0,0.0,0.0,0.0,0.0,0.0,0.0,0.0,0.0,P1,0.0,0.0,0.0,0.0
buwtea,25,Spatula discors,ミカヅキシマアジ,Spatula discors,Blue-winged Teal,ANSERIFORMES,ANATIDAE,Blue-winged Teal,0.0,0.0,0.0,undetected,118.0,0.0,3.0,0.0,32.0,0.0,749.0,0.0,902.0,0.0,153.0,P3,0.0,749.0,0.0,902.0
bahgoo,6,Anser indicus,インドガン,Anser indicus,Bar-headed Goose,ANSERIFORMES,ANATIDAE,Bar-headed Goose,0.0,0.0,0.0,undetected,82.0,0.0,0.0,0.0,5.0,0.0,0.0,0.0,87.0,0.0,87.0,P2,0.0,0.0,0.0,87.0
empgoo,7,Anser canagicus,ミカドガン,Anser canagicus,Emperor Goose,ANSERIFORMES,ANATIDAE,Emperor Goose,0.0,0.0,0.0,undetected,8.0,0.0,0.0,0.0,1.0,0.0,0.0,0.0,9.0,0.0,9.0,P1,0.0,0.0,0.0,9.0
phiduc1,31,Anas luzonica,アカノドカルガモ,Anas luzonica,Philippine Duck,ANSERIFORMES,ANATIDAE,Philippine Duck,0.0,0.0,0.0,undetected,4.0,0.0,0.0,0.0,0.0,0.0,14.0,0.0,18.0,0.0,4.0,P1,0.0,14.0,0.0,18.0
rebpar4,17,Psittacula alexandri,ダルマインコ,Psittacula alexandri,Red-breasted Parakeet,PSITTACIFORMES,PSITTACULIDAE,Red-breasted Parakeet,0.0,0.0,0.0,undetected,112.0,0.0,4.0,0.0,36.0,0.0,243.0,0.0,395.0,0.0,152.0,P3,0.0,243.0,0.0,395.0
monpar,16,Myiopsitta monachus,オキナインコ,Myiopsitta monachus,Monk Parakeet,PSITTACIFORMES,PSITTACIDAE,Monk Parakeet,0.0,0.0,0.0,undetected,263.0,0.0,165.0,0.0,818.0,0.0,1705.0,0.0,2951.0,0.0,1246.0,P3,0.0,1705.0,0.0,2951.0
redbis,35,Euplectes orix,オオキンランチョウ,Euplectes orix,Southern Red Bishop,PASSERIFORMES,PLOCEIDAE,Southern Red Bishop,0.0,0.0,0.0,undetected,60.0,0.0,1.0,0.0,13.0,0.0,84.0,0.0,158.0,0.0,74.0,P3,0.0,84.0,0.0,158.0
lesmaw1,34,Ploceus intermedius,メンハタオリドリ,Ploceus intermedius,Lesser Masked-Weaver,PASSERIFORMES,PLOCEIDAE,Lesser Masked-Weaver,0.0,0.0,0.0,undetected,42.0,0.0,2.0,0.0,3.0,0.0,34.0,0.0,81.0,0.0,47.0,P2,0.0,34.0,0.0,81.0
banmyn1,32,Acridotheres ginginianus,ハイイロハッカ,Acridotheres ginginianus,Bank Myna,PASSERIFORMES,STURNIDAE,Bank Myna,0.0,0.0,0.0,undetected,16.0,0.0,0.0,0.0,2.0,0.0,70.0,0.0,88.0,0.0,18.0,P2,0.0,70.0,0.0,88.0
formag1,21,Urocissa caerulea,ヤマムスメ,Urocissa caerulea,Taiwan Blue-Magpie,PASSERIFORMES,CORVIDAE,Taiwan Blue-Magpie,0.0,0.0,0.0,undetected,30.0,0.0,14.0,0.0,82.0,0.0,251.0,0.0,377.0,0.0,126.0,P3,0.0,251.0,0.0,377.0
bknsti,13,Himantopus mexicanus,クロエリセイタカシギ,Himantopus mexicanus,Black-necked Stilt,CHARADRIIFORMES,RECURVIROSTRIDAE,Black-necked Stilt,0.0,0.0,0.0,undetected,246.0,0.0,70.0,0.0,319.0,0.0,2506.0,0.0,3141.0,0.0,635.0,P3,0.0,2506.0,0.0,3141.0
eurjac,432,Corvus monedula,ニシコクマルガラス,Coloeus monedula,Eurasian Jackdaw,PASSERIFORMES,CORVIDAE,Eurasian Jackdaw,0.0,0.0,0.0,undetected,1380.0,0.0,255.0,0.0,1682.0,0.0,1218.0,0.0,4535.0,0.0,3317.0,P3,0.0,1218.0,0.0,4535.0
azutit2,446,Cyanistes cyanus,ルリガラ,Cyanistes cyanus,Azure Tit,PASSERIFORMES,PARIDAE,Azure Tit,0.0,0.0,0.0,undetected,134.0,0.0,1.0,0.0,17.0,0.0,84.0,1.0,236.0,1.0,152.0,P3,0.0,84.0,1.0,236.0
btbeat1,387,Merops philippinus,ルリオハチクイ,Merops philippinus,Blue-tailed Bee-eater,CORACIIFORMES,MEROPIDAE,Blue-tailed Bee-eater,0.0,0.0,0.0,undetected,111.0,0.0,2.0,0.0,33.0,0.0,760.0,0.0,906.0,0.0,146.0,P3,0.0,760.0,0.0,906.0
whbwoo2,397,Dryocopus javensis,キタタキ,Dryocopus javensis,White-bellied Woodpecker,PICIFORMES,PICIDAE,White-bellied Woodpecker,0.0,0.0,0.0,undetected,169.0,0.0,0.0,0.0,14.0,0.0,344.0,0.0,527.0,0.0,183.0,P3,0.0,344.0,0.0,527.0
rubwoo1,393,Dendrocopos hyperythrus,チャバラアカゲラ,Dendrocopos hyperythrus,Rufous-bellied Woodpecker,PICIFORMES,PICIDAE,Rufous-bellied Woodpecker,0.0,0.0,0.0,undetected,44.0,0.0,0.0,0.0,2.0,0.0,62.0,1.0,108.0,1.0,46.0,P3,0.0,62.0,1.0,108.0
rabeat1,388,Merops ornatus,ハチクイ,Merops ornatus,Rainbow Bee-eater,CORACIIFORMES,MEROPIDAE,Rainbow Bee-eater,0.0,0.0,0.0,undetected,64.0,0.0,9.0,0.0,83.0,0.0,269.0,0.0,425.0,0.0,156.0,P3,0.0,269.0,0.0,425.0
leskes1,401,Falco naumanni,ヒメチョウゲンボウ,Falco naumanni,Lesser Kestrel,FALCONIFORMES,FALCONIDAE,Lesser Kestrel,0.0,0.0,0.0,undetected,198.0,0.0,1.0,0.0,11.0,0.0,106.0,0.0,316.0,0.0,210.0,P3,0.0,106.0,0.0,316.0
whbwoo4,410,Artamus leucorynchus,モリツバメ,Artamus leucorynchus,White-breasted Woodswallow,PASSERIFORMES,ARTAMIDAE,White-breasted Woodswallow,0.0,0.0,0.0,undetected,67.0,0.0,0.0,0.0,11.0,0.0,202.0,0.0,280.0,0.0,78.0,P3,0.0,202.0,0.0,280.0
wehpit1,408,Pitta sordida,ズグロヤイロチョウ,Pitta sordida,Western Hooded Pitta,PASSERIFORMES,PITTIDAE,Western Hooded Pitta,0.0,0.0,0.0,undetected,195.0,0.0,4.0,0.0,29.0,0.0,322.0,0.0,550.0,0.0,228.0,P3,0.0,322.0,0.0,550.0
blnmon1,418,Hypothymis azurea,クロエリヒタキ,Hypothymis azurea,Black-naped Monarch,PASSERIFORMES,MONARCHIDAE,Black-naped Monarch,0.0,0.0,0.0,undetected,331.0,0.0,47.0,0.0,216.0,0.0,1290.0,0.0,1884.0,0.0,594.0,P3,0.0,1290.0,0.0,1884.0
snoowl1,374,Bubo scandiacus,シロフクロウ,Bubo scandiacus,Snowy Owl,STRIGIFORMES,STRIGIDAE,Snowy Owl,0.0,0.0,0.0,undetected,24.0,1.0,0.0,0.0,2.0,0.0,40.0,0.0,66.0,1.0,26.0,P2,0.0,40.0,0.0,66.0
gybter1,236,Onychoprion lunatus,ナンヨウマミジロアジサシ,Onychoprion lunatus,Gray-backed Tern,CHARADRIIFORMES,LARIDAE,Gray-backed Tern,0.0,0.0,0.0,undetected,2.0,0.0,0.0,0.0,0.0,0.0,6.0,0.0,8.0,0.0,2.0,P1,0.0,6.0,0.0,8.0
lecter2,232,Thalasseus bengalensis,ベンガルアジサシ,Thalasseus bengalensis,Lesser Crested Tern,CHARADRIIFORMES,LARIDAE,Lesser Crested Tern,0.0,0.0,0.0,undetected,52.0,0.0,0.0,0.0,0.0,0.0,56.0,0.0,108.0,0.0,52.0,P3,0.0,56.0,0.0,108.0
gycthr,513,Catharus minimus,ハイイロチャツグミ,Catharus minimus,Gray-cheeked Thrush,PASSERIFORMES,TURDIDAE,Gray-cheeked Thrush,0.0,0.0,0.0,undetected,155.0,0.0,36.0,0.0,132.0,0.0,5312.0,0.0,5635.0,0.0,323.0,P3,0.0,5312.0,0.0,5635.0
thbwar1,489,Arundinax aedon,ハシブトオオヨシキリ,Arundinax aedon,Thick-billed Warbler,PASSERIFORMES,ACROCEPHALIDAE,Thick-billed Warbler,0.0,0.0,0.0,undetected,177.0,0.0,2.0,1.0,39.0,1.0,632.0,9.0,850.0,11.0,218.0,P3,0.0,632.0,9.0,850.0
jufpet,285,Pterodroma externa,オオシロハラミズナギドリ,Pterodroma externa,Juan Fernandez Petrel,PROCELLARIIFORMES,PROCELLARIIDAE,Juan Fernandez Petrel,0.0,0.0,0.0,undetected,2.0,0.0,0.0,0.0,0.0,0.0,9.0,0.0,11.0,0.0,2.0,P1,0.0,9.0,0.0,11.0
comloo,271,Gavia immer,ハシグロアビ,Gavia immer,Common Loon,GAVIIFORMES,GAVIIDAE,Common Loon,0.0,0.0,0.0,undetected,208.0,0.0,216.0,0.0,998.0,0.0,2087.0,0.0,3509.0,0.0,1422.0,P3,0.0,2087.0,0.0,3509.0
motpet,288,Pterodroma inexpectata,マダラシロハラミズナギドリ,Pterodroma inexpectata,Mottled Petrel,PROCELLARIIFORMES,PROCELLARIIDAE,Mottled Petrel,0.0,0.0,0.0,undetected,1.0,0.0,0.0,0.0,0.0,0.0,15.0,0.0,16.0,0.0,1.0,P1,0.0,15.0,0.0,16.0
hawpet1,287,Pterodroma sandwichensis,ハワイシロハラミズナギドリ,Pterodroma sandwichensis,Hawaiian Petrel,PROCELLARIIFORMES,PROCELLARIIDAE,Hawaiian Petrel,0.0,0.0,0.0,undetected,5.0,0.0,2.0,0.0,7.0,0.0,40.0,0.0,54.0,0.0,14.0,P2,0.0,40.0,0.0,54.0
whiauk,261,Aethia pygmaea,シラヒゲウミスズメ,Aethia pygmaea,Whiskered Auklet,CHARADRIIFORMES,ALCIDAE,Whiskered Auklet,0.0,0.0,0.0,undetected,1.0,0.0,0.0,0.0,0.0,0.0,109.0,0.0,110.0,0.0,1.0,P3,0.0,109.0,0.0,110.0
casauk,258,Ptychoramphus aleuticus,アメリカウミスズメ,Ptychoramphus aleuticus,Cassin's Auklet,CHARADRIIFORMES,ALCIDAE,Cassin's Auklet,0.0,0.0,0.0,undetected,17.0,0.0,0.0,0.0,4.0,0.0,29.0,0.0,50.0,0.0,21.0,P2,0.0,29.0,0.0,50.0
spbpel1,341,Pelecanus philippensis,ホシバシペリカン,Pelecanus philippensis,Spot-billed Pelican,PELECANIFORMES,PELECANIDAE,Spot-billed Pelican,0.0,0.0,0.0,undetected,5.0,0.0,0.0,0.0,0.0,0.0,4.0,0.0,9.0,0.0,5.0,P1,0.0,4.0,0.0,9.0
bkbkin1,385,Ceyx erithaca,ミツユビカワセミ,Ceyx erithaca,Black-backed Dwarf-Kingfisher,CORACIIFORMES,ALCEDINIDAE,Black-backed Dwarf-Kingfisher,0.0,0.0,0.0,undetected,47.0,0.0,0.0,0.0,1.0,0.0,38.0,0.0,86.0,0.0,48.0,P2,0.0,38.0,0.0,86.0
plamar1,459,Riparia paludicola,タイワンショウドウツバメ,Riparia paludicola,Plain Martin,PASSERIFORMES,HIRUNDINIDAE,Plain Martin,0.0,0.0,0.0,undetected,32.0,0.0,0.0,0.0,0.0,0.0,18.0,0.0,50.0,0.0,32.0,P2,0.0,18.0,0.0,50.0
runher1,329,Nycticorax caledonicus,ハシブトゴイ,Nycticorax caledonicus,Nankeen Night Heron,PELECANIFORMES,ARDEIDAE,Nankeen Night Heron,0.0,0.0,0.0,undetected,22.0,0.0,0.0,0.0,2.0,0.0,48.0,0.0,72.0,0.0,24.0,P2,0.0,48.0,0.0,72.0
pifshe,298,Ardenna creatopus,シロハラアカアシミズナギドリ,Ardenna creatopus,Pink-footed Shearwater,PROCELLARIIFORMES,PROCELLARIIDAE,Pink-footed Shearwater,0.0,0.0,0.0,undetected,24.0,0.0,0.0,0.0,0.0,0.0,49.0,0.0,73.0,0.0,24.0,P2,0.0,49.0,0.0,73.0
alepar2,18,Psittacula eupatria,オオホンセイインコ,Psittacula eupatria,Alexandrine Parakeet,PSITTACIFORMES,PSITTACULIDAE,Alexandrine Parakeet,0.0,0.0,0.0,undetected,140.0,0.0,2.0,0.0,195.0,0.0,947.0,0.0,1284.0,0.0,337.0,P3,0.0,947.0,0.0,1284.0
sposan,189,Actitis macularius,アメリカイソシギ,Actitis macularius,Spotted Sandpiper,CHARADRIIFORMES,SCOLOPACIDAE,Spotted Sandpiper,0.0,0.0,0.0,undetected,318.0,0.0,94.0,0.0,262.0,0.0,3297.0,0.0,3971.0,0.0,674.0,P3,0.0,3297.0,0.0,3971.0
wilpha,185,Phalaropus tricolor,アメリカヒレアシシギ,Phalaropus tricolor,Wilson's Phalarope,CHARADRIIFORMES,SCOLOPACIDAE,Wilson's Phalarope,0.0,0.0,0.0,undetected,35.0,0.0,1.0,0.0,5.0,0.0,144.0,0.0,185.0,0.0,41.0,P3,0.0,144.0,0.0,185.0
piebus1,567,Saxicola caprata,クロノビタキ,Saxicola caprata,Pied Bushchat,PASSERIFORMES,MUSCICAPIDAE,Pied Bushchat,0.0,0.0,0.0,undetected,153.0,0.0,0.0,0.0,23.0,0.0,813.0,0.0,989.0,0.0,176.0,P3,0.0,813.0,0.0,989.0
houspa,576,Passer domesticus,イエスズメ,Passer domesticus,House Sparrow,PASSERIFORMES,PASSERIDAE,House Sparrow,0.0,0.0,0.0,undetected,3175.0,0.0,1100.0,0.0,11908.0,0.0,10927.0,0.0,27110.0,0.0,16183.0,P3,0.0,10927.0,0.0,27110.0
rtrthr1,563,Monticola saxatilis,コシジロイソヒヨドリ,Monticola saxatilis,Rufous-tailed Rock-Thrush,PASSERIFORMES,MUSCICAPIDAE,Rufous-tailed Rock-Thrush,0.0,0.0,0.0,undetected,141.0,0.0,2.0,0.0,7.0,0.0,107.0,0.0,257.0,0.0,150.0,P3,0.0,107.0,0.0,257.0
plured1,558,Phoenicurus fuliginosus,カワビタキ,Phoenicurus fuliginosus,Plumbeous Redstart,PASSERIFORMES,MUSCICAPIDAE,Plumbeous Redstart,0.0,0.0,0.0,undetected,81.0,0.0,5.0,0.0,16.0,0.0,240.0,0.0,342.0,0.0,102.0,P3,0.0,240.0,0.0,342.0
bongul,211,Chroicocephalus philadelphia,ボナパルトカモメ,Chroicocephalus philadelphia,Bonaparte's Gull,CHARADRIIFORMES,LARIDAE,Bonaparte's Gull,0.0,0.0,0.0,undetected,89.0,0.0,8.0,0.0,43.0,0.0,696.0,0.0,836.0,0.0,140.0,P3,0.0,696.0,0.0,836.0
orhthr1,518,Geokichla citrina,オレンジジツグミ,Geokichla citrina,Orange-headed Thrush,PASSERIFORMES,TURDIDAE,Orange-headed Thrush,0.0,0.0,0.0,undetected,114.0,0.0,0.0,0.0,14.0,0.0,886.0,0.0,1014.0,0.0,128.0,P3,0.0,886.0,0.0,1014.0
brbfly2,536,Muscicapa muttui,チャムネサメビタキ,Muscicapa muttui,Brown-breasted Flycatcher,PASSERIFORMES,MUSCICAPIDAE,Brown-breasted Flycatcher,0.0,0.0,0.0,undetected,4.0,0.0,0.0,0.0,0.0,0.0,44.0,0.0,48.0,0.0,4.0,P1,0.0,44.0,0.0,48.0
bonthr2,516,Cichlopasser terrestris,オガサワラガビチョウ,Zoothera terrestris,Bonin Thrush,PASSERIFORMES,TURDIDAE,Bonin Thrush,0.0,0.0,0.0,undetected,0.0,0.0,0.0,0.0,0.0,0.0,0.0,0.0,0.0,0.0,0.0,P1,0.0,0.0,0.0,0.0
scathr8,515,Zoothera dauma,ミナミトラツグミ,Zoothera dauma,Scaly Thrush,PASSERIFORMES,TURDIDAE,Scaly Thrush,0.0,0.0,0.0,undetected,9.0,0.0,0.0,0.0,1.0,1.0,43.0,0.0,53.0,1.0,10.0,P2,0.0,43.0,0.0,53.0
doveki,250,Alle alle,ヒメウミスズメ,Alle alle,Dovekie,CHARADRIIFORMES,ALCIDAE,Dovekie,0.0,0.0,0.0,undetected,15.0,0.0,0.0,0.0,8.0,0.0,11.0,0.0,34.0,0.0,23.0,P1,0.0,11.0,0.0,34.0
bugnod,204,Anous ceruleus,ハイイロアジサシ,Anous ceruleus,Blue-gray Noddy,CHARADRIIFORMES,LARIDAE,Blue-gray Noddy,0.0,0.0,0.0,undetected,2.0,0.0,0.0,0.0,0.0,0.0,4.0,0.0,6.0,0.0,2.0,P1,0.0,4.0,0.0,6.0
whiter,205,Gygis alba,シロアジサシ,Gygis alba,White Tern,CHARADRIIFORMES,LARIDAE,White Tern,0.0,0.0,0.0,undetected,56.0,0.0,0.0,0.0,1.0,0.0,0.0,0.0,57.0,0.0,57.0,P2,0.0,0.0,0.0,57.0
relgul2,219,Ichthyaetus relictus,ゴビズキンカモメ,Ichthyaetus relictus,Relict Gull,CHARADRIIFORMES,LARIDAE,Relict Gull,0.0,0.0,0.0,undetected,8.0,0.0,0.0,0.0,0.0,0.0,12.0,0.0,20.0,0.0,8.0,P1,0.0,12.0,0.0,20.0
hudgod,151,Limosa haemastica,アメリカオグロシギ,Limosa haemastica,Hudsonian Godwit,CHARADRIIFORMES,SCOLOPACIDAE,Hudsonian Godwit,0.0,0.0,0.0,undetected,31.0,0.0,2.0,0.0,4.0,0.0,143.0,0.0,180.0,0.0,37.0,P3,0.0,143.0,0.0,180.0
larhac2,78,Hierococcyx sparverioides,オオジュウイチ,Hierococcyx sparverioides,Large Hawk-Cuckoo,CUCULIFORMES,CUCULIDAE,Large Hawk-Cuckoo,0.0,0.0,0.0,undetected,167.0,0.0,42.0,0.0,199.0,0.0,558.0,5.0,966.0,5.0,408.0,P3,0.0,558.0,5.0,966.0
placuc1,77,Cacomantis merulinus,ヒメカッコウ,Cacomantis merulinus,Plaintive Cuckoo,CUCULIFORMES,CUCULIDAE,Plaintive Cuckoo,0.0,0.0,0.0,undetected,254.0,0.0,33.0,0.0,195.0,0.0,628.0,0.0,1110.0,0.0,482.0,P3,0.0,628.0,0.0,1110.0
lotkoe1,76,Urodynamis taitensis,キジカッコウ,Urodynamis taitensis,Long-tailed Koel,CUCULIFORMES,CUCULIDAE,Long-tailed Koel,0.0,0.0,0.0,undetected,15.0,0.0,32.0,0.0,174.0,0.0,144.0,0.0,365.0,0.0,221.0,P3,0.0,144.0,0.0,365.0
litbus1,72,Tetrax tetrax,ヒメノガン,Tetrax tetrax,Little Bustard,OTIDIFORMES,OTIDIDAE,Little Bustard,0.0,0.0,0.0,undetected,87.0,0.0,7.0,0.0,27.0,0.0,137.0,0.0,258.0,0.0,121.0,P3,0.0,137.0,0.0,258.0
lescou1,73,Centropus bengalensis,バンケン,Centropus bengalensis,Lesser Coucal,CUCULIFORMES,CUCULIDAE,Lesser Coucal,0.0,0.0,0.0,undetected,119.0,0.0,5.0,0.0,56.0,0.0,592.0,4.0,772.0,4.0,180.0,P3,0.0,592.0,4.0,772.0
rospip1,593,Anthus roseatus,ウスベニタヒバリ,Anthus roseatus,Rosy Pipit,PASSERIFORMES,MOTACILLIDAE,Rosy Pipit,0.0,0.0,0.0,undetected,49.0,0.0,0.0,0.0,3.0,0.0,67.0,0.0,119.0,0.0,52.0,P3,0.0,67.0,0.0,119.0
bongro1,605,Carpodacus ferreorostris,オガサワラマシコ,Carpodacus ferreorostris,Bonin Grosbeak,PASSERIFORMES,FRINGILLIDAE,Bonin Grosbeak,0.0,0.0,0.0,undetected,0.0,0.0,0.0,0.0,0.0,0.0,0.0,0.0,0.0,0.0,0.0,P1,0.0,0.0,0.0,0.0
grebus1,71,Otis tarda,ノガン,Otis tarda,Great Bustard,OTIDIFORMES,OTIDIDAE,Great Bustard,0.0,0.0,0.0,undetected,8.0,0.0,0.0,0.0,0.0,0.0,3.0,0.0,11.0,0.0,8.0,P1,0.0,3.0,0.0,11.0
comcha,596,Fringilla coelebs,ズアオアトリ,Fringilla coelebs,Common Chaffinch,PASSERIFORMES,FRINGILLIDAE,Common Chaffinch,0.0,0.0,0.0,undetected,8110.0,0.0,1100.0,0.0,11663.0,0.0,4759.0,0.0,25632.0,0.0,20873.0,P3,0.0,4759.0,0.0,25632.0
babcra1,104,Zapornia paykullii,コウライクイナ,Zapornia paykullii,Band-bellied Crake,GRUIFORMES,RALLIDAE,Band-bellied Crake,0.0,0.0,0.0,undetected,28.0,0.0,1.0,0.0,10.0,9.0,22.0,9.0,61.0,18.0,39.0,P2,0.0,22.0,9.0,61.0
whbcra1,107,Poliolimnas cinereus,マミジロクイナ,Poliolimnas cinereus,White-browed Crake,GRUIFORMES,RALLIDAE,White-browed Crake,0.0,0.0,0.0,undetected,71.0,0.0,1.0,0.0,22.0,0.0,176.0,0.0,270.0,0.0,94.0,P3,0.0,176.0,0.0,270.0
slbrai1,98,Lewinia striata,ミナミクイナ,Lewinia striata,Slaty-breasted Rail,GRUIFORMES,RALLIDAE,Slaty-breasted Rail,0.0,0.0,0.0,undetected,57.0,0.0,0.0,0.0,3.0,0.0,201.0,0.0,261.0,0.0,60.0,P3,0.0,201.0,0.0,261.0
slbcur,147,Numenius tenuirostris,シロハラチュウシャクシギ,Numenius tenuirostris,Slender-billed Curlew,CHARADRIIFORMES,SCOLOPACIDAE,Slender-billed Curlew,0.0,0.0,0.0,undetected,2.0,0.0,0.0,0.0,0.0,0.0,0.0,0.0,2.0,0.0,2.0,P1,0.0,0.0,0.0,2.0
piesti1,125,Himantopus leucocephalus,オーストラリアセイタカシギ,Himantopus leucocephalus,Pied Stilt,CHARADRIIFORMES,RECURVIROSTRIDAE,Pied Stilt,0.0,0.0,0.0,undetected,60.0,0.0,18.0,0.0,65.0,0.0,346.0,0.0,489.0,0.0,143.0,P3,0.0,346.0,0.0,489.0
bonpig1,87,Columba versicolor,オガサワラカラスバト,Columba versicolor,Bonin Pigeon,COLUMBIFORMES,COLUMBIDAE,Bonin Pigeon,0.0,0.0,0.0,undetected,0.0,0.0,0.0,0.0,0.0,0.0,0.0,0.0,0.0,0.0,0.0,P1,0.0,0.0,0.0,0.0
palsan1,84,Syrrhaptes paradoxus,サケイ,Syrrhaptes paradoxus,Pallas's Sandgrouse,PTEROCLIFORMES,PTEROCLIDAE,Pallas's Sandgrouse,0.0,0.0,0.0,undetected,60.0,0.0,0.0,0.0,1.0,0.0,17.0,0.0,78.0,0.0,61.0,P2,0.0,17.0,0.0,78.0
yellow2,616,Emberiza citrinella,キアオジ,Emberiza citrinella,Yellowhammer,PASSERIFORMES,EMBERIZIDAE,Yellowhammer,0.0,0.0,0.0,undetected,3869.0,0.0,310.0,0.0,1952.0,0.0,1271.0,0.0,7402.0,0.0,6131.0,P3,0.0,1271.0,0.0,7402.0
hoomer,57,Lophodytes cucullatus,オウギアイサ,Lophodytes cucullatus,Hooded Merganser,ANSERIFORMES,ANATIDAE,Hooded Merganser,0.0,0.0,0.0,undetected,32.0,0.0,5.0,0.0,36.0,0.0,539.0,0.0,612.0,0.0,73.0,P3,0.0,539.0,0.0,612.0
kineid,47,Somateria spectabilis,ケワタガモ,Somateria spectabilis,King Eider,ANSERIFORMES,ANATIDAE,King Eider,0.0,0.0,0.0,undetected,19.0,0.0,0.0,0.0,0.0,0.0,26.0,0.0,45.0,0.0,19.0,P1,0.0,26.0,0.0,45.0
stodov1,85,Columba oenas,ヒメモリバト,Columba oenas,Stock Dove,COLUMBIFORMES,COLUMBIDAE,Stock Dove,0.0,0.0,0.0,undetected,374.0,0.0,47.0,0.0,298.0,0.0,259.0,0.0,978.0,0.0,719.0,P3,0.0,259.0,0.0,978.0
ryupig1,88,Columba jouyi,リュウキュウカラスバト,Columba jouyi,Ryukyu Pigeon,COLUMBIFORMES,COLUMBIDAE,Ryukyu Pigeon,0.0,0.0,0.0,undetected,0.0,0.0,0.0,0.0,0.0,0.0,0.0,0.0,0.0,0.0,0.0,P1,0.0,0.0,0.0,0.0
bcfdov1,95,Ptilinopus leclancheri,クロアゴヒメアオバト,Ptilinopus leclancheri,Black-chinned Fruit-Dove,COLUMBIFORMES,COLUMBIDAE,Black-chinned Fruit-Dove,0.0,0.0,0.0,undetected,20.0,0.0,0.0,0.0,0.0,0.0,69.0,0.0,89.0,0.0,20.0,P2,0.0,69.0,0.0,89.0
corcra,97,Crex crex,ウズラクイナ,Crex crex,Corn Crake,GRUIFORMES,RALLIDAE,Corn Crake,0.0,0.0,0.0,undetected,884.0,0.0,278.0,0.0,1587.0,0.0,613.0,0.0,3362.0,0.0,2749.0,P3,0.0,613.0,0.0,3362.0
redhea,38,Aythya americana,アメリカホシハジロ,Aythya americana,Redhead,ANSERIFORMES,ANATIDAE,Redhead,0.0,0.0,0.0,undetected,36.0,0.0,1.0,0.0,5.0,0.0,150.0,0.0,192.0,0.0,42.0,P3,0.0,150.0,0.0,192.0
foxspa,638,Passerella iliaca,ゴマフスズメ,Passerella iliaca,Fox Sparrow,PASSERIFORMES,PASSERELLIDAE,Fox Sparrow,0.0,0.0,0.0,undetected,289.0,0.0,197.0,0.0,787.0,0.0,10400.0,0.0,11673.0,0.0,1273.0,P3,0.0,10400.0,0.0,11673.0
gyhbun1,619,Emberiza buchanani,イワバホオジロ,Emberiza buchanani,Gray-necked Bunting,PASSERIFORMES,EMBERIZIDAE,Gray-necked Bunting,0.0,0.0,0.0,undetected,55.0,0.0,1.0,0.0,2.0,0.0,75.0,0.0,133.0,0.0,58.0,P3,0.0,75.0,0.0,133.0
ortbun1,620,Emberiza hortulana,ズアオホオジロ,Emberiza hortulana,Ortolan Bunting,PASSERIFORMES,EMBERIZIDAE,Ortolan Bunting,0.0,0.0,0.0,undetected,2193.0,0.0,35.0,0.0,208.0,0.0,869.0,0.0,3305.0,0.0,2436.0,P3,0.0,869.0,0.0,3305.0
sonspa,642,Melospiza melodia,ウタスズメ,Melospiza melodia,Song Sparrow,PASSERIFORMES,PASSERELLIDAE,Song Sparrow,0.0,0.0,0.0,undetected,1456.0,0.0,1100.0,0.0,9624.0,0.0,20276.0,0.0,32456.0,0.0,12180.0,P3,0.0,20276.0,0.0,32456.0
orcwax,42,Estrilda melpoda,ホオアカカエデチョウ,Estrilda melpoda,Orange-cheeked Waxbill,PASSERIFORMES,ESTRILDIDAE,Orange-cheeked Waxbill,0.0,0.0,0.0,undetected,19.0,0.0,0.0,0.0,4.0,0.0,120.0,0.0,143.0,0.0,23.0,P3,0.0,120.0,0.0,143.0
bkrwax,43,Estrilda troglodytes,カエデチョウ,Estrilda troglodytes,Black-rumped Waxbill,PASSERIFORMES,ESTRILDIDAE,Black-rumped Waxbill,0.0,0.0,0.0,undetected,30.0,0.0,1.0,0.0,1.0,0.0,32.0,0.0,64.0,0.0,32.0,P2,0.0,32.0,0.0,64.0
eapwhy1,45,Vidua paradisaea,ホウオウジャク,Vidua paradisaea,Eastern Paradise-Whydah,PASSERIFORMES,VIDUIDAE,Eastern Paradise-Whydah,0.0,0.0,0.0,undetected,8.0,0.0,0.0,0.0,0.0,0.0,12.0,0.0,20.0,0.0,8.0,P1,0.0,12.0,0.0,20.0
reccar,46,Paroaria coronata,コウカンチョウ,Paroaria coronata,Red-crested Cardinal,PASSERIFORMES,THRAUPIDAE,Red-crested Cardinal,0.0,0.0,0.0,undetected,100.0,0.0,30.0,0.0,75.0,0.0,350.0,0.0,555.0,0.0,205.0,P3,0.0,350.0,0.0,555.0
