









Frequency of observations in the selected location(s).:
Number of taxa: 	873

	Jan				Feb				Mar				Apr				May				Jun				Jul				Aug				Sep				Oct				Nov				Dec				
Sample Size:	7974.0	7446.0	7435.0	10424.0	7847.0	8618.0	6833.0	7027.0	6110.0	5719.0	5769.0	7772.0	6149.0	6511.0	7131.0	8361.0	7133.0	7262.0	6857.0	8881.0	5751.0	5288.0	4860.0	5451.0	4139.0	3722.0	3615.0	4934.0	3436.0	3569.0	3606.0	5261.0	4204.0	3994.0	4214.0	6120.0	4871.0	6198.0	5754.0	8487.0	7148.0	5884.0	6060.0	7761.0	5611.0	5270.0	5354.0	9282.0	

リュウキュウガモ (<em class="sci">Dendrocygna javanica</em>)	0.0	0.0	0.0	0.0	0.0	0.0	0.0	0.0	0.0	0.0	0.0	0.0	0.0	0.0	0.0	0.0	1.402E-4	0.0	0.0	0.0	0.0	0.0	0.0	0.0	0.0	0.0	0.0	0.0	0.0	0.0	0.0	0.0	0.0	0.0	0.0	0.0	0.0	0.0	0.0	0.0	0.0	0.0	0.0	0.0	0.0	0.0	0.0	0.0	
ハクガン (<em class="sci">Anser caerulescens</em>)	6.27E-4	0.0012087	0.001345	6.715E-4	7.646E-4	0.0011604	4.39E-4	5.692E-4	1.637E-4	5.246E-4	3.467E-4	3.86E-4	0.0015	6.143E-4	7.012E-4	4.784E-4	1.402E-4	0.0	0.0	0.0	0.0	0.0	0.0	0.0	0.0	0.0	0.0	0.0	0.0	0.0	0.0	0.0	0.0	0.0	0.0	0.0	8.212E-4	9.681E-4	0.0017379	0.0021209	0.0033576	0.0032291	0.0031353	0.0041232	0.0028515	0.002277	0.0013074	0.0018315	
ハイイロガン (<em class="sci">Anser anser</em>)	3.762E-4	2.686E-4	4.035E-4	2.878E-4	8.921E-4	2.321E-4	2.927E-4	1.423E-4	1.637E-4	0.0	0.0	0.0	0.0	0.0	0.0	1.196E-4	0.0	0.0	0.0	0.0	0.0	0.0	0.0	0.0	0.0	0.0	0.0	0.0	0.0	0.0	0.0	0.0	0.0	0.0	0.0	0.0	2.053E-4	0.0	0.0	0.0	0.0	0.0	0.0	3.865E-4	7.129E-4	7.59E-4	0.0	6.464E-4	
サカツラガン (<em class="sci">Anser cygnoides</em>)	0.0010033	0.0038947	0.002959	0.0015349	0.0022939	0.0013924	4.39E-4	1.423E-4	0.0	0.0	1.733E-4	0.0015	1.626E-4	0.0	0.0	0.0	1.402E-4	0.0	0.0	0.0	0.0	0.0	0.0	0.0	0.0	0.0	0.0	0.0	0.0	0.0	0.0	0.0	0.0	0.0	0.0	0.0	0.0	0.0	0.0015	1.178E-4	0.0015	0.0	1.65E-4	2.577E-4	0.0015	0.001518	0.001681	0.002047	
雑種 ハイイロガン x サカツラガン (<em class="sci">Anser anser x cygnoides</em>)	0.0	0.0	0.0	0.0	0.0	0.0	0.0	0.0015	0.0	0.0	0.0	0.0	0.0	0.0	0.0	0.0	0.0	0.0	0.0	0.0	0.0	0.0	0.0	0.0	0.0	0.0	0.0	0.0	0.0	0.0	0.0	0.0	0.0	0.0	0.0	0.0	0.0	0.0	0.0	0.0	0.0	0.0	0.0	0.0	0.0	0.0	0.0	0.0	
マガン (<em class="sci">Anser albifrons</em>)	0.0105342	0.0135643	0.0110289	0.0090177	0.013126	0.0102112	0.0073174	0.0098193	0.00491	0.0057702	0.0041602	0.006948	0.0040657	0.0055291	0.0082737	0.0050233	0.0026637	0.0011016	8.75E-4	2.252E-4	6.955E-4	3.782E-4	2.058E-4	0.0	9.664E-4	5.373E-4	0.0	0.0	0.0	0.0	5.546E-4	0.0015	0.0011893	7.511E-4	0.0014238	0.0109477	0.0108807	0.0153275	0.0123392	0.0126075	0.0159485	0.0147859	0.0193069	0.0202294	0.0156835	0.0108159	0.0069107	0.0122818	
雑種 ハクガン ｘ マガン (<em class="sci">Anser caerulescens x albifrons</em>)	0.0	0.0	0.0	0.0	0.0	1.16E-4	0.0	0.0	0.0	1.749E-4	0.0	1.287E-4	0.0	0.0	0.0	0.0	0.0	0.0	0.0	0.0	0.0	0.0	0.0	0.0	0.0	0.0	0.0	0.0	0.0	0.0	0.0	0.0	0.0	0.0	0.0	0.0	0.0	0.0	0.0	0.0	0.0	0.0	0.0	1.288E-4	0.0	0.0	1.868E-4	1.077E-4	
カリガネ (<em class="sci">Anser erythropus</em>)	0.0017557	0.0028203	0.002152	0.0010553	0.0014018	0.0011604	7.317E-4	4.269E-4	1.637E-4	0.0	0.0	1.287E-4	0.0	1.536E-4	0.0	0.0	0.0015	0.0	0.0015	0.0	0.0	0.0	0.0	0.0	0.0	0.0	0.0	0.0	0.0	0.0	0.0	0.0	0.0	0.0	0.0	0.0015	8.212E-4	4.84E-4	5.214E-4	8.248E-4	0.0016788	0.0030591	0.0024752	0.0036078	0.0037426	0.002277	0.0020545	0.0026934	
マガン／カリガネ (<em class="sci">Anser albifrons/erythropus</em>)	1.254E-4	1.343E-4	4.035E-4	2.878E-4	1.274E-4	1.16E-4	1.463E-4	0.0	1.637E-4	0.0	0.0015	1.287E-4	0.0	0.0	0.0	0.0	0.0	0.0	1.458E-4	0.0	0.0	0.0	0.0	0.0	0.0	0.0	0.0	0.0	0.0	0.0	0.0	0.0	0.0	0.0	0.0	0.0	0.0	0.0	1.738E-4	1.178E-4	1.399E-4	1.7E-4	1.65E-4	1.288E-4	0.0	1.898E-4	1.868E-4	2.155E-4	
オオヒシクイ (<em class="sci">Anser fabalis</em>)	0.0062704	0.0088638	0.0063215	0.0066193	0.0058621	0.0076584	0.0071711	0.0059769	0.003437	0.0041965	0.0013867	0.0029593	0.0011384	0.0038397	0.0035058	8.372E-4	1.402E-4	2.754E-4	1.458E-4	1.126E-4	0.0	1.891E-4	2.058E-4	0.0	0.0	0.0	0.0	0.0	2.91E-4	0.0	2.773E-4	0.0	9.515E-4	0.0022534	0.003085	0.0053922	0.0047218	0.0043562	0.0060827	0.0069518	0.0071349	0.0074779	0.0082508	0.0123695	0.0103368	0.0077799	0.0048562	0.0066796	
ヒシクイ (<em class="sci">Anser serrirostris</em>)	0.0035114	0.0057749	0.003766	0.0039332	0.0036957	0.0040613	0.0045368	0.0029885	0.0036007	0.0038468	0.0036401	0.0014153	9.758E-4	0.0021502	0.0011219	0.0016744	5.608E-4	1.377E-4	1.458E-4	1.126E-4	1.739E-4	1.891E-4	2.058E-4	0.0	0.0	0.0	0.0	0.0	0.0	0.0	0.0	1.901E-4	0.0026166	0.0015023	0.0040342	0.0050654	0.0057483	0.0100032	0.0067779	0.006127	0.0054561	0.0039089	0.0052805	0.0064425	0.0049902	0.0036053	0.0029884	0.0060332	
オオヒシクイ／ヒシクイ (<em class="sci">Anser fabalis/serrirostris</em>)	0.0015049	0.0021488	0.001345	0.0011512	0.0012744	4.641E-4	0.0017562	9.962E-4	1.637E-4	6.994E-4	5.2E-4	2.573E-4	6.505E-4	4.608E-4	2.805E-4	2.392E-4	2.804E-4	0.0	2.917E-4	0.0	0.0	3.782E-4	2.058E-4	0.0	0.0	0.0	0.0	0.0	0.0	0.0	0.0	0.0	7.136E-4	0.0	2.373E-4	0.0013072	0.0012318	0.0019361	0.0024331	7.07E-4	6.995E-4	0.0011897	0.0021452	0.0010308	0.0017822	0.0013283	0.0011207	9.696E-4	
マガン属（家畜） (<em class="sci">Anser sp. (Domestic type)</em>)	0.0	0.0	0.0	0.0	0.0	0.0	0.0	0.0	0.0	0.0	0.0	0.0	0.0	0.0	0.0	1.196E-4	0.0	0.0	0.0015	0.0	0.0	0.0	0.0	0.0	0.0	0.0	0.0	0.0	0.0	0.0	0.0	0.0	0.0	0.0	0.0	0.0	2.053E-4	0.0	0.0	0.0	0.0	0.0	0.0	1.288E-4	0.0	0.0	0.0	0.0	
マガン属 (<em class="sci">Anser sp.</em>)	0.0	0.0	0.0	0.0	0.0	0.0	0.0	0.0	0.0015	1.749E-4	0.0	0.0	3.253E-4	0.0	0.0	0.0	4.206E-4	0.0	0.0	0.0	0.0	0.0	0.0	0.0	0.0	0.0	0.0	0.0	0.0	0.0	0.0	0.0	0.0	0.0	0.0	0.0	0.0	0.0015	3.476E-4	1.178E-4	0.0	0.0	0.0	1.288E-4	0.0	0.0	0.0	0.0	
コクガン (<em class="sci">Branta bernicla</em>)	0.004013	0.004029	0.003497	0.0020146	0.0022939	0.0038292	0.0035124	0.0046962	0.0040917	0.0020983	0.0027734	0.00193	0.0014637	0.0010751	0.0012621	5.98E-4	8.412E-4	8.262E-4	1.458E-4	0.0015	0.0	1.891E-4	0.0	1.835E-4	0.0	0.0	0.0	0.0	0.0	0.0	0.0	0.0	0.0	0.0	0.0	0.0	2.053E-4	3.227E-4	0.0010428	0.0016496	0.0033576	0.0039089	0.0061056	0.0063136	0.0033862	0.0028463	0.0046694	0.0031243	
シジュウカラガン (<em class="sci">Branta hutchinsii</em>)	0.0010033	0.0010744	9.415E-4	0.001439	0.0019116	9.283E-4	0.0013171	7.115E-4	3.273E-4	0.0013988	5.2E-4	7.72E-4	0.0015	0.0013823	0.0016828	4.784E-4	2.804E-4	0.0	0.0	0.0	0.0	0.0	0.0	0.0	0.0	0.0	0.0	0.0	0.0	0.0	0.0	0.0	0.0	0.0015	2.373E-4	0.0026144	0.0014371	0.0024201	0.0027807	0.00271	0.0044768	0.0032291	0.0044554	0.0046386	0.0060595	0.0026565	0.001681	0.0012928	
雑種 マガン ｘ シジュウカラガン (<em class="sci">Anser albifrons x Branta hutchinsii</em>)	0.0	0.0	0.0	0.0	0.0	0.0	1.463E-4	0.0	0.0	0.0	0.0	0.0015	0.0	0.0015	0.0	0.0	0.0	0.0	0.0	0.0	0.0	0.0	0.0	0.0	0.0	0.0	0.0	0.0	0.0	0.0	0.0	0.0	0.0	0.0	0.0	0.0	0.0	0.0	0.0	0.0	0.0	0.0	0.0	1.288E-4	0.0	3.795E-4	0.0	0.0	
カナダガン (<em class="sci">Branta canadensis</em>)	0.0	0.0	0.0	0.0	0.0	0.0	0.0	0.0	0.0	0.0	0.0015	0.0	0.0	0.0	0.0	1.196E-4	0.0	0.0	0.0	0.0	0.0	0.0	0.0	0.0	0.0	0.0	0.0	0.0	0.0	0.0	0.0	0.0	0.0	0.0	0.0	0.0	0.0	0.0	0.0	0.0	0.0	0.0	0.0	0.0	0.0	0.0	0.0	0.0	
アオガン (<em class="sci">Branta ruficollis</em>)	0.0	0.0	0.0	0.0	0.0	0.0	1.463E-4	0.0	0.0	0.0	0.0	0.0	0.0	0.0	0.0	0.0	0.0	0.0	0.0	0.0	0.0	0.0	0.0	0.0	0.0	0.0	0.0	0.0	0.0	0.0	0.0	0.0	0.0	0.0	0.0	0.0	0.0	0.0	0.0	0.0	0.0	0.0	0.0	0.0	0.0	0.0	0.0	0.0	
コブハクチョウ (<em class="sci">Cygnus olor</em>)	0.0099072	0.0110126	0.0111634	0.01132	0.0109596	0.0113715	0.0115615	0.0118116	0.0119476	0.0104913	0.0098804	0.0126094	0.0115466	0.0116726	0.0085542	0.0080134	0.0065891	0.0061966	0.0070001	0.0070938	0.0079986	0.0086989	0.0045267	0.0066043	0.0048321	0.0061795	0.0094053	0.0062829	0.008149	0.0081255	0.0083195	0.0085535	0.0085633	0.008012	0.0083056	0.0093137	0.0078013	0.0067764	0.009211	0.0113114	0.0267208	0.0129164	0.0132013	0.0112099	0.0103368	0.0092979	0.0104595	0.0144365	
コクチョウ (<em class="sci">Cygnus atratus</em>)	3.762E-4	1.343E-4	4.035E-4	2.878E-4	3.823E-4	8.123E-4	0.0	0.0015	4.91E-4	5.246E-4	0.0015	3.86E-4	1.626E-4	1.536E-4	2.805E-4	2.392E-4	0.0	1.377E-4	2.917E-4	1.126E-4	0.0015	7.564E-4	4.115E-4	3.669E-4	2.416E-4	5.373E-4	5.533E-4	2.027E-4	8.731E-4	8.406E-4	0.0015	1.901E-4	0.0	0.0015	2.373E-4	1.634E-4	2.053E-4	1.613E-4	5.214E-4	0.0015	1.399E-4	3.399E-4	3.3E-4	5.154E-4	5.347E-4	0.0	3.736E-4	3.232E-4	
ナキハクチョウ (<em class="sci">Cygnus buccinator</em>)	1.254E-4	0.0	0.0	0.0	0.0	0.0	0.0	0.0	0.0	0.0	0.0	0.0	0.0	0.0	0.0	0.0	0.0	0.0	0.0	0.0	0.0	0.0	0.0	0.0	0.0	0.0	0.0	0.0	0.0	0.0	0.0	0.0	0.0	0.0	0.0	0.0	0.0	0.0	0.0	1.178E-4	1.399E-4	0.0	0.0	0.0	0.0	0.0015	0.0	0.0	
コハクチョウ (<em class="sci">Cygnus columbianus</em>)	0.0206922	0.0233683	0.0208473	0.0187068	0.0158022	0.0187979	0.0117079	0.0142308	0.0091653	0.0052457	0.0048535	0.0052753	0.0039031	0.0047612	0.0037863	0.0019136	0.0015421	8.262E-4	2.917E-4	0.0	3.478E-4	0.0015	0.0015	1.835E-4	2.416E-4	0.0	0.0	0.0010134	5.821E-4	2.802E-4	0.0	1.901E-4	4.757E-4	0.0	4.746E-4	0.0013072	0.0039006	0.0133914	0.0180744	0.0127253	0.0125909	0.0112169	0.0158416	0.0164927	0.0156835	0.0187856	0.0151289	0.0213316	
オオハクチョウ (<em class="sci">Cygnus cygnus</em>)	0.0299724	0.0306205	0.0365837	0.0316577	0.0328788	0.0411929	0.04449	0.051231	0.0379705	0.0204581	0.0187207	0.012738	0.0100829	0.011519	0.0116393	0.0084918	0.0030843	0.0019278	0.0024792	0.001126	0.0022605	0.0026475	0.0030864	0.0016511	0.001208	5.373E-4	0.0011065	0.0014187	0.0017462	2.802E-4	5.546E-4	0.0011405	0.0016651	0.0027541	0.0016611	0.001634	0.0026689	0.0167796	0.0154675	0.0214446	0.026441	0.0280421	0.0372937	0.0338874	0.0335056	0.0333966	0.0336197	0.0401853	
コハクチョウ／オオハクチョウ (<em class="sci">Cygnus columbianus/cygnus</em>)	3.762E-4	5.372E-4	2.69E-4	3.837E-4	3.823E-4	2.321E-4	2.927E-4	1.423E-4	6.547E-4	0.001224	1.733E-4	6.433E-4	1.626E-4	0.0	0.0	0.0	0.0	0.0	0.0	0.0	0.0	0.0	0.0	0.0	0.0	0.0	0.0	0.0	0.0	0.0	0.0	0.0	0.0	0.0	0.0	0.0	0.0	3.227E-4	3.476E-4	8.248E-4	4.197E-4	8.498E-4	3.3E-4	3.865E-4	1.782E-4	3.795E-4	5.603E-4	1.077E-4	
ハクチョウ属 (<em class="sci">Cygnus sp.</em>)	0.0013795	0.0010744	5.38E-4	8.634E-4	8.921E-4	0.0011604	0.0019025	0.0015654	0.0011457	0.001224	0.0012134	6.433E-4	9.758E-4	7.679E-4	4.207E-4	8.372E-4	1.402E-4	0.0	1.458E-4	1.126E-4	0.0	0.0	0.0	0.0	0.0	0.0015	0.0	2.027E-4	0.0	0.0015	2.773E-4	0.0	0.0	2.504E-4	4.746E-4	3.268E-4	2.053E-4	0.0029042	0.0026069	0.0015318	0.0025182	0.0025493	0.0018152	0.0012885	0.0012475	0.0017078	0.0011207	5.387E-4	
マガン属 ／ ハクガン属 ／ コクガン属 (<em class="sci">Anatidae (goose sp.)</em>)	0.0	5.372E-4	2.69E-4	1.919E-4	7.646E-4	9.283E-4	4.39E-4	8.538E-4	9.82E-4	6.994E-4	3.467E-4	5.147E-4	3.253E-4	0.0	0.0	2.392E-4	0.0	0.0	0.0	1.126E-4	0.0	0.0	0.0	0.0	0.0	0.0	0.0	0.0	0.0	0.0	0.0	0.0	0.0	0.0	0.0	0.0013072	0.0	4.84E-4	3.476E-4	4.713E-4	1.399E-4	3.399E-4	6.601E-4	3.865E-4	5.347E-4	0.0	3.736E-4	6.464E-4	
アカツクシガモ (<em class="sci">Tadorna ferruginea</em>)	5.016E-4	2.686E-4	1.345E-4	4.797E-4	6.372E-4	4.641E-4	8.781E-4	4.269E-4	3.273E-4	6.994E-4	1.733E-4	2.573E-4	6.505E-4	1.536E-4	0.0015	2.392E-4	5.608E-4	0.0	0.0	0.0015	0.0	0.0	0.0	1.835E-4	0.0	0.0	0.0	0.0	0.0015	0.0	0.0	0.0	0.0	0.0	0.0	0.0	0.0	0.0	0.0	0.0	0.0	0.0	0.0	0.0	3.564E-4	3.795E-4	3.736E-4	3.232E-4	
ツクシガモ (<em class="sci">Tadorna tadorna</em>)	0.0184349	0.0287403	0.0240753	0.019858	0.0205174	0.0184498	0.0181472	0.0126654	0.0090016	0.0068194	0.0064136	0.004632	0.0035778	0.0030717	7.012E-4	0.0031097	0.0033646	0.0017901	2.917E-4	1.126E-4	1.739E-4	0.0	0.0	0.0	2.416E-4	2.687E-4	0.0	0.0	0.0	0.0	0.0	0.0	0.0	0.0	0.0	0.0	0.0	1.613E-4	0.0	1.178E-4	6.995E-4	3.399E-4	0.0019802	0.0018039	0.0062377	0.0074004	0.0110198	0.018746	
ノバリケン (<em class="sci">Cairina moschata</em>)	0.0010033	0.001343	8.07E-4	3.837E-4	3.823E-4	0.0010443	8.781E-4	0.0022769	0.0011457	8.743E-4	0.0013867	6.433E-4	8.131E-4	0.0015359	0.0011219	5.98E-4	4.206E-4	2.754E-4	0.0013125	4.504E-4	5.216E-4	1.891E-4	0.0015	5.504E-4	7.248E-4	8.06E-4	0.0015	6.08E-4	0.0011641	0.0011208	8.319E-4	0.0020909	0.0019029	0.0022534	0.0018984	0.0019608	0.0012318	9.681E-4	6.952E-4	5.891E-4	8.394E-4	0.0013596	0.0016502	5.154E-4	0.0010693	0.0	9.339E-4	4.309E-4	
ナンキンオシ (<em class="sci">Nettapus coromandelianus</em>)	0.0	0.0	0.0	0.0	0.0	0.0	0.0	0.0	0.0	0.0	0.0	0.0	0.0	0.0	0.0	0.0	0.0	0.0	0.0	1.126E-4	0.0	0.0	0.0	0.0	0.0	0.0	0.0	0.0	0.0	0.0	0.0	0.0	0.0	0.0	0.0	0.0	0.0	0.0	0.0	0.0	0.0	0.0	0.0	0.0	0.0	0.0	0.0	0.0	
オシドリ (<em class="sci">Aix galericulata</em>)	0.0219463	0.0261886	0.0201748	0.0189946	0.0217918	0.0197262	0.0242939	0.0185001	0.0145663	0.0178353	0.0185474	0.018528	0.012685	0.0129012	0.0127612	0.0113623	0.0114959	0.0130818	0.0166253	0.015201	0.0130412	0.0164523	0.0135802	0.0119244	0.0142547	0.0112843	0.0082988	0.0101338	0.0087311	0.013169	0.0091514	0.0089337	0.0073739	0.0095143	0.0111533	0.0091503	0.0129337	0.023556	0.0194647	0.0179097	0.0167879	0.0171652	0.0184818	0.0158485	0.0197826	0.0195446	0.0197983	0.0165913	
トモエガモ (<em class="sci">Sibirionetta formosa</em>)	0.025834	0.0294118	0.0231338	0.0250384	0.0206448	0.0220469	0.0181472	0.0142308	0.009329	0.0087428	0.0060669	0.0033453	0.0016263	0.0012287	5.609E-4	1.196E-4	1.402E-4	1.377E-4	1.458E-4	0.0	0.0	0.0	0.0	0.0	0.0	0.0015	0.0	0.0	0.0	0.0	0.0	0.0	2.379E-4	2.504E-4	2.373E-4	0.0022876	0.0022583	0.0038722	0.0019117	0.0042418	0.0078344	0.0090075	0.0107261	0.0199717	0.023347	0.0282732	0.0218528	0.0249946	
シマアジ (<em class="sci">Spatula querquedula</em>)	0.0012541	0.0010744	6.725E-4	8.634E-4	0.0011469	8.123E-4	4.39E-4	7.115E-4	0.0027823	0.0019234	0.0065869	0.0095214	0.0094324	0.0109046	0.0088347	0.0107643	0.0054675	0.002341	0.0023334	0.0020268	8.694E-4	3.782E-4	0.0	5.504E-4	2.416E-4	2.687E-4	0.0011065	0.0	0.0	2.802E-4	5.546E-4	0.0020909	0.0076118	0.0095143	0.0099668	0.0109477	0.0102648	0.0058083	0.0048662	0.0024744	0.0022384	0.0016995	8.251E-4	5.154E-4	0.001604	0.0013283	7.471E-4	0.0011851	
ハシビロガモ (<em class="sci">Spatula clypeata</em>)	0.1259092	0.1308085	0.1106927	0.1102264	0.1033516	0.1019958	0.1011269	0.0957734	0.092635	0.1173282	0.1024441	0.0999743	0.0821272	0.0681923	0.0555322	0.0497548	0.0276181	0.0148719	0.0061251	0.0075442	0.0039993	0.0026475	8.23E-4	0.0011007	7.248E-4	0.001612	8.299E-4	0.0012161	8.731E-4	0.001401	8.319E-4	9.504E-4	0.0023787	0.0030045	0.0111533	0.025817	0.0334634	0.0466279	0.0613486	0.0861317	0.102826	0.1235554	0.1315182	0.1319418	0.1459633	0.1322581	0.1298095	0.1301444	
オカヨシガモ (<em class="sci">Mareca strepera</em>)	0.1270379	0.1156326	0.1015467	0.1116654	0.1027144	0.0973544	0.098639	0.0976235	0.1055646	0.1166288	0.0856301	0.0925116	0.0601724	0.0440793	0.028888	0.0228442	0.0084116	0.0044065	0.0045209	0.0072064	0.0053904	0.0066188	0.0041152	0.0060539	0.0050737	0.0037614	0.004426	0.0026348	0.0017462	0.0028019	0.0027732	0.0041817	0.0030923	0.0032549	0.0026103	0.0039216	0.0061589	0.0114553	0.0107751	0.0250972	0.0618355	0.092794	0.1014851	0.1208607	0.1263589	0.1235294	0.1303698	0.1228184	
雑種 ハシビロガモ ｘ オカヨシガモ (<em class="sci">Spatula clypeata x Mareca strepera</em>)	0.0	0.0	0.0	0.0	0.0	0.0	0.0	1.423E-4	0.0	0.0	0.0	0.0	0.0	0.0	0.0	0.0	0.0	0.0	0.0	0.0	0.0	0.0	0.0	0.0	0.0	0.0	0.0	0.0	0.0	0.0	0.0	0.0	0.0	0.0	0.0	0.0	0.0	0.0	0.0	0.0	0.0	1.7E-4	4.95E-4	0.0	0.0	0.0	0.0	0.0	
ヨシガモ (<em class="sci">Mareca falcata</em>)	0.0611989	0.0703734	0.0593141	0.0633154	0.0577291	0.0627756	0.0578077	0.0564964	0.0517185	0.0463368	0.0416017	0.0415594	0.0346398	0.0288742	0.0178096	0.0233226	0.0116361	0.007436	0.0039376	0.0043914	0.0053904	0.0039713	0.0024691	0.002018	0.0019328	0.001612	0.0013831	8.107E-4	2.91E-4	2.802E-4	0.0	1.901E-4	2.379E-4	0.0012519	0.0016611	0.004085	0.0073907	0.0116167	0.0154675	0.0203841	0.0355344	0.0433379	0.04967	0.0570803	0.0550704	0.0626186	0.0653717	0.0685197	
雑種 トモエガモ ｘ ヨシガモ (<em class="sci">Sibirionetta formosa x Mareca falcata</em>)	0.0	0.0	0.0	0.0	0.0	0.0	0.0	1.423E-4	0.0	0.0	0.0	0.0	0.0	0.0	0.0	0.0	0.0	0.0	0.0	0.0	0.0	0.0	0.0	0.0	0.0	0.0	0.0	0.0	0.0	0.0	0.0	0.0	0.0	0.0	0.0	0.0	0.0	0.0	0.0	0.0	0.0	0.0	0.0	0.0	0.0	0.0	0.0	0.0	
ヒドリガモ (<em class="sci">Mareca penelope</em>)	0.2406571	0.2391888	0.2090114	0.2197813	0.2105263	0.2099095	0.2091322	0.2067739	0.2026187	0.2190942	0.2133819	0.2050952	0.185396	0.15589	0.12046	0.0937687	0.0426188	0.0228587	0.0119586	0.012949	0.0100852	0.0075643	0.008642	0.0049532	0.0045905	0.0061795	0.0058091	0.0036482	0.0032014	0.0022415	0.004437	0.0032313	0.0040438	0.0027541	0.016374	0.0455882	0.0632314	0.119716	0.1456378	0.178744	0.2034135	0.2297757	0.2344884	0.2457158	0.2464801	0.2341556	0.2510273	0.2499461	
Baikal Teal x Eurasian Wigeon (hybrid) (<em class="sci">Sibirionetta formosa x Mareca penelope</em>)	0.0	0.0	0.0	0.0	0.0	0.0	0.0	0.0	0.0	0.0	0.0	0.0	0.0	0.0	0.0	0.0	0.0	0.0	0.0	0.0	0.0	0.0	0.0	0.0	0.0	0.0	0.0	0.0	0.0	0.0	0.0	0.0	0.0	0.0	0.0	0.0	0.0	0.0	0.0	0.0	0.0	0.0	0.0	0.0	0.0	0.0	0.0	3.232E-4	
アメリカヒドリ (<em class="sci">Mareca americana</em>)	0.0047655	0.0049691	0.0060525	0.0059478	0.0035682	0.0054537	0.0048295	0.0045539	0.002946	0.0041965	0.0031201	0.0043747	0.0029273	0.001843	9.816E-4	3.588E-4	5.608E-4	2.754E-4	0.0	0.0015	0.0	0.0	0.0	0.0	0.0	0.0	0.0	0.0	0.0	0.0	0.0	0.0	0.0	0.0	0.0	0.0	2.053E-4	0.0011294	0.0020855	0.0024744	0.0023783	0.0044188	0.0046205	0.0064425	0.003208	0.0036053	0.0046694	0.0072183	
雑種 ヒドリガモ ｘ アメリカヒドリ (<em class="sci">Mareca penelope x americana</em>)	0.0050163	0.0044319	0.002959	0.0025902	0.0031859	0.0029009	0.0040978	0.0025615	0.0045827	0.0026228	0.0039868	0.002316	0.0019515	0.0010751	4.207E-4	3.588E-4	0.0	0.0	0.0	0.0	0.0	0.0	0.0	0.0	0.0	0.0	0.0	0.0	0.0	0.0	0.0	0.0	0.0	0.0	0.0	0.0	0.0	8.067E-4	0.0019117	0.0035348	0.0040571	0.003569	0.0057756	0.0050251	0.0030298	0.0034156	0.0044826	0.0048481	
ヒドリガモ／アメリカヒドリ (<em class="sci">Mareca penelope/americana</em>)	1.254E-4	1.343E-4	0.0	0.0	0.0015	0.0	0.0	0.0	0.0	0.0	0.0	0.0	0.0	0.0	0.0	0.0	0.0	0.0	0.0	0.0	0.0	0.0	0.0	0.0	0.0	0.0	0.0	0.0	0.0	0.0	0.0	0.0	0.0	0.0	0.0	0.0	0.0	0.0	0.0	1.178E-4	1.399E-4	0.0	1.65E-4	0.0	0.0	0.0	0.0	0.0	
カルガモ (<em class="sci">Anas zonorhyncha</em>)	0.386757	0.3663712	0.3456624	0.3389294	0.3368166	0.3387097	0.3298697	0.3246051	0.3518822	0.3719182	0.3692148	0.3641276	0.3646121	0.3391184	0.3142617	0.3425428	0.3204823	0.301019	0.2843809	0.253575	0.2674318	0.2685325	0.2530864	0.2423409	0.2464363	0.2418055	0.2605809	0.2557762	0.2849243	0.2807509	0.2778702	0.2632579	0.2652236	0.2976965	0.3234457	0.3284314	0.3416136	0.3468861	0.3534932	0.3510074	0.3742306	0.3813732	0.3648515	0.3784306	0.3954732	0.3973435	0.3922301	0.3801982	
マガモ (<em class="sci">Anas platyrhynchos</em>)	0.2923251	0.2934461	0.2585071	0.2677475	0.2603543	0.2671153	0.2536221	0.2604241	0.2450082	0.231509	0.2102617	0.1886258	0.1501057	0.1124251	0.0914318	0.0895826	0.0699565	0.070504	0.065918	0.0682356	0.059294	0.0733737	0.0652263	0.0598055	0.0488041	0.0397636	0.0406639	0.0383056	0.0355064	0.0481928	0.0463117	0.0547424	0.0535205	0.05333	0.0633602	0.0789216	0.0975159	0.1352049	0.1744873	0.2156239	0.2519586	0.2817811	0.2846535	0.2841129	0.2831937	0.2948767	0.28969	0.3006895	
雑種 オカヨシガモ ｘ マガモ (<em class="sci">Mareca strepera x Anas platyrhynchos</em>)	2.508E-4	1.343E-4	2.69E-4	1.919E-4	1.274E-4	1.16E-4	2.927E-4	1.423E-4	4.91E-4	1.749E-4	1.733E-4	1.287E-4	0.0	0.0	0.0	0.0	0.0	0.0	0.0	0.0	0.0	0.0	0.0	0.0	0.0	0.0	0.0	0.0	0.0	0.0	0.0	0.0	0.0	0.0	0.0	0.0	0.0	0.0	0.0	0.0	0.0	0.0	0.0	0.0	0.0	0.0	0.0	2.155E-4	
雑種 マガモ ｘ カルガモ (<em class="sci">Anas zonorhyncha x platyrhynchos</em>)	0.0090293	0.0087295	0.0087424	0.0091136	0.0087932	0.0092829	0.0100981	0.0102462	0.0086743	0.0087428	0.0069336	0.0068194	0.0074809	0.0047612	0.0035058	0.0047841	0.0046264	0.0038557	0.0033542	0.0043914	0.0022605	0.0064297	0.0063786	0.007705	0.0057985	0.0040301	0.0058091	0.0052696	0.0061118	0.0053236	0.005269	0.0064626	0.0042816	0.0045068	0.0064072	0.005719	0.0073907	0.0041949	0.0066041	0.0077766	0.0086738	0.0090075	0.0080858	0.0095349	0.0081982	0.0127135	0.0112066	0.0098039	
オナガガモ (<em class="sci">Anas acuta</em>)	0.1399549	0.1343003	0.1233356	0.1140637	0.1229769	0.1216059	0.1122494	0.105735	0.0967267	0.0869033	0.065696	0.0456768	0.0331761	0.026724	0.024681	0.0247578	0.0207486	0.0150096	0.0128336	0.011823	0.0119979	0.0111573	0.0080247	0.0067877	0.0041073	0.0037614	0.0052559	0.008107	0.0066938	0.0064444	0.0085968	0.0089337	0.009039	0.0125188	0.0215947	0.0375817	0.0443441	0.0667957	0.0749044	0.0765877	0.1019866	0.1085996	0.1178218	0.1224069	0.1331313	0.128463	0.1320508	0.1358543	
雑種 トモエガモ ｘ オナガガモ (<em class="sci">Sibirionetta formosa x Anas acuta</em>)	8.779E-4	5.372E-4	4.035E-4	6.715E-4	2.549E-4	8.123E-4	2.927E-4	2.846E-4	1.637E-4	1.749E-4	0.0	0.0	1.626E-4	0.0	0.0	0.0	0.0	0.0	0.0	0.0	0.0	0.0	0.0	0.0	0.0	0.0	0.0	0.0	0.0	0.0	0.0	0.0	0.0	0.0	0.0	0.0	0.0	0.0	0.0	0.0	1.399E-4	6.798E-4	4.95E-4	6.442E-4	3.564E-4	0.0013283	0.0011207	4.309E-4	
雑種 ヒドリガモ ｘ オナガガモ (<em class="sci">Mareca penelope x Anas acuta</em>)	6.27E-4	4.029E-4	4.035E-4	3.837E-4	1.274E-4	1.16E-4	4.39E-4	0.0	1.637E-4	1.749E-4	1.733E-4	2.573E-4	3.253E-4	0.0	0.0	0.0	0.0	0.0	0.0	0.0	0.0	0.0	0.0	0.0	0.0	0.0	0.0	0.0	0.0	0.0	0.0	0.0	0.0	0.0	0.0	0.0	0.0	4.84E-4	5.214E-4	1.178E-4	0.0	0.0010197	4.95E-4	0.0	5.347E-4	3.795E-4	9.339E-4	5.387E-4	
雑種 マガモ ｘ オナガガモ (<em class="sci">Anas platyrhynchos x acuta</em>)	0.0	4.029E-4	0.0	0.0015	0.0	2.321E-4	2.927E-4	1.423E-4	0.0	0.0	0.0	0.0015	1.626E-4	0.0	0.0	0.0	0.0	0.0	0.0	0.0	0.0	0.0	0.0	0.0	0.0	0.0	0.0	0.0	0.0	0.0	0.0	0.0	0.0	0.0	0.0	0.0	0.0	0.0	0.0	0.0	0.0015	0.0	0.0	1.288E-4	0.0015	0.0	0.0015	0.0	
コガモ (<em class="sci">Anas crecca</em>)	0.2832957	0.2671233	0.2415602	0.2404068	0.2431502	0.2360176	0.2328406	0.2252739	0.2417349	0.252142	0.2452765	0.2416366	0.2335339	0.2044233	0.1792175	0.1862217	0.1104725	0.0615533	0.0204171	0.0099088	0.004521	0.003593	0.0024691	0.0023849	0.0016912	0.0024181	0.0019364	6.08E-4	0.0017462	0.0011208	0.0013866	0.0060825	0.0171265	0.0360541	0.0735643	0.1189542	0.1500719	0.1773153	0.189781	0.1874632	0.2059317	0.2224677	0.2338284	0.2476485	0.2669756	0.2654649	0.2775495	0.273217	
雑種 アメリカヒドリ ｘ コガモ (<em class="sci">Mareca americana x Anas crecca</em>)	1.254E-4	0.0	0.0	0.0	0.0	0.0	0.0	0.0	0.0	0.0	0.0	0.0	0.0	0.0	0.0	0.0	0.0	0.0	0.0	0.0	0.0	0.0	0.0	0.0	0.0	0.0	0.0	0.0	0.0	0.0	0.0	0.0	0.0	0.0	0.0	0.0	0.0	0.0	0.0	0.0	0.0	0.0	0.0	0.0	0.0	0.0	0.0	0.0	
シマアジ／コガモ (<em class="sci">Spatula querquedula/Anas crecca</em>)	0.0	0.0	0.0	0.0	0.0	0.0	0.0	0.0	0.0	0.0	0.0	0.0	0.0	0.0	0.0	0.0	0.0	0.0	0.0	0.0	0.0	0.0	0.0	0.0	0.0	0.0	0.0	0.0	0.0	0.0	0.0	0.0	0.0	0.0	0.0	0.0	0.0	0.0	0.0	0.0015	0.0	0.0	0.0	0.0	0.0	0.0	0.0	0.0	
マガモ属 (<em class="sci">Anas sp.</em>)	0.0	1.343E-4	0.0	0.0	0.0	0.0	0.0	0.0	0.0	1.749E-4	0.0	0.0	0.0	0.0	0.0	0.0	0.0	0.0	0.0	2.252E-4	0.0	0.0	0.0	0.0	0.0	0.0	0.0	0.0	0.0	0.0	0.0	0.0	0.0	0.0	0.0	1.634E-4	0.0	0.0	0.0	2.357E-4	2.798E-4	1.7E-4	1.65E-4	0.0	0.0015	0.0	0.0	0.0	
マガモ亜属 (<em class="sci">Anatidae sp. (dabbling duck sp.)</em>)	2.508E-4	9.401E-4	5.38E-4	5.756E-4	3.823E-4	0.0010443	0.0011708	4.269E-4	6.547E-4	8.743E-4	0.0015601	0.0010293	0.0019515	9.215E-4	9.816E-4	3.588E-4	2.804E-4	9.639E-4	5.833E-4	1.126E-4	0.0015	1.891E-4	0.0015	3.669E-4	0.0	2.687E-4	0.0015	4.054E-4	5.821E-4	2.802E-4	0.0016639	3.802E-4	7.136E-4	2.504E-4	2.373E-4	6.536E-4	0.0022583	0.0016134	0.0017379	0.0015318	5.596E-4	0.0011897	0.0011551	0.0019327	0.0012475	0.0013283	9.339E-4	0.0010774	
アカハシハジロ (<em class="sci">Netta rufina</em>)	0.0015049	0.0016116	0.001076	5.756E-4	8.921E-4	9.283E-4	8.781E-4	4.269E-4	3.273E-4	0.0	0.0	0.0	0.0	0.0	2.805E-4	1.196E-4	0.0	0.0	0.0	0.0	0.0	0.0	0.0	0.0	0.0	0.0	0.0	0.0	0.0	0.0	0.0	0.0	0.0	0.0	0.0	0.0	0.0	0.0	0.0	0.0	5.596E-4	5.099E-4	0.0013201	0.0011596	8.911E-4	0.001518	0.0020545	0.001616	
オオホシハジロ (<em class="sci">Aythya valisineria</em>)	2.508E-4	2.686E-4	5.38E-4	0.001439	0.0015292	6.962E-4	0.0013171	0.0012808	8.183E-4	0.0015737	3.467E-4	3.86E-4	3.253E-4	1.536E-4	0.0	0.0	0.0	0.0	0.0	0.0	0.0	0.0	0.0	0.0	0.0	0.0	0.0	0.0	0.0	0.0	0.0	0.0	0.0	0.0	0.0	0.0	0.0	0.0	1.738E-4	2.357E-4	0.0	0.0	0.0015	1.288E-4	0.0	0.0	1.868E-4	4.309E-4	
ホシハジロ (<em class="sci">Aythya ferina</em>)	0.1681716	0.1666667	0.1457969	0.1396777	0.1236141	0.1294964	0.1274696	0.1262274	0.1217676	0.1335898	0.1062576	0.0949563	0.0707432	0.0480725	0.0387042	0.0334888	0.0214496	0.0192784	0.0118127	0.0070938	0.0076508	0.0077534	0.008642	0.0055036	0.0086978	0.0083289	0.0099585	0.0117552	0.0104773	0.0098067	0.0080422	0.0087436	0.0092769	0.0062594	0.0075937	0.0101307	0.0106754	0.0303324	0.0523114	0.0754094	0.1008674	0.121516	0.1346535	0.1430228	0.1612903	0.1721063	0.1824804	0.1773325	
クビワキンクロ (<em class="sci">Aythya collaris</em>)	0.0026336	9.401E-4	0.0020175	0.0011512	0.0016567	0.0012764	0.0020489	9.962E-4	0.0021277	8.743E-4	5.2E-4	2.573E-4	0.0015	0.0	0.0	0.0	0.0	0.0	0.0	0.0	0.0	0.0	0.0	0.0	0.0	0.0	0.0	0.0	0.0	0.0	0.0	0.0	0.0	0.0	0.0	0.0	0.0	0.0	0.0	1.178E-4	6.995E-4	8.498E-4	9.901E-4	0.0021904	0.0014258	0.0011385	0.0013074	0.0012928	
メジロガモ (<em class="sci">Aythya nyroca</em>)	0.0023827	0.0017459	0.0014795	9.593E-4	0.0011469	0.0018566	0.0013171	0.0035577	0.001964	0.0029725	0.0017334	5.147E-4	4.879E-4	4.608E-4	4.207E-4	0.0	1.402E-4	0.0	0.0	2.252E-4	0.0	0.0	0.0	0.0	0.0	0.0	0.0	0.0	0.0	0.0	0.0	0.0	0.0	0.0	0.0	0.0	0.0	3.227E-4	6.952E-4	0.0023565	0.0026581	0.0022094	0.0013201	0.002577	0.0023169	0.0036053	0.0024281	0.0043094	
雑種 ホシハジロ ｘ メジロガモ (<em class="sci">Aythya ferina x nyroca</em>)	0.0011287	0.0014773	0.001345	5.756E-4	0.0011469	0.0011604	0.0010244	7.115E-4	6.547E-4	0.0010491	3.467E-4	2.573E-4	0.0	0.0	0.0	0.0	0.0	0.0	0.0	0.0	0.0	0.0	0.0	0.0	0.0	0.0	0.0	0.0	0.0	0.0	5.546E-4	0.0	0.0	0.0	0.0	0.0	0.0	0.0	0.0	0.0014139	8.394E-4	0.0015296	0.0019802	0.0019327	0.0012475	0.0018975	0.0018678	0.0023702	
アカハジロ (<em class="sci">Aythya baeri</em>)	2.508E-4	2.686E-4	1.345E-4	2.878E-4	0.0015292	8.123E-4	0.0014635	0.0011385	0.0013093	0.0010491	1.733E-4	3.86E-4	0.0	0.0	0.0	0.0	0.0	0.0	0.0	0.0	0.0	0.0	0.0	0.0	0.0	0.0	0.0	0.0	0.0	0.0	0.0	1.901E-4	0.0	0.0	0.0	1.634E-4	0.0	3.227E-4	3.476E-4	4.713E-4	2.798E-4	5.099E-4	8.251E-4	9.019E-4	7.129E-4	3.795E-4	9.339E-4	9.696E-4	
雑種 ホシハジロｘアカハジロ (<em class="sci">Aythya ferina x baeri</em>)	0.0015	0.0	0.0	0.0	0.0015	0.0	1.463E-4	1.423E-4	0.0	0.0	0.0	0.0	0.0	0.0	0.0	0.0	0.0	0.0	0.0	0.0	0.0	0.0	0.0	0.0	0.0	0.0	0.0	0.0	0.0	0.0	0.0	0.0	0.0	0.0	0.0	0.0	0.0	0.0	0.0	1.178E-4	0.0	0.0	1.65E-4	0.0	0.0	0.0	1.868E-4	2.155E-4	
雑種 メジロガモ ｘ アカハジロ (<em class="sci">Aythya nyroca x baeri</em>)	1.254E-4	2.686E-4	4.035E-4	2.878E-4	0.0019116	5.802E-4	2.927E-4	9.962E-4	9.82E-4	8.743E-4	8.667E-4	0.001158	6.505E-4	1.536E-4	0.0	0.0	0.0	0.0	0.0	0.0	0.0	0.0	0.0	0.0	0.0	0.0	0.0	0.0	0.0	0.0	0.0	0.0	0.0	0.0	0.0	0.0	0.0	0.0	0.0	1.178E-4	0.0	3.399E-4	3.3E-4	2.577E-4	1.782E-4	0.0	3.736E-4	0.0	
キンクロハジロ (<em class="sci">Aythya fuligula</em>)	0.1640331	0.1629063	0.1515804	0.1541635	0.1399261	0.1460896	0.1410801	0.1400313	0.1386252	0.1543976	0.1275784	0.1276377	0.1144902	0.0906159	0.0743234	0.0639876	0.0378522	0.0258882	0.0167712	0.0136246	0.0090419	0.0104009	0.0090535	0.004036	0.0041073	0.0048361	0.0058091	0.0054722	0.0034924	0.0056038	0.0036051	0.0038016	0.0049952	0.004006	0.0045088	0.0140523	0.0197085	0.0404969	0.0597845	0.0886061	0.1123391	0.124915	0.139604	0.1519134	0.1502406	0.157685	0.1651102	0.1696833	
雑種 ホシハジロ ｘ キンクロハジロ (<em class="sci">Aythya ferina x fuligula</em>)	0.0	0.0	0.0	0.0	2.549E-4	0.0	0.0	0.0	0.0	0.0	0.0	0.0	0.0	0.0	0.0	0.0	0.0	0.0	0.0	0.0	0.0	0.0	0.0	0.0	0.0	0.0	0.0	0.0	0.0	0.0	0.0	0.0	0.0	0.0	0.0	0.0	0.0	0.0	0.0	0.0	0.0	0.0	0.0	0.0015	0.0	0.0	0.0	1.077E-4	
雑種 メジロガモ ｘ キンクロハジロ (<em class="sci">Aythya nyroca x fuligula</em>)	0.0	0.0	0.0	9.59E-5	0.0	0.0	0.0	0.0	1.637E-4	0.0	0.0	0.0	0.0	0.0	0.0	0.0	0.0	0.0	0.0	0.0	0.0	0.0	0.0	0.0	0.0	0.0	0.0	0.0	0.0	0.0	0.0	0.0	0.0	0.0	0.0	0.0	0.0	0.0	0.0	0.0	0.0	0.0	0.0	0.0	0.0	0.0	0.0	0.0	
スズガモ (<em class="sci">Aythya marila</em>)	0.0667168	0.0656728	0.0597176	0.0635073	0.0597681	0.0715943	0.0708327	0.069731	0.0607201	0.0716909	0.0572023	0.0550695	0.0525289	0.0473046	0.0476791	0.0535821	0.0414973	0.0313963	0.0210004	0.0186916	0.019301	0.012292	0.009465	0.0106402	0.0084561	0.0059108	0.0060858	0.0064856	0.0052386	0.0042029	0.0083195	0.0057023	0.0073739	0.0047571	0.0087803	0.0094771	0.0125231	0.0204905	0.0307612	0.0421822	0.0464466	0.0589735	0.0584158	0.0618477	0.0552486	0.0662239	0.072656	0.0730446	
雑種 キンクロハジロ ｘ スズガモ (<em class="sci">Aythya fuligula x marila</em>)	0.0	1.343E-4	0.0	0.0015	1.274E-4	2.321E-4	0.0	0.0	0.0015	1.749E-4	0.0	0.0	0.0	0.0015	0.0	0.0	0.0	0.0	0.0	0.0	0.0	0.0	0.0	0.0	0.0	0.0	0.0	0.0	0.0	0.0	0.0	0.0	0.0	0.0	0.0	0.0	0.0015	0.0	0.0	0.0	2.798E-4	0.0	0.0	0.0	0.0	0.0	0.0	0.0	
コスズガモ (<em class="sci">Aythya affinis</em>)	5.016E-4	5.372E-4	1.345E-4	2.878E-4	5.097E-4	2.321E-4	8.781E-4	4.269E-4	1.637E-4	3.497E-4	1.733E-4	5.147E-4	0.0	6.143E-4	1.402E-4	1.196E-4	0.0	0.0	0.0	0.0015	0.0	0.0	0.0	0.0	0.0	0.0	0.0	0.0	0.0	0.0	0.0	0.0	0.0	0.0	0.0	0.0	0.0	0.0	0.0	0.0	0.0	0.0	1.65E-4	1.288E-4	5.347E-4	3.795E-4	3.736E-4	6.464E-4	
スズガモ／コスズガモ (<em class="sci">Aythya marila/affinis</em>)	0.0	0.0	0.0	0.0	0.0	0.0	2.927E-4	0.0	0.0	0.0	0.0	0.0	0.0	0.0	0.0	0.0	0.0	0.0	0.0	0.0	0.0	0.0	0.0	0.0	0.0	0.0	0.0	0.0	0.0	0.0	0.0	0.0	0.0	0.0	0.0	0.0	0.0	0.0	0.0	0.0	0.0	0.0	0.0	0.0	0.0	0.0	0.0	0.0	
ハジロ属 (<em class="sci">Aythya sp.</em>)	0.0011287	0.001343	1.345E-4	0.0016309	6.372E-4	5.802E-4	2.927E-4	4.269E-4	6.547E-4	5.246E-4	8.667E-4	5.147E-4	3.253E-4	0.0015	4.207E-4	0.0	0.0	2.754E-4	2.917E-4	0.0	0.0	0.0	2.058E-4	0.0	0.0	2.687E-4	0.0	0.0	0.0	0.0	0.0	0.0	0.0	0.0	0.0	1.634E-4	0.0	4.84E-4	1.738E-4	0.00271	6.995E-4	0.0015296	0.0023102	0.001675	5.347E-4	7.59E-4	0.0035487	0.0023702	
コケワタガモ (<em class="sci">Polysticta stelleri</em>)	1.254E-4	0.0	0.0	9.59E-5	0.0	0.0	1.463E-4	0.0015	0.0	0.0	1.733E-4	0.0	1.626E-4	0.0	2.805E-4	0.0	0.0	0.0	0.0	0.0	0.0	0.0	0.0	0.0	0.0	0.0	0.0	0.0	0.0	0.0	0.0	0.0	0.0	0.0	0.0	0.0	0.0	0.0	0.0	0.0	0.0	0.0	1.65E-4	0.0	0.0	0.0015	0.0	1.077E-4	
ホンケワタガモ (<em class="sci">Somateria mollissima</em>)	0.0	0.0	0.0	0.0	0.0	0.0	0.0	0.0015	0.0	0.0	0.0	0.0	0.0	0.0	0.0	0.0	0.0	0.0	0.0	0.0	0.0	0.0	0.0	0.0	0.0	0.0	0.0	0.0	0.0	0.0	0.0	0.0	0.0	0.0	0.0	0.0	0.0	0.0	0.0	0.0	0.0	0.0	0.0	0.0015	0.0	0.0	0.0	0.0	
シノリガモ (<em class="sci">Histrionicus histrionicus</em>)	0.0188111	0.0224281	0.0342972	0.0348235	0.0374665	0.0456022	0.0460998	0.0459656	0.0314239	0.0185347	0.0145606	0.006948	0.0065051	0.0053755	0.0049081	0.0058605	0.0088322	0.0052327	0.0027709	0.0055174	0.0057381	0.0041604	0.0016461	0.002018	0.0014496	0.0010747	0.0011065	0.0020268	0.0026193	0.0019613	0.0013866	0.0026611	0.0030923	5.008E-4	0.0011865	0.0011438	0.0041059	0.0048403	0.0029545	0.0043596	0.0088137	0.010707	0.0145215	0.011081	0.0126537	0.0189753	0.0212925	0.0252101	
アラナミキンクロ (<em class="sci">Melanitta perspicillata</em>)	0.0	1.343E-4	1.345E-4	0.0	2.549E-4	0.0	0.0015	4.269E-4	4.91E-4	0.0015	0.0	1.287E-4	1.626E-4	1.536E-4	0.0	0.0	0.0	0.0	0.0	0.0	0.0	0.0	0.0	0.0	0.0	0.0	0.0	0.0	0.0	0.0	0.0	0.0	0.0	0.0	0.0	0.0	0.0	0.0	0.0	0.0	0.0	0.0	0.0	0.0	0.0	3.795E-4	0.0	0.0	
ヨーロッパビロードキンクロ (<em class="sci">Melanitta fusca</em>)	0.0	0.0	0.0	0.0	0.0	0.0	0.0	0.0	0.0	0.0	0.0	0.0	0.0	0.0	0.0	0.0	0.0	0.0	0.0	0.0	0.0	0.0	0.0	0.0	0.0	0.0	0.0	0.0	0.0	0.0	0.0	0.0	0.0	0.0	0.0	0.0	0.0	0.0	0.0	0.0	0.0	0.0	0.0	0.0	0.0	0.0	0.0	1.077E-4	
アメリカビロードキンクロ (<em class="sci">Melanitta deglandi</em>)	0.0	0.0	1.345E-4	9.59E-5	2.549E-4	3.481E-4	2.927E-4	5.692E-4	1.637E-4	1.749E-4	1.733E-4	0.0	0.0	0.0015	0.0	0.0	0.0	0.0	0.0	0.0	0.0	0.0	0.0	0.0	0.0	0.0	0.0	0.0	0.0	0.0	0.0	0.0	0.0	0.0	0.0	0.0	0.0	0.0	0.0	0.0	0.0	0.0	0.0	0.0	0.0	0.0	0.0	0.0	
ビロードキンクロ (<em class="sci">Melanitta stejnegeri</em>)	0.0060196	0.0056406	0.0076664	0.0082502	0.011087	0.0114876	0.013025	0.0156539	0.0091653	0.0066445	0.0048535	0.0024447	0.0034152	0.0036861	0.0033656	0.0033489	0.0021029	4.131E-4	8.75E-4	7.882E-4	0.0015649	7.564E-4	4.115E-4	1.835E-4	4.832E-4	2.687E-4	2.766E-4	8.107E-4	2.91E-4	2.802E-4	0.0	7.603E-4	7.136E-4	2.504E-4	0.0	4.902E-4	8.212E-4	9.681E-4	0.0010428	0.0014139	0.0025182	0.0027192	0.0042904	0.0030924	0.0037426	0.0034156	0.0063504	0.0060332	
ビロードキンクロ／アメリカビロードキンクロ (<em class="sci">Melanitta deglandi/stejnegeri</em>)	0.0	0.0	1.345E-4	0.0	0.0	1.16E-4	0.0	0.0	0.0	0.0	0.0	0.0	0.0	0.0	0.0	0.0	0.0	0.0	0.0	0.0	0.0	0.0	0.0	0.0	0.0	0.0	0.0	0.0	0.0	0.0	0.0	0.0	0.0	0.0	0.0	0.0	0.0	0.0	0.0	0.0	1.399E-4	0.0	0.0	0.0	0.0	0.0	0.0	0.0	
クロガモ (<em class="sci">Melanitta americana</em>)	0.0134186	0.0162503	0.0243443	0.0275326	0.0305849	0.0377118	0.0400995	0.0466771	0.0288052	0.0204581	0.0135205	0.0070767	0.0071556	0.0066042	0.0056093	0.007535	0.0046264	0.002341	0.0018959	0.0031528	0.0036515	0.0026475	0.0018519	0.0012842	0.0019328	0.0010747	0.0016598	0.0026348	0.0011641	0.0016811	0.0022185	0.0013305	0.0021408	0.0012519	0.0018984	0.0026144	0.0041059	0.0043562	0.00504	0.0036526	0.006995	0.0062882	0.0125413	0.0091483	0.0067724	0.0091082	0.0171834	0.0173454	
クロガモ属 (<em class="sci">Melanitta sp.</em>)	0.0	0.0	0.0	0.0	0.0	0.0	0.0	0.0	0.0	0.0	0.0	0.0	0.0	0.0	0.0	0.0	0.0	0.0	0.0	0.0	0.0	0.0	0.0	0.0	0.0	0.0	0.0	0.0	0.0	0.0	0.0	0.0	0.0	0.0	0.0	0.0	0.0	0.0	0.0	1.178E-4	0.0	0.0	0.0	0.0	0.0	0.0	0.0	0.0	
コオリガモ (<em class="sci">Clangula hyemalis</em>)	0.0051417	0.0072522	0.0123739	0.0147736	0.0178412	0.0168252	0.0210742	0.0224847	0.0140753	0.0071691	0.0052002	0.0020587	6.505E-4	4.608E-4	0.0011219	0.001196	5.608E-4	1.377E-4	0.0	0.0	0.0	0.0	0.0	0.0	0.0	2.687E-4	0.0	0.0	0.0	0.0	0.0	0.0	0.0	0.0	0.0	0.0	0.0	0.0	3.476E-4	2.357E-4	5.596E-4	0.0023793	0.0041254	0.0047674	0.0028515	0.0039848	0.0085917	0.0087266	
ヒメハジロ (<em class="sci">Bucephala albeola</em>)	0.0010033	0.0010744	4.035E-4	6.715E-4	0.0010195	5.802E-4	8.781E-4	4.269E-4	4.91E-4	1.749E-4	1.733E-4	1.287E-4	0.0	0.0	0.0	0.0	0.0	0.0	0.0	0.0	0.0	0.0	0.0	0.0	0.0	0.0	0.0	0.0	0.0	0.0	0.0	0.0	0.0	0.0	0.0	0.0	0.0	0.0	0.0	0.0	0.0	0.0	0.0	0.0	0.0015	0.0028463	0.0022413	9.696E-4	
ホオジロガモ (<em class="sci">Bucephala clangula</em>)	0.0361174	0.0374698	0.0419637	0.0406754	0.0468969	0.0505918	0.0491731	0.0543617	0.0382979	0.0278021	0.0161206	0.0087494	0.0066678	0.0064506	0.0044874	0.0040665	7.01E-4	8.262E-4	2.917E-4	5.63E-4	0.0015	0.0011346	2.058E-4	9.173E-4	4.832E-4	0.0	0.0	2.027E-4	2.91E-4	2.802E-4	0.0	0.0	2.379E-4	0.0	2.373E-4	1.634E-4	6.159E-4	6.454E-4	0.0015641	0.0037705	0.0092334	0.0139361	0.0206271	0.0219044	0.0242381	0.029222	0.0382891	0.0434174	
雑種 ヒメハジロ ｘ ホオジロガモ (<em class="sci">Bucephala albeola x clangula</em>)	0.0	0.0	0.0	0.0	0.0	0.0	0.0	0.0	0.0	0.0015	0.0	0.0	0.0	0.0	0.0	0.0	0.0	0.0	0.0	0.0	0.0	0.0	0.0	0.0	0.0	0.0	0.0	0.0	0.0	0.0	0.0	0.0	0.0	0.0	0.0	0.0	0.0	0.0	0.0	0.0	0.0	0.0	0.0	0.0	0.0	0.0	0.0	0.0	
ミコアイサ (<em class="sci">Mergellus albellus</em>)	0.0499122	0.0537201	0.0511096	0.0503645	0.0400153	0.048155	0.0384897	0.0367155	0.0242226	0.0204581	0.0149073	0.010808	0.0048788	0.0064506	0.0063105	0.0052625	0.0012617	6.885E-4	0.0010209	6.756E-4	1.739E-4	9.455E-4	2.058E-4	9.173E-4	4.832E-4	2.687E-4	5.533E-4	8.107E-4	2.91E-4	8.406E-4	2.773E-4	5.702E-4	0.0	0.0	2.373E-4	3.268E-4	2.053E-4	8.067E-4	0.0024331	0.0031813	0.0060157	0.0083277	0.0181518	0.0277026	0.0384958	0.0434535	0.0463205	0.0470804	
カワアイサ (<em class="sci">Mergus merganser</em>)	0.0452721	0.0479452	0.0521856	0.0555449	0.0551803	0.0566257	0.0601493	0.0576348	0.0484452	0.0367197	0.0376148	0.0277921	0.0200033	0.0185839	0.0133221	0.0104055	0.0071499	0.0048196	0.0040834	0.0064182	0.0079986	0.0079425	0.0057613	0.007705	0.0070065	0.0042988	0.0030429	0.0048642	0.0043655	0.0067246	0.0058236	0.0076031	0.0080875	0.0067601	0.007831	0.0066993	0.0053377	0.0067764	0.0076469	0.0108401	0.0165081	0.0261727	0.0361386	0.0365932	0.0361789	0.0419355	0.0435189	0.0490196	
ウミアイサ (<em class="sci">Mergus serrator</em>)	0.0395034	0.0400215	0.0509751	0.0479662	0.0532688	0.0596426	0.0597102	0.0663156	0.0495908	0.0470362	0.0344947	0.0231601	0.0256952	0.0216557	0.0148647	0.0154288	0.0116361	0.0078491	0.0030626	0.0037158	0.0033038	0.0015129	6.173E-4	0.0014676	0.001208	8.06E-4	2.766E-4	6.08E-4	8.731E-4	8.406E-4	0.0011093	5.702E-4	4.757E-4	2.504E-4	7.119E-4	6.536E-4	0.0026689	0.0022588	0.0034758	0.0056557	0.0092334	0.0171652	0.019802	0.0249968	0.0272679	0.0333966	0.0388495	0.0430942	
コウライアイサ (<em class="sci">Mergus squamatus</em>)	3.762E-4	9.401E-4	1.345E-4	9.593E-4	2.549E-4	6.962E-4	7.317E-4	7.115E-4	3.273E-4	1.749E-4	0.0	0.0	0.0	0.0	0.0	0.0	0.0	0.0	0.0	0.0	0.0	0.0	0.0	0.0	0.0	0.0	0.0	0.0	0.0	0.0	0.0	0.0	0.0	0.0	0.0	1.634E-4	0.0	0.0	0.0	0.0	1.399E-4	0.0	0.0011551	1.288E-4	0.001604	3.795E-4	3.736E-4	2.155E-4	
カモ亜科 (<em class="sci">Anatidae (duck sp.)</em>)	0.0065212	0.0075208	0.0078009	0.0071949	0.008156	0.0059178	0.0054149	0.0056923	0.0065466	0.0064697	0.0067603	0.006948	0.0079688	0.0075257	0.0050484	0.0060997	0.0056077	0.003718	0.0037917	0.0043914	0.0050426	0.0045386	0.0041152	0.0047698	0.0057985	0.0059108	0.0069156	0.0072963	0.0066938	0.0078453	0.0080422	0.0085535	0.0078497	0.0077616	0.0092549	0.0065359	0.0092383	0.0098419	0.0100799	0.0091905	0.0071349	0.0084976	0.0066007	0.0073444	0.0087328	0.0100569	0.0080314	0.0081879	
カモ科 (<em class="sci">Anatidae sp.</em>)	0.0015	0.0	0.0	0.0	0.0015	0.0	0.0	0.0	0.0	0.0	0.0	0.0	0.0	0.0	0.0	0.0	0.0	0.0	0.0	0.0	0.0	0.0	0.0	0.0	0.0	0.0	0.0	0.0	0.0	0.0	0.0	0.0	0.0	0.0	0.0	0.0	0.0	0.0	0.0	0.0	0.0	0.0015	0.0	0.0	0.0	1.898E-4	0.0	0.0	
ホロホロチョウ (<em class="sci">Numida meleagris</em>)	0.0	0.0	0.0	0.0	0.0	0.0	0.0	0.0	0.0	0.0	0.0	0.0	0.0	0.0	0.0015	0.0	0.0	0.0	0.0	0.0	0.0	0.0	0.0	0.0	0.0	0.0	0.0	0.0	0.0	0.0	0.0	0.0	0.0	0.0	0.0	0.0	0.0	0.0	0.0	0.0	0.0	0.0	0.0	0.0	0.0	0.0	0.0	0.0	
コリンウズラ (<em class="sci">Colinus virginianus</em>)	0.0	0.0	0.0	0.0	0.0	0.0	0.0	0.0	0.0	0.0	0.0	1.287E-4	0.0	0.0	0.0	0.0	0.0	0.0	0.0	0.0	0.0	0.0	0.0	0.0	0.0	0.0	0.0	0.0	0.0	0.0	0.0	0.0	0.0	0.0	0.0	0.0	0.0	0.0	0.0	0.0	0.0	0.0	0.0	0.0	0.0	0.0	0.0	0.0	
エゾライチョウ (<em class="sci">Tetrastes bonasia</em>)	1.254E-4	0.0015	0.0015	5.756E-4	1.274E-4	2.321E-4	0.0015	0.0015	1.637E-4	0.0	1.733E-4	5.147E-4	1.626E-4	0.0	1.402E-4	3.588E-4	9.814E-4	4.131E-4	2.917E-4	0.0010134	0.0015649	0.0013238	0.0012346	0.0011007	0.0014496	0.0013434	0.0011065	0.0014187	0.0011641	0.0022415	5.546E-4	5.702E-4	0.0011893	5.008E-4	7.119E-4	4.902E-4	4.106E-4	3.227E-4	6.952E-4	5.891E-4	1.399E-4	0.0	6.601E-4	2.577E-4	1.782E-4	1.898E-4	1.868E-4	2.155E-4	
ライチョウ (<em class="sci">Lagopus muta</em>)	2.508E-4	0.0	0.0	0.0	0.0015	0.0015	0.0	0.0	0.0	0.0	0.0	0.0	0.0	0.0015	4.207E-4	0.0015548	1.402E-4	4.131E-4	7.292E-4	0.001689	0.0013911	0.0024584	0.0032922	0.002018	0.0038657	0.0029554	0.0055325	0.0038508	0.0043655	0.0056038	0.0038824	0.002471	0.0045195	0.0027541	0.0018984	0.0011438	0.0022583	9.681E-4	6.952E-4	0.0015318	6.995E-4	5.099E-4	6.601E-4	0.0	0.0	0.0	0.0	0.0015	
ヤマドリ (<em class="sci">Syrmaticus soemmerringii</em>)	0.0026336	0.0018802	0.0022865	0.0020146	0.0022939	0.0026688	0.0039514	0.0028462	0.0018003	0.0022731	0.0019067	0.0039887	0.0034152	0.0024574	0.0046277	0.0020332	0.0033646	0.0019278	0.0024792	0.0042788	0.0031299	0.0018911	0.0014403	0.0012842	0.0019328	0.001612	0.0016598	0.0018241	0.0011641	0.0016811	5.546E-4	9.504E-4	0.0011893	0.0017526	0.0028477	6.536E-4	0.0012318	0.0024201	0.0022593	0.0018852	0.0015389	5.099E-4	0.0018152	0.0012885	8.911E-4	0.0017078	0.0014942	0.0019392	
コウライキジ (<em class="sci">Phasianus colchicus</em>)	0.0030098	0.0014773	4.035E-4	5.756E-4	0.0011469	6.962E-4	0.0010244	4.269E-4	0.0018003	0.0022731	0.0027734	0.0028307	0.0034152	0.0023038	0.001823	0.0037077	0.0037852	0.0035803	0.0018959	0.0020268	0.0033038	0.0024584	0.0041152	0.0018345	0.0028993	0.0013434	0.0011065	8.107E-4	0.0020373	5.604E-4	0.0013866	3.802E-4	7.136E-4	0.0015023	0.0037969	0.001634	4.106E-4	0.0015	0.0015	8.248E-4	5.596E-4	3.399E-4	3.3E-4	0.0010308	1.782E-4	0.0013283	5.603E-4	0.0012928	
キジ (<em class="sci">Phasianus versicolor</em>)	0.0220717	0.0210851	0.0227303	0.0239831	0.0247228	0.0229752	0.0267818	0.0291732	0.0294599	0.0389928	0.041255	0.0608595	0.0748089	0.0780218	0.0917122	0.1004665	0.0870601	0.080694	0.0783141	0.068686	0.0679882	0.0557867	0.05	0.0383416	0.0236772	0.0255239	0.0201936	0.0166194	0.0165891	0.0179322	0.0122019	0.0134955	0.0147479	0.0157737	0.0128144	0.0155229	0.0160131	0.0185544	0.0170316	0.0180276	0.0225238	0.0226037	0.0222772	0.0193274	0.023347	0.0227704	0.0197983	0.0214393	
キジ／コウライキジ (<em class="sci">Phasianus colchicus/versicolor</em>)	1.254E-4	2.686E-4	0.0	0.0015	0.0	2.321E-4	2.927E-4	5.692E-4	0.0	3.497E-4	0.0	6.433E-4	1.626E-4	0.0015	1.402E-4	4.784E-4	8.412E-4	0.0	1.458E-4	3.378E-4	0.0	0.0015	4.115E-4	0.0	0.0	2.687E-4	0.0	0.0	0.0015	2.802E-4	0.0	0.0	0.0	0.0	0.0	0.0	0.0	1.613E-4	0.0	4.713E-4	2.798E-4	0.0	1.65E-4	0.0015	1.782E-4	0.0	5.603E-4	2.155E-4	
ハッカン (<em class="sci">Lophura nycthemera</em>)	1.254E-4	2.686E-4	0.0	2.878E-4	0.0	1.16E-4	1.463E-4	0.0	3.273E-4	3.497E-4	6.934E-4	3.86E-4	0.0	0.0	0.0	0.0	0.0	0.0	0.0	0.0	0.0	0.0	0.0	0.0	0.0	0.0	0.0	0.0	0.0	0.0	2.773E-4	7.603E-4	9.515E-4	0.0017526	9.492E-4	6.536E-4	4.106E-4	4.84E-4	5.214E-4	3.535E-4	0.0	0.0	6.601E-4	3.865E-4	1.782E-4	0.0	1.868E-4	1.077E-4	
インドクジャク (<em class="sci">Pavo cristatus</em>)	0.0017557	0.0010744	1.345E-4	9.59E-5	3.823E-4	2.321E-4	4.39E-4	1.423E-4	0.0015	0.001224	0.0036401	0.003088	0.0045536	0.0024574	0.0012621	0.0023921	7.01E-4	0.001377	1.458E-4	0.001126	5.216E-4	1.891E-4	0.0014403	1.835E-4	0.0014496	0.0021494	5.533E-4	2.027E-4	5.821E-4	2.802E-4	0.0013866	1.901E-4	0.0011893	0.0012519	0.0035596	0.0014706	0.0	0.0015	1.738E-4	2.357E-4	1.399E-4	1.7E-4	6.601E-4	1.288E-4	3.564E-4	7.59E-4	0.0015	7.541E-4	
キジ亜科 (<em class="sci">Phasianidae sp. (pheasant sp.)</em>)	0.0	0.0	0.0	9.59E-5	0.0	0.0	0.0	0.0015	0.0	0.0	0.0	0.0	0.0	0.0	0.0	0.0	0.0	0.0	0.0	0.0	0.0	0.0	0.0	0.0	0.0	0.0	0.0	0.0	0.0	0.0	0.0	0.0	0.0	0.0	0.0	0.0	0.0	0.0	0.0	0.0	0.0	0.0	1.65E-4	0.0	0.0	0.0	0.0	1.077E-4	
コジュケイ (<em class="sci">Bambusicola thoracicus</em>)	0.0180587	0.017459	0.0180229	0.0172678	0.0180961	0.0176375	0.0213669	0.0210616	0.0232406	0.0295506	0.0265211	0.0306227	0.0313872	0.0360928	0.0388445	0.0456883	0.0438806	0.0443404	0.0385008	0.035469	0.0352982	0.0376324	0.0312757	0.0346725	0.0270597	0.0298227	0.0235131	0.0192542	0.0203725	0.0210143	0.0177482	0.0167269	0.0140343	0.0190285	0.0142383	0.0218954	0.0203244	0.0175863	0.0135558	0.0127253	0.0127308	0.014446	0.0143564	0.011983	0.0163964	0.0155598	0.012514	0.015083	
Chinese/Taiwan Bamboo-Partridge (<em class="sci">Bambusicola thoracicus/sonorivox</em>)	0.0	0.0	0.0	0.0	0.0	0.0	0.0	0.0	1.637E-4	0.0	0.0	0.0	0.0	0.0	0.0	0.0	0.0	0.0	0.0	0.0	0.0	0.0	0.0	0.0	0.0	0.0	0.0	0.0	0.0	0.0	0.0	0.0	0.0	0.0	0.0	0.0	0.0	0.0	0.0	0.0	0.0	0.0	0.0	0.0	0.0	0.0	0.0	0.0	
セキショクヤケイ (<em class="sci">Gallus gallus</em>)	0.0	0.0	0.0	0.0	0.0	0.0	0.0	0.0	0.0	0.0	0.0	1.287E-4	1.626E-4	0.0	0.0	0.0	0.0	1.377E-4	0.0	0.0	0.0	0.0	0.0	0.0	0.0	0.0	0.0	0.0	0.0	0.0	0.0	0.0	0.0	0.0	0.0	0.0	0.0	0.0	1.738E-4	0.0	0.0	0.0	0.0	0.0	0.0	0.0	0.0	0.0	
ウズラ (<em class="sci">Coturnix japonica</em>)	1.254E-4	1.343E-4	0.0	1.919E-4	2.549E-4	2.321E-4	7.317E-4	8.538E-4	0.0	6.994E-4	5.2E-4	1.287E-4	8.131E-4	6.143E-4	8.414E-4	2.392E-4	7.01E-4	2.754E-4	1.458E-4	1.126E-4	6.955E-4	1.891E-4	4.115E-4	0.0011007	2.416E-4	5.373E-4	2.766E-4	4.054E-4	2.91E-4	0.001401	8.319E-4	7.603E-4	0.0	0.0	4.746E-4	0.0	4.106E-4	0.0012907	1.738E-4	4.713E-4	2.798E-4	3.399E-4	6.601E-4	1.288E-4	3.564E-4	0.0015	3.736E-4	3.232E-4	
カワラバト (<em class="sci">Columba livia</em>)	0.2593429	0.2385173	0.2321453	0.2505756	0.2414936	0.2290555	0.2407435	0.2414971	0.2607201	0.287288	0.2860114	0.3048121	0.2946821	0.2776839	0.2706493	0.2679105	0.2381887	0.2573671	0.2346507	0.2404009	0.2272648	0.2399773	0.2197531	0.2445423	0.2539261	0.233208	0.2547718	0.2669234	0.2968568	0.283833	0.2978369	0.2915795	0.2778306	0.2934402	0.2736118	0.2691176	0.2693492	0.2474992	0.2579075	0.2629905	0.2698657	0.2831407	0.2585809	0.2616931	0.2746391	0.2743833	0.281285	0.2635208	
カラスバト (<em class="sci">Columba janthina</em>)	0.0025082	0.0022831	0.00269	0.0025902	0.0036957	0.0040613	0.0027806	0.00555	0.0057283	0.0052457	0.0058936	0.005404	0.0048788	0.0061434	0.0093956	0.0116015	0.0281789	0.0187276	0.0138545	0.0110348	0.0062598	0.0079425	0.0061728	0.0071547	0.0043489	0.0067168	0.0049793	0.0044589	0.0032014	0.0030821	0.0058236	0.0077932	0.0064225	0.0075113	0.005458	0.0133987	0.0061589	0.0098419	0.008342	0.0077766	0.0033576	0.0062882	0.0028053	0.004252	0.0014258	0.002277	0.0028016	0.0037707	
カワラバト属 (<em class="sci">Columba sp.</em>)	0.0	0.0	0.0	0.0	0.0	0.0	0.0	0.0	0.0	0.0	0.0	0.0	0.0	0.0	0.0	0.0	0.0	0.0	1.458E-4	0.0	0.0	0.0	0.0	0.0	0.0	0.0	0.0	0.0	0.0	0.0	0.0	0.0	0.0	0.0	0.0	0.0	0.0	0.0	0.0	0.0	0.0	0.0	0.0	0.0	0.0	0.0	0.0	0.0	
キジバト (<em class="sci">Streptopelia orientalis</em>)	0.3392275	0.3248724	0.2961668	0.3176324	0.3203772	0.3259457	0.3292844	0.3130781	0.3235679	0.3603777	0.3446005	0.3426402	0.3390795	0.3529412	0.3496003	0.3693338	0.3424926	0.3554117	0.3395071	0.3184326	0.3267258	0.3125946	0.3166667	0.3408549	0.3334139	0.35223	0.3488243	0.3384678	0.3742724	0.3715326	0.3818636	0.3868086	0.3851094	0.4191287	0.4010441	0.3985294	0.3793882	0.3673766	0.3408064	0.3109462	0.2820369	0.2924881	0.2744224	0.2796031	0.2992336	0.287666	0.3117295	0.3146951	
シラコバト (<em class="sci">Streptopelia decaocto</em>)	1.254E-4	0.0	0.0	0.0	0.0	0.0	1.463E-4	1.423E-4	0.0	1.749E-4	0.0	0.0	0.0015	0.0	0.0	0.0	2.804E-4	0.0	1.458E-4	0.0	3.478E-4	0.0	4.115E-4	3.669E-4	0.0	0.0	0.0	0.0015	0.0	0.0	5.546E-4	3.802E-4	2.379E-4	2.504E-4	0.0015	3.268E-4	0.0	0.0	0.0	1.178E-4	1.399E-4	1.7E-4	0.0	1.288E-4	5.347E-4	1.898E-4	0.0	0.0	
ベニバト (<em class="sci">Streptopelia tranquebarica</em>)	0.0015	4.029E-4	0.0015	9.59E-5	2.549E-4	1.16E-4	0.0	0.0	0.0	0.0	0.0	0.0	3.253E-4	0.0	1.402E-4	3.588E-4	1.402E-4	2.754E-4	1.458E-4	2.252E-4	1.739E-4	1.891E-4	0.0	0.0015	0.0	0.0	0.0	0.0	2.91E-4	0.0	0.0	0.0	0.0	0.0	0.0	6.536E-4	0.0	4.84E-4	0.0	9.426E-4	0.0	0.0	0.0015	5.154E-4	1.782E-4	1.898E-4	1.868E-4	0.0	
キンバト (<em class="sci">Chalcophaps indica</em>)	1.254E-4	5.372E-4	1.345E-4	9.59E-5	1.274E-4	2.321E-4	1.463E-4	0.0	1.637E-4	3.497E-4	0.0013867	0.00193	6.505E-4	0.0015359	0.0025242	0.0015548	0.0011215	6.885E-4	5.833E-4	0.001689	3.478E-4	9.455E-4	0.0012346	0.0018345	0.0026576	0.0067168	0.0016598	4.054E-4	0.0011641	0.0	5.546E-4	1.901E-4	0.0014272	0.0012519	0.0014238	4.902E-4	0.0	0.0015	0.0	3.535E-4	0.0	0.0	0.0	2.577E-4	1.782E-4	1.898E-4	0.0	1.077E-4	
アオバト (<em class="sci">Treron sieboldii</em>)	0.0052671	0.0047005	0.0060525	0.0062356	0.009048	0.0093989	0.0100981	0.0076846	0.0047463	0.0062948	0.0052002	0.0043747	0.0071556	0.0052219	0.0088347	0.0108839	0.018085	0.0161113	0.0242088	0.0295012	0.038602	0.0389561	0.0343621	0.0376078	0.0294757	0.0265986	0.0262794	0.0267531	0.0253201	0.0240964	0.0166389	0.017107	0.0114177	0.0150225	0.0118652	0.0184641	0.0137549	0.0145208	0.009211	0.0086014	0.0030778	0.0027192	0.0037954	0.0036078	0.0040991	0.0055028	0.0039223	0.0056022	
ズアカアオバト (<em class="sci">Treron formosae</em>)	0.0013795	0.004029	0.002421	0.0024942	0.0025487	0.0042933	0.0021952	0.0035577	0.0057283	0.0055954	0.0117871	0.008106	0.0053667	0.0105975	0.0103772	0.0118407	0.0068695	0.015285	0.017792	0.0212814	0.0079986	0.0056732	0.0078189	0.007705	0.0041073	0.0083289	0.0074689	0.0060803	0.0026193	0.0025217	0.0058236	0.0051321	0.0049952	0.0065098	0.005458	0.005719	0.0032847	0.0024201	0.0022593	0.0028279	0.0020985	0.0022094	0.0023102	0.002577	0.0023169	0.0024668	0.0011207	0.001616	
ハト科 (<em class="sci">Columbidae sp.</em>)	1.254E-4	2.686E-4	0.0	9.59E-5	0.0	0.0	0.0	0.0	0.0	1.749E-4	0.0	1.287E-4	0.0	0.0	0.0	1.196E-4	0.0	0.0	0.0015	1.126E-4	0.0	0.0	0.0	0.0	2.416E-4	0.0	2.766E-4	0.0	0.0	2.802E-4	0.0	0.0	0.0	0.0	0.0	0.0	2.053E-4	1.613E-4	0.0	0.0	0.0	1.7E-4	0.0	0.0	0.0	0.0	0.0	0.0	
カンムリカッコウ (<em class="sci">Clamator coromandus</em>)	0.0	0.0	0.0	0.0	0.0	0.0	0.0	0.0	0.0	0.0	0.0	0.0	0.0	1.536E-4	0.0	0.0	0.0	0.0	1.458E-4	0.0	0.0	0.0	0.0	0.0	0.0	0.0	0.0	0.0	0.0	0.0	0.0	0.0	0.0	0.0	0.0	1.634E-4	0.0	0.0	0.0	0.0	0.0	0.0	0.0	0.0	0.0	0.0	0.0	0.0	
オニカッコウ (<em class="sci">Eudynamys scolopaceus</em>)	0.0	0.0	0.0	0.0	0.0	0.0	0.0	0.0	0.0	0.0	0.0	0.0	0.0	0.0015	5.609E-4	2.392E-4	0.0015	2.754E-4	1.458E-4	0.0	5.216E-4	1.891E-4	0.0	0.0	2.416E-4	0.0	0.0	0.0	0.0	0.0	2.773E-4	0.0	0.0	0.0	0.0	0.0	0.0	0.0	0.0	0.0	0.0	0.0	0.0	0.0	0.0	0.0	0.0	0.0	
オウチュウカッコウ (<em class="sci">Surniculus lugubris</em>)	0.0	0.0	0.0	0.0	0.0	0.0	0.0	0.0	0.0	0.0	0.0	0.0	0.0	0.0	0.0	0.0	0.0015	0.0	0.0	0.0	0.0	0.0	0.0	0.0	0.0	0.0	0.0	0.0	0.0	0.0	0.0	0.0	0.0	0.0	0.0	0.0	0.0	0.0	0.0	0.0	0.0	0.0	0.0	0.0	0.0	0.0	0.0	0.0	
ジュウイチ (<em class="sci">Hierococcyx hyperythrus</em>)	0.0	0.0	0.0	0.0	0.0	0.0	0.0	0.0	0.0	0.0	0.0	0.0	0.0	0.0015	1.402E-4	0.001196	0.0064489	0.0052327	0.0109377	0.0096836	0.0149539	0.0090772	0.0090535	0.0082554	0.0036241	8.06E-4	5.533E-4	2.027E-4	2.91E-4	0.0	2.773E-4	1.901E-4	9.515E-4	2.504E-4	0.0011865	3.268E-4	8.212E-4	8.067E-4	5.214E-4	0.0	0.0	0.0	0.0	0.0	0.0	0.0	0.0	0.0	
ホトトギス (<em class="sci">Cuculus poliocephalus</em>)	0.0	0.0	0.0	0.0	0.0	0.0	0.0	0.0	0.0	0.0	0.0	0.0	1.626E-4	1.536E-4	1.402E-4	0.0016744	0.0011215	0.0151473	0.057022	0.0936831	0.1017214	0.1098714	0.0849794	0.0790681	0.047596	0.0515852	0.0448133	0.0330361	0.0194994	0.0145699	0.004437	7.603E-4	0.003568	0.002003	0.0021357	0.0021242	0.0022583	0.0011294	0.0	2.357E-4	0.0	0.0	0.0	0.0	0.0	0.0	0.0	0.0	
セグロカッコウ (<em class="sci">Cuculus micropterus</em>)	0.0	0.0	0.0	0.0	0.0	0.0	0.0	0.0	0.0	0.0	0.0	0.0	0.0	0.0	0.0	0.0	2.804E-4	4.131E-4	5.833E-4	5.63E-4	1.739E-4	0.0	0.0	0.0	0.0	0.0	0.0	0.0	0.0	0.0	0.0	0.0	0.0	0.0	0.0	0.0	0.0	0.0	0.0	0.0	0.0	0.0	0.0	0.0	0.0	0.0	0.0	0.0	
カッコウ (<em class="sci">Cuculus canorus</em>)	0.0	0.0	0.0	0.0	0.0	0.0	0.0	0.0	0.0	0.0	0.0	0.0	1.626E-4	0.0	1.402E-4	3.588E-4	9.814E-4	0.011154	0.0438967	0.064745	0.0954617	0.0987141	0.0757202	0.0649422	0.0524281	0.0424503	0.035408	0.0133766	0.0043655	0.0036425	0.0024958	0.0032313	0.0011893	0.0012519	0.0014238	0.0026144	0.0018477	0.0014521	5.214E-4	4.713E-4	2.798E-4	0.0	1.65E-4	0.0	0.0	0.0	0.0	0.0	
ツツドリ (<em class="sci">Cuculus optatus</em>)	0.0	0.0	0.0	0.0	0.0	0.0	0.0	0.0	0.0	0.0	1.733E-4	1.287E-4	1.626E-4	0.0015359	0.0049081	0.014472	0.0346278	0.0377307	0.0468135	0.0483054	0.0646844	0.0503026	0.0403292	0.0423775	0.0321334	0.013971	0.0058091	0.0016214	0.0017462	0.0011208	0.0016639	0.0036115	0.0042816	0.0077616	0.0090176	0.0088235	0.0117019	0.0111326	0.0067779	0.0021209	0.001399	6.798E-4	0.0	0.0	0.0	0.0	0.0	0.0	
カッコウ／ツツドリ (<em class="sci">Cuculus canorus/optatus</em>)	0.0	0.0	0.0	0.0	0.0	0.0	0.0	0.0	0.0	0.0	0.0	0.0	0.0	0.0	0.0	0.0	0.0	0.0	0.0	0.0	0.0	0.0	0.0	0.0	0.0	0.0	0.0	0.0	0.0	0.0	0.0	0.0015	0.0	0.0	0.0	0.0	0.0	0.0	0.0	1.178E-4	1.399E-4	1.7E-4	0.0	0.0	0.0	0.0	0.0	0.0	
カッコウ属 (<em class="sci">Cuculus sp.</em>)	0.0	0.0	0.0	0.0	0.0	0.0	0.0	0.0	0.0	0.0	0.0	0.0	0.0	0.0	1.402E-4	3.588E-4	8.412E-4	4.131E-4	5.833E-4	4.504E-4	3.478E-4	3.782E-4	0.0	1.835E-4	2.416E-4	0.0	2.766E-4	0.0	2.91E-4	2.802E-4	0.0	9.504E-4	7.136E-4	5.008E-4	9.492E-4	0.0013072	0.0010265	1.613E-4	1.738E-4	4.713E-4	2.798E-4	0.0	0.0	0.0	0.0	0.0	0.0	0.0	
カッコウ科 (<em class="sci">Cuculidae sp.</em>)	0.0	0.0	0.0	0.0	0.0	0.0	0.0	0.0	0.0	0.0	0.0	0.0	0.0	0.0	1.402E-4	4.784E-4	2.804E-4	4.131E-4	5.833E-4	7.882E-4	5.216E-4	5.673E-4	4.115E-4	3.669E-4	2.416E-4	8.06E-4	0.0	8.107E-4	2.91E-4	8.406E-4	2.773E-4	7.603E-4	0.0011893	5.008E-4	7.119E-4	0.001634	0.0018477	0.0014521	5.214E-4	5.891E-4	5.596E-4	1.7E-4	1.65E-4	0.0	0.0	0.0	0.0	0.0	
ヨタカ (<em class="sci">Caprimulgus jotaka</em>)	0.0	0.0	0.0	0.0	1.274E-4	0.0	0.0	0.0	0.0	0.0	0.0	0.0	0.0	4.608E-4	0.0	9.568E-4	5.608E-4	0.0019278	0.0033542	0.0029276	0.0039993	0.005295	0.0022634	0.0029352	0.0028993	0.001612	0.0016598	0.0018241	8.731E-4	8.406E-4	0.0	1.901E-4	0.0	0.0015	0.0015	8.17E-4	0.0012318	9.681E-4	5.214E-4	4.713E-4	2.798E-4	1.7E-4	0.0	0.0	0.0	0.0	0.0015	0.0	
シロアゴヨタカ (<em class="sci">Caprimulgus affinis</em>)	0.0	0.0015	0.0	0.0	0.0	0.0	0.0	0.0	0.0	0.0	0.0	0.0	0.0	0.0	0.0	0.0	0.0	0.0	0.0	0.0	0.0	0.0	0.0	0.0	0.0	0.0	0.0	0.0	0.0	0.0	0.0	0.0	0.0	0.0	0.0	0.0	0.0	0.0	0.0	0.0	0.0	0.0	0.0	0.0	0.0	0.0	0.0	0.0	
ハリオアマツバメ (<em class="sci">Hirundapus caudacutus</em>)	0.0	1.343E-4	0.0	0.0	0.0	0.0	0.0	0.0	0.0	0.0	0.0015	1.287E-4	0.0	0.0	2.805E-4	0.0010764	0.0014019	0.001377	0.0020417	0.004504	0.008868	0.0085098	0.0055556	0.0086223	0.0082145	0.0072542	0.0055325	0.0060803	0.0055297	0.0064444	0.0033278	0.0041817	0.0014272	0.002003	0.0064072	0.005719	0.0012318	0.0014521	3.476E-4	0.0015	1.399E-4	0.0015	0.0	0.0	0.0	0.0	0.0	0.0	
クロビタイハリオアマツバメ (<em class="sci">Hirundapus cochinchinensis</em>)	0.0	0.0	0.0	0.0	0.0	0.0	0.0	0.0	0.0	0.0	0.0	0.0	0.0	0.0	0.0	0.0015	0.0	0.0	0.0	0.0	0.0	0.0	0.0	0.0	0.0	0.0	0.0	0.0	0.0	0.0	0.0	0.0	0.0	0.0	0.0	0.0	0.0	0.0	0.0	0.0	0.0	0.0	0.0	0.0	0.0	0.0	0.0	0.0	
ヒマラヤアナツバメ (<em class="sci">Aerodramus brevirostris</em>)	0.0	0.0	0.0	0.0	0.0	0.0	0.0	0.0	0.0	0.0	0.0	0.0	0.0	0.0	0.0	1.196E-4	0.0	1.377E-4	0.0	0.0	0.0	0.0	0.0	0.0	0.0	0.0	0.0	0.0	0.0	0.0	0.0	0.0	0.0	0.0	0.0	1.634E-4	0.0	0.0	0.0	0.0	0.0	0.0	0.0	0.0	0.0	0.0	0.0	0.0	
アマツバメ (<em class="sci">Apus pacificus</em>)	0.0	0.0	0.0	0.0	0.0	1.16E-4	0.0	0.0	1.637E-4	6.994E-4	0.0032935	0.0024447	0.0060172	0.0087544	0.0098163	0.0124387	0.0218702	0.0205178	0.0236255	0.0246594	0.0342549	0.028177	0.0298354	0.0302697	0.0311669	0.0284793	0.0207469	0.0287799	0.0200815	0.0240964	0.0130338	0.017107	0.0135585	0.0127692	0.016374	0.0179739	0.0100595	0.0087125	0.0046924	0.00271	0.001399	3.399E-4	1.65E-4	9.019E-4	0.0	0.0	1.868E-4	3.232E-4	
ヒメアマツバメ (<em class="sci">Apus nipalensis</em>)	0.0082769	0.0073865	0.0052455	0.0062356	0.0057347	0.0051056	0.0057076	0.0074	0.005892	0.0059451	0.0072803	0.0066907	0.0097577	0.007065	0.0088347	0.0123191	0.0078508	0.0128064	0.0077293	0.0121608	0.0123457	0.0109682	0.0133745	0.0141258	0.0169123	0.0099409	0.0102351	0.0107418	0.0098952	0.0067246	0.010538	0.0100741	0.0099905	0.0125188	0.0118652	0.0178105	0.0143708	0.0100032	0.0102537	0.0054201	0.0054561	0.0039089	0.0028053	0.0033501	0.0040991	0.0043643	0.0076578	0.0084034	
アマツバメ属 (<em class="sci">Apus/Tachymarptis sp.</em>)	2.508E-4	0.0	0.0	0.0	0.0	1.16E-4	1.463E-4	0.0	0.0	0.0	0.0	0.0015	3.253E-4	1.536E-4	2.805E-4	4.784E-4	2.804E-4	0.0	2.917E-4	1.126E-4	1.739E-4	3.782E-4	6.173E-4	3.669E-4	0.0	0.0	5.533E-4	0.0015	0.0	5.604E-4	8.319E-4	3.802E-4	2.379E-4	2.504E-4	7.119E-4	9.804E-4	8.212E-4	3.227E-4	1.738E-4	1.178E-4	1.399E-4	3.399E-4	0.0	0.0	0.0	0.0	1.868E-4	0.0	
アマツバメ科（小さい） (<em class="sci">Apodidae sp. (small swift sp.)</em>)	0.0	0.0	0.0	0.0	0.0	0.0	0.0	0.0	0.0	0.0	0.0	0.0	0.0	0.0	0.0	0.0	0.0	0.0	0.0	0.0	0.0	0.0	0.0	0.0	0.0	0.0	0.0	0.0	0.0	0.0	0.0	0.0	0.0	0.0	0.0	0.0	0.0	0.0	1.738E-4	0.0	0.0	0.0	0.0	0.0	0.0	0.0	0.0	0.0	
アマツバメ科 (<em class="sci">Apodidae sp.</em>)	0.0	1.343E-4	0.0	0.0	0.0	0.0	0.0	0.0	0.0	0.0	0.0	0.0	0.0	0.0	0.0015	0.0	1.402E-4	0.0	1.458E-4	0.0	6.955E-4	0.0015	2.058E-4	1.835E-4	0.0	0.0	0.0	0.0	2.91E-4	0.0	0.0	1.901E-4	0.0	0.0	0.0015	0.0015	2.053E-4	0.0	1.738E-4	1.178E-4	0.0	0.0	0.0	0.0	0.0015	0.0	1.868E-4	1.077E-4	
クイナ属（大きなクイナの種類） (<em class="sci">Rallus sp. (large Rallus sp.)</em>)	0.0	0.0	0.0	0.0	0.0	0.0	0.0	0.0	0.0	0.0	0.0	0.0	0.0	0.0	0.0	0.0	0.0	1.377E-4	0.0	0.0	0.0	0.0	0.0	0.0	0.0	0.0	0.0	0.0	0.0	0.0	0.0	0.0	0.0	0.0	0.0	0.0	0.0	0.0	0.0	0.0	0.0	0.0	0.0	0.0	0.0	0.0	0.0	0.0	
クイナ (<em class="sci">Rallus indicus</em>)	0.0160522	0.014773	0.0123739	0.0154451	0.0144004	0.0156649	0.0144885	0.013377	0.0152209	0.0106662	0.0107471	0.0070767	0.0074809	0.0055291	0.0047679	0.0050233	0.0025235	0.0026164	0.0014584	0.0010134	5.216E-4	0.0015129	0.0012346	0.0011007	0.0014496	0.0015	5.533E-4	8.107E-4	0.0020373	0.001401	5.546E-4	0.0011405	0.0011893	5.008E-4	7.119E-4	9.804E-4	0.0010265	0.0017748	0.0033021	0.0043596	0.006995	0.010537	0.0084158	0.0101791	0.0101586	0.0125237	0.0098991	0.0110967	
ヤンバルクイナ (<em class="sci">Gallirallus okinawae</em>)	0.0017557	0.0036261	0.0014795	0.0024942	0.002039	0.0022047	0.0071711	0.0032731	0.0022913	0.0045462	0.0041602	0.0032167	0.0030899	0.0016894	0.0057495	0.0059801	0.0039254	0.0095015	0.0131253	0.0091206	0.0090419	0.0066188	0.009465	0.007705	0.0021744	0.0042988	0.0063624	0.0026348	0.0017462	0.0016811	0.0058236	0.0041817	0.0066603	0.0065098	0.0033223	0.0035948	0.0026689	9.681E-4	0.0039972	0.0030635	0.0019586	5.099E-4	0.0021452	0.0048963	0.0010693	0.0018975	0.0039223	0.0025856	
バン (<em class="sci">Gallinula chloropus</em>)	0.0649611	0.0546602	0.0595831	0.0530507	0.0532688	0.0572058	0.0585394	0.0520848	0.0584288	0.0568281	0.0592824	0.0524961	0.0492763	0.0476117	0.0434722	0.049396	0.0417777	0.0373175	0.0326673	0.0276996	0.0234742	0.0253404	0.0273663	0.0278848	0.0333414	0.0343901	0.0320885	0.0308066	0.0349243	0.0423088	0.0432612	0.0370652	0.0287821	0.0277917	0.0374941	0.0439542	0.04496	0.0467893	0.0524852	0.0470131	0.0551203	0.053705	0.0483498	0.0552764	0.0586348	0.0516129	0.0556593	0.0556992	
バン／アメリカバン (<em class="sci">Gallinula chloropus/galeata</em>)	0.0	0.0	0.0	0.0	0.0	0.0015	0.0	0.0	0.0	0.0	0.0	0.0	0.0	0.0	0.0	0.0	0.0	0.0	0.0	0.0	0.0	0.0	0.0	0.0	0.0	0.0	0.0	0.0	0.0	0.0	0.0	0.0	0.0	0.0	0.0	0.0	0.0	0.0	0.0	0.0	0.0	0.0	0.0	0.0	0.0	0.0	0.0	0.0	
オオバン (<em class="sci">Fulica atra</em>)	0.3419865	0.3338705	0.3004707	0.2979662	0.2897923	0.285333	0.2764525	0.2783549	0.2944354	0.3077461	0.299012	0.3115028	0.2668727	0.2220857	0.1765531	0.1430451	0.1005187	0.0656844	0.0482718	0.0367076	0.0278212	0.0236384	0.0240741	0.0199963	0.0164291	0.0177324	0.0152144	0.0109445	0.0157159	0.0148501	0.0163616	0.0161566	0.0154615	0.0182774	0.0256289	0.0343137	0.050503	0.0779284	0.1108794	0.1532933	0.233352	0.2588375	0.2745875	0.3039557	0.3241846	0.3172676	0.3341427	0.343245	
セグロセイケイ (<em class="sci">Porphyrio indicus</em>)	0.0	0.0	0.0	0.0	0.0	0.0	0.0	0.0	0.0	0.0	0.0	0.0	0.0	0.0	0.0	0.0	0.0	0.0	0.0	0.0	0.0	0.0	0.0	0.0	0.0	0.0	0.0	0.0	0.0	0.0	0.0	0.0	0.0	0.0	0.0	0.0	0.0	1.613E-4	3.476E-4	0.0	0.0	0.0	0.0	0.0	0.0	0.0	0.0	0.0	
ツルクイナ (<em class="sci">Gallicrex cinerea</em>)	0.0	0.0	0.0	0.0	0.0	1.16E-4	0.0	0.0	0.0	0.0	0.0	0.0	3.253E-4	0.0	2.805E-4	1.196E-4	0.0	0.0	0.0	1.126E-4	3.478E-4	0.0	2.058E-4	0.0	0.0	0.0	0.0	0.0	0.0	2.802E-4	0.0	5.702E-4	0.0	0.0	2.373E-4	3.268E-4	0.0	3.227E-4	0.0	0.0	2.798E-4	1.7E-4	1.65E-4	1.288E-4	1.782E-4	0.0	0.0	0.0	
シロハラクイナ (<em class="sci">Amaurornis phoenicurus</em>)	0.0051417	0.0038947	0.0014795	7.675E-4	0.0030585	0.0013924	0.0023416	7.115E-4	0.0036007	0.0045462	0.0126538	0.008492	0.0084567	0.0082937	0.0051886	0.0082526	0.0044862	0.0045442	0.0067085	0.0069812	0.0034777	0.0032148	0.005144	0.0051367	0.0072481	0.0085975	0.0069156	0.0062829	0.0043655	0.0100869	0.0091514	0.0058924	0.0049952	0.0070105	0.008543	0.0031046	0.0016424	6.454E-4	0.0022593	0.0030635	0.001399	8.498E-4	0.0014851	0.001675	0.0044555	0.0024668	7.471E-4	0.0023702	
オオクイナ (<em class="sci">Rallina eurizonoides</em>)	3.762E-4	4.029E-4	0.0	0.0	1.274E-4	0.0	0.0	0.0	3.273E-4	0.0015	8.667E-4	0.001158	1.626E-4	7.679E-4	4.207E-4	9.568E-4	5.608E-4	0.0	2.917E-4	5.63E-4	1.739E-4	0.0	0.0	0.0011007	0.001208	0.001612	5.533E-4	0.0	0.0	2.802E-4	0.0	0.0	0.0	2.504E-4	7.119E-4	3.268E-4	0.0	0.0	0.0	3.535E-4	0.0	0.0	1.65E-4	0.0015	0.0	1.898E-4	0.0	1.077E-4	
ヒクイナ (<em class="sci">Zapornia fusca</em>)	0.0117883	0.0100725	0.0118359	0.0125672	0.0117242	0.0125319	0.0144885	0.0123808	0.0129296	0.0129393	0.0110938	0.0105507	0.0146365	0.0121333	0.0096761	0.007535	0.0075704	0.0075737	0.008896	0.0075442	0.0076508	0.0073752	0.0039095	0.0031187	0.0026576	0.0037614	0.004426	0.0038508	0.0052386	0.0039227	0.0033278	0.0043718	0.0042816	0.0047571	0.0049834	0.0039216	0.0078013	0.0054856	0.0060827	0.0062448	0.0068551	0.0066281	0.0067657	0.0067002	0.0083764	0.0075901	0.007471	0.0071105	
ヒメクイナ (<em class="sci">Zapornia pusilla</em>)	0.0	1.343E-4	0.0015	0.0	0.0	0.0	0.0	0.0	0.0	0.0015	0.0	1.287E-4	0.0	0.0	0.0	0.0	2.804E-4	0.0	0.0	0.0	0.0	0.0	0.0	0.0	0.0	0.0	0.0	0.0	0.0	0.0	0.0	0.0	0.0	0.0	0.0	0.0	0.0	1.613E-4	0.0015	2.357E-4	8.394E-4	1.7E-4	0.0	1.288E-4	0.0	1.898E-4	0.0	0.0	
シマクイナ (<em class="sci">Coturnicops exquisitus</em>)	2.508E-4	0.0	0.0	0.0	0.0	0.0	0.0	0.0	0.0	0.0	0.0	0.0	0.0	0.0	0.0	0.0	0.0	0.0	0.0	0.0	0.0	0.0	0.0	0.0	0.0	0.0	0.0	0.0	0.0	0.0	0.0	0.0	0.0	0.0	0.0	0.0	0.0	0.0	0.0	1.178E-4	0.0	0.0	0.0	0.0015	1.782E-4	0.0	0.0	0.0	
クイナ亜科 (<em class="sci">Rallidae sp. (rail/crake sp.)</em>)	0.0	0.0	1.345E-4	9.59E-5	2.549E-4	1.16E-4	0.0	2.846E-4	0.0	0.0	3.467E-4	0.0	1.626E-4	1.536E-4	0.0	0.0	1.402E-4	0.0	0.0	1.126E-4	0.0	0.0	2.058E-4	0.0	0.0	2.687E-4	0.0	4.054E-4	0.0	0.0	0.0	0.0	0.0	5.008E-4	0.0015	0.0	4.106E-4	6.454E-4	1.738E-4	2.357E-4	2.798E-4	0.0	4.95E-4	3.865E-4	1.782E-4	0.0	0.0	1.077E-4	
ソデグロヅル (<em class="sci">Leucogeranus leucogeranus</em>)	0.0011287	0.0048348	0.002959	0.0023024	0.004078	0.0035971	0.0016098	0.0041269	0.0018003	0.0	0.0015	0.0	0.0	0.0	0.0	0.0	0.0	0.0	0.0	0.0	1.739E-4	0.0	0.0	0.0	0.0	0.0	0.0	0.0	0.0	2.802E-4	0.0	0.0	0.0	0.0	0.0	0.0	0.0	0.0	0.0	1.178E-4	0.0	6.798E-4	9.901E-4	0.0011596	0.0021387	0.0013283	0.0013074	0.0014006	
カナダヅル (<em class="sci">Antigone canadensis</em>)	0.0026336	0.0096696	0.0080699	0.0052763	0.0064993	0.0085867	0.006732	0.0058346	0.001964	0.0022731	3.467E-4	3.86E-4	1.626E-4	0.0	0.0	0.0	0.0	0.0	0.0	0.0	0.0	0.0	0.0	0.0	0.0	0.0	0.0	0.0	0.0	0.0	0.0	1.901E-4	2.379E-4	0.0	0.0	0.0	0.0	1.613E-4	0.0	2.357E-4	0.0012591	8.498E-4	0.0019802	0.0020616	0.003208	0.0041746	0.0041091	0.0045249	
マナヅル (<em class="sci">Antigone vipio</em>)	0.0072736	0.0236369	0.0238063	0.0149655	0.0186058	0.0212346	0.0144885	0.0157962	0.0050736	0.002448	8.667E-4	6.433E-4	0.0	0.0	1.402E-4	0.0015	0.0	0.0	0.0	0.0	0.0	0.0	0.0	1.835E-4	0.0	0.0	0.0	0.0	0.0	0.0015	0.0	0.0	2.379E-4	0.0	2.373E-4	1.634E-4	0.0	8.067E-4	1.738E-4	3.535E-4	0.0026581	0.0030591	0.0037954	0.0083752	0.0076635	0.0108159	0.0117669	0.0138979	
アネハヅル (<em class="sci">Grus virgo</em>)	6.27E-4	0.0022831	0.0017485	0.0011512	0.0021664	0.0013924	5.854E-4	4.269E-4	0.0	0.0	0.0	0.0015	0.0	0.0	0.0	0.0	0.0	0.0	2.917E-4	0.0	0.0	0.0	0.0	0.0	0.0	0.0	8.299E-4	0.0	0.0	0.0	0.0	0.0	0.0	0.0	0.0	0.0	0.0	0.0	0.0	0.0	2.798E-4	1.7E-4	1.65E-4	7.731E-4	7.129E-4	9.488E-4	1.868E-4	7.541E-4	
タンチョウ (<em class="sci">Grus japonensis</em>)	0.0056433	0.0061778	0.0153329	0.0142939	0.0170766	0.0197262	0.0229767	0.0249039	0.0211129	0.0085679	0.0069336	0.0033453	0.0021142	0.0035325	0.0039265	0.0062194	0.0033646	0.003718	0.0043751	0.010697	0.0149539	0.015885	0.0127572	0.0091726	0.010389	0.0069855	0.0085754	0.0064856	0.0066938	0.0081255	0.005269	0.0102642	0.0061846	0.0035053	0.0040342	0.0045752	0.0045165	0.0090352	0.0072993	0.0073053	0.0078344	0.0056084	0.009736	0.0060559	0.004812	0.0074004	0.0085917	0.0103426	
クロヅル (<em class="sci">Grus grus</em>)	0.0021319	0.0108783	0.0072629	0.0066193	0.0093029	0.0105593	0.0089273	0.0062616	0.003437	0.002448	5.2E-4	5.147E-4	0.0015	1.536E-4	1.402E-4	0.0	0.0	0.0	0.0	0.0	0.0	0.0	0.0	0.0	0.0	0.0	0.0	0.0	0.0	0.0	0.0	0.0	0.0	0.0	0.0	0.0	0.0	1.613E-4	1.738E-4	0.0	6.995E-4	0.0013596	0.0018152	0.0019327	0.0033862	0.0045541	0.0035487	0.0043094	
ナベヅル (<em class="sci">Grus monacha</em>)	0.0076499	0.0235026	0.0216543	0.0141021	0.0177138	0.0211186	0.0149276	0.0156539	0.0072013	0.0026228	0.0022534	0.001158	1.626E-4	0.0	0.0	1.196E-4	1.402E-4	0.0	1.458E-4	0.0	0.0	0.0	0.0	0.0	0.0	0.0	0.0	0.0	0.0	0.0	0.0	0.0	0.0	0.0015	0.0	0.0	2.053E-4	1.613E-4	1.738E-4	4.713E-4	0.0037773	0.003569	0.0047855	0.0092772	0.0087328	0.011575	0.0113934	0.0135747	
雑種 クロヅル ｘ ナベヅル (<em class="sci">Grus grus x monacha</em>)	2.508E-4	6.715E-4	0.0012105	4.797E-4	7.646E-4	0.0010443	4.39E-4	4.269E-4	3.273E-4	1.749E-4	0.0	0.0	0.0	0.0	0.0	0.0	0.0	0.0	0.0	0.0	0.0	0.0	0.0	0.0	0.0	0.0	0.0	0.0	0.0	0.0	0.0	0.0	0.0	0.0	0.0	0.0	0.0	0.0	0.0	0.0	0.0	0.0	0.0	1.288E-4	1.782E-4	1.898E-4	0.0	1.077E-4	
ツル科 (<em class="sci">Gruidae sp.</em>)	0.0	2.686E-4	0.0	0.0	1.274E-4	0.0	0.0	0.0	0.0	0.0	0.0	0.0	0.0	0.0	0.0	0.0	0.0	0.0	0.0	0.0	0.0	0.0	0.0	0.0	0.0	0.0	0.0	0.0	0.0	0.0	0.0	0.0	0.0	0.0	0.0	0.0	0.0	0.0	0.0	0.0	0.0	0.0	0.0	0.0	0.0	0.0015	0.0	3.232E-4	
セイタカシギ (<em class="sci">Himantopus himantopus</em>)	0.0131678	0.0124899	0.0099529	0.0112241	0.008156	0.0074263	0.0087809	0.0052654	0.006874	0.0090925	0.0110938	0.0118374	0.0130102	0.0173552	0.0192119	0.0203325	0.0176644	0.0132195	0.0107919	0.0132868	0.0076508	0.0037821	0.0061728	0.0018345	0.0048321	0.0061795	0.0102351	0.0089177	0.0107683	0.0187728	0.0335552	0.0383957	0.0359182	0.0388082	0.0472235	0.0316993	0.0182714	0.0198451	0.0179006	0.0168493	0.0135702	0.0127464	0.009736	0.0117253	0.0115844	0.0113852	0.0110198	0.0122818	
ソリハシセイタカシギ (<em class="sci">Recurvirostra avosetta</em>)	0.0037622	0.0041633	0.0022865	0.0018227	0.0012744	0.0012764	8.781E-4	5.692E-4	0.0011457	0.0017486	0.0020801	0.0010293	9.758E-4	7.679E-4	1.402E-4	3.588E-4	2.804E-4	2.754E-4	8.75E-4	5.63E-4	1.739E-4	1.891E-4	0.0	0.0	0.0015	0.0	0.0	2.027E-4	2.91E-4	0.0	2.773E-4	0.0	0.0	0.0	0.0	3.268E-4	0.0	3.227E-4	3.476E-4	9.426E-4	0.0015389	0.0016995	0.0024752	0.002577	0.0065942	0.0032258	0.0044826	0.0034475	
ミヤコドリ (<em class="sci">Haematopus ostralegus</em>)	0.0092802	0.008058	0.006456	0.0057559	0.0048426	0.0047575	0.0048295	0.0045539	0.0076923	0.015737	0.0093604	0.0099074	0.012685	0.0162801	0.0143037	0.0179404	0.0099537	0.0086753	0.0072918	0.0052922	0.0031299	0.0049168	0.0030864	0.0044029	0.0036241	0.0029554	0.006639	0.008715	0.0133877	0.0098067	0.0135885	0.0134955	0.0164129	0.0167752	0.0166113	0.0125817	0.0127284	0.011778	0.0132082	0.0103688	0.0107722	0.0086676	0.0089109	0.0082464	0.0083764	0.0077799	0.0093388	0.0087266	
ダイゼン (<em class="sci">Pluvialis squatarola</em>)	0.0116629	0.0135643	0.0117014	0.008538	0.0123614	0.0089348	0.0090736	0.0065462	0.008347	0.0087428	0.0105738	0.0086207	0.0115466	0.0136692	0.0168279	0.0212893	0.0211692	0.0212063	0.014292	0.006193	0.002956	0.0026475	0.0012346	9.173E-4	0.0014496	0.001612	0.004426	0.0085124	0.0148428	0.0165312	0.0343871	0.0361148	0.0333016	0.0358037	0.0353583	0.0272876	0.0162184	0.0167796	0.0191171	0.012254	0.009653	0.0056084	0.009901	0.0081175	0.0089111	0.0089184	0.0100859	0.0082956	
ヨーロッパムナグロ (<em class="sci">Pluvialis apricaria</em>)	1.254E-4	0.0	0.0	0.0	0.0	0.0	0.0	2.846E-4	0.0	0.0	0.0	0.0	0.0	0.0	0.0	0.0	0.0	0.0	0.0	0.0	0.0	0.0	0.0	0.0	0.0	0.0	0.0	0.0	0.0	0.0	0.0	0.0	0.0	0.0	0.0	1.634E-4	0.0015	0.0	0.0	0.0	0.0	0.0	0.0	1.288E-4	1.782E-4	0.0	0.0	0.0	
アメリカムナグロ (<em class="sci">Pluvialis dominica</em>)	0.0	0.0	0.0	0.0	0.0	0.0	0.0	0.0	0.0	0.0	0.0	0.0	0.0	0.0	0.0	0.0	0.0	0.0	0.0	0.0	0.0	0.0	0.0	0.0	0.0	0.0	0.0	0.0	0.0	0.0	0.0	0.0	0.0015	0.0	0.0	0.0	0.0	0.0	0.0	0.0	0.0	0.0	0.0	0.0	0.0	0.0	0.0	0.0	
ムナグロ (<em class="sci">Pluvialis fulva</em>)	0.007399	0.0057749	0.0071284	0.0065234	0.0066267	0.0056858	0.0045368	0.0059769	0.0057283	0.0068194	0.0100537	0.0064334	0.0108961	0.0164337	0.0249614	0.031934	0.030422	0.0150096	0.0083127	0.0036032	6.955E-4	0.0015129	4.115E-4	3.669E-4	4.832E-4	0.0010747	0.0013831	0.0020268	0.007858	0.0187728	0.036883	0.0355446	0.0406755	0.0275413	0.0329853	0.0263072	0.0170396	0.0161342	0.0215502	0.0139036	0.0086738	0.006968	0.0080858	0.0070867	0.0073071	0.0053131	0.0067239	0.0049558	
ヨーロッパムナグロ／アメリカムナグロ／ムナグロ (<em class="sci">Pluvialis dominica/apricaria/fulva</em>)	0.0	0.0	0.0	0.0	0.0	0.0	0.0	0.0	0.0	0.0	0.0	0.0	0.0	0.0	0.0	0.0	0.0	0.0	0.0	0.0	0.0	0.0	0.0	0.0	0.0	0.0	0.0	0.0	0.0	0.0	0.0	0.0	0.0	0.0	0.0	0.0	0.0	0.0	0.0	0.0	0.0	0.0	3.3E-4	0.0	0.0	0.0	1.868E-4	0.0	
コバシチドリ (<em class="sci">Eudromias morinellus</em>)	0.0	0.0	0.0	9.59E-5	0.0	0.0	0.0	0.0	0.0	0.0	0.0	0.0	0.0	0.0	0.0	0.0	0.0	0.0	0.0	0.0	0.0	0.0	0.0	0.0	0.0	0.0	0.0	0.0	0.0	0.0	0.0	0.0	0.0	0.0	0.0	0.0	0.0	0.0	0.0	0.0	0.0	0.0	0.0	0.0	0.0	0.0	0.0	1.077E-4	
ハジロコチドリ (<em class="sci">Charadrius hiaticula</em>)	0.0025082	0.0012087	9.415E-4	0.0013431	0.0021664	0.0013924	2.927E-4	0.0012808	8.183E-4	3.497E-4	0.00104	9.007E-4	0.0014637	4.608E-4	5.609E-4	8.372E-4	0.0015	0.0015	1.458E-4	0.0	0.0	0.0	0.0	0.0	0.0	0.0	0.0	0.0	0.0	5.604E-4	0.0013866	0.0028512	0.0011893	0.0017526	0.0014238	0.001634	0.0016424	9.681E-4	6.952E-4	7.07E-4	2.798E-4	3.399E-4	1.65E-4	7.731E-4	0.0010693	5.693E-4	0.0013074	0.0014006	
ミズカキチドリ (<em class="sci">Charadrius semipalmatus</em>)	0.0	0.0	0.0	0.0	0.0	0.0	0.0	0.0	0.0	0.0	0.0	0.0	0.0	0.0	0.0	0.0	0.0	0.0	0.0	0.0	0.0	0.0	0.0	0.0	0.0	0.0	0.0	0.0	0.0	0.0	0.0	0.0	0.0	0.0	0.0	0.0	0.0	0.0	0.0	0.0	1.399E-4	0.0	0.0	2.577E-4	0.0	0.0	0.0	2.155E-4	
コチドリ (<em class="sci">Thinornis dubius</em>)	0.0136694	0.0135643	0.0117014	0.0117038	0.0119791	0.0105593	0.0100981	0.0079693	0.0139116	0.0251792	0.0542555	0.0627895	0.0657017	0.0703425	0.0802132	0.0923335	0.0744427	0.0851005	0.0678139	0.0538228	0.0552947	0.0508699	0.0485597	0.0524674	0.0572602	0.0577646	0.0539419	0.0460073	0.0640279	0.0608013	0.0723794	0.0695685	0.0642245	0.0583375	0.0531561	0.0366013	0.026278	0.0211359	0.0189433	0.0157889	0.0142697	0.0096873	0.0085809	0.0101791	0.0112279	0.0094877	0.0095256	0.0105581	
ハジロコチドリ／コチドリ (<em class="sci">Charadrius hiaticula/Thinornis dubius</em>)	0.0	0.0	0.0	0.0	0.0	0.0	0.0	0.0	0.0	0.0	0.0	0.0	0.0	0.0015	0.0	0.0	0.0	0.0	0.0	0.0	0.0	0.0	0.0	0.0	0.0	0.0	0.0	0.0	0.0	0.0	0.0	0.0	0.0	0.0	0.0	0.0	0.0	0.0	0.0	0.0	0.0	0.0	1.65E-4	0.0	0.0	0.0	0.0	0.0	
イカルチドリ (<em class="sci">Thinornis placidus</em>)	0.0349887	0.0374698	0.0345662	0.0335764	0.0331337	0.0300534	0.0264891	0.0204924	0.0206219	0.016961	0.0145606	0.0120947	0.0146365	0.0129012	0.0143037	0.0100466	0.0100939	0.0117048	0.0116669	0.0077694	0.0093897	0.0083207	0.0076132	0.0091726	0.0096642	0.0088662	0.0077455	0.0058776	0.0098952	0.0123284	0.0116473	0.0152062	0.0121313	0.0175263	0.0161367	0.0124183	0.0188873	0.0154889	0.0145985	0.0139036	0.016648	0.0141061	0.019967	0.0203582	0.0306541	0.0229602	0.0295106	0.0285499	
Charadrius/Thinornis sp. (<em class="sci">Charadrius/Thinornis sp.</em>)	0.0	0.0	0.0	0.0	0.0	0.0	0.0	0.0	0.0	0.0	0.0	1.287E-4	0.0	0.0	0.0	0.0	0.0	0.0	0.0	0.0	0.0	0.0	2.058E-4	0.0015	0.0	0.0	0.0	0.0	0.0	0.0	0.0	0.0	0.0	0.0	0.0	0.0	0.0	0.0	5.214E-4	0.0	0.0	0.0	0.0	0.0	0.0	0.0	0.0	0.0	
タゲリ (<em class="sci">Vanellus vanellus</em>)	0.0273389	0.0381413	0.0275723	0.0268611	0.0275264	0.0291251	0.0232694	0.0220578	0.0121113	0.0106662	0.0039868	0.0021873	8.131E-4	1.536E-4	1.402E-4	5.98E-4	1.402E-4	2.754E-4	0.0	0.0	1.739E-4	0.0	0.0	0.0	0.0	0.0	0.0	0.0	0.0	0.0	0.0	0.0	0.0015	2.504E-4	0.0	0.0	6.159E-4	1.613E-4	0.0013903	0.004124	0.0125909	0.0130863	0.0160066	0.0198428	0.0220994	0.016888	0.0239074	0.0287654	
ケリ (<em class="sci">Vanellus cinereus</em>)	0.0158014	0.0136986	0.0102219	0.0117997	0.0127437	0.0125319	0.0147812	0.0130924	0.0155483	0.0162616	0.0199341	0.0218734	0.0213043	0.0187375	0.0244005	0.0260734	0.0206084	0.0220325	0.0189587	0.0176782	0.0172144	0.0173979	0.0170782	0.0168776	0.0157043	0.0134336	0.0130014	0.0141873	0.0197905	0.0212945	0.0227399	0.0182475	0.0164129	0.0190285	0.0128144	0.0089869	0.0127284	0.0116167	0.0104275	0.0093084	0.009653	0.0093474	0.0148515	0.0127561	0.015327	0.0092979	0.0115801	0.0136824	
オオチドリ (<em class="sci">Anarhynchus veredus</em>)	0.0	0.0	0.0	0.0	0.0	0.0	0.0	0.0	0.0	0.0	3.467E-4	0.0010293	1.626E-4	1.536E-4	0.0	0.0	1.402E-4	0.0	0.0	0.0	0.0	0.0	0.0	0.0	0.0	0.0	0.0	0.0	0.0	0.0	0.0	0.0	0.0	0.0	0.0	0.0	0.0	0.0	0.0	0.0	0.0	0.0	0.0	0.0	0.0	0.0	0.0	0.0	
メダイチドリ (<em class="sci">Anarhynchus mongolus</em>)	0.0035114	0.0037604	0.0036315	0.002878	0.0038231	0.0024368	0.0016098	0.0022769	0.0032733	0.0031474	0.0050269	0.003474	0.0087819	0.0175088	0.0273454	0.0354025	0.0328053	0.0234095	0.0153128	0.0081072	0.0031299	0.0013238	0.0010288	0.0014676	4.832E-4	0.0034927	0.011065	0.0180381	0.0250291	0.0291398	0.0460344	0.04866	0.0532826	0.0425638	0.0424775	0.0267974	0.0190926	0.0130687	0.0119917	0.0070696	0.0037773	0.0032291	0.0056106	0.002577	0.0040991	0.002277	0.0035487	0.0019392	
メダイチドリ／チベットメダイチドリ (<em class="sci">Anarhynchus mongolus/atrifrons</em>)	0.0015	0.0	1.345E-4	0.0	0.0	0.0	0.0	0.0	0.0	0.0	1.733E-4	0.0	0.0	0.0	0.0	3.588E-4	0.0	0.0	0.0	1.126E-4	0.0	0.0	0.0	0.0	0.0	0.0	0.0	0.0	2.91E-4	0.0	2.773E-4	0.0	4.757E-4	0.0	0.0	0.0	0.0	1.613E-4	0.0	1.178E-4	0.0	0.0	0.0	0.0	0.0	0.0	0.0	0.0	
オオメダイチドリ (<em class="sci">Anarhynchus leschenaultii</em>)	0.0010033	8.058E-4	0.001345	8.634E-4	0.0010195	6.962E-4	0.0010244	0.0011385	9.82E-4	0.001224	0.0020801	0.0012867	0.0014637	0.0035325	0.0030851	0.0052625	0.0040656	0.0011016	0.0014584	0.0010134	5.216E-4	3.782E-4	4.115E-4	7.338E-4	4.832E-4	0.0021494	0.002213	0.0054722	0.0075669	0.0089661	0.0169163	0.0138757	0.0156993	0.0127692	0.0121025	0.0053922	0.0030794	0.0020975	0.0017379	0.0018852	4.197E-4	5.099E-4	0.0021452	5.154E-4	5.347E-4	7.59E-4	9.339E-4	7.541E-4	
メダイチドリ／チベットメダイチドリ／オオメダイチドリ (<em class="sci">Anarhynchus mongolus/atrifrons/leschenaultii</em>)	5.016E-4	4.029E-4	4.035E-4	4.797E-4	5.097E-4	0.0015	1.463E-4	4.269E-4	1.637E-4	5.246E-4	6.934E-4	3.86E-4	6.505E-4	6.143E-4	1.402E-4	5.98E-4	1.402E-4	2.754E-4	0.0	1.126E-4	0.0	0.0	0.0	0.0	2.416E-4	2.687E-4	0.0	6.08E-4	2.91E-4	0.0	0.0011093	9.504E-4	0.0016651	5.008E-4	0.0021357	1.634E-4	4.106E-4	3.227E-4	3.476E-4	3.535E-4	1.399E-4	0.0015	8.251E-4	0.0	0.0015	1.898E-4	5.603E-4	9.696E-4	
シロチドリ (<em class="sci">Anarhynchus alexandrinus</em>)	0.0213193	0.0209508	0.0186954	0.0188028	0.0179687	0.0148526	0.0133177	0.0146577	0.0145663	0.0171359	0.0171607	0.0122234	0.0141486	0.0173552	0.0187912	0.0222461	0.0179448	0.0144588	0.0116669	0.0103592	0.0079986	0.006997	0.0055556	0.0073381	0.0086978	0.0088662	0.0127248	0.0208756	0.0157159	0.0201737	0.0313367	0.0311728	0.0373454	0.0335503	0.0339345	0.0218954	0.0160131	0.0162956	0.0192909	0.0153175	0.0128707	0.0086676	0.0138614	0.0134003	0.0122973	0.013852	0.0162495	0.0176686	
チドリ属 (<em class="sci">Charadrius/Thinornis/Anarhynchus sp.</em>)	1.254E-4	2.686E-4	1.345E-4	0.0	3.823E-4	1.16E-4	0.0	2.846E-4	3.273E-4	1.749E-4	5.2E-4	1.287E-4	4.879E-4	1.536E-4	1.402E-4	0.0	5.608E-4	4.131E-4	4.375E-4	1.126E-4	5.216E-4	1.891E-4	2.058E-4	3.669E-4	2.416E-4	2.687E-4	8.299E-4	2.027E-4	2.91E-4	5.604E-4	0.0	0.0015	4.757E-4	5.008E-4	4.746E-4	1.634E-4	4.106E-4	3.227E-4	0.0	1.178E-4	0.0	0.0	1.65E-4	1.288E-4	0.0	0.0	1.868E-4	1.077E-4	
チドリ科 (<em class="sci">Charadriidae sp.</em>)	0.0	0.0	0.0	0.0	0.0	0.0	0.0	0.0	0.0	0.0	1.733E-4	0.0	0.0	0.0	2.805E-4	0.0	0.0	0.0015	1.458E-4	0.0	0.0	0.0	0.0	0.0	0.0	0.0	0.0	0.0	0.0	0.0	0.0	0.0	0.0	0.0	0.0	0.0	0.0	0.0	0.0	1.178E-4	0.0	0.0	0.0	1.288E-4	0.0	0.0	0.0	0.0	
タマシギ (<em class="sci">Rostratula benghalensis</em>)	2.508E-4	2.686E-4	0.001076	2.878E-4	0.0	8.123E-4	5.854E-4	0.0014231	0.0018003	1.749E-4	0.0	7.72E-4	1.626E-4	4.608E-4	4.207E-4	4.784E-4	9.814E-4	9.639E-4	5.833E-4	0.0014638	0.0013911	5.673E-4	0.0012346	9.173E-4	2.416E-4	0.0010747	0.0	8.107E-4	0.0014552	0.0025217	0.0024958	0.0013305	0.003568	0.0025038	0.0021357	6.536E-4	0.0012318	0.0015	3.476E-4	1.178E-4	2.798E-4	0.0	1.65E-4	1.288E-4	0.0015	0.0	0.0	0.0	
レンカク (<em class="sci">Hydrophasianus chirurgus</em>)	0.0	0.0	0.0	0.0	0.0	0.0	0.0	0.0	0.0	0.0	1.733E-4	1.287E-4	0.0	0.0	1.402E-4	2.392E-4	0.0	4.131E-4	1.458E-4	7.882E-4	1.739E-4	0.0	4.115E-4	3.669E-4	4.832E-4	5.373E-4	5.533E-4	2.027E-4	5.821E-4	0.0	2.773E-4	7.603E-4	4.757E-4	2.504E-4	0.0018984	4.902E-4	0.0	1.613E-4	1.738E-4	0.0	0.0015	0.0015	0.0	0.0015	0.0	0.0	0.0	0.0	
ハリモモチュウシャク (<em class="sci">Numenius tahitiensis</em>)	0.0	0.0	0.0	0.0	0.0	0.0	0.0	0.0	0.0	0.0	0.0	0.0	0.0	0.0	0.0	0.0	0.0	0.0	0.0015	0.0	0.0	0.0	0.0	0.0	0.0	0.0	0.0	0.0	0.0	0.0	0.0	0.0	0.0	0.0	0.0	0.0	0.0	0.0015	0.0	0.0	0.0	0.0	0.0	0.0	0.0	0.0	0.0	0.0	
チュウシャクシギ (<em class="sci">Numenius phaeopus</em>)	0.0042639	0.0042976	0.003766	0.0023983	0.0024213	0.0011604	0.0017562	0.0012808	0.0026187	0.0038468	0.0043335	0.003088	0.0040657	0.0087544	0.0284673	0.073795	0.073882	0.0778023	0.0523553	0.0131742	0.0064337	0.0047277	0.0034979	0.0034856	0.0033825	0.0040301	0.004426	0.006891	0.0101863	0.0075651	0.0252357	0.0250903	0.038059	0.035303	0.0310869	0.0137255	0.0090331	0.0054856	0.0066041	0.0031813	0.0032177	0.0032291	0.0047855	0.0027058	0.0037426	0.0017078	0.0041091	0.001616	
コシャクシギ (<em class="sci">Numenius minutus</em>)	0.0	0.0	0.0	0.0	0.0	0.0	0.0	0.0	0.0	0.0	0.0	0.0	0.0	1.536E-4	9.816E-4	0.001794	2.804E-4	0.0	4.375E-4	0.0	0.0	0.0	0.0	0.0	0.0	0.0	0.0	0.0	0.0	0.0	0.0	0.0	0.0	0.0	0.0	1.634E-4	0.0	0.0	0.0	1.178E-4	0.0	0.0	0.0	0.0	0.0	0.0	0.0	0.0	
ホウロクシギ (<em class="sci">Numenius madagascariensis</em>)	2.508E-4	0.0010744	2.69E-4	5.756E-4	7.646E-4	3.481E-4	0.0013171	9.962E-4	0.0016367	0.004896	0.0062402	0.007334	0.0104082	0.0109046	0.0089749	0.0112427	0.0064489	0.0055081	0.0013125	0.002252	0.0012172	0.0015129	0.0010288	0.0029352	0.002416	8.06E-4	0.002213	0.0044589	0.0058207	0.0030821	0.0036051	0.0083634	0.0116556	0.0115173	0.0121025	0.0120915	0.0061589	0.0050016	0.0064303	0.0063627	0.0037773	0.0030591	0.0028053	0.0019327	3.564E-4	5.693E-4	7.471E-4	3.232E-4	
ダイシャクシギ (<em class="sci">Numenius arquata</em>)	0.0070228	0.0084609	0.0069939	0.0079624	0.0084109	0.0073103	0.0061466	0.0068308	0.0040917	0.0089176	0.008147	0.0063047	0.0040657	0.0047612	0.0029449	0.0088506	0.0053274	0.0031672	0.0021875	6.756E-4	6.955E-4	1.891E-4	2.058E-4	3.669E-4	4.832E-4	2.687E-4	0.0016598	0.0022294	5.821E-4	0.0025217	0.0041597	0.0083634	0.0092769	0.0085128	0.0094922	0.0122549	0.0047218	0.0029042	0.0071255	0.0071875	0.0047566	0.0054385	0.0075908	0.0072156	0.0057031	0.0055028	0.0063504	0.0072183	
チュウシャクシギ／ダイシャクシギ (<em class="sci">Numenius phaeopus/arquata</em>)	0.0	0.0	0.0	0.0	0.0	0.0	0.0	0.0	0.0	0.0	0.0	1.287E-4	0.0	0.0	0.0	0.0	1.402E-4	1.377E-4	0.0	0.0	0.0	0.0	0.0	0.0	0.0	2.687E-4	0.0	0.0	0.0	0.0	0.0	0.0	0.0	0.0	0.0	0.0	0.0	0.0	0.0	0.0	0.0	0.0	0.0	0.0	0.0	0.0	0.0	0.0	
ホウロクシギ／ダイシャクシギ (<em class="sci">Numenius madagascariensis/arquata</em>)	6.27E-4	4.029E-4	2.69E-4	0.0	0.0	0.0	0.0	0.0	0.0	1.749E-4	3.467E-4	6.433E-4	1.626E-4	6.143E-4	2.805E-4	5.98E-4	1.402E-4	0.0	1.458E-4	1.126E-4	1.739E-4	0.0	0.0	0.0	0.0	0.0	0.0	2.027E-4	2.91E-4	2.802E-4	5.546E-4	3.802E-4	4.757E-4	5.008E-4	4.746E-4	3.268E-4	2.053E-4	1.613E-4	5.214E-4	5.891E-4	5.596E-4	3.399E-4	4.95E-4	2.577E-4	0.0	1.898E-4	3.736E-4	1.077E-4	
ダイシャクシギ属 (<em class="sci">Numenius sp.</em>)	0.0	0.0	0.0	0.0	0.0	0.0	0.0	1.423E-4	0.0	0.0	0.0	0.0	0.0	0.0	0.0	2.392E-4	0.0	0.0	0.0	0.0	0.0	0.0	0.0	0.0	0.0	0.0	0.0	0.0	0.0	0.0	0.0	0.0	0.0	0.0	0.0	0.0	0.0	0.0	0.0	0.0	0.0	0.0	0.0	0.0	0.0	0.0	0.0	0.0	
オオソリハシシギ (<em class="sci">Limosa lapponica</em>)	2.508E-4	4.029E-4	4.035E-4	9.593E-4	5.097E-4	1.16E-4	1.463E-4	2.846E-4	1.637E-4	0.0031474	0.0019067	0.0052753	0.0092698	0.0130548	0.0161268	0.0241598	0.022431	0.019967	0.0116669	0.0059678	0.004521	0.0018911	6.173E-4	5.504E-4	2.416E-4	0.0	0.0016598	0.0054722	0.0066938	0.007285	0.0177482	0.0210987	0.0247383	0.0287932	0.0287138	0.0220588	0.0137549	0.0111326	0.0111227	0.0045953	0.0032177	0.0015296	0.0024752	0.0015462	0.001604	1.898E-4	7.471E-4	1.077E-4	
オグロシギ (<em class="sci">Limosa limosa</em>)	0.0	1.343E-4	0.0	9.59E-5	2.549E-4	0.0	0.0	2.846E-4	3.273E-4	5.246E-4	0.0	7.72E-4	6.505E-4	0.0013823	0.0012621	0.0045449	0.0063087	0.0038557	0.0021875	0.0014638	1.739E-4	1.891E-4	2.058E-4	1.835E-4	0.0	0.0	0.0	6.08E-4	0.0023283	0.001401	0.0058236	0.0106444	0.0154615	0.0122684	0.013289	0.0168301	0.0073907	0.006131	0.0079944	0.004124	0.0015389	0.0015296	0.0011551	5.154E-4	1.782E-4	0.0	3.736E-4	2.155E-4	
オグロシギ属 (<em class="sci">Limosa sp.</em>)	0.0	0.0	0.0	0.0	0.0	0.0	0.0	0.0	0.0	0.0	0.0	1.287E-4	0.0	0.0	0.0	0.0	0.0	0.0	0.0	0.0	0.0	0.0	0.0	0.0	0.0	0.0	0.0	0.0	0.0	0.0	0.0	0.0	0.0	0.0	0.0	0.0	0.0	0.0	0.0	0.0	0.0	0.0	0.0	0.0	0.0	0.0	0.0	0.0	
シベリアオオハシシギ (<em class="sci">Limnodromus semipalmatus</em>)	0.0	0.0	1.345E-4	0.0	0.0	0.0	0.0	0.0	0.0	0.0	0.0	0.0	0.0	0.0	0.0015	0.0014352	0.0012617	9.639E-4	0.0	0.0	0.0	0.0	0.0	0.0	4.832E-4	0.0015	0.0	0.0	0.0	2.802E-4	8.319E-4	7.603E-4	4.757E-4	5.008E-4	0.0	1.634E-4	0.0	0.0	0.0	0.0	0.0	0.0	0.0	0.0	0.0	0.0	0.0	0.0	
アメリカオオハシシギ (<em class="sci">Limnodromus griseus</em>)	0.0	0.0	1.345E-4	0.0	0.0	0.0	0.0	0.0	0.0	0.0	0.0	0.0	0.0	0.0	0.0	0.0	0.0	0.0	0.0	0.0	0.0	0.0	0.0	0.0	0.0	0.0	0.0	0.0	0.0	0.0	0.0	0.0	0.0	0.0	0.0	0.0	0.0	0.0	0.0	0.0	0.0	0.0	0.0	0.0	0.0	0.0	0.0	0.0	
オオハシシギ (<em class="sci">Limnodromus scolopaceus</em>)	0.0025082	0.0025517	0.001883	0.0018227	0.0015292	0.0011604	0.0020489	9.962E-4	4.91E-4	0.0013988	0.0024268	0.0014153	0.0016263	0.0029181	0.0014023	0.0023921	7.01E-4	1.377E-4	0.0	0.0	0.0	0.0	0.0	0.0	0.0	0.0	2.766E-4	4.054E-4	5.821E-4	0.0	8.319E-4	0.002471	0.0014272	0.002003	0.0011865	0.0017974	0.0032847	0.0025815	0.0017379	0.0021209	0.0016788	0.0028892	0.0037954	0.0024481	0.0030298	0.0024668	0.0020545	0.0019392	
アメリカオオハシシギ／オオハシシギ (<em class="sci">Limnodromus griseus/scolopaceus</em>)	0.0	0.0	0.0	0.0	0.0	0.0	2.927E-4	0.0	0.0	0.0	0.0	0.0	0.0	0.0	0.0	0.0	0.0	0.0	0.0	0.0	0.0	0.0	0.0	0.0	0.0	0.0	0.0	0.0	0.0	0.0	0.0	0.0	0.0	0.0	0.0	0.0	0.0	0.0	0.0	0.0	0.0	0.0	0.0	0.0	0.0	0.0	0.0	0.0	
コシギ (<em class="sci">Lymnocryptes minimus</em>)	0.0	0.0	0.0	0.0	0.0	0.0	0.0	0.0	0.0015	0.0	0.0	0.0	0.0	0.0	0.0	0.0	1.402E-4	0.0	0.0	0.0	0.0	0.0	0.0	0.0	0.0	0.0	0.0	0.0	0.0	0.0	0.0	1.901E-4	0.0	0.0	0.0	0.0	0.0	0.0	0.0	0.0	0.0015	3.399E-4	0.0	0.0	0.0	0.0	0.0	0.0	
ヤマシギ (<em class="sci">Scolopax rusticola</em>)	0.004013	0.0056406	0.0049765	0.0062356	0.0059896	0.0056858	0.0035124	0.0045539	0.0036007	0.002448	0.0017334	0.00193	0.0022768	0.0024574	0.0021035	0.0028705	0.0014019	8.262E-4	0.00175	0.0014638	0.0036515	0.0030257	0.0024691	0.0027518	0.0019328	0.001612	0.0015	6.08E-4	5.821E-4	2.802E-4	2.773E-4	1.901E-4	4.757E-4	0.0	0.0015	6.536E-4	0.0012318	0.0017748	0.0022593	0.0016496	0.0012591	0.0011897	9.901E-4	0.0018039	0.0012475	0.0030361	0.0022413	0.0012928	
アマミヤマシギ (<em class="sci">Scolopax mira</em>)	6.27E-4	5.372E-4	0.0012105	6.715E-4	0.0011469	0.0023207	2.927E-4	9.962E-4	0.0022913	0.0022731	0.0017334	0.0010293	3.253E-4	0.0013823	0.0014023	0.0022725	5.608E-4	0.0024787	0.0030626	0.004504	0.0020866	7.564E-4	8.23E-4	0.0018345	4.832E-4	0.001612	0.0016598	8.107E-4	2.91E-4	0.0	5.546E-4	0.0011405	4.757E-4	0.0012519	4.746E-4	4.902E-4	0.0	6.454E-4	0.0	0.0010604	4.197E-4	0.0018695	6.601E-4	0.0015462	1.782E-4	7.59E-4	7.471E-4	3.232E-4	
ヤマシギ／アマミヤマシギ (<em class="sci">Scolopax rusticola/mira</em>)	1.254E-4	0.0	0.0015	0.0	0.0	0.0	2.927E-4	1.423E-4	0.0	3.497E-4	0.0	0.0	1.626E-4	0.0	0.0	0.0	0.0	0.0	0.0	0.0	0.0	0.0	0.0	0.0	0.0	0.0	0.0	0.0	0.0	0.0	0.0	0.0	0.0	0.0	0.0	0.0	0.0	0.0	0.0	0.0	0.0	1.7E-4	1.65E-4	2.577E-4	1.782E-4	1.898E-4	0.0	0.0	
アオシギ (<em class="sci">Gallinago solitaria</em>)	7.524E-4	5.372E-4	0.0017485	0.002878	0.0015292	0.0029009	0.0027806	0.0041269	0.0016367	8.743E-4	5.2E-4	7.72E-4	1.626E-4	0.0	0.0	3.588E-4	0.0	0.0	0.0	0.0	0.0	0.0	0.0	0.0	0.0	0.0	0.0	0.0	0.0	0.0	0.0	0.0	0.0	0.0	0.0	0.0	0.0	0.0	3.476E-4	1.178E-4	2.798E-4	5.099E-4	8.251E-4	3.865E-4	0.0014258	0.001518	5.603E-4	0.0012928	
チュウジシギ (<em class="sci">Gallinago megala</em>)	0.0	0.0	0.0	1.919E-4	0.0	0.0	0.0	1.423E-4	0.0	0.0	5.2E-4	0.0	0.0	1.536E-4	4.207E-4	3.588E-4	5.608E-4	0.0	2.917E-4	0.0	0.0	0.0	0.0	0.0	0.0	0.0	0.0	0.0	2.91E-4	8.406E-4	8.319E-4	0.0017107	0.0033302	0.0030045	0.0026103	0.001634	4.106E-4	9.681E-4	3.476E-4	2.357E-4	1.399E-4	0.0	1.65E-4	2.577E-4	1.782E-4	0.0	0.0	0.0	
ハリオシギ (<em class="sci">Gallinago stenura</em>)	0.0015	0.0	1.345E-4	2.878E-4	1.274E-4	2.321E-4	1.463E-4	0.0	0.0	1.749E-4	3.467E-4	0.0	1.626E-4	4.608E-4	1.402E-4	2.392E-4	1.402E-4	2.754E-4	2.917E-4	1.126E-4	0.0	0.0	0.0	0.0	0.0	0.0	0.0	0.0	0.0	2.802E-4	5.546E-4	9.504E-4	0.0	5.008E-4	0.0011865	4.902E-4	2.053E-4	1.613E-4	0.0	3.535E-4	1.399E-4	0.0	0.0	2.577E-4	1.782E-4	0.0	0.0	0.0	
チュウジシギ／ハリオシギ (<em class="sci">Gallinago megala/stenura</em>)	2.508E-4	2.686E-4	0.0	8.634E-4	3.823E-4	2.321E-4	8.781E-4	0.0	1.637E-4	8.743E-4	1.733E-4	2.573E-4	6.505E-4	6.143E-4	0.0011219	0.001196	7.01E-4	2.754E-4	0.0	0.0	0.0	0.0	0.0	0.0	0.0	0.0	0.0	0.0	2.91E-4	0.0016811	0.0030505	0.0057023	0.0038059	0.0052579	0.0094922	0.0039216	0.0014371	0.0014521	6.952E-4	0.0011783	9.793E-4	5.099E-4	4.95E-4	9.019E-4	8.911E-4	1.898E-4	9.339E-4	1.077E-4	
オオジシギ (<em class="sci">Gallinago hardwickii</em>)	0.0	0.0	0.0	0.0	0.0	0.0	0.0	0.0	0.0	0.0	3.467E-4	0.0015	3.253E-4	0.0013823	0.0036461	0.0092094	0.0124772	0.0119802	0.0121044	0.018016	0.0264302	0.0313918	0.0246914	0.0163273	0.011597	0.0045674	0.0035961	0.0024321	0.0069849	0.0061642	0.0038824	0.0030412	0.0042816	0.0015023	4.746E-4	0.0013072	8.212E-4	0.0015	0.0	1.178E-4	0.0	0.0	0.0	1.288E-4	1.782E-4	0.0	0.0	0.0	
タシギ (<em class="sci">Gallinago gallinago</em>)	0.0411337	0.0431104	0.0352387	0.0393323	0.0363196	0.038524	0.0358554	0.0317347	0.0279869	0.0316489	0.033628	0.0315234	0.026671	0.0242666	0.0263638	0.030738	0.0235525	0.0133572	0.0036459	3.378E-4	0.0	0.0	0.0	1.835E-4	0.0	0.0	0.0	0.0	2.91E-4	0.0019613	0.009706	0.0155864	0.0294957	0.0275413	0.0320361	0.0305556	0.0305892	0.0262988	0.0255474	0.0199128	0.0214046	0.0192046	0.0193069	0.021389	0.0226341	0.0220114	0.0222264	0.0310278	
タシギ属 (<em class="sci">Gallinago sp.</em>)	3.762E-4	0.0012087	0.001076	0.001439	0.0014018	0.0013924	8.781E-4	4.269E-4	4.91E-4	8.743E-4	0.0013867	0.0018013	0.0016263	0.0030717	0.0035058	0.0031097	0.0035048	0.0015147	8.75E-4	2.252E-4	1.739E-4	1.891E-4	0.0	0.0	0.0	0.0	2.766E-4	8.107E-4	0.0017462	0.0019613	0.0033278	0.0045619	0.0078497	0.0075113	0.0075937	0.0029412	0.0028742	0.0024201	0.0029545	0.00271	0.0023783	0.0016995	0.0011551	0.001675	0.0023169	0.0013283	0.001681	2.155E-4	
ハイイロヒレアシシギ (<em class="sci">Phalaropus fulicarius</em>)	1.254E-4	1.343E-4	1.345E-4	0.0	3.823E-4	0.0015	1.463E-4	5.692E-4	3.273E-4	0.001224	1.733E-4	0.0012867	0.0024394	6.143E-4	0.0015426	0.0020332	0.0030843	0.0011016	0.00175	0.0015764	0.0012172	3.782E-4	2.058E-4	0.0015	0.0	5.373E-4	0.0013831	0.0012161	2.91E-4	2.802E-4	2.773E-4	9.504E-4	0.0016651	5.008E-4	4.746E-4	0.0015	0.0	4.84E-4	0.0015	0.0	0.0	1.7E-4	0.0	1.288E-4	1.782E-4	0.0	0.0	2.155E-4	
アカエリヒレアシシギ (<em class="sci">Phalaropus lobatus</em>)	0.0	0.0	0.0	0.0	0.0	0.0	0.0	0.0	0.0	0.0	0.0	7.72E-4	3.253E-4	4.608E-4	8.414E-4	0.0015548	0.0053274	0.0048196	0.0094794	0.0058552	0.0034777	0.0013238	0.0010288	5.504E-4	4.832E-4	0.0034927	0.004426	0.0077017	0.0029104	0.0047632	0.0036051	0.0066527	0.009039	0.0037556	0.0047461	0.002451	8.212E-4	6.454E-4	3.476E-4	5.891E-4	0.0	3.399E-4	0.0015	3.865E-4	0.0	0.0	0.0	0.0	
ハイイロヒレアシシギ／アカエリヒレアシシギ (<em class="sci">Phalaropus fulicarius/lobatus</em>)	0.0	0.0	1.345E-4	0.0	0.0	0.0	0.0	0.0	1.637E-4	1.749E-4	0.0	2.573E-4	1.626E-4	0.0	0.0	2.392E-4	0.0	1.377E-4	4.375E-4	1.126E-4	8.694E-4	0.0	0.0	0.0	0.0	0.0	2.766E-4	8.107E-4	0.0	0.0	0.0	0.0	7.136E-4	0.0	9.492E-4	0.0	0.0	0.0	1.738E-4	0.0	1.399E-4	0.0	1.65E-4	0.0	0.0	0.0	0.0	0.0	
ヒレアシシギ属 (<em class="sci">Phalaropus sp.</em>)	0.0	0.0	1.345E-4	0.0	0.0	0.0	0.0	1.423E-4	0.0	3.497E-4	1.733E-4	3.86E-4	3.253E-4	4.608E-4	4.207E-4	1.196E-4	5.608E-4	0.0	0.0	0.0015	0.0	0.0	0.0	0.0	0.0	5.373E-4	2.766E-4	2.027E-4	0.0011641	0.001401	2.773E-4	0.0011405	0.0011893	2.504E-4	2.373E-4	1.634E-4	0.0015	0.0	3.476E-4	1.178E-4	0.0	1.7E-4	0.0	0.0	0.0	0.0	0.0	0.0	
ソリハシシギ (<em class="sci">Xenus cinereus</em>)	0.0	0.0	0.0	0.0	0.0	0.0015	2.927E-4	0.0	1.637E-4	5.246E-4	3.467E-4	1.287E-4	1.626E-4	7.679E-4	0.0032254	0.0108839	0.0131782	0.0137703	0.0113752	0.0065308	0.0020866	9.455E-4	2.058E-4	0.0014676	2.416E-4	0.0018807	0.0027663	0.0113498	0.0206636	0.0238162	0.0540765	0.0598745	0.0570885	0.0510766	0.0386806	0.0251634	0.0156025	0.0087125	0.0067779	0.0011783	8.394E-4	8.498E-4	6.601E-4	1.288E-4	1.782E-4	0.0	0.0	0.0	
イソシギ (<em class="sci">Actitis hypoleucos</em>)	0.1180085	0.1191244	0.0933423	0.0960284	0.094431	0.0874913	0.0872238	0.0769888	0.08527	0.0863787	0.0948171	0.0832476	0.0777362	0.0743357	0.0732015	0.0880277	0.0810318	0.0874415	0.0571679	0.019705	0.0114763	0.0066188	0.009465	0.0165107	0.0270597	0.0274046	0.0304288	0.0453993	0.0692666	0.0947044	0.115086	0.1397073	0.1598478	0.1494742	0.1594684	0.1352941	0.1188668	0.1185866	0.115398	0.1015671	0.0980694	0.1024813	0.1094059	0.1091354	0.1142399	0.1062619	0.1139335	0.1009481	
クサシギ (<em class="sci">Tringa ochropus</em>)	0.0195636	0.0163846	0.0141224	0.0152533	0.0158022	0.0156649	0.013025	0.0142308	0.0106383	0.0097919	0.0110938	0.0105507	0.0078061	0.0084472	0.0065909	0.0098074	0.0078508	0.005095	0.0029167	9.008E-4	0.0	1.891E-4	0.0	0.0	0.0	0.0013434	0.0019364	0.0030401	0.0090221	0.0126086	0.0146977	0.019578	0.0176023	0.0170255	0.0215947	0.0148693	0.0145761	0.0124234	0.0121655	0.008837	0.0093733	0.010707	0.0107261	0.0123695	0.0105151	0.0127135	0.0112066	0.0145443	
キアシシギ (<em class="sci">Tringa brevipes</em>)	0.0018811	0.0025517	0.002152	0.0019186	0.0017841	0.0016245	8.781E-4	5.692E-4	0.001964	0.0013988	0.0038135	0.002702	0.002602	0.0035325	0.00603	0.0403062	0.089864	0.1111264	0.0968354	0.0490936	0.010433	0.0049168	0.0022634	0.0023849	0.0045905	0.0083289	0.017704	0.04621	0.0701397	0.0773326	0.1106489	0.0908573	0.0825404	0.067351	0.0538681	0.0313725	0.0225826	0.0143595	0.0106013	0.0087192	0.004197	0.0032291	0.0029703	0.0015462	0.0014258	0.0011385	0.0014942	0.0017238	
メリケンキアシシギ (<em class="sci">Tringa incana</em>)	0.0	0.0	0.0	0.0	0.0	0.0	0.0	0.0	0.0	0.0	0.0	1.287E-4	0.0	0.0	0.0	1.196E-4	9.814E-4	0.0020655	0.0014584	0.0015764	8.694E-4	0.0	0.0	1.835E-4	0.0	0.0	0.0	0.0	2.91E-4	2.802E-4	2.773E-4	0.0	0.0	0.0	0.0	0.0	0.0	0.0	0.0	0.0	0.0	0.0	0.0	0.0	0.0	0.0	0.0	0.0	
キアシシギ／メリケンキアシシギ (<em class="sci">Tringa brevipes/incana</em>)	0.0	0.0	0.0	0.0	0.0	0.0	0.0	0.0	0.0	0.0	0.0	0.0	0.0	0.0	1.402E-4	1.196E-4	2.804E-4	2.754E-4	2.917E-4	2.252E-4	0.0	0.0	0.0	0.0	0.0	0.0	0.0	0.0	0.0	0.0	0.0	1.901E-4	0.0	0.0	0.0	0.0	0.0	0.0	0.0	0.0	0.0	0.0	0.0	0.0	1.782E-4	0.0	0.0	0.0	
コアオアシシギ (<em class="sci">Tringa stagnatilis</em>)	0.002759	9.401E-4	8.07E-4	4.797E-4	7.646E-4	8.123E-4	7.317E-4	1.423E-4	0.0013093	0.0015737	0.0017334	0.002316	0.0024394	0.0041468	0.004207	0.0080134	0.004346	0.0033049	0.0020417	0.0013512	5.216E-4	1.891E-4	0.0	0.0	0.0	8.06E-4	0.0	8.107E-4	0.0023283	0.0056038	0.0091514	0.0155864	0.0171265	0.0172759	0.0182724	0.0158497	0.0106754	0.0058083	0.0074731	0.0053022	0.0039172	0.003569	0.0023102	0.0023193	0.0017822	9.488E-4	0.0014942	0.0011851	
タカブシギ (<em class="sci">Tringa glareola</em>)	0.0048909	0.0021488	0.0022865	0.0030698	0.0031859	0.0035971	0.0027806	0.0035577	0.0032733	0.0064697	0.0133472	0.0068194	0.0076435	0.0112118	0.0119198	0.0173424	0.0185055	0.0078491	0.0061251	0.0029276	5.216E-4	0.0	0.0	1.835E-4	7.248E-4	0.0059108	0.0077455	0.0127685	0.0203725	0.0313813	0.0302274	0.0435278	0.0444814	0.0297947	0.0322734	0.0232026	0.0135496	0.011778	0.0118179	0.0081301	0.0057359	0.0040789	0.0031353	0.005154	0.0037426	0.0026565	0.0024281	0.0030166	
アカアシシギ (<em class="sci">Tringa totanus</em>)	0.0055179	0.008058	0.00538	0.0044129	0.0043329	0.003365	0.0030733	0.0027039	0.0042553	0.0055954	0.0062402	0.0033453	0.0017889	0.002611	0.0026644	0.0050233	0.0047666	0.0031672	0.0016042	0.002252	0.0017388	0.0013238	4.115E-4	0.0011007	9.664E-4	0.001612	0.0024896	0.0028375	0.0052386	0.0061642	0.009706	0.0114047	0.0166508	0.0197797	0.0249169	0.0158497	0.0090331	0.0033882	0.0060827	0.0045953	0.0061556	0.0027192	0.0036304	0.0038655	0.0060595	0.0036053	0.0065372	0.0033398	
コキアシシギ (<em class="sci">Tringa flavipes</em>)	0.0	0.0	0.0	0.0	0.0	0.0	0.0	0.0	0.0	0.0	0.0	1.287E-4	0.0	0.0	0.0	0.0	0.0015	0.0	0.0	0.0	0.0	0.0	0.0	0.0	0.0	0.0	0.0	0.0	0.0	0.0	0.0	1.901E-4	0.0	2.504E-4	0.0	0.0015	0.0	0.0	0.0	0.0	0.0	0.0	0.0	0.0	0.0	0.0	0.0	0.0	
カラフトアオアシシギ (<em class="sci">Tringa guttifer</em>)	0.0	0.0	0.0	0.0	0.0	0.0	0.0	0.0	0.0	0.0	0.0	1.287E-4	0.0	0.0	0.0	1.196E-4	1.402E-4	0.0	0.0	0.0	0.0	0.0	0.0	0.0	0.0	0.0	0.0	0.0	0.0	0.0	0.0	7.603E-4	4.757E-4	0.002003	0.0026103	0.0013072	2.053E-4	1.613E-4	3.476E-4	1.178E-4	0.0	0.0	0.0	0.0	0.0	0.0	0.0	0.0	
ツルシギ (<em class="sci">Tringa erythropus</em>)	7.524E-4	0.0017459	0.001345	7.675E-4	7.646E-4	6.962E-4	2.927E-4	7.115E-4	0.0018003	0.0026228	0.0046802	0.0036027	0.0022768	0.0030717	0.0022437	0.0039469	0.004346	0.0035803	7.292E-4	2.252E-4	0.0	0.0	0.0	0.0	0.0	0.0	0.0	2.027E-4	2.91E-4	0.0	5.546E-4	5.702E-4	0.0021408	0.0025038	0.0073564	0.0088235	0.0071854	0.0046789	0.0057351	0.004124	0.0019586	0.0022094	0.0011551	0.0012885	7.129E-4	0.0018975	0.0011207	0.0010774	
アオアシシギ (<em class="sci">Tringa nebularia</em>)	0.0174317	0.0179962	0.0170814	0.0141021	0.0138907	0.0125319	0.0128787	0.0112424	0.011784	0.0138136	0.0154273	0.0129954	0.011384	0.0162801	0.0141635	0.0282263	0.0246741	0.0238226	0.0129794	0.0079946	0.0027821	0.0022693	0.0014403	0.0025683	0.0031409	0.0026867	0.0099585	0.0166194	0.0229919	0.0327823	0.0488075	0.0608249	0.0589914	0.0520781	0.062411	0.0493464	0.029768	0.0248467	0.0265902	0.0274538	0.0230834	0.018015	0.0176568	0.0170081	0.0162181	0.0129032	0.0136347	0.0147598	
オオキアシシギ (<em class="sci">Tringa melanoleuca</em>)	0.0016303	5.372E-4	4.035E-4	6.715E-4	0.0	0.0	0.0	1.423E-4	0.0	0.0	0.0	0.0	0.0	0.0	0.0	0.0	0.0	0.0	0.0	0.0	0.0	0.0	0.0	0.0	0.0	0.0	0.0	0.0	0.0	0.0	0.0	0.0	0.0	0.0	0.0	0.0	0.0	0.0	0.0	0.0	1.399E-4	1.7E-4	4.95E-4	0.0015	0.0015	1.898E-4	0.0015	2.155E-4	
クサシギ属 (<em class="sci">Tringa sp.</em>)	0.0	0.0	0.0	0.0	0.0	0.0	0.0	0.0	0.0	0.0	0.0	2.573E-4	0.0	0.0	0.0	0.0	0.0	0.0	0.0	0.0	0.0	0.0	0.0	0.0	0.0	0.0	0.0	0.0	0.0	0.0	0.0	0.0	0.0	0.0	0.0	0.0	2.053E-4	1.613E-4	0.0	0.0	0.0	0.0	0.0	0.0	0.0	0.0	0.0	0.0	
キョウジョシギ (<em class="sci">Arenaria interpres</em>)	0.0028844	0.0025517	0.004035	0.0018227	0.0028036	0.0011604	0.0023416	0.0019923	0.0037643	0.0041965	0.0053735	0.002316	0.004391	0.0076793	0.0134623	0.0338476	0.0493481	0.0571468	0.0420009	0.015201	0.0034777	0.001702	8.23E-4	0.0011007	0.0016912	0.0024181	0.002213	0.0079043	0.0174622	0.0173718	0.0332779	0.0296522	0.0275928	0.0227842	0.0192216	0.0099673	0.0041059	0.0043562	0.0074731	0.0035348	0.0029379	0.0025493	0.0044554	0.0020616	0.0014258	0.0026565	0.0029884	0.0019392	
オバシギ (<em class="sci">Calidris tenuirostris</em>)	1.254E-4	0.0	0.0	0.0	0.0	0.0	0.0	0.0	1.637E-4	0.0	0.0	3.86E-4	0.0029273	0.0053755	0.0053288	0.0065782	0.0081312	0.0042688	0.0039376	0.0010134	6.955E-4	0.0015	0.0	3.669E-4	4.832E-4	5.373E-4	5.533E-4	0.0018241	0.0040745	0.0053236	0.0127565	0.0264208	0.0264034	0.0242864	0.0220693	0.0191176	0.0088278	0.0038722	0.0064303	0.0018852	0.0023783	1.7E-4	1.65E-4	0.0	0.0	0.0	1.868E-4	0.0	
コオバシギ (<em class="sci">Calidris canutus</em>)	0.0	1.343E-4	1.345E-4	9.59E-5	0.0	0.0	0.0015	4.269E-4	0.0	1.749E-4	0.0	0.0	6.505E-4	6.143E-4	0.0011219	0.0041861	0.0030843	0.0015147	5.833E-4	3.378E-4	0.0	1.891E-4	0.0	1.835E-4	2.416E-4	0.0	0.0	0.0	2.91E-4	0.0015	0.0038824	0.0055123	0.0076118	0.010015	0.0121025	0.0078431	0.0028742	0.0016134	0.0033021	0.0011783	0.0016788	1.7E-4	3.3E-4	1.288E-4	3.564E-4	0.0	0.0	1.077E-4	
雑種 オバシギ ｘ アライソシギ (<em class="sci">Calidris tenuirostris x virgata</em>)	1.254E-4	0.0	0.0	0.0	0.0	0.0015	0.0	0.0	0.0	0.0	0.0	0.0	0.0	0.0	0.0	1.196E-4	0.0	0.0	0.0	0.0	0.0	0.0	0.0	0.0	0.0	0.0	0.0	0.0	0.0	0.0015	0.0	1.901E-4	2.379E-4	2.504E-4	0.0	0.0	0.0	0.0	0.0	0.0	0.0	0.0	0.0	0.0	0.0	0.0	0.0	0.0	
エリマキシギ (<em class="sci">Calidris pugnax</em>)	3.762E-4	6.715E-4	4.035E-4	1.919E-4	5.097E-4	4.641E-4	2.927E-4	0.0	1.637E-4	5.246E-4	6.934E-4	0.0016727	4.879E-4	0.0019966	4.207E-4	0.0032293	0.0019627	2.754E-4	0.0	1.126E-4	0.0	0.0	0.0	0.0	0.0	0.0015	0.0	4.054E-4	0.0011641	8.406E-4	0.0027732	0.0127352	0.0166508	0.0142714	0.0121025	0.0107843	0.0065695	0.0040336	0.004171	0.0021209	9.793E-4	8.498E-4	3.3E-4	6.442E-4	0.0014258	7.59E-4	5.603E-4	8.619E-4	
キリアイ (<em class="sci">Calidris falcinellus</em>)	0.0	0.0	0.0	0.0	0.0	0.0	0.0	0.0	0.0	0.0	0.0	0.0	0.0	3.072E-4	1.402E-4	0.0013156	8.412E-4	8.262E-4	1.458E-4	6.756E-4	0.0	0.0	0.0	0.0	0.0	0.0	0.0	0.0	2.91E-4	8.406E-4	0.0047144	0.0106444	0.0121313	0.0095143	0.0113906	0.0062092	0.0030794	8.067E-4	0.0015641	1.178E-4	1.399E-4	0.0	1.65E-4	0.0	0.0	0.0	0.0	0.0	
ウズラシギ (<em class="sci">Calidris acuminata</em>)	0.0	1.343E-4	2.69E-4	1.919E-4	0.0	0.0	0.0	0.0	0.0	0.0	3.467E-4	3.86E-4	0.0017889	0.0039932	0.0043472	0.0102859	0.0092528	0.0071606	0.0048126	0.003378	5.216E-4	0.0	0.0	0.0	0.0	0.0	0.0	6.08E-4	0.0026193	0.0030821	0.0016639	0.0083634	0.0104662	0.0087631	0.0064072	0.0058824	0.0051324	0.006615	0.0059089	0.0031813	0.0030778	0.0023793	0.0016502	3.865E-4	5.347E-4	1.898E-4	1.868E-4	0.0	
サルハマシギ (<em class="sci">Calidris ferruginea</em>)	0.0	0.0	0.0	0.0	0.0	0.0	0.0	0.0	0.0	0.0	1.733E-4	2.573E-4	1.626E-4	9.215E-4	0.0014023	0.0022725	0.0025235	0.002341	0.0010209	0.0010134	5.216E-4	0.0	0.0	0.0	0.0	0.0	2.766E-4	2.027E-4	2.91E-4	0.0011208	5.546E-4	0.0015206	0.0028544	0.0035053	0.0011865	0.0014706	8.212E-4	3.227E-4	0.0	0.0	0.0	0.0	0.0	0.0	0.0	0.0	0.0	0.0	
アシナガシギ (<em class="sci">Calidris himantopus</em>)	0.0	0.0	0.0	0.0	0.0	0.0	0.0	0.0	0.0	0.0	0.0	0.0	0.0	0.0	0.0	0.0	0.0	0.0	0.0	0.0	0.0	0.0	0.0	0.0	0.0	0.0	0.0	0.0	0.0	0.0	0.0	1.901E-4	0.0	0.0	0.0	3.268E-4	4.106E-4	0.0	0.0	0.0	0.0	0.0	0.0	0.0	0.0	0.0	0.0	0.0	
オジロトウネン (<em class="sci">Calidris temminckii</em>)	0.0057687	0.0038947	0.0033625	0.0035495	0.0025487	0.0022047	0.0024879	0.0017077	0.002455	0.0027977	0.0039868	0.0033453	0.002602	0.0056827	0.0025242	0.0031097	0.0015421	0.0011016	1.458E-4	3.378E-4	0.0	0.0	0.0	0.0	0.0	0.0	0.0015	0.0015	0.0015	0.0019613	0.0033278	0.0060825	0.0095147	0.006009	0.0083056	0.0081699	0.0073907	0.0083898	0.0066041	0.0058914	0.0060157	0.0040789	0.0034653	0.0055405	0.0039209	0.0032258	0.0048562	0.0062487	
ヒバリシギ (<em class="sci">Calidris subminuta</em>)	0.004013	0.0041633	0.003497	0.002878	0.0033134	0.0034811	0.002927	0.00185	0.002455	0.0041965	0.0043335	0.0029593	0.001301	0.0035325	0.001823	0.0053821	0.0040656	0.0038557	0.00175	5.63E-4	0.0015	0.0	0.0	0.0	0.0	0.001612	5.533E-4	0.0018241	0.0058207	0.011768	0.0169163	0.0287018	0.0299715	0.0212819	0.02729	0.0125817	0.0067748	0.0080671	0.0074731	0.0058914	0.0060157	0.0047587	0.0029703	0.004252	0.0046338	0.0018975	0.0031752	0.0031243	
トウネン (<em class="sci">Calidris ruficollis</em>)	0.0025082	0.002686	0.002959	0.0021105	0.0034408	0.0012764	0.0014635	0.00185	0.0021277	8.743E-4	0.0032935	0.002702	0.0045536	0.0061434	0.0068714	0.0199737	0.0278985	0.0318094	0.0275631	0.010134	0.0024344	5.673E-4	4.115E-4	7.338E-4	9.664E-4	0.0013434	0.0016598	0.0111471	0.0192084	0.0204539	0.0435385	0.0729899	0.0946717	0.0813721	0.0785477	0.0606209	0.0320263	0.0212972	0.0210288	0.0106045	0.0053162	0.003569	0.0047855	0.0021904	0.0026733	0.0013283	0.003362	0.0022624	
ヘラシギ (<em class="sci">Calidris pygmaea</em>)	0.0	0.0	0.0	0.0	0.0	0.0	0.0	0.0	0.0	0.0	0.0	0.0	0.0	0.0015	0.0	0.0	4.206E-4	1.377E-4	0.0	0.0	0.0	0.0	0.0	0.0	0.0	0.0	0.0	0.0	0.0	0.0015	0.0	3.802E-4	0.0011893	0.0012519	2.373E-4	6.536E-4	0.0010265	8.067E-4	1.738E-4	0.0	0.0	0.0	0.0	0.0	0.0	0.0	0.0	0.0	
コモンシギ (<em class="sci">Calidris subruficollis</em>)	0.0	0.0	0.0	0.0	0.0	0.0	0.0	0.0	0.0	0.0	0.0	0.0	0.0	0.0	0.0	0.0	0.0	0.0	0.0	1.126E-4	0.0	0.0	0.0	0.0	0.0	0.0	0.0	0.0	0.0	0.0	0.0	0.0	0.0011893	0.0012519	4.746E-4	8.17E-4	2.053E-4	0.0	0.0	0.0	0.0	1.7E-4	0.0	0.0	0.0	0.0	0.0	0.0	
ミユビシギ (<em class="sci">Calidris alba</em>)	0.0100326	0.0061778	0.004573	0.0053722	0.0057347	0.0041773	0.0046832	0.0037	0.0036007	0.0068194	0.0078003	0.0056613	0.0081314	0.007065	0.0072921	0.0089702	0.0098135	0.0090884	0.0072918	0.0018016	3.478E-4	0.0	0.0	7.338E-4	7.248E-4	0.0	0.0011065	0.0066883	0.0125146	0.0170916	0.0274542	0.0256605	0.02902	0.0297947	0.0289511	0.0222222	0.0121125	0.0109713	0.0112965	0.0089549	0.0076945	0.0064582	0.0069307	0.0064425	0.0071289	0.0062619	0.0065372	0.0074337	
ハマシギ (<em class="sci">Calidris alpina</em>)	0.0303486	0.0265915	0.0238063	0.0238872	0.0223015	0.0229752	0.0219523	0.020777	0.014239	0.0185347	0.015774	0.0151827	0.0162628	0.0175088	0.0215958	0.0272695	0.0318239	0.0322225	0.0205629	0.0040536	0.0	1.891E-4	6.173E-4	1.835E-4	4.832E-4	0.0015	0.002213	0.0028375	0.0040745	0.0033623	0.0080422	0.019578	0.0309229	0.0363045	0.0422402	0.0313725	0.0188873	0.0216199	0.0265902	0.0303994	0.0274203	0.0232835	0.0244224	0.0243525	0.0208519	0.0246679	0.0291371	0.0271493	
チシマシギ (<em class="sci">Calidris ptilocnemis</em>)	0.0	1.343E-4	4.035E-4	4.797E-4	8.921E-4	6.962E-4	1.463E-4	5.692E-4	0.0013093	1.749E-4	5.2E-4	1.287E-4	0.0	0.0	0.0	0.0	1.402E-4	0.0	0.0	0.0	0.0	0.0	0.0	0.0	0.0	0.0	0.0	0.0	0.0	0.0	0.0	0.0	0.0	0.0	0.0	0.0	0.0	0.0	0.0	0.0	0.0	0.0	3.3E-4	0.0	0.0	0.0	0.0015	3.232E-4	
ヒメウズラシギ (<em class="sci">Calidris bairdii</em>)	0.0	0.0	0.0	0.0	0.0	0.0	0.0	0.0	0.0	0.0	0.0	0.0	0.0	0.0	0.0	0.0	0.0	0.0	0.0	0.0	0.0	0.0	0.0	0.0	0.0	0.0	0.0	0.0	0.0	0.0	0.0	0.0	0.0	2.504E-4	0.0	0.0	0.0	0.0	1.738E-4	0.0	0.0	0.0	0.0	0.0	0.0	0.0	0.0	0.0	
ヨーロッパトウネン (<em class="sci">Calidris minuta</em>)	3.762E-4	4.029E-4	6.725E-4	9.59E-5	1.274E-4	0.0	1.463E-4	0.0	1.637E-4	1.749E-4	5.2E-4	1.287E-4	1.626E-4	4.608E-4	1.402E-4	0.0013156	9.814E-4	0.0015147	7.292E-4	2.252E-4	0.0	0.0	0.0	0.0	0.0	0.0	2.766E-4	0.0	0.0015	5.604E-4	0.0016639	0.0038016	0.0038059	0.0022534	0.0021357	9.804E-4	0.0014371	6.454E-4	5.214E-4	1.178E-4	1.399E-4	0.0	1.65E-4	0.0	0.0	0.0	5.603E-4	4.309E-4	
トウネン／ヨーロッパトウネン (<em class="sci">Calidris ruficollis/minuta</em>)	0.0	0.0	0.0	0.0	0.0	0.0	0.0	0.0	0.0	0.0	0.0	0.0	0.0	0.0	0.0	0.0	0.0	0.0	0.0	0.0	0.0	0.0	0.0	0.0	0.0	0.0	0.0	0.0	0.0	0.0	0.0	0.0	0.0015	0.0	4.746E-4	0.0	0.0	0.0	0.0	0.0	0.0	0.0	0.0	0.0	1.782E-4	0.0	0.0	0.0	
コシジロウズラシギ (<em class="sci">Calidris fuscicollis</em>)	0.0	0.0	0.0	0.0	0.0	0.0	0.0	0.0	0.0	0.0	0.0	0.0	0.0	0.0	0.0	0.0	0.0	0.0	0.0	0.0	0.0	0.0	0.0	0.0	0.0	0.0	0.0	0.0	0.0	0.001401	0.0016639	0.0	0.0	0.0	0.0	0.0	0.0	0.0	0.0	0.0	0.0	0.0	0.0	0.0	0.0	0.0	0.0	0.0	
アメリカヒバリシギ (<em class="sci">Calidris minutilla</em>)	0.0	0.0	0.0	0.0	0.0	0.0	0.0	0.0	0.0	0.0	0.0	0.0	0.0	1.536E-4	0.0	0.0	0.0	0.0	0.0	0.0	0.0	0.0	0.0	0.0	0.0	0.0	0.0	0.0	0.0	0.0	0.0	0.0	0.0	0.0	0.0	0.0	0.0	0.0	0.0	0.0	0.0	0.0	0.0	0.0	0.0	0.0	0.0	0.0	
アメリカウズラシギ (<em class="sci">Calidris melanotos</em>)	0.0	0.0	1.345E-4	0.0	1.274E-4	1.16E-4	1.463E-4	0.0	1.637E-4	1.749E-4	0.0	1.287E-4	0.0	1.536E-4	2.805E-4	7.176E-4	4.206E-4	1.377E-4	1.458E-4	0.0	0.0	0.0	0.0	0.0	0.0	0.0	0.0	2.027E-4	2.91E-4	8.406E-4	0.0022185	0.0013305	0.0016651	0.0012519	0.0016611	0.0017974	0.0018477	0.0022588	0.0015641	5.891E-4	1.399E-4	0.0	0.0015	0.0	0.0	0.0	0.0	0.0	
ヒメハマシギ (<em class="sci">Calidris mauri</em>)	0.0	0.0	0.0	0.0	0.0	0.0	1.463E-4	0.0	0.0	0.0	0.0	1.287E-4	9.758E-4	0.0	1.402E-4	1.196E-4	1.402E-4	1.377E-4	0.0	0.0	0.0	0.0	0.0	0.0	0.0	0.0	0.0	0.0	0.0	0.0	0.0	0.0015	4.757E-4	0.0015	0.0016611	4.902E-4	4.106E-4	0.0	0.0	1.178E-4	0.0	0.0	0.0	0.0	0.0	0.0	0.0	0.0	
オバシギ属（トウネンの種） (<em class="sci">Calidris sp. (peep sp.)</em>)	2.508E-4	1.343E-4	6.725E-4	5.756E-4	5.097E-4	1.16E-4	2.927E-4	4.269E-4	4.91E-4	3.497E-4	1.733E-4	3.86E-4	1.626E-4	6.143E-4	2.805E-4	1.196E-4	5.608E-4	0.0	0.0015	1.126E-4	1.739E-4	0.0	0.0	0.0	0.0	0.0015	0.0	2.027E-4	2.91E-4	2.802E-4	2.773E-4	5.702E-4	0.0014272	7.511E-4	9.492E-4	4.902E-4	0.0	6.454E-4	6.952E-4	8.248E-4	6.995E-4	3.399E-4	4.95E-4	6.442E-4	5.347E-4	7.59E-4	0.0011207	3.232E-4	
オバシギ属 (<em class="sci">Calidris sp.</em>)	1.254E-4	4.029E-4	2.69E-4	3.837E-4	1.274E-4	5.802E-4	0.0	2.846E-4	3.273E-4	1.749E-4	1.733E-4	0.0	0.0	7.679E-4	2.805E-4	4.784E-4	5.608E-4	1.377E-4	2.917E-4	1.126E-4	0.0	0.0	0.0	0.0	0.0	0.0	2.766E-4	0.0	2.91E-4	0.0015	0.0	7.603E-4	0.0015	0.0	9.492E-4	4.902E-4	2.053E-4	4.84E-4	1.738E-4	1.178E-4	0.0	0.0	1.65E-4	1.288E-4	0.0	0.0	0.0	3.232E-4	
シギ科 (<em class="sci">Scolopacidae sp.</em>)	0.0	0.0	1.345E-4	0.0	0.0	0.0	0.0	0.0	0.0	0.0	0.0	0.0	0.0	1.536E-4	0.0	0.0	1.402E-4	0.0015	0.0	0.0	0.0	0.0	0.0	0.0	0.0	0.0	0.0	0.0	0.0	2.802E-4	0.0	0.0	4.757E-4	0.0	0.0	0.0	0.0	0.0	1.738E-4	0.0	1.399E-4	0.0	0.0	0.0	0.0	0.0	0.0	0.0	
シギ科（大きなシギの種） (<em class="sci">Charadriiformes sp. (large shorebird sp.)</em>)	0.0	0.0	0.0	0.0	0.0	0.0	0.0	0.0	0.0	0.0	0.0	0.0	0.0	0.0	0.0	0.0	1.402E-4	0.0	0.0	0.0	0.0	0.0	0.0	0.0	0.0	0.0	0.0	0.0	0.0	0.0	0.0	0.0	0.0	0.0	0.0	0.0	0.0	0.0	0.0	0.0	0.0	0.0	0.0	0.0	0.0	0.0	0.0	0.0	
ミフウズラ (<em class="sci">Turnix suscitator</em>)	0.0	0.0	1.345E-4	9.59E-5	0.0	1.16E-4	0.0	0.0	0.0	0.0	8.667E-4	9.007E-4	4.879E-4	0.0015359	5.609E-4	0.0015548	1.402E-4	4.131E-4	0.0	4.504E-4	1.739E-4	5.673E-4	4.115E-4	0.0011007	9.664E-4	0.0018807	0.0011065	8.107E-4	2.91E-4	0.0011208	0.0024958	0.0011405	4.757E-4	0.0012519	0.0016611	0.0011438	4.106E-4	8.067E-4	0.0	3.535E-4	4.197E-4	0.0015	3.3E-4	2.577E-4	0.0	1.898E-4	0.0	0.0	
ツバメチドリ (<em class="sci">Glareola maldivarum</em>)	0.0	0.0	0.0	0.0	0.0	0.0	0.0	1.423E-4	0.0	1.749E-4	5.2E-4	0.001158	0.0039031	0.0027646	0.0025242	0.006339	0.0054675	0.0022032	0.0024792	0.0019142	0.0012172	0.0018911	0.0014403	0.0012842	0.0019328	0.0010747	0.0038728	0.0016214	0.0026193	0.0033623	0.0033278	0.0039916	0.003568	0.0017526	0.0033223	0.0011438	0.0014371	9.681E-4	3.476E-4	5.891E-4	1.399E-4	5.099E-4	4.95E-4	6.442E-4	0.0	0.0	0.0	0.0	
チドリ目 (<em class="sci">Charadriiformes sp. (shorebird sp.)</em>)	0.0015049	8.058E-4	2.69E-4	7.675E-4	3.823E-4	4.641E-4	4.39E-4	2.846E-4	6.547E-4	3.497E-4	8.667E-4	0.0014153	8.131E-4	0.0012287	0.0014023	0.0023921	0.0016823	0.0012393	0.0014584	0.0014638	8.694E-4	7.564E-4	0.0012346	7.338E-4	0.0014496	5.373E-4	5.533E-4	0.0022294	0.0020373	0.0019613	0.0027732	0.0030412	0.0016651	0.0025038	0.0021357	0.0021242	0.0016424	9.681E-4	0.0013903	9.426E-4	0.0011192	6.798E-4	6.601E-4	9.019E-4	8.911E-4	3.795E-4	9.339E-4	0.0014006	
シロハラトウゾクカモメ (<em class="sci">Stercorarius longicaudus</em>)	0.0	0.0	0.0	0.0	0.0	0.0	0.0	0.0	0.0	8.743E-4	6.934E-4	2.573E-4	0.0035778	0.0053755	0.0082737	0.0031097	0.0025235	4.131E-4	0.0023334	0.0010134	1.739E-4	0.0013238	2.058E-4	3.669E-4	4.832E-4	5.373E-4	5.533E-4	0.0	2.91E-4	8.406E-4	0.0015	0.0017107	4.757E-4	0.0010015	4.746E-4	0.0015	2.053E-4	1.613E-4	1.738E-4	0.0	1.399E-4	0.0	3.3E-4	1.288E-4	0.0	0.0	0.0	0.0	
クロトウゾクカモメ (<em class="sci">Stercorarius parasiticus</em>)	1.254E-4	0.0	0.0	0.0015	0.0	2.321E-4	1.463E-4	4.269E-4	0.0015	0.0	3.467E-4	1.287E-4	3.253E-4	3.072E-4	0.0037863	0.0020332	0.0015421	2.754E-4	0.0013125	0.0012386	8.694E-4	0.0015129	4.115E-4	0.0015	7.248E-4	0.0	5.533E-4	4.054E-4	0.0011641	0.0022415	0.0015	0.0011405	0.0023787	5.008E-4	9.492E-4	3.268E-4	0.002053	8.067E-4	0.0	3.535E-4	0.0011192	5.099E-4	1.65E-4	0.0015	1.782E-4	0.0	0.0	2.155E-4	
クロトウゾクカモメ／シロハラトウゾクカモメ (<em class="sci">Stercorarius longicaudus/parasiticus</em>)	0.0	0.0	0.0	0.0	0.0	0.0	0.0	0.0	0.0	0.0	0.0	0.0	0.0	0.0	0.0	0.0	0.0	0.0	0.0	0.0	0.0	0.0	0.0	0.0	0.0	0.0	0.0	0.0	2.91E-4	0.0	2.773E-4	0.0	0.0	0.0	0.0	0.0	0.0	0.0	0.0	0.0	0.0	0.0	0.0	0.0	0.0	0.0	0.0	0.0	
トウゾクカモメ (<em class="sci">Stercorarius pomarinus</em>)	1.254E-4	0.0015	8.07E-4	4.797E-4	0.0011469	8.123E-4	0.0011708	0.0029885	0.0021277	0.0015737	0.0015601	0.001158	0.0027647	0.0058363	0.0061702	0.0041861	0.0030843	0.0011016	0.0014584	0.0013512	0.0012172	7.564E-4	6.173E-4	0.0014676	7.248E-4	5.373E-4	0.0013831	0.0012161	8.731E-4	0.0033623	2.773E-4	9.504E-4	0.0026166	0.0015023	0.0014238	8.17E-4	0.0014371	0.0022588	0.0017379	0.0020031	0.0022384	0.0020394	0.0023102	0.0012885	3.564E-4	0.0	9.339E-4	0.0012928	
トウゾクカモメ／クロトウゾクカモメ (<em class="sci">Stercorarius parasiticus/pomarinus</em>)	0.0	0.0	0.0	0.0	0.0	0.0	0.0	1.423E-4	1.637E-4	3.497E-4	0.0	0.0	0.0	1.536E-4	0.0	0.0	1.402E-4	0.0	0.0	2.252E-4	1.739E-4	0.0	0.0	0.0	2.416E-4	2.687E-4	2.766E-4	2.027E-4	2.91E-4	8.406E-4	0.0	0.0	0.0	2.504E-4	0.0	1.634E-4	2.053E-4	1.613E-4	0.0	0.0	4.197E-4	1.7E-4	3.3E-4	0.0	0.0	0.0	0.0	1.077E-4	
オオトウゾクカモメ (<em class="sci">Stercorarius maccormicki</em>)	0.0	0.0	0.0	0.0	0.0	0.0	0.0	0.0	0.0	0.0	0.0	0.0	0.0	4.608E-4	7.012E-4	0.0021529	0.0012617	9.639E-4	4.375E-4	0.0010134	0.0013911	0.0024584	2.058E-4	0.0011007	0.001208	8.06E-4	8.299E-4	0.0010134	5.821E-4	5.604E-4	0.0	5.702E-4	4.757E-4	2.504E-4	2.373E-4	1.634E-4	0.0	1.613E-4	1.738E-4	0.0015	1.399E-4	0.0	0.0	0.0	0.0	0.0	0.0	0.0	
トウゾクカモメ／クロトウゾクカモメ／シロハラトウゾクカモメ (<em class="sci">Stercorarius sp. (jaeger sp.)</em>)	0.0	0.0	1.345E-4	0.0	0.0	0.0	0.0015	0.0	0.0	5.246E-4	1.733E-4	2.573E-4	4.879E-4	6.143E-4	9.816E-4	9.568E-4	0.0012617	5.508E-4	2.917E-4	1.126E-4	3.478E-4	9.455E-4	0.0015	0.0	0.0	5.373E-4	0.0	2.027E-4	5.821E-4	8.406E-4	0.0015	7.603E-4	7.136E-4	2.504E-4	4.746E-4	1.634E-4	4.106E-4	1.613E-4	5.214E-4	0.0015	1.399E-4	3.399E-4	1.65E-4	0.0	0.0	0.0015	0.0	1.077E-4	
トウゾクカモメ科 (<em class="sci">Stercorarius sp.</em>)	0.0	0.0	0.0	0.0	0.0	0.0	0.0	0.0	0.0	0.0	0.0	0.0	0.0	0.0	1.402E-4	0.0	0.0	0.0	0.0	0.0	0.0	0.0	0.0	0.0	0.0	0.0	0.0	0.0	0.0	0.0	0.0	0.0	0.0	0.0	0.0	0.0	0.0	0.0	0.0	0.0	0.0	0.0	0.0	0.0	0.0	0.0	0.0	0.0	
ウトウ (<em class="sci">Cerorhinca monocerata</em>)	5.016E-4	8.058E-4	5.38E-4	3.837E-4	0.0010195	0.0024368	0.0010244	0.0029885	0.0032733	0.0038468	0.0045068	0.0021873	0.0021142	0.0015359	0.002384	0.0052625	0.0084116	0.0055081	0.0070001	0.0074316	0.0184316	0.0172088	0.0109053	0.011741	0.0101474	0.0085975	0.0055325	0.008107	0.0046566	0.0039227	8.319E-4	0.0022809	0.0014272	0.0015023	7.119E-4	1.634E-4	6.159E-4	9.681E-4	0.0010428	0.0010604	0.0022384	0.0022094	0.0029703	6.442E-4	5.347E-4	0.0	1.868E-4	8.619E-4	
エトピリカ (<em class="sci">Fratercula cirrhata</em>)	0.0	0.0	2.69E-4	0.0	0.0	0.0	0.0	0.0	0.0	1.749E-4	0.0	1.287E-4	1.626E-4	0.0	1.402E-4	1.196E-4	1.402E-4	0.0015	0.0	4.504E-4	6.955E-4	0.0018911	0.0016461	9.173E-4	0.001208	0.001612	0.002213	0.0014187	0.0011641	0.0011208	2.773E-4	5.702E-4	0.0	5.008E-4	0.0	0.0	0.0	1.613E-4	0.0	0.0	0.0	0.0	0.0	0.0	0.0	0.0	0.0	1.077E-4	
ツノメドリ (<em class="sci">Fratercula corniculata</em>)	0.0	0.0	0.0	0.0	0.0	0.0	0.0	0.0	0.0	0.0	0.0	1.287E-4	0.0	0.0	0.0	0.0	0.0	0.0	0.0	0.0	0.0	3.782E-4	2.058E-4	1.835E-4	2.416E-4	8.06E-4	0.0011065	2.027E-4	0.0	0.0	0.0	0.0	0.0	0.0	0.0	0.0	0.0	0.0	0.0	0.0	0.0	0.0	0.0	1.288E-4	0.0	0.0	0.0	2.155E-4	
コウミスズメ (<em class="sci">Aethia pusilla</em>)	3.762E-4	0.0012087	8.07E-4	0.0011512	0.0014018	0.0029009	0.0048295	0.0054077	0.0032733	0.0020983	0.0020801	3.86E-4	0.0	0.0	1.402E-4	2.392E-4	0.0	0.0015	0.0015	0.0015	0.0	0.0015	0.0	0.0	0.0	0.0	0.0	0.0	0.0	0.0	0.0	0.0	0.0	0.0	0.0	0.0	0.0	0.0	0.0	0.0	1.399E-4	0.0	4.95E-4	0.0	0.0	1.898E-4	1.868E-4	6.464E-4	
エトロフウミスズメ (<em class="sci">Aethia cristatella</em>)	3.762E-4	4.029E-4	2.69E-4	3.837E-4	3.823E-4	0.0016245	0.0023416	0.0031308	0.002455	0.0031474	0.0017334	0.0010293	0.0	0.0	2.805E-4	1.196E-4	0.0	0.0015	0.0015	0.0015	1.739E-4	1.891E-4	4.115E-4	1.835E-4	0.0	0.0	0.0	0.0	0.0	0.0	0.0015	0.0	0.0	0.0	0.0	0.0	0.0	0.0	0.0	0.0	0.0	0.0	4.95E-4	1.288E-4	0.0	0.0	3.736E-4	5.387E-4	
ウミオウム (<em class="sci">Aethia psittacula</em>)	0.0	0.0	0.0	0.0	0.0	1.16E-4	0.0	0.0	1.637E-4	0.0	0.0	1.287E-4	0.0	0.0	0.0	0.0	0.0	0.0	0.0	1.126E-4	0.0	0.0	0.0	0.0	0.0	0.0	0.0	0.0	0.0	0.0	0.0	0.0	0.0	0.0	0.0	0.0	0.0	0.0	0.0	0.0	0.0	0.0	0.0	0.0	0.0	0.0	0.0	0.0	
エトロフウミスズメ属 (<em class="sci">Ptychoramphus/Aethia sp.</em>)	0.0	0.0	0.0	0.0	0.0	0.0	0.0	0.0015	0.0	0.0	0.0	0.0	0.0	0.0	1.402E-4	0.0	0.0	0.0	0.0	0.0	3.478E-4	0.0	0.0	0.0	0.0	0.0	0.0	0.0	0.0	0.0	0.0	0.0	0.0	0.0	0.0	0.0	0.0	0.0	0.0	0.0	0.0	0.0	0.0	0.0	0.0	0.0	0.0	0.0	
マダラウミスズメ (<em class="sci">Brachyramphus perdix</em>)	0.0	2.686E-4	4.035E-4	0.0	1.274E-4	5.802E-4	7.317E-4	7.115E-4	4.91E-4	1.749E-4	0.0	1.287E-4	1.626E-4	0.0	2.805E-4	0.0015	1.402E-4	0.0	0.0015	0.0	0.0015	3.782E-4	0.0015	0.0	0.0	0.0	0.0	0.0	0.0	0.0	0.0	0.0	2.379E-4	0.0	0.0	0.0	0.0	0.0	0.0	0.0	1.399E-4	0.0	1.65E-4	0.0	1.782E-4	0.0	0.0	2.155E-4	
ケイマフリ (<em class="sci">Cepphus carbo</em>)	0.0018811	0.004029	0.0072629	0.0092095	0.0094304	0.0139243	0.0162447	0.0146577	0.010802	0.0043714	0.0024268	0.001158	6.505E-4	3.072E-4	7.012E-4	0.001196	0.0028039	0.0019278	0.0036459	0.004504	0.0086941	0.006997	0.0067901	0.0058705	0.0055569	0.0064481	0.0027663	0.0054722	0.0029104	0.0019613	5.546E-4	0.0011405	7.136E-4	5.008E-4	2.373E-4	0.0	2.053E-4	0.0011294	3.476E-4	3.535E-4	8.394E-4	5.099E-4	0.0014851	0.0010308	0.0023169	0.0017078	0.003362	0.0038785	
ウミバト (<em class="sci">Cepphus columba</em>)	0.0013795	0.0024174	0.0039005	0.0022064	0.0044603	0.0046414	0.0071711	0.0074	0.0062193	0.002448	0.0013867	0.0010293	3.253E-4	0.0015	8.414E-4	5.98E-4	1.402E-4	1.377E-4	1.458E-4	4.504E-4	6.955E-4	5.673E-4	6.173E-4	3.669E-4	7.248E-4	8.06E-4	0.0	0.0	2.91E-4	5.604E-4	8.319E-4	0.0	2.379E-4	2.504E-4	0.0	0.0	0.0	8.067E-4	3.476E-4	0.0	5.596E-4	5.099E-4	9.901E-4	0.0010308	0.0010693	7.59E-4	0.0026149	0.001616	
ハシブトウミガラス (<em class="sci">Uria lomvia</em>)	0.0012541	0.0020145	0.001076	0.0020146	0.0025487	0.0030169	0.0039514	0.0044116	0.0027823	0.0034971	0.0013867	7.72E-4	9.758E-4	4.608E-4	5.609E-4	4.784E-4	4.206E-4	1.377E-4	5.833E-4	3.378E-4	1.739E-4	5.673E-4	8.23E-4	1.835E-4	0.0	5.373E-4	0.0	2.027E-4	0.0	2.802E-4	0.0	0.0	0.0	2.504E-4	0.0	0.0	0.0	3.227E-4	0.0	0.0	5.596E-4	5.099E-4	3.3E-4	2.577E-4	5.347E-4	0.0	0.0015	0.0022624	
ウミガラス (<em class="sci">Uria aalge</em>)	0.0013795	0.0020145	0.003497	0.0041251	0.0042054	0.0052216	0.0052685	0.0045539	0.0032733	0.0010491	0.0012134	1.287E-4	1.626E-4	3.072E-4	4.207E-4	0.0	7.01E-4	4.131E-4	7.292E-4	7.882E-4	0.0033038	0.0018911	0.0012346	0.002018	0.0021744	5.373E-4	0.0011065	8.107E-4	2.91E-4	2.802E-4	2.773E-4	5.702E-4	4.757E-4	0.0	0.0	0.0	0.0	3.227E-4	1.738E-4	2.357E-4	0.0	3.399E-4	9.901E-4	1.288E-4	0.0010693	1.898E-4	5.603E-4	0.0023702	
ウミガラス／ハシブトウミガラス (<em class="sci">Uria lomvia/aalge</em>)	3.762E-4	4.029E-4	1.345E-4	0.0015	0.0	8.123E-4	2.927E-4	1.423E-4	0.0	3.497E-4	3.467E-4	1.287E-4	0.0	0.0	0.0	0.0	0.0	0.0	0.0	0.0	1.739E-4	0.0	0.0015	1.835E-4	2.416E-4	0.0	0.0	0.0	0.0	0.0	2.773E-4	0.0	0.0	0.0	0.0	0.0	2.053E-4	3.227E-4	0.0	0.0	0.0	0.0	0.0	0.0	3.564E-4	0.0	1.868E-4	0.0	
ウミスズメ (<em class="sci">Synthliboramphus antiquus</em>)	0.0022573	0.0056406	0.0060525	0.0049885	0.0068816	0.0068461	0.0064393	0.00925	0.0057283	0.0045462	0.0039868	0.0020587	0.0014637	9.215E-4	0.0019633	0.0031097	0.0049068	0.0024787	0.0032084	0.0032654	0.0038254	0.003593	0.0022634	0.0016511	0.0014496	0.0010747	0.0013831	0.0016214	8.731E-4	5.604E-4	2.773E-4	9.504E-4	2.379E-4	5.008E-4	4.746E-4	0.0	0.0	8.067E-4	3.476E-4	7.07E-4	0.0011192	0.0018695	0.0021452	0.0014173	0.0010693	3.795E-4	0.0013074	0.0029089	
カンムリウミスズメ (<em class="sci">Synthliboramphus wumizusume</em>)	2.508E-4	6.715E-4	0.0017485	0.001439	0.0047152	0.0035971	0.0035124	0.0048385	0.0047463	0.0031474	0.0027734	0.002702	0.0030899	0.0027646	0.0044874	0.0050233	0.0053274	0.0022032	0.0040834	0.0010134	5.216E-4	0.0015129	0.0010288	0.002018	0.001208	0.0029554	0.0027663	0.0026348	5.821E-4	5.604E-4	0.0015	3.802E-4	4.757E-4	2.504E-4	0.0	1.634E-4	4.106E-4	1.613E-4	3.476E-4	1.178E-4	0.0	3.399E-4	0.0	0.0	3.564E-4	0.0	3.736E-4	0.0015	
マダラウミスズメ属／ウミスズメ属 (<em class="sci">Brachyramphus/Synthliboramphus sp.</em>)	2.508E-4	0.0015	2.69E-4	0.0	5.097E-4	3.481E-4	1.463E-4	9.962E-4	3.273E-4	6.994E-4	8.667E-4	0.0010293	6.505E-4	4.608E-4	9.816E-4	0.001196	8.412E-4	2.754E-4	4.375E-4	0.0015	5.216E-4	0.0011346	0.0015	0.0	7.248E-4	5.373E-4	2.766E-4	2.027E-4	2.91E-4	5.604E-4	0.0015	0.0015	0.0	0.0	0.0	4.902E-4	0.0	0.0	1.738E-4	0.0	0.0	6.798E-4	4.95E-4	0.0	1.782E-4	0.0	0.0	2.155E-4	
ウミスズメ科 (<em class="sci">Alcidae sp.</em>)	1.254E-4	6.715E-4	4.035E-4	2.878E-4	3.823E-4	3.481E-4	2.927E-4	9.962E-4	9.82E-4	0.0015	5.2E-4	1.287E-4	1.626E-4	1.536E-4	5.609E-4	2.392E-4	7.01E-4	0.0	1.458E-4	3.378E-4	0.0	3.782E-4	0.0015	0.0	2.416E-4	2.687E-4	0.0	2.027E-4	0.0	0.0	0.0	0.0	0.0	0.0	4.746E-4	0.0	0.0	1.613E-4	1.738E-4	0.0	0.0	1.7E-4	1.65E-4	1.288E-4	1.782E-4	0.0	5.603E-4	2.155E-4	
ヒメカモメ (<em class="sci">Hydrocoloeus minutus</em>)	0.0	0.0	0.0	2.878E-4	0.0	1.16E-4	0.0	2.846E-4	3.273E-4	0.001224	0.0	0.0	0.0	0.0	0.0	0.0	0.0	0.0	0.0	0.0	0.0	0.0	0.0	0.0	0.0	0.0	0.0	0.0	0.0	0.0	0.0	0.0	0.0	0.0	0.0	0.0	0.0	0.0	0.0	0.0	0.0	0.0	0.0	0.0	0.0	0.0	0.0	0.0	
ヒメクビワカモメ (<em class="sci">Rhodostethia rosea</em>)	1.254E-4	0.0	1.345E-4	4.797E-4	1.274E-4	0.0	0.0	0.0	0.0015	0.0	0.0	0.0	0.0	0.0	0.0	0.0	0.0	0.0	0.0	0.0	0.0	0.0	0.0	0.0	0.0	0.0	0.0	0.0	0.0	0.0	0.0	0.0	0.0	0.0	0.0	0.0	0.0	0.0	0.0	0.0	0.0	0.0	0.0	1.288E-4	0.0015	3.795E-4	0.0	6.464E-4	
ミツユビカモメ (<em class="sci">Rissa tridactyla</em>)	0.0018811	0.002686	0.003766	0.0035495	0.0035682	0.006498	0.0039514	0.009677	0.007365	0.0085679	0.0046802	0.0032167	0.002602	4.608E-4	0.0014023	0.0010764	0.0022431	2.754E-4	1.458E-4	7.882E-4	0.0026082	0.0045386	0.0037037	0.0025683	7.248E-4	5.373E-4	0.0015	2.027E-4	8.731E-4	5.604E-4	0.0015	1.901E-4	0.0011893	0.0010015	9.492E-4	4.902E-4	0.0024636	0.0050016	0.0022593	0.004124	0.0062955	0.0057784	0.0084158	0.0038655	0.0035644	0.0034156	0.0042959	0.00571	
アカアシミツユビカモメ (<em class="sci">Rissa brevirostris</em>)	0.0	1.343E-4	0.0	9.59E-5	0.0015	0.0	0.0	0.0	0.0	0.0	0.0	0.0	0.0	0.0	0.0	0.0	0.0	0.0	0.0	0.0	0.0	0.0	0.0	0.0	0.0	0.0	0.0	0.0	0.0	0.0	0.0	0.0	0.0	0.0	0.0	0.0015	6.159E-4	4.84E-4	0.0	3.535E-4	8.394E-4	3.399E-4	0.0	0.0	1.782E-4	0.0	0.0	1.077E-4	
ゾウゲカモメ (<em class="sci">Pagophila eburnea</em>)	0.0	0.0	0.0	0.0	0.0	0.0	0.0	0.0	0.0	0.0	0.0	0.0	0.0	0.0	0.0	0.0	0.0	0.0	0.0	0.0	0.0	0.0	0.0	0.0	0.0	0.0	0.0	0.0	0.0	0.0	0.0	0.0	0.0	0.0	0.0	0.0	0.0	0.0	0.0	0.0	1.399E-4	0.0	0.0	0.0	0.0	0.0	0.0	0.0	
クビワカモメ (<em class="sci">Xema sabini</em>)	0.0	0.0	0.0	0.0	0.0	0.0	0.0	0.0	0.0	0.0	0.0	0.0	0.0	0.0	0.0	0.0	0.0	0.0	0.0	0.0	0.0	0.0	0.0	0.0	0.0	0.0	0.0	0.0	0.0	0.0	0.0	0.0	0.0	0.0	0.0	0.0	0.0	0.0	0.0	0.0	0.0	0.0	0.0	5.154E-4	3.564E-4	0.0	0.0	0.0	
ズグロカモメ (<em class="sci">Saundersilarus saundersi</em>)	0.0154251	0.0154445	0.0138534	0.0121834	0.0129986	0.0109074	0.0106834	0.0102462	0.008347	0.0150376	0.0084937	0.0043747	0.0035778	0.0023038	8.414E-4	0.0027509	0.0028039	0.0020655	5.833E-4	6.756E-4	1.739E-4	0.0	0.0015	0.0015	2.416E-4	0.0	0.0	2.027E-4	0.0015	0.0	5.546E-4	9.504E-4	7.136E-4	0.0012519	9.492E-4	0.0019608	6.159E-4	1.613E-4	1.738E-4	9.426E-4	0.0029379	0.0045887	0.0075908	0.0073444	0.0090893	0.0100569	0.0128876	0.0106658	
ハシボソカモメ (<em class="sci">Chroicocephalus genei</em>)	0.0	0.0	0.0	0.0	1.274E-4	0.0	0.0	0.0	0.0	0.0015	0.0	0.0	0.0	0.0	0.0	0.0	0.0	0.0	0.0	0.0	0.0	0.0	0.0	0.0	0.0	0.0	0.0	0.0	0.0	0.0	0.0	0.0	0.0	0.0	0.0	0.0	0.0	0.0	0.0	0.0	0.0	0.0	0.0	0.0	0.0	0.0	0.0	0.0	
ギンカモメ (<em class="sci">Chroicocephalus novaehollandiae</em>)	0.0	0.0	0.0	0.0	0.0	0.0	0.0	0.0	0.0	0.0	0.0	0.0	0.0	0.0	0.0	0.0	0.0	0.0	0.0	0.0	0.0	0.0	0.0	1.835E-4	0.0	0.0	0.0	0.0	0.0	0.0	0.0	0.0	0.0	0.0	0.0	0.0	0.0	0.0	0.0	0.0	0.0	0.0	0.0	0.0	0.0	0.0	0.0	0.0	
ユリカモメ (<em class="sci">Chroicocephalus ridibundus</em>)	0.1131176	0.1027397	0.0856759	0.0855718	0.077227	0.0731028	0.0715645	0.0742849	0.0687398	0.0795594	0.0644826	0.0683222	0.0679785	0.0625096	0.0588978	0.0455687	0.0255152	0.015285	0.0131253	0.008445	0.0031299	0.0028366	0.0034979	0.0027518	0.0019328	8.06E-4	0.0024896	0.0060803	0.0093132	0.0075651	0.0074875	0.0157765	0.0107041	0.0107661	0.0087803	0.0145425	0.0168343	0.0332365	0.0389294	0.0503122	0.0835199	0.0849762	0.0958746	0.0958639	0.0926751	0.0954459	0.1144938	0.1140918	
チャガシラカモメ (<em class="sci">Chroicocephalus brunnicephalus</em>)	0.0	0.0	0.0	0.0	0.0	0.0	0.0	0.0	4.91E-4	0.001224	0.0	0.0	0.0	0.0	0.0	0.0	0.0	0.0	0.0	0.0	0.0	0.0	0.0	0.0	0.0	0.0	0.0	0.0	0.0	0.0	0.0	0.0	0.0	0.0	0.0	0.0	0.0	0.0	0.0	0.0	0.0	0.0	0.0	0.0	0.0	0.0	0.0	0.0	
ワライカモメ (<em class="sci">Leucophaeus atricilla</em>)	0.0	0.0	0.0	0.0	0.0	0.0	0.0	0.0	0.0	0.0	0.0	0.0	0.0	0.0	0.0	0.0	0.0	0.0	0.0	2.252E-4	0.0	1.891E-4	0.0	3.669E-4	2.416E-4	0.0	0.0	2.027E-4	0.0	0.0	2.773E-4	5.702E-4	0.0	0.0	4.746E-4	1.634E-4	0.0	1.613E-4	1.738E-4	0.0	0.0	0.0	0.0	0.0	0.0	0.0	0.0	0.0	
アメリカズグロカモメ (<em class="sci">Leucophaeus pipixcan</em>)	0.0	0.0	0.0	0.0	0.0	0.0	0.0	0.0	0.0	0.0	0.0	0.0	0.0	0.0	0.0	0.0	0.0	0.0	0.0	0.0	0.0	0.0	0.0	0.0	0.0	0.0	0.0	0.0	0.0	0.0	0.0	0.0	0.0	0.0	0.0	0.0	0.0	0.0	0.0	0.0	1.399E-4	0.0	0.0	0.0	0.0	0.0	0.0	0.0	
オオズグロカモメ (<em class="sci">Ichthyaetus ichthyaetus</em>)	1.254E-4	2.686E-4	0.0	0.0	3.823E-4	1.16E-4	0.0	0.0015	0.0	0.0	0.0	0.0	0.0015	0.0	0.0	0.0	0.0	0.0	0.0	0.0	0.0	0.0	0.0	0.0	0.0	0.0	0.0	0.0	0.0	0.0	0.0	0.0	0.0	0.0	0.0	0.0	0.0	0.0	0.0	0.0	0.0	0.0	0.0	0.0	0.0	1.898E-4	1.868E-4	2.155E-4	
ウミネコ (<em class="sci">Larus crassirostris</em>)	0.0344871	0.0275316	0.0332213	0.0286838	0.0391232	0.0428174	0.0400995	0.0537925	0.0553191	0.0655709	0.0492286	0.0482501	0.0466743	0.0496084	0.0555322	0.0691305	0.0979952	0.0711925	0.0759807	0.0659836	0.0848548	0.0741301	0.0722222	0.0761328	0.0877023	0.0838259	0.1015214	0.117957	0.1309662	0.1196414	0.1347754	0.1288728	0.1227402	0.110666	0.1179402	0.1091503	0.1030589	0.1084221	0.092805	0.080476	0.0685506	0.0708702	0.0627063	0.0488339	0.0399216	0.0347249	0.0343668	0.0404008	
カモメ (<em class="sci">Larus canus</em>)	0.0156759	0.0166532	0.0207128	0.0264774	0.029438	0.0308656	0.034831	0.0391348	0.0330606	0.0279769	0.0228809	0.0168554	0.0128476	0.0096759	0.0081335	0.0066978	0.0054675	0.0022032	7.292E-4	5.63E-4	6.955E-4	9.455E-4	6.173E-4	1.835E-4	2.416E-4	2.687E-4	2.766E-4	0.0015	0.0	2.802E-4	5.546E-4	5.702E-4	7.136E-4	0.0010015	9.492E-4	0.0022876	0.0059536	0.0053243	0.0046924	0.006834	0.0106323	0.0124065	0.0165017	0.0128849	0.0101586	0.0102467	0.0164363	0.020362	
コカモメ (<em class="sci">Larus brachyrhynchus</em>)	0.0	0.0	0.0	0.0	0.0	0.0	0.0	0.0	0.0	1.749E-4	1.733E-4	0.0	0.0	0.0	0.0	0.0	0.0	0.0	0.0	0.0	0.0	0.0	0.0	0.0	0.0	0.0	0.0	0.0	0.0	0.0	0.0	0.0	0.0	0.0	0.0	0.0	0.0	0.0	0.0	0.0	0.0	0.0	0.0	0.0	0.0	0.0	0.0	0.0	
クロワカモメ (<em class="sci">Larus delawarensis</em>)	0.0	0.0	1.345E-4	0.0	0.0	0.0	0.0	0.0	1.637E-4	0.0015	0.0	0.0	0.0	0.0	0.0	0.0	0.0	0.0	0.0	0.0	0.0	0.0	0.0	0.0	0.0	0.0	0.0	0.0	0.0	0.0	0.0	0.0	0.0	0.0	0.0	0.0	0.0	0.0	0.0	0.0	0.0	0.0	0.0	0.0	0.0	0.0	0.0	0.0	
アメリカオオセグロカモメ (<em class="sci">Larus occidentalis</em>)	0.0	0.0	2.69E-4	0.0	2.549E-4	0.0	0.0	0.0	0.0	0.0	1.733E-4	0.0	0.0	1.536E-4	1.402E-4	0.0	0.0	0.0	0.0	0.0	0.0	0.0	0.0	0.0	0.0	2.687E-4	2.766E-4	2.027E-4	0.0	0.0	2.773E-4	3.802E-4	2.379E-4	0.0	0.0015	0.0	0.0	0.0	0.0	0.0	0.0	0.0	3.3E-4	0.0	0.0	0.0	0.0	0.0	
アメリカセグロカモメ (<em class="sci">Larus smithsonianus</em>)	0.0	0.0	1.345E-4	9.59E-5	1.274E-4	2.321E-4	5.854E-4	2.846E-4	1.637E-4	3.497E-4	1.733E-4	0.0	0.0	0.0	0.0	0.0	0.0	0.0	0.0	0.0	0.0	0.0	0.0	0.0	0.0	0.0	0.0	0.0	0.0	0.0	0.0	0.0	0.0	0.0	0.0	0.0	0.0	0.0	0.0015	0.0	0.0	0.0	0.0	0.0	0.0	0.0	0.0	0.0015	
セグロカモメ (<em class="sci">Larus vegae</em>)	0.0466516	0.0453935	0.0427707	0.0416347	0.0503377	0.0509399	0.0475633	0.0455386	0.0420622	0.0428397	0.033628	0.0288214	0.0206538	0.0175088	0.0190717	0.0123191	0.0070097	0.0042688	0.00175	0.0012386	8.694E-4	1.891E-4	6.173E-4	5.504E-4	9.664E-4	0.0	2.766E-4	6.08E-4	0.0014552	0.0016811	0.0016639	0.0017107	0.0014272	0.0047571	0.0028477	0.0091503	0.0164237	0.0116167	0.0187696	0.0219159	0.0337157	0.0273623	0.0344884	0.0368509	0.0333274	0.0333966	0.0401569	0.0452489	
モンゴルセグロカモメ (<em class="sci">Larus mongolicus</em>)	1.254E-4	9.401E-4	9.415E-4	3.837E-4	0.0019116	0.0012764	0.0021952	9.962E-4	6.547E-4	3.497E-4	5.2E-4	1.287E-4	9.758E-4	1.536E-4	0.0015	1.196E-4	0.0	0.0	0.0	0.0	0.0	0.0	0.0	0.0	0.0	0.0	0.0	0.0	0.0	0.0	0.0	0.0	2.379E-4	2.504E-4	0.0	0.0	0.0015	0.0	3.476E-4	0.0	1.399E-4	1.7E-4	1.65E-4	0.0	0.0015	0.0	3.736E-4	5.387E-4	
セグロカモメ／モンゴルセグロカモメ (<em class="sci">Larus vegae/mongolicus</em>)	0.0346125	0.0320978	0.0314728	0.031274	0.0280362	0.0333024	0.0310259	0.0419809	0.0423895	0.0503585	0.0393482	0.0303654	0.0278094	0.0245738	0.0183705	0.015668	0.013739	0.0045442	0.0040834	0.003941	0.0013911	0.0024584	0.0024691	5.504E-4	0.002416	8.06E-4	0.0019364	0.0014187	0.0029104	0.0025217	0.0036051	0.0053222	0.0045195	0.0075113	0.008543	0.0119281	0.0114966	0.0198451	0.0224192	0.0206198	0.0197258	0.0243032	0.0217822	0.0234506	0.028159	0.0309298	0.0379156	0.0309201	
シロカモメ (<em class="sci">Larus hyperboreus</em>)	0.0091548	0.0115498	0.0192334	0.0213929	0.0243405	0.0312137	0.0276599	0.0334424	0.0289689	0.0136387	0.0090137	0.004246	0.0061799	0.0030717	0.0022437	0.0035881	0.0023833	6.885E-4	5.833E-4	0.0014638	6.955E-4	0.0011346	0.0010288	1.835E-4	0.0	2.687E-4	2.766E-4	0.0	0.0	0.0	2.773E-4	0.0	0.0011893	2.504E-4	4.746E-4	4.902E-4	0.0036953	0.0054856	0.0038234	0.0038883	0.0078344	0.0110469	0.0108911	0.0061848	0.0069506	0.0066414	0.0102727	0.0117432	
雑種 セグロカモメ x シロカモメ (<em class="sci">Larus vegae x hyperboreus</em>)	0.0015	0.0	1.345E-4	9.59E-5	3.823E-4	3.481E-4	4.39E-4	4.269E-4	0.0	0.0	0.0	0.0015	0.0015	0.0	0.0	0.0	0.0	0.0	0.0	0.0	0.0	0.0	0.0	0.0	0.0	0.0	0.0	0.0	0.0	0.0	0.0	0.0	0.0	0.0	0.0	0.0	0.0	0.0	0.0	0.0	1.399E-4	0.0	0.0	0.0	0.0	0.0	0.0	1.077E-4	
ニシセグロカモメ (<em class="sci">Larus fuscus</em>)	0.0038876	0.0047005	0.003497	0.0033576	0.0084109	0.0073103	0.0084882	0.0069731	0.0052373	0.0066445	0.0052002	0.0036027	0.0032526	0.001843	0.0029449	0.0015548	8.412E-4	5.508E-4	1.458E-4	1.126E-4	0.0	1.891E-4	0.0	0.0	0.0	0.0	0.0	0.0	0.0	0.0	0.0	1.901E-4	0.0	2.504E-4	4.746E-4	6.536E-4	0.002053	0.0024201	0.0031283	0.0016496	0.0020985	0.0044188	0.0019802	0.0020616	0.0019604	0.0018975	0.0031752	0.0046326	
ワシカモメ (<em class="sci">Larus glaucescens</em>)	0.0068974	0.0089981	0.0173504	0.0174597	0.0194979	0.0294732	0.028977	0.0330155	0.0261866	0.0139885	0.0057202	0.0028307	0.0029273	0.0012287	0.001823	0.0016744	9.814E-4	8.262E-4	2.917E-4	6.756E-4	0.0010433	5.673E-4	6.173E-4	0.0	9.664E-4	5.373E-4	2.766E-4	2.027E-4	0.0015	0.0015	8.319E-4	0.0011405	7.136E-4	7.511E-4	0.0011865	0.001634	0.00349	0.0053243	0.0031283	0.00271	0.0048965	0.0050986	0.009901	0.0060559	0.0035644	0.0062619	0.0076578	0.0092652	
雑種 ワシカモメ ｘ シロカモメ (<em class="sci">Larus hyperboreus x glaucescens</em>)	0.0	0.0	1.345E-4	0.0	2.549E-4	2.321E-4	4.39E-4	1.423E-4	1.637E-4	1.749E-4	0.0	1.287E-4	0.0	0.0	0.0	0.0	0.0	0.0	0.0	0.0	0.0	0.0	0.0	0.0	0.0	0.0	0.0	0.0	0.0	0.0	0.0	0.0	0.0	0.0	0.0	0.0	0.0	0.0	0.0	0.0	0.0	0.0	0.0	0.0	0.0	0.0	0.0015	1.077E-4	
オオセグロカモメ (<em class="sci">Larus schistisagus</em>)	0.0324806	0.038007	0.0524546	0.0559286	0.0630814	0.080181	0.07976	0.086808	0.0693944	0.0547298	0.0414283	0.0245754	0.0232558	0.0210413	0.022297	0.0259538	0.0339268	0.027816	0.0287298	0.0386218	0.0577291	0.0463313	0.044856	0.0390754	0.0379319	0.0300913	0.0323651	0.04621	0.0462747	0.042589	0.0382696	0.0593043	0.0468601	0.0395593	0.0396298	0.0333333	0.0355163	0.0387222	0.0352798	0.0295746	0.0292389	0.0295717	0.0356436	0.0306662	0.0226341	0.027704	0.0356743	0.0395389	
雑種 オオセグロカモメ ｘ ワシカモメ (<em class="sci">Larus glaucescens x schistisagus</em>)	0.0	0.0	0.0	2.878E-4	1.274E-4	1.16E-4	4.39E-4	4.269E-4	0.0	0.0	0.0	0.0	0.0	0.0	0.0	0.0	0.0	0.0	0.0	0.0	0.0	0.0	0.0	0.0	0.0	0.0	0.0	0.0	0.0	0.0	0.0	0.0	0.0	2.504E-4	0.0	0.0	0.0	0.0	0.0	0.0	1.399E-4	0.0	1.65E-4	1.288E-4	1.782E-4	1.898E-4	0.0	0.0	
雑種 オオセグロカモメ ｘ シロカモメ (<em class="sci">Larus hyperboreus x schistisagus</em>)	0.0	0.0	0.0	0.0	2.549E-4	0.0	0.0	0.0	0.0	0.0	0.0	0.0	0.0	0.0	0.0	0.0	0.0	0.0	0.0	0.0	0.0	0.0	0.0	0.0	0.0	0.0	0.0	0.0	0.0	0.0	0.0	0.0	0.0	0.0	0.0	0.0	0.0	0.0	0.0	0.0	0.0	0.0	0.0	0.0	0.0	0.0	0.0	1.077E-4	
アイスランドカモメ (<em class="sci">Larus glaucoides</em>)	5.016E-4	2.686E-4	4.035E-4	4.797E-4	0.0017841	0.0019726	0.0032197	0.0021346	0.001473	0.0017486	5.2E-4	5.147E-4	4.879E-4	1.536E-4	0.0	0.0	0.0	0.0	0.0	0.0	0.0	0.0	0.0	0.0	0.0	0.0	0.0	0.0	0.0	0.0	0.0	0.0	0.0	0.0	0.0	0.0	0.0	0.0	0.0	0.0	2.798E-4	1.7E-4	0.0	3.865E-4	0.0015	5.693E-4	1.868E-4	1.077E-4	
カモメ属（白い翼のカモメの種） (<em class="sci">Larus sp. (white-winged gull sp.)</em>)	0.0	0.0	0.0	0.0	0.0	0.0	0.0	0.0	0.0	0.0	0.0	0.0	0.0	0.0	0.0	0.0	0.0	0.0	0.0	0.0	0.0	0.0	0.0	0.0	0.0	0.0	0.0	0.0	0.0	0.0	0.0	0.0	0.0	0.0	0.0	0.0	0.0	0.0	0.0	0.0	1.399E-4	0.0	0.0	0.0	0.0	0.0	0.0	0.0	
カモメ属 (<em class="sci">Larus sp.</em>)	0.0036368	0.0048348	0.0041695	0.0035495	0.0034408	0.003365	0.0036587	0.0041269	0.0037643	0.0034971	0.0038135	0.00386	0.0019515	0.0033789	0.0022437	0.0020332	0.0022431	6.885E-4	8.75E-4	4.504E-4	0.0013911	5.673E-4	2.058E-4	0.0	4.832E-4	5.373E-4	0.0011065	0.0012161	0.0017462	0.0019613	0.0024958	0.0019008	0.0011893	7.511E-4	0.002373	0.0013072	0.0024636	0.0025815	0.0026069	0.0025922	0.0037773	0.0028892	0.0028053	0.0028347	0.0014258	0.0039848	0.0048562	0.0045249	
カモメ亜科 (<em class="sci">Larinae sp.</em>)	0.0037622	0.0030889	0.003228	0.002878	0.0035682	0.0038292	0.002927	0.0038423	0.0065466	0.0064697	0.0046802	0.00579	0.0060172	0.0036861	0.0046277	0.0033489	0.0029441	0.0011016	0.0032084	0.0024772	6.955E-4	0.0013238	0.0012346	5.504E-4	0.0014496	0.0010747	0.0011065	0.0028375	8.731E-4	0.0028019	8.319E-4	0.0028512	0.0021408	0.0017526	0.0026103	0.003268	0.0051324	0.0038722	0.0019117	0.0028279	0.0029379	0.0045887	0.0052805	0.0052828	0.0046338	0.0024668	0.0042959	0.0053868	
シロアジサシ（candida／leucopes） (<em class="sci">Gygis candida</em>)	0.0	0.0	0.0	0.0	0.0	0.0	0.0	0.0	0.0	0.0	0.0	0.0	1.626E-4	9.215E-4	0.0	0.0	0.0	0.0	0.0	1.126E-4	0.0	0.0	0.0	0.0	0.002416	2.687E-4	5.533E-4	2.027E-4	0.0	0.0	0.0	0.0	0.0	7.511E-4	0.0	0.0	0.0	0.0	0.0	0.0	0.0	0.0	0.0	0.0	0.0	0.0	0.0	0.0	
クロアジサシ (<em class="sci">Anous stolidus</em>)	0.0	0.0	0.0	0.0	0.0	1.16E-4	0.0	0.0	0.0	0.0	0.0	1.287E-4	3.253E-4	0.0013823	0.0012621	0.0014352	8.412E-4	5.508E-4	5.833E-4	6.756E-4	1.739E-4	0.001702	0.0010288	0.0012842	0.0060401	0.0096722	0.0049793	0.007499	0.0046566	0.001401	0.0022185	0.0011405	2.379E-4	0.0015023	0.0011865	6.536E-4	2.053E-4	4.84E-4	0.0034758	0.0	1.399E-4	1.7E-4	4.95E-4	0.0	0.0	0.0	0.0	0.0	
ヒメクロアジサシ (<em class="sci">Anous minutus</em>)	0.0	0.0	0.0	0.0	0.0	1.16E-4	0.0	0.0	0.0	0.0	0.0	0.0	0.0	0.0	1.402E-4	0.0	1.402E-4	1.377E-4	0.0	2.252E-4	0.0	0.0	0.0	0.0	7.248E-4	2.687E-4	2.766E-4	0.0	0.0	0.0	0.0	0.0	0.0	5.008E-4	0.0	0.0	0.0	0.0	0.0	0.0	0.0	0.0	0.0	0.0	0.0	0.0	0.0	0.0	
コシジロアジサシ (<em class="sci">Onychoprion aleuticus</em>)	0.0	0.0	0.0	0.0	0.0	0.0	0.0	0.0	0.0	0.0	0.0	0.0	0.0	0.0	0.0	0.0	7.01E-4	0.0	2.917E-4	0.0	0.0	0.0015	0.0	0.0	0.0	0.0	0.0	2.027E-4	0.0	8.406E-4	0.0015	7.603E-4	7.136E-4	5.008E-4	0.0	0.0	0.0	0.0	0.0	0.0	0.0	0.0	0.0	0.0	0.0	0.0	0.0	0.0	
セグロアジサシ (<em class="sci">Onychoprion fuscatus</em>)	0.0	0.0	0.0	0.0	0.0	1.16E-4	0.0	0.0	0.0	0.0	1.733E-4	2.573E-4	3.253E-4	0.0039932	9.816E-4	0.0014352	5.608E-4	4.131E-4	2.917E-4	4.504E-4	0.0012172	9.455E-4	6.173E-4	3.669E-4	0.0028993	0.0045674	5.533E-4	0.0014187	0.0011641	2.802E-4	8.319E-4	1.901E-4	7.136E-4	0.0015	0.0015	3.268E-4	0.0	3.227E-4	1.738E-4	0.0	0.0	0.0	0.0	0.0	0.0	0.0	0.0	0.0	
マミジロアジサシ (<em class="sci">Onychoprion anaethetus</em>)	0.0	0.0	0.0	0.0	0.0	0.0	0.0	0.0	0.0	0.0	0.0	0.0	0.0015	0.0	0.0	1.196E-4	1.402E-4	5.508E-4	2.917E-4	1.126E-4	0.0015	1.891E-4	4.115E-4	1.835E-4	4.832E-4	5.373E-4	8.299E-4	2.027E-4	0.0014552	0.0	0.0015	1.901E-4	0.0	0.0	2.373E-4	1.634E-4	0.0	1.613E-4	0.0	0.0	0.0	0.0	0.0	0.0	0.0	0.0	0.0	0.0	
コアジサシ (<em class="sci">Sternula albifrons</em>)	0.0	0.0	0.0	0.0	0.0	0.0	5.854E-4	2.846E-4	0.0	0.0	0.0	5.147E-4	0.0017889	0.0047612	0.0166877	0.0365985	0.0506098	0.0490223	0.0479802	0.0372706	0.0328638	0.0285552	0.0300412	0.0311869	0.0248852	0.031166	0.0229599	0.0212809	0.0168801	0.0109274	0.0108153	0.0077932	0.0088011	0.0032549	0.0026103	0.0021242	0.0010265	9.681E-4	0.0010428	4.713E-4	1.399E-4	0.0	0.0015	1.288E-4	3.564E-4	0.0	0.0	0.0	
アメリカコアジサシ (<em class="sci">Sternula antillarum</em>)	0.0	0.0	0.0	0.0	0.0	0.0	0.0	0.0	0.0	0.0	0.0	0.0	0.0	0.0	0.0	0.0	0.0	0.0	0.0	0.0	0.0015	0.0	0.0	0.0	2.416E-4	5.373E-4	0.0	0.0	0.0	0.0	0.0	0.0	0.0	0.0	0.0	0.0	0.0	0.0	0.0	0.0	0.0	0.0	0.0	0.0	0.0	0.0	0.0	0.0	
ハシブトアジサシ (<em class="sci">Gelochelidon nilotica</em>)	0.0	0.0	0.0	0.0	0.0	0.0	0.0	0.0	0.0	0.0	0.0	0.0	0.0	0.0	0.0	2.392E-4	0.0	0.0015	0.0015	4.504E-4	6.955E-4	1.891E-4	2.058E-4	3.669E-4	0.0	2.687E-4	0.0	0.0010134	0.0015	0.0	5.546E-4	0.0	0.0	2.504E-4	4.746E-4	0.0011438	2.053E-4	0.0015	6.952E-4	1.178E-4	0.0	0.0	0.0	0.0	0.0	0.0	0.0	0.0	
オニアジサシ (<em class="sci">Hydroprogne caspia</em>)	6.27E-4	6.715E-4	5.38E-4	3.837E-4	0.0010195	1.16E-4	0.0010244	4.269E-4	3.273E-4	1.749E-4	0.0	1.287E-4	1.626E-4	3.072E-4	0.0	0.0015	1.402E-4	0.0	0.0	2.252E-4	1.739E-4	3.782E-4	0.0	0.0	0.0	0.0	0.0	0.0	0.0	0.0	0.0	0.0	0.0	0.0015	0.0015	0.0	0.0	0.0	0.0	0.0015318	0.0015	0.0013596	0.0013201	1.288E-4	0.0015	5.693E-4	0.0	5.387E-4	
クロハラアジサシ (<em class="sci">Chlidonias hybrida</em>)	1.254E-4	4.029E-4	1.345E-4	0.0	2.549E-4	3.481E-4	7.317E-4	4.269E-4	1.637E-4	1.749E-4	3.467E-4	1.287E-4	0.0	3.072E-4	0.0015426	0.0051429	0.0032244	0.0016524	0.0026251	0.006193	0.0076508	0.0039713	0.0098765	0.0055036	0.0045905	0.0059108	0.0069156	0.0034455	0.0020373	0.0016811	0.0024958	0.0017107	0.003568	0.010015	0.0158994	0.0119281	0.0071854	0.0059697	0.0059089	0.0057735	0.0039172	0.0022094	9.901E-4	0.0010308	0.0021387	3.795E-4	1.868E-4	2.155E-4	
ハシグロクロハラアジサシ (<em class="sci">Chlidonias niger</em>)	0.0	0.0	0.0	0.0	0.0	0.0	0.0	0.0	0.0	0.0	0.0	0.0	0.0	0.0	0.0	0.0	0.0	0.0	0.0	0.0	0.0	0.0	0.0	0.0	2.416E-4	2.687E-4	0.0	0.0	0.0	0.0	0.0	0.0	0.0	0.0	0.0	0.0	0.0	0.0015	0.0	0.0	0.0	0.0	0.0	0.0	0.0	0.0	0.0	0.0	
ハジロクロハラアジサシ (<em class="sci">Chlidonias leucopterus</em>)	0.0	0.0	0.0	0.0	0.0	0.0	0.0	0.0	0.0	0.0	0.0	0.0	0.0	0.0	0.0	0.0	2.804E-4	2.754E-4	8.75E-4	0.0010134	0.0019127	0.0013238	0.0010288	7.338E-4	4.832E-4	8.06E-4	5.533E-4	0.0010134	5.821E-4	5.604E-4	0.0019412	9.504E-4	2.379E-4	5.008E-4	4.746E-4	0.001634	4.106E-4	6.454E-4	1.738E-4	2.357E-4	4.197E-4	3.399E-4	0.0	1.288E-4	0.0	0.0	0.0	0.0	
クロハラアジサシ属 (<em class="sci">Chlidonias sp.</em>)	0.0	0.0	0.0015	0.0	0.0	0.0015	0.0	0.0	0.0	0.0	0.0	0.0	0.0	0.0	0.0	0.0	0.0	0.0	0.0	0.0	0.0	0.0	0.0	0.0	0.0	0.0	0.0	0.0	0.0	0.0	0.0	0.0	0.0	0.0	0.0	0.0	0.0	0.0	0.0	0.0015	1.399E-4	0.0	0.0	0.0	0.0	0.0	0.0	0.0	
キョクアジサシ (<em class="sci">Sterna paradisaea</em>)	0.0	0.0	0.0	0.0	0.0	0.0	0.0	0.0	0.0	0.0	0.0	0.0	0.0	0.0	0.0	0.0	0.0	0.0	0.0	0.0	0.0	0.0	0.0	0.0	0.0	0.0	0.0	6.08E-4	0.0	0.0	0.0	0.0	0.0	0.0	0.0	0.0	0.0	0.0	0.0	0.0	0.0	0.0	0.0	0.0	0.0	0.0	0.0	0.0	
アジサシ (<em class="sci">Sterna hirundo</em>)	0.0	0.0	0.0	0.0	0.0	1.16E-4	1.463E-4	0.0	6.547E-4	5.246E-4	8.667E-4	0.0016727	0.0017889	0.001843	0.0025242	0.0057409	0.0110753	0.0095015	0.008896	0.003378	0.0034777	0.0018911	0.0032922	0.0016511	0.0016912	0.0010747	0.0016598	0.0040535	0.0034924	0.0022415	0.0038824	0.0041817	0.0099905	0.0062594	0.0066445	0.0042484	0.0022583	0.0032268	0.0036496	0.003417	0.002798	0.0016995	9.901E-4	0.0046386	8.911E-4	0.0024668	0.0011207	0.0010774	
アジサシ／キョクアジサシ (<em class="sci">Sterna hirundo/paradisaea</em>)	0.0	0.0	0.0	0.0	0.0	0.0	0.0	0.0	0.0	0.0	0.0	0.0	0.0	0.0	1.402E-4	0.0	0.0	0.0	0.0	0.0	0.0	0.0	0.0	0.0	0.0	0.0	0.0	0.0	0.0	0.0	0.0	0.0	0.0	0.0	0.0	0.0	0.0	0.0	0.0	0.0	0.0	0.0	0.0	0.0	0.0	0.0	0.0	0.0	
エリグロアジサシ (<em class="sci">Sterna sumatrana</em>)	0.0	0.0	0.0	0.0	0.0	0.0	0.0	0.0	0.0	0.0	0.0	0.0	0.0	0.0	0.0	1.196E-4	0.0	5.508E-4	0.0024792	0.0051796	0.0053904	0.0020802	0.0057613	0.0073381	0.0077313	0.0088662	0.0107884	0.0046615	0.0043655	0.0022415	0.0072102	0.0020909	0.0023787	5.008E-4	9.492E-4	1.634E-4	8.212E-4	1.613E-4	3.476E-4	1.178E-4	0.0	0.0	0.0	0.0	0.0	0.0	0.0	0.0	
ベニアジサシ (<em class="sci">Sterna dougallii</em>)	0.0	0.0	0.0	0.0	0.0	0.0	0.0	0.0	0.0	0.0	0.0	0.0	0.0	0.0	0.0	2.392E-4	0.0	1.377E-4	0.0013125	0.0029276	0.0019127	0.0013238	0.0032922	0.0012842	0.0026576	0.0042988	0.0049793	0.0034455	0.0020373	8.406E-4	0.0024958	0.0013305	4.757E-4	0.0015	2.373E-4	1.634E-4	0.0	0.0015	1.738E-4	0.0	0.0	0.0	0.0	0.0	0.0	0.0	0.0	0.0	
アジサシ属 (<em class="sci">Sterna sp.</em>)	1.254E-4	0.0	0.0	0.0	0.0	0.0	0.0	0.0	0.0	0.0	0.0	0.0	0.0	0.0	0.0	5.98E-4	4.206E-4	5.508E-4	4.375E-4	1.126E-4	1.739E-4	5.673E-4	0.0015	3.669E-4	2.416E-4	0.0	0.0015	0.0015	8.731E-4	0.0	0.0015	9.504E-4	2.379E-4	0.0	4.746E-4	9.804E-4	2.053E-4	3.227E-4	0.0	0.0	0.0	0.0	0.0	0.0	0.0	0.0	0.0	0.0	
オオアジサシ (<em class="sci">Thalasseus bergii</em>)	0.0	0.0	0.0	0.0	0.0	0.0	0.0	0.0	0.0	0.0	0.0	0.0	0.0015	1.536E-4	1.402E-4	2.392E-4	1.402E-4	1.377E-4	0.0010209	6.756E-4	5.216E-4	0.0	4.115E-4	5.504E-4	9.664E-4	8.06E-4	5.533E-4	6.08E-4	8.731E-4	0.001401	0.0036051	7.603E-4	0.0011893	0.0010015	0.0011865	8.17E-4	0.0018477	0.0017748	0.0012165	4.713E-4	1.399E-4	0.0	0.0015	0.0	0.0	0.0	0.0	0.0	
ヒガシシナアジサシ (<em class="sci">Thalasseus bernsteini</em>)	0.0	0.0	0.0	0.0	0.0	0.0	0.0	0.0	0.0	0.0	0.0	0.0	0.0	0.0	0.0	0.0	0.0	0.0	0.0	0.0	0.0	0.0	0.0	0.0	0.0	0.0	0.0	0.0	0.0	0.0	0.0	0.0	0.0	0.0	0.0	0.0	0.0	0.0	0.0015	0.0	0.0	0.0	0.0	0.0	0.0	0.0	0.0	0.0	
アジサシ亜科 (<em class="sci">Sterninae sp.</em>)	0.0	0.0	0.0	0.0	0.0	0.0	0.0	0.0	0.0	0.0	0.0	0.0	3.253E-4	1.536E-4	8.414E-4	2.392E-4	5.608E-4	9.639E-4	5.833E-4	9.008E-4	6.955E-4	3.782E-4	6.173E-4	9.173E-4	9.664E-4	8.06E-4	2.766E-4	6.08E-4	0.0014552	5.604E-4	5.546E-4	5.702E-4	9.515E-4	5.008E-4	2.373E-4	0.0011438	0.0	6.454E-4	1.738E-4	2.357E-4	1.399E-4	0.0	1.65E-4	2.577E-4	0.0	0.0	0.0015	0.0	
カモメ科 (<em class="sci">Laridae sp.</em>)	0.0	0.0	0.0015	0.0	0.0	0.0	0.0	0.0	1.637E-4	0.0	0.0	0.0	0.0	0.0	0.0	0.0	0.0	0.0	0.0	0.0	0.0	0.0	0.0	0.0	0.0	0.0	0.0	0.0	0.0	0.0	0.0	0.0	0.0	0.0	0.0	0.0	0.0	0.0	0.0	0.0015	0.0	0.0	0.0	0.0	0.0	0.0	0.0	0.0	
チリーフラミンゴ (<em class="sci">Phoenicopterus chilensis</em>)	0.0	0.0	0.0	0.0	0.0	0.0	0.0	0.0	0.0	0.0	0.0	0.0	0.0	0.0	0.0	0.0	0.0	0.0	0.0	0.0015	0.0	0.0	0.0	0.0	0.0	0.0	0.0	0.0	0.0	0.0	0.0	1.901E-4	0.0	0.0	0.0	0.0	0.0	0.0	0.0	0.0	0.0	0.0	0.0	0.0	0.0	0.0	0.0	0.0	
ヨーロッパフラミンゴ (<em class="sci">Phoenicopterus roseus</em>)	0.0015	0.0	0.0	0.0	0.0	0.0	0.0	0.0	0.0	0.0	0.0	0.0	0.0	3.072E-4	0.0	0.0015	0.0	0.0	0.0	0.0	0.0	0.0	0.0	0.0	0.0	0.0	0.0	0.0	0.0	0.0	0.0	0.0	0.0	0.0	0.0	0.0	0.0	0.0	0.0	0.0	0.0	0.0	0.0	0.0	0.0	0.0	0.0	0.0	
フラミンゴ科 (<em class="sci">Phoenicopteridae sp.</em>)	0.0	0.0	0.0	0.0	0.0	0.0	0.0	0.0	0.0	0.0	0.0	0.0	0.0	0.0	0.0	0.0	1.402E-4	0.0	0.0	0.0	0.0	0.0	0.0	0.0	0.0	0.0	0.0	0.0	0.0	0.0	0.0	0.0	0.0	0.0	0.0	0.0	0.0	0.0	0.0	0.0	0.0	0.0	0.0	0.0	0.0	0.0	0.0	0.0	
カイツブリ (<em class="sci">Tachybaptus ruficollis</em>)	0.2256082	0.2199839	0.1907196	0.1904259	0.1849114	0.1799722	0.1778136	0.1767468	0.1801964	0.1919916	0.1728202	0.1765311	0.1562856	0.1374597	0.1280325	0.1251047	0.0974345	0.0879923	0.08196	0.079946	0.0839854	0.0832073	0.090535	0.0953953	0.0898768	0.0969909	0.1037344	0.0999189	0.1079744	0.101429	0.1250693	0.1092948	0.1027593	0.1151728	0.1283816	0.1318627	0.1367276	0.1503711	0.1567605	0.1585955	0.1985171	0.1985044	0.2031353	0.2180131	0.2250936	0.2140417	0.2127381	0.219888	
ミミカイツブリ (<em class="sci">Podiceps auritus</em>)	0.0079007	0.0072522	0.0073974	0.0053722	0.008156	0.006266	0.0058539	0.0044116	0.0040917	0.0064697	0.0036401	0.002316	0.0016263	0.0021502	9.816E-4	0.0010764	2.804E-4	1.377E-4	0.0	0.0	3.478E-4	0.0	0.0	1.835E-4	0.0	0.0	0.0	0.0	0.0	0.0	0.0	0.0	4.757E-4	0.0	2.373E-4	6.536E-4	8.212E-4	0.0014521	0.0015641	0.0012961	0.0033576	0.003399	0.0082508	0.004252	0.004812	0.0060721	0.0084049	0.0090498	
アカエリカイツブリ (<em class="sci">Podiceps grisegena</em>)	0.0062704	0.010744	0.0137189	0.0137183	0.0129986	0.0163611	0.0136104	0.0177885	0.0130933	0.0097919	0.0088404	0.004246	0.004391	0.004454	0.0044874	0.0050233	0.0042058	0.0027541	0.0014584	0.0013512	0.0019127	0.0020802	0.0010288	5.504E-4	2.416E-4	0.0018807	8.299E-4	2.027E-4	2.91E-4	5.604E-4	8.319E-4	5.702E-4	4.757E-4	2.504E-4	0.0	1.634E-4	0.0010265	0.0016134	0.0015641	0.0015318	0.0030778	0.003739	0.0046205	0.0057982	0.006416	0.0058824	0.0093388	0.0110967	
カンムリカイツブリ (<em class="sci">Podiceps cristatus</em>)	0.1297968	0.1306742	0.1092132	0.1140637	0.1062827	0.1144117	0.099517	0.1105735	0.095581	0.110334	0.0918703	0.0880082	0.0769231	0.0542159	0.045155	0.0401866	0.026777	0.0220325	0.0198337	0.0131742	0.0086941	0.0092663	0.0074074	0.0071547	0.0070065	0.0048361	0.0077455	0.0095257	0.0069849	0.0081255	0.0127565	0.0110245	0.0080875	0.0067601	0.0106787	0.0166667	0.0129337	0.0198451	0.0227668	0.0401791	0.0839396	0.0990823	0.1165017	0.125757	0.1251114	0.127704	0.1355996	0.1296057	
ハジロカイツブリ (<em class="sci">Podiceps nigricollis</em>)	0.0475295	0.0384099	0.0418292	0.0344398	0.0300752	0.0336505	0.0282453	0.031877	0.0270049	0.032698	0.0192408	0.0163407	0.0102456	0.0073721	0.0054691	0.0047841	0.0021029	0.0026164	0.0013125	3.378E-4	6.955E-4	1.891E-4	0.0	0.0	4.832E-4	2.687E-4	0.0	0.0	2.91E-4	5.604E-4	8.319E-4	0.0022809	0.0021408	0.0010015	0.0018984	0.0062092	0.0041059	0.006615	0.0072993	0.0109579	0.0170677	0.0237933	0.029703	0.041103	0.040278	0.0462998	0.0466941	0.0477268	
カンムリカイツブリ属 (<em class="sci">Podiceps sp.</em>)	0.0	0.0	0.0	0.0	0.0	0.0	0.0	0.0	0.0	0.0	0.0	0.0	0.0	0.0	0.0015	0.0	0.0	0.0	0.0	0.0	0.0	0.0	0.0	0.0	0.0	0.0	0.0	0.0	0.0	0.0	0.0	0.0	0.0	0.0	0.0	0.0	0.0	0.0	0.0	0.0	0.0	0.0	0.0	0.0	0.0	0.0	0.0	0.0	
カイツブリ科 (<em class="sci">Podicipedidae sp.</em>)	1.254E-4	2.686E-4	0.0	2.878E-4	3.823E-4	3.481E-4	0.0	2.846E-4	0.0	1.749E-4	3.467E-4	1.287E-4	0.0	0.0	0.0	4.784E-4	0.0	0.0	0.0	0.0	1.739E-4	0.0	0.0	0.0	0.0	0.0	0.0	0.0	0.0	0.0	0.0	1.901E-4	0.0	2.504E-4	0.0	0.0	0.0	6.454E-4	0.0	3.535E-4	1.399E-4	1.7E-4	1.65E-4	2.577E-4	1.782E-4	0.0	0.0	0.0015	
シラオネッタイチョウ (<em class="sci">Phaethon lepturus</em>)	0.0	0.0	0.0	0.0	0.0	0.0	0.0	0.0	0.0	0.0	0.0	0.0	0.0	7.679E-4	0.0	4.784E-4	1.402E-4	0.0	1.458E-4	1.126E-4	1.739E-4	1.891E-4	0.0015	0.0	4.832E-4	2.687E-4	2.766E-4	0.0	0.0	0.0	0.0	0.0	0.0	2.504E-4	0.0	0.0	0.0	1.613E-4	0.0	0.0	0.0	0.0	0.0	0.0	0.0	0.0	0.0	0.0	
アカオネッタイチョウ (<em class="sci">Phaethon rubricauda</em>)	0.0	0.0	0.0	0.0	1.274E-4	0.0	0.0	0.0	0.0	0.0	0.0	0.0	4.879E-4	0.0029181	2.805E-4	7.176E-4	1.402E-4	0.0015	1.458E-4	3.378E-4	0.0	0.0	4.115E-4	0.0	0.0036241	0.001612	0.0019364	8.107E-4	0.0017462	5.604E-4	0.0	0.0	0.0	0.0012519	2.373E-4	0.0	0.0	0.0	1.738E-4	0.0	0.0	0.0	0.0	0.0	0.0	0.0	0.0	0.0	
ネッタイチョウ属 (<em class="sci">Phaethon sp.</em>)	0.0	0.0	0.0	0.0	0.0	0.0	0.0	0.0	0.0	0.0	0.0	0.0	0.0	0.0	0.0	0.0	0.0	0.0	0.0	0.0	0.0	0.0	0.0	0.0	0.0	2.687E-4	0.0	0.0	0.0	0.0	0.0	0.0	0.0	0.0	0.0	0.0	0.0	0.0	0.0	0.0	0.0	0.0	0.0	0.0	0.0	0.0	0.0	0.0	
アビ (<em class="sci">Gavia stellata</em>)	0.0032606	0.0052377	0.0067249	0.0068112	0.006117	0.0044094	0.0051222	0.0105308	0.005401	0.0029725	0.0013867	0.0018013	0.0022768	0.0015359	0.0011219	0.0027509	0.0014019	0.0017901	0.0010209	0.0013512	0.0022605	0.0013238	0.0010288	1.835E-4	2.416E-4	2.687E-4	0.0	0.0	0.0	0.0	0.0	0.0	0.0	0.0	2.373E-4	1.634E-4	0.0	3.227E-4	0.0010428	7.07E-4	0.0015389	0.0028892	0.0047855	0.0033501	0.0033862	0.0017078	0.0042959	0.00571	
オオハム (<em class="sci">Gavia arctica</em>)	0.0013795	0.0032232	0.002421	0.0024942	0.0021664	0.003133	0.0027806	0.0045539	0.0026187	0.0026228	0.0019067	0.0020587	0.0022768	0.001843	0.0011219	0.0025117	0.0053274	0.0038557	0.0023334	0.0013512	0.0022605	0.0020802	4.115E-4	7.338E-4	4.832E-4	2.687E-4	2.766E-4	0.0015	0.0	2.802E-4	2.773E-4	1.901E-4	4.757E-4	0.0	0.0	1.634E-4	0.0	0.0011294	5.214E-4	4.713E-4	2.798E-4	8.498E-4	0.0018152	0.0014173	0.0010693	1.898E-4	0.0014942	0.0030166	
シロエリオオハム (<em class="sci">Gavia pacifica</em>)	0.0018811	0.0025517	0.0033625	0.0021105	0.0022939	0.0034811	0.0035124	0.0054077	0.002946	0.0022731	0.0017334	0.0016727	9.758E-4	7.679E-4	0.0011219	0.0037077	0.0075704	0.003718	0.0023334	0.0025898	0.0069553	0.005295	0.0014403	9.173E-4	9.664E-4	5.373E-4	0.0	0.0	2.91E-4	2.802E-4	2.773E-4	5.702E-4	4.757E-4	5.008E-4	2.373E-4	0.0	4.106E-4	4.84E-4	0.0010428	0.0015318	8.394E-4	6.798E-4	0.0024752	0.001675	0.0021387	7.59E-4	0.001681	0.0021547	
オオハム／シロエリオオハム (<em class="sci">Gavia arctica/pacifica</em>)	8.779E-4	0.0010744	4.035E-4	2.878E-4	7.646E-4	5.802E-4	2.927E-4	0.0011385	0.0011457	8.743E-4	0.0015	1.287E-4	3.253E-4	1.536E-4	2.805E-4	4.784E-4	0.0018225	5.508E-4	7.292E-4	6.756E-4	0.0022605	9.455E-4	4.115E-4	1.835E-4	0.0015	0.0015	0.0	2.027E-4	0.0	0.0	0.0	0.0	0.0	0.0	0.0015	0.0	2.053E-4	6.454E-4	0.0	3.535E-4	0.0011192	6.798E-4	4.95E-4	1.288E-4	5.347E-4	1.898E-4	7.471E-4	0.0014006	
ハシジロアビ (<em class="sci">Gavia adamsii</em>)	2.508E-4	1.343E-4	6.725E-4	9.59E-5	0.0	1.16E-4	1.463E-4	9.962E-4	3.273E-4	0.0015737	6.934E-4	6.433E-4	8.131E-4	3.072E-4	5.609E-4	2.392E-4	9.814E-4	2.754E-4	1.458E-4	1.126E-4	1.739E-4	0.0015	0.0	1.835E-4	0.0	0.0	0.0	2.027E-4	0.0	0.0	0.0	0.0	0.0015	0.0	0.0	0.0	0.0	1.613E-4	0.0	0.0	2.798E-4	0.0	1.65E-4	0.0015	1.782E-4	0.0	0.0	4.309E-4	
アビ科 (<em class="sci">Gavia sp.</em>)	3.762E-4	0.0012087	0.001076	0.0017268	7.646E-4	9.283E-4	5.854E-4	0.0022769	4.91E-4	8.743E-4	1.733E-4	5.147E-4	3.253E-4	0.0015	1.402E-4	5.98E-4	0.0012617	0.0015	0.0013125	1.126E-4	6.955E-4	7.564E-4	2.058E-4	0.0	0.0	0.0	0.0	0.0	0.0	0.0	0.0	0.0	0.0	2.504E-4	0.0	1.634E-4	0.0	4.84E-4	6.952E-4	5.891E-4	8.394E-4	0.0013596	6.601E-4	2.577E-4	3.564E-4	3.795E-4	5.603E-4	7.541E-4	
コアホウドリ (<em class="sci">Phoebastria immutabilis</em>)	7.524E-4	0.0028203	0.0036315	0.0019186	0.0044603	0.0025528	0.0030733	0.0059769	0.0076923	0.0099668	0.0043335	0.003088	9.758E-4	0.0015359	0.0036461	0.0025117	0.0049068	6.885E-4	0.0035001	0.0020268	0.0039993	0.0092663	0.0024691	0.0038525	0.001208	0.0021494	0.0013831	0.0024321	0.0011641	0.001401	2.773E-4	0.0020909	0.0014272	7.511E-4	0.0018984	0.002451	0.0032847	0.0045176	0.0026069	0.0014139	0.0018187	0.0016995	0.0021452	0.0012885	7.129E-4	0.0015	7.471E-4	0.0024779	
クロアシアホウドリ (<em class="sci">Phoebastria nigripes</em>)	7.524E-4	0.0033575	0.0028245	0.0012471	0.0039506	0.0012764	0.0027806	0.0042692	0.010311	0.012065	0.0057202	0.00772	0.0125224	0.013362	0.0293087	0.0082526	0.0100939	0.0027541	0.0105002	0.0052922	0.0055642	0.0136157	0.0026749	0.0089892	0.0041073	0.0067168	0.0049793	0.0077017	0.0037835	0.0042029	0.0011093	0.0022809	0.0019029	5.008E-4	0.0016611	0.0011438	0.0028742	0.0041949	0.0033021	0.0023565	0.0022384	0.0018695	0.0019802	0.0011596	8.911E-4	0.0015	9.339E-4	0.0015083	
アホウドリ (<em class="sci">Phoebastria albatrus</em>)	6.27E-4	0.0016116	0.002421	0.0010553	0.0039506	0.0015085	0.0027806	0.0039846	0.0090016	0.0085679	0.0041602	0.0074627	0.0065051	0.0069114	0.0141635	0.0052625	0.0029441	5.508E-4	0.0020417	0.0015764	0.0022605	9.455E-4	6.173E-4	5.504E-4	2.416E-4	0.0	2.766E-4	0.0	0.0	0.0	0.0	0.0015	0.0	2.504E-4	2.373E-4	1.634E-4	8.212E-4	1.613E-4	5.214E-4	3.535E-4	4.197E-4	5.099E-4	0.0011551	2.577E-4	1.782E-4	0.0	7.471E-4	0.0011851	
アホウドリ科 (<em class="sci">Diomedeidae sp.</em>)	6.27E-4	0.0	6.725E-4	0.0	0.002039	2.321E-4	1.463E-4	8.538E-4	0.0016367	0.0019234	3.467E-4	0.001158	4.879E-4	9.215E-4	0.0021035	5.98E-4	4.206E-4	4.131E-4	0.0	0.0015	0.0015	1.891E-4	0.0	0.0	0.0	0.0	0.0	2.027E-4	2.91E-4	0.0	0.0	0.0	0.0	0.0	2.373E-4	0.0	2.053E-4	1.613E-4	0.0	0.0	0.0	3.399E-4	0.0015	0.0015	1.782E-4	0.0015	0.0	1.077E-4	
アシナガウミツバメ (<em class="sci">Oceanites oceanicus</em>)	0.0	0.0	0.0	0.0	0.0	0.0	0.0	0.0	0.0	0.0	0.0	0.0	0.0	0.0012287	2.805E-4	0.0010764	4.206E-4	0.0	2.917E-4	0.0	1.739E-4	5.673E-4	6.173E-4	0.0014676	4.832E-4	0.0010747	0.0019364	6.08E-4	8.731E-4	0.0	2.773E-4	7.603E-4	0.0	2.504E-4	0.0	0.0	0.0	0.0	0.0	0.0	0.0	0.0	0.0	0.0	0.0	0.0	0.0	0.0	
ハイイロウミツバメ (<em class="sci">Hydrobates furcatus</em>)	0.0	0.0015	1.345E-4	0.0015	0.0015	1.16E-4	0.0015	1.423E-4	0.0015	0.0	3.467E-4	2.573E-4	0.0	0.0	0.0	1.196E-4	0.0	0.0	2.917E-4	3.378E-4	5.216E-4	0.0013238	0.0010288	0.0014676	0.0014496	8.06E-4	0.0013831	0.0020268	2.91E-4	2.802E-4	2.773E-4	5.702E-4	9.515E-4	7.511E-4	4.746E-4	3.268E-4	0.0010265	0.0012907	0.0	4.713E-4	2.798E-4	8.498E-4	8.251E-4	1.288E-4	0.0	0.0	0.0	1.077E-4	
コシジロウミツバメ (<em class="sci">Hydrobates leucorhous</em>)	0.0	0.0	0.0	0.0	0.0	0.0	0.0	0.0	1.637E-4	0.0	5.2E-4	0.0	6.505E-4	0.002611	0.0035058	0.001794	0.0014019	1.377E-4	7.292E-4	5.63E-4	0.0010433	0.0032148	4.115E-4	7.338E-4	0.0021744	0.0018807	0.0013831	0.0026348	8.731E-4	8.406E-4	0.0015	0.0013305	2.379E-4	5.008E-4	4.746E-4	8.17E-4	0.0010265	0.0014521	0.0022593	0.0	2.798E-4	1.7E-4	1.65E-4	1.288E-4	0.0	0.0	0.0	0.0	
ヒメクロウミツバメ (<em class="sci">Hydrobates monorhis</em>)	0.0	0.0	0.0	0.0	0.0	0.0	0.0	0.0	0.0	0.0	0.0	1.287E-4	0.0	0.0015	0.0	0.0	1.402E-4	0.0015	1.458E-4	4.504E-4	0.0015	3.782E-4	0.0020576	0.0015	4.832E-4	0.0021494	0.0011065	6.08E-4	0.0017462	2.802E-4	2.773E-4	7.603E-4	0.0015	0.0	0.0	0.0	0.0	0.0	0.0	0.0	0.0	0.0	0.0	0.0	0.0	0.0	0.0	0.0	
クロコシジロウミツバメ (<em class="sci">Hydrobates castro</em>)	0.0	0.0	0.0	0.0	0.0	0.0	0.0	0.0	0.0	0.0	0.0	0.0	0.0	0.0	0.0	0.0	0.0	0.0015	0.0015	0.0015	0.0015	1.891E-4	0.0	3.669E-4	0.0	5.373E-4	8.299E-4	4.054E-4	8.731E-4	0.0	0.0	1.901E-4	0.0	0.0	0.0	0.0	0.0	1.613E-4	0.0	0.0	0.0	0.0	0.0	0.0	0.0	0.0	0.0	0.0	
クロコシジロウミツバメ上種 (<em class="sci">Hydrobates sp. (Band-rumped complex)</em>)	0.0	0.0	0.0	0.0	0.0	0.0	0.0	0.0	0.0	0.0	0.0	0.0	0.0	0.0	1.402E-4	0.0	0.0	0.0	0.0	0.0	0.0015	0.0015	0.0	0.0	0.0	0.0	0.0	0.0	2.91E-4	0.0	0.0	0.0	0.0	0.0	0.0	0.0	2.053E-4	0.0	0.0	0.0	0.0	0.0	0.0	0.0	0.0	0.0	0.0	0.0	
クロウミツバメ (<em class="sci">Hydrobates matsudairae</em>)	0.0	0.0	0.0	0.0	0.0	0.0	0.0	0.0	0.0	3.497E-4	3.467E-4	1.287E-4	0.0039031	0.0201198	0.002384	0.0021529	0.0012617	1.377E-4	0.0011667	6.756E-4	0.0019127	0.0026475	0.0014403	0.0016511	0.0033825	0.0061795	0.002213	0.0016214	0.0011641	2.802E-4	0.0	0.0	0.0	0.0	0.0	0.0	0.0	0.0	0.0	0.0	0.0	0.0	1.65E-4	0.0	1.782E-4	0.0	0.0	0.0	
オーストンウミツバメ (<em class="sci">Hydrobates tristrami</em>)	1.254E-4	0.0	2.69E-4	9.59E-5	0.0010195	3.481E-4	8.781E-4	7.115E-4	0.001473	0.0020983	0.0015601	0.0018013	0.0032526	0.0055291	0.0071519	0.0046645	0.0026637	8.262E-4	0.0026251	0.0013512	0.0020866	0.0018911	0.0	9.173E-4	0.0021744	0.0010747	0.0015	6.08E-4	8.731E-4	0.0	0.0	7.603E-4	0.0	0.0015	0.0	1.634E-4	0.0015	1.613E-4	1.738E-4	0.0	0.0	0.0010197	4.95E-4	2.577E-4	0.0	0.0	0.0015	3.232E-4	
ウミツバメ属 (<em class="sci">Hydrobates sp.</em>)	0.0	0.0	0.0	0.0	0.0	0.0	0.0	0.0	0.0	0.0	0.0	0.0	1.626E-4	0.0	0.0	0.0015	0.0	0.0	0.0	0.0	0.0	0.0	0.0	0.0	0.0	0.0	0.0	0.0	0.0	0.0	0.0	0.0	0.0	0.0	0.0	0.0	0.0	0.0	0.0	0.0	0.0	0.0	0.0	0.0	0.0	0.0	0.0	0.0	
ウミツバメ科（黒背） (<em class="sci">Oceanitidae/Hydrobatidae sp. (dark-rumped)</em>)	0.0	2.686E-4	0.0	0.0	0.0	0.0	0.0	1.423E-4	1.637E-4	1.749E-4	0.0	0.0	8.131E-4	3.072E-4	0.0014023	3.588E-4	1.402E-4	0.0	0.0	3.378E-4	8.694E-4	0.0026475	0.0	5.504E-4	0.0016912	0.0010747	0.0019364	6.08E-4	0.0014552	5.604E-4	0.0	3.802E-4	0.0	0.0	0.0	0.0	0.0015	0.0	1.738E-4	0.0	0.0	0.0	0.0	0.0	0.0	0.0	0.0	2.155E-4	
ウミツバメ科（白背） (<em class="sci">Oceanitidae/Hydrobatidae sp. (white-rumped)</em>)	0.0	0.0	0.0	0.0	0.0	0.0	0.0	0.0	0.0	1.749E-4	0.0	0.0	3.253E-4	1.536E-4	0.0	1.196E-4	1.402E-4	0.0	0.0	0.0	0.0	0.0011346	2.058E-4	3.669E-4	9.664E-4	0.0	2.766E-4	2.027E-4	5.821E-4	0.0	0.0	1.901E-4	2.379E-4	0.0	0.0	4.902E-4	2.053E-4	1.613E-4	0.0	0.0	0.0	0.0	0.0	0.0	0.0	0.0	0.0	0.0	
ウミツバメ科 (<em class="sci">Oceanitidae/Hydrobatidae sp.</em>)	0.0	0.0	0.0	0.0	0.0	0.0	0.0	0.0	0.0	0.0	0.0	5.147E-4	0.0	0.0021502	5.609E-4	4.784E-4	2.804E-4	2.754E-4	1.458E-4	2.252E-4	3.478E-4	0.0011346	2.058E-4	1.835E-4	7.248E-4	2.687E-4	2.766E-4	6.08E-4	0.0020373	5.604E-4	0.0	1.901E-4	0.0	0.0	0.0	0.0	2.053E-4	1.613E-4	1.738E-4	1.178E-4	0.0	1.7E-4	0.0	0.0	0.0	0.0	0.0	0.0	
フルマカモメ (<em class="sci">Fulmarus glacialis</em>)	0.0	5.372E-4	0.0015	2.878E-4	3.823E-4	9.283E-4	7.317E-4	7.115E-4	0.001473	0.001224	0.00104	2.573E-4	3.253E-4	3.072E-4	0.0	5.98E-4	0.0018225	1.377E-4	8.75E-4	0.0010134	0.0027821	0.0090772	0.0037037	0.0044029	0.0050737	0.0040301	0.0038728	0.0064856	0.0020373	0.0025217	8.319E-4	9.504E-4	2.379E-4	7.511E-4	4.746E-4	4.902E-4	0.0016424	0.0019361	0.0012165	0.0022387	0.0011192	0.0025493	0.0029703	0.0010308	0.0015	1.898E-4	1.868E-4	4.309E-4	
カワリシロハラミズナギドリ (<em class="sci">Pterodroma neglecta</em>)	0.0	0.0	0.0	0.0	0.0	0.0	0.0	0.0	0.0	0.0	0.0	1.287E-4	0.0	0.002611	0.0	4.784E-4	0.0	0.0	1.458E-4	0.0	1.739E-4	0.0	2.058E-4	0.0	2.416E-4	0.0	0.0	4.054E-4	0.0	0.0	0.0	1.901E-4	0.0	2.504E-4	2.373E-4	0.0	0.0	1.613E-4	0.0	0.0	0.0	0.0	1.65E-4	0.0	0.0	0.0	0.0	0.0	
ウスハジロミズナギドリ (<em class="sci">Pterodroma ultima</em>)	0.0	0.0	0.0	0.0	0.0	0.0	0.0	0.0	0.0	0.0	0.0	0.0	0.0	0.0	0.0	0.0	0.0	0.0	1.458E-4	0.0	0.0	0.0	0.0	0.0	0.0	0.0	0.0	0.0	0.0	0.0	0.0	0.0	0.0	0.0	0.0	0.0	0.0	0.0	0.0	0.0	0.0	0.0	0.0	0.0	0.0	0.0	0.0	0.0	
ハジロミズナギドリ (<em class="sci">Pterodroma solandri</em>)	0.0	1.343E-4	5.38E-4	0.0015	0.0021664	2.321E-4	2.927E-4	8.538E-4	4.91E-4	0.0010491	1.733E-4	0.0	0.0	3.072E-4	0.0	0.0	1.402E-4	0.0	1.458E-4	2.252E-4	0.0	1.891E-4	0.0	0.0	0.0	2.687E-4	0.0	0.0	8.731E-4	0.0015	0.0	0.0026611	9.515E-4	0.0012519	0.0026103	0.002451	0.002053	0.0029042	0.0027807	0.0020031	2.798E-4	0.0011897	0.0013201	0.0	0.0	0.0	0.0015	0.0	
クビワオオシロハラミズナギドリ (<em class="sci">Pterodroma cervicalis</em>)	0.0	0.0	0.0	0.0	0.0	0.0	0.0	0.0	0.0	0.0	0.0	0.0	0.0	0.0	0.0	0.0	0.0	0.0015	0.0015	0.0015	0.0015	0.0	0.0	0.0015	2.416E-4	5.373E-4	0.0	6.08E-4	8.731E-4	0.0	0.0	9.504E-4	2.379E-4	2.504E-4	0.0015	1.634E-4	0.0	3.227E-4	3.476E-4	0.0	0.0	0.0	0.0	0.0	0.0	0.0	0.0	0.0	
シロハラミズナギドリ (<em class="sci">Pterodroma hypoleuca</em>)	0.0	0.0	0.0	0.0	0.0	0.0	4.39E-4	0.0	0.0	5.246E-4	1.733E-4	0.0015	0.0047162	0.0184303	0.0061702	0.0027509	0.0018225	6.885E-4	0.0018959	0.0015764	0.0010433	0.0041604	0.0012346	0.0018345	0.0062817	0.0118216	0.008852	0.0091204	0.0043655	5.604E-4	5.546E-4	9.504E-4	9.515E-4	0.0010015	0.0011865	3.268E-4	2.053E-4	0.0020975	0.0022593	0.0	0.0015	1.7E-4	4.95E-4	0.0	0.0	0.0	0.0	1.077E-4	
ハグロシロハラミズナギドリ (<em class="sci">Pterodroma nigripennis</em>)	0.0	0.0	0.0	0.0	0.0	0.0	0.0	0.0	0.0	0.0	0.0	0.0	0.0	0.0	0.0	0.0	0.0	0.0	0.0	0.0	0.0	0.0	0.0	0.0	0.0	2.687E-4	0.0	2.027E-4	8.731E-4	0.0	0.0	1.901E-4	0.0	0.0	0.0	0.0	0.0	0.0	0.0	0.0	0.0	0.0	0.0	0.0	0.0	0.0	0.0	0.0	
ヒメシロハラミズナギドリ (<em class="sci">Pterodroma longirostris</em>)	0.0	0.0	0.0	0.0	0.0	0.0	0.0	0.0	0.0	0.0	0.0	1.287E-4	0.0	0.0	0.0	0.0	0.0	0.0	0.0	0.0	0.0	0.0	0.0	0.0	0.0	0.0	0.0	0.0	0.0	0.0	0.0	0.0	0.0	0.0	0.0015	0.0015	0.0	0.0	0.0	0.0	0.0	0.0	0.0	0.0	0.0	0.0	0.0	0.0	
ミズナギドリ種 (<em class="sci">Pterodroma sp.</em>)	0.0	0.0	0.0	0.0	0.0	0.0015	0.0	0.0	0.0	0.0015	0.0	0.0	1.626E-4	1.536E-4	0.0	0.0	1.402E-4	0.0	0.0015	0.0	0.0	0.0	0.0	0.0	0.0	0.0	0.0	0.0	0.0	0.0	0.0	1.901E-4	0.0	0.0	0.0	0.0	0.0	1.613E-4	3.476E-4	0.0	1.399E-4	0.0	0.0	0.0	0.0015	0.0	0.0	0.0	
アナドリ (<em class="sci">Bulweria bulwerii</em>)	0.0	0.0	0.0	0.0	0.0	1.16E-4	0.0	0.0	0.0	0.0	0.0	1.287E-4	1.626E-4	0.0015359	4.207E-4	8.372E-4	2.804E-4	0.0011016	0.00175	0.002252	0.0039993	0.0060514	0.0026749	0.0069712	0.010389	0.0231059	0.017704	0.0182408	0.0142608	0.0061642	0.004437	0.0038016	0.0033302	0.0035053	0.0035596	0.001634	0.0010265	0.0019361	0.0024331	1.178E-4	0.0	1.7E-4	0.0	0.0	0.0	0.0	0.0	0.0	
セグロシロハラミズナギドリ (<em class="sci">Pseudobulweria rostrata</em>)	0.0	0.0	0.0	0.0	0.0	0.0	0.0	0.0	0.0	0.0	0.0	0.0	0.0	0.0	0.0	0.0	0.0	0.0	0.0	0.0	0.0	0.0	0.0	0.0	0.0	0.0	0.0	0.0	0.0	0.0	0.0	0.0	0.0	0.0	2.373E-4	0.0	0.0	0.0	0.0	0.0	0.0	0.0	0.0	0.0	0.0	0.0	0.0	0.0	
オオミズナギドリ (<em class="sci">Calonectris leucomelas</em>)	2.508E-4	0.0015	8.07E-4	5.756E-4	7.646E-4	8.123E-4	0.003366	0.0059769	0.0144026	0.0155622	0.0117871	0.016984	0.0143113	0.0132084	0.0274856	0.0230834	0.0270573	0.0136326	0.0282923	0.021394	0.0168666	0.0249622	0.0104938	0.0227481	0.0125634	0.0255239	0.02213	0.0186461	0.0235739	0.0165312	0.0130338	0.0210987	0.0202188	0.0122684	0.0166113	0.0204248	0.0231985	0.0329138	0.0189433	0.009544	0.0068551	0.0032291	0.0041254	0.0020616	0.0017822	0.0	1.868E-4	8.619E-4	
アカアシミズナギドリ (<em class="sci">Ardenna carneipes</em>)	0.0	0.0	1.345E-4	0.0	0.0	0.0	0.0	2.846E-4	1.637E-4	8.743E-4	3.467E-4	7.72E-4	0.0021142	0.0033789	0.0026644	0.0022725	0.0021029	0.001377	0.0032084	0.0021394	0.0024344	0.0028366	0.0010288	0.0034856	0.0028993	0.0021494	0.002213	0.0016214	0.0011641	0.0025217	8.319E-4	0.0019008	7.136E-4	7.511E-4	7.119E-4	1.634E-4	4.106E-4	1.613E-4	6.952E-4	8.248E-4	1.399E-4	3.399E-4	0.0	1.288E-4	0.0	0.0	0.0	1.077E-4	
オナガミズナギドリ (<em class="sci">Ardenna pacifica</em>)	0.0	0.0	0.0	0.0	0.0	0.0	0.0	1.423E-4	3.273E-4	0.0017486	0.0013867	0.0015	0.0091072	0.0234987	0.0150049	0.0032293	0.0016823	0.0011016	0.0021875	0.001689	0.0034777	0.0041604	0.0014403	0.0027518	0.0067649	0.0166577	0.0077455	0.0135792	0.0075669	0.0030821	0.0022185	0.0026611	0.0011893	0.0022534	0.0018984	0.0014706	0.0	0.0014521	0.00504	1.178E-4	1.399E-4	8.498E-4	0.0011551	2.577E-4	1.782E-4	0.0	0.0	0.0	
ミナミオナガミズナギドリ (<em class="sci">Ardenna bulleri</em>)	0.0	0.0	0.0	0.0	0.0	0.0	0.0	0.0	0.0	0.0	0.0	0.0	0.0	0.0	0.0	0.0	0.0	0.0	0.0	0.0	0.0	0.0	2.058E-4	0.0	0.0	0.0	0.0	0.0	0.0	0.0	0.0	0.0	0.0	5.008E-4	0.0015	0.0	0.0	3.227E-4	0.0	0.0	1.399E-4	1.7E-4	0.0	0.0	0.0	0.0	0.0	0.0	
ハイイロミズナギドリ (<em class="sci">Ardenna grisea</em>)	0.0	0.0	0.0	0.0	0.0	0.0	4.39E-4	0.0	1.637E-4	0.0	0.0	3.86E-4	3.253E-4	9.215E-4	8.414E-4	0.0023921	0.0019627	0.0026164	0.0094794	0.0034906	0.004521	0.0085098	0.0032922	0.0093561	0.0033825	0.0040301	0.0041494	0.0044589	0.0011641	0.0022415	5.546E-4	0.0020909	0.0021408	7.511E-4	0.0011865	4.902E-4	6.159E-4	6.454E-4	6.952E-4	8.248E-4	1.399E-4	6.798E-4	4.95E-4	1.288E-4	0.0	0.0	1.868E-4	0.0	
ハシボソミズナギドリ (<em class="sci">Ardenna tenuirostris</em>)	0.0	0.0	1.345E-4	9.59E-5	0.0	0.0015	1.463E-4	2.846E-4	4.91E-4	1.749E-4	1.733E-4	3.86E-4	6.505E-4	0.004454	0.0141635	0.0083722	0.0110753	0.0061966	0.0167712	0.0127238	0.013389	0.019289	0.0080247	0.0080719	0.0050737	0.0042988	0.0035961	0.0050669	0.0026193	0.0030821	0.0013866	0.0011405	0.0014272	2.504E-4	4.746E-4	4.902E-4	0.0010265	9.681E-4	5.214E-4	7.07E-4	4.197E-4	1.7E-4	8.251E-4	9.019E-4	3.564E-4	0.0	0.0015	2.155E-4	
ハイイロミズナギドリ／ハシボソミズナギドリ (<em class="sci">Ardenna grisea/tenuirostris</em>)	0.0	1.343E-4	0.0	9.59E-5	0.0	0.0	2.927E-4	0.0	0.0015	3.497E-4	0.0	3.86E-4	3.253E-4	1.536E-4	9.816E-4	0.0020332	0.0032244	0.0015147	0.0043751	0.0015764	0.0020866	0.0039713	6.173E-4	0.0018345	2.416E-4	5.373E-4	2.766E-4	4.054E-4	8.731E-4	0.0015	0.0	7.603E-4	2.379E-4	0.0	0.0015	0.0	6.159E-4	6.454E-4	0.0	1.178E-4	1.399E-4	1.7E-4	0.0015	0.0	0.0	0.0	0.0	0.0	
コミズナギドリ (<em class="sci">Puffinus nativitatis</em>)	0.0	0.0	0.0	0.0	0.0	0.0	0.0	0.0	0.0	0.0	0.0	0.0	0.0	0.0	0.0	0.0	0.0	0.0	0.0	0.0	0.0	0.0	0.0	0.0	2.416E-4	0.0	0.0	0.0	0.0	0.0	0.0	0.0	0.0	0.0	0.0	0.0	0.0	0.0	0.0	0.0	0.0	0.0	0.0	0.0	0.0	0.0	0.0	0.0	
マンクスミズナギドリ (<em class="sci">Puffinus puffinus</em>)	0.0	0.0	0.0	0.0	0.0	0.0	0.0	0.0	0.0	0.0	0.0	0.0	0.0	0.0	0.0	0.0	0.0	0.0	0.0	0.0	0.0	0.0	0.0	0.0	0.0	2.687E-4	0.0	0.0	0.0	0.0	0.0	0.0	0.0	0.0	0.0	0.0	0.0	0.0	0.0	0.0	0.0	0.0	0.0	0.0	0.0	0.0	0.0	0.0	
オガサワラミズナギドリ (<em class="sci">Puffinus bannermani</em>)	0.0	0.0	0.0	0.0	0.0	0.0	0.0	0.0015	0.0	0.0010491	8.667E-4	0.0	0.0016263	0.0096759	9.816E-4	0.0010764	2.804E-4	0.0015	5.833E-4	3.378E-4	6.955E-4	7.564E-4	0.0	7.338E-4	0.0036241	0.0042988	0.0033195	0.0050669	0.0017462	0.0	2.773E-4	1.901E-4	0.0	5.008E-4	2.373E-4	1.634E-4	0.0	0.0	1.738E-4	0.0	0.0	0.0	0.0	0.0	0.0	0.0	0.0	0.0	
ハワイセグロミズナギドリ (<em class="sci">Puffinus newelli</em>)	0.0	0.0	0.0	0.0	0.0	0.0	0.0	0.0	0.0	0.0	0.0	0.0	0.0	0.0	0.0	0.0	0.0	0.0	0.0	0.0	0.0	0.0	0.0	0.0	0.0	0.0	2.766E-4	2.027E-4	0.0015	0.0015	0.0	0.0	0.0	0.0	0.0	0.0	0.0	0.0	0.0	0.0	0.0	0.0	0.0	0.0	0.0	0.0	0.0	0.0	
オガサワラヒメミズナギドリ (<em class="sci">Puffinus bryani</em>)	1.254E-4	0.0	0.0	0.0	0.0	0.0	0.0	0.0015	0.0	3.497E-4	0.0	0.0	1.626E-4	4.608E-4	0.0	2.392E-4	1.402E-4	0.0	0.0	1.126E-4	0.0	0.0	0.0	0.0	0.0	0.0	2.766E-4	0.0	2.91E-4	0.0	2.773E-4	0.0	0.0015	0.0	4.746E-4	0.0	0.0	0.0	0.0	0.0	0.0	0.0	0.0	0.0	0.0	0.0	0.0	0.0	
トロピカルミズナギドリ (<em class="sci">Puffinus bailloni</em>)	0.0	0.0	0.0	0.0	0.0	0.0	0.0	0.0	0.0	0.0	0.0	0.0	0.0	0.0	0.0	2.392E-4	0.0	0.0	0.0	0.0	0.0	0.0	0.0	0.0	0.0	0.0	2.766E-4	0.0	0.0	0.0	0.0	0.0	0.0	0.0	0.0	0.0	0.0	0.0	0.0	0.0	0.0	0.0	0.0	0.0	0.0	0.0	0.0	0.0	
オガサワラミズナギドリ／トロピカルミズナギドリ (<em class="sci">Puffinus bannermani/bailloni</em>)	0.0	0.0	0.0	0.0	0.0	0.0	0.0	0.0	0.0	0.0	0.0	1.287E-4	0.0	0.0	0.0	0.0	0.0	0.0	0.0	0.0	0.0	0.0	0.0	0.0	0.0	0.0	0.0	0.0	0.0	0.0	0.0	0.0	0.0	0.0	0.0	0.0	0.0	0.0	0.0	0.0	0.0	0.0	0.0	0.0	0.0	0.0	0.0	0.0	
ミズナギドリ属 (<em class="sci">Puffinus sp.</em>)	1.254E-4	0.0	0.0	0.0	0.0	0.0	0.0	0.0	0.0	1.749E-4	1.733E-4	0.0	1.626E-4	1.536E-4	0.0	0.0	0.0	0.0	0.0015	0.0	1.739E-4	0.0	0.0	0.0	4.832E-4	0.0	0.0	2.027E-4	0.0	2.802E-4	0.0	0.0	0.0	0.0	0.0	0.0	0.0	0.0	0.0	0.0	0.0	0.0	0.0	0.0	0.0	0.0	0.0	0.0	
ミズナギドリ科（クロミズナギドリ属／ミズナギドリ属） (<em class="sci">Procellariidae sp. (shearwater sp.)</em>)	0.0	1.343E-4	0.0	0.0	1.274E-4	3.481E-4	0.0	5.692E-4	4.91E-4	1.749E-4	1.733E-4	3.86E-4	0.0019515	0.0010751	0.0015426	4.784E-4	0.0016823	4.131E-4	4.375E-4	4.504E-4	6.955E-4	0.0013238	4.115E-4	3.669E-4	4.832E-4	0.0010747	0.0011065	6.08E-4	5.821E-4	8.406E-4	2.773E-4	5.702E-4	2.379E-4	5.008E-4	2.373E-4	3.268E-4	8.212E-4	8.067E-4	6.952E-4	3.535E-4	0.0	5.099E-4	4.95E-4	1.288E-4	0.0	0.0	0.0	1.077E-4	
ミズナギドリ科 (<em class="sci">Procellariidae sp.</em>)	0.0	0.0	0.0	0.0	0.0	0.0	0.0	0.0	0.0	0.0	0.0	0.0	0.0	0.0	1.402E-4	0.0	0.0	0.0	0.0	0.0	0.0	0.0	0.0	0.0	0.0	0.0	0.0	2.027E-4	2.91E-4	0.0	0.0	0.0	0.0	0.0	0.0	0.0	0.0	0.0	0.0	0.0	0.0	0.0	0.0	0.0	0.0	0.0	0.0	0.0	
ナベコウ (<em class="sci">Ciconia nigra</em>)	1.254E-4	2.686E-4	2.69E-4	9.59E-5	0.0	0.0015	0.0	1.423E-4	0.0	0.0	0.0	0.0	0.0	0.0	0.0	0.0	0.0	0.0	0.0	0.0	0.0	0.0	0.0	0.0	0.0	0.0	0.0	0.0	0.0	0.0	0.0	0.0	0.0	0.0	0.0	0.0	0.0	0.0	0.0	0.0015	1.399E-4	0.0	1.65E-4	6.442E-4	3.564E-4	3.795E-4	0.0015	2.155E-4	
コウノトリ (<em class="sci">Ciconia boyciana</em>)	0.0050163	0.0069836	0.0041695	0.0047966	0.0045877	0.0046414	0.0045368	0.0066885	0.0032733	0.0052457	0.0038135	0.0032167	0.0040657	0.0027646	0.0025242	0.0037077	0.0025235	0.0026164	0.0032084	0.0020268	0.0022605	0.0018911	0.0022634	0.002018	0.002416	0.0010747	0.002213	0.0010134	2.91E-4	0.001401	0.0011093	0.0038016	0.0047574	0.0027541	0.0042715	0.0034314	0.0036953	0.0059697	0.0078206	0.0036526	0.0023783	0.0049286	0.0051155	0.0056694	0.0060595	0.0079696	0.0080314	0.00571	
コグンカンドリ (<em class="sci">Fregata ariel</em>)	0.0	0.0	0.0	0.0	0.0	0.0	0.0	0.0	0.0	0.0	0.0	0.0	0.0	0.0	0.0	1.196E-4	0.0	0.0	0.0	2.252E-4	0.0015	3.782E-4	2.058E-4	0.0	0.0	0.0010747	8.299E-4	4.054E-4	0.0015	0.0015	2.773E-4	0.0	2.379E-4	5.008E-4	2.373E-4	3.268E-4	0.0	3.227E-4	0.0	0.0	0.0	0.0	0.0	0.0	0.0	1.898E-4	0.0	0.0	
オオグンカンドリ (<em class="sci">Fregata minor</em>)	0.0	0.0	0.0	0.0	0.0	0.0	0.0	0.0	0.0	0.0	0.0	0.0	0.0	0.0	0.0	0.0	0.0	0.0	0.0	0.0	0.0	0.0015	0.0015	0.0	0.0	0.0	0.0	0.0	0.0	2.802E-4	0.0	1.901E-4	0.0015	5.008E-4	7.119E-4	4.902E-4	8.212E-4	0.0	0.0	0.0	0.0	0.0	0.0	0.0	0.0	0.0	0.0	0.0	
グンカンドリ属 (<em class="sci">Fregata sp.</em>)	0.0	0.0	0.0	0.0	0.0	0.0	0.0	0.0	0.0	0.0	0.0	0.0	0.0	0.0	0.0	0.0	0.0	0.0	0.0	0.0	0.0	0.0	0.0	0.0	0.0	0.0	2.766E-4	0.0	0.0	2.802E-4	0.0	0.0	0.0015	0.0	0.0	0.0	0.0	0.0	0.0	0.0015	0.0	0.0	0.0	0.0	0.0	0.0	0.0	0.0	
アカアシカツオドリ (<em class="sci">Sula sula</em>)	1.254E-4	0.0	0.0015	9.59E-5	0.0015	0.0	0.0015	2.846E-4	1.637E-4	1.749E-4	1.733E-4	2.573E-4	0.0019515	0.0182768	0.0036461	8.372E-4	9.814E-4	4.131E-4	4.375E-4	9.008E-4	6.955E-4	0.0013238	4.115E-4	0.0012842	0.0057985	0.0051048	0.0049793	0.0024321	0.0032014	2.802E-4	0.0013866	0.0017107	0.0014272	0.0022534	0.0014238	6.536E-4	0.0010265	4.84E-4	0.0020855	2.357E-4	2.798E-4	3.399E-4	4.95E-4	1.288E-4	0.0015	0.0015	0.0	0.0	
カツオドリ (<em class="sci">Sula leucogaster</em>)	0.0022573	0.0032232	0.0033625	0.0020146	0.0038231	0.0027849	0.0039514	0.0022769	0.004419	0.0022731	0.0024268	0.0032167	0.0092698	0.0245738	0.0178096	0.0044253	0.0035048	0.0016524	0.0032084	0.0030402	0.0033038	0.0032148	0.0030864	0.0033021	0.0108722	0.0180011	0.0096819	0.0119578	0.0069849	0.0033623	0.0047144	0.0043718	0.0052331	0.0035053	0.003085	0.0037582	0.0041059	0.0067764	0.0088634	0.0010604	0.0019586	0.0025493	0.0037954	0.0020616	0.0035644	0.0020873	0.0029884	0.0035553	
シロガシラカツオドリ (<em class="sci">Sula brewsteri</em>)	0.0	0.0	0.0	0.0	0.0	0.0	0.0	0.0	0.0	0.0	0.0	0.0	6.505E-4	0.0016894	0.0	0.0	0.0	1.377E-4	0.0	0.0	0.0	1.891E-4	4.115E-4	0.0	7.248E-4	2.687E-4	2.766E-4	2.027E-4	0.0	0.0	2.773E-4	0.0	0.0	0.0	0.0	0.0	0.0	0.0	5.214E-4	0.0	0.0	0.0	0.0	0.0	0.0	0.0	0.0	0.0	
アオツラカツオドリ (<em class="sci">Sula dactylatra</em>)	1.254E-4	0.0	0.0	0.0015	0.0	1.16E-4	0.0015	0.0	0.0	1.749E-4	1.733E-4	2.573E-4	0.0015	0.0030717	0.0015426	1.196E-4	0.0	8.262E-4	1.458E-4	2.252E-4	1.739E-4	0.0	0.0	0.0	4.832E-4	8.06E-4	0.0016598	0.0	8.731E-4	0.0	0.0011093	3.802E-4	2.379E-4	5.008E-4	2.373E-4	0.0015	4.106E-4	0.0019361	5.214E-4	0.0015	0.0	0.0	0.0	0.0	0.0	1.898E-4	0.0	0.0	
ナスカカツオドリ (<em class="sci">Sula granti</em>)	0.0	0.0	0.0	0.0	0.0	0.0	0.0	0.0	1.637E-4	0.0	0.0	0.0	0.0	0.0	0.0	0.0	1.402E-4	0.0	0.0	0.0	0.0	0.0	0.0	0.0	0.0	0.0	0.0	0.0	0.0	2.802E-4	0.0015	0.0	0.0	0.0	0.0	0.0	0.0	0.0	0.0	0.0	0.0	0.0	0.0	0.0	0.0	0.0	0.0	0.0	
カツオドリ属 (<em class="sci">Sula sp.</em>)	0.0	0.0	0.0	0.0	0.0	0.0	0.0	0.0	0.0	0.0	0.0	0.0	0.0	0.0015	0.0	0.0	0.0	0.0	0.0	0.0	0.0	0.0	0.0	0.0	2.416E-4	0.0	0.0	0.0	0.0	0.0	0.0	0.0	0.0	0.0	2.373E-4	0.0	0.0	0.0	0.0	0.0	0.0	0.0	0.0	1.288E-4	0.0	0.0	0.0	0.0	
チシマウガラス (<em class="sci">Urile urile</em>)	8.779E-4	5.372E-4	6.725E-4	0.0018227	0.0011469	0.0012764	0.0023416	0.0027039	0.0026187	8.743E-4	6.934E-4	3.86E-4	3.253E-4	0.0	2.805E-4	7.176E-4	1.402E-4	0.0	0.0	5.63E-4	0.0012172	0.0020802	0.0022634	9.173E-4	4.832E-4	0.0013434	0.0011065	0.0010134	8.731E-4	8.406E-4	0.0	5.702E-4	0.0	0.0	0.0	0.0	0.0	3.227E-4	3.476E-4	0.0	5.596E-4	6.798E-4	3.3E-4	6.442E-4	5.347E-4	3.795E-4	7.471E-4	0.0014006	
ヒメウ (<em class="sci">Urile pelagicus</em>)	0.0179333	0.0224281	0.0305313	0.0309862	0.0353001	0.041657	0.0436119	0.0510887	0.0366612	0.0241301	0.0182007	0.0117087	0.0102456	0.0093688	0.0122003	0.0154288	0.0248142	0.013908	0.0110836	0.01126	0.013389	0.0113464	0.0078189	0.0078885	0.0062817	0.0053735	0.004426	0.0044589	0.0040745	0.0036425	0.0013866	0.0034214	0.0021408	0.0012519	4.746E-4	0.0022876	0.0045165	0.0067764	0.004171	0.0051844	0.0076945	0.0100272	0.0122112	0.0088906	0.0114062	0.0136622	0.0183041	0.0228399	
カワウ (<em class="sci">Phalacrocorax carbo</em>)	0.3399799	0.3378995	0.2980498	0.2998849	0.2889002	0.2866094	0.2787941	0.2806318	0.2875614	0.3108935	0.301092	0.3089295	0.2859001	0.28137	0.2667228	0.2619304	0.2366466	0.2347838	0.2277964	0.2015539	0.2037906	0.198941	0.1975309	0.2056503	0.2121285	0.2119828	0.2295989	0.2330766	0.2607683	0.2673018	0.2739878	0.2710511	0.2666508	0.2676515	0.2667299	0.2596405	0.2529255	0.2660536	0.2752868	0.2777189	0.301343	0.3139021	0.309901	0.3303698	0.3530565	0.3480076	0.3520732	0.3450765	
ウミウ (<em class="sci">Phalacrocorax capillatus</em>)	0.0201906	0.0186677	0.0256893	0.0216807	0.0280362	0.0299373	0.0250256	0.0328732	0.0276596	0.0281518	0.0216675	0.0285641	0.0217922	0.0202734	0.0215958	0.0276283	0.0406561	0.0253374	0.0246463	0.021394	0.0359937	0.0242057	0.0216049	0.0192625	0.024402	0.0198818	0.0171508	0.0214836	0.0168801	0.0154105	0.0124792	0.0224292	0.0147479	0.0112669	0.0201709	0.0171569	0.0201191	0.0271055	0.0185958	0.0183811	0.0183268	0.0239633	0.0240924	0.0193274	0.0215648	0.0180266	0.0205454	0.0248869	
カワウ／ウミウ (<em class="sci">Phalacrocorax carbo/capillatus</em>)	0.0026336	0.0034918	0.0028245	0.0025902	0.0035682	0.003133	0.0010244	0.0022769	0.0022913	0.0026228	0.0031201	0.00193	0.0024394	0.0010751	0.0029449	0.0015548	0.0021029	9.639E-4	0.0013125	0.0021394	0.0034777	0.001702	0.0022634	0.002018	4.832E-4	0.0013434	8.299E-4	0.0020268	8.731E-4	8.406E-4	0.0016639	0.0011405	7.136E-4	0.0027541	0.0028477	0.0022876	0.002053	0.0027428	8.69E-4	0.0011783	0.001399	0.0025493	0.0028053	0.0027058	0.0030298	5.693E-4	0.0026149	0.0026934	
ウ属 (<em class="sci">Phalacrocoracidae sp.</em>)	0.0035114	0.0028203	0.003766	0.0031658	0.0034408	0.0048735	0.002927	0.0066885	0.0050736	0.0069942	0.0067603	0.0068194	0.0060172	0.0041468	0.0051886	0.0044253	0.004346	0.0034426	0.0037917	0.0023646	0.0034777	0.0011346	0.0018519	9.173E-4	0.0019328	0.0013434	0.0033195	0.0020268	0.0014552	0.0016811	0.0013866	0.0039916	0.0021408	0.0025038	0.003085	0.0029412	0.0022583	0.0030655	0.0033021	0.0036526	0.002798	0.003569	0.0037954	0.0037366	0.0035644	0.0036053	0.003362	0.0050636	
ブロンズトキ (<em class="sci">Plegadis falcinellus</em>)	0.0	0.0	0.0	0.0	0.0	0.0	0.0	0.0	0.0	0.0	0.0	0.0	3.253E-4	0.0	0.0	0.0015	1.402E-4	1.377E-4	0.0	0.0	0.0	0.0	0.0015	0.0	4.832E-4	0.0	0.0	0.0	0.0	0.0	0.0	0.0	0.0	0.0	0.0	0.0	0.0	0.0	0.0	0.0	0.0	0.0	0.0	0.0	0.0	0.0	0.0	0.0	
クロトキ (<em class="sci">Threskiornis melanocephalus</em>)	0.0	0.0	0.0	0.0	0.0	0.0	1.463E-4	0.0	0.0	0.0	0.0	0.0	0.0	0.0	0.0	0.0	0.0	0.0	0.0	0.0	0.0	0.0	0.0	0.0	0.0	0.0	0.0	0.0	0.0	0.0	0.0	0.0	0.0	0.0	2.373E-4	0.0	0.0015	1.613E-4	0.0	0.0	0.0	0.0	0.0	0.0	0.0015	0.0	0.0	0.0	
トキ (<em class="sci">Nipponia nippon</em>)	1.254E-4	1.343E-4	0.0	1.919E-4	0.0017841	5.802E-4	8.781E-4	8.538E-4	9.82E-4	1.749E-4	1.733E-4	0.0010293	8.131E-4	9.215E-4	8.414E-4	0.0016744	1.402E-4	0.0011016	0.0014584	3.378E-4	0.0026082	1.891E-4	0.0016461	0.0029352	0.0015	2.687E-4	8.299E-4	4.054E-4	5.821E-4	8.406E-4	0.0	9.504E-4	7.136E-4	7.511E-4	0.0014238	4.902E-4	2.053E-4	3.227E-4	0.0015641	4.713E-4	5.596E-4	1.7E-4	1.65E-4	2.577E-4	5.347E-4	1.898E-4	0.0	5.387E-4	
ヘラサギ (<em class="sci">Platalea leucorodia</em>)	0.0106596	0.0192049	0.0160054	0.0119916	0.014273	0.0150847	0.012586	0.0113847	0.0094926	0.0076937	0.0058936	0.006562	0.0042283	0.0039932	0.0021035	0.0029901	0.0033646	0.0015147	0.0013125	0.0024772	8.694E-4	1.891E-4	4.115E-4	7.338E-4	9.664E-4	5.373E-4	8.299E-4	8.107E-4	5.821E-4	2.802E-4	5.546E-4	0.0013305	0.0030923	0.0010015	0.0011865	0.0014706	8.212E-4	4.84E-4	0.0010428	0.0020031	0.0022384	0.0061183	0.0067657	0.0091483	0.0099804	0.0098672	0.0128876	0.0119586	
クロツラヘラサギ (<em class="sci">Platalea minor</em>)	0.0112867	0.027263	0.0208473	0.0188987	0.0186058	0.0229752	0.0194644	0.0176462	0.01473	0.0215073	0.0150806	0.01544	0.0130102	0.0147443	0.0150049	0.0204521	0.0121968	0.0092261	0.0064168	0.0085576	0.0043471	0.0022693	0.0020576	0.0023849	0.0028993	0.0045674	0.0024896	0.0022294	0.0029104	0.001401	0.0036051	0.0041817	0.0052331	0.0030045	0.0073564	0.0053922	0.0032847	0.0025815	0.0046924	0.006127	0.0067152	0.0067981	0.010396	0.0114676	0.0156835	0.0159393	0.019238	0.0169145	
ヘラサギ属 (<em class="sci">Platalea sp.</em>)	3.762E-4	9.401E-4	0.0012105	3.837E-4	2.549E-4	3.481E-4	1.463E-4	1.423E-4	0.0	0.0	0.0	0.0	0.0	0.0	0.0	0.0	0.0	0.0	0.0	1.126E-4	0.0	0.0	0.0	0.0	0.0	0.0	0.0	0.0	0.0	0.0	0.0	0.0	0.0	0.0	0.0	0.0	0.0	0.0	0.0	0.0015	0.0	0.0	1.65E-4	0.0015	0.0	0.0	0.0	0.0011851	
サンカノゴイ (<em class="sci">Botaurus stellaris</em>)	0.0017557	9.401E-4	5.38E-4	7.675E-4	7.646E-4	6.962E-4	7.317E-4	5.692E-4	9.82E-4	8.743E-4	1.733E-4	0.001158	4.879E-4	4.608E-4	0.0012621	8.372E-4	4.206E-4	1.377E-4	0.0020417	0.0010134	0.0013911	0.0011346	6.173E-4	7.338E-4	2.416E-4	0.0018807	0.0	4.054E-4	2.91E-4	0.0	0.0	0.0	0.0	0.0	2.373E-4	0.0	0.0	0.0	1.738E-4	2.357E-4	4.197E-4	5.099E-4	1.65E-4	3.865E-4	0.0015	9.488E-4	0.0014942	0.0014006	
タカサゴクロサギ (<em class="sci">Botaurus flavicollis</em>)	0.0	0.0	0.0	0.0015	0.0	0.0	0.0	0.0	0.0	0.0	0.0	0.0	0.0	0.0	0.0	0.0	0.0	0.0	0.0	0.0	0.0	0.0	0.0	0.0	0.0	0.0	0.0	0.0	0.0	0.0	0.0	0.0	0.0	0.0	0.0	0.0	0.0	0.0	0.0	0.0	0.0	3.399E-4	0.0	0.0	0.0015	0.0	0.0	0.0	
リュウキュウヨシゴイ (<em class="sci">Botaurus cinnamomeus</em>)	5.016E-4	8.058E-4	4.035E-4	7.675E-4	5.097E-4	3.481E-4	5.854E-4	5.692E-4	4.91E-4	5.246E-4	0.0013867	9.007E-4	3.253E-4	0.0019966	0.0011219	0.001794	9.814E-4	6.885E-4	0.0014584	0.0031528	0.0026082	7.564E-4	0.0022634	7.338E-4	0.0019328	0.0018807	8.299E-4	0.0028375	0.0011641	0.0042029	0.0022185	0.0028512	0.0049952	0.0017526	0.0028477	9.804E-4	0.0012318	3.227E-4	6.952E-4	0.0012961	8.394E-4	3.399E-4	4.95E-4	9.019E-4	0.0014258	7.59E-4	3.736E-4	4.309E-4	
オオヨシゴイ (<em class="sci">Botaurus eurhythmus</em>)	0.0	0.0	0.0	0.0	0.0	0.0	0.0	0.0	0.0	0.0	0.0	0.0	0.0	0.0	0.0	0.0	0.0	0.0	0.0015	1.126E-4	0.0	1.891E-4	0.0	0.0	2.416E-4	8.06E-4	2.766E-4	0.0	0.0	0.0	0.0	0.0	0.0	0.0	2.373E-4	0.0	2.053E-4	6.454E-4	0.0	1.178E-4	1.399E-4	1.7E-4	0.0	0.0	0.0	0.0	0.0	0.0	
ヨシゴイ (<em class="sci">Botaurus sinensis</em>)	0.0	0.0	1.345E-4	3.837E-4	2.549E-4	9.283E-4	0.0011708	2.846E-4	0.0011457	5.246E-4	0.0015	0.0	0.0	0.0	0.0015	1.196E-4	5.608E-4	4.131E-4	0.0024792	0.0038284	0.007477	0.0075643	0.0098765	0.0067877	0.0084561	0.0120903	0.0085754	0.0091204	0.0075669	0.0042029	0.0049917	0.0051321	0.0014272	0.0012519	0.0014238	0.0017974	0.0016424	0.0016134	0.0029545	0.0023565	9.793E-4	8.498E-4	1.65E-4	2.577E-4	0.0	1.898E-4	0.0	1.077E-4	
ヨシゴイ属 (<em class="sci">Botaurus sp. (small bittern sp.)</em>)	0.0	0.0	0.0	0.0	0.0	0.0	0.0	0.0	0.0	0.0	0.0	0.0	0.0	0.0	0.0	0.0	0.0	0.0	0.0	0.0	0.0	0.0	0.0	1.835E-4	0.0	0.0	0.0	0.0	0.0	0.0	0.0	0.0	0.0	0.0	0.0	0.0	0.0	0.0	0.0	0.0	0.0	0.0	0.0	0.0	0.0	0.0	0.0	0.0	
ゴイサギ (<em class="sci">Nycticorax nycticorax</em>)	0.0356158	0.0303519	0.0256893	0.029835	0.033516	0.0264563	0.0273672	0.0239078	0.0212766	0.019409	0.017854	0.0204581	0.0201659	0.0213485	0.0231384	0.0253558	0.0215898	0.0265767	0.0287298	0.0290508	0.0342549	0.0327156	0.036214	0.0361402	0.0398647	0.0464804	0.0467497	0.0460073	0.0535506	0.0565985	0.0590682	0.053602	0.0456708	0.0455684	0.0457997	0.0408497	0.0406487	0.0280736	0.0286757	0.0240368	0.0267208	0.0258328	0.0252475	0.0329854	0.0304759	0.0322581	0.031752	0.0365223	
ズグロミゾゴイ (<em class="sci">Gorsachius melanolophus</em>)	0.0015049	0.0021488	2.69E-4	4.797E-4	6.372E-4	4.641E-4	2.927E-4	0.0	4.91E-4	3.497E-4	0.00104	0.00193	8.131E-4	0.0016894	1.402E-4	8.372E-4	0.0015	1.377E-4	4.375E-4	6.756E-4	5.216E-4	0.0	0.0	1.835E-4	7.248E-4	5.373E-4	2.766E-4	4.054E-4	5.821E-4	8.406E-4	5.546E-4	0.0	2.379E-4	0.0	0.0014238	4.902E-4	2.053E-4	0.0015	0.0	1.178E-4	1.399E-4	1.7E-4	3.3E-4	1.288E-4	3.564E-4	3.795E-4	3.736E-4	2.155E-4	
ミゾゴイ (<em class="sci">Gorsachius goisagi</em>)	7.524E-4	5.372E-4	0.0	0.0	3.823E-4	5.802E-4	8.781E-4	0.0011385	0.0011457	0.001224	5.2E-4	5.147E-4	6.505E-4	0.0013823	0.002384	0.0039469	0.0018225	8.262E-4	0.0010209	0.0014638	5.216E-4	0.0011346	6.173E-4	0.0011007	9.664E-4	0.0015	0.0	8.107E-4	5.821E-4	5.604E-4	2.773E-4	0.0	2.379E-4	0.0	0.0	8.17E-4	4.106E-4	4.84E-4	0.0015	2.357E-4	1.399E-4	1.7E-4	9.901E-4	1.288E-4	0.0	0.0	7.471E-4	2.155E-4	
ミゾゴイ／ズグロミゾゴイ (<em class="sci">Gorsachius melanolophus/goisagi</em>)	0.0	0.0	0.0	0.0	0.0	0.0	0.0	0.0	0.0	0.0	0.0	0.0	0.0	0.0	0.0	0.0	0.0	0.0	0.0	0.0	0.0	0.0	0.0	0.0	0.0	0.0	0.0	0.0	0.0	0.0	0.0	0.0	0.0	0.0015	0.0	0.0	0.0	0.0	0.0	0.0	0.0	0.0	0.0	0.0	0.0	0.0	0.0	0.0	
クロサギ (<em class="sci">Egretta sacra</em>)	0.0111613	0.0111469	0.0099529	0.0095932	0.0128712	0.0103272	0.0098054	0.0109577	0.0099836	0.0124148	0.0135205	0.0099074	0.0094324	0.0124405	0.0079933	0.0090898	0.0063087	0.006472	0.0086043	0.01126	0.008868	0.0049168	0.0039095	0.0071547	0.0082145	0.0091349	0.0099585	0.0072963	0.0061118	0.0050434	0.0180255	0.0102642	0.0173644	0.0115173	0.0161367	0.0109477	0.0114966	0.0132301	0.0152937	0.0124897	0.009653	0.0081577	0.010396	0.009406	0.0103368	0.0047438	0.0082182	0.008942	
カラシラサギ (<em class="sci">Egretta eulophotes</em>)	0.0	0.0	0.0	0.0	1.274E-4	0.0	0.0	0.0	0.0	0.0	0.0	0.0	0.0	3.072E-4	0.0	7.176E-4	7.01E-4	4.131E-4	5.833E-4	0.0019142	5.216E-4	1.891E-4	0.0010288	9.173E-4	0.001208	0.0015	8.299E-4	0.0024321	0.0023283	0.0019613	0.0011093	7.603E-4	2.379E-4	0.0015	2.373E-4	3.268E-4	0.0	1.613E-4	0.0	0.0	1.399E-4	0.0	0.0	0.0	0.0	0.0	0.0	0.0015	
コサギ (<em class="sci">Egretta garzetta</em>)	0.2155756	0.2033306	0.198117	0.1863968	0.1844017	0.1753307	0.1723987	0.1595275	0.1888707	0.1905928	0.1972612	0.1949305	0.1949911	0.1651052	0.1563596	0.1517761	0.1502874	0.1320573	0.1153566	0.1087715	0.1045036	0.0981467	0.1115226	0.1104385	0.1150036	0.1230521	0.1441217	0.1578841	0.19383	0.2098627	0.2354409	0.2282836	0.2307326	0.229344	0.2520171	0.2377451	0.2303428	0.226202	0.2365311	0.2244609	0.230554	0.2309653	0.219967	0.2305115	0.2382819	0.2172676	0.2274935	0.2133161	
ササゴイ (<em class="sci">Butorides atricapilla</em>)	0.0012541	0.0024174	0.0012105	0.0021105	5.097E-4	0.0012764	0.0011708	0.0014231	0.0018003	0.001224	0.0045068	0.001544	0.0014637	0.0015359	0.0026644	0.0076546	0.0102341	0.0206555	0.0141461	0.012949	0.0168666	0.0143722	0.0139918	0.0124748	0.0198115	0.0188071	0.0143845	0.016214	0.0227008	0.0154105	0.0133111	0.0098841	0.0123692	0.006009	0.0059326	0.0062092	0.0053377	0.0032268	0.0029545	0.0022387	6.995E-4	5.099E-4	0.0019802	0.002577	0.0023169	0.0018975	7.471E-4	0.0011851	
インドアカガシラサギ (<em class="sci">Ardeola grayii</em>)	0.0	0.0	0.0	0.0	0.0	0.0	0.0	0.0	0.0	0.0	0.0	0.0	0.0	0.0	0.0	0.0	0.0	0.0	0.0	0.0	0.0	0.0	0.0	0.0	0.0	0.0	0.0	0.0	0.0	0.0	0.0	0.0	0.0	0.0	0.0	0.0015	0.0	0.0	0.0	0.0	0.0	0.0	0.0	0.0	0.0	0.0	0.0	0.0	
アカガシラサギ (<em class="sci">Ardeola bacchus</em>)	0.0011287	8.058E-4	4.035E-4	0.0010553	6.372E-4	0.0012764	4.39E-4	4.269E-4	4.91E-4	6.994E-4	5.2E-4	6.433E-4	8.131E-4	0.001843	0.0011219	0.0050233	0.0039254	0.0038557	0.0016042	0.0030402	0.0019127	1.891E-4	0.0014403	9.173E-4	0.0016912	0.001612	0.0016598	6.08E-4	8.731E-4	5.604E-4	0.0	3.802E-4	2.379E-4	0.0010015	7.119E-4	0.0014706	2.053E-4	4.84E-4	6.952E-4	8.248E-4	9.793E-4	0.0013596	6.601E-4	0.0018039	3.564E-4	3.795E-4	7.471E-4	4.309E-4	
ジャワアカガシラサギ (<em class="sci">Ardeola speciosa</em>)	0.0	1.343E-4	0.0	0.0	0.0	0.0	0.0	0.0	0.0	0.0	0.0	0.0015	0.0	0.0	0.0	0.0	0.0	0.0	0.0	0.0	0.0	0.0	0.0	3.669E-4	0.0	0.0	0.0	2.027E-4	2.91E-4	5.604E-4	8.319E-4	0.0011405	7.136E-4	5.008E-4	0.0014238	3.268E-4	2.053E-4	0.0	0.0	0.0	1.399E-4	0.0	0.0	0.0	3.564E-4	0.0	0.0	0.0	
アカガシラサギ属 (<em class="sci">Ardeola sp.</em>)	0.0	1.343E-4	0.0	0.0	0.0	0.0	0.0	0.0	0.0	0.0	0.0	0.0	0.0	0.0	0.0	0.0	0.0	0.0	0.0	0.0	0.0	0.0	0.0	0.0	0.0	0.0	0.0	0.0	0.0	0.0	0.0	1.901E-4	0.0	0.0	0.0	0.0	0.0	0.0	0.0	0.0	0.0	0.0	0.0015	0.0	0.0	0.0	0.0	0.0	
アマサギ (<em class="sci">Ardea coromanda</em>)	0.0079007	0.0041633	0.004304	0.0034536	0.0030585	0.0034811	0.0036587	0.0019923	0.0036007	0.0047211	0.0124805	0.0078487	0.0063425	0.0116726	0.014444	0.0215285	0.0280387	0.0224456	0.0204171	0.0220696	0.0137367	0.0115356	0.0127572	0.0148597	0.014013	0.0153143	0.0149378	0.0172274	0.0186263	0.024937	0.0282862	0.0309827	0.0275928	0.0280421	0.0310869	0.0205882	0.0106754	0.0091965	0.0085158	0.0087192	0.0057359	0.0054385	0.0036304	0.0056694	0.0057031	0.0049336	0.0037355	0.0043094	
アマサギ／ニシアマサギ (<em class="sci">Ardea ibis/coromanda</em>)	0.0	0.0	0.0	0.0	0.0	0.0	0.0	0.0	0.0	0.0	0.0	0.0	0.0	0.0	0.0	0.0	0.0	0.0	0.0	0.0	0.0	0.0	2.058E-4	3.669E-4	0.0	0.0	0.0	0.0	0.0	0.0	0.0	0.0	0.0	0.0	0.0	0.0	0.0	0.0	0.0	0.0	0.0	0.0	0.0	0.0	0.0	0.0	0.0	0.0	
ダイサギ (<em class="sci">Ardea alba</em>)	0.2249812	0.224953	0.1822461	0.1877398	0.1752262	0.1764911	0.1558613	0.1589583	0.1689034	0.1739815	0.1672734	0.1577458	0.165718	0.1669482	0.1702426	0.1838297	0.1755222	0.1629028	0.138107	0.1178921	0.1114589	0.1043873	0.112963	0.1181435	0.1389224	0.1380978	0.1546335	0.1655857	0.2316647	0.2605772	0.2800887	0.2835963	0.2833016	0.3057086	0.3163265	0.3120915	0.2915212	0.2812197	0.2672923	0.2355367	0.2467823	0.2583277	0.2462046	0.2461023	0.2523614	0.2413662	0.243743	0.2239819	
チュウサギ (<em class="sci">Ardea intermedia</em>)	0.0134186	0.0119527	0.0088769	0.0084421	0.009048	0.0085867	0.0090736	0.0082539	0.0094926	0.0129393	0.0185474	0.0155687	0.0237437	0.0261097	0.0312719	0.0358809	0.0421982	0.0362159	0.0345632	0.0322036	0.0299078	0.0243949	0.0325103	0.0315538	0.0350326	0.0429876	0.0340249	0.0445886	0.0608265	0.072009	0.0829174	0.0912374	0.0727878	0.0736104	0.0738016	0.0656863	0.0472182	0.0429171	0.0399722	0.0283964	0.0173475	0.0164854	0.0138614	0.0141734	0.0151488	0.0098672	0.0102727	0.0086188	
アマサギ／チュウサギ (<em class="sci">Ardea coromanda/intermedia</em>)	0.0	0.0	0.0	0.0	0.0	0.0	0.0	0.0	0.0	0.0	0.0	0.0	0.0	0.0	0.0	0.0	0.0	0.0	0.0	0.0	0.0	0.0	0.0015	0.0	0.0	0.0	0.0	0.0	0.0	0.0	0.0	0.0	0.0	0.0	0.0	0.0	0.0	0.0	0.0	0.0	0.0	0.0	0.0	0.0	0.0	0.0	0.0	0.0	
ダイサギ／チュウサギ (<em class="sci">Ardea alba/intermedia</em>)	0.0020065	0.0032232	0.0028245	0.0020146	0.0015292	0.0026688	0.0011708	0.0017077	0.0013093	3.497E-4	8.667E-4	0.0014153	0.0021142	0.0013823	0.0028047	0.0015548	0.0022431	0.0024787	0.0016042	0.0013512	0.0013911	0.0030257	0.0016461	0.0038525	4.832E-4	0.0021494	0.0030429	0.0026348	0.0090221	0.0100869	0.0055463	0.007223	0.003568	0.0067601	0.0056953	0.0047386	0.0053377	0.0033882	0.0020855	0.0023565	0.0023783	0.0032291	0.0019802	0.0024481	0.0019604	0.0017078	0.0014942	0.002047	
アオサギ (<em class="sci">Ardea cinerea</em>)	0.3245548	0.321112	0.2763954	0.269858	0.2571683	0.2650267	0.2454266	0.2429202	0.2399345	0.2705018	0.266424	0.2882141	0.2761425	0.2726156	0.2674239	0.2851334	0.2831908	0.2762324	0.2582762	0.2508726	0.2609981	0.2634266	0.2559671	0.2625206	0.2785697	0.2665234	0.3026279	0.3060397	0.3579744	0.3732138	0.3679978	0.3892796	0.3651284	0.3765648	0.3910774	0.379085	0.3668651	0.3568893	0.3592284	0.342406	0.3321209	0.3490823	0.3470297	0.3556243	0.3523436	0.3409867	0.3500187	0.3304245	
雑種 アオサギ ｘ ダイサギ (<em class="sci">Ardea alba x cinerea</em>)	1.254E-4	0.0	0.0	0.0	0.0	3.481E-4	0.0	1.423E-4	0.0	0.0	0.0	0.0	0.0	0.0	0.0	0.0	0.0	0.0	0.0	0.0	0.0	0.0	0.0	0.0	0.0	0.0	0.0	0.0	0.0	0.0	0.0	0.0	0.0	0.0	0.0	0.0	0.0	0.0	0.0	0.0	0.0	0.0	0.0	0.0	0.0	0.0	0.0	0.0	
ムラサキサギ (<em class="sci">Ardea purpurea</em>)	0.0028844	0.0016116	2.69E-4	3.837E-4	7.646E-4	3.481E-4	5.854E-4	1.423E-4	0.001473	0.002448	0.0055469	0.0032167	0.0019515	0.0021502	8.414E-4	0.001794	0.0015421	9.639E-4	5.833E-4	0.0012386	0.0010433	1.891E-4	0.0016461	0.0012842	0.0031409	8.06E-4	0.0013831	0.0012161	0.0011641	0.0016811	0.0022185	3.802E-4	9.515E-4	0.0030045	0.0045088	0.0014706	4.106E-4	0.0015	0.0	4.713E-4	6.995E-4	5.099E-4	4.95E-4	3.865E-4	0.0010693	0.0011385	7.471E-4	0.0010774	
アオサギ属 (<em class="sci">Ardea sp.</em>)	1.254E-4	0.0	0.0	0.0	0.0	0.0	0.0	0.0	0.0	0.0	0.0	0.0	0.0	0.0	0.0	0.0	0.0	0.0	0.0	0.0	0.0	0.0	0.0	0.0	0.0	0.0	0.0	0.0	0.0	0.0	0.0	0.0	0.0	0.0	0.0	0.0	0.0	0.0	0.0	0.0	0.0	0.0	0.0	0.0	0.0	0.0	0.0	0.0	
サギ科 (<em class="sci">Ardeidae sp.</em>)	0.0015	2.686E-4	2.69E-4	9.59E-5	3.823E-4	4.641E-4	2.927E-4	1.423E-4	4.91E-4	5.246E-4	1.733E-4	7.72E-4	4.879E-4	4.608E-4	5.609E-4	3.588E-4	4.206E-4	8.262E-4	4.375E-4	0.0010134	3.478E-4	5.673E-4	0.0012346	0.0018345	4.832E-4	2.687E-4	8.299E-4	6.08E-4	0.0011641	2.802E-4	0.0011093	5.702E-4	4.757E-4	0.0015	4.746E-4	4.902E-4	4.106E-4	8.067E-4	0.0012165	5.891E-4	9.793E-4	3.399E-4	3.3E-4	2.577E-4	1.782E-4	3.795E-4	7.471E-4	5.387E-4	
シラサギ属／アマサギ属 (<em class="sci">Egretta/Ardea sp.</em>)	6.27E-4	0.001343	0.001076	0.0011512	8.921E-4	8.123E-4	0.0013171	0.0012808	0.0011457	8.743E-4	0.0015601	0.0024447	0.0030899	0.0032253	0.0040668	0.0022725	0.0019627	0.0017901	0.0020417	0.002252	0.002956	0.0024584	0.0024691	0.0027518	0.0062817	0.0026867	0.0016598	0.0030401	0.0043655	0.0039227	0.0069329	0.004942	0.0042816	0.0030045	0.0042715	0.004902	0.00349	0.0046789	0.0022593	0.0028279	0.0015389	0.0018695	0.0016502	0.0024481	0.0012475	0.0018975	0.0018678	0.0018315	
モモイロペリカン (<em class="sci">Pelecanus onocrotalus</em>)	0.0	0.0	1.345E-4	0.0	0.0	0.0	0.0	0.0	0.0	0.0	0.0	0.0	0.0	0.0	0.0	0.0	0.0	0.0	0.0	0.0	0.0	0.0	0.0	0.0	0.0	0.0	0.0	0.0	0.0	0.0	0.0	0.0	0.0	0.0	0.0	0.0	0.0	0.0	0.0	0.0	0.0	0.0	0.0	0.0	0.0	0.0	0.0	0.0	
コシベニペリカン (<em class="sci">Pelecanus rufescens</em>)	0.0	0.0	0.0	0.0	0.0	0.0	0.0	0.0	0.0	0.0	0.0	0.0	0.0	0.0	0.0	0.0	0.0	0.0	0.0	0.0	0.0	0.0	0.0	0.0	0.0	0.0	0.0	0.0	0.0	0.0	0.0	0.0	0.0	0.0	0.0	0.0	0.0	0.0	0.0	0.0	0.0	0.0	0.0	0.0	0.0	0.0	0.0015	0.0	
ハイイロペリカン (<em class="sci">Pelecanus crispus</em>)	0.0	0.0	0.0	0.0	0.0	1.16E-4	0.0	0.0	0.0	0.0	0.0	0.0	0.0	0.0	0.0	0.0	0.0	0.0	0.0	0.0	0.0	0.0	0.0	0.0	0.0	0.0	0.0	0.0	0.0	0.0	0.0	0.0	0.0	0.0	0.0	0.0	0.0	0.0	0.0	0.0	0.0	0.0	0.0	0.0	0.0	0.0	0.0	0.0	
ペリカン属 (<em class="sci">Pelecanus sp.</em>)	1.254E-4	0.0	0.0	0.0	0.0	0.0	0.0	0.0	0.0	0.0	0.0	0.0	0.0	0.0	0.0	0.0	0.0	0.0	0.0	0.0	0.0	0.0	0.0	0.0	0.0	0.0	0.0	0.0	0.0	0.0	0.0	0.0	0.0	0.0	0.0	0.0	0.0	0.0	0.0	0.0	0.0	0.0	0.0	0.0	0.0	0.0	0.0	0.0	
ヒメコンドル (<em class="sci">Cathartes aura</em>)	0.0	0.0	0.0	0.0	0.0	0.0	0.0	0.0	0.0	0.0	0.0	0.0	0.0	0.0	0.0	1.196E-4	1.402E-4	0.0	0.0	1.126E-4	0.0	0.0	0.0	0.0	0.0	0.0	0.0	0.0	0.0	0.0	0.0	0.0	0.0	0.0	0.0	0.0	0.0	0.0	0.0	0.0	0.0	0.0	0.0	0.0	0.0	0.0	0.0	0.0	
ミサゴ (<em class="sci">Pandion haliaetus</em>)	0.0941811	0.0949503	0.0840619	0.0807751	0.0810501	0.0854026	0.0743451	0.0735734	0.0613748	0.0676692	0.0568556	0.0546835	0.0448853	0.0456151	0.0394054	0.0473628	0.0443011	0.0402093	0.0316465	0.0283752	0.026778	0.0185325	0.0240741	0.0234819	0.0193283	0.0209565	0.02213	0.0253344	0.032014	0.0319417	0.0479756	0.056073	0.0637488	0.0630946	0.0740389	0.0875817	0.0708273	0.0793804	0.074383	0.0755273	0.0810017	0.0729096	0.0785479	0.0831078	0.0855462	0.0825427	0.0844229	0.0884508	
カタグロトビ (<em class="sci">Elanus caeruleus</em>)	0.0012541	6.715E-4	4.035E-4	1.919E-4	7.646E-4	2.321E-4	1.463E-4	0.0	3.273E-4	3.497E-4	0.0019067	0.0012867	0.001301	9.215E-4	1.402E-4	7.176E-4	1.402E-4	0.0	2.917E-4	3.378E-4	5.216E-4	0.0	4.115E-4	0.0015	0.0	0.0	0.0	2.027E-4	2.91E-4	2.802E-4	0.0	1.901E-4	0.0	2.504E-4	0.0021357	8.17E-4	2.053E-4	0.0	0.0	0.0015	1.399E-4	1.7E-4	1.65E-4	1.288E-4	0.0015	3.795E-4	7.471E-4	3.232E-4	
ハチクマ (<em class="sci">Pernis ptilorhynchus</em>)	0.0	0.0	0.0	0.0	0.0	0.0	0.0	0.0	3.273E-4	0.0	0.0	0.0	3.253E-4	1.536E-4	2.805E-4	1.196E-4	0.003645	0.0077114	0.008021	0.0070938	0.0041732	0.0047277	0.0045267	0.0042194	0.0033825	0.0026867	0.0019364	0.0026348	0.0029104	0.0022415	0.0030505	0.0058924	0.0038059	0.0107661	0.0234931	0.0405229	0.013139	0.005163	0.0010428	0.0015	0.0015	0.0	0.0	0.0	0.0	0.0	0.0	0.0	
クロハゲワシ (<em class="sci">Aegypius monachus</em>)	0.0	0.0	0.0	0.0	0.0	0.0	0.0	0.0	0.0	0.0	0.0	0.0	0.0	0.0	0.0	0.0	0.0	0.0	0.0	1.126E-4	0.0	0.0	0.0	0.0	0.0	0.0	0.0	0.0	0.0	0.0	0.0	0.0	0.0	0.0	0.0	0.0	0.0	0.0	0.0	0.0	0.0	0.0	0.0	0.0	0.0	0.0	0.0	0.0	
カンムリワシ (<em class="sci">Spilornis cheela</em>)	0.004013	0.002686	8.07E-4	1.919E-4	0.0017841	6.962E-4	0.0010244	1.423E-4	0.002946	0.0013988	0.0083203	0.003474	0.001301	0.0032253	0.0015426	0.0015548	9.814E-4	0.0015147	0.0013125	0.0020268	6.955E-4	1.891E-4	6.173E-4	3.669E-4	9.664E-4	8.06E-4	0.0015	8.107E-4	5.821E-4	8.406E-4	0.0019412	1.901E-4	7.136E-4	0.0015023	0.0040342	4.902E-4	4.106E-4	1.613E-4	0.0015	4.713E-4	8.394E-4	5.099E-4	0.0011551	9.019E-4	0.0021387	0.0013283	9.339E-4	9.696E-4	
クマタカ (<em class="sci">Nisaetus nipalensis</em>)	0.0025082	0.0025517	0.003497	0.002878	0.002039	0.0029009	0.0027806	0.0037	0.0018003	0.0010491	0.0012134	0.0012867	0.0024394	9.215E-4	0.0015426	0.0019136	0.0019627	8.262E-4	0.0026251	0.002252	0.0019127	0.0015129	0.0016461	0.002018	0.0021744	0.0018807	5.533E-4	8.107E-4	0.0020373	0.0011208	0.0024958	0.0011405	9.515E-4	0.0010015	0.0037969	0.0084967	0.0030794	0.0011294	0.0010428	0.0016496	0.0018187	0.0025493	0.0024752	0.0012885	0.001604	0.0013283	0.0026149	0.0022624	
カラフトワシ (<em class="sci">Clanga clanga</em>)	1.254E-4	0.0015	0.0	3.837E-4	1.274E-4	5.802E-4	0.0015	2.846E-4	0.0	1.749E-4	3.467E-4	0.0	0.0	0.0	0.0	0.0	0.0	0.0	0.0	0.0	0.0	0.0	0.0	0.0	0.0	0.0	0.0	0.0	0.0	0.0	0.0	0.0	0.0	0.0	0.0	0.0	0.0	0.0	0.0	0.0	0.0	0.0	0.0	1.288E-4	0.0	0.0	0.0	2.155E-4	
カタシロワシ (<em class="sci">Aquila heliaca</em>)	0.0	0.0	0.0	0.0	0.0	0.0	0.0	0.0	0.0	0.0	0.0	0.0	0.0	1.536E-4	0.0	0.0	0.0	0.0	0.0	0.0	0.0	0.0	0.0	0.0	0.0	0.0	0.0	0.0	0.0	0.0	0.0	0.0	0.0	0.0	0.0	0.0	0.0	0.0	0.0	0.0	0.0	0.0	0.0	0.0	0.0	0.0	0.0	0.0	
イヌワシ (<em class="sci">Aquila chrysaetos</em>)	0.0	0.0015	1.345E-4	5.756E-4	1.274E-4	2.321E-4	1.463E-4	1.423E-4	0.0	1.749E-4	0.0	0.0	1.626E-4	0.0	0.0	4.784E-4	1.402E-4	0.0	1.458E-4	1.126E-4	0.0013911	7.564E-4	0.0012346	5.504E-4	7.248E-4	8.06E-4	0.0011065	8.107E-4	5.821E-4	0.0011208	5.546E-4	1.901E-4	0.0015	7.511E-4	9.492E-4	8.17E-4	2.053E-4	8.067E-4	3.476E-4	3.535E-4	9.793E-4	5.099E-4	0.0	2.577E-4	0.0	0.0	0.0	0.0015	
イヌワシ属 (<em class="sci">Aquila sp.</em>)	0.0	0.0	0.0	0.0	0.0	0.0	0.0	0.0	0.0	0.0	0.0	0.0	0.0	0.0	0.0	0.0	0.0	0.0	0.0	0.0	0.0	0.0	0.0	0.0	0.0	0.0	0.0	0.0	0.0	0.0	0.0	0.0	0.0	0.0	0.0	0.0	0.0	0.0	0.0	0.0015	0.0	0.0	0.0	0.0	0.0	0.0	0.0	0.0	
ツミ (<em class="sci">Tachyspiza gularis</em>)	0.0052671	0.0061778	0.0041695	0.0041251	0.0056072	0.0055697	0.0048295	0.0031308	0.003437	0.0101416	0.0095337	0.0087494	0.0078061	0.0099831	0.0112186	0.0114819	0.0126174	0.0121179	0.0132711	0.0124986	0.010433	0.008888	0.0102881	0.0089892	0.010389	0.0094035	0.0085754	0.0085124	0.0049476	0.0036425	0.0047144	0.0060825	0.0059467	0.0097646	0.0192216	0.025817	0.0153972	0.0182317	0.008342	0.0075409	0.0078344	0.0066281	0.0070957	0.0055405	0.006416	0.0056926	0.0052297	0.0044172	
アカハラダカ (<em class="sci">Tachyspiza soloensis</em>)	0.0	0.0	1.345E-4	9.59E-5	0.0	1.16E-4	0.0	0.0	0.0	0.0	1.733E-4	2.573E-4	0.0	0.0	0.0	1.196E-4	5.608E-4	1.377E-4	1.458E-4	1.126E-4	3.478E-4	0.0	0.0	0.0	0.0	0.0	0.0	0.0	0.0	0.0	0.0	0.0	0.0	0.0017526	0.0035596	0.0081699	0.0018477	0.0012907	0.0	1.178E-4	0.0	0.0	0.0	0.0	0.0	0.0	0.0	0.0	
ハイタカ (<em class="sci">Accipiter nisus</em>)	0.0418861	0.0428418	0.0330868	0.0344398	0.0281636	0.03191	0.0254647	0.024477	0.0229133	0.0178353	0.0183741	0.015054	0.011384	0.0113654	0.0068714	0.0084918	0.0112155	0.0038557	0.0035001	0.0019142	0.0020866	0.0022693	0.0010288	0.0011007	0.0016912	0.0010747	0.002213	0.0024321	0.0052386	0.0050434	0.0036051	0.0051321	0.0045195	0.0027541	0.005458	0.0119281	0.0106754	0.0156502	0.0199861	0.0275716	0.0356743	0.042828	0.0381188	0.0386548	0.0436642	0.0457306	0.042585	0.0432019	
オオタカ (<em class="sci">Astur gentilis</em>)	0.0376223	0.0319635	0.0298588	0.0268611	0.0312221	0.0314458	0.0294161	0.0291732	0.0252046	0.0333974	0.0247877	0.0221307	0.019678	0.0173552	0.013883	0.0157876	0.012337	0.0141834	0.0107919	0.0105844	0.0100852	0.0130484	0.0133745	0.0121079	0.0108722	0.0102096	0.0118949	0.008107	0.008149	0.0086859	0.0074875	0.0106444	0.0123692	0.0115173	0.0135263	0.0232026	0.022172	0.0225879	0.0201599	0.0258042	0.0277001	0.0295717	0.0341584	0.033372	0.0417038	0.0362429	0.0390362	0.0349063	
ハイタカ属 (<em class="sci">Aerospiza/Tachyspiza/Accipiter/Astur sp.</em>)	0.0016303	0.0010744	0.0014795	0.0026861	0.0015292	0.0016245	0.0023416	5.692E-4	0.0013093	8.743E-4	0.0012134	0.002316	9.758E-4	0.0012287	0.0011219	0.001196	9.814E-4	6.885E-4	7.292E-4	6.756E-4	0.0010433	1.891E-4	6.173E-4	0.0016511	9.664E-4	5.373E-4	5.533E-4	6.08E-4	2.91E-4	5.604E-4	0.0013866	7.603E-4	0.0014272	0.0010015	0.0028477	0.0027778	0.0016424	0.0033882	0.0022593	0.0015318	0.0026581	0.0028892	0.0016502	0.0023193	0.0023169	0.0032258	0.0029884	0.0031243	
チュウヒ (<em class="sci">Circus spilonotus</em>)	0.0243291	0.0229654	0.0169469	0.017076	0.0144004	0.0147366	0.0144885	0.0153693	0.0091653	0.0127645	0.008147	0.0059187	0.0037404	0.0059899	0.0068714	0.0049037	0.003645	0.0035803	0.0045209	0.0024772	0.0057381	0.0060514	0.0059671	0.0044029	0.0050737	0.0026867	0.002213	0.0024321	0.0017462	0.0019613	0.0016639	0.0032313	0.0047574	0.0015023	0.0033223	0.0070261	0.0059536	0.0087125	0.0100799	0.0076588	0.0100727	0.0135962	0.0135314	0.0159773	0.0165746	0.0140417	0.0186776	0.0196078	
ハイイロチュウヒ (<em class="sci">Circus cyaneus</em>)	0.0144219	0.0151759	0.0133154	0.011416	0.0114694	0.0102112	0.0080492	0.009677	0.0060556	0.0045462	0.0038135	0.0037313	0.002602	0.0024574	8.414E-4	7.176E-4	1.402E-4	1.377E-4	0.0	0.0	0.0	0.0	0.0	0.0015	0.0	0.0	0.0	0.0	0.0	0.0	0.0	0.0	0.0	0.0	0.0	0.0	2.053E-4	0.0011294	0.0017379	0.0022387	0.0051763	0.0056084	0.0067657	0.0091483	0.0101586	0.0077799	0.0136347	0.0143288	
アメリカハイイロチュウヒ (<em class="sci">Circus hudsonius</em>)	0.0	0.0	0.0	0.0	0.0	0.0015	0.0	0.0	0.0	0.0	0.0	0.0	0.0	0.0	0.0	0.0	0.0	0.0	0.0	0.0	0.0	0.0	0.0	0.0	0.0	0.0	0.0	0.0	0.0	0.0	0.0	0.0	0.0	0.0	0.0	0.0	0.0	0.0	0.0	0.0	0.0	0.0	0.0	0.0	0.0	0.0	0.0	0.0	
ウスハイイロチュウヒ (<em class="sci">Circus macrourus</em>)	0.0	0.0	0.0	0.0	0.0	2.321E-4	0.0	0.0	0.0	0.0	0.0	0.0	0.0	0.0	0.0	0.0	0.0	0.0	0.0	0.0	0.0	0.0	0.0	0.0	0.0	0.0	0.0	0.0	0.0	0.0	0.0	0.0	0.0	0.0	0.0	0.0	0.0	0.0	0.0	0.0	0.0	0.0	0.0	0.0	0.0	0.0	0.0	0.0	
マダラチュウヒ (<em class="sci">Circus melanoleucos</em>)	2.508E-4	0.0	0.0	0.0	1.274E-4	0.0	0.0	0.0	0.0	0.0	0.0	0.0	0.0	0.0	0.0	3.588E-4	0.0	0.0	4.375E-4	1.126E-4	5.216E-4	1.891E-4	2.058E-4	0.0	0.0	0.0	0.0	2.027E-4	5.821E-4	0.0	0.0	0.0	0.0	0.0	0.0	1.634E-4	2.053E-4	0.0	1.738E-4	0.0	0.0	0.0015	0.0	1.288E-4	0.0	0.0	0.0	1.077E-4	
チュウヒ属 (<em class="sci">Circus sp.</em>)	0.0	1.343E-4	0.0	0.0	0.0	0.0	0.0	0.0	0.0	0.0	1.733E-4	0.0	0.0	0.0	0.0015	0.0	0.0	1.377E-4	0.0	0.0	0.0	0.0	0.0	0.0	0.0	0.0	0.0	0.0	0.0	0.0	0.0	0.0	0.0	0.0	0.0	0.0	0.0	0.0	1.738E-4	0.0	0.0	0.0	0.0	0.0	0.0	0.0	0.0	0.0	
トビ (<em class="sci">Milvus migrans</em>)	0.2520692	0.2483212	0.2293208	0.2454912	0.2319358	0.2482014	0.2321089	0.2555856	0.2191489	0.231509	0.2147686	0.2173186	0.19369	0.1919828	0.1773945	0.1869394	0.2185616	0.1798403	0.1786496	0.1828623	0.1968353	0.1730333	0.18107	0.1634562	0.1519691	0.1364858	0.1482711	0.1218079	0.1260186	0.1434576	0.1589018	0.1737312	0.1779258	0.1812719	0.2033697	0.2437908	0.2243892	0.2476605	0.2387904	0.2245788	0.2386682	0.2289259	0.2485149	0.2361809	0.2265193	0.2235294	0.2373926	0.2526395	
シロガシラトビ (<em class="sci">Haliastur indus</em>)	0.0	0.0	0.0	0.0	0.0	0.0	0.0	0.0	0.0	0.0	0.0	0.0	0.0	1.536E-4	0.0	0.0	0.0	0.0	0.0	0.0	0.0	0.0	0.0	0.0	0.0	0.0	0.0	0.0	0.0	0.0	0.0	0.0	0.0	0.0	0.0	0.0	0.0	0.0	0.0	0.0	0.0	0.0	0.0	0.0	0.0	0.0	0.0	0.0	
オジロワシ (<em class="sci">Haliaeetus albicilla</em>)	0.0199398	0.0226967	0.0360457	0.0364543	0.0430738	0.051172	0.0515147	0.066031	0.0489362	0.0215073	0.0185474	0.010422	0.0071556	0.0093688	0.0103772	0.0098074	0.0071499	0.0092261	0.0096252	0.0203806	0.03269	0.0308245	0.0205761	0.0198129	0.0169123	0.0104782	0.0141079	0.0111471	0.0145518	0.0140095	0.0069329	0.0197681	0.0111798	0.0052579	0.0071191	0.0065359	0.0102648	0.0130687	0.0116441	0.0081301	0.0123111	0.0147859	0.0186469	0.0161062	0.0171092	0.0201139	0.025028	0.0280112	
ハクトウワシ (<em class="sci">Haliaeetus leucocephalus</em>)	0.0	0.0	0.0	9.59E-5	0.0	1.16E-4	0.0	0.0	0.0	0.0	0.0	0.0	0.0	0.0	0.0	0.0	0.0	0.0	0.0	0.0	0.0	0.0	0.0	0.0	0.0	0.0	0.0	0.0	0.0	0.0	0.0	0.0	0.0	0.0	0.0	0.0	0.0	0.0	0.0	0.0	0.0	0.0	0.0	0.0	0.0	0.0	0.0	0.0	
オオワシ (<em class="sci">Haliaeetus pelagicus</em>)	0.016303	0.0181305	0.0294553	0.0329048	0.040525	0.0414249	0.0471242	0.0550733	0.0405892	0.0155622	0.0126538	0.003088	0.0024394	0.0023038	4.207E-4	0.0010764	2.804E-4	0.0015	1.458E-4	0.0	3.478E-4	0.0	0.0	0.0	2.416E-4	0.0	0.0015	0.0	0.0	0.0	0.0	0.0	0.0	0.0	0.0	0.0	0.0	4.84E-4	0.0012165	0.0021209	0.0032177	0.006968	0.0143564	0.0127561	0.0126537	0.0176471	0.0207322	0.0231631	
サシバ (<em class="sci">Butastur indicus</em>)	0.0165538	0.016116	0.0134499	0.01132	0.0109596	0.0141564	0.0153666	0.0126654	0.0163666	0.0202833	0.0303345	0.018142	0.013986	0.0210413	0.0166877	0.0118407	0.0102341	0.0077114	0.0075835	0.008445	0.0109546	0.0090772	0.0076132	0.0132086	0.009181	0.013971	0.0058091	0.0070936	0.0043655	0.0042029	0.0061009	0.0058924	0.0047574	0.0122684	0.021832	0.0400327	0.026278	0.030171	0.0250261	0.0234476	0.0141298	0.0146159	0.0115512	0.0246102	0.0180004	0.0108159	0.0134479	0.0108813	
モモアカノスリ (<em class="sci">Parabuteo unicinctus</em>)	0.0	0.0	0.0	0.0	0.0	0.0	0.0	0.0	0.0	0.0	0.0	0.0	1.626E-4	0.0	0.0	0.0	0.0	0.0	0.0	0.0	0.0	0.0	0.0	0.0	0.0	0.0	0.0	0.0	0.0	0.0	0.0	0.0	0.0	0.0	0.0	0.0	0.0	0.0	0.0	0.0	0.0	0.0	0.0	0.0	0.0	0.0	0.0	0.0	
ケアシノスリ (<em class="sci">Buteo lagopus</em>)	0.0016303	0.0010744	0.0014795	0.0016309	0.002039	0.0019726	0.0021952	0.0032731	0.002946	0.0010491	5.2E-4	2.573E-4	1.626E-4	0.0015	0.0	0.0	0.0	0.0	0.0	0.0	0.0	0.0	0.0	0.0	0.0	0.0	0.0	0.0	0.0	0.0	0.0	0.0	0.0	0.0	0.0	0.0	0.0	0.0	3.476E-4	3.535E-4	5.596E-4	8.498E-4	0.0015	6.442E-4	1.782E-4	7.59E-4	0.0013074	0.0019392	
オオノスリ (<em class="sci">Buteo hemilasius</em>)	5.016E-4	4.029E-4	0.0	0.0	3.823E-4	2.321E-4	2.927E-4	1.423E-4	1.637E-4	1.749E-4	6.934E-4	5.147E-4	1.626E-4	3.072E-4	0.0	1.196E-4	0.0015	0.0	0.0	0.0	0.0	0.0	0.0	0.0	0.0	0.0	0.0	0.0	0.0	0.0	0.0	0.0	0.0	0.0	0.0	0.0	0.0	0.0	0.0	0.0	0.0	0.0	0.0	0.0	0.0	0.0	0.0	1.077E-4	
ノスリ (<em class="sci">Buteo japonicus</em>)	0.0964384	0.1027397	0.0847344	0.0884497	0.0889512	0.0925969	0.0761013	0.0782695	0.0579378	0.0697674	0.0483619	0.0410448	0.0346398	0.0288742	0.0260833	0.0233226	0.0232721	0.019003	0.0217296	0.019142	0.0205182	0.0168306	0.0164609	0.0130251	0.0120802	0.0137023	0.0141079	0.0129712	0.0133877	0.0128888	0.0119246	0.0136856	0.018078	0.0202804	0.032748	0.0486928	0.0363375	0.0371087	0.0371915	0.0460705	0.052742	0.0518355	0.0584158	0.0534725	0.0638032	0.0622391	0.0707882	0.0870502	
ノスリ属 (<em class="sci">Buteo sp.</em>)	1.254E-4	1.343E-4	0.0	9.59E-5	1.274E-4	1.16E-4	0.0	2.846E-4	3.273E-4	1.749E-4	8.667E-4	2.573E-4	3.253E-4	0.0	4.207E-4	0.0015	0.0	1.377E-4	1.458E-4	0.0	0.0	0.0	0.0	0.0	0.0	0.0	0.0	2.027E-4	2.91E-4	0.0015	2.773E-4	0.0	4.757E-4	2.504E-4	7.119E-4	1.634E-4	0.0	4.84E-4	3.476E-4	3.535E-4	0.0015	1.7E-4	4.95E-4	1.288E-4	3.564E-4	3.795E-4	3.736E-4	4.309E-4	
タカ科 (<em class="sci">Accipitridae sp. (hawk sp.)</em>)	0.0020065	0.0017459	9.415E-4	9.593E-4	5.097E-4	0.0016245	2.927E-4	8.538E-4	0.0016367	0.0010491	0.0029468	0.0021873	8.131E-4	0.0012287	0.0014023	0.0014352	8.412E-4	2.754E-4	4.375E-4	9.008E-4	0.0015	0.0011346	0.0012346	7.338E-4	7.248E-4	0.0013434	5.533E-4	8.107E-4	2.91E-4	0.001401	0.0011093	0.0013305	0.0016651	0.0027541	0.003085	0.0071895	0.0043112	0.0016134	0.0013903	0.0012961	0.0018187	0.0013596	0.0014851	0.0012885	0.001604	0.0011385	0.0018678	0.0018315	
ウミワシ属／イヌワシ属 (<em class="sci">Accipitridae sp. (eagle sp.)</em>)	0.0015	0.0015	4.035E-4	0.0	2.549E-4	1.16E-4	0.0015	0.0	1.637E-4	3.497E-4	1.733E-4	2.573E-4	0.0	0.0	0.0	2.392E-4	0.0	0.0	0.0	1.126E-4	0.0	3.782E-4	2.058E-4	3.669E-4	0.0	0.0	0.0015	2.027E-4	5.821E-4	0.0015	0.0	0.0	2.379E-4	0.0	0.0	0.0	0.0	3.227E-4	6.952E-4	0.0	0.0	0.0	1.65E-4	1.288E-4	3.564E-4	0.0	0.0015	0.0015	
オオコノハズク (<em class="sci">Otus semitorques</em>)	0.0011287	0.0018802	2.69E-4	4.797E-4	7.646E-4	6.962E-4	0.0019025	8.538E-4	9.82E-4	0.0019234	0.00104	9.007E-4	0.0017889	0.0021502	0.0019633	9.568E-4	0.0011215	0.0011016	0.0023334	0.0023646	0.0020866	0.0015129	0.0026749	9.173E-4	0.0015	0.0010747	2.766E-4	0.0010134	0.0	5.604E-4	0.0016639	7.603E-4	0.0011893	2.504E-4	0.0014238	9.804E-4	0.0014371	0.0012907	6.952E-4	0.0012961	0.0015389	5.099E-4	0.0011551	0.0010308	3.564E-4	1.898E-4	0.0024281	4.309E-4	
リュウキュウコノハズク (<em class="sci">Otus elegans</em>)	0.0017557	0.0028203	0.0020175	0.001439	0.0015292	0.0025528	0.0040978	0.0025615	0.003928	0.0041965	0.0048535	0.0045033	0.0035778	0.0073721	0.0075726	0.0052625	0.0035048	0.0078491	0.0087502	0.0121608	0.0046948	0.0039713	0.0074074	0.0062374	0.0041073	0.0085975	0.0052559	0.0032428	0.0020373	0.0016811	0.0047144	0.0034214	0.0049952	0.0032549	0.003085	0.0026144	0.0012318	0.0012907	0.0017379	0.0018852	0.0018187	0.0030591	0.0024752	0.0033501	3.564E-4	0.0020873	0.0013074	7.541E-4	
コノハズク (<em class="sci">Otus sunia</em>)	0.0	0.0	0.0	0.0	0.0	0.0	0.0	0.0	0.0	0.0	0.0	0.0	0.0	0.0	0.0015	1.196E-4	0.0018225	9.639E-4	0.0014584	5.63E-4	0.0012172	0.0011346	8.23E-4	5.504E-4	0.0016912	0.0013434	8.299E-4	4.054E-4	2.91E-4	5.604E-4	2.773E-4	3.802E-4	2.379E-4	0.0	0.0	1.634E-4	4.106E-4	1.613E-4	3.476E-4	0.0	0.0	0.0	0.0	0.0	0.0	0.0	0.0	0.0	
コノハズク属 (<em class="sci">Otus sp.</em>)	0.0	0.0	0.0	0.0	0.0	0.0	0.0	0.0	0.0	0.0	0.0	0.0	0.0	0.0	0.0	0.0	0.0	0.0	0.0015	0.0	0.0	0.0	0.0	0.0	0.0	0.0	0.0	0.0	0.0	0.0	0.0	0.0	0.0	0.0	0.0	0.0	0.0	0.0	0.0	0.0	0.0	0.0	0.0	0.0	0.0	0.0	0.0	0.0	
ワシミミズク (<em class="sci">Bubo bubo</em>)	0.0	0.0	0.0	0.0	0.0	0.0	0.0	0.0	0.0	0.0	0.0015	0.0	0.0	0.0	0.0	0.0	0.0	0.0	0.0	0.0	0.0	0.0	0.0	0.0	0.0	0.0	0.0	0.0	0.0	0.0	0.0	0.0	0.0	0.0	0.0	0.0	0.0	0.0	0.0	0.0	0.0	0.0	0.0	0.0	0.0	0.0	0.0	0.0	
シマフクロウ (<em class="sci">Ketupa blakistoni</em>)	0.0013795	0.0012087	0.0039005	0.0072909	0.0063719	0.0084706	0.0086346	0.0086808	0.0060556	0.0013988	0.0015601	0.0010293	4.879E-4	4.608E-4	4.207E-4	8.372E-4	7.01E-4	2.754E-4	4.375E-4	0.0018016	0.002956	0.0022693	0.0014403	0.002018	0.002416	5.373E-4	5.533E-4	0.0012161	0.0014552	0.0011208	0.0019412	0.0015206	9.515E-4	0.0012519	7.119E-4	6.536E-4	0.0030794	0.0011294	0.0019117	7.07E-4	8.394E-4	0.0010197	0.0031353	0.0020616	0.001604	0.0020873	0.0029884	0.0030166	
フクロウ (<em class="sci">Strix uralensis</em>)	0.0050163	0.0048348	0.0044385	0.0052763	0.0054798	0.0070782	0.0084882	0.009677	0.005401	0.0029725	0.0027734	0.0021873	0.0029273	0.0033789	0.0050484	0.0040665	0.004346	0.0072983	0.0064168	0.0069812	0.0060859	0.0060514	0.0037037	0.0047698	0.0041073	0.0042988	0.0035961	0.0018241	0.0017462	0.001401	2.773E-4	5.702E-4	7.136E-4	2.504E-4	4.746E-4	0.0019608	0.002053	0.0022588	8.69E-4	0.0020031	0.0018187	0.0028892	0.0023102	0.0018039	0.0028515	0.0036053	0.0039223	0.0029089	
トラフズク (<em class="sci">Asio otus</em>)	0.0016303	0.002686	0.0025555	0.0039332	0.004078	0.0035971	0.0026343	0.0035577	0.0040917	0.0022731	0.0019067	9.007E-4	0.0014637	0.0015359	8.414E-4	0.001196	0.0011215	0.0019278	0.0018959	0.0024772	0.0026082	0.0011346	0.0018519	0.0014676	0.001208	5.373E-4	0.0011065	8.107E-4	5.821E-4	0.0011208	0.0011093	1.901E-4	2.379E-4	0.0	4.746E-4	8.17E-4	0.0010265	9.681E-4	0.0010428	8.248E-4	6.995E-4	0.0022094	0.0019802	0.0027058	0.0033862	0.0028463	0.0018678	0.0017238	
コミミズク (<em class="sci">Asio flammeus</em>)	0.0035114	0.0041633	0.003228	0.0029739	0.0029311	0.003133	0.0024879	0.0029885	0.001473	1.749E-4	3.467E-4	2.573E-4	4.879E-4	4.608E-4	1.402E-4	1.196E-4	1.402E-4	0.0	0.0	0.0	0.0	0.0	0.0	0.0	0.0	0.0	0.0	0.0	0.0	0.0	0.0	0.0	0.0	0.0	0.0	0.0	4.106E-4	9.681E-4	0.0026069	0.0011783	0.0015389	0.0010197	4.95E-4	0.0019327	0.0010693	5.693E-4	0.0011207	0.0033398	
キンメフクロウ (<em class="sci">Aegolius funereus</em>)	0.0	0.0	1.345E-4	0.0	0.0	0.0	0.0	0.0	0.0	0.0	0.0	0.0	0.0	0.0	0.0	0.0	0.0	0.0	1.458E-4	0.0	0.0	0.0	0.0	0.0	0.0	0.0	0.0	0.0	0.0	0.0	0.0	0.0	0.0	0.0	0.0	0.0	0.0	0.0	0.0	0.0	0.0	0.0	0.0	0.0	0.0	0.0	0.0	0.0	
アオバズク (<em class="sci">Ninox japonica</em>)	0.0012541	0.0016116	0.0014795	6.715E-4	0.0010195	0.0017405	0.0019025	0.0012808	0.001964	0.0020983	0.0036401	0.0029593	0.0029273	0.0039932	0.0058898	0.0044253	0.012337	0.0122556	0.0090419	0.0132868	0.0121718	0.0128593	0.0150206	0.0121079	0.0130466	0.013971	0.0168741	0.0113498	0.0093132	0.0033623	0.0069329	0.002471	0.0038059	0.0027541	0.0042715	0.0027778	0.0026689	0.0019361	0.0019117	9.426E-4	0.0018187	8.498E-4	0.0018152	0.0014173	5.347E-4	0.001518	0.001681	4.309E-4	
チャイロアオバズク／アオバズク (<em class="sci">Ninox scutulata/japonica</em>)	0.0	0.0	0.0	0.0	0.0	0.0	0.0	0.0	0.0	0.0	0.0	0.0	0.0	0.0	0.0	0.0	0.0	0.0	1.458E-4	0.0	0.0	0.0	0.0	0.0	0.0	0.0	0.0	0.0	0.0	0.0	0.0	0.0	0.0	0.0	0.0	0.0	0.0	0.0	0.0	0.0	0.0	0.0	0.0	0.0	0.0	0.0	0.0	0.0	
フクロウ科 (<em class="sci">Strigiformes sp.</em>)	0.0	0.0	0.0	0.0	1.274E-4	0.0	0.0015	0.0	0.0	0.0	0.0	0.0	0.0	0.0	0.0	0.0	0.0	0.0	0.0	1.126E-4	0.0	0.0	0.0	1.835E-4	0.0	0.0	2.766E-4	0.0	0.0	0.0	0.0	0.0	0.0	0.0	2.373E-4	0.0	0.0	0.0	0.0	0.0	0.0	0.0	0.0	0.0	0.0	0.0	1.868E-4	0.0	
ヤツガシラ (<em class="sci">Upupa epops</em>)	1.254E-4	0.0	0.0015	0.0	1.274E-4	4.641E-4	1.463E-4	5.692E-4	6.547E-4	0.0015737	0.0043335	0.0033453	0.001301	0.0016894	0.0011219	0.0020332	0.0015421	9.639E-4	1.458E-4	0.0015	0.0	0.0	0.0	1.835E-4	0.0	0.0	0.0	2.027E-4	0.0	0.0	0.0015	1.901E-4	9.515E-4	0.0015	2.373E-4	6.536E-4	4.106E-4	0.0	1.738E-4	1.178E-4	0.0	1.7E-4	1.65E-4	0.0	1.782E-4	1.898E-4	0.0	3.232E-4	
カワセミ (<em class="sci">Alcedo atthis</em>)	0.1793328	0.1634435	0.1453934	0.1454336	0.1386517	0.1337897	0.1274696	0.1178312	0.1263502	0.1307921	0.1216849	0.111297	0.1055456	0.0933804	0.0849811	0.0796555	0.0786485	0.0888185	0.0733557	0.068123	0.0766823	0.084531	0.0874486	0.0964961	0.0910848	0.1007523	0.0995851	0.0974868	0.1012806	0.1033903	0.1209096	0.1174682	0.1315414	0.1447171	0.1473659	0.1517974	0.152946	0.1581155	0.1595412	0.1544715	0.177812	0.1826988	0.1676568	0.167633	0.1687756	0.173055	0.1705267	0.1705451	
アカショウビン (<em class="sci">Halcyon coromanda</em>)	0.0	0.0	0.0	0.0	0.0	0.0	0.0	0.0	0.0	0.0	0.0	5.147E-4	9.758E-4	0.0024574	0.0051886	0.0127975	0.012337	0.0247866	0.0287298	0.0353564	0.0255608	0.0200454	0.0222222	0.0273344	0.0147379	0.0145083	0.0141079	0.0115525	0.008149	0.0064444	0.0077648	0.0064626	0.0040438	0.004006	0.0052207	0.0019608	2.053E-4	1.613E-4	0.0	0.0	0.0	0.0	0.0	0.0	0.0	0.0	0.0	0.0	
ヤマショウビン (<em class="sci">Halcyon pileata</em>)	0.0	0.0	0.0	0.0	0.0	1.16E-4	0.0	0.0	0.0	0.0	1.733E-4	0.0	0.0	0.0	0.0	0.0	5.608E-4	4.131E-4	2.917E-4	1.126E-4	0.0	0.0	0.0	0.0	0.0	0.0	0.0	0.0	0.0	0.0	0.0	0.0	0.0	0.0	0.0	0.0	0.0	0.0	0.0	0.0	0.0	0.0	0.0	0.0	0.0	0.0	0.0	0.0	
ナンヨウショウビン (<em class="sci">Todiramphus chloris</em>)	2.508E-4	1.343E-4	1.345E-4	0.0	0.0	0.0	0.0	0.0	0.0	1.749E-4	0.0	0.0015	1.626E-4	7.679E-4	0.0	0.0	0.0	0.0	0.0	0.0	0.0	0.0	0.0	0.0	0.0	0.0	0.0	0.0	0.0	0.0	2.773E-4	0.0	0.0	0.0	0.0	0.0	0.0	0.0	0.0	0.0	1.399E-4	1.7E-4	0.0	0.0	0.0	0.0	0.0	1.077E-4	
ヤマセミ (<em class="sci">Megaceryle lugubris</em>)	0.0028844	0.0064464	0.0039005	0.0059478	0.0059896	0.0061499	0.0077565	0.0093923	0.0055646	0.002448	0.0039868	0.0020587	0.0030899	0.001843	0.002384	0.0014352	0.0025235	0.0016524	0.0018959	0.0030402	0.0031299	0.0030257	0.0032922	0.0023849	0.0016912	0.001612	0.0024896	0.0032428	0.0034924	0.0033623	0.0011093	0.0019008	0.0026166	0.0025038	9.492E-4	8.17E-4	0.0014371	0.0014521	5.214E-4	0.0038883	0.0046167	0.0039089	0.0047855	0.0052828	0.0046338	0.0043643	0.0054165	0.0039862	
カワセミ科 (<em class="sci">Alcedinidae sp.</em>)	0.0	0.0	0.0	0.0	0.0	0.0	0.0	0.0	0.0	0.0	0.0	0.0	0.0	0.0	0.0	0.0	0.0	0.0	0.0	0.0	0.0	0.0	0.0	0.0	0.0	0.0	2.766E-4	0.0	0.0	0.0	0.0	0.0	0.0	0.0	0.0	0.0	0.0	0.0	0.0	0.0	0.0	0.0	0.0	0.0	0.0	0.0	0.0	0.0	
ブッポウソウ (<em class="sci">Eurystomus orientalis</em>)	0.0	0.0	0.0	0.0	0.0	0.0	0.0	0.0	0.0	0.0	0.0	0.0	1.626E-4	0.0	0.0	2.392E-4	0.0018225	0.0041311	0.0036459	0.0034906	0.0034777	0.0030257	0.0022634	0.0038525	0.0016912	0.0061795	0.0027663	8.107E-4	0.0015	2.802E-4	2.773E-4	3.802E-4	2.379E-4	2.504E-4	4.746E-4	3.268E-4	0.0	0.0	0.0	0.0	0.0	0.0	0.0	0.0	0.0	0.0	0.0	0.0	
アリスイ (<em class="sci">Jynx torquilla</em>)	0.0028844	0.0037604	0.0033625	0.0035495	0.0030585	0.0040613	0.0038051	0.0038423	0.0018003	0.0034971	0.0024268	0.0021873	0.0021142	0.0012287	0.0019633	0.0070566	0.0088322	0.0092261	0.007146	0.006756	0.0114763	0.0100227	0.0053498	0.007705	0.0072481	0.0037614	0.004426	0.0016214	0.0011641	5.604E-4	5.546E-4	9.504E-4	7.136E-4	2.504E-4	0.0014238	0.0022876	0.0051324	0.005163	0.0046924	0.0047131	0.0057359	0.0018695	0.0024752	0.0015462	0.0019604	0.0013283	0.0026149	0.0015083	
ミユビゲラ (<em class="sci">Picoides tridactylus</em>)	0.0	0.0	0.0	0.0	0.0	0.0	0.0	0.0	0.0	0.0	0.0	0.0	0.0	0.0	0.0	0.0	0.0	0.0	0.0	0.0	0.0	0.0	0.0	0.0	0.0	0.0015	0.0	0.0	0.0	0.0	0.0	0.0	0.0	0.0	0.0	0.0	0.0	0.0	0.0	0.0	0.0	0.0	0.0	0.0	0.0	0.0	0.0	0.0	
コゲラ (<em class="sci">Yungipicus kizuki</em>)	0.1988964	0.1786194	0.1733692	0.1904259	0.1844017	0.1933163	0.1946436	0.20222	0.1762684	0.1949642	0.1879008	0.1789758	0.181005	0.1902933	0.1879119	0.188853	0.2080471	0.1843845	0.1865247	0.1781331	0.1867501	0.1798411	0.1718107	0.1618052	0.1319159	0.11741	0.1073306	0.0857317	0.0782887	0.0983469	0.0934554	0.1087246	0.108706	0.1417126	0.1504509	0.1673203	0.1706015	0.1655373	0.1548488	0.1608342	0.1565473	0.1497281	0.1529703	0.1712408	0.1662805	0.1724858	0.1740755	0.1801336	
ノグチゲラ (<em class="sci">Dendrocopos noguchii</em>)	0.0010033	0.0032232	0.0012105	0.0015349	0.0012744	0.0015085	0.0024879	0.0015654	0.0011457	0.0013988	0.0031201	0.002702	0.0022768	0.0013823	0.0044874	0.0046645	0.0037852	0.0081245	0.0113752	0.010134	0.0076508	0.0060514	0.0082305	0.0071547	0.0028993	0.0024181	0.0060858	0.0030401	8.731E-4	0.0011208	0.0036051	0.0034214	0.0033302	0.0042564	9.492E-4	0.0034314	0.0012318	0.0017748	0.0026069	0.0035348	0.0019586	1.7E-4	3.3E-4	0.002577	7.129E-4	9.488E-4	0.0014942	0.0010774	
オオアカゲラ (<em class="sci">Dendrocopos leucotos</em>)	0.0063958	0.0052377	0.0102219	0.0077705	0.0073914	0.0100951	0.0118542	0.01295	0.0091653	0.0062948	0.0078003	0.006176	0.0045536	0.0055291	0.0061702	0.0088506	0.0088322	0.0126687	0.0210004	0.0192546	0.0158233	0.0113464	0.0111111	0.0111906	0.0106306	0.0083289	0.0096819	0.0064856	0.00844	0.0098067	0.0063783	0.0083634	0.0066603	0.0050075	0.0071191	0.0075163	0.005543	0.0077444	0.0066041	0.0086014	0.0065753	0.0067981	0.0057756	0.0067002	0.0058813	0.0060721	0.0087785	0.0071105	
アカゲラ (<em class="sci">Dendrocopos major</em>)	0.0497868	0.0470051	0.0579691	0.0557368	0.0517395	0.0598747	0.0607347	0.0627579	0.0476268	0.0360203	0.0369215	0.0319094	0.0291104	0.0350177	0.038564	0.0443727	0.055096	0.0407601	0.0508969	0.0530346	0.0580769	0.0591906	0.0578189	0.044579	0.0386567	0.0333154	0.0304288	0.0283745	0.0296857	0.0397871	0.0274542	0.0304125	0.02902	0.0322984	0.0424775	0.0509804	0.0474235	0.0564698	0.0464025	0.0526688	0.0421097	0.0375595	0.039769	0.0420049	0.043486	0.0426945	0.0496825	0.0511743	
アカゲラ属 (<em class="sci">Dendrocopos sp.</em>)	0.0	0.0	0.0	0.0	0.0	0.0	0.0	1.423E-4	0.0	0.0	0.0	0.0	0.0	0.0	0.0	0.0	0.0	0.0	0.0	0.0	0.0	0.0	0.0	0.0	0.0	0.0	0.0	0.0	0.0	0.0	0.0	0.0	0.0	0.0	0.0	0.0	0.0	0.0	0.0	0.0	0.0	0.0	0.0	0.0	0.0	0.0	0.0	0.0	
コアカゲラ (<em class="sci">Dryobates minor</em>)	3.762E-4	2.686E-4	4.035E-4	4.797E-4	8.921E-4	9.283E-4	5.854E-4	4.269E-4	0.0011457	1.749E-4	3.467E-4	1.287E-4	0.0	9.215E-4	4.207E-4	0.0010764	0.0016823	6.885E-4	0.0011667	3.378E-4	0.0010433	3.782E-4	2.058E-4	0.0014676	9.664E-4	2.687E-4	5.533E-4	4.054E-4	0.0	2.802E-4	2.773E-4	5.702E-4	2.379E-4	0.0	2.373E-4	4.902E-4	0.0	8.067E-4	3.476E-4	9.426E-4	4.197E-4	8.498E-4	1.65E-4	3.865E-4	3.564E-4	7.59E-4	3.736E-4	4.309E-4	
アオゲラ (<em class="sci">Picus awokera</em>)	0.0273389	0.0251142	0.0321453	0.0309862	0.0293106	0.0312137	0.038636	0.0278924	0.0227496	0.0278021	0.0232276	0.0261194	0.0286225	0.0333282	0.0438929	0.0447315	0.0531333	0.0457174	0.0471051	0.0412116	0.0413841	0.038767	0.0339506	0.0354063	0.0212612	0.0292853	0.024343	0.0293879	0.0247381	0.0266181	0.0177482	0.0193879	0.0233111	0.0285428	0.0348837	0.0336601	0.0344898	0.0332365	0.0274592	0.0267468	0.0212647	0.0171652	0.0181518	0.0161062	0.0178221	0.0206831	0.0168099	0.0234863	
ヤマゲラ (<em class="sci">Picus canus</em>)	0.0018811	0.0020145	0.001883	0.0013431	0.0012744	0.0024368	0.0030733	0.0039846	0.0036007	0.002448	0.0027734	0.0025733	0.0032526	0.0033789	0.0029449	0.0040665	0.004346	0.0044065	0.0046668	0.0052922	0.0046948	0.0043495	0.0045267	0.0034856	0.0036241	0.0018807	0.0019364	0.0016214	0.0037835	0.0036425	0.0013866	0.0030412	0.0023787	0.002003	0.003085	0.001634	0.0024636	0.0033882	0.0038234	0.0044774	0.0033576	0.0030591	0.0033003	0.0020616	0.0014258	0.0024668	0.0018678	0.0018315	
クマゲラ (<em class="sci">Dryocopus martius</em>)	0.0020065	0.0021488	0.001614	0.0012471	0.0021664	0.0018566	0.0013171	0.0035577	0.002946	8.743E-4	0.0017334	0.0016727	0.0011384	0.0012287	0.0011219	0.001794	0.0015421	0.0012393	0.0033542	0.0040536	0.0073031	0.0058623	0.0032922	0.0022014	0.0031409	0.0024181	5.533E-4	0.0012161	0.0011641	0.0025217	8.319E-4	9.504E-4	0.0014272	0.0017526	0.0021357	0.002451	0.0024636	0.0020975	0.0012165	0.0024744	0.0019586	0.0011897	8.251E-4	0.0019327	0.0021387	0.001518	0.0022413	0.0021547	
キツツキ科 (<em class="sci">Picidae sp.</em>)	0.0017557	0.0020145	6.725E-4	0.0010553	0.0011469	0.0015085	0.0011708	9.962E-4	0.0016367	0.0015737	0.00104	0.0014153	8.131E-4	0.0030717	0.0011219	0.0019136	0.0018225	0.0030295	0.0016042	0.0021394	0.0036515	0.0024584	0.0026749	0.0025683	7.248E-4	0.0021494	0.0013831	0.0014187	0.0020373	0.0011208	0.0016639	0.0015206	0.0014272	0.0012519	7.119E-4	0.0021242	0.0016424	0.0019361	0.0019117	0.0014139	0.0018187	0.0013596	0.0011551	9.019E-4	0.0014258	5.693E-4	0.0014942	0.0012928	
チョウゲンボウ (<em class="sci">Falco tinnunculus</em>)	0.0500376	0.0461993	0.0425017	0.0352072	0.0349178	0.035391	0.0346846	0.0345809	0.0266776	0.0271026	0.033628	0.0292074	0.024069	0.0198126	0.0137428	0.0132759	0.0131782	0.0118425	0.0161878	0.0149758	0.0175622	0.0130484	0.0144033	0.0166942	0.0183619	0.0153143	0.0130014	0.0119578	0.0177532	0.0165312	0.0199667	0.0235697	0.0230733	0.0290436	0.0360702	0.0393791	0.0383905	0.0351726	0.0349322	0.0339343	0.0379127	0.0350102	0.0412541	0.0432934	0.0468722	0.0351044	0.0453866	0.0455721	
アカアシチョウゲンボウ (<em class="sci">Falco amurensis</em>)	0.0	0.0	0.0	0.0	0.0	0.0	0.0	0.0	0.0	0.0	1.733E-4	0.0	0.0	1.536E-4	0.0	0.0	1.402E-4	0.0	0.0	0.0015	1.739E-4	0.0	0.0	0.0	0.0	0.0	0.0	0.0	0.0	0.0	0.0	0.0	0.0	0.0	0.0	0.0	6.159E-4	4.84E-4	0.0015	4.713E-4	2.798E-4	0.0	0.0	0.0	0.0	0.0	0.0	0.0	
コチョウゲンボウ (<em class="sci">Falco columbarius</em>)	0.0042639	0.005372	0.003766	0.0032617	0.0045877	0.0034811	0.0030733	0.0038423	0.001473	0.0020983	0.0015601	0.0012867	9.758E-4	3.072E-4	9.816E-4	3.588E-4	1.402E-4	1.377E-4	0.0	0.0	0.0	0.0	0.0	0.0	0.0	0.0	0.0	0.0	0.0	0.0	0.0	0.0	0.0	0.0	0.0	6.536E-4	0.0010265	0.0011294	0.0019117	0.0024744	0.0037773	0.0030591	0.0037954	0.0046386	0.0046338	0.0026565	0.0048562	0.0066796	
チゴハヤブサ (<em class="sci">Falco subbuteo</em>)	0.0	1.343E-4	0.0	0.0	1.274E-4	0.0	0.0	0.0	0.0	0.0	0.0	1.287E-4	0.0	0.0	2.805E-4	2.392E-4	0.0011215	0.0012393	0.0016042	0.0015764	0.0031299	0.0037821	0.0014403	0.0022014	0.002416	8.06E-4	0.0016598	0.0010134	0.0011641	0.0019613	0.0013866	0.0030412	0.0019029	0.0032549	0.0059326	0.0093137	0.0073907	0.0080671	0.0029545	7.07E-4	6.995E-4	1.7E-4	0.0	2.577E-4	1.782E-4	0.0	0.0	2.155E-4	
シロハヤブサ (<em class="sci">Falco rusticolus</em>)	1.254E-4	0.0	0.0	9.59E-5	2.549E-4	0.0	0.0	1.423E-4	0.0	1.749E-4	0.0	0.0	0.0	0.0	0.0	0.0	0.0	0.0	0.0	0.0	0.0	0.0	0.0	0.0	0.0	0.0	0.0	0.0	0.0	0.0	0.0	0.0	0.0	0.0	0.0	0.0	0.0	0.0	0.0	0.0	0.0	0.0015	0.0	0.0	1.782E-4	0.0	0.0	0.0	
ハヤブサ (<em class="sci">Falco peregrinus</em>)	0.0254577	0.0217566	0.0263618	0.0213929	0.0215369	0.0226271	0.0223913	0.0216309	0.0130933	0.0150376	0.0138672	0.012352	0.0121971	0.0130548	0.0105175	0.0163856	0.026777	0.0205178	0.0122503	0.0096836	0.0076508	0.0073752	0.0102881	0.0091726	0.0084561	0.0075228	0.0077455	0.0121605	0.0125146	0.0123284	0.0163616	0.0205284	0.0161751	0.0210315	0.0239677	0.0366013	0.0303839	0.0392062	0.030935	0.0242724	0.0191662	0.0181849	0.0189769	0.0211313	0.0190697	0.0174573	0.0220396	0.0249946	
ハヤブサ属（ハヤブサの種） (<em class="sci">Falco sp. (large falcon sp.)</em>)	0.0	0.0	0.0	0.0	0.0	0.0	0.0	0.0	0.0	0.0	0.0	0.0	0.0	0.0	0.0	0.0	0.0	0.0	0.0	0.0	0.0	0.0	0.0	0.0	0.0	0.0	0.0	0.0	0.0	0.0	0.0	0.0	0.0	0.0	0.0	0.0	0.0	0.0	1.738E-4	0.0	0.0	0.0	1.65E-4	0.0	0.0	0.0	0.0	0.0	
ハヤブサ属（チョウゲンボウの種 (<em class="sci">Falco sp. (small falcon sp.)</em>)	0.0	0.0	1.345E-4	0.0	0.0	0.0015	0.0	0.0	0.0	0.0	0.0	1.287E-4	0.0	0.0	0.0	0.0	0.0	0.0	0.0	0.0	0.0	0.0	0.0	0.0	0.0	0.0	0.0	0.0	0.0	0.0	0.0	0.0	0.0	0.0	0.0	0.0	0.0	0.0	0.0	0.0	0.0	0.0	0.0	1.288E-4	0.0	0.0	0.0	0.0	
ハヤブサ属 (<em class="sci">Falco sp.</em>)	0.0	0.0	0.0	0.0	0.0	1.16E-4	0.0	0.0	0.0015	1.749E-4	1.733E-4	1.287E-4	0.0	0.0	0.0	0.0015	0.0	0.0015	0.0	0.0	0.0	0.0	0.0	0.0	0.0	0.0	0.0	0.0	0.0	0.0	0.0	0.0	0.0	0.0	0.0	0.0	2.053E-4	0.0	0.0	0.0	0.0	0.0	0.0	0.0	1.782E-4	0.0	0.0	0.0	
タカ目／ハヤブサ目 (<em class="sci">Accipitriformes/Falconiformes sp.</em>)	0.0	0.0	0.0	0.0	1.274E-4	0.0	0.0015	0.0015	0.0	0.0	0.0015	1.287E-4	0.0	1.536E-4	2.805E-4	1.196E-4	0.0015	0.0	0.0	0.0	1.739E-4	1.891E-4	0.0015	0.0	2.416E-4	0.0	0.0	0.0	0.0	0.0015	0.0	0.0	0.0	0.0	0.0	0.0	0.0	0.0	0.0	1.178E-4	1.399E-4	0.0	0.0	2.577E-4	0.0	1.898E-4	0.0	0.0	
オカメインコ (<em class="sci">Nymphicus hollandicus</em>)	0.0	0.0	0.0	0.0	0.0	0.0	0.0	0.0	0.0	0.0	0.0	0.0	0.0	0.0	0.0	0.0	0.0	0.0	0.0015	1.126E-4	0.0015	0.0	0.0	0.0	0.0	0.0	0.0	0.0	0.0	0.0	0.0	0.0	0.0	0.0	0.0	0.0	0.0	0.0	0.0	0.0	0.0	0.0	0.0	0.0	0.0	0.0	0.0	0.0	
アカビタイムジオウム (<em class="sci">Cacatua sanguinea</em>)	0.0	0.0	0.0	0.0	0.0	0.0	1.463E-4	0.0	0.0	0.0	0.0	0.0	0.0	0.0	0.0	0.0	0.0	0.0	0.0	0.0	0.0	0.0	0.0	0.0	0.0	0.0	0.0	0.0	0.0	0.0	0.0	0.0	0.0	0.0	0.0	0.0	0.0	0.0	0.0	0.0	0.0	0.0	0.0	0.0	0.0	0.0	0.0	0.0	
キバタン (<em class="sci">Cacatua galerita</em>)	0.0	0.0	0.0	0.0	0.0	0.0	0.0	0.0	0.0	0.0	0.0	0.0015	0.0	0.0	0.0	0.0	0.0	0.0	0.0	0.0	0.0	0.0	0.0	0.0	0.0	0.0	0.0	0.0	0.0	0.0	0.0	0.0	0.0	0.0	0.0	0.0	0.0	0.0	0.0	0.0	0.0	0.0	0.0	0.0	0.0	0.0	0.0	0.0	
ホンセイインコ (<em class="sci">Psittacula krameri</em>)	0.0265864	0.0220252	0.0203093	0.0209133	0.0191156	0.0198422	0.0207815	0.0194962	0.0224223	0.0274524	0.0279078	0.0183994	0.0200033	0.0184303	0.0201935	0.0245186	0.0221506	0.025062	0.0208546	0.0201554	0.0184316	0.0257186	0.0170782	0.0190791	0.0142547	0.0134336	0.0146611	0.0125659	0.0096042	0.0086859	0.0180255	0.0112146	0.0152236	0.0182774	0.0194589	0.0205882	0.022172	0.0203291	0.0163365	0.015671	0.0153889	0.0186948	0.0207921	0.0195851	0.0244163	0.0216319	0.0231603	0.0246714	
ダルマインコ属 (<em class="sci">Psittacula sp.</em>)	0.0	0.0	0.0	0.0	0.0	0.0	0.0	0.0	0.0	0.0	0.0	1.287E-4	0.0	0.0	0.0	0.0	0.0	0.0	0.0	0.0	0.0	1.891E-4	0.0	0.0	0.0	0.0	0.0	0.0	0.0	0.0	0.0	0.0	0.0	0.0	0.0	0.0	0.0	0.0	0.0	0.0	0.0	0.0	0.0	0.0	0.0	0.0	0.0	0.0	
セキセイインコ (<em class="sci">Melopsittacus undulatus</em>)	0.0	0.0	0.0	0.0	2.549E-4	0.0015	0.0015	2.846E-4	0.0	0.0	3.467E-4	0.0	0.0	0.0	0.0	1.196E-4	0.0	0.0	0.0	0.0	0.0015	0.0	0.0	0.0	0.0	0.0	0.0	0.0	0.0	0.0	2.773E-4	3.802E-4	0.0	2.504E-4	4.746E-4	1.634E-4	8.212E-4	4.84E-4	3.476E-4	2.357E-4	0.0	0.0	1.65E-4	0.0	0.0	0.0	0.0	0.0	
オーストラリアゴシキセイガイインコ (<em class="sci">Trichoglossus moluccanus</em>)	0.0	0.0	0.0	0.0	0.0	0.0	0.0	0.0	0.0	0.0	0.0	0.0	0.0	0.0	0.0	0.0	0.0	0.0	0.0	0.0	0.0	0.0	0.0	0.0	0.0	0.0	0.0	0.0	0.0	0.0	0.0	0.0	0.0	0.0	0.0	0.0	0.0015	0.0	0.0	0.0	0.0	0.0	0.0	0.0	0.0	0.0	0.0	0.0	
ホンセイインコ科 (<em class="sci">Psittaculidae sp. (lorikeet sp.)</em>)	2.508E-4	1.343E-4	2.69E-4	9.59E-5	2.549E-4	1.16E-4	1.463E-4	1.423E-4	4.91E-4	3.497E-4	6.934E-4	2.573E-4	4.879E-4	0.0015	0.0015	3.588E-4	0.0015	2.754E-4	1.458E-4	3.378E-4	0.0	1.891E-4	2.058E-4	1.835E-4	2.416E-4	5.373E-4	0.0	0.0	0.0	0.0	0.0	1.901E-4	0.0	0.0	0.0	1.634E-4	0.0	3.227E-4	1.738E-4	3.535E-4	2.798E-4	0.0	3.3E-4	2.577E-4	7.129E-4	0.0015	5.603E-4	4.309E-4	
ルリゴシボタンインコ (<em class="sci">Agapornis fischeri</em>)	0.0	0.0	0.0	0.0	0.0	0.0	0.0	0.0	0.0	0.0	0.0	0.0	0.0	0.0	0.0	0.0	0.0	0.0	0.0	0.0	0.0	0.0	0.0	0.0	0.0	0.0	0.0	0.0	0.0	0.0	0.0	0.0	0.0	2.504E-4	0.0	0.0	0.0	0.0	0.0	0.0	0.0	0.0	0.0	0.0	0.0	0.0	0.0	0.0	
テリハメキシコインコ (<em class="sci">Psittacara holochlorus</em>)	0.0	0.0	0.0	0.0	0.0	0.0	0.0	0.0	0.0	0.0	0.0	0.0	0.0	0.0	0.0	0.0	0.0	0.0	0.0	0.0	0.0	0.0	0.0	0.0	0.0	0.0	2.766E-4	0.0	0.0	0.0	0.0	0.0	0.0	0.0	0.0	0.0	0.0	0.0	0.0	0.0	0.0	0.0	0.0	0.0	0.0	0.0	0.0	0.0	
オウム目（インコ科 小さな種） (<em class="sci">Psittaciformes sp. (parakeet sp.)</em>)	0.0	0.0	0.0	0.0	0.0	0.0	0.0	0.0	0.0	0.0	1.733E-4	0.0	0.0	0.0	0.0	0.0	0.0	0.0	0.0	0.0	0.0	0.0	0.0	0.0	0.0	0.0	0.0	0.0	0.0	0.0	0.0	0.0	0.0	0.0	0.0	0.0	0.0	0.0	0.0	0.0	0.0	0.0	0.0	0.0	0.0	0.0	0.0	3.232E-4	
ヤイロチョウ (<em class="sci">Pitta nympha</em>)	0.0	0.0	0.0	0.0	0.0	0.0	0.0	0.0	0.0	0.0	0.0	0.0	0.0	0.0	0.0	0.0	0.0015	1.377E-4	0.0011667	0.0023646	0.0015649	0.0013238	0.0015	7.338E-4	0.001208	0.001612	2.766E-4	0.0014187	8.731E-4	0.0015	0.0	0.0	2.379E-4	0.0	0.0	1.634E-4	0.0	0.0	1.738E-4	0.0	0.0	0.0	0.0	0.0	0.0	0.0	0.0	0.0	
リュウキュウサンショウクイ (<em class="sci">Pericrocotus tegimae</em>)	0.0156759	0.0145044	0.0112979	0.0144858	0.0136358	0.0157809	0.0144885	0.0123808	0.0148936	0.0125896	0.0182007	0.0095214	0.0091072	0.0124405	0.014444	0.0154288	0.0114959	0.0167998	0.0263964	0.025335	0.0205182	0.0111573	0.0139918	0.009723	0.0070065	0.0051048	0.0030429	0.0028375	0.0011641	0.0016811	0.0063783	0.0079833	0.005471	0.0105158	0.0083056	0.0104575	0.0059536	0.0072604	0.00504	0.0081301	0.0061556	0.0067981	0.0127063	0.0176524	0.0167528	0.0148008	0.0143818	0.0159448	
サンショウクイ (<em class="sci">Pericrocotus divaricatus</em>)	1.254E-4	1.343E-4	0.0	0.0	0.0	0.0	0.0	0.0	0.0	0.0	1.733E-4	3.86E-4	0.0015	0.0039932	0.0329547	0.0426982	0.0556568	0.0410355	0.0355841	0.030965	0.0264302	0.029879	0.0255144	0.0220143	0.0135298	0.0161204	0.0085754	0.007499	0.0055297	0.0095265	0.0069329	0.0129253	0.0078497	0.0047571	0.0049834	0.0058824	0.0041059	6.454E-4	8.69E-4	9.426E-4	1.399E-4	1.7E-4	0.0	0.0	1.782E-4	0.0	0.0	0.0	
リュウキュウサンショウクイ／サンショウクイ (<em class="sci">Pericrocotus tegimae/divaricatus</em>)	1.254E-4	1.343E-4	0.0	9.59E-5	0.0	1.16E-4	0.0	0.0015	0.0	5.246E-4	0.0	2.573E-4	3.253E-4	6.143E-4	0.0012621	5.98E-4	5.608E-4	2.754E-4	2.917E-4	9.008E-4	0.0010433	1.891E-4	4.115E-4	1.835E-4	2.416E-4	0.0015	0.0	2.027E-4	2.91E-4	0.0	0.0	0.0	2.379E-4	0.0	2.373E-4	6.536E-4	8.212E-4	1.613E-4	0.0	1.178E-4	2.798E-4	3.399E-4	0.0	5.154E-4	3.564E-4	3.795E-4	0.0	3.232E-4	
アサクラサンショウクイ (<em class="sci">Lalage melaschistos</em>)	0.0	0.0	0.0	0.0	0.0	0.0	0.0	0.0	0.0	0.0	0.0	0.0	0.0	0.0	0.0	0.0	0.0	0.0	0.0	0.0	0.0	0.0	0.0	0.0	0.0	0.0	0.0	0.0	0.0	0.0	0.0	0.0	0.0	0.0	0.0	0.0	0.0	0.0	0.0	0.0	0.0	1.7E-4	0.0	0.0	0.0	1.898E-4	0.0	0.0	
コウライウグイス (<em class="sci">Oriolus chinensis</em>)	0.0	0.0	0.0	0.0	0.0	0.0	0.0	0.0	0.0	0.0	0.0	0.0	0.0	0.0	0.0	0.0015	0.0012617	0.0026164	0.0014584	2.252E-4	5.216E-4	0.0	2.058E-4	0.0	0.0	0.0	0.0	0.0	0.0	2.802E-4	0.0	0.0	0.0	0.0	2.373E-4	3.268E-4	0.0	1.613E-4	0.0	1.178E-4	0.0	0.0	0.0	0.0	0.0	0.0	0.0	0.0	
オウチュウ (<em class="sci">Dicrurus macrocercus</em>)	0.0	0.0	0.0	0.0	0.0	0.0	0.0	0.0	0.0	0.0	1.733E-4	2.573E-4	0.0	0.0	0.0	0.0013156	0.0011215	0.0016524	1.458E-4	6.756E-4	1.739E-4	0.0	0.0	0.0	0.0	2.687E-4	0.0	0.0	0.0	0.0	0.0	0.0	0.0	0.0	0.0	0.0	2.053E-4	0.0	0.0	0.0	1.399E-4	0.0	0.0	0.0	0.0	0.0	0.0	0.0	
ハイイロオウチュウ (<em class="sci">Dicrurus leucophaeus</em>)	0.0	0.0	0.0	0.0	0.0	0.0	0.0	0.0	0.0	0.0	1.733E-4	0.0	0.0	0.0	0.0	1.196E-4	1.402E-4	0.0	0.0	0.0	0.0	0.0	0.0	0.0	0.0	0.0	0.0	0.0	0.0	0.0	0.0	0.0	0.0	0.0	0.0	0.0	0.0015	4.84E-4	0.0	0.0	0.0	0.0	0.0	0.0	0.0	0.0	1.868E-4	0.0	
カンムリオウチュウ (<em class="sci">Dicrurus hottentottus</em>)	0.0	0.0	0.0	0.0	0.0	0.0	0.0	0.0	0.0	0.0	0.0	0.0	0.0	0.0	0.0	1.196E-4	0.0	0.0	0.0	0.0	0.0	0.0	0.0	0.0	0.0	0.0	0.0	0.0	0.0	0.0	0.0	0.0	0.0	0.0	0.0	0.0	0.0	0.0	0.0	0.0	0.0	0.0	0.0	0.0	0.0	0.0	0.0	0.0	
サンコウチョウ (<em class="sci">Terpsiphone atrocaudata</em>)	0.0	0.0	0.0	0.0	0.0	0.0	0.0	0.0	0.0	0.0	0.0	0.0	6.505E-4	3.072E-4	0.0028047	0.0071762	0.0140193	0.0283668	0.0282923	0.0346808	0.0352982	0.0308245	0.0296296	0.0299028	0.0215028	0.0204191	0.0160443	0.0115525	0.0052386	0.0028019	0.0047144	0.009694	0.0111798	0.0107661	0.0090176	0.0070261	0.0022583	8.067E-4	6.952E-4	1.178E-4	1.399E-4	0.0	0.0	0.0	0.0	0.0	0.0	0.0	
チゴモズ (<em class="sci">Lanius tigrinus</em>)	0.0	0.0	0.0	0.0	0.0	0.0	0.0	0.0	0.0	0.0	0.0	0.0	0.0	0.0	0.0	1.196E-4	0.0	8.262E-4	7.292E-4	0.0019142	0.0020866	0.0013238	2.058E-4	0.0022014	4.832E-4	5.373E-4	0.0015	6.08E-4	2.91E-4	2.802E-4	5.546E-4	9.504E-4	2.379E-4	0.0	2.373E-4	0.0	0.0	0.0	0.0	0.0	0.0	0.0	0.0	0.0	0.0	0.0	0.0	0.0	
モズ (<em class="sci">Lanius bucephalus</em>)	0.2257336	0.2072254	0.1821116	0.1869724	0.1782847	0.1747505	0.1646422	0.1713391	0.1585925	0.1596433	0.140579	0.129053	0.1034315	0.0870834	0.0725004	0.0777419	0.0759849	0.0633434	0.062418	0.0648576	0.0632933	0.0667549	0.0613169	0.0634746	0.0519449	0.0631381	0.0558783	0.0449939	0.0448196	0.047072	0.0399334	0.0408668	0.056137	0.1099149	0.1407214	0.225	0.268528	0.2959019	0.2798054	0.2576882	0.2525182	0.239463	0.2064356	0.1870893	0.1942613	0.1787476	0.1815465	0.1960784	
セアカモズ (<em class="sci">Lanius collurio</em>)	0.0	0.0	0.0	0.0	1.274E-4	0.0	0.0	0.0	0.0	0.0	0.0	0.0	0.0	0.0	0.0	0.0	0.0	0.0	0.0	0.0	0.0	0.0	0.0	0.0	0.0	0.0	0.0	0.0	0.0	0.0	0.0	0.0	0.0	0.0	0.0	0.0	0.0	0.0	0.0015	1.178E-4	0.0	0.0	0.0	0.0	0.0	0.0	0.0	0.0	
モウコアカモズ (<em class="sci">Lanius isabellinus</em>)	0.0	0.0	0.0	0.0	0.0	0.0	0.0	0.0	0.0	0.0	0.0	0.0	0.0	0.0	0.0	0.0	1.402E-4	0.0	0.0	0.0	0.0	0.0	0.0	0.0	0.0	0.0	0.0	0.0	0.0	0.0	0.0	0.0	0.0	0.0	0.0	0.0	0.0	0.0	0.0	0.0	0.0	0.0	0.0	0.0	0.0	0.0	0.0	0.0	
アカモズ (<em class="sci">Lanius cristatus</em>)	0.0038876	0.0024174	0.0017485	5.756E-4	0.0019116	0.0013924	0.0014635	2.846E-4	0.0018003	0.0027977	0.009187	0.006948	0.0060172	0.0053755	0.0012621	0.0056213	0.0026637	0.0028918	0.0021875	0.0012386	8.694E-4	5.673E-4	0.0014403	5.504E-4	9.664E-4	2.687E-4	2.766E-4	0.0016214	0.0015	2.802E-4	5.546E-4	1.901E-4	0.0026166	0.0037556	0.0064072	0.0066993	0.00349	0.0037109	0.0019117	0.0036526	0.0019586	6.798E-4	8.251E-4	0.0010308	0.0023169	0.0017078	0.0011207	0.0019392	
タカサゴモズ (<em class="sci">Lanius schach</em>)	2.508E-4	2.686E-4	5.38E-4	2.878E-4	0.0	1.16E-4	0.0	1.423E-4	1.637E-4	3.497E-4	0.0015	0.0015	0.0	0.0	1.402E-4	0.0	0.0	0.0	0.0	0.0	0.0	0.0	0.0	0.0	0.0	0.0	0.0	0.0	0.0	0.0	0.0	0.0	0.0	0.0	2.373E-4	3.268E-4	0.0	0.0	0.0	0.0	0.0	0.0	0.0	0.0	5.347E-4	0.0	0.0	0.0	
オオモズ (<em class="sci">Lanius borealis</em>)	3.762E-4	0.0	2.69E-4	1.919E-4	0.0015	6.962E-4	2.927E-4	1.423E-4	8.183E-4	5.246E-4	0.0	2.573E-4	1.626E-4	0.0	0.0	0.0	0.0	0.0	0.0	0.0	0.0	0.0	0.0	0.0	0.0	0.0	0.0	2.027E-4	0.0	0.0	0.0	0.0	0.0	0.0	0.0	0.0	0.0	0.0	6.952E-4	2.357E-4	5.596E-4	0.0	0.0015	1.288E-4	0.0015	0.0015	3.736E-4	5.387E-4	
オオカラモズ (<em class="sci">Lanius sphenocercus</em>)	2.508E-4	4.029E-4	1.345E-4	9.59E-5	2.549E-4	2.321E-4	4.39E-4	1.423E-4	3.273E-4	6.994E-4	0.0012134	0.0	0.0	1.536E-4	0.0	0.0	1.402E-4	0.0	0.0	0.0	0.0	0.0	0.0	0.0	0.0	0.0	0.0	0.0	0.0	0.0	0.0	0.0	0.0	0.0	0.0	0.0	0.0	0.0	0.0	0.0	0.0	0.0	0.0	0.0	0.0015	0.0	0.0	2.155E-4	
モズ属 (<em class="sci">Laniidae sp.</em>)	0.0015	1.343E-4	1.345E-4	9.59E-5	1.274E-4	1.16E-4	1.463E-4	0.0015	0.0	1.749E-4	1.733E-4	2.573E-4	4.879E-4	0.0	1.402E-4	3.588E-4	4.206E-4	1.377E-4	1.458E-4	3.378E-4	0.0	1.891E-4	4.115E-4	5.504E-4	0.0	5.373E-4	5.533E-4	2.027E-4	2.91E-4	0.0	0.0015	3.802E-4	2.379E-4	2.504E-4	9.492E-4	1.634E-4	0.0	4.84E-4	5.214E-4	3.535E-4	4.197E-4	3.399E-4	0.0	3.865E-4	0.0	5.693E-4	1.868E-4	2.155E-4	
カケス (<em class="sci">Garrulus glandarius</em>)	0.0466516	0.0478109	0.0470746	0.0486378	0.0485536	0.0540729	0.0515147	0.0520848	0.0373159	0.0325232	0.0301612	0.0289501	0.0245568	0.0368607	0.038564	0.0379141	0.0405159	0.0271275	0.0386466	0.0353564	0.0382542	0.0270424	0.0286008	0.0264172	0.0222276	0.0142397	0.0185339	0.0139846	0.0110594	0.0165312	0.0138658	0.0150162	0.0118934	0.022033	0.0417655	0.0583333	0.0663108	0.0730881	0.0630865	0.0623306	0.0471461	0.0445275	0.0410891	0.0380106	0.0333274	0.040797	0.0382891	0.044387	
ルリカケス (<em class="sci">Garrulus lidthi</em>)	3.762E-4	0.0014773	0.002959	0.0017268	0.0010195	0.0048735	0.0013171	0.0025615	0.0047463	0.0057702	0.0058936	0.0028307	0.0016263	0.0038397	0.0033656	0.0053821	0.0018225	0.0067475	0.0093335	0.0131742	0.0048687	0.001702	0.0020576	0.0025683	4.832E-4	0.0018807	0.0038728	0.0020268	5.821E-4	0.0015	0.0022185	0.002471	7.136E-4	0.004006	0.0014238	0.0011438	4.106E-4	0.0022588	1.738E-4	0.0044774	9.793E-4	0.0056084	0.0011551	0.0037366	3.564E-4	0.0032258	0.0013074	0.0012928	
オナガ (<em class="sci">Cyanopica cyanus</em>)	0.0369952	0.0330379	0.0356422	0.0410591	0.0368294	0.0334184	0.0364408	0.0334424	0.0368249	0.0417905	0.0357081	0.0361554	0.0365913	0.0362464	0.0479596	0.0605191	0.05075	0.0644451	0.0682514	0.0552866	0.0526865	0.0554085	0.0582305	0.0603559	0.0613675	0.0513165	0.0594744	0.0512769	0.056461	0.0557579	0.0615641	0.0606349	0.059705	0.0723585	0.0633602	0.0665033	0.0541983	0.0559858	0.0537018	0.0444209	0.0461668	0.0363698	0.0336634	0.0325989	0.0390305	0.0379507	0.0418379	0.0379229	
サンジャク (<em class="sci">Urocissa erythroryncha</em>)	1.254E-4	0.0	0.0	0.0	0.0	0.0	0.0	0.0	0.0	0.0	0.0	0.0	0.0015	0.0	0.0	0.0	0.0	1.377E-4	0.0	0.0	0.0	0.0	0.0	0.0	0.0	0.0	0.0	0.0	0.0	0.0	0.0	0.0	0.0	0.0	0.0	0.0	0.0	0.0	0.0	0.0	0.0	0.0	0.0	0.0	0.0	0.0	0.0	0.0	
カササギ (<em class="sci">Pica serica</em>)	0.0030098	0.0033575	0.003228	0.0023024	0.0036957	0.003365	0.0021952	0.0031308	0.0027823	0.004896	0.0019067	0.0021873	0.0021142	0.002611	0.0019633	0.0043057	0.0037852	0.002341	0.0021875	0.002252	0.0026082	0.0034039	0.0018519	0.002018	9.664E-4	2.687E-4	0.0011065	6.08E-4	0.0014552	0.0011208	0.0013866	5.702E-4	7.136E-4	0.0022534	0.003085	0.004085	0.0022583	0.0019361	0.0026069	0.003417	0.0026581	0.003739	0.0019802	0.0037366	0.0033862	0.0026565	0.0031752	0.0026934	
ホシガラス (<em class="sci">Nucifraga caryocatactes</em>)	0.0015	0.0	4.035E-4	0.0	2.549E-4	0.0015	1.463E-4	0.0	3.273E-4	0.0015	0.0015	0.0015	3.253E-4	1.536E-4	2.805E-4	2.392E-4	0.0016823	0.0011016	0.0030626	0.0032654	0.0034777	0.0026475	0.0063786	0.0055036	0.0072481	0.0072542	0.0102351	0.0109445	0.0090221	0.0086859	0.005269	0.0070329	0.0071361	0.0065098	0.0118652	0.0063725	0.0036953	0.0038722	0.0022593	0.0028279	0.0015389	5.099E-4	8.251E-4	7.731E-4	1.782E-4	1.898E-4	3.736E-4	2.155E-4	
コクマルガラス (<em class="sci">Coloeus dauuricus</em>)	0.004013	0.0092667	0.0078009	0.0048926	0.0067542	0.0073103	0.0057076	0.0046962	0.0022913	0.0010491	3.467E-4	5.147E-4	3.253E-4	0.0	0.0	1.196E-4	0.0015	0.0	0.0	0.0	0.0	0.0	0.0	0.0	0.0	0.0	0.0	0.0	0.0	0.0	0.0	0.0	0.0	0.0	0.0	0.0	0.0	3.227E-4	8.69E-4	0.0011783	0.0026581	0.0020394	0.0036304	0.0037366	0.0046338	0.0037951	0.0054165	0.0050636	
イエガラス (<em class="sci">Corvus splendens</em>)	0.0	0.0	0.0	0.0	0.0	1.16E-4	1.463E-4	0.0	0.0	0.0	0.0	0.0	0.0	0.0	0.0	0.0	0.0	0.0	0.0	0.0	0.0	0.0	0.0	0.0	0.0	0.0	0.0	0.0	0.0	0.0	0.0	0.0	0.0	0.0	0.0	0.0	0.0	0.0	0.0	0.0	0.0	0.0	0.0	0.0	0.0	0.0	0.0	0.0	
ミヤマガラス (<em class="sci">Corvus frugilegus</em>)	0.0160522	0.0257857	0.0201748	0.0165004	0.0196253	0.0210026	0.0181472	0.0136616	0.010311	0.0068194	0.0057202	0.0032167	0.0021142	7.679E-4	0.0012621	0.0023921	0.0046264	0.0012393	0.0015	1.126E-4	0.0	0.0	0.0	1.835E-4	0.0	0.0	0.0	0.0	0.0	2.802E-4	2.773E-4	0.0	0.0	0.0	0.0	0.0	4.106E-4	0.0019361	0.0072993	0.0098975	0.0106323	0.0093474	0.0110561	0.0135292	0.0151488	0.0149905	0.0179305	0.0171299	
ハシボソガラス (<em class="sci">Corvus corone</em>)	0.3664409	0.3506581	0.3300605	0.3561972	0.3555499	0.3594802	0.3509439	0.3661591	0.3589198	0.3645742	0.3452938	0.3466289	0.3304602	0.32591	0.3348759	0.3478053	0.3455769	0.3336546	0.3236109	0.3272154	0.3538515	0.3273449	0.3308642	0.3184737	0.3194008	0.309511	0.3067773	0.2979327	0.2948196	0.3138134	0.3186356	0.312298	0.3108944	0.3347521	0.3308021	0.3330065	0.3383289	0.3402711	0.3288147	0.3444091	0.3451315	0.360809	0.3493399	0.343899	0.3660667	0.3557875	0.3670153	0.3620987	
ハシブトガラス (<em class="sci">Corvus macrorhynchos</em>)	0.4426887	0.4329842	0.4212508	0.4235418	0.4337964	0.4315386	0.4488512	0.4175324	0.4279869	0.4318937	0.4288438	0.4279465	0.4270613	0.4106896	0.4106016	0.408444	0.3932427	0.4449188	0.4204463	0.4193221	0.4027126	0.3857791	0.405144	0.390754	0.375453	0.3723804	0.3919779	0.3802189	0.3815483	0.3816195	0.396284	0.3934613	0.4065176	0.4081122	0.4302326	0.4393791	0.4280435	0.4535334	0.4181439	0.4544598	0.4322888	0.4488443	0.4405941	0.4598634	0.4548209	0.4356736	0.4688084	0.4435466	
ハシボソガラス／ハシブトガラス (<em class="sci">Corvus corone/macrorhynchos</em>)	0.0	0.0	0.0	0.0	0.0	0.0	0.0	0.0	0.0	0.0	0.0	0.0	0.0	0.0	0.0	0.0	0.0	0.0	0.0	0.0	0.0	0.0	0.0	0.0	0.0	0.0	0.0	0.0	0.0	0.0	0.0	0.0	2.379E-4	0.0	0.0	0.0	0.0	0.0	0.0	0.0	0.0	0.0	0.0	0.0	0.0	0.0	0.0	0.0	
カラス属（カラスの種） (<em class="sci">Corvus sp. (crow sp.)</em>)	0.0139202	0.0197421	0.0149294	0.0171719	0.0156748	0.0177535	0.018879	0.0180731	0.0209493	0.021857	0.0246143	0.0187854	0.0234184	0.0304101	0.026504	0.022605	0.0196271	0.0203801	0.0163337	0.0198176	0.0198226	0.02118	0.0154321	0.0192625	0.020778	0.013971	0.0182573	0.0160113	0.0279395	0.0226954	0.0268996	0.0214788	0.0218839	0.0252879	0.0303749	0.0300654	0.0328475	0.0191997	0.0232881	0.021798	0.0144096	0.0166553	0.0151815	0.0222909	0.0140795	0.0212524	0.0153157	0.0147598	
ワタリガラス (<em class="sci">Corvus corax</em>)	1.254E-4	4.029E-4	1.345E-4	1.919E-4	2.549E-4	8.123E-4	0.0011708	7.115E-4	0.001473	3.497E-4	3.467E-4	1.287E-4	0.0	0.0	0.0	1.196E-4	0.0	0.0	0.0	0.0	0.0	0.0	0.0	0.0	0.0	0.0	0.0	0.0	0.0	0.0	0.0	0.0	0.0	0.0	0.0	0.0	0.0	0.0	0.0	0.0	0.0	1.7E-4	3.3E-4	1.288E-4	1.782E-4	0.0	0.0	2.155E-4	
カラス属 (<em class="sci">Corvus sp.</em>)	0.0013795	0.0012087	0.0017485	0.0015349	0.0014018	0.0020887	0.0016098	0.0032731	0.0026187	0.002448	0.0043335	0.00386	0.0040657	0.0019966	0.0029449	0.0022725	0.0025235	0.0020655	0.0016042	9.008E-4	0.0020866	0.0011346	2.058E-4	0.0022014	2.416E-4	0.0010747	0.0011065	0.0016214	5.821E-4	0.0015	0.0011093	0.0015206	0.0014272	0.002003	0.0014238	0.0037582	0.0026689	0.0014521	0.0039972	0.0040061	0.0036374	0.0015296	0.0013201	0.0020616	0.0021387	0.0011385	0.001681	0.0022624	
corvid sp. (<em class="sci">Corvidae sp.</em>)	0.0	0.0	0.0	0.0	1.274E-4	0.0	0.0	0.0	0.0	0.0	0.0	0.0	0.0	0.0	0.0	0.0	0.0	0.0	0.0	0.0	0.0	0.0	0.0	0.0	0.0	0.0	0.0	0.0	0.0	0.0	0.0	0.0	0.0	0.0	0.0	0.0	0.0	0.0	0.0	0.0	0.0	0.0	0.0	0.0	0.0	0.0	0.0	0.0	
ヒガラ (<em class="sci">Periparus ater</em>)	0.02922	0.0303519	0.0381977	0.0324252	0.0336434	0.0364354	0.0368798	0.0468194	0.0325696	0.0297255	0.0291212	0.0303654	0.0341519	0.0391645	0.0429112	0.0520273	0.07248	0.057973	0.0710223	0.0764554	0.0625978	0.0559758	0.0609053	0.0568703	0.0492873	0.0357335	0.0367911	0.0423591	0.0331781	0.0375455	0.0257903	0.0298422	0.0259277	0.0260391	0.0367822	0.0302288	0.0379799	0.0395289	0.031804	0.038883	0.0323167	0.0324609	0.030198	0.0322123	0.0276243	0.0296015	0.0276429	0.0301659	
キバラガラ (<em class="sci">Periparus venustulus</em>)	3.762E-4	6.715E-4	4.035E-4	2.878E-4	5.097E-4	8.123E-4	0.0010244	0.0012808	0.001473	0.001224	0.00104	6.433E-4	8.131E-4	0.0	0.0	0.0	1.402E-4	0.0	0.0	0.0	0.0	0.0	0.0	0.0	0.0	0.0	0.0	0.0	0.0	0.0	0.0	0.0	0.0	0.0	0.0	0.0	0.0	0.0	0.0	0.0	0.0	0.0	4.95E-4	0.0	1.782E-4	0.0	0.0015	2.155E-4	
オリイヤマガラ (<em class="sci">Sittiparus olivaceus</em>)	0.0010033	0.0012087	0.0015	0.0	0.0	0.0015	0.0015	0.0	4.91E-4	1.749E-4	6.934E-4	9.007E-4	1.626E-4	0.0010751	1.402E-4	2.392E-4	2.804E-4	2.754E-4	4.375E-4	3.378E-4	1.739E-4	0.0	2.058E-4	1.835E-4	2.416E-4	2.687E-4	0.0	0.0015	0.0	0.0015	0.0	3.802E-4	0.0015	0.0	2.373E-4	1.634E-4	0.0	0.0	1.738E-4	1.178E-4	1.399E-4	0.0	3.3E-4	2.577E-4	7.129E-4	1.898E-4	0.0	1.077E-4	
ヤマガラ (<em class="sci">Sittiparus varius</em>)	0.1395786	0.1312114	0.1311365	0.1346892	0.1302409	0.137967	0.1451778	0.1314928	0.1230769	0.1402343	0.1270584	0.1299537	0.1343308	0.1403778	0.1454214	0.1380218	0.1479041	0.1228312	0.1188566	0.1167661	0.1074596	0.0992814	0.0965021	0.0856724	0.07079	0.0674369	0.0694329	0.0646534	0.0570431	0.0773326	0.0793123	0.1060635	0.0908658	0.1284427	0.1300427	0.1403595	0.1408335	0.1414973	0.1266945	0.1322022	0.120873	0.1276343	0.1176568	0.1280763	0.1172696	0.1305503	0.1212178	0.1322991	
オーストンヤマガラ (<em class="sci">Sittiparus owstoni</em>)	3.762E-4	6.715E-4	0.0014795	8.634E-4	0.0021664	5.802E-4	8.781E-4	0.0024192	0.001964	0.0026228	8.667E-4	0.0032167	0.0039031	0.0021502	0.0033656	0.0026313	0.0039254	0.0035803	0.0055418	0.0058552	0.0036515	0.0039713	0.0024691	0.0025683	9.664E-4	0.0013434	0.0013831	0.0012161	0.0014552	8.406E-4	0.0011093	0.0020909	0.0021408	2.504E-4	7.119E-4	9.804E-4	0.0016424	8.067E-4	8.69E-4	1.178E-4	4.197E-4	3.399E-4	0.0	2.577E-4	0.0	1.898E-4	5.603E-4	4.309E-4	
ハシブトガラ (<em class="sci">Poecile palustris</em>)	0.0219463	0.0226967	0.0297243	0.0338642	0.031477	0.0375957	0.0418557	0.0468194	0.0356792	0.0171359	0.0223609	0.0171127	0.015287	0.017816	0.0208947	0.023203	0.0225711	0.0206555	0.0154587	0.0231956	0.0245175	0.0217474	0.0197531	0.0172445	0.0195699	0.0196131	0.0196404	0.0172274	0.0253201	0.0243766	0.0155297	0.0205284	0.0211703	0.0202804	0.0282392	0.025817	0.0264833	0.0287189	0.0246785	0.0283964	0.0256016	0.0258328	0.0272277	0.0219044	0.0199608	0.0214421	0.0272693	0.0248869	
コガラ (<em class="sci">Poecile montanus</em>)	0.0204414	0.0182648	0.0242098	0.0212011	0.0198802	0.0279647	0.0313186	0.028604	0.0199673	0.0162616	0.0121338	0.0101647	0.0138234	0.0142835	0.0136026	0.0212893	0.0309828	0.0180391	0.0319382	0.026461	0.0201704	0.0172088	0.0203704	0.0225647	0.0171539	0.0150457	0.0182573	0.0184435	0.0177532	0.0207341	0.0196894	0.0203383	0.0111798	0.0142714	0.0206455	0.0183007	0.0170396	0.0148435	0.0192909	0.0234476	0.0173475	0.0217539	0.0191419	0.0184255	0.0180004	0.0178368	0.0169966	0.0178841	
ハシブトガラ／コガラ (<em class="sci">Poecile palustris/montanus</em>)	6.27E-4	5.372E-4	0.001076	0.0013431	0.0016567	5.802E-4	5.854E-4	4.269E-4	6.547E-4	3.497E-4	6.934E-4	7.72E-4	4.879E-4	4.608E-4	0.0014023	1.196E-4	8.412E-4	4.131E-4	2.917E-4	3.378E-4	5.216E-4	3.782E-4	0.0016461	9.173E-4	0.0	5.373E-4	0.0	2.027E-4	5.821E-4	8.406E-4	2.773E-4	5.702E-4	7.136E-4	5.008E-4	4.746E-4	6.536E-4	4.106E-4	8.067E-4	8.69E-4	8.248E-4	0.0011192	1.7E-4	6.601E-4	0.0010308	1.782E-4	1.898E-4	7.471E-4	5.387E-4	
シジュウカラ (<em class="sci">Parus cinereus</em>)	0.3703286	0.3549557	0.3421654	0.365023	0.3612846	0.3705036	0.373628	0.3756938	0.3695581	0.3853821	0.3855088	0.3641276	0.3672142	0.3658424	0.372318	0.3907427	0.3970279	0.3888736	0.3659035	0.3483842	0.3463745	0.3368003	0.3234568	0.3118694	0.2754288	0.2590005	0.2387275	0.1986218	0.1883003	0.2067806	0.2157515	0.2450105	0.2592769	0.3084627	0.3243949	0.3498366	0.3625539	0.3499516	0.3315954	0.3487687	0.3412143	0.3325969	0.3318482	0.3405489	0.3448583	0.3455408	0.3511393	0.3570351	
シジュウカラ属 (<em class="sci">Parus sp.</em>)	0.0	0.0	0.0	0.0	0.0	0.0	0.0	0.0015	0.0	0.0	0.0	0.0	0.0	0.0	1.402E-4	0.0	0.0	0.0	0.0	0.0	0.0	0.0	0.0	0.0	0.0	0.0	0.0	0.0	0.0	0.0	0.0	0.0	0.0	0.0	0.0	0.0	0.0	0.0	0.0	0.0	0.0	0.0	0.0	0.0	0.0	0.0	0.0	0.0	
シジュウカラ科 (<em class="sci">Paridae sp.</em>)	0.0	2.686E-4	0.0	0.0	1.274E-4	0.0	0.0	0.0	0.0	0.0	0.0	0.0	0.0	0.0	0.0	0.0	0.0	0.0	0.0	3.378E-4	0.0	0.0	0.0	0.0	0.0	0.0	0.0	0.0	2.91E-4	0.0	0.0	0.0	0.0	2.504E-4	0.0	0.0	4.106E-4	0.0015	3.476E-4	0.0	0.0	0.0	0.0	0.0	1.782E-4	1.898E-4	0.0	0.0	
ツリスガラ (<em class="sci">Remiz consobrinus</em>)	0.0020065	0.002686	0.0025555	0.0023024	0.0048426	0.0052216	0.0065857	0.0035577	0.0037643	0.0019234	0.0019067	0.00193	9.758E-4	0.0012287	7.012E-4	4.784E-4	0.0012617	1.377E-4	0.0	0.0015	0.0	0.0	0.0	0.0	0.0	0.0	0.0	0.0	0.0	0.0	0.0	0.0	0.0	0.0	0.0	0.0	2.053E-4	0.0	0.0	2.357E-4	1.399E-4	5.099E-4	3.3E-4	7.731E-4	0.0010693	3.795E-4	0.0013074	0.0015083	
ヒバリ (<em class="sci">Alauda arvensis</em>)	0.0312265	0.0304862	0.0333557	0.0273408	0.0317319	0.041657	0.0471242	0.0488117	0.0517185	0.0659206	0.0698561	0.0855636	0.0827777	0.0887728	0.0969009	0.1113503	0.1080892	0.0988708	0.1055855	0.0954847	0.1166754	0.119705	0.1082305	0.0952119	0.0729645	0.0507792	0.053112	0.0415484	0.0494761	0.0473522	0.0488075	0.0484699	0.0432921	0.0415623	0.0365449	0.0452614	0.0455759	0.0614714	0.0570038	0.0472487	0.0386122	0.0300816	0.0293729	0.0271872	0.0228123	0.0166983	0.0293239	0.0307046	
ハマヒバリ (<em class="sci">Eremophila alpestris</em>)	0.0015	1.343E-4	4.035E-4	2.878E-4	3.823E-4	5.802E-4	2.927E-4	4.269E-4	0.0	1.749E-4	1.733E-4	1.287E-4	0.0	0.0	0.0	0.0	0.0015	0.0	0.0	0.0	0.0	0.0	0.0	0.0	0.0	0.0	0.0	0.0	0.0	0.0	0.0	0.0	0.0	0.0	0.0	0.0	0.0	0.0	0.0	1.178E-4	1.399E-4	0.0	0.0	0.0	0.0	1.898E-4	0.0	1.077E-4	
ヒメコウテンシ (<em class="sci">Calandrella dukhunensis</em>)	0.0	0.0	0.0	0.0	0.0	0.0	1.463E-4	1.423E-4	0.0	0.0015	0.0	0.0	1.626E-4	1.536E-4	2.805E-4	0.0020332	0.0015421	0.0011016	1.458E-4	0.0	0.0	0.0	0.0	0.0	0.0	0.0	0.0	0.0	0.0	0.0	0.0	0.0	0.0	0.0	0.0	1.634E-4	0.0015	0.0	0.0	0.0	0.0	0.0	0.0	0.0	0.0015	0.0	0.0	0.0	
ヒメコウテンシ／ニシヒメコウテンシ (<em class="sci">Calandrella brachydactyla/dukhunensis</em>)	0.0	0.0	0.0	0.0	0.0	0.0	0.0	0.0	0.0	0.0	0.0	0.0	0.0	0.0	0.0	1.196E-4	0.0	0.0	0.0	0.0	0.0	0.0	0.0	0.0	0.0	0.0	0.0	0.0	0.0	0.0	0.0	0.0	0.0	0.0	0.0	0.0	0.0	0.0	0.0	0.0	0.0	0.0	0.0	0.0	0.0	0.0	0.0	0.0	
クビワコウテンシ (<em class="sci">Melanocorypha bimaculata</em>)	1.254E-4	0.0	0.0	0.0	0.0	0.0	0.0	0.0	0.0	0.0	0.0	0.0	0.0	0.0	0.0	0.0	0.0	0.0	0.0	0.0	0.0	0.0	0.0	0.0	0.0	0.0	0.0	0.0	0.0	0.0	0.0	0.0	0.0	0.0	0.0	0.0	0.0	0.0	0.0	0.0	0.0	0.0	1.65E-4	0.0	0.0	0.0	0.0	0.0	
コウテンシ (<em class="sci">Melanocorypha mongolica</em>)	0.0	0.0	0.0	0.0	0.0	0.0	0.0	0.0	0.0	0.0	0.0	0.0	0.0	0.0	0.0	0.0	1.402E-4	0.0	0.0	0.0	0.0	0.0	0.0	0.0	0.0	0.0	0.0	0.0	0.0	0.0	0.0	0.0	0.0	0.0	0.0	0.0	0.0	0.0	0.0	0.0	0.0	0.0	0.0	0.0	0.0	0.0	0.0	0.0	
アジアコヒバリ (<em class="sci">Alaudala cheleensis</em>)	0.0	0.0	0.0	9.59E-5	0.0	0.0	1.463E-4	1.423E-4	1.637E-4	0.0	0.0	0.0	0.0	0.0	0.0	4.784E-4	5.608E-4	0.0	0.0	0.0	0.0	0.0	0.0	0.0	0.0	0.0	0.0	0.0	0.0	0.0	0.0	0.0	0.0	0.0	0.0	6.536E-4	0.0	0.0	0.0	0.0	0.0	0.0	0.0	0.0	0.0	1.898E-4	0.0	0.0	
ヒゲガラ (<em class="sci">Panurus biarmicus</em>)	0.0	0.0	0.0	0.0	0.0	0.0	0.0	0.0	0.0	0.0	1.733E-4	0.0	0.0	0.0	0.0	0.0	0.0	0.0	0.0	0.0	0.0	0.0	0.0	0.0	0.0	0.0	0.0	0.0	0.0	0.0	0.0	0.0	0.0	0.0	0.0	0.0	0.0	0.0	0.0	0.0015	0.0	0.0	0.0	0.0	0.0	0.0	0.0	0.0	
アジアマミハウチワドリ (<em class="sci">Prinia inornata</em>)	0.0	0.0	0.0	0.0	0.0	0.0	0.0	0.0	0.0	0.0	1.733E-4	0.0	0.0	0.0	0.0	0.0	0.0	0.0	0.0	0.0	0.0	0.0	0.0	0.0	0.0	0.0	0.0	0.0	0.0	0.0	0.0	0.0	0.0	0.0	0.0	0.0	0.0	0.0	0.0	0.0	0.0	0.0	0.0	0.0	0.0	0.0	0.0	0.0	
セッカ (<em class="sci">Cisticola juncidis</em>)	0.0136694	0.0135643	0.0095494	0.0124712	0.0123614	0.0100951	0.0121469	0.0105308	0.012275	0.0153873	0.0303345	0.0277921	0.0382176	0.0491476	0.0765671	0.091855	0.0803309	0.0826219	0.0765641	0.0764554	0.0773778	0.0607035	0.0668724	0.0673271	0.0676492	0.0846319	0.0810512	0.0810701	0.0919674	0.1067526	0.114254	0.1157575	0.0970504	0.0878818	0.051495	0.0308824	0.0149867	0.0161342	0.0107751	0.0103688	0.0092334	0.010707	0.0070957	0.0135292	0.0171092	0.011575	0.0123272	0.010989	
ヒメウタイムシクイ (<em class="sci">Iduna caligata</em>)	0.0	0.0	0.0	0.0	0.0	0.0	0.0	0.0	0.0	0.0	0.0	0.0	0.0	0.0	0.0	0.0	0.0	0.0	0.0	0.0	0.0	0.0	0.0	0.0	0.0	0.0	0.0	0.0	0.0	0.0	0.0	0.0	0.0	0.0	0.0015	1.634E-4	0.0	6.454E-4	0.0	0.0	0.0	0.0	0.0	0.0	0.0	0.0	0.0	1.077E-4	
コヨシキリ (<em class="sci">Acrocephalus bistrigiceps</em>)	0.0	0.0	0.0	0.0	0.0	0.0	0.0	0.0	0.0	0.0	0.0	0.0015	0.0	3.072E-4	5.609E-4	5.98E-4	9.814E-4	0.0022032	0.0118127	0.019705	0.0432968	0.0461422	0.036214	0.0300862	0.0275429	0.0174637	0.015491	0.0099311	0.0064028	0.0047632	0.0047144	0.0047519	0.0045195	0.0045068	0.002373	0.0050654	0.0036953	0.0045176	0.0043448	0.0015318	0.0	0.0	0.0	1.288E-4	0.0	0.0	0.0	0.0	
スゲヨシキリ (<em class="sci">Acrocephalus schoenobaenus</em>)	0.0	0.0	0.0	0.0	0.0	0.0	0.0	0.0	0.0	0.0	0.0	0.0	0.0	0.0	0.0	0.0	0.0	0.0	0.0	0.0	0.0	0.0	0.0	0.0	0.0	0.0	0.0	0.0	0.0	0.0	0.0	0.0	0.0	0.0	0.0015	0.0	0.0	0.0	0.0	0.0	0.0	0.0	0.0	0.0	0.0	0.0	0.0	0.0	
マンシュウイナダヨシキリ (<em class="sci">Acrocephalus tangorum</em>)	0.0	0.0	0.0	0.0	0.0	0.0	0.0	0.0	0.0	0.0	0.0	0.0	0.0	0.0	0.0	0.0	0.0015	0.0	0.0	0.0	0.0	0.0	0.0	0.0	0.0	0.0	0.0	0.0	0.0	0.0	0.0	0.0	0.0	0.0	0.0	0.0	0.0	0.0	0.0	0.0	0.0	0.0	0.0	0.0	0.0	0.0	0.0	0.0	
ヤブヨシキリ (<em class="sci">Acrocephalus dumetorum</em>)	0.0	0.0	0.0	0.0012471	7.646E-4	5.802E-4	4.39E-4	0.0	0.0	1.749E-4	0.0	0.0	0.0	0.0	0.0	0.0	1.402E-4	0.0	0.0	0.0	0.0	0.0	0.0	0.0	0.0	0.0	0.0	0.0	0.0	0.0	0.0	0.0	0.0	0.0	0.0	0.0	0.0	0.0	0.0	0.0	0.0	0.0	0.0	0.0	0.0	0.0	0.0	0.0	
オオヨシキリ (<em class="sci">Acrocephalus orientalis</em>)	0.0015	2.686E-4	0.0	1.919E-4	0.0	2.321E-4	1.463E-4	0.0	0.0	1.749E-4	1.733E-4	0.0015	0.0011384	9.215E-4	0.0116393	0.0522665	0.0890229	0.1200771	0.1233776	0.1209323	0.1312815	0.1072239	0.1115226	0.1018162	0.089152	0.072273	0.0542185	0.0350628	0.0291036	0.0327823	0.0366057	0.02433	0.0161751	0.0175263	0.0092549	0.0088235	0.0057483	0.0038722	0.0019117	0.0016496	0.0	0.0015	1.65E-4	0.0	1.782E-4	0.0	1.868E-4	0.0	
ヨシキリ属 (<em class="sci">Acrocephalus sp.</em>)	0.0	0.0	0.0	9.59E-5	0.0	0.0	0.0	0.0	1.637E-4	0.0	0.0	0.0	1.626E-4	0.0	0.0	1.196E-4	4.206E-4	2.754E-4	5.833E-4	3.378E-4	5.216E-4	3.782E-4	4.115E-4	3.669E-4	4.832E-4	2.687E-4	2.766E-4	6.08E-4	0.0014552	0.0015	0.0	5.702E-4	2.379E-4	2.504E-4	4.746E-4	1.634E-4	2.053E-4	6.454E-4	0.0015	1.178E-4	0.0	0.0	0.0	0.0	0.0	0.0	0.0	0.0	
エゾセンニュウ (<em class="sci">Helopsaltes amnicola</em>)	0.0	0.0	0.0	0.0	0.0	0.0	0.0	0.0	0.0	0.0	0.0	0.0	0.0	0.0	0.0	2.392E-4	1.402E-4	0.0	0.0	0.0048418	0.0276474	0.033472	0.0218107	0.0192625	0.0154627	0.0085975	0.0102351	0.0103364	0.0096042	0.007285	0.0038824	0.0034214	0.0011893	0.0012519	0.0021357	9.804E-4	6.159E-4	3.227E-4	0.0015	0.0	0.0	0.0	0.0	0.0	0.0	1.898E-4	0.0	0.0	
シベリアエゾセンニュウ／エゾセンニュウ (<em class="sci">Helopsaltes fasciolatus/amnicola</em>)	0.0	0.0	0.0	0.0	0.0	0.0	0.0	0.0	0.0	0.0	0.0	0.0	0.0	0.0	0.0	0.0	0.0	0.0	0.0	0.0015	0.0	0.0	0.0	0.0	0.0	0.0	0.0	0.0	0.0	0.0	0.0	0.0	0.0	0.0	0.0	0.0	0.0	0.0	0.0	0.0	0.0	0.0	0.0	0.0	0.0	0.0	0.0	0.0	
オオセッカ (<em class="sci">Helopsaltes pryeri</em>)	6.27E-4	2.686E-4	4.035E-4	2.878E-4	2.549E-4	0.0	1.463E-4	1.423E-4	3.273E-4	3.497E-4	0.0	3.86E-4	6.505E-4	0.0013823	0.0028047	0.0029901	0.0047666	0.0055081	0.0074377	0.0051796	0.0066075	0.0049168	0.0032922	0.0042194	0.0016912	0.0026867	0.0030429	0.0028375	0.0014552	0.0056038	0.0041597	0.0047519	9.515E-4	2.504E-4	0.0	1.634E-4	0.0	1.613E-4	0.0	2.357E-4	1.399E-4	1.7E-4	9.901E-4	2.577E-4	8.911E-4	3.795E-4	1.868E-4	1.077E-4	
シベリアセンニュウ (<em class="sci">Helopsaltes certhiola</em>)	0.0	0.0	0.0	0.0	0.0	0.0	0.0	0.0	0.0	0.0	0.0	0.0	0.0	0.0	0.0	0.0	0.0	0.0	0.0	0.0015	0.0	0.0	0.0	0.0	0.0	0.0	0.0	0.0	0.0	0.0	0.0	0.0	0.0	0.0	0.0	4.902E-4	4.106E-4	1.613E-4	0.0	0.0	0.0	0.0	0.0	0.0	0.0	0.0	0.0	0.0	
シマセンニュウ (<em class="sci">Helopsaltes ochotensis</em>)	0.0	0.0	0.0	0.0	0.0	0.0	0.0	0.0	0.0	0.0	0.0	0.0	0.0	0.0	0.0	1.196E-4	5.608E-4	5.508E-4	2.917E-4	0.0023646	0.0093897	0.0134266	0.0152263	0.0152266	0.0118386	0.0094035	0.0082988	0.0062829	0.0055297	0.0030821	0.0013866	0.0011405	7.136E-4	2.504E-4	0.0018984	0.0037582	0.0026689	0.0024201	0.0012165	9.426E-4	0.0	0.0	0.0	0.0	0.0	0.0	0.0	0.0	
ウチヤマセンニュウ (<em class="sci">Helopsaltes pleskei</em>)	0.0	0.0	0.0	0.0	0.0	0.0	0.0	0.0	0.0	1.749E-4	0.0	0.0	0.0	0.0	0.0	0.0016744	0.0028039	0.0031672	0.0056876	0.0066434	0.0027821	0.0034039	0.0024691	0.0027518	7.248E-4	5.373E-4	0.0019364	4.054E-4	0.0014552	2.802E-4	5.546E-4	0.0013305	2.379E-4	0.0015	0.0	0.0	0.0	0.0	0.0	0.0	0.0	0.0	0.0	0.0	0.0	0.0	0.0	0.0	
マキノセンニュウ (<em class="sci">Locustella lanceolata</em>)	0.0	0.0	0.0	0.0	0.0	0.0	0.0	0.0	0.0	0.0	0.0	0.0	0.0	0.0	0.0	0.0	0.0	0.0	2.917E-4	0.0013512	0.0093897	0.0113464	0.0047325	0.0036691	0.0041073	0.0024181	0.0016598	0.0018241	0.0017462	2.802E-4	2.773E-4	1.901E-4	2.379E-4	0.0	4.746E-4	4.902E-4	4.106E-4	1.613E-4	1.738E-4	4.713E-4	0.0	0.0	0.0	0.0	0.0	0.0	0.0	0.0	
Locustella属 (<em class="sci">Locustella sp.</em>)	0.0	0.0	0.0	0.0	0.0	0.0	0.0	0.0	0.0	0.0	0.0	0.0	0.0	0.0	0.0	0.0	0.0	0.0	0.0	0.0	0.0	0.0	0.0	0.0	0.0	0.0	0.0	0.0	0.0	0.0	0.0	0.0	0.0	0.0	0.0	1.634E-4	0.0	0.0	3.476E-4	0.0	0.0	0.0	0.0	0.0	0.0	0.0	0.0	0.0	
センニュウ属 (<em class="sci">Helopsaltes/Locustella sp.</em>)	0.0	0.0	0.0	0.0	0.0	0.0	0.0	0.0	0.0	0.0	0.0	0.0	0.0	0.0	0.0	1.196E-4	0.0	0.0	0.0	0.0	0.0	0.0	0.0	0.0	0.0	0.0	0.0	0.0	0.0	0.0	0.0	0.0	0.0	0.0	0.0	0.0	0.0	0.0	0.0	0.0	0.0	0.0	0.0	0.0	0.0	0.0	0.0	0.0	
ショウドウツバメ (<em class="sci">Riparia riparia</em>)	0.0015	1.343E-4	1.345E-4	9.59E-5	0.0	3.481E-4	0.0	1.423E-4	0.0	1.749E-4	6.934E-4	2.573E-4	0.0021142	0.0016894	8.414E-4	0.0020332	0.0015421	0.0027541	0.0045209	0.0048418	0.0107807	0.0098336	0.0078189	0.0060539	0.0079729	0.0048361	0.0035961	0.0064856	0.0064028	0.0100869	0.0133111	0.0134955	0.0088011	0.0075113	0.0075937	0.0114379	0.0059536	0.0104873	0.0067779	0.0040061	8.394E-4	1.7E-4	3.3E-4	1.288E-4	0.0	0.0	0.0	0.0	
ショウドウツバメ／ウスショウドウツバメ (<em class="sci">Riparia riparia/diluta</em>)	0.0	0.0	0.0	0.0	0.0	0.0	0.0	0.0	0.0	0.0	0.0	0.0	0.0	0.0	0.0	0.0	0.0	0.0	0.0	0.0	0.0	0.0	0.0	0.0	0.0	0.0	0.0	0.0	0.0	0.0	0.0	1.901E-4	0.0	0.0	0.0	0.0	0.0	0.0	0.0	0.0	0.0	0.0	0.0	0.0	0.0	0.0	0.0	0.0	
ツバメ属 (<em class="sci">Hirundo sp.</em>)	0.0	0.0	0.0	0.0	0.0	0.0	0.0	0.0	0.0	0.0	0.0	0.0	0.0	0.0	0.0	0.0	0.0	0.0	0.0	0.0	0.0	0.0	0.0	0.0	0.0	0.0	0.0	0.0	0.0	0.0	0.0	0.0	0.0	0.0	0.0	0.0	0.0	1.613E-4	0.0	0.0	0.0	0.0	0.0	0.0	0.0	0.0	0.0	0.0	
リュウキュウツバメ (<em class="sci">Hirundo javanica</em>)	0.0174317	0.0154445	0.0108944	0.0109363	0.0108322	0.0134602	0.0149276	0.0099616	0.0145663	0.0150376	0.0265211	0.0191714	0.0169133	0.0225772	0.0227177	0.0215285	0.0127576	0.024098	0.0183754	0.0243216	0.0182577	0.0117247	0.0201646	0.0148597	0.0152211	0.015583	0.0179806	0.0139846	0.0110594	0.0134491	0.0216306	0.0193879	0.0247383	0.0237857	0.0225439	0.0176471	0.0117019	0.0153275	0.0220716	0.0177919	0.0132904	0.0093474	0.0115512	0.019714	0.0178221	0.012334	0.0113934	0.0082956	
ツバメ (<em class="sci">Hirundo rustica</em>)	0.0084023	0.0076551	0.0065905	0.0093054	0.0093029	0.0083546	0.0100981	0.0109577	0.0157119	0.0248295	0.0923904	0.1893978	0.29208	0.3205345	0.360258	0.4079656	0.4045983	0.4015423	0.3851539	0.365049	0.372457	0.3698941	0.3716049	0.3819483	0.3621648	0.4027405	0.3875519	0.3633968	0.3576834	0.330905	0.3194676	0.2592663	0.1943387	0.1767651	0.1549597	0.1292484	0.069185	0.0627622	0.0345846	0.0212089	0.0134303	0.0078178	0.0034653	0.0045097	0.0044555	0.0047438	0.0063504	0.0066796	
ニシイワツバメ（lagopodum） (<em class="sci">Delichon lagopodum</em>)	0.0	0.0	0.0	0.0	0.0	0.0	0.0	0.0	0.0	1.749E-4	0.0	1.287E-4	0.0	0.0	0.0	0.0	5.608E-4	2.754E-4	0.0	0.0	0.0	0.0	0.0	0.0	0.0	0.0	0.0	0.0	0.0	0.0	0.0	0.0	0.0	0.0	0.0	0.0	0.0	4.84E-4	0.0	0.0	0.0	0.0	0.0	0.0	0.0	0.0	0.0	0.0	
イワツバメ (<em class="sci">Delichon dasypus</em>)	0.007399	0.0055063	0.0069939	0.0065234	0.0084109	0.0103272	0.0084882	0.0086808	0.0109656	0.0129393	0.0303345	0.0398868	0.0466743	0.0571341	0.0562333	0.0699677	0.064489	0.0798678	0.072189	0.0780318	0.0897235	0.0786687	0.0843621	0.0772335	0.0657164	0.0561526	0.0403873	0.0324281	0.0282305	0.0285794	0.0152524	0.0174872	0.009039	0.0155233	0.018747	0.0215686	0.0129337	0.0156502	0.008342	0.0053022	0.0033576	0.0016995	0.0026403	0.0014173	0.0028515	0.0034156	0.0048562	0.0047404	
ニシイワツバメ／イワツバメ (<em class="sci">Delichon lagopodum/dasypus</em>)	0.0	0.0	0.0	0.0	0.0	0.0	0.0	0.0	0.0	1.749E-4	0.0	0.0	0.0	0.0	1.402E-4	0.0	0.0015	1.377E-4	0.0	0.0	0.0	0.0	0.0	0.0	0.0	0.0	0.0	0.0	0.0	0.0	0.0	0.0	0.0	0.0	0.0	0.0	0.0	0.0	0.0	0.0	0.0	0.0	0.0	0.0	0.0	0.0	0.0	0.0	
コシアカツバメ (<em class="sci">Cecropis daurica</em>)	2.508E-4	4.029E-4	4.035E-4	0.0	1.274E-4	1.16E-4	0.0	0.0	0.0	0.0	6.934E-4	6.433E-4	0.0029273	0.0087544	0.0129014	0.0220069	0.0307024	0.0221702	0.0233338	0.025335	0.0241697	0.0262859	0.0263374	0.0227481	0.0287509	0.0282106	0.0262794	0.0273612	0.0372526	0.0364248	0.0338325	0.0404866	0.0359182	0.0405608	0.0329853	0.0323529	0.0223773	0.0272669	0.016684	0.0111936	0.0033576	6.798E-4	8.251E-4	3.865E-4	0.0	0.0	0.0	0.0015	
ツバメ科 (<em class="sci">Hirundinidae sp.</em>)	5.016E-4	0.0015	0.0015	2.878E-4	1.274E-4	2.321E-4	1.463E-4	1.423E-4	3.273E-4	5.246E-4	0.0022534	0.0020587	0.002602	0.0024574	0.0025242	0.0026313	0.0016823	0.002341	0.0030626	0.0015764	0.0027821	0.0015129	0.0010288	0.0023849	0.0028993	0.0013434	0.0011065	0.0014187	0.0023283	0.0019613	0.0011093	0.0017107	0.0019029	0.0032549	0.0018984	0.0034314	0.00349	0.0030655	0.0020855	0.0010604	9.793E-4	0.0	3.3E-4	1.288E-4	1.782E-4	0.0015	0.0015	1.077E-4	
ヒヨドリ (<em class="sci">Hypsipetes amaurotis</em>)	0.6328066	0.6024711	0.5755212	0.5705104	0.5590672	0.5328382	0.5426606	0.5286751	0.5502455	0.5747508	0.5860634	0.5726969	0.5713124	0.5344801	0.4934792	0.4700395	0.4703491	0.4865051	0.4633222	0.4462335	0.4519214	0.4485628	0.4541152	0.4522106	0.419425	0.4317571	0.42213	0.3721119	0.3588475	0.3566825	0.3502496	0.3275043	0.3215985	0.3585378	0.3576175	0.4550654	0.5614863	0.6164892	0.6221759	0.6408625	0.6249301	0.6121686	0.6054455	0.6139673	0.6341116	0.6282732	0.6397086	0.6346693	
シロガシラ (<em class="sci">Pycnonotus sinensis</em>)	0.013544	0.0153102	0.0135844	0.0104566	0.0124888	0.0111395	0.0115615	0.0081116	0.0135843	0.0195838	0.0253077	0.0200721	0.0250447	0.0281063	0.0277661	0.031934	0.0171036	0.0205178	0.0189587	0.0192546	0.0187793	0.0111573	0.0199588	0.017428	0.0176371	0.0236432	0.0168741	0.0168221	0.0174622	0.0182124	0.0266223	0.0275613	0.0368696	0.0245368	0.0251542	0.0191176	0.013139	0.018393	0.0257212	0.0174384	0.0146894	0.0129164	0.0168317	0.0231929	0.0210301	0.0127135	0.0153157	0.0115277	
モリムシクイ (<em class="sci">Phylloscopus sibilatrix</em>)	0.0	0.0	0.0	0.0	0.0	0.0	0.0	0.0	0.0	0.0	0.0	0.0	0.0	0.0	0.0	0.0	0.0	1.377E-4	0.0	0.0	0.0	0.0	0.0	0.0	0.0	0.0	0.0	0.0	0.0	0.0	0.0	0.0	0.0	0.0	4.746E-4	4.902E-4	0.0	1.613E-4	0.0	2.357E-4	4.197E-4	0.0	0.0	0.0015	0.0	0.0	0.0	0.0	
キマユムシクイ (<em class="sci">Phylloscopus inornatus</em>)	0.0017557	9.401E-4	0.001345	0.0016309	5.097E-4	8.123E-4	8.781E-4	4.269E-4	6.547E-4	6.994E-4	0.0012134	0.001158	0.001301	7.679E-4	4.207E-4	0.0046645	0.0103743	0.0100523	0.0030626	0.0012386	0.0015	0.0	0.0	0.0	0.0	0.0	0.0	0.0	0.0	0.0	0.0	0.0	0.0	0.0	2.373E-4	0.0019608	0.00349	0.0098419	0.0078206	0.0032992	6.995E-4	5.099E-4	8.251E-4	5.154E-4	0.0012475	7.59E-4	7.471E-4	0.0010774	
キマユムシクイ／バフマユムシクイ (<em class="sci">Phylloscopus inornatus/humei</em>)	0.0	0.0	0.0	0.0	0.0	0.0	0.0	0.0	0.0	0.0	0.0	0.0	0.0	0.0	0.0	0.0	0.0	0.0	1.458E-4	0.0	0.0	0.0	0.0	0.0	0.0	0.0	0.0	0.0	0.0	0.0	0.0	0.0	0.0	0.0	0.0	0.0	0.0	0.0	0.0	0.0	0.0	0.0	0.0	0.0	0.0	0.0	0.0	0.0	
ウンナンムシクイ (<em class="sci">Phylloscopus yunnanensis</em>)	0.0	0.0	0.0	0.0	0.0	0.0	0.0	0.0	0.0	0.0	0.0	0.0	0.0	0.0	0.0	0.0	0.0	0.0	0.0	0.0	0.0	0.0	0.0	0.0015	0.0	0.0	0.0	0.0	0.0	0.0	0.0	0.0	0.0	0.0	0.0	0.0	0.0	0.0	0.0	0.0	0.0	0.0	0.0	0.0	0.0	0.0	0.0	0.0	
カラフトムシクイ (<em class="sci">Phylloscopus proregulus</em>)	0.0	0.0	0.0	0.0	0.0	0.0	0.0	0.0	0.0	0.0	0.0	0.0	0.0	4.608E-4	0.0	0.0020332	0.0040656	0.0012393	5.833E-4	0.0	0.0	0.0	0.0	0.0	0.0	0.0	0.0	0.0	0.0	0.0	0.0	0.0	0.0	0.0	0.0	0.0	6.159E-4	0.0012907	0.0019117	1.178E-4	1.399E-4	1.7E-4	0.0	0.0	0.0	0.0	0.0	0.0	
カラフトムジセッカ (<em class="sci">Phylloscopus schwarzi</em>)	0.0	0.0	0.0	0.0	0.0	1.16E-4	0.0	0.0	0.0	0.0	0.0	0.0	0.0	0.0	0.0	4.784E-4	7.01E-4	0.0016524	2.917E-4	2.252E-4	0.0	0.0	0.0	0.0	0.0	0.0	0.0	0.0	0.0	0.0	0.0	0.0	0.0	0.0	0.0	3.268E-4	0.0028742	0.0029042	0.0017379	0.0011783	0.0	0.0	1.65E-4	0.0	0.0	0.0	0.0	0.0	
キバラムシクイ (<em class="sci">Phylloscopus affinis</em>)	0.0	0.0	0.0	0.0	0.0	0.0	0.0	0.0	0.0	0.0	0.0	0.0	0.0	0.0	0.0	3.588E-4	1.402E-4	2.754E-4	4.375E-4	0.0	0.0	0.0	0.0	0.0	0.0	0.0	0.0	0.0	0.0	0.0	0.0	0.0	0.0	0.0	0.0	0.0	0.0	0.0	1.738E-4	0.0	0.0	0.0	0.0	0.0	0.0	0.0	0.0	0.0	
ムジセッカ (<em class="sci">Phylloscopus fuscatus</em>)	0.0011287	0.0016116	0.001076	0.0017268	0.0024213	0.0015085	8.781E-4	9.962E-4	9.82E-4	0.0010491	0.0012134	7.72E-4	1.626E-4	1.536E-4	4.207E-4	0.0049037	0.009393	0.0046819	0.0018959	4.504E-4	0.0	0.0	0.0	0.0	0.0	0.0	0.0	0.0	0.0	0.0	0.0	0.0	0.0	0.0	4.746E-4	0.0022876	0.0028742	0.005647	0.0046924	0.003417	4.197E-4	5.099E-4	6.601E-4	5.154E-4	8.911E-4	9.488E-4	7.471E-4	8.619E-4	
キタヤナギムシクイ (<em class="sci">Phylloscopus trochilus</em>)	1.254E-4	0.0	0.0	0.0	0.0	0.0	0.0	0.0	0.0	0.0	0.0	0.0	0.0	0.0	0.0	0.0	0.0	0.0	1.458E-4	0.0	0.0	0.0	0.0	0.0	0.0	0.0	0.0	0.0	0.0	0.0	0.0	0.0	0.0	0.0	4.746E-4	8.17E-4	6.159E-4	3.227E-4	0.0	0.0	0.0	0.0	0.0	0.0	0.0	0.0	0.0	0.0	
チフチャフ (<em class="sci">Phylloscopus collybita</em>)	3.762E-4	0.0015	0.0	9.59E-5	0.0	2.321E-4	2.927E-4	0.0	1.637E-4	0.0	1.733E-4	1.287E-4	0.0	1.536E-4	0.0	0.0	0.0011215	4.131E-4	2.917E-4	1.126E-4	0.0	0.0	0.0	0.0	0.0	0.0	0.0	0.0	0.0	0.0	0.0	1.901E-4	0.0	0.0	2.373E-4	3.268E-4	0.0	0.0	6.952E-4	8.248E-4	1.399E-4	0.0	0.0	0.0	0.0	5.693E-4	0.0	3.232E-4	
センダイムシクイ (<em class="sci">Phylloscopus coronatus</em>)	0.0	0.0	0.0	0.0	0.0	0.0	0.0	0.0	0.0	0.0	0.0	9.007E-4	0.0084567	0.0205806	0.0523068	0.0686521	0.1190243	0.0952906	0.070439	0.0757798	0.0796383	0.0654312	0.0526749	0.0484315	0.0345494	0.0222998	0.0229599	0.0190515	0.0168801	0.0207341	0.0160843	0.0191979	0.0161751	0.0125188	0.0092549	0.0068627	0.0067748	0.0059697	0.0033021	0.0016496	0.0	3.399E-4	0.0	1.288E-4	0.0	0.0	0.0	0.0	
イイジマムシクイ (<em class="sci">Phylloscopus ijimae</em>)	0.0	0.0	0.0	0.0	0.0	0.0	0.0	0.0	0.0	0.0	0.0	0.0012867	0.0053667	0.0029181	0.0057495	0.0050233	0.0058881	0.0063343	0.0102085	0.0083324	0.004521	0.0077534	0.0039095	0.004036	9.664E-4	0.0018807	0.0024896	0.0014187	0.0011641	0.001401	0.0011093	0.0020909	0.0011893	0.0015	2.373E-4	0.0	6.159E-4	1.613E-4	3.476E-4	1.178E-4	0.0	0.0	0.0	0.0	0.0	0.0	0.0	0.0	
フタオビムシクイ (<em class="sci">Phylloscopus plumbeitarsus</em>)	0.0	0.0	0.0	0.0	0.0	0.0	0.0	0.0	0.0	0.0	0.0	0.0	0.0	0.0	0.0	0.0	0.0	0.0	0.0	1.126E-4	0.0	0.0	0.0	0.0	0.0	0.0	0.0	0.0	0.0	0.0	0.0	0.0	0.0	0.0	0.0	0.0	0.0	0.0	0.0	0.0	0.0	0.0	0.0	0.0	0.0	0.0	0.0	0.0	
アムールムシクイ (<em class="sci">Phylloscopus tenellipes</em>)	0.0	0.0	0.0	0.0	0.0	0.0	0.0	0.0	0.0	0.0	0.0	0.0	0.0	0.0	2.805E-4	5.98E-4	4.206E-4	9.639E-4	4.375E-4	0.0	0.0	0.0	0.0	0.0	0.0	0.0	0.0	0.0	0.0	0.0	0.0	0.0	0.0	0.0	0.0	0.0	0.0	0.0	0.0	0.0	0.0	0.0	0.0	0.0	0.0	0.0	0.0	0.0	
エゾムシクイ (<em class="sci">Phylloscopus borealoides</em>)	0.0	0.0	0.0	0.0	0.0	0.0	0.0	0.0	0.0	0.0	0.0	0.0	1.626E-4	0.0013823	0.0100968	0.0289439	0.0539745	0.0296062	0.0185212	0.0170026	0.0224309	0.02118	0.0176955	0.01541	0.0113554	0.0051048	0.0055325	0.0024321	0.0049476	0.0039227	0.0036051	0.0062726	0.0064225	0.0042564	0.0026103	0.0045752	0.0016424	0.0030655	0.0015641	7.07E-4	0.0	0.0	1.65E-4	0.0	0.0	0.0	0.0	0.0	
アムールムシクイ／エゾムシクイ (<em class="sci">Phylloscopus tenellipes/borealoides</em>)	0.0	0.0	0.0	0.0	0.0	0.0	0.0	1.423E-4	0.0	0.0	0.0	0.0	0.0	0.0	1.402E-4	0.0	0.0	1.377E-4	1.458E-4	0.0	0.0	0.0	0.0	0.0	0.0	0.0	0.0	0.0	0.0	0.0	0.0	0.0	0.0	0.0	0.0	1.634E-4	0.0	0.0	1.738E-4	1.178E-4	0.0015	0.0	0.0	0.0	0.0	0.0	0.0	0.0	
メボソムシクイ (<em class="sci">Phylloscopus xanthodryas</em>)	0.0	0.0	0.0	0.0	0.0	0.0	0.0	0.0	0.0	0.0	0.0	1.287E-4	0.0	0.0	1.402E-4	4.784E-4	0.0049068	0.0077114	0.0121044	0.0109222	0.0114763	0.0085098	0.0109053	0.0093561	0.009181	0.0061795	0.0107884	0.0127685	0.0113504	0.0134491	0.0083195	0.0089337	0.0088011	0.0070105	0.0052207	0.0075163	0.0084172	0.0070991	0.0038234	9.426E-4	0.0015	0.0	0.0	0.0	0.0	0.0	0.0	0.0	
コムシクイ (<em class="sci">Phylloscopus borealis</em>)	2.508E-4	0.0010744	0.0	0.0015	2.549E-4	4.641E-4	0.0	0.0	0.0	1.749E-4	0.0	2.573E-4	0.0	0.0	1.402E-4	5.98E-4	1.402E-4	0.0	5.833E-4	4.504E-4	5.216E-4	1.891E-4	0.0	0.0	0.0	0.0	0.0	0.0	0.0	0.0	0.0	0.0	2.379E-4	2.504E-4	9.492E-4	0.0031046	6.159E-4	0.0014521	3.476E-4	0.0012961	2.798E-4	1.7E-4	0.0011551	0.0	1.782E-4	0.0	1.868E-4	1.077E-4	
メボソムシクイ／コムシクイ (<em class="sci">Phylloscopus xanthodryas/borealis</em>)	0.0	0.0	0.0	0.0	0.0	0.0	0.0	0.0	0.0	0.0	0.0	0.0	0.0	0.0	0.0	0.0	0.0	0.0	1.458E-4	0.0	0.0	0.0	0.0	0.0	0.0	0.0	0.0	0.0	0.0	0.0	0.0	0.0	0.0	2.504E-4	0.0	0.0	0.0	0.0	0.0	0.0	0.0	0.0	0.0	0.0	0.0	0.0	0.0	0.0	
オオムシクイ (<em class="sci">Phylloscopus examinandus</em>)	0.0	0.0	0.0	0.0	0.0	0.0	0.0	0.0	0.0	0.0	1.733E-4	0.0	0.0	3.072E-4	0.0	3.588E-4	0.0015	0.0022032	0.0033542	0.0138498	0.0191271	0.005295	0.0018519	1.835E-4	4.832E-4	2.687E-4	0.0	0.0	2.91E-4	0.0011208	5.546E-4	1.901E-4	7.136E-4	0.0022534	0.0042715	0.0088235	0.0139602	0.0166183	0.0130344	0.0058914	0.0020985	6.798E-4	4.95E-4	0.0	0.0	0.0	0.0	0.0	
コムシクイ／オオムシクイ (<em class="sci">Phylloscopus borealis/examinandus</em>)	1.254E-4	1.343E-4	0.0	0.0	0.0	0.0	2.927E-4	0.0	0.0	0.0	0.0	0.0	0.0	0.0	0.0	0.0	0.0	1.377E-4	2.917E-4	1.126E-4	1.739E-4	3.782E-4	0.0015	0.0015	0.0	0.0	0.0	2.027E-4	0.0	0.0	0.0	5.702E-4	0.0	0.0	2.373E-4	3.268E-4	8.212E-4	4.84E-4	3.476E-4	2.357E-4	4.197E-4	1.7E-4	4.95E-4	0.0	0.0	0.0	0.0	0.0	
メボソムシクイ／コムシクイ／オオムシクイ (<em class="sci">Phylloscopus xanthodryas/borealis/examinandus</em>)	2.508E-4	5.372E-4	0.0	0.0	0.0015	4.641E-4	1.463E-4	0.0015	0.0	5.246E-4	1.733E-4	1.287E-4	0.0	1.536E-4	0.0	3.588E-4	0.0011215	0.0020655	0.0013125	0.0012386	0.0019127	0.001702	2.058E-4	1.835E-4	0.0015	2.687E-4	2.766E-4	0.0	2.91E-4	2.802E-4	2.773E-4	0.0019008	4.757E-4	0.0012519	0.0016611	0.0080065	0.0108807	0.0145208	0.008342	0.006127	0.0016788	5.099E-4	8.251E-4	6.442E-4	0.0	0.0	0.0	1.077E-4	
クラウディアムシクイ (<em class="sci">Phylloscopus claudiae</em>)	0.0	0.0	0.0	0.0	0.0	0.0	0.0	0.0	0.0	0.0	0.0	0.0	0.0	0.0	0.0	0.0	0.0	0.0	0.0	0.0	0.0	0.0	0.0	0.0	0.0	0.0	0.0	0.0	0.0	0.0	0.0	0.0	0.0	0.0	0.0	1.634E-4	0.0	0.0	0.0	0.0	0.0	0.0	0.0	0.0	0.0	0.0	0.0	0.0	
メボソムシクイ属 (<em class="sci">Phylloscopus sp.</em>)	2.508E-4	2.686E-4	4.035E-4	5.756E-4	2.549E-4	5.802E-4	4.39E-4	1.423E-4	6.547E-4	1.749E-4	3.467E-4	0.0010293	1.626E-4	4.608E-4	5.609E-4	0.001794	0.0022431	0.0027541	7.292E-4	6.756E-4	0.0015649	7.564E-4	8.23E-4	3.669E-4	0.0015	0.0	2.766E-4	6.08E-4	0.0014552	8.406E-4	0.0024958	0.002471	0.0023787	0.0017526	0.0026103	0.002451	0.0039006	0.005163	0.0022593	0.0028279	0.0032177	3.399E-4	9.901E-4	5.154E-4	3.564E-4	0.0	1.868E-4	2.155E-4	
ヤブサメ (<em class="sci">Urosphena squameiceps</em>)	5.016E-4	2.686E-4	2.69E-4	4.797E-4	5.097E-4	4.641E-4	2.927E-4	0.0011385	0.0013093	0.0015737	5.2E-4	0.0012867	0.0052041	0.0147443	0.0371617	0.0389906	0.0468246	0.0334619	0.0309173	0.0347934	0.0379065	0.0378215	0.0283951	0.0310035	0.021986	0.0188071	0.0105118	0.0060803	0.0055297	0.0053236	0.0033278	0.0043718	0.0068982	0.0067601	0.0056953	0.0086601	0.0096489	0.0091965	0.0060827	0.0037705	6.995E-4	8.498E-4	9.901E-4	6.442E-4	1.782E-4	5.693E-4	9.339E-4	2.155E-4	
ウグイス (<em class="sci">Horornis diphone</em>)	0.1894908	0.1715015	0.1494284	0.1549309	0.1521601	0.1533999	0.1546905	0.171766	0.1924714	0.2528414	0.2515167	0.266598	0.2602049	0.2589464	0.2724723	0.2947016	0.3319781	0.2882126	0.2934228	0.2889314	0.3122935	0.2948185	0.2829218	0.2691249	0.2524764	0.2342826	0.235408	0.2006486	0.1586147	0.1238442	0.0698835	0.0522714	0.049001	0.0528292	0.0512577	0.0705882	0.0685691	0.0969668	0.0921098	0.1124072	0.1312255	0.160605	0.179703	0.1989434	0.1965782	0.1912713	0.1938737	0.1758242	
チョウセンウグイス (<em class="sci">Horornis canturians</em>)	0.0	0.0	0.0	0.0	0.0	0.0	0.0	0.0	0.0	1.749E-4	0.0	0.0	0.0	3.072E-4	5.609E-4	8.372E-4	0.0015421	4.131E-4	0.0	0.0	0.0	0.0	0.0	0.0	0.0	0.0	0.0	0.0	0.0	0.0	0.0	0.0	0.0	0.0	0.0	0.0	0.0	0.0	0.0	1.178E-4	0.0	0.0	0.0	0.0	0.0	0.0	0.0	0.0	
ウグイス／チョウセンウグイス (<em class="sci">Horornis diphone/canturians</em>)	0.0	0.0	0.0	0.0	1.274E-4	0.0	0.0	0.0	1.637E-4	0.0	0.0	2.573E-4	0.0	0.0	0.0	1.196E-4	2.804E-4	0.0	0.0	0.0	0.0	0.0	2.058E-4	0.0	0.0	0.0	2.766E-4	0.0	0.0	0.0	0.0	0.0	0.0	0.0	0.0	0.0	2.053E-4	0.0	0.0	0.0	1.399E-4	0.0	0.0	2.577E-4	0.0	0.0	0.0	0.0	
ウグイス属 (<em class="sci">Horornis sp.</em>)	0.0	0.0	0.0	0.0	0.0	0.0	0.0	0.0	0.0	0.0	0.0	0.0	0.0	0.0	0.0	0.0	0.0	0.0	0.0	0.0	0.0	0.0	0.0	0.0	0.0	0.0	0.0	0.0	0.0	0.0	0.0	0.0	0.0	0.0	0.0	0.0	4.106E-4	0.0	0.0	0.0	0.0	0.0	0.0	0.0	0.0	0.0	0.0	0.0	
エナガ (<em class="sci">Aegithalos caudatus</em>)	0.1532481	0.1478646	0.1431069	0.1465848	0.1420925	0.1609422	0.1639104	0.1724776	0.1535188	0.1564959	0.1390189	0.132141	0.1317287	0.1259407	0.1298556	0.115656	0.1180429	0.0957037	0.0912936	0.0861389	0.0789428	0.0746974	0.0718107	0.0610897	0.0529113	0.0424503	0.0334716	0.0308066	0.0360885	0.0453909	0.0379922	0.0494203	0.0518554	0.0663495	0.0761747	0.0890523	0.102443	0.1016457	0.1046229	0.1168846	0.1130386	0.1194765	0.1245875	0.1285917	0.1317056	0.1442125	0.1339186	0.1451196	
コノドジロムシクイ (<em class="sci">Curruca curruca</em>)	3.762E-4	4.029E-4	1.345E-4	0.0015	1.274E-4	2.321E-4	0.0	1.423E-4	0.0	0.0	0.0	0.0	0.0	0.0	0.0	1.196E-4	0.0	0.0	0.0	0.0	0.0	0.0	0.0	0.0	0.0	0.0	0.0	0.0	0.0	0.0	0.0	0.0	0.0	0.0	0.0	0.0013072	0.0	4.84E-4	1.738E-4	1.178E-4	0.0	0.0	0.0	2.577E-4	7.129E-4	3.795E-4	1.868E-4	0.0015	
ノドジロムシクイ (<em class="sci">Curruca communis</em>)	0.0	0.0	0.0	0.0	0.0	0.0	0.0	0.0	0.0	0.0	0.0	0.0	0.0	0.0	0.0	0.0	0.0	0.0	0.0	0.0	0.0	0.0	0.0	0.0	0.0	0.0	0.0	0.0	0.0	0.0	0.0	0.0	0.0	0.0	0.0	0.0	4.106E-4	6.454E-4	3.476E-4	0.0	0.0	0.0	0.0	0.0	0.0	0.0	0.0	0.0	
old world warbler sp. (<em class="sci">Passeriformes sp. (Old World warbler sp.)</em>)	0.0	0.0	0.0	0.0	0.0	1.16E-4	0.0	0.0	0.0	0.0	0.0	0.0	0.0	0.0	2.805E-4	0.0	1.402E-4	0.0	0.0	0.0	0.0	0.0	0.0	0.0	0.0	0.0	0.0	0.0	0.0	0.0	0.0	0.0	0.0	0.0	2.373E-4	0.0	0.0	0.0	0.0	0.0	1.399E-4	0.0	0.0	0.0	0.0	0.0	0.0	0.0	
メグロ (<em class="sci">Apalopteron familiare</em>)	2.508E-4	2.686E-4	0.0	9.59E-5	0.0	0.0	0.0	0.0	3.273E-4	0.0	5.2E-4	0.0015	6.505E-4	1.536E-4	5.609E-4	3.588E-4	8.412E-4	2.754E-4	1.458E-4	3.378E-4	6.955E-4	3.782E-4	0.0012346	0.0	9.664E-4	0.0029554	2.766E-4	4.054E-4	0.0017462	2.802E-4	0.0	0.0015206	7.136E-4	0.0010015	0.0	6.536E-4	4.106E-4	0.0	0.0022593	1.178E-4	0.0	0.0015	3.3E-4	0.0	1.782E-4	0.0	0.0	0.0015	
チョウセンメジロ (<em class="sci">Zosterops erythropleurus</em>)	0.0	0.0	0.0	0.0	0.0	0.0	0.0	0.0	0.0	0.0	0.0	0.0	0.0	0.0	0.0	0.0	1.402E-4	5.508E-4	0.0	2.252E-4	0.0	0.0	0.0	0.0	0.0	0.0	0.0	0.0	0.0	0.0	0.0	0.0	0.0	2.504E-4	2.373E-4	9.804E-4	8.212E-4	6.454E-4	1.738E-4	3.535E-4	0.0	0.0	0.0	0.0	0.0	0.0	0.0	0.0	
メジロ (<em class="sci">Zosterops japonicus</em>)	0.3382242	0.3361536	0.3003362	0.3180161	0.3062317	0.3018102	0.2856725	0.2849011	0.2635025	0.2995279	0.2768244	0.245754	0.2362986	0.2460452	0.2489132	0.2467408	0.2489836	0.2438722	0.2301298	0.2095485	0.2050078	0.1978064	0.2059671	0.2100532	0.1804784	0.2015046	0.1798064	0.1552493	0.1347497	0.1414962	0.1583472	0.1589052	0.1748335	0.1937907	0.195776	0.2235294	0.2169986	0.2312036	0.240007	0.2344763	0.2344712	0.2415024	0.250165	0.272001	0.2853324	0.2990512	0.2977213	0.3162034	
ミナミメジロ／メジロ (<em class="sci">Zosterops simplex/japonicus</em>)	0.0	1.343E-4	0.0	0.0	0.0	0.0	0.0	0.0	0.0	0.0	0.0	0.0	0.0	0.0	0.0	0.0	0.0	0.0	0.0	0.0	0.0	0.0	0.0	0.0	0.0	0.0	0.0	0.0	0.0	0.0	0.0	0.0	0.0	0.0	0.0	0.0	0.0	0.0	0.0	0.0	0.0	0.0	0.0	0.0	0.0	0.0	0.0	1.077E-4	
メジロ科 (<em class="sci">Zosteropidae sp.</em>)	0.0	0.0	0.0	0.0	0.0	0.0	0.0	0.0	0.0	0.0	0.0	0.0	0.0	0.0	0.0	0.0	0.0	0.0	0.0	0.0	0.0	0.0	0.0	0.0	0.0	0.0	0.0	0.0	0.0	0.0	0.0	0.0	0.0	0.0	0.0	0.0	0.0	1.613E-4	0.0	0.0	0.0	0.0	0.0	0.0	0.0	0.0	0.0	0.0	
ソウシチョウ (<em class="sci">Leiothrix lutea</em>)	0.0121645	0.0131614	0.0119704	0.009881	0.0091755	0.0088188	0.0103908	0.0099616	0.0090016	0.0094422	0.0078003	0.0083634	0.0149618	0.0170481	0.0208947	0.0181796	0.0157017	0.0177637	0.0224588	0.020268	0.0206921	0.0170197	0.0193416	0.0176114	0.0142547	0.0188071	0.0149378	0.015606	0.0130966	0.0134491	0.0061009	0.009694	0.0097526	0.010015	0.0080683	0.0063725	0.0080066	0.0090352	0.0088634	0.0090727	0.0095132	0.0120666	0.0117162	0.0081175	0.0081982	0.0098672	0.0076578	0.008942	
ガビチョウ (<em class="sci">Garrulax canorus</em>)	0.040005	0.0333065	0.0287828	0.0352072	0.0308398	0.0310977	0.0351237	0.0334424	0.0284779	0.0368946	0.0339747	0.0402728	0.034965	0.0483797	0.0563736	0.0736754	0.0619655	0.0669237	0.0586262	0.0563	0.0707703	0.0586233	0.0502058	0.0554027	0.0517033	0.045943	0.0437068	0.0453993	0.0357974	0.0431493	0.036883	0.0323132	0.0283064	0.0327992	0.0320361	0.0351307	0.0309998	0.0308164	0.0330205	0.0336986	0.0400112	0.0363698	0.0336634	0.0309239	0.0288719	0.029222	0.0310049	0.0319974	
ガビチョウ／タイワンガビチョウ (<em class="sci">Garrulax canorus/taewanus</em>)	0.0	0.0	0.0	0.0	0.0	0.0	0.0	0.0	0.0	0.0	0.0	0.0	0.0	0.0	0.0	0.0	0.0	0.0	0.0	0.0	0.0	0.0	2.058E-4	0.0	0.0	0.0	0.0	0.0	0.0	0.0	0.0	0.0	0.0	0.0	0.0	0.0	0.0	0.0	0.0	0.0	0.0	0.0	0.0	0.0	0.0	0.0	0.0	0.0	
ヒゲガビチョウ (<em class="sci">Ianthocincla cineracea</em>)	0.0	0.0	0.0	0.0	0.0	0.0	0.0	0.0	0.0	0.0	0.0	0.0	1.626E-4	0.0	1.402E-4	1.196E-4	0.0	0.0	0.0	0.0	0.0	0.0015	0.0	0.0	0.0	0.0	0.0	0.0	0.0	0.0	0.0	0.0	0.0	0.0	0.0	0.0	0.0	0.0	0.0	0.0	0.0	0.0	0.0	0.0	0.0	0.0	1.868E-4	0.0	
カオジロガビチョウ (<em class="sci">Pterorhinus sannio</em>)	7.524E-4	0.0016116	8.07E-4	5.756E-4	0.0010195	0.0010443	7.317E-4	9.962E-4	0.001473	0.0015737	5.2E-4	0.0010293	6.505E-4	0.0013823	0.0012621	0.0013156	8.412E-4	0.0011016	5.833E-4	5.63E-4	6.955E-4	3.782E-4	4.115E-4	5.504E-4	2.416E-4	0.0010747	5.533E-4	2.027E-4	5.821E-4	5.604E-4	2.773E-4	1.901E-4	4.757E-4	5.008E-4	7.119E-4	0.0011438	6.159E-4	0.0012907	5.214E-4	4.713E-4	6.995E-4	0.0022094	6.601E-4	0.0010308	0.0012475	0.002277	9.339E-4	0.0010774	
カオグロガビチョウ (<em class="sci">Pterorhinus perspicillatus</em>)	0.0018811	0.001343	8.07E-4	0.0012471	8.921E-4	3.481E-4	4.39E-4	4.269E-4	4.91E-4	6.994E-4	0.00104	5.147E-4	6.505E-4	4.608E-4	0.0015	3.588E-4	8.412E-4	8.262E-4	7.292E-4	5.63E-4	6.955E-4	0.0011346	6.173E-4	0.0014676	0.0016912	5.373E-4	0.0011065	4.054E-4	5.821E-4	2.802E-4	0.0011093	9.504E-4	9.515E-4	2.504E-4	0.0011865	1.634E-4	4.106E-4	3.227E-4	6.952E-4	7.07E-4	6.995E-4	8.498E-4	0.0013201	7.731E-4	0.0014258	7.59E-4	0.0011207	0.0017238	
キクイタダキ (<em class="sci">Regulus regulus</em>)	0.0185603	0.0141015	0.0129119	0.0149655	0.0109596	0.0167092	0.0153666	0.0146577	0.0081833	0.0118902	0.0107471	0.007334	0.008294	0.0086008	0.0089749	0.0078938	0.0092528	0.0063343	0.0084585	0.0119356	0.0097374	0.0081316	0.0076132	0.0111906	0.0077313	0.0053735	0.0033195	0.0077017	0.0055297	0.0067246	0.0030505	0.0039916	0.0028544	0.0027541	0.0037969	0.003268	0.0090331	0.017425	0.0154675	0.0172028	0.0127308	0.0132563	0.0160066	0.0150754	0.0122973	0.014611	0.0153157	0.0159448	
ゴジュウカラ (<em class="sci">Sitta europaea</em>)	0.0313519	0.0311577	0.0411567	0.0437452	0.0433287	0.0487352	0.0525391	0.0518002	0.0394435	0.0236055	0.0277344	0.0226454	0.0213043	0.0234987	0.0276259	0.0379141	0.0416375	0.0319471	0.0322298	0.0356942	0.0379065	0.0289334	0.0316872	0.0262337	0.0306837	0.0217625	0.0254495	0.0251317	0.032596	0.0355842	0.0285635	0.0313629	0.02902	0.0280421	0.0410536	0.0348039	0.0344898	0.0404969	0.039277	0.0433604	0.0356743	0.03569	0.0389439	0.0337585	0.031367	0.0309298	0.0338065	0.033398	
キバシリ (<em class="sci">Certhia familiaris</em>)	0.0072736	0.0069836	0.0092804	0.0081543	0.0076462	0.0066141	0.0112688	0.0111	0.0090016	0.0062948	0.0053735	0.005018	0.0047162	0.007065	0.0075726	0.009927	0.0135988	0.0096392	0.0115211	0.014075	0.013389	0.01059	0.0117284	0.0091726	0.0077313	0.0077915	0.0052559	0.0044589	0.0087311	0.0092463	0.0047144	0.0051321	0.0042816	0.0030045	0.0066445	0.0058824	0.0063642	0.0077444	0.0114703	0.0124897	0.0088137	0.0093474	0.0092409	0.0083752	0.0062377	0.0043643	0.007471	0.0060332	
キバシリ／タンシキバシリ (<em class="sci">Certhia familiaris/brachydactyla</em>)	0.0	0.0	0.0	0.0	1.274E-4	0.0	0.0	0.0	0.0	0.0	0.0	0.0	0.0	0.0	0.0	0.0	0.0	0.0	0.0	0.0	0.0	0.0	0.0	0.0	0.0	0.0	0.0	0.0	0.0	0.0	0.0	0.0	0.0	0.0	0.0	0.0	0.0	0.0	0.0	0.0	0.0	0.0	0.0	0.0	0.0	0.0	0.0	0.0	
ミソサザイ (<em class="sci">Troglodytes troglodytes</em>)	0.0211939	0.0177276	0.0223268	0.0188028	0.0189881	0.0236714	0.0232694	0.0268963	0.0191489	0.0251792	0.0223609	0.0203294	0.0242316	0.0215021	0.026504	0.0291831	0.0396748	0.0261636	0.0414175	0.0423376	0.0431229	0.0366868	0.032716	0.0310035	0.0314086	0.0214938	0.0218534	0.016214	0.0104773	0.0081255	0.005269	0.0098841	0.003568	0.0027541	0.0040342	0.0034314	0.0039006	0.0082285	0.0102537	0.013668	0.0149692	0.0168253	0.0193069	0.0229352	0.0228123	0.0248577	0.0224131	0.0209007	
カワガラス (<em class="sci">Cinclus pallasii</em>)	0.0175571	0.0139672	0.0149294	0.0193784	0.0184784	0.0216988	0.022245	0.0210616	0.0119476	0.0117153	0.0098804	0.0091354	0.0084567	0.010751	0.0106577	0.0106447	0.0148605	0.0110162	0.0134169	0.0143002	0.0146062	0.0117247	0.0090535	0.0110072	0.0086978	0.0077915	0.0077455	0.0101338	0.0107683	0.0089661	0.0036051	0.0077932	0.005471	0.0070105	0.007831	0.0076797	0.0102648	0.0080671	0.0107751	0.0167315	0.0135702	0.0147859	0.0141914	0.0135292	0.0108715	0.0132827	0.015876	0.012605	
ミドリカラスモドキ (<em class="sci">Aplonis panayensis</em>)	3.762E-4	2.686E-4	0.0	0.0	0.0	0.0	0.0	0.0	0.0	1.749E-4	0.0	1.287E-4	0.0	4.608E-4	0.0	0.0	0.0	0.0	7.292E-4	1.126E-4	0.0	0.0	0.0	0.0	0.0	0.0	0.0	0.0	0.0	0.0	0.0	0.0	0.0	0.0	0.0	0.0	0.0	0.0	0.0	0.0	0.0	1.7E-4	0.0	0.0	0.0	0.0	0.0	0.0015	
ホシムクドリ (<em class="sci">Sturnus vulgaris</em>)	0.003386	0.0055063	0.004304	0.0019186	0.0038231	0.0056858	0.0054149	0.0046962	0.002946	0.0043714	0.0031201	0.002316	0.0021142	0.0015359	5.609E-4	0.0013156	7.01E-4	0.0012393	1.458E-4	1.126E-4	1.739E-4	0.0	0.0	0.0	0.0	2.687E-4	0.0	0.0015	0.0	0.0	0.0	0.0	4.757E-4	0.0015	4.746E-4	0.0027778	6.159E-4	0.0012907	0.0015641	0.004124	0.0040571	0.0023793	0.0028053	0.004252	0.0037426	0.0020873	0.0037355	0.003663	
ホシムクドリ／ムジホシムクドリ (<em class="sci">Sturnus vulgaris/unicolor</em>)	0.0	0.0	0.0	0.0	0.0	0.0	0.0	0.0	0.0	1.749E-4	0.0	0.0	0.0	0.0	0.0	0.0	0.0	0.0	0.0	0.0	0.0	0.0	0.0	0.0	0.0	0.0	0.0	0.0	0.0	0.0	0.0	0.0	0.0	0.0	0.0	0.0	0.0	0.0	0.0	0.0	0.0	0.0	0.0	0.0	0.0	0.0	0.0	0.0	
バライロムクドリ (<em class="sci">Pastor roseus</em>)	1.254E-4	0.0	0.0	0.0	0.0	0.0	0.0	0.0	0.0	1.749E-4	0.0	2.573E-4	0.0	1.536E-4	0.0	0.0	0.0	0.0	0.0	0.0	0.0	0.0	0.0	0.0	0.0	0.0	0.0	0.0	0.0	0.0	0.0	0.0	0.0	0.0	0.0	0.0	0.0	0.0	0.0	0.0	0.0	0.0	0.0	0.0	0.0	0.0	0.0	0.0	
シベリアムクドリ (<em class="sci">Agropsar sturninus</em>)	0.0	0.0	0.0	0.0	0.0	0.0	0.0	0.0	0.0	0.0	0.0	0.0	0.0	0.0	0.0	3.588E-4	2.804E-4	0.0012393	1.458E-4	4.504E-4	0.0	1.891E-4	0.0	0.0	0.0	0.0	0.0	0.0	0.0	0.0	0.0	0.0	0.0	0.0	0.0	3.268E-4	0.0	0.0	0.0	0.0	0.0	0.0	0.0	0.0	0.0	0.0	0.0	0.0	
コムクドリ (<em class="sci">Agropsar philippensis</em>)	0.0	0.0	0.0	9.59E-5	0.0	1.16E-4	0.0	0.0	0.0	0.0	0.0	9.007E-4	0.0052041	0.0144371	0.020474	0.0387513	0.0570587	0.0404847	0.0345632	0.03378	0.0358199	0.0470877	0.0450617	0.0339387	0.0304421	0.0222998	0.0218534	0.0184435	0.0130966	0.0148501	0.0171936	0.0159665	0.0154615	0.022033	0.0158994	0.0147059	0.0080066	0.0046789	0.0022593	7.07E-4	1.399E-4	0.0	0.0	1.288E-4	0.0	0.0015	1.868E-4	0.0	
シベリアムクドリ／コムクドリ (<em class="sci">Agropsar sturninus/philippensis</em>)	0.0	0.0	0.0	0.0	0.0	0.0	0.0	0.0	0.0	0.0	0.0	0.0	0.0	0.0	0.0	0.0	0.0	0.0	0.0	0.0	0.0	0.0015	0.0	0.0	0.0	0.0	0.0	0.0	0.0	0.0	0.0	0.0	0.0	0.0	0.0	0.0	0.0	0.0	0.0	0.0	0.0	0.0	0.0	0.0	0.0	0.0	0.0	0.0	
pied starling sp. (<em class="sci">Gracupica contra/floweri/jalla</em>)	0.0	0.0	0.0	0.0	0.0	0.0	0.0	0.0	0.0	0.0	0.0	0.0	0.0	0.0	0.0	0.0	0.0	0.0	0.0	0.0	0.0	0.0	0.0	0.0	0.0	2.687E-4	0.0	0.0	0.0	0.0	0.0	0.0	0.0	0.0	0.0	0.0	0.0	0.0	0.0	0.0	0.0	0.0	0.0	0.0	0.0	0.0	0.0	0.0	
カラムクドリ (<em class="sci">Sturnia sinensis</em>)	0.0017557	0.0010744	9.415E-4	6.715E-4	0.0010195	0.0010443	2.927E-4	0.0015	9.82E-4	6.994E-4	0.00104	0.0014153	1.626E-4	0.0013823	1.402E-4	9.568E-4	8.412E-4	5.508E-4	0.0	0.0	0.0	0.0	0.0	0.0	0.0	0.0	0.0	0.0	0.0	0.0	0.0	0.0	7.136E-4	0.0012519	9.492E-4	8.17E-4	0.0015	3.227E-4	5.214E-4	3.535E-4	0.0	1.7E-4	6.601E-4	2.577E-4	0.0	1.898E-4	9.339E-4	7.541E-4	
ギンムクドリ (<em class="sci">Spodiopsar sericeus</em>)	3.762E-4	4.029E-4	5.38E-4	5.756E-4	7.646E-4	4.641E-4	2.927E-4	5.692E-4	0.0013093	8.743E-4	0.0015601	0.0021873	0.0011384	9.215E-4	7.012E-4	8.372E-4	0.0014019	6.885E-4	0.0	2.252E-4	1.739E-4	0.0	0.0	0.0	0.0	0.0015	0.0	0.0	0.0	0.0	0.0	0.0	0.0	0.0	2.373E-4	1.634E-4	0.0015	1.613E-4	0.0	1.178E-4	1.399E-4	1.7E-4	4.95E-4	3.865E-4	0.0015	5.693E-4	0.0011207	9.696E-4	
ムクドリ (<em class="sci">Spodiopsar cineraceus</em>)	0.2503135	0.2452323	0.2373907	0.2578665	0.26902	0.2577164	0.2684033	0.2759357	0.2988543	0.32121	0.3265731	0.3233402	0.3150106	0.3110121	0.318048	0.3400311	0.321043	0.364087	0.3542365	0.3376872	0.3343766	0.3265885	0.3006173	0.2916896	0.274704	0.2455669	0.2461964	0.2261857	0.209546	0.1846456	0.2151969	0.2104163	0.2045671	0.227341	0.2318462	0.2264706	0.2321905	0.2092611	0.1918665	0.1786261	0.1695579	0.1730116	0.1645215	0.1687927	0.1919444	0.1950664	0.2273067	0.2249515	
インドハッカ (<em class="sci">Acridotheres tristis</em>)	6.27E-4	5.372E-4	0.0	2.878E-4	2.549E-4	0.0015	1.463E-4	0.0	1.637E-4	1.749E-4	0.0032935	0.002316	0.0014637	0.0023038	1.402E-4	0.0016744	2.804E-4	2.754E-4	1.458E-4	6.756E-4	5.216E-4	0.0	2.058E-4	0.0015	2.416E-4	0.0010747	0.0	0.0015	2.91E-4	5.604E-4	2.773E-4	0.0015	0.0015	5.008E-4	9.492E-4	0.0011438	4.106E-4	1.613E-4	1.738E-4	0.0017674	2.798E-4	0.0	0.0015	1.288E-4	3.564E-4	0.0015	3.736E-4	1.077E-4	
ジャワハッカ (<em class="sci">Acridotheres javanicus</em>)	0.0	0.0	0.0	0.0	0.0	0.0	0.0	0.0	0.0	3.497E-4	0.0	1.287E-4	3.253E-4	0.0	0.0	0.0	0.0	0.0	0.0	0.0	0.0	0.0	0.0	0.0	0.0	0.0	0.0	0.0	0.0	0.0	0.0	0.0	0.0	0.0	0.0	0.0	0.0	0.0	0.0	0.0	0.0	0.0	0.0	0.0	0.0	0.0	0.0	0.0	
ハッカチョウ (<em class="sci">Acridotheres cristatellus</em>)	0.002759	0.0029546	0.0017485	0.0032617	0.002039	0.0011604	0.0027806	0.0025615	0.0032733	8.743E-4	0.0029468	0.004246	0.0027647	0.0024574	0.0035058	0.0031097	0.0042058	0.0031672	0.0032084	0.0038284	0.004521	0.0024584	0.0047325	0.0049532	0.0048321	0.0048361	0.0038728	0.0038508	0.0020373	0.0022415	0.0024958	0.0020909	0.0021408	0.0027541	0.0045088	0.0019608	0.0028742	0.0012907	0.0052138	0.0014139	0.001399	0.0023793	0.0023102	0.0015462	0.0012475	0.002277	0.0018678	0.0018315	
ハッカチョウ属 (<em class="sci">Acridotheres sp.</em>)	0.0	0.0	0.0	0.0	0.0	0.0	0.0	0.0	0.0	0.0	0.0	0.0	0.0	0.0	0.0	0.0	0.0	0.0	0.0	0.0	0.0	0.0	0.0	0.0	0.0	0.0	0.0	0.0	0.0	0.0	0.0	0.0	0.0	0.0	0.0	0.0	0.0	0.0	0.0	0.0	1.399E-4	0.0	0.0	0.0	0.0	0.0	0.0	0.0	
キンムネオナガテリムク (<em class="sci">Lamprotornis regius</em>)	0.0	0.0	0.0	0.0	0.0	0.0	0.0	0.0	0.0	0.0	0.0	0.0	0.0	0.0	0.0	0.0	0.0	0.0	0.0	0.0	0.0	0.0	0.0	0.0	0.0	0.0	2.766E-4	0.0	0.0	0.0	0.0	0.0	0.0	0.0	0.0	0.0	0.0	0.0	0.0	0.0	0.0	0.0	0.0	0.0	0.0	0.0	0.0	0.0	
ムクドリ科 (<em class="sci">Sturnidae sp.</em>)	1.254E-4	0.0	0.0	0.0	0.0	0.0	0.0	0.0	0.0	0.0	0.0	1.287E-4	0.0	0.0	0.0	0.0	0.0015	0.0015	0.0	0.0	0.0	0.0	0.0	0.0	0.0	0.0	0.0	0.0	0.0	0.0	0.0	0.0	0.0	0.0	0.0	0.0015	0.0	0.0	0.0	0.0	0.0	1.7E-4	0.0	0.0	0.0	0.0	0.0	0.0	
トラツグミ (<em class="sci">Zoothera aurea</em>)	0.0070228	0.0087295	0.0108944	0.0141021	0.017204	0.0154328	0.0168301	0.0212039	0.0139116	0.0118902	0.0072803	0.008106	0.0040657	0.0039932	0.0053288	0.0096878	0.0100939	0.0059212	0.006271	0.003941	0.0079986	0.0054841	0.0055556	0.0044029	0.0062817	0.0067168	0.0030429	0.0042562	0.0029104	0.001401	5.546E-4	0.0011405	2.379E-4	7.511E-4	0.0014238	0.004085	0.0051324	0.0043562	0.0039972	0.0025922	0.0011192	0.0016995	0.0018152	2.577E-4	0.0012475	0.0020873	0.003362	0.0054945	
トラツグミ／ミナミトラツグミ (<em class="sci">Zoothera aurea/dauma</em>)	0.0015	0.0015	0.0	9.59E-5	2.549E-4	1.16E-4	2.927E-4	0.0	0.0	0.0	0.0	1.287E-4	0.0	1.536E-4	1.402E-4	1.196E-4	0.0	0.0	0.0	0.0015	1.739E-4	0.0	0.0	0.0	0.0	2.687E-4	0.0	0.0	0.0	0.0	0.0	0.0015	0.0	0.0	0.0	0.0	2.053E-4	0.0	0.0	0.0	0.0	0.0	0.0	0.0	0.0	1.898E-4	0.0	1.077E-4	
オオトラツグミ (<em class="sci">Zoothera major</em>)	3.762E-4	0.0012087	0.0014795	8.634E-4	3.823E-4	0.0016245	2.927E-4	8.538E-4	9.82E-4	0.0015737	0.0024268	6.433E-4	1.626E-4	0.0013823	0.0014023	0.0020332	1.402E-4	0.0020655	0.0023334	0.0057426	0.0020866	9.455E-4	0.0012346	0.0014676	7.248E-4	5.373E-4	0.0027663	8.107E-4	2.91E-4	0.0	0.0016639	0.0019008	4.757E-4	0.0015023	7.119E-4	3.268E-4	4.106E-4	6.454E-4	0.0	7.07E-4	4.197E-4	0.0018695	1.65E-4	0.0010308	1.782E-4	9.488E-4	3.736E-4	7.541E-4	
マミジロ (<em class="sci">Geokichla sibirica</em>)	0.0	0.0	0.0	0.0	0.0	0.0	0.0	0.0	0.0	0.0	0.0	0.0	0.0	0.0	4.207E-4	0.001794	0.0057479	0.0056458	0.0074377	0.0030402	0.0027821	0.0015129	0.0020576	0.0033021	0.001208	8.06E-4	0.0011065	8.107E-4	0.0017462	0.0015	2.773E-4	0.0015	4.757E-4	5.008E-4	9.492E-4	0.0011438	0.0022583	6.454E-4	1.738E-4	2.357E-4	0.0	0.0	0.0015	0.0	0.0	0.0	0.0	0.0	
ヤドリギツグミ (<em class="sci">Turdus viscivorus</em>)	0.0	0.0	0.0	0.0	0.0	0.0	0.0	0.0015	0.0	5.246E-4	0.0	0.0	0.0	0.0	0.0	0.0	0.0	0.0	0.0	0.0	0.0	0.0	0.0	0.0	0.0	0.0	0.0	0.0	0.0	0.0	0.0	0.0	0.0	0.0	0.0	0.0	0.0	0.0	0.0	0.0	0.0	0.0	0.0	0.0	0.0	0.0	0.0	0.0	
ウタツグミ (<em class="sci">Turdus philomelos</em>)	1.254E-4	9.401E-4	0.0	0.0	0.0	0.0	0.0	0.0	1.637E-4	5.246E-4	1.733E-4	1.287E-4	0.0	0.0	0.0	0.0	0.0	0.0	0.0	0.0	0.0	0.0	0.0	0.0	0.0	0.0	0.0	0.0	0.0	0.0	0.0	0.0	0.0	0.0	0.0	0.0	0.0	0.0	0.0	0.0	0.0	0.0	0.0	0.0	0.0015	0.0	0.0	0.0	
クロウタドリ (<em class="sci">Turdus mandarinus</em>)	0.0	0.0	0.0	9.59E-5	2.549E-4	0.0	1.463E-4	0.0	3.273E-4	1.749E-4	0.0019067	0.0010293	4.879E-4	3.072E-4	1.402E-4	8.372E-4	4.206E-4	0.0	0.0	0.0	0.0	0.0	0.0	1.835E-4	0.0	0.0	0.0	2.027E-4	0.0	0.0	0.0	0.0	0.0	0.0	0.0	0.0	0.0	1.613E-4	0.0	0.0	0.0	0.0	0.0	0.0	1.782E-4	0.0	0.0	0.0	
ワキアカツグミ (<em class="sci">Turdus iliacus</em>)	0.0	0.0	2.69E-4	0.0015	8.921E-4	9.283E-4	0.0	4.269E-4	1.637E-4	0.0	0.0	0.0	0.0	0.0	0.0	0.0	0.0	0.0	0.0	0.0	0.0	0.0	0.0	0.0	0.0	0.0	0.0	0.0	0.0	0.0	0.0	0.0	0.0	0.0	0.0	0.0	0.0	0.0	0.0	0.0	0.0	0.0	0.0	1.288E-4	0.0	1.898E-4	0.0	0.0	
カラアカハラ (<em class="sci">Turdus hortulorum</em>)	0.0	0.0	0.0015	0.0015	1.274E-4	2.321E-4	4.39E-4	1.423E-4	0.0	0.0	0.0	0.0	0.0	4.608E-4	9.816E-4	0.0053821	0.0064489	0.0011016	8.75E-4	2.252E-4	0.0	1.891E-4	0.0	0.0	2.416E-4	0.0	2.766E-4	0.0	0.0	0.0	0.0	0.0	0.0	0.0	0.0	1.634E-4	2.053E-4	1.613E-4	1.738E-4	0.0	0.0	0.0	0.0	0.0	0.0	0.0	0.0	0.0	
クロツグミ (<em class="sci">Turdus cardis</em>)	1.254E-4	1.343E-4	1.345E-4	9.59E-5	1.274E-4	2.321E-4	2.927E-4	1.423E-4	3.273E-4	0.0	6.934E-4	2.573E-4	0.0019515	0.0170481	0.0284673	0.041263	0.0549558	0.0341504	0.0293131	0.0299516	0.0335594	0.0312027	0.0300412	0.0315538	0.021986	0.0228372	0.0190871	0.0164167	0.0139697	0.0123284	0.0055463	0.0062726	0.0068982	0.006009	0.0059326	0.0075163	0.0114966	0.0153275	0.0102537	0.0080123	0.0025182	0.0010197	1.65E-4	0.0	0.0	1.898E-4	0.0	0.0	
シロハラ (<em class="sci">Turdus pallidus</em>)	0.145849	0.1561912	0.1511769	0.164812	0.1743341	0.1771873	0.1728377	0.1736161	0.1599018	0.1759049	0.1580863	0.1284097	0.1218084	0.1244049	0.1026504	0.050592	0.0269171	0.0099146	0.0021875	0.0013512	0.0	1.891E-4	2.058E-4	0.0	0.0	0.0	0.0	0.0	2.91E-4	0.0	0.0	0.0	0.0	0.0	9.492E-4	0.002451	0.0078013	0.0201678	0.0165103	0.0228585	0.0321768	0.0424881	0.0490099	0.0613323	0.0848334	0.0916509	0.1036608	0.1258349	
マミチャジナイ (<em class="sci">Turdus obscurus</em>)	5.016E-4	6.715E-4	0.001076	9.593E-4	0.0012744	0.0013924	7.317E-4	9.962E-4	3.273E-4	5.246E-4	8.667E-4	6.433E-4	0.002602	0.0021502	0.0071519	0.0071762	0.0196271	0.0181768	0.0090419	0.0015764	1.739E-4	0.0	0.0	1.835E-4	0.0	0.0	0.0	0.0	0.0	0.0	0.0	0.0	2.379E-4	0.0015023	0.0021357	0.0145425	0.0119072	0.0156502	0.0151199	0.0209733	0.0106323	0.0052685	0.0034653	0.0019327	0.0012475	5.693E-4	7.471E-4	2.155E-4	
アカコッコ (<em class="sci">Turdus celaenops</em>)	5.016E-4	8.058E-4	0.001345	8.634E-4	0.0026762	8.123E-4	8.781E-4	0.0024192	0.0027823	0.0033223	0.0015601	0.0032167	0.0050415	0.0033789	0.0051886	0.0045449	0.0063087	0.0083999	0.0102085	0.0092332	0.0043471	0.0073752	0.0039095	0.0036691	0.0014496	0.0018807	0.0024896	0.0018241	0.0034924	0.001401	0.0019412	0.0020909	0.0016651	5.008E-4	7.119E-4	9.804E-4	0.0012318	9.681E-4	3.476E-4	4.713E-4	1.399E-4	3.399E-4	0.0	5.154E-4	1.782E-4	0.0	1.868E-4	8.619E-4	
アカハラ (<em class="sci">Turdus chrysolaus</em>)	0.0287183	0.0276659	0.0281103	0.032713	0.0333886	0.0315618	0.0286843	0.0293155	0.0242226	0.0283266	0.0180274	0.0144107	0.013986	0.0199662	0.0382836	0.0478412	0.0614047	0.0386946	0.0256672	0.0257854	0.0272996	0.0202345	0.0187243	0.0203632	0.0195699	0.0115529	0.0171508	0.0121605	0.0110594	0.0095265	0.0066556	0.0038016	0.0026166	0.0025038	0.0014238	0.0029412	0.0053377	0.0075831	0.0078206	0.0121362	0.012451	0.0100272	0.009901	0.0092772	0.0112279	0.0142315	0.0224131	0.0205775	
ノハラツグミ (<em class="sci">Turdus pilaris</em>)	0.0	0.0	2.69E-4	0.0	2.549E-4	2.321E-4	2.927E-4	0.0015654	6.547E-4	1.749E-4	3.467E-4	0.0015	0.0	1.536E-4	0.0	0.0	0.0	0.0	0.0	0.0	0.0	0.0	0.0	0.0	0.0	0.0	0.0	0.0	0.0	0.0	0.0	0.0	0.0	0.0	0.0	0.0	0.0	0.0	0.0	0.0	1.399E-4	0.0	0.0	0.0	1.782E-4	1.898E-4	0.0	0.0	
ノドグロツグミ (<em class="sci">Turdus atrogularis</em>)	0.0	0.0	0.0	0.0	0.0	4.641E-4	1.463E-4	4.269E-4	0.0	0.0	0.0	0.0	0.0	0.0	0.0	0.0	0.0	1.377E-4	0.0	0.0	0.0	0.0	0.0	0.0	0.0	0.0	0.0	0.0	0.0	0.0	0.0	0.0	0.0	0.0	0.0	0.0	0.0	0.0	0.0	0.0	0.0	0.0	0.0	0.0	0.0	0.0	0.0	0.0	
ノドアカツグミ (<em class="sci">Turdus ruficollis</em>)	0.0	0.0015	0.0	0.0	0.0	1.16E-4	1.463E-4	0.0	0.0	0.0	0.0	0.0	0.0	1.536E-4	2.805E-4	0.0	0.0	0.0	0.0	0.0	0.0	0.0	0.0	0.0	0.0	0.0	0.0	0.0	0.0	0.0	0.0	0.0	0.0	0.0	0.0	0.0	0.0	0.0	0.0	0.0	0.0	0.0	0.0	0.0	0.0	0.0	0.0	0.0	
雑種 ノドグロツグミ ｘ ノドアカツグミ (<em class="sci">Turdus atrogularis x ruficollis</em>)	0.0	0.0	0.0	0.0	0.0	0.0	0.0	0.0	0.0	0.0	0.0	0.0	0.0	0.0	0.0	0.0	0.0	0.0	0.0	0.0	0.0	0.0	0.0	0.0	0.0	0.0	0.0	0.0	0.0	0.0	0.0	0.0	0.0	0.0	0.0	0.0	0.0	0.0	1.738E-4	0.0	0.0	0.0	0.0	0.0	0.0	0.0	0.0	0.0	
ツグミ (<em class="sci">Turdus eunomus</em>)	0.2568347	0.2668547	0.2640215	0.2937452	0.3137505	0.3137619	0.303966	0.3401167	0.3453355	0.35146	0.3192928	0.2923314	0.2706131	0.2480418	0.2346095	0.1504605	0.0670125	0.0256128	0.0074377	0.002252	3.478E-4	1.891E-4	0.0	3.669E-4	0.0	0.0	0.0	0.0	2.91E-4	0.0	0.0	1.901E-4	2.379E-4	2.504E-4	2.373E-4	0.005719	0.0108807	0.0267828	0.030935	0.0498409	0.062535	0.0933039	0.1209571	0.1396727	0.1644983	0.1829222	0.2000374	0.2269985	
ハチジョウツグミ (<em class="sci">Turdus naumanni</em>)	0.0017557	0.0017459	0.003766	0.0030698	0.0038231	0.0034811	0.002927	0.0069731	0.0072013	0.0059451	0.0052002	0.0029593	0.0024394	0.0024574	4.207E-4	0.0014352	5.608E-4	5.508E-4	1.458E-4	0.0	0.0	0.0	0.0	0.0	0.0	0.0	0.0	0.0	0.0	0.0	0.0	0.0	0.0	0.0	0.0	1.634E-4	0.0014371	0.0019361	0.0019117	0.0035348	0.0012591	3.399E-4	1.65E-4	5.154E-4	7.129E-4	5.693E-4	9.339E-4	0.0012928	
雑種 ツグミ ｘ ハチジョウツグミ (<em class="sci">Turdus eunomus x naumanni</em>)	1.254E-4	0.0	0.0	0.0	1.274E-4	1.16E-4	2.927E-4	4.269E-4	0.0016367	0.0	3.467E-4	5.147E-4	0.0	4.608E-4	2.805E-4	0.0	0.0	0.0	0.0	0.0	0.0	0.0	0.0	0.0	0.0	0.0	0.0	0.0	0.0	0.0	0.0	0.0	0.0	0.0	0.0	0.0	0.0	0.0	0.0	0.0	0.0	0.0	1.65E-4	0.0	0.0	0.0	0.0	0.0	
ツグミ／ハチジョウツグミ (<em class="sci">Turdus eunomus/naumanni</em>)	5.016E-4	4.029E-4	8.07E-4	0.0010553	0.0010195	0.0010443	0.0013171	7.115E-4	0.0018003	6.994E-4	6.934E-4	3.86E-4	8.131E-4	9.215E-4	1.402E-4	5.98E-4	2.804E-4	1.377E-4	0.0	0.0	0.0	0.0	0.0	0.0	0.0	0.0015	0.0	0.0	0.0	0.0	0.0	0.0	0.0	0.0	0.0	0.0015	2.053E-4	3.227E-4	0.0010428	1.178E-4	1.399E-4	3.399E-4	8.251E-4	7.731E-4	1.782E-4	0.001518	3.736E-4	4.309E-4	
コマツグミ (<em class="sci">Turdus migratorius</em>)	0.0	0.0	0.0	0.0	0.0	0.0	0.0	0.0	0.0	0.0	0.0	0.0	0.0	0.0	0.0	0.0	0.0	0.0	0.0	0.0	0.0	0.0	0.0	0.0	0.0	0.0	0.0	0.0	0.0	0.0	0.0	0.0	0.0	0.0	0.0	0.0	0.0	0.0	0.0	0.0	0.0	3.399E-4	0.0	0.0	0.0	0.0	0.0	0.0	
ツグミ属 (<em class="sci">Turdus sp.</em>)	0.0023827	0.001343	0.002152	0.001439	0.0019116	0.0012764	0.0017562	0.0015654	0.0018003	0.0020983	0.0038135	0.002316	0.0029273	0.0036861	0.0039265	0.0028705	0.003645	0.002341	0.0010209	0.0	1.739E-4	1.891E-4	2.058E-4	3.669E-4	0.0	0.0	2.766E-4	2.027E-4	2.91E-4	0.0	2.773E-4	0.0	2.379E-4	0.0	7.119E-4	0.0011438	0.0024636	0.0053243	0.0026069	0.0043596	0.0050364	0.0059483	0.0052805	0.0043809	0.0051684	0.0039848	0.0044826	0.0026934	
ツグミ科 (<em class="sci">Turdidae sp.</em>)	0.0025082	0.0022831	0.0017485	0.0012471	0.0010195	0.0017405	0.0016098	0.00185	0.001473	0.0017486	0.0012134	0.0028307	0.0017889	0.0019966	0.002384	0.0016744	0.0047666	0.0017901	0.0016042	6.756E-4	6.955E-4	9.455E-4	2.058E-4	5.504E-4	9.664E-4	5.373E-4	8.299E-4	2.027E-4	2.91E-4	2.802E-4	2.773E-4	5.702E-4	4.757E-4	0.0015	0.0014238	0.0014706	0.0024636	0.0033882	0.0029545	0.0017674	0.0015389	0.003739	0.0039604	0.0014173	0.0026733	0.0018975	0.0013074	8.619E-4	
エゾビタキ (<em class="sci">Muscicapa griseisticta</em>)	0.0	0.0	0.0	0.0	0.0	0.0	0.0	0.0	0.0	0.0	0.0	1.287E-4	0.0	0.0	1.402E-4	5.98E-4	0.0025235	0.0041311	0.0032084	0.0034906	1.739E-4	1.891E-4	0.0	0.0	0.0	0.0	0.0	0.0	2.91E-4	0.0	2.773E-4	0.0017107	0.0068982	0.0215323	0.0386806	0.0769608	0.0695956	0.0521136	0.0321515	0.0107223	0.002798	5.099E-4	0.0	0.0	0.0	0.0	0.0	0.0	
サメビタキ (<em class="sci">Muscicapa sibirica</em>)	0.0	0.0	0.0	0.0	0.0	0.0	0.0	0.0	0.0	0.0	0.0	0.0	0.0	1.536E-4	7.012E-4	0.0016744	0.0023833	0.0046819	0.0053959	0.0052922	0.0020866	0.0018911	4.115E-4	5.504E-4	0.0026576	5.373E-4	0.0016598	0.0014187	5.821E-4	0.001401	0.0030505	0.0026611	0.0030923	0.0037556	0.0073564	0.0124183	0.0094436	0.0090352	0.0029545	0.0011783	2.798E-4	0.0	0.0	0.0	0.0	0.0	0.0	0.0	
エゾビタキ／サメビタキ (<em class="sci">Muscicapa griseisticta/sibirica</em>)	0.0	0.0	0.0	0.0	0.0	0.0	0.0	0.0	0.0	0.0	0.0	0.0	0.0	0.0	0.0	0.0	0.0	0.0	1.458E-4	1.126E-4	0.0	0.0	0.0	0.0	0.0	0.0	0.0	0.0	0.0	0.0	0.0	1.901E-4	0.0	0.0	0.0	0.0	0.0	0.0	0.0	0.0	0.0	0.0	0.0	0.0	0.0	0.0	0.0	0.0	
ミヤマヒタキ (<em class="sci">Muscicapa ferruginea</em>)	0.0	0.0	0.0	0.0	0.0	0.0	0.0	0.0	0.0	0.0	0.0	0.0	0.0	1.536E-4	0.0	0.0	1.402E-4	0.0	0.0	0.0	0.0	0.0	0.0	0.0	0.0	0.0	0.0	0.0	0.0	0.0	0.0	0.0	0.0	0.0	0.0	0.0	0.0	0.0	0.0	0.0	0.0	0.0	0.0	0.0	0.0	0.0	0.0	0.0	
コサメビタキ (<em class="sci">Muscicapa dauurica</em>)	1.254E-4	1.343E-4	0.0015	0.0	1.274E-4	3.481E-4	2.927E-4	0.0	1.637E-4	1.749E-4	3.467E-4	0.0	9.758E-4	0.0058363	0.0266442	0.042459	0.0668723	0.0549435	0.0422925	0.0417746	0.0333855	0.0213691	0.018107	0.0168776	0.0159459	0.0161204	0.0152144	0.0127685	0.0206636	0.0238162	0.0166389	0.0256605	0.0356803	0.0445669	0.0450878	0.0619281	0.0554301	0.042433	0.0187696	0.0070696	5.596E-4	0.0	0.0	0.0	0.0	0.0	3.736E-4	1.077E-4	
ムナフヒタキ (<em class="sci">Muscicapa striata</em>)	0.0	0.0	0.0	0.0	0.0	0.0	0.0	0.0	0.0	0.0	0.0	0.0	0.0	0.0	0.0	0.0	0.0	0.0	0.0	0.0	0.0	0.0	0.0	0.0	0.0	0.0	0.0	0.0	0.0	0.0	0.0	0.0	0.0	0.0	0.0	0.0	0.0	1.613E-4	3.476E-4	2.357E-4	0.0	0.0	0.0	0.0	0.0	0.0	0.0	0.0	
サメビタキ属 (<em class="sci">Muscicapa sp.</em>)	0.0	0.0	0.0	0.0	0.0	0.0	0.0	0.0	0.0	0.0	0.0	0.0	1.626E-4	0.0	0.0	0.0015	0.0015	1.377E-4	0.0	3.378E-4	0.0	0.0	0.0	0.0	0.0	0.0	0.0	0.0	0.0	0.0	0.0	0.0	2.379E-4	0.0	2.373E-4	1.634E-4	6.159E-4	0.0	0.0	0.0	0.0	0.0	0.0	0.0	0.0	0.0	0.0	0.0	
シキチョウ (<em class="sci">Copsychus saularis</em>)	0.0	0.0	0.0	0.0	0.0	0.0	0.0	0.0	0.0	0.0	0.0	0.0	0.0	1.536E-4	0.0	0.0	0.0	0.0	0.0	0.0	0.0	0.0	0.0	0.0	0.0	0.0	0.0	0.0	0.0	0.0	0.0	0.0	0.0	0.0	0.0	0.0	0.0	0.0	0.0	0.0	0.0	0.0	0.0	0.0	0.0	0.0	0.0	0.0	
フッケンアオヒタキ (<em class="sci">Niltava davidi</em>)	0.0	0.0	0.0	0.0	0.0	0.0	0.0	0.0	0.0	0.0	0.0	0.0	0.0	0.0	0.0	1.196E-4	0.0	0.0	0.0	0.0	0.0	0.0	0.0	0.0	0.0	0.0	0.0	0.0	0.0	0.0	0.0	0.0	0.0	0.0	0.0	0.0	0.0	0.0	0.0	0.0	0.0	0.0	0.0	0.0	0.0	0.0	0.0	0.0	
チャバラオオルリ (<em class="sci">Niltava vivida</em>)	0.0	0.0	0.0	0.0	0.0	0.0	0.0	0.0	0.0	0.0	0.0	1.287E-4	0.0	0.0	0.0	0.0	1.402E-4	0.0	0.0	0.0	0.0	0.0	0.0	0.0	0.0	0.0	0.0	0.0	0.0	0.0	0.0	0.0	0.0	0.0	0.0	0.0	0.0	0.0015	0.0	0.0	0.0	0.0	0.0	0.0	0.0	0.0	0.0	0.0	
オオルリ (<em class="sci">Cyanoptila cyanomelana</em>)	0.0	0.0	0.0	0.0	0.0	0.0	0.0	0.0	0.0	0.0	0.0	2.573E-4	0.0035778	0.0205806	0.0556724	0.0708049	0.0946306	0.0660975	0.0562928	0.0575386	0.0478178	0.0417927	0.0411523	0.0436617	0.0316502	0.0263299	0.0182573	0.015606	0.0128056	0.0128888	0.0074875	0.0091237	0.0102284	0.0097646	0.0140009	0.0218954	0.0238144	0.0198451	0.008342	0.0036526	6.995E-4	5.099E-4	1.65E-4	0.0	0.0	0.0	0.0	0.0	
ロクショウヒタキ (<em class="sci">Eumyias thalassinus</em>)	0.0	1.343E-4	0.0	0.0	0.0	0.0	0.0	0.0	0.0	0.0	0.0	2.573E-4	0.0	0.0	0.0	0.0	0.0	0.0	0.0	0.0	0.0	0.0	0.0	0.0	0.0	0.0	0.0	0.0	0.0	0.0	0.0	0.0	0.0	0.0	0.0	0.0	0.0	0.0	0.0	0.0	0.0	0.0	0.0	3.865E-4	5.347E-4	0.0	0.0	0.0	
ヨーロッパコマドリ (<em class="sci">Erithacus rubecula</em>)	0.0	0.0	0.0	0.0	1.274E-4	0.0	0.0	1.423E-4	0.0	0.0	0.0	0.0015	0.0	0.0	0.0	0.0	8.412E-4	0.0	0.0	0.0	0.0	0.0	0.0	0.0	0.0	0.0	0.0	0.0	0.0	0.0	0.0	0.0	0.0	0.0	0.0	0.0	0.0	0.0	0.0	0.0	0.0	0.0	0.0	0.0	0.0	0.0	0.0	0.0	
シマゴマ (<em class="sci">Larvivora sibilans</em>)	0.0	0.0	0.0	0.0	0.0	0.0	0.0	0.0	0.0	0.0	0.0	0.0	0.0	0.0	0.0	2.392E-4	0.0046264	0.0068852	0.0018959	5.63E-4	0.0	0.0	0.0	0.0	0.0	0.0	0.0	0.0	0.0	0.0	0.0	0.0	0.0	0.0	2.373E-4	6.536E-4	0.0	0.0	0.0	1.178E-4	1.399E-4	0.0	0.0	0.0	0.0	0.0	0.0	0.0	
コマドリ (<em class="sci">Larvivora akahige</em>)	0.0	0.0	0.0	0.0	1.274E-4	0.0	1.463E-4	1.423E-4	0.0	1.749E-4	1.733E-4	1.287E-4	0.0019515	0.0105975	0.0218763	0.0184188	0.0239731	0.0086753	0.0113752	0.0105844	0.0139106	0.0102118	0.0106996	0.0108237	0.0113554	0.0064481	0.0099585	0.0054722	0.0072759	0.005884	0.0024958	9.504E-4	4.757E-4	2.504E-4	2.373E-4	3.268E-4	4.106E-4	0.0017748	0.0029545	0.003417	0.0018187	0.0013596	1.65E-4	2.577E-4	0.0	0.0	1.868E-4	0.0	
タネコマドリ (<em class="sci">Larvivora tanensis</em>)	1.254E-4	2.686E-4	0.001345	5.756E-4	0.0011469	4.641E-4	8.781E-4	5.692E-4	0.0016367	0.0026228	0.00104	0.0041173	0.0048788	0.0029181	0.0051886	0.0034685	0.0046264	0.0055081	0.0081668	0.0076568	0.0031299	0.0073752	0.0030864	0.0036691	0.001208	0.0018807	0.0019364	0.0012161	0.0017462	0.001401	0.0013866	0.0015206	2.379E-4	0.0	2.373E-4	0.0	0.0012318	1.613E-4	1.738E-4	1.178E-4	1.399E-4	5.099E-4	0.0	3.865E-4	0.0	5.693E-4	0.0011207	2.155E-4	
コマドリ／タネコマドリ (<em class="sci">Larvivora akahige/tanensis</em>)	0.0	0.0	0.0	0.0	0.0	0.0	0.0	0.0	0.0	0.0	0.0	0.0	1.626E-4	0.0	0.0	0.0	0.0	1.377E-4	0.0	0.0	0.0	0.0	0.0	0.0	0.0	0.0	0.0	0.0	0.0	0.0	0.0	0.0	0.0	0.0	0.0	0.0	0.0	0.0	0.0	1.178E-4	0.0	1.7E-4	0.0	0.0	0.0	0.0	0.0	0.0	
アカヒゲ (<em class="sci">Larvivora komadori</em>)	6.27E-4	0.0010744	0.002152	0.0012471	3.823E-4	0.0034811	7.317E-4	0.0024192	0.0040917	0.0047211	0.0052002	0.0020587	0.001301	0.0035325	0.002384	0.0051429	8.412E-4	0.0057835	0.0075835	0.0114852	0.0039993	0.0022693	0.0034979	0.002018	7.248E-4	0.0010747	0.0013831	0.0010134	2.91E-4	0.0	5.546E-4	0.0020909	4.757E-4	0.0022534	7.119E-4	6.536E-4	6.159E-4	6.454E-4	0.0	0.0014139	6.995E-4	0.0018695	4.95E-4	0.0027058	1.782E-4	0.0017078	0.0011207	7.541E-4	
ホントウアカヒゲ (<em class="sci">Larvivora namiyei</em>)	0.0025082	0.0045662	0.001345	0.0021105	0.0021664	0.003365	0.0048295	0.0034154	0.0027823	0.0038468	0.0041602	0.0041173	0.0021142	0.0015359	0.0068714	0.006339	0.0063087	0.0099146	0.0140003	0.0097962	0.0092158	0.006997	0.0084362	0.0078885	0.0031409	0.0029554	0.0052559	0.0034455	0.0017462	0.0050434	0.0049917	0.0053222	0.0038059	0.0072609	0.002373	0.0034314	0.0014371	0.0027428	0.0039972	0.0038883	0.0029379	6.798E-4	0.0024752	0.0055405	0.0028515	0.0020873	0.0056033	0.0038785	
アカヒゲ／ホントウアカヒゲ (<em class="sci">Larvivora komadori/namiyei</em>)	0.0	1.343E-4	0.0	2.878E-4	1.274E-4	0.0	2.927E-4	1.423E-4	0.0	0.0	0.0	0.0	0.0	0.0	2.805E-4	0.0	0.0	0.0	1.458E-4	0.0	0.0	1.891E-4	2.058E-4	0.0	0.0	0.0	2.766E-4	0.0015	0.0	0.0015	0.0	0.0	0.0	2.504E-4	0.0	0.0	4.106E-4	0.0	0.0	1.178E-4	2.798E-4	0.0	0.0	0.0	0.0	0.0	0.0	0.0	
コルリ (<em class="sci">Larvivora cyane</em>)	0.0	0.0	0.0	0.0	0.0	0.0	0.0	0.0	0.0	0.0	1.733E-4	1.287E-4	3.253E-4	3.072E-4	0.002384	0.0116015	0.034067	0.0247866	0.0221671	0.0172278	0.0172144	0.0155068	0.012963	0.0128417	0.0079729	0.0042988	0.0024896	0.0018241	0.0023283	0.0030821	0.0024958	0.0043718	0.0033302	0.0032549	0.0014238	8.17E-4	2.053E-4	3.227E-4	3.476E-4	0.0015	0.0	0.0	0.0	0.0	0.0	0.0	0.0	0.0	
オガワコマドリ (<em class="sci">Luscinia svecica</em>)	0.0	0.0	1.345E-4	0.0	1.274E-4	1.16E-4	0.0	2.846E-4	3.273E-4	3.497E-4	1.733E-4	0.0	3.253E-4	1.536E-4	1.402E-4	1.196E-4	0.0	0.0	0.0	0.0	0.0	0.0	0.0	0.0	0.0	0.0	0.0	0.0	0.0	0.0	0.0	0.0	0.0	0.0	0.0	0.0	0.0	1.613E-4	1.738E-4	4.713E-4	0.0	1.7E-4	0.0	0.0	1.782E-4	1.898E-4	1.868E-4	0.0	
ノゴマ (<em class="sci">Calliope calliope</em>)	3.762E-4	1.343E-4	5.38E-4	2.878E-4	1.274E-4	1.16E-4	2.927E-4	2.846E-4	0.0	6.994E-4	5.2E-4	7.72E-4	1.626E-4	0.0010751	9.816E-4	0.0086114	0.0135988	0.0110162	0.0115211	0.0122734	0.0272996	0.0189107	0.018107	0.0166942	0.0173955	0.0112843	0.0080221	0.0058776	0.0032014	0.001401	5.546E-4	7.603E-4	4.757E-4	0.0012519	9.492E-4	0.0019608	0.0049271	0.0090352	0.0112965	0.0081301	0.0026581	0.0022094	8.251E-4	0.0038655	0.0026733	7.59E-4	0.0011207	0.0011851	
オジロノゴマ (<em class="sci">Calliope tschebaiewi</em>)	0.0	0.0	0.0	0.0	0.0	0.0	0.0	0.0	0.0	0.0	0.0	0.0	0.0	0.0	0.0	0.0	0.0	0.0	0.0015	0.0	0.0	0.0	0.0	0.0	0.0	0.0	0.0	0.0	0.0	0.0	0.0	0.0	0.0	0.0	0.0	0.0	0.0	0.0	0.0	0.0	0.0	0.0	0.0	0.0	0.0	0.0	0.0	0.0	
ルリビタキ (<em class="sci">Tarsiger cyanurus</em>)	0.0451467	0.0517056	0.0464022	0.0550652	0.0465146	0.0518682	0.0425874	0.048954	0.0333879	0.0311243	0.0234009	0.0149254	0.0149618	0.015205	0.0117796	0.0198541	0.0308426	0.0096392	0.0103544	0.0115978	0.011824	0.0090772	0.0109053	0.0139424	0.012805	0.0080602	0.0099585	0.0129712	0.0110594	0.0128888	0.0047144	0.0068428	0.0040438	0.0022534	0.0021357	0.0029412	0.0028742	0.0104873	0.0149461	0.0143749	0.0104924	0.0134262	0.0176568	0.028218	0.0363572	0.0457306	0.0362346	0.0411549	
ルリビタキ／キレンルリビタキ (<em class="sci">Tarsiger cyanurus/albocoeruleus</em>)	0.0	0.0	0.0	0.0	0.0	0.0	0.0	0.0	0.0	0.0	0.0	0.0	0.0	0.0	0.0	0.0	0.0	0.0	0.0	0.0	0.0	0.0	0.0	0.0	0.0	0.0	0.0	0.0	0.0	0.0	0.0	0.0	0.0	0.0	0.0	0.0	0.0	0.0	0.0	1.178E-4	0.0	0.0	0.0	0.0015	0.0	0.0	0.0	0.0	
マミジロキビタキ (<em class="sci">Ficedula zanthopygia</em>)	0.0	0.0	0.0	0.0	0.0	0.0	0.0	0.0	0.0	0.0	0.0	0.0	0.0	0.0	0.0	4.784E-4	0.0046264	0.005095	0.0013125	0.001126	3.478E-4	1.891E-4	0.0	1.835E-4	0.0	0.0	0.0	0.0	0.0	0.0	0.0	0.0	0.0	0.0	0.0	0.0	0.0	1.613E-4	0.0015	0.0	0.0	0.0	0.0	0.0	0.0	0.0	0.0	0.0	
キビタキ (<em class="sci">Ficedula narcissina</em>)	0.0	0.0	0.0	0.0	0.0	0.0	0.0	0.0	0.0	1.749E-4	1.733E-4	2.573E-4	0.0022768	0.0122869	0.0661899	0.1228322	0.1851956	0.1462407	0.1394196	0.1377097	0.1267606	0.1280257	0.1133745	0.1126399	0.0877023	0.0763031	0.0459198	0.0214836	0.0145518	0.0140095	0.0122019	0.0184376	0.0245005	0.0245368	0.0320361	0.0423203	0.0502977	0.052759	0.0410149	0.0279251	0.0116116	0.0016995	1.65E-4	1.288E-4	0.0	0.0	0.0	0.0	
リュウキュウキビタキ (<em class="sci">Ficedula owstoni</em>)	0.0017557	0.0017459	2.69E-4	9.59E-5	6.372E-4	6.962E-4	8.781E-4	4.269E-4	8.183E-4	0.0015737	0.0038135	0.0018013	9.758E-4	0.001843	0.0022437	0.0016744	9.814E-4	0.0015147	0.0026251	0.0059678	0.0013911	0.0011346	0.0024691	0.0025683	0.0014496	0.0018807	0.0011065	8.107E-4	0.0015	0.0015	2.773E-4	0.0030412	9.515E-4	0.0022534	0.0018984	4.902E-4	4.106E-4	3.227E-4	5.214E-4	7.07E-4	4.197E-4	8.498E-4	0.0024752	0.0012885	0.0012475	3.795E-4	7.471E-4	5.387E-4	
キビタキ／リュウキュウキビタキ (<em class="sci">Ficedula narcissina/owstoni</em>)	1.254E-4	0.0	0.0	9.59E-5	0.0	0.0	0.0	0.0	3.273E-4	3.497E-4	1.733E-4	0.0	0.0	1.536E-4	0.0	4.784E-4	4.206E-4	0.0015	1.458E-4	0.0	1.739E-4	0.0	0.0	0.0	0.0	0.0	0.0	0.0	0.0	0.0	0.0	1.901E-4	0.0015	2.504E-4	0.0	0.0	0.0	1.613E-4	0.0	0.0	1.399E-4	1.7E-4	3.3E-4	0.0	0.0	0.0	0.0	0.0	
ムギマキ (<em class="sci">Ficedula mugimaki</em>)	0.0	0.0	0.0	9.59E-5	0.0	0.0	0.0	0.0	0.0	0.0015	0.0	0.0	0.0	3.072E-4	0.0	7.176E-4	0.0107949	0.0093638	0.0051043	0.0019142	0.0	0.0	0.0	0.0	0.0	0.0	0.0	0.0	2.91E-4	0.0	0.0	0.0	0.0	0.0	0.0	9.804E-4	0.0026689	0.0041949	0.0052138	0.0084836	0.0019586	8.498E-4	0.0	1.288E-4	0.0	0.0	0.0	0.0	
オジロビタキ (<em class="sci">Ficedula albicilla</em>)	3.762E-4	5.372E-4	2.69E-4	2.878E-4	2.549E-4	0.0	0.0	1.423E-4	0.0	1.749E-4	1.733E-4	1.287E-4	0.0	0.0	0.0	1.196E-4	0.0016823	0.0028918	0.0013125	1.126E-4	0.0	0.0	0.0	0.0015	0.0	0.0	0.0	0.0	0.0	0.0	0.0	0.0	0.0	0.0	0.0	6.536E-4	0.0010265	0.0011294	5.214E-4	2.357E-4	1.399E-4	1.7E-4	0.0	3.865E-4	5.347E-4	3.795E-4	3.736E-4	2.155E-4	
ニシオジロビタキ (<em class="sci">Ficedula parva</em>)	0.0056433	0.005372	0.0033625	0.0047007	0.0054798	0.0039452	0.0017562	0.0028462	0.001473	0.002448	0.00104	7.72E-4	4.879E-4	4.608E-4	1.402E-4	1.196E-4	5.608E-4	8.262E-4	1.458E-4	1.126E-4	0.0	0.0	0.0	0.0	0.0	0.0	0.0	0.0	0.0	0.0	0.0	0.0	0.0	0.0	0.0	0.0	0.0	6.454E-4	0.0010428	0.0012961	0.0016788	5.099E-4	6.601E-4	0.0011596	0.0026733	0.0034156	0.0041091	0.0051713	
オジロビタキ／ニシオジロビタキ (<em class="sci">Ficedula albicilla/parva</em>)	0.0	0.0	0.0	0.0	0.0	0.0	0.0	0.0	0.0	0.0	0.0	0.0	0.0	0.0	0.0	0.0	2.804E-4	0.0	0.0	0.0	0.0	0.0	0.0	0.0	0.0	0.0	0.0	0.0	0.0	0.0	0.0	0.0	0.0	0.0	0.0	0.0015	0.0	6.454E-4	6.952E-4	3.535E-4	1.399E-4	1.7E-4	1.65E-4	0.0	0.0	0.0	0.0	0.0	
マダラヒタキ (<em class="sci">Ficedula hypoleuca</em>)	0.0	0.0	0.0	0.0	0.0	0.0	0.0	0.0	0.0	0.0	0.0	0.0	0.0	0.0	0.0	0.0	0.0	0.0	0.0	0.0	0.0	0.0	0.0	0.0	0.0	0.0	0.0	0.0	0.0	0.0	0.0	0.0	0.0	0.0	0.0	0.0	2.053E-4	0.0015	0.0	1.178E-4	0.0	0.0	0.0	0.0	0.0	0.0	0.0	0.0	
キビタキ属 (<em class="sci">Ficedula sp.</em>)	0.0015	0.0	0.0	0.0	0.0	0.0	0.0	0.0	0.0	0.0	0.0	0.0	0.0	0.0	0.0015	1.196E-4	0.0	0.0	0.0	1.126E-4	0.0	0.0	0.0	0.0	0.0	0.0	0.0	0.0	5.821E-4	2.802E-4	0.0	1.901E-4	2.379E-4	2.504E-4	2.373E-4	3.268E-4	8.212E-4	0.0	0.0	1.178E-4	1.399E-4	0.0	0.0	0.0	0.0	0.0	0.0	0.0	
セアカジョウビタキ (<em class="sci">Phoenicurus erythronotus</em>)	0.0	0.0	0.0	0.0	0.0	0.0	0.0	0.0	0.0	0.0	0.0	0.0	0.0	0.0	0.0	0.0	0.0	0.0	0.0	0.0	0.0	0.0	0.0	0.0	0.0	0.0	0.0	0.0	0.0	0.0	0.0	0.0	0.0	0.0	0.0	0.0	0.0	0.0	1.738E-4	0.0	0.0	0.0	0.0	0.0	0.0	0.0	0.0	0.0	
シロビタイジョウビタキ (<em class="sci">Phoenicurus phoenicurus</em>)	0.0	0.0	0.0	0.0	0.0	0.0	0.0	0.0	0.0	0.0	0.0	0.0	0.0	0.0	0.0	0.0	0.0	0.0	0.0	0.0	0.0	0.0	0.0	0.0	0.0	0.0	0.0	0.0	0.0	0.0	0.0	0.0	0.0	0.0	0.0	0.0	0.0	1.613E-4	0.0	0.0	0.0	0.0	0.0	0.0	0.0	0.0	0.0	0.0	
クロジョウビタキ (<em class="sci">Phoenicurus ochruros</em>)	0.0	0.0	0.0	0.0	0.0	0.0	0.0	0.0	0.0	0.0	0.0	0.0	1.626E-4	0.0	0.0	1.196E-4	1.402E-4	0.0	0.0	0.0	0.0	0.0	0.0	0.0	0.0	0.0	0.0	0.0	0.0	0.0	0.0	0.0	0.0	0.0	0.0	0.0	0.0	0.0	0.0	0.0	0.0	0.0	0.0	0.0	0.0	0.0	0.0	0.0	
ジョウビタキ (<em class="sci">Phoenicurus auroreus</em>)	0.2406571	0.219581	0.204842	0.2161358	0.2075953	0.2288234	0.2060588	0.19852	0.1770867	0.2059801	0.1840874	0.1343284	0.0535046	0.0225772	0.0109382	0.0157876	0.0238329	0.0110162	0.0100627	0.0059678	0.0036515	0.0058623	0.0074074	0.0055036	0.0053153	0.0059108	0.0058091	0.0052696	0.0058207	0.0039227	0.0066556	0.0015206	0.003568	0.0035053	0.0033223	0.0044118	0.0053377	0.0229106	0.0483142	0.1835749	0.2631505	0.2493202	0.2194719	0.1919856	0.1917662	0.1943074	0.1940605	0.2117001	
ジョウビタキ属 (<em class="sci">Phoenicurus sp.</em>)	0.0015	0.0	0.0	0.0	0.0	0.0	0.0	0.0	0.0	0.0	0.0	0.0	0.0	0.0	0.0	0.0	0.0	0.0	0.0	0.0	0.0	0.0	0.0	0.0	0.0	0.0	0.0	0.0	0.0	0.0	0.0	0.0	0.0	0.0	0.0	0.0	0.0	0.0	0.0	0.0	0.0	0.0	0.0	0.0	0.0	0.0	0.0	0.0	
ヒメイソヒヨ (<em class="sci">Monticola gularis</em>)	0.0	0.0	0.0	0.0	0.0	0.0	0.0	0.0	0.0	0.0	0.0	0.0	0.0	0.0	0.0	0.0	1.402E-4	0.0011016	4.375E-4	2.252E-4	0.0	0.0	0.0	0.0	0.0	0.0	0.0	0.0	0.0	0.0	0.0	0.0	0.0	0.0	0.0	0.0	0.0	1.613E-4	0.0	0.0	0.0	0.0	0.0	0.0	0.0	0.0	0.0	0.0	
イソヒヨドリ (<em class="sci">Monticola solitarius</em>)	0.0736142	0.064867	0.068729	0.0680161	0.0680515	0.0667208	0.0664423	0.0638964	0.0752864	0.0842805	0.0958572	0.1052496	0.1141649	0.1075104	0.116253	0.1074034	0.1094911	0.105756	0.0990229	0.0992005	0.0841593	0.0692133	0.0641975	0.052284	0.0446968	0.0478238	0.0439834	0.0429672	0.064901	0.0846175	0.1062119	0.1381867	0.1619886	0.1629945	0.1447556	0.1305556	0.1250257	0.1247177	0.1148766	0.0867209	0.070789	0.0667913	0.0623762	0.0623631	0.0632686	0.057685	0.0610758	0.0642103	
マミジロノビタキ (<em class="sci">Saxicola rubetra</em>)	0.0	0.0	0.0	0.0	0.0	0.0	0.0	0.0	0.0	0.0	0.0	0.0	0.0	0.0	0.0	0.0	0.0	0.0	0.0	0.0	0.0	0.0	0.0	0.0	0.0	0.0	0.0	0.0	0.0	0.0	0.0015	0.0	0.0	0.0	0.0	6.536E-4	0.0016424	0.0	0.0	0.0	0.0015	0.0	0.0	0.0	0.0	0.0	0.0	0.0	
ノビタキ (<em class="sci">Saxicola stejnegeri</em>)	2.508E-4	2.686E-4	0.0015	9.59E-5	1.274E-4	0.0	1.463E-4	1.423E-4	1.637E-4	3.497E-4	0.00104	0.0029593	0.0073183	0.0251881	0.0229982	0.0351633	0.0356091	0.0249243	0.0246463	0.0401982	0.057903	0.0661876	0.0547325	0.0471473	0.0437304	0.0282106	0.0279391	0.0222943	0.023865	0.0238162	0.0191348	0.0212887	0.0166508	0.0150225	0.0227812	0.0431373	0.0525559	0.0635689	0.044317	0.0256863	0.0085339	5.099E-4	3.3E-4	1.288E-4	3.564E-4	3.795E-4	3.736E-4	2.155E-4	
シベリアノビタキ／ノビタキ (<em class="sci">Saxicola maurus/stejnegeri</em>)	0.0	0.0	0.0	0.0	0.0	0.0	0.0	0.0	0.0	0.0	0.0	0.0	0.0	0.0	0.0	0.0	0.0	0.0	0.0	0.0	0.0	0.0	0.0	0.0	0.0	0.0	0.0	0.0	0.0	0.0	0.0	0.0	0.0	0.0	0.0	0.0	0.0	0.0	0.0	0.0	1.399E-4	0.0	0.0	0.0	0.0	0.0	0.0	0.0	
ヤマザキヒタキ (<em class="sci">Saxicola ferreus</em>)	0.0	0.0	0.0	0.0	0.0	0.0	0.0	0.0	0.0	0.0	0.0	0.0	1.626E-4	0.0	0.0	0.0	1.402E-4	0.0	0.0	0.0	0.0	0.0	0.0	0.0	0.0	0.0	0.0	0.0	0.0	0.0	0.0	0.0	0.0	0.0	0.0	0.0	0.0	0.0	0.0	0.0	0.0	0.0	0.0	0.0	0.0	0.0	0.0	0.0	
ハシグロヒタキ (<em class="sci">Oenanthe oenanthe</em>)	0.0	0.0	0.0	0.0	0.0	0.0	0.0	0.0	0.0	0.0	0.0	0.0	0.0	0.0	0.0	4.784E-4	0.0015421	0.0015	0.0	0.0	0.0	0.0	0.0	0.0	0.0	0.0	0.0	0.0	0.0	0.0	2.773E-4	0.0	2.379E-4	0.0	0.0	0.0013072	0.0015	0.0	0.0	0.0	0.0	0.0	0.0	0.0	0.0	0.0	0.0	0.0	
イナバヒタキ (<em class="sci">Oenanthe isabellina</em>)	0.0	0.0	0.0	0.0	0.0	0.0	0.0	0.0	0.0	0.0	0.0	0.0	0.0	0.0	0.0	0.0	0.0	0.0	0.0015	0.0	0.0	0.0	0.0	0.0	0.0	0.0	0.0	0.0	0.0	0.0	0.0	0.0	0.0	0.0	0.0	0.0	0.0015	0.0	0.0	0.0	0.0	0.0	0.0	0.0	0.0	0.0	0.0	0.0	
サバクヒタキ (<em class="sci">Oenanthe deserti</em>)	3.762E-4	6.715E-4	0.0	1.919E-4	0.0	0.0	0.0	0.0	0.0	0.0	0.0	0.0	0.0	0.0015	0.0	0.0	2.804E-4	0.0	0.0	0.0	0.0	0.0	0.0	0.0	0.0	0.0	0.0	0.0	0.0	0.0	0.0	0.0	0.0	0.0	0.0	0.0	0.0	4.84E-4	0.0019117	1.178E-4	0.0	0.0	4.95E-4	5.154E-4	1.782E-4	1.898E-4	5.603E-4	5.387E-4	
セグロサバクヒタキ (<em class="sci">Oenanthe pleschanka</em>)	0.0015	0.0	0.0	0.0	0.0	0.0	0.0	0.0	0.0	0.0	0.0	0.0	0.0	0.0	0.0	1.196E-4	2.804E-4	1.377E-4	0.0	0.0	0.0	0.0	0.0	0.0	0.0	0.0	0.0	0.0	0.0	0.0	0.0	0.0	0.0	0.0	0.0	3.268E-4	0.0	0.0	0.0	0.0	0.0	0.0	0.0	0.0	0.0	0.0	0.0	0.0	
ヒタキ科 (<em class="sci">Muscicapidae sp.</em>)	0.0015	1.343E-4	0.0015	0.0	0.0	0.0	0.0	1.423E-4	0.0	0.0	1.733E-4	1.287E-4	1.626E-4	0.0	0.0	2.392E-4	7.01E-4	0.0	0.0015	0.0015	0.0	0.0	0.0	0.0	0.0	0.0	0.0	2.027E-4	2.91E-4	2.802E-4	8.319E-4	0.0	2.379E-4	0.0	7.119E-4	0.0013072	0.0012318	0.0019361	8.69E-4	2.357E-4	1.399E-4	0.0	3.3E-4	0.0	0.0	0.0015	1.868E-4	0.0015	
キレンジャク (<em class="sci">Bombycilla garrulus</em>)	0.0013795	0.0010744	0.001614	0.0016309	0.0028036	0.0039452	0.0043905	0.0042692	0.0047463	0.0045462	0.0048535	0.0036027	0.0017889	0.0023038	7.012E-4	0.0023921	0.0029441	0.0024787	2.917E-4	0.0	0.0	0.0	0.0	0.0	0.0	0.0	0.0	0.0	0.0	0.0	0.0	0.0	0.0	0.0	0.0	0.0	0.0	1.613E-4	3.476E-4	0.0029457	0.0018187	0.0011897	0.0011551	9.019E-4	0.0014258	0.001518	7.471E-4	0.0018315	
ヒレンジャク (<em class="sci">Bombycilla japonica</em>)	0.0022573	0.0033575	0.004842	0.0072909	0.0062444	0.0091669	0.009659	0.01295	0.012766	0.0131142	0.0097071	0.0072054	0.0047162	0.007065	0.0036461	0.0047841	0.0061685	0.0042688	0.00175	6.756E-4	0.0	0.0	0.0	0.0	0.0	0.0	0.0	0.0	0.0	0.0	0.0	0.0	0.0	0.0	0.0	3.268E-4	4.106E-4	0.0022588	0.0013903	0.0025922	0.0018187	8.498E-4	9.901E-4	0.0014173	0.0010693	0.001518	9.339E-4	0.002047	
キレンジャク／ヒレンジャク (<em class="sci">Bombycilla garrulus/japonica</em>)	0.0	0.0	0.0	0.0	0.0	0.0	0.0	0.0	1.637E-4	0.0	0.0	1.287E-4	0.0	0.0	0.0	0.0	0.0	0.0	0.0	0.0	0.0	0.0	0.0	0.0	0.0	0.0	0.0	0.0	0.0	0.0	0.0	0.0	0.0	0.0	0.0	0.0	0.0	0.0	0.0	0.0	0.0	0.0	0.0	0.0	0.0	0.0	0.0	0.0	
ブンチョウ (<em class="sci">Padda oryzivora</em>)	0.0	0.0	0.0	0.0	0.0	0.0	0.0	0.0	0.0	0.0	0.0	0.0	0.0	0.0	0.0	0.0	0.0	0.0	0.0	0.0	0.0	0.0	0.0	0.0	0.0	0.0	0.0	2.027E-4	0.0	0.0	0.0	0.0	0.0	0.0	0.0	0.0	0.0	0.0	0.0	0.0	0.0	1.7E-4	0.0	0.0	0.0	0.0	0.0	0.0	
シマキンパラ (<em class="sci">Lonchura punctulata</em>)	0.0030098	0.0018802	0.002421	0.0024942	0.0028036	0.0024368	0.0017562	0.0017077	0.0018003	0.0027977	0.0031201	0.002316	0.0022768	0.0041468	0.0056093	0.0039469	0.0039254	0.0042688	0.0045209	0.005067	0.0036515	0.0022693	0.0047325	0.0023849	0.0043489	0.0048361	0.0038728	0.0060803	0.0064028	0.0100869	0.009706	0.0125451	0.0152236	0.0082624	0.0128144	0.0080065	0.0065695	0.0100032	0.0088634	0.006834	0.0062955	0.0054385	0.0049505	0.0074733	0.006416	0.0026565	0.0028016	0.0024779	
コシジロキンパラ (<em class="sci">Lonchura striata</em>)	0.0	0.0	1.345E-4	0.0	0.0	0.0	0.0	0.0	0.0	0.0	0.0	1.287E-4	0.0	0.0	0.0	0.0	0.0	0.0	0.0	0.0	0.0	0.0	0.0	0.0015	0.0	0.0	0.0	0.0	0.0	0.0	0.0	1.901E-4	2.379E-4	0.0	0.0	0.0	2.053E-4	0.0	0.0	0.0	4.197E-4	1.7E-4	1.65E-4	2.577E-4	1.782E-4	3.795E-4	0.0	0.0015	
ギンパラ (<em class="sci">Lonchura malacca</em>)	0.0	0.0	0.0	0.0	0.0	0.0	0.0	0.0	0.0	0.0	0.0	0.0	0.0	0.0	0.0	0.0	0.0	0.0	0.0	0.0	0.0	0.0	0.0	0.0	0.0	0.0	0.0015	0.0	0.0	0.0	0.0	0.0	0.0	0.0	0.0	0.0	0.0	0.0	0.0	0.0	0.0	0.0	0.0	0.0	0.0	0.0	0.0	0.0	
キンパラ (<em class="sci">Lonchura atricapilla</em>)	0.0	0.0	2.69E-4	3.837E-4	2.549E-4	0.0	1.463E-4	0.0	0.0015	0.0015	0.0015	1.287E-4	1.626E-4	4.608E-4	0.0	1.196E-4	1.402E-4	1.377E-4	4.375E-4	3.378E-4	0.0015	1.891E-4	2.058E-4	0.0	7.248E-4	0.0	0.0	0.0	0.0015	0.0	5.546E-4	1.901E-4	7.136E-4	5.008E-4	2.373E-4	3.268E-4	4.106E-4	8.067E-4	3.476E-4	0.0	2.798E-4	0.0	0.0	2.577E-4	0.0	0.0	0.0	0.0	
ヘキチョウ (<em class="sci">Lonchura maja</em>)	0.0	0.0	0.0	0.0	0.0	0.0	0.0	0.0	0.0	0.0	0.0	0.0	0.0	0.0	0.0	0.0	0.0	0.0	1.458E-4	0.0	0.0	0.0	0.0	0.0	0.0	0.0	0.0015	0.0	0.0	0.0	0.0	0.0	0.0	2.504E-4	0.0	1.634E-4	0.0	3.227E-4	0.0	0.0	0.0	0.0	0.0	0.0	0.0	0.0	0.0	0.0	
キンパラ属 (<em class="sci">Lonchura sp.</em>)	0.0	0.0	0.0	0.0	0.0	0.0	0.0	0.0	0.0	0.0	0.0	0.0	0.0	0.0	0.0	0.0	1.402E-4	0.0	0.0	0.0	0.0	0.0	0.0	0.0	0.0	0.0	0.0	0.0	2.91E-4	0.0	2.773E-4	1.901E-4	0.0	2.504E-4	2.373E-4	1.634E-4	0.0	0.0	1.738E-4	0.0	0.0	0.0	0.0	0.0015	0.0	0.0	0.0	0.0	
ベニスズメ (<em class="sci">Amandava amandava</em>)	0.0	0.0	0.0	0.0	0.0	0.0	0.0	0.0	0.0	0.0	0.0	0.0	0.0	0.0	0.0	0.0	0.0	0.0	0.0	0.0	0.0	0.0	0.0	0.0	0.0	0.0	0.0015	0.0	0.0	0.0	0.0	0.0	0.0	0.0	0.0	1.634E-4	4.106E-4	0.0	0.0	0.0	0.0	0.0	0.0	0.0	0.0	0.0	0.0	0.0	
テンニンチョウ (<em class="sci">Vidua macroura</em>)	0.0	0.0	0.0	0.0	0.0	0.0	0.0	0.0	0.0	0.0	0.0	0.0	0.0	0.0	0.0	0.0	0.0	0.0	0.0	0.0	0.0	0.0	0.0	0.0	0.0	0.0	0.0	0.0	0.0	0.0	0.0	0.0	0.0	0.0	0.0	0.0	0.0	0.0	0.0	0.0015	0.0	0.0	0.0	0.0	0.0	0.0	0.0	0.0	
イワヒバリ (<em class="sci">Prunella collaris</em>)	0.0015	2.686E-4	4.035E-4	7.675E-4	0.0015	6.962E-4	7.317E-4	2.846E-4	1.637E-4	5.246E-4	3.467E-4	0.0	0.0	1.536E-4	2.805E-4	5.98E-4	1.402E-4	0.0015	0.0011667	0.0013512	0.0013911	0.0024584	0.0024691	0.002018	0.0048321	0.0034927	0.0058091	0.0066883	0.0040745	0.005884	0.0049917	0.0032313	0.0028544	0.002003	0.0037969	0.0013072	0.0014371	3.227E-4	6.952E-4	7.07E-4	1.399E-4	3.399E-4	1.65E-4	0.0	0.0	0.0	1.868E-4	1.077E-4	
ヤマヒバリ (<em class="sci">Prunella montanella</em>)	1.254E-4	0.0	0.0	0.0	0.0	0.0015	0.0015	0.0	1.637E-4	0.0015	1.733E-4	1.287E-4	0.0	1.536E-4	0.0	1.196E-4	0.0	0.0	0.0	0.0	0.0	0.0	0.0	0.0	0.0	0.0	0.0	0.0	0.0	0.0	0.0	0.0	0.0	0.0	0.0	0.0	0.0	0.0019361	0.0017379	0.0025922	0.0016788	0.0	0.0	0.0	0.0	0.0	0.0	0.0	
カヤクグリ (<em class="sci">Prunella rubida</em>)	0.0042639	0.0068493	0.0071284	0.0088258	0.0066267	0.0083546	0.0099517	0.0085385	0.004419	0.0040217	0.0027734	0.0012867	0.0017889	0.0015	2.805E-4	5.98E-4	0.0018225	8.262E-4	0.0037917	0.0043914	0.0034777	0.0073752	0.0065844	0.0053201	0.0067649	0.0067168	0.0080221	0.007499	0.0064028	0.007285	0.0033278	0.0032313	0.0028544	0.0027541	0.0059326	0.0022876	0.002053	0.0016134	0.0012165	0.0015318	0.0020985	0.0025493	0.0016502	0.0018039	0.0019604	0.0047438	0.0042959	0.0047404	
ニュウナイスズメ (<em class="sci">Passer cinnamomeus</em>)	0.0038876	0.0095353	0.0095494	0.0059478	0.0103224	0.0105593	0.00922	0.0075423	0.002946	0.0033223	0.0039868	0.0041173	0.0039031	0.0064506	0.0095358	0.0129171	0.0221506	0.0214817	0.0192504	0.0201554	0.025213	0.0270424	0.0220165	0.0209136	0.0166707	0.0134336	0.0096819	0.0060803	0.0087311	0.0050434	0.0038824	0.0017107	0.0023787	0.0015023	9.492E-4	0.0035948	0.002053	0.0012907	0.0031283	0.0029457	0.0054561	0.0039089	0.0029703	0.0041232	0.0051684	0.0032258	0.0054165	0.0045249	
スズメ (<em class="sci">Passer montanus</em>)	0.3871332	0.3666398	0.339072	0.3561972	0.3621766	0.3616848	0.3658715	0.3567668	0.3836334	0.4194789	0.4134165	0.4503345	0.4714588	0.4650591	0.4624877	0.490372	0.4664237	0.5126687	0.4994896	0.4862065	0.4844375	0.4905446	0.4985597	0.5028435	0.5047113	0.5048361	0.5125864	0.5182408	0.5340512	0.5021014	0.5205214	0.4964836	0.4507612	0.4569354	0.4352159	0.4143791	0.4058715	0.4188448	0.4144943	0.4308943	0.4254337	0.4136642	0.3863036	0.3759825	0.3901265	0.3817837	0.4004483	0.3847231	
イワミセキレイ (<em class="sci">Dendronanthus indicus</em>)	2.508E-4	1.343E-4	5.38E-4	0.0015	1.274E-4	2.321E-4	8.781E-4	4.269E-4	0.0015	0.0	0.0	0.0	0.0	3.072E-4	0.0	0.0	1.402E-4	6.885E-4	0.0	1.126E-4	0.0	0.0	0.0	0.0	0.0	0.0	0.0	0.0	0.0	0.0	0.0	0.0	0.0	2.504E-4	0.0015	4.902E-4	4.106E-4	3.227E-4	0.0	0.0	0.0	0.0	0.0	1.288E-4	0.0	1.898E-4	0.0	2.155E-4	
キセキレイ (<em class="sci">Motacilla cinerea</em>)	0.1162528	0.1012624	0.0952253	0.0931504	0.0930292	0.0919007	0.0840041	0.0740003	0.0782324	0.0786851	0.0847634	0.0737262	0.0652139	0.0614345	0.0549713	0.0602799	0.0654703	0.0548058	0.0631471	0.0655332	0.0639889	0.0624054	0.0604938	0.0653091	0.0533945	0.0478238	0.042047	0.0405351	0.0375437	0.0414682	0.0291181	0.036495	0.0418649	0.0538307	0.0766493	0.1009804	0.1088072	0.1356889	0.1268683	0.1271356	0.1070229	0.1113188	0.110396	0.1096508	0.1162003	0.1028463	0.0971236	0.0995475	
ニシツメナガセキレイ (<em class="sci">Motacilla flava</em>)	0.0	0.0	0.0	0.0	0.0	0.0	0.0	0.0	0.0	0.0	0.0	0.0	0.0	0.0	0.0	0.0	2.804E-4	4.131E-4	0.0	0.0	0.0	0.0	0.0	0.0	0.0	0.0	0.0	0.0	0.0	0.0	0.0	0.0	0.0	0.0	0.0	0.0	0.0	0.0	0.0	0.0	0.0	0.0	0.0	0.0	0.0	0.0	0.0	0.0	
ツメナガセキレイ (<em class="sci">Motacilla tschutschensis</em>)	0.0070228	0.0036261	0.00269	0.0030698	0.0034408	0.0034811	0.002927	0.0019923	0.0026187	0.004896	0.0069336	0.0048893	0.0021142	0.002611	0.002384	0.0055017	0.0082714	0.0060589	0.0030626	0.001126	0.0022605	0.0011346	0.0028807	0.0022014	0.0028993	0.0013434	0.0015	4.054E-4	2.91E-4	0.0	8.319E-4	0.0066527	0.0137964	0.0157737	0.0284765	0.0169935	0.0073907	0.0079058	0.0059089	0.0089549	0.0062955	0.0047587	0.0026403	0.0032212	0.0035644	0.0017078	0.0026149	0.0034475	
ニシツメナガセキレイ／ツメナガセキレイ (<em class="sci">Motacilla flava/tschutschensis</em>)	0.0	0.0	0.0	0.0	0.0	0.0	0.0	0.0	0.0	0.0	0.0	0.0	0.0	0.0	0.0	0.0	2.804E-4	1.377E-4	0.0	0.0	0.0	0.0	0.0	0.0	0.0	0.0	0.0	0.0	0.0	0.0	0.0	0.0	0.0	0.0	0.0	0.0	0.0	0.0	0.0	0.0	0.0	0.0	0.0	0.0	0.0	0.0	0.0	0.0	
キガシラセキレイ (<em class="sci">Motacilla citreola</em>)	0.0	2.686E-4	1.345E-4	9.59E-5	3.823E-4	0.0	0.0	0.0	1.637E-4	0.0	0.0	0.0015	8.131E-4	6.143E-4	0.0015	5.98E-4	7.01E-4	4.131E-4	5.833E-4	0.0	0.0	0.0	0.0	0.0	0.0	0.0	0.0	0.0	0.0	0.0	0.0	0.0	0.0	0.0	0.0	1.634E-4	0.0	0.0	5.214E-4	2.357E-4	0.0	0.0	0.0	0.0	0.0	0.0	0.0	6.464E-4	
セグロセキレイ (<em class="sci">Motacilla grandis</em>)	0.1744419	0.1520279	0.139072	0.1468726	0.1399261	0.1411	0.1273233	0.1232389	0.1175123	0.1180276	0.1178714	0.1165723	0.107985	0.1091998	0.1012481	0.090061	0.0800505	0.0789039	0.0850226	0.0797208	0.0792906	0.0743192	0.0802469	0.0731976	0.0739309	0.0711983	0.0627939	0.0595865	0.0826542	0.0910619	0.087909	0.0916176	0.1070409	0.1169254	0.1134314	0.1197712	0.1295422	0.1547273	0.1529371	0.1613055	0.1533296	0.1794697	0.1684818	0.1624791	0.1662805	0.1669829	0.1604408	0.166128	
ハクセキレイ (<em class="sci">Motacilla alba</em>)	0.4382995	0.4133763	0.3722932	0.386416	0.3778514	0.3521699	0.3335285	0.3395475	0.3528642	0.3747159	0.3612411	0.3394236	0.3109449	0.276916	0.2570467	0.2657577	0.2557129	0.2391903	0.2257547	0.2203581	0.2298731	0.227118	0.2259259	0.2361035	0.2232423	0.2254164	0.2235131	0.2251723	0.2444703	0.2300364	0.2401553	0.2638282	0.2642721	0.2859289	0.2880873	0.3199346	0.3389448	0.368506	0.377129	0.3876517	0.4010912	0.4175731	0.4057756	0.4075506	0.4252361	0.4149905	0.4295854	0.4213532	
セキレイ属 (<em class="sci">Motacilla sp.</em>)	0.0023827	6.715E-4	0.0017485	0.0016309	7.646E-4	0.0015085	0.0021952	0.0022769	0.001964	0.0017486	0.00104	0.003088	9.758E-4	0.0023038	0.0025242	0.0021529	0.0014019	0.0028918	0.0023334	0.0023646	0.0027821	0.001702	0.0012346	0.0029352	0.0038657	8.06E-4	0.002213	0.0028375	0.0034924	0.0039227	0.0049917	0.002471	0.0016651	0.0032549	0.0026103	0.0037582	0.0036953	0.0032268	0.00504	0.0050666	0.0026581	0.0040789	0.0016502	0.0041232	0.0019604	0.0032258	0.001681	0.0022624	
マミジロタヒバリ (<em class="sci">Anthus richardi</em>)	3.762E-4	1.343E-4	0.0	2.878E-4	5.097E-4	5.802E-4	2.927E-4	0.0012808	3.273E-4	5.246E-4	1.733E-4	7.72E-4	0.0	4.608E-4	4.207E-4	7.176E-4	0.0039254	0.0012393	7.292E-4	1.126E-4	0.0	0.0	0.0	0.0	0.0	0.0	0.0	0.0	0.0	0.0	0.0	0.0	0.0015	0.0	4.746E-4	0.0017974	0.0010265	0.0014521	5.214E-4	1.178E-4	1.399E-4	1.7E-4	1.65E-4	0.0015	1.782E-4	5.693E-4	5.603E-4	0.0010774	
コマミジロタヒバリ (<em class="sci">Anthus godlewskii</em>)	0.0	0.0	0.0	0.0	0.0	0.0	0.0	0.0	0.0	0.0	0.0	0.0	0.0	0.0	0.0	0.0	5.608E-4	0.0017901	0.0	1.126E-4	0.0	0.0	0.0	0.0	0.0	0.0	0.0	0.0	0.0	0.0	0.0	0.0	0.0	0.0	0.0	0.0	0.0	0.0	0.0	1.178E-4	0.0	0.0	0.0	0.0	0.0	0.0	0.0	0.0	
マキバタヒバリ (<em class="sci">Anthus pratensis</em>)	0.0	0.0	0.0	0.0	0.0	0.0	0.0	0.0	0.0	1.749E-4	0.0	1.287E-4	0.0	0.0	0.0	0.0	0.0	0.0	0.0	0.0	0.0	0.0	0.0	0.0	0.0	0.0	0.0	0.0	0.0	0.0	0.0	0.0	0.0	0.0	0.0	0.0	0.0	0.0	0.0	0.0	0.0	0.0	0.0	0.0	0.0	0.0	3.736E-4	0.0	
ヨーロッパビンズイ (<em class="sci">Anthus trivialis</em>)	0.0	0.0	0.0	0.0	0.0	0.0	0.0	0.0	0.0	0.0	0.0	0.0	0.0	0.0	0.0	2.392E-4	0.0012617	6.885E-4	2.917E-4	2.252E-4	0.0	0.0	0.0	0.0	0.0	0.0	0.0	0.0	0.0	0.0	0.0	0.0	0.0	0.0	0.0	6.536E-4	6.159E-4	4.84E-4	5.214E-4	5.891E-4	0.0	0.0	0.0	0.0	0.0	0.0	0.0	0.0	
ビンズイ (<em class="sci">Anthus hodgsoni</em>)	0.0173062	0.0196078	0.0162744	0.0216807	0.0217918	0.0208865	0.019318	0.0193539	0.0139116	0.0190593	0.0149073	0.0160834	0.0102456	0.0136692	0.0173889	0.0257146	0.033366	0.019003	0.0131253	0.0103592	0.0107807	0.0117247	0.0179012	0.0126582	0.0137714	0.0099409	0.0091286	0.0091204	0.0061118	0.0064444	0.0047144	0.004942	0.0033302	0.0015023	0.0035596	0.0081699	0.011086	0.0219426	0.017553	0.0146106	0.0097929	0.010537	0.0115512	0.0122407	0.0133666	0.0125237	0.0115801	0.0198233	
セジロタヒバリ (<em class="sci">Anthus gustavi</em>)	0.0	0.0	0.0	9.59E-5	1.274E-4	0.0	0.0	0.0	1.637E-4	0.0	0.0	0.0	0.0	0.0	0.0	0.0015	0.0	0.0	0.0	0.0	0.0	0.0	0.0	0.0	0.0	0.0	0.0	0.0	0.0	0.0	0.0	0.0	0.0	0.0	2.373E-4	0.0015	0.0015	8.067E-4	0.0	2.357E-4	0.0	0.0	0.0	0.0	0.0	0.0	0.0	0.0	
ムネアカタヒバリ (<em class="sci">Anthus cervinus</em>)	0.0028844	0.0032232	0.002421	0.0016309	0.0030585	0.003365	0.0023416	0.0021346	0.0021277	0.0015737	0.0029468	0.0032167	0.0014637	0.0029181	0.0014023	0.0059801	0.0064489	0.0033049	2.917E-4	1.126E-4	0.0	0.0	0.0	0.0	0.0	0.0	0.0	0.0	0.0	0.0	0.0	1.901E-4	0.0	5.008E-4	9.492E-4	4.902E-4	0.0030794	0.0080671	0.0052138	0.0049487	0.0018187	5.099E-4	0.0018152	9.019E-4	0.0010693	0.0013283	0.0024281	0.0031243	
サメイロタヒバリ (<em class="sci">Anthus spinoletta</em>)	0.0	0.0	0.0	0.0	0.0	1.16E-4	0.0	0.0	0.0	0.0	0.0	0.0	0.0	1.536E-4	0.0	0.0	1.402E-4	0.0	0.0	0.0	0.0	0.0	0.0	0.0	0.0	0.0	0.0	0.0	0.0	0.0	0.0	0.0	0.0	0.0	0.0	0.0	0.0	0.0	0.0	0.0	0.0	0.0	0.0	0.0	0.0	0.0	0.0	1.077E-4	
タヒバリ (<em class="sci">Anthus japonicus</em>)	0.066466	0.0647327	0.0570276	0.0535303	0.0559449	0.0548851	0.0480023	0.0505194	0.0360065	0.038818	0.0379615	0.0308801	0.0237437	0.0218092	0.0168279	0.0132759	0.0096733	0.0046819	0.0013125	2.252E-4	0.0	0.0	0.0	0.0	0.0	0.0	0.0	0.0	0.0	0.0	0.0	0.0	2.379E-4	5.008E-4	0.0014238	0.0039216	0.0100595	0.0177477	0.0198123	0.0240368	0.0365137	0.0467369	0.0481848	0.0497359	0.0511495	0.0518027	0.0592081	0.0576384	
タヒバリ属 (<em class="sci">Anthus sp.</em>)	3.762E-4	2.686E-4	9.415E-4	2.878E-4	6.372E-4	8.123E-4	0.0010244	7.115E-4	9.82E-4	8.743E-4	0.0012134	6.433E-4	3.253E-4	4.608E-4	2.805E-4	0.0	2.804E-4	5.508E-4	0.0	1.126E-4	0.0	0.0	0.0	0.0	0.0	0.0	0.0	0.0	0.0	0.0	0.0	1.901E-4	0.0	0.0	7.119E-4	8.17E-4	2.053E-4	3.227E-4	1.738E-4	2.357E-4	8.394E-4	8.498E-4	8.251E-4	0.0011596	0.001604	9.488E-4	0.0018678	6.464E-4	
アトリ (<em class="sci">Fringilla montifringilla</em>)	0.0382493	0.0342466	0.0341627	0.041251	0.0393781	0.0362033	0.0458071	0.0408425	0.0351882	0.0353209	0.032588	0.0353834	0.0291104	0.0261097	0.0190717	0.0193757	0.0288799	0.0121179	0.0040834	9.008E-4	0.0	0.0	0.0	0.0	0.0	0.0	0.0	0.0	0.0	0.0	0.0	0.0	0.0	0.0015	0.0015	0.0109477	0.0164237	0.0285576	0.0363226	0.0392365	0.0302182	0.024983	0.0206271	0.0233217	0.0238817	0.0278937	0.0291371	0.0340444	
シメ (<em class="sci">Coccothraustes coccothraustes</em>)	0.0904189	0.0871609	0.0828514	0.0868189	0.082197	0.0786725	0.0788819	0.0745695	0.0630115	0.0577024	0.0521754	0.0443901	0.0468369	0.0468438	0.0473987	0.0388709	0.0346278	0.0194161	0.0109377	0.0085576	0.0066075	0.0047277	0.0022634	0.0044029	0.0038657	0.0029554	0.0024896	0.0012161	0.0032014	0.0061642	0.004437	0.004942	0.0047574	0.0025038	0.005458	0.0068627	0.0112913	0.0167796	0.0187696	0.0283964	0.0316172	0.042998	0.0437294	0.0534725	0.0639815	0.0694497	0.0752708	0.073691	
コイカル (<em class="sci">Eophona migratoria</em>)	3.762E-4	4.029E-4	6.725E-4	9.593E-4	0.0015292	0.0016245	0.0020489	0.0017077	8.183E-4	0.001224	3.467E-4	0.0012867	0.0011384	6.143E-4	5.609E-4	7.176E-4	0.0016823	0.0028918	7.292E-4	3.378E-4	0.0	0.0	0.0	0.0	0.0	0.0	0.0	0.0	0.0	0.0	0.0	0.0	0.0	0.0	2.373E-4	0.0017974	4.106E-4	1.613E-4	6.952E-4	1.178E-4	1.399E-4	0.0	1.65E-4	2.577E-4	7.129E-4	0.0015	3.736E-4	5.387E-4	
イカル (<em class="sci">Eophona personata</em>)	0.0287183	0.0255171	0.0248823	0.0309862	0.029438	0.0343467	0.0351237	0.0328732	0.0327332	0.0304249	0.0299879	0.0311374	0.0282973	0.0320995	0.0347777	0.0295419	0.0389738	0.0375929	0.0333965	0.0290508	0.0248652	0.0253404	0.022428	0.0234819	0.0161875	0.0241805	0.0171508	0.0168221	0.0125146	0.0134491	0.0116473	0.0136856	0.0133206	0.016024	0.0142383	0.0171569	0.0143708	0.0214585	0.0191171	0.0221515	0.0153889	0.0152957	0.0135314	0.0150754	0.0160399	0.0208729	0.0196115	0.0215471	
アカマシコ (<em class="sci">Carpodacus erythrinus</em>)	0.0	0.0	0.0	0.0	1.274E-4	0.0	0.0	0.0	0.0	0.0	0.0	0.0	0.0	0.0	1.402E-4	4.784E-4	0.0015421	6.885E-4	2.917E-4	2.252E-4	1.739E-4	0.0	0.0	0.0	0.0	0.0	0.0	0.0	0.0	0.0	0.0	0.0	0.0	0.0	2.373E-4	0.0019608	8.212E-4	0.0027428	8.69E-4	3.535E-4	1.399E-4	0.0	0.0	0.0	0.0	0.0	0.0	0.0015	
ベニマシコ (<em class="sci">Carpodacus sibiricus</em>)	0.0361174	0.0350524	0.0338937	0.0319455	0.0282911	0.0306336	0.0260501	0.0328732	0.0240589	0.0279769	0.0234009	0.017756	0.0177265	0.0148979	0.0106577	0.0114819	0.012337	0.0100523	0.0094794	0.0161018	0.0283429	0.0259077	0.01893	0.0168776	0.0176371	0.0120903	0.0107884	0.0079043	0.0093132	0.0100869	0.0061009	0.0076031	0.0040438	7.511E-4	0.0021357	0.0037582	0.0045165	0.0074217	0.0090372	0.013668	0.0181869	0.0239633	0.0217822	0.0237083	0.028159	0.0324478	0.031752	0.0357682	
オオマシコ (<em class="sci">Carpodacus roseus</em>)	0.0030098	0.0020145	0.0030935	0.002878	0.0014018	0.0015085	0.0016098	0.0019923	9.82E-4	0.0015737	0.00104	3.86E-4	0.0015	0.0	1.402E-4	1.196E-4	2.804E-4	0.0015	1.458E-4	0.0	0.0	0.0	0.0	0.0	0.0	0.0	0.0	0.0	0.0	0.0	0.0	0.0	0.0	0.0	0.0	0.0	2.053E-4	0.0015	1.738E-4	0.0017674	5.596E-4	8.498E-4	0.0011551	0.0011596	0.0014258	0.0018975	0.0022413	0.0022624	
マシコ属 (<em class="sci">Carpodacus sp.</em>)	0.0	0.0	0.0	0.0	0.0	0.0	0.0	0.0	0.0	0.0	0.0	0.0	0.0	0.0	0.0	0.0	0.0	0.0	0.0	0.0	0.0	0.0	0.0	0.0	0.0	0.0	0.0	0.0	0.0	0.0	0.0	0.0	0.0	0.0	0.0	0.0	0.0	0.0	0.0	0.0	0.0	0.0	1.65E-4	0.0	0.0	0.0	0.0	0.0	
ギンザンマシコ (<em class="sci">Pinicola enucleator</em>)	1.254E-4	1.343E-4	4.035E-4	9.59E-5	0.0	0.0015	0.0015	0.0	1.637E-4	0.0	0.0	1.287E-4	1.626E-4	0.0	0.0	0.0	1.402E-4	0.0	1.458E-4	1.126E-4	0.0015649	0.0024584	0.0030864	0.0027518	0.0026576	0.0018807	0.0016598	8.107E-4	0.0011641	8.406E-4	5.546E-4	0.0015	4.757E-4	2.504E-4	0.0015	4.902E-4	0.0	4.84E-4	5.214E-4	2.357E-4	1.399E-4	0.0	6.601E-4	0.0	3.564E-4	1.898E-4	3.736E-4	4.309E-4	
ウソ (<em class="sci">Pyrrhula pyrrhula</em>)	0.0121645	0.0190706	0.0182919	0.019858	0.0141455	0.0140404	0.0180009	0.017077	0.011784	0.0117153	0.0083203	0.0070767	0.0071556	0.0050683	0.0039265	0.0052625	0.0068695	0.0034426	0.0055418	0.008445	0.0100852	0.008888	0.0072016	0.0113741	0.0089394	0.0083289	0.0096819	0.0093231	0.0087311	0.0084057	0.0069329	0.0043718	0.0030923	0.0025038	0.0033223	0.0022876	0.0018477	0.0032268	0.0052138	0.0082479	0.008394	0.0103671	0.0143564	0.0155908	0.013723	0.0119545	0.0136347	0.0147598	
ハギマシコ (<em class="sci">Leucosticte arctoa</em>)	0.002759	0.0048348	0.0075319	0.0078665	0.0089206	0.0106753	0.0071711	0.0101039	0.005892	0.002448	0.0015601	9.007E-4	8.131E-4	1.536E-4	5.609E-4	2.392E-4	2.804E-4	1.377E-4	0.0	0.0	3.478E-4	1.891E-4	0.0015	0.0015	0.0	5.373E-4	2.766E-4	0.0	0.0	2.802E-4	0.0	0.0	0.0	0.0	2.373E-4	3.268E-4	0.0	3.227E-4	0.0	2.357E-4	0.0025182	0.0030591	0.0037954	0.0023193	0.0021387	0.0045541	0.0056033	0.0047404	
カワラヒワ (<em class="sci">Chloris sinica</em>)	0.2109355	0.2022562	0.1917956	0.1876439	0.1851663	0.189139	0.2067906	0.20222	0.1968903	0.2238154	0.2187554	0.2354606	0.255814	0.2595607	0.2583088	0.2759239	0.2914622	0.2648031	0.2498177	0.2294787	0.2603026	0.2634266	0.2316872	0.2250963	0.2087461	0.206878	0.2019364	0.1631536	0.1507567	0.1409358	0.1397671	0.1212697	0.1034729	0.1036555	0.0968201	0.1022876	0.1047013	0.1340755	0.1458116	0.1608342	0.1663402	0.1845683	0.1772277	0.1738178	0.1753698	0.1944972	0.1914456	0.1981254	
ベニヒワ (<em class="sci">Acanthis flammea</em>)	0.002759	0.0034918	0.003228	0.0035495	0.0048426	0.0040613	0.0052685	0.0051231	0.002455	0.0020983	0.0019067	0.001158	0.0016263	0.0023038	7.012E-4	4.784E-4	0.0025235	1.377E-4	2.917E-4	1.126E-4	0.0	0.0	0.0	0.0	0.0	0.0	0.0	0.0	0.0	0.0	0.0	0.0	0.0	0.0	0.0	0.0	0.0	6.454E-4	0.0026069	0.0063627	0.0032177	0.0016995	0.0019802	0.0019327	0.0019604	0.0024668	0.0039223	0.0030166	
イスカ (<em class="sci">Loxia curvirostra</em>)	0.002759	8.058E-4	0.0014795	0.0022064	0.0012744	0.0016245	0.0026343	0.0027039	0.002455	0.0017486	0.0020801	0.0018013	0.0029273	0.0035325	0.0028047	0.0047841	0.0067293	0.0042688	0.0023334	0.0021394	6.955E-4	7.564E-4	8.23E-4	0.0012842	4.832E-4	2.687E-4	0.0015	0.0	0.0	2.802E-4	0.0	3.802E-4	2.379E-4	0.0	4.746E-4	3.268E-4	6.159E-4	0.0012907	0.004171	0.0089549	0.005596	0.0042488	0.0024752	0.0032212	0.0028515	0.0018975	9.339E-4	0.0017238	
ナキイスカ (<em class="sci">Loxia leucoptera</em>)	0.0	0.0	0.0	0.0	0.0	0.0	0.0	1.423E-4	0.0	0.0	1.733E-4	0.0	1.626E-4	0.0	0.0	0.0015	0.0	0.0	0.0	0.0	0.0	0.0	0.0	0.0	0.0	0.0	0.0	0.0	0.0	0.0	0.0	0.0	0.0	0.0	0.0	0.0	0.0	0.0	0.0	2.357E-4	2.798E-4	0.0	0.0	2.577E-4	0.0015	0.0	0.0	0.0	
マヒワ (<em class="sci">Spinus spinus</em>)	0.0121645	0.010744	0.0149294	0.0117038	0.0132535	0.0142725	0.0149276	0.0166501	0.0160393	0.013289	0.0142139	0.0147967	0.0131729	0.0147443	0.010237	0.0147112	0.0189261	0.0115671	0.0046668	0.0048418	0.0057381	0.001702	0.0041152	0.0012842	0.001208	0.0010747	8.299E-4	6.08E-4	0.0011641	8.406E-4	2.773E-4	3.802E-4	2.379E-4	0.0	7.119E-4	0.0021242	0.007596	0.0206518	0.022593	0.0229763	0.0183268	0.0125765	0.0128713	0.0100503	0.0130102	0.0096774	0.0085917	0.0116354	
アトリ科 (<em class="sci">Fringillidae sp.</em>)	2.508E-4	8.058E-4	8.07E-4	9.593E-4	6.372E-4	0.0010443	8.781E-4	4.269E-4	3.273E-4	6.994E-4	1.733E-4	6.433E-4	6.505E-4	4.608E-4	4.207E-4	2.392E-4	5.608E-4	2.754E-4	1.458E-4	2.252E-4	1.739E-4	7.564E-4	0.0	0.0	0.0	0.0015	0.0	2.027E-4	0.0	0.0	2.773E-4	1.901E-4	0.0	0.0	2.373E-4	1.634E-4	4.106E-4	4.84E-4	5.214E-4	7.07E-4	2.798E-4	6.798E-4	0.0013201	7.731E-4	8.911E-4	0.001518	3.736E-4	7.541E-4	
ツメナガホオジロ (<em class="sci">Calcarius lapponicus</em>)	3.762E-4	6.715E-4	1.345E-4	5.756E-4	2.549E-4	2.321E-4	4.39E-4	2.846E-4	3.273E-4	0.0015	0.0	0.0015	0.0	1.536E-4	1.402E-4	1.196E-4	0.0	0.0	0.0	0.0	0.0	0.0	0.0	0.0	0.0	0.0	0.0	0.0	0.0	0.0	0.0	0.0	0.0	0.0	0.0	8.17E-4	0.0022583	0.0024201	8.69E-4	0.0014139	2.798E-4	3.399E-4	4.95E-4	1.288E-4	0.0015	3.795E-4	1.868E-4	6.464E-4	
ユキホオジロ (<em class="sci">Plectrophenax nivalis</em>)	3.762E-4	0.001343	0.0014795	0.0011512	0.0021664	0.0018566	0.0011708	0.0012808	0.001473	5.246E-4	1.733E-4	0.0	1.626E-4	1.536E-4	1.402E-4	0.0	0.0	0.0	0.0	0.0	0.0	0.0	0.0	0.0	0.0	0.0	0.0	0.0	0.0	0.0	0.0	0.0	0.0	0.0	0.0	0.0	0.0	0.0	0.0	1.178E-4	5.596E-4	8.498E-4	4.95E-4	9.019E-4	7.129E-4	5.693E-4	0.001681	0.0011851	
ズグロチャキンチョウ (<em class="sci">Emberiza melanocephala</em>)	0.0	0.0	0.0	0.0	0.0	0.0	0.0	0.0	0.0	0.0	0.0	0.0	0.0	1.536E-4	0.0	1.196E-4	2.804E-4	1.377E-4	0.0	0.0	0.0	0.0	0.0	0.0	0.0	0.0	0.0	0.0	0.0	0.0	0.0	0.0	0.0	0.0	0.0	0.0	0.0	9.681E-4	0.0015	3.535E-4	0.0	0.0	0.0	0.0	0.0	0.0	0.0	0.0	
チャキンチョウ (<em class="sci">Emberiza bruniceps</em>)	0.0	0.0	0.0	0.0	0.0	0.0	0.0	0.0	0.0	0.0	0.0	0.0	0.0	0.0	0.0	0.0	0.0	0.0015	0.0	0.0	0.0	0.0	0.0	0.0	0.0	0.0	0.0	0.0	0.0	0.0	0.0	0.0	0.0	0.0	0.0	0.0	8.212E-4	0.0	0.0	1.178E-4	0.0	0.0	0.0	0.0	0.0	0.0	0.0	0.0	
ズグロチャキンチョウ／チャキンチョウ (<em class="sci">Emberiza melanocephala/bruniceps</em>)	0.0	0.0	0.0	0.0	0.0	0.0	0.0	0.0	0.0	0.0	0.0	0.0	0.0	0.0	0.0	0.0	0.0	0.0	0.0	0.0	0.0	0.0	0.0	0.0	0.0	0.0	0.0	0.0	0.0	0.0	0.0	0.0	0.0	0.0	0.0	0.0	0.0010265	8.067E-4	5.214E-4	0.0	0.0	0.0	0.0	0.0	0.0	0.0	0.0	0.0	
ホオアカ (<em class="sci">Emberiza fucata</em>)	0.006145	0.0055063	0.0075319	0.0057559	0.0104499	0.0100951	0.009659	0.0081116	0.005401	0.0055954	0.007107	0.0052753	0.0065051	0.0058363	0.0082737	0.0136347	0.0231319	0.0194161	0.0195421	0.0195924	0.0328638	0.0385779	0.0294239	0.0277013	0.0292341	0.0220312	0.0204703	0.0220916	0.0209546	0.0218549	0.0122019	0.007223	0.0066603	0.0030045	0.0049834	0.0062092	0.0057483	0.0070991	0.0048662	0.006127	0.0034975	0.0042488	0.0036304	0.0043809	0.0039209	0.0026565	0.0042959	0.0054945	
ホオジロ (<em class="sci">Emberiza cioides</em>)	0.132932	0.1320172	0.1211836	0.123561	0.1233592	0.1305407	0.1292258	0.1223851	0.1235679	0.1363875	0.1239383	0.1280237	0.125061	0.1300875	0.128313	0.1490252	0.1727184	0.1354999	0.1373779	0.1235221	0.1380629	0.1352118	0.1259259	0.1346542	0.1164532	0.1289629	0.1347165	0.1124848	0.1065192	0.1168395	0.1023295	0.0819236	0.0599429	0.0620931	0.0590888	0.0638889	0.0685691	0.0905131	0.0874174	0.0997997	0.1088416	0.1162475	0.1125413	0.1053988	0.1069328	0.1009488	0.1031005	0.1202327	
シラガホオジロ (<em class="sci">Emberiza leucocephalos</em>)	0.0	2.686E-4	2.69E-4	1.919E-4	3.823E-4	5.802E-4	5.854E-4	2.846E-4	9.82E-4	5.246E-4	8.667E-4	1.287E-4	0.0	0.0	0.0	0.0	1.402E-4	0.0	0.0	0.0	0.0	0.0	0.0	0.0	0.0	0.0	0.0	0.0	0.0	0.0	0.0	0.0	0.0	0.0	0.0	0.0	0.0028742	0.0067764	0.0057351	0.0025922	4.197E-4	0.0	0.0	0.0	0.0	1.898E-4	1.868E-4	1.077E-4	
ミヤマホオジロ (<em class="sci">Emberiza elegans</em>)	0.010158	0.0096696	0.0103564	0.0123753	0.012234	0.0143885	0.0153666	0.0132347	0.0099836	0.0117153	0.009187	0.0075914	0.0040657	0.0049148	0.0022437	0.0056213	0.0075704	0.0052327	4.375E-4	4.504E-4	0.0015	0.0	2.058E-4	0.0	0.0	2.687E-4	0.0	0.0	0.0	0.0	2.773E-4	0.0	2.379E-4	0.0	0.0	4.902E-4	0.0028742	0.0135528	0.0139034	0.0103688	0.0064354	0.0057784	0.0059406	0.0059271	0.0081982	0.0094877	0.0059768	0.0087266	
コジュリン (<em class="sci">Emberiza yessoensis</em>)	3.762E-4	4.029E-4	9.415E-4	7.675E-4	7.646E-4	8.123E-4	8.781E-4	5.692E-4	3.273E-4	5.246E-4	0.0013867	7.72E-4	0.0016263	0.0013823	0.0019633	0.0025117	0.004346	0.0044065	0.0046668	0.0032654	0.0041732	0.0032148	0.0024691	0.0031187	0.001208	0.0021494	0.0024896	0.0018241	0.0026193	0.0022415	0.0049917	0.0034214	0.0014272	0.0015	9.492E-4	3.268E-4	0.0	3.227E-4	6.952E-4	9.426E-4	2.798E-4	0.0	1.65E-4	1.288E-4	0.0	1.898E-4	3.736E-4	6.464E-4	
シベリアジュリン (<em class="sci">Emberiza pallasi</em>)	5.016E-4	5.372E-4	8.07E-4	6.715E-4	2.549E-4	9.283E-4	0.0015	0.0011385	1.637E-4	1.749E-4	1.733E-4	5.147E-4	1.626E-4	0.0	0.0	0.0	2.804E-4	2.754E-4	0.0	0.0	0.0	0.0	0.0	0.0	0.0	0.0	0.0	0.0	0.0	0.0	0.0	0.0	0.0	0.0	0.0	0.0	0.0	0.0016134	0.0029545	0.0029457	6.995E-4	1.7E-4	0.0	0.0	1.782E-4	0.0	3.736E-4	9.696E-4	
オオジュリン (<em class="sci">Emberiza schoeniclus</em>)	0.0382493	0.0416331	0.0355077	0.0382771	0.0438384	0.0533767	0.0425874	0.049381	0.0435352	0.0587515	0.0461085	0.0455481	0.0365913	0.024881	0.0150049	0.014472	0.0084116	0.0077114	0.0061251	0.0102466	0.0213876	0.0219365	0.0162551	0.0179784	0.0169123	0.0118216	0.0105118	0.0058776	0.0064028	0.007285	0.0041597	0.0047519	0.0040438	0.0015023	0.0011865	0.0037582	0.0071854	0.0050016	0.012513	0.0146106	0.0165081	0.0205642	0.0165017	0.0179101	0.0206737	0.0248577	0.0246545	0.0316742	
シマアオジ (<em class="sci">Emberiza aureola</em>)	0.0	0.0	0.0	0.0	0.0	0.0	0.0	0.0	0.0	0.0	1.733E-4	0.0	0.0	0.0	1.402E-4	3.588E-4	0.0018225	0.0016524	0.0016042	5.63E-4	5.216E-4	7.564E-4	0.0010288	9.173E-4	2.416E-4	5.373E-4	0.0	0.0	0.0	5.604E-4	0.0	0.0	0.0	0.0	0.0	1.634E-4	0.0010265	6.454E-4	6.952E-4	3.535E-4	0.0	0.0	0.0	0.0	0.0	0.0	0.0	0.0	
コホオアカ (<em class="sci">Emberiza pusilla</em>)	2.508E-4	2.686E-4	2.69E-4	9.59E-5	1.274E-4	1.16E-4	8.781E-4	5.692E-4	0.001473	3.497E-4	3.467E-4	0.0010293	8.131E-4	0.0016894	4.207E-4	0.0053821	0.0214496	0.0107408	0.0024792	4.504E-4	0.0	0.0	0.0	0.0	0.0	0.0	0.0	0.0	0.0	0.0	0.0	0.0	0.0	0.0	0.0011865	0.0071895	0.0080066	0.0130687	0.0072993	0.0054201	5.596E-4	3.399E-4	1.65E-4	1.288E-4	1.782E-4	0.0	1.868E-4	2.155E-4	
カシラダカ (<em class="sci">Emberiza rustica</em>)	0.0589416	0.0562718	0.0539341	0.053914	0.0531413	0.0534927	0.0534172	0.0490963	0.0396072	0.0384683	0.0287745	0.0211014	0.0172386	0.015973	0.0092554	0.014472	0.0269171	0.0114294	0.0030626	9.008E-4	0.0	0.0	2.058E-4	0.0	0.0	0.0	0.0	0.0	0.0	0.0	0.0	0.0	4.757E-4	0.0	7.119E-4	0.0021242	0.0061589	0.0211359	0.022593	0.0250972	0.0212647	0.0243032	0.0239274	0.0306662	0.0367136	0.0421252	0.0438924	0.0518207	
ノジコ (<em class="sci">Emberiza sulphurata</em>)	0.0	0.0	0.0	0.0	0.0	0.0	0.0	0.0	0.0	0.0	1.733E-4	0.0	0.0015	4.608E-4	0.001823	0.0059801	0.0141595	0.0115671	0.0081668	0.0069812	0.0064337	0.0026475	0.0034979	0.0060539	0.0016912	0.0024181	0.002213	0.0012161	0.0011641	5.604E-4	2.773E-4	1.901E-4	0.0	2.504E-4	4.746E-4	4.902E-4	0.0010265	0.0025815	0.0019117	7.07E-4	0.0	0.0	0.0	1.288E-4	0.0	0.0	0.0	0.0	
シベリアアオジ (<em class="sci">Emberiza spodocephala</em>)	0.0	1.343E-4	0.0	0.0	0.0	0.0	0.0	1.423E-4	0.0	0.0	0.0	1.287E-4	0.0015	0.0015	0.0011219	0.0065782	0.012337	0.0072983	0.0014584	0.0	0.0	0.0	0.0	0.0	0.0	0.0	0.0	0.0	0.0	0.0	0.0	0.0	0.0	0.0	0.0	3.268E-4	4.106E-4	0.0017748	3.476E-4	0.0016496	5.596E-4	0.0	0.0	0.0	0.0	0.0	0.0	1.077E-4	
アオジ (<em class="sci">Emberiza personata</em>)	0.1902433	0.185603	0.1677202	0.188891	0.1873327	0.1896032	0.175472	0.1850007	0.1597381	0.176954	0.1553129	0.1493824	0.14604	0.146982	0.142757	0.1271379	0.1180429	0.0784908	0.0675222	0.0637316	0.0721614	0.0767776	0.0596708	0.0565034	0.0596763	0.0424503	0.0390041	0.0255371	0.0247381	0.0226954	0.014975	0.0193879	0.0154615	0.0132699	0.0151875	0.0285948	0.0320263	0.0427557	0.0375391	0.0656298	0.1003078	0.1182869	0.119802	0.1198299	0.1325967	0.1442125	0.149421	0.1693601	
アオジ／シベリアアオジ (<em class="sci">Emberiza spodocephala/personata</em>)	0.0021319	9.401E-4	0.001076	0.0012471	0.0021664	0.0015085	0.0017562	0.0012808	3.273E-4	8.743E-4	0.0019067	2.573E-4	0.0011384	0.0021502	5.609E-4	8.372E-4	0.0011215	0.001377	5.833E-4	4.504E-4	5.216E-4	0.0011346	0.0	1.835E-4	2.416E-4	0.0	0.0015	0.0010134	2.91E-4	5.604E-4	0.0	3.802E-4	2.379E-4	0.0	4.746E-4	4.902E-4	4.106E-4	6.454E-4	1.738E-4	9.426E-4	0.0011192	6.798E-4	1.65E-4	6.442E-4	1.782E-4	9.488E-4	9.339E-4	0.001616	
シマノジコ (<em class="sci">Emberiza rutila</em>)	0.0	0.0	0.0	0.0	0.0	0.0	0.0	0.0	0.0	0.0	0.0	0.0	0.0	0.0	1.402E-4	3.588E-4	0.0021029	0.0026164	0.0011667	2.252E-4	0.0	0.0	0.0	0.0	0.0	0.0	0.0	0.0	0.0	0.0	0.0	0.0	0.0	0.0	0.0	1.634E-4	6.159E-4	6.454E-4	1.738E-4	1.178E-4	0.0	0.0	0.0	0.0	0.0	0.0	0.0015	0.0	
キマユホオジロ (<em class="sci">Emberiza chrysophrys</em>)	0.0	0.0	0.0	0.0	0.0	1.16E-4	0.0	0.0	0.0	0.0	0.0	0.0	3.253E-4	0.0	2.805E-4	0.0043057	0.018085	0.0095015	4.375E-4	3.378E-4	0.0	0.0	0.0	0.0	0.0	0.0	0.0	0.0	0.0	0.0	0.0	0.0	0.0	0.0	0.0	0.0	4.106E-4	9.681E-4	0.0015	1.178E-4	0.0015	0.0	0.0	0.0	0.0	0.0	0.0	0.0	
シロハラホオジロ (<em class="sci">Emberiza tristrami</em>)	0.0	0.0	0.0	0.0	0.0	0.0	0.0	0.0	0.0	0.0	0.0	0.0	0.0	0.0015	2.805E-4	0.0026313	0.0088322	0.0048196	0.0010209	2.252E-4	1.739E-4	0.0	0.0	0.0	0.0	0.0	0.0	0.0	0.0	0.0	0.0	0.0	0.0	0.0	0.0	6.536E-4	0.0030794	0.0059697	0.0019117	2.357E-4	1.399E-4	0.0	0.0	0.0	0.0	1.898E-4	0.0	0.0	
クロジ (<em class="sci">Emberiza variabilis</em>)	0.0079007	0.0081923	0.0086079	0.0116078	0.0114694	0.0112555	0.0133177	0.0157962	0.0096563	0.0103165	0.008667	0.00579	0.0073183	0.0109046	0.0127612	0.0130367	0.0114959	0.0081245	0.0070001	0.0043914	0.0060859	0.0024584	0.0037037	0.0058705	0.0053153	0.0026867	0.0027663	0.0012161	0.0017462	5.604E-4	0.0013866	9.504E-4	2.379E-4	5.008E-4	7.119E-4	0.002451	0.0024636	0.0069377	0.0090372	0.0134323	0.0132904	0.0062882	0.0067657	0.0074733	0.0055249	0.0066414	0.009152	0.0074337	
ホオジロ属 (<em class="sci">Emberiza sp.</em>)	0.0042639	0.0055063	0.003766	0.0050844	0.0042054	0.0029009	0.0027806	0.0029885	0.0026187	0.0031474	0.0050269	0.0043747	0.0027647	0.0030717	0.0029449	0.0033489	0.0019627	0.001377	8.75E-4	7.882E-4	8.694E-4	7.564E-4	0.0	9.173E-4	4.832E-4	0.0010747	2.766E-4	2.027E-4	5.821E-4	5.604E-4	2.773E-4	0.002471	0.0023787	0.0022534	0.002373	0.001634	0.0022583	0.0033882	0.0027807	0.0025922	0.0029379	0.0040789	0.0034653	0.0030924	0.004812	0.0055028	0.0052297	0.005279	
ミヤマシトド (<em class="sci">Zonotrichia leucophrys</em>)	0.0	2.686E-4	0.0	0.0	0.0	0.0	0.0	0.0	0.0	0.0	0.0	0.0	0.0	0.0	4.207E-4	0.0	0.0	0.0	0.0	0.0	0.0	0.0	0.0	0.0	0.0	0.0	0.0	0.0	0.0	0.0	0.0	0.0	0.0	0.0	0.0	0.0	0.0	1.613E-4	0.0	0.0	1.399E-4	0.0	0.0	0.0	0.0	0.0	0.0	0.0	
キガシラシトド (<em class="sci">Zonotrichia atricapilla</em>)	0.0	0.0	0.0015	1.919E-4	2.549E-4	0.0	0.0	0.0015	0.0	0.0	0.0	0.0015	0.0015	1.536E-4	0.0	0.0	0.0	0.0	0.0	0.0	0.0	0.0	0.0	0.0	0.0	0.0	0.0	0.0	0.0	0.0	0.0	0.0	0.0	0.0	0.0	0.0	0.0	0.0	0.0	0.0	0.0	0.0	0.0	0.0	0.0	0.0	0.0	0.0	
サバンナシトド (<em class="sci">Passerculus sandwichensis</em>)	0.0	0.0	0.0	9.59E-5	2.549E-4	1.16E-4	0.0015	4.269E-4	0.0015	0.0	0.0	0.0	1.626E-4	0.0	0.0	0.0	0.0	0.0	0.0	0.0	0.0	0.0	0.0	0.0	0.0	0.0	0.0	0.0	0.0	0.0	0.0	0.0	0.0	0.0	0.0	0.0	0.0	0.0	1.738E-4	0.0	1.399E-4	0.0	0.0	0.0015	1.782E-4	0.0	0.0	0.0015	
カオグロアメリカムシクイ (<em class="sci">Geothlypis trichas</em>)	0.0	0.0	0.0	0.0	0.0	0.0	0.0	0.0	0.0015	0.0	0.0	2.573E-4	0.0	1.536E-4	1.402E-4	0.0015	0.0	0.0	0.0	0.0	0.0	0.0	0.0	0.0	0.0	0.0	0.0	0.0	0.0	0.0	0.0	0.0	0.0	0.0	0.0	0.0	0.0	0.0	0.0	0.0	0.0	0.0	0.0	0.0	0.0	0.0	0.0	0.0	
キヅタアメリカムシクイ (<em class="sci">Setophaga coronata</em>)	0.0	0.0	0.0	0.0	0.0	0.0	0.0	0.0	0.0	0.0	0.0	1.287E-4	1.626E-4	0.0	0.0	0.0	0.0	0.0	0.0	0.0	0.0	0.0	0.0	0.0	0.0	0.0	0.0	0.0	0.0	0.0	0.0	0.0	0.0	0.0	0.0	0.0	0.0	0.0	0.0	0.0	0.0	0.0	0.0	0.0	0.0	0.0	0.0	0.0	
ウィルソンアメリカムシクイ (<em class="sci">Cardellina pusilla</em>)	0.0	0.0	0.0	0.0	0.0	0.0	0.0	0.0	0.0	0.0	0.0	0.0	0.0	0.0	0.0	0.0	0.0	0.0	0.0	0.0	0.0	0.0	0.0	0.0	0.0	0.0	0.0	0.0	0.0	0.0	0.0	0.0	0.0	0.0	0.0	0.0	0.0	1.613E-4	0.0	0.0	0.0	0.0	0.0	0.0	0.0	0.0	0.0	0.0	
スズメ目 (<em class="sci">Passeriformes sp.</em>)	0.0013795	0.0024174	0.0017485	0.0010553	8.921E-4	0.0013924	0.0013171	0.0011385	0.0026187	0.0019234	0.0024268	0.0060473	0.0037404	0.0038397	0.0063105	0.0020332	0.0029441	0.002341	0.0021875	0.0010134	0.0013911	0.0020802	0.0030864	0.0012842	0.0014496	0.0018807	0.0013831	0.0018241	0.0020373	0.0016811	5.546E-4	0.0028512	0.0021408	0.0057586	0.002373	0.0014706	0.0018477	0.0029042	0.0013903	0.0015318	0.002798	0.0028892	0.0028053	0.0029635	0.0026733	7.59E-4	0.0028016	0.0021547	
鳥類 (<em class="sci">Aves sp.</em>)	1.254E-4	0.0	0.0	0.0	0.0	0.0	0.0	0.0	0.0	0.0	0.0	1.287E-4	0.0	0.0	0.0	0.0	0.0	0.0	1.458E-4	0.0	0.0	0.0	0.0	0.0	0.0	0.0	0.0	2.027E-4	0.0	0.0	0.0	1.901E-4	0.0	0.0	0.0	0.0	4.106E-4	1.613E-4	0.0	0.0	0.0	0.0	0.0	9.019E-4	0.0	0.0	0.0	0.0	

