species_code,recording_id,safe_id,note_idx,onset,offset,method,rms_denoised,rms_original,snr_improvement,duration,rms_rank
azwmag2,xc:1016671,xc_1016671,0,0.0,1.92,biodenoising,,,,,
azwmag2,xc:1016671,xc_1016671,1,0.0,0.46,biodenoising,,,,,
azwmag2,xc:1016671,xc_1016671,2,0.0,0.47,biodenoising,,,,,
azwmag2,xc:1016671,xc_1016671,17,0.0,0.84,biodenoising,,,,,
azwmag2,xc:1016671,xc_1016671,19,0.0,0.41,biodenoising,,,,,
azwmag2,xc:1058393,xc_1058393,3,0.0,4.42,biodenoising,,,,,
azwmag2,xc:1058393,xc_1058393,4,0.0,2.11,biodenoising,,,,,
azwmag2,xc:1058393,xc_1058393,5,0.0,0.55,biodenoising,,,,,
azwmag2,xc:1058393,xc_1058393,7,0.0,0.59,biodenoising,,,,,
azwmag2,xc:1058393,xc_1058393,14,0.0,0.53,biodenoising,,,,,
azwmag2,xc:194379,xc_194379,2,0.0,3.34,biodenoising,,,,,
azwmag2,xc:339213,xc_339213,12,0.0,3.56,biodenoising,,,,,
azwmag2,xc:464622,xc_464622,85,0.0,5.77,biodenoising,,,,,
azwmag2,xc:464622,xc_464622,90,0.0,0.77,biodenoising,,,,,
azwmag2,xc:464622,xc_464622,101,0.0,2.34,biodenoising,,,,,
azwmag2,xc:464622,xc_464622,108,0.0,3.22,biodenoising,,,,,
azwmag2,xc:712021,xc_712021,2,0.0,1.98,biodenoising,,,,,
azwmag2,xc:712021,xc_712021,13,0.0,0.57,biodenoising,,,,,
azwmag2,xc:712021,xc_712021,16,0.0,1.79,biodenoising,,,,,
azwmag2,xc:712021,xc_712021,28,0.0,0.44,biodenoising,,,,,
azwmag2,xc:712021,xc_712021,34,0.0,1.44,biodenoising,,,,,
azwmag2,xc:716117,xc_716117,1,0.0,1.61,biodenoising,,,,,
azwmag2,xc:716117,xc_716117,9,0.0,0.93,biodenoising,,,,,
azwmag2,xc:729860,xc_729860,2,0.0,0.46,biodenoising,,,,,
azwmag2,xc:729860,xc_729860,3,0.0,0.28,biodenoising,,,,,
azwmag2,xc:729860,xc_729860,4,0.0,0.51,biodenoising,,,,,
azwmag2,xc:729860,xc_729860,7,0.0,0.29,biodenoising,,,,,
azwmag2,xc:729860,xc_729860,8,0.0,0.31,biodenoising,,,,,
azwmag2,xc:733333,xc_733333,4,0.0,1.06,biodenoising,,,,,
azwmag2,xc:733333,xc_733333,5,0.0,0.99,biodenoising,,,,,
azwmag2,xc:733333,xc_733333,12,0.0,0.97,biodenoising,,,,,
azwmag2,xc:733333,xc_733333,13,0.0,0.79,biodenoising,,,,,
azwmag2,xc:733333,xc_733333,14,0.0,1.05,biodenoising,,,,,
azwmag2,xc:762197,xc_762197,17,0.0,0.43,biodenoising,,,,,
azwmag2,xc:762197,xc_762197,40,0.0,0.36,biodenoising,,,,,
azwmag2,xc:762197,xc_762197,41,0.0,0.34,biodenoising,,,,,
azwmag2,xc:766304,xc_766304,2,0.0,0.5,biodenoising,,,,,
azwmag2,xc:766304,xc_766304,3,0.0,0.23,biodenoising,,,,,
azwmag2,xc:766304,xc_766304,5,0.0,0.27,biodenoising,,,,,
azwmag2,xc:766304,xc_766304,6,0.0,0.15,biodenoising,,,,,
azwmag2,xc:766304,xc_766304,35,0.0,0.13,biodenoising,,,,,
azwmag2,xc:784889,xc_784889,3,0.0,4.56,biodenoising,,,,,
azwmag2,xc:790248,xc_790248,7,0.0,0.59,biodenoising,,,,,
azwmag2,xc:790248,xc_790248,9,0.0,0.51,biodenoising,,,,,
azwmag2,xc:790248,xc_790248,13,0.0,0.55,biodenoising,,,,,
azwmag2,xc:790248,xc_790248,14,0.0,0.56,biodenoising,,,,,
azwmag2,xc:790248,xc_790248,17,0.0,0.55,biodenoising,,,,,
azwmag2,xc:790250,xc_790250,0,0.0,1.14,biodenoising,,,,,
azwmag2,xc:790250,xc_790250,1,0.0,1.2,biodenoising,,,,,
azwmag2,xc:790250,xc_790250,2,0.0,1.26,biodenoising,,,,,
azwmag2,xc:820038,xc_820038,0,0.0,3.56,biodenoising,,,,,
azwmag2,xc:820038,xc_820038,7,0.0,2.41,biodenoising,,,,,
azwmag2,xc:820038,xc_820038,8,0.0,4.02,biodenoising,,,,,
azwmag2,xc:820038,xc_820038,9,0.0,1.11,biodenoising,,,,,
azwmag2,xc:906845,xc_906845,3,0.0,0.88,biodenoising,,,,,
azwmag2,xc:906845,xc_906845,6,0.0,0.59,biodenoising,,,,,
barswa,xc:1042324,xc_1042324,6,0.0,0.22,biodenoising,,,,,
barswa,xc:1042324,xc_1042324,7,0.0,0.22,biodenoising,,,,,
barswa,xc:123035,xc_123035,5,0.0,0.82,biodenoising,,,,,
barswa,xc:123035,xc_123035,14,0.0,0.83,biodenoising,,,,,
barswa,xc:123035,xc_123035,25,0.0,0.82,biodenoising,,,,,
barswa,xc:123035,xc_123035,72,0.0,0.82,biodenoising,,,,,
barswa,xc:123035,xc_123035,124,0.0,0.84,biodenoising,,,,,
barswa,xc:142731,xc_142731,0,0.0,8.0,biodenoising,,,,,
barswa,xc:142731,xc_142731,1,0.0,0.86,biodenoising,,,,,
barswa,xc:142731,xc_142731,7,0.0,8.0,biodenoising,,,,,
barswa,xc:142731,xc_142731,8,0.0,1.47,biodenoising,,,,,
barswa,xc:142731,xc_142731,9,0.0,3.68,biodenoising,,,,,
barswa,xc:197400,xc_197400,0,0.0,0.9,biodenoising,,,,,
barswa,xc:197400,xc_197400,19,0.0,0.26,biodenoising,,,,,
barswa,xc:197400,xc_197400,33,0.0,0.38,biodenoising,,,,,
barswa,xc:197400,xc_197400,47,0.0,0.86,biodenoising,,,,,
barswa,xc:197400,xc_197400,79,0.0,0.34,biodenoising,,,,,
barswa,xc:578054,xc_578054,3,0.0,3.13,biodenoising,,,,,
barswa,xc:677842,xc_677842,10,0.0,0.46,biodenoising,,,,,
barswa,xc:677842,xc_677842,13,0.0,0.55,biodenoising,,,,,
barswa,xc:677842,xc_677842,20,0.0,0.36,biodenoising,,,,,
barswa,xc:677842,xc_677842,23,0.0,0.22,biodenoising,,,,,
barswa,xc:677842,xc_677842,24,0.0,3.74,biodenoising,,,,,
barswa,xc:721365,xc_721365,10,0.0,2.97,biodenoising,,,,,
barswa,xc:919230,xc_919230,7,0.0,0.19,biodenoising,,,,,
barswa,xc:919230,xc_919230,10,0.0,0.18,biodenoising,,,,,
barswa,xc:919230,xc_919230,15,0.0,0.19,biodenoising,,,,,
barswa,xc:919230,xc_919230,28,0.0,0.19,biodenoising,,,,,
barswa,xc:919230,xc_919230,50,0.0,1.83,biodenoising,,,,,
bkfbun2,ml:460115891,ml_460115891,16,0.0,0.95,biodenoising,,,,,
bkfbun2,ml:460115891,ml_460115891,50,0.0,0.21,biodenoising,,,,,
bkfbun2,ml:460115891,ml_460115891,51,0.0,0.8,biodenoising,,,,,
bkfbun2,ml:460115891,ml_460115891,52,0.0,0.91,biodenoising,,,,,
bkfbun2,ml:460115891,ml_460115891,83,0.0,0.63,biodenoising,,,,,
bkfbun2,ml:618203252,ml_618203252,0,0.0,3.35,biodenoising,,,,,
bkfbun2,ml:618203252,ml_618203252,6,0.0,3.23,biodenoising,,,,,
bkfbun2,ml:618203252,ml_618203252,9,0.0,3.11,biodenoising,,,,,
bkfbun2,ml:618203252,ml_618203252,11,0.0,1.81,biodenoising,,,,,
bkfbun2,ml:618704340,ml_618704340,0,0.0,0.6,biodenoising,,,,,
bkfbun2,ml:618704340,ml_618704340,6,0.0,0.66,biodenoising,,,,,
bkfbun2,ml:618704340,ml_618704340,7,0.0,3.11,biodenoising,,,,,
bkfbun2,ml:618704340,ml_618704340,8,0.0,0.48,biodenoising,,,,,
bkfbun2,ml:618704340,ml_618704340,10,0.0,1.39,biodenoising,,,,,
bkfbun2,ml:620266782,ml_620266782,7,0.0,0.28,biodenoising,,,,,
bkfbun2,ml:620266782,ml_620266782,18,0.0,0.25,biodenoising,,,,,
bkfbun2,ml:620266782,ml_620266782,31,0.0,0.15,biodenoising,,,,,
bkfbun2,ml:620266783,ml_620266783,0,0.0,0.1,biodenoising,,,,,
bkfbun2,ml:620881189,ml_620881189,1,0.0,1.79,biodenoising,,,,,
bkfbun2,ml:620881189,ml_620881189,3,0.0,2.31,biodenoising,,,,,
bkfbun2,ml:620881189,ml_620881189,6,0.0,0.44,biodenoising,,,,,
bkfbun2,ml:620881189,ml_620881189,7,0.0,0.91,biodenoising,,,,,
bkfbun2,ml:634320120,ml_634320120,1,0.0,0.2,biodenoising,,,,,
bkfbun2,ml:634320120,ml_634320120,4,0.0,0.28,biodenoising,,,,,
bkfbun2,ml:634320120,ml_634320120,7,0.0,0.83,biodenoising,,,,,
bkfbun2,ml:634320120,ml_634320120,8,0.0,0.3,biodenoising,,,,,
bkfbun2,ml:634320120,ml_634320120,9,0.0,0.38,biodenoising,,,,,
bkfbun2,ml:635667093,ml_635667093,0,0.0,0.27,biodenoising,,,,,
bkfbun2,ml:635667093,ml_635667093,1,0.0,0.42,biodenoising,,,,,
bkfbun2,ml:635667093,ml_635667093,7,0.0,0.1,biodenoising,,,,,
bkfbun2,ml:635667093,ml_635667093,8,0.0,0.48,biodenoising,,,,,
bkfbun2,ml:635667093,ml_635667093,12,0.0,0.29,biodenoising,,,,,
bkfbun2,ml:637612944,ml_637612944,16,0.0,2.48,biodenoising,,,,,
bkfbun2,ml:637812780,ml_637812780,1,0.0,1.59,biodenoising,,,,,
bkfbun2,ml:637812780,ml_637812780,20,0.0,1.58,biodenoising,,,,,
bkfbun2,ml:637812780,ml_637812780,32,0.0,0.4,biodenoising,,,,,
bkfbun2,ml:637812780,ml_637812780,33,0.0,1.53,biodenoising,,,,,
bkfbun2,ml:638925272,ml_638925272,2,0.0,1.34,biodenoising,,,,,
bkfbun2,ml:638925272,ml_638925272,9,0.0,0.16,biodenoising,,,,,
bkfbun2,ml:640507294,ml_640507294,0,0.0,8.0,biodenoising,,,,,
bkfbun2,ml:640507294,ml_640507294,1,0.0,0.9,biodenoising,,,,,
bkfbun2,ml:640507369,ml_640507369,9,0.0,3.89,biodenoising,,,,,
bkfbun2,ml:640507369,ml_640507369,10,0.0,6.24,biodenoising,,,,,
bkfbun2,ml:640507369,ml_640507369,12,0.0,3.6,biodenoising,,,,,
bkfbun2,ml:640507369,ml_640507369,18,0.0,4.33,biodenoising,,,,,
bkfbun2,ml:640507369,ml_640507369,26,0.0,4.18,biodenoising,,,,,
bkfbun2,ml:640988362,ml_640988362,1,0.0,1.04,biodenoising,,,,,
bkfbun2,ml:640988362,ml_640988362,10,0.0,1.05,biodenoising,,,,,
bkfbun2,ml:640988362,ml_640988362,18,0.0,0.12,biodenoising,,,,,
bkfbun2,ml:640988362,ml_640988362,38,0.0,0.75,biodenoising,,,,,
bkfbun2,ml:640988362,ml_640988362,45,0.0,0.64,biodenoising,,,,,
bkfbun2,ml:643676710,ml_643676710,7,0.0,0.94,biodenoising,,,,,
bkfbun2,ml:643676710,ml_643676710,52,0.0,2.26,biodenoising,,,,,
bkfbun2,ml:643676710,ml_643676710,55,0.0,0.54,biodenoising,,,,,
bkfbun2,ml:643676710,ml_643676710,57,0.0,1.0,biodenoising,,,,,
bkfbun2,ml:643676710,ml_643676710,93,0.0,0.36,biodenoising,,,,,
bkhgul,xc:1011216,xc_1011216,0,0.0,5.5,biodenoising,,,,,
bkhgul,xc:1011216,xc_1011216,1,0.0,2.93,biodenoising,,,,,
bkhgul,xc:1011216,xc_1011216,2,0.0,0.83,biodenoising,,,,,
bkhgul,xc:1011216,xc_1011216,11,0.0,0.8,biodenoising,,,,,
bkhgul,xc:1011216,xc_1011216,12,0.0,1.14,biodenoising,,,,,
bkhgul,xc:1065402,xc_1065402,0,0.0,0.45,biodenoising,,,,,
bkhgul,xc:1065402,xc_1065402,1,0.0,0.52,biodenoising,,,,,
bkhgul,xc:1065402,xc_1065402,8,0.0,0.63,biodenoising,,,,,
bkhgul,xc:1065402,xc_1065402,13,0.0,0.46,biodenoising,,,,,
bkhgul,xc:1065402,xc_1065402,14,0.0,1.16,biodenoising,,,,,
bkhgul,xc:441030,xc_441030,19,0.0,0.12,biodenoising,,,,,
bkhgul,xc:441030,xc_441030,496,0.0,0.09,biodenoising,,,,,
bkhgul,xc:441030,xc_441030,720,0.0,0.06,biodenoising,,,,,
bkhgul,xc:441030,xc_441030,852,0.0,0.45,biodenoising,,,,,
bkhgul,xc:441030,xc_441030,855,0.0,0.17,biodenoising,,,,,
bkhgul,xc:525320,xc_525320,0,0.0,1.26,biodenoising,,,,,
bkhgul,xc:525320,xc_525320,1,0.0,1.38,biodenoising,,,,,
bkhgul,xc:525320,xc_525320,5,0.0,1.3,biodenoising,,,,,
bkhgul,xc:525320,xc_525320,6,0.0,1.23,biodenoising,,,,,
bkhgul,xc:525320,xc_525320,7,0.0,1.12,biodenoising,,,,,
bkhgul,xc:539616,xc_539616,4,0.0,0.52,biodenoising,,,,,
bkhgul,xc:539616,xc_539616,8,0.0,1.63,biodenoising,,,,,
bkhgul,xc:539616,xc_539616,10,0.0,2.03,biodenoising,,,,,
bkhgul,xc:539616,xc_539616,12,0.0,2.31,biodenoising,,,,,
bkhgul,xc:539616,xc_539616,19,0.0,3.19,biodenoising,,,,,
bkhgul,xc:580794,xc_580794,38,0.0,2.85,biodenoising,,,,,
bkhgul,xc:580794,xc_580794,43,0.0,1.18,biodenoising,,,,,
bkhgul,xc:580794,xc_580794,45,0.0,1.34,biodenoising,,,,,
bkhgul,xc:580794,xc_580794,47,0.0,1.21,biodenoising,,,,,
bkhgul,xc:580794,xc_580794,69,0.0,1.38,biodenoising,,,,,
bkhgul,xc:615791,xc_615791,13,0.0,0.82,biodenoising,,,,,
bkhgul,xc:615791,xc_615791,16,0.0,1.1,biodenoising,,,,,
bkhgul,xc:615791,xc_615791,17,0.0,3.32,biodenoising,,,,,
bkhgul,xc:615791,xc_615791,18,0.0,1.29,biodenoising,,,,,
bkhgul,xc:615791,xc_615791,19,0.0,1.88,biodenoising,,,,,
bkhgul,xc:655838,xc_655838,0,0.0,4.11,biodenoising,,,,,
bkhgul,xc:655838,xc_655838,1,0.0,8.0,biodenoising,,,,,
bkhgul,xc:655838,xc_655838,2,0.0,8.0,biodenoising,,,,,
bkhgul,xc:655838,xc_655838,4,0.0,7.99,biodenoising,,,,,
bkhgul,xc:752720,xc_752720,60,0.0,0.37,biodenoising,,,,,
bkhgul,xc:854813,xc_854813,8,0.0,1.46,biodenoising,,,,,
bkhgul,xc:854813,xc_854813,9,0.0,1.3,biodenoising,,,,,
bkhgul,xc:854813,xc_854813,10,0.0,1.09,biodenoising,,,,,
bkhgul,xc:854813,xc_854813,12,0.0,0.94,biodenoising,,,,,
bkhgul,xc:854813,xc_854813,27,0.0,0.67,biodenoising,,,,,
bkhgul,xc:94182,xc_94182,6,0.0,0.74,biodenoising,,,,,
bkhgul,xc:946675,xc_946675,4,0.0,0.07,biodenoising,,,,,
bkhgul,xc:946675,xc_946675,18,0.0,0.12,biodenoising,,,,,
bkhgul,xc:946675,xc_946675,19,0.0,0.09,biodenoising,,,,,
bkhgul,xc:946675,xc_946675,21,0.0,0.54,biodenoising,,,,,
bkhgul,xc:984595,xc_984595,2,0.0,0.16,biodenoising,,,,,
bkhgul,xc:984595,xc_984595,3,0.0,0.1,biodenoising,,,,,
bktgul,xc:1002546,xc_1002546,3,0.0,0.28,biodenoising,,,,,
bktgul,xc:1002546,xc_1002546,16,0.0,0.33,biodenoising,,,,,
bktgul,xc:1002546,xc_1002546,25,0.0,0.34,biodenoising,,,,,
bktgul,xc:1008519,xc_1008519,72,0.0,0.61,biodenoising,,,,,
bktgul,xc:1008519,xc_1008519,76,0.0,0.51,biodenoising,,,,,
bktgul,xc:1008519,xc_1008519,102,0.0,1.42,biodenoising,,,,,
bktgul,xc:1008519,xc_1008519,131,0.0,0.51,biodenoising,,,,,
bktgul,xc:1008519,xc_1008519,174,0.0,1.41,biodenoising,,,,,
bktgul,xc:1016634,xc_1016634,4,0.0,0.45,biodenoising,,,,,
bktgul,xc:1016634,xc_1016634,21,0.0,0.85,biodenoising,,,,,
bktgul,xc:1016634,xc_1016634,22,0.0,0.91,biodenoising,,,,,
bktgul,xc:1016634,xc_1016634,23,0.0,0.68,biodenoising,,,,,
bktgul,xc:1016634,xc_1016634,24,0.0,0.78,biodenoising,,,,,
bktgul,xc:266263,xc_266263,1,0.0,0.25,biodenoising,,,,,
bktgul,xc:266263,xc_266263,2,0.0,0.43,biodenoising,,,,,
bktgul,xc:266263,xc_266263,3,0.0,0.51,biodenoising,,,,,
bktgul,xc:266263,xc_266263,10,0.0,0.28,biodenoising,,,,,
bktgul,xc:286305,xc_286305,0,0.0,2.31,biodenoising,,,,,
bktgul,xc:286305,xc_286305,2,0.0,1.5,biodenoising,,,,,
bktgul,xc:286305,xc_286305,3,0.0,1.04,biodenoising,,,,,
bktgul,xc:286305,xc_286305,6,0.0,1.3,biodenoising,,,,,
bktgul,xc:286305,xc_286305,25,0.0,0.73,biodenoising,,,,,
bktgul,xc:286306,xc_286306,0,0.0,8.0,biodenoising,,,,,
bktgul,xc:344913,xc_344913,0,0.0,1.13,biodenoising,,,,,
bktgul,xc:344913,xc_344913,1,0.0,2.19,biodenoising,,,,,
bktgul,xc:344913,xc_344913,3,0.0,3.26,biodenoising,,,,,
bktgul,xc:344913,xc_344913,4,0.0,2.2,biodenoising,,,,,
bktgul,xc:344913,xc_344913,5,0.0,2.92,biodenoising,,,,,
bktgul,xc:344932,xc_344932,1,0.0,0.36,biodenoising,,,,,
bktgul,xc:344932,xc_344932,2,0.0,0.44,biodenoising,,,,,
bktgul,xc:344932,xc_344932,3,0.0,0.49,biodenoising,,,,,
bktgul,xc:344932,xc_344932,5,0.0,0.51,biodenoising,,,,,
bktgul,xc:344932,xc_344932,6,0.0,0.5,biodenoising,,,,,
bktgul,xc:344933,xc_344933,16,0.0,0.35,biodenoising,,,,,
bktgul,xc:344933,xc_344933,17,0.0,0.44,biodenoising,,,,,
bktgul,xc:344933,xc_344933,18,0.0,0.48,biodenoising,,,,,
bktgul,xc:344933,xc_344933,20,0.0,0.5,biodenoising,,,,,
bktgul,xc:344933,xc_344933,21,0.0,0.49,biodenoising,,,,,
bktgul,xc:464604,xc_464604,23,0.0,0.34,biodenoising,,,,,
bktgul,xc:464604,xc_464604,27,0.0,0.4,biodenoising,,,,,
bktgul,xc:464604,xc_464604,161,0.0,0.47,biodenoising,,,,,
bktgul,xc:464604,xc_464604,167,0.0,2.13,biodenoising,,,,,
bktgul,xc:464604,xc_464604,204,0.0,0.7,biodenoising,,,,,
bktgul,xc:627390,xc_627390,20,0.0,0.38,biodenoising,,,,,
bktgul,xc:627390,xc_627390,23,0.0,0.12,biodenoising,,,,,
bktgul,xc:627390,xc_627390,35,0.0,2.07,biodenoising,,,,,
bktgul,xc:627390,xc_627390,36,0.0,1.42,biodenoising,,,,,
bktgul,xc:627390,xc_627390,61,0.0,0.4,biodenoising,,,,,
bktgul,xc:787497,xc_787497,1,0.0,8.0,biodenoising,,,,,
bktgul,xc:839073,xc_839073,0,0.0,1.31,biodenoising,,,,,
bktgul,xc:839073,xc_839073,5,0.0,0.44,biodenoising,,,,,
bktgul,xc:839073,xc_839073,24,0.0,0.35,biodenoising,,,,,
bktgul,xc:839073,xc_839073,28,0.0,0.64,biodenoising,,,,,
bktgul,xc:839073,xc_839073,63,0.0,0.41,biodenoising,,,,,
bktgul,xc:840767,xc_840767,0,0.0,0.4,biodenoising,,,,,
bktgul,xc:840767,xc_840767,40,0.0,0.44,biodenoising,,,,,
bktgul,xc:840767,xc_840767,42,0.0,0.47,biodenoising,,,,,
bktgul,xc:892290,xc_892290,0,0.0,0.06,biodenoising,,,,,
bktgul,xc:892290,xc_892290,1,0.0,0.13,biodenoising,,,,,
bktgul,xc:892290,xc_892290,4,0.0,0.44,biodenoising,,,,,
bktgul,xc:892290,xc_892290,5,0.0,0.05,biodenoising,,,,,
bktgul,xc:892290,xc_892290,28,0.0,0.94,biodenoising,,,,,
bktgul,xc:90299,xc_90299,0,0.0,8.0,biodenoising,,,,,
bktgul,xc:903942,xc_903942,0,0.0,0.91,biodenoising,,,,,
bktgul,xc:903942,xc_903942,2,0.0,0.81,biodenoising,,,,,
bktgul,xc:903942,xc_903942,4,0.0,0.77,biodenoising,,,,,
bktgul,xc:903942,xc_903942,5,0.0,0.28,biodenoising,,,,,
bktgul,xc:903942,xc_903942,6,0.0,0.81,biodenoising,,,,,
blakit1,xc:1026906,xc_1026906,2,0.0,1.88,biodenoising,,,,,
blakit1,xc:1026906,xc_1026906,18,0.0,2.59,biodenoising,,,,,
blakit1,xc:1026906,xc_1026906,20,0.0,2.37,biodenoising,,,,,
blakit1,xc:1026906,xc_1026906,50,0.0,2.19,biodenoising,,,,,
blakit1,xc:1026906,xc_1026906,74,0.0,2.18,biodenoising,,,,,
blakit1,xc:120438,xc_120438,0,0.0,0.7,biodenoising,,,,,
blakit1,xc:120438,xc_120438,1,0.0,0.22,biodenoising,,,,,
blakit1,xc:120438,xc_120438,3,0.0,0.81,biodenoising,,,,,
blakit1,xc:120438,xc_120438,4,0.0,0.18,biodenoising,,,,,
blakit1,xc:120438,xc_120438,5,0.0,1.3,biodenoising,,,,,
blakit1,xc:138441,xc_138441,1,0.0,1.26,biodenoising,,,,,
blakit1,xc:138441,xc_138441,7,0.0,0.27,biodenoising,,,,,
blakit1,xc:138441,xc_138441,10,0.0,0.25,biodenoising,,,,,
blakit1,xc:138441,xc_138441,14,0.0,0.53,biodenoising,,,,,
blakit1,xc:138441,xc_138441,15,0.0,0.37,biodenoising,,,,,
blakit1,xc:139768,xc_139768,6,0.0,1.14,biodenoising,,,,,
blakit1,xc:139768,xc_139768,7,0.0,0.86,biodenoising,,,,,
blakit1,xc:139768,xc_139768,36,0.0,0.24,biodenoising,,,,,
blakit1,xc:139768,xc_139768,39,0.0,0.22,biodenoising,,,,,
blakit1,xc:139768,xc_139768,96,0.0,1.21,biodenoising,,,,,
blakit1,xc:192707,xc_192707,20,0.0,0.28,biodenoising,,,,,
blakit1,xc:192707,xc_192707,38,0.0,1.82,biodenoising,,,,,
blakit1,xc:192707,xc_192707,40,0.0,1.46,biodenoising,,,,,
blakit1,xc:309401,xc_309401,0,0.0,8.0,biodenoising,,,,,
blakit1,xc:309401,xc_309401,4,0.0,2.24,biodenoising,,,,,
blakit1,xc:309401,xc_309401,18,0.0,1.65,biodenoising,,,,,
blakit1,xc:309401,xc_309401,24,0.0,2.77,biodenoising,,,,,
blakit1,xc:309401,xc_309401,36,0.0,3.14,biodenoising,,,,,
blakit1,xc:493737,xc_493737,1,0.0,0.16,biodenoising,,,,,
blakit1,xc:507829,xc_507829,0,0.0,3.62,biodenoising,,,,,
blakit1,xc:507829,xc_507829,2,0.0,0.27,biodenoising,,,,,
blakit1,xc:578427,xc_578427,22,0.0,1.39,biodenoising,,,,,
blakit1,xc:578427,xc_578427,28,0.0,0.76,biodenoising,,,,,
blakit1,xc:578427,xc_578427,32,0.0,0.73,biodenoising,,,,,
blakit1,xc:578427,xc_578427,37,0.0,1.83,biodenoising,,,,,
blakit1,xc:578427,xc_578427,40,0.0,1.4,biodenoising,,,,,
blakit1,xc:807584,xc_807584,18,0.0,0.32,biodenoising,,,,,
blakit1,xc:807584,xc_807584,42,0.0,0.24,biodenoising,,,,,
blakit1,xc:986303,xc_986303,10,0.0,1.7,biodenoising,,,,,
blakit1,xc:993943,xc_993943,2,0.0,0.16,biodenoising,,,,,
blakit1,xc:993943,xc_993943,4,0.0,0.07,biodenoising,,,,,
blakit1,xc:993943,xc_993943,6,0.0,1.39,biodenoising,,,,,
brebul1,xc:102459,xc_102459,12,0.0,1.13,biodenoising,,,,,
brebul1,xc:102459,xc_102459,13,0.0,0.88,biodenoising,,,,,
brebul1,xc:102459,xc_102459,15,0.0,0.6,biodenoising,,,,,
brebul1,xc:102459,xc_102459,16,0.0,0.6,biodenoising,,,,,
brebul1,xc:102459,xc_102459,31,0.0,0.82,biodenoising,,,,,
brebul1,xc:155867,xc_155867,0,0.0,0.3,biodenoising,,,,,
brebul1,xc:155867,xc_155867,1,0.0,0.3,biodenoising,,,,,
brebul1,xc:155867,xc_155867,2,0.0,0.28,biodenoising,,,,,
brebul1,xc:155867,xc_155867,3,0.0,0.29,biodenoising,,,,,
brebul1,xc:155867,xc_155867,7,0.0,1.64,biodenoising,,,,,
brebul1,xc:200439,xc_200439,143,0.0,1.64,biodenoising,,,,,
brebul1,xc:200439,xc_200439,144,0.0,0.66,biodenoising,,,,,
brebul1,xc:206723,xc_206723,0,0.0,2.33,biodenoising,,,,,
brebul1,xc:206723,xc_206723,4,0.0,1.24,biodenoising,,,,,
brebul1,xc:206723,xc_206723,11,0.0,2.42,biodenoising,,,,,
brebul1,xc:206723,xc_206723,23,0.0,0.46,biodenoising,,,,,
brebul1,xc:206723,xc_206723,28,0.0,2.63,biodenoising,,,,,
brebul1,xc:285857,xc_285857,0,0.0,0.99,biodenoising,,,,,
brebul1,xc:285857,xc_285857,1,0.0,1.08,biodenoising,,,,,
brebul1,xc:285857,xc_285857,7,0.0,1.51,biodenoising,,,,,
brebul1,xc:285857,xc_285857,16,0.0,4.81,biodenoising,,,,,
brebul1,xc:464610,xc_464610,3,0.0,1.86,biodenoising,,,,,
brebul1,xc:464610,xc_464610,5,0.0,1.76,biodenoising,,,,,
brebul1,xc:464610,xc_464610,11,0.0,1.44,biodenoising,,,,,
brebul1,xc:464610,xc_464610,13,0.0,1.13,biodenoising,,,,,
brebul1,xc:464610,xc_464610,33,0.0,2.58,biodenoising,,,,,
brebul1,xc:466085,xc_466085,0,0.0,0.31,biodenoising,,,,,
brebul1,xc:466085,xc_466085,1,0.0,2.88,biodenoising,,,,,
brebul1,xc:551615,xc_551615,3,0.0,1.86,biodenoising,,,,,
brebul1,xc:551615,xc_551615,21,0.0,4.27,biodenoising,,,,,
brebul1,xc:551615,xc_551615,22,0.0,0.31,biodenoising,,,,,
brebul1,xc:551615,xc_551615,50,0.0,1.32,biodenoising,,,,,
brebul1,xc:551615,xc_551615,68,0.0,0.99,biodenoising,,,,,
brebul1,xc:551617,xc_551617,3,0.0,0.88,biodenoising,,,,,
brebul1,xc:551617,xc_551617,4,0.0,1.11,biodenoising,,,,,
brebul1,xc:551619,xc_551619,14,0.0,0.62,biodenoising,,,,,
brebul1,xc:551619,xc_551619,16,0.0,1.56,biodenoising,,,,,
brebul1,xc:551619,xc_551619,17,0.0,0.63,biodenoising,,,,,
brebul1,xc:551619,xc_551619,19,0.0,0.61,biodenoising,,,,,
brebul1,xc:551619,xc_551619,20,0.0,0.54,biodenoising,,,,,
brebul1,xc:551620,xc_551620,2,0.0,0.39,biodenoising,,,,,
brebul1,xc:551620,xc_551620,8,0.0,0.39,biodenoising,,,,,
brebul1,xc:551620,xc_551620,9,0.0,0.41,biodenoising,,,,,
brebul1,xc:551620,xc_551620,11,0.0,3.36,biodenoising,,,,,
brebul1,xc:551620,xc_551620,12,0.0,0.8,biodenoising,,,,,
brebul1,xc:578805,xc_578805,0,0.0,1.53,biodenoising,,,,,
brebul1,xc:578805,xc_578805,1,0.0,1.29,biodenoising,,,,,
brebul1,xc:578805,xc_578805,22,0.0,1.24,biodenoising,,,,,
brebul1,xc:834175,xc_834175,0,0.0,4.09,biodenoising,,,,,
brebul1,xc:834175,xc_834175,11,0.0,4.17,biodenoising,,,,,
brebul1,xc:834175,xc_834175,36,0.0,0.85,biodenoising,,,,,
brebul1,xc:834175,xc_834175,40,0.0,0.85,biodenoising,,,,,
brebul1,xc:834175,xc_834175,65,0.0,4.63,biodenoising,,,,,
brebul1,xc:915184,xc_915184,0,0.0,8.0,biodenoising,,,,,
brebul1,xc:915184,xc_915184,1,0.0,3.1,biodenoising,,,,,
brebul1,xc:915184,xc_915184,2,0.0,2.96,biodenoising,,,,,
brebul1,xc:915184,xc_915184,4,0.0,1.42,biodenoising,,,,,
brebul1,xc:915185,xc_915185,3,0.0,0.31,biodenoising,,,,,
brebul1,xc:915185,xc_915185,5,0.0,0.64,biodenoising,,,,,
brebul1,xc:915185,xc_915185,6,0.0,0.79,biodenoising,,,,,
buhshr1,xc:1052423,xc_1052423,17,0.0,0.12,biodenoising,,,,,
buhshr1,xc:1052423,xc_1052423,24,0.0,0.12,biodenoising,,,,,
buhshr1,xc:1052423,xc_1052423,29,0.0,0.14,biodenoising,,,,,
buhshr1,xc:1052423,xc_1052423,30,0.0,0.11,biodenoising,,,,,
buhshr1,xc:1052423,xc_1052423,40,0.0,0.09,biodenoising,,,,,
buhshr1,xc:194693,xc_194693,3,0.0,0.72,biodenoising,,,,,
buhshr1,xc:194693,xc_194693,4,0.0,0.3,biodenoising,,,,,
buhshr1,xc:194693,xc_194693,5,0.0,0.29,biodenoising,,,,,
buhshr1,xc:194693,xc_194693,7,0.0,0.32,biodenoising,,,,,
buhshr1,xc:194693,xc_194693,8,0.0,0.34,biodenoising,,,,,
buhshr1,xc:194695,xc_194695,0,0.0,7.74,biodenoising,,,,,
buhshr1,xc:194870,xc_194870,0,0.0,8.0,biodenoising,,,,,
buhshr1,xc:194870,xc_194870,1,0.0,2.55,biodenoising,,,,,
buhshr1,xc:260142,xc_260142,1,0.0,0.47,biodenoising,,,,,
buhshr1,xc:260142,xc_260142,20,0.0,0.53,biodenoising,,,,,
buhshr1,xc:260142,xc_260142,21,0.0,1.04,biodenoising,,,,,
buhshr1,xc:260142,xc_260142,25,0.0,1.32,biodenoising,,,,,
buhshr1,xc:260142,xc_260142,28,0.0,2.3,biodenoising,,,,,
buhshr1,xc:635573,xc_635573,3,0.0,0.13,biodenoising,,,,,
buhshr1,xc:635573,xc_635573,6,0.0,1.14,biodenoising,,,,,
buhshr1,xc:635573,xc_635573,7,0.0,0.15,biodenoising,,,,,
buhshr1,xc:635573,xc_635573,10,0.0,0.07,biodenoising,,,,,
buhshr1,xc:793918,xc_793918,13,0.0,0.21,biodenoising,,,,,
buhshr1,xc:793918,xc_793918,14,0.0,0.21,biodenoising,,,,,
buhshr1,xc:793918,xc_793918,17,0.0,0.25,biodenoising,,,,,
buhshr1,xc:793925,xc_793925,3,0.0,3.74,biodenoising,,,,,
buhshr1,xc:793926,xc_793926,1,0.0,0.23,biodenoising,,,,,
buhshr1,xc:841025,xc_841025,16,0.0,0.18,biodenoising,,,,,
buhshr1,xc:841025,xc_841025,17,0.0,0.16,biodenoising,,,,,
buhshr1,xc:841025,xc_841025,18,0.0,0.19,biodenoising,,,,,
buhshr1,xc:841025,xc_841025,20,0.0,0.17,biodenoising,,,,,
buhshr1,xc:841025,xc_841025,25,0.0,0.17,biodenoising,,,,,
buhshr1,xc:842854,xc_842854,20,0.0,0.28,biodenoising,,,,,
buhshr1,xc:842854,xc_842854,22,0.0,0.09,biodenoising,,,,,
buhshr1,xc:842854,xc_842854,23,0.0,0.61,biodenoising,,,,,
buhshr1,xc:842854,xc_842854,26,0.0,0.05,biodenoising,,,,,
buhshr1,xc:842854,xc_842854,27,0.0,0.06,biodenoising,,,,,
buhshr1,xc:88961,xc_88961,1,0.0,0.93,biodenoising,,,,,
buhshr1,xc:88961,xc_88961,2,0.0,0.12,biodenoising,,,,,
buhshr1,xc:88961,xc_88961,5,0.0,0.75,biodenoising,,,,,
buhshr1,xc:88961,xc_88961,6,0.0,0.58,biodenoising,,,,,
buhshr1,xc:88961,xc_88961,9,0.0,0.91,biodenoising,,,,,
buhshr1,xc:954180,xc_954180,5,0.0,0.13,biodenoising,,,,,
buhshr1,xc:954180,xc_954180,37,0.0,0.2,biodenoising,,,,,
buhshr1,xc:954180,xc_954180,41,0.0,0.32,biodenoising,,,,,
buhshr1,xc:954180,xc_954180,42,0.0,0.26,biodenoising,,,,,
buhshr1,xc:954180,xc_954180,44,0.0,0.14,biodenoising,,,,,
burthr,xc:1063823,xc_1063823,6,0.0,0.14,biodenoising,,,,,
burthr,xc:1063823,xc_1063823,14,0.0,0.33,biodenoising,,,,,
burthr,xc:134325,xc_134325,8,0.0,2.05,biodenoising,,,,,
burthr,xc:134325,xc_134325,10,0.0,8.0,biodenoising,,,,,
burthr,xc:134325,xc_134325,20,0.0,4.76,biodenoising,,,,,
burthr,xc:134325,xc_134325,21,0.0,8.0,biodenoising,,,,,
burthr,xc:134325,xc_134325,70,0.0,3.11,biodenoising,,,,,
burthr,xc:134330,xc_134330,4,0.0,1.31,biodenoising,,,,,
burthr,xc:134330,xc_134330,21,0.0,1.88,biodenoising,,,,,
burthr,xc:134330,xc_134330,85,0.0,2.11,biodenoising,,,,,
burthr,xc:134330,xc_134330,95,0.0,1.54,biodenoising,,,,,
burthr,xc:134330,xc_134330,99,0.0,2.07,biodenoising,,,,,
burthr,xc:148436,xc_148436,3,0.0,1.41,biodenoising,,,,,
burthr,xc:148436,xc_148436,30,0.0,2.67,biodenoising,,,,,
burthr,xc:148436,xc_148436,31,0.0,1.39,biodenoising,,,,,
burthr,xc:148436,xc_148436,32,0.0,1.39,biodenoising,,,,,
burthr,xc:148436,xc_148436,33,0.0,1.22,biodenoising,,,,,
burthr,xc:310120,xc_310120,11,0.0,3.03,biodenoising,,,,,
burthr,xc:310120,xc_310120,25,0.0,1.35,biodenoising,,,,,
burthr,xc:310120,xc_310120,37,0.0,3.07,biodenoising,,,,,
burthr,xc:310120,xc_310120,73,0.0,0.67,biodenoising,,,,,
burthr,xc:310120,xc_310120,76,0.0,0.17,biodenoising,,,,,
burthr,xc:411661,xc_411661,4,0.0,0.17,biodenoising,,,,,
burthr,xc:411661,xc_411661,5,0.0,1.65,biodenoising,,,,,
burthr,xc:411661,xc_411661,18,0.0,1.62,biodenoising,,,,,
burthr,xc:411661,xc_411661,38,0.0,1.54,biodenoising,,,,,
burthr,xc:411661,xc_411661,44,0.0,1.92,biodenoising,,,,,
burthr,xc:417711,xc_417711,6,0.0,2.77,biodenoising,,,,,
burthr,xc:417711,xc_417711,46,0.0,3.26,biodenoising,,,,,
burthr,xc:417711,xc_417711,117,0.0,1.39,biodenoising,,,,,
burthr,xc:417711,xc_417711,120,0.0,0.75,biodenoising,,,,,
burthr,xc:417711,xc_417711,127,0.0,5.04,biodenoising,,,,,
burthr,xc:472199,xc_472199,171,0.0,0.25,biodenoising,,,,,
burthr,xc:472199,xc_472199,172,0.0,0.07,biodenoising,,,,,
burthr,xc:472199,xc_472199,173,0.0,0.57,biodenoising,,,,,
burthr,xc:474444,xc_474444,1,0.0,2.86,biodenoising,,,,,
burthr,xc:474444,xc_474444,7,0.0,2.78,biodenoising,,,,,
burthr,xc:474444,xc_474444,10,0.0,3.89,biodenoising,,,,,
burthr,xc:474444,xc_474444,13,0.0,1.57,biodenoising,,,,,
burthr,xc:474444,xc_474444,16,0.0,1.93,biodenoising,,,,,
burthr,xc:697948,xc_697948,2,0.0,3.47,biodenoising,,,,,
burthr,xc:697948,xc_697948,4,0.0,1.56,biodenoising,,,,,
burthr,xc:916327,xc_916327,18,0.0,0.69,biodenoising,,,,,
burthr,xc:916327,xc_916327,21,0.0,0.84,biodenoising,,,,,
burthr,xc:916327,xc_916327,27,0.0,1.05,biodenoising,,,,,
burthr,xc:916327,xc_916327,168,0.0,0.79,biodenoising,,,,,
burthr,xc:916327,xc_916327,199,0.0,1.14,biodenoising,,,,,
burthr,xc:921485,xc_921485,2,0.0,0.63,biodenoising,,,,,
burthr,xc:921485,xc_921485,3,0.0,0.46,biodenoising,,,,,
burthr,xc:972364,xc_972364,2,0.0,0.05,biodenoising,,,,,
burthr,xc:972364,xc_972364,15,0.0,0.08,biodenoising,,,,,
burthr,xc:972364,xc_972364,16,0.0,0.38,biodenoising,,,,,
burthr,xc:972364,xc_972364,24,0.0,0.26,biodenoising,,,,,
burthr,xc:972364,xc_972364,25,0.0,0.09,biodenoising,,,,,
carcro1,xc:1079008,xc_1079008,1,0.0,0.89,biodenoising,,,,,
carcro1,xc:1079008,xc_1079008,2,0.0,0.9,biodenoising,,,,,
carcro1,xc:1079008,xc_1079008,3,0.0,0.9,biodenoising,,,,,
carcro1,xc:1079008,xc_1079008,4,0.0,0.89,biodenoising,,,,,
carcro1,xc:1079008,xc_1079008,5,0.0,0.89,biodenoising,,,,,
carcro1,xc:138017,xc_138017,1,0.0,4.67,biodenoising,,,,,
carcro1,xc:138017,xc_138017,6,0.0,2.82,biodenoising,,,,,
carcro1,xc:138017,xc_138017,9,0.0,8.0,biodenoising,,,,,
carcro1,xc:138017,xc_138017,16,0.0,0.97,biodenoising,,,,,
carcro1,xc:138017,xc_138017,17,0.0,1.23,biodenoising,,,,,
carcro1,xc:411472,xc_411472,0,0.0,1.01,biodenoising,,,,,
carcro1,xc:411472,xc_411472,1,0.0,0.84,biodenoising,,,,,
carcro1,xc:411472,xc_411472,7,0.0,2.32,biodenoising,,,,,
carcro1,xc:482395,xc_482395,59,0.0,1.19,biodenoising,,,,,
carcro1,xc:490186,xc_490186,3,0.0,2.9,biodenoising,,,,,
carcro1,xc:490186,xc_490186,5,0.0,8.0,biodenoising,,,,,
carcro1,xc:490186,xc_490186,7,0.0,0.6,biodenoising,,,,,
carcro1,xc:490186,xc_490186,9,0.0,0.76,biodenoising,,,,,
carcro1,xc:490186,xc_490186,17,0.0,1.56,biodenoising,,,,,
carcro1,xc:509842,xc_509842,0,0.0,0.55,biodenoising,,,,,
carcro1,xc:509842,xc_509842,1,0.0,0.6,biodenoising,,,,,
carcro1,xc:509842,xc_509842,2,0.0,0.54,biodenoising,,,,,
carcro1,xc:509842,xc_509842,3,0.0,0.53,biodenoising,,,,,
carcro1,xc:511980,xc_511980,1,0.0,0.44,biodenoising,,,,,
carcro1,xc:536578,xc_536578,5,0.0,1.91,biodenoising,,,,,
carcro1,xc:536578,xc_536578,6,0.0,0.76,biodenoising,,,,,
carcro1,xc:556994,xc_556994,1,0.0,0.9,biodenoising,,,,,
carcro1,xc:556994,xc_556994,4,0.0,0.71,biodenoising,,,,,
carcro1,xc:556994,xc_556994,6,0.0,0.56,biodenoising,,,,,
carcro1,xc:556994,xc_556994,11,0.0,0.7,biodenoising,,,,,
carcro1,xc:556994,xc_556994,25,0.0,0.62,biodenoising,,,,,
carcro1,xc:576943,xc_576943,7,0.0,0.71,biodenoising,,,,,
carcro1,xc:576943,xc_576943,8,0.0,0.61,biodenoising,,,,,
carcro1,xc:576943,xc_576943,11,0.0,0.56,biodenoising,,,,,
carcro1,xc:576943,xc_576943,15,0.0,0.58,biodenoising,,,,,
carcro1,xc:576943,xc_576943,18,0.0,0.51,biodenoising,,,,,
carcro1,xc:635134,xc_635134,1,0.0,3.06,biodenoising,,,,,
carcro1,xc:678776,xc_678776,2,0.0,0.36,biodenoising,,,,,
carcro1,xc:678776,xc_678776,3,0.0,0.34,biodenoising,,,,,
carcro1,xc:678776,xc_678776,4,0.0,0.39,biodenoising,,,,,
carcro1,xc:678776,xc_678776,5,0.0,0.6,biodenoising,,,,,
carcro1,xc:745101,xc_745101,45,0.0,0.36,biodenoising,,,,,
carcro1,xc:745101,xc_745101,57,0.0,0.38,biodenoising,,,,,
carcro1,xc:745101,xc_745101,64,0.0,0.37,biodenoising,,,,,
carcro1,xc:745101,xc_745101,116,0.0,0.37,biodenoising,,,,,
carcro1,xc:745101,xc_745101,133,0.0,0.39,biodenoising,,,,,
carcro1,xc:758902,xc_758902,11,0.0,1.84,biodenoising,,,,,
carcro1,xc:758902,xc_758902,12,0.0,0.41,biodenoising,,,,,
carcro1,xc:785592,xc_785592,0,0.0,1.0,biodenoising,,,,,
carcro1,xc:785592,xc_785592,1,0.0,1.49,biodenoising,,,,,
carcro1,xc:785592,xc_785592,7,0.0,0.48,biodenoising,,,,,
carcro1,xc:785592,xc_785592,11,0.0,1.43,biodenoising,,,,,
carcro1,xc:785592,xc_785592,19,0.0,1.89,biodenoising,,,,,
carcro1,xc:879243,xc_879243,0,0.0,2.76,biodenoising,,,,,
carcro1,xc:879243,xc_879243,2,0.0,0.79,biodenoising,,,,,
carcro1,xc:879243,xc_879243,4,0.0,0.73,biodenoising,,,,,
carcro1,xc:879243,xc_879243,6,0.0,0.18,biodenoising,,,,,
carcro1,xc:879243,xc_879243,7,0.0,0.12,biodenoising,,,,,
carcro1,xc:936225,xc_936225,1,0.0,0.39,biodenoising,,,,,
carcro1,xc:936225,xc_936225,6,0.0,0.67,biodenoising,,,,,
carcro1,xc:936225,xc_936225,7,0.0,0.55,biodenoising,,,,,
carcro1,xc:936225,xc_936225,8,0.0,0.56,biodenoising,,,,,
carcro1,xc:936225,xc_936225,9,0.0,0.45,biodenoising,,,,,
cintit13,xc:1030710,xc_1030710,21,0.0,5.59,biodenoising,,,,,
cintit13,xc:1030710,xc_1030710,24,0.0,1.16,biodenoising,,,,,
cintit13,xc:105150,xc_105150,1,0.0,0.76,biodenoising,,,,,
cintit13,xc:105150,xc_105150,3,0.0,0.79,biodenoising,,,,,
cintit13,xc:105150,xc_105150,9,0.0,0.5,biodenoising,,,,,
cintit13,xc:166690,xc_166690,0,0.0,0.62,biodenoising,,,,,
cintit13,xc:166690,xc_166690,2,0.0,2.1,biodenoising,,,,,
cintit13,xc:166690,xc_166690,15,0.0,0.8,biodenoising,,,,,
cintit13,xc:207133,xc_207133,0,0.0,0.82,biodenoising,,,,,
cintit13,xc:207133,xc_207133,12,0.0,0.61,biodenoising,,,,,
cintit13,xc:207133,xc_207133,14,0.0,0.17,biodenoising,,,,,
cintit13,xc:207133,xc_207133,43,0.0,1.34,biodenoising,,,,,
cintit13,xc:207133,xc_207133,46,0.0,1.48,biodenoising,,,,,
cintit13,xc:241629,xc_241629,1,0.0,1.55,biodenoising,,,,,
cintit13,xc:241629,xc_241629,2,0.0,1.36,biodenoising,,,,,
cintit13,xc:241629,xc_241629,11,0.0,1.92,biodenoising,,,,,
cintit13,xc:241629,xc_241629,15,0.0,1.4,biodenoising,,,,,
cintit13,xc:241629,xc_241629,18,0.0,1.43,biodenoising,,,,,
cintit13,xc:319792,xc_319792,6,0.0,0.65,biodenoising,,,,,
cintit13,xc:319792,xc_319792,10,0.0,0.8,biodenoising,,,,,
cintit13,xc:319792,xc_319792,15,0.0,0.71,biodenoising,,,,,
cintit13,xc:319792,xc_319792,17,0.0,0.88,biodenoising,,,,,
cintit13,xc:319792,xc_319792,23,0.0,0.68,biodenoising,,,,,
cintit13,xc:319962,xc_319962,3,0.0,1.25,biodenoising,,,,,
cintit13,xc:319962,xc_319962,9,0.0,1.19,biodenoising,,,,,
cintit13,xc:319962,xc_319962,11,0.0,1.18,biodenoising,,,,,
cintit13,xc:319962,xc_319962,15,0.0,1.28,biodenoising,,,,,
cintit13,xc:319962,xc_319962,23,0.0,1.12,biodenoising,,,,,
cintit13,xc:400301,xc_400301,1,0.0,0.75,biodenoising,,,,,
cintit13,xc:400301,xc_400301,3,0.0,0.29,biodenoising,,,,,
cintit13,xc:461986,xc_461986,1,0.0,3.54,biodenoising,,,,,
cintit13,xc:461986,xc_461986,2,0.0,1.33,biodenoising,,,,,
cintit13,xc:531958,xc_531958,6,0.0,1.02,biodenoising,,,,,
cintit13,xc:531958,xc_531958,9,0.0,1.19,biodenoising,,,,,
cintit13,xc:531958,xc_531958,11,0.0,1.28,biodenoising,,,,,
cintit13,xc:531958,xc_531958,12,0.0,1.18,biodenoising,,,,,
cintit13,xc:531958,xc_531958,23,0.0,0.18,biodenoising,,,,,
cintit13,xc:582929,xc_582929,5,0.0,1.16,biodenoising,,,,,
cintit13,xc:582929,xc_582929,14,0.0,1.04,biodenoising,,,,,
cintit13,xc:582929,xc_582929,39,0.0,0.82,biodenoising,,,,,
cintit13,xc:582929,xc_582929,48,0.0,0.81,biodenoising,,,,,
cintit13,xc:582929,xc_582929,60,0.0,0.73,biodenoising,,,,,
cintit13,xc:625316,xc_625316,5,0.0,3.56,biodenoising,,,,,
cintit13,xc:625316,xc_625316,9,0.0,5.45,biodenoising,,,,,
cintit13,xc:625316,xc_625316,15,0.0,5.47,biodenoising,,,,,
cintit13,xc:625316,xc_625316,28,0.0,4.87,biodenoising,,,,,
cintit13,xc:625316,xc_625316,33,0.0,3.08,biodenoising,,,,,
cintit13,xc:625317,xc_625317,0,0.0,2.64,biodenoising,,,,,
cintit13,xc:625317,xc_625317,1,0.0,2.63,biodenoising,,,,,
cintit13,xc:625317,xc_625317,3,0.0,2.45,biodenoising,,,,,
cintit13,xc:625317,xc_625317,5,0.0,1.92,biodenoising,,,,,
cintit13,xc:625317,xc_625317,7,0.0,2.22,biodenoising,,,,,
cintit13,xc:777400,xc_777400,1,0.0,3.58,biodenoising,,,,,
cintit13,xc:777400,xc_777400,22,0.0,3.92,biodenoising,,,,,
cintit13,xc:777400,xc_777400,30,0.0,2.53,biodenoising,,,,,
cintit13,xc:777400,xc_777400,41,0.0,4.33,biodenoising,,,,,
cintit13,xc:777400,xc_777400,55,0.0,4.95,biodenoising,,,,,
cintit13,xc:889843,xc_889843,37,0.0,0.8,biodenoising,,,,,
cintit13,xc:889843,xc_889843,192,0.0,0.14,biodenoising,,,,,
cintit13,xc:889843,xc_889843,204,0.0,0.58,biodenoising,,,,,
cintit13,xc:889843,xc_889843,226,0.0,0.53,biodenoising,,,,,
cintit13,xc:889843,xc_889843,235,0.0,0.54,biodenoising,,,,,
comkin1,xc:118166,xc_118166,7,0.0,0.57,biodenoising,,,,,
comkin1,xc:118166,xc_118166,16,0.0,1.25,biodenoising,,,,,
comkin1,xc:118166,xc_118166,18,0.0,0.23,biodenoising,,,,,
comkin1,xc:118166,xc_118166,19,0.0,0.55,biodenoising,,,,,
comkin1,xc:118166,xc_118166,23,0.0,0.28,biodenoising,,,,,
comkin1,xc:185682,xc_185682,0,0.0,3.21,biodenoising,,,,,
comkin1,xc:185682,xc_185682,1,0.0,4.76,biodenoising,,,,,
comkin1,xc:185682,xc_185682,4,0.0,0.72,biodenoising,,,,,
comkin1,xc:185682,xc_185682,9,0.0,0.62,biodenoising,,,,,
comkin1,xc:185682,xc_185682,16,0.0,0.47,biodenoising,,,,,
comkin1,xc:282763,xc_282763,0,0.0,0.19,biodenoising,,,,,
comkin1,xc:282763,xc_282763,1,0.0,0.5,biodenoising,,,,,
comkin1,xc:282763,xc_282763,2,0.0,0.39,biodenoising,,,,,
comkin1,xc:282763,xc_282763,3,0.0,0.14,biodenoising,,,,,
comkin1,xc:282763,xc_282763,5,0.0,0.19,biodenoising,,,,,
comkin1,xc:288219,xc_288219,6,0.0,0.41,biodenoising,,,,,
comkin1,xc:288219,xc_288219,12,0.0,0.22,biodenoising,,,,,
comkin1,xc:288219,xc_288219,25,0.0,0.24,biodenoising,,,,,
comkin1,xc:288219,xc_288219,35,0.0,0.24,biodenoising,,,,,
comkin1,xc:288219,xc_288219,69,0.0,0.94,biodenoising,,,,,
comkin1,xc:462875,xc_462875,4,0.0,0.39,biodenoising,,,,,
comkin1,xc:462875,xc_462875,6,0.0,0.32,biodenoising,,,,,
comkin1,xc:462875,xc_462875,8,0.0,0.33,biodenoising,,,,,
comkin1,xc:462875,xc_462875,19,0.0,0.32,biodenoising,,,,,
comkin1,xc:462875,xc_462875,21,0.0,0.31,biodenoising,,,,,
comkin1,xc:466431,xc_466431,1,0.0,0.29,biodenoising,,,,,
comkin1,xc:466431,xc_466431,8,0.0,0.33,biodenoising,,,,,
comkin1,xc:466431,xc_466431,9,0.0,0.38,biodenoising,,,,,
comkin1,xc:466431,xc_466431,11,0.0,0.38,biodenoising,,,,,
comkin1,xc:466431,xc_466431,22,0.0,0.27,biodenoising,,,,,
comkin1,xc:502269,xc_502269,19,0.0,1.16,biodenoising,,,,,
comkin1,xc:502269,xc_502269,27,0.0,0.42,biodenoising,,,,,
comkin1,xc:502961,xc_502961,1,0.0,0.5,biodenoising,,,,,
comkin1,xc:529947,xc_529947,0,0.0,1.44,biodenoising,,,,,
comkin1,xc:529947,xc_529947,1,0.0,0.29,biodenoising,,,,,
comkin1,xc:529947,xc_529947,2,0.0,0.82,biodenoising,,,,,
comkin1,xc:529947,xc_529947,3,0.0,0.62,biodenoising,,,,,
comkin1,xc:529947,xc_529947,7,0.0,0.27,biodenoising,,,,,
comkin1,xc:544658,xc_544658,0,0.0,1.66,biodenoising,,,,,
comkin1,xc:544658,xc_544658,2,0.0,0.87,biodenoising,,,,,
comkin1,xc:544658,xc_544658,3,0.0,0.83,biodenoising,,,,,
comkin1,xc:580132,xc_580132,1,0.0,0.52,biodenoising,,,,,
comkin1,xc:580132,xc_580132,3,0.0,0.32,biodenoising,,,,,
comkin1,xc:587605,xc_587605,0,0.0,0.28,biodenoising,,,,,
comkin1,xc:587605,xc_587605,20,0.0,0.52,biodenoising,,,,,
comkin1,xc:587605,xc_587605,28,0.0,0.44,biodenoising,,,,,
comkin1,xc:587605,xc_587605,33,0.0,0.31,biodenoising,,,,,
comkin1,xc:587605,xc_587605,39,0.0,0.32,biodenoising,,,,,
comkin1,xc:757948,xc_757948,0,0.0,0.6,biodenoising,,,,,
comkin1,xc:757948,xc_757948,1,0.0,0.57,biodenoising,,,,,
comkin1,xc:800955,xc_800955,5,0.0,0.19,biodenoising,,,,,
comkin1,xc:800955,xc_800955,7,0.0,0.22,biodenoising,,,,,
comkin1,xc:800955,xc_800955,8,0.0,0.53,biodenoising,,,,,
comkin1,xc:800955,xc_800955,9,0.0,0.66,biodenoising,,,,,
comkin1,xc:800955,xc_800955,12,0.0,0.2,biodenoising,,,,,
comkin1,xc:929047,xc_929047,2,0.0,1.43,biodenoising,,,,,
comkin1,xc:929047,xc_929047,8,0.0,0.26,biodenoising,,,,,
comkin1,xc:929192,xc_929192,0,0.0,0.87,biodenoising,,,,,
comkin1,xc:929192,xc_929192,3,0.0,0.41,biodenoising,,,,,
comkin1,xc:929192,xc_929192,8,0.0,0.46,biodenoising,,,,,
comkin1,xc:931189,xc_931189,0,0.0,2.12,biodenoising,,,,,
comkin1,xc:931189,xc_931189,1,0.0,0.34,biodenoising,,,,,
comkin1,xc:931189,xc_931189,2,0.0,0.37,biodenoising,,,,,
comkin1,xc:931189,xc_931189,3,0.0,1.51,biodenoising,,,,,
comkin1,xc:931189,xc_931189,4,0.0,0.18,biodenoising,,,,,
compoc,xc:138166,xc_138166,0,0.0,4.44,biodenoising,,,,,
compoc,xc:270396,xc_270396,0,0.0,1.59,biodenoising,,,,,
compoc,xc:270396,xc_270396,1,0.0,0.67,biodenoising,,,,,
compoc,xc:270396,xc_270396,2,0.0,8.0,biodenoising,,,,,
compoc,xc:270396,xc_270396,6,0.0,1.44,biodenoising,,,,,
compoc,xc:270396,xc_270396,7,0.0,3.98,biodenoising,,,,,
compoc,xc:299728,xc_299728,5,0.0,0.2,biodenoising,,,,,
compoc,xc:299728,xc_299728,7,0.0,1.35,biodenoising,,,,,
compoc,xc:299728,xc_299728,14,0.0,2.65,biodenoising,,,,,
compoc,xc:299728,xc_299728,20,0.0,2.23,biodenoising,,,,,
compoc,xc:299728,xc_299728,70,0.0,1.09,biodenoising,,,,,
compoc,xc:368567,xc_368567,0,0.0,0.41,biodenoising,,,,,
compoc,xc:368567,xc_368567,2,0.0,0.31,biodenoising,,,,,
compoc,xc:368567,xc_368567,3,0.0,0.42,biodenoising,,,,,
compoc,xc:368567,xc_368567,4,0.0,0.51,biodenoising,,,,,
compoc,xc:368567,xc_368567,5,0.0,0.28,biodenoising,,,,,
compoc,xc:414488,xc_414488,6,0.0,0.43,biodenoising,,,,,
compoc,xc:414488,xc_414488,7,0.0,0.32,biodenoising,,,,,
compoc,xc:414488,xc_414488,8,0.0,0.39,biodenoising,,,,,
compoc,xc:414488,xc_414488,10,0.0,0.26,biodenoising,,,,,
compoc,xc:414488,xc_414488,14,0.0,0.38,biodenoising,,,,,
compoc,xc:484893,xc_484893,0,0.0,0.43,biodenoising,,,,,
compoc,xc:484893,xc_484893,1,0.0,0.49,biodenoising,,,,,
compoc,xc:484893,xc_484893,2,0.0,3.13,biodenoising,,,,,
compoc,xc:484893,xc_484893,3,0.0,1.96,biodenoising,,,,,
compoc,xc:484893,xc_484893,16,0.0,1.75,biodenoising,,,,,
compoc,xc:570725,xc_570725,1,0.0,0.32,biodenoising,,,,,
compoc,xc:570725,xc_570725,2,0.0,0.32,biodenoising,,,,,
compoc,xc:591953,xc_591953,1,0.0,1.78,biodenoising,,,,,
compoc,xc:609398,xc_609398,1,0.0,3.55,biodenoising,,,,,
compoc,xc:609398,xc_609398,8,0.0,8.0,biodenoising,,,,,
compoc,xc:609398,xc_609398,33,0.0,8.0,biodenoising,,,,,
compoc,xc:609398,xc_609398,34,0.0,8.0,biodenoising,,,,,
compoc,xc:609398,xc_609398,35,0.0,8.0,biodenoising,,,,,
compoc,xc:747381,xc_747381,0,0.0,0.99,biodenoising,,,,,
compoc,xc:747381,xc_747381,1,0.0,0.6,biodenoising,,,,,
compoc,xc:747381,xc_747381,6,0.0,0.25,biodenoising,,,,,
compoc,xc:747381,xc_747381,11,0.0,1.65,biodenoising,,,,,
compoc,xc:747381,xc_747381,12,0.0,0.94,biodenoising,,,,,
compoc,xc:769844,xc_769844,3,0.0,1.52,biodenoising,,,,,
compoc,xc:769844,xc_769844,10,0.0,0.35,biodenoising,,,,,
compoc,xc:769844,xc_769844,31,0.0,2.0,biodenoising,,,,,
compoc,xc:783964,xc_783964,11,0.0,1.72,biodenoising,,,,,
compoc,xc:797798,xc_797798,3,0.0,2.14,biodenoising,,,,,
compoc,xc:797798,xc_797798,9,0.0,1.63,biodenoising,,,,,
compoc,xc:797798,xc_797798,10,0.0,0.4,biodenoising,,,,,
compoc,xc:797798,xc_797798,11,0.0,0.38,biodenoising,,,,,
compoc,xc:797798,xc_797798,12,0.0,0.29,biodenoising,,,,,
compoc,xc:989573,xc_989573,2,0.0,4.5,biodenoising,,,,,
compoc,xc:989599,xc_989599,1,0.0,8.0,biodenoising,,,,,
compoc,xc:989599,xc_989599,16,0.0,0.44,biodenoising,,,,,
compoc,xc:989599,xc_989599,17,0.0,0.57,biodenoising,,,,,
compoc,xc:989599,xc_989599,18,0.0,0.42,biodenoising,,,,,
compoc,xc:989599,xc_989599,19,0.0,0.45,biodenoising,,,,,
compoc,xc:989980,xc_989980,4,0.0,1.87,biodenoising,,,,,
compoc,xc:994657,xc_994657,13,0.0,1.37,biodenoising,,,,,
compoc,xc:994657,xc_994657,25,0.0,2.84,biodenoising,,,,,
compoc,xc:994657,xc_994657,29,0.0,0.69,biodenoising,,,,,
comsan,xc:1042071,xc_1042071,10,0.0,0.21,biodenoising,,,,,
comsan,xc:1042071,xc_1042071,13,0.0,0.09,biodenoising,,,,,
comsan,xc:1042071,xc_1042071,22,0.0,0.95,biodenoising,,,,,
comsan,xc:1042071,xc_1042071,25,0.0,0.18,biodenoising,,,,,
comsan,xc:1042071,xc_1042071,26,0.0,0.46,biodenoising,,,,,
comsan,xc:1051594,xc_1051594,4,0.0,0.08,biodenoising,,,,,
comsan,xc:1051594,xc_1051594,5,0.0,1.09,biodenoising,,,,,
comsan,xc:1051594,xc_1051594,6,0.0,1.63,biodenoising,,,,,
comsan,xc:1051594,xc_1051594,12,0.0,0.14,biodenoising,,,,,
comsan,xc:1051594,xc_1051594,14,0.0,0.08,biodenoising,,,,,
comsan,xc:434109,xc_434109,0,0.0,0.52,biodenoising,,,,,
comsan,xc:503479,xc_503479,11,0.0,1.99,biodenoising,,,,,
comsan,xc:503479,xc_503479,17,0.0,0.22,biodenoising,,,,,
comsan,xc:503479,xc_503479,21,0.0,1.11,biodenoising,,,,,
comsan,xc:503479,xc_503479,46,0.0,1.26,biodenoising,,,,,
comsan,xc:503479,xc_503479,51,0.0,1.59,biodenoising,,,,,
comsan,xc:580687,xc_580687,40,0.0,1.66,biodenoising,,,,,
comsan,xc:599571,xc_599571,1,0.0,4.64,biodenoising,,,,,
comsan,xc:668902,xc_668902,0,0.0,0.62,biodenoising,,,,,
comsan,xc:668902,xc_668902,1,0.0,0.49,biodenoising,,,,,
comsan,xc:671980,xc_671980,8,0.0,1.36,biodenoising,,,,,
comsan,xc:671980,xc_671980,11,0.0,2.51,biodenoising,,,,,
comsan,xc:671980,xc_671980,15,0.0,2.59,biodenoising,,,,,
comsan,xc:671980,xc_671980,17,0.0,1.41,biodenoising,,,,,
comsan,xc:671980,xc_671980,21,0.0,1.98,biodenoising,,,,,
comsan,xc:686345,xc_686345,6,0.0,0.44,biodenoising,,,,,
comsan,xc:686345,xc_686345,9,0.0,0.12,biodenoising,,,,,
comsan,xc:686345,xc_686345,12,0.0,0.26,biodenoising,,,,,
comsan,xc:686345,xc_686345,13,0.0,0.09,biodenoising,,,,,
comsan,xc:686345,xc_686345,14,0.0,0.08,biodenoising,,,,,
comsan,xc:742036,xc_742036,0,0.0,0.38,biodenoising,,,,,
comsan,xc:743065,xc_743065,4,0.0,0.43,biodenoising,,,,,
comsan,xc:743065,xc_743065,5,0.0,0.44,biodenoising,,,,,
comsan,xc:743065,xc_743065,6,0.0,0.4,biodenoising,,,,,
comsan,xc:743065,xc_743065,13,0.0,0.73,biodenoising,,,,,
comsan,xc:743065,xc_743065,18,0.0,0.5,biodenoising,,,,,
comsan,xc:798178,xc_798178,3,0.0,3.36,biodenoising,,,,,
comsan,xc:798178,xc_798178,9,0.0,0.87,biodenoising,,,,,
comsan,xc:798178,xc_798178,13,0.0,0.37,biodenoising,,,,,
comsan,xc:839052,xc_839052,5,0.0,5.95,biodenoising,,,,,
comsan,xc:839052,xc_839052,24,0.0,1.52,biodenoising,,,,,
comsan,xc:839052,xc_839052,25,0.0,0.6,biodenoising,,,,,
comsan,xc:839052,xc_839052,28,0.0,0.7,biodenoising,,,,,
comsan,xc:839052,xc_839052,29,0.0,0.6,biodenoising,,,,,
comsan,xc:882521,xc_882521,0,0.0,0.06,biodenoising,,,,,
comsan,xc:882521,xc_882521,5,0.0,0.37,biodenoising,,,,,
comsan,xc:894340,xc_894340,4,0.0,0.66,biodenoising,,,,,
comsan,xc:900380,xc_900380,0,0.0,0.82,biodenoising,,,,,
comsan,xc:900380,xc_900380,1,0.0,0.12,biodenoising,,,,,
comsan,xc:900380,xc_900380,2,0.0,0.8,biodenoising,,,,,
comsan,xc:900380,xc_900380,3,0.0,0.12,biodenoising,,,,,
comsan,xc:995987,xc_995987,0,0.0,1.37,biodenoising,,,,,
daured1,xc:1052253,xc_1052253,12,0.0,0.34,biodenoising,,,,,
daured1,xc:1052253,xc_1052253,52,0.0,0.2,biodenoising,,,,,
daured1,xc:1052253,xc_1052253,57,0.0,0.33,biodenoising,,,,,
daured1,xc:1052253,xc_1052253,58,0.0,0.19,biodenoising,,,,,
daured1,xc:1052253,xc_1052253,59,0.0,0.18,biodenoising,,,,,
daured1,xc:113350,xc_113350,1,0.0,1.86,biodenoising,,,,,
daured1,xc:113350,xc_113350,12,0.0,2.57,biodenoising,,,,,
daured1,xc:113350,xc_113350,28,0.0,1.92,biodenoising,,,,,
daured1,xc:113350,xc_113350,41,0.0,2.19,biodenoising,,,,,
daured1,xc:113350,xc_113350,53,0.0,1.64,biodenoising,,,,,
daured1,xc:194873,xc_194873,2,0.0,8.0,biodenoising,,,,,
daured1,xc:194873,xc_194873,3,0.0,8.0,biodenoising,,,,,
daured1,xc:423316,xc_423316,14,0.0,1.23,biodenoising,,,,,
daured1,xc:423316,xc_423316,15,0.0,1.22,biodenoising,,,,,
daured1,xc:423316,xc_423316,17,0.0,1.35,biodenoising,,,,,
daured1,xc:423316,xc_423316,20,0.0,1.45,biodenoising,,,,,
daured1,xc:423316,xc_423316,21,0.0,1.16,biodenoising,,,,,
daured1,xc:438628,xc_438628,25,0.0,0.23,biodenoising,,,,,
daured1,xc:438628,xc_438628,26,0.0,0.2,biodenoising,,,,,
daured1,xc:438628,xc_438628,27,0.0,0.2,biodenoising,,,,,
daured1,xc:438628,xc_438628,31,0.0,0.29,biodenoising,,,,,
daured1,xc:438628,xc_438628,32,0.0,0.25,biodenoising,,,,,
daured1,xc:457952,xc_457952,5,0.0,1.53,biodenoising,,,,,
daured1,xc:457952,xc_457952,33,0.0,1.41,biodenoising,,,,,
daured1,xc:457952,xc_457952,38,0.0,1.28,biodenoising,,,,,
daured1,xc:457952,xc_457952,43,0.0,1.7,biodenoising,,,,,
daured1,xc:457952,xc_457952,63,0.0,1.49,biodenoising,,,,,
daured1,xc:61977,xc_61977,0,0.0,8.0,biodenoising,,,,,
daured1,xc:61977,xc_61977,1,0.0,6.89,biodenoising,,,,,
daured1,xc:718401,xc_718401,0,0.0,2.15,biodenoising,,,,,
daured1,xc:718401,xc_718401,10,0.0,2.32,biodenoising,,,,,
daured1,xc:718401,xc_718401,13,0.0,2.74,biodenoising,,,,,
daured1,xc:718401,xc_718401,24,0.0,2.61,biodenoising,,,,,
daured1,xc:718401,xc_718401,26,0.0,3.85,biodenoising,,,,,
daured1,xc:760656,xc_760656,15,0.0,0.49,biodenoising,,,,,
daured1,xc:760656,xc_760656,41,0.0,0.35,biodenoising,,,,,
daured1,xc:760658,xc_760658,4,0.0,0.35,biodenoising,,,,,
daured1,xc:760658,xc_760658,6,0.0,0.3,biodenoising,,,,,
daured1,xc:760658,xc_760658,13,0.0,0.3,biodenoising,,,,,
daured1,xc:760658,xc_760658,14,0.0,0.3,biodenoising,,,,,
daured1,xc:760658,xc_760658,41,0.0,0.21,biodenoising,,,,,
daured1,xc:835735,xc_835735,0,0.0,1.65,biodenoising,,,,,
daured1,xc:835735,xc_835735,2,0.0,2.48,biodenoising,,,,,
daured1,xc:835735,xc_835735,4,0.0,0.7,biodenoising,,,,,
daured1,xc:835735,xc_835735,6,0.0,0.7,biodenoising,,,,,
daured1,xc:918844,xc_918844,5,0.0,8.0,biodenoising,,,,,
daured1,xc:918844,xc_918844,6,0.0,2.04,biodenoising,,,,,
daured1,xc:918844,xc_918844,23,0.0,1.48,biodenoising,,,,,
daured1,xc:918844,xc_918844,26,0.0,1.7,biodenoising,,,,,
daured1,xc:977650,xc_977650,12,0.0,0.12,biodenoising,,,,,
daured1,xc:977650,xc_977650,31,0.0,0.27,biodenoising,,,,,
daured1,xc:977650,xc_977650,32,0.0,0.08,biodenoising,,,,,
daured1,xc:977650,xc_977650,55,0.0,0.13,biodenoising,,,,,
daured1,xc:977650,xc_977650,71,0.0,0.21,biodenoising,,,,,
dusthr2,xc:115098,xc_115098,4,0.0,0.56,biodenoising,,,,,
dusthr2,xc:115098,xc_115098,47,0.0,0.5,biodenoising,,,,,
dusthr2,xc:115098,xc_115098,48,0.0,0.46,biodenoising,,,,,
dusthr2,xc:115098,xc_115098,70,0.0,0.62,biodenoising,,,,,
dusthr2,xc:115098,xc_115098,90,0.0,0.7,biodenoising,,,,,
dusthr2,xc:268111,xc_268111,5,0.0,1.41,biodenoising,,,,,
dusthr2,xc:393463,xc_393463,49,0.0,0.45,biodenoising,,,,,
dusthr2,xc:393463,xc_393463,66,0.0,0.22,biodenoising,,,,,
dusthr2,xc:393463,xc_393463,75,0.0,0.49,biodenoising,,,,,
dusthr2,xc:393463,xc_393463,93,0.0,0.32,biodenoising,,,,,
dusthr2,xc:393463,xc_393463,101,0.0,0.27,biodenoising,,,,,
dusthr2,xc:438228,xc_438228,13,0.0,0.58,biodenoising,,,,,
dusthr2,xc:438228,xc_438228,28,0.0,0.4,biodenoising,,,,,
dusthr2,xc:438228,xc_438228,33,0.0,0.85,biodenoising,,,,,
dusthr2,xc:438228,xc_438228,34,0.0,0.69,biodenoising,,,,,
dusthr2,xc:542133,xc_542133,1,0.0,0.45,biodenoising,,,,,
dusthr2,xc:542133,xc_542133,8,0.0,0.14,biodenoising,,,,,
dusthr2,xc:542133,xc_542133,9,0.0,1.08,biodenoising,,,,,
dusthr2,xc:542133,xc_542133,12,0.0,0.17,biodenoising,,,,,
dusthr2,xc:675169,xc_675169,3,0.0,0.64,biodenoising,,,,,
dusthr2,xc:675169,xc_675169,10,0.0,0.57,biodenoising,,,,,
dusthr2,xc:675169,xc_675169,17,0.0,0.88,biodenoising,,,,,
dusthr2,xc:675169,xc_675169,20,0.0,0.43,biodenoising,,,,,
dusthr2,xc:675169,xc_675169,22,0.0,1.18,biodenoising,,,,,
dusthr2,xc:675170,xc_675170,4,0.0,1.4,biodenoising,,,,,
dusthr2,xc:675170,xc_675170,32,0.0,0.13,biodenoising,,,,,
dusthr2,xc:675170,xc_675170,33,0.0,0.34,biodenoising,,,,,
dusthr2,xc:675170,xc_675170,34,0.0,0.1,biodenoising,,,,,
dusthr2,xc:675170,xc_675170,35,0.0,0.31,biodenoising,,,,,
dusthr2,xc:675303,xc_675303,0,0.0,2.75,biodenoising,,,,,
dusthr2,xc:675303,xc_675303,1,0.0,3.75,biodenoising,,,,,
dusthr2,xc:675303,xc_675303,2,0.0,0.77,biodenoising,,,,,
dusthr2,xc:675303,xc_675303,3,0.0,0.94,biodenoising,,,,,
dusthr2,xc:675303,xc_675303,5,0.0,0.91,biodenoising,,,,,
dusthr2,xc:675617,xc_675617,2,0.0,0.17,biodenoising,,,,,
dusthr2,xc:675617,xc_675617,14,0.0,0.17,biodenoising,,,,,
dusthr2,xc:675617,xc_675617,15,0.0,0.17,biodenoising,,,,,
dusthr2,xc:675617,xc_675617,28,0.0,0.42,biodenoising,,,,,
dusthr2,xc:675617,xc_675617,39,0.0,0.54,biodenoising,,,,,
dusthr2,xc:708724,xc_708724,14,0.0,0.47,biodenoising,,,,,
dusthr2,xc:708724,xc_708724,17,0.0,0.62,biodenoising,,,,,
dusthr2,xc:727839,xc_727839,0,0.0,0.45,biodenoising,,,,,
dusthr2,xc:893034,xc_893034,15,0.0,0.5,biodenoising,,,,,
dusthr2,xc:893034,xc_893034,19,0.0,0.47,biodenoising,,,,,
dusthr2,xc:893034,xc_893034,26,0.0,0.43,biodenoising,,,,,
dusthr2,xc:979887,xc_979887,0,0.0,0.36,biodenoising,,,,,
dusthr2,xc:979887,xc_979887,4,0.0,0.23,biodenoising,,,,,
dusthr2,xc:979887,xc_979887,11,0.0,0.17,biodenoising,,,,,
dusthr2,xc:979887,xc_979887,23,0.0,0.84,biodenoising,,,,,
dusthr2,xc:985927,xc_985927,16,0.0,0.48,biodenoising,,,,,
eurcoo,xc:1031905,xc_1031905,8,0.0,0.15,biodenoising,,,,,
eurcoo,xc:1031905,xc_1031905,10,0.0,0.19,biodenoising,,,,,
eurcoo,xc:1031905,xc_1031905,21,0.0,0.29,biodenoising,,,,,
eurcoo,xc:1031905,xc_1031905,22,0.0,0.74,biodenoising,,,,,
eurcoo,xc:1031905,xc_1031905,23,0.0,0.16,biodenoising,,,,,
eurcoo,xc:103222,xc_103222,24,0.0,0.06,biodenoising,,,,,
eurcoo,xc:357835,xc_357835,22,0.0,0.42,biodenoising,,,,,
eurcoo,xc:381908,xc_381908,0,0.0,1.27,biodenoising,,,,,
eurcoo,xc:381908,xc_381908,1,0.0,1.04,biodenoising,,,,,
eurcoo,xc:381908,xc_381908,7,0.0,0.49,biodenoising,,,,,
eurcoo,xc:381908,xc_381908,10,0.0,0.62,biodenoising,,,,,
eurcoo,xc:381908,xc_381908,17,0.0,0.65,biodenoising,,,,,
eurcoo,xc:424005,xc_424005,51,0.0,0.2,biodenoising,,,,,
eurcoo,xc:424005,xc_424005,55,0.0,0.39,biodenoising,,,,,
eurcoo,xc:424005,xc_424005,89,0.0,0.18,biodenoising,,,,,
eurcoo,xc:424005,xc_424005,99,0.0,0.33,biodenoising,,,,,
eurcoo,xc:424005,xc_424005,103,0.0,0.18,biodenoising,,,,,
eurcoo,xc:470565,xc_470565,1,0.0,0.17,biodenoising,,,,,
eurcoo,xc:470565,xc_470565,3,0.0,0.23,biodenoising,,,,,
eurcoo,xc:470565,xc_470565,4,0.0,0.31,biodenoising,,,,,
eurcoo,xc:470565,xc_470565,6,0.0,0.34,biodenoising,,,,,
eurcoo,xc:470565,xc_470565,13,0.0,4.91,biodenoising,,,,,
eurcoo,xc:624808,xc_624808,10,0.0,0.13,biodenoising,,,,,
eurcoo,xc:624808,xc_624808,17,0.0,1.01,biodenoising,,,,,
eurcoo,xc:624808,xc_624808,19,0.0,0.69,biodenoising,,,,,
eurcoo,xc:624808,xc_624808,21,0.0,0.54,biodenoising,,,,,
eurcoo,xc:624808,xc_624808,22,0.0,0.15,biodenoising,,,,,
eurcoo,xc:629958,xc_629958,2,0.0,0.15,biodenoising,,,,,
eurcoo,xc:631503,xc_631503,1,0.0,0.18,biodenoising,,,,,
eurcoo,xc:651221,xc_651221,7,0.0,0.64,biodenoising,,,,,
eurcoo,xc:651221,xc_651221,10,0.0,1.65,biodenoising,,,,,
eurcoo,xc:651221,xc_651221,11,0.0,0.68,biodenoising,,,,,
eurcoo,xc:651221,xc_651221,14,0.0,0.41,biodenoising,,,,,
eurcoo,xc:651221,xc_651221,32,0.0,0.47,biodenoising,,,,,
eurcoo,xc:761470,xc_761470,1,0.0,0.24,biodenoising,,,,,
eurcoo,xc:761470,xc_761470,18,0.0,1.12,biodenoising,,,,,
eurcoo,xc:761470,xc_761470,26,0.0,0.87,biodenoising,,,,,
eurcoo,xc:761470,xc_761470,30,0.0,0.52,biodenoising,,,,,
eurcoo,xc:761470,xc_761470,47,0.0,0.3,biodenoising,,,,,
eurcoo,xc:825928,xc_825928,11,0.0,1.34,biodenoising,,,,,
eurcoo,xc:825928,xc_825928,18,0.0,0.26,biodenoising,,,,,
eurcoo,xc:902431,xc_902431,45,0.0,0.66,biodenoising,,,,,
eurcoo,xc:902431,xc_902431,47,0.0,0.15,biodenoising,,,,,
eurcoo,xc:902431,xc_902431,52,0.0,0.14,biodenoising,,,,,
eurcoo,xc:902431,xc_902431,56,0.0,0.14,biodenoising,,,,,
eurcoo,xc:902431,xc_902431,71,0.0,0.14,biodenoising,,,,,
eurwig,xc:113187,xc_113187,52,0.0,0.58,biodenoising,,,,,
eurwig,xc:113187,xc_113187,59,0.0,1.54,biodenoising,,,,,
eurwig,xc:113187,xc_113187,103,0.0,1.38,biodenoising,,,,,
eurwig,xc:113187,xc_113187,113,0.0,1.88,biodenoising,,,,,
eurwig,xc:113187,xc_113187,152,0.0,0.43,biodenoising,,,,,
eurwig,xc:262182,xc_262182,0,0.0,0.46,biodenoising,,,,,
eurwig,xc:262182,xc_262182,1,0.0,0.46,biodenoising,,,,,
eurwig,xc:266803,xc_266803,93,0.0,0.67,biodenoising,,,,,
eurwig,xc:266803,xc_266803,118,0.0,0.63,biodenoising,,,,,
eurwig,xc:266803,xc_266803,163,0.0,0.65,biodenoising,,,,,
eurwig,xc:266803,xc_266803,210,0.0,0.62,biodenoising,,,,,
eurwig,xc:266803,xc_266803,222,0.0,0.64,biodenoising,,,,,
eurwig,xc:484471,xc_484471,0,0.0,0.55,biodenoising,,,,,
eurwig,xc:484471,xc_484471,1,0.0,5.65,biodenoising,,,,,
eurwig,xc:484471,xc_484471,10,0.0,0.25,biodenoising,,,,,
eurwig,xc:674817,xc_674817,4,0.0,0.72,biodenoising,,,,,
eurwig,xc:674817,xc_674817,5,0.0,0.29,biodenoising,,,,,
eurwig,xc:674817,xc_674817,6,0.0,0.32,biodenoising,,,,,
eurwig,xc:674817,xc_674817,7,0.0,0.39,biodenoising,,,,,
eurwig,xc:674817,xc_674817,8,0.0,0.33,biodenoising,,,,,
eurwig,xc:684919,xc_684919,0,0.0,0.54,biodenoising,,,,,
eurwig,xc:684919,xc_684919,5,0.0,0.43,biodenoising,,,,,
eurwig,xc:684919,xc_684919,24,0.0,0.23,biodenoising,,,,,
eurwig,xc:684919,xc_684919,39,0.0,0.69,biodenoising,,,,,
eurwig,xc:684919,xc_684919,52,0.0,0.59,biodenoising,,,,,
eurwig,xc:702702,xc_702702,3,0.0,0.36,biodenoising,,,,,
eurwig,xc:706792,xc_706792,7,0.0,0.83,biodenoising,,,,,
eurwig,xc:796535,xc_796535,5,0.0,0.12,biodenoising,,,,,
eurwig,xc:796535,xc_796535,6,0.0,0.07,biodenoising,,,,,
eurwig,xc:796535,xc_796535,7,0.0,0.2,biodenoising,,,,,
eurwig,xc:796535,xc_796535,8,0.0,0.13,biodenoising,,,,,
eurwig,xc:805037,xc_805037,5,0.0,0.48,biodenoising,,,,,
eurwig,xc:805037,xc_805037,7,0.0,0.65,biodenoising,,,,,
eurwig,xc:805037,xc_805037,8,0.0,0.63,biodenoising,,,,,
eurwig,xc:805037,xc_805037,13,0.0,1.13,biodenoising,,,,,
eurwig,xc:805037,xc_805037,14,0.0,0.44,biodenoising,,,,,
eutspa,xc:112694,xc_112694,1,0.0,0.71,biodenoising,,,,,
eutspa,xc:112694,xc_112694,2,0.0,0.4,biodenoising,,,,,
eutspa,xc:112694,xc_112694,4,0.0,0.81,biodenoising,,,,,
eutspa,xc:112694,xc_112694,5,0.0,0.55,biodenoising,,,,,
eutspa,xc:112694,xc_112694,8,0.0,1.43,biodenoising,,,,,
eutspa,xc:164536,xc_164536,3,0.0,0.22,biodenoising,,,,,
eutspa,xc:164536,xc_164536,20,0.0,0.24,biodenoising,,,,,
eutspa,xc:164536,xc_164536,29,0.0,0.24,biodenoising,,,,,
eutspa,xc:164536,xc_164536,49,0.0,0.4,biodenoising,,,,,
eutspa,xc:164536,xc_164536,63,0.0,0.32,biodenoising,,,,,
eutspa,xc:168210,xc_168210,3,0.0,0.24,biodenoising,,,,,
eutspa,xc:168210,xc_168210,27,0.0,0.3,biodenoising,,,,,
eutspa,xc:168210,xc_168210,28,0.0,3.18,biodenoising,,,,,
eutspa,xc:185713,xc_185713,63,0.0,1.62,biodenoising,,,,,
eutspa,xc:358624,xc_358624,4,0.0,0.69,biodenoising,,,,,
eutspa,xc:358624,xc_358624,5,0.0,1.14,biodenoising,,,,,
eutspa,xc:358624,xc_358624,7,0.0,0.52,biodenoising,,,,,
eutspa,xc:358624,xc_358624,23,0.0,0.45,biodenoising,,,,,
eutspa,xc:358624,xc_358624,64,0.0,0.59,biodenoising,,,,,
eutspa,xc:381814,xc_381814,1,0.0,0.25,biodenoising,,,,,
eutspa,xc:381814,xc_381814,12,0.0,0.35,biodenoising,,,,,
eutspa,xc:435311,xc_435311,20,0.0,0.18,biodenoising,,,,,
eutspa,xc:435311,xc_435311,25,0.0,0.33,biodenoising,,,,,
eutspa,xc:629244,xc_629244,30,0.0,0.19,biodenoising,,,,,
eutspa,xc:629244,xc_629244,32,0.0,0.21,biodenoising,,,,,
eutspa,xc:629244,xc_629244,50,0.0,0.2,biodenoising,,,,,
eutspa,xc:629244,xc_629244,52,0.0,0.62,biodenoising,,,,,
eutspa,xc:629244,xc_629244,58,0.0,0.79,biodenoising,,,,,
eutspa,xc:636987,xc_636987,2,0.0,0.44,biodenoising,,,,,
eutspa,xc:636987,xc_636987,6,0.0,0.42,biodenoising,,,,,
eutspa,xc:636987,xc_636987,8,0.0,0.28,biodenoising,,,,,
eutspa,xc:636987,xc_636987,20,0.0,0.36,biodenoising,,,,,
eutspa,xc:636987,xc_636987,22,0.0,0.27,biodenoising,,,,,
eutspa,xc:936174,xc_936174,49,0.0,0.65,biodenoising,,,,,
eutspa,xc:936174,xc_936174,51,0.0,0.19,biodenoising,,,,,
eutspa,xc:936174,xc_936174,106,0.0,0.95,biodenoising,,,,,
eutspa,xc:936174,xc_936174,199,0.0,0.92,biodenoising,,,,,
eutspa,xc:936174,xc_936174,219,0.0,0.44,biodenoising,,,,,
gadwal,xc:1021727,xc_1021727,12,0.0,0.3,biodenoising,,,,,
gadwal,xc:1021727,xc_1021727,39,0.0,2.13,biodenoising,,,,,
gadwal,xc:1021727,xc_1021727,40,0.0,1.07,biodenoising,,,,,
gadwal,xc:1021727,xc_1021727,42,0.0,1.13,biodenoising,,,,,
gadwal,xc:1021727,xc_1021727,43,0.0,1.35,biodenoising,,,,,
gadwal,xc:1021729,xc_1021729,0,0.0,0.1,biodenoising,,,,,
gadwal,xc:1021729,xc_1021729,6,0.0,1.4,biodenoising,,,,,
gadwal,xc:1021729,xc_1021729,48,0.0,0.28,biodenoising,,,,,
gadwal,xc:1021729,xc_1021729,54,0.0,0.16,biodenoising,,,,,
gadwal,xc:1021729,xc_1021729,61,0.0,1.81,biodenoising,,,,,
gadwal,xc:1021731,xc_1021731,0,0.0,8.0,biodenoising,,,,,
gadwal,xc:1021731,xc_1021731,1,0.0,8.0,biodenoising,,,,,
gadwal,xc:1021736,xc_1021736,2,0.0,0.2,biodenoising,,,,,
gadwal,xc:1021736,xc_1021736,3,0.0,1.73,biodenoising,,,,,
gadwal,xc:1021736,xc_1021736,5,0.0,0.37,biodenoising,,,,,
gadwal,xc:1048306,xc_1048306,0,0.0,0.24,biodenoising,,,,,
gadwal,xc:1048306,xc_1048306,1,0.0,0.1,biodenoising,,,,,
gadwal,xc:1048306,xc_1048306,2,0.0,0.12,biodenoising,,,,,
gadwal,xc:1048306,xc_1048306,3,0.0,0.23,biodenoising,,,,,
gadwal,xc:1048306,xc_1048306,4,0.0,0.3,biodenoising,,,,,
gadwal,xc:210379,xc_210379,1,0.0,4.32,biodenoising,,,,,
gadwal,xc:210379,xc_210379,2,0.0,0.12,biodenoising,,,,,
gadwal,xc:210379,xc_210379,3,0.0,0.25,biodenoising,,,,,
gadwal,xc:284792,xc_284792,2,0.0,0.31,biodenoising,,,,,
gadwal,xc:284792,xc_284792,4,0.0,0.4,biodenoising,,,,,
gadwal,xc:284792,xc_284792,5,0.0,0.36,biodenoising,,,,,
gadwal,xc:284792,xc_284792,6,0.0,0.32,biodenoising,,,,,
gadwal,xc:284792,xc_284792,8,0.0,2.63,biodenoising,,,,,
gadwal,xc:357526,xc_357526,0,0.0,2.78,biodenoising,,,,,
gadwal,xc:357526,xc_357526,5,0.0,0.86,biodenoising,,,,,
gadwal,xc:357526,xc_357526,87,0.0,0.63,biodenoising,,,,,
gadwal,xc:357526,xc_357526,127,0.0,2.33,biodenoising,,,,,
gadwal,xc:359036,xc_359036,0,0.0,0.65,biodenoising,,,,,
gadwal,xc:359036,xc_359036,1,0.0,0.75,biodenoising,,,,,
gadwal,xc:359036,xc_359036,2,0.0,2.34,biodenoising,,,,,
gadwal,xc:359036,xc_359036,4,0.0,1.57,biodenoising,,,,,
gadwal,xc:359036,xc_359036,5,0.0,1.28,biodenoising,,,,,
gadwal,xc:539308,xc_539308,33,0.0,0.08,biodenoising,,,,,
gadwal,xc:548049,xc_548049,1,0.0,2.43,biodenoising,,,,,
gadwal,xc:548049,xc_548049,2,0.0,0.69,biodenoising,,,,,
gadwal,xc:548049,xc_548049,3,0.0,0.29,biodenoising,,,,,
gadwal,xc:548049,xc_548049,5,0.0,1.48,biodenoising,,,,,
gadwal,xc:548049,xc_548049,7,0.0,0.3,biodenoising,,,,,
gadwal,xc:595438,xc_595438,8,0.0,0.94,biodenoising,,,,,
gadwal,xc:595438,xc_595438,14,0.0,1.81,biodenoising,,,,,
gadwal,xc:595438,xc_595438,25,0.0,1.45,biodenoising,,,,,
gadwal,xc:595438,xc_595438,41,0.0,0.2,biodenoising,,,,,
gadwal,xc:595438,xc_595438,45,0.0,0.2,biodenoising,,,,,
gadwal,xc:622760,xc_622760,1,0.0,0.23,biodenoising,,,,,
gadwal,xc:622760,xc_622760,2,0.0,0.2,biodenoising,,,,,
gadwal,xc:622760,xc_622760,24,0.0,0.18,biodenoising,,,,,
gadwal,xc:622760,xc_622760,25,0.0,0.19,biodenoising,,,,,
gadwal,xc:622760,xc_622760,69,0.0,0.19,biodenoising,,,,,
gadwal,xc:651967,xc_651967,32,0.0,0.86,biodenoising,,,,,
gadwal,xc:651967,xc_651967,41,0.0,0.9,biodenoising,,,,,
gadwal,xc:651967,xc_651967,55,0.0,0.59,biodenoising,,,,,
gadwal,xc:651967,xc_651967,70,0.0,0.85,biodenoising,,,,,
gadwal,xc:651967,xc_651967,114,0.0,0.98,biodenoising,,,,,
gadwal,xc:707600,xc_707600,6,0.0,0.2,biodenoising,,,,,
gadwal,xc:707600,xc_707600,10,0.0,0.29,biodenoising,,,,,
gadwal,xc:707600,xc_707600,14,0.0,0.18,biodenoising,,,,,
gadwal,xc:707600,xc_707600,15,0.0,0.31,biodenoising,,,,,
gadwal,xc:707600,xc_707600,19,0.0,0.29,biodenoising,,,,,
gadwal,xc:779907,xc_779907,2,0.0,0.37,biodenoising,,,,,
gadwal,xc:963992,xc_963992,2,0.0,1.27,biodenoising,,,,,
gadwal,xc:963992,xc_963992,3,0.0,1.4,biodenoising,,,,,
gadwal,xc:963992,xc_963992,8,0.0,0.3,biodenoising,,,,,
gadwal,xc:963992,xc_963992,9,0.0,0.32,biodenoising,,,,,
gnwtea,xc:1009913,xc_1009913,19,0.0,0.18,biodenoising,,,,,
gnwtea,xc:1009913,xc_1009913,21,0.0,0.18,biodenoising,,,,,
gnwtea,xc:1009913,xc_1009913,25,0.0,0.29,biodenoising,,,,,
gnwtea,xc:1009913,xc_1009913,27,0.0,0.35,biodenoising,,,,,
gnwtea,xc:1025891,xc_1025891,11,0.0,0.25,biodenoising,,,,,
gnwtea,xc:1025891,xc_1025891,13,0.0,0.24,biodenoising,,,,,
gnwtea,xc:1068699,xc_1068699,6,0.0,0.37,biodenoising,,,,,
gnwtea,xc:1068699,xc_1068699,34,0.0,0.62,biodenoising,,,,,
gnwtea,xc:1068699,xc_1068699,62,0.0,0.93,biodenoising,,,,,
gnwtea,xc:1068699,xc_1068699,104,0.0,0.71,biodenoising,,,,,
gnwtea,xc:1068699,xc_1068699,251,0.0,0.12,biodenoising,,,,,
gnwtea,xc:280945,xc_280945,3,0.0,1.3,biodenoising,,,,,
gnwtea,xc:280945,xc_280945,24,0.0,1.38,biodenoising,,,,,
gnwtea,xc:280945,xc_280945,29,0.0,3.08,biodenoising,,,,,
gnwtea,xc:280945,xc_280945,31,0.0,2.71,biodenoising,,,,,
gnwtea,xc:280945,xc_280945,32,0.0,1.14,biodenoising,,,,,
gnwtea,xc:309109,xc_309109,11,0.0,0.39,biodenoising,,,,,
gnwtea,xc:309109,xc_309109,13,0.0,0.38,biodenoising,,,,,
gnwtea,xc:309109,xc_309109,15,0.0,0.24,biodenoising,,,,,
gnwtea,xc:309109,xc_309109,18,0.0,0.14,biodenoising,,,,,
gnwtea,xc:309109,xc_309109,25,0.0,1.17,biodenoising,,,,,
gnwtea,xc:35591,xc_35591,7,0.0,0.3,biodenoising,,,,,
gnwtea,xc:35591,xc_35591,11,0.0,0.53,biodenoising,,,,,
gnwtea,xc:35591,xc_35591,13,0.0,0.33,biodenoising,,,,,
gnwtea,xc:35591,xc_35591,14,0.0,0.4,biodenoising,,,,,
gnwtea,xc:35591,xc_35591,18,0.0,0.25,biodenoising,,,,,
gnwtea,xc:365480,xc_365480,19,0.0,0.19,biodenoising,,,,,
gnwtea,xc:365480,xc_365480,21,0.0,0.27,biodenoising,,,,,
gnwtea,xc:365480,xc_365480,23,0.0,0.17,biodenoising,,,,,
gnwtea,xc:365480,xc_365480,25,0.0,0.16,biodenoising,,,,,
gnwtea,xc:365480,xc_365480,30,0.0,0.16,biodenoising,,,,,
gnwtea,xc:533237,xc_533237,10,0.0,0.29,biodenoising,,,,,
gnwtea,xc:533237,xc_533237,11,0.0,0.64,biodenoising,,,,,
gnwtea,xc:533237,xc_533237,69,0.0,0.18,biodenoising,,,,,
gnwtea,xc:533237,xc_533237,74,0.0,0.35,biodenoising,,,,,
gnwtea,xc:533237,xc_533237,75,0.0,0.3,biodenoising,,,,,
gnwtea,xc:641380,xc_641380,13,0.0,0.21,biodenoising,,,,,
gnwtea,xc:694739,xc_694739,2,0.0,8.0,biodenoising,,,,,
gnwtea,xc:694739,xc_694739,3,0.0,8.0,biodenoising,,,,,
gnwtea,xc:694739,xc_694739,4,0.0,7.53,biodenoising,,,,,
gnwtea,xc:717727,xc_717727,5,0.0,0.67,biodenoising,,,,,
gnwtea,xc:787239,xc_787239,1,0.0,0.39,biodenoising,,,,,
gnwtea,xc:787239,xc_787239,11,0.0,0.47,biodenoising,,,,,
gnwtea,xc:787239,xc_787239,24,0.0,0.46,biodenoising,,,,,
gnwtea,xc:787239,xc_787239,31,0.0,0.31,biodenoising,,,,,
gnwtea,xc:787239,xc_787239,45,0.0,0.49,biodenoising,,,,,
gnwtea,xc:838829,xc_838829,17,0.0,0.32,biodenoising,,,,,
gnwtea,xc:838829,xc_838829,21,0.0,0.3,biodenoising,,,,,
gnwtea,xc:838829,xc_838829,23,0.0,0.09,biodenoising,,,,,
graher1,xc:1027522,xc_1027522,1,0.0,0.18,biodenoising,,,,,
graher1,xc:196217,xc_196217,2,0.0,1.47,biodenoising,,,,,
graher1,xc:196217,xc_196217,4,0.0,0.73,biodenoising,,,,,
graher1,xc:196217,xc_196217,24,0.0,0.59,biodenoising,,,,,
graher1,xc:196217,xc_196217,27,0.0,0.49,biodenoising,,,,,
graher1,xc:196217,xc_196217,33,0.0,0.46,biodenoising,,,,,
graher1,xc:601001,xc_601001,4,0.0,0.84,biodenoising,,,,,
graher1,xc:601001,xc_601001,7,0.0,0.46,biodenoising,,,,,
graher1,xc:601001,xc_601001,8,0.0,1.02,biodenoising,,,,,
graher1,xc:601001,xc_601001,10,0.0,1.35,biodenoising,,,,,
graher1,xc:601001,xc_601001,11,0.0,0.42,biodenoising,,,,,
graher1,xc:702251,xc_702251,0,0.0,0.28,biodenoising,,,,,
graher1,xc:702251,xc_702251,5,0.0,0.3,biodenoising,,,,,
graher1,xc:702251,xc_702251,8,0.0,0.28,biodenoising,,,,,
graher1,xc:702251,xc_702251,11,0.0,0.08,biodenoising,,,,,
graher1,xc:702251,xc_702251,12,0.0,0.08,biodenoising,,,,,
graher1,xc:717824,xc_717824,0,0.0,0.54,biodenoising,,,,,
graher1,xc:717824,xc_717824,1,0.0,0.61,biodenoising,,,,,
graher1,xc:717824,xc_717824,2,0.0,0.56,biodenoising,,,,,
graher1,xc:738682,xc_738682,0,0.0,1.17,biodenoising,,,,,
graher1,xc:738682,xc_738682,1,0.0,1.12,biodenoising,,,,,
graher1,xc:738682,xc_738682,2,0.0,0.84,biodenoising,,,,,
graher1,xc:738682,xc_738682,26,0.0,0.84,biodenoising,,,,,
graher1,xc:738682,xc_738682,35,0.0,0.78,biodenoising,,,,,
graher1,xc:760232,xc_760232,1,0.0,0.74,biodenoising,,,,,
graher1,xc:760232,xc_760232,2,0.0,0.73,biodenoising,,,,,
graher1,xc:760232,xc_760232,3,0.0,0.54,biodenoising,,,,,
graher1,xc:760232,xc_760232,4,0.0,0.44,biodenoising,,,,,
graher1,xc:761218,xc_761218,0,0.0,0.48,biodenoising,,,,,
graher1,xc:761218,xc_761218,1,0.0,0.4,biodenoising,,,,,
graher1,xc:77956,xc_77956,1,0.0,0.21,biodenoising,,,,,
graher1,xc:77956,xc_77956,2,0.0,0.25,biodenoising,,,,,
graher1,xc:781315,xc_781315,5,0.0,0.34,biodenoising,,,,,
graher1,xc:781315,xc_781315,14,0.0,0.31,biodenoising,,,,,
graher1,xc:781315,xc_781315,23,0.0,0.33,biodenoising,,,,,
graher1,xc:781315,xc_781315,28,0.0,0.23,biodenoising,,,,,
graher1,xc:781315,xc_781315,29,0.0,0.47,biodenoising,,,,,
graher1,xc:782720,xc_782720,6,0.0,0.82,biodenoising,,,,,
graher1,xc:782720,xc_782720,8,0.0,0.54,biodenoising,,,,,
graher1,xc:782720,xc_782720,9,0.0,1.4,biodenoising,,,,,
graher1,xc:782720,xc_782720,12,0.0,0.26,biodenoising,,,,,
graher1,xc:801934,xc_801934,2,0.0,0.56,biodenoising,,,,,
graher1,xc:801934,xc_801934,9,0.0,0.46,biodenoising,,,,,
graher1,xc:831392,xc_831392,5,0.0,0.29,biodenoising,,,,,
graher1,xc:831392,xc_831392,7,0.0,0.3,biodenoising,,,,,
graher1,xc:831392,xc_831392,25,0.0,0.35,biodenoising,,,,,
graher1,xc:831392,xc_831392,29,0.0,0.53,biodenoising,,,,,
graher1,xc:831392,xc_831392,32,0.0,0.38,biodenoising,,,,,
graher1,xc:927615,xc_927615,2,0.0,0.34,biodenoising,,,,,
graher1,xc:927615,xc_927615,4,0.0,0.15,biodenoising,,,,,
graher1,xc:927615,xc_927615,6,0.0,1.19,biodenoising,,,,,
graher1,xc:927615,xc_927615,7,0.0,0.28,biodenoising,,,,,
graher1,xc:927615,xc_927615,8,0.0,0.32,biodenoising,,,,,
graher1,xc:937807,xc_937807,5,0.0,0.44,biodenoising,,,,,
graher1,xc:937807,xc_937807,7,0.0,0.3,biodenoising,,,,,
graher1,xc:937807,xc_937807,12,0.0,0.27,biodenoising,,,,,
graher1,xc:937807,xc_937807,13,0.0,0.22,biodenoising,,,,,
graher1,xc:937807,xc_937807,14,0.0,0.18,biodenoising,,,,,
graher1,xc:941740,xc_941740,0,0.0,0.07,biodenoising,,,,,
graher1,xc:941740,xc_941740,3,0.0,0.34,biodenoising,,,,,
graher1,xc:941740,xc_941740,4,0.0,0.45,biodenoising,,,,,
graher1,xc:941740,xc_941740,6,0.0,0.21,biodenoising,,,,,
graher1,xc:941740,xc_941740,12,0.0,0.09,biodenoising,,,,,
graher1,xc:957951,xc_957951,13,0.0,0.57,biodenoising,,,,,
graher1,xc:957951,xc_957951,20,0.0,0.43,biodenoising,,,,,
graher1,xc:957951,xc_957951,29,0.0,0.8,biodenoising,,,,,
graher1,xc:957951,xc_957951,31,0.0,0.69,biodenoising,,,,,
graher1,xc:957951,xc_957951,33,0.0,0.43,biodenoising,,,,,
grcgre1,xc:138169,xc_138169,6,0.0,2.56,biodenoising,,,,,
grcgre1,xc:138169,xc_138169,7,0.0,1.19,biodenoising,,,,,
grcgre1,xc:138169,xc_138169,8,0.0,0.35,biodenoising,,,,,
grcgre1,xc:138169,xc_138169,9,0.0,1.43,biodenoising,,,,,
grcgre1,xc:138169,xc_138169,18,0.0,0.3,biodenoising,,,,,
grcgre1,xc:147184,xc_147184,0,0.0,0.17,biodenoising,,,,,
grcgre1,xc:147184,xc_147184,1,0.0,0.17,biodenoising,,,,,
grcgre1,xc:147184,xc_147184,4,0.0,0.18,biodenoising,,,,,
grcgre1,xc:147184,xc_147184,5,0.0,0.18,biodenoising,,,,,
grcgre1,xc:147184,xc_147184,22,0.0,0.15,biodenoising,,,,,
grcgre1,xc:252268,xc_252268,12,0.0,1.72,biodenoising,,,,,
grcgre1,xc:355311,xc_355311,6,0.0,0.2,biodenoising,,,,,
grcgre1,xc:355311,xc_355311,7,0.0,0.33,biodenoising,,,,,
grcgre1,xc:355311,xc_355311,8,0.0,0.2,biodenoising,,,,,
grcgre1,xc:355311,xc_355311,9,0.0,0.2,biodenoising,,,,,
grcgre1,xc:355311,xc_355311,10,0.0,0.21,biodenoising,,,,,
grcgre1,xc:363743,xc_363743,0,0.0,0.08,biodenoising,,,,,
grcgre1,xc:363743,xc_363743,1,0.0,0.14,biodenoising,,,,,
grcgre1,xc:363743,xc_363743,8,0.0,0.15,biodenoising,,,,,
grcgre1,xc:363743,xc_363743,10,0.0,1.21,biodenoising,,,,,
grcgre1,xc:363743,xc_363743,14,0.0,4.58,biodenoising,,,,,
grcgre1,xc:374172,xc_374172,3,0.0,0.93,biodenoising,,,,,
grcgre1,xc:374172,xc_374172,4,0.0,0.6,biodenoising,,,,,
grcgre1,xc:374172,xc_374172,5,0.0,3.14,biodenoising,,,,,
grcgre1,xc:374172,xc_374172,6,0.0,0.82,biodenoising,,,,,
grcgre1,xc:374172,xc_374172,10,0.0,0.76,biodenoising,,,,,
grcgre1,xc:386365,xc_386365,6,0.0,8.0,biodenoising,,,,,
grcgre1,xc:386365,xc_386365,7,0.0,8.0,biodenoising,,,,,
grcgre1,xc:462953,xc_462953,3,0.0,0.47,biodenoising,,,,,
grcgre1,xc:462953,xc_462953,4,0.0,0.09,biodenoising,,,,,
grcgre1,xc:462953,xc_462953,5,0.0,0.11,biodenoising,,,,,
grcgre1,xc:462953,xc_462953,6,0.0,0.2,biodenoising,,,,,
grcgre1,xc:462953,xc_462953,8,0.0,0.15,biodenoising,,,,,
grcgre1,xc:473226,xc_473226,0,0.0,0.4,biodenoising,,,,,
grcgre1,xc:473226,xc_473226,3,0.0,0.5,biodenoising,,,,,
grcgre1,xc:473226,xc_473226,5,0.0,1.39,biodenoising,,,,,
grcgre1,xc:473226,xc_473226,6,0.0,1.4,biodenoising,,,,,
grcgre1,xc:592110,xc_592110,3,0.0,0.51,biodenoising,,,,,
grcgre1,xc:592110,xc_592110,8,0.0,1.02,biodenoising,,,,,
grcgre1,xc:592110,xc_592110,9,0.0,4.73,biodenoising,,,,,
grcgre1,xc:592110,xc_592110,12,0.0,0.56,biodenoising,,,,,
grcgre1,xc:592110,xc_592110,32,0.0,0.21,biodenoising,,,,,
grcgre1,xc:636568,xc_636568,20,0.0,0.09,biodenoising,,,,,
grcgre1,xc:636568,xc_636568,37,0.0,1.24,biodenoising,,,,,
grcgre1,xc:636568,xc_636568,38,0.0,0.12,biodenoising,,,,,
grcgre1,xc:636568,xc_636568,39,0.0,2.79,biodenoising,,,,,
grcgre1,xc:636568,xc_636568,40,0.0,1.2,biodenoising,,,,,
grcgre1,xc:642506,xc_642506,22,0.0,0.8,biodenoising,,,,,
grcgre1,xc:642506,xc_642506,30,0.0,1.17,biodenoising,,,,,
grcgre1,xc:642506,xc_642506,43,0.0,0.38,biodenoising,,,,,
grcgre1,xc:655643,xc_655643,6,0.0,0.96,biodenoising,,,,,
grcgre1,xc:655643,xc_655643,16,0.0,1.72,biodenoising,,,,,
grcgre1,xc:655643,xc_655643,17,0.0,1.03,biodenoising,,,,,
grcgre1,xc:655643,xc_655643,18,0.0,0.32,biodenoising,,,,,
grcgre1,xc:655643,xc_655643,21,0.0,0.27,biodenoising,,,,,
grcgre1,xc:897021,xc_897021,0,0.0,3.7,biodenoising,,,,,
grecor,xc:214292,xc_214292,0,0.0,6.51,biodenoising,,,,,
grecor,xc:214292,xc_214292,4,0.0,1.21,biodenoising,,,,,
grecor,xc:214292,xc_214292,6,0.0,1.12,biodenoising,,,,,
grecor,xc:214292,xc_214292,98,0.0,0.65,biodenoising,,,,,
grecor,xc:214292,xc_214292,121,0.0,8.0,biodenoising,,,,,
grecor,xc:308865,xc_308865,6,0.0,5.6,biodenoising,,,,,
grecor,xc:308865,xc_308865,12,0.0,0.29,biodenoising,,,,,
grecor,xc:308865,xc_308865,80,0.0,0.71,biodenoising,,,,,
grecor,xc:308865,xc_308865,143,0.0,0.22,biodenoising,,,,,
grecor,xc:308865,xc_308865,177,0.0,0.14,biodenoising,,,,,
grecor,xc:372106,xc_372106,119,0.0,0.1,biodenoising,,,,,
grecor,xc:372106,xc_372106,125,0.0,0.63,biodenoising,,,,,
grecor,xc:372106,xc_372106,126,0.0,0.52,biodenoising,,,,,
grecor,xc:372106,xc_372106,128,0.0,0.31,biodenoising,,,,,
grecor,xc:372106,xc_372106,131,0.0,0.19,biodenoising,,,,,
grecor,xc:447821,xc_447821,1,0.0,1.23,biodenoising,,,,,
grecor,xc:447821,xc_447821,2,0.0,0.49,biodenoising,,,,,
grecor,xc:447821,xc_447821,12,0.0,0.15,biodenoising,,,,,
grecor,xc:447821,xc_447821,13,0.0,0.18,biodenoising,,,,,
grecor,xc:448710,xc_448710,0,0.0,8.0,biodenoising,,,,,
grecor,xc:625356,xc_625356,10,0.0,2.32,biodenoising,,,,,
grecor,xc:626272,xc_626272,1,0.0,5.84,biodenoising,,,,,
grecor,xc:773824,xc_773824,4,0.0,0.31,biodenoising,,,,,
grecor,xc:773824,xc_773824,5,0.0,0.27,biodenoising,,,,,
grecor,xc:773824,xc_773824,6,0.0,2.48,biodenoising,,,,,
grecor,xc:773824,xc_773824,7,0.0,0.72,biodenoising,,,,,
grecor,xc:90633,xc_90633,3,0.0,2.85,biodenoising,,,,,
grecor,xc:90633,xc_90633,5,0.0,2.31,biodenoising,,,,,
grecor,xc:90633,xc_90633,8,0.0,2.61,biodenoising,,,,,
grecor,xc:90633,xc_90633,9,0.0,0.31,biodenoising,,,,,
grecor,xc:90633,xc_90633,12,0.0,1.62,biodenoising,,,,,
grecor,xc:930052,xc_930052,0,0.0,1.05,biodenoising,,,,,
grecor,xc:930052,xc_930052,1,0.0,8.0,biodenoising,,,,,
grecor,xc:930052,xc_930052,2,0.0,2.04,biodenoising,,,,,
grecor,xc:930052,xc_930052,5,0.0,8.0,biodenoising,,,,,
grecor,xc:930052,xc_930052,7,0.0,8.0,biodenoising,,,,,
greegr,xc:1005363,xc_1005363,1,0.0,0.98,biodenoising,,,,,
greegr,xc:116543,xc_116543,1,0.0,0.39,biodenoising,,,,,
greegr,xc:116543,xc_116543,4,0.0,0.28,biodenoising,,,,,
greegr,xc:161280,xc_161280,2,0.0,0.27,biodenoising,,,,,
greegr,xc:161280,xc_161280,18,0.0,1.37,biodenoising,,,,,
greegr,xc:161280,xc_161280,63,0.0,2.01,biodenoising,,,,,
greegr,xc:161280,xc_161280,69,0.0,0.78,biodenoising,,,,,
greegr,xc:161280,xc_161280,150,0.0,1.33,biodenoising,,,,,
greegr,xc:196155,xc_196155,55,0.0,0.64,biodenoising,,,,,
greegr,xc:196155,xc_196155,56,0.0,0.65,biodenoising,,,,,
greegr,xc:196155,xc_196155,57,0.0,2.1,biodenoising,,,,,
greegr,xc:196155,xc_196155,59,0.0,0.83,biodenoising,,,,,
greegr,xc:196155,xc_196155,60,0.0,0.53,biodenoising,,,,,
greegr,xc:285219,xc_285219,7,0.0,0.64,biodenoising,,,,,
greegr,xc:357715,xc_357715,0,0.0,1.42,biodenoising,,,,,
greegr,xc:357715,xc_357715,1,0.0,1.46,biodenoising,,,,,
greegr,xc:357715,xc_357715,2,0.0,0.66,biodenoising,,,,,
greegr,xc:357715,xc_357715,4,0.0,0.49,biodenoising,,,,,
greegr,xc:357715,xc_357715,6,0.0,0.17,biodenoising,,,,,
greegr,xc:44629,xc_44629,1,0.0,0.4,biodenoising,,,,,
greegr,xc:44629,xc_44629,2,0.0,1.16,biodenoising,,,,,
greegr,xc:44629,xc_44629,3,0.0,1.48,biodenoising,,,,,
greegr,xc:44629,xc_44629,4,0.0,0.43,biodenoising,,,,,
greegr,xc:44629,xc_44629,5,0.0,0.75,biodenoising,,,,,
greegr,xc:454182,xc_454182,0,0.0,2.39,biodenoising,,,,,
greegr,xc:454182,xc_454182,2,0.0,0.88,biodenoising,,,,,
greegr,xc:454182,xc_454182,7,0.0,1.61,biodenoising,,,,,
greegr,xc:454182,xc_454182,9,0.0,0.7,biodenoising,,,,,
greegr,xc:454182,xc_454182,11,0.0,1.05,biodenoising,,,,,
greegr,xc:561777,xc_561777,4,0.0,0.65,biodenoising,,,,,
greegr,xc:561777,xc_561777,6,0.0,0.51,biodenoising,,,,,
greegr,xc:561777,xc_561777,7,0.0,1.12,biodenoising,,,,,
greegr,xc:758130,xc_758130,1,0.0,1.23,biodenoising,,,,,
greegr,xc:794544,xc_794544,3,0.0,0.78,biodenoising,,,,,
greegr,xc:794544,xc_794544,6,0.0,0.62,biodenoising,,,,,
greegr,xc:794544,xc_794544,10,0.0,0.92,biodenoising,,,,,
grywag,xc:27018,xc_27018,5,0.0,2.34,biodenoising,,,,,
grywag,xc:27018,xc_27018,9,0.0,0.89,biodenoising,,,,,
grywag,xc:27018,xc_27018,11,0.0,4.94,biodenoising,,,,,
grywag,xc:27018,xc_27018,13,0.0,0.84,biodenoising,,,,,
grywag,xc:27018,xc_27018,15,0.0,8.0,biodenoising,,,,,
grywag,xc:324349,xc_324349,0,0.0,8.0,biodenoising,,,,,
grywag,xc:324349,xc_324349,1,0.0,8.0,biodenoising,,,,,
grywag,xc:324349,xc_324349,3,0.0,8.0,biodenoising,,,,,
grywag,xc:324349,xc_324349,7,0.0,8.0,biodenoising,,,,,
grywag,xc:324349,xc_324349,8,0.0,2.99,biodenoising,,,,,
grywag,xc:324350,xc_324350,2,0.0,8.0,biodenoising,,,,,
grywag,xc:324350,xc_324350,3,0.0,8.0,biodenoising,,,,,
grywag,xc:324350,xc_324350,4,0.0,8.0,biodenoising,,,,,
grywag,xc:324350,xc_324350,5,0.0,8.0,biodenoising,,,,,
grywag,xc:324350,xc_324350,6,0.0,6.88,biodenoising,,,,,
grywag,xc:386848,xc_386848,5,0.0,0.12,biodenoising,,,,,
grywag,xc:386848,xc_386848,13,0.0,2.26,biodenoising,,,,,
grywag,xc:386848,xc_386848,14,0.0,0.05,biodenoising,,,,,
grywag,xc:388636,xc_388636,1,0.0,0.42,biodenoising,,,,,
grywag,xc:388636,xc_388636,4,0.0,1.12,biodenoising,,,,,
grywag,xc:388636,xc_388636,6,0.0,0.29,biodenoising,,,,,
grywag,xc:388636,xc_388636,7,0.0,0.17,biodenoising,,,,,
grywag,xc:388636,xc_388636,11,0.0,0.23,biodenoising,,,,,
grywag,xc:432286,xc_432286,2,0.0,8.0,biodenoising,,,,,
grywag,xc:432286,xc_432286,5,0.0,1.86,biodenoising,,,,,
grywag,xc:432286,xc_432286,16,0.0,0.43,biodenoising,,,,,
grywag,xc:432286,xc_432286,37,0.0,0.58,biodenoising,,,,,
grywag,xc:485891,xc_485891,3,0.0,0.51,biodenoising,,,,,
grywag,xc:485891,xc_485891,8,0.0,0.3,biodenoising,,,,,
grywag,xc:485891,xc_485891,12,0.0,0.53,biodenoising,,,,,
grywag,xc:485891,xc_485891,13,0.0,0.36,biodenoising,,,,,
grywag,xc:485891,xc_485891,14,0.0,0.37,biodenoising,,,,,
grywag,xc:507377,xc_507377,88,0.0,0.08,biodenoising,,,,,
grywag,xc:507377,xc_507377,89,0.0,0.08,biodenoising,,,,,
grywag,xc:507377,xc_507377,92,0.0,0.08,biodenoising,,,,,
grywag,xc:507377,xc_507377,95,0.0,0.85,biodenoising,,,,,
grywag,xc:507377,xc_507377,135,0.0,0.74,biodenoising,,,,,
grywag,xc:608016,xc_608016,0,0.0,0.95,biodenoising,,,,,
grywag,xc:608016,xc_608016,6,0.0,0.85,biodenoising,,,,,
grywag,xc:608016,xc_608016,19,0.0,0.19,biodenoising,,,,,
grywag,xc:608016,xc_608016,28,0.0,0.36,biodenoising,,,,,
grywag,xc:608016,xc_608016,31,0.0,2.21,biodenoising,,,,,
grywag,xc:711977,xc_711977,2,0.0,5.05,biodenoising,,,,,
grywag,xc:722424,xc_722424,4,0.0,0.87,biodenoising,,,,,
grywag,xc:722424,xc_722424,5,0.0,0.9,biodenoising,,,,,
grywag,xc:722424,xc_722424,7,0.0,0.7,biodenoising,,,,,
grywag,xc:722424,xc_722424,12,0.0,0.73,biodenoising,,,,,
grywag,xc:722424,xc_722424,17,0.0,0.69,biodenoising,,,,,
grywag,xc:724109,xc_724109,3,0.0,0.83,biodenoising,,,,,
grywag,xc:724109,xc_724109,4,0.0,0.23,biodenoising,,,,,
grywag,xc:724109,xc_724109,5,0.0,0.34,biodenoising,,,,,
grywag,xc:724109,xc_724109,6,0.0,0.31,biodenoising,,,,,
grywag,xc:724109,xc_724109,7,0.0,0.41,biodenoising,,,,,
grywag,xc:78168,xc_78168,1,0.0,0.28,biodenoising,,,,,
grywag,xc:78168,xc_78168,3,0.0,0.27,biodenoising,,,,,
grywag,xc:78168,xc_78168,7,0.0,0.71,biodenoising,,,,,
grywag,xc:78168,xc_78168,8,0.0,0.35,biodenoising,,,,,
grywag,xc:78168,xc_78168,9,0.0,0.63,biodenoising,,,,,
grywag,xc:783762,xc_783762,11,0.0,0.07,biodenoising,,,,,
grywag,xc:797914,xc_797914,5,0.0,1.14,biodenoising,,,,,
grywag,xc:797914,xc_797914,14,0.0,2.53,biodenoising,,,,,
grywag,xc:864014,xc_864014,0,0.0,1.25,biodenoising,,,,,
grywag,xc:864014,xc_864014,1,0.0,0.88,biodenoising,,,,,
jabwar,xc:155854,xc_155854,12,0.0,1.59,biodenoising,,,,,
jabwar,xc:155854,xc_155854,28,0.0,2.08,biodenoising,,,,,
jabwar,xc:191037,xc_191037,25,0.0,1.38,biodenoising,,,,,
jabwar,xc:191037,xc_191037,31,0.0,1.78,biodenoising,,,,,
jabwar,xc:191037,xc_191037,37,0.0,0.24,biodenoising,,,,,
jabwar,xc:191037,xc_191037,41,0.0,1.71,biodenoising,,,,,
jabwar,xc:191037,xc_191037,47,0.0,1.59,biodenoising,,,,,
jabwar,xc:191038,xc_191038,4,0.0,1.55,biodenoising,,,,,
jabwar,xc:191038,xc_191038,25,0.0,1.45,biodenoising,,,,,
jabwar,xc:191038,xc_191038,36,0.0,0.84,biodenoising,,,,,
jabwar,xc:191038,xc_191038,40,0.0,3.16,biodenoising,,,,,
jabwar,xc:191038,xc_191038,45,0.0,1.94,biodenoising,,,,,
jabwar,xc:191203,xc_191203,80,0.0,0.17,biodenoising,,,,,
jabwar,xc:191203,xc_191203,83,0.0,0.15,biodenoising,,,,,
jabwar,xc:191203,xc_191203,86,0.0,0.16,biodenoising,,,,,
jabwar,xc:191203,xc_191203,110,0.0,0.17,biodenoising,,,,,
jabwar,xc:191203,xc_191203,116,0.0,0.09,biodenoising,,,,,
jabwar,xc:285699,xc_285699,13,0.0,0.55,biodenoising,,,,,
jabwar,xc:285848,xc_285848,38,0.0,1.05,biodenoising,,,,,
jabwar,xc:285848,xc_285848,44,0.0,1.94,biodenoising,,,,,
jabwar,xc:285848,xc_285848,46,0.0,0.25,biodenoising,,,,,
jabwar,xc:285848,xc_285848,70,0.0,1.8,biodenoising,,,,,
jabwar,xc:285848,xc_285848,73,0.0,0.6,biodenoising,,,,,
jabwar,xc:329587,xc_329587,3,0.0,1.84,biodenoising,,,,,
jabwar,xc:329587,xc_329587,19,0.0,2.03,biodenoising,,,,,
jabwar,xc:329587,xc_329587,35,0.0,2.07,biodenoising,,,,,
jabwar,xc:329587,xc_329587,63,0.0,1.67,biodenoising,,,,,
jabwar,xc:34404,xc_34404,5,0.0,2.02,biodenoising,,,,,
jabwar,xc:385100,xc_385100,52,0.0,0.18,biodenoising,,,,,
jabwar,xc:385100,xc_385100,55,0.0,0.16,biodenoising,,,,,
jabwar,xc:385100,xc_385100,56,0.0,0.18,biodenoising,,,,,
jabwar,xc:486788,xc_486788,3,0.0,3.25,biodenoising,,,,,
jabwar,xc:581688,xc_581688,1,0.0,1.6,biodenoising,,,,,
jabwar,xc:581688,xc_581688,9,0.0,2.18,biodenoising,,,,,
jabwar,xc:581688,xc_581688,49,0.0,1.5,biodenoising,,,,,
jabwar,xc:581688,xc_581688,105,0.0,1.93,biodenoising,,,,,
jabwar,xc:581688,xc_581688,134,0.0,1.23,biodenoising,,,,,
jabwar,xc:697521,xc_697521,1,0.0,1.81,biodenoising,,,,,
jabwar,xc:697521,xc_697521,7,0.0,1.88,biodenoising,,,,,
japwag1,ml:160012331,ml_160012331,17,0.0,0.33,biodenoising,,,,,
japwag1,ml:160012331,ml_160012331,21,0.0,0.39,biodenoising,,,,,
japwag1,ml:160012331,ml_160012331,30,0.0,0.44,biodenoising,,,,,
japwag1,ml:160012331,ml_160012331,34,0.0,0.27,biodenoising,,,,,
japwag1,ml:160012331,ml_160012331,38,0.0,0.4,biodenoising,,,,,
japwag1,ml:170805251,ml_170805251,29,0.0,0.05,biodenoising,,,,,
japwag1,ml:170805251,ml_170805251,39,0.0,0.18,biodenoising,,,,,
japwag1,ml:170805251,ml_170805251,48,0.0,0.08,biodenoising,,,,,
japwag1,ml:170805251,ml_170805251,60,0.0,0.07,biodenoising,,,,,
japwag1,ml:170805251,ml_170805251,65,0.0,0.05,biodenoising,,,,,
japwag1,ml:611293787,ml_611293787,24,0.0,0.17,biodenoising,,,,,
japwag1,ml:611293787,ml_611293787,50,0.0,0.7,biodenoising,,,,,
japwag1,ml:620086200,ml_620086200,8,0.0,0.11,biodenoising,,,,,
japwag1,ml:620086200,ml_620086200,22,0.0,0.13,biodenoising,,,,,
japwag1,ml:620086200,ml_620086200,23,0.0,0.34,biodenoising,,,,,
japwag1,ml:620086200,ml_620086200,25,0.0,0.48,biodenoising,,,,,
japwag1,ml:620086200,ml_620086200,63,0.0,0.07,biodenoising,,,,,
japwag1,ml:640256369,ml_640256369,8,0.0,0.7,biodenoising,,,,,
japwag1,ml:640256369,ml_640256369,10,0.0,0.9,biodenoising,,,,,
japwag1,ml:640402579,ml_640402579,3,0.0,0.22,biodenoising,,,,,
japwag1,ml:640402579,ml_640402579,4,0.0,0.31,biodenoising,,,,,
japwag1,ml:640402579,ml_640402579,6,0.0,0.3,biodenoising,,,,,
japwag1,ml:640402579,ml_640402579,17,0.0,0.21,biodenoising,,,,,
japwag1,ml:640402579,ml_640402579,20,0.0,0.2,biodenoising,,,,,
japwag1,ml:646279463,ml_646279463,3,0.0,1.01,biodenoising,,,,,
japwag1,ml:646279463,ml_646279463,5,0.0,3.97,biodenoising,,,,,
japwag1,ml:646279463,ml_646279463,8,0.0,3.77,biodenoising,,,,,
japwag1,ml:646279463,ml_646279463,9,0.0,8.0,biodenoising,,,,,
japwag1,ml:646279463,ml_646279463,10,0.0,8.0,biodenoising,,,,,
japwag1,xc:176437,xc_176437,1,0.0,0.48,biodenoising,,,,,
japwag1,xc:176437,xc_176437,6,0.0,0.48,biodenoising,,,,,
japwag1,xc:176437,xc_176437,10,0.0,0.37,biodenoising,,,,,
japwag1,xc:176437,xc_176437,29,0.0,0.31,biodenoising,,,,,
japwag1,xc:176437,xc_176437,42,0.0,0.48,biodenoising,,,,,
japwag1,xc:527476,xc_527476,0,0.0,0.31,biodenoising,,,,,
japwag1,xc:527476,xc_527476,2,0.0,0.2,biodenoising,,,,,
japwag1,xc:527476,xc_527476,3,0.0,0.23,biodenoising,,,,,
japwag1,xc:527476,xc_527476,5,0.0,0.26,biodenoising,,,,,
japwag1,xc:527476,xc_527476,7,0.0,2.76,biodenoising,,,,,
japwag1,xc:532311,xc_532311,0,0.0,0.47,biodenoising,,,,,
japwag1,xc:532311,xc_532311,2,0.0,0.72,biodenoising,,,,,
japwag1,xc:532311,xc_532311,4,0.0,0.71,biodenoising,,,,,
japwag1,xc:532311,xc_532311,5,0.0,0.33,biodenoising,,,,,
japwag1,xc:704676,xc_704676,2,0.0,0.23,biodenoising,,,,,
japwag1,xc:704676,xc_704676,3,0.0,0.26,biodenoising,,,,,
japwag1,xc:704676,xc_704676,7,0.0,0.2,biodenoising,,,,,
japwag1,xc:704676,xc_704676,16,0.0,0.11,biodenoising,,,,,
japwag1,xc:704676,xc_704676,23,0.0,0.4,biodenoising,,,,,
japwag1,xc:704677,xc_704677,4,0.0,1.19,biodenoising,,,,,
japwag1,xc:704677,xc_704677,6,0.0,0.83,biodenoising,,,,,
japwag1,xc:704677,xc_704677,8,0.0,0.6,biodenoising,,,,,
japwag1,xc:704677,xc_704677,10,0.0,0.8,biodenoising,,,,,
japwag1,xc:704677,xc_704677,16,0.0,0.23,biodenoising,,,,,
japwag1,xc:841047,xc_841047,1,0.0,1.64,biodenoising,,,,,
japwag1,xc:841047,xc_841047,7,0.0,2.85,biodenoising,,,,,
japwag1,xc:841047,xc_841047,8,0.0,2.05,biodenoising,,,,,
japwag1,xc:841047,xc_841047,12,0.0,5.07,biodenoising,,,,,
japwag1,xc:841047,xc_841047,20,0.0,5.07,biodenoising,,,,,
japwag1,xc:89513,xc_89513,4,0.0,1.24,biodenoising,,,,,
japwag1,xc:89513,xc_89513,5,0.0,0.85,biodenoising,,,,,
japwag1,xc:89513,xc_89513,7,0.0,3.51,biodenoising,,,,,
japwag1,xc:89513,xc_89513,8,0.0,8.0,biodenoising,,,,,
japwag1,xc:89513,xc_89513,9,0.0,2.4,biodenoising,,,,,
labcro1,xc:133745,xc_133745,160,0.0,0.25,biodenoising,,,,,
labcro1,xc:133745,xc_133745,177,0.0,0.25,biodenoising,,,,,
labcro1,xc:133745,xc_133745,178,0.0,1.33,biodenoising,,,,,
labcro1,xc:133745,xc_133745,182,0.0,0.31,biodenoising,,,,,
labcro1,xc:133745,xc_133745,183,0.0,1.79,biodenoising,,,,,
labcro1,xc:212126,xc_212126,2,0.0,2.8,biodenoising,,,,,
labcro1,xc:285993,xc_285993,4,0.0,0.45,biodenoising,,,,,
labcro1,xc:285993,xc_285993,5,0.0,0.45,biodenoising,,,,,
labcro1,xc:285993,xc_285993,6,0.0,0.44,biodenoising,,,,,
labcro1,xc:285993,xc_285993,7,0.0,0.66,biodenoising,,,,,
labcro1,xc:285993,xc_285993,38,0.0,0.51,biodenoising,,,,,
labcro1,xc:286155,xc_286155,2,0.0,7.84,biodenoising,,,,,
labcro1,xc:307471,xc_307471,6,0.0,2.66,biodenoising,,,,,
labcro1,xc:309572,xc_309572,12,0.0,0.41,biodenoising,,,,,
labcro1,xc:309572,xc_309572,19,0.0,0.36,biodenoising,,,,,
labcro1,xc:309572,xc_309572,20,0.0,1.07,biodenoising,,,,,
labcro1,xc:309572,xc_309572,21,0.0,0.36,biodenoising,,,,,
labcro1,xc:309572,xc_309572,32,0.0,0.28,biodenoising,,,,,
labcro1,xc:344448,xc_344448,8,0.0,0.39,biodenoising,,,,,
labcro1,xc:344448,xc_344448,9,0.0,2.91,biodenoising,,,,,
labcro1,xc:344448,xc_344448,13,0.0,0.18,biodenoising,,,,,
labcro1,xc:350538,xc_350538,0,0.0,1.19,biodenoising,,,,,
labcro1,xc:350538,xc_350538,5,0.0,2.35,biodenoising,,,,,
labcro1,xc:350538,xc_350538,7,0.0,1.12,biodenoising,,,,,
labcro1,xc:350538,xc_350538,10,0.0,2.3,biodenoising,,,,,
labcro1,xc:350538,xc_350538,12,0.0,2.29,biodenoising,,,,,
labcro1,xc:446405,xc_446405,27,0.0,0.32,biodenoising,,,,,
labcro1,xc:446405,xc_446405,29,0.0,0.76,biodenoising,,,,,
labcro1,xc:446405,xc_446405,51,0.0,1.37,biodenoising,,,,,
labcro1,xc:603876,xc_603876,0,0.0,2.49,biodenoising,,,,,
labcro1,xc:68019,xc_68019,15,0.0,1.57,biodenoising,,,,,
labcro1,xc:68019,xc_68019,18,0.0,1.0,biodenoising,,,,,
labcro1,xc:68019,xc_68019,33,0.0,0.86,biodenoising,,,,,
labcro1,xc:68019,xc_68019,46,0.0,1.36,biodenoising,,,,,
labcro1,xc:68019,xc_68019,57,0.0,1.16,biodenoising,,,,,
labcro1,xc:811530,xc_811530,5,0.0,2.71,biodenoising,,,,,
labcro1,xc:811530,xc_811530,6,0.0,1.98,biodenoising,,,,,
labcro1,xc:811530,xc_811530,12,0.0,0.94,biodenoising,,,,,
labcro1,xc:811530,xc_811530,17,0.0,0.38,biodenoising,,,,,
labcro1,xc:811530,xc_811530,22,0.0,1.82,biodenoising,,,,,
labcro1,xc:811532,xc_811532,0,0.0,1.21,biodenoising,,,,,
labcro1,xc:811532,xc_811532,1,0.0,1.27,biodenoising,,,,,
labcro1,xc:811532,xc_811532,7,0.0,0.55,biodenoising,,,,,
labcro1,xc:811532,xc_811532,8,0.0,1.53,biodenoising,,,,,
labcro1,xc:811821,xc_811821,13,0.0,2.21,biodenoising,,,,,
labcro1,xc:811821,xc_811821,26,0.0,1.19,biodenoising,,,,,
labcro1,xc:811821,xc_811821,55,0.0,3.3,biodenoising,,,,,
labcro1,xc:811821,xc_811821,71,0.0,3.73,biodenoising,,,,,
labcro1,xc:811821,xc_811821,113,0.0,2.24,biodenoising,,,,,
labcro1,xc:81350,xc_81350,1,0.0,0.88,biodenoising,,,,,
labcro1,xc:81350,xc_81350,2,0.0,0.47,biodenoising,,,,,
labcro1,xc:81350,xc_81350,3,0.0,0.43,biodenoising,,,,,
labcro1,xc:81350,xc_81350,4,0.0,0.31,biodenoising,,,,,
labcro1,xc:81350,xc_81350,5,0.0,0.41,biodenoising,,,,,
labcro1,xc:890153,xc_890153,0,0.0,0.27,biodenoising,,,,,
labcro1,xc:890153,xc_890153,1,0.0,0.24,biodenoising,,,,,
labcro1,xc:890153,xc_890153,2,0.0,0.3,biodenoising,,,,,
labcro1,xc:890153,xc_890153,6,0.0,0.26,biodenoising,,,,,
labcro1,xc:890153,xc_890153,8,0.0,0.27,biodenoising,,,,,
labcro1,xc:915206,xc_915206,13,0.0,8.0,biodenoising,,,,,
labcro1,xc:986610,xc_986610,2,0.0,0.44,biodenoising,,,,,
labcro1,xc:986610,xc_986610,3,0.0,0.44,biodenoising,,,,,
labcro1,xc:986610,xc_986610,4,0.0,0.45,biodenoising,,,,,
labcro1,xc:986610,xc_986610,5,0.0,0.5,biodenoising,,,,,
labcro1,xc:986610,xc_986610,6,0.0,0.89,biodenoising,,,,,
litegr,xc:1047895,xc_1047895,7,0.0,0.33,biodenoising,,,,,
litegr,xc:331548,xc_331548,7,0.0,1.35,biodenoising,,,,,
litegr,xc:331548,xc_331548,226,0.0,1.14,biodenoising,,,,,
litegr,xc:331548,xc_331548,347,0.0,4.63,biodenoising,,,,,
litegr,xc:331548,xc_331548,348,0.0,0.62,biodenoising,,,,,
litegr,xc:331548,xc_331548,383,0.0,0.84,biodenoising,,,,,
litegr,xc:333874,xc_333874,3,0.0,0.79,biodenoising,,,,,
litegr,xc:333874,xc_333874,5,0.0,0.64,biodenoising,,,,,
litegr,xc:333874,xc_333874,22,0.0,0.85,biodenoising,,,,,
litegr,xc:333874,xc_333874,39,0.0,0.08,biodenoising,,,,,
litegr,xc:333966,xc_333966,3,0.0,0.74,biodenoising,,,,,
litegr,xc:333966,xc_333966,25,0.0,0.78,biodenoising,,,,,
litegr,xc:333966,xc_333966,28,0.0,0.77,biodenoising,,,,,
litegr,xc:333966,xc_333966,64,0.0,0.87,biodenoising,,,,,
litegr,xc:333966,xc_333966,67,0.0,0.56,biodenoising,,,,,
litegr,xc:365090,xc_365090,0,0.0,4.24,biodenoising,,,,,
litegr,xc:372947,xc_372947,1,0.0,0.91,biodenoising,,,,,
litegr,xc:372947,xc_372947,8,0.0,0.9,biodenoising,,,,,
litegr,xc:372947,xc_372947,9,0.0,1.62,biodenoising,,,,,
litegr,xc:372947,xc_372947,11,0.0,1.94,biodenoising,,,,,
litegr,xc:372947,xc_372947,13,0.0,0.99,biodenoising,,,,,
litegr,xc:481452,xc_481452,2,0.0,0.79,biodenoising,,,,,
litegr,xc:779145,xc_779145,2,0.0,0.63,biodenoising,,,,,
litegr,xc:779145,xc_779145,3,0.0,0.65,biodenoising,,,,,
litegr,xc:779145,xc_779145,10,0.0,0.52,biodenoising,,,,,
litegr,xc:779145,xc_779145,12,0.0,0.62,biodenoising,,,,,
litegr,xc:779145,xc_779145,21,0.0,0.54,biodenoising,,,,,
litegr,xc:795658,xc_795658,33,0.0,1.51,biodenoising,,,,,
litegr,xc:795658,xc_795658,56,0.0,0.88,biodenoising,,,,,
litegr,xc:795658,xc_795658,58,0.0,0.74,biodenoising,,,,,
litegr,xc:795658,xc_795658,70,0.0,0.74,biodenoising,,,,,
litegr,xc:795658,xc_795658,71,0.0,1.65,biodenoising,,,,,
litegr,xc:956994,xc_956994,71,0.0,0.12,biodenoising,,,,,
litegr,xc:956994,xc_956994,79,0.0,0.37,biodenoising,,,,,
litegr,xc:956994,xc_956994,80,0.0,0.37,biodenoising,,,,,
litegr,xc:956994,xc_956994,81,0.0,0.41,biodenoising,,,,,
litegr,xc:956994,xc_956994,88,0.0,0.17,biodenoising,,,,,
litgre1,xc:1022129,xc_1022129,0,0.0,5.25,biodenoising,,,,,
litgre1,xc:1022129,xc_1022129,1,0.0,0.13,biodenoising,,,,,
litgre1,xc:1022129,xc_1022129,2,0.0,0.43,biodenoising,,,,,
litgre1,xc:1022129,xc_1022129,3,0.0,2.27,biodenoising,,,,,
litgre1,xc:314911,xc_314911,5,0.0,0.3,biodenoising,,,,,
litgre1,xc:314911,xc_314911,7,0.0,0.6,biodenoising,,,,,
litgre1,xc:314911,xc_314911,8,0.0,4.65,biodenoising,,,,,
litgre1,xc:314911,xc_314911,21,0.0,6.34,biodenoising,,,,,
litgre1,xc:314911,xc_314911,24,0.0,4.59,biodenoising,,,,,
litgre1,xc:36827,xc_36827,0,0.0,4.62,biodenoising,,,,,
litgre1,xc:36827,xc_36827,1,0.0,7.98,biodenoising,,,,,
litgre1,xc:36827,xc_36827,2,0.0,2.08,biodenoising,,,,,
litgre1,xc:36827,xc_36827,3,0.0,0.96,biodenoising,,,,,
litgre1,xc:36827,xc_36827,4,0.0,2.93,biodenoising,,,,,
litgre1,xc:380340,xc_380340,0,0.0,0.06,biodenoising,,,,,
litgre1,xc:380340,xc_380340,2,0.0,3.94,biodenoising,,,,,
litgre1,xc:380340,xc_380340,6,0.0,0.08,biodenoising,,,,,
litgre1,xc:380340,xc_380340,17,0.0,2.27,biodenoising,,,,,
litgre1,xc:380340,xc_380340,29,0.0,0.11,biodenoising,,,,,
litgre1,xc:483193,xc_483193,0,0.0,0.16,biodenoising,,,,,
litgre1,xc:483193,xc_483193,1,0.0,0.27,biodenoising,,,,,
litgre1,xc:483193,xc_483193,2,0.0,0.26,biodenoising,,,,,
litgre1,xc:484292,xc_484292,6,0.0,0.23,biodenoising,,,,,
litgre1,xc:484292,xc_484292,7,0.0,0.24,biodenoising,,,,,
litgre1,xc:484292,xc_484292,8,0.0,1.99,biodenoising,,,,,
litgre1,xc:484292,xc_484292,9,0.0,0.33,biodenoising,,,,,
litgre1,xc:484292,xc_484292,10,0.0,0.41,biodenoising,,,,,
litgre1,xc:534650,xc_534650,0,0.0,3.24,biodenoising,,,,,
litgre1,xc:534650,xc_534650,1,0.0,0.29,biodenoising,,,,,
litgre1,xc:546375,xc_546375,2,0.0,0.08,biodenoising,,,,,
litgre1,xc:596755,xc_596755,0,0.0,2.27,biodenoising,,,,,
litgre1,xc:596755,xc_596755,1,0.0,0.23,biodenoising,,,,,
litgre1,xc:596755,xc_596755,2,0.0,1.76,biodenoising,,,,,
litgre1,xc:606864,xc_606864,1,0.0,0.07,biodenoising,,,,,
litgre1,xc:606864,xc_606864,6,0.0,1.26,biodenoising,,,,,
litgre1,xc:606864,xc_606864,8,0.0,0.16,biodenoising,,,,,
litgre1,xc:634993,xc_634993,0,0.0,0.12,biodenoising,,,,,
litgre1,xc:634993,xc_634993,1,0.0,1.67,biodenoising,,,,,
litgre1,xc:687079,xc_687079,9,0.0,0.06,biodenoising,,,,,
litgre1,xc:687079,xc_687079,11,0.0,0.39,biodenoising,,,,,
litgre1,xc:687079,xc_687079,12,0.0,0.37,biodenoising,,,,,
litgre1,xc:687079,xc_687079,13,0.0,0.74,biodenoising,,,,,
litgre1,xc:687079,xc_687079,14,0.0,0.57,biodenoising,,,,,
litgre1,xc:712583,xc_712583,1,0.0,2.82,biodenoising,,,,,
litgre1,xc:712583,xc_712583,12,0.0,2.53,biodenoising,,,,,
litgre1,xc:712583,xc_712583,24,0.0,2.01,biodenoising,,,,,
litgre1,xc:712583,xc_712583,31,0.0,2.47,biodenoising,,,,,
litgre1,xc:712583,xc_712583,33,0.0,0.8,biodenoising,,,,,
litgre1,xc:723740,xc_723740,0,0.0,3.37,biodenoising,,,,,
litgre1,xc:723740,xc_723740,1,0.0,5.78,biodenoising,,,,,
litgre1,xc:804879,xc_804879,0,0.0,0.08,biodenoising,,,,,
litgre1,xc:804879,xc_804879,1,0.0,0.1,biodenoising,,,,,
litgre1,xc:804879,xc_804879,2,0.0,0.09,biodenoising,,,,,
litgre1,xc:804879,xc_804879,3,0.0,1.19,biodenoising,,,,,
litgre1,xc:806226,xc_806226,0,0.0,0.61,biodenoising,,,,,
litgre1,xc:806226,xc_806226,1,0.0,0.23,biodenoising,,,,,
litgre1,xc:806226,xc_806226,2,0.0,0.28,biodenoising,,,,,
litgre1,xc:806226,xc_806226,3,0.0,3.59,biodenoising,,,,,
litgre1,xc:806226,xc_806226,9,0.0,0.12,biodenoising,,,,,
litgre1,xc:827756,xc_827756,0,0.0,0.08,biodenoising,,,,,
litgre1,xc:827756,xc_827756,1,0.0,0.09,biodenoising,,,,,
litgre1,xc:827756,xc_827756,2,0.0,1.84,biodenoising,,,,,
litgre1,xc:900716,xc_900716,0,0.0,0.07,biodenoising,,,,,
litgre1,xc:923292,xc_923292,0,0.0,0.28,biodenoising,,,,,
litgre1,xc:947545,xc_947545,0,0.0,5.08,biodenoising,,,,,
litgre1,xc:947545,xc_947545,1,0.0,1.37,biodenoising,,,,,
litgre1,xc:947545,xc_947545,3,0.0,0.63,biodenoising,,,,,
litgre1,xc:947545,xc_947545,5,0.0,0.64,biodenoising,,,,,
litgre1,xc:947545,xc_947545,6,0.0,0.32,biodenoising,,,,,
lottit1,xc:1073133,xc_1073133,15,0.0,0.49,biodenoising,,,,,
lottit1,xc:1073133,xc_1073133,17,0.0,0.56,biodenoising,,,,,
lottit1,xc:217401,xc_217401,283,0.0,0.27,biodenoising,,,,,
lottit1,xc:339919,xc_339919,0,0.0,0.38,biodenoising,,,,,
lottit1,xc:339919,xc_339919,1,0.0,0.82,biodenoising,,,,,
lottit1,xc:339919,xc_339919,12,0.0,0.45,biodenoising,,,,,
lottit1,xc:339919,xc_339919,13,0.0,0.48,biodenoising,,,,,
lottit1,xc:354434,xc_354434,8,0.0,0.2,biodenoising,,,,,
lottit1,xc:354434,xc_354434,20,0.0,0.19,biodenoising,,,,,
lottit1,xc:354434,xc_354434,23,0.0,0.19,biodenoising,,,,,
lottit1,xc:354434,xc_354434,31,0.0,0.18,biodenoising,,,,,
lottit1,xc:354434,xc_354434,36,0.0,0.2,biodenoising,,,,,
lottit1,xc:424195,xc_424195,21,0.0,0.89,biodenoising,,,,,
lottit1,xc:424195,xc_424195,191,0.0,0.66,biodenoising,,,,,
lottit1,xc:424195,xc_424195,225,0.0,0.7,biodenoising,,,,,
lottit1,xc:424195,xc_424195,230,0.0,0.52,biodenoising,,,,,
lottit1,xc:424195,xc_424195,245,0.0,0.69,biodenoising,,,,,
lottit1,xc:462475,xc_462475,63,0.0,0.63,biodenoising,,,,,
lottit1,xc:462475,xc_462475,124,0.0,0.65,biodenoising,,,,,
lottit1,xc:462475,xc_462475,182,0.0,0.56,biodenoising,,,,,
lottit1,xc:462475,xc_462475,189,0.0,0.26,biodenoising,,,,,
lottit1,xc:462475,xc_462475,222,0.0,0.33,biodenoising,,,,,
lottit1,xc:463643,xc_463643,12,0.0,0.36,biodenoising,,,,,
lottit1,xc:463643,xc_463643,13,0.0,4.51,biodenoising,,,,,
lottit1,xc:463643,xc_463643,32,0.0,1.27,biodenoising,,,,,
lottit1,xc:463643,xc_463643,40,0.0,2.7,biodenoising,,,,,
lottit1,xc:486174,xc_486174,32,0.0,0.41,biodenoising,,,,,
lottit1,xc:486174,xc_486174,47,0.0,0.7,biodenoising,,,,,
lottit1,xc:486174,xc_486174,62,0.0,0.41,biodenoising,,,,,
lottit1,xc:486174,xc_486174,98,0.0,0.37,biodenoising,,,,,
lottit1,xc:486174,xc_486174,99,0.0,0.53,biodenoising,,,,,
lottit1,xc:499649,xc_499649,5,0.0,0.26,biodenoising,,,,,
lottit1,xc:499649,xc_499649,16,0.0,0.28,biodenoising,,,,,
lottit1,xc:499649,xc_499649,35,0.0,0.22,biodenoising,,,,,
lottit1,xc:499649,xc_499649,113,0.0,0.27,biodenoising,,,,,
lottit1,xc:499649,xc_499649,340,0.0,0.41,biodenoising,,,,,
lottit1,xc:503776,xc_503776,2,0.0,8.0,biodenoising,,,,,
lottit1,xc:503776,xc_503776,6,0.0,1.35,biodenoising,,,,,
lottit1,xc:503776,xc_503776,8,0.0,0.96,biodenoising,,,,,
lottit1,xc:503776,xc_503776,17,0.0,2.25,biodenoising,,,,,
lottit1,xc:503776,xc_503776,22,0.0,8.0,biodenoising,,,,,
lottit1,xc:530279,xc_530279,110,0.0,0.27,biodenoising,,,,,
lottit1,xc:530279,xc_530279,111,0.0,0.27,biodenoising,,,,,
lottit1,xc:530279,xc_530279,117,0.0,0.32,biodenoising,,,,,
lottit1,xc:530279,xc_530279,118,0.0,0.25,biodenoising,,,,,
lottit1,xc:530279,xc_530279,123,0.0,0.31,biodenoising,,,,,
lottit1,xc:611217,xc_611217,10,0.0,0.14,biodenoising,,,,,
lottit1,xc:611217,xc_611217,14,0.0,0.19,biodenoising,,,,,
lottit1,xc:611217,xc_611217,29,0.0,0.16,biodenoising,,,,,
lottit1,xc:611217,xc_611217,39,0.0,0.14,biodenoising,,,,,
lottit1,xc:611217,xc_611217,43,0.0,0.13,biodenoising,,,,,
lottit1,xc:688593,xc_688593,0,0.0,0.35,biodenoising,,,,,
lottit1,xc:688593,xc_688593,9,0.0,0.6,biodenoising,,,,,
lottit1,xc:708449,xc_708449,11,0.0,0.46,biodenoising,,,,,
lottit1,xc:708449,xc_708449,19,0.0,0.49,biodenoising,,,,,
lottit1,xc:708449,xc_708449,30,0.0,0.96,biodenoising,,,,,
lottit1,xc:708449,xc_708449,36,0.0,0.13,biodenoising,,,,,
lottit1,xc:708449,xc_708449,84,0.0,0.29,biodenoising,,,,,
lottit1,xc:748765,xc_748765,20,0.0,1.1,biodenoising,,,,,
lottit1,xc:748765,xc_748765,21,0.0,7.87,biodenoising,,,,,
lottit1,xc:748765,xc_748765,22,0.0,2.4,biodenoising,,,,,
lottit1,xc:748765,xc_748765,31,0.0,0.85,biodenoising,,,,,
lottit1,xc:759683,xc_759683,3,0.0,0.41,biodenoising,,,,,
lottit1,xc:759683,xc_759683,108,0.0,0.66,biodenoising,,,,,
lottit1,xc:759683,xc_759683,137,0.0,0.89,biodenoising,,,,,
mallar3,xc:170676,xc_170676,6,0.0,0.59,biodenoising,,,,,
mallar3,xc:170676,xc_170676,9,0.0,0.5,biodenoising,,,,,
mallar3,xc:170676,xc_170676,14,0.0,0.53,biodenoising,,,,,
mallar3,xc:170676,xc_170676,16,0.0,0.64,biodenoising,,,,,
mallar3,xc:170676,xc_170676,20,0.0,0.57,biodenoising,,,,,
mallar3,xc:308994,xc_308994,1,0.0,1.48,biodenoising,,,,,
mallar3,xc:308994,xc_308994,2,0.0,2.11,biodenoising,,,,,
mallar3,xc:396538,xc_396538,332,0.0,1.48,biodenoising,,,,,
mallar3,xc:396538,xc_396538,400,0.0,0.4,biodenoising,,,,,
mallar3,xc:396538,xc_396538,412,0.0,0.49,biodenoising,,,,,
mallar3,xc:396538,xc_396538,413,0.0,0.53,biodenoising,,,,,
mallar3,xc:396538,xc_396538,551,0.0,0.53,biodenoising,,,,,
mallar3,xc:541823,xc_541823,1,0.0,2.65,biodenoising,,,,,
mallar3,xc:541823,xc_541823,2,0.0,2.65,biodenoising,,,,,
mallar3,xc:541823,xc_541823,3,0.0,0.56,biodenoising,,,,,
mallar3,xc:541823,xc_541823,4,0.0,3.89,biodenoising,,,,,
mallar3,xc:676710,xc_676710,69,0.0,0.19,biodenoising,,,,,
mallar3,xc:676710,xc_676710,70,0.0,0.58,biodenoising,,,,,
mallar3,xc:676710,xc_676710,72,0.0,0.23,biodenoising,,,,,
mallar3,xc:676710,xc_676710,73,0.0,0.19,biodenoising,,,,,
mallar3,xc:676710,xc_676710,76,0.0,0.22,biodenoising,,,,,
mallar3,xc:718815,xc_718815,1,0.0,2.8,biodenoising,,,,,
mallar3,xc:879568,xc_879568,3,0.0,1.38,biodenoising,,,,,
mallar3,xc:879568,xc_879568,4,0.0,1.0,biodenoising,,,,,
meabun1,xc:1018429,xc_1018429,43,0.0,0.82,biodenoising,,,,,
meabun1,xc:1018429,xc_1018429,53,0.0,1.27,biodenoising,,,,,
meabun1,xc:1018429,xc_1018429,57,0.0,1.18,biodenoising,,,,,
meabun1,xc:1018429,xc_1018429,73,0.0,1.49,biodenoising,,,,,
meabun1,xc:1018429,xc_1018429,76,0.0,1.23,biodenoising,,,,,
meabun1,xc:1024146,xc_1024146,127,0.0,1.39,biodenoising,,,,,
meabun1,xc:1024146,xc_1024146,141,0.0,1.9,biodenoising,,,,,
meabun1,xc:1024146,xc_1024146,204,0.0,0.2,biodenoising,,,,,
meabun1,xc:1024146,xc_1024146,266,0.0,1.8,biodenoising,,,,,
meabun1,xc:1024146,xc_1024146,275,0.0,1.9,biodenoising,,,,,
meabun1,xc:155678,xc_155678,10,0.0,0.66,biodenoising,,,,,
meabun1,xc:155678,xc_155678,11,0.0,0.24,biodenoising,,,,,
meabun1,xc:155678,xc_155678,27,0.0,0.27,biodenoising,,,,,
meabun1,xc:155678,xc_155678,31,0.0,0.23,biodenoising,,,,,
meabun1,xc:155678,xc_155678,32,0.0,0.32,biodenoising,,,,,
meabun1,xc:172704,xc_172704,21,0.0,1.32,biodenoising,,,,,
meabun1,xc:172704,xc_172704,27,0.0,0.21,biodenoising,,,,,
meabun1,xc:172704,xc_172704,43,0.0,1.36,biodenoising,,,,,
meabun1,xc:172704,xc_172704,86,0.0,0.21,biodenoising,,,,,
meabun1,xc:172704,xc_172704,91,0.0,0.21,biodenoising,,,,,
meabun1,xc:23968,xc_23968,1,0.0,2.25,biodenoising,,,,,
meabun1,xc:23968,xc_23968,10,0.0,3.05,biodenoising,,,,,
meabun1,xc:23968,xc_23968,21,0.0,2.87,biodenoising,,,,,
meabun1,xc:23968,xc_23968,33,0.0,2.69,biodenoising,,,,,
meabun1,xc:23968,xc_23968,55,0.0,3.14,biodenoising,,,,,
meabun1,xc:285653,xc_285653,4,0.0,0.37,biodenoising,,,,,
meabun1,xc:414492,xc_414492,17,0.0,0.66,biodenoising,,,,,
meabun1,xc:414492,xc_414492,28,0.0,0.65,biodenoising,,,,,
meabun1,xc:414492,xc_414492,31,0.0,0.44,biodenoising,,,,,
meabun1,xc:414492,xc_414492,36,0.0,0.68,biodenoising,,,,,
meabun1,xc:414492,xc_414492,41,0.0,0.52,biodenoising,,,,,
meabun1,xc:491231,xc_491231,44,0.0,0.16,biodenoising,,,,,
meabun1,xc:491979,xc_491979,2,0.0,0.26,biodenoising,,,,,
meabun1,xc:491979,xc_491979,3,0.0,0.19,biodenoising,,,,,
meabun1,xc:491979,xc_491979,5,0.0,0.11,biodenoising,,,,,
meabun1,xc:491979,xc_491979,16,0.0,0.55,biodenoising,,,,,
meabun1,xc:491979,xc_491979,21,0.0,2.61,biodenoising,,,,,
meabun1,xc:915212,xc_915212,14,0.0,1.83,biodenoising,,,,,
norpin,xc:113186,xc_113186,7,0.0,1.49,biodenoising,,,,,
norpin,xc:113186,xc_113186,8,0.0,3.53,biodenoising,,,,,
norpin,xc:113186,xc_113186,9,0.0,2.48,biodenoising,,,,,
norpin,xc:129047,xc_129047,14,0.0,0.2,biodenoising,,,,,
norpin,xc:129047,xc_129047,15,0.0,0.28,biodenoising,,,,,
norpin,xc:129047,xc_129047,16,0.0,0.14,biodenoising,,,,,
norpin,xc:129047,xc_129047,19,0.0,0.33,biodenoising,,,,,
norpin,xc:129047,xc_129047,24,0.0,0.96,biodenoising,,,,,
norpin,xc:381982,xc_381982,1,0.0,0.94,biodenoising,,,,,
norpin,xc:381982,xc_381982,7,0.0,0.5,biodenoising,,,,,
norpin,xc:381982,xc_381982,11,0.0,0.67,biodenoising,,,,,
norpin,xc:463194,xc_463194,0,0.0,5.17,biodenoising,,,,,
norpin,xc:614451,xc_614451,9,0.0,0.17,biodenoising,,,,,
norpin,xc:614451,xc_614451,11,0.0,0.67,biodenoising,,,,,
norpin,xc:614451,xc_614451,13,0.0,0.35,biodenoising,,,,,
norpin,xc:614451,xc_614451,73,0.0,0.38,biodenoising,,,,,
norpin,xc:614451,xc_614451,163,0.0,0.74,biodenoising,,,,,
norpin,xc:616572,xc_616572,10,0.0,0.31,biodenoising,,,,,
norpin,xc:616572,xc_616572,32,0.0,0.16,biodenoising,,,,,
norpin,xc:616572,xc_616572,33,0.0,0.26,biodenoising,,,,,
norpin,xc:616572,xc_616572,92,0.0,0.21,biodenoising,,,,,
norpin,xc:616572,xc_616572,104,0.0,0.16,biodenoising,,,,,
norpin,xc:617386,xc_617386,7,0.0,0.75,biodenoising,,,,,
norpin,xc:617386,xc_617386,16,0.0,0.92,biodenoising,,,,,
norpin,xc:617386,xc_617386,18,0.0,0.78,biodenoising,,,,,
norpin,xc:617386,xc_617386,22,0.0,0.35,biodenoising,,,,,
norpin,xc:617386,xc_617386,23,0.0,0.45,biodenoising,,,,,
norpin,xc:640792,xc_640792,1,0.0,1.07,biodenoising,,,,,
norpin,xc:640792,xc_640792,3,0.0,0.33,biodenoising,,,,,
norpin,xc:640792,xc_640792,5,0.0,0.46,biodenoising,,,,,
norpin,xc:640792,xc_640792,11,0.0,0.6,biodenoising,,,,,
norpin,xc:640792,xc_640792,16,0.0,1.54,biodenoising,,,,,
norpin,xc:718504,xc_718504,0,0.0,3.47,biodenoising,,,,,
norpin,xc:979494,xc_979494,1,0.0,0.2,biodenoising,,,,,
norpin,xc:979494,xc_979494,3,0.0,0.27,biodenoising,,,,,
norpin,xc:979494,xc_979494,5,0.0,0.41,biodenoising,,,,,
norpin,xc:979494,xc_979494,7,0.0,0.18,biodenoising,,,,,
norpin,xc:979494,xc_979494,8,0.0,0.34,biodenoising,,,,,
norsho,xc:1012765,xc_1012765,1,0.0,0.73,biodenoising,,,,,
norsho,xc:1020442,xc_1020442,30,0.0,0.21,biodenoising,,,,,
norsho,xc:1020442,xc_1020442,36,0.0,0.44,biodenoising,,,,,
norsho,xc:1020442,xc_1020442,47,0.0,1.94,biodenoising,,,,,
norsho,xc:1020442,xc_1020442,69,0.0,1.35,biodenoising,,,,,
norsho,xc:1020442,xc_1020442,86,0.0,1.84,biodenoising,,,,,
norsho,xc:190730,xc_190730,1,0.0,0.4,biodenoising,,,,,
norsho,xc:190730,xc_190730,2,0.0,0.07,biodenoising,,,,,
norsho,xc:190730,xc_190730,3,0.0,0.06,biodenoising,,,,,
norsho,xc:190730,xc_190730,6,0.0,0.1,biodenoising,,,,,
norsho,xc:190730,xc_190730,7,0.0,0.21,biodenoising,,,,,
norsho,xc:448754,xc_448754,6,0.0,0.1,biodenoising,,,,,
norsho,xc:448754,xc_448754,14,0.0,0.1,biodenoising,,,,,
norsho,xc:448754,xc_448754,20,0.0,0.1,biodenoising,,,,,
norsho,xc:448754,xc_448754,32,0.0,0.09,biodenoising,,,,,
norsho,xc:448754,xc_448754,34,0.0,0.11,biodenoising,,,,,
norsho,xc:501879,xc_501879,9,0.0,0.23,biodenoising,,,,,
norsho,xc:501879,xc_501879,28,0.0,0.21,biodenoising,,,,,
norsho,xc:501879,xc_501879,29,0.0,0.26,biodenoising,,,,,
norsho,xc:501879,xc_501879,72,0.0,0.2,biodenoising,,,,,
norsho,xc:501879,xc_501879,150,0.0,0.24,biodenoising,,,,,
norsho,xc:617375,xc_617375,66,0.0,0.16,biodenoising,,,,,
norsho,xc:617375,xc_617375,68,0.0,0.21,biodenoising,,,,,
norsho,xc:617375,xc_617375,71,0.0,0.23,biodenoising,,,,,
norsho,xc:644498,xc_644498,0,0.0,0.51,biodenoising,,,,,
norsho,xc:644498,xc_644498,2,0.0,0.19,biodenoising,,,,,
norsho,xc:644498,xc_644498,3,0.0,0.56,biodenoising,,,,,
norsho,xc:683730,xc_683730,21,0.0,1.79,biodenoising,,,,,
norsho,xc:683730,xc_683730,34,0.0,0.68,biodenoising,,,,,
norsho,xc:683730,xc_683730,37,0.0,0.23,biodenoising,,,,,
norsho,xc:683730,xc_683730,40,0.0,0.63,biodenoising,,,,,
norsho,xc:683730,xc_683730,45,0.0,0.33,biodenoising,,,,,
norsho,xc:692984,xc_692984,6,0.0,0.13,biodenoising,,,,,
norsho,xc:692984,xc_692984,12,0.0,0.14,biodenoising,,,,,
norsho,xc:692984,xc_692984,14,0.0,0.16,biodenoising,,,,,
norsho,xc:692984,xc_692984,17,0.0,0.16,biodenoising,,,,,
norsho,xc:692984,xc_692984,21,0.0,0.17,biodenoising,,,,,
norsho,xc:706887,xc_706887,9,0.0,3.29,biodenoising,,,,,
norsho,xc:706887,xc_706887,11,0.0,8.0,biodenoising,,,,,
norsho,xc:706887,xc_706887,45,0.0,0.97,biodenoising,,,,,
norsho,xc:706887,xc_706887,48,0.0,0.59,biodenoising,,,,,
norsho,xc:706887,xc_706887,64,0.0,0.56,biodenoising,,,,,
norsho,xc:800553,xc_800553,5,0.0,0.17,biodenoising,,,,,
norsho,xc:800553,xc_800553,11,0.0,0.17,biodenoising,,,,,
norsho,xc:800553,xc_800553,13,0.0,0.17,biodenoising,,,,,
norsho,xc:800553,xc_800553,15,0.0,0.2,biodenoising,,,,,
norsho,xc:800553,xc_800553,18,0.0,0.21,biodenoising,,,,,
norsho,xc:800991,xc_800991,4,0.0,6.63,biodenoising,,,,,
origre,xc:268302,xc_268302,4,0.0,0.19,biodenoising,,,,,
origre,xc:268302,xc_268302,23,0.0,0.59,biodenoising,,,,,
origre,xc:268302,xc_268302,42,0.0,0.11,biodenoising,,,,,
origre,xc:268302,xc_268302,46,0.0,0.14,biodenoising,,,,,
origre,xc:285949,xc_285949,2,0.0,1.35,biodenoising,,,,,
origre,xc:285949,xc_285949,3,0.0,1.09,biodenoising,,,,,
origre,xc:285949,xc_285949,4,0.0,1.26,biodenoising,,,,,
origre,xc:285949,xc_285949,13,0.0,1.25,biodenoising,,,,,
origre,xc:285949,xc_285949,44,0.0,1.03,biodenoising,,,,,
origre,xc:401718,xc_401718,2,0.0,0.37,biodenoising,,,,,
origre,xc:401718,xc_401718,9,0.0,0.25,biodenoising,,,,,
origre,xc:401718,xc_401718,11,0.0,0.07,biodenoising,,,,,
origre,xc:401718,xc_401718,18,0.0,0.09,biodenoising,,,,,
origre,xc:401718,xc_401718,20,0.0,0.12,biodenoising,,,,,
origre,xc:451340,xc_451340,3,0.0,0.26,biodenoising,,,,,
origre,xc:451340,xc_451340,6,0.0,0.3,biodenoising,,,,,
origre,xc:451340,xc_451340,45,0.0,0.38,biodenoising,,,,,
origre,xc:451340,xc_451340,58,0.0,0.33,biodenoising,,,,,
origre,xc:451340,xc_451340,69,0.0,0.32,biodenoising,,,,,
origre,xc:733017,xc_733017,1,0.0,0.56,biodenoising,,,,,
origre,xc:733017,xc_733017,4,0.0,0.44,biodenoising,,,,,
origre,xc:733017,xc_733017,19,0.0,0.33,biodenoising,,,,,
origre,xc:733017,xc_733017,35,0.0,0.46,biodenoising,,,,,
origre,xc:733017,xc_733017,50,0.0,0.16,biodenoising,,,,,
origre,xc:733024,xc_733024,39,0.0,0.55,biodenoising,,,,,
origre,xc:733024,xc_733024,50,0.0,0.51,biodenoising,,,,,
origre,xc:733024,xc_733024,54,0.0,0.47,biodenoising,,,,,
origre,xc:733024,xc_733024,58,0.0,0.72,biodenoising,,,,,
origre,xc:733024,xc_733024,75,0.0,0.78,biodenoising,,,,,
origre,xc:872882,xc_872882,11,0.0,0.49,biodenoising,,,,,
origre,xc:872882,xc_872882,16,0.0,0.58,biodenoising,,,,,
origre,xc:872882,xc_872882,18,0.0,0.65,biodenoising,,,,,
origre,xc:872882,xc_872882,19,0.0,0.73,biodenoising,,,,,
origre,xc:872882,xc_872882,20,0.0,0.61,biodenoising,,,,,
origre,xc:872884,xc_872884,1,0.0,0.76,biodenoising,,,,,
origre,xc:872884,xc_872884,14,0.0,0.87,biodenoising,,,,,
origre,xc:872884,xc_872884,26,0.0,0.69,biodenoising,,,,,
origre,xc:872884,xc_872884,27,0.0,0.9,biodenoising,,,,,
origre,xc:872884,xc_872884,28,0.0,1.63,biodenoising,,,,,
origre,xc:992580,xc_992580,61,0.0,0.97,biodenoising,,,,,
origre,xc:992580,xc_992580,66,0.0,0.93,biodenoising,,,,,
origre,xc:992580,xc_992580,76,0.0,1.06,biodenoising,,,,,
origre,xc:992580,xc_992580,83,0.0,0.98,biodenoising,,,,,
origre,xc:992580,xc_992580,106,0.0,1.01,biodenoising,,,,,
ortdov,xc:1009283,xc_1009283,46,0.0,0.26,biodenoising,,,,,
ortdov,xc:1009283,xc_1009283,48,0.0,0.35,biodenoising,,,,,
ortdov,xc:1009283,xc_1009283,53,0.0,0.25,biodenoising,,,,,
ortdov,xc:1009283,xc_1009283,54,0.0,0.5,biodenoising,,,,,
ortdov,xc:1009283,xc_1009283,57,0.0,0.37,biodenoising,,,,,
ortdov,xc:327475,xc_327475,41,0.0,0.27,biodenoising,,,,,
ortdov,xc:327475,xc_327475,45,0.0,0.28,biodenoising,,,,,
ortdov,xc:327475,xc_327475,78,0.0,0.44,biodenoising,,,,,
ortdov,xc:327475,xc_327475,79,0.0,3.06,biodenoising,,,,,
ortdov,xc:327475,xc_327475,81,0.0,2.37,biodenoising,,,,,
ortdov,xc:428975,xc_428975,13,0.0,0.31,biodenoising,,,,,
ortdov,xc:428975,xc_428975,16,0.0,0.35,biodenoising,,,,,
ortdov,xc:428975,xc_428975,20,0.0,0.33,biodenoising,,,,,
ortdov,xc:428975,xc_428975,23,0.0,0.38,biodenoising,,,,,
ortdov,xc:428975,xc_428975,47,0.0,0.45,biodenoising,,,,,
ortdov,xc:473070,xc_473070,9,0.0,0.75,biodenoising,,,,,
ortdov,xc:473070,xc_473070,10,0.0,0.42,biodenoising,,,,,
ortdov,xc:473070,xc_473070,12,0.0,0.76,biodenoising,,,,,
ortdov,xc:473070,xc_473070,15,0.0,0.75,biodenoising,,,,,
ortdov,xc:473070,xc_473070,21,0.0,0.85,biodenoising,,,,,
ortdov,xc:473071,xc_473071,13,0.0,0.76,biodenoising,,,,,
ortdov,xc:473071,xc_473071,18,0.0,0.75,biodenoising,,,,,
ortdov,xc:618817,xc_618817,0,0.0,0.45,biodenoising,,,,,
ortdov,xc:618817,xc_618817,1,0.0,0.55,biodenoising,,,,,
ortdov,xc:618817,xc_618817,2,0.0,0.62,biodenoising,,,,,
ortdov,xc:618817,xc_618817,4,0.0,0.35,biodenoising,,,,,
ortdov,xc:618817,xc_618817,9,0.0,0.46,biodenoising,,,,,
ortdov,xc:655377,xc_655377,4,0.0,0.37,biodenoising,,,,,
ortdov,xc:655377,xc_655377,6,0.0,0.69,biodenoising,,,,,
ortdov,xc:655377,xc_655377,7,0.0,0.33,biodenoising,,,,,
ortdov,xc:655377,xc_655377,8,0.0,0.45,biodenoising,,,,,
ortdov,xc:655377,xc_655377,9,0.0,1.92,biodenoising,,,,,
ortdov,xc:657028,xc_657028,9,0.0,0.97,biodenoising,,,,,
ortdov,xc:657028,xc_657028,12,0.0,0.76,biodenoising,,,,,
ortdov,xc:723155,xc_723155,0,0.0,0.72,biodenoising,,,,,
ortdov,xc:723155,xc_723155,1,0.0,0.35,biodenoising,,,,,
ortdov,xc:723155,xc_723155,2,0.0,0.38,biodenoising,,,,,
ortdov,xc:723155,xc_723155,4,0.0,0.34,biodenoising,,,,,
ortdov,xc:723155,xc_723155,11,0.0,0.33,biodenoising,,,,,
ortdov,xc:787976,xc_787976,1,0.0,6.21,biodenoising,,,,,
ortdov,xc:787976,xc_787976,11,0.0,8.0,biodenoising,,,,,
ortdov,xc:787976,xc_787976,12,0.0,6.08,biodenoising,,,,,
ortdov,xc:787976,xc_787976,16,0.0,8.0,biodenoising,,,,,
ortdov,xc:787976,xc_787976,21,0.0,0.55,biodenoising,,,,,
ortdov,xc:844594,xc_844594,4,0.0,0.66,biodenoising,,,,,
ortdov,xc:844594,xc_844594,7,0.0,0.68,biodenoising,,,,,
ortdov,xc:844594,xc_844594,10,0.0,0.68,biodenoising,,,,,
ortdov,xc:872802,xc_872802,9,0.0,0.47,biodenoising,,,,,
ortdov,xc:872802,xc_872802,12,0.0,0.49,biodenoising,,,,,
ortdov,xc:872802,xc_872802,20,0.0,0.41,biodenoising,,,,,
ortdov,xc:872802,xc_872802,24,0.0,0.38,biodenoising,,,,,
ortdov,xc:872802,xc_872802,26,0.0,0.37,biodenoising,,,,,
ortdov,xc:872831,xc_872831,10,0.0,0.56,biodenoising,,,,,
ortdov,xc:872831,xc_872831,12,0.0,0.57,biodenoising,,,,,
ortdov,xc:872831,xc_872831,13,0.0,0.35,biodenoising,,,,,
ortdov,xc:872831,xc_872831,15,0.0,0.54,biodenoising,,,,,
ortdov,xc:875245,xc_875245,10,0.0,0.4,biodenoising,,,,,
ortdov,xc:875245,xc_875245,12,0.0,0.78,biodenoising,,,,,
ortdov,xc:875245,xc_875245,13,0.0,0.36,biodenoising,,,,,
ortdov,xc:875245,xc_875245,15,0.0,0.82,biodenoising,,,,,
ortdov,xc:875245,xc_875245,18,0.0,0.84,biodenoising,,,,,
ortdov,xc:875246,xc_875246,6,0.0,0.83,biodenoising,,,,,
ortdov,xc:875246,xc_875246,7,0.0,0.39,biodenoising,,,,,
ortdov,xc:875246,xc_875246,9,0.0,0.8,biodenoising,,,,,
ortdov,xc:875246,xc_875246,12,0.0,0.79,biodenoising,,,,,
ortdov,xc:875246,xc_875246,15,0.0,0.82,biodenoising,,,,,
ortdov,xc:955876,xc_955876,3,0.0,0.46,biodenoising,,,,,
ortdov,xc:955876,xc_955876,4,0.0,0.64,biodenoising,,,,,
ortdov,xc:955876,xc_955876,5,0.0,7.52,biodenoising,,,,,
ortdov,xc:955876,xc_955876,6,0.0,2.35,biodenoising,,,,,
osprey,xc:118482,xc_118482,15,0.0,0.5,biodenoising,,,,,
osprey,xc:118482,xc_118482,31,0.0,0.27,biodenoising,,,,,
osprey,xc:118482,xc_118482,37,0.0,0.51,biodenoising,,,,,
osprey,xc:118482,xc_118482,40,0.0,0.56,biodenoising,,,,,
osprey,xc:118482,xc_118482,41,0.0,0.43,biodenoising,,,,,
osprey,xc:166110,xc_166110,25,0.0,8.0,biodenoising,,,,,
osprey,xc:166110,xc_166110,28,0.0,2.67,biodenoising,,,,,
osprey,xc:18375,xc_18375,1,0.0,0.22,biodenoising,,,,,
osprey,xc:18375,xc_18375,4,0.0,2.37,biodenoising,,,,,
osprey,xc:18375,xc_18375,11,0.0,4.92,biodenoising,,,,,
osprey,xc:272312,xc_272312,30,0.0,0.97,biodenoising,,,,,
osprey,xc:272312,xc_272312,59,0.0,0.16,biodenoising,,,,,
osprey,xc:272312,xc_272312,61,0.0,1.56,biodenoising,,,,,
osprey,xc:272312,xc_272312,72,0.0,0.1,biodenoising,,,,,
osprey,xc:272312,xc_272312,84,0.0,1.12,biodenoising,,,,,
osprey,xc:333145,xc_333145,4,0.0,0.56,biodenoising,,,,,
osprey,xc:333145,xc_333145,6,0.0,0.56,biodenoising,,,,,
osprey,xc:333145,xc_333145,36,0.0,0.37,biodenoising,,,,,
osprey,xc:333145,xc_333145,37,0.0,0.45,biodenoising,,,,,
osprey,xc:333145,xc_333145,38,0.0,0.37,biodenoising,,,,,
osprey,xc:466220,xc_466220,20,0.0,1.68,biodenoising,,,,,
osprey,xc:511013,xc_511013,13,0.0,0.09,biodenoising,,,,,
osprey,xc:511013,xc_511013,15,0.0,0.09,biodenoising,,,,,
osprey,xc:511013,xc_511013,18,0.0,0.15,biodenoising,,,,,
osprey,xc:511013,xc_511013,23,0.0,0.11,biodenoising,,,,,
osprey,xc:511013,xc_511013,25,0.0,0.11,biodenoising,,,,,
osprey,xc:588905,xc_588905,1,0.0,0.97,biodenoising,,,,,
osprey,xc:588905,xc_588905,5,0.0,0.55,biodenoising,,,,,
osprey,xc:588905,xc_588905,8,0.0,3.12,biodenoising,,,,,
osprey,xc:588905,xc_588905,20,0.0,1.58,biodenoising,,,,,
osprey,xc:588905,xc_588905,21,0.0,0.3,biodenoising,,,,,
osprey,xc:588910,xc_588910,5,0.0,2.94,biodenoising,,,,,
osprey,xc:588910,xc_588910,58,0.0,1.07,biodenoising,,,,,
osprey,xc:588910,xc_588910,59,0.0,0.45,biodenoising,,,,,
osprey,xc:588910,xc_588910,61,0.0,1.34,biodenoising,,,,,
osprey,xc:588910,xc_588910,62,0.0,0.42,biodenoising,,,,,
osprey,xc:592797,xc_592797,3,0.0,0.26,biodenoising,,,,,
osprey,xc:592797,xc_592797,5,0.0,0.38,biodenoising,,,,,
osprey,xc:592797,xc_592797,6,0.0,0.37,biodenoising,,,,,
osprey,xc:592797,xc_592797,7,0.0,0.39,biodenoising,,,,,
osprey,xc:592797,xc_592797,8,0.0,0.36,biodenoising,,,,,
osprey,xc:664256,xc_664256,4,0.0,0.52,biodenoising,,,,,
osprey,xc:664256,xc_664256,7,0.0,0.47,biodenoising,,,,,
osprey,xc:664256,xc_664256,10,0.0,0.43,biodenoising,,,,,
osprey,xc:664256,xc_664256,52,0.0,0.48,biodenoising,,,,,
osprey,xc:664256,xc_664256,57,0.0,0.61,biodenoising,,,,,
osprey,xc:796760,xc_796760,3,0.0,2.46,biodenoising,,,,,
osprey,xc:915827,xc_915827,2,0.0,1.55,biodenoising,,,,,
palthr1,xc:637017,xc_637017,0,0.0,0.45,biodenoising,,,,,
palthr1,xc:637017,xc_637017,9,0.0,0.83,biodenoising,,,,,
palthr1,xc:637017,xc_637017,28,0.0,0.23,biodenoising,,,,,
palthr1,xc:637017,xc_637017,29,0.0,0.35,biodenoising,,,,,
palthr1,xc:637017,xc_637017,38,0.0,1.03,biodenoising,,,,,
palthr1,xc:652386,xc_652386,42,0.0,0.38,biodenoising,,,,,
palthr1,xc:652386,xc_652386,43,0.0,0.83,biodenoising,,,,,
palthr1,xc:652386,xc_652386,44,0.0,2.27,biodenoising,,,,,
palthr1,xc:652386,xc_652386,45,0.0,2.65,biodenoising,,,,,
palthr1,xc:652386,xc_652386,47,0.0,0.07,biodenoising,,,,,
palthr1,xc:707803,xc_707803,112,0.0,0.46,biodenoising,,,,,
palthr1,xc:707803,xc_707803,122,0.0,1.42,biodenoising,,,,,
palthr1,xc:707803,xc_707803,131,0.0,2.16,biodenoising,,,,,
palthr1,xc:707803,xc_707803,137,0.0,2.25,biodenoising,,,,,
palthr1,xc:707803,xc_707803,140,0.0,0.4,biodenoising,,,,,
palthr1,xc:761447,xc_761447,0,0.0,0.19,biodenoising,,,,,
palthr1,xc:772404,xc_772404,5,0.0,2.27,biodenoising,,,,,
palthr1,xc:780155,xc_780155,3,0.0,6.45,biodenoising,,,,,
palthr1,xc:878403,xc_878403,22,0.0,4.21,biodenoising,,,,,
palthr1,xc:878403,xc_878403,31,0.0,2.93,biodenoising,,,,,
palthr1,xc:878403,xc_878403,32,0.0,2.57,biodenoising,,,,,
palthr1,xc:878403,xc_878403,35,0.0,2.89,biodenoising,,,,,
palthr1,xc:878403,xc_878403,36,0.0,5.29,biodenoising,,,,,
palthr1,xc:879574,xc_879574,2,0.0,0.84,biodenoising,,,,,
palthr1,xc:893999,xc_893999,2,0.0,0.63,biodenoising,,,,,
palthr1,xc:893999,xc_893999,28,0.0,0.78,biodenoising,,,,,
palthr1,xc:972443,xc_972443,2,0.0,0.83,biodenoising,,,,,
palthr1,xc:99374,xc_99374,0,0.0,8.0,biodenoising,,,,,
palthr1,xc:99374,xc_99374,1,0.0,2.71,biodenoising,,,,,
palthr1,xc:99374,xc_99374,2,0.0,4.32,biodenoising,,,,,
palthr1,xc:99374,xc_99374,7,0.0,3.67,biodenoising,,,,,
palthr1,xc:99374,xc_99374,9,0.0,7.7,biodenoising,,,,,
pygwoo1,xc:155674,xc_155674,1,0.0,0.22,biodenoising,,,,,
pygwoo1,xc:155674,xc_155674,4,0.0,0.62,biodenoising,,,,,
pygwoo1,xc:155674,xc_155674,18,0.0,0.23,biodenoising,,,,,
pygwoo1,xc:155674,xc_155674,22,0.0,0.24,biodenoising,,,,,
pygwoo1,xc:155674,xc_155674,26,0.0,0.67,biodenoising,,,,,
pygwoo1,xc:155862,xc_155862,6,0.0,0.5,biodenoising,,,,,
pygwoo1,xc:155862,xc_155862,10,0.0,1.67,biodenoising,,,,,
pygwoo1,xc:155862,xc_155862,12,0.0,0.97,biodenoising,,,,,
pygwoo1,xc:155862,xc_155862,21,0.0,3.08,biodenoising,,,,,
pygwoo1,xc:155862,xc_155862,24,0.0,0.62,biodenoising,,,,,
pygwoo1,xc:267394,xc_267394,26,0.0,0.48,biodenoising,,,,,
pygwoo1,xc:267394,xc_267394,78,0.0,0.32,biodenoising,,,,,
pygwoo1,xc:267394,xc_267394,228,0.0,0.94,biodenoising,,,,,
pygwoo1,xc:267394,xc_267394,247,0.0,0.38,biodenoising,,,,,
pygwoo1,xc:267394,xc_267394,255,0.0,1.61,biodenoising,,,,,
pygwoo1,xc:267395,xc_267395,2,0.0,2.91,biodenoising,,,,,
pygwoo1,xc:267412,xc_267412,4,0.0,0.21,biodenoising,,,,,
pygwoo1,xc:267412,xc_267412,29,0.0,2.06,biodenoising,,,,,
pygwoo1,xc:267412,xc_267412,30,0.0,0.22,biodenoising,,,,,
pygwoo1,xc:267412,xc_267412,31,0.0,0.2,biodenoising,,,,,
pygwoo1,xc:267415,xc_267415,6,0.0,2.79,biodenoising,,,,,
pygwoo1,xc:267415,xc_267415,53,0.0,0.46,biodenoising,,,,,
pygwoo1,xc:267415,xc_267415,94,0.0,0.85,biodenoising,,,,,
pygwoo1,xc:267415,xc_267415,101,0.0,2.12,biodenoising,,,,,
pygwoo1,xc:285870,xc_285870,49,0.0,0.84,biodenoising,,,,,
pygwoo1,xc:285870,xc_285870,52,0.0,0.44,biodenoising,,,,,
pygwoo1,xc:285870,xc_285870,54,0.0,0.46,biodenoising,,,,,
pygwoo1,xc:797112,xc_797112,1,0.0,0.45,biodenoising,,,,,
pygwoo1,xc:797112,xc_797112,4,0.0,0.62,biodenoising,,,,,
pygwoo1,xc:797722,xc_797722,49,0.0,0.36,biodenoising,,,,,
pygwoo1,xc:797723,xc_797723,5,0.0,0.06,biodenoising,,,,,
pygwoo1,xc:797723,xc_797723,6,0.0,0.11,biodenoising,,,,,
pygwoo1,xc:797723,xc_797723,8,0.0,0.31,biodenoising,,,,,
pygwoo1,xc:797723,xc_797723,25,0.0,0.23,biodenoising,,,,,
pygwoo1,xc:797723,xc_797723,26,0.0,0.15,biodenoising,,,,,
pygwoo1,xc:804650,xc_804650,6,0.0,0.42,biodenoising,,,,,
pygwoo1,xc:804650,xc_804650,13,0.0,0.53,biodenoising,,,,,
pygwoo1,xc:804650,xc_804650,16,0.0,0.4199,biodenoising,,,,,
pygwoo1,xc:804650,xc_804650,20,0.0,0.42,biodenoising,,,,,
pygwoo1,xc:804650,xc_804650,56,0.0,0.42,biodenoising,,,,,
pygwoo1,xc:858022,xc_858022,0,0.0,0.12,biodenoising,,,,,
pygwoo1,xc:858022,xc_858022,7,0.0,0.12,biodenoising,,,,,
pygwoo1,xc:858022,xc_858022,9,0.0,0.12,biodenoising,,,,,
pygwoo1,xc:858022,xc_858022,11,0.0,0.12,biodenoising,,,,,
pygwoo1,xc:858022,xc_858022,12,0.0,0.12,biodenoising,,,,,
rocpig,xc:1023563,xc_1023563,25,0.0,0.41,biodenoising,,,,,
rocpig,xc:1046372,xc_1046372,1,0.0,0.21,biodenoising,,,,,
rocpig,xc:121680,xc_121680,15,0.0,0.99,biodenoising,,,,,
rocpig,xc:121680,xc_121680,36,0.0,0.69,biodenoising,,,,,
rocpig,xc:121680,xc_121680,45,0.0,1.14,biodenoising,,,,,
rocpig,xc:121680,xc_121680,46,0.0,0.92,biodenoising,,,,,
rocpig,xc:121680,xc_121680,52,0.0,0.74,biodenoising,,,,,
rocpig,xc:266224,xc_266224,4,0.0,0.21,biodenoising,,,,,
rocpig,xc:266224,xc_266224,5,0.0,0.87,biodenoising,,,,,
rocpig,xc:266224,xc_266224,17,0.0,0.26,biodenoising,,,,,
rocpig,xc:266224,xc_266224,18,0.0,0.26,biodenoising,,,,,
rocpig,xc:266224,xc_266224,19,0.0,0.39,biodenoising,,,,,
rocpig,xc:269761,xc_269761,1,0.0,2.58,biodenoising,,,,,
rocpig,xc:269761,xc_269761,2,0.0,0.72,biodenoising,,,,,
rocpig,xc:269761,xc_269761,21,0.0,1.04,biodenoising,,,,,
rocpig,xc:269761,xc_269761,22,0.0,1.39,biodenoising,,,,,
rocpig,xc:269761,xc_269761,23,0.0,0.71,biodenoising,,,,,
rocpig,xc:348079,xc_348079,0,0.0,0.44,biodenoising,,,,,
rocpig,xc:348079,xc_348079,1,0.0,0.59,biodenoising,,,,,
rocpig,xc:348079,xc_348079,2,0.0,1.13,biodenoising,,,,,
rocpig,xc:348079,xc_348079,5,0.0,0.49,biodenoising,,,,,
rocpig,xc:348079,xc_348079,6,0.0,0.61,biodenoising,,,,,
rocpig,xc:349161,xc_349161,21,0.0,0.89,biodenoising,,,,,
rocpig,xc:349161,xc_349161,24,0.0,1.04,biodenoising,,,,,
rocpig,xc:349161,xc_349161,26,0.0,1.08,biodenoising,,,,,
rocpig,xc:349161,xc_349161,32,0.0,1.22,biodenoising,,,,,
rocpig,xc:349161,xc_349161,34,0.0,0.92,biodenoising,,,,,
rocpig,xc:48676,xc_48676,5,0.0,1.02,biodenoising,,,,,
rocpig,xc:48676,xc_48676,7,0.0,1.12,biodenoising,,,,,
rocpig,xc:48676,xc_48676,8,0.0,1.12,biodenoising,,,,,
rocpig,xc:48676,xc_48676,10,0.0,1.05,biodenoising,,,,,
rocpig,xc:48676,xc_48676,11,0.0,1.07,biodenoising,,,,,
rocpig,xc:486873,xc_486873,4,0.0,0.68,biodenoising,,,,,
rocpig,xc:486873,xc_486873,10,0.0,1.41,biodenoising,,,,,
rocpig,xc:486873,xc_486873,12,0.0,1.45,biodenoising,,,,,
rocpig,xc:486873,xc_486873,15,0.0,1.44,biodenoising,,,,,
rocpig,xc:486873,xc_486873,18,0.0,1.43,biodenoising,,,,,
rocpig,xc:488175,xc_488175,3,0.0,1.61,biodenoising,,,,,
rocpig,xc:488175,xc_488175,4,0.0,1.31,biodenoising,,,,,
rocpig,xc:488175,xc_488175,14,0.0,1.51,biodenoising,,,,,
rocpig,xc:488175,xc_488175,15,0.0,1.65,biodenoising,,,,,
rocpig,xc:488175,xc_488175,22,0.0,2.38,biodenoising,,,,,
rocpig,xc:51716,xc_51716,15,0.0,1.06,biodenoising,,,,,
rocpig,xc:51716,xc_51716,17,0.0,0.73,biodenoising,,,,,
rocpig,xc:51716,xc_51716,18,0.0,0.95,biodenoising,,,,,
rocpig,xc:51716,xc_51716,19,0.0,1.18,biodenoising,,,,,
rocpig,xc:51716,xc_51716,20,0.0,1.5,biodenoising,,,,,
rocpig,xc:645563,xc_645563,122,0.0,3.67,biodenoising,,,,,
rocpig,xc:645563,xc_645563,170,0.0,0.59,biodenoising,,,,,
rocpig,xc:645563,xc_645563,171,0.0,1.15,biodenoising,,,,,
rocpig,xc:645563,xc_645563,210,0.0,0.79,biodenoising,,,,,
rocpig,xc:645563,xc_645563,223,0.0,0.38,biodenoising,,,,,
rocpig,xc:706902,xc_706902,1,0.0,4.19,biodenoising,,,,,
rocpig,xc:706902,xc_706902,3,0.0,1.19,biodenoising,,,,,
rocpig,xc:706902,xc_706902,7,0.0,0.8,biodenoising,,,,,
rocpig,xc:706902,xc_706902,106,0.0,0.63,biodenoising,,,,,
rocpig,xc:706902,xc_706902,121,0.0,0.33,biodenoising,,,,,
rocpig,xc:825052,xc_825052,3,0.0,1.03,biodenoising,,,,,
rocpig,xc:825052,xc_825052,4,0.0,0.47,biodenoising,,,,,
rocpig,xc:825052,xc_825052,26,0.0,0.39,biodenoising,,,,,
rocpig,xc:825052,xc_825052,29,0.0,0.84,biodenoising,,,,,
rocpig,xc:825052,xc_825052,33,0.0,0.69,biodenoising,,,,,
skylar,xc:138228,xc_138228,1,0.0,0.47,biodenoising,,,,,
skylar,xc:138228,xc_138228,12,0.0,1.14,biodenoising,,,,,
skylar,xc:138228,xc_138228,25,0.0,0.59,biodenoising,,,,,
skylar,xc:138228,xc_138228,33,0.0,1.14,biodenoising,,,,,
skylar,xc:138228,xc_138228,41,0.0,0.61,biodenoising,,,,,
skylar,xc:180733,xc_180733,2,0.0,1.81,biodenoising,,,,,
skylar,xc:180733,xc_180733,3,0.0,8.0,biodenoising,,,,,
skylar,xc:180733,xc_180733,4,0.0,6.01,biodenoising,,,,,
skylar,xc:180733,xc_180733,5,0.0,0.27,biodenoising,,,,,
skylar,xc:287131,xc_287131,0,0.0,8.0,biodenoising,,,,,
skylar,xc:287131,xc_287131,1,0.0,5.52,biodenoising,,,,,
skylar,xc:288761,xc_288761,0,0.0,8.0,biodenoising,,,,,
skylar,xc:35949,xc_35949,0,0.0,8.0,biodenoising,,,,,
skylar,xc:35949,xc_35949,1,0.0,8.0,biodenoising,,,,,
skylar,xc:35949,xc_35949,3,0.0,8.0,biodenoising,,,,,
skylar,xc:35949,xc_35949,4,0.0,8.0,biodenoising,,,,,
skylar,xc:35949,xc_35949,5,0.0,4.68,biodenoising,,,,,
skylar,xc:583693,xc_583693,2,0.0,6.93,biodenoising,,,,,
skylar,xc:607294,xc_607294,0,0.0,1.02,biodenoising,,,,,
skylar,xc:607294,xc_607294,1,0.0,1.3,biodenoising,,,,,
skylar,xc:627311,xc_627311,64,0.0,8.0,biodenoising,,,,,
skylar,xc:627311,xc_627311,65,0.0,8.0,biodenoising,,,,,
skylar,xc:627311,xc_627311,68,0.0,8.0,biodenoising,,,,,
skylar,xc:627311,xc_627311,69,0.0,8.0,biodenoising,,,,,
skylar,xc:627311,xc_627311,70,0.0,8.0,biodenoising,,,,,
skylar,xc:704675,xc_704675,5,0.0,2.6,biodenoising,,,,,
skylar,xc:704675,xc_704675,6,0.0,0.34,biodenoising,,,,,
skylar,xc:718610,xc_718610,5,0.0,5.81,biodenoising,,,,,
skylar,xc:718610,xc_718610,7,0.0,3.43,biodenoising,,,,,
skylar,xc:718610,xc_718610,8,0.0,4.58,biodenoising,,,,,
skylar,xc:718610,xc_718610,11,0.0,0.66,biodenoising,,,,,
skylar,xc:718610,xc_718610,13,0.0,1.41,biodenoising,,,,,
skylar,xc:797675,xc_797675,0,0.0,0.26,biodenoising,,,,,
skylar,xc:812075,xc_812075,1,0.0,8.0,biodenoising,,,,,
skylar,xc:812075,xc_812075,2,0.0,7.97,biodenoising,,,,,
skylar,xc:812075,xc_812075,3,0.0,4.6,biodenoising,,,,,
skylar,xc:917689,xc_917689,1,0.0,8.0,biodenoising,,,,,
skylar,xc:917689,xc_917689,2,0.0,8.0,biodenoising,,,,,
skylar,xc:917689,xc_917689,5,0.0,8.0,biodenoising,,,,,
skylar,xc:917689,xc_917689,6,0.0,8.0,biodenoising,,,,,
skylar,xc:917689,xc_917689,7,0.0,8.0,biodenoising,,,,,
skylar,xc:933082,xc_933082,9,0.0,8.0,biodenoising,,,,,
skylar,xc:975229,xc_975229,0,0.0,2.73,biodenoising,,,,,
skylar,xc:975229,xc_975229,1,0.0,8.0,biodenoising,,,,,
skylar,xc:975229,xc_975229,28,0.0,5.59,biodenoising,,,,,
skylar,xc:975229,xc_975229,31,0.0,2.04,biodenoising,,,,,
skylar,xc:975229,xc_975229,34,0.0,0.91,biodenoising,,,,,
spbduc,xc:21569,xc_21569,3,0.0,0.29,biodenoising,,,,,
spbduc,xc:21569,xc_21569,6,0.0,0.37,biodenoising,,,,,
spbduc,xc:21569,xc_21569,7,0.0,0.4,biodenoising,,,,,
spbduc,xc:21569,xc_21569,8,0.0,0.29,biodenoising,,,,,
spbduc,xc:21569,xc_21569,12,0.0,0.26,biodenoising,,,,,
spbduc,xc:266814,xc_266814,6,0.0,1.34,biodenoising,,,,,
spbduc,xc:266818,xc_266818,3,0.0,0.13,biodenoising,,,,,
spbduc,xc:266818,xc_266818,4,0.0,0.07,biodenoising,,,,,
spbduc,xc:414277,xc_414277,84,0.0,1.61,biodenoising,,,,,
spbduc,xc:414277,xc_414277,102,0.0,1.02,biodenoising,,,,,
spbduc,xc:414277,xc_414277,116,0.0,1.09,biodenoising,,,,,
spbduc,xc:414277,xc_414277,122,0.0,0.66,biodenoising,,,,,
spbduc,xc:414277,xc_414277,140,0.0,1.5,biodenoising,,,,,
spbduc,xc:414280,xc_414280,5,0.0,0.55,biodenoising,,,,,
spbduc,xc:414280,xc_414280,6,0.0,0.5,biodenoising,,,,,
spbduc,xc:414280,xc_414280,71,0.0,0.3,biodenoising,,,,,
spbduc,xc:414280,xc_414280,74,0.0,0.3,biodenoising,,,,,
spbduc,xc:414280,xc_414280,92,0.0,0.59,biodenoising,,,,,
spbduc,xc:835962,xc_835962,0,0.0,8.0,biodenoising,,,,,
spbduc,xc:854546,xc_854546,28,0.0,0.46,biodenoising,,,,,
spbduc,xc:854546,xc_854546,109,0.0,0.06,biodenoising,,,,,
spbduc,xc:854546,xc_854546,119,0.0,0.28,biodenoising,,,,,
spbduc,xc:854546,xc_854546,120,0.0,0.59,biodenoising,,,,,
spbduc,xc:854546,xc_854546,122,0.0,0.07,biodenoising,,,,,
spbduc,xc:858060,xc_858060,3,0.0,2.5,biodenoising,,,,,
spbduc,xc:858060,xc_858060,10,0.0,0.6,biodenoising,,,,,
spbduc,xc:858060,xc_858060,11,0.0,8.0,biodenoising,,,,,
spbduc,xc:858060,xc_858060,15,0.0,8.0,biodenoising,,,,,
spbduc,xc:858060,xc_858060,16,0.0,8.0,biodenoising,,,,,
spbduc,xc:858061,xc_858061,0,0.0,8.0,biodenoising,,,,,
spbduc,xc:858061,xc_858061,2,0.0,8.0,biodenoising,,,,,
spbduc,xc:858061,xc_858061,3,0.0,1.75,biodenoising,,,,,
spbduc,xc:858061,xc_858061,18,0.0,8.0,biodenoising,,,,,
spbduc,xc:858062,xc_858062,9,0.0,1.67,biodenoising,,,,,
spbduc,xc:858062,xc_858062,10,0.0,0.28,biodenoising,,,,,
spbduc,xc:858062,xc_858062,11,0.0,0.98,biodenoising,,,,,
spbduc,xc:858062,xc_858062,12,0.0,0.73,biodenoising,,,,,
spbduc,xc:920581,xc_920581,14,0.0,0.87,biodenoising,,,,,
spbduc,xc:920581,xc_920581,36,0.0,0.17,biodenoising,,,,,
spbduc,xc:920581,xc_920581,52,0.0,0.25,biodenoising,,,,,
spbduc,xc:920581,xc_920581,53,0.0,0.15,biodenoising,,,,,
spbduc,xc:920581,xc_920581,54,0.0,0.16,biodenoising,,,,,
vartit1,xc:998735,xc_998735,6,5.33,5.4,biodenoising,0.2301206439733505,0.232223704457283,-0.08,0.07,1.0
vartit1,xc:998735,xc_998735,10,6.56,6.63,biodenoising,0.2199467420578003,0.2265859246253967,-0.26,0.07,0.9743589743589745
vartit1,xc:998735,xc_998735,11,7.05,7.15,biodenoising,0.204785481095314,0.2151510864496231,-0.43,0.1,0.9487179487179488
vartit1,xc:998735,xc_998735,9,6.31,6.44,biodenoising,0.198633462190628,0.2165164053440094,-0.75,0.13,0.9230769230769232
vartit1,xc:998735,xc_998735,8,6.03,6.1,biodenoising,0.1923411786556244,0.1994132399559021,-0.31,0.07,0.8974358974358975
vartit1,xc:49797,xc_49797,19,16.44,17.5,biodenoising,0.1654036790132522,0.1651869416236877,0.01,1.06,1.0
vartit1,xc:49797,xc_49797,34,24.69,26.52,biodenoising,0.1311852186918258,0.1311842203140258,0.0,1.83,0.975609756097561
vartit1,xc:49797,xc_49797,42,34.84,37.01,biodenoising,0.1275690346956253,0.1277518719434738,-0.01,2.17,0.951219512195122
vartit1,xc:332820,xc_332820,17,21.52,27.66,biodenoising,0.1195224598050117,0.1273682564496994,-0.55,6.14,1.0
vartit1,xc:332820,xc_332820,12,10.02,14.64,biodenoising,0.1165139228105545,0.1246008574962616,-0.58,4.62,0.9655172413793104
vartit1,xc:332820,xc_332820,21,31.76,32.04,biodenoising,0.1146396100521087,0.122623510658741,-0.58,0.28,0.9310344827586208
vartit1,xc:332820,xc_332820,22,32.95,36.37,biodenoising,0.113408662378788,0.1198669150471687,-0.48,3.42,0.896551724137931
vartit1,xc:332820,xc_332820,15,16.93,18.64,biodenoising,0.1124072968959808,0.1381249278783798,-1.79,1.71,0.8620689655172413
vartit1,xc:175791,xc_175791,11,19.42,21.65,biodenoising,0.1113912612199783,0.1121261492371559,-0.06,2.23,1.0
vartit1,xc:49797,xc_49797,2,3.28,5.0,biodenoising,0.1028867959976196,0.1030962318181991,-0.02,1.72,0.926829268292683
vartit1,xc:202775,xc_202775,20,23.61,24.5,biodenoising,0.0986022800207138,0.1002726256847381,-0.15,0.89,1.0
vartit1,xc:578821,xc_578821,8,5.4,7.46,biodenoising,0.0951469093561172,0.0959633588790893,-0.07,2.06,1.0
vartit1,xc:578821,xc_578821,24,23.45,24.93,biodenoising,0.0940899699926376,0.0949717536568641,-0.08,1.48,0.9615384615384616
vartit1,xc:49797,xc_49797,1,1.16,3.06,biodenoising,0.0929589197039604,0.093271680176258,-0.03,1.9,0.902439024390244
vartit1,xc:578821,xc_578821,14,10.45,12.69,biodenoising,0.0920715928077697,0.0934398919343948,-0.13,2.24,0.9230769230769232
vartit1,xc:843770,xc_843770,20,21.41,22.22,biodenoising,0.0872317627072334,0.0885348245501518,-0.13,0.81,1.0
vartit1,xc:578821,xc_578821,18,16.29,18.53,biodenoising,0.0819808170199394,0.0830095335841178,-0.11,2.24,0.8846153846153846
vartit1,xc:890241,xc_890241,12,16.43,16.64,biodenoising,0.0819708257913589,0.085803598165512,-0.4,0.21,1.0
vartit1,xc:843770,xc_843770,24,25.22,26.68,biodenoising,0.0816562995314598,0.0837437137961387,-0.22,1.46,0.9629629629629628
vartit1,xc:202775,xc_202775,17,17.28,17.67,biodenoising,0.0685073360800743,0.0699111968278884,-0.18,0.39,0.9615384615384616
vartit1,xc:202775,xc_202775,25,27.19,27.46,biodenoising,0.0667678564786911,0.068411685526371,-0.21,0.27,0.9230769230769232
vartit1,xc:843770,xc_843770,13,12.85,14.06,biodenoising,0.0633945539593696,0.0650030001997947,-0.22,1.21,0.925925925925926
vartit1,xc:882175,xc_882175,45,55.43,56.39,biodenoising,0.0607111789286136,0.063840702176094,-0.44,0.96,1.0
vartit1,xc:882175,xc_882175,3,3.96,5.7,biodenoising,0.0601345337927341,0.0632566064596176,-0.44,1.74,0.9885057471264368
vartit1,xc:843770,xc_843770,18,18.68,18.91,biodenoising,0.0600559599697589,0.0613094680011272,-0.18,0.23,0.8888888888888888
vartit1,xc:843770,xc_843770,16,15.18,16.76,biodenoising,0.0558911375701427,0.0589048638939857,-0.46,1.58,0.8518518518518519
vartit1,xc:882175,xc_882175,19,20.05,22.51,biodenoising,0.0552717521786689,0.0578904785215854,-0.4,2.46,0.9770114942528736
vartit1,xc:882175,xc_882175,47,57.15,57.6,biodenoising,0.0549644343554973,0.0583450756967067,-0.52,0.45,0.9655172413793104
vartit1,xc:202775,xc_202775,1,0.91,1.48,biodenoising,0.0547343045473098,0.055673960596323,-0.15,0.57,0.8846153846153846
vartit1,xc:882175,xc_882175,26,34.94,36.55,biodenoising,0.0539828166365623,0.0564979165792465,-0.4,1.61,0.9540229885057472
vartit1,xc:202775,xc_202775,27,28.01,28.28,biodenoising,0.0518105924129486,0.0534034296870231,-0.26,0.27,0.8461538461538461
vartit1,xc:578821,xc_578821,2,0.94,2.45,biodenoising,0.050909835845232,0.0522739626467227,-0.23,1.51,0.8461538461538461
vartit1,xc:175791,xc_175791,12,21.79,29.79,biodenoising,0.0493784323334693,0.0511571578681468,-0.31,8.0,0.9411764705882352
vartit1,xc:175791,xc_175791,6,13.98,15.85,biodenoising,0.049353651702404,0.0506921559572219,-0.23,1.87,0.8823529411764706
vartit1,xc:414992,xc_414992,91,67.4,69.61,biodenoising,0.0469283051788806,0.0491937957704067,-0.41,2.21,1.0
vartit1,xc:856671,xc_856671,94,47.99,48.53,biodenoising,0.0469085536897182,0.0501174665987491,-0.57,0.54,1.0
vartit1,xc:790852,xc_790852,6,2.67,4.91,biodenoising,0.0468898750841617,0.0486485548317432,-0.32,2.24,1.0
vartit1,xc:414992,xc_414992,17,9.96,12.14,biodenoising,0.0459375642240047,0.0477820709347724,-0.34,2.18,0.9876543209876544
vartit1,xc:175791,xc_175791,13,29.79,36.29,biodenoising,0.0445857569575309,0.0468411594629287,-0.43,6.5,0.8235294117647058
vartit1,xc:175791,xc_175791,0,0.44,8.44,biodenoising,0.0433878228068351,0.0453539043664932,-0.38,8.0,0.7647058823529411
vartit1,xc:414992,xc_414992,83,59.5,61.54,biodenoising,0.0401342213153839,0.0440691448748111,-0.81,2.04,0.9753086419753086
vartit1,xc:856671,xc_856671,58,29.15,29.31,biodenoising,0.0376903750002384,0.0405924580991268,-0.64,0.16,0.9883720930232558
vartit1,xc:856683,xc_856683,17,11.67,12.92,biodenoising,0.0372492745518684,0.0404487773776054,-0.72,1.25,1.0
vartit1,xc:641399,xc_641399,33,36.83,37.75,biodenoising,0.0337524227797985,0.035236582159996,-0.37,0.92,1.0
vartit1,xc:414992,xc_414992,45,32.25,34.59,biodenoising,0.0331470668315887,0.0372348800301551,-1.01,2.34,0.9629629629629628
vartit1,xc:841031,xc_841031,6,14.84,16.27,biodenoising,0.0329033136367797,0.039140336215496,-1.51,1.43,1.0
vartit1,xc:414992,xc_414992,22,13.62,14.36,biodenoising,0.0321301333606243,0.0333488956093788,-0.32,0.74,0.9506172839506172
vartit1,xc:641399,xc_641399,30,34.2,35.11,biodenoising,0.0318457894027233,0.0332531183958053,-0.38,0.91,0.9833333333333332
vartit1,xc:856671,xc_856671,10,7.0,7.55,biodenoising,0.0311884060502052,0.0338890142738819,-0.72,0.55,0.9767441860465116
vartit1,xc:641399,xc_641399,19,24.1,25.07,biodenoising,0.0308102704584598,0.0321961902081966,-0.38,0.97,0.9666666666666668
vartit1,xc:856671,xc_856671,96,49.39,49.87,biodenoising,0.0297344326972961,0.0322986356914043,-0.72,0.48,0.9651162790697676
vartit1,xc:641399,xc_641399,38,40.57,41.68,biodenoising,0.0282269809395074,0.0294854659587144,-0.38,1.11,0.95
vartit1,xc:641399,xc_641399,45,46.03,46.96,biodenoising,0.027954027056694,0.0292487349361181,-0.39,0.93,0.9333333333333332
vartit1,xc:266117,xc_266117,5,4.56,7.44,biodenoising,0.0277516227215528,0.0499035082757473,-5.1,2.88,1.0
vartit1,xc:790852,xc_790852,12,7.31,9.92,biodenoising,0.0250765401870012,0.0298955831676721,-1.53,2.61,0.9333333333333332
vartit1,xc:790852,xc_790852,16,20.27,24.61,biodenoising,0.0240224786102771,0.0412101373076438,-4.69,4.34,0.8666666666666667
vartit1,xc:856671,xc_856671,15,9.84,10.83,biodenoising,0.0228468589484691,0.0253181550651788,-0.89,0.99,0.9534883720930232
vartit1,xc:266117,xc_266117,3,2.74,3.95,biodenoising,0.0211032573133707,0.0490255169570446,-7.32,1.21,0.8888888888888888
vartit1,xc:841031,xc_841031,0,0.44,1.74,biodenoising,0.0206574033945798,0.0238062385469675,-1.23,1.3,0.8571428571428571
vartit1,xc:890241,xc_890241,8,13.12,13.65,biodenoising,0.0204592030495405,0.0232158787548542,-1.1,0.53,0.9230769230769232
vartit1,xc:266117,xc_266117,1,0.85,2.28,biodenoising,0.0202964507043361,0.0471021719276905,-7.31,1.43,0.7777777777777778
vartit1,xc:841031,xc_841031,1,3.11,4.67,biodenoising,0.0197980757802724,0.0223104916512966,-1.04,1.56,0.7142857142857143
vartit1,xc:841031,xc_841031,5,11.45,12.48,biodenoising,0.0186555050313472,0.0333258844912052,-5.04,1.03,0.5714285714285714
warwhe1,xc:287972,xc_287972,61,55.94,56.46,biodenoising,0.1920679658651352,0.1922357678413391,-0.01,0.52,1.0
warwhe1,xc:287972,xc_287972,5,3.09,3.5,biodenoising,0.1720395237207412,0.1724684387445449,-0.02,0.41,0.9891304347826086
warwhe1,xc:287972,xc_287972,63,58.43,58.8,biodenoising,0.1641351878643036,0.1646877080202102,-0.03,0.37,0.9782608695652174
warwhe1,xc:287972,xc_287972,57,50.57,50.94,biodenoising,0.1639454066753387,0.1640113443136215,-0.0,0.37,0.967391304347826
warwhe1,xc:287972,xc_287972,54,48.58,48.98,biodenoising,0.1598709374666214,0.1642593145370483,-0.24,0.4,0.9565217391304348
warwhe1,xc:617434,xc_617434,9,7.0,7.16,biodenoising,0.1502196043729782,0.151674136519432,-0.08,0.16,1.0
warwhe1,xc:617434,xc_617434,5,3.05,3.44,biodenoising,0.148457869887352,0.149631455540657,-0.07,0.39,0.9941176470588236
warwhe1,xc:617441,xc_617441,45,30.2,30.41,biodenoising,0.1452623009681701,0.1479159593582153,-0.16,0.21,1.0
warwhe1,xc:617434,xc_617434,109,109.41,109.78,biodenoising,0.143662080168724,0.1446784287691116,-0.06,0.37,0.9882352941176472
warwhe1,xc:617434,xc_617434,55,58.12,58.37,biodenoising,0.1409296691417694,0.1433519572019577,-0.15,0.25,0.9823529411764704
warwhe1,xc:617434,xc_617434,162,162.65,162.84,biodenoising,0.1394465863704681,0.1410294771194458,-0.1,0.19,0.976470588235294
warwhe1,xc:617441,xc_617441,48,31.74,32.43,biodenoising,0.1313094049692154,0.1333390474319458,-0.13,0.69,0.9827586206896552
warwhe1,xc:79215,xc_79215,10,9.56,9.91,biodenoising,0.11702561378479,0.121707484126091,-0.34,0.35,1.0
warwhe1,xc:194291,xc_194291,0,0.02,2.44,biodenoising,0.1063041910529136,0.110217846930027,-0.31,2.42,1.0
warwhe1,xc:617441,xc_617441,3,1.59,1.76,biodenoising,0.105347491800785,0.10698002576828,-0.13,0.17,0.9655172413793104
warwhe1,xc:79215,xc_79215,9,8.28,9.5,biodenoising,0.102909006178379,0.109752632677555,-0.56,1.22,0.9523809523809524
warwhe1,xc:79215,xc_79215,11,9.97,10.15,biodenoising,0.1000362709164619,0.1057305037975311,-0.48,0.18,0.9047619047619048
whcsta1,xc:920580,xc_920580,11,6.0,6.3,biodenoising,0.1413844674825668,0.1504479199647903,-0.54,0.3,1.0
whcsta1,xc:146051,xc_146051,24,9.34,9.56,biodenoising,0.0950757637619972,0.0966371297836303,-0.14,0.22,1.0
whcsta1,xc:392765,xc_392765,8,12.77,13.57,biodenoising,0.0928500592708587,0.0938169434666633,-0.09,0.8,1.0
whcsta1,xc:920580,xc_920580,15,8.84,9.27,biodenoising,0.0817081332206726,0.1013234481215477,-1.87,0.43,0.9411764705882352
whcsta1,xc:146051,xc_146051,18,6.13,6.55,biodenoising,0.0767505392432212,0.0788466185331344,-0.23,0.42,0.992248062015504
whcsta1,xc:920580,xc_920580,13,7.78,7.97,biodenoising,0.0766477212309837,0.0943971946835517,-1.81,0.19,0.8823529411764706
whcsta1,xc:920580,xc_920580,7,2.95,3.87,biodenoising,0.0729219391942024,0.0899370610713958,-1.82,0.92,0.8235294117647058
whcsta1,xc:267611,xc_267611,2,3.02,3.35,biodenoising,0.0728189349174499,0.0775508806109428,-0.55,0.33,1.0
whcsta1,xc:920580,xc_920580,2,1.05,1.31,biodenoising,0.0724340230226516,0.0906300321221351,-1.95,0.26,0.7647058823529411
whcsta1,xc:146051,xc_146051,32,14.94,15.83,biodenoising,0.0707134753465652,0.0762549340724945,-0.66,0.89,0.9844961240310076
whcsta1,xc:333014,xc_333014,8,5.15,5.46,biodenoising,0.0616134069859981,0.0647634640336036,-0.43,0.31,1.0
whcsta1,xc:392765,xc_392765,10,16.23,17.15,biodenoising,0.0614863410592079,0.0621846243739128,-0.1,0.92,0.9473684210526316
whcsta1,xc:267611,xc_267611,12,12.83,13.16,biodenoising,0.0607725828886032,0.0662936195731163,-0.76,0.33,0.9523809523809524
whcsta1,xc:146051,xc_146051,41,21.51,21.99,biodenoising,0.0607359483838081,0.0678335279226303,-0.96,0.48,0.9767441860465116
whcsta1,xc:392765,xc_392765,5,8.2,10.46,biodenoising,0.0602964684367179,0.0610965378582477,-0.11,2.26,0.8947368421052632
whcsta1,xc:858065,xc_858065,1,0.41,5.07,biodenoising,0.0581778436899185,0.0678681507706642,-1.34,4.66,1.0
whcsta1,xc:809875,xc_809875,227,135.47,135.81,biodenoising,0.0523827262222766,0.061123814433813,-1.34,0.34,1.0
whcsta1,xc:146051,xc_146051,33,16.78,17.33,biodenoising,0.0519502013921737,0.0642968192696571,-1.85,0.55,0.9689922480620154
whcsta1,xc:392765,xc_392765,2,4.18,5.5,biodenoising,0.0503290854394435,0.0512888357043266,-0.16,1.32,0.8421052631578947
whcsta1,xc:392765,xc_392765,1,1.89,4.08,biodenoising,0.0503191016614437,0.0508151464164257,-0.09,2.19,0.7894736842105263
whcsta1,xc:858065,xc_858065,10,13.17,14.1,biodenoising,0.0484889298677444,0.0562210716307163,-1.29,0.93,0.9285714285714286
whcsta1,xc:1027907,xc_1027907,7,9.76,10.32,biodenoising,0.0458467714488506,0.0477086491882801,-0.35,0.56,1.0
whcsta1,xc:267611,xc_267611,11,11.19,11.53,biodenoising,0.0455445423722267,0.0525821149349212,-1.25,0.34,0.9047619047619048
whcsta1,xc:267611,xc_267611,10,9.89,10.13,biodenoising,0.0454997010529041,0.0525055564939975,-1.24,0.24,0.8571428571428571
whcsta1,xc:333014,xc_333014,45,25.9,26.21,biodenoising,0.0438648946583271,0.0463422834873199,-0.48,0.31,0.9830508474576272
whcsta1,xc:267611,xc_267611,8,7.75,8.0,biodenoising,0.0437462069094181,0.0512923449277877,-1.38,0.25,0.8095238095238095
whcsta1,xc:882612,xc_882612,102,54.13,56.03,biodenoising,0.0437116548418998,0.0485221445560455,-0.91,1.9,1.0
whcsta1,xc:333014,xc_333014,36,21.15,21.46,biodenoising,0.0428496524691581,0.0453883334994316,-0.5,0.31,0.9661016949152542
whcsta1,xc:1027907,xc_1027907,3,4.23,4.98,biodenoising,0.0413537621498107,0.0429031029343605,-0.32,0.75,0.9565217391304348
whcsta1,xc:915153,xc_915153,21,13.92,14.38,biodenoising,0.0394917391240596,0.0417821444571018,-0.49,0.46,1.0
whcsta1,xc:809875,xc_809875,176,108.5,108.9,biodenoising,0.0382208451628685,0.0585084110498428,-3.7,0.4,0.9957081545064378
whcsta1,xc:809875,xc_809875,113,65.55,66.19,biodenoising,0.0377929396927356,0.0475846566259861,-2.0,0.64,0.9914163090128756
whcsta1,xc:809875,xc_809875,188,113.2,113.39,biodenoising,0.0369773767888546,0.0419470332562923,-1.1,0.19,0.9871244635193132
whcsta1,xc:882612,xc_882612,105,58.17,59.07,biodenoising,0.0367207750678062,0.0418715290725231,-1.14,0.9,0.9904761904761904
whcsta1,xc:333014,xc_333014,43,23.97,24.32,biodenoising,0.035221628844738,0.0372479557991027,-0.49,0.35,0.9491525423728814
whcsta1,xc:809875,xc_809875,150,95.54,95.79,biodenoising,0.0352151282131671,0.0477189160883426,-2.64,0.25,0.9828326180257512
whcsta1,xc:712165,xc_712165,3,2.73,3.55,biodenoising,0.0341449752449989,0.0357053577899932,-0.39,0.82,1.0
whcsta1,xc:574136,xc_574136,11,8.14,8.42,biodenoising,0.0306693892925977,0.0323929190635681,-0.47,0.28,1.0
whcsta1,xc:333014,xc_333014,0,0.91,1.24,biodenoising,0.0289890635758638,0.0307712499052286,-0.52,0.33,0.9322033898305084
whcsta1,xc:915153,xc_915153,16,11.97,12.27,biodenoising,0.0289247948676347,0.0307096727192401,-0.52,0.3,0.9523809523809524
whcsta1,xc:840780,xc_840780,92,51.18,51.51,biodenoising,0.0283631887286901,0.0318535789847373,-1.01,0.33,1.0
whcsta1,xc:574136,xc_574136,3,2.18,4.68,biodenoising,0.0254945456981658,0.0295818243175745,-1.29,2.5,0.9615384615384616
whcsta1,xc:1027907,xc_1027907,8,10.47,10.76,biodenoising,0.0252116024494171,0.0268135406076908,-0.54,0.29,0.9130434782608696
whcsta1,xc:915153,xc_915153,18,12.75,13.2,biodenoising,0.024492047727108,0.0260649155825376,-0.54,0.45,0.9047619047619048
whcsta1,xc:915153,xc_915153,7,4.35,4.74,biodenoising,0.0234975349158048,0.0249991901218891,-0.54,0.39,0.8571428571428571
whcsta1,xc:915079,xc_915079,5,2.16,3.19,biodenoising,0.0231655817478895,0.0297370348125696,-2.17,1.03,1.0
whcsta1,xc:1027907,xc_1027907,1,1.49,3.21,biodenoising,0.0230923593044281,0.0245667621493339,-0.54,1.72,0.8695652173913043
whcsta1,xc:1027907,xc_1027907,9,11.21,12.73,biodenoising,0.021128250285983,0.0223556160926818,-0.49,1.52,0.8260869565217391
whcsta1,xc:915079,xc_915079,3,0.6,1.42,biodenoising,0.0203842539340257,0.0284167248755693,-2.89,0.82,0.8333333333333334
whcsta1,xc:574136,xc_574136,6,5.75,6.12,biodenoising,0.0199422445148229,0.0212043672800064,-0.53,0.37,0.9230769230769232
whcsta1,xc:915153,xc_915153,14,10.46,10.68,biodenoising,0.0187886599451303,0.0200382582843303,-0.56,0.22,0.8095238095238095
whcsta1,xc:840780,xc_840780,89,49.0,49.53,biodenoising,0.018539510667324,0.0208770502358675,-1.03,0.53,0.989010989010989
whcsta1,xc:882612,xc_882612,64,32.12,34.03,biodenoising,0.0178836248815059,0.0224212557077407,-1.96,1.91,0.9809523809523808
whiwag,xc:67298,xc_67298,83,29.15,29.37,biodenoising,0.2414540499448776,0.2398272156715393,0.06,0.22,1.0
whiwag,xc:67298,xc_67298,90,32.82,33.08,biodenoising,0.2361890375614166,0.2349966615438461,0.04,0.26,0.993006993006993
whiwag,xc:67298,xc_67298,93,33.74,33.97,biodenoising,0.2257800698280334,0.2244787514209747,0.05,0.23,0.986013986013986
whiwag,xc:187183,xc_187183,16,13.0,13.41,biodenoising,0.2053846269845962,0.208730861544609,-0.14,0.41,1.0
whiwag,xc:67298,xc_67298,88,31.9,32.1,biodenoising,0.1845458000898361,0.183490365743637,0.05,0.2,0.9790209790209792
whiwag,xc:67298,xc_67298,49,18.39,18.6,biodenoising,0.184537723660469,0.1834753602743148,0.05,0.21,0.972027972027972
whiwag,xc:487300,xc_487300,15,7.18,7.42,biodenoising,0.1303130090236663,0.1333683133125305,-0.2,0.24,1.0
whiwag,xc:728228,xc_728228,5,1.33,9.33,biodenoising,0.1124144718050956,0.113090842962265,-0.05,8.0,1.0
whiwag,xc:728228,xc_728228,36,24.79,25.76,biodenoising,0.1107401251792907,0.1109054461121559,-0.01,0.97,0.992063492063492
whiwag,xc:479290,xc_479290,3,2.59,2.77,biodenoising,0.1079337894916534,0.1091034188866615,-0.09,0.18,1.0
whiwag,xc:201954,xc_201954,6,2.93,3.48,biodenoising,0.1012549772858619,0.1021185740828514,-0.07,0.55,1.0
whiwag,xc:201954,xc_201954,9,7.14,7.46,biodenoising,0.0833526328206062,0.0838251635432243,-0.05,0.32,0.9565217391304348
whiwag,xc:187183,xc_187183,17,13.73,15.85,biodenoising,0.0778293684124946,0.0780142769217491,-0.02,2.12,0.9642857142857144
whiwag,xc:728228,xc_728228,6,9.33,14.28,biodenoising,0.0775758475065231,0.0782118290662765,-0.07,4.95,0.984126984126984
whiwag,xc:63088,xc_63088,1,0.67,0.79,biodenoising,0.0674560740590095,0.0702696144580841,-0.35,0.12,1.0
whiwag,xc:201954,xc_201954,8,5.19,6.8,biodenoising,0.0665887594223022,0.0672055259346962,-0.08,1.61,0.9130434782608696
whiwag,xc:332116,xc_332116,3,3.98,4.31,biodenoising,0.0618106797337532,0.0642658025026321,-0.34,0.33,1.0
whiwag,xc:201954,xc_201954,4,1.93,2.57,biodenoising,0.0611271783709526,0.0619737207889556,-0.12,0.64,0.8695652173913043
whiwag,xc:617835,xc_617835,1,0.56,1.39,biodenoising,0.0607153549790382,0.0622431673109531,-0.22,0.83,1.0
whiwag,xc:879928,xc_879928,29,32.16,32.58,biodenoising,0.0590896420180797,0.0636177584528923,-0.64,0.42,1.0
whiwag,xc:332116,xc_332116,2,2.77,3.1,biodenoising,0.0568568706512451,0.0590466782450675,-0.33,0.33,0.9444444444444444
whiwag,xc:479290,xc_479290,5,4.14,4.4,biodenoising,0.0516609251499176,0.0528722219169139,-0.2,0.26,0.8571428571428571
whiwag,xc:728228,xc_728228,1,0.19,0.54,biodenoising,0.0501042604446411,0.0526524595916271,-0.43,0.35,0.9761904761904762
whiwag,xc:879928,xc_879928,28,31.51,31.85,biodenoising,0.0493001043796539,0.052677821367979,-0.58,0.34,0.9629629629629628
whiwag,xc:487300,xc_487300,5,2.64,2.85,biodenoising,0.0482920221984386,0.0491147972643375,-0.15,0.21,0.9523809523809524
whiwag,xc:728228,xc_728228,28,21.95,22.34,biodenoising,0.0468177385628223,0.0472637526690959,-0.08,0.39,0.9682539682539684
whiwag,xc:487300,xc_487300,17,8.27,8.58,biodenoising,0.0456753149628639,0.0464088320732116,-0.14,0.31,0.9047619047619048
whiwag,xc:487300,xc_487300,12,5.2,6.41,biodenoising,0.0442667156457901,0.0450940690934658,-0.16,1.21,0.8571428571428571
whiwag,xc:332116,xc_332116,8,11.33,11.66,biodenoising,0.0439792424440383,0.0456458739936351,-0.32,0.33,0.8888888888888888
whiwag,xc:617835,xc_617835,9,6.43,6.92,biodenoising,0.0417947731912136,0.0433664768934249,-0.32,0.49,0.9
whiwag,xc:332116,xc_332116,1,1.71,2.01,biodenoising,0.0376840494573116,0.0391122438013553,-0.32,0.3,0.8333333333333334
whiwag,xc:201954,xc_201954,12,8.18,8.96,biodenoising,0.036927867680788,0.0378001816570758,-0.2,0.78,0.8260869565217391
whiwag,xc:861059,xc_861059,3,1.9,4.08,biodenoising,0.0368344336748123,0.0390524491667747,-0.51,2.18,1.0
whiwag,xc:332116,xc_332116,4,5.45,5.73,biodenoising,0.0352723821997642,0.036571379750967,-0.31,0.28,0.7777777777777778
whiwag,xc:731463,xc_731463,2,0.45,1.44,biodenoising,0.0339375808835029,0.0350134372711181,-0.27,0.99,1.0
whiwag,xc:731463,xc_731463,48,28.95,35.41,biodenoising,0.0316268801689147,0.032938040792942,-0.35,6.46,0.9791666666666666
whiwag,xc:861059,xc_861059,86,97.41,97.81,biodenoising,0.0310354959219694,0.0334104597568511,-0.64,0.4,0.9950248756218906
whiwag,xc:861059,xc_861059,4,4.13,12.13,biodenoising,0.0305737219750881,0.0326113924384117,-0.56,8.0,0.9900497512437813
whiwag,xc:861059,xc_861059,97,102.84,103.37,biodenoising,0.0297898259013891,0.0321344248950481,-0.66,0.53,0.9850746268656716
whiwag,xc:861059,xc_861059,13,45.29,45.97,biodenoising,0.0290512219071388,0.0313224010169506,-0.65,0.68,0.9800995024875622
whiwag,xc:731463,xc_731463,9,4.03,4.57,biodenoising,0.0283949971199035,0.0293674431741237,-0.29,0.54,0.9583333333333334
whiwag,xc:879928,xc_879928,20,23.0,23.39,biodenoising,0.0280566774308681,0.0300021562725305,-0.58,0.39,0.925925925925926
whiwag,xc:487300,xc_487300,1,0.23,0.4,biodenoising,0.023657152429223,0.0242744255810976,-0.22,0.17,0.8095238095238095
whiwag,xc:665137,xc_665137,1,0.41,3.73,biodenoising,0.0234859324991703,0.0257767308503389,-0.81,3.32,1.0
whiwag,xc:552985,xc_552985,3,1.95,2.18,biodenoising,0.0232655927538871,0.2563798129558563,-20.84,0.23,1.0
whiwag,xc:63088,xc_63088,2,2.2,2.37,biodenoising,0.0228386800736188,0.0253017898648977,-0.89,0.17,0.8888888888888888
whiwag,xc:879928,xc_879928,4,8.24,8.54,biodenoising,0.0216484498232603,0.0232750624418258,-0.63,0.3,0.8888888888888888
whiwag,xc:297867,xc_297867,45,32.23,32.72,biodenoising,0.0207419581711292,0.0479155294597148,-7.27,0.49,1.0
whiwag,xc:665137,xc_665137,7,6.59,6.94,biodenoising,0.0206233095377683,0.0219669956713914,-0.55,0.35,0.9411764705882352
whiwag,xc:731463,xc_731463,49,35.57,43.57,biodenoising,0.0203392766416072,0.0216595381498336,-0.55,8.0,0.9375
whiwag,xc:879928,xc_879928,25,28.52,28.86,biodenoising,0.0201276671141386,0.0216583274304866,-0.64,0.34,0.8518518518518519
whiwag,xc:63088,xc_63088,4,7.13,7.36,biodenoising,0.0199915058910846,0.0248616468161344,-1.89,0.23,0.7777777777777778
whiwag,xc:297867,xc_297867,54,36.37,36.53,biodenoising,0.0195408351719379,0.0360650233924388,-5.32,0.16,0.9906542056074766
whiwag,xc:479290,xc_479290,7,5.23,5.67,biodenoising,0.0187277775257825,0.0321020856499671,-4.68,0.44,0.7142857142857143
whiwag,xc:297867,xc_297867,29,24.39,25.62,biodenoising,0.0176417287439107,0.0366277210414409,-6.35,1.23,0.9813084112149532
whiwag,xc:731463,xc_731463,5,2.65,2.91,biodenoising,0.0175967756658792,0.0183515045791864,-0.36,0.26,0.9166666666666666
whiwag,xc:212874,xc_212874,13,7.72,8.08,biodenoising,0.0173523724079132,0.019827701151371,-1.16,0.36,1.0
whiwag,xc:665137,xc_665137,10,7.55,7.82,biodenoising,0.0169208478182554,0.0181611888110637,-0.61,0.27,0.8823529411764706
zitcis1,xc:474374,xc_474374,8,5.42,5.54,biodenoising,0.1569651365280151,0.1594472825527191,-0.14,0.12,1.0
zitcis1,xc:476911,xc_476911,88,49.87,50.32,biodenoising,0.1540007442235946,0.1562946438789367,-0.13,0.45,1.0
zitcis1,xc:476911,xc_476911,86,49.15,49.39,biodenoising,0.1526747792959213,0.1548476219177246,-0.12,0.24,0.9905660377358492
zitcis1,xc:474374,xc_474374,9,6.27,6.39,biodenoising,0.1270064264535904,0.1302541643381118,-0.22,0.12,0.9090909090909092
zitcis1,xc:474374,xc_474374,6,4.6,4.71,biodenoising,0.1211734116077423,0.1247221231460571,-0.25,0.11,0.8181818181818182
zitcis1,xc:474374,xc_474374,10,7.47,7.58,biodenoising,0.1160272136330604,0.1199710667133331,-0.29,0.11,0.7272727272727273
zitcis1,xc:474374,xc_474374,11,8.38,8.47,biodenoising,0.1131773516535759,0.1168813109397888,-0.28,0.09,0.6363636363636364
zitcis1,xc:476911,xc_476911,27,18.13,18.36,biodenoising,0.1019308790564537,0.1033088341355323,-0.12,0.23,0.981132075471698
zitcis1,xc:476911,xc_476911,28,18.9,19.2,biodenoising,0.0924486517906189,0.0936805456876754,-0.11,0.3,0.9716981132075472
zitcis1,xc:476911,xc_476911,84,48.45,48.85,biodenoising,0.0909821689128875,0.0920968204736709,-0.11,0.4,0.9622641509433962
zitcis1,xc:644123,xc_644123,55,28.95,29.23,biodenoising,0.0812267437577247,0.0829167813062667,-0.18,0.28,1.0
zitcis1,xc:734272,xc_734272,1,1.17,1.31,biodenoising,0.0778209567070007,0.0805260315537452,-0.3,0.14,1.0
zitcis1,xc:644123,xc_644123,64,31.43,31.71,biodenoising,0.0777040123939514,0.0795258358120918,-0.2,0.28,0.9838709677419356
zitcis1,xc:714232,xc_714232,0,0.02,4.37,biodenoising,0.0747594982385635,0.0838767290115356,-1.0,4.35,1.0
zitcis1,xc:644123,xc_644123,48,25.77,26.13,biodenoising,0.0733822360634803,0.0747507512569427,-0.16,0.36,0.967741935483871
zitcis1,xc:644123,xc_644123,58,29.59,30.0,biodenoising,0.072847731411457,0.0743684396147728,-0.18,0.41,0.9516129032258064
zitcis1,xc:753226,xc_753226,33,11.51,11.64,biodenoising,0.0706422477960586,0.0727859660983085,-0.26,0.13,1.0
zitcis1,xc:753226,xc_753226,28,10.22,10.36,biodenoising,0.0702167451381683,0.0724605992436409,-0.27,0.14,0.9932885906040269
zitcis1,xc:828633,xc_828633,43,22.35,22.61,biodenoising,0.0698935911059379,0.0713117942214012,-0.17,0.26,1.0
zitcis1,xc:644123,xc_644123,50,27.37,27.64,biodenoising,0.069427490234375,0.0710402131080627,-0.2,0.27,0.935483870967742
zitcis1,xc:828633,xc_828633,32,17.27,17.6,biodenoising,0.0672690793871879,0.0686342790722847,-0.17,0.33,0.9846153846153848
zitcis1,xc:753226,xc_753226,102,39.39,39.51,biodenoising,0.0665725171566009,0.0689726024866104,-0.31,0.12,0.9865771812080536
zitcis1,xc:753226,xc_753226,99,38.41,38.52,biodenoising,0.0664341524243354,0.0696761980652809,-0.41,0.11,0.9798657718120806
zitcis1,xc:753226,xc_753226,103,39.87,39.97,biodenoising,0.0657337233424186,0.0685013607144355,-0.36,0.1,0.9731543624161074
zitcis1,xc:828633,xc_828633,36,19.37,19.67,biodenoising,0.0626017972826957,0.0638878494501113,-0.18,0.3,0.9692307692307692
zitcis1,xc:828633,xc_828633,38,20.04,20.38,biodenoising,0.0625472664833068,0.0637974515557289,-0.17,0.34,0.953846153846154
zitcis1,xc:828633,xc_828633,39,20.83,21.23,biodenoising,0.0603212229907512,0.061511605978012,-0.17,0.4,0.9384615384615383
zitcis1,xc:337541,xc_337541,69,32.74,32.9,biodenoising,0.0550613850355148,0.0615788325667381,-0.97,0.16,1.0
zitcis1,xc:734272,xc_734272,8,5.89,6.0,biodenoising,0.0549295060336589,0.0581632703542709,-0.5,0.11,0.9166666666666666
zitcis1,xc:378257,xc_378257,1,8.04,8.39,biodenoising,0.0508087873458862,0.0523686818778514,-0.26,0.35,1.0
zitcis1,xc:195732,xc_195732,3,4.96,10.07,biodenoising,0.0506736263632774,0.0654978305101394,-2.23,5.11,1.0
zitcis1,xc:337541,xc_337541,59,27.9,28.06,biodenoising,0.0500130951404571,0.0571063868701458,-1.15,0.16,0.9906542056074766
zitcis1,xc:337541,xc_337541,38,17.0,17.13,biodenoising,0.0488394908607006,0.0560125298798084,-1.19,0.13,0.9813084112149532
zitcis1,xc:734272,xc_734272,5,3.41,3.55,biodenoising,0.0473131537437438,0.0504468753933906,-0.56,0.14,0.8333333333333334
zitcis1,xc:1011812,xc_1011812,7,10.48,10.75,biodenoising,0.0422233566641807,0.0432781130075454,-0.21,0.27,1.0
zitcis1,xc:734272,xc_734272,4,2.59,2.73,biodenoising,0.0421957895159721,0.0450686402618885,-0.57,0.14,0.75
zitcis1,xc:1027807,xc_1027807,45,25.72,25.96,biodenoising,0.0418710745871067,0.0458054766058921,-0.78,0.24,1.0
zitcis1,xc:1011812,xc_1011812,4,4.5,7.51,biodenoising,0.0418205149471759,0.0453754402697086,-0.71,3.01,0.9565217391304348
zitcis1,xc:734272,xc_734272,3,1.88,2.01,biodenoising,0.0407612435519695,0.043854359537363,-0.64,0.13,0.6666666666666666
zitcis1,xc:337541,xc_337541,62,30.35,30.54,biodenoising,0.0405539758503437,0.046112235635519,-1.12,0.19,0.97196261682243
zitcis1,xc:337541,xc_337541,88,41.07,41.23,biodenoising,0.0396905876696109,0.047364491969347,-1.54,0.16,0.9626168224299064
zitcis1,xc:963907,xc_963907,15,17.39,20.81,biodenoising,0.0389379933476448,0.0404476188123226,-0.33,3.42,1.0
zitcis1,xc:1011812,xc_1011812,6,8.72,10.37,biodenoising,0.0329195447266101,0.0410868749022483,-1.92,1.65,0.9130434782608696
zitcis1,xc:1027807,xc_1027807,44,24.79,25.02,biodenoising,0.0321499295532703,0.0352022312581539,-0.79,0.23,0.9772727272727272
