species_code,recording_id,safe_id,note_idx,onset,offset,best_source,purity,rms_best_source,duration,rms_rank,score,method
azwmag2,xc:720180,xc_720180,19,13.22,14.52,0,0.9999,0.015496800653636456,1.3,1.0,0.9999,bird-mixit
azwmag2,xc:790250,xc_790250,0,0.33,1.47,0,0.9998,0.18626143038272858,1.14,1.0,0.9998,bird-mixit
azwmag2,xc:762197,xc_762197,41,49.71,50.05,0,0.9997,0.019238216802477837,0.34,1.0,0.9997,bird-mixit
azwmag2,xc:911230,xc_911230,2,3.3,5.11,0,0.9996,0.014923020265996456,1.81,1.0,0.9996,bird-mixit
azwmag2,xc:790248,xc_790248,14,13.75,14.31,0,0.9994,0.08058443665504456,0.56,1.0,0.9994,bird-mixit
azwmag2,xc:1058393,xc_1058393,5,8.28,8.83,0,0.9991,0.06666217744350433,0.55,1.0,0.9991,bird-mixit
azwmag2,xc:766304,xc_766304,2,3.0,3.5,0,0.9952,0.06965350359678268,0.5,1.0,0.9952,bird-mixit
azwmag2,xc:733333,xc_733333,13,15.24,16.03,0,0.9916,0.04724344238638878,0.79,1.0,0.9916,bird-mixit
azwmag2,xc:911230,xc_911230,4,5.65,13.65,0,0.9967,0.014568942598998547,8.0,0.9921259842519685,0.9888519685039371,bird-mixit
azwmag2,xc:911230,xc_911230,55,49.57,50.77,0,0.9985,0.009043533354997635,1.2,0.984251968503937,0.9827755905511811,bird-mixit
azwmag2,xc:1016671,xc_1016671,2,2.83,3.3,0,0.9776,0.13625484704971313,0.47,1.0,0.9776,bird-mixit
azwmag2,xc:762197,xc_762197,40,44.05,44.41,0,0.9997,0.018581580370664597,0.36,0.9772727272727273,0.9769795454545455,bird-mixit
azwmag2,xc:911230,xc_911230,1,1.35,2.8,0,0.9998,0.008915039710700512,1.45,0.9763779527559056,0.9761826771653543,bird-mixit
azwmag2,xc:1016671,xc_1016671,17,11.68,12.52,0,0.9859,0.11812160164117813,0.84,0.987012987012987,0.9730961038961039,bird-mixit
azwmag2,xc:841258,xc_841258,35,26.87,27.31,1,0.9806,0.008790307678282261,0.44,0.9918032786885246,0.9725622950819672,bird-mixit
azwmag2,xc:841258,xc_841258,186,134.06,134.68,1,0.997,0.007836383767426014,0.62,0.9754098360655737,0.972483606557377,bird-mixit
azwmag2,xc:766304,xc_766304,5,8.82,9.09,0,0.9951,0.05821307748556137,0.27,0.9722222222222222,0.9674583333333333,bird-mixit
azwmag2,xc:911230,xc_911230,60,52.19,53.31,0,0.9988,0.008844427764415741,1.12,0.968503937007874,0.9673417322834645,bird-mixit
azwmag2,xc:194379,xc_194379,2,6.13,9.47,0,0.9654,0.02448621392250061,3.34,1.0,0.9654,bird-mixit
azwmag2,xc:712021,xc_712021,2,0.89,2.87,0,0.9904,0.04025959223508835,1.98,0.9743589743589743,0.9650051282051282,bird-mixit
azwmag2,xc:841258,xc_841258,182,130.2,131.0,1,0.9607,0.00969835463911295,0.8,0.9959016393442623,0.9567627049180328,bird-mixit
azwmag2,xc:841258,xc_841258,193,138.64,139.14,1,0.972,0.00824478268623352,0.5,0.9836065573770492,0.9560655737704917,bird-mixit
azwmag2,xc:1016671,xc_1016671,19,13.06,13.47,0,0.9808,0.11654521524906158,0.41,0.974025974025974,0.9553246753246754,bird-mixit
azwmag2,xc:1058393,xc_1058393,3,1.55,5.97,0,0.9963,0.06521203368902206,4.42,0.9583333333333334,0.9547875,bird-mixit
azwmag2,xc:762197,xc_762197,17,11.76,12.19,0,0.9996,0.018512671813368797,0.43,0.9545454545454546,0.9541636363636364,bird-mixit
azwmag2,xc:841258,xc_841258,195,139.91,140.39,1,0.9896,0.007475028280168772,0.48,0.9631147540983607,0.9530983606557377,bird-mixit
azwmag2,xc:720180,xc_720180,2,0.98,2.05,0,0.9998,0.015382646583020687,1.07,0.9523809523809523,0.9521904761904761,bird-mixit
azwmag2,xc:464622,xc_464622,90,53.93,54.7,1,0.9628,0.024837980046868324,0.77,0.9888888888888889,0.9521022222222223,bird-mixit
azwmag2,xc:712021,xc_712021,34,22.78,24.22,0,0.9491,0.07676253467798233,1.44,1.0,0.9491,bird-mixit
azwmag2,xc:716117,xc_716117,20,27.41,28.13,0,0.9931,0.015106762759387493,0.72,0.9473684210526315,0.9408315789473684,bird-mixit
azwmag2,xc:766304,xc_766304,6,9.14,9.29,0,0.9908,0.05171557888388634,0.15,0.9444444444444444,0.9357555555555556,bird-mixit
azwmag2,xc:1016671,xc_1016671,4,4.75,5.2,0,0.9862,0.10874241590499878,0.45,0.948051948051948,0.9349688311688311,bird-mixit
azwmag2,xc:464622,xc_464622,176,108.91,109.56,1,0.955,0.009274707175791264,0.65,0.9777777777777777,0.9337777777777777,bird-mixit
azwmag2,xc:762197,xc_762197,30,28.34,28.75,0,0.9997,0.01770642027258873,0.41,0.9318181818181818,0.9315386363636363,bird-mixit
azwmag2,xc:712021,xc_712021,16,13.46,15.25,0,0.9801,0.039183080196380615,1.79,0.9487179487179487,0.9298384615384615,bird-mixit
azwmag2,xc:339213,xc_339213,12,9.19,12.75,0,0.9291,0.05184805020689964,3.56,1.0,0.9291,bird-mixit
azwmag2,xc:464622,xc_464622,186,113.12,113.26,1,0.9656,0.005340180359780788,0.14,0.9611111111111111,0.9280488888888889,bird-mixit
azwmag2,xc:733333,xc_733333,4,5.61,6.67,0,0.9884,0.0447617806494236,1.06,0.9375,0.9266249999999999,bird-mixit
azwmag2,xc:1016671,xc_1016671,1,2.13,2.59,0,0.9621,0.11268389225006104,0.46,0.961038961038961,0.9246155844155843,bird-mixit
azwmag2,xc:712021,xc_712021,28,20.47,20.91,0,0.9992,0.025683457031846046,0.44,0.9230769230769231,0.9223384615384616,bird-mixit
azwmag2,xc:790248,xc_790248,17,15.77,16.32,0,0.9977,0.07883103936910629,0.55,0.9230769230769231,0.9209538461538462,bird-mixit
azwmag2,xc:716117,xc_716117,36,50.95,51.73,0,0.9946,0.014975215308368206,0.78,0.9210526315789473,0.9160789473684211,bird-mixit
azwmag2,xc:820038,xc_820038,9,12.83,13.94,0,0.9979,0.050766702741384506,1.11,0.9166666666666666,0.9147416666666667,bird-mixit
azwmag2,xc:464622,xc_464622,185,112.92,113.07,1,0.9602,0.005133462604135275,0.15,0.95,0.9121900000000001,bird-mixit
azwmag2,xc:682044,xc_682044,0,0.02,8.02,2,0.911,0.009435494430363178,8.0,1.0,0.911,bird-mixit
azwmag2,xc:762197,xc_762197,21,18.33,18.76,0,0.9993,0.015995493158698082,0.43,0.9090909090909091,0.9084545454545454,bird-mixit
azwmag2,xc:464622,xc_464622,187,113.31,114.09,1,0.9651,0.0050770072266459465,0.78,0.9388888888888889,0.9061216666666666,bird-mixit
azwmag2,xc:720180,xc_720180,16,10.99,12.07,0,0.9999,0.014889958314597607,1.08,0.9047619047619048,0.9046714285714286,bird-mixit
azwmag2,xc:712021,xc_712021,13,11.32,11.89,0,0.998,0.024949152022600174,0.57,0.8974358974358975,0.8956410256410257,bird-mixit
azwmag2,xc:784889,xc_784889,8,12.54,12.94,2,0.9942,0.008626587688922882,0.4,0.896551724137931,0.8913517241379311,bird-mixit
azwmag2,xc:716117,xc_716117,24,34.68,35.21,0,0.9932,0.011817412450909615,0.53,0.8947368421052632,0.8886526315789474,bird-mixit
azwmag2,xc:766304,xc_766304,3,3.59,3.82,0,0.9668,0.0407806821167469,0.23,0.9166666666666666,0.8862333333333333,bird-mixit
azwmag2,xc:1058393,xc_1058393,4,6.06,8.17,0,0.9599,0.05146317556500435,2.11,0.9166666666666666,0.8799083333333333,bird-mixit
azwmag2,xc:784889,xc_784889,3,6.54,11.1,0,0.8762,0.02152465283870697,4.56,1.0,0.8762,bird-mixit
azwmag2,xc:1058393,xc_1058393,7,9.49,10.08,0,0.9972,0.03018891252577305,0.59,0.875,0.8725499999999999,bird-mixit
azwmag2,xc:733333,xc_733333,14,17.39,18.44,0,0.987,0.04375182464718819,1.05,0.875,0.863625,bird-mixit
azwmag2,xc:720180,xc_720180,10,7.6,8.74,0,1.0,0.012445657514035702,1.14,0.8571428571428571,0.8571428571428571,bird-mixit
azwmag2,xc:716117,xc_716117,9,17.46,18.39,0,0.8538,0.02878192625939846,0.93,1.0,0.8538,bird-mixit
azwmag2,xc:784889,xc_784889,7,12.43,12.48,2,0.9828,0.008609899319708347,0.05,0.8620689655172413,0.8472413793103448,bird-mixit
azwmag2,xc:790248,xc_790248,13,12.0,12.55,0,0.9994,0.07507152110338211,0.55,0.8461538461538461,0.8456461538461538,bird-mixit
azwmag2,xc:766304,xc_766304,36,34.28,34.41,0,0.9475,0.0337553508579731,0.13,0.8888888888888888,0.8422222222222222,bird-mixit
azwmag2,xc:1058393,xc_1058393,8,10.19,11.25,0,0.9977,0.028732286766171455,1.06,0.8333333333333334,0.8314166666666667,bird-mixit
azwmag2,xc:716117,xc_716117,3,3.52,3.66,1,0.9827,0.008661769330501556,0.14,0.8421052631578947,0.8275368421052631,bird-mixit
azwmag2,xc:720180,xc_720180,6,4.9,6.05,0,0.9982,0.011178635992109776,1.15,0.8095238095238095,0.8080666666666667,bird-mixit
azwmag2,xc:733333,xc_733333,12,13.99,14.96,0,0.9877,0.040004562586545944,0.97,0.8125,0.80250625,bird-mixit
azwmag2,xc:820038,xc_820038,0,0.02,3.58,0,0.7957,0.06129470840096474,3.56,1.0,0.7957,bird-mixit
barswa,xc:721365,xc_721365,10,28.78,31.75,0,0.9998,0.06948801130056381,2.97,1.0,0.9998,bird-mixit
barswa,xc:653439,xc_653439,7,11.35,12.82,0,0.9998,0.05576062574982643,1.47,1.0,0.9998,bird-mixit
barswa,xc:919230,xc_919230,7,3.63,3.82,0,0.9997,0.09437526762485504,0.19,1.0,0.9997,bird-mixit
barswa,xc:578054,xc_578054,0,0.02,1.67,0,0.9996,0.10753467679023743,1.65,1.0,0.9996,bird-mixit
barswa,xc:123035,xc_123035,5,8.18,9.0,0,0.9996,0.08839066326618195,0.82,1.0,0.9996,bird-mixit
barswa,xc:1042324,xc_1042324,6,7.87,8.09,0,0.9993,0.3451385796070099,0.22,1.0,0.9993,bird-mixit
barswa,xc:142731,xc_142731,8,32.0,33.47,0,0.9993,0.13825495541095734,1.47,1.0,0.9993,bird-mixit
barswa,xc:191008,xc_191008,5,6.81,7.16,0,0.9979,0.043052881956100464,0.35,1.0,0.9979,bird-mixit
barswa,xc:123035,xc_123035,14,23.01,23.84,0,0.9995,0.08333366364240646,0.83,0.9935483870967742,0.9930516129032259,bird-mixit
barswa,xc:123035,xc_123035,124,200.01,200.85,0,0.9996,0.08322637528181076,0.84,0.9870967741935484,0.986701935483871,bird-mixit
barswa,xc:197400,xc_197400,79,46.95,47.29,0,0.9961,0.06179805472493172,0.34,0.9887640449438202,0.9849078651685392,bird-mixit
barswa,xc:801549,xc_801549,3,1.16,1.87,0,0.9821,0.018645113334059715,0.71,1.0,0.9821,bird-mixit
barswa,xc:191008,xc_191008,39,38.1,38.45,0,0.9965,0.03718259185552597,0.35,0.984375,0.9809296875000001,bird-mixit
barswa,xc:123035,xc_123035,72,121.39,122.21,0,0.9996,0.08166224509477615,0.82,0.9806451612903225,0.9802529032258065,bird-mixit
barswa,xc:919230,xc_919230,10,5.62,5.8,0,0.9994,0.0653645321726799,0.18,0.98,0.979412,bird-mixit
barswa,xc:123035,xc_123035,25,40.52,41.34,0,0.9989,0.08155197650194168,0.82,0.9741935483870968,0.973121935483871,bird-mixit
barswa,xc:1042324,xc_1042324,7,8.16,8.38,0,0.9999,0.23783110082149506,0.22,0.9714285714285714,0.9713314285714286,bird-mixit
barswa,xc:741685,xc_741685,0,0.14,0.53,0,0.9666,0.01891026273369789,0.39,1.0,0.9666,bird-mixit
barswa,xc:193495,xc_193495,4,2.9,3.04,0,0.9662,0.04785348102450371,0.14,1.0,0.9662,bird-mixit
barswa,xc:191008,xc_191008,7,8.89,9.33,0,0.9963,0.03667176142334938,0.44,0.96875,0.9651656249999999,bird-mixit
barswa,xc:919230,xc_919230,28,17.2,17.39,0,0.9992,0.06391185522079468,0.19,0.96,0.959232,bird-mixit
barswa,xc:664990,xc_664990,2,2.53,8.95,0,0.9556,0.03593134135007858,6.42,1.0,0.9556,bird-mixit
barswa,xc:193495,xc_193495,43,29.84,29.9,3,0.9758,0.04008123278617859,0.06,0.9787234042553191,0.9550382978723404,bird-mixit
barswa,xc:197400,xc_197400,47,28.1,28.96,1,0.9547,0.081794373691082,0.86,1.0,0.9547,bird-mixit
barswa,xc:747403,xc_747403,36,16.36,16.51,0,0.954,0.02747194655239582,0.15,1.0,0.954,bird-mixit
barswa,xc:197400,xc_197400,70,39.22,39.9,0,0.9961,0.05545325204730034,0.68,0.9550561797752809,0.9513314606741573,bird-mixit
barswa,xc:191008,xc_191008,11,11.77,12.1,0,0.9971,0.03624270111322403,0.33,0.953125,0.9503609375,bird-mixit
barswa,xc:197400,xc_197400,0,0.02,0.92,1,0.9678,0.058669671416282654,0.9,0.9775280898876404,0.9460516853932583,bird-mixit
barswa,xc:721365,xc_721365,13,39.57,42.1,0,0.999,0.06800630688667297,2.53,0.9444444444444444,0.9435,bird-mixit
barswa,xc:126103,xc_126103,12,7.48,7.61,0,0.9426,0.03521307557821274,0.13,1.0,0.9426,bird-mixit
barswa,xc:653439,xc_653439,9,13.99,16.75,0,0.9999,0.048467569053173065,2.76,0.9411764705882353,0.9410823529411765,bird-mixit
barswa,xc:197400,xc_197400,23,13.68,14.1,0,0.9968,0.05542009696364403,0.42,0.9438202247191011,0.9408,bird-mixit
barswa,xc:801549,xc_801549,1,0.19,0.91,0,0.9744,0.01690158247947693,0.72,0.9615384615384616,0.936923076923077,bird-mixit
barswa,xc:747403,xc_747403,47,21.9,22.03,0,0.9516,0.024768909439444542,0.13,0.9833333333333333,0.9357399999999999,bird-mixit
barswa,xc:1042324,xc_1042324,8,10.15,10.34,1,0.9924,0.019865071401000023,0.19,0.9428571428571428,0.9356914285714285,bird-mixit
barswa,xc:206071,xc_206071,2,1.09,1.6,2,0.9337,0.06489400565624237,0.51,1.0,0.9337,bird-mixit
barswa,xc:191008,xc_191008,49,44.02,44.28,0,0.9948,0.03429039567708969,0.26,0.9375,0.932625,bird-mixit
barswa,xc:142731,xc_142731,0,0.06,8.06,0,0.9951,0.13109813630580902,8.0,0.9333333333333333,0.92876,bird-mixit
barswa,xc:801549,xc_801549,2,0.98,1.11,0,0.9973,0.014839998446404934,0.13,0.9230769230769231,0.9205846153846154,bird-mixit
barswa,xc:919230,xc_919230,15,9.98,10.17,0,0.9989,0.060858968645334244,0.19,0.92,0.918988,bird-mixit
barswa,xc:580258,xc_580258,15,8.07,9.57,2,0.9123,0.007970349863171577,1.5,1.0,0.9123,bird-mixit
barswa,xc:580258,xc_580258,13,6.74,7.04,2,0.9455,0.007468028925359249,0.3,0.9629629629629629,0.9104814814814814,bird-mixit
barswa,xc:1042324,xc_1042324,9,10.4,10.6,1,0.995,0.01858707144856453,0.2,0.9142857142857143,0.9097142857142857,bird-mixit
barswa,xc:578054,xc_578054,3,4.2,7.33,0,0.9972,0.09008042514324188,3.13,0.9090909090909091,0.9065454545454545,bird-mixit
barswa,xc:919230,xc_919230,9,5.06,5.24,0,0.9994,0.06002243980765343,0.18,0.9,0.8994599999999999,bird-mixit
barswa,xc:747403,xc_747403,34,14.49,15.68,0,0.963,0.022544996812939644,1.19,0.9333333333333333,0.8987999999999999,bird-mixit
barswa,xc:580258,xc_580258,11,6.23,6.51,2,0.9672,0.006932595744729042,0.28,0.9259259259259259,0.8955555555555555,bird-mixit
barswa,xc:747403,xc_747403,40,17.8,17.98,0,0.9367,0.022851629182696342,0.18,0.95,0.8898649999999999,bird-mixit
barswa,xc:721365,xc_721365,18,48.29,50.62,0,0.9975,0.061931055039167404,2.33,0.8888888888888888,0.8866666666666667,bird-mixit
barswa,xc:653439,xc_653439,6,6.59,11.27,0,0.9998,0.04556337743997574,4.68,0.8823529411764706,0.8821764705882353,bird-mixit
barswa,xc:677842,xc_677842,18,11.2,11.46,1,0.9331,0.085750050842762,0.26,0.9428571428571428,0.87978,bird-mixit
barswa,xc:1042324,xc_1042324,2,4.54,4.72,1,0.9926,0.016316205263137817,0.18,0.8857142857142857,0.8791599999999999,bird-mixit
barswa,xc:747403,xc_747403,48,22.37,22.53,1,0.8958,0.02462022565305233,0.16,0.9666666666666667,0.86594,bird-mixit
barswa,xc:142731,xc_142731,1,8.06,8.92,0,0.9987,0.12785302102565765,0.86,0.8666666666666667,0.8655400000000001,bird-mixit
barswa,xc:193495,xc_193495,38,24.37,24.48,0,0.9451,0.03489133343100548,0.11,0.9148936170212766,0.8646659574468085,bird-mixit
barswa,xc:801549,xc_801549,18,13.22,13.69,0,0.976,0.01469326950609684,0.47,0.8846153846153846,0.8633846153846153,bird-mixit
barswa,xc:193495,xc_193495,51,34.62,34.78,0,0.9192,0.0367707759141922,0.16,0.9361702127659575,0.8605276595744681,bird-mixit
barswa,xc:193495,xc_193495,49,32.47,32.78,3,0.9623,0.031151555478572845,0.31,0.8936170212765957,0.859927659574468,bird-mixit
barswa,xc:206071,xc_206071,0,0.02,0.54,2,0.9778,0.06341677159070969,0.52,0.875,0.855575,bird-mixit
barswa,xc:126103,xc_126103,2,0.91,1.2,3,0.8692,0.024018600583076477,0.29,0.9767441860465116,0.8489860465116278,bird-mixit
barswa,xc:511682,xc_511682,1,6.54,10.17,0,0.9811,0.017166156321763992,3.63,0.8571428571428571,0.8409428571428571,bird-mixit
barswa,xc:721365,xc_721365,20,52.29,56.45,0,0.9998,0.05776386335492134,4.16,0.8333333333333334,0.8331666666666667,bird-mixit
barswa,xc:664990,xc_664990,3,9.02,17.02,0,0.9971,0.03399406000971794,8.0,0.8333333333333334,0.8309166666666666,bird-mixit
barswa,xc:653439,xc_653439,5,5.16,6.24,0,0.9994,0.042971063405275345,1.08,0.8235294117647058,0.823035294117647,bird-mixit
barswa,xc:578054,xc_578054,4,7.4,8.52,0,0.9945,0.08849459141492844,1.12,0.8181818181818182,0.8136818181818183,bird-mixit
barswa,xc:142731,xc_142731,7,24.0,32.0,0,0.9946,0.12550419569015503,8.0,0.8,0.79568,bird-mixit
barswa,xc:669362,xc_669362,17,8.22,8.53,2,0.8587,0.0718313679099083,0.31,0.9130434782608695,0.7840304347826087,bird-mixit
barswa,xc:126103,xc_126103,10,6.61,6.93,0,0.818,0.02359740436077118,0.32,0.9534883720930233,0.779953488372093,bird-mixit
barswa,xc:801549,xc_801549,8,3.83,4.75,0,0.9208,0.012238102965056896,0.92,0.8461538461538461,0.7791384615384614,bird-mixit
barswa,xc:126103,xc_126103,9,5.59,5.66,2,0.849,0.021228646859526634,0.07,0.9069767441860465,0.7700232558139534,bird-mixit
barswa,xc:580258,xc_580258,14,7.09,7.96,2,0.8628,0.00537286838516593,0.87,0.8888888888888888,0.7669333333333334,bird-mixit
barswa,xc:653439,xc_653439,2,3.92,4.89,0,0.9998,0.034618496894836426,0.97,0.7647058823529411,0.7645529411764705,bird-mixit
barswa,xc:721365,xc_721365,9,25.11,28.72,0,0.9804,0.05758439376950264,3.61,0.7777777777777778,0.7625333333333334,bird-mixit
bkfbun2,ml:618704340,ml_618704340,7,3.66,6.77,2,1.0,0.12207650393247604,3.11,1.0,1.0,bird-mixit
bkfbun2,ml:620266783,ml_620266783,0,0.02,0.12,2,0.9989,0.01721431128680706,0.1,1.0,0.9989,bird-mixit
bkfbun2,ml:637612944,ml_637612944,0,0.02,0.18,2,0.9985,0.019052110612392426,0.16,1.0,0.9985,bird-mixit
bkfbun2,ml:640507369,ml_640507369,9,19.66,23.55,0,0.9971,0.09774001687765121,3.89,1.0,0.9971,bird-mixit
bkfbun2,ml:148116611,ml_148116611,6,4.96,5.02,2,0.9943,0.016920266672968864,0.06,1.0,0.9943,bird-mixit
bkfbun2,ml:620266782,ml_620266782,31,16.72,16.87,2,0.9905,0.028539733961224556,0.15,1.0,0.9905,bird-mixit
bkfbun2,ml:618203252,ml_618203252,0,0.04,3.39,0,0.9893,0.06138668209314346,3.35,1.0,0.9893,bird-mixit
bkfbun2,ml:643676710,ml_643676710,7,28.0,28.94,2,0.9862,0.1106865331530571,0.94,1.0,0.9862,bird-mixit
bkfbun2,ml:624172439,ml_624172439,1,0.52,0.58,2,0.9854,0.03977717086672783,0.06,1.0,0.9854,bird-mixit
bkfbun2,ml:644010084,ml_644010084,0,0.02,2.41,3,0.9828,0.020229971036314964,2.39,1.0,0.9828,bird-mixit
bkfbun2,ml:638925272,ml_638925272,14,12.22,12.28,2,0.9819,0.01940663531422615,0.06,1.0,0.9819,bird-mixit
bkfbun2,ml:618704340,ml_618704340,10,7.61,9.0,2,0.998,0.0715584009885788,1.39,0.9803921568627451,0.9784313725490196,bird-mixit
bkfbun2,ml:620266783,ml_620266783,8,2.62,3.1,2,0.9989,0.014395851641893387,0.48,0.9772727272727273,0.9761977272727274,bird-mixit
bkfbun2,ml:460115891,ml_460115891,57,23.84,23.9,1,0.9743,0.09380937367677689,0.06,1.0,0.9743,bird-mixit
bkfbun2,ml:460115891,ml_460115891,29,13.08,13.16,1,0.9835,0.08960337936878204,0.08,0.9896907216494846,0.9733608247422681,bird-mixit
bkfbun2,ml:634320120,ml_634320120,1,1.07,1.27,0,0.972,0.049104541540145874,0.2,1.0,0.972,bird-mixit
bkfbun2,ml:620881189,ml_620881189,7,23.56,24.47,0,0.9699,0.02077615074813366,0.91,1.0,0.9699,bird-mixit
bkfbun2,ml:640507369,ml_640507369,12,31.33,34.93,0,0.9966,0.0888388603925705,3.6,0.9722222222222222,0.9689166666666666,bird-mixit
bkfbun2,ml:637812780,ml_637812780,33,21.76,23.29,0,0.9632,0.027858275920152664,1.53,1.0,0.9632,bird-mixit
bkfbun2,ml:618704340,ml_618704340,0,0.03,0.63,2,0.9977,0.06747819483280182,0.6,0.9607843137254902,0.9585745098039217,bird-mixit
bkfbun2,ml:620266782,ml_620266782,7,3.19,3.47,2,0.9919,0.020409565418958664,0.28,0.9642857142857143,0.956475,bird-mixit
bkfbun2,ml:643676710,ml_643676710,9,29.24,30.3,2,0.9917,0.05879942700266838,1.06,0.9626168224299065,0.9546271028037383,bird-mixit
bkfbun2,ml:620266783,ml_620266783,5,1.72,2.03,2,0.9974,0.011976450681686401,0.31,0.9545454545454546,0.9520636363636363,bird-mixit
bkfbun2,ml:640507369,ml_640507369,18,49.71,54.04,0,0.9985,0.088062584400177,4.33,0.9444444444444444,0.9430277777777778,bird-mixit
bkfbun2,ml:644573777,ml_644573777,49,15.9,15.96,2,0.9994,0.034731291234493256,0.06,0.9387755102040817,0.9382122448979592,bird-mixit
bkfbun2,ml:148116611,ml_148116611,7,5.41,5.47,2,0.9987,0.01593453623354435,0.06,0.9393939393939394,0.9381727272727274,bird-mixit
bkfbun2,ml:637612944,ml_637612944,3,2.57,3.56,2,0.985,0.017380231991410255,0.99,0.9523809523809523,0.938095238095238,bird-mixit
bkfbun2,ml:618704340,ml_618704340,8,6.9,7.38,2,0.9959,0.056908413767814636,0.48,0.9411764705882353,0.9373176470588235,bird-mixit
bkfbun2,ml:637812780,ml_637812780,20,9.76,11.34,0,0.9638,0.027342485263943672,1.58,0.9696969696969697,0.9345939393939394,bird-mixit
bkfbun2,ml:460115891,ml_460115891,82,32.87,32.98,1,0.9618,0.0776556208729744,0.11,0.9690721649484536,0.9320536082474227,bird-mixit
bkfbun2,ml:643676710,ml_643676710,55,89.14,89.68,2,0.9579,0.06022074818611145,0.54,0.9719626168224299,0.9310429906542056,bird-mixit
bkfbun2,ml:620266783,ml_620266783,7,2.35,2.57,2,0.9977,0.011186797171831131,0.22,0.9318181818181818,0.929675,bird-mixit
bkfbun2,ml:640988362,ml_640988362,45,22.74,23.38,0,0.926,0.04975348711013794,0.64,1.0,0.926,bird-mixit
bkfbun2,ml:460115891,ml_460115891,0,0.02,0.91,2,0.9418,0.08635488152503967,0.89,0.979381443298969,0.922381443298969,bird-mixit
bkfbun2,ml:618704340,ml_618704340,6,2.89,3.55,2,0.9983,0.04796723648905754,0.66,0.9215686274509803,0.9200019607843136,bird-mixit
bkfbun2,ml:643676710,ml_643676710,18,34.25,34.34,2,0.992,0.052413735538721085,0.09,0.9252336448598131,0.9178317757009345,bird-mixit
bkfbun2,ml:640507369,ml_640507369,26,65.28,69.46,0,0.9941,0.07866588979959488,4.18,0.9166666666666666,0.9112583333333333,bird-mixit
bkfbun2,ml:620266782,ml_620266782,18,9.63,9.88,2,0.979,0.015124700032174587,0.25,0.9285714285714286,0.9090714285714285,bird-mixit
bkfbun2,ml:644010084,ml_644010084,13,8.0,8.14,3,0.9905,0.019895022734999657,0.14,0.9166666666666666,0.9079583333333333,bird-mixit
bkfbun2,ml:618203252,ml_618203252,6,5.02,8.25,0,0.9886,0.057448770850896835,3.23,0.9166666666666666,0.9062166666666667,bird-mixit
bkfbun2,ml:148116611,ml_148116611,26,19.25,19.58,2,0.994,0.015126587823033333,0.33,0.9090909090909091,0.9036363636363636,bird-mixit
bkfbun2,ml:637812780,ml_637812780,1,0.79,2.38,0,0.9587,0.02571546845138073,1.59,0.9393939393939394,0.9005969696969698,bird-mixit
bkfbun2,ml:637612944,ml_637612944,10,8.77,9.21,2,0.995,0.01698441058397293,0.44,0.9047619047619048,0.9002380952380953,bird-mixit
bkfbun2,ml:644573777,ml_644573777,9,3.19,3.26,2,0.9986,0.03252718970179558,0.07,0.8979591836734694,0.8967020408163265,bird-mixit
bkfbun2,ml:460115891,ml_460115891,59,24.3,24.39,1,0.9349,0.07568567246198654,0.09,0.9587628865979382,0.8963474226804123,bird-mixit
bkfbun2,ml:620266783,ml_620266783,6,2.08,2.27,2,0.9984,0.009550906717777252,0.19,0.8863636363636364,0.8849454545454545,bird-mixit
bkfbun2,ml:643676710,ml_643676710,17,32.97,34.07,2,0.9885,0.04348268359899521,1.1,0.8878504672897196,0.8776401869158879,bird-mixit
bkfbun2,ml:640507369,ml_640507369,10,23.79,30.03,0,0.986,0.07504348456859589,6.24,0.8888888888888888,0.8764444444444444,bird-mixit
bkfbun2,ml:644573777,ml_644573777,37,11.92,11.97,2,0.9979,0.03231114149093628,0.05,0.8775510204081632,0.8757081632653061,bird-mixit
bkfbun2,ml:148116611,ml_148116611,2,0.65,0.75,2,0.8986,0.016463367268443108,0.1,0.9696969696969697,0.8713696969696969,bird-mixit
bkfbun2,ml:148116611,ml_148116611,9,6.28,6.66,2,0.9853,0.01486187893897295,0.38,0.8787878787878788,0.865869696969697,bird-mixit
bkfbun2,ml:637612944,ml_637612944,1,0.42,0.53,2,0.9977,0.016953960061073303,0.11,0.8571428571428571,0.8551714285714286,bird-mixit
bkfbun2,ml:634320120,ml_634320120,9,5.96,6.34,0,0.9083,0.03376758098602295,0.38,0.9411764705882353,0.854870588235294,bird-mixit
bkfbun2,ml:620881189,ml_620881189,1,6.87,8.66,0,0.9616,0.020477455109357834,1.79,0.8888888888888888,0.8547555555555555,bird-mixit
bkfbun2,ml:644573777,ml_644573777,20,6.93,7.0,2,0.9949,0.032079000025987625,0.07,0.8571428571428571,0.8527714285714285,bird-mixit
bkfbun2,ml:640988362,ml_640988362,18,9.53,9.65,0,0.8564,0.045602742582559586,0.12,0.9777777777777777,0.8373688888888889,bird-mixit
bkfbun2,ml:644573777,ml_644573777,22,8.0,8.07,2,0.9962,0.031929053366184235,0.07,0.8367346938775511,0.8335551020408164,bird-mixit
bkfbun2,ml:640988362,ml_640988362,38,18.64,19.39,0,0.8717,0.04559573903679848,0.75,0.9555555555555556,0.8329577777777778,bird-mixit
bkfbun2,ml:620266782,ml_620266782,29,15.74,16.2,2,0.9165,0.01000957377254963,0.46,0.8928571428571429,0.8183035714285715,bird-mixit
bkfbun2,ml:618203252,ml_618203252,11,13.67,15.48,0,0.9806,0.05066783353686333,1.81,0.8333333333333334,0.8171666666666667,bird-mixit
bkfbun2,ml:640507294,ml_640507294,0,0.02,8.02,0,0.8107,0.06664100289344788,8.0,1.0,0.8107,bird-mixit
bkfbun2,ml:634320120,ml_634320120,8,5.46,5.76,0,0.9159,0.03238166868686676,0.3,0.8823529411764706,0.8081470588235294,bird-mixit
bkfbun2,ml:637812780,ml_637812780,32,21.28,21.68,0,0.8868,0.015515893697738647,0.4,0.9090909090909091,0.8061818181818182,bird-mixit
bkfbun2,ml:640988362,ml_640988362,16,7.85,8.66,1,0.8585,0.04395895451307297,0.81,0.9333333333333333,0.8012666666666667,bird-mixit
bkfbun2,ml:637812780,ml_637812780,2,3.04,3.11,2,0.95,0.007034800946712494,0.07,0.8181818181818182,0.7772727272727273,bird-mixit
bkfbun2,ml:635667093,ml_635667093,12,9.5,9.79,1,0.7735,0.04169711098074913,0.29,1.0,0.7735,bird-mixit
bkfbun2,ml:634320120,ml_634320120,4,2.61,2.89,0,0.9294,0.031131993979215622,0.28,0.8235294117647058,0.7653882352941176,bird-mixit
bkfbun2,ml:638925272,ml_638925272,8,8.34,8.46,2,0.9249,0.015873434022068977,0.12,0.8125,0.7514812500000001,bird-mixit
bkfbun2,ml:644010084,ml_644010084,1,2.48,2.63,3,0.9966,0.01674407348036766,0.15,0.75,0.7474500000000001,bird-mixit
bkfbun2,ml:618203252,ml_618203252,9,9.67,12.78,0,0.9615,0.043190665543079376,3.11,0.75,0.721125,bird-mixit
bkfbun2,ml:620266782,ml_620266782,12,6.06,6.2,2,0.956,0.004899849183857441,0.14,0.75,0.717,bird-mixit
bkfbun2,ml:620881189,ml_620881189,3,14.81,17.12,0,0.9154,0.017582835629582405,2.31,0.7777777777777778,0.7119777777777778,bird-mixit
bkfbun2,ml:640988362,ml_640988362,1,0.36,1.4,0,0.7681,0.04246720299124718,1.04,0.9111111111111111,0.6998244444444445,bird-mixit
bkfbun2,ml:634079834,ml_634079834,50,29.64,29.91,3,0.7068,0.0041643413715064526,0.27,0.9649122807017544,0.6819999999999999,bird-mixit
bkhgul,xc:735929,xc_735929,6,4.2,4.26,2,1.0,0.3027946650981903,0.06,1.0,1.0,bird-mixit
bkhgul,xc:441030,xc_441030,752,603.71,603.84,2,0.9999,0.40105199813842773,0.13,1.0,0.9999,bird-mixit
bkhgul,xc:441030,xc_441030,498,404.76,404.88,2,1.0,0.32225510478019714,0.12,0.9988412514484357,0.9988412514484357,bird-mixit
bkhgul,xc:539616,xc_539616,11,8.52,9.55,0,0.9988,0.06889599561691284,1.03,1.0,0.9988,bird-mixit
bkhgul,xc:946675,xc_946675,4,6.96,7.03,2,0.9984,0.12707620859146118,0.07,1.0,0.9984,bird-mixit
bkhgul,xc:441030,xc_441030,497,404.53,404.64,2,0.9999,0.31244969367980957,0.11,0.9976825028968713,0.9975827346465816,bird-mixit
bkhgul,xc:441030,xc_441030,720,580.79,580.85,2,1.0,0.30921471118927,0.06,0.996523754345307,0.996523754345307,bird-mixit
bkhgul,xc:752720,xc_752720,60,41.63,42.0,0,0.9962,0.03020365722477436,0.37,1.0,0.9962,bird-mixit
bkhgul,xc:1050112,xc_1050112,0,0.16,0.22,2,0.9961,0.019545331597328186,0.06,1.0,0.9961,bird-mixit
bkhgul,xc:943182,xc_943182,4,6.05,6.64,0,0.9956,0.011369499377906322,0.59,1.0,0.9956,bird-mixit
bkhgul,xc:441030,xc_441030,855,679.96,680.13,2,1.0,0.29806169867515564,0.17,0.9953650057937428,0.9953650057937428,bird-mixit
bkhgul,xc:525320,xc_525320,1,2.77,4.15,0,0.994,0.1196107566356659,1.38,1.0,0.994,bird-mixit
bkhgul,xc:984595,xc_984595,4,7.53,7.63,2,0.9932,0.13616596162319183,0.1,1.0,0.9932,bird-mixit
bkhgul,xc:655838,xc_655838,2,12.33,20.33,0,0.9932,0.120379239320755,8.0,1.0,0.9932,bird-mixit
bkhgul,xc:1011216,xc_1011216,0,0.05,5.55,0,0.9899,0.09477650374174118,5.5,1.0,0.9899,bird-mixit
bkhgul,xc:94182,xc_94182,9,8.41,8.46,3,0.9848,0.10214971750974655,0.05,1.0,0.9848,bird-mixit
bkhgul,xc:752720,xc_752720,20,11.15,11.92,0,0.9948,0.025020577013492584,0.77,0.9866666666666667,0.9815360000000001,bird-mixit
bkhgul,xc:434997,xc_434997,2,2.68,10.68,0,0.9749,0.016613803803920746,8.0,1.0,0.9749,bird-mixit
bkhgul,xc:752720,xc_752720,61,42.35,42.77,0,0.9931,0.02193293906748295,0.42,0.9733333333333334,0.9666173333333333,bird-mixit
bkhgul,xc:1065402,xc_1065402,11,7.11,8.24,3,0.9658,0.07602820545434952,1.13,1.0,0.9658,bird-mixit
bkhgul,xc:539616,xc_539616,4,1.53,2.05,0,0.9984,0.05373597890138626,0.52,0.9642857142857143,0.9627428571428571,bird-mixit
bkhgul,xc:735929,xc_735929,13,10.03,10.44,2,0.9993,0.2993304431438446,0.41,0.9583333333333334,0.9576625,bird-mixit
bkhgul,xc:946675,xc_946675,19,26.15,26.24,2,0.9975,0.09703096747398376,0.09,0.9545454545454546,0.952159090909091,bird-mixit
bkhgul,xc:484460,xc_484460,26,25.17,28.24,0,0.9494,0.02368169277906418,3.07,1.0,0.9494,bird-mixit
bkhgul,xc:484460,xc_484460,33,32.9,33.64,0,0.9769,0.013593324460089207,0.74,0.9710144927536232,0.9485840579710144,bird-mixit
bkhgul,xc:943182,xc_943182,8,8.97,9.35,0,0.9942,0.010905551724135876,0.38,0.95,0.9444899999999999,bird-mixit
bkhgul,xc:777784,xc_777784,17,11.26,12.06,2,0.9341,0.033510442823171616,0.8,1.0,0.9341,bird-mixit
bkhgul,xc:752720,xc_752720,24,13.59,13.98,0,0.9852,0.0169879999011755,0.39,0.9466666666666667,0.9326559999999999,bird-mixit
bkhgul,xc:752720,xc_752720,53,37.44,37.84,0,0.9684,0.018269352614879608,0.4,0.96,0.929664,bird-mixit
bkhgul,xc:539616,xc_539616,12,9.62,11.93,0,0.9972,0.053452540189027786,2.31,0.9285714285714286,0.9259714285714286,bird-mixit
bkhgul,xc:735929,xc_735929,5,3.44,3.89,2,0.9995,0.2725089490413666,0.45,0.9166666666666666,0.9162083333333334,bird-mixit
bkhgul,xc:777784,xc_777784,18,12.4,12.46,2,0.9665,0.02004915103316307,0.06,0.9473684210526315,0.9156315789473684,bird-mixit
bkhgul,xc:615791,xc_615791,1,0.46,0.84,1,0.993,0.04588894173502922,0.38,0.922077922077922,0.9156233766233766,bird-mixit
bkhgul,xc:484460,xc_484460,46,46.33,49.33,0,0.9286,0.020708514377474785,3.0,0.9855072463768116,0.9151420289855072,bird-mixit
bkhgul,xc:615791,xc_615791,18,23.14,24.43,0,0.927,0.08168236911296844,1.29,0.987012987012987,0.914961038961039,bird-mixit
bkhgul,xc:1011216,xc_1011216,1,5.62,8.55,0,0.988,0.0561087392270565,2.93,0.9230769230769231,0.912,bird-mixit
bkhgul,xc:525320,xc_525320,7,9.82,10.94,0,0.9994,0.10950956493616104,1.12,0.9090909090909091,0.9085454545454544,bird-mixit
bkhgul,xc:946675,xc_946675,18,25.95,26.07,2,0.9967,0.09265584498643875,0.12,0.9090909090909091,0.9060909090909091,bird-mixit
bkhgul,xc:943182,xc_943182,7,7.88,8.76,0,0.9949,0.010161853395402431,0.88,0.9,0.89541,bird-mixit
bkhgul,xc:539616,xc_539616,10,6.37,8.4,0,0.9966,0.04452120512723923,2.03,0.8928571428571429,0.8898214285714287,bird-mixit
bkhgul,xc:615791,xc_615791,17,19.38,22.7,0,0.889,0.08240914344787598,3.32,1.0,0.889,bird-mixit
bkhgul,xc:1065402,xc_1065402,1,1.11,1.63,0,0.9459,0.05967279151082039,0.52,0.9375,0.88678125,bird-mixit
bkhgul,xc:615791,xc_615791,71,88.77,89.31,1,0.9837,0.04443478584289551,0.54,0.8961038961038961,0.8814974025974026,bird-mixit
bkhgul,xc:94182,xc_94182,10,9.24,9.32,3,0.9857,0.08822865784168243,0.08,0.8888888888888888,0.8761777777777777,bird-mixit
bkhgul,xc:735929,xc_735929,23,15.74,15.85,2,0.9999,0.25472432374954224,0.11,0.875,0.8749125,bird-mixit
bktgul,xc:840768,xc_840768,89,97.13,97.77,0,1.0,0.011069955304265022,0.64,1.0,1.0,bird-mixit
bktgul,xc:840767,xc_840767,9,14.79,15.25,0,0.9999,0.011901555582880974,0.46,1.0,0.9999,bird-mixit
bktgul,xc:991489,xc_991489,15,5.17,5.58,2,0.9992,0.015794778242707253,0.41,1.0,0.9992,bird-mixit
bktgul,xc:892290,xc_892290,1,0.58,0.71,2,0.9991,0.09274014085531235,0.13,1.0,0.9991,bird-mixit
bktgul,xc:344933,xc_344933,20,31.8,32.3,3,0.9979,0.10558450222015381,0.5,1.0,0.9979,bird-mixit
bktgul,xc:344932,xc_344932,5,7.63,8.14,3,0.9976,0.10428164154291153,0.51,1.0,0.9976,bird-mixit
bktgul,xc:787497,xc_787497,3,11.94,17.01,2,0.9963,0.06604091078042984,5.07,1.0,0.9963,bird-mixit
bktgul,xc:286305,xc_286305,3,8.82,9.86,0,0.9955,0.07513626664876938,1.04,1.0,0.9955,bird-mixit
bktgul,xc:90299,xc_90299,1,8.04,8.91,2,0.9938,0.0671875923871994,0.87,1.0,0.9938,bird-mixit
bktgul,xc:840768,xc_840768,88,96.48,97.02,0,0.9999,0.009651879779994488,0.54,0.9936708860759493,0.9935715189873418,bird-mixit
bktgul,xc:627390,xc_627390,23,11.09,11.21,2,0.9935,0.02469453774392605,0.12,1.0,0.9935,bird-mixit
bktgul,xc:1008519,xc_1008519,76,50.97,51.48,0,0.9992,0.022572454065084457,0.51,0.9941860465116279,0.9933906976744186,bird-mixit
bktgul,xc:464604,xc_464604,23,17.48,17.82,0,0.9906,0.03427407145500183,0.34,1.0,0.9906,bird-mixit
bktgul,xc:1016634,xc_1016634,4,3.87,4.32,0,0.9889,0.024119270965456963,0.45,1.0,0.9889,bird-mixit
bktgul,xc:903942,xc_903942,4,3.11,3.88,0,0.9888,0.08264247328042984,0.77,1.0,0.9888,bird-mixit
bktgul,xc:840768,xc_840768,8,5.59,6.02,0,0.9999,0.008623404428362846,0.43,0.9873417721518988,0.9872430379746836,bird-mixit
bktgul,xc:839073,xc_839073,5,5.42,5.86,0,0.9997,0.012211674824357033,0.44,0.9836065573770492,0.9833114754098361,bird-mixit
bktgul,xc:464604,xc_464604,161,95.74,96.21,0,0.9936,0.03279108926653862,0.47,0.9891304347826086,0.9828,bird-mixit
bktgul,xc:1008519,xc_1008519,131,90.65,91.16,0,0.9997,0.016230005770921707,0.51,0.9825581395348837,0.9822633720930233,bird-mixit
bktgul,xc:840767,xc_840767,10,15.35,15.83,0,0.9905,0.011696922592818737,0.48,0.9873417721518988,0.9779620253164558,bird-mixit
bktgul,xc:1008519,xc_1008519,174,128.52,129.93,0,0.9998,0.015732694417238235,1.41,0.9767441860465116,0.9765488372093023,bird-mixit
bktgul,xc:840768,xc_840768,90,97.87,98.62,0,0.9999,0.007471810560673475,0.75,0.9746835443037974,0.9745860759493671,bird-mixit
bktgul,xc:839073,xc_839073,0,0.02,1.33,3,0.9739,0.013065882958471775,1.31,1.0,0.9739,bird-mixit
bktgul,xc:1008519,xc_1008519,72,47.85,48.46,3,0.9724,0.044585417956113815,0.61,1.0,0.9724,bird-mixit
bktgul,xc:1008519,xc_1008519,42,26.4,27.09,0,0.9992,0.015517088584601879,0.69,0.9709302325581395,0.9701534883720929,bird-mixit
bktgul,xc:840768,xc_840768,27,27.74,28.17,0,0.9999,0.007036032620817423,0.43,0.9683544303797469,0.9682575949367089,bird-mixit
bktgul,xc:464604,xc_464604,204,120.11,120.81,0,0.973,0.03318563103675842,0.7,0.9945652173913043,0.9677119565217391,bird-mixit
bktgul,xc:892290,xc_892290,28,24.41,25.35,2,0.9986,0.0865255743265152,0.94,0.96875,0.96739375,bird-mixit
bktgul,xc:464604,xc_464604,27,19.62,20.02,0,0.9807,0.02885417453944683,0.4,0.9836956521739131,0.9647103260869566,bird-mixit
bktgul,xc:344933,xc_344933,21,34.29,34.78,3,0.9956,0.0753655955195427,0.49,0.9523809523809523,0.9481904761904761,bird-mixit
bktgul,xc:286305,xc_286305,2,7.05,8.55,0,0.984,0.05601620301604271,1.5,0.9629629629629629,0.9475555555555555,bird-mixit
bktgul,xc:1016634,xc_1016634,21,23.2,24.05,0,0.9775,0.022749729454517365,0.85,0.9615384615384616,0.9399038461538463,bird-mixit
bktgul,xc:286306,xc_286306,0,0.04,8.04,0,0.9382,0.04209708422422409,8.0,1.0,0.9382,bird-mixit
bktgul,xc:892290,xc_892290,4,2.15,2.59,2,0.9981,0.07035606354475021,0.44,0.9375,0.9357187499999999,bird-mixit
bktgul,xc:627390,xc_627390,20,10.03,10.41,0,0.9581,0.016489308327436447,0.38,0.9682539682539683,0.9276841269841269,bird-mixit
bktgul,xc:464604,xc_464604,20,15.99,16.41,3,0.963,0.02047068625688553,0.42,0.9619565217391305,0.9263641304347826,bird-mixit
bktgul,xc:839073,xc_839073,16,16.02,16.43,0,0.9838,0.01022317260503769,0.41,0.9344262295081968,0.919288524590164,bird-mixit
bktgul,xc:991489,xc_991489,2,0.69,0.75,2,0.9995,0.009188487194478512,0.06,0.9166666666666666,0.9162083333333334,bird-mixit
bktgul,xc:286305,xc_286305,6,11.82,13.12,0,0.9834,0.04204919561743736,1.3,0.9259259259259259,0.9105555555555556,bird-mixit
bktgul,xc:1002546,xc_1002546,3,4.14,4.42,0,0.9101,0.01550366822630167,0.28,1.0,0.9101,bird-mixit
bktgul,xc:892290,xc_892290,0,0.11,0.17,2,0.9981,0.054504986852407455,0.06,0.90625,0.904528125,bird-mixit
bktgul,xc:1016634,xc_1016634,24,26.08,26.86,0,0.9798,0.02201967127621174,0.78,0.9230769230769231,0.9044307692307693,bird-mixit
bktgul,xc:840767,xc_840767,62,75.03,75.36,3,0.9768,0.007224101107567549,0.33,0.9240506329113924,0.9026126582278481,bird-mixit
bktgul,xc:344933,xc_344933,17,27.44,27.88,3,0.9964,0.0744103491306305,0.44,0.9047619047619048,0.9015047619047619,bird-mixit
bktgul,xc:266263,xc_266263,2,1.82,2.25,2,0.8965,0.041467342525720596,0.43,1.0,0.8965,bird-mixit
bktgul,xc:839073,xc_839073,3,2.99,3.39,3,0.9667,0.009503708221018314,0.4,0.9180327868852459,0.8874622950819673,bird-mixit
bktgul,xc:255478,xc_255478,0,0.02,8.02,3,0.8755,0.027434583753347397,8.0,1.0,0.8755,bird-mixit
bktgul,xc:892290,xc_892290,5,2.9,2.95,2,0.9965,0.04478677734732628,0.05,0.875,0.8719375,bird-mixit
bktgul,xc:627390,xc_627390,61,54.77,55.17,0,0.9436,0.012756828218698502,0.4,0.9206349206349206,0.8687111111111111,bird-mixit
bktgul,xc:839073,xc_839073,25,22.55,23.06,0,0.9976,0.008609144948422909,0.51,0.8688524590163934,0.8667672131147541,bird-mixit
bktgul,xc:1016634,xc_1016634,22,24.15,25.06,0,0.9796,0.022007441148161888,0.91,0.8846153846153846,0.8665692307692308,bird-mixit
bktgul,xc:627390,xc_627390,50,41.17,43.74,2,0.9207,0.014734289608895779,2.57,0.9365079365079365,0.8622428571428571,bird-mixit
bktgul,xc:344932,xc_344932,2,3.28,3.72,3,0.9956,0.07409046590328217,0.44,0.8571428571428571,0.8533714285714286,bird-mixit
bktgul,xc:344933,xc_344933,18,29.53,30.01,3,0.994,0.07188239693641663,0.48,0.8571428571428571,0.852,bird-mixit
bktgul,xc:286305,xc_286305,0,0.02,2.33,0,0.9479,0.032273150980472565,2.31,0.8888888888888888,0.8425777777777776,bird-mixit
bktgul,xc:903942,xc_903942,6,4.65,5.46,0,0.9795,0.08183182030916214,0.81,0.8571428571428571,0.8395714285714285,bird-mixit
bktgul,xc:1002546,xc_1002546,25,35.23,35.57,0,0.8713,0.012636837549507618,0.34,0.96,0.836448,bird-mixit
bktgul,xc:840767,xc_840767,11,15.94,16.43,0,0.9979,0.0050842417404055595,0.49,0.8354430379746836,0.8336886075949367,bird-mixit
bktgul,xc:991489,xc_991489,12,3.88,3.98,2,0.999,0.00893004983663559,0.1,0.8333333333333334,0.8325,bird-mixit
bktgul,xc:840767,xc_840767,23,39.7,40.13,3,0.9316,0.006020036991685629,0.43,0.8860759493670886,0.8254683544303797,bird-mixit
bktgul,xc:627390,xc_627390,36,19.11,20.53,1,0.8644,0.016016921028494835,1.42,0.9523809523809523,0.8232380952380951,bird-mixit
bktgul,xc:286305,xc_286305,5,10.32,11.63,0,0.9629,0.02874191664159298,1.31,0.8518518518518519,0.8202481481481482,bird-mixit
bktgul,xc:1016634,xc_1016634,23,25.29,25.97,0,0.9683,0.02024681121110916,0.68,0.8461538461538461,0.8193307692307693,bird-mixit
bktgul,xc:344933,xc_344933,10,13.5,13.92,3,0.9904,0.03725384175777435,0.42,0.8095238095238095,0.8017523809523809,bird-mixit
blakit1,xc:1026906,xc_1026906,74,70.35,72.53,0,0.9997,0.07135199755430222,2.18,1.0,0.9997,bird-mixit
blakit1,xc:192707,xc_192707,20,24.59,24.87,2,0.9995,0.04455030336976051,0.28,1.0,0.9995,bird-mixit
blakit1,xc:628280,xc_628280,8,12.17,12.3,2,0.9993,0.02204727753996849,0.13,1.0,0.9993,bird-mixit
blakit1,xc:139768,xc_139768,39,48.35,48.57,0,0.9989,0.12652504444122314,0.22,1.0,0.9989,bird-mixit
blakit1,xc:309401,xc_309401,18,47.47,49.12,0,0.9986,0.06795993447303772,1.65,1.0,0.9986,bird-mixit
blakit1,xc:138441,xc_138441,15,12.4,12.77,0,0.9985,0.1256939023733139,0.37,1.0,0.9985,bird-mixit
blakit1,xc:578427,xc_578427,32,36.89,37.62,0,0.9964,0.06398537009954453,0.73,1.0,0.9964,bird-mixit
blakit1,xc:807584,xc_807584,18,9.31,9.63,0,0.9957,0.025839880108833313,0.32,1.0,0.9957,bird-mixit
blakit1,xc:139768,xc_139768,36,46.46,46.7,0,0.9987,0.11931644380092621,0.24,0.9916666666666667,0.9903775,bird-mixit
blakit1,xc:1026906,xc_1026906,2,4.31,6.19,0,0.9997,0.06768124550580978,1.88,0.9894736842105263,0.9891768421052631,bird-mixit
blakit1,xc:796458,xc_796458,4,0.98,1.06,3,0.9868,0.004386633634567261,0.08,1.0,0.9868,bird-mixit
blakit1,xc:578427,xc_578427,28,32.17,32.93,0,0.9988,0.060758139938116074,0.76,0.975609756097561,0.9744390243902439,bird-mixit
blakit1,xc:139768,xc_139768,96,101.73,102.94,0,0.99,0.10994227230548859,1.21,0.9833333333333333,0.9734999999999999,bird-mixit
blakit1,xc:807584,xc_807584,42,36.01,36.25,0,0.9974,0.024289848282933235,0.24,0.975,0.9724649999999999,bird-mixit
blakit1,xc:120438,xc_120438,3,2.87,3.68,0,0.9719,0.05979343503713608,0.81,1.0,0.9719,bird-mixit
blakit1,xc:1026906,xc_1026906,50,45.28,47.47,0,0.9999,0.058713048696517944,2.19,0.968421052631579,0.9683242105263158,bird-mixit
blakit1,xc:309401,xc_309401,4,21.56,23.8,0,0.9918,0.053752537816762924,2.24,0.9736842105263158,0.9657,bird-mixit
blakit1,xc:139768,xc_139768,6,8.29,9.43,0,0.9974,0.09647607058286667,1.14,0.9666666666666667,0.9641533333333333,bird-mixit
blakit1,xc:139768,xc_139768,7,9.73,10.59,0,0.9879,0.09796345978975296,0.86,0.975,0.9632025,bird-mixit
blakit1,xc:138441,xc_138441,7,5.72,5.99,0,0.9987,0.1075579896569252,0.27,0.9545454545454546,0.9533045454545456,bird-mixit
blakit1,xc:896543,xc_896543,1,0.31,0.38,2,0.9515,0.002360695041716099,0.07,1.0,0.9515,bird-mixit
blakit1,xc:1026906,xc_1026906,67,61.42,63.43,0,0.9998,0.04097755253314972,2.01,0.9473684210526315,0.947178947368421,bird-mixit
blakit1,xc:807584,xc_807584,1,0.73,0.93,0,0.9942,0.018717456609010696,0.2,0.95,0.9444899999999999,bird-mixit
blakit1,xc:1026906,xc_1026906,73,67.78,69.9,0,0.9999,0.03948140889406204,2.12,0.9368421052631579,0.9367484210526316,bird-mixit
blakit1,xc:495129,xc_495129,11,20.31,22.37,0,0.935,0.016413750126957893,2.06,1.0,0.935,bird-mixit
blakit1,xc:994865,xc_994865,55,26.34,26.48,0,0.9392,0.014455623924732208,0.14,0.9821428571428571,0.9224285714285714,bird-mixit
blakit1,xc:807584,xc_807584,23,12.98,13.28,0,0.9922,0.018665554001927376,0.3,0.925,0.917785,bird-mixit
blakit1,xc:578427,xc_578427,40,45.77,47.17,0,0.9886,0.05463322624564171,1.4,0.926829268292683,0.9162634146341464,bird-mixit
blakit1,xc:309401,xc_309401,36,77.44,80.58,0,0.9605,0.05338649824261665,3.14,0.9473684210526315,0.9099473684210526,bird-mixit
blakit1,xc:493737,xc_493737,4,2.27,2.59,1,0.9066,0.01454264298081398,0.32,1.0,0.9066,bird-mixit
blakit1,xc:138441,xc_138441,14,11.51,12.04,1,0.9919,0.09328687936067581,0.53,0.9090909090909091,0.9017272727272727,bird-mixit
blakit1,xc:578427,xc_578427,22,24.58,25.97,0,0.9975,0.051174458116292953,1.39,0.9024390243902439,0.9001829268292684,bird-mixit
blakit1,xc:807584,xc_807584,47,41.19,41.41,0,0.9927,0.017687002196907997,0.22,0.9,0.8934300000000001,bird-mixit
blakit1,xc:994865,xc_994865,50,22.88,23.06,0,0.9238,0.013748942874372005,0.18,0.9642857142857143,0.8908071428571428,bird-mixit
blakit1,xc:493737,xc_493737,48,29.26,29.91,0,0.9061,0.012178126722574234,0.65,0.9714285714285714,0.8802114285714285,bird-mixit
blakit1,xc:994865,xc_994865,4,4.59,4.74,0,0.88,0.014626482501626015,0.15,1.0,0.88,bird-mixit
blakit1,xc:493737,xc_493737,49,30.13,30.89,0,0.9208,0.011867217719554901,0.76,0.9523809523809523,0.8769523809523808,bird-mixit
blakit1,xc:986303,xc_986303,12,7.72,7.83,2,0.9415,0.014320889487862587,0.11,0.9285714285714286,0.8742500000000001,bird-mixit
blakit1,xc:796458,xc_796458,8,4.22,4.35,3,0.9895,0.004259166307747364,0.13,0.875,0.8658125000000001,bird-mixit
blakit1,xc:994804,xc_994804,3,3.01,3.2,0,0.8631,0.017721232026815414,0.19,1.0,0.8631,bird-mixit
blakit1,xc:138441,xc_138441,10,7.55,7.8,0,0.9981,0.08867242932319641,0.25,0.8636363636363636,0.8619954545454546,bird-mixit
blakit1,xc:578427,xc_578427,33,37.95,38.74,0,0.9801,0.04375903680920601,0.79,0.8780487804878049,0.8605756097560976,bird-mixit
blakit1,xc:986303,xc_986303,9,5.0,5.13,2,0.9979,0.014105178415775299,0.13,0.8571428571428571,0.8553428571428571,bird-mixit
blakit1,xc:493737,xc_493737,47,28.18,29.13,0,0.8627,0.01279924251139164,0.95,0.9904761904761905,0.8544838095238095,bird-mixit
blakit1,xc:993943,xc_993943,2,2.72,2.88,1,0.9371,0.021887334063649178,0.16,0.9090909090909091,0.851909090909091,bird-mixit
blakit1,xc:994865,xc_994865,15,9.42,9.69,0,0.9162,0.01265662256628275,0.27,0.9285714285714286,0.8507571428571429,bird-mixit
blakit1,xc:493737,xc_493737,108,83.37,84.3,0,0.8794,0.012050967663526535,0.93,0.9619047619047619,0.8458990476190476,bird-mixit
blakit1,xc:986303,xc_986303,10,5.28,6.98,0,0.8316,0.029113246127963066,1.7,1.0,0.8316,bird-mixit
blakit1,xc:994865,xc_994865,39,18.45,18.68,0,0.8763,0.013645865954458714,0.23,0.9464285714285714,0.8293553571428571,bird-mixit
blakit1,xc:309401,xc_309401,24,56.28,59.05,0,0.8931,0.05120767652988434,2.77,0.9210526315789473,0.8225921052631578,bird-mixit
blakit1,xc:138441,xc_138441,20,14.66,15.72,0,0.9972,0.08726653456687927,1.06,0.8181818181818182,0.8158909090909091,bird-mixit
blakit1,xc:309401,xc_309401,2,15.74,20.04,1,0.9666,0.023213496431708336,4.3,0.8421052631578947,0.813978947368421,bird-mixit
blakit1,xc:192707,xc_192707,40,46.13,47.59,0,0.8336,0.022885600104928017,1.46,0.975,0.81276,bird-mixit
blakit1,xc:495129,xc_495129,12,24.39,24.51,2,0.9464,0.0111247468739748,0.12,0.8571428571428571,0.8111999999999999,bird-mixit
blakit1,xc:120438,xc_120438,0,1.0,1.7,0,0.9519,0.04340339079499245,0.7,0.8333333333333334,0.79325,bird-mixit
blakit1,xc:993943,xc_993943,6,5.51,6.9,0,0.7861,0.024117782711982727,1.39,1.0,0.7861,bird-mixit
blakit1,xc:628280,xc_628280,6,7.31,8.49,0,0.8783,0.014485330320894718,1.18,0.8888888888888888,0.780711111111111,bird-mixit
blakit1,xc:192707,xc_192707,39,44.35,44.45,2,0.9343,0.006538086105138063,0.1,0.825,0.7707975,bird-mixit
blakit1,xc:993943,xc_993943,4,3.44,3.51,1,0.9345,0.02002726122736931,0.07,0.8181818181818182,0.7645909090909091,bird-mixit
blakit1,xc:986303,xc_986303,11,7.35,7.42,2,0.9605,0.014042097143828869,0.07,0.7857142857142857,0.7546785714285714,bird-mixit
blakit1,xc:796458,xc_796458,3,0.72,0.88,3,0.9867,0.004135449416935444,0.16,0.75,0.740025,bird-mixit
blakit1,xc:192707,xc_192707,21,26.3,26.35,2,0.9512,0.006286345422267914,0.05,0.775,0.7371800000000001,bird-mixit
blakit1,xc:495129,xc_495129,0,0.02,3.61,0,0.768,0.013895858079195023,3.59,0.9523809523809523,0.7314285714285714,bird-mixit
blakit1,xc:192707,xc_192707,14,20.09,20.43,2,0.903,0.006286610383540392,0.34,0.8,0.7224,bird-mixit
blakit1,xc:896543,xc_896543,0,0.05,0.1,2,0.9428,0.0021066355984658003,0.05,0.75,0.7071,bird-mixit
blakit1,xc:628280,xc_628280,5,5.53,6.71,0,0.8761,0.01345503143966198,1.18,0.7777777777777778,0.6814111111111111,bird-mixit
blakit1,xc:986303,xc_986303,13,7.89,8.38,2,0.949,0.012955336831510067,0.49,0.7142857142857143,0.6778571428571428,bird-mixit
brebul1,xc:466085,xc_466085,1,1.02,3.9,0,0.9999,0.05041653662919998,2.88,1.0,0.9999,bird-mixit
brebul1,xc:915185,xc_915185,3,1.75,2.06,0,0.9999,0.029598278924822807,0.31,1.0,0.9999,bird-mixit
brebul1,xc:102459,xc_102459,16,11.73,12.33,2,0.9994,0.129990354180336,0.6,1.0,0.9994,bird-mixit
brebul1,xc:551615,xc_551615,22,18.38,18.69,3,0.9977,0.14139984548091888,0.31,1.0,0.9977,bird-mixit
brebul1,xc:891338,xc_891338,14,6.05,6.23,2,0.9951,0.017519040033221245,0.18,1.0,0.9951,bird-mixit
brebul1,xc:401344,xc_401344,10,9.77,10.13,0,0.9946,0.005339457653462887,0.36,1.0,0.9946,bird-mixit
brebul1,xc:551619,xc_551619,19,17.99,18.6,0,0.9944,0.10853632539510727,0.61,1.0,0.9944,bird-mixit
brebul1,xc:551617,xc_551617,3,1.33,2.21,0,0.994,0.06855395436286926,0.88,1.0,0.994,bird-mixit
brebul1,xc:551620,xc_551620,11,10.12,13.48,0,0.9928,0.0718763992190361,3.36,1.0,0.9928,bird-mixit
brebul1,xc:578805,xc_578805,22,25.32,26.56,0,0.9922,0.042349498718976974,1.24,1.0,0.9922,bird-mixit
brebul1,xc:834175,xc_834175,65,88.01,92.64,0,0.985,0.06276096403598785,4.63,1.0,0.985,bird-mixit
brebul1,xc:784921,xc_784921,26,16.05,17.06,2,0.9832,0.04849807918071747,1.01,1.0,0.9832,bird-mixit
brebul1,xc:155867,xc_155867,1,0.72,1.02,0,0.9808,0.12047841399908066,0.3,1.0,0.9808,bird-mixit
brebul1,xc:285857,xc_285857,1,1.85,2.93,0,0.9783,0.035932380706071854,1.08,1.0,0.9783,bird-mixit
brebul1,xc:200439,xc_200439,157,132.87,134.29,0,0.9887,0.012526722624897957,1.42,0.9827586206896551,0.9716534482758621,bird-mixit
brebul1,xc:200439,xc_200439,145,124.64,125.3,0,0.9929,0.012470133602619171,0.66,0.9770114942528736,0.9700747126436782,bird-mixit
brebul1,xc:464610,xc_464610,13,12.11,13.24,0,0.9947,0.026927096769213676,1.13,0.9736842105263158,0.9685236842105264,bird-mixit
brebul1,xc:102459,xc_102459,31,20.96,21.78,2,1.0,0.12386918812990189,0.82,0.967741935483871,0.967741935483871,bird-mixit
brebul1,xc:834175,xc_834175,40,54.99,55.84,1,0.9989,0.049059174954891205,0.85,0.96875,0.967684375,bird-mixit
brebul1,xc:200439,xc_200439,62,57.77,59.66,0,0.9951,0.011653848923742771,1.89,0.9712643678160919,0.9665051724137931,bird-mixit
brebul1,xc:155867,xc_155867,0,0.02,0.32,0,0.9798,0.1121831014752388,0.3,0.9848484848484849,0.9649545454545455,bird-mixit
brebul1,xc:200439,xc_200439,161,136.72,137.01,0,0.9961,0.011378705501556396,0.29,0.9655172413793104,0.9617517241379311,bird-mixit
brebul1,xc:834175,xc_834175,11,14.3,18.47,0,0.9701,0.062321800738573074,4.17,0.984375,0.9549421874999999,bird-mixit
brebul1,xc:578805,xc_578805,1,1.83,3.12,0,0.9844,0.026155276224017143,1.29,0.9696969696969697,0.9545696969696971,bird-mixit
brebul1,xc:551615,xc_551615,50,30.93,32.25,0,0.9818,0.06855826079845428,1.32,0.967741935483871,0.9501290322580646,bird-mixit
brebul1,xc:834175,xc_834175,0,1.13,5.22,0,0.9914,0.043270207941532135,4.09,0.953125,0.9449281249999999,bird-mixit
brebul1,xc:155867,xc_155867,2,1.39,1.67,0,0.9744,0.10698969662189484,0.28,0.9696969696969697,0.9448727272727273,bird-mixit
brebul1,xc:551615,xc_551615,68,41.23,42.22,0,0.9584,0.06985951215028763,0.99,0.9838709677419355,0.9429419354838711,bird-mixit
brebul1,xc:200439,xc_200439,133,113.32,114.93,0,0.9929,0.010733434930443764,1.61,0.9482758620689655,0.9415431034482759,bird-mixit
brebul1,xc:551619,xc_551619,20,18.67,19.21,0,0.991,0.0915694534778595,0.54,0.95,0.9414499999999999,bird-mixit
brebul1,xc:464610,xc_464610,5,5.03,6.79,0,0.9928,0.025243649259209633,1.76,0.9473684210526315,0.9405473684210526,bird-mixit
brebul1,xc:834175,xc_834175,48,69.71,70.57,1,0.9994,0.03895974159240723,0.86,0.9375,0.9369375,bird-mixit
brebul1,xc:102459,xc_102459,15,11.01,11.61,2,0.9951,0.09298834949731827,0.6,0.9354838709677419,0.9309,bird-mixit
brebul1,xc:551620,xc_551620,9,7.05,7.46,3,0.9964,0.044306714087724686,0.41,0.9333333333333333,0.9299733333333333,bird-mixit
brebul1,xc:155867,xc_155867,50,35.02,35.3,0,0.9885,0.06754226982593536,0.28,0.9393939393939394,0.9285909090909091,bird-mixit
brebul1,xc:285857,xc_285857,0,0.43,1.42,0,0.9815,0.035651352256536484,0.99,0.9444444444444444,0.9269722222222222,bird-mixit
brebul1,xc:915185,xc_915185,6,3.35,4.14,0,0.96,0.027848010882735252,0.79,0.9642857142857143,0.9257142857142857,bird-mixit
brebul1,xc:155867,xc_155867,3,2.06,2.35,0,0.969,0.07999616861343384,0.29,0.9545454545454546,0.9249545454545455,bird-mixit
brebul1,xc:245971,xc_245971,4,32.02,37.03,1,0.914,0.04536403343081474,5.01,1.0,0.914,bird-mixit
brebul1,xc:206723,xc_206723,4,5.26,6.5,0,0.9478,0.0559360608458519,1.24,0.9615384615384616,0.9113461538461538,bird-mixit
brebul1,xc:401344,xc_401344,24,30.33,30.7,0,0.9935,0.0048319026827812195,0.37,0.9166666666666666,0.9107083333333333,bird-mixit
brebul1,xc:891338,xc_891338,15,6.3,6.46,2,0.9501,0.010845491662621498,0.16,0.9583333333333334,0.9105125,bird-mixit
brebul1,xc:784921,xc_784921,4,2.8,3.96,2,0.9414,0.03604124113917351,1.16,0.9655172413793104,0.9089379310344828,bird-mixit
brebul1,xc:551615,xc_551615,3,1.24,3.1,1,0.9706,0.031408607959747314,1.86,0.9354838709677419,0.9079806451612903,bird-mixit
brebul1,xc:464610,xc_464610,11,10.0,11.44,0,0.982,0.022206680849194527,1.44,0.9210526315789473,0.9044736842105263,bird-mixit
brebul1,xc:102459,xc_102459,3,3.47,3.9,2,0.9999,0.09030072391033173,0.43,0.9032258064516129,0.9031354838709678,bird-mixit
brebul1,xc:784921,xc_784921,23,15.12,15.35,2,0.9661,0.032834578305482864,0.23,0.9310344827586207,0.8994724137931034,bird-mixit
brebul1,xc:915184,xc_915184,0,0.13,8.13,0,0.8964,0.06033211573958397,8.0,1.0,0.8964,bird-mixit
brebul1,xc:784921,xc_784921,28,18.23,18.38,2,0.9986,0.03168477863073349,0.15,0.896551724137931,0.895296551724138,bird-mixit
brebul1,xc:551619,xc_551619,14,13.34,13.96,0,0.9875,0.07927567511796951,0.62,0.9,0.88875,bird-mixit
brebul1,xc:551615,xc_551615,62,38.77,39.23,2,0.9637,0.013471662998199463,0.46,0.9193548387096774,0.8859822580645161,bird-mixit
brebul1,xc:464610,xc_464610,33,29.67,32.25,0,0.988,0.02007247507572174,2.58,0.8947368421052632,0.884,bird-mixit
brebul1,xc:578805,xc_578805,14,15.49,17.08,3,0.967,0.01777431182563305,1.59,0.9090909090909091,0.879090909090909,bird-mixit
brebul1,xc:102459,xc_102459,17,12.38,12.9,2,0.9999,0.08883896470069885,0.52,0.8709677419354839,0.8708806451612904,bird-mixit
brebul1,xc:401344,xc_401344,14,15.69,16.1,0,0.9941,0.004633406642824411,0.41,0.875,0.8698375,bird-mixit
brebul1,xc:285857,xc_285857,7,5.09,6.6,0,0.9715,0.03533339872956276,1.51,0.8888888888888888,0.8635555555555555,bird-mixit
brebul1,xc:915185,xc_915185,2,1.33,1.59,0,0.9994,0.015732817351818085,0.26,0.8571428571428571,0.8566285714285713,bird-mixit
brebul1,xc:401344,xc_401344,12,11.99,12.74,0,0.8889,0.005249714944511652,0.75,0.9583333333333334,0.8518625000000001,bird-mixit
brebul1,xc:206723,xc_206723,0,0.32,2.65,0,0.8518,0.06081942841410637,2.33,1.0,0.8518,bird-mixit
brebul1,xc:551620,xc_551620,12,13.58,14.38,0,0.9796,0.04092243313789368,0.8,0.8666666666666667,0.8489866666666667,bird-mixit
brebul1,xc:578805,xc_578805,16,18.41,19.32,3,0.9648,0.01739584095776081,0.91,0.8787878787878788,0.8478545454545454,bird-mixit
brebul1,xc:915185,xc_915185,12,8.3,9.02,0,0.9467,0.01657146029174328,0.72,0.8928571428571429,0.8452678571428571,bird-mixit
brebul1,xc:551619,xc_551619,16,15.1,16.66,0,0.9873,0.07337097078561783,1.56,0.85,0.839205,bird-mixit
brebul1,xc:464610,xc_464610,27,25.28,25.73,0,0.9877,0.0172103401273489,0.45,0.8421052631578947,0.8317473684210526,bird-mixit
brebul1,xc:206723,xc_206723,17,17.46,17.96,0,0.9703,0.039027053862810135,0.5,0.8461538461538461,0.821023076923077,bird-mixit
brebul1,xc:915185,xc_915185,11,7.58,7.93,0,0.999,0.015455367043614388,0.35,0.8214285714285714,0.8206071428571429,bird-mixit
brebul1,xc:401344,xc_401344,6,7.07,7.64,0,0.9778,0.004214180633425713,0.57,0.8333333333333334,0.8148333333333334,bird-mixit
brebul1,xc:784921,xc_784921,5,4.11,5.04,2,0.9341,0.027315987274050713,0.93,0.8620689655172413,0.8052586206896551,bird-mixit
brebul1,xc:551620,xc_551620,8,6.57,6.96,3,0.9952,0.03721925616264343,0.39,0.8,0.79616,bird-mixit
brebul1,xc:551619,xc_551619,17,16.86,17.49,0,0.9826,0.06149035319685936,0.63,0.8,0.7860800000000001,bird-mixit
brebul1,xc:578805,xc_578805,15,17.17,18.18,3,0.9544,0.015565076842904091,1.01,0.8181818181818182,0.7808727272727274,bird-mixit
brebul1,xc:915184,xc_915184,4,16.76,18.18,0,0.9954,0.02294711396098137,1.42,0.7692307692307693,0.7656923076923077,bird-mixit
buhshr1,xc:842854,xc_842854,26,41.54,41.59,2,0.9999,0.4301358163356781,0.05,1.0,0.9999,bird-mixit
buhshr1,xc:762423,xc_762423,6,6.46,9.44,0,0.9999,0.06563783437013626,2.98,1.0,0.9999,bird-mixit
buhshr1,xc:661928,xc_661928,0,0.27,5.54,0,0.9954,0.12220074236392975,5.27,1.0,0.9954,bird-mixit
buhshr1,xc:635573,xc_635573,7,3.94,4.09,2,0.9938,0.007458950858563185,0.15,1.0,0.9938,bird-mixit
buhshr1,xc:793925,xc_793925,9,14.54,17.14,0,0.9911,0.02584988996386528,2.6,1.0,0.9911,bird-mixit
buhshr1,xc:954180,xc_954180,42,17.47,17.73,0,0.9892,0.030460933223366737,0.26,1.0,0.9892,bird-mixit
buhshr1,xc:194693,xc_194693,4,3.01,3.31,0,0.9878,0.059733133763074875,0.3,1.0,0.9878,bird-mixit
buhshr1,xc:505447,xc_505447,4,4.24,6.62,0,0.9832,0.04594637081027031,2.38,1.0,0.9832,bird-mixit
buhshr1,xc:609435,xc_609435,1,0.26,8.26,0,0.9799,0.03446727991104126,8.0,1.0,0.9799,bird-mixit
buhshr1,xc:1052423,xc_1052423,29,14.8,14.94,0,0.9786,0.01324040349572897,0.14,1.0,0.9786,bird-mixit
buhshr1,xc:954180,xc_954180,5,3.0,3.13,0,0.9951,0.027044976130127907,0.13,0.9767441860465116,0.9719581395348836,bird-mixit
buhshr1,xc:793918,xc_793918,9,11.16,12.07,1,0.9963,0.009409377351403236,0.91,0.975,0.9713925,bird-mixit
buhshr1,xc:88961,xc_88961,5,1.88,2.63,1,0.9703,0.11152022331953049,0.75,1.0,0.9703,bird-mixit
buhshr1,xc:762423,xc_762423,18,24.93,26.45,0,1.0,0.04412118345499039,1.52,0.9615384615384616,0.9615384615384616,bird-mixit
buhshr1,xc:842854,xc_842854,20,39.44,39.72,2,0.9999,0.4224860668182373,0.28,0.96,0.959904,bird-mixit
buhshr1,xc:841025,xc_841025,17,7.31,7.47,0,0.957,0.049125444144010544,0.16,1.0,0.957,bird-mixit
buhshr1,xc:1052423,xc_1052423,30,15.68,15.79,0,0.9758,0.011846187524497509,0.11,0.9761904761904762,0.9525666666666667,bird-mixit
buhshr1,xc:194693,xc_194693,3,2.15,2.87,0,0.9836,0.05863431096076965,0.72,0.9565217391304348,0.9408347826086957,bird-mixit
buhshr1,xc:1052423,xc_1052423,10,4.77,4.9,0,0.9872,0.01146732922643423,0.13,0.9523809523809523,0.9401904761904761,bird-mixit
buhshr1,xc:954180,xc_954180,41,17.07,17.39,0,0.9839,0.022908352315425873,0.32,0.9534883720930233,0.9381372093023256,bird-mixit
buhshr1,xc:954180,xc_954180,44,18.21,18.35,0,0.9952,0.022655002772808075,0.14,0.9302325581395349,0.9257674418604651,bird-mixit
buhshr1,xc:635573,xc_635573,3,1.5,1.63,2,0.9918,0.006470325868576765,0.13,0.9333333333333333,0.9256800000000001,bird-mixit
buhshr1,xc:794803,xc_794803,16,32.22,32.72,0,0.98,0.0024865197483450174,0.5,0.9444444444444444,0.9255555555555555,bird-mixit
buhshr1,xc:793918,xc_793918,4,4.77,5.75,1,0.9944,0.008781825192272663,0.98,0.925,0.91982,bird-mixit
buhshr1,xc:842854,xc_842854,22,40.04,40.13,2,0.9993,0.4193449914455414,0.09,0.92,0.9193560000000001,bird-mixit
buhshr1,xc:793926,xc_793926,0,0.02,1.27,1,0.9953,0.013108784332871437,1.25,0.9230769230769231,0.9187384615384615,bird-mixit
buhshr1,xc:793925,xc_793925,3,3.51,7.25,0,0.9797,0.023465296253561974,3.74,0.9375,0.9184687500000001,bird-mixit
buhshr1,xc:762423,xc_762423,3,1.35,3.48,0,0.9947,0.03354830667376518,2.13,0.9230769230769231,0.9181846153846155,bird-mixit
buhshr1,xc:260142,xc_260142,16,16.22,20.62,0,0.9168,0.0287281796336174,4.4,1.0,0.9168,bird-mixit
buhshr1,xc:661928,xc_661928,1,6.74,8.64,0,0.9962,0.05141744762659073,1.9,0.9166666666666666,0.9131833333333332,bird-mixit
buhshr1,xc:793918,xc_793918,13,20.82,21.03,0,0.9068,0.012031365185976028,0.21,1.0,0.9068,bird-mixit
buhshr1,xc:1052423,xc_1052423,24,13.11,13.23,0,0.9755,0.011128446087241173,0.12,0.9285714285714286,0.9058214285714287,bird-mixit
buhshr1,xc:954180,xc_954180,9,4.88,5.04,0,0.9935,0.021173596382141113,0.16,0.9069767441860465,0.9010813953488372,bird-mixit
buhshr1,xc:841025,xc_841025,20,10.05,10.22,0,0.9783,0.037139642983675,0.17,0.918918918918919,0.8989783783783784,bird-mixit
buhshr1,xc:793918,xc_793918,11,13.82,15.19,1,0.9944,0.008627252653241158,1.37,0.9,0.89496,bird-mixit
buhshr1,xc:194693,xc_194693,7,4.42,4.74,0,0.9773,0.05073658749461174,0.32,0.9130434782608695,0.8923173913043477,bird-mixit
buhshr1,xc:794803,xc_794803,0,0.02,4.32,0,0.8909,0.0033184264320880175,4.3,1.0,0.8909,bird-mixit
buhshr1,xc:1052423,xc_1052423,22,11.96,12.07,0,0.9813,0.010813968256115913,0.11,0.9047619047619048,0.8878428571428572,bird-mixit
buhshr1,xc:762423,xc_762423,19,27.31,29.03,0,1.0,0.03269372135400772,1.72,0.8846153846153846,0.8846153846153846,bird-mixit
buhshr1,xc:793926,xc_793926,1,2.91,3.14,0,0.8846,0.017125917598605156,0.23,1.0,0.8846,bird-mixit
buhshr1,xc:842854,xc_842854,27,42.12,42.18,2,0.9997,0.38131025433540344,0.06,0.88,0.8797360000000001,bird-mixit
buhshr1,xc:793918,xc_793918,17,26.66,26.91,0,0.9253,0.00918778870254755,0.25,0.95,0.879035,bird-mixit
buhshr1,xc:88961,xc_88961,6,3.06,3.64,1,0.9711,0.10278696566820145,0.58,0.9,0.8739899999999999,bird-mixit
buhshr1,xc:841025,xc_841025,16,6.58,6.76,0,0.8973,0.04318656399846077,0.18,0.972972972972973,0.8730486486486487,bird-mixit
buhshr1,xc:841025,xc_841025,25,12.88,13.05,0,0.9727,0.035139065235853195,0.17,0.8918918918918919,0.8675432432432433,bird-mixit
buhshr1,xc:794803,xc_794803,15,28.0,32.04,0,0.974,0.002463565208017826,4.04,0.8888888888888888,0.8657777777777778,bird-mixit
buhshr1,xc:635573,xc_635573,10,5.09,5.16,2,0.992,0.006248649209737778,0.07,0.8666666666666667,0.8597333333333333,bird-mixit
buhshr1,xc:260142,xc_260142,7,5.24,10.27,0,0.9266,0.02065536007285118,5.03,0.926829268292683,0.8588,bird-mixit
buhshr1,xc:793925,xc_793925,7,9.67,12.01,0,0.9788,0.019885191693902016,2.34,0.875,0.85645,bird-mixit
buhshr1,xc:194693,xc_194693,5,3.71,4.0,0,0.974,0.05020984634757042,0.29,0.8695652173913043,0.8469565217391304,bird-mixit
buhshr1,xc:762423,xc_762423,21,30.04,31.23,0,1.0,0.03186773881316185,1.19,0.8461538461538461,0.8461538461538461,bird-mixit
buhshr1,xc:793926,xc_793926,6,18.01,19.83,1,0.9959,0.011095687747001648,1.82,0.8461538461538461,0.8426846153846154,bird-mixit
buhshr1,xc:841025,xc_841025,18,8.2,8.39,0,0.8882,0.038276202976703644,0.19,0.9459459459459459,0.8401891891891892,bird-mixit
buhshr1,xc:842854,xc_842854,23,40.18,40.79,2,0.9988,0.33064335584640503,0.61,0.84,0.838992,bird-mixit
buhshr1,xc:782307,xc_782307,4,6.47,7.46,0,0.8348,0.0031923672650009394,0.99,1.0,0.8348,bird-mixit
buhshr1,xc:260142,xc_260142,10,11.83,13.81,0,0.853,0.02630692534148693,1.98,0.975609756097561,0.8321951219512195,bird-mixit
buhshr1,xc:661928,xc_661928,3,14.07,15.21,0,0.9957,0.04807368293404579,1.14,0.8333333333333334,0.8297500000000001,bird-mixit
buhshr1,xc:260142,xc_260142,20,23.22,23.75,3,0.9818,0.014412038028240204,0.53,0.8292682926829268,0.8141756097560975,bird-mixit
buhshr1,xc:260142,xc_260142,9,10.72,11.75,0,0.9256,0.018953369930386543,1.03,0.8780487804878049,0.8127219512195122,bird-mixit
buhshr1,xc:505447,xc_505447,2,0.68,2.9,0,0.9743,0.036275334656238556,2.22,0.8333333333333334,0.8119166666666667,bird-mixit
buhshr1,xc:194693,xc_194693,8,4.89,5.23,0,0.9785,0.04899925738573074,0.34,0.8260869565217391,0.8083260869565217,bird-mixit
buhshr1,xc:194870,xc_194870,0,0.02,8.02,0,0.7953,0.023054853081703186,8.0,1.0,0.7953,bird-mixit
buhshr1,xc:782307,xc_782307,1,0.84,5.79,0,0.9906,0.0024798798840492964,4.95,0.8,0.7924800000000001,bird-mixit
buhshr1,xc:635573,xc_635573,6,2.67,3.81,2,0.9836,0.005915538407862186,1.14,0.8,0.78688,bird-mixit
buhshr1,xc:793925,xc_793925,0,0.02,0.43,0,0.9631,0.018470317125320435,0.41,0.8125,0.7825187499999999,bird-mixit
buhshr1,xc:793926,xc_793926,5,13.92,16.81,1,0.9944,0.010443474166095257,2.89,0.7692307692307693,0.7649230769230769,bird-mixit
buhshr1,xc:88961,xc_88961,1,0.17,1.1,1,0.9492,0.08157632499933243,0.93,0.8,0.75936,bird-mixit
buhshr1,xc:794952,xc_794952,9,14.94,18.78,0,0.9186,0.002874467521905899,3.84,0.8181818181818182,0.7515818181818182,bird-mixit
buhshr1,xc:793925,xc_793925,12,19.4,21.61,0,0.9852,0.016544712707400322,2.21,0.75,0.7389,bird-mixit
buhshr1,xc:794803,xc_794803,3,7.42,8.59,0,0.8675,0.002369794063270092,1.17,0.8333333333333334,0.7229166666666668,bird-mixit
buhshr1,xc:661928,xc_661928,7,23.39,26.14,0,0.9596,0.040095530450344086,2.75,0.75,0.7197,bird-mixit
buhshr1,xc:609435,xc_609435,2,8.26,16.26,0,0.959,0.03269197791814804,8.0,0.75,0.71925,bird-mixit
buhshr1,xc:635573,xc_635573,9,4.46,4.65,2,0.9736,0.0037367925979197025,0.19,0.7333333333333333,0.7139733333333333,bird-mixit
buhshr1,xc:88961,xc_88961,2,1.16,1.28,2,0.9889,0.05029338598251343,0.12,0.7,0.69223,bird-mixit
buhshr1,xc:793926,xc_793926,13,31.02,32.64,1,0.9963,0.010435064323246479,1.62,0.6923076923076923,0.6897461538461538,bird-mixit
burthr,xc:134330,xc_134330,85,73.25,75.36,0,0.9995,0.08186616003513336,2.11,1.0,0.9995,bird-mixit
burthr,xc:916327,xc_916327,27,16.93,17.98,0,0.9991,0.05304167419672012,1.05,1.0,0.9991,bird-mixit
burthr,xc:921485,xc_921485,3,3.69,4.15,0,0.9989,0.06970686465501785,0.46,1.0,0.9989,bird-mixit
burthr,xc:474444,xc_474444,7,17.65,20.43,0,0.9986,0.0994114950299263,2.78,1.0,0.9986,bird-mixit
burthr,xc:411661,xc_411661,5,2.98,4.63,0,0.9968,0.13600800931453705,1.65,1.0,0.9968,bird-mixit
burthr,xc:1063823,xc_1063823,6,1.91,2.05,1,0.9953,0.042343080043792725,0.14,1.0,0.9953,bird-mixit
burthr,xc:916327,xc_916327,21,14.33,15.17,0,0.9991,0.052912261337041855,0.84,0.9959677419354839,0.9950713709677419,bird-mixit
burthr,xc:916327,xc_916327,168,107.76,108.55,0,0.999,0.05223829299211502,0.79,0.9919354838709677,0.9909435483870968,bird-mixit
burthr,xc:1023727,xc_1023727,56,41.27,43.23,0,0.9909,0.009580761194229126,1.96,1.0,0.9909,bird-mixit
burthr,xc:472199,xc_472199,172,82.57,82.64,2,0.9906,0.05394728109240532,0.07,1.0,0.9906,bird-mixit
burthr,xc:310120,xc_310120,76,68.23,68.4,0,0.9906,0.02900700457394123,0.17,1.0,0.9906,bird-mixit
burthr,xc:134330,xc_134330,99,89.23,91.3,0,0.9991,0.0739317536354065,2.07,0.989010989010989,0.9881208791208792,bird-mixit
burthr,xc:916327,xc_916327,18,11.72,12.41,0,0.9991,0.05196588486433029,0.69,0.9879032258064516,0.9870141129032258,bird-mixit
burthr,xc:417711,xc_417711,117,142.0,143.39,0,0.9952,0.03654122352600098,1.39,0.9914529914529915,0.986694017094017,bird-mixit
burthr,xc:1023727,xc_1023727,93,73.49,74.01,0,0.9973,0.008682696148753166,0.52,0.9891304347826086,0.9864597826086956,bird-mixit
burthr,xc:972364,xc_972364,24,32.3,32.56,2,0.9862,0.04749654605984688,0.26,1.0,0.9862,bird-mixit
burthr,xc:916327,xc_916327,199,126.54,127.68,0,0.9984,0.049740880727767944,1.14,0.9838709677419355,0.9822967741935483,bird-mixit
burthr,xc:480601,xc_480601,44,27.95,28.75,0,0.9796,0.004955376032739878,0.8,1.0,0.9796,bird-mixit
burthr,xc:148436,xc_148436,30,11.68,14.35,0,0.9786,0.09378551691770554,2.67,1.0,0.9786,bird-mixit
burthr,xc:417711,xc_417711,46,62.13,65.39,0,0.9944,0.036180444061756134,3.26,0.9829059829059829,0.9774017094017093,bird-mixit
burthr,xc:134325,xc_134325,70,132.41,135.52,0,0.9772,0.0872776210308075,3.11,1.0,0.9772,bird-mixit
burthr,xc:134330,xc_134330,21,12.86,14.74,0,0.9984,0.07042235136032104,1.88,0.978021978021978,0.9764571428571428,bird-mixit
burthr,xc:1023727,xc_1023727,46,27.98,29.09,0,0.9958,0.007883363403379917,1.11,0.9782608695652174,0.9741521739130435,bird-mixit
burthr,xc:310120,xc_310120,73,65.84,66.51,0,0.9794,0.028410477563738823,0.67,0.990909090909091,0.9704963636363637,bird-mixit
burthr,xc:148436,xc_148436,3,0.66,2.07,0,0.9938,0.06732737272977829,1.41,0.975609756097561,0.9695609756097561,bird-mixit
burthr,xc:474444,xc_474444,13,28.26,29.83,0,0.9962,0.08300729840993881,1.57,0.9714285714285714,0.9677371428571429,bird-mixit
burthr,xc:472199,xc_472199,158,76.96,77.21,0,0.9847,0.018553543835878372,0.25,0.9820359281437125,0.9670107784431138,bird-mixit
burthr,xc:134330,xc_134330,95,83.94,85.48,0,0.9991,0.06746033579111099,1.54,0.967032967032967,0.9661626373626374,bird-mixit
burthr,xc:310120,xc_310120,25,19.11,20.46,0,0.984,0.027368679642677307,1.35,0.9818181818181818,0.9661090909090909,bird-mixit
burthr,xc:743862,xc_743862,86,80.16,81.13,0,0.9879,0.014657717198133469,0.97,0.9770114942528736,0.9651896551724138,bird-mixit
burthr,xc:411661,xc_411661,38,21.13,22.67,0,0.9896,0.11927734315395355,1.54,0.9743589743589743,0.964225641025641,bird-mixit
burthr,xc:1023727,xc_1023727,81,61.26,62.39,0,0.9962,0.007851392962038517,1.13,0.967391304347826,0.9637152173913043,bird-mixit
burthr,xc:1063823,xc_1063823,26,15.81,15.87,3,0.9829,0.019907167181372643,0.06,0.9787234042553191,0.9619872340425532,bird-mixit
burthr,xc:972364,xc_972364,16,21.17,21.55,2,0.9988,0.040651585906744,0.38,0.9629629629629629,0.9618074074074073,bird-mixit
burthr,xc:134330,xc_134330,4,5.07,6.38,0,0.9986,0.0649024099111557,1.31,0.9560439560439561,0.9547054945054946,bird-mixit
burthr,xc:1023727,xc_1023727,98,79.42,79.98,0,0.9924,0.007761622313410044,0.56,0.9565217391304348,0.9492521739130435,bird-mixit
burthr,xc:310120,xc_310120,102,98.35,100.73,0,0.9843,0.02610177733004093,2.38,0.9636363636363636,0.9485072727272726,bird-mixit
burthr,xc:417711,xc_417711,79,100.43,104.87,0,0.9986,0.02836919017136097,4.44,0.9487179487179487,0.9473897435897436,bird-mixit
burthr,xc:743862,xc_743862,73,63.5,65.51,0,0.9578,0.016285328194499016,2.01,0.9885057471264368,0.9467908045977012,bird-mixit
burthr,xc:743862,xc_743862,2,5.44,8.2,0,0.9461,0.017435917630791664,2.76,1.0,0.9461,bird-mixit
burthr,xc:743862,xc_743862,85,79.89,80.07,0,0.9894,0.014221624471247196,0.18,0.9540229885057471,0.9439103448275861,bird-mixit
burthr,xc:310120,xc_310120,97,91.66,92.97,0,0.9878,0.02576696313917637,1.31,0.9545454545454546,0.9429000000000001,bird-mixit
burthr,xc:721760,xc_721760,3,8.94,10.36,0,0.9408,0.004359890706837177,1.42,1.0,0.9408,bird-mixit
burthr,xc:285868,xc_285868,5,5.72,7.47,0,0.9406,0.014778044074773788,1.75,1.0,0.9406,bird-mixit
burthr,xc:411661,xc_411661,18,11.41,13.03,0,0.9894,0.10457711666822433,1.62,0.9487179487179487,0.9386615384615383,bird-mixit
burthr,xc:480601,xc_480601,9,5.27,5.63,0,0.9712,0.003952516708523035,0.36,0.9649122807017544,0.9371228070175438,bird-mixit
burthr,xc:417711,xc_417711,60,77.57,81.0,0,0.9943,0.027528906241059303,3.43,0.9401709401709402,0.9348119658119658,bird-mixit
burthr,xc:417711,xc_417711,123,150.64,152.88,0,0.9741,0.030552938580513,2.24,0.9572649572649573,0.9324717948717949,bird-mixit
burthr,xc:472199,xc_472199,26,11.91,12.34,0,0.9516,0.017606735229492188,0.43,0.9760479041916168,0.9288071856287425,bird-mixit
burthr,xc:972364,xc_972364,25,32.68,32.77,2,0.9981,0.028574921190738678,0.09,0.9259259259259259,0.9241666666666667,bird-mixit
burthr,xc:1063823,xc_1063823,18,11.11,11.35,1,0.9514,0.01410653255879879,0.24,0.9680851063829787,0.921036170212766,bird-mixit
burthr,xc:472199,xc_472199,96,46.58,46.73,2,0.9893,0.013721947558224201,0.15,0.9281437125748503,0.9182125748502994,bird-mixit
burthr,xc:472199,xc_472199,119,56.33,56.77,0,0.9819,0.014182930812239647,0.44,0.9341317365269461,0.9172239520958084,bird-mixit
burthr,xc:480601,xc_480601,17,12.14,12.42,0,0.9675,0.0038938489742577076,0.28,0.9473684210526315,0.916578947368421,bird-mixit
burthr,xc:148436,xc_148436,16,5.24,6.49,0,0.9883,0.04176199063658714,1.25,0.926829268292683,0.9159853658536585,bird-mixit
burthr,xc:480601,xc_480601,58,40.81,40.92,3,0.9797,0.0037627173587679863,0.11,0.9298245614035088,0.9109491228070176,bird-mixit
burthr,xc:743862,xc_743862,3,8.3,9.01,0,0.9397,0.014392159879207611,0.71,0.9655172413793104,0.9072965517241379,bird-mixit
burthr,xc:411661,xc_411661,44,29.7,31.62,0,0.9812,0.08401788771152496,1.92,0.9230769230769231,0.905723076923077,bird-mixit
burthr,xc:480601,xc_480601,57,40.6,40.7,3,0.9755,0.003651899518445134,0.1,0.9122807017543859,0.8899298245614035,bird-mixit
burthr,xc:972364,xc_972364,15,20.92,21.0,2,0.9965,0.027761859819293022,0.08,0.8888888888888888,0.8857777777777778,bird-mixit
burthr,xc:134325,xc_134325,20,84.62,89.38,0,0.9062,0.048848334699869156,4.76,0.9705882352941176,0.8795470588235295,bird-mixit
burthr,xc:148436,xc_148436,40,23.82,24.01,3,0.9718,0.03507383167743683,0.19,0.9024390243902439,0.8769902439024391,bird-mixit
burthr,xc:697948,xc_697948,2,0.59,4.06,0,0.8746,0.05133958160877228,3.47,1.0,0.8746,bird-mixit
burthr,xc:474444,xc_474444,1,5.84,8.7,0,0.9534,0.06892695277929306,2.86,0.9142857142857143,0.87168,bird-mixit
burthr,xc:697948,xc_697948,13,11.68,12.44,3,0.99,0.015779247507452965,0.76,0.875,0.86625,bird-mixit
burthr,xc:987385,xc_987385,14,10.18,13.1,0,0.8652,0.003429934149608016,2.92,1.0,0.8652,bird-mixit
burthr,xc:134325,xc_134325,21,89.45,97.45,0,0.8781,0.05399320647120476,8.0,0.9852941176470589,0.8651867647058824,bird-mixit
burthr,xc:285868,xc_285868,2,4.14,4.82,0,0.9605,0.014165930449962616,0.68,0.9,0.86445,bird-mixit
burthr,xc:1063823,xc_1063823,14,6.87,7.2,1,0.8723,0.02408355474472046,0.33,0.9893617021276596,0.8630202127659574,bird-mixit
burthr,xc:1063823,xc_1063823,30,17.77,18.31,0,0.9319,0.00994164776057005,0.54,0.925531914893617,0.8625031914893616,bird-mixit
burthr,xc:134325,xc_134325,8,2.75,4.8,0,0.9159,0.04016181826591492,2.05,0.9411764705882353,0.8620235294117647,bird-mixit
burthr,xc:987385,xc_987385,18,15.37,15.5,0,0.9125,0.0028221886605024338,0.13,0.9333333333333333,0.8516666666666667,bird-mixit
burthr,xc:921485,xc_921485,2,2.06,2.69,0,0.9928,0.06808280944824219,0.63,0.8571428571428571,0.8509714285714285,bird-mixit
burthr,xc:411661,xc_411661,37,20.86,21.07,0,0.9758,0.0570056214928627,0.21,0.8717948717948718,0.850697435897436,bird-mixit
burthr,xc:972364,xc_972364,2,1.44,1.49,2,0.9972,0.02608923614025116,0.05,0.8518518518518519,0.8494666666666667,bird-mixit
carcro1,xc:678776,xc_678776,3,2.36,2.7,0,0.9999,0.04822607710957527,0.34,1.0,0.9999,bird-mixit
carcro1,xc:509842,xc_509842,2,1.79,2.33,0,0.9999,0.06749097257852554,0.54,1.0,0.9999,bird-mixit
carcro1,xc:576943,xc_576943,15,14.59,15.17,0,0.9998,0.12524521350860596,0.58,1.0,0.9998,bird-mixit
carcro1,xc:411472,xc_411472,1,1.11,1.95,0,0.9997,0.08027710765600204,0.84,1.0,0.9997,bird-mixit
carcro1,xc:936225,xc_936225,6,5.57,6.24,0,0.999,0.03977316617965698,0.67,1.0,0.999,bird-mixit
carcro1,xc:758902,xc_758902,11,9.23,11.07,0,0.9989,0.01542968861758709,1.84,1.0,0.9989,bird-mixit
carcro1,xc:536578,xc_536578,5,1.82,3.73,0,0.9987,0.11973177641630173,1.91,1.0,0.9987,bird-mixit
carcro1,xc:635134,xc_635134,1,0.38,3.44,0,0.9978,0.04177040606737137,3.06,1.0,0.9978,bird-mixit
carcro1,xc:490186,xc_490186,5,10.67,18.67,0,0.9976,0.05264481157064438,8.0,1.0,0.9976,bird-mixit
carcro1,xc:745101,xc_745101,45,36.86,37.22,0,0.9964,0.060755692422389984,0.36,1.0,0.9964,bird-mixit
carcro1,xc:556994,xc_556994,4,4.76,5.47,0,0.9948,0.03624908626079559,0.71,1.0,0.9948,bird-mixit
carcro1,xc:745101,xc_745101,192,160.49,160.83,0,0.9939,0.05558769777417183,0.34,0.9948717948717949,0.9888030769230769,bird-mixit
carcro1,xc:785592,xc_785592,0,0.1,1.1,0,0.9887,0.07784008234739304,1.0,1.0,0.9887,bird-mixit
carcro1,xc:745101,xc_745101,28,20.69,21.03,0,0.9944,0.05032006651163101,0.34,0.9897435897435898,0.9842010256410256,bird-mixit
carcro1,xc:879243,xc_879243,0,0.02,2.78,0,0.9771,0.07426010817289352,2.76,1.0,0.9771,bird-mixit
carcro1,xc:745101,xc_745101,64,51.15,51.52,0,0.9921,0.048984166234731674,0.37,0.9846153846153847,0.9768369230769232,bird-mixit
carcro1,xc:1079008,xc_1079008,2,4.61,5.51,0,0.9754,0.09998837858438492,0.9,1.0,0.9754,bird-mixit
carcro1,xc:745101,xc_745101,57,48.67,49.05,0,0.9928,0.04608165845274925,0.38,0.9794871794871794,0.9724348717948718,bird-mixit
carcro1,xc:556994,xc_556994,6,7.76,8.32,0,0.9916,0.03514210134744644,0.56,0.9767441860465116,0.9685395348837209,bird-mixit
carcro1,xc:578870,xc_578870,2,1.45,1.92,0,0.9611,0.008762375451624393,0.47,1.0,0.9611,bird-mixit
carcro1,xc:511980,xc_511980,1,0.51,0.95,0,0.9603,0.05540625378489494,0.44,1.0,0.9603,bird-mixit
carcro1,xc:688118,xc_688118,17,25.36,26.26,0,0.9973,0.007352415472269058,0.9,0.96,0.9574079999999999,bird-mixit
carcro1,xc:556994,xc_556994,25,29.25,29.87,0,0.9974,0.03354997932910919,0.62,0.9534883720930233,0.9510093023255813,bird-mixit
carcro1,xc:785592,xc_785592,1,1.38,2.87,0,0.9983,0.045468900352716446,1.49,0.9523809523809523,0.9507619047619047,bird-mixit
carcro1,xc:576943,xc_576943,7,2.55,3.26,0,0.9998,0.10557140409946442,0.71,0.9473684210526315,0.947178947368421,bird-mixit
carcro1,xc:482395,xc_482395,61,22.53,22.73,1,0.9614,0.011241132393479347,0.2,0.9811320754716981,0.9432603773584906,bird-mixit
carcro1,xc:758902,xc_758902,12,11.18,11.59,0,0.9999,0.015414115972816944,0.41,0.9411764705882353,0.9410823529411765,bird-mixit
carcro1,xc:490186,xc_490186,17,34.16,35.72,0,0.9983,0.0457041971385479,1.56,0.9411764705882353,0.9395764705882352,bird-mixit
carcro1,xc:138017,xc_138017,17,53.14,54.37,0,0.9997,0.10400055348873138,1.23,0.9285714285714286,0.9282928571428573,bird-mixit
carcro1,xc:556994,xc_556994,1,0.68,1.58,0,0.9892,0.03183690831065178,0.9,0.9302325581395349,0.9201860465116278,bird-mixit
carcro1,xc:138017,xc_138017,6,10.21,13.03,0,0.9197,0.19230738282203674,2.82,1.0,0.9197,bird-mixit
carcro1,xc:936225,xc_936225,7,7.41,7.96,0,0.9991,0.029346762225031853,0.55,0.9166666666666666,0.9158416666666667,bird-mixit
carcro1,xc:138017,xc_138017,16,52.12,53.09,0,0.9998,0.09470371901988983,0.97,0.9047619047619048,0.9045809523809524,bird-mixit
carcro1,xc:138017,xc_138017,1,0.84,5.51,0,0.9263,0.14456279575824738,4.67,0.9761904761904762,0.904245238095238,bird-mixit
carcro1,xc:556994,xc_556994,11,10.26,10.96,0,0.9908,0.03034309111535549,0.7,0.9069767441860465,0.8986325581395348,bird-mixit
carcro1,xc:785592,xc_785592,11,9.31,10.74,0,0.9899,0.03168860077857971,1.43,0.9047619047619048,0.8956238095238095,bird-mixit
carcro1,xc:576943,xc_576943,11,4.94,5.5,0,0.9997,0.08505596220493317,0.56,0.8947368421052632,0.8944684210526316,bird-mixit
carcro1,xc:411472,xc_411472,7,8.12,10.44,0,0.9996,0.06410490721464157,2.32,0.8888888888888888,0.8885333333333333,bird-mixit
carcro1,xc:688118,xc_688118,8,12.17,13.03,0,0.9621,0.006703162100166082,0.86,0.92,0.885132,bird-mixit
carcro1,xc:482395,xc_482395,60,22.36,22.43,1,0.9358,0.008622223511338234,0.07,0.9433962264150944,0.8828301886792452,bird-mixit
carcro1,xc:758902,xc_758902,13,11.73,12.16,0,0.9997,0.01251955609768629,0.43,0.8823529411764706,0.8820882352941176,bird-mixit
carcro1,xc:482395,xc_482395,2,0.97,1.56,0,0.9151,0.009389253333210945,0.59,0.9622641509433962,0.8805679245283019,bird-mixit
carcro1,xc:490186,xc_490186,3,2.55,5.45,0,0.9976,0.039688318967819214,2.9,0.8823529411764706,0.8802352941176471,bird-mixit
carcro1,xc:138017,xc_138017,9,17.81,25.81,0,0.9135,0.10576239228248596,8.0,0.9523809523809523,0.8699999999999999,bird-mixit
carcro1,xc:678776,xc_678776,4,3.06,3.45,0,0.9999,0.04764461889863014,0.39,0.8571428571428571,0.8570571428571429,bird-mixit
carcro1,xc:785592,xc_785592,7,7.26,7.74,0,0.9979,0.023752402514219284,0.48,0.8571428571428571,0.8553428571428571,bird-mixit
carcro1,xc:511980,xc_511980,26,15.42,16.12,0,0.8848,0.009547766298055649,0.7,0.9629629629629629,0.8520296296296296,bird-mixit
carcro1,xc:576943,xc_576943,8,3.52,4.13,0,0.9996,0.07472551614046097,0.61,0.8421052631578947,0.8417684210526316,bird-mixit
carcro1,xc:536578,xc_536578,6,3.9,4.66,0,0.9998,0.1012778952717781,0.76,0.8333333333333334,0.8331666666666667,bird-mixit
carcro1,xc:936225,xc_936225,8,8.25,8.81,0,0.9987,0.026166215538978577,0.56,0.8333333333333334,0.83225,bird-mixit
carcro1,xc:688118,xc_688118,14,20.93,23.46,0,0.827,0.007637795992195606,2.53,1.0,0.827,bird-mixit
carcro1,xc:758902,xc_758902,14,12.26,12.69,0,0.9987,0.004403959959745407,0.43,0.8235294117647058,0.8224588235294118,bird-mixit
carcro1,xc:482395,xc_482395,46,14.87,14.95,1,0.889,0.0070044309832155704,0.08,0.9245283018867925,0.8219056603773586,bird-mixit
carcro1,xc:879243,xc_879243,2,2.99,3.78,0,0.9547,0.05720822513103485,0.79,0.8571428571428571,0.8183142857142857,bird-mixit
carcro1,xc:490186,xc_490186,4,6.78,10.1,0,0.9914,0.03507094830274582,3.32,0.8235294117647058,0.8164470588235293,bird-mixit
carcro1,xc:785592,xc_785592,13,13.17,14.14,0,0.9927,0.02052878402173519,0.97,0.8095238095238095,0.8036142857142857,bird-mixit
carcro1,xc:1079008,xc_1079008,1,3.21,4.1,0,0.9643,0.08732140064239502,0.89,0.8333333333333334,0.8035833333333334,bird-mixit
carcro1,xc:688118,xc_688118,2,1.29,3.68,0,0.9924,0.006187224294990301,2.39,0.8,0.79392,bird-mixit
carcro1,xc:576943,xc_576943,18,18.15,18.66,0,0.9907,0.0408940427005291,0.51,0.7894736842105263,0.7821315789473684,bird-mixit
carcro1,xc:411472,xc_411472,0,0.02,1.03,0,0.9996,0.06374024599790573,1.01,0.7777777777777778,0.7774666666666668,bird-mixit
carcro1,xc:482395,xc_482395,47,15.01,15.11,1,0.8556,0.006772438995540142,0.1,0.9056603773584906,0.7748830188679245,bird-mixit
carcro1,xc:511980,xc_511980,24,13.83,14.23,1,0.8717,0.006788174156099558,0.4,0.8888888888888888,0.7748444444444444,bird-mixit
carcro1,xc:758902,xc_758902,2,1.78,2.28,0,0.9996,0.003706925781443715,0.5,0.7647058823529411,0.7644,bird-mixit
carcro1,xc:490186,xc_490186,9,21.0,21.76,0,0.9958,0.03264337405562401,0.76,0.7647058823529411,0.7614941176470588,bird-mixit
carcro1,xc:688118,xc_688118,7,9.98,10.56,1,0.906,0.006273334845900536,0.58,0.84,0.76104,bird-mixit
carcro1,xc:509842,xc_509842,3,2.58,3.11,0,1.0,0.06554810702800751,0.53,0.75,0.75,bird-mixit
carcro1,xc:936225,xc_936225,9,10.15,10.6,0,0.9975,0.020521508529782295,0.45,0.75,0.748125,bird-mixit
carcro1,xc:1010253,xc_1010253,2,0.76,1.77,3,0.7471,0.0022748648189008236,1.01,1.0,0.7471,bird-mixit
carcro1,xc:678776,xc_678776,5,3.6,4.2,0,0.9997,0.035018190741539,0.6,0.7142857142857143,0.7140714285714286,bird-mixit
carcro1,xc:578870,xc_578870,1,0.85,1.31,0,0.9515,0.007837262004613876,0.46,0.75,0.713625,bird-mixit
carcro1,xc:879243,xc_879243,4,4.29,5.02,0,0.9698,0.05387535318732262,0.73,0.7142857142857143,0.6927142857142857,bird-mixit
carcro1,xc:511980,xc_511980,8,4.72,5.23,3,0.8561,0.003424264956265688,0.51,0.7777777777777778,0.6658555555555555,bird-mixit
carcro1,xc:936225,xc_936225,1,1.34,1.73,0,0.9958,0.017141755670309067,0.39,0.6666666666666666,0.6638666666666666,bird-mixit
carcro1,xc:1079008,xc_1079008,3,15.02,15.92,0,0.9674,0.08270744234323502,0.9,0.6666666666666666,0.6449333333333334,bird-mixit
carcro1,xc:511980,xc_511980,25,14.3,15.31,0,0.7529,0.006049404852092266,1.01,0.8518518518518519,0.6413592592592593,bird-mixit
cintit13,xc:78429,xc_78429,9,7.13,7.3,2,0.9999,0.1116810292005539,0.17,1.0,0.9999,bird-mixit
cintit13,xc:777400,xc_777400,1,0.53,4.11,0,0.9997,0.19289231300354004,3.58,1.0,0.9997,bird-mixit
cintit13,xc:625316,xc_625316,33,43.32,46.4,0,0.9994,0.17714901268482208,3.08,1.0,0.9994,bird-mixit
cintit13,xc:531958,xc_531958,6,7.25,8.27,1,0.9981,0.024394623935222626,1.02,1.0,0.9981,bird-mixit
cintit13,xc:403411,xc_403411,6,7.11,7.27,2,0.9961,0.015672799199819565,0.16,1.0,0.9961,bird-mixit
cintit13,xc:582929,xc_582929,14,13.4,14.44,0,0.9933,0.059344422072172165,1.04,1.0,0.9933,bird-mixit
cintit13,xc:207133,xc_207133,43,24.57,25.91,0,0.9922,0.04763999581336975,1.34,1.0,0.9922,bird-mixit
cintit13,xc:625317,xc_625317,1,7.2,9.83,0,0.9918,0.08164817839860916,2.63,1.0,0.9918,bird-mixit
cintit13,xc:241629,xc_241629,1,0.55,2.1,0,0.9905,0.02658882923424244,1.55,1.0,0.9905,bird-mixit
cintit13,xc:319962,xc_319962,9,4.66,5.85,0,0.9876,0.11253199726343155,1.19,1.0,0.9876,bird-mixit
cintit13,xc:319792,xc_319792,17,23.43,24.31,0,0.9855,0.08522897958755493,0.88,1.0,0.9855,bird-mixit
cintit13,xc:777400,xc_777400,41,46.17,50.5,0,0.9997,0.18116866052150726,4.33,0.98,0.979706,bird-mixit
cintit13,xc:889843,xc_889843,226,120.4,120.93,0,0.9772,0.04695500433444977,0.53,1.0,0.9772,bird-mixit
cintit13,xc:400301,xc_400301,1,0.79,1.54,0,0.9764,0.027774272486567497,0.75,1.0,0.9764,bird-mixit
cintit13,xc:207133,xc_207133,12,7.6,8.21,0,0.9902,0.040147170424461365,0.61,0.9838709677419355,0.9742290322580645,bird-mixit
cintit13,xc:625316,xc_625316,5,7.63,11.19,0,0.9994,0.1514432728290558,3.56,0.9743589743589743,0.9737743589743589,bird-mixit
cintit13,xc:78429,xc_78429,7,5.54,6.24,2,0.9975,0.09851305186748505,0.7,0.975609756097561,0.973170731707317,bird-mixit
cintit13,xc:582929,xc_582929,5,4.61,5.77,0,0.9922,0.051847390830516815,1.16,0.9736842105263158,0.9660894736842105,bird-mixit
cintit13,xc:319962,xc_319962,11,6.97,8.15,0,0.9919,0.10614323616027832,1.18,0.9696969696969697,0.9618424242424243,bird-mixit
cintit13,xc:207133,xc_207133,30,17.56,18.73,0,0.9933,0.03703015670180321,1.17,0.967741935483871,0.961258064516129,bird-mixit
cintit13,xc:319792,xc_319792,15,20.37,21.08,0,0.9983,0.08062908053398132,0.71,0.9615384615384616,0.9599038461538462,bird-mixit
cintit13,xc:777400,xc_777400,22,26.89,30.81,0,0.9995,0.17803189158439636,3.92,0.96,0.95952,bird-mixit
cintit13,xc:582929,xc_582929,48,50.28,51.09,0,0.9721,0.05303748697042465,0.81,0.9868421052631579,0.9593092105263157,bird-mixit
cintit13,xc:241629,xc_241629,2,4.23,5.59,0,0.9918,0.0227110143750906,1.36,0.9655172413793104,0.9576,bird-mixit
cintit13,xc:531958,xc_531958,9,9.89,11.08,1,0.9979,0.023924309760332108,1.19,0.9583333333333334,0.9563208333333334,bird-mixit
cintit13,xc:582929,xc_582929,15,15.92,17.16,0,0.9918,0.05131762474775314,1.24,0.9605263157894737,0.95265,bird-mixit
cintit13,xc:625316,xc_625316,15,21.53,27.0,0,0.999,0.13896343111991882,5.47,0.9487179487179487,0.9477692307692307,bird-mixit
cintit13,xc:78429,xc_78429,6,3.48,3.85,2,0.9953,0.08784303814172745,0.37,0.9512195121951219,0.9467487804878048,bird-mixit
cintit13,xc:403411,xc_403411,4,6.14,6.48,2,0.9938,0.014720238745212555,0.34,0.9523809523809523,0.9464761904761905,bird-mixit
cintit13,xc:400301,xc_400301,3,2.98,3.27,0,0.9829,0.024311352521181107,0.29,0.9615384615384616,0.9450961538461539,bird-mixit
cintit13,xc:207133,xc_207133,14,8.81,8.98,0,0.9927,0.03641175106167793,0.17,0.9516129032258065,0.9446661290322581,bird-mixit
cintit13,xc:777400,xc_777400,55,64.15,69.1,0,0.9997,0.1777161806821823,4.95,0.94,0.9397179999999999,bird-mixit
cintit13,xc:582929,xc_582929,44,45.55,47.59,0,0.9884,0.05059374123811722,2.04,0.9473684210526315,0.936378947368421,bird-mixit
cintit13,xc:207133,xc_207133,15,9.08,9.39,0,0.9954,0.03604281321167946,0.31,0.9354838709677419,0.9311806451612902,bird-mixit
cintit13,xc:78429,xc_78429,8,6.35,6.99,2,0.9997,0.07649312913417816,0.64,0.926829268292683,0.9265512195121952,bird-mixit
cintit13,xc:625316,xc_625316,9,13.42,18.87,0,0.9991,0.13277851045131683,5.45,0.9230769230769231,0.9222461538461539,bird-mixit
cintit13,xc:889843,xc_889843,204,107.5,108.08,0,0.9354,0.024997541680932045,0.58,0.9852216748768473,0.921576354679803,bird-mixit
cintit13,xc:400301,xc_400301,20,10.52,11.24,0,0.998,0.020218202844262123,0.72,0.9230769230769231,0.9212307692307693,bird-mixit
cintit13,xc:319792,xc_319792,23,27.3,27.98,0,0.9963,0.07487446069717407,0.68,0.9230769230769231,0.9196615384615385,bird-mixit
cintit13,xc:777400,xc_777400,30,33.68,36.21,0,0.9994,0.17742377519607544,2.53,0.92,0.919448,bird-mixit
cintit13,xc:889843,xc_889843,235,127.24,127.78,0,0.9267,0.02642679028213024,0.54,0.9901477832512315,0.9175699507389162,bird-mixit
cintit13,xc:889843,xc_889843,195,102.05,102.59,0,0.9303,0.023498132824897766,0.54,0.9753694581280788,0.9073862068965518,bird-mixit
cintit13,xc:889843,xc_889843,192,101.01,101.15,0,0.9227,0.024726085364818573,0.14,0.9802955665024631,0.9045187192118227,bird-mixit
cintit13,xc:319962,xc_319962,15,10.4,11.68,0,0.9942,0.08247056603431702,1.28,0.9090909090909091,0.9038181818181817,bird-mixit
cintit13,xc:78429,xc_78429,4,1.69,1.75,2,0.9995,0.071378193795681,0.06,0.9024390243902439,0.9019878048780489,bird-mixit
cintit13,xc:625316,xc_625316,28,36.84,41.71,0,0.9953,0.12891578674316406,4.87,0.8974358974358975,0.8932179487179487,bird-mixit
cintit13,xc:166690,xc_166690,0,0.02,0.64,1,0.8926,0.049809765070676804,0.62,1.0,0.8926,bird-mixit
cintit13,xc:241629,xc_241629,18,20.93,22.36,0,0.9857,0.020222140476107597,1.43,0.896551724137931,0.8837310344827587,bird-mixit
cintit13,xc:400301,xc_400301,23,13.42,14.09,0,0.9967,0.01975933648645878,0.67,0.8846153846153846,0.8816961538461539,bird-mixit
cintit13,xc:319792,xc_319792,6,9.59,10.24,0,0.9933,0.06654217094182968,0.65,0.8846153846153846,0.8786884615384615,bird-mixit
cintit13,xc:781803,xc_781803,17,9.7,9.75,2,0.8965,0.00795760191977024,0.05,0.9767441860465116,0.8756511627906977,bird-mixit
cintit13,xc:531958,xc_531958,18,18.81,19.54,1,0.9962,0.020215889438986778,0.73,0.875,0.871675,bird-mixit
cintit13,xc:625317,xc_625317,7,23.93,26.15,0,0.994,0.08014986664056778,2.22,0.875,0.86975,bird-mixit
cintit13,xc:241629,xc_241629,11,13.55,15.47,0,0.9297,0.020471442490816116,1.92,0.9310344827586207,0.8655827586206896,bird-mixit
cintit13,xc:403411,xc_403411,5,6.87,7.01,2,0.9962,0.01416298933327198,0.14,0.8571428571428571,0.8538857142857142,bird-mixit
cintit13,xc:319962,xc_319962,23,22.34,23.46,0,0.9712,0.08070705085992813,1.12,0.8787878787878788,0.8534787878787878,bird-mixit
cintit13,xc:319792,xc_319792,10,12.53,13.33,0,0.9968,0.06306415796279907,0.8,0.8461538461538461,0.8434461538461538,bird-mixit
cintit13,xc:319962,xc_319962,31,29.12,30.33,0,0.9935,0.07143197953701019,1.21,0.8484848484848485,0.842969696969697,bird-mixit
cintit13,xc:241629,xc_241629,15,17.78,19.18,0,0.9713,0.018886761739850044,1.4,0.8620689655172413,0.8373275862068965,bird-mixit
cintit13,xc:1030710,xc_1030710,24,22.58,23.74,0,0.8314,0.01736426167190075,1.16,1.0,0.8314,bird-mixit
cintit13,xc:400301,xc_400301,8,5.46,6.49,0,0.9785,0.017937704920768738,1.03,0.8461538461538461,0.8279615384615385,bird-mixit
cintit13,xc:105150,xc_105150,9,10.43,10.93,3,0.8148,0.028524203225970268,0.5,1.0,0.8148,bird-mixit
cintit13,xc:403411,xc_403411,2,0.55,1.52,2,0.985,0.011732371523976326,0.97,0.8095238095238095,0.7973809523809524,bird-mixit
cintit13,xc:531958,xc_531958,16,17.05,17.86,1,0.9966,0.018217939883470535,0.81,0.7916666666666666,0.788975,bird-mixit
cintit13,xc:1030710,xc_1030710,21,16.0,21.59,0,0.8116,0.015844855457544327,5.59,0.96,0.7791359999999999,bird-mixit
cintit13,xc:781803,xc_781803,44,22.08,22.37,0,0.7589,0.008346055634319782,0.29,1.0,0.7589,bird-mixit
cintit13,xc:403411,xc_403411,9,7.96,8.12,2,0.9866,0.011365307494997978,0.16,0.7619047619047619,0.7516952380952381,bird-mixit
cintit13,xc:1030710,xc_1030710,20,13.37,15.94,0,0.8155,0.009843340143561363,2.57,0.92,0.75026,bird-mixit
cintit13,xc:531958,xc_531958,20,20.4,21.34,1,0.9967,0.018113942816853523,0.94,0.75,0.747525,bird-mixit
cintit13,xc:105150,xc_105150,1,0.67,1.43,1,0.7934,0.023469742387533188,0.76,0.9411764705882353,0.7467294117647059,bird-mixit
cintit13,xc:625317,xc_625317,3,13.29,15.74,0,0.9941,0.07813946902751923,2.45,0.75,0.745575,bird-mixit
cintit13,xc:166690,xc_166690,8,6.71,7.19,3,0.9894,0.020839445292949677,0.48,0.75,0.74205,bird-mixit
comkin1,xc:502269,xc_502269,19,10.84,12.0,0,0.9997,0.08346176892518997,1.16,1.0,0.9997,bird-mixit
comkin1,xc:502961,xc_502961,1,1.62,2.12,0,0.9997,0.09316375851631165,0.5,1.0,0.9997,bird-mixit
comkin1,xc:118166,xc_118166,7,1.98,2.55,1,0.9996,0.14702802896499634,0.57,1.0,0.9996,bird-mixit
comkin1,xc:544658,xc_544658,2,2.3,3.17,0,0.9994,0.013266632333397865,0.87,1.0,0.9994,bird-mixit
comkin1,xc:529947,xc_529947,0,4.51,5.95,0,0.9994,0.059198059141635895,1.44,1.0,0.9994,bird-mixit
comkin1,xc:931189,xc_931189,1,2.23,2.57,0,0.9992,0.07750531286001205,0.34,1.0,0.9992,bird-mixit
comkin1,xc:800955,xc_800955,7,6.33,6.55,1,0.9987,0.17567791044712067,0.22,1.0,0.9987,bird-mixit
comkin1,xc:466431,xc_466431,1,2.67,2.96,0,0.9945,0.08845330029726028,0.29,1.0,0.9945,bird-mixit
comkin1,xc:757948,xc_757948,0,1.29,1.89,0,0.9927,0.04511772841215134,0.6,1.0,0.9927,bird-mixit
comkin1,xc:185682,xc_185682,16,17.17,17.64,0,0.9915,0.12811659276485443,0.47,1.0,0.9915,bird-mixit
comkin1,xc:929192,xc_929192,0,0.02,0.89,0,0.9834,0.04090353474020958,0.87,1.0,0.9834,bird-mixit
comkin1,xc:288219,xc_288219,35,14.68,14.92,1,0.9827,0.030597789213061333,0.24,1.0,0.9827,bird-mixit
comkin1,xc:580132,xc_580132,1,0.18,0.7,0,0.9814,0.026422398164868355,0.52,1.0,0.9814,bird-mixit
comkin1,xc:282763,xc_282763,2,3.31,3.7,0,0.9781,0.20039159059524536,0.39,1.0,0.9781,bird-mixit
comkin1,xc:587605,xc_587605,0,0.03,0.31,0,0.9775,0.10786250233650208,0.28,1.0,0.9775,bird-mixit
comkin1,xc:502269,xc_502269,27,14.86,15.28,0,0.9995,0.014873838983476162,0.42,0.9714285714285714,0.9709428571428572,bird-mixit
comkin1,xc:800955,xc_800955,12,9.18,9.38,1,0.9975,0.10378614813089371,0.2,0.9696969696969697,0.9672727272727274,bird-mixit
comkin1,xc:462875,xc_462875,19,15.89,16.21,0,0.9655,0.017775271087884903,0.32,1.0,0.9655,bird-mixit
comkin1,xc:288219,xc_288219,25,10.74,10.98,1,0.9718,0.023743104189634323,0.24,0.9838709677419355,0.9561258064516129,bird-mixit
comkin1,xc:929047,xc_929047,2,0.75,2.18,1,0.9552,0.011710981838405132,1.43,1.0,0.9552,bird-mixit
comkin1,xc:587605,xc_587605,39,21.06,21.38,0,0.964,0.09664390981197357,0.32,0.9787234042553191,0.9434893617021276,bird-mixit
comkin1,xc:466431,xc_466431,22,17.59,17.86,0,0.9977,0.08777715265750885,0.27,0.9444444444444444,0.9422722222222222,bird-mixit
comkin1,xc:288219,xc_288219,69,42.05,42.99,0,0.9694,0.021284926682710648,0.94,0.967741935483871,0.9381290322580645,bird-mixit
comkin1,xc:462875,xc_462875,21,17.27,17.58,0,0.964,0.016000233590602875,0.31,0.9696969696969697,0.9347878787878788,bird-mixit
comkin1,xc:800955,xc_800955,9,7.32,7.98,1,0.9918,0.09848099946975708,0.66,0.9393939393939394,0.9316909090909091,bird-mixit
comkin1,xc:185682,xc_185682,4,8.69,9.41,0,0.9832,0.07359364628791809,0.72,0.9473684210526315,0.9314526315789473,bird-mixit
comkin1,xc:118166,xc_118166,19,8.92,9.47,1,0.9736,0.10096762329339981,0.55,0.9565217391304348,0.9312695652173913,bird-mixit
comkin1,xc:544658,xc_544658,0,0.02,1.68,0,0.9946,0.01268911175429821,1.66,0.9333333333333333,0.9282933333333334,bird-mixit
comkin1,xc:288219,xc_288219,12,5.56,5.78,1,0.9703,0.019749846309423447,0.22,0.9516129032258065,0.9233500000000001,bird-mixit
comkin1,xc:118166,xc_118166,23,11.9,12.18,1,0.9989,0.07298511266708374,0.28,0.9130434782608695,0.9120391304347826,bird-mixit
comkin1,xc:502269,xc_502269,11,7.02,7.45,0,0.9666,0.0056631965562701225,0.43,0.9428571428571428,0.9113657142857143,bird-mixit
comkin1,xc:462875,xc_462875,4,4.76,5.15,0,0.9679,0.015072965063154697,0.39,0.9393939393939394,0.909239393939394,bird-mixit
comkin1,xc:800955,xc_800955,8,6.64,7.17,1,0.9955,0.09740880131721497,0.53,0.9090909090909091,0.905,bird-mixit
comkin1,xc:929047,xc_929047,8,4.84,5.1,1,0.9798,0.009958786889910698,0.26,0.9230769230769231,0.9044307692307693,bird-mixit
comkin1,xc:580507,xc_580507,1,1.87,2.13,0,0.8998,0.003218760946765542,0.26,1.0,0.8998,bird-mixit
comkin1,xc:928954,xc_928954,5,4.47,6.23,2,0.8988,0.004434505943208933,1.76,1.0,0.8988,bird-mixit
comkin1,xc:587605,xc_587605,28,12.68,13.12,0,0.9324,0.0763370469212532,0.44,0.9574468085106383,0.8927234042553192,bird-mixit
comkin1,xc:529947,xc_529947,1,6.16,6.45,0,0.9995,0.057299524545669556,0.29,0.8888888888888888,0.8884444444444445,bird-mixit
comkin1,xc:931189,xc_931189,2,2.63,3.0,0,0.9988,0.0653042420744896,0.37,0.8888888888888888,0.8878222222222222,bird-mixit
comkin1,xc:466431,xc_466431,8,6.42,6.75,0,0.9954,0.08682270348072052,0.33,0.8888888888888888,0.8847999999999999,bird-mixit
comkin1,xc:800955,xc_800955,5,5.77,5.96,1,0.9968,0.0877465233206749,0.19,0.8787878787878788,0.8759757575757576,bird-mixit
comkin1,xc:288219,xc_288219,6,2.51,2.92,1,0.9351,0.019102085381746292,0.41,0.9354838709677419,0.8747709677419355,bird-mixit
comkin1,xc:502269,xc_502269,37,20.91,21.03,0,0.9552,0.002426305552944541,0.12,0.9142857142857143,0.8733257142857143,bird-mixit
comkin1,xc:462875,xc_462875,6,6.22,6.54,0,0.9566,0.012925270013511181,0.32,0.9090909090909091,0.8696363636363637,bird-mixit
comkin1,xc:118166,xc_118166,18,8.49,8.72,1,0.9982,0.05044003576040268,0.23,0.8695652173913043,0.868,bird-mixit
comkin1,xc:928954,xc_928954,6,6.32,8.75,2,0.8906,0.0034741193521767855,2.43,0.972972972972973,0.8665297297297297,bird-mixit
comkin1,xc:544658,xc_544658,3,3.33,4.16,0,0.9987,0.01021646149456501,0.83,0.8666666666666667,0.8655400000000001,bird-mixit
comkin1,xc:598243,xc_598243,9,6.88,6.97,2,0.9737,0.004202649928629398,0.09,0.8888888888888888,0.8655111111111111,bird-mixit
comkin1,xc:587605,xc_587605,33,17.9,18.21,0,0.9243,0.0701146349310875,0.31,0.9361702127659575,0.8653021276595745,bird-mixit
comkin1,xc:929192,xc_929192,3,2.63,3.04,3,0.9214,0.013544554822146893,0.41,0.9230769230769231,0.8505230769230769,bird-mixit
comkin1,xc:502961,xc_502961,3,4.65,5.0,0,0.9577,0.0068106092512607574,0.35,0.875,0.8379875,bird-mixit
comkin1,xc:502269,xc_502269,32,17.51,17.69,0,0.9691,0.002095282543450594,0.18,0.8571428571428571,0.8306571428571428,bird-mixit
comkin1,xc:466431,xc_466431,9,8.1,8.48,0,0.9957,0.07863713800907135,0.38,0.8333333333333334,0.8297500000000001,bird-mixit
comkin1,xc:185682,xc_185682,1,3.36,8.12,0,0.9273,0.058254342526197433,4.76,0.8947368421052632,0.8296894736842105,bird-mixit
comkin1,xc:587605,xc_587605,20,9.19,9.71,0,0.9048,0.06294558197259903,0.52,0.9148936170212766,0.827795744680851,bird-mixit
comkin1,xc:282763,xc_282763,1,2.74,3.24,0,0.9615,0.15815167129039764,0.5,0.8333333333333334,0.80125,bird-mixit
comkin1,xc:118166,xc_118166,16,6.31,7.56,1,0.9677,0.04720338433980942,1.25,0.8260869565217391,0.7994043478260869,bird-mixit
comkin1,xc:544658,xc_544658,13,11.4,12.97,0,0.9951,0.005805203691124916,1.57,0.8,0.79608,bird-mixit
comkin1,xc:462875,xc_462875,8,7.83,8.16,0,0.9038,0.011328005231916904,0.33,0.8787878787878788,0.7942484848484849,bird-mixit
comkin1,xc:928954,xc_928954,7,8.81,10.14,2,0.8285,0.0024305027909576893,1.33,0.9459459459459459,0.7837162162162162,bird-mixit
comkin1,xc:931189,xc_931189,0,0.02,2.14,0,0.9983,0.05539928376674652,2.12,0.7777777777777778,0.7764555555555556,bird-mixit
comkin1,xc:466431,xc_466431,11,9.71,10.09,0,0.9958,0.07070306688547134,0.38,0.7777777777777778,0.7745111111111112,bird-mixit
comkin1,xc:529947,xc_529947,2,6.68,7.5,0,0.995,0.04309080168604851,0.82,0.7777777777777778,0.7738888888888888,bird-mixit
comkin1,xc:929047,xc_929047,7,4.51,4.75,1,0.9141,0.0068358443677425385,0.24,0.8461538461538461,0.7734692307692308,bird-mixit
comkin1,xc:185682,xc_185682,0,0.02,3.23,0,0.9099,0.037977542728185654,3.21,0.8421052631578947,0.7662315789473684,bird-mixit
comkin1,xc:185682,xc_185682,9,13.91,14.53,3,0.9671,0.01586398109793663,0.62,0.7894736842105263,0.7635,bird-mixit
comkin1,xc:928954,xc_928954,10,11.23,12.28,2,0.8026,0.002268125070258975,1.05,0.918918918918919,0.7375243243243244,bird-mixit
comkin1,xc:544658,xc_544658,11,10.22,10.88,0,0.9985,0.0057763587683439255,0.66,0.7333333333333333,0.7322333333333333,bird-mixit
comkin1,xc:928954,xc_928954,4,3.5,4.25,0,0.8841,0.0013471130514517426,0.75,0.8108108108108109,0.7168378378378378,bird-mixit
comkin1,xc:929047,xc_929047,6,3.64,4.46,1,0.9251,0.006215028464794159,0.82,0.7692307692307693,0.7116153846153846,bird-mixit
comkin1,xc:929192,xc_929192,8,6.86,7.32,0,0.8131,0.010462130419909954,0.46,0.8461538461538461,0.6880076923076923,bird-mixit
comkin1,xc:598243,xc_598243,0,0.02,1.0,2,0.8778,0.004118415992707014,0.98,0.7777777777777778,0.6827333333333334,bird-mixit
comkin1,xc:529947,xc_529947,3,7.66,8.28,0,0.999,0.04298846796154976,0.62,0.6666666666666666,0.6659999999999999,bird-mixit
comkin1,xc:931189,xc_931189,3,3.14,4.65,0,0.9984,0.05364808067679405,1.51,0.6666666666666666,0.6656,bird-mixit
comkin1,xc:929047,xc_929047,9,5.3,5.77,1,0.922,0.005777464713901281,0.47,0.6923076923076923,0.6383076923076924,bird-mixit
compoc,xc:989599,xc_989599,1,0.85,8.85,0,0.9994,0.08695467561483383,8.0,1.0,0.9994,bird-mixit
compoc,xc:994657,xc_994657,7,10.99,11.06,2,0.9979,0.01922839693725109,0.07,1.0,0.9979,bird-mixit
compoc,xc:368567,xc_368567,3,2.05,2.47,0,0.997,0.05320689454674721,0.42,1.0,0.997,bird-mixit
compoc,xc:270396,xc_270396,1,1.73,2.4,0,0.9966,0.04305436834692955,0.67,1.0,0.9966,bird-mixit
compoc,xc:570725,xc_570725,2,6.34,6.66,0,0.9851,0.08998370170593262,0.32,1.0,0.9851,bird-mixit
compoc,xc:138166,xc_138166,0,0.02,4.46,0,0.9754,0.01295909658074379,4.44,1.0,0.9754,bird-mixit
compoc,xc:994657,xc_994657,2,6.17,6.49,2,0.9971,0.018366437405347824,0.32,0.96875,0.965940625,bird-mixit
compoc,xc:299728,xc_299728,20,13.74,15.97,0,0.9605,0.04229229316115379,2.23,1.0,0.9605,bird-mixit
compoc,xc:783964,xc_783964,23,14.3,14.65,2,0.9557,0.012161807157099247,0.35,1.0,0.9557,bird-mixit
compoc,xc:769844,xc_769844,10,7.51,7.86,0,0.9873,0.017770515754818916,0.35,0.9666666666666667,0.95439,bird-mixit
compoc,xc:989599,xc_989599,16,23.0,23.44,0,0.9983,0.04881785809993744,0.44,0.9545454545454546,0.9529227272727273,bird-mixit
compoc,xc:783964,xc_783964,19,12.89,13.04,2,0.9645,0.010368810966610909,0.15,0.9838709677419355,0.9489435483870968,bird-mixit
compoc,xc:769844,xc_769844,3,2.19,3.71,0,0.9487,0.02945941686630249,1.52,1.0,0.9487,bird-mixit
compoc,xc:994657,xc_994657,6,9.22,10.94,2,0.995,0.018223069608211517,1.72,0.9375,0.9328125,bird-mixit
compoc,xc:299728,xc_299728,70,38.15,39.24,0,0.944,0.034117743372917175,1.09,0.9880952380952381,0.9327619047619048,bird-mixit
compoc,xc:750149,xc_750149,0,0.65,0.87,2,0.9123,0.006017210427671671,0.22,1.0,0.9123,bird-mixit
compoc,xc:989599,xc_989599,19,24.85,25.3,0,0.9994,0.043082840740680695,0.45,0.9090909090909091,0.9085454545454544,bird-mixit
compoc,xc:994657,xc_994657,10,12.43,12.54,2,0.9988,0.018154336139559746,0.11,0.90625,0.9051625,bird-mixit
compoc,xc:994669,xc_994669,0,0.02,7.66,3,0.8962,0.009407548233866692,7.64,1.0,0.8962,bird-mixit
compoc,xc:299728,xc_299728,75,40.72,40.84,0,0.9881,0.02370617724955082,0.12,0.9047619047619048,0.8939952380952381,bird-mixit
compoc,xc:299728,xc_299728,86,51.0,52.17,0,0.9499,0.026425931602716446,1.17,0.9404761904761905,0.8933583333333333,bird-mixit
compoc,xc:299728,xc_299728,92,61.6,62.0,2,0.9965,0.02235264517366886,0.4,0.8928571428571429,0.889732142857143,bird-mixit
compoc,xc:484893,xc_484893,1,0.52,1.01,0,0.9442,0.05613873898983002,0.49,0.9411764705882353,0.8886588235294118,bird-mixit
compoc,xc:270396,xc_270396,0,0.09,1.68,0,0.9945,0.033321283757686615,1.59,0.8888888888888888,0.884,bird-mixit
compoc,xc:414488,xc_414488,7,3.37,3.69,3,0.9093,0.09348391741514206,0.32,0.9545454545454546,0.8679681818181818,bird-mixit
compoc,xc:769844,xc_769844,0,0.35,0.9,3,0.9593,0.009807480499148369,0.55,0.9,0.8633700000000001,bird-mixit
compoc,xc:989599,xc_989599,17,23.53,24.1,0,0.997,0.037171728909015656,0.57,0.8636363636363636,0.8610454545454546,bird-mixit
compoc,xc:414488,xc_414488,10,5.05,5.31,0,0.9928,0.08183031529188156,0.26,0.8636363636363636,0.8574181818181819,bird-mixit
compoc,xc:989980,xc_989980,4,1.92,3.79,0,0.8539,0.04352625831961632,1.87,1.0,0.8539,bird-mixit
compoc,xc:797798,xc_797798,12,17.76,18.05,3,0.8525,0.04470119625329971,0.29,1.0,0.8525,bird-mixit
compoc,xc:783964,xc_783964,60,40.51,41.36,2,0.9065,0.009966190904378891,0.85,0.9354838709677419,0.848016129032258,bird-mixit
compoc,xc:484893,xc_484893,2,1.07,4.2,0,0.8478,0.09900005161762238,3.13,1.0,0.8478,bird-mixit
compoc,xc:368567,xc_368567,4,2.73,3.24,0,0.9885,0.03686816617846489,0.51,0.8571428571428571,0.8472857142857143,bird-mixit
compoc,xc:994657,xc_994657,12,12.96,13.06,2,0.9978,0.017935607582330704,0.1,0.84375,0.84189375,bird-mixit
compoc,xc:989573,xc_989573,2,1.8,6.3,0,0.841,0.06174934655427933,4.5,1.0,0.841,bird-mixit
compoc,xc:769844,xc_769844,9,7.29,7.37,0,0.9565,0.008899415843188763,0.08,0.8666666666666667,0.8289666666666667,bird-mixit
compoc,xc:769844,xc_769844,31,20.97,22.97,0,0.8828,0.011769020929932594,2.0,0.9333333333333333,0.8239466666666667,bird-mixit
compoc,xc:989599,xc_989599,18,24.2,24.62,0,0.9991,0.03662222623825073,0.42,0.8181818181818182,0.8174454545454546,bird-mixit
compoc,xc:414488,xc_414488,14,7.2,7.58,3,0.9989,0.07821514457464218,0.38,0.8181818181818182,0.8172818181818182,bird-mixit
compoc,xc:414488,xc_414488,8,3.83,4.22,3,0.8097,0.12850020825862885,0.39,1.0,0.8097,bird-mixit
compoc,xc:484893,xc_484893,16,12.05,13.8,1,0.969,0.042704988270998,1.75,0.8235294117647058,0.7979999999999999,bird-mixit
compoc,xc:783964,xc_783964,4,2.55,2.98,2,0.8866,0.009870189242064953,0.43,0.8870967741935484,0.7865000000000001,bird-mixit
compoc,xc:609398,xc_609398,21,146.83,154.83,3,0.7809,0.09481325000524521,8.0,1.0,0.7809,bird-mixit
compoc,xc:414488,xc_414488,13,6.62,6.98,3,0.9986,0.06623709201812744,0.36,0.7727272727272727,0.7716454545454545,bird-mixit
compoc,xc:270396,xc_270396,6,20.06,21.5,0,0.9914,0.027120407670736313,1.44,0.7777777777777778,0.7710888888888888,bird-mixit
compoc,xc:783964,xc_783964,59,40.33,40.43,2,0.8971,0.009518484584987164,0.1,0.8548387096774194,0.7668758064516129,bird-mixit
compoc,xc:609398,xc_609398,24,170.83,178.83,3,0.8124,0.07758239656686783,8.0,0.926829268292683,0.7529560975609757,bird-mixit
compoc,xc:750149,xc_750149,2,2.88,3.0,2,0.8535,0.005555809009820223,0.12,0.875,0.7468125,bird-mixit
compoc,xc:609398,xc_609398,31,226.83,234.83,3,0.7728,0.08344852179288864,8.0,0.9512195121951219,0.7351024390243902,bird-mixit
compoc,xc:797798,xc_797798,11,17.29,17.67,0,0.7701,0.03300251439213753,0.38,0.9545454545454546,0.7350954545454546,bird-mixit
compoc,xc:609398,xc_609398,35,258.83,266.83,3,0.7507,0.09323514252901077,8.0,0.975609756097561,0.732390243902439,bird-mixit
compoc,xc:989980,xc_989980,5,3.92,4.23,2,0.7992,0.018579158931970596,0.31,0.8888888888888888,0.7104,bird-mixit
compoc,xc:368567,xc_368567,0,0.34,0.75,0,0.9808,0.032948363572359085,0.41,0.7142857142857143,0.7005714285714286,bird-mixit
compoc,xc:747381,xc_747381,1,1.07,1.67,0,0.852,0.01563262939453125,0.6,0.8125,0.69225,bird-mixit
compoc,xc:747381,xc_747381,11,8.38,10.03,0,0.7765,0.016752559691667557,1.65,0.875,0.6794374999999999,bird-mixit
compoc,xc:989980,xc_989980,8,5.01,5.1,2,0.8623,0.017425334081053734,0.09,0.7777777777777778,0.6706777777777777,bird-mixit
compoc,xc:994666,xc_994666,1,8.29,16.29,3,0.6675,0.009205436334013939,8.0,1.0,0.6675,bird-mixit
compoc,xc:994666,xc_994666,3,24.29,32.29,3,0.8235,0.008501159958541393,8.0,0.8,0.6588,bird-mixit
compoc,xc:747381,xc_747381,6,3.69,3.94,0,0.8546,0.015583277679979801,0.25,0.75,0.64095,bird-mixit
compoc,xc:270396,xc_270396,2,2.46,10.46,0,0.957,0.022387081757187843,8.0,0.6666666666666666,0.6379999999999999,bird-mixit
compoc,xc:570725,xc_570725,1,3.19,3.51,0,0.9479,0.04382248595356941,0.32,0.6666666666666666,0.6319333333333332,bird-mixit
compoc,xc:797798,xc_797798,10,16.81,17.21,3,0.7619,0.027694514021277428,0.4,0.8181818181818182,0.6233727272727273,bird-mixit
compoc,xc:609398,xc_609398,33,242.83,250.83,3,0.6692,0.07718439400196075,8.0,0.9024390243902439,0.6039121951219513,bird-mixit
compoc,xc:797798,xc_797798,9,15.13,16.76,3,0.6623,0.03203260526061058,1.63,0.9090909090909091,0.6020909090909091,bird-mixit
compoc,xc:797798,xc_797798,3,10.49,12.63,0,0.6939,0.029427209869027138,2.14,0.8636363636363636,0.5992772727272727,bird-mixit
compoc,xc:747381,xc_747381,8,4.87,5.05,0,0.851,0.015099250711500645,0.18,0.6875,0.5850625,bird-mixit
compoc,xc:368567,xc_368567,2,1.58,1.89,0,0.9691,0.028785288333892822,0.31,0.5714285714285714,0.5537714285714285,bird-mixit
compoc,xc:747381,xc_747381,12,10.17,11.11,3,0.5463,0.01762203685939312,0.94,1.0,0.5463,bird-mixit
compoc,xc:750149,xc_750149,7,6.09,6.36,0,0.7225,0.005350731313228607,0.27,0.75,0.541875,bird-mixit
compoc,xc:484893,xc_484893,0,0.02,0.45,2,0.69,0.015454953536391258,0.43,0.7647058823529411,0.5276470588235294,bird-mixit
comsan,xc:1051594,xc_1051594,6,9.23,10.86,2,0.9999,0.2054753452539444,1.63,1.0,0.9999,bird-mixit
comsan,xc:743065,xc_743065,18,18.34,18.84,0,0.9993,0.19658158719539642,0.5,1.0,0.9993,bird-mixit
comsan,xc:599571,xc_599571,1,0.82,5.46,0,0.999,0.10537907481193542,4.64,1.0,0.999,bird-mixit
comsan,xc:671980,xc_671980,11,7.41,9.92,0,0.9968,0.03198390454053879,2.51,1.0,0.9968,bird-mixit
comsan,xc:995987,xc_995987,1,1.47,1.62,2,0.9951,0.15930037200450897,0.15,1.0,0.9951,bird-mixit
comsan,xc:894340,xc_894340,4,1.92,2.58,0,0.9937,0.04577907174825668,0.66,1.0,0.9937,bird-mixit
comsan,xc:742036,xc_742036,0,1.49,1.87,0,0.9904,0.015335174277424812,0.38,1.0,0.9904,bird-mixit
comsan,xc:938711,xc_938711,9,23.91,24.87,0,0.9715,0.003236707067117095,0.96,1.0,0.9715,bird-mixit
comsan,xc:503479,xc_503479,21,17.67,18.78,0,0.9712,0.020904170349240303,1.11,1.0,0.9712,bird-mixit
comsan,xc:671980,xc_671980,15,15.41,18.0,0,0.9811,0.025200434029102325,2.59,0.9705882352941176,0.9522441176470587,bird-mixit
comsan,xc:743065,xc_743065,4,5.98,6.41,0,0.9983,0.16414602100849152,0.43,0.9473684210526315,0.945757894736842,bird-mixit
comsan,xc:1051594,xc_1051594,4,7.36,7.44,2,1.0,0.1710873693227768,0.08,0.9411764705882353,0.9411764705882353,bird-mixit
comsan,xc:839052,xc_839052,28,41.51,42.21,1,0.9712,0.016909293830394745,0.7,0.96875,0.94085,bird-mixit
comsan,xc:671980,xc_671980,17,21.53,22.94,0,0.9928,0.017950978130102158,1.41,0.9411764705882353,0.9344,bird-mixit
comsan,xc:580687,xc_580687,33,35.0,37.56,0,0.9328,0.009858381934463978,2.56,1.0,0.9328,bird-mixit
comsan,xc:503479,xc_503479,11,6.98,8.97,0,0.9505,0.016634047031402588,1.99,0.9803921568627451,0.9318627450980392,bird-mixit
comsan,xc:1042071,xc_1042071,22,14.0,14.95,0,0.926,0.016206741333007812,0.95,1.0,0.926,bird-mixit
comsan,xc:882521,xc_882521,4,1.39,1.46,3,0.9258,0.08138434588909149,0.07,1.0,0.9258,bird-mixit
comsan,xc:434109,xc_434109,0,1.45,1.97,0,0.9192,0.005841358099132776,0.52,1.0,0.9192,bird-mixit
comsan,xc:503479,xc_503479,46,40.64,41.9,0,0.9456,0.01612876169383526,1.26,0.9607843137254902,0.9085176470588235,bird-mixit
comsan,xc:839052,xc_839052,29,42.34,42.94,1,0.9675,0.015700260177254677,0.6,0.9375,0.9070312500000001,bird-mixit
comsan,xc:671980,xc_671980,8,4.88,6.24,0,0.9908,0.01683446764945984,1.36,0.9117647058823529,0.9033764705882353,bird-mixit
comsan,xc:580687,xc_580687,28,30.1,32.47,0,0.9158,0.008598368614912033,2.37,0.9811320754716981,0.8985207547169811,bird-mixit
comsan,xc:503479,xc_503479,17,16.18,16.4,3,0.9728,0.014031587168574333,0.22,0.9215686274509803,0.8965019607843137,bird-mixit
comsan,xc:503479,xc_503479,51,45.39,46.98,0,0.9518,0.016002267599105835,1.59,0.9411764705882353,0.8958117647058823,bird-mixit
comsan,xc:743065,xc_743065,6,8.18,8.58,0,0.9985,0.1620698720216751,0.4,0.8947368421052632,0.8933947368421054,bird-mixit
comsan,xc:686345,xc_686345,6,3.23,3.67,0,0.8839,0.1664523035287857,0.44,1.0,0.8839,bird-mixit
comsan,xc:1051594,xc_1051594,12,19.96,20.1,2,0.9999,0.10554061084985733,0.14,0.8823529411764706,0.882264705882353,bird-mixit
comsan,xc:798178,xc_798178,13,10.59,10.96,1,0.8821,0.007799176033586264,0.37,1.0,0.8821,bird-mixit
comsan,xc:938711,xc_938711,3,6.86,7.55,0,0.9606,0.002424337202683091,0.69,0.9166666666666666,0.8805499999999999,bird-mixit
comsan,xc:580687,xc_580687,26,25.18,29.63,0,0.9104,0.008160356432199478,4.45,0.9622641509433962,0.876045283018868,bird-mixit
comsan,xc:580687,xc_580687,30,32.71,34.39,0,0.9084,0.007942430675029755,1.68,0.9433962264150944,0.8569811320754717,bird-mixit
comsan,xc:743065,xc_743065,5,7.45,7.89,0,0.9982,0.16193124651908875,0.44,0.8421052631578947,0.8405894736842104,bird-mixit
comsan,xc:671980,xc_671980,6,3.26,4.21,0,0.9746,0.015704238787293434,0.95,0.8529411764705882,0.8312764705882353,bird-mixit
comsan,xc:839052,xc_839052,25,40.34,40.94,1,0.8268,0.027643680572509766,0.6,1.0,0.8268,bird-mixit
comsan,xc:599571,xc_599571,0,0.04,0.17,2,0.991,0.002306475769728422,0.13,0.8333333333333334,0.8258333333333333,bird-mixit
comsan,xc:1051594,xc_1051594,5,7.56,8.65,2,0.9997,0.10267478972673416,1.09,0.8235294117647058,0.8232823529411765,bird-mixit
comsan,xc:580687,xc_580687,40,42.74,44.4,0,0.8883,0.0072471764869987965,1.66,0.9245283018867925,0.8212584905660377,bird-mixit
comsan,xc:686345,xc_686345,9,5.85,5.97,0,0.8693,0.14325591921806335,0.12,0.9375,0.81496875,bird-mixit
comsan,xc:882521,xc_882521,10,3.03,3.1,3,0.8878,0.05117158964276314,0.07,0.9166666666666666,0.8138166666666666,bird-mixit
comsan,xc:839052,xc_839052,24,38.67,40.19,1,0.8996,0.010473301634192467,1.52,0.875,0.78715,bird-mixit
comsan,xc:743065,xc_743065,13,14.67,15.4,0,0.9958,0.13637593388557434,0.73,0.7894736842105263,0.7861578947368422,bird-mixit
comsan,xc:900380,xc_900380,0,0.25,1.07,0,0.7798,0.026767844334244728,0.82,1.0,0.7798,bird-mixit
comsan,xc:1042071,xc_1042071,25,18.75,18.93,0,0.7995,0.009347805753350258,0.18,0.9583333333333334,0.7661875,bird-mixit
comsan,xc:1051594,xc_1051594,14,20.83,20.91,2,1.0,0.09647630900144577,0.08,0.7647058823529411,0.7647058823529411,bird-mixit
comsan,xc:798178,xc_798178,20,21.62,29.62,2,0.9446,0.004033633507788181,8.0,0.8095238095238095,0.7646761904761905,bird-mixit
comsan,xc:839052,xc_839052,5,6.11,12.06,0,0.8386,0.011317833326756954,5.95,0.90625,0.75998125,bird-mixit
comsan,xc:798178,xc_798178,21,29.62,37.62,2,0.8372,0.0042437841184437275,8.0,0.9047619047619048,0.7574666666666667,bird-mixit
comsan,xc:798178,xc_798178,22,37.62,39.81,2,0.7882,0.004449743311852217,2.19,0.9523809523809523,0.7506666666666666,bird-mixit
comsan,xc:938711,xc_938711,0,2.37,3.24,0,0.8867,0.0017454280750826001,0.87,0.8333333333333334,0.7389166666666668,bird-mixit
comsan,xc:798178,xc_798178,18,20.48,21.09,2,0.9617,0.0036072672810405493,0.61,0.7619047619047619,0.7327238095238094,bird-mixit
comsan,xc:686345,xc_686345,14,7.61,7.69,0,0.8297,0.13357505202293396,0.08,0.875,0.7259875,bird-mixit
comsan,xc:1042071,xc_1042071,26,18.98,19.44,0,0.7725,0.00880847591906786,0.46,0.9166666666666666,0.7081249999999999,bird-mixit
comsan,xc:649693,xc_649693,1,3.2,4.0,0,0.7007,0.001466005458496511,0.8,1.0,0.7007,bird-mixit
comsan,xc:686345,xc_686345,12,6.78,7.04,0,0.8379,0.12602925300598145,0.26,0.8125,0.68079375,bird-mixit
comsan,xc:894340,xc_894340,3,1.31,1.4,3,0.7681,0.0033506390172988176,0.09,0.875,0.6720875,bird-mixit
comsan,xc:995987,xc_995987,2,1.7,1.78,2,0.9951,0.15881240367889404,0.08,0.6666666666666666,0.6634,bird-mixit
comsan,xc:938711,xc_938711,8,15.93,16.51,0,0.8522,0.001674132072366774,0.58,0.75,0.63915,bird-mixit
comsan,xc:882521,xc_882521,8,2.59,2.72,3,0.7653,0.03919889032840729,0.13,0.8333333333333334,0.63775,bird-mixit
comsan,xc:686345,xc_686345,13,7.18,7.27,0,0.843,0.12543252110481262,0.09,0.75,0.63225,bird-mixit
comsan,xc:599571,xc_599571,6,6.88,6.97,2,0.9475,0.002184444572776556,0.09,0.6666666666666666,0.6316666666666666,bird-mixit
comsan,xc:1042071,xc_1042071,10,8.53,8.74,0,0.7179,0.007323951926082373,0.21,0.875,0.6281625,bird-mixit
comsan,xc:894340,xc_894340,0,0.02,0.22,3,0.8313,0.0033496874384582043,0.2,0.75,0.623475,bird-mixit
comsan,xc:668902,xc_668902,1,15.93,16.42,0,0.6234,0.014956428669393063,0.49,1.0,0.6234,bird-mixit
comsan,xc:938711,xc_938711,2,6.69,6.81,0,0.9278,0.00149283476639539,0.12,0.6666666666666666,0.6185333333333333,bird-mixit
comsan,xc:1042071,xc_1042071,21,13.85,13.95,0,0.7307,0.007159778848290443,0.1,0.8333333333333334,0.6089166666666667,bird-mixit
comsan,xc:882521,xc_882521,2,0.89,1.01,3,0.7552,0.038462795317173004,0.12,0.75,0.5664,bird-mixit
comsan,xc:894340,xc_894340,1,0.38,0.52,3,0.8339,0.003311190055683255,0.14,0.625,0.5211875,bird-mixit
comsan,xc:900380,xc_900380,2,4.47,5.27,1,0.677,0.020849797874689102,0.8,0.75,0.50775,bird-mixit
comsan,xc:649693,xc_649693,3,5.96,6.06,2,0.7169,0.000939991616178304,0.1,0.6666666666666666,0.4779333333333333,bird-mixit
comsan,xc:882521,xc_882521,1,0.39,0.6,3,0.7119,0.033431004732847214,0.21,0.6666666666666666,0.47459999999999997,bird-mixit
comsan,xc:599571,xc_599571,2,5.71,6.06,2,0.8724,0.00203351816162467,0.35,0.5,0.4362,bird-mixit
daured1,xc:61977,xc_61977,1,8.02,14.91,0,0.9999,0.044329266995191574,6.89,1.0,0.9999,bird-mixit
daured1,xc:1052253,xc_1052253,58,30.34,30.53,1,0.9999,0.08554568141698837,0.19,1.0,0.9999,bird-mixit
daured1,xc:438628,xc_438628,26,45.73,45.93,0,0.9995,0.3904474675655365,0.2,1.0,0.9995,bird-mixit
daured1,xc:718401,xc_718401,24,29.15,31.76,0,0.9995,0.04285662993788719,2.61,1.0,0.9995,bird-mixit
daured1,xc:113350,xc_113350,53,35.27,36.91,0,0.9991,0.11977621912956238,1.64,1.0,0.9991,bird-mixit
daured1,xc:481491,xc_481491,4,9.72,11.2,0,0.9975,0.019888052716851234,1.48,1.0,0.9975,bird-mixit
daured1,xc:423316,xc_423316,15,10.99,12.21,0,0.9974,0.05573844909667969,1.22,1.0,0.9974,bird-mixit
daured1,xc:790686,xc_790686,63,34.26,34.35,1,0.997,0.002293661003932357,0.09,1.0,0.997,bird-mixit
daured1,xc:999956,xc_999956,134,165.43,166.57,0,0.9995,0.009178140200674534,1.14,0.9949238578680203,0.9944263959390863,bird-mixit
daured1,xc:999956,xc_999956,47,58.09,60.04,0,0.9937,0.013885165564715862,1.95,1.0,0.9937,bird-mixit
daured1,xc:977650,xc_977650,55,35.28,35.41,0,0.993,0.2260645478963852,0.13,1.0,0.993,bird-mixit
daured1,xc:760658,xc_760658,6,7.42,7.72,0,0.9865,0.046341583132743835,0.3,1.0,0.9865,bird-mixit
daured1,xc:1052253,xc_1052253,52,25.06,25.26,1,0.9999,0.07624679803848267,0.2,0.984375,0.9842765625000001,bird-mixit
daured1,xc:999956,xc_999956,161,192.5,194.55,0,0.9958,0.0078619085252285,2.05,0.9847715736040609,0.9806355329949238,bird-mixit
daured1,xc:999956,xc_999956,170,199.23,200.67,0,0.9979,0.007273003458976746,1.44,0.9796954314720813,0.9776380710659899,bird-mixit
daured1,xc:457952,xc_457952,5,4.65,6.18,0,0.9875,0.06473618745803833,1.53,0.99,0.9776250000000001,bird-mixit
daured1,xc:457952,xc_457952,63,59.56,61.05,0,0.9955,0.06263209134340286,1.49,0.98,0.9755900000000001,bird-mixit
daured1,xc:790686,xc_790686,38,21.9,22.19,1,0.9897,0.0021830613259226084,0.29,0.9833333333333333,0.973205,bird-mixit
daured1,xc:1052253,xc_1052253,57,29.03,29.36,1,0.9999,0.07233330607414246,0.33,0.96875,0.968653125,bird-mixit
daured1,xc:918844,xc_918844,26,63.29,64.99,0,0.9683,0.03255375474691391,1.7,1.0,0.9683,bird-mixit
daured1,xc:113350,xc_113350,41,27.06,29.25,0,0.9865,0.09657503664493561,2.19,0.9814814814814815,0.9682314814814815,bird-mixit
daured1,xc:999956,xc_999956,183,209.83,211.8,0,0.992,0.006587152369320393,1.97,0.9746192893401016,0.9668223350253807,bird-mixit
daured1,xc:457952,xc_457952,38,36.86,38.14,0,0.9955,0.06142733246088028,1.28,0.97,0.965635,bird-mixit
daured1,xc:194873,xc_194873,2,16.02,24.02,0,0.9607,0.024171555414795876,8.0,1.0,0.9607,bird-mixit
daured1,xc:113350,xc_113350,12,7.26,9.83,0,0.9961,0.09178435802459717,2.57,0.9629629629629629,0.9592074074074073,bird-mixit
daured1,xc:457952,xc_457952,43,40.63,42.33,0,0.9979,0.06136586517095566,1.7,0.96,0.957984,bird-mixit
daured1,xc:760658,xc_760658,4,3.79,4.14,0,0.9793,0.03396008163690567,0.35,0.9736842105263158,0.953528947368421,bird-mixit
daured1,xc:1052253,xc_1052253,59,32.37,32.55,1,0.9998,0.06921505182981491,0.18,0.953125,0.952934375,bird-mixit
daured1,xc:718401,xc_718401,13,17.27,20.01,0,0.991,0.042408160865306854,2.74,0.9615384615384616,0.9528846153846154,bird-mixit
daured1,xc:918844,xc_918844,23,56.38,57.86,0,0.9885,0.029932761564850807,1.48,0.9629629629629629,0.9518888888888889,bird-mixit
daured1,xc:438628,xc_438628,31,53.76,54.05,0,0.9717,0.3683529496192932,0.29,0.9791666666666666,0.95145625,bird-mixit
daured1,xc:457952,xc_457952,57,52.17,53.97,0,0.998,0.05474068224430084,1.8,0.95,0.9480999999999999,bird-mixit
daured1,xc:423316,xc_423316,14,7.75,8.98,0,0.9951,0.05287123844027519,1.23,0.9444444444444444,0.9398166666666666,bird-mixit
daured1,xc:807179,xc_807179,25,16.62,17.5,0,0.9389,0.01705232635140419,0.88,1.0,0.9389,bird-mixit
daured1,xc:438628,xc_438628,24,43.05,43.29,0,0.9999,0.3119548559188843,0.24,0.9375,0.93740625,bird-mixit
daured1,xc:113350,xc_113350,28,19.6,21.52,0,0.9924,0.08957398682832718,1.92,0.9444444444444444,0.9372666666666666,bird-mixit
daured1,xc:1052253,xc_1052253,12,5.72,6.06,1,0.9984,0.06383718550205231,0.34,0.9375,0.9359999999999999,bird-mixit
daured1,xc:790686,xc_790686,42,23.36,23.55,0,0.9848,0.0018793336348608136,0.19,0.95,0.93556,bird-mixit
daured1,xc:877986,xc_877986,37,21.81,24.38,2,0.9909,0.014143803156912327,2.57,0.9428571428571428,0.9342771428571428,bird-mixit
daured1,xc:835735,xc_835735,6,7.45,8.15,0,0.9803,0.052780602127313614,0.7,0.9444444444444444,0.9258388888888888,bird-mixit
daured1,xc:718401,xc_718401,26,32.49,36.34,0,0.9993,0.0410434789955616,3.85,0.9230769230769231,0.9224307692307693,bird-mixit
daured1,xc:113350,xc_113350,1,0.65,2.51,0,0.996,0.08655776083469391,1.86,0.9259259259259259,0.9222222222222223,bird-mixit
daured1,xc:790686,xc_790686,65,34.85,35.05,0,0.9871,0.0013539043720811605,0.2,0.9333333333333333,0.9212933333333333,bird-mixit
daured1,xc:835735,xc_835735,4,5.59,6.29,0,0.9208,0.07518894970417023,0.7,1.0,0.9208,bird-mixit
daured1,xc:481491,xc_481491,2,0.72,1.94,0,0.9973,0.018391141667962074,1.22,0.9230769230769231,0.9205846153846154,bird-mixit
daured1,xc:760658,xc_760658,13,14.95,15.25,0,0.9698,0.03269432485103607,0.3,0.9473684210526315,0.918757894736842,bird-mixit
daured1,xc:977650,xc_977650,27,12.67,12.74,1,0.9437,0.030956275761127472,0.07,0.9714285714285714,0.9167371428571428,bird-mixit
daured1,xc:438628,xc_438628,27,47.53,47.73,0,0.9999,0.3112853467464447,0.2,0.9166666666666666,0.916575,bird-mixit
daured1,xc:760656,xc_760656,38,26.29,26.73,3,0.9402,0.022522184997797012,0.44,0.971830985915493,0.9137154929577466,bird-mixit
daured1,xc:877986,xc_877986,2,2.05,2.44,0,0.9106,0.0210525281727314,0.39,1.0,0.9106,bird-mixit
daured1,xc:790686,xc_790686,55,30.53,30.63,1,0.9891,0.0012847514590248466,0.1,0.9166666666666666,0.9066749999999999,bird-mixit
daured1,xc:760656,xc_760656,15,10.06,10.55,0,0.9136,0.02323402836918831,0.49,0.9859154929577465,0.9007323943661971,bird-mixit
daured1,xc:438628,xc_438628,25,44.06,44.29,0,0.9999,0.3105264902114868,0.23,0.8958333333333334,0.8957437500000001,bird-mixit
daured1,xc:760656,xc_760656,28,18.66,19.19,0,0.931,0.022301753982901573,0.53,0.9577464788732394,0.8916619718309859,bird-mixit
daured1,xc:877985,xc_877985,28,35.79,35.88,2,0.9997,0.007915607653558254,0.09,0.8888888888888888,0.8886222222222222,bird-mixit
daured1,xc:977650,xc_977650,71,42.99,43.2,0,0.8984,0.03881564363837242,0.21,0.9857142857142858,0.8855657142857143,bird-mixit
daured1,xc:423316,xc_423316,17,15.38,16.73,0,0.9949,0.04066912829875946,1.35,0.8888888888888888,0.8843555555555556,bird-mixit
daured1,xc:718401,xc_718401,0,0.02,2.17,0,0.9997,0.03938422352075577,2.15,0.8846153846153846,0.88435,bird-mixit
daured1,xc:760658,xc_760658,41,34.24,34.45,0,0.9427,0.03135714307427406,0.21,0.9210526315789473,0.8682763157894736,bird-mixit
daured1,xc:877985,xc_877985,30,37.18,37.36,2,0.9997,0.007842857390642166,0.18,0.8666666666666667,0.8664066666666668,bird-mixit
daured1,xc:807179,xc_807179,4,2.66,2.88,1,0.9812,0.011096766218543053,0.22,0.8809523809523809,0.8643904761904762,bird-mixit
daured1,xc:877986,xc_877986,5,2.98,4.01,0,0.8888,0.017120322212576866,1.03,0.9714285714285714,0.8634057142857143,bird-mixit
daured1,xc:760658,xc_760658,14,17.14,17.44,0,0.9631,0.03131773695349693,0.3,0.8947368421052632,0.8617210526315789,bird-mixit
daured1,xc:977650,xc_977650,32,18.09,18.17,1,0.9122,0.027845332399010658,0.08,0.9428571428571428,0.8600742857142857,bird-mixit
daured1,xc:977650,xc_977650,12,7.28,7.4,0,0.8956,0.028563907369971275,0.12,0.9571428571428572,0.8572171428571429,bird-mixit
daured1,xc:807179,xc_807179,21,14.48,14.75,2,0.9988,0.010889614000916481,0.27,0.8571428571428571,0.8561142857142857,bird-mixit
daured1,xc:877986,xc_877986,36,20.16,21.76,2,0.9596,0.0087492186576128,1.6,0.8857142857142857,0.8499314285714286,bird-mixit
daured1,xc:718401,xc_718401,10,14.03,16.35,0,0.9997,0.03911139443516731,2.32,0.8461538461538461,0.8459,bird-mixit
daured1,xc:481491,xc_481491,9,16.06,16.53,0,0.9939,0.012652859091758728,0.47,0.8461538461538461,0.8409923076923077,bird-mixit
daured1,xc:760656,xc_760656,37,25.09,26.21,3,0.914,0.018434327095746994,1.12,0.9154929577464789,0.8367605633802817,bird-mixit
daured1,xc:807179,xc_807179,23,15.07,15.63,2,0.9224,0.011474451050162315,0.56,0.9047619047619048,0.8345523809523809,bird-mixit
daured1,xc:835735,xc_835735,5,6.43,7.37,2,0.9999,0.04657682031393051,0.94,0.8333333333333334,0.83325,bird-mixit
daured1,xc:918844,xc_918844,6,43.03,45.07,0,0.8993,0.026674730703234673,2.04,0.9259259259259259,0.8326851851851852,bird-mixit
daured1,xc:423316,xc_423316,20,19.88,21.33,0,0.9928,0.039958588778972626,1.45,0.8333333333333334,0.8273333333333334,bird-mixit
daured1,xc:877986,xc_877986,33,18.86,19.12,2,0.998,0.00796113908290863,0.26,0.8285714285714286,0.8269142857142857,bird-mixit
dusthr2,xc:675170,xc_675170,35,15.48,15.79,2,0.9998,0.18676598370075226,0.31,1.0,0.9998,bird-mixit
dusthr2,xc:393463,xc_393463,49,24.51,24.96,0,0.9998,0.04077906161546707,0.45,1.0,0.9998,bird-mixit
dusthr2,xc:115098,xc_115098,70,49.92,50.54,0,0.9998,0.07745681703090668,0.62,1.0,0.9998,bird-mixit
dusthr2,xc:727839,xc_727839,0,1.53,1.98,0,0.9994,0.07939977198839188,0.45,1.0,0.9994,bird-mixit
dusthr2,xc:985927,xc_985927,16,12.41,12.89,0,0.9993,0.05238724127411842,0.48,1.0,0.9993,bird-mixit
dusthr2,xc:438228,xc_438228,13,9.34,9.92,0,0.9989,0.07269217073917389,0.58,1.0,0.9989,bird-mixit
dusthr2,xc:708724,xc_708724,17,13.05,13.67,0,0.9986,0.07238930463790894,0.62,1.0,0.9986,bird-mixit
dusthr2,xc:542133,xc_542133,9,5.82,6.9,0,0.9985,0.11847181618213654,1.08,1.0,0.9985,bird-mixit
dusthr2,xc:893034,xc_893034,19,17.45,17.92,1,0.9959,0.04014863073825836,0.47,1.0,0.9959,bird-mixit
dusthr2,xc:393463,xc_393463,66,33.25,33.47,0,0.9999,0.04038388282060623,0.22,0.990990990990991,0.9908918918918919,bird-mixit
dusthr2,xc:893034,xc_893034,15,14.62,15.12,1,0.9976,0.039939723908901215,0.5,0.9908256880733946,0.9884477064220184,bird-mixit
dusthr2,xc:675617,xc_675617,14,6.84,7.01,0,0.9846,0.12690487504005432,0.17,1.0,0.9846,bird-mixit
dusthr2,xc:708761,xc_708761,53,47.67,48.34,0,0.9823,0.018695896491408348,0.67,1.0,0.9823,bird-mixit
dusthr2,xc:393463,xc_393463,93,47.9,48.22,0,0.9998,0.03858453035354614,0.32,0.9819819819819819,0.9817855855855856,bird-mixit
dusthr2,xc:893034,xc_893034,26,22.96,23.39,1,0.9983,0.03934967517852783,0.43,0.981651376146789,0.9799825688073394,bird-mixit
dusthr2,xc:790461,xc_790461,24,26.05,27.02,0,0.9769,0.010062923654913902,0.97,1.0,0.9769,bird-mixit
dusthr2,xc:115098,xc_115098,48,36.17,36.63,0,0.9878,0.0727948546409607,0.46,0.9882352941176471,0.9761788235294118,bird-mixit
dusthr2,xc:115098,xc_115098,4,1.82,2.38,0,0.9997,0.062181681394577026,0.56,0.9764705882352941,0.9761776470588235,bird-mixit
dusthr2,xc:393463,xc_393463,75,38.28,38.77,0,0.9993,0.036180973052978516,0.49,0.972972972972973,0.9722918918918919,bird-mixit
dusthr2,xc:438228,xc_438228,33,31.57,32.42,0,0.9985,0.05523112043738365,0.85,0.9722222222222222,0.970763888888889,bird-mixit
dusthr2,xc:790461,xc_790461,33,32.56,32.97,0,0.9999,0.009992198087275028,0.41,0.9696969696969697,0.9696,bird-mixit
dusthr2,xc:675617,xc_675617,2,1.3,1.47,0,0.9787,0.12377623468637466,0.17,0.98989898989899,0.9688141414141415,bird-mixit
dusthr2,xc:893034,xc_893034,33,27.51,28.18,1,0.9957,0.033990174531936646,0.67,0.9724770642201835,0.9682954128440368,bird-mixit
dusthr2,xc:115098,xc_115098,90,69.28,69.98,0,0.9992,0.06094386801123619,0.7,0.9647058823529412,0.9639341176470588,bird-mixit
dusthr2,xc:393463,xc_393463,76,38.96,39.18,0,0.9997,0.03481917455792427,0.22,0.963963963963964,0.9636747747747748,bird-mixit
dusthr2,xc:708761,xc_708761,29,30.25,31.03,0,0.9823,0.018375160172581673,0.78,0.98,0.9626539999999999,bird-mixit
dusthr2,xc:675617,xc_675617,28,12.38,12.8,0,0.9822,0.12113594263792038,0.42,0.9797979797979798,0.9623575757575757,bird-mixit
dusthr2,xc:268111,xc_268111,37,23.94,24.12,2,0.9888,0.0782853364944458,0.18,0.9722222222222222,0.9613333333333334,bird-mixit
dusthr2,xc:268111,xc_268111,36,22.97,23.85,2,0.9596,0.08218366652727127,0.88,1.0,0.9596,bird-mixit
dusthr2,xc:811955,xc_811955,6,9.9,12.29,0,0.9556,0.0328315794467926,2.39,1.0,0.9556,bird-mixit
dusthr2,xc:893034,xc_893034,39,35.38,35.79,1,0.9989,0.02209138497710228,0.41,0.9541284403669725,0.9530788990825688,bird-mixit
dusthr2,xc:115098,xc_115098,47,35.59,36.09,0,0.9997,0.0527617447078228,0.5,0.9529411764705882,0.952655294117647,bird-mixit
dusthr2,xc:675617,xc_675617,39,17.43,17.97,0,0.9809,0.1211172491312027,0.54,0.9696969696969697,0.9511757575757576,bird-mixit
dusthr2,xc:674779,xc_674779,0,0.02,3.93,3,0.9457,0.027075940743088722,3.91,1.0,0.9457,bird-mixit
dusthr2,xc:708761,xc_708761,12,17.39,17.87,0,0.9846,0.01665637455880642,0.48,0.96,0.945216,bird-mixit
dusthr2,xc:676013,xc_676013,2,0.57,1.11,3,0.9421,0.059235017746686935,0.54,1.0,0.9421,bird-mixit
dusthr2,xc:708724,xc_708724,14,9.04,9.51,0,0.9942,0.03634999692440033,0.47,0.9473684210526315,0.9418736842105262,bird-mixit
dusthr2,xc:675617,xc_675617,15,7.18,7.35,0,0.9813,0.1199764832854271,0.17,0.9595959595959596,0.941651515151515,bird-mixit
dusthr2,xc:438228,xc_438228,28,28.88,29.28,0,0.9957,0.03504284843802452,0.4,0.9444444444444444,0.9403833333333333,bird-mixit
dusthr2,xc:985927,xc_985927,13,7.79,8.33,0,0.9987,0.02710012160241604,0.54,0.9411764705882353,0.9399529411764707,bird-mixit
dusthr2,xc:790461,xc_790461,35,36.6,36.99,0,0.9999,0.009784266352653503,0.39,0.9393939393939394,0.9393,bird-mixit
dusthr2,xc:675169,xc_675169,20,13.79,14.22,0,0.9937,0.053649209439754486,0.43,0.9428571428571428,0.9369171428571429,bird-mixit
dusthr2,xc:675170,xc_675170,32,14.42,14.55,0,0.9959,0.07237303256988525,0.13,0.9393939393939394,0.9355424242424243,bird-mixit
dusthr2,xc:675169,xc_675169,10,7.1,7.67,0,0.9595,0.07401089370250702,0.57,0.9714285714285714,0.9320857142857143,bird-mixit
dusthr2,xc:438228,xc_438228,34,33.18,33.87,0,0.9957,0.03453488647937775,0.69,0.9166666666666666,0.912725,bird-mixit
dusthr2,xc:268111,xc_268111,13,7.58,7.74,2,0.9898,0.04866733402013779,0.16,0.9166666666666666,0.9073166666666667,bird-mixit
dusthr2,xc:790461,xc_790461,11,13.58,14.61,0,0.9906,0.007000121753662825,1.03,0.9090909090909091,0.9005454545454545,bird-mixit
dusthr2,xc:979887,xc_979887,4,5.52,5.75,1,0.8994,0.06924600899219513,0.23,1.0,0.8994,bird-mixit
dusthr2,xc:708724,xc_708724,6,3.73,4.18,0,0.9929,0.02657504938542843,0.45,0.8947368421052632,0.8883842105263158,bird-mixit
dusthr2,xc:674779,xc_674779,7,8.0,9.62,3,0.9981,0.025651779025793076,1.62,0.8888888888888888,0.8872,bird-mixit
dusthr2,xc:438228,xc_438228,11,7.71,8.27,0,0.9934,0.031212175264954567,0.56,0.8888888888888888,0.8830222222222222,bird-mixit
dusthr2,xc:985927,xc_985927,1,0.47,1.24,0,0.993,0.024185411632061005,0.77,0.8823529411764706,0.8761764705882352,bird-mixit
dusthr2,xc:675170,xc_675170,34,15.01,15.11,2,0.9928,0.05812041088938713,0.1,0.8787878787878788,0.872460606060606,bird-mixit
dusthr2,xc:979887,xc_979887,0,1.12,1.48,1,0.9109,0.06861136108636856,0.36,0.9565217391304348,0.8712956521739131,bird-mixit
dusthr2,xc:268111,xc_268111,12,7.34,7.5,2,0.9181,0.049068011343479156,0.16,0.9444444444444444,0.8670944444444445,bird-mixit
dusthr2,xc:790461,xc_790461,3,3.61,4.43,1,0.975,0.004263537935912609,0.82,0.8787878787878788,0.8568181818181818,bird-mixit
dusthr2,xc:542133,xc_542133,1,1.15,1.6,1,0.9136,0.0646325945854187,0.45,0.9375,0.8564999999999999,bird-mixit
dusthr2,xc:708761,xc_708761,7,6.46,6.52,2,0.9695,0.005421165376901627,0.06,0.88,0.85316,bird-mixit
dusthr2,xc:675169,xc_675169,24,18.34,18.66,0,0.9884,0.03647579997777939,0.32,0.8571428571428571,0.8472,bird-mixit
dusthr2,xc:708761,xc_708761,22,26.59,27.02,0,0.9012,0.00957255158573389,0.43,0.94,0.847128,bird-mixit
dusthr2,xc:675170,xc_675170,31,13.44,14.31,0,0.9921,0.05789261683821678,0.87,0.8484848484848485,0.8417818181818182,bird-mixit
dusthr2,xc:675169,xc_675169,22,15.42,16.6,0,0.8277,0.13477054238319397,1.18,1.0,0.8277,bird-mixit
dusthr2,xc:676013,xc_676013,13,6.16,7.01,3,0.934,0.03088011033833027,0.85,0.8823529411764706,0.8241176470588235,bird-mixit
dusthr2,xc:979887,xc_979887,11,13.38,13.55,0,0.9025,0.06757462024688721,0.17,0.9130434782608695,0.8240217391304347,bird-mixit
dusthr2,xc:985927,xc_985927,15,10.12,10.61,0,0.9968,0.02244357019662857,0.49,0.8235294117647058,0.8208941176470588,bird-mixit
dusthr2,xc:675169,xc_675169,31,22.5,22.61,0,0.9907,0.03499128296971321,0.11,0.8285714285714286,0.8208657142857143,bird-mixit
dusthr2,xc:979887,xc_979887,16,16.48,16.55,2,0.9897,0.029849110171198845,0.07,0.8260869565217391,0.8175782608695652,bird-mixit
dusthr2,xc:811955,xc_811955,8,14.18,14.81,0,0.9887,0.024718454107642174,0.63,0.8181818181818182,0.8089363636363637,bird-mixit
dusthr2,xc:268111,xc_268111,14,7.83,9.53,2,0.9037,0.038839761167764664,1.7,0.8888888888888888,0.8032888888888888,bird-mixit
dusthr2,xc:675170,xc_675170,33,14.6,14.94,2,0.8273,0.07944947481155396,0.34,0.9696969696969697,0.8022303030303031,bird-mixit
dusthr2,xc:542133,xc_542133,8,5.51,5.65,0,0.9793,0.030995143577456474,0.14,0.8125,0.79568125,bird-mixit
dusthr2,xc:811955,xc_811955,0,2.93,5.72,0,0.87,0.028518609702587128,2.79,0.9090909090909091,0.7909090909090909,bird-mixit
dusthr2,xc:674779,xc_674779,5,6.17,6.57,3,0.9983,0.02540513314306736,0.4,0.7777777777777778,0.7764555555555556,bird-mixit
dusthr2,xc:979887,xc_979887,24,21.01,21.4,2,0.9901,0.02753174677491188,0.39,0.782608695652174,0.7748608695652174,bird-mixit
dusthr2,xc:708724,xc_708724,10,6.81,7.41,0,0.9199,0.02635871060192585,0.6,0.8421052631578947,0.7746526315789474,bird-mixit
eurcoo,xc:651221,xc_651221,5,2.63,2.92,0,0.9999,0.09081315249204636,0.29,1.0,0.9999,bird-mixit
eurcoo,xc:761470,xc_761470,1,0.8,1.04,0,0.9995,0.052240319550037384,0.24,1.0,0.9995,bird-mixit
eurcoo,xc:902431,xc_902431,47,21.14,21.29,0,0.9992,0.12383490055799484,0.15,1.0,0.9992,bird-mixit
eurcoo,xc:424005,xc_424005,93,51.32,51.39,2,0.999,0.0887598842382431,0.07,1.0,0.999,bird-mixit
eurcoo,xc:785980,xc_785980,0,0.02,8.02,2,0.9962,0.032900359481573105,8.0,1.0,0.9962,bird-mixit
eurcoo,xc:528641,xc_528641,10,6.96,7.05,3,0.9958,0.015052925795316696,0.09,1.0,0.9958,bird-mixit
eurcoo,xc:761470,xc_761470,30,25.04,25.56,0,0.9995,0.047814320772886276,0.52,0.9896907216494846,0.9891958762886599,bird-mixit
eurcoo,xc:902431,xc_902431,62,27.65,28.14,0,0.997,0.1007433757185936,0.49,0.9875,0.9845375000000001,bird-mixit
eurcoo,xc:381908,xc_381908,7,6.35,6.84,0,0.984,0.057250503450632095,0.49,1.0,0.984,bird-mixit
eurcoo,xc:783012,xc_783012,6,11.39,11.5,2,0.9808,0.006753737572580576,0.11,1.0,0.9808,bird-mixit
eurcoo,xc:1031905,xc_1031905,21,13.32,13.61,0,0.978,0.024300388991832733,0.29,1.0,0.978,bird-mixit
eurcoo,xc:761470,xc_761470,26,19.85,20.72,0,0.9971,0.03276433050632477,0.87,0.979381443298969,0.976541237113402,bird-mixit
eurcoo,xc:902431,xc_902431,56,24.85,24.99,0,0.9984,0.09415770322084427,0.14,0.975,0.97344,bird-mixit
eurcoo,xc:651221,xc_651221,11,7.14,7.82,0,0.9997,0.04032858461141586,0.68,0.972972972972973,0.9726810810810812,bird-mixit
eurcoo,xc:357835,xc_357835,22,22.27,22.69,0,0.9651,0.022551199421286583,0.42,1.0,0.9651,bird-mixit
eurcoo,xc:761470,xc_761470,18,11.88,13.0,0,0.9947,0.03263941779732704,1.12,0.9690721649484536,0.9639360824742268,bird-mixit
eurcoo,xc:902431,xc_902431,71,33.75,33.89,0,0.9972,0.07379534840583801,0.14,0.9625,0.959805,bird-mixit
eurcoo,xc:761470,xc_761470,47,33.46,33.76,0,0.9993,0.021821781992912292,0.3,0.9587628865979382,0.9580917525773196,bird-mixit
eurcoo,xc:381908,xc_381908,10,8.16,8.78,0,0.997,0.05536628141999245,0.62,0.9565217391304348,0.9536521739130435,bird-mixit
eurcoo,xc:424005,xc_424005,61,37.05,37.14,2,0.98,0.06747841089963913,0.09,0.9705882352941176,0.9511764705882353,bird-mixit
eurcoo,xc:537911,xc_537911,1,2.85,3.04,0,0.9486,0.00039319859934039414,0.19,1.0,0.9486,bird-mixit
eurcoo,xc:1031905,xc_1031905,23,14.54,14.7,0,0.9768,0.023061953485012054,0.16,0.9705882352941176,0.9480705882352941,bird-mixit
eurcoo,xc:902431,xc_902431,61,26.96,27.58,0,0.9942,0.0656038373708725,0.62,0.95,0.9444899999999999,bird-mixit
eurcoo,xc:651221,xc_651221,2,0.57,1.82,0,0.9981,0.035485491156578064,1.25,0.9459459459459459,0.9441486486486487,bird-mixit
eurcoo,xc:825928,xc_825928,11,36.66,38.0,0,0.9418,0.08386918902397156,1.34,1.0,0.9418,bird-mixit
eurcoo,xc:1031905,xc_1031905,22,13.73,14.47,0,0.9981,0.02296793833374977,0.74,0.9411764705882353,0.9393882352941176,bird-mixit
eurcoo,xc:470565,xc_470565,4,13.3,13.61,0,0.9393,0.09307682514190674,0.31,1.0,0.9393,bird-mixit
eurcoo,xc:424005,xc_424005,57,34.56,35.08,2,0.9422,0.0822809487581253,0.52,0.9901960784313726,0.9329627450980393,bird-mixit
eurcoo,xc:357835,xc_357835,23,25.32,26.23,0,0.9522,0.018225353211164474,0.91,0.9772727272727273,0.930559090909091,bird-mixit
eurcoo,xc:528641,xc_528641,6,4.56,4.62,3,0.9952,0.014522594399750233,0.06,0.9333333333333333,0.9288533333333333,bird-mixit
eurcoo,xc:629958,xc_629958,0,2.52,2.59,3,0.9256,0.09707280248403549,0.07,1.0,0.9256,bird-mixit
eurcoo,xc:424005,xc_424005,63,37.39,37.49,2,0.9712,0.058418069034814835,0.1,0.9509803921568627,0.923592156862745,bird-mixit
eurcoo,xc:651221,xc_651221,14,8.81,9.22,0,0.9998,0.03469061478972435,0.41,0.918918918918919,0.9187351351351352,bird-mixit
eurcoo,xc:424005,xc_424005,62,37.22,37.31,2,0.9688,0.05687854439020157,0.09,0.9411764705882353,0.9118117647058823,bird-mixit
eurcoo,xc:825928,xc_825928,18,58.06,58.32,1,0.9766,0.021726934239268303,0.26,0.9333333333333333,0.9114933333333334,bird-mixit
eurcoo,xc:624808,xc_624808,10,23.33,23.46,0,0.9021,0.07443483918905258,0.13,1.0,0.9021,bird-mixit
eurcoo,xc:381908,xc_381908,1,1.46,2.5,0,0.9826,0.04359755292534828,1.04,0.9130434782608695,0.8971565217391304,bird-mixit
eurcoo,xc:538451,xc_538451,4,2.45,2.56,2,0.8952,0.011158651672303677,0.11,1.0,0.8952,bird-mixit
eurcoo,xc:651221,xc_651221,10,5.38,7.03,0,0.9978,0.03449143469333649,1.65,0.8918918918918919,0.8899297297297297,bird-mixit
eurcoo,xc:1031905,xc_1031905,29,16.73,16.91,3,0.9974,0.017803139984607697,0.18,0.8823529411764706,0.8800588235294117,bird-mixit
eurcoo,xc:103222,xc_103222,12,16.35,16.43,1,0.8777,0.1483606994152069,0.08,1.0,0.8777,bird-mixit
eurcoo,xc:624808,xc_624808,13,28.81,28.9,3,0.94,0.07039562612771988,0.09,0.9333333333333333,0.8773333333333333,bird-mixit
eurcoo,xc:103222,xc_103222,20,23.66,23.77,1,0.9703,0.10942518711090088,0.11,0.8928571428571429,0.8663392857142858,bird-mixit
eurcoo,xc:528641,xc_528641,15,10.76,10.82,3,0.9946,0.01446645986288786,0.06,0.8666666666666667,0.8619866666666667,bird-mixit
eurcoo,xc:357835,xc_357835,2,1.91,2.0,2,0.9953,0.005896263290196657,0.09,0.8636363636363636,0.8595772727272727,bird-mixit
eurcoo,xc:103222,xc_103222,9,10.75,10.83,1,0.8906,0.1189335361123085,0.08,0.9642857142857143,0.8587928571428571,bird-mixit
eurcoo,xc:552993,xc_552993,0,0.02,8.02,2,0.8571,0.018787331879138947,8.0,1.0,0.8571,bird-mixit
eurcoo,xc:631503,xc_631503,1,11.3,11.48,0,0.8465,0.023073242977261543,0.18,1.0,0.8465,bird-mixit
eurcoo,xc:1031905,xc_1031905,10,7.52,7.71,0,0.9284,0.020500754937529564,0.19,0.9117647058823529,0.8464823529411765,bird-mixit
eurcoo,xc:470565,xc_470565,6,15.53,15.87,0,0.909,0.08970808237791061,0.34,0.9285714285714286,0.8440714285714286,bird-mixit
eurcoo,xc:357835,xc_357835,7,14.68,14.74,2,0.9954,0.005814393050968647,0.06,0.8409090909090909,0.8370409090909091,bird-mixit
eurcoo,xc:624808,xc_624808,19,32.35,33.04,3,0.862,0.0720486268401146,0.69,0.9666666666666667,0.8332666666666667,bird-mixit
eurcoo,xc:825928,xc_825928,17,57.59,57.92,1,0.9323,0.012563305906951427,0.33,0.8666666666666667,0.8079933333333333,bird-mixit
eurcoo,xc:103222,xc_103222,10,12.53,12.61,1,0.8698,0.11850722879171371,0.08,0.9285714285714286,0.8076714285714286,bird-mixit
eurcoo,xc:357835,xc_357835,39,33.41,36.1,0,0.8422,0.011325234547257423,2.69,0.9545454545454546,0.8039181818181818,bird-mixit
eurcoo,xc:783012,xc_783012,7,12.78,13.04,2,0.9598,0.005995269399136305,0.26,0.8333333333333334,0.7998333333333334,bird-mixit
eurcoo,xc:528641,xc_528641,9,6.55,6.62,3,0.9947,0.013742822222411633,0.07,0.8,0.79576,bird-mixit
eurcoo,xc:103222,xc_103222,27,34.5,34.62,1,0.9534,0.09282607585191727,0.12,0.8214285714285714,0.78315,bird-mixit
eurcoo,xc:381908,xc_381908,0,0.02,1.29,0,0.8661,0.03841080889105797,1.27,0.8695652173913043,0.7531304347826087,bird-mixit
eurcoo,xc:551713,xc_551713,0,1.09,1.16,0,0.7463,0.0008223332115449011,0.07,1.0,0.7463,bird-mixit
eurcoo,xc:624808,xc_624808,25,39.22,39.37,0,0.8587,0.06204453483223915,0.15,0.8666666666666667,0.7442066666666667,bird-mixit
eurcoo,xc:624808,xc_624808,21,34.16,34.7,3,0.8165,0.06867769360542297,0.54,0.9,0.73485,bird-mixit
eurcoo,xc:528641,xc_528641,1,1.06,1.12,3,0.9952,0.013616437092423439,0.06,0.7333333333333333,0.7298133333333333,bird-mixit
eurcoo,xc:470565,xc_470565,15,37.38,38.57,3,0.9274,0.052358973771333694,1.19,0.7857142857142857,0.7286714285714285,bird-mixit
eurcoo,xc:538451,xc_538451,3,2.18,2.31,2,0.8982,0.011065350845456123,0.13,0.8,0.7185600000000001,bird-mixit
eurcoo,xc:381908,xc_381908,17,11.98,12.63,0,0.8629,0.026401784271001816,0.65,0.8260869565217391,0.7128304347826087,bird-mixit
eurcoo,xc:470565,xc_470565,13,26.7,31.61,3,0.8207,0.0660424679517746,4.91,0.8571428571428571,0.7034571428571428,bird-mixit
eurcoo,xc:825928,xc_825928,16,57.1,57.37,1,0.8348,0.008088845759630203,0.27,0.8,0.66784,bird-mixit
eurwig,xc:262182,xc_262182,0,0.33,0.79,0,0.9994,0.08649023622274399,0.46,1.0,0.9994,bird-mixit
eurwig,xc:674817,xc_674817,7,4.12,4.51,0,0.9993,0.07905959337949753,0.39,1.0,0.9993,bird-mixit
eurwig,xc:113187,xc_113187,152,133.18,133.61,0,0.9978,0.11454299092292786,0.43,1.0,0.9978,bird-mixit
eurwig,xc:805037,xc_805037,5,8.33,8.81,0,0.9944,0.06787032634019852,0.48,1.0,0.9944,bird-mixit
eurwig,xc:113187,xc_113187,59,39.44,40.98,0,0.9964,0.09966936707496643,1.54,0.9939024390243902,0.9903243902439024,bird-mixit
eurwig,xc:113187,xc_113187,113,97.77,99.65,0,0.9967,0.09668778628110886,1.88,0.9878048780487805,0.9845451219512196,bird-mixit
eurwig,xc:113187,xc_113187,103,87.73,89.11,0,0.9973,0.09550338238477707,1.38,0.9817073170731707,0.9790567073170732,bird-mixit
eurwig,xc:684919,xc_684919,0,0.65,1.19,0,0.979,0.3211127817630768,0.54,1.0,0.979,bird-mixit
eurwig,xc:113187,xc_113187,52,35.1,35.68,0,0.9974,0.09446727484464645,0.58,0.975609756097561,0.9730731707317073,bird-mixit
eurwig,xc:978866,xc_978866,5,5.52,5.57,2,0.9695,0.02841481752693653,0.05,1.0,0.9695,bird-mixit
eurwig,xc:796535,xc_796535,5,2.21,2.33,0,0.9637,0.06538669764995575,0.12,1.0,0.9637,bird-mixit
eurwig,xc:684919,xc_684919,5,5.42,5.85,0,0.9771,0.1389467716217041,0.43,0.9821428571428571,0.9596517857142857,bird-mixit
eurwig,xc:702702,xc_702702,3,3.59,3.95,0,0.9571,0.031992603093385696,0.36,1.0,0.9571,bird-mixit
eurwig,xc:706792,xc_706792,7,4.7,5.53,0,0.9498,0.0373118631541729,0.83,1.0,0.9498,bird-mixit
eurwig,xc:266803,xc_266803,163,135.34,135.99,0,0.9548,0.04420618712902069,0.65,0.9936708860759493,0.9487569620253165,bird-mixit
eurwig,xc:702703,xc_702703,3,2.11,2.46,0,0.946,0.009632699191570282,0.35,1.0,0.946,bird-mixit
eurwig,xc:706795,xc_706795,2,5.77,5.9,2,0.944,0.00685900216922164,0.13,1.0,0.944,bird-mixit
eurwig,xc:684919,xc_684919,24,14.6,14.83,0,0.9754,0.13888846337795258,0.23,0.9642857142857143,0.9405642857142857,bird-mixit
eurwig,xc:805037,xc_805037,8,10.22,10.85,0,0.9874,0.059319380670785904,0.63,0.9411764705882353,0.9293176470588236,bird-mixit
eurwig,xc:674817,xc_674817,6,3.74,4.06,0,0.9991,0.061544500291347504,0.32,0.9285714285714286,0.9277357142857143,bird-mixit
eurwig,xc:994831,xc_994831,0,0.02,8.02,2,0.9225,0.06434989720582962,8.0,1.0,0.9225,bird-mixit
eurwig,xc:1051756,xc_1051756,23,17.36,18.11,3,0.9617,0.004091175273060799,0.75,0.9565217391304348,0.9198869565217391,bird-mixit
eurwig,xc:266803,xc_266803,118,87.64,88.27,0,0.9179,0.0651249960064888,0.63,1.0,0.9179,bird-mixit
eurwig,xc:266803,xc_266803,222,187.44,188.08,0,0.925,0.04212019965052605,0.64,0.9810126582278481,0.9074367088607596,bird-mixit
eurwig,xc:684919,xc_684919,52,28.2,28.79,0,0.9563,0.13084493577480316,0.59,0.9464285714285714,0.9050696428571429,bird-mixit
eurwig,xc:266803,xc_266803,206,179.39,179.46,2,0.9458,0.02879706397652626,0.07,0.9556962025316456,0.9038974683544303,bird-mixit
eurwig,xc:266803,xc_266803,201,177.0,177.08,2,0.9342,0.030626341700553894,0.08,0.9620253164556962,0.8987240506329114,bird-mixit
eurwig,xc:894419,xc_894419,13,18.62,18.72,2,0.8937,0.015927491709589958,0.1,1.0,0.8937,bird-mixit
eurwig,xc:684919,xc_684919,19,12.45,12.9,0,0.9683,0.12472271174192429,0.45,0.9107142857142857,0.8818446428571429,bird-mixit
eurwig,xc:695704,xc_695704,69,56.83,56.91,2,0.9113,0.005013423040509224,0.08,0.9666666666666667,0.8809233333333334,bird-mixit
eurwig,xc:805037,xc_805037,7,9.21,9.86,0,0.9848,0.05731823667883873,0.65,0.8823529411764706,0.8689411764705882,bird-mixit
eurwig,xc:674817,xc_674817,5,3.28,3.57,0,0.9988,0.05001421645283699,0.29,0.8571428571428571,0.8561142857142857,bird-mixit
eurwig,xc:702703,xc_702703,1,1.27,1.45,0,0.9409,0.008321546018123627,0.18,0.9090909090909091,0.8553636363636363,bird-mixit
eurwig,xc:1051756,xc_1051756,15,13.94,13.99,3,0.9349,0.0039338781498372555,0.05,0.9130434782608695,0.8536043478260869,bird-mixit
eurwig,xc:695704,xc_695704,4,1.99,2.35,0,0.8549,0.0052281771786510944,0.36,0.9833333333333333,0.8406516666666666,bird-mixit
eurwig,xc:695704,xc_695704,19,12.56,12.95,0,0.9005,0.0043409946374595165,0.39,0.9333333333333333,0.8404666666666667,bird-mixit
eurwig,xc:706792,xc_706792,13,7.19,7.69,2,0.8889,0.012811546213924885,0.5,0.9411764705882353,0.8366117647058824,bird-mixit
eurwig,xc:695704,xc_695704,57,42.39,44.07,2,0.8226,0.005244760308414698,1.68,1.0,0.8226,bird-mixit
eurwig,xc:805037,xc_805037,9,11.45,11.67,0,0.9987,0.04795649275183678,0.22,0.8235294117647058,0.8224588235294118,bird-mixit
eurwig,xc:695704,xc_695704,43,32.16,32.48,0,0.8562,0.004454200621694326,0.32,0.95,0.81339,bird-mixit
eurwig,xc:702702,xc_702702,10,8.07,8.27,3,0.9002,0.01342124305665493,0.2,0.9,0.81018,bird-mixit
eurwig,xc:978866,xc_978866,3,3.88,4.13,2,0.9463,0.026975363492965698,0.25,0.8333333333333334,0.7885833333333334,bird-mixit
eurwig,xc:674817,xc_674817,8,4.69,5.02,0,0.9988,0.048074718564748764,0.33,0.7857142857142857,0.7847714285714286,bird-mixit
eurwig,xc:1051756,xc_1051756,10,6.16,6.22,3,0.9284,0.003794626332819462,0.06,0.8260869565217391,0.7669391304347826,bird-mixit
eurwig,xc:706792,xc_706792,14,7.83,8.49,2,0.8667,0.011902295984327793,0.66,0.8823529411764706,0.7647352941176471,bird-mixit
eurwig,xc:796535,xc_796535,8,5.71,5.84,0,0.9455,0.05605379492044449,0.13,0.8,0.7564000000000001,bird-mixit
eurwig,xc:706795,xc_706795,4,10.81,11.09,2,0.9227,0.00493303406983614,0.28,0.8181818181818182,0.7549363636363636,bird-mixit
eurwig,xc:706792,xc_706792,17,10.54,10.94,2,0.9167,0.011423846706748009,0.4,0.8235294117647058,0.7549294117647058,bird-mixit
eurwig,xc:484471,xc_484471,5,7.4,7.52,1,0.8059,0.026262126863002777,0.12,0.9285714285714286,0.7483357142857142,bird-mixit
eurwig,xc:1051756,xc_1051756,11,7.65,7.89,0,0.7142,0.005442213732749224,0.24,1.0,0.7142,bird-mixit
eurwig,xc:674817,xc_674817,4,2.39,3.11,0,0.9898,0.03543929383158684,0.72,0.7142857142857143,0.7070000000000001,bird-mixit
eurwig,xc:805037,xc_805037,13,16.85,17.98,0,0.9243,0.04680295288562775,1.13,0.7647058823529411,0.7068176470588234,bird-mixit
eurwig,xc:702703,xc_702703,11,8.55,8.81,1,0.9707,0.005817628465592861,0.26,0.7272727272727273,0.7059636363636363,bird-mixit
eurwig,xc:706792,xc_706792,6,4.14,4.36,2,0.9116,0.011331739835441113,0.22,0.7647058823529411,0.6971058823529411,bird-mixit
eurwig,xc:706795,xc_706795,1,5.12,5.56,2,0.765,0.006344001740217209,0.44,0.9090909090909091,0.6954545454545454,bird-mixit
eurwig,xc:706795,xc_706795,11,18.68,18.77,2,0.9495,0.004859342705458403,0.09,0.7272727272727273,0.6905454545454546,bird-mixit
eurwig,xc:1051756,xc_1051756,22,17.02,17.28,3,0.9176,0.003543826751410961,0.26,0.7391304347826086,0.6782260869565216,bird-mixit
eurwig,xc:994831,xc_994831,2,16.02,20.53,2,0.9978,0.05724424496293068,4.51,0.6666666666666666,0.6652,bird-mixit
eutspa,xc:636987,xc_636987,8,5.16,5.44,0,0.9998,0.12580864131450653,0.28,1.0,0.9998,bird-mixit
eutspa,xc:629244,xc_629244,32,27.81,28.02,0,0.9998,0.13730649650096893,0.21,1.0,0.9998,bird-mixit
eutspa,xc:770219,xc_770219,6,7.95,8.15,0,0.9998,0.038014914840459824,0.2,1.0,0.9998,bird-mixit
eutspa,xc:358624,xc_358624,5,5.17,6.31,0,0.9994,0.14475682377815247,1.14,1.0,0.9994,bird-mixit
eutspa,xc:341173,xc_341173,27,15.57,15.77,0,0.9993,0.035731036216020584,0.2,1.0,0.9993,bird-mixit
eutspa,xc:155563,xc_155563,96,83.09,83.29,0,0.9992,0.029823333024978638,0.2,1.0,0.9992,bird-mixit
eutspa,xc:381814,xc_381814,12,6.15,6.5,0,0.9987,0.05665227398276329,0.35,1.0,0.9987,bird-mixit
eutspa,xc:164536,xc_164536,49,23.29,23.69,0,0.9987,0.05544380843639374,0.4,1.0,0.9987,bird-mixit
eutspa,xc:435311,xc_435311,25,12.28,12.61,0,0.9986,0.04524474963545799,0.33,1.0,0.9986,bird-mixit
eutspa,xc:936174,xc_936174,49,22.49,23.14,0,0.9968,0.06841299682855606,0.65,1.0,0.9968,bird-mixit
eutspa,xc:155563,xc_155563,145,123.73,123.98,0,0.9994,0.0258769728243351,0.25,0.9971098265895953,0.9965115606936416,bird-mixit
eutspa,xc:539149,xc_539149,5,2.9,3.15,0,0.9959,0.03260604292154312,0.25,1.0,0.9959,bird-mixit
eutspa,xc:185713,xc_185713,63,22.99,24.61,2,0.9946,0.175416499376297,1.62,1.0,0.9946,bird-mixit
eutspa,xc:112694,xc_112694,2,1.37,1.77,0,0.9938,0.08765695989131927,0.4,1.0,0.9938,bird-mixit
eutspa,xc:164536,xc_164536,20,10.2,10.44,0,0.9992,0.05271737277507782,0.24,0.9937888198757764,0.9929937888198758,bird-mixit
eutspa,xc:155563,xc_155563,115,99.39,99.79,0,0.9984,0.023399965837597847,0.4,0.9942196531791907,0.9926289017341039,bird-mixit
eutspa,xc:147804,xc_147804,5,3.05,3.11,2,0.9925,0.012411674484610558,0.06,1.0,0.9925,bird-mixit
eutspa,xc:167533,xc_167533,53,29.57,29.77,0,0.992,0.03329740837216377,0.2,1.0,0.992,bird-mixit
eutspa,xc:155563,xc_155563,334,232.72,232.98,0,0.9996,0.02324417419731617,0.26,0.9913294797687862,0.9909329479768787,bird-mixit
eutspa,xc:168210,xc_168210,27,37.09,37.39,0,0.9888,0.06380356103181839,0.3,1.0,0.9888,bird-mixit
eutspa,xc:936174,xc_936174,219,83.09,83.53,0,0.9947,0.06418734043836594,0.44,0.9940476190476191,0.9887791666666668,bird-mixit
eutspa,xc:936174,xc_936174,51,23.69,23.88,0,0.9987,0.05303207039833069,0.19,0.9880952380952381,0.9868107142857143,bird-mixit
eutspa,xc:164536,xc_164536,29,15.14,15.38,0,0.9986,0.05058974027633667,0.24,0.9875776397515528,0.9861950310559007,bird-mixit
eutspa,xc:629244,xc_629244,30,25.96,26.15,0,0.9998,0.12922723591327667,0.19,0.9855072463768116,0.9853101449275363,bird-mixit
eutspa,xc:358624,xc_358624,7,7.41,7.93,0,0.9999,0.14448420703411102,0.52,0.9852941176470589,0.9851955882352942,bird-mixit
eutspa,xc:155563,xc_155563,135,119.8,120.05,0,0.9989,0.0209736879914999,0.25,0.9826589595375722,0.9815780346820809,bird-mixit
eutspa,xc:164536,xc_164536,63,30.44,30.76,0,0.9986,0.046008605509996414,0.32,0.9813664596273292,0.9799925465838509,bird-mixit
eutspa,xc:497883,xc_497883,3,24.02,32.02,0,0.979,0.04321861267089844,8.0,1.0,0.979,bird-mixit
eutspa,xc:167533,xc_167533,83,43.93,44.14,0,0.9957,0.02760912850499153,0.21,0.9821428571428571,0.9779196428571428,bird-mixit
eutspa,xc:381814,xc_381814,1,0.81,1.06,0,0.9981,0.046102192252874374,0.25,0.9787234042553191,0.976863829787234,bird-mixit
eutspa,xc:167533,xc_167533,51,28.68,28.87,0,0.9848,0.029040493071079254,0.19,0.9910714285714286,0.9760071428571429,bird-mixit
eutspa,xc:341173,xc_341173,34,18.79,18.94,0,0.9987,0.03467831015586853,0.15,0.9767441860465116,0.9754744186046511,bird-mixit
eutspa,xc:164536,xc_164536,3,1.22,1.44,0,0.9988,0.0455004945397377,0.22,0.9751552795031055,0.9739850931677019,bird-mixit
eutspa,xc:936174,xc_936174,199,74.55,75.47,0,0.9907,0.04729369655251503,0.92,0.9821428571428571,0.9730089285714285,bird-mixit
eutspa,xc:870762,xc_870762,2,3.03,3.62,1,0.9713,0.027326088398694992,0.59,1.0,0.9713,bird-mixit
eutspa,xc:636987,xc_636987,2,1.68,2.12,0,0.9997,0.0924210399389267,0.44,0.9705882352941176,0.9702970588235295,bird-mixit
eutspa,xc:358624,xc_358624,4,4.24,4.93,0,0.9995,0.14359150826931,0.69,0.9705882352941176,0.9701029411764707,bird-mixit
eutspa,xc:435311,xc_435311,20,9.5,9.68,0,0.996,0.041410766541957855,0.18,0.9736842105263158,0.9697894736842105,bird-mixit
eutspa,xc:936174,xc_936174,106,44.45,45.4,0,0.9881,0.04724613204598427,0.95,0.9761904761904762,0.9645738095238094,bird-mixit
eutspa,xc:629244,xc_629244,50,41.07,41.27,0,0.9997,0.1180003359913826,0.2,0.9565217391304348,0.9562347826086958,bird-mixit
eutspa,xc:358624,xc_358624,23,21.43,21.88,0,0.9996,0.1346309930086136,0.45,0.9558823529411765,0.9555000000000001,bird-mixit
eutspa,xc:168210,xc_168210,28,37.47,40.65,0,0.9799,0.046098802238702774,3.18,0.975,0.9554024999999999,bird-mixit
eutspa,xc:770219,xc_770219,8,9.23,9.46,0,0.9993,0.02372663840651512,0.23,0.9545454545454546,0.9538772727272727,bird-mixit
eutspa,xc:381814,xc_381814,17,9.79,9.92,0,0.9961,0.02978820912539959,0.13,0.9574468085106383,0.9537127659574468,bird-mixit
eutspa,xc:341173,xc_341173,28,16.52,16.68,0,0.9991,0.03236784040927887,0.16,0.9534883720930233,0.9526302325581395,bird-mixit
eutspa,xc:167533,xc_167533,55,30.56,30.77,0,0.9868,0.023908380419015884,0.21,0.9642857142857143,0.9515571428571429,bird-mixit
eutspa,xc:167533,xc_167533,87,45.99,46.18,0,0.9926,0.02225770242512226,0.19,0.9553571428571429,0.9482875000000001,bird-mixit
eutspa,xc:168210,xc_168210,3,4.67,4.91,0,0.9953,0.03917616233229637,0.24,0.95,0.9455349999999999,bird-mixit
eutspa,xc:435311,xc_435311,27,13.25,13.46,0,0.9953,0.03705424442887306,0.21,0.9473684210526315,0.9429157894736842,bird-mixit
eutspa,xc:629244,xc_629244,29,25.7,25.91,0,0.9997,0.11134433001279831,0.21,0.9420289855072463,0.9417463768115942,bird-mixit
eutspa,xc:185713,xc_185713,18,8.5,8.67,1,0.9479,0.029845809563994408,0.17,0.9931972789115646,0.9414517006802721,bird-mixit
eutspa,xc:358624,xc_358624,64,51.59,52.18,0,0.9964,0.13404518365859985,0.59,0.9411764705882353,0.9377882352941176,bird-mixit
eutspa,xc:656912,xc_656912,42,27.74,27.91,0,0.9522,0.005029005464166403,0.17,0.9833333333333333,0.93633,bird-mixit
eutspa,xc:656912,xc_656912,31,20.73,21.5,0,0.9356,0.0050429049879312515,0.77,1.0,0.9356,bird-mixit
eutspa,xc:185713,xc_185713,8,3.77,3.95,1,0.9484,0.02787930704653263,0.18,0.9863945578231292,0.9354965986394558,bird-mixit
eutspa,xc:636987,xc_636987,22,15.93,16.2,0,0.9899,0.08475564420223236,0.27,0.9411764705882353,0.9316705882352941,bird-mixit
eutspa,xc:341173,xc_341173,25,15.0,15.17,0,0.9985,0.031046900898218155,0.17,0.9302325581395349,0.9288372093023256,bird-mixit
eutspa,xc:629244,xc_629244,36,29.75,29.94,0,0.9997,0.10918380320072174,0.19,0.927536231884058,0.9272579710144928,bird-mixit
eutspa,xc:185713,xc_185713,82,33.75,33.92,1,0.9439,0.02666279301047325,0.17,0.9795918367346939,0.9246367346938775,bird-mixit
eutspa,xc:435311,xc_435311,24,11.41,11.83,0,0.9928,0.030445173382759094,0.42,0.9210526315789473,0.9144210526315789,bird-mixit
eutspa,xc:185713,xc_185713,61,22.42,22.6,1,0.9373,0.02576790191233158,0.18,0.9727891156462585,0.9117952380952381,bird-mixit
eutspa,xc:636987,xc_636987,20,13.96,14.32,0,0.9985,0.0810195803642273,0.36,0.9117647058823529,0.9103970588235294,bird-mixit
eutspa,xc:656912,xc_656912,6,8.67,9.91,0,0.9377,0.004871285054832697,1.24,0.9666666666666667,0.9064433333333333,bird-mixit
eutspa,xc:341173,xc_341173,31,17.5,17.78,0,0.9989,0.029935603961348534,0.28,0.9069767441860465,0.9059790697674418,bird-mixit
eutspa,xc:539149,xc_539149,11,5.97,6.2,0,0.9965,0.031350430101156235,0.23,0.9090909090909091,0.9059090909090909,bird-mixit
eutspa,xc:770219,xc_770219,5,6.19,6.64,0,0.9945,0.023047776892781258,0.45,0.9090909090909091,0.9040909090909091,bird-mixit
eutspa,xc:147804,xc_147804,2,1.67,1.76,2,0.9943,0.00919944979250431,0.09,0.9047619047619048,0.8996047619047619,bird-mixit
eutspa,xc:656912,xc_656912,15,12.65,12.83,0,0.9463,0.004790766630321741,0.18,0.95,0.898985,bird-mixit
eutspa,xc:497883,xc_497883,7,56.02,64.02,0,0.9788,0.041704364120960236,8.0,0.9166666666666666,0.8972333333333333,bird-mixit
eutspa,xc:112694,xc_112694,5,3.42,3.97,0,0.9339,0.0764753520488739,0.55,0.96,0.8965439999999999,bird-mixit
eutspa,xc:126967,xc_126967,14,95.14,103.14,2,0.896,0.00538265984505415,8.0,1.0,0.896,bird-mixit
eutspa,xc:381814,xc_381814,51,28.89,29.09,0,0.9757,0.022849470376968384,0.2,0.9148936170212766,0.8926617021276596,bird-mixit
eutspa,xc:435311,xc_435311,21,10.39,10.52,0,0.9924,0.029666025191545486,0.13,0.8947368421052632,0.8879368421052631,bird-mixit
eutspa,xc:497883,xc_497883,0,0.02,8.02,0,0.9212,0.04171789810061455,8.0,0.9583333333333334,0.8828166666666667,bird-mixit
eutspa,xc:636987,xc_636987,6,4.06,4.48,0,0.9996,0.07692763209342957,0.42,0.8823529411764706,0.882,bird-mixit
gadwal,xc:595438,xc_595438,33,45.34,45.4,2,0.9997,0.040830083191394806,0.06,1.0,0.9997,bird-mixit
gadwal,xc:548049,xc_548049,3,3.59,3.88,0,0.9992,0.01704329252243042,0.29,1.0,0.9992,bird-mixit
gadwal,xc:539308,xc_539308,46,47.28,47.41,2,0.9991,0.019883502274751663,0.13,1.0,0.9991,bird-mixit
gadwal,xc:622760,xc_622760,2,2.3,2.5,0,0.9984,0.17271235585212708,0.2,1.0,0.9984,bird-mixit
gadwal,xc:1021731,xc_1021731,2,16.02,17.4,0,0.9975,0.09438720345497131,1.38,1.0,0.9975,bird-mixit
gadwal,xc:1021727,xc_1021727,40,39.77,40.84,0,0.997,0.020854385569691658,1.07,1.0,0.997,bird-mixit
gadwal,xc:651967,xc_651967,55,35.82,36.41,0,0.9961,0.04021156579256058,0.59,1.0,0.9961,bird-mixit
gadwal,xc:284792,xc_284792,4,3.85,4.25,0,0.9948,0.019555021077394485,0.4,1.0,0.9948,bird-mixit
gadwal,xc:424359,xc_424359,0,0.02,8.02,3,0.9934,0.024886377155780792,8.0,1.0,0.9934,bird-mixit
gadwal,xc:1021729,xc_1021729,61,34.96,36.77,1,0.989,0.03169550746679306,1.81,1.0,0.989,bird-mixit
gadwal,xc:210379,xc_210379,3,4.88,5.13,0,0.9845,0.063548244535923,0.25,1.0,0.9845,bird-mixit
gadwal,xc:1021729,xc_1021729,48,26.0,26.28,3,0.9972,0.028609562665224075,0.28,0.9846153846153847,0.9818584615384616,bird-mixit
gadwal,xc:651967,xc_651967,41,27.46,28.36,0,0.9866,0.03475899621844292,0.9,0.9912280701754386,0.9779456140350877,bird-mixit
gadwal,xc:622760,xc_622760,1,1.44,1.67,0,0.9951,0.14288125932216644,0.23,0.9818181818181818,0.9770072727272727,bird-mixit
gadwal,xc:651967,xc_651967,70,41.2,42.05,0,0.9889,0.027709584683179855,0.85,0.9824561403508771,0.9715508771929824,bird-mixit
gadwal,xc:1021736,xc_1021736,3,1.95,3.68,0,0.9689,0.02320406585931778,1.73,1.0,0.9689,bird-mixit
gadwal,xc:359036,xc_359036,4,5.29,6.86,0,0.9643,0.0557083934545517,1.57,1.0,0.9643,bird-mixit
gadwal,xc:595438,xc_595438,22,38.66,38.95,2,0.9844,0.03954751417040825,0.29,0.9772727272727273,0.9620272727272728,bird-mixit
gadwal,xc:1021729,xc_1021729,0,0.02,0.12,3,0.9908,0.0228289682418108,0.1,0.9692307692307692,0.9603138461538462,bird-mixit
gadwal,xc:622760,xc_622760,24,46.83,47.01,0,0.9929,0.10155350714921951,0.18,0.9636363636363636,0.9567945454545455,bird-mixit
gadwal,xc:357526,xc_357526,112,65.53,65.62,2,0.9946,0.015353388153016567,0.09,0.9606299212598425,0.9554425196850393,bird-mixit
gadwal,xc:539308,xc_539308,33,37.37,37.45,2,0.9989,0.017925212159752846,0.08,0.9555555555555556,0.9545044444444445,bird-mixit
gadwal,xc:595438,xc_595438,21,38.35,38.57,2,0.9998,0.03876407444477081,0.22,0.9545454545454546,0.9543545454545456,bird-mixit
gadwal,xc:651967,xc_651967,32,22.68,23.54,0,0.9839,0.023487577214837074,0.86,0.9649122807017544,0.9493771929824562,bird-mixit
gadwal,xc:357526,xc_357526,115,66.52,66.6,2,0.9961,0.015293302945792675,0.08,0.952755905511811,0.9490401574803149,bird-mixit
gadwal,xc:1021727,xc_1021727,12,5.86,6.16,0,0.9944,0.016093023121356964,0.3,0.9534883720930233,0.9481488372093023,bird-mixit
gadwal,xc:539308,xc_539308,24,23.18,30.45,2,0.9629,0.018454143777489662,7.27,0.9777777777777777,0.9415022222222221,bird-mixit
gadwal,xc:1048306,xc_1048306,0,0.14,0.38,0,0.9409,0.058360371738672256,0.24,1.0,0.9409,bird-mixit
gadwal,xc:622760,xc_622760,69,83.84,84.03,0,0.9947,0.09672246128320694,0.19,0.9454545454545454,0.9404436363636364,bird-mixit
gadwal,xc:526342,xc_526342,0,0.02,4.43,3,0.9393,0.014365564100444317,4.41,1.0,0.9393,bird-mixit
gadwal,xc:357526,xc_357526,127,70.91,73.24,0,0.9388,0.057264890521764755,2.33,1.0,0.9388,bird-mixit
gadwal,xc:779907,xc_779907,2,0.92,1.29,0,0.9321,0.028256883844733238,0.37,1.0,0.9321,bird-mixit
gadwal,xc:539308,xc_539308,35,38.02,39.04,2,0.9976,0.016007332131266594,1.02,0.9333333333333333,0.9310933333333334,bird-mixit
gadwal,xc:651967,xc_651967,4,1.01,1.35,0,0.9681,0.02097945474088192,0.34,0.956140350877193,0.9256394736842105,bird-mixit
gadwal,xc:548049,xc_548049,1,0.34,2.77,0,0.9689,0.01620006002485752,2.43,0.9545454545454546,0.9248590909090909,bird-mixit
gadwal,xc:1021729,xc_1021729,37,18.63,18.97,3,0.9832,0.014027268625795841,0.34,0.9384615384615385,0.9226953846153846,bird-mixit
gadwal,xc:1021727,xc_1021727,39,37.58,39.71,0,0.9911,0.015509027987718582,2.13,0.9302325581395349,0.921953488372093,bird-mixit
gadwal,xc:622760,xc_622760,25,50.42,50.61,0,0.9932,0.08621352910995483,0.19,0.9272727272727272,0.9209672727272726,bird-mixit
gadwal,xc:357526,xc_357526,28,20.39,20.59,2,0.9798,0.01480904035270214,0.2,0.937007874015748,0.9180803149606299,bird-mixit
gadwal,xc:1021729,xc_1021729,59,33.64,33.76,3,0.9888,0.013950281776487827,0.12,0.9230769230769231,0.9127384615384616,bird-mixit
gadwal,xc:357526,xc_357526,87,55.2,55.83,0,0.9196,0.043879736214876175,0.63,0.9921259842519685,0.9123590551181102,bird-mixit
gadwal,xc:595438,xc_595438,20,38.05,38.12,2,0.9996,0.03490452468395233,0.07,0.9090909090909091,0.9087272727272727,bird-mixit
gadwal,xc:707600,xc_707600,10,4.79,5.08,0,0.9087,0.09379305690526962,0.29,1.0,0.9087,bird-mixit
gadwal,xc:539308,xc_539308,45,46.46,46.74,2,0.9942,0.01565585844218731,0.28,0.9111111111111111,0.9058266666666667,bird-mixit
gadwal,xc:963992,xc_963992,3,2.56,3.96,0,0.9569,0.015578050166368484,1.4,0.9444444444444444,0.9037388888888889,bird-mixit
gadwal,xc:548049,xc_548049,2,2.84,3.53,0,0.985,0.014922169037163258,0.69,0.9090909090909091,0.8954545454545454,bird-mixit
gadwal,xc:595438,xc_595438,31,44.67,44.82,2,0.9994,0.034338172525167465,0.15,0.8863636363636364,0.8858318181818181,bird-mixit
gadwal,xc:284792,xc_284792,6,4.95,5.27,0,0.9955,0.017657535150647163,0.32,0.8888888888888888,0.8848888888888888,bird-mixit
gadwal,xc:1021727,xc_1021727,38,32.83,37.47,0,0.9897,0.011390731669962406,4.64,0.8837209302325582,0.8746186046511628,bird-mixit
gadwal,xc:548049,xc_548049,7,8.87,9.17,0,0.9972,0.013320041820406914,0.3,0.8636363636363636,0.8612181818181818,bird-mixit
gadwal,xc:1021727,xc_1021727,37,24.83,32.83,0,0.9808,0.00954844243824482,8.0,0.8604651162790697,0.8439441860465116,bird-mixit
gadwal,xc:963992,xc_963992,8,5.49,5.79,0,0.9466,0.008676644414663315,0.3,0.8888888888888888,0.8414222222222222,bird-mixit
gadwal,xc:548049,xc_548049,4,3.95,5.0,0,0.9973,0.012619467452168465,1.05,0.8181818181818182,0.8159727272727273,bird-mixit
gadwal,xc:963992,xc_963992,9,5.94,6.26,0,0.9541,0.00850865337997675,0.32,0.8333333333333334,0.7950833333333334,bird-mixit
gadwal,xc:284792,xc_284792,2,2.69,3.0,0,0.9857,0.012016561813652515,0.31,0.7777777777777778,0.7666555555555555,bird-mixit
gadwal,xc:359036,xc_359036,1,0.76,1.51,0,0.912,0.047085974365472794,0.75,0.8333333333333334,0.76,bird-mixit
gadwal,xc:1021736,xc_1021736,2,1.7,1.9,0,0.9085,0.016709771007299423,0.2,0.8333333333333334,0.7570833333333333,bird-mixit
gadwal,xc:963992,xc_963992,2,1.2,2.47,0,0.7071,0.020918842405080795,1.27,1.0,0.7071,bird-mixit
gadwal,xc:707600,xc_707600,3,1.06,1.16,3,0.8648,0.04547861963510513,0.1,0.7777777777777778,0.6726222222222222,bird-mixit
gnwtea,xc:838829,xc_838829,21,30.3,30.6,0,0.9993,0.026860712096095085,0.3,1.0,0.9993,bird-mixit
gnwtea,xc:999210,xc_999210,2,16.02,22.9,3,0.9986,0.03746709227561951,6.88,1.0,0.9986,bird-mixit
gnwtea,xc:1009913,xc_1009913,27,11.13,11.48,0,0.9967,0.04410041496157646,0.35,1.0,0.9967,bird-mixit
gnwtea,xc:668181,xc_668181,3,1.21,2.25,0,0.9913,0.007453444413840771,1.04,1.0,0.9913,bird-mixit
gnwtea,xc:533237,xc_533237,11,6.61,7.25,3,0.9902,0.06384846568107605,0.64,1.0,0.9902,bird-mixit
gnwtea,xc:533237,xc_533237,69,34.05,34.23,0,0.9978,0.03691388666629791,0.18,0.9897959183673469,0.9876183673469388,bird-mixit
gnwtea,xc:309109,xc_309109,18,11.35,11.49,0,0.9869,0.02272985875606537,0.14,1.0,0.9869,bird-mixit
gnwtea,xc:35591,xc_35591,18,10.4,10.65,0,0.9849,0.04667727276682854,0.25,1.0,0.9849,bird-mixit
gnwtea,xc:365480,xc_365480,45,24.74,27.24,2,0.9948,0.16562609374523163,2.5,0.9879518072289156,0.9828144578313253,bird-mixit
gnwtea,xc:1025891,xc_1025891,11,4.3,4.55,0,0.9827,0.03352551534771919,0.25,1.0,0.9827,bird-mixit
gnwtea,xc:365480,xc_365480,60,34.81,36.09,2,0.9805,0.18646802008152008,1.28,1.0,0.9805,bird-mixit
gnwtea,xc:533237,xc_533237,75,36.93,37.23,0,0.9969,0.03252767026424408,0.3,0.9795918367346939,0.9765551020408163,bird-mixit
gnwtea,xc:871356,xc_871356,7,5.2,5.42,0,0.9722,0.004339057020843029,0.22,1.0,0.9722,bird-mixit
gnwtea,xc:1068699,xc_1068699,2,0.55,0.66,2,0.9724,0.0642601028084755,0.11,0.9953703703703703,0.9678981481481481,bird-mixit
gnwtea,xc:533237,xc_533237,74,36.1,36.45,0,0.9965,0.029068568721413612,0.35,0.9693877551020408,0.9659948979591837,bird-mixit
gnwtea,xc:641380,xc_641380,13,6.92,7.13,0,0.9644,0.02336120791733265,0.21,1.0,0.9644,bird-mixit
gnwtea,xc:838829,xc_838829,17,22.44,22.76,0,0.9993,0.026295706629753113,0.32,0.9642857142857143,0.9636107142857143,bird-mixit
gnwtea,xc:365480,xc_365480,19,9.3,9.49,3,0.9979,0.0919465720653534,0.19,0.963855421686747,0.9618313253012049,bird-mixit
gnwtea,xc:1068699,xc_1068699,183,118.54,118.66,2,0.9783,0.05465925484895706,0.12,0.9814814814814815,0.9601833333333333,bird-mixit
gnwtea,xc:1009913,xc_1009913,19,8.62,8.8,0,0.9941,0.016843780875205994,0.18,0.9655172413793104,0.9598206896551724,bird-mixit
gnwtea,xc:280945,xc_280945,29,14.63,17.71,0,0.9536,0.08140966296195984,3.08,1.0,0.9536,bird-mixit
gnwtea,xc:309109,xc_309109,15,10.6,10.84,0,0.9862,0.021890468895435333,0.24,0.9666666666666667,0.9533266666666667,bird-mixit
gnwtea,xc:533237,xc_533237,10,6.16,6.45,0,0.9933,0.02761460468173027,0.29,0.9591836734693877,0.9527571428571427,bird-mixit
gnwtea,xc:365480,xc_365480,25,12.13,12.29,3,0.9963,0.08826473355293274,0.16,0.9518072289156626,0.9482855421686747,bird-mixit
gnwtea,xc:1068699,xc_1068699,0,0.02,0.17,2,0.9597,0.059277646243572235,0.15,0.9861111111111112,0.9463708333333334,bird-mixit
gnwtea,xc:1068699,xc_1068699,199,142.02,142.17,2,0.9542,0.06094640865921974,0.15,0.9907407407407407,0.9453648148148148,bird-mixit
gnwtea,xc:787239,xc_787239,38,36.41,37.15,0,0.9571,0.014663785696029663,0.74,0.9863013698630136,0.9439890410958903,bird-mixit
gnwtea,xc:365480,xc_365480,23,11.15,11.32,3,0.9975,0.08789513260126114,0.17,0.9397590361445783,0.937409638554217,bird-mixit
gnwtea,xc:1068699,xc_1068699,51,25.92,26.06,2,0.9634,0.05311129614710808,0.14,0.9722222222222222,0.9366388888888889,bird-mixit
gnwtea,xc:35591,xc_35591,7,2.53,2.83,0,0.981,0.043780770152807236,0.3,0.9473684210526315,0.9293684210526315,bird-mixit
gnwtea,xc:838829,xc_838829,23,30.94,31.03,0,0.9978,0.016122305765748024,0.09,0.9285714285714286,0.9265285714285715,bird-mixit
gnwtea,xc:787239,xc_787239,45,44.01,44.5,3,0.9248,0.02598683163523674,0.49,1.0,0.9248,bird-mixit
gnwtea,xc:309109,xc_309109,11,8.97,9.36,0,0.9884,0.021847328171133995,0.39,0.9333333333333333,0.9225066666666666,bird-mixit
gnwtea,xc:787239,xc_787239,32,26.62,27.23,3,0.9739,0.012248290702700615,0.61,0.9452054794520548,0.9205356164383561,bird-mixit
gnwtea,xc:1009913,xc_1009913,21,9.2,9.38,0,0.9857,0.014879591763019562,0.18,0.9310344827586207,0.9177206896551724,bird-mixit
gnwtea,xc:1025891,xc_1025891,13,5.28,5.52,0,0.9501,0.014278105460107327,0.24,0.9473684210526315,0.9000947368421052,bird-mixit
gnwtea,xc:787239,xc_787239,14,8.24,8.38,1,0.9566,0.012081434018909931,0.14,0.9315068493150684,0.8910794520547944,bird-mixit
gnwtea,xc:309109,xc_309109,13,9.72,10.1,0,0.9861,0.021788734942674637,0.38,0.9,0.88749,bird-mixit
gnwtea,xc:787239,xc_787239,7,5.17,5.32,1,0.9648,0.011646626517176628,0.15,0.9178082191780822,0.8855013698630136,bird-mixit
gnwtea,xc:1025891,xc_1025891,15,6.3,6.47,0,0.9795,0.011267784982919693,0.17,0.8947368421052632,0.8763947368421053,bird-mixit
gnwtea,xc:35591,xc_35591,14,7.01,7.41,0,0.9785,0.042229823768138885,0.4,0.8947368421052632,0.8755000000000001,bird-mixit
gnwtea,xc:838829,xc_838829,11,15.91,16.09,0,0.9794,0.01160415168851614,0.18,0.8928571428571429,0.8744642857142858,bird-mixit
gnwtea,xc:1009913,xc_1009913,25,10.38,10.67,0,0.9737,0.014010011218488216,0.29,0.896551724137931,0.8729724137931034,bird-mixit
gnwtea,xc:280945,xc_280945,24,12.32,13.7,0,0.974,0.05397634953260422,1.38,0.8918918918918919,0.8687027027027027,bird-mixit
gnwtea,xc:653711,xc_653711,14,30.66,30.82,0,0.8672,0.007373487111181021,0.16,1.0,0.8672,bird-mixit
gnwtea,xc:641380,xc_641380,14,7.85,8.08,0,0.8927,0.01193274836987257,0.23,0.9642857142857143,0.8608178571428572,bird-mixit
gnwtea,xc:1009913,xc_1009913,18,7.84,8.04,0,0.9949,0.012991215102374554,0.2,0.8620689655172413,0.8576724137931034,bird-mixit
gnwtea,xc:838829,xc_838829,24,31.14,31.23,0,0.9946,0.010926325805485249,0.09,0.8571428571428571,0.8525142857142857,bird-mixit
gnwtea,xc:309109,xc_309109,28,19.9,20.06,0,0.9781,0.02053254097700119,0.16,0.8666666666666667,0.8476866666666667,bird-mixit
gnwtea,xc:280945,xc_280945,31,18.3,21.01,0,0.915,0.05667901411652565,2.71,0.918918918918919,0.8408108108108109,bird-mixit
gnwtea,xc:653711,xc_653711,15,31.04,31.2,0,0.8861,0.007344237063080072,0.16,0.9473684210526315,0.8394631578947368,bird-mixit
gnwtea,xc:871356,xc_871356,0,1.9,2.05,0,0.9766,0.004146771039813757,0.15,0.8571428571428571,0.8370857142857142,bird-mixit
gnwtea,xc:35591,xc_35591,11,5.16,5.69,0,0.9709,0.038240570574998856,0.53,0.8421052631578947,0.8176,bird-mixit
gnwtea,xc:641380,xc_641380,12,6.0,6.33,0,0.8783,0.01100002508610487,0.33,0.9285714285714286,0.8155642857142857,bird-mixit
gnwtea,xc:280945,xc_280945,3,0.93,2.23,0,0.85,0.058410052210092545,1.3,0.9459459459459459,0.8040540540540541,bird-mixit
gnwtea,xc:1025891,xc_1025891,9,3.51,3.74,0,0.9433,0.011070393025875092,0.23,0.8421052631578947,0.794357894736842,bird-mixit
gnwtea,xc:694739,xc_694739,4,16.96,24.49,0,0.7817,0.03258968144655228,7.53,1.0,0.7817,bird-mixit
gnwtea,xc:280945,xc_280945,32,21.19,22.33,0,0.7998,0.0790916308760643,1.14,0.972972972972973,0.7781837837837838,bird-mixit
gnwtea,xc:641380,xc_641380,11,5.42,5.65,0,0.8611,0.00913509726524353,0.23,0.8928571428571429,0.7688392857142857,bird-mixit
gnwtea,xc:35591,xc_35591,13,6.2,6.53,0,0.9727,0.037938304245471954,0.33,0.7894736842105263,0.767921052631579,bird-mixit
gnwtea,xc:641380,xc_641380,0,0.74,0.83,3,0.9644,0.004015525337308645,0.09,0.7857142857142857,0.7577428571428572,bird-mixit
gnwtea,xc:653711,xc_653711,16,31.46,31.64,0,0.822,0.005991775542497635,0.18,0.8947368421052632,0.7354736842105263,bird-mixit
gnwtea,xc:717727,xc_717727,5,7.72,8.39,1,0.7167,0.013365215621888638,0.67,1.0,0.7167,bird-mixit
gnwtea,xc:653711,xc_653711,17,32.11,32.36,0,0.8447,0.005760067608207464,0.25,0.8421052631578947,0.7113263157894737,bird-mixit
gnwtea,xc:871356,xc_871356,5,4.41,4.56,0,0.9726,0.003687449963763356,0.15,0.7142857142857143,0.6947142857142857,bird-mixit
gnwtea,xc:774518,xc_774518,1,8.02,10.97,2,0.692,0.01673547364771366,2.95,1.0,0.692,bird-mixit
graher1,xc:957951,xc_957951,33,18.19,18.62,0,0.9992,0.04903899505734444,0.43,1.0,0.9992,bird-mixit
graher1,xc:717824,xc_717824,0,2.05,2.59,0,0.9988,0.04440653324127197,0.54,1.0,0.9988,bird-mixit
graher1,xc:782720,xc_782720,6,2.2,3.02,0,0.9967,0.06571746617555618,0.82,1.0,0.9967,bird-mixit
graher1,xc:601001,xc_601001,1,2.16,2.52,2,0.9966,0.03512750193476677,0.36,1.0,0.9966,bird-mixit
graher1,xc:760232,xc_760232,3,6.28,6.82,0,0.9954,0.05408833548426628,0.54,1.0,0.9954,bird-mixit
graher1,xc:781315,xc_781315,23,14.57,14.9,3,0.994,0.01801208406686783,0.33,1.0,0.994,bird-mixit
graher1,xc:927615,xc_927615,8,11.43,11.75,0,0.9911,0.0646706074476242,0.32,1.0,0.9911,bird-mixit
graher1,xc:702251,xc_702251,5,3.51,3.81,0,0.9823,0.07487335056066513,0.3,1.0,0.9823,bird-mixit
graher1,xc:831392,xc_831392,5,36.2,36.49,0,0.9816,0.007165118586272001,0.29,1.0,0.9816,bird-mixit
graher1,xc:941740,xc_941740,4,3.03,3.48,0,0.9811,0.013170477002859116,0.45,1.0,0.9811,bird-mixit
graher1,xc:957951,xc_957951,20,11.03,11.46,0,0.9976,0.045175060629844666,0.43,0.98,0.9776480000000001,bird-mixit
graher1,xc:77956,xc_77956,2,1.96,2.21,0,0.9768,0.04067446291446686,0.25,1.0,0.9768,bird-mixit
graher1,xc:196217,xc_196217,24,12.33,12.92,0,0.9983,0.023238196969032288,0.59,0.9736842105263158,0.972028947368421,bird-mixit
graher1,xc:738682,xc_738682,0,0.42,1.59,3,0.9816,0.010307529009878635,1.17,0.9714285714285714,0.9535542857142857,bird-mixit
graher1,xc:196217,xc_196217,2,1.03,2.5,0,0.9533,0.0283462256193161,1.47,1.0,0.9533,bird-mixit
graher1,xc:782720,xc_782720,8,3.54,4.08,0,0.9997,0.03484172001481056,0.54,0.95,0.949715,bird-mixit
graher1,xc:831392,xc_831392,25,121.1,121.45,0,0.9695,0.006113143637776375,0.35,0.9761904761904762,0.9464166666666667,bird-mixit
graher1,xc:196217,xc_196217,27,16.62,17.11,0,0.9962,0.01682816445827484,0.49,0.9473684210526315,0.9437684210526315,bird-mixit
graher1,xc:738682,xc_738682,26,22.53,23.37,0,0.9998,0.007400070782750845,0.84,0.9428571428571428,0.9426685714285714,bird-mixit
graher1,xc:738682,xc_738682,1,1.94,3.06,3,0.9349,0.018693432211875916,1.12,1.0,0.9349,bird-mixit
graher1,xc:801934,xc_801934,42,20.91,21.08,2,0.9338,0.021002599969506264,0.17,1.0,0.9338,bird-mixit
graher1,xc:957951,xc_957951,29,14.69,15.49,0,0.9629,0.044186197221279144,0.8,0.96,0.924384,bird-mixit
graher1,xc:781315,xc_781315,28,16.63,16.86,0,0.9813,0.016390226781368256,0.23,0.9354838709677419,0.9179903225806451,bird-mixit
graher1,xc:601001,xc_601001,3,4.91,5.29,2,0.9954,0.035121165215969086,0.38,0.9166666666666666,0.9124499999999999,bird-mixit
graher1,xc:957951,xc_957951,31,16.34,17.03,0,0.988,0.0363096259534359,0.69,0.92,0.90896,bird-mixit
graher1,xc:636469,xc_636469,32,37.88,41.41,3,0.9065,0.021045394241809845,3.53,1.0,0.9065,bird-mixit
graher1,xc:801934,xc_801934,43,21.33,21.69,2,0.9246,0.019673233851790428,0.36,0.9761904761904762,0.9025857142857142,bird-mixit
graher1,xc:831392,xc_831392,32,134.02,134.4,0,0.9438,0.006025232374668121,0.38,0.9523809523809523,0.8988571428571428,bird-mixit
graher1,xc:196217,xc_196217,33,23.31,23.77,0,0.9725,0.009492564015090466,0.46,0.9210526315789473,0.8957236842105263,bird-mixit
graher1,xc:781315,xc_781315,14,10.14,10.45,3,0.9899,0.013889206573367119,0.31,0.9032258064516129,0.8941032258064516,bird-mixit
graher1,xc:988150,xc_988150,0,0.02,8.02,3,0.8933,0.0061455597169697285,8.0,1.0,0.8933,bird-mixit
graher1,xc:702251,xc_702251,0,0.57,0.85,0,0.9817,0.06995727866888046,0.28,0.9090909090909091,0.8924545454545454,bird-mixit
graher1,xc:957951,xc_957951,13,8.05,8.62,0,0.9489,0.04183925688266754,0.57,0.94,0.8919659999999999,bird-mixit
graher1,xc:738682,xc_738682,2,3.84,4.68,3,0.9731,0.006544098723679781,0.84,0.9142857142857143,0.8896914285714285,bird-mixit
graher1,xc:831392,xc_831392,29,129.34,129.87,0,0.9562,0.005930508952587843,0.53,0.9285714285714286,0.8879,bird-mixit
graher1,xc:801934,xc_801934,40,19.76,20.21,2,0.9299,0.018888060003519058,0.45,0.9523809523809523,0.8856190476190475,bird-mixit
graher1,xc:738682,xc_738682,35,33.29,34.07,0,0.9996,0.005527238827198744,0.78,0.8857142857142857,0.88536,bird-mixit
graher1,xc:937807,xc_937807,10,4.9,5.28,3,0.8803,0.08285300433635712,0.38,1.0,0.8803,bird-mixit
graher1,xc:831392,xc_831392,7,48.6,48.9,0,0.972,0.00566393556073308,0.3,0.9047619047619048,0.8794285714285714,bird-mixit
graher1,xc:941740,xc_941740,1,1.18,1.24,2,0.9583,0.012693858705461025,0.06,0.9166666666666666,0.8784416666666667,bird-mixit
graher1,xc:636469,xc_636469,34,41.62,43.93,3,0.9075,0.020727824419736862,2.31,0.967741935483871,0.8782258064516129,bird-mixit
graher1,xc:927615,xc_927615,7,8.77,9.05,0,0.9914,0.05695011466741562,0.28,0.875,0.867475,bird-mixit
graher1,xc:782720,xc_782720,12,6.09,6.35,3,0.9633,0.006276530213654041,0.26,0.9,0.86697,bird-mixit
graher1,xc:781315,xc_781315,29,17.7,18.17,3,0.9862,0.01270162221044302,0.47,0.8709677419354839,0.8589483870967741,bird-mixit
graher1,xc:781315,xc_781315,5,3.12,3.46,0,0.886,0.01781928539276123,0.34,0.967741935483871,0.8574193548387097,bird-mixit
graher1,xc:801934,xc_801934,39,19.41,19.55,2,0.9186,0.017921386286616325,0.14,0.9285714285714286,0.8529857142857142,bird-mixit
graher1,xc:760232,xc_760232,2,4.61,5.34,1,0.9665,0.04300282895565033,0.73,0.875,0.8456875,bird-mixit
graher1,xc:196217,xc_196217,7,4.56,4.88,1,0.9595,0.006493886932730675,0.32,0.868421052631579,0.83325,bird-mixit
graher1,xc:636469,xc_636469,31,29.88,37.88,3,0.8878,0.020416375249624252,8.0,0.9354838709677419,0.8305225806451613,bird-mixit
graher1,xc:636469,xc_636469,33,41.48,41.53,3,0.9172,0.019483430311083794,0.05,0.9032258064516129,0.8284387096774194,bird-mixit
graher1,xc:801934,xc_801934,41,20.27,20.83,2,0.9128,0.016904128715395927,0.56,0.9047619047619048,0.8258666666666666,bird-mixit
graher1,xc:941740,xc_941740,12,8.63,8.72,2,0.9898,0.012574488297104836,0.09,0.8333333333333334,0.8248333333333334,bird-mixit
graher1,xc:937807,xc_937807,6,2.92,2.99,3,0.9972,0.076694056391716,0.07,0.8235294117647058,0.8212235294117647,bird-mixit
graher1,xc:702251,xc_702251,8,6.37,6.65,0,0.9763,0.06534339487552643,0.28,0.8181818181818182,0.7987909090909091,bird-mixit
graher1,xc:601001,xc_601001,11,16.05,16.47,2,0.9541,0.03499091416597366,0.42,0.8333333333333334,0.7950833333333334,bird-mixit
graher1,xc:937807,xc_937807,8,3.89,4.05,3,0.9998,0.0758451297879219,0.16,0.7647058823529411,0.7645529411764705,bird-mixit
graher1,xc:937807,xc_937807,14,8.11,8.29,0,0.8077,0.07855761051177979,0.18,0.9411764705882353,0.7601882352941176,bird-mixit
graher1,xc:636469,xc_636469,24,19.79,19.88,3,0.8617,0.019294138997793198,0.09,0.8709677419354839,0.7505129032258064,bird-mixit
graher1,xc:601001,xc_601001,5,8.1,8.35,2,0.9982,0.03493226319551468,0.25,0.75,0.74865,bird-mixit
graher1,xc:760232,xc_760232,4,8.54,8.98,0,0.9877,0.03576768562197685,0.44,0.75,0.740775,bird-mixit
graher1,xc:941740,xc_941740,3,1.72,2.06,0,0.9615,0.010293842293322086,0.34,0.75,0.721125,bird-mixit
graher1,xc:937807,xc_937807,9,4.18,4.5,3,0.7968,0.07687163352966309,0.32,0.8823529411764706,0.7030588235294117,bird-mixit
graher1,xc:717824,xc_717824,2,4.58,5.14,0,0.9961,0.03160577639937401,0.56,0.6666666666666666,0.6640666666666666,bird-mixit
graher1,xc:988147,xc_988147,0,0.02,8.02,3,0.6561,0.0036867274902760983,8.0,1.0,0.6561,bird-mixit
graher1,xc:601001,xc_601001,4,6.2,7.04,2,0.9614,0.034927546977996826,0.84,0.6666666666666666,0.6409333333333334,bird-mixit
graher1,xc:702251,xc_702251,4,1.9,2.01,2,0.9985,0.016036974266171455,0.11,0.6363636363636364,0.6354090909090909,bird-mixit
graher1,xc:941740,xc_941740,0,1.0,1.07,2,0.9206,0.00542748486623168,0.07,0.6666666666666666,0.6137333333333332,bird-mixit
graher1,xc:761218,xc_761218,1,6.94,7.34,2,0.6013,0.06217620521783829,0.4,1.0,0.6013,bird-mixit
graher1,xc:1027522,xc_1027522,0,2.71,2.87,2,0.6004,0.004808132536709309,0.16,1.0,0.6004,bird-mixit
graher1,xc:782720,xc_782720,15,6.92,7.16,3,0.7853,0.002372807590290904,0.24,0.75,0.588975,bird-mixit
graher1,xc:782720,xc_782720,19,8.66,9.93,2,0.7305,0.002814615610986948,1.27,0.8,0.5844,bird-mixit
graher1,xc:927615,xc_927615,2,2.41,2.75,0,0.7616,0.04420015215873718,0.34,0.75,0.5712,bird-mixit
grcgre1,xc:473226,xc_473226,3,3.43,3.93,0,0.9999,0.09134718030691147,0.5,1.0,0.9999,bird-mixit
grcgre1,xc:363743,xc_363743,1,0.15,0.29,2,0.9999,0.42903634905815125,0.14,1.0,0.9999,bird-mixit
grcgre1,xc:374172,xc_374172,10,8.03,8.79,3,0.9994,0.16613103449344635,0.76,1.0,0.9994,bird-mixit
grcgre1,xc:655643,xc_655643,21,14.15,14.42,0,0.999,0.06271416693925858,0.27,1.0,0.999,bird-mixit
grcgre1,xc:636568,xc_636568,20,16.5,16.59,0,0.9981,0.04742289334535599,0.09,1.0,0.9981,bird-mixit
grcgre1,xc:355311,xc_355311,6,3.33,3.53,0,0.9975,0.042130451649427414,0.2,1.0,0.9975,bird-mixit
grcgre1,xc:462953,xc_462953,3,1.91,2.38,0,0.9954,0.1247110664844513,0.47,1.0,0.9954,bird-mixit
grcgre1,xc:138169,xc_138169,8,9.77,10.12,0,0.9914,0.10402408242225647,0.35,1.0,0.9914,bird-mixit
grcgre1,xc:1006363,xc_1006363,2,2.1,2.48,0,0.9889,0.005557720549404621,0.38,1.0,0.9889,bird-mixit
grcgre1,xc:363743,xc_363743,0,0.02,0.1,2,0.9999,0.2833768129348755,0.08,0.9880952380952381,0.9879964285714287,bird-mixit
grcgre1,xc:1001305,xc_1001305,11,6.1,6.77,0,0.9816,0.014190014451742172,0.67,1.0,0.9816,bird-mixit
grcgre1,xc:252268,xc_252268,12,12.64,14.36,0,0.9802,0.02472052350640297,1.72,1.0,0.9802,bird-mixit
grcgre1,xc:577005,xc_577005,2,5.78,5.84,0,0.9795,0.012487382628023624,0.06,1.0,0.9795,bird-mixit
grcgre1,xc:655643,xc_655643,17,12.0,13.03,0,0.9984,0.05866847187280655,1.03,0.98,0.978432,bird-mixit
grcgre1,xc:363743,xc_363743,52,32.82,33.32,2,0.9978,0.15156544744968414,0.5,0.9761904761904762,0.9740428571428571,bird-mixit
grcgre1,xc:642506,xc_642506,43,19.33,19.71,0,0.9924,0.03615186735987663,0.38,0.9803921568627451,0.9729411764705882,bird-mixit
grcgre1,xc:642506,xc_642506,22,9.59,10.39,0,0.9726,0.04337730631232262,0.8,1.0,0.9726,bird-mixit
grcgre1,xc:147184,xc_147184,5,1.54,1.72,0,0.9707,0.12588335573673248,0.18,1.0,0.9707,bird-mixit
grcgre1,xc:579195,xc_579195,163,74.57,75.96,3,0.9704,0.014699762687087059,1.39,1.0,0.9704,bird-mixit
grcgre1,xc:579195,xc_579195,186,101.12,101.2,3,0.9793,0.010084211826324463,0.08,0.9899497487437185,0.9694577889447236,bird-mixit
grcgre1,xc:592110,xc_592110,9,6.1,10.83,0,0.9954,0.07211922854185104,4.73,0.9736842105263158,0.9692052631578947,bird-mixit
grcgre1,xc:579195,xc_579195,200,113.65,113.83,0,0.9633,0.010406618006527424,0.18,0.9949748743718593,0.9584592964824121,bird-mixit
grcgre1,xc:363743,xc_363743,55,34.14,34.52,2,0.9932,0.09839753061532974,0.38,0.9642857142857143,0.9577285714285714,bird-mixit
grcgre1,xc:592110,xc_592110,8,4.98,6.0,0,0.9562,0.07869431376457214,1.02,1.0,0.9562,bird-mixit
grcgre1,xc:655643,xc_655643,6,3.54,4.5,3,0.9947,0.05094851553440094,0.96,0.96,0.954912,bird-mixit
grcgre1,xc:147184,xc_147184,1,0.31,0.48,0,0.9623,0.11275794357061386,0.17,0.984375,0.9472640625000001,bird-mixit
grcgre1,xc:592110,xc_592110,12,11.61,12.17,0,0.9988,0.06379053741693497,0.56,0.9473684210526315,0.9462315789473684,bird-mixit
grcgre1,xc:363743,xc_363743,54,33.71,34.08,2,0.9861,0.07819648087024689,0.37,0.9523809523809523,0.9391428571428571,bird-mixit
grcgre1,xc:655643,xc_655643,18,13.21,13.53,0,0.9979,0.047760408371686935,0.32,0.94,0.9380259999999999,bird-mixit
grcgre1,xc:138169,xc_138169,7,8.48,9.67,0,0.9761,0.09976071864366531,1.19,0.9583333333333334,0.9354291666666666,bird-mixit
grcgre1,xc:579195,xc_579195,199,112.96,113.38,0,0.9479,0.009945390745997429,0.42,0.9849246231155779,0.9336100502512563,bird-mixit
grcgre1,xc:1006363,xc_1006363,1,1.69,2.0,0,0.9916,0.005480761174112558,0.31,0.9411764705882353,0.9332705882352942,bird-mixit
grcgre1,xc:147184,xc_147184,0,0.04,0.21,0,0.9622,0.10822951048612595,0.17,0.96875,0.9321312500000001,bird-mixit
grcgre1,xc:636568,xc_636568,39,30.44,33.23,0,0.9529,0.04574685916304588,2.79,0.9772727272727273,0.9312431818181818,bird-mixit
grcgre1,xc:1033544,xc_1033544,1,3.93,4.0,2,0.9721,0.010523885488510132,0.07,0.9545454545454546,0.9279136363636363,bird-mixit
grcgre1,xc:1001305,xc_1001305,14,7.39,8.19,0,0.9636,0.013860019855201244,0.8,0.9629629629629629,0.927911111111111,bird-mixit
grcgre1,xc:462953,xc_462953,6,3.03,3.23,0,0.9939,0.10445066541433334,0.2,0.9333333333333333,0.92764,bird-mixit
grcgre1,xc:636568,xc_636568,38,30.27,30.39,2,0.9916,0.035528529435396194,0.12,0.9318181818181818,0.9239909090909091,bird-mixit
grcgre1,xc:642506,xc_642506,30,13.18,14.35,0,0.9591,0.036082640290260315,1.17,0.9607843137254902,0.9214882352941176,bird-mixit
grcgre1,xc:579195,xc_579195,122,51.44,51.56,3,0.9482,0.008480055257678032,0.12,0.9698492462311558,0.919611055276382,bird-mixit
grcgre1,xc:592110,xc_592110,11,11.16,11.5,0,0.9978,0.06002119928598404,0.34,0.9210526315789473,0.9190263157894737,bird-mixit
grcgre1,xc:655643,xc_655643,16,10.2,11.92,0,0.997,0.04744267836213112,1.72,0.92,0.91724,bird-mixit
grcgre1,xc:147184,xc_147184,4,1.23,1.41,0,0.9572,0.10817857831716537,0.18,0.953125,0.91233125,bird-mixit
grcgre1,xc:662840,xc_662840,13,6.83,7.08,3,0.9819,0.008384543471038342,0.25,0.9285714285714286,0.9117642857142857,bird-mixit
grcgre1,xc:374172,xc_374172,6,5.86,6.68,3,0.9993,0.15261997282505035,0.82,0.9090909090909091,0.9084545454545454,bird-mixit
grcgre1,xc:138169,xc_138169,6,5.87,8.43,0,0.983,0.08034321665763855,2.56,0.9166666666666666,0.9010833333333332,bird-mixit
grcgre1,xc:897021,xc_897021,0,0.02,3.72,0,0.8965,0.044184472411870956,3.7,1.0,0.8965,bird-mixit
grcgre1,xc:636568,xc_636568,31,24.59,24.77,2,0.9853,0.035307224839925766,0.18,0.9090909090909091,0.8957272727272727,bird-mixit
grcgre1,xc:592110,xc_592110,15,12.71,13.82,0,0.9961,0.058889467269182205,1.11,0.8947368421052632,0.8912473684210527,bird-mixit
grcgre1,xc:355311,xc_355311,8,4.29,4.49,0,0.9969,0.03889238089323044,0.2,0.8888888888888888,0.8861333333333333,bird-mixit
grcgre1,xc:1001305,xc_1001305,17,10.35,11.49,0,0.957,0.013667010702192783,1.14,0.9259259259259259,0.8861111111111111,bird-mixit
grcgre1,xc:252268,xc_252268,10,10.32,11.32,0,0.9995,0.02183251641690731,1.0,0.8823529411764706,0.8819117647058824,bird-mixit
grcgre1,xc:252268,xc_252268,11,11.49,12.56,0,0.9289,0.02217668853700161,1.07,0.9411764705882353,0.8742588235294118,bird-mixit
grcgre1,xc:897021,xc_897021,3,4.7,4.91,2,0.9498,0.012369281612336636,0.21,0.9090909090909091,0.8634545454545454,bird-mixit
grcgre1,xc:636568,xc_636568,40,33.35,34.55,0,0.9708,0.034040194004774094,1.2,0.8863636363636364,0.8604818181818181,bird-mixit
grcgre1,xc:462953,xc_462953,4,2.62,2.71,0,0.9907,0.09231109917163849,0.09,0.8666666666666667,0.8586066666666667,bird-mixit
grcgre1,xc:147184,xc_147184,22,9.22,9.37,0,0.9158,0.08453817665576935,0.15,0.9375,0.8585624999999999,bird-mixit
grcgre1,xc:473226,xc_473226,6,8.61,10.01,0,0.9999,0.0746210590004921,1.4,0.8571428571428571,0.8570571428571429,bird-mixit
grcgre1,xc:642506,xc_642506,2,1.14,1.29,3,0.9905,0.015138726681470871,0.15,0.8627450980392157,0.8545490196078432,bird-mixit
grcgre1,xc:138169,xc_138169,18,16.38,16.68,1,0.9695,0.05792320519685745,0.3,0.875,0.8483125,bird-mixit
grcgre1,xc:642506,xc_642506,5,2.26,2.53,3,0.9009,0.027595873922109604,0.27,0.9411764705882353,0.8479058823529412,bird-mixit
grcgre1,xc:386365,xc_386365,6,21.92,29.92,0,0.8258,0.059078242629766464,8.0,1.0,0.8258,bird-mixit
grcgre1,xc:1001305,xc_1001305,16,8.65,9.76,0,0.9279,0.010441080667078495,1.11,0.8888888888888888,0.8247999999999999,bird-mixit
grcgre1,xc:252268,xc_252268,8,7.85,9.12,0,0.9971,0.018824396654963493,1.27,0.8235294117647058,0.8211411764705882,bird-mixit
grcgre1,xc:374172,xc_374172,4,1.86,2.46,3,0.9998,0.12998992204666138,0.6,0.8181818181818182,0.8180181818181819,bird-mixit
grcgre1,xc:1006363,xc_1006363,3,2.53,2.73,0,0.9682,0.003495726967230439,0.2,0.8235294117647058,0.7973411764705881,bird-mixit
grcgre1,xc:1006363,xc_1006363,0,0.02,1.61,0,0.9019,0.0035577365197241306,1.59,0.8823529411764706,0.7957941176470589,bird-mixit
grcgre1,xc:1033544,xc_1033544,6,7.42,7.48,2,0.9194,0.00802744273096323,0.06,0.8636363636363636,0.7940272727272727,bird-mixit
grcgre1,xc:462953,xc_462953,8,4.01,4.16,0,0.9895,0.0916256234049797,0.15,0.8,0.7916000000000001,bird-mixit
grcgre1,xc:1001305,xc_1001305,8,4.67,5.58,0,0.9283,0.009867257438600063,0.91,0.8518518518518519,0.7907740740740741,bird-mixit
grcgre1,xc:662840,xc_662840,10,4.54,4.81,3,0.9135,0.007559964433312416,0.27,0.8571428571428571,0.7829999999999999,bird-mixit
grcgre1,xc:662840,xc_662840,12,5.89,6.65,3,0.7783,0.008503259159624577,0.76,1.0,0.7783,bird-mixit
grcgre1,xc:897021,xc_897021,8,6.47,6.54,2,0.9503,0.01216091588139534,0.07,0.8181818181818182,0.7775181818181819,bird-mixit
grcgre1,xc:355311,xc_355311,10,5.11,5.32,0,0.9966,0.036007676273584366,0.21,0.7777777777777778,0.7751333333333333,bird-mixit
grcgre1,xc:138169,xc_138169,5,5.23,5.82,0,0.9772,0.054892607033252716,0.59,0.7916666666666666,0.7736166666666666,bird-mixit
grecor,xc:828977,xc_828977,36,20.35,21.15,2,0.9983,0.016676707193255424,0.8,1.0,0.9983,bird-mixit
grecor,xc:308865,xc_308865,12,13.41,13.7,2,0.9951,0.056601978838443756,0.29,1.0,0.9951,bird-mixit
grecor,xc:625356,xc_625356,10,13.93,16.25,3,0.9888,0.04645836353302002,2.32,1.0,0.9888,bird-mixit
grecor,xc:308865,xc_308865,80,51.78,52.49,2,0.9957,0.053527746349573135,0.71,0.9894179894179894,0.9851634920634921,bird-mixit
grecor,xc:309573,xc_309573,0,0.02,8.02,0,0.9787,0.02410290390253067,8.0,1.0,0.9787,bird-mixit
grecor,xc:308865,xc_308865,66,39.96,40.73,2,0.9834,0.05509955435991287,0.77,0.9947089947089947,0.9781968253968254,bird-mixit
grecor,xc:447821,xc_447821,1,1.32,2.55,3,0.9781,0.05459139123558998,1.23,1.0,0.9781,bird-mixit
grecor,xc:372106,xc_372106,175,112.6,113.43,3,0.9803,0.09682364016771317,0.83,0.994413407821229,0.9748234636871508,bird-mixit
grecor,xc:90633,xc_90633,28,32.52,32.63,2,0.9952,0.03868977725505829,0.11,0.9736842105263158,0.9690105263157894,bird-mixit
grecor,xc:828977,xc_828977,0,0.8,1.63,2,0.998,0.016247227787971497,0.83,0.9705882352941176,0.9686470588235294,bird-mixit
grecor,xc:214292,xc_214292,4,12.65,13.86,0,0.9882,0.03259306028485298,1.21,0.9791666666666666,0.9676125,bird-mixit
grecor,xc:308865,xc_308865,177,113.51,113.65,1,0.9805,0.049185968935489655,0.14,0.9841269841269841,0.9649365079365079,bird-mixit
grecor,xc:839104,xc_839104,0,0.02,2.04,3,0.9546,0.01668163388967514,2.02,1.0,0.9546,bird-mixit
grecor,xc:372106,xc_372106,119,74.3,74.4,3,0.9812,0.07037387788295746,0.1,0.9720670391061452,0.9537921787709497,bird-mixit
grecor,xc:372106,xc_372106,125,79.41,80.04,3,0.9502,0.12422499060630798,0.63,1.0,0.9502,bird-mixit
grecor,xc:726669,xc_726669,5,6.77,8.55,3,0.9499,0.03127474710345268,1.78,1.0,0.9499,bird-mixit
grecor,xc:308865,xc_308865,71,45.62,46.54,2,0.9702,0.04594031348824501,0.92,0.9788359788359788,0.9496666666666667,bird-mixit
grecor,xc:722335,xc_722335,27,22.12,24.1,0,0.9474,0.014737225137650967,1.98,1.0,0.9474,bird-mixit
grecor,xc:625356,xc_625356,3,9.07,10.56,3,0.9511,0.0304593313485384,1.49,0.991869918699187,0.9433674796747966,bird-mixit
grecor,xc:214292,xc_214292,0,0.22,6.73,0,0.9361,0.0400676503777504,6.51,1.0,0.9361,bird-mixit
grecor,xc:828977,xc_828977,33,17.65,18.22,2,0.9916,0.016005007550120354,0.57,0.9411764705882353,0.9332705882352942,bird-mixit
grecor,xc:372106,xc_372106,174,107.88,112.55,3,0.9489,0.08096397668123245,4.67,0.9832402234636871,0.9329966480446926,bird-mixit
grecor,xc:987714,xc_987714,0,0.02,8.02,2,0.932,0.0482906773686409,8.0,1.0,0.932,bird-mixit
grecor,xc:214292,xc_214292,38,41.96,43.57,0,0.9941,0.025325877591967583,1.61,0.9375,0.93196875,bird-mixit
grecor,xc:214292,xc_214292,41,45.27,46.43,0,0.9851,0.02794455550611019,1.16,0.9444444444444444,0.9303722222222222,bird-mixit
grecor,xc:372106,xc_372106,128,81.0,81.31,3,0.9403,0.09335970878601074,0.31,0.9888268156424581,0.9297938547486034,bird-mixit
grecor,xc:625356,xc_625356,20,22.62,24.01,3,0.9382,0.026310555636882782,1.39,0.983739837398374,0.9229447154471545,bird-mixit
grecor,xc:625356,xc_625356,31,28.93,30.18,3,0.9441,0.02586721070110798,1.25,0.975609756097561,0.9210731707317074,bird-mixit
grecor,xc:773824,xc_773824,6,3.13,5.61,0,0.9208,0.04858185723423958,2.48,1.0,0.9208,bird-mixit
grecor,xc:214292,xc_214292,6,16.4,17.52,0,0.9334,0.03284335136413574,1.12,0.9861111111111112,0.9204361111111111,bird-mixit
grecor,xc:930052,xc_930052,5,13.46,21.46,0,0.996,0.025043517351150513,8.0,0.9166666666666666,0.9129999999999999,bird-mixit
grecor,xc:625356,xc_625356,25,26.2,26.38,3,0.9654,0.020229237154126167,0.18,0.943089430894309,0.9104585365853659,bird-mixit
grecor,xc:828977,xc_828977,26,13.29,14.48,2,0.9959,0.013761225156486034,1.19,0.9117647058823529,0.9080264705882353,bird-mixit
grecor,xc:447821,xc_447821,2,2.6,3.09,3,0.9673,0.03483268991112709,0.49,0.9375,0.9068437500000001,bird-mixit
grecor,xc:722335,xc_722335,6,3.92,4.28,2,0.9889,0.007667024154216051,0.36,0.9117647058823529,0.9016441176470588,bird-mixit
grecor,xc:828977,xc_828977,35,19.46,19.76,2,0.9942,0.010529407300055027,0.3,0.8823529411764706,0.877235294117647,bird-mixit
grecor,xc:448710,xc_448710,0,0.02,8.02,2,0.8767,0.08612800389528275,8.0,1.0,0.8767,bird-mixit
grecor,xc:722335,xc_722335,33,29.29,29.51,3,0.9801,0.006408704910427332,0.22,0.8823529411764706,0.8647941176470588,bird-mixit
grecor,xc:90633,xc_90633,7,9.54,10.33,2,0.9929,0.02775130607187748,0.79,0.868421052631579,0.8622552631578948,bird-mixit
grecor,xc:90633,xc_90633,8,10.39,13.0,2,0.8604,0.041307225823402405,2.61,1.0,0.8604,bird-mixit
grecor,xc:447821,xc_447821,13,12.26,12.44,3,0.98,0.0307890847325325,0.18,0.875,0.8574999999999999,bird-mixit
grecor,xc:722335,xc_722335,20,16.67,18.48,0,0.8827,0.0132755097001791,1.81,0.9705882352941176,0.8567382352941176,bird-mixit
grecor,xc:773824,xc_773824,7,5.7,6.42,0,0.9221,0.03449961915612221,0.72,0.9090909090909091,0.8382727272727273,bird-mixit
grecor,xc:722335,xc_722335,0,0.02,2.19,2,0.8772,0.008801073767244816,2.17,0.9411764705882353,0.8256,bird-mixit
grecor,xc:626272,xc_626272,1,0.49,6.33,3,0.8141,0.06312151253223419,5.84,1.0,0.8141,bird-mixit
grecor,xc:90633,xc_90633,32,33.51,33.67,2,0.9762,0.02704089879989624,0.16,0.8157894736842105,0.7963736842105262,bird-mixit
grecor,xc:930052,xc_930052,1,1.12,9.12,0,0.9516,0.02463640831410885,8.0,0.8333333333333334,0.793,bird-mixit
grecor,xc:447821,xc_447821,12,12.0,12.15,3,0.963,0.026025621220469475,0.15,0.8125,0.7824375,bird-mixit
grecor,xc:987722,xc_987722,22,7.99,8.12,1,0.7751,0.0035671438090503216,0.13,1.0,0.7751,bird-mixit
grecor,xc:518940,xc_518940,0,0.02,1.62,2,0.7673,0.01076163537800312,1.6,1.0,0.7673,bird-mixit
grecor,xc:90633,xc_90633,9,13.07,13.38,1,0.8476,0.02870747074484825,0.31,0.8947368421052632,0.758378947368421,bird-mixit
grecor,xc:930052,xc_930052,7,29.46,37.46,0,0.9913,0.024356266483664513,8.0,0.75,0.743475,bird-mixit
greegr,xc:285219,xc_285219,2,1.5,2.17,0,0.9999,0.05527485907077789,0.67,1.0,0.9999,bird-mixit
greegr,xc:794544,xc_794544,6,2.48,3.1,0,0.9988,0.08830435574054718,0.62,1.0,0.9988,bird-mixit
greegr,xc:116543,xc_116543,4,1.34,1.62,0,0.9971,0.11409656703472137,0.28,1.0,0.9971,bird-mixit
greegr,xc:161280,xc_161280,69,49.32,50.1,3,0.9946,0.07806683331727982,0.78,1.0,0.9946,bird-mixit
greegr,xc:561777,xc_561777,6,3.49,4.0,0,0.9941,0.073551245033741,0.51,1.0,0.9941,bird-mixit
greegr,xc:161280,xc_161280,18,15.55,16.92,3,0.9969,0.07026723772287369,1.37,0.9933333333333333,0.990254,bird-mixit
greegr,xc:454182,xc_454182,16,16.03,16.9,2,0.9889,0.04899059981107712,0.87,1.0,0.9889,bird-mixit
greegr,xc:161280,xc_161280,138,101.32,101.79,3,0.9987,0.06839051097631454,0.47,0.9866666666666667,0.985384,bird-mixit
greegr,xc:1034339,xc_1034339,4,3.74,4.01,0,0.9796,0.02215772494673729,0.27,1.0,0.9796,bird-mixit
greegr,xc:161280,xc_161280,15,14.02,14.49,3,0.9992,0.06762462109327316,0.47,0.98,0.979216,bird-mixit
greegr,xc:1005363,xc_1005363,4,3.3,4.66,2,0.9669,0.14491263031959534,1.36,1.0,0.9669,bird-mixit
greegr,xc:705410,xc_705410,20,14.32,14.63,2,0.9658,0.02662554942071438,0.31,1.0,0.9658,bird-mixit
greegr,xc:161280,xc_161280,19,16.99,17.61,3,0.9944,0.0658034235239029,0.62,0.9666666666666667,0.9612533333333333,bird-mixit
greegr,xc:196155,xc_196155,28,50.32,50.92,3,0.9579,0.0702572613954544,0.6,1.0,0.9579,bird-mixit
greegr,xc:44629,xc_44629,3,2.84,4.32,0,0.9537,0.055789973586797714,1.48,1.0,0.9537,bird-mixit
greegr,xc:705410,xc_705410,2,1.42,1.51,2,0.993,0.025378290563821793,0.09,0.9523809523809523,0.9457142857142856,bird-mixit
greegr,xc:794544,xc_794544,3,0.93,1.71,0,0.9983,0.07903683930635452,0.78,0.9166666666666666,0.9151083333333333,bird-mixit
greegr,xc:285219,xc_285219,1,0.81,1.41,0,0.9998,0.03137429058551788,0.6,0.9090909090909091,0.9089090909090909,bird-mixit
greegr,xc:1034339,xc_1034339,3,3.23,3.56,0,0.9728,0.01804332248866558,0.33,0.9230769230769231,0.8979692307692309,bird-mixit
greegr,xc:1005363,xc_1005363,6,5.25,5.33,2,0.9752,0.12895305454730988,0.08,0.9166666666666666,0.8939333333333332,bird-mixit
greegr,xc:758130,xc_758130,1,2.66,3.89,0,0.8817,0.0239630825817585,1.23,1.0,0.8817,bird-mixit
greegr,xc:196155,xc_196155,24,44.58,45.12,3,0.922,0.06261953711509705,0.54,0.9558823529411765,0.8813235294117648,bird-mixit
greegr,xc:561777,xc_561777,4,2.42,3.07,0,0.9854,0.05790923163294792,0.65,0.875,0.862225,bird-mixit
greegr,xc:196155,xc_196155,33,65.73,66.88,3,0.9296,0.05739130452275276,1.15,0.9264705882352942,0.8612470588235295,bird-mixit
greegr,xc:705410,xc_705410,0,0.03,0.81,2,0.9384,0.019279444590210915,0.78,0.9047619047619048,0.8490285714285715,bird-mixit
greegr,xc:454182,xc_454182,3,3.66,5.95,2,0.9522,0.04653472453355789,2.29,0.8823529411764706,0.8401764705882353,bird-mixit
greegr,xc:297388,xc_297388,9,6.73,6.81,3,0.8319,0.009088925085961819,0.08,1.0,0.8319,bird-mixit
greegr,xc:794544,xc_794544,10,4.23,5.15,0,0.995,0.05497714504599571,0.92,0.8333333333333334,0.8291666666666667,bird-mixit
greegr,xc:1034339,xc_1034339,5,4.2,4.48,0,0.9744,0.01761551946401596,0.28,0.8461538461538461,0.8244923076923077,bird-mixit
greegr,xc:454182,xc_454182,15,14.67,15.95,2,0.9999,0.04015292972326279,1.28,0.8235294117647058,0.8234470588235294,bird-mixit
greegr,xc:44629,xc_44629,1,0.8,1.2,0,0.9822,0.05373100936412811,0.4,0.8333333333333334,0.8185,bird-mixit
greegr,xc:196155,xc_196155,29,50.97,54.88,3,0.8207,0.06449884921312332,3.91,0.9852941176470589,0.8086308823529412,bird-mixit
greegr,xc:678001,xc_678001,4,6.02,6.09,2,0.8046,0.0029393360018730164,0.07,1.0,0.8046,bird-mixit
greegr,xc:705410,xc_705410,3,1.85,2.69,2,0.9303,0.016071422025561333,0.84,0.8571428571428571,0.7974,bird-mixit
greegr,xc:705410,xc_705410,11,9.2,9.42,2,0.9796,0.015901681035757065,0.22,0.8095238095238095,0.7930095238095238,bird-mixit
greegr,xc:116543,xc_116543,1,0.31,0.7,0,0.9868,0.09397432208061218,0.39,0.8,0.78944,bird-mixit
greegr,xc:44035,xc_44035,1,0.64,1.36,3,0.7832,0.009546293877065182,0.72,1.0,0.7832,bird-mixit
greegr,xc:196155,xc_196155,55,114.68,115.32,1,0.8193,0.05896880105137825,0.64,0.9411764705882353,0.7711058823529412,bird-mixit
greegr,xc:1069511,xc_1069511,0,0.69,0.96,2,0.7616,0.021024368703365326,0.27,1.0,0.7616,bird-mixit
greegr,xc:1069511,xc_1069511,2,2.14,2.21,2,0.885,0.01956326887011528,0.07,0.8571428571428571,0.7585714285714286,bird-mixit
greegr,xc:1005363,xc_1005363,5,4.73,5.06,2,0.9071,0.12291315943002701,0.33,0.8333333333333334,0.7559166666666667,bird-mixit
greegr,xc:285219,xc_285219,8,6.66,7.91,0,0.9999,0.020570650696754456,1.25,0.7272727272727273,0.7272000000000001,bird-mixit
greegr,xc:1034339,xc_1034339,7,5.15,5.42,0,0.9419,0.013732947409152985,0.27,0.7692307692307693,0.7245384615384616,bird-mixit
greegr,xc:561777,xc_561777,7,4.16,5.28,0,0.9659,0.053323205560445786,1.12,0.75,0.724425,bird-mixit
greegr,xc:44035,xc_44035,2,2.03,2.51,3,0.8036,0.008325126022100449,0.48,0.9,0.72324,bird-mixit
greegr,xc:627082,xc_627082,2,2.93,4.07,0,0.7031,0.016707587987184525,1.14,1.0,0.7031,bird-mixit
greegr,xc:1005363,xc_1005363,7,5.54,6.58,2,0.9309,0.11155445128679276,1.04,0.75,0.698175,bird-mixit
greegr,xc:1049634,xc_1049634,4,3.17,3.61,2,0.6948,0.004507009405642748,0.44,1.0,0.6948,bird-mixit
greegr,xc:357715,xc_357715,2,3.16,3.82,2,0.687,0.058209456503391266,0.66,1.0,0.687,bird-mixit
greegr,xc:44629,xc_44629,4,4.54,4.97,0,0.9784,0.048577383160591125,0.43,0.6666666666666666,0.6522666666666667,bird-mixit
greegr,xc:1049634,xc_1049634,2,1.12,1.76,2,0.8069,0.004082258325070143,0.64,0.8,0.64552,bird-mixit
greegr,xc:1034339,xc_1034339,6,4.64,4.91,0,0.9126,0.013724048621952534,0.27,0.6923076923076923,0.6317999999999999,bird-mixit
greegr,xc:758130,xc_758130,0,0.52,1.96,0,0.8395,0.021141329780220985,1.44,0.75,0.629625,bird-mixit
greegr,xc:627082,xc_627082,3,4.16,10.2,0,0.7175,0.011121486313641071,6.04,0.875,0.6278125,bird-mixit
greegr,xc:1069511,xc_1069511,5,4.56,4.79,2,0.8743,0.018031520769000053,0.23,0.7142857142857143,0.6244999999999999,bird-mixit
greegr,xc:1005363,xc_1005363,3,2.09,3.14,2,0.9319,0.10841406136751175,1.05,0.6666666666666666,0.6212666666666666,bird-mixit
greegr,xc:44035,xc_44035,3,3.2,3.72,3,0.7673,0.007999761961400509,0.52,0.8,0.61384,bird-mixit
greegr,xc:285219,xc_285219,9,7.96,8.6,0,0.9632,0.013575238175690174,0.64,0.6363636363636364,0.6129454545454545,bird-mixit
greegr,xc:285219,xc_285219,7,5.9,6.54,1,0.7478,0.026600418612360954,0.64,0.8181818181818182,0.6118363636363637,bird-mixit
greegr,xc:1074501,xc_1074501,1,0.12,0.53,2,0.76,0.004067913629114628,0.41,0.8,0.6080000000000001,bird-mixit
greegr,xc:297388,xc_297388,11,7.55,7.62,3,0.8267,0.007200188469141722,0.07,0.7333333333333333,0.6062466666666666,bird-mixit
greegr,xc:116543,xc_116543,0,0.02,0.07,2,0.9922,0.013433343730866909,0.05,0.6,0.59532,bird-mixit
greegr,xc:678001,xc_678001,3,5.51,5.57,2,0.7695,0.0027180060278624296,0.06,0.75,0.577125,bird-mixit
greegr,xc:794544,xc_794544,13,5.81,5.87,2,0.8633,0.004337897524237633,0.06,0.6666666666666666,0.5755333333333332,bird-mixit
greegr,xc:454182,xc_454182,6,7.16,7.93,2,0.8819,0.03903711959719658,0.77,0.6470588235294118,0.5706411764705883,bird-mixit
greegr,xc:297388,xc_297388,4,3.23,3.57,0,0.6066,0.008412366732954979,0.34,0.9333333333333333,0.56616,bird-mixit
greegr,xc:44035,xc_44035,7,6.94,7.55,3,0.8023,0.006304537877440453,0.61,0.7,0.5616099999999999,bird-mixit
greegr,xc:454182,xc_454182,0,0.02,2.41,2,0.5891,0.04686466604471207,2.39,0.9411764705882353,0.5544470588235294,bird-mixit
greegr,xc:627082,xc_627082,4,10.32,10.77,2,0.8781,0.0035216074902564287,0.45,0.625,0.5488125,bird-mixit
greegr,xc:1069511,xc_1069511,3,3.01,3.07,2,0.882,0.016182880848646164,0.06,0.5714285714285714,0.504,bird-mixit
grywag,xc:485891,xc_485891,13,14.73,15.09,0,0.9998,0.0866941511631012,0.36,1.0,0.9998,bird-mixit
grywag,xc:27018,xc_27018,5,27.69,30.03,0,0.9998,0.07837843149900436,2.34,1.0,0.9998,bird-mixit
grywag,xc:695870,xc_695870,0,0.04,4.0,0,0.9997,0.002172696404159069,3.96,1.0,0.9997,bird-mixit
grywag,xc:797914,xc_797914,5,6.04,7.18,0,0.9996,0.030266424641013145,1.14,1.0,0.9996,bird-mixit
grywag,xc:724109,xc_724109,4,2.77,3.0,0,0.999,0.14720655977725983,0.23,1.0,0.999,bird-mixit
grywag,xc:324350,xc_324350,5,24.75,32.75,0,0.9982,0.07816410809755325,8.0,1.0,0.9982,bird-mixit
grywag,xc:722424,xc_722424,4,1.99,2.86,1,0.9979,0.08625376224517822,0.87,1.0,0.9979,bird-mixit
grywag,xc:324349,xc_324349,1,8.37,16.37,0,0.9969,0.06986724585294724,8.0,1.0,0.9969,bird-mixit
grywag,xc:608016,xc_608016,28,21.26,21.62,0,0.9926,0.04124464839696884,0.36,1.0,0.9926,bird-mixit
grywag,xc:507377,xc_507377,48,21.37,22.0,3,0.9921,0.08684495836496353,0.63,1.0,0.9921,bird-mixit
grywag,xc:78168,xc_78168,9,7.3,7.93,0,0.9918,0.15175679326057434,0.63,1.0,0.9918,bird-mixit
grywag,xc:432286,xc_432286,37,47.1,47.68,0,0.985,0.03711792454123497,0.58,1.0,0.985,bird-mixit
grywag,xc:722424,xc_722424,7,9.28,9.98,1,0.9981,0.07995597273111343,0.7,0.9736842105263158,0.9718342105263158,bird-mixit
grywag,xc:767548,xc_767548,28,16.07,23.83,2,0.9694,0.014049374498426914,7.76,1.0,0.9694,bird-mixit
grywag,xc:507377,xc_507377,60,33.8,33.93,3,0.9705,0.03212687373161316,0.13,0.9931506849315068,0.9638527397260274,bird-mixit
grywag,xc:507377,xc_507377,89,49.46,49.54,0,0.9749,0.02936490997672081,0.08,0.9863013698630136,0.961545205479452,bird-mixit
grywag,xc:724109,xc_724109,7,6.29,6.7,0,0.9991,0.12653112411499023,0.41,0.9583333333333334,0.9574708333333334,bird-mixit
grywag,xc:27018,xc_27018,9,39.57,40.46,0,0.9999,0.07464893162250519,0.89,0.9545454545454546,0.95445,bird-mixit
grywag,xc:507377,xc_507377,88,49.05,49.13,0,0.9738,0.02841988205909729,0.08,0.9726027397260274,0.9471205479452055,bird-mixit
grywag,xc:722424,xc_722424,12,15.6,16.33,1,0.998,0.07692491263151169,0.73,0.9473684210526315,0.9454736842105262,bird-mixit
grywag,xc:507377,xc_507377,92,51.11,51.19,0,0.9735,0.026836523786187172,0.08,0.9657534246575342,0.9401609589041096,bird-mixit
grywag,xc:797914,xc_797914,14,12.81,15.34,0,0.9979,0.01950395666062832,2.53,0.9333333333333333,0.9313733333333334,bird-mixit
grywag,xc:78168,xc_78168,8,6.73,7.08,1,0.9944,0.14444662630558014,0.35,0.9333333333333333,0.9281066666666666,bird-mixit
grywag,xc:722424,xc_722424,17,20.45,21.14,1,0.9973,0.07333292067050934,0.69,0.9210526315789473,0.9185657894736842,bird-mixit
grywag,xc:324349,xc_324349,8,64.37,67.36,0,0.9968,0.06680070608854294,2.99,0.9166666666666666,0.9137333333333333,bird-mixit
grywag,xc:724109,xc_724109,6,4.85,5.16,0,0.9954,0.079140305519104,0.31,0.9166666666666666,0.9124499999999999,bird-mixit
grywag,xc:27018,xc_27018,13,54.02,54.86,0,0.9999,0.06927011162042618,0.84,0.9090909090909091,0.909,bird-mixit
grywag,xc:767548,xc_767548,8,3.89,3.95,2,0.997,0.010458853095769882,0.06,0.9090909090909091,0.9063636363636364,bird-mixit
grywag,xc:388636,xc_388636,6,3.85,4.14,3,0.9656,0.038835782557725906,0.29,0.9285714285714286,0.8966285714285714,bird-mixit
grywag,xc:432286,xc_432286,16,36.91,37.34,0,0.9167,0.025755541399121284,0.43,0.9777777777777777,0.8963288888888888,bird-mixit
grywag,xc:783762,xc_783762,11,7.91,7.98,3,0.8905,0.013134656473994255,0.07,1.0,0.8905,bird-mixit
grywag,xc:783762,xc_783762,0,0.02,0.09,2,0.978,0.007650630082935095,0.07,0.9090909090909091,0.889090909090909,bird-mixit
grywag,xc:432286,xc_432286,1,8.02,16.02,2,0.9987,0.013556767255067825,8.0,0.8888888888888888,0.8877333333333333,bird-mixit
grywag,xc:388636,xc_388636,11,6.18,6.41,0,0.8834,0.042170535773038864,0.23,1.0,0.8834,bird-mixit
grywag,xc:722424,xc_722424,5,5.83,6.73,1,0.9787,0.0591876320540905,0.9,0.8947368421052632,0.8756789473684211,bird-mixit
grywag,xc:324350,xc_324350,6,32.75,39.63,0,0.9977,0.066891148686409,6.88,0.875,0.8729875,bird-mixit
grywag,xc:386848,xc_386848,5,4.65,4.77,1,0.9523,0.016915809363126755,0.12,0.9166666666666666,0.8729416666666666,bird-mixit
grywag,xc:724109,xc_724109,5,3.96,4.3,0,0.9953,0.07244060188531876,0.34,0.875,0.8708874999999999,bird-mixit
grywag,xc:797914,xc_797914,0,0.04,1.99,0,0.997,0.01229075901210308,1.95,0.8666666666666667,0.8640666666666666,bird-mixit
grywag,xc:27018,xc_27018,2,10.92,18.92,0,0.998,0.06452909111976624,8.0,0.8636363636363636,0.861909090909091,bird-mixit
grywag,xc:78168,xc_78168,3,3.18,3.45,1,0.9935,0.12824420630931854,0.27,0.8666666666666667,0.8610333333333334,bird-mixit
grywag,xc:767548,xc_767548,10,4.37,4.54,2,0.8996,0.011083438992500305,0.17,0.9545454545454546,0.8587090909090909,bird-mixit
grywag,xc:432286,xc_432286,0,0.02,8.02,2,0.9194,0.019416701048612595,8.0,0.9333333333333333,0.8581066666666667,bird-mixit
grywag,xc:767548,xc_767548,9,4.07,4.19,2,0.9911,0.010263069532811642,0.12,0.8636363636363636,0.85595,bird-mixit
grywag,xc:592132,xc_592132,1,4.93,5.14,3,0.8483,0.017432941123843193,0.21,1.0,0.8483,bird-mixit
grywag,xc:864014,xc_864014,0,0.02,1.27,0,0.845,0.02768646739423275,1.25,1.0,0.845,bird-mixit
grywag,xc:324349,xc_324349,7,56.37,64.37,0,0.9952,0.05575895309448242,8.0,0.8333333333333334,0.8293333333333334,bird-mixit
grywag,xc:724109,xc_724109,3,1.42,2.25,0,0.9846,0.04356621578335762,0.83,0.8333333333333334,0.8205,bird-mixit
grywag,xc:432286,xc_432286,3,24.02,28.38,2,0.968,0.010252305306494236,4.36,0.8444444444444444,0.8174222222222222,bird-mixit
grywag,xc:783762,xc_783762,5,3.82,3.93,2,0.9908,0.00434552226215601,0.11,0.8181818181818182,0.8106545454545455,bird-mixit
grywag,xc:485891,xc_485891,12,12.88,13.41,0,0.9234,0.07205770164728165,0.53,0.875,0.807975,bird-mixit
grywag,xc:485891,xc_485891,14,15.87,16.24,1,0.9851,0.06827589124441147,0.37,0.8125,0.80039375,bird-mixit
grywag,xc:78168,xc_78168,1,0.44,0.72,1,0.9933,0.1250743865966797,0.28,0.8,0.79464,bird-mixit
grywag,xc:608016,xc_608016,19,14.03,14.22,0,0.8183,0.04073145613074303,0.19,0.9655172413793104,0.7900827586206897,bird-mixit
grywag,xc:485891,xc_485891,3,1.79,2.3,0,0.8408,0.07463385909795761,0.51,0.9375,0.78825,bird-mixit
grywag,xc:386848,xc_386848,14,12.76,12.81,1,0.778,0.018791016191244125,0.05,1.0,0.778,bird-mixit
grywag,xc:711977,xc_711977,2,6.93,11.98,1,0.7755,0.011796924285590649,5.05,1.0,0.7755,bird-mixit
grywag,xc:485891,xc_485891,8,10.09,10.39,0,0.9996,0.0614982433617115,0.3,0.75,0.7497,bird-mixit
grywag,xc:324350,xc_324350,4,16.75,24.75,0,0.9959,0.052898336201906204,8.0,0.75,0.7469250000000001,bird-mixit
grywag,xc:608016,xc_608016,8,6.0,6.53,0,0.8654,0.013317633420228958,0.53,0.8620689655172413,0.7460344827586206,bird-mixit
grywag,xc:324349,xc_324349,0,0.37,8.37,0,0.9942,0.0506829135119915,8.0,0.75,0.7456499999999999,bird-mixit
grywag,xc:386848,xc_386848,4,3.9,3.99,2,0.9939,0.006465980317443609,0.09,0.75,0.745425,bird-mixit
grywag,xc:608016,xc_608016,0,0.05,1.0,0,0.7931,0.025267811492085457,0.95,0.9310344827586207,0.738403448275862,bird-mixit
grywag,xc:27018,xc_27018,16,63.4,67.74,0,0.8958,0.06341857463121414,4.34,0.8181818181818182,0.7329272727272728,bird-mixit
grywag,xc:388636,xc_388636,1,0.28,0.7,0,0.8532,0.03034386783838272,0.42,0.8571428571428571,0.7313142857142856,bird-mixit
grywag,xc:767548,xc_767548,24,14.04,14.11,2,0.923,0.009877162054181099,0.07,0.7727272727272727,0.7132272727272727,bird-mixit
grywag,xc:797914,xc_797914,3,4.32,4.44,3,0.887,0.0011267764493823051,0.12,0.8,0.7096,bird-mixit
grywag,xc:783762,xc_783762,9,5.88,6.09,2,0.9596,0.0033179703168570995,0.21,0.7272727272727273,0.6978909090909091,bird-mixit
grywag,xc:388636,xc_388636,7,4.76,4.93,3,0.8829,0.02644815482199192,0.17,0.7857142857142857,0.6937071428571429,bird-mixit
grywag,xc:608016,xc_608016,30,28.11,28.17,3,0.9845,0.006019494030624628,0.06,0.6896551724137931,0.6789655172413794,bird-mixit
grywag,xc:324349,xc_324349,3,24.37,32.37,0,0.9937,0.04740767553448677,8.0,0.6666666666666666,0.6624666666666666,bird-mixit
grywag,xc:78168,xc_78168,5,4.13,4.66,1,0.9883,0.10176840424537659,0.53,0.6666666666666666,0.6588666666666666,bird-mixit
grywag,xc:797914,xc_797914,7,8.33,8.44,3,0.881,0.0011255699209868908,0.11,0.7333333333333333,0.6460666666666667,bird-mixit
grywag,xc:696159,xc_696159,2,9.12,9.56,1,0.6377,0.009756384417414665,0.44,1.0,0.6377,bird-mixit
grywag,xc:388636,xc_388636,13,6.97,7.04,2,0.884,0.024250084534287453,0.07,0.7142857142857143,0.6314285714285715,bird-mixit
jabwar,xc:285699,xc_285699,13,46.17,46.72,0,1.0,0.04602449759840965,0.55,1.0,1.0,bird-mixit
jabwar,xc:285848,xc_285848,70,52.88,54.68,0,1.0,0.05510881915688515,1.8,1.0,1.0,bird-mixit
jabwar,xc:191037,xc_191037,41,57.76,59.47,0,0.9995,0.08901643753051758,1.71,1.0,0.9995,bird-mixit
jabwar,xc:486788,xc_486788,3,2.81,6.06,0,0.9995,0.059600766748189926,3.25,1.0,0.9995,bird-mixit
jabwar,xc:329587,xc_329587,3,1.24,3.08,0,0.9983,0.06298103928565979,1.84,1.0,0.9983,bird-mixit
jabwar,xc:286125,xc_286125,7,7.41,7.7,0,0.9969,0.03016490675508976,0.29,1.0,0.9969,bird-mixit
jabwar,xc:285821,xc_285821,5,2.3,9.39,0,0.9939,0.026244336739182472,7.09,1.0,0.9939,bird-mixit
jabwar,xc:34404,xc_34404,24,22.25,25.69,1,0.9929,0.05905668064951897,3.44,1.0,0.9929,bird-mixit
jabwar,xc:385100,xc_385100,108,59.73,59.83,2,0.9998,0.1155959740281105,0.1,0.990909090909091,0.9907109090909092,bird-mixit
jabwar,xc:309570,xc_309570,15,16.07,17.98,0,0.9881,0.02245873026549816,1.91,1.0,0.9881,bird-mixit
jabwar,xc:285848,xc_285848,38,27.87,28.92,0,1.0,0.05354853346943855,1.05,0.9868421052631579,0.9868421052631579,bird-mixit
jabwar,xc:697521,xc_697521,1,4.53,6.34,0,0.9853,0.1000695750117302,1.81,1.0,0.9853,bird-mixit
jabwar,xc:191037,xc_191037,25,39.58,40.96,0,0.9996,0.08358415961265564,1.38,0.9830508474576272,0.9826576271186441,bird-mixit
jabwar,xc:329587,xc_329587,19,16.65,18.68,0,0.9973,0.0570821650326252,2.03,0.984375,0.9817171874999999,bird-mixit
jabwar,xc:191038,xc_191038,4,1.43,2.98,0,0.9973,0.06225268542766571,1.55,0.9818181818181818,0.9791672727272727,bird-mixit
jabwar,xc:191195,xc_191195,0,0.02,5.0,0,0.9788,0.016004009172320366,4.98,1.0,0.9788,bird-mixit
jabwar,xc:191203,xc_191203,80,28.64,28.81,0,0.9859,0.0948479175567627,0.17,0.9914529914529915,0.9774735042735043,bird-mixit
jabwar,xc:581688,xc_581688,105,86.38,88.31,0,0.9854,0.06529496610164642,1.93,0.9912280701754386,0.9767561403508772,bird-mixit
jabwar,xc:992374,xc_992374,7,10.24,11.32,0,0.9762,0.020011622458696365,1.08,1.0,0.9762,bird-mixit
jabwar,xc:285848,xc_285848,44,31.76,33.7,0,0.9998,0.05217001587152481,1.94,0.9736842105263158,0.9734894736842106,bird-mixit
jabwar,xc:581688,xc_581688,1,0.71,2.31,0,0.9992,0.05502692610025406,1.6,0.9736842105263158,0.9729052631578947,bird-mixit
jabwar,xc:486788,xc_486788,2,1.17,2.7,3,0.9889,0.038468535989522934,1.53,0.9803921568627451,0.9695098039215686,bird-mixit
jabwar,xc:191195,xc_191195,2,7.65,11.79,0,0.9867,0.014319103211164474,4.14,0.9824561403508771,0.9693894736842105,bird-mixit
jabwar,xc:286125,xc_286125,13,11.8,12.12,0,0.9965,0.02778523415327072,0.32,0.9722222222222222,0.9688194444444445,bird-mixit
jabwar,xc:329587,xc_329587,63,45.37,47.04,0,0.9977,0.05115123093128204,1.67,0.96875,0.966521875,bird-mixit
jabwar,xc:191195,xc_191195,4,12.26,13.11,0,0.9998,0.01420561596751213,0.85,0.9649122807017544,0.9647192982456141,bird-mixit
jabwar,xc:385100,xc_385100,91,42.27,42.52,2,0.964,0.13661745190620422,0.25,1.0,0.964,bird-mixit
jabwar,xc:385100,xc_385100,95,43.19,43.44,2,0.9999,0.08362869173288345,0.25,0.9636363636363636,0.96354,bird-mixit
jabwar,xc:385100,xc_385100,88,40.22,40.63,2,0.9803,0.10340190678834915,0.41,0.9818181818181818,0.9624763636363636,bird-mixit
jabwar,xc:285848,xc_285848,46,34.53,34.78,0,1.0,0.05063981935381889,0.25,0.9605263157894737,0.9605263157894737,bird-mixit
jabwar,xc:191203,xc_191203,116,42.83,42.92,0,0.9602,0.09510006010532379,0.09,1.0,0.9602,bird-mixit
jabwar,xc:486788,xc_486788,11,12.77,13.13,1,0.9989,0.03648718446493149,0.36,0.9607843137254902,0.9597274509803922,bird-mixit
jabwar,xc:1069473,xc_1069473,10,11.26,12.9,0,0.9964,0.008378518745303154,1.64,0.9629629629629629,0.9594962962962962,bird-mixit
jabwar,xc:385100,xc_385100,90,42.02,42.2,2,0.9846,0.10099845379590988,0.18,0.9727272727272728,0.9577472727272728,bird-mixit
jabwar,xc:581688,xc_581688,80,68.9,69.0,2,0.9999,0.04881562292575836,0.1,0.956140350877193,0.9560447368421052,bird-mixit
jabwar,xc:581688,xc_581688,9,11.0,13.18,0,0.9538,0.06629563122987747,2.18,1.0,0.9538,bird-mixit
jabwar,xc:329587,xc_329587,35,27.56,29.63,0,0.9979,0.0470423698425293,2.07,0.953125,0.9511234375000001,bird-mixit
jabwar,xc:285848,xc_285848,73,56.28,56.88,0,1.0,0.04879564791917801,0.6,0.9473684210526315,0.9473684210526315,bird-mixit
jabwar,xc:285699,xc_285699,14,46.82,47.09,0,0.9999,0.03498556837439537,0.27,0.9473684210526315,0.9472736842105263,bird-mixit
jabwar,xc:191195,xc_191195,1,5.17,7.55,0,0.9998,0.014064124785363674,2.38,0.9473684210526315,0.947178947368421,bird-mixit
jabwar,xc:581688,xc_581688,117,97.3,98.63,0,0.9995,0.04877158999443054,1.33,0.9473684210526315,0.9468947368421052,bird-mixit
jabwar,xc:191038,xc_191038,45,33.28,35.22,0,0.9823,0.0559033565223217,1.94,0.9636363636363636,0.94658,bird-mixit
jabwar,xc:285821,xc_285821,6,9.55,9.66,0,0.9985,0.017153501510620117,0.11,0.9473684210526315,0.9459473684210526,bird-mixit
jabwar,xc:191037,xc_191037,31,47.08,48.86,0,0.9966,0.055752355605363846,1.78,0.9491525423728814,0.9459254237288136,bird-mixit
jabwar,xc:191203,xc_191203,86,30.94,31.1,0,0.962,0.08328349888324738,0.16,0.9829059829059829,0.9455555555555555,bird-mixit
jabwar,xc:27362,xc_27362,16,16.45,16.97,0,0.9757,0.035696566104888916,0.52,0.96875,0.945209375,bird-mixit
jabwar,xc:34404,xc_34404,5,4.11,6.13,0,0.9915,0.04633760824799538,2.02,0.9523809523809523,0.9442857142857143,bird-mixit
jabwar,xc:191203,xc_191203,110,40.85,41.02,0,0.966,0.08129661530256271,0.17,0.9743589743589743,0.9412307692307692,bird-mixit
jabwar,xc:191203,xc_191203,111,41.24,41.4,0,0.9739,0.07955089211463928,0.16,0.9658119658119658,0.9406042735042736,bird-mixit
jabwar,xc:286125,xc_286125,33,25.86,26.17,0,0.9952,0.025724725797772408,0.31,0.9444444444444444,0.939911111111111,bird-mixit
jabwar,xc:486788,xc_486788,10,12.33,12.67,1,0.998,0.02401093766093254,0.34,0.9411764705882353,0.9392941176470588,bird-mixit
jabwar,xc:191195,xc_191195,8,14.79,15.03,0,0.9998,0.013546147383749485,0.24,0.9298245614035088,0.929638596491228,bird-mixit
jabwar,xc:191037,xc_191037,47,62.84,64.43,0,0.961,0.05806560441851616,1.59,0.9661016949152542,0.9284237288135593,bird-mixit
jabwar,xc:27362,xc_27362,5,1.99,3.38,0,0.9265,0.0425042025744915,1.39,1.0,0.9265,bird-mixit
jabwar,xc:309570,xc_309570,1,1.22,2.41,0,0.9951,0.020380372181534767,1.19,0.9285714285714286,0.9240214285714285,bird-mixit
jabwar,xc:191037,xc_191037,37,53.61,53.85,0,0.9864,0.05390462279319763,0.24,0.9322033898305084,0.9195254237288135,bird-mixit
jabwar,xc:191038,xc_191038,40,28.77,31.93,0,0.9719,0.05574486777186394,3.16,0.9454545454545454,0.9188872727272727,bird-mixit
jabwar,xc:486788,xc_486788,9,11.9,12.28,1,0.9964,0.023758316412568092,0.38,0.9215686274509803,0.9182509803921568,bird-mixit
jabwar,xc:191038,xc_191038,24,13.77,14.18,2,0.9176,0.06674256175756454,0.41,1.0,0.9176,bird-mixit
jabwar,xc:286125,xc_286125,17,13.72,14.02,0,0.9952,0.025609299540519714,0.3,0.9166666666666666,0.9122666666666666,bird-mixit
jabwar,xc:329587,xc_329587,31,25.82,25.9,3,0.9693,0.0073874290101230145,0.08,0.9375,0.90871875,bird-mixit
jabwar,xc:191038,xc_191038,36,24.81,25.65,0,0.977,0.0527445450425148,0.84,0.9272727272727272,0.9059454545454545,bird-mixit
jabwar,xc:992374,xc_992374,2,2.49,3.88,0,0.9668,0.00989463645964861,1.39,0.9333333333333333,0.9023466666666666,bird-mixit
jabwar,xc:1069473,xc_1069473,2,3.02,3.3,2,0.9744,0.001087202806957066,0.28,0.9259259259259259,0.9022222222222223,bird-mixit
jabwar,xc:155854,xc_155854,28,19.56,21.64,0,0.9213,0.05387565866112709,2.08,0.9787234042553191,0.9016978723404255,bird-mixit
jabwar,xc:285699,xc_285699,12,42.1,46.11,0,0.9992,0.03133430704474449,4.01,0.8947368421052632,0.8940210526315789,bird-mixit
jabwar,xc:285821,xc_285821,14,12.59,12.76,0,0.9985,0.016759388148784637,0.17,0.8947368421052632,0.8933947368421054,bird-mixit
jabwar,xc:27362,xc_27362,24,30.75,31.87,0,0.9802,0.031719379127025604,1.12,0.90625,0.88830625,bird-mixit
jabwar,xc:286125,xc_286125,30,23.08,23.4,0,0.9934,0.02415100298821926,0.32,0.8888888888888888,0.8830222222222222,bird-mixit
jabwar,xc:34404,xc_34404,16,13.13,14.69,0,0.9714,0.03244099020957947,1.56,0.9047619047619048,0.8788857142857144,bird-mixit
jabwar,xc:27362,xc_27362,10,7.77,9.33,0,0.9339,0.035362910479307175,1.56,0.9375,0.87553125,bird-mixit
jabwar,xc:992374,xc_992374,16,32.92,34.37,0,0.992,0.009318427182734013,1.45,0.8666666666666667,0.8597333333333333,bird-mixit
jabwar,xc:155854,xc_155854,1,3.14,4.27,0,0.8821,0.030150773003697395,1.13,0.9574468085106383,0.8445638297872341,bird-mixit
jabwar,xc:285699,xc_285699,16,48.33,54.52,0,0.9996,0.028923282399773598,6.19,0.8421052631578947,0.8417684210526316,bird-mixit
jabwar,xc:285821,xc_285821,7,9.83,9.98,0,0.9971,0.014882166869938374,0.15,0.8421052631578947,0.8396631578947368,bird-mixit
japwag1,xc:527476,xc_527476,0,0.02,0.33,0,0.9999,0.15908949077129364,0.31,1.0,0.9999,bird-mixit
japwag1,inat:121419,inat_121419,21,28.54,28.72,2,0.9999,0.16928939521312714,0.18,1.0,0.9999,bird-mixit
japwag1,ml:611293787,ml_611293787,50,38.57,39.27,2,0.9994,0.22424574196338654,0.7,1.0,0.9994,bird-mixit
japwag1,xc:89513,xc_89513,7,5.23,8.74,0,0.9953,0.08824276924133301,3.51,1.0,0.9953,bird-mixit
japwag1,ml:640256369,ml_640256369,7,4.37,4.54,2,0.9953,0.2154521942138672,0.17,1.0,0.9953,bird-mixit
japwag1,ml:170805251,ml_170805251,58,33.9,33.98,2,0.9911,0.06044628843665123,0.08,1.0,0.9911,bird-mixit
japwag1,ml:620086200,ml_620086200,23,11.21,11.55,3,0.9902,0.04783724248409271,0.34,1.0,0.9902,bird-mixit
japwag1,xc:704676,xc_704676,2,0.95,1.18,0,0.9898,0.04466387629508972,0.23,1.0,0.9898,bird-mixit
japwag1,xc:294783,xc_294783,0,0.02,1.04,2,0.9867,0.010558545589447021,1.02,1.0,0.9867,bird-mixit
japwag1,xc:176437,xc_176437,1,0.61,1.09,0,0.9865,0.06551265716552734,0.48,1.0,0.9865,bird-mixit
japwag1,ml:170805251,ml_170805251,85,58.0,58.08,2,0.9991,0.06016925349831581,0.08,0.9863013698630136,0.985413698630137,bird-mixit
japwag1,xc:532311,xc_532311,2,6.87,7.59,0,0.9809,0.04249071702361107,0.72,1.0,0.9809,bird-mixit
japwag1,ml:611293787,ml_611293787,25,23.41,23.52,2,0.9999,0.16160957515239716,0.11,0.9787234042553191,0.9786255319148935,bird-mixit
japwag1,ml:170805251,ml_170805251,87,58.56,58.62,2,0.999,0.0589713491499424,0.06,0.9726027397260274,0.9716301369863014,bird-mixit
japwag1,inat:121419,inat_121419,27,35.96,36.03,2,0.9997,0.06974945962429047,0.07,0.9642857142857143,0.9639964285714286,bird-mixit
japwag1,ml:160012331,ml_160012331,21,14.32,14.71,0,0.9624,0.06566905975341797,0.39,1.0,0.9624,bird-mixit
japwag1,xc:176437,xc_176437,6,5.09,5.57,0,0.9821,0.05721188336610794,0.48,0.9767441860465116,0.959260465116279,bird-mixit
japwag1,ml:170805251,ml_170805251,88,58.79,58.86,2,0.9992,0.055669739842414856,0.07,0.958904109589041,0.9581369863013698,bird-mixit
japwag1,ml:611293787,ml_611293787,24,23.18,23.35,2,1.0,0.12931783497333527,0.17,0.9574468085106383,0.9574468085106383,bird-mixit
japwag1,ml:648118383,ml_648118383,47,19.06,19.23,2,0.9535,0.022138388827443123,0.17,1.0,0.9535,bird-mixit
japwag1,xc:704677,xc_704677,10,8.65,9.45,0,0.9504,0.05921849235892296,0.8,1.0,0.9504,bird-mixit
japwag1,xc:704676,xc_704676,8,7.1,7.25,3,0.9962,0.04393652826547623,0.15,0.9523809523809523,0.9487619047619047,bird-mixit
japwag1,ml:620086200,ml_620086200,22,11.0,11.13,3,0.9648,0.040895476937294006,0.13,0.9811320754716981,0.9465962264150943,bird-mixit
japwag1,xc:176437,xc_176437,29,20.31,20.62,0,0.986,0.05482259765267372,0.31,0.9534883720930233,0.9401395348837209,bird-mixit
japwag1,ml:620086200,ml_620086200,8,2.89,3.0,3,0.9936,0.02708001807332039,0.11,0.9433962264150944,0.9373584905660378,bird-mixit
japwag1,ml:611293787,ml_611293787,28,24.35,24.45,2,0.9998,0.12014956772327423,0.1,0.9361702127659575,0.9359829787234043,bird-mixit
japwag1,xc:454869,xc_454869,33,28.98,33.94,3,0.9338,0.012179875746369362,4.96,1.0,0.9338,bird-mixit
japwag1,ml:203968901,ml_203968901,33,28.98,33.94,3,0.9338,0.012179875746369362,4.96,1.0,0.9338,bird-mixit
japwag1,inat:121419,inat_121419,23,31.68,31.73,2,0.9996,0.06942407041788101,0.05,0.9285714285714286,0.9282,bird-mixit
japwag1,ml:160012331,ml_160012331,34,23.27,23.54,0,0.953,0.06480838358402252,0.27,0.9736842105263158,0.927921052631579,bird-mixit
japwag1,ml:170805251,ml_170805251,83,56.44,56.49,2,0.9785,0.054778728634119034,0.05,0.9452054794520548,0.9248835616438357,bird-mixit
japwag1,ml:648118383,ml_648118383,46,18.52,18.59,2,0.9374,0.021023569628596306,0.07,0.9795918367346939,0.918269387755102,bird-mixit
japwag1,ml:611293787,ml_611293787,30,25.5,25.57,2,0.9999,0.11571115255355835,0.07,0.9148936170212766,0.9148021276595745,bird-mixit
japwag1,xc:176437,xc_176437,42,27.57,28.05,0,0.9832,0.05188418924808502,0.48,0.9302325581395349,0.9146046511627907,bird-mixit
japwag1,ml:160012331,ml_160012331,30,19.51,19.95,0,0.9637,0.06006523594260216,0.44,0.9473684210526315,0.912978947368421,bird-mixit
japwag1,ml:620086200,ml_620086200,5,2.1,2.17,3,0.9974,0.02523365244269371,0.07,0.9056603773584906,0.9033056603773585,bird-mixit
japwag1,xc:704677,xc_704677,46,30.47,30.58,3,0.9939,0.03729986399412155,0.11,0.9047619047619048,0.8992428571428571,bird-mixit
japwag1,ml:640256369,ml_640256369,15,14.63,14.7,2,0.9424,0.2048271894454956,0.07,0.95,0.89528,bird-mixit
japwag1,xc:704677,xc_704677,6,4.78,5.61,0,0.9166,0.049766987562179565,0.83,0.9761904761904762,0.8947761904761904,bird-mixit
japwag1,xc:89513,xc_89513,5,3.27,4.12,0,0.9935,0.0639394074678421,0.85,0.9,0.8941500000000001,bird-mixit
japwag1,inat:121419,inat_121419,29,37.89,38.01,2,0.9997,0.06426846235990524,0.12,0.8928571428571429,0.8925892857142858,bird-mixit
japwag1,ml:640256369,ml_640256369,16,14.94,15.17,2,0.9905,0.20183826982975006,0.23,0.9,0.8914500000000001,bird-mixit
japwag1,ml:620086200,ml_620086200,25,11.78,12.26,3,0.962,0.026667136698961258,0.48,0.9245283018867925,0.8893962264150943,bird-mixit
japwag1,xc:176437,xc_176437,36,23.75,24.13,0,0.9805,0.05123003199696541,0.38,0.9069767441860465,0.8892906976744186,bird-mixit
japwag1,ml:648118383,ml_648118383,50,19.79,19.84,2,0.9245,0.019246604293584824,0.05,0.9591836734693877,0.886765306122449,bird-mixit
japwag1,ml:160012331,ml_160012331,17,11.99,12.32,0,0.9571,0.053882237523794174,0.33,0.9210526315789473,0.8815394736842105,bird-mixit
japwag1,xc:704677,xc_704677,8,6.12,6.72,0,0.9056,0.04543212801218033,0.6,0.9523809523809523,0.8624761904761904,bird-mixit
japwag1,inat:121419,inat_121419,28,37.63,37.77,2,0.9993,0.05504680052399635,0.14,0.8571428571428571,0.856542857142857,bird-mixit
japwag1,xc:527476,xc_527476,2,1.51,1.71,1,0.9916,0.09919438511133194,0.2,0.8571428571428571,0.8499428571428571,bird-mixit
japwag1,ml:640256369,ml_640256369,5,3.62,3.71,2,0.9981,0.19608040153980255,0.09,0.85,0.848385,bird-mixit
japwag1,ml:160012331,ml_160012331,38,27.38,27.78,0,0.9478,0.05079404264688492,0.4,0.8947368421052632,0.8480315789473684,bird-mixit
japwag1,ml:640402579,ml_640402579,6,1.9,2.2,0,0.8254,0.1282740980386734,0.3,1.0,0.8254,bird-mixit
japwag1,xc:532311,xc_532311,0,0.29,0.76,0,0.9621,0.02829723060131073,0.47,0.8571428571428571,0.8246571428571428,bird-mixit
japwag1,ml:648118383,ml_648118383,49,19.54,19.6,2,0.8756,0.014966793358325958,0.06,0.9387755102040817,0.821991836734694,bird-mixit
japwag1,xc:841046,xc_841046,0,0.02,3.86,2,0.8199,0.02616630122065544,3.84,1.0,0.8199,bird-mixit
japwag1,ml:648118383,ml_648118383,41,15.62,15.82,2,0.8816,0.01459607481956482,0.2,0.9183673469387755,0.8096326530612246,bird-mixit
japwag1,xc:454869,xc_454869,32,20.98,28.98,3,0.858,0.009347710758447647,8.0,0.9411764705882353,0.8075294117647058,bird-mixit
japwag1,ml:203968901,ml_203968901,32,20.98,28.98,3,0.858,0.009347710758447647,8.0,0.9411764705882353,0.8075294117647058,bird-mixit
japwag1,xc:704677,xc_704677,16,13.02,13.25,0,0.8616,0.03869267553091049,0.23,0.9285714285714286,0.8000571428571429,bird-mixit
japwag1,ml:640256369,ml_640256369,17,15.22,15.84,2,0.994,0.18749332427978516,0.62,0.8,0.7952,bird-mixit
japwag1,xc:704676,xc_704676,3,2.1,2.36,0,0.9219,0.031362392008304596,0.26,0.8571428571428571,0.7902,bird-mixit
japwag1,xc:704676,xc_704676,23,14.84,15.24,2,0.8687,0.03490428626537323,0.4,0.9047619047619048,0.7859666666666667,bird-mixit
japwag1,xc:704676,xc_704676,10,7.85,7.93,3,0.9679,0.02720610983669758,0.08,0.8095238095238095,0.7835380952380953,bird-mixit
japwag1,xc:89513,xc_89513,8,8.83,16.83,0,0.9709,0.05568654090166092,8.0,0.8,0.7767200000000001,bird-mixit
japwag1,ml:640402579,ml_640402579,17,8.27,8.48,0,0.8206,0.11929447948932648,0.21,0.9411764705882353,0.7723294117647058,bird-mixit
japwag1,ml:640402579,ml_640402579,5,1.56,1.67,2,0.9976,0.09493439644575119,0.11,0.7647058823529411,0.7628705882352941,bird-mixit
japwag1,xc:841047,xc_841047,1,0.48,2.12,0,0.7458,0.07912204414606094,1.64,1.0,0.7458,bird-mixit
japwag1,xc:841047,xc_841047,17,19.93,22.59,2,0.9948,0.04518098011612892,2.66,0.7368421052631579,0.7330105263157894,bird-mixit
japwag1,xc:454869,xc_454869,7,9.76,9.91,3,0.748,0.009924604557454586,0.15,0.9705882352941176,0.726,bird-mixit
japwag1,ml:203968901,ml_203968901,7,9.76,9.91,3,0.748,0.009924604557454586,0.15,0.9705882352941176,0.726,bird-mixit
japwag1,xc:841046,xc_841046,1,3.99,11.33,2,0.8218,0.01958806812763214,7.34,0.875,0.719075,bird-mixit
japwag1,ml:640402579,ml_640402579,4,1.1,1.41,0,0.8129,0.11549012362957001,0.31,0.8823529411764706,0.7172647058823529,bird-mixit
japwag1,xc:532311,xc_532311,4,15.97,16.68,0,0.9965,0.026881448924541473,0.71,0.7142857142857143,0.7117857142857144,bird-mixit
japwag1,xc:454869,xc_454869,12,11.69,11.77,3,0.8322,0.008329384960234165,0.08,0.8529411764705882,0.7098176470588236,bird-mixit
japwag1,ml:203968901,ml_203968901,12,11.69,11.77,3,0.8322,0.008329384960234165,0.08,0.8529411764705882,0.7098176470588236,bird-mixit
labcro1,xc:446405,xc_446405,27,19.13,19.45,2,0.9999,0.08202455192804337,0.32,1.0,0.9999,bird-mixit
labcro1,xc:285993,xc_285993,4,2.62,3.07,0,0.9999,0.1591060757637024,0.45,1.0,0.9999,bird-mixit
labcro1,xc:350538,xc_350538,5,5.13,7.48,0,0.9998,0.1727297604084015,2.35,1.0,0.9998,bird-mixit
labcro1,xc:133745,xc_133745,182,145.69,146.0,0,0.9996,0.3535822927951813,0.31,1.0,0.9996,bird-mixit
labcro1,xc:811821,xc_811821,113,128.88,131.12,0,0.999,0.10727174580097198,2.24,1.0,0.999,bird-mixit
labcro1,xc:986610,xc_986610,3,2.35,2.79,0,0.9977,0.052615948021411896,0.44,1.0,0.9977,bird-mixit
labcro1,xc:212126,xc_212126,2,1.18,3.98,0,0.996,0.030913176015019417,2.8,1.0,0.996,bird-mixit
labcro1,xc:68019,xc_68019,57,55.82,56.98,0,0.9958,0.05068942904472351,1.16,1.0,0.9958,bird-mixit
labcro1,xc:603876,xc_603876,0,0.71,3.2,3,0.9956,0.04536639526486397,2.49,1.0,0.9956,bird-mixit
labcro1,xc:307471,xc_307471,6,2.24,4.9,0,0.9946,0.12022470682859421,2.66,1.0,0.9946,bird-mixit
labcro1,xc:133745,xc_133745,183,146.13,147.92,0,0.9991,0.2839454710483551,1.79,0.9948186528497409,0.9939233160621761,bird-mixit
labcro1,xc:811821,xc_811821,55,51.83,55.13,0,0.9988,0.09041659533977509,3.3,0.9910714285714286,0.9898821428571429,bird-mixit
labcro1,xc:890153,xc_890153,2,2.51,2.81,0,0.9895,0.20484939217567444,0.3,1.0,0.9895,bird-mixit
labcro1,xc:133745,xc_133745,178,132.36,133.69,0,0.9991,0.2523118853569031,1.33,0.9896373056994818,0.9887466321243523,bird-mixit
labcro1,xc:81350,xc_81350,2,1.32,1.79,0,0.9887,0.08938542008399963,0.47,1.0,0.9887,bird-mixit
labcro1,xc:446405,xc_446405,29,19.95,20.71,2,0.9995,0.03500339388847351,0.76,0.984375,0.9838828125000001,bird-mixit
labcro1,xc:133745,xc_133745,160,113.0,113.25,0,0.9987,0.2187412828207016,0.25,0.9844559585492227,0.9831761658031087,bird-mixit
labcro1,xc:811821,xc_811821,13,13.5,15.71,0,0.9989,0.08385878056287766,2.21,0.9821428571428571,0.9810625,bird-mixit
labcro1,xc:133745,xc_133745,177,131.92,132.17,0,0.999,0.18395014107227325,0.25,0.9792746113989638,0.9782953367875648,bird-mixit
labcro1,xc:68019,xc_68019,15,20.0,21.57,0,0.9911,0.0455152727663517,1.57,0.9861111111111112,0.9773347222222223,bird-mixit
labcro1,xc:824065,xc_824065,76,79.4,80.39,0,0.9982,0.00456986203789711,0.99,0.9782608695652174,0.9765,bird-mixit
labcro1,xc:286155,xc_286155,2,1.55,9.39,3,0.9738,0.059462957084178925,7.84,1.0,0.9738,bird-mixit
labcro1,xc:285993,xc_285993,5,3.16,3.61,0,0.9999,0.1571902483701706,0.45,0.9736842105263158,0.9735868421052633,bird-mixit
labcro1,xc:811821,xc_811821,71,74.21,77.94,0,0.9984,0.07455465942621231,3.73,0.9732142857142857,0.9716571428571428,bird-mixit
labcro1,xc:446405,xc_446405,14,9.23,10.31,2,0.999,0.031998056918382645,1.08,0.96875,0.96778125,bird-mixit
labcro1,xc:68019,xc_68019,46,50.57,51.93,0,0.9927,0.04531105235219002,1.36,0.9722222222222222,0.965125,bird-mixit
labcro1,xc:811821,xc_811821,26,35.2,36.39,0,0.9981,0.07405370473861694,1.19,0.9642857142857143,0.9624535714285715,bird-mixit
labcro1,xc:824065,xc_824065,80,85.8,86.66,0,0.9997,0.004412550013512373,0.86,0.9565217391304348,0.9562347826086958,bird-mixit
labcro1,xc:824065,xc_824065,61,53.57,54.23,3,0.9882,0.004538585897535086,0.66,0.967391304347826,0.9559760869565217,bird-mixit
labcro1,xc:446405,xc_446405,6,5.93,6.0,2,0.9992,0.02989010326564312,0.07,0.953125,0.9523625,bird-mixit
labcro1,xc:68019,xc_68019,18,23.85,24.85,0,0.9928,0.04468289017677307,1.0,0.9583333333333334,0.9514333333333334,bird-mixit
labcro1,xc:811530,xc_811530,22,31.99,33.81,0,0.9965,0.0625542551279068,1.82,0.9545454545454546,0.9512045454545456,bird-mixit
labcro1,xc:285993,xc_285993,6,3.74,4.18,0,0.9999,0.14181460440158844,0.44,0.9473684210526315,0.9472736842105263,bird-mixit
labcro1,xc:309572,xc_309572,20,13.87,14.94,0,0.9455,0.031948771327733994,1.07,1.0,0.9455,bird-mixit
labcro1,xc:824065,xc_824065,85,101.21,102.1,0,0.9998,0.004365591797977686,0.89,0.9456521739130435,0.9454630434782608,bird-mixit
labcro1,xc:915206,xc_915206,13,11.62,19.62,3,0.9404,0.035159654915332794,8.0,1.0,0.9404,bird-mixit
labcro1,xc:824065,xc_824065,62,54.35,56.44,3,0.9368,0.00658050924539566,2.09,1.0,0.9368,bird-mixit
labcro1,xc:446405,xc_446405,8,6.76,7.77,2,0.9986,0.029661264270544052,1.01,0.9375,0.9361875000000001,bird-mixit
labcro1,xc:68019,xc_68019,33,38.18,39.04,0,0.9899,0.04107412323355675,0.86,0.9444444444444444,0.9349055555555555,bird-mixit
labcro1,xc:350538,xc_350538,10,11.5,13.8,0,0.9993,0.17209306359291077,2.3,0.9230769230769231,0.9224307692307693,bird-mixit
labcro1,xc:285993,xc_285993,38,20.12,20.63,0,0.9999,0.13067463040351868,0.51,0.9210526315789473,0.9209605263157895,bird-mixit
labcro1,xc:915206,xc_915206,2,2.33,2.75,0,0.9812,0.0154070183634758,0.42,0.9375,0.919875,bird-mixit
labcro1,xc:309572,xc_309572,12,9.56,9.97,0,0.9395,0.026882074773311615,0.41,0.9736842105263158,0.9147763157894737,bird-mixit
labcro1,xc:811530,xc_811530,17,29.28,29.66,2,0.9997,0.05792325362563133,0.38,0.9090909090909091,0.9088181818181819,bird-mixit
labcro1,xc:212126,xc_212126,6,4.79,6.44,3,0.9892,0.012179535813629627,1.65,0.9130434782608695,0.9031826086956521,bird-mixit
labcro1,xc:344448,xc_344448,16,11.05,11.17,2,0.9825,0.07669009268283844,0.12,0.9166666666666666,0.900625,bird-mixit
labcro1,xc:285993,xc_285993,7,4.52,5.18,0,0.9999,0.12556220591068268,0.66,0.8947368421052632,0.8946473684210526,bird-mixit
labcro1,xc:309572,xc_309572,21,15.1,15.46,0,0.927,0.026791414245963097,0.36,0.9473684210526315,0.8782105263157894,bird-mixit
labcro1,xc:986610,xc_986610,4,2.98,3.43,0,0.9967,0.04678068682551384,0.45,0.875,0.8721125000000001,bird-mixit
labcro1,xc:344448,xc_344448,9,3.44,6.35,0,0.8663,0.1301918476819992,2.91,1.0,0.8663,bird-mixit
labcro1,xc:890153,xc_890153,0,1.36,1.63,0,0.9878,0.1289917379617691,0.27,0.875,0.864325,bird-mixit
labcro1,xc:307471,xc_307471,4,1.76,1.9,3,0.9556,0.025273188948631287,0.14,0.9,0.86004,bird-mixit
labcro1,xc:309572,xc_309572,19,13.43,13.79,0,0.9299,0.02636571414768696,0.36,0.9210526315789473,0.856486842105263,bird-mixit
labcro1,xc:212126,xc_212126,7,6.5,6.63,3,0.9734,0.005520480684936047,0.13,0.8695652173913043,0.8464347826086956,bird-mixit
labcro1,xc:309572,xc_309572,16,11.57,11.91,0,0.9193,0.024638701230287552,0.34,0.8947368421052632,0.8225315789473684,bird-mixit
labcro1,xc:81350,xc_81350,3,1.87,2.3,0,0.9849,0.07723713666200638,0.43,0.8333333333333334,0.82075,bird-mixit
labcro1,xc:811532,xc_811532,8,4.58,6.11,1,0.8112,0.05701637268066406,1.53,1.0,0.8112,bird-mixit
labcro1,xc:344448,xc_344448,11,7.94,8.11,2,0.971,0.06833547353744507,0.17,0.8333333333333334,0.8091666666666667,bird-mixit
labcro1,xc:350538,xc_350538,12,18.27,20.56,0,0.9406,0.16596275568008423,2.29,0.8461538461538461,0.7958923076923077,bird-mixit
labcro1,xc:212126,xc_212126,5,4.53,4.72,3,0.9594,0.004470861982554197,0.19,0.8260869565217391,0.7925478260869565,bird-mixit
labcro1,xc:915206,xc_915206,11,9.45,9.83,0,0.894,0.013218807987868786,0.38,0.875,0.78225,bird-mixit
labcro1,xc:811530,xc_811530,9,22.9,23.06,2,0.9915,0.05624653398990631,0.16,0.7727272727272727,0.766159090909091,bird-mixit
litegr,xc:774258,xc_774258,4,1.11,2.42,0,0.999,0.007004930172115564,1.31,1.0,0.999,bird-mixit
litegr,xc:710201,xc_710201,7,12.9,13.74,2,0.9987,0.07939424365758896,0.84,1.0,0.9987,bird-mixit
litegr,xc:407045,xc_407045,4,7.3,7.9,2,0.9963,0.03043007105588913,0.6,1.0,0.9963,bird-mixit
litegr,xc:642416,xc_642416,4,3.47,3.75,0,0.996,0.005938970483839512,0.28,1.0,0.996,bird-mixit
litegr,xc:1047895,xc_1047895,7,3.32,3.65,3,0.9944,0.02895217016339302,0.33,1.0,0.9944,bird-mixit
litegr,xc:748297,xc_748297,8,7.8,8.04,0,0.9931,0.02517029456794262,0.24,1.0,0.9931,bird-mixit
litegr,xc:333874,xc_333874,38,19.98,20.06,1,0.9869,0.04123678803443909,0.08,1.0,0.9869,bird-mixit
litegr,xc:481452,xc_481452,2,1.33,2.12,0,0.9845,0.028837917372584343,0.79,1.0,0.9845,bird-mixit
litegr,xc:331548,xc_331548,226,155.28,156.42,3,0.984,0.08262158185243607,1.14,1.0,0.984,bird-mixit
litegr,xc:795658,xc_795658,58,37.51,38.25,0,0.9979,0.029812516644597054,0.74,0.9857142857142858,0.9836442857142857,bird-mixit
litegr,xc:956994,xc_956994,80,34.65,35.02,0,0.9771,0.04043423756957054,0.37,1.0,0.9771,bird-mixit
litegr,xc:795658,xc_795658,71,46.21,47.86,0,0.9753,0.04169756919145584,1.65,1.0,0.9753,bird-mixit
litegr,xc:331548,xc_331548,17,10.65,11.69,3,0.9788,0.06686762720346451,1.04,0.9945652173913043,0.9734804347826087,bird-mixit
litegr,xc:331548,xc_331548,258,177.1,178.17,3,0.9836,0.06497206538915634,1.07,0.9891304347826086,0.9729086956521739,bird-mixit
litegr,xc:795658,xc_795658,70,45.25,45.99,0,0.998,0.024797063320875168,0.74,0.9714285714285714,0.9694857142857143,bird-mixit
litegr,xc:331548,xc_331548,394,275.96,276.7,3,0.9855,0.06306717544794083,0.74,0.9836956521739131,0.9694320652173913,bird-mixit
litegr,xc:331548,xc_331548,292,201.13,202.84,3,0.9882,0.06271309405565262,1.71,0.9809782608695652,0.9694027173913042,bird-mixit
litegr,xc:372947,xc_372947,8,6.22,7.12,2,0.9617,0.13084398210048676,0.9,1.0,0.9617,bird-mixit
litegr,xc:795658,xc_795658,33,20.3,21.81,0,0.9957,0.02424904704093933,1.51,0.9571428571428572,0.953027142857143,bird-mixit
litegr,xc:555825,xc_555825,4,2.43,3.37,3,0.9526,0.00428778538480401,0.94,1.0,0.9526,bird-mixit
litegr,xc:779145,xc_779145,10,5.33,5.85,0,1.0,0.042095113545656204,0.52,0.95,0.95,bird-mixit
litegr,xc:956994,xc_956994,81,35.21,35.62,0,0.9502,0.02880009077489376,0.41,0.9940476190476191,0.9445440476190476,bird-mixit
litegr,xc:333874,xc_333874,39,20.14,20.22,1,0.9688,0.035359110683202744,0.08,0.9736842105263158,0.9433052631578948,bird-mixit
litegr,xc:956994,xc_956994,71,30.36,30.48,0,0.9642,0.025797419250011444,0.12,0.9761904761904762,0.941242857142857,bird-mixit
litegr,xc:333966,xc_333966,67,37.86,38.42,3,0.9399,0.03247220441699028,0.56,1.0,0.9399,bird-mixit
litegr,xc:795658,xc_795658,56,35.82,36.7,0,0.996,0.022972144186496735,0.88,0.9428571428571428,0.9390857142857143,bird-mixit
litegr,xc:333874,xc_333874,3,1.78,2.57,3,0.9845,0.029279448091983795,0.79,0.9473684210526315,0.9326842105263158,bird-mixit
litegr,xc:956994,xc_956994,88,37.97,38.14,0,0.9373,0.026002733036875725,0.17,0.9880952380952381,0.9261416666666668,bird-mixit
litegr,xc:710201,xc_710201,10,14.31,16.23,2,0.9689,0.07773786783218384,1.92,0.9523809523809523,0.9227619047619047,bird-mixit
litegr,xc:1041758,xc_1041758,4,1.98,2.66,0,0.921,0.011034701950848103,0.68,1.0,0.921,bird-mixit
litegr,xc:956994,xc_956994,73,31.35,31.46,0,0.9487,0.02333027683198452,0.11,0.9702380952380952,0.9204648809523809,bird-mixit
litegr,xc:748297,xc_748297,9,9.31,9.51,0,0.9421,0.006890611723065376,0.2,0.9615384615384616,0.9058653846153847,bird-mixit
litegr,xc:372947,xc_372947,9,7.21,8.83,2,0.9568,0.12502598762512207,1.62,0.9411764705882353,0.9005176470588235,bird-mixit
litegr,xc:779145,xc_779145,12,6.28,6.9,0,1.0,0.03964436799287796,0.62,0.9,0.9,bird-mixit
litegr,xc:333874,xc_333874,22,10.88,11.73,3,0.9713,0.027189554646611214,0.85,0.9210526315789473,0.8946184210526316,bird-mixit
litegr,xc:710201,xc_710201,12,17.57,19.96,2,0.9848,0.06830967962741852,2.39,0.9047619047619048,0.8910095238095238,bird-mixit
litegr,xc:642416,xc_642416,8,6.95,7.2,0,0.9785,0.00494323018938303,0.25,0.9,0.88065,bird-mixit
litegr,xc:333966,xc_333966,3,1.28,2.02,3,0.8909,0.02975269965827465,0.74,0.9850746268656716,0.8776029850746269,bird-mixit
litegr,xc:555825,xc_555825,9,7.55,8.0,3,0.9488,0.0035395692102611065,0.45,0.9230769230769231,0.8758153846153847,bird-mixit
litegr,xc:333874,xc_333874,5,2.86,3.5,3,0.9715,0.025397779420018196,0.64,0.8947368421052632,0.8692368421052632,bird-mixit
litegr,xc:365090,xc_365090,0,0.02,4.26,3,0.868,0.32551974058151245,4.24,1.0,0.868,bird-mixit
litegr,xc:710201,xc_710201,16,24.83,25.02,2,0.9999,0.06236652284860611,0.19,0.8571428571428571,0.8570571428571429,bird-mixit
litegr,xc:779145,xc_779145,3,1.95,2.6,0,0.9999,0.03765898942947388,0.65,0.85,0.849915,bird-mixit
litegr,xc:372947,xc_372947,1,0.53,1.44,2,0.9478,0.08350419998168945,0.91,0.8823529411764706,0.8362941176470587,bird-mixit
litegr,xc:333966,xc_333966,31,20.77,20.85,2,0.9633,0.018071327358484268,0.08,0.8656716417910447,0.8339014925373134,bird-mixit
litegr,xc:767199,xc_767199,1,3.59,4.06,3,0.8312,0.017553335055708885,0.47,1.0,0.8312,bird-mixit
litegr,xc:1047895,xc_1047895,3,1.52,1.9,0,0.9099,0.0077066379599273205,0.38,0.9090909090909091,0.8271818181818182,bird-mixit
litegr,xc:683079,xc_683079,8,3.91,4.06,0,0.826,0.015905756503343582,0.15,1.0,0.826,bird-mixit
litegr,xc:1041758,xc_1041758,3,1.55,1.74,2,0.9903,0.003682158188894391,0.19,0.8333333333333334,0.82525,bird-mixit
litegr,xc:767199,xc_767199,14,24.91,25.68,3,0.8646,0.012939944863319397,0.77,0.9354838709677419,0.8088193548387097,bird-mixit
litegr,xc:710201,xc_710201,21,33.52,36.11,2,0.9951,0.06231754273176193,2.59,0.8095238095238095,0.8055571428571429,bird-mixit
litegr,xc:779145,xc_779145,21,16.91,17.45,0,0.9999,0.0356791615486145,0.54,0.8,0.7999200000000001,bird-mixit
litegr,xc:767199,xc_767199,6,14.64,14.71,2,0.9503,0.007663562893867493,0.07,0.8387096774193549,0.7970258064516129,bird-mixit
litegr,xc:767199,xc_767199,4,11.44,11.51,2,0.9859,0.007282780483365059,0.07,0.8064516129032258,0.7950806451612903,bird-mixit
litegr,xc:748297,xc_748297,12,13.28,13.42,0,0.8606,0.00477556511759758,0.14,0.9230769230769231,0.7944000000000001,bird-mixit
litegr,xc:333966,xc_333966,32,20.91,21.01,2,0.9898,0.017225751653313637,0.1,0.7910447761194029,0.7829761194029851,bird-mixit
litegr,xc:642416,xc_642416,0,0.3,0.36,1,0.9722,0.0035258496645838022,0.06,0.8,0.77776,bird-mixit
litegr,xc:481452,xc_481452,0,0.18,0.75,0,0.9718,0.02769167348742485,0.57,0.8,0.77744,bird-mixit
litegr,xc:333966,xc_333966,30,20.15,20.28,2,0.9588,0.01723572611808777,0.13,0.8059701492537313,0.7727641791044776,bird-mixit
litegr,xc:767199,xc_767199,0,3.45,3.51,2,0.9742,0.007093708962202072,0.06,0.7741935483870968,0.7542193548387096,bird-mixit
litegr,xc:779145,xc_779145,9,4.6,5.19,0,0.9976,0.03292049467563629,0.59,0.75,0.7482,bird-mixit
litgre1,xc:947545,xc_947545,5,9.22,9.86,2,0.9999,0.06662212312221527,0.64,1.0,0.9999,bird-mixit
litgre1,xc:380340,xc_380340,52,47.97,48.02,2,0.9998,0.4913858473300934,0.05,1.0,0.9998,bird-mixit
litgre1,xc:596755,xc_596755,2,2.87,4.63,0,0.9973,0.029053010046482086,1.76,1.0,0.9973,bird-mixit
litgre1,xc:723740,xc_723740,1,3.44,9.22,0,0.9953,0.019639357924461365,5.78,1.0,0.9953,bird-mixit
litgre1,xc:606864,xc_606864,3,1.28,1.37,2,0.9936,0.05839867517352104,0.09,1.0,0.9936,bird-mixit
litgre1,xc:380340,xc_380340,48,46.18,46.26,2,0.9967,0.3469497263431549,0.08,0.967741935483871,0.9645483870967743,bird-mixit
litgre1,xc:1022129,xc_1022129,4,8.44,9.89,2,0.9443,0.060075074434280396,1.45,1.0,0.9443,bird-mixit
litgre1,xc:806226,xc_806226,3,1.35,4.94,0,0.9377,0.0033316758926957846,3.59,1.0,0.9377,bird-mixit
litgre1,xc:687079,xc_687079,12,21.25,21.62,0,0.933,0.14741116762161255,0.37,1.0,0.933,bird-mixit
litgre1,xc:804879,xc_804879,1,5.83,5.93,0,0.9307,0.019556093961000443,0.1,1.0,0.9307,bird-mixit
litgre1,xc:314911,xc_314911,24,20.92,25.51,0,0.9303,0.05792944133281708,4.59,1.0,0.9303,bird-mixit
litgre1,xc:484292,xc_484292,9,20.14,20.47,1,0.9891,0.0036735846661031246,0.33,0.9375,0.92728125,bird-mixit
litgre1,xc:380340,xc_380340,36,36.47,36.52,2,0.9664,0.23653729259967804,0.05,0.9354838709677419,0.9040516129032258,bird-mixit
litgre1,xc:314911,xc_314911,5,2.03,2.33,1,0.9702,0.0375700481235981,0.3,0.9310344827586207,0.9032896551724138,bird-mixit
litgre1,xc:634993,xc_634993,1,2.41,4.08,0,0.8989,0.0036080798599869013,1.67,1.0,0.8989,bird-mixit
litgre1,xc:380340,xc_380340,53,48.11,48.18,2,0.9904,0.21944139897823334,0.07,0.9032258064516129,0.8945548387096773,bird-mixit
litgre1,xc:36827,xc_36827,0,0.02,4.64,0,0.8933,0.09848523139953613,4.62,1.0,0.8933,bird-mixit
litgre1,xc:947545,xc_947545,0,0.02,5.1,2,0.9991,0.01710740104317665,5.08,0.8888888888888888,0.8880888888888888,bird-mixit
litgre1,xc:923292,xc_923292,0,0.98,1.26,0,0.8862,0.001643852679990232,0.28,1.0,0.8862,bird-mixit
litgre1,xc:484292,xc_484292,10,20.68,21.09,1,0.9843,0.0031960902269929647,0.41,0.875,0.8612624999999999,bird-mixit
litgre1,xc:687079,xc_687079,11,20.27,20.66,0,0.9084,0.12659145891666412,0.39,0.9444444444444444,0.8579333333333333,bird-mixit
litgre1,xc:314911,xc_314911,8,3.96,8.61,0,0.8753,0.05094392970204353,4.65,0.9655172413793104,0.8451172413793103,bird-mixit
litgre1,xc:314911,xc_314911,21,13.51,19.85,0,0.9267,0.03702636435627937,6.34,0.896551724137931,0.8308344827586207,bird-mixit
litgre1,xc:380340,xc_380340,47,44.07,45.57,2,0.9482,0.20769909024238586,1.5,0.8709677419354839,0.8258516129032258,bird-mixit
litgre1,xc:484292,xc_484292,8,14.84,16.83,0,0.8242,0.06999631226062775,1.99,1.0,0.8242,bird-mixit
litgre1,xc:314911,xc_314911,7,3.28,3.88,1,0.9421,0.02850787527859211,0.6,0.8620689655172413,0.8121551724137931,bird-mixit
litgre1,xc:806226,xc_806226,9,6.82,6.94,1,0.9374,0.001176510937511921,0.12,0.8571428571428571,0.8034857142857142,bird-mixit
litgre1,xc:36827,xc_36827,1,4.71,12.69,1,0.9993,0.03624109923839569,7.98,0.8,0.79944,bird-mixit
litgre1,xc:484292,xc_484292,7,6.31,6.55,1,0.9836,0.0029399259947240353,0.24,0.8125,0.799175,bird-mixit
litgre1,xc:687079,xc_687079,13,25.25,25.99,1,0.8902,0.10777463763952255,0.74,0.8888888888888888,0.7912888888888888,bird-mixit
litgre1,xc:606864,xc_606864,1,0.35,0.42,2,0.9845,0.040521327406167984,0.07,0.8,0.7876000000000001,bird-mixit
litgre1,xc:947545,xc_947545,6,9.94,10.26,2,0.9996,0.011882185935974121,0.32,0.7777777777777778,0.7774666666666668,bird-mixit
litgre1,xc:900716,xc_900716,0,0.78,0.85,0,0.7653,0.006984459236264229,0.07,1.0,0.7653,bird-mixit
litgre1,xc:806226,xc_806226,0,0.02,0.63,1,0.8083,0.001424669986590743,0.61,0.9285714285714286,0.7505642857142858,bird-mixit
litgre1,xc:1022129,xc_1022129,0,0.02,5.27,2,0.9348,0.05807490646839142,5.25,0.8,0.7478400000000001,bird-mixit
litgre1,xc:827756,xc_827756,2,2.05,3.89,0,0.7453,0.0484689362347126,1.84,1.0,0.7453,bird-mixit
litgre1,xc:546375,xc_546375,4,5.09,5.17,3,0.7421,0.009792194701731205,0.08,1.0,0.7421,bird-mixit
litgre1,xc:484292,xc_484292,6,5.8,6.03,1,0.9819,0.0027130048256367445,0.23,0.75,0.736425,bird-mixit
litgre1,xc:712583,xc_712583,12,19.75,22.28,0,0.7381,0.0721893385052681,2.53,0.9615384615384616,0.7097115384615384,bird-mixit
litgre1,xc:712583,xc_712583,1,4.5,7.32,3,0.7671,0.04869379475712776,2.82,0.9230769230769231,0.7080923076923077,bird-mixit
litgre1,xc:687079,xc_687079,17,31.54,31.62,3,0.9696,0.08276796340942383,0.08,0.7222222222222222,0.7002666666666667,bird-mixit
litgre1,xc:804879,xc_804879,2,6.22,6.31,0,0.9086,0.015935605391860008,0.09,0.75,0.68145,bird-mixit
litgre1,xc:947545,xc_947545,1,5.17,6.54,2,0.9982,0.009432269260287285,1.37,0.6666666666666666,0.6654666666666667,bird-mixit
litgre1,xc:596755,xc_596755,0,0.02,2.29,0,0.986,0.02482255920767784,2.27,0.6666666666666666,0.6573333333333333,bird-mixit
litgre1,xc:712583,xc_712583,24,42.86,44.87,0,0.6559,0.09965173155069351,2.01,1.0,0.6559,bird-mixit
litgre1,xc:687079,xc_687079,15,27.15,27.71,1,0.785,0.09623018652200699,0.56,0.8333333333333334,0.6541666666666667,bird-mixit
litgre1,xc:483193,xc_483193,2,14.29,14.55,0,0.6482,0.0014185860054567456,0.26,1.0,0.6482,bird-mixit
litgre1,xc:806226,xc_806226,5,5.37,5.59,1,0.868,0.0007112199091352522,0.22,0.7142857142857143,0.62,bird-mixit
litgre1,xc:36827,xc_36827,4,16.5,19.43,1,0.9996,0.02700815536081791,2.93,0.6,0.59976,bird-mixit
litgre1,xc:534650,xc_534650,0,0.02,3.26,0,0.596,0.009184245020151138,3.24,1.0,0.596,bird-mixit
litgre1,xc:606864,xc_606864,8,3.86,4.02,2,0.9667,0.03860680013895035,0.16,0.6,0.58002,bird-mixit
litgre1,xc:712583,xc_712583,17,28.47,28.52,2,0.8209,0.0025287249591201544,0.05,0.6923076923076923,0.5683153846153846,bird-mixit
litgre1,xc:947545,xc_947545,2,6.63,7.48,2,0.9973,0.005731537006795406,0.85,0.5555555555555556,0.5540555555555555,bird-mixit
litgre1,xc:806226,xc_806226,10,7.0,7.12,1,0.8597,0.0006636217585764825,0.12,0.6428571428571429,0.5526642857142857,bird-mixit
litgre1,xc:1022129,xc_1022129,1,5.32,5.45,2,0.9088,0.054425664246082306,0.13,0.6,0.54528,bird-mixit
litgre1,xc:712583,xc_712583,21,42.22,42.27,2,0.7191,0.0025732414796948433,0.05,0.7307692307692307,0.5254961538461538,bird-mixit
litgre1,xc:804879,xc_804879,0,5.45,5.53,0,0.8379,0.012706139124929905,0.08,0.5,0.41895,bird-mixit
litgre1,xc:606864,xc_606864,6,1.98,3.24,2,0.9493,0.02749234065413475,1.26,0.4,0.37972000000000006,bird-mixit
litgre1,xc:827756,xc_827756,1,1.89,1.98,2,0.5631,0.02824087254703045,0.09,0.6666666666666666,0.3754,bird-mixit
litgre1,xc:1022129,xc_1022129,3,6.09,8.36,2,0.9289,0.051560573279857635,2.27,0.4,0.37156,bird-mixit
litgre1,xc:36827,xc_36827,2,13.15,15.23,1,0.9265,0.021791502833366394,2.08,0.4,0.37060000000000004,bird-mixit
litgre1,xc:483193,xc_483193,0,2.79,2.95,0,0.4829,0.0010550462175160646,0.16,0.6666666666666666,0.3219333333333333,bird-mixit
litgre1,xc:534650,xc_534650,1,3.35,3.64,2,0.6165,0.0015329315792769194,0.29,0.5,0.30825,bird-mixit
litgre1,xc:634993,xc_634993,0,1.37,1.49,1,0.5141,0.001185427769087255,0.12,0.5,0.25705,bird-mixit
litgre1,xc:546375,xc_546375,2,4.21,4.29,3,0.497,0.0063370647840201855,0.08,0.5,0.2485,bird-mixit
litgre1,xc:827756,xc_827756,0,1.39,1.47,2,0.7232,0.025887371972203255,0.08,0.3333333333333333,0.24106666666666665,bird-mixit
litgre1,xc:36827,xc_36827,3,15.41,16.37,1,0.9999,0.020818542689085007,0.96,0.2,0.19998000000000002,bird-mixit
litgre1,xc:1022129,xc_1022129,2,5.54,5.97,2,0.9169,0.048071861267089844,0.43,0.2,0.18338000000000002,bird-mixit
litgre1,xc:723740,xc_723740,0,0.02,3.39,3,0.3487,0.0012504829792305827,3.37,0.5,0.17435,bird-mixit
litgre1,xc:596755,xc_596755,1,2.59,2.82,3,0.4862,0.00048330394201911986,0.23,0.3333333333333333,0.16206666666666666,bird-mixit
litgre1,xc:606864,xc_606864,7,3.41,3.5,2,0.7591,0.01187264733016491,0.09,0.2,0.15182,bird-mixit
litgre1,xc:483193,xc_483193,1,3.85,4.12,0,0.4411,0.0010462099453434348,0.27,0.3333333333333333,0.14703333333333332,bird-mixit
litgre1,xc:804879,xc_804879,3,6.51,7.7,1,0.5678,0.008185909129679203,1.19,0.25,0.14195,bird-mixit
lottit1,xc:530279,xc_530279,117,74.48,74.8,0,0.9999,0.052361320704221725,0.32,1.0,0.9999,bird-mixit
lottit1,xc:354434,xc_354434,20,14.58,14.77,0,0.9997,0.11724609136581421,0.19,1.0,0.9997,bird-mixit
lottit1,xc:339919,xc_339919,12,7.2,7.65,0,0.9997,0.09767506271600723,0.45,1.0,0.9997,bird-mixit
lottit1,xc:759683,xc_759683,137,78.04,78.93,0,0.9995,0.10020320117473602,0.89,1.0,0.9995,bird-mixit
lottit1,xc:46758,xc_46758,20,13.87,14.23,0,0.9991,0.03746141120791435,0.36,1.0,0.9991,bird-mixit
lottit1,xc:611217,xc_611217,14,10.81,11.0,0,0.9984,0.10769576579332352,0.19,1.0,0.9984,bird-mixit
lottit1,xc:688593,xc_688593,9,4.12,4.72,0,0.9983,0.07072415202856064,0.6,1.0,0.9983,bird-mixit
lottit1,xc:424195,xc_424195,20,9.39,9.47,2,0.9997,0.11704907566308975,0.08,0.995850622406639,0.9955518672199171,bird-mixit
lottit1,xc:502966,xc_502966,9,6.25,6.53,1,0.9953,0.08015897125005722,0.28,1.0,0.9953,bird-mixit
lottit1,xc:530279,xc_530279,118,75.17,75.42,0,1.0,0.04753793776035309,0.25,0.9927536231884058,0.9927536231884058,bird-mixit
lottit1,xc:499649,xc_499649,340,211.24,211.65,0,0.9922,0.044838614761829376,0.41,1.0,0.9922,bird-mixit
lottit1,xc:759683,xc_759683,3,3.7,4.11,0,0.9995,0.06095430999994278,0.41,0.9924812030075187,0.9919849624060151,bird-mixit
lottit1,xc:424195,xc_424195,44,31.91,31.97,2,0.9998,0.11431185901165009,0.06,0.991701244813278,0.9915029045643154,bird-mixit
lottit1,xc:499649,xc_499649,178,108.37,108.5,1,0.994,0.039179667830467224,0.13,0.9968152866242038,0.9908343949044586,bird-mixit
lottit1,xc:462475,xc_462475,124,75.52,76.17,3,0.9998,0.05737612023949623,0.65,0.9907407407407407,0.9905425925925926,bird-mixit
lottit1,xc:46758,xc_46758,16,11.38,11.74,0,0.9992,0.035911839455366135,0.36,0.9906542056074766,0.9898616822429906,bird-mixit
lottit1,xc:462475,xc_462475,189,121.5,121.76,1,0.9927,0.07258909195661545,0.26,0.9969135802469136,0.9896361111111112,bird-mixit
lottit1,xc:503776,xc_503776,8,29.98,30.94,1,0.9984,0.07193250209093094,0.96,0.9896907216494846,0.9881072164948453,bird-mixit
lottit1,xc:424195,xc_424195,127,106.37,106.69,2,0.9998,0.10751941800117493,0.32,0.9875518672199171,0.9873543568464731,bird-mixit
lottit1,xc:530279,xc_530279,111,68.71,68.98,0,0.9999,0.04699430242180824,0.27,0.9855072463768116,0.9854086956521739,bird-mixit
lottit1,xc:759683,xc_759683,108,64.04,64.7,0,0.9987,0.04445018246769905,0.66,0.9849624060150376,0.9836819548872181,bird-mixit
lottit1,xc:708449,xc_708449,19,7.37,7.86,1,0.9823,0.08178335428237915,0.49,1.0,0.9823,bird-mixit
lottit1,xc:611217,xc_611217,29,24.65,24.81,0,0.9975,0.08585882186889648,0.16,0.9830508474576272,0.9805932203389831,bird-mixit
lottit1,xc:46758,xc_46758,38,27.43,27.73,0,0.9992,0.03498542681336403,0.3,0.9813084112149533,0.9805233644859813,bird-mixit
lottit1,xc:354434,xc_354434,23,17.63,17.82,0,0.9996,0.1120128184556961,0.19,0.9803921568627451,0.98,bird-mixit
lottit1,xc:499649,xc_499649,87,44.97,45.14,1,0.9926,0.03712768852710724,0.17,0.9872611464968153,0.9799554140127389,bird-mixit
lottit1,xc:217401,xc_217401,294,127.7,127.84,2,0.9909,0.021545596420764923,0.14,0.9886363636363636,0.9796397727272728,bird-mixit
lottit1,xc:424195,xc_424195,19,8.89,9.12,2,0.9998,0.1044418141245842,0.23,0.979253112033195,0.9790572614107884,bird-mixit
lottit1,xc:530279,xc_530279,123,80.6,80.91,0,0.9999,0.04358378052711487,0.31,0.9782608695652174,0.9781630434782609,bird-mixit
lottit1,xc:499649,xc_499649,300,185.39,185.53,1,0.9829,0.03821519389748573,0.14,0.9936305732484076,0.9766394904458598,bird-mixit
lottit1,xc:503776,xc_503776,10,33.09,35.19,1,0.9968,0.055937509983778,2.1,0.979381443298969,0.9762474226804123,bird-mixit
lottit1,xc:462475,xc_462475,63,31.29,31.92,3,0.9914,0.04524441808462143,0.63,0.9845679012345679,0.9761006172839506,bird-mixit
lottit1,xc:759683,xc_759683,58,42.52,43.87,1,0.9982,0.037582192569971085,1.35,0.9774436090225563,0.9756842105263157,bird-mixit
lottit1,xc:499649,xc_499649,14,13.62,13.83,1,0.9911,0.03594835475087166,0.21,0.9840764331210191,0.975318152866242,bird-mixit
lottit1,xc:748765,xc_748765,31,26.7,27.55,1,0.9753,0.08646796643733978,0.85,1.0,0.9753,bird-mixit
lottit1,xc:424195,xc_424195,145,118.11,120.21,2,0.9992,0.10430671274662018,2.1,0.975103734439834,0.9743236514522821,bird-mixit
lottit1,xc:462475,xc_462475,4,1.97,2.33,1,0.993,0.04040466621518135,0.36,0.9783950617283951,0.9715462962962963,bird-mixit
lottit1,xc:530279,xc_530279,87,49.1,49.35,0,0.9999,0.04347562417387962,0.25,0.9710144927536232,0.9709173913043478,bird-mixit
lottit1,xc:46758,xc_46758,40,28.47,28.57,1,0.9978,0.027908645570278168,0.1,0.9719626168224299,0.9698242990654206,bird-mixit
lottit1,xc:217401,xc_217401,283,116.58,116.85,2,0.9677,0.05455782264471054,0.27,1.0,0.9677,bird-mixit
lottit1,xc:759683,xc_759683,5,6.68,7.08,0,0.9969,0.030779529362916946,0.4,0.9699248120300752,0.966918045112782,bird-mixit
lottit1,xc:611217,xc_611217,39,31.0,31.14,0,0.997,0.07766388356685638,0.14,0.9661016949152542,0.9632033898305085,bird-mixit
lottit1,xc:217401,xc_217401,281,115.42,116.22,2,0.9852,0.019368218258023262,0.8,0.9772727272727273,0.962809090909091,bird-mixit
lottit1,xc:463643,xc_463643,40,38.37,41.07,0,0.9628,0.11310343444347382,2.7,1.0,0.9628,bird-mixit
lottit1,xc:462475,xc_462475,164,100.36,100.72,1,0.9931,0.038595572113990784,0.36,0.9691358024691358,0.9624487654320987,bird-mixit
lottit1,xc:354434,xc_354434,31,26.32,26.5,0,0.9996,0.1102181077003479,0.18,0.9607843137254902,0.9604,bird-mixit
lottit1,xc:463643,xc_463643,12,9.96,10.32,0,0.983,0.06866990774869919,0.36,0.9767441860465116,0.9601395348837208,bird-mixit
lottit1,xc:46758,xc_46758,25,20.03,20.17,1,0.997,0.026568859815597534,0.14,0.9626168224299065,0.9597289719626169,bird-mixit
lottit1,xc:217401,xc_217401,80,34.09,34.32,1,0.9674,0.020797191187739372,0.23,0.9848484848484849,0.9527424242424243,bird-mixit
lottit1,xc:708449,xc_708449,11,4.83,5.29,1,0.9614,0.07047201693058014,0.46,0.9897959183673469,0.9515897959183673,bird-mixit
lottit1,xc:1073133,xc_1073133,17,12.73,13.29,0,0.9514,0.0617276206612587,0.56,1.0,0.9514,bird-mixit
lottit1,xc:217401,xc_217401,74,32.04,32.28,1,0.9582,0.02444847859442234,0.24,0.9924242424242424,0.9509409090909091,bird-mixit
lottit1,xc:503776,xc_503776,80,86.24,86.71,1,0.9999,0.05268310755491257,0.47,0.9484536082474226,0.9483587628865979,bird-mixit
lottit1,xc:611217,xc_611217,10,8.87,9.01,0,0.9962,0.07690797001123428,0.14,0.9491525423728814,0.9455457627118644,bird-mixit
lottit1,xc:486174,xc_486174,47,17.99,18.69,0,0.9414,0.04784908518195152,0.7,1.0,0.9414,bird-mixit
lottit1,xc:503776,xc_503776,22,50.22,58.22,0,0.9412,0.07734573632478714,8.0,1.0,0.9412,bird-mixit
lottit1,xc:354434,xc_354434,8,7.12,7.32,0,0.9997,0.10154186189174652,0.2,0.9411764705882353,0.9408941176470589,bird-mixit
lottit1,xc:1073133,xc_1073133,22,16.05,16.19,3,0.9638,0.059383586049079895,0.14,0.9722222222222222,0.9370277777777778,bird-mixit
lottit1,xc:339919,xc_339919,13,8.68,9.16,0,0.9998,0.07472997158765793,0.48,0.9333333333333333,0.9331466666666667,bird-mixit
lottit1,xc:748765,xc_748765,22,21.21,23.61,1,0.9491,0.07419410347938538,2.4,0.9807692307692307,0.9308480769230769,bird-mixit
lottit1,xc:611217,xc_611217,40,31.78,31.93,0,0.996,0.07029054313898087,0.15,0.9322033898305084,0.9284745762711863,bird-mixit
lottit1,xc:708449,xc_708449,84,40.84,41.13,1,0.9469,0.057815492153167725,0.29,0.9795918367346939,0.9275755102040816,bird-mixit
lottit1,xc:503776,xc_503776,18,46.4,46.96,1,0.9975,0.051304761320352554,0.56,0.9278350515463918,0.9255154639175258,bird-mixit
lottit1,xc:354434,xc_354434,36,29.32,29.52,0,0.9989,0.0985756665468216,0.2,0.9215686274509803,0.9205549019607843,bird-mixit
lottit1,xc:748765,xc_748765,20,11.26,12.36,1,0.9535,0.06278908997774124,1.1,0.9615384615384616,0.9168269230769232,bird-mixit
lottit1,xc:708449,xc_708449,30,12.33,13.29,1,0.9373,0.05187351256608963,0.96,0.9693877551020408,0.9086071428571428,bird-mixit
lottit1,xc:294830,xc_294830,6,3.15,3.5,0,0.9058,0.008401033468544483,0.35,1.0,0.9058,bird-mixit
lottit1,xc:688593,xc_688593,0,0.02,0.37,0,0.9956,0.03788747638463974,0.35,0.9090909090909091,0.9050909090909091,bird-mixit
lottit1,xc:463643,xc_463643,32,33.04,34.31,0,0.9425,0.06699541956186295,1.27,0.9534883720930233,0.8986627906976744,bird-mixit
mallar3,xc:718815,xc_718815,1,1.05,3.85,0,0.9997,0.07296191900968552,2.8,1.0,0.9997,bird-mixit
mallar3,xc:396538,xc_396538,332,310.0,311.48,0,0.9997,0.10164227336645126,1.48,1.0,0.9997,bird-mixit
mallar3,xc:541823,xc_541823,2,3.64,6.29,0,0.9996,0.04892949387431145,2.65,1.0,0.9996,bird-mixit
mallar3,xc:710910,xc_710910,4,2.4,4.03,0,0.9995,0.016202077269554138,1.63,1.0,0.9995,bird-mixit
mallar3,xc:631555,xc_631555,13,11.92,12.53,0,0.9993,0.011249390430748463,0.61,1.0,0.9993,bird-mixit
mallar3,xc:791925,xc_791925,3,2.39,2.88,0,0.9989,0.008887137286365032,0.49,1.0,0.9989,bird-mixit
mallar3,xc:396538,xc_396538,551,527.49,528.02,0,0.9999,0.08344827592372894,0.53,0.9984496124031008,0.9983497674418605,bird-mixit
mallar3,xc:846028,xc_846028,7,3.66,3.92,0,0.997,0.014446460641920567,0.26,1.0,0.997,bird-mixit
mallar3,xc:396538,xc_396538,412,388.63,389.12,0,0.9999,0.07990270853042603,0.49,0.9968992248062015,0.9967995348837209,bird-mixit
mallar3,xc:396538,xc_396538,413,389.39,389.92,0,0.9998,0.07909729331731796,0.53,0.9953488372093023,0.9951497674418605,bird-mixit
mallar3,xc:601278,xc_601278,1,2.97,3.2,2,0.995,0.05001246929168701,0.23,1.0,0.995,bird-mixit
mallar3,xc:396538,xc_396538,400,378.44,378.84,0,0.9999,0.07588475942611694,0.4,0.993798449612403,0.9936990697674418,bird-mixit
mallar3,xc:170676,xc_170676,14,9.9,10.43,0,0.9936,0.09331169724464417,0.53,1.0,0.9936,bird-mixit
mallar3,xc:676710,xc_676710,73,44.13,44.32,0,0.9982,0.10599495470523834,0.19,0.9876543209876543,0.9858765432098765,bird-mixit
mallar3,xc:1024361,xc_1024361,45,35.68,36.05,0,0.9986,0.03275737911462784,0.37,0.984375,0.982996875,bird-mixit
mallar3,xc:1024361,xc_1024361,47,37.07,37.45,0,0.9755,0.035042665898799896,0.38,1.0,0.9755,bird-mixit
mallar3,xc:573929,xc_573929,9,4.4,4.82,0,0.9714,0.04510033130645752,0.42,1.0,0.9714,bird-mixit
mallar3,xc:1024361,xc_1024361,48,37.76,38.14,0,0.9955,0.028181198984384537,0.38,0.96875,0.9643906250000001,bird-mixit
mallar3,xc:459668,xc_459668,12,9.86,13.34,0,0.9634,0.005546596832573414,3.48,1.0,0.9634,bird-mixit
mallar3,xc:676710,xc_676710,72,43.76,43.99,0,0.9961,0.09775387495756149,0.23,0.9629629629629629,0.9592074074074073,bird-mixit
mallar3,xc:779764,xc_779764,1,2.2,4.19,0,0.9572,0.007958454079926014,1.99,1.0,0.9572,bird-mixit
mallar3,xc:170676,xc_170676,16,10.88,11.52,0,0.9958,0.09252903610467911,0.64,0.96,0.9559679999999999,bird-mixit
mallar3,xc:676710,xc_676710,76,46.19,46.41,0,0.9776,0.10574434697628021,0.22,0.9753086419753086,0.9534617283950617,bird-mixit
mallar3,xc:354680,xc_354680,9,9.56,9.91,0,0.9503,0.014953062869608402,0.35,1.0,0.9503,bird-mixit
mallar3,xc:676710,xc_676710,69,42.34,42.53,0,0.9975,0.08952339738607407,0.19,0.9506172839506173,0.9482407407407408,bird-mixit
mallar3,xc:631555,xc_631555,12,11.25,11.86,0,0.9991,0.00983674917370081,0.61,0.9473684210526315,0.9465157894736842,bird-mixit
mallar3,xc:846028,xc_846028,12,6.67,6.91,0,0.996,0.012479361146688461,0.24,0.95,0.9461999999999999,bird-mixit
mallar3,xc:630299,xc_630299,0,0.02,1.45,2,0.938,0.07590906322002411,1.43,1.0,0.938,bird-mixit
mallar3,xc:601278,xc_601278,3,17.85,18.07,2,0.9944,0.04998742416501045,0.22,0.9411764705882353,0.9359058823529411,bird-mixit
mallar3,xc:1024361,xc_1024361,44,35.02,35.38,0,0.9979,0.02752000465989113,0.36,0.9375,0.93553125,bird-mixit
mallar3,xc:676710,xc_676710,74,44.48,44.68,0,0.9967,0.08832910656929016,0.2,0.9382716049382716,0.9351753086419753,bird-mixit
mallar3,xc:710910,xc_710910,5,4.11,5.16,0,0.9975,0.008503631688654423,1.05,0.9230769230769231,0.9207692307692309,bird-mixit
mallar3,xc:1024361,xc_1024361,43,34.4,34.74,0,0.9977,0.026818355545401573,0.34,0.921875,0.9197546875,bird-mixit
mallar3,xc:170676,xc_170676,9,7.26,7.76,0,0.9977,0.08770733326673508,0.5,0.92,0.917884,bird-mixit
mallar3,xc:879568,xc_879568,4,2.8,3.8,0,0.9085,0.08063318580389023,1.0,1.0,0.9085,bird-mixit
mallar3,xc:573929,xc_573929,12,5.43,5.78,0,0.9579,0.04277145117521286,0.35,0.9411764705882353,0.9015529411764706,bird-mixit
mallar3,xc:846028,xc_846028,5,2.67,2.9,0,0.9947,0.011660599149763584,0.23,0.9,0.8952300000000001,bird-mixit
mallar3,xc:879568,xc_879568,3,1.37,2.75,0,0.9834,0.06286713480949402,1.38,0.9,0.8850600000000001,bird-mixit
mallar3,xc:459668,xc_459668,16,16.45,17.45,0,0.8947,0.003981057088822126,1.0,0.9863013698630136,0.8824438356164384,bird-mixit
mallar3,xc:354680,xc_354680,11,11.5,11.85,0,0.9351,0.013352550566196442,0.35,0.9411764705882353,0.8800941176470588,bird-mixit
mallar3,xc:459668,xc_459668,38,30.22,30.44,1,0.9706,0.002386429812759161,0.22,0.9041095890410958,0.8775287671232876,bird-mixit
mallar3,xc:170676,xc_170676,6,5.47,6.06,0,0.9966,0.08592057973146439,0.59,0.88,0.877008,bird-mixit
mallar3,xc:541823,xc_541823,3,6.38,6.94,0,0.9996,0.04864531010389328,0.56,0.875,0.87465,bird-mixit
mallar3,xc:631555,xc_631555,14,12.76,15.59,0,0.9774,0.007703172508627176,2.83,0.8947368421052632,0.8745157894736842,bird-mixit
mallar3,xc:601278,xc_601278,0,1.01,2.9,2,0.9854,0.049904655665159225,1.89,0.8823529411764706,0.8694705882352941,bird-mixit
mallar3,xc:459668,xc_459668,31,27.0,27.24,1,0.9764,0.002323193708434701,0.24,0.8904109589041096,0.8693972602739727,bird-mixit
mallar3,xc:308994,xc_308994,1,0.29,1.77,0,0.865,0.06103988364338875,1.48,1.0,0.865,bird-mixit
mallar3,xc:459668,xc_459668,11,8.12,9.66,0,0.9002,0.0031231690663844347,1.54,0.958904109589041,0.8632054794520547,bird-mixit
mallar3,xc:845103,xc_845103,0,0.05,4.25,0,0.8616,0.025532066822052002,4.2,1.0,0.8616,bird-mixit
mallar3,xc:791925,xc_791925,2,1.63,2.1,0,0.9982,0.006113275419920683,0.47,0.8571428571428571,0.8555999999999999,bird-mixit
meabun1,xc:459118,xc_459118,3,5.47,6.1,0,1.0,0.022089462727308273,0.63,1.0,1.0,bird-mixit
meabun1,xc:491232,xc_491232,17,14.62,15.27,0,0.9999,0.034056056290864944,0.65,1.0,0.9999,bird-mixit
meabun1,xc:992954,xc_992954,13,12.09,13.66,0,0.9999,0.02671346627175808,1.57,1.0,0.9999,bird-mixit
meabun1,xc:824054,xc_824054,14,25.46,25.92,1,0.9999,0.0035086404532194138,0.46,1.0,0.9999,bird-mixit
meabun1,xc:992953,xc_992953,8,5.65,6.83,0,0.9999,0.014329814352095127,1.18,1.0,0.9999,bird-mixit
meabun1,xc:282181,xc_282181,0,0.02,0.11,2,0.9996,0.04894839599728584,0.09,1.0,0.9996,bird-mixit
meabun1,xc:1018429,xc_1018429,43,28.92,29.74,0,0.9976,0.0653802901506424,0.82,1.0,0.9976,bird-mixit
meabun1,xc:23968,xc_23968,21,15.07,17.94,0,0.9971,0.05624464526772499,2.87,1.0,0.9971,bird-mixit
meabun1,xc:915212,xc_915212,14,13.45,15.28,0,0.9964,0.03985433280467987,1.83,1.0,0.9964,bird-mixit
meabun1,xc:1024146,xc_1024146,141,187.37,189.27,0,0.9946,0.08558286726474762,1.9,1.0,0.9946,bird-mixit
meabun1,xc:1024146,xc_1024146,127,162.38,163.77,0,0.9986,0.0848473533987999,1.39,0.9956521739130435,0.9942582608695653,bird-mixit
meabun1,xc:1024146,xc_1024146,135,180.97,182.74,0,0.9963,0.08148998022079468,1.77,0.991304347826087,0.9876365217391304,bird-mixit
meabun1,xc:464651,xc_464651,87,88.67,89.84,0,0.9979,0.032515089958906174,1.17,0.9896907216494846,0.9876123711340207,bird-mixit
meabun1,xc:626398,xc_626398,6,11.27,11.63,1,0.9864,0.0235285684466362,0.36,1.0,0.9864,bird-mixit
meabun1,xc:285653,xc_285653,4,3.59,3.96,0,0.9864,0.08405885100364685,0.37,1.0,0.9864,bird-mixit
meabun1,xc:1024146,xc_1024146,266,363.64,365.44,0,0.9984,0.08097240328788757,1.8,0.9869565217391304,0.9853773913043478,bird-mixit
meabun1,xc:1024146,xc_1024146,204,269.37,269.57,0,0.9999,0.07941711694002151,0.2,0.9826086956521739,0.9825104347826087,bird-mixit
meabun1,xc:992954,xc_992954,21,18.03,19.42,0,0.9999,0.026251185685396194,1.39,0.9803921568627451,0.9802941176470588,bird-mixit
meabun1,xc:23968,xc_23968,1,0.85,3.1,0,0.9966,0.054786160588264465,2.25,0.9821428571428571,0.9788035714285714,bird-mixit
meabun1,xc:491231,xc_491231,44,46.94,47.1,0,0.9999,0.04404684901237488,0.16,0.9787234042553191,0.9786255319148935,bird-mixit
meabun1,xc:992953,xc_992953,42,28.21,29.6,0,0.9999,0.013745210133492947,1.39,0.9787234042553191,0.9786255319148935,bird-mixit
meabun1,xc:491979,xc_491979,3,1.37,1.56,0,0.9749,0.15597407519817352,0.19,1.0,0.9749,bird-mixit
meabun1,xc:172704,xc_172704,91,81.83,82.04,0,0.9721,0.07984858751296997,0.21,1.0,0.9721,bird-mixit
meabun1,xc:464651,xc_464651,51,45.67,46.88,0,0.9993,0.03017607517540455,1.21,0.9690721649484536,0.9683938144329897,bird-mixit
meabun1,xc:491231,xc_491231,4,4.03,4.44,1,0.9676,0.05409279838204384,0.41,1.0,0.9676,bird-mixit
meabun1,xc:94559,xc_94559,4,2.57,2.91,2,0.994,0.019945107400417328,0.34,0.9722222222222222,0.9663888888888889,bird-mixit
meabun1,xc:824054,xc_824054,11,21.33,21.79,1,0.9998,0.0021522454917430878,0.46,0.9642857142857143,0.9640928571428572,bird-mixit
meabun1,xc:94559,xc_94559,41,21.31,22.71,2,0.964,0.029244787991046906,1.4,1.0,0.964,bird-mixit
meabun1,xc:464651,xc_464651,64,61.69,61.98,3,0.9628,0.03751542046666145,0.29,1.0,0.9628,bird-mixit
meabun1,xc:23968,xc_23968,10,7.56,10.61,0,0.997,0.05239241197705269,3.05,0.9642857142857143,0.9613928571428572,bird-mixit
meabun1,xc:915212,xc_915212,25,27.52,29.75,0,0.9791,0.02902771160006523,2.23,0.9818181818181818,0.9612981818181818,bird-mixit
meabun1,xc:992954,xc_992954,44,34.16,35.51,0,0.9999,0.024151675403118134,1.35,0.9607843137254902,0.9606882352941177,bird-mixit
meabun1,xc:414492,xc_414492,17,7.43,8.09,0,0.9601,0.1720156967639923,0.66,1.0,0.9601,bird-mixit
meabun1,xc:464651,xc_464651,100,100.52,101.71,0,0.999,0.0227634459733963,1.19,0.9587628865979382,0.9578041237113403,bird-mixit
meabun1,xc:491231,xc_491231,42,44.18,44.63,1,0.9998,0.03309173509478569,0.45,0.9574468085106383,0.9572553191489362,bird-mixit
meabun1,xc:172704,xc_172704,21,12.57,13.89,0,0.9872,0.07180535793304443,1.32,0.9693877551020408,0.9569795918367346,bird-mixit
meabun1,xc:992953,xc_992953,5,2.58,3.5,0,0.999,0.012831839732825756,0.92,0.9574468085106383,0.9564893617021277,bird-mixit
meabun1,xc:491232,xc_491232,11,10.34,11.13,0,0.9977,0.019401339814066887,0.79,0.9583333333333334,0.9561291666666667,bird-mixit
meabun1,xc:172704,xc_172704,43,35.05,36.41,0,0.9653,0.07839863002300262,1.36,0.9897959183673469,0.95545,bird-mixit
meabun1,xc:626398,xc_626398,7,14.4,14.75,1,0.9864,0.021311169490218163,0.35,0.9666666666666667,0.95352,bird-mixit
meabun1,xc:414492,xc_414492,28,15.87,16.52,0,0.9669,0.16576962172985077,0.65,0.9818181818181818,0.9493199999999999,bird-mixit
meabun1,xc:23968,xc_23968,33,23.58,26.27,0,0.9951,0.047494955360889435,2.69,0.9464285714285714,0.9417910714285714,bird-mixit
meabun1,xc:992954,xc_992954,39,30.89,31.9,0,0.9999,0.02160143107175827,1.01,0.9411764705882353,0.9410823529411765,bird-mixit
meabun1,xc:915212,xc_915212,21,20.82,22.68,0,0.9925,0.028398381546139717,1.86,0.9454545454545454,0.9383636363636364,bird-mixit
meabun1,xc:464651,xc_464651,32,26.67,27.69,0,0.9988,0.02189103327691555,1.02,0.9381443298969072,0.937018556701031,bird-mixit
meabun1,xc:992953,xc_992953,36,24.29,25.7,0,0.9999,0.01231781393289566,1.41,0.9361702127659575,0.9360765957446808,bird-mixit
meabun1,xc:491231,xc_491231,1,1.34,1.62,1,0.9998,0.024589255452156067,0.28,0.9361702127659575,0.9359829787234043,bird-mixit
meabun1,xc:414492,xc_414492,36,20.1,20.78,0,0.9651,0.16516034305095673,0.68,0.9636363636363636,0.9300054545454545,bird-mixit
meabun1,xc:915212,xc_915212,54,56.71,59.16,0,0.9637,0.02891460619866848,2.45,0.9636363636363636,0.9286563636363636,bird-mixit
meabun1,xc:824054,xc_824054,5,8.61,9.21,1,0.9989,0.002022902248427272,0.6,0.9285714285714286,0.92755,bird-mixit
meabun1,xc:414492,xc_414492,31,18.13,18.57,0,0.9993,0.14693805575370789,0.44,0.9272727272727272,0.9266236363636363,bird-mixit
meabun1,xc:23968,xc_23968,55,39.65,42.79,0,0.9932,0.04507745802402496,3.14,0.9285714285714286,0.9222571428571429,bird-mixit
meabun1,xc:992954,xc_992954,9,6.55,7.94,0,0.9999,0.021547166630625725,1.39,0.9215686274509803,0.9214764705882352,bird-mixit
meabun1,xc:1018429,xc_1018429,73,50.62,52.11,0,0.936,0.05801272392272949,1.49,0.984375,0.921375,bird-mixit
meabun1,xc:626398,xc_626398,9,20.8,21.12,1,0.9851,0.02073129639029503,0.32,0.9333333333333333,0.9194266666666666,bird-mixit
meabun1,xc:915212,xc_915212,6,6.45,8.53,0,0.99,0.027255810797214508,2.08,0.9272727272727272,0.9179999999999999,bird-mixit
meabun1,xc:94559,xc_94559,28,16.12,16.39,1,0.9711,0.01775137521326542,0.27,0.9444444444444444,0.9171499999999999,bird-mixit
meabun1,xc:491232,xc_491232,22,18.0,18.75,0,0.9997,0.01850641518831253,0.75,0.9166666666666666,0.9163916666666667,bird-mixit
meabun1,xc:491231,xc_491231,49,51.27,51.42,0,0.9997,0.020966289564967155,0.15,0.9148936170212766,0.9146191489361702,bird-mixit
meabun1,xc:992953,xc_992953,12,9.47,10.68,0,0.9976,0.012211088091135025,1.21,0.9148936170212766,0.9126978723404255,bird-mixit
meabun1,xc:491979,xc_491979,2,1.0,1.26,0,0.9508,0.11660654097795486,0.26,0.9583333333333334,0.9111833333333333,bird-mixit
meabun1,xc:414492,xc_414492,16,7.2,7.3,0,0.9994,0.13801099359989166,0.1,0.9090909090909091,0.9085454545454544,bird-mixit
meabun1,xc:172704,xc_172704,86,78.09,78.3,0,0.9512,0.07044719904661179,0.21,0.9489795918367347,0.9026693877551021,bird-mixit
meabun1,xc:172704,xc_172704,2,2.3,2.82,2,0.9992,0.06128951907157898,0.52,0.8979591836734694,0.8972408163265306,bird-mixit
meabun1,xc:906318,xc_906318,35,13.41,13.47,2,0.8927,0.004040759522467852,0.06,1.0,0.8927,bird-mixit
meabun1,xc:824054,xc_824054,6,11.71,12.21,1,0.9998,0.0019333339296281338,0.5,0.8928571428571429,0.8926785714285715,bird-mixit
meabun1,xc:1018429,xc_1018429,57,39.48,40.66,0,0.9504,0.04619056358933449,1.18,0.9375,0.891,bird-mixit
meabun1,xc:626398,xc_626398,8,17.75,18.07,1,0.9829,0.01948133111000061,0.32,0.9,0.88461,bird-mixit
meabun1,xc:491232,xc_491232,2,1.04,1.63,0,0.9997,0.017344728112220764,0.59,0.875,0.8747375000000001,bird-mixit
meabun1,xc:491979,xc_491979,16,12.45,13.0,2,0.9538,0.10657791793346405,0.55,0.9166666666666666,0.8743166666666666,bird-mixit
meabun1,xc:285653,xc_285653,1,0.36,0.7,0,0.9099,0.033913884311914444,0.34,0.9565217391304348,0.8703391304347827,bird-mixit
meabun1,xc:155678,xc_155678,32,33.94,34.26,3,0.8702,0.15229728817939758,0.32,1.0,0.8702,bird-mixit
meabun1,xc:155678,xc_155678,27,29.98,30.25,3,0.9029,0.14530618488788605,0.27,0.9629629629629629,0.8694592592592593,bird-mixit
meabun1,xc:824054,xc_824054,24,39.87,40.29,1,0.9998,0.0017813786398619413,0.42,0.8571428571428571,0.8569714285714285,bird-mixit
meabun1,xc:1018429,xc_1018429,36,25.11,26.48,0,0.9262,0.045483846217393875,1.37,0.921875,0.853840625,bird-mixit
norpin,xc:381982,xc_381982,11,6.87,7.54,0,0.9996,0.10498467832803726,0.67,1.0,0.9996,bird-mixit
norpin,xc:129047,xc_129047,15,8.45,8.73,3,0.9978,0.08760769665241241,0.28,1.0,0.9978,bird-mixit
norpin,xc:880897,xc_880897,23,35.99,43.99,3,0.9932,0.010121279396116734,8.0,1.0,0.9932,bird-mixit
norpin,xc:984329,xc_984329,33,11.37,11.47,2,0.9929,0.06995561718940735,0.1,1.0,0.9929,bird-mixit
norpin,xc:718504,xc_718504,0,0.24,3.71,0,0.9883,0.027204209938645363,3.47,1.0,0.9883,bird-mixit
norpin,xc:733153,xc_733153,30,22.08,22.25,0,0.9835,0.0043410370126366615,0.17,1.0,0.9835,bird-mixit
norpin,xc:715211,xc_715211,2,2.71,10.71,2,0.9833,0.04904609173536301,8.0,1.0,0.9833,bird-mixit
norpin,xc:614451,xc_614451,13,7.19,7.54,3,0.9882,0.04439100995659828,0.35,0.9939759036144579,0.9822469879518072,bird-mixit
norpin,xc:614451,xc_614451,9,4.29,4.46,3,0.9923,0.03632760047912598,0.17,0.9879518072289156,0.980344578313253,bird-mixit
norpin,xc:616572,xc_616572,10,5.22,5.53,0,0.9789,0.06562641263008118,0.31,1.0,0.9789,bird-mixit
norpin,xc:640792,xc_640792,5,2.42,2.88,3,0.9676,0.057699840515851974,0.46,1.0,0.9676,bird-mixit
norpin,xc:984329,xc_984329,22,7.61,7.67,2,0.9896,0.06281951814889908,0.06,0.9761904761904762,0.9660380952380953,bird-mixit
norpin,xc:616572,xc_616572,104,60.24,60.4,0,0.9859,0.05317185819149017,0.16,0.978494623655914,0.9646978494623656,bird-mixit
norpin,xc:614451,xc_614451,6,3.17,3.34,3,0.9918,0.03223320096731186,0.17,0.9698795180722891,0.9619265060240964,bird-mixit
norpin,xc:381982,xc_381982,1,0.36,1.3,0,0.9993,0.05278364196419716,0.94,0.96,0.959328,bird-mixit
norpin,xc:129047,xc_129047,16,9.0,9.14,3,0.9969,0.08496551215648651,0.14,0.9615384615384616,0.9585576923076924,bird-mixit
norpin,xc:733153,xc_733153,26,20.24,20.51,0,0.9778,0.0038086138665676117,0.27,0.9782608695652174,0.9565434782608696,bird-mixit
norpin,xc:880897,xc_880897,30,46.87,46.93,3,0.9961,0.009825263172388077,0.06,0.96,0.956256,bird-mixit
norpin,xc:616572,xc_616572,32,20.42,20.58,0,0.9826,0.0504450649023056,0.16,0.967741935483871,0.9509032258064517,bird-mixit
norpin,xc:616572,xc_616572,33,20.99,21.25,0,0.9609,0.059846170246601105,0.26,0.989247311827957,0.9505677419354839,bird-mixit
norpin,xc:614451,xc_614451,163,84.41,85.15,0,0.9451,0.04450291022658348,0.74,1.0,0.9451,bird-mixit
norpin,xc:614451,xc_614451,11,5.55,6.22,3,0.9588,0.035609170794487,0.67,0.9819277108433735,0.9414722891566265,bird-mixit
norpin,xc:984329,xc_984329,26,9.2,9.69,2,0.9834,0.057440780103206635,0.49,0.9523809523809523,0.9365714285714286,bird-mixit
norpin,xc:432258,xc_432258,4,11.0,11.53,3,0.9308,0.03279274329543114,0.53,1.0,0.9308,bird-mixit
norpin,xc:616572,xc_616572,92,53.81,54.02,0,0.9697,0.0493621826171875,0.21,0.956989247311828,0.9279924731182796,bird-mixit
norpin,xc:617386,xc_617386,18,15.18,15.96,0,0.9235,0.05822552368044853,0.78,1.0,0.9235,bird-mixit
norpin,xc:733153,xc_733153,25,19.18,19.32,0,0.9652,0.002288582967594266,0.14,0.9565217391304348,0.9232347826086956,bird-mixit
norpin,xc:381982,xc_381982,7,3.98,4.48,0,0.9993,0.04622693732380867,0.5,0.92,0.9193560000000001,bird-mixit
norpin,xc:129047,xc_129047,19,10.14,10.47,3,0.9862,0.08382125198841095,0.33,0.9230769230769231,0.9103384615384615,bird-mixit
norpin,xc:880897,xc_880897,34,52.1,52.19,3,0.9877,0.00877451803535223,0.09,0.92,0.908684,bird-mixit
norpin,xc:984329,xc_984329,48,23.58,24.96,2,0.9695,0.04860634356737137,1.38,0.9285714285714286,0.9002500000000001,bird-mixit
norpin,xc:733153,xc_733153,3,2.35,2.61,3,0.9614,0.002170877531170845,0.26,0.9347826086956522,0.8987,bird-mixit
norpin,xc:432258,xc_432258,14,17.5,18.12,3,0.9125,0.02948075905442238,0.62,0.9777777777777777,0.8922222222222221,bird-mixit
norpin,xc:844735,xc_844735,15,5.27,5.37,2,0.9023,0.01189177855849266,0.1,0.96875,0.874103125,bird-mixit
norpin,xc:984329,xc_984329,47,17.3,23.52,2,0.9589,0.04716445133090019,6.22,0.9047619047619048,0.8675761904761905,bird-mixit
norpin,xc:880897,xc_880897,21,29.59,29.68,3,0.9778,0.008599823340773582,0.09,0.88,0.860464,bird-mixit
norpin,xc:640792,xc_640792,11,4.53,5.13,3,0.9534,0.04013274237513542,0.6,0.8947368421052632,0.8530421052631579,bird-mixit
norpin,xc:979494,xc_979494,5,6.56,6.97,0,0.8467,0.028150003403425217,0.41,1.0,0.8467,bird-mixit
norpin,xc:129047,xc_129047,6,3.8,4.03,3,0.9963,0.06547301262617111,0.23,0.8461538461538461,0.8430230769230769,bird-mixit
norpin,xc:733153,xc_733153,29,21.52,21.86,0,0.921,0.002161079552024603,0.34,0.9130434782608695,0.8409130434782609,bird-mixit
norpin,xc:972654,xc_972654,17,21.64,22.11,2,0.9081,0.030748151242733,0.47,0.9230769230769231,0.8382461538461539,bird-mixit
norpin,xc:880897,xc_880897,9,19.89,19.98,3,0.9957,0.008461487479507923,0.09,0.84,0.836388,bird-mixit
norpin,xc:432258,xc_432258,15,18.17,18.29,3,0.8737,0.02884235978126526,0.12,0.9555555555555556,0.834868888888889,bird-mixit
norpin,xc:844735,xc_844735,7,2.52,2.75,2,0.8895,0.011684918776154518,0.23,0.9375,0.83390625,bird-mixit
norpin,xc:113186,xc_113186,34,26.38,27.0,2,0.8581,0.018911391496658325,0.62,0.9696969696969697,0.8320969696969697,bird-mixit
norpin,xc:432258,xc_432258,5,11.8,14.09,3,0.8911,0.028684290125966072,2.29,0.9333333333333333,0.8316933333333334,bird-mixit
norpin,xc:715211,xc_715211,3,10.71,14.79,2,0.9934,0.04880299046635628,4.08,0.8333333333333334,0.8278333333333333,bird-mixit
norpin,xc:972654,xc_972654,8,7.97,8.41,2,0.8529,0.030792154371738434,0.44,0.9615384615384616,0.8200961538461539,bird-mixit
norpin,xc:113186,xc_113186,24,17.68,17.85,2,0.8713,0.018482552841305733,0.17,0.9393939393939394,0.8184939393939394,bird-mixit
norpin,xc:971856,xc_971856,2,4.24,7.16,3,0.8107,0.016379470005631447,2.92,1.0,0.8107,bird-mixit
norpin,xc:844735,xc_844735,6,2.4,2.45,2,0.8935,0.011667815037071705,0.05,0.90625,0.809734375,bird-mixit
norpin,xc:381982,xc_381982,28,12.33,13.02,3,0.9176,0.014222530648112297,0.69,0.88,0.807488,bird-mixit
norpin,xc:640792,xc_640792,3,1.9,2.23,0,0.957,0.025448987260460854,0.33,0.8421052631578947,0.8058947368421052,bird-mixit
norpin,xc:129047,xc_129047,14,7.8,8.0,3,0.9963,0.0653274804353714,0.2,0.8076923076923077,0.8047038461538462,bird-mixit
norpin,xc:844735,xc_844735,14,4.9,5.02,2,0.9164,0.011634159833192825,0.12,0.875,0.80185,bird-mixit
norpin,xc:432258,xc_432258,9,15.74,16.0,3,0.8668,0.025317732244729996,0.26,0.8888888888888888,0.7704888888888889,bird-mixit
norpin,xc:113186,xc_113186,5,3.0,3.51,2,0.8394,0.017950359731912613,0.51,0.9090909090909091,0.763090909090909,bird-mixit
norpin,xc:844735,xc_844735,25,9.16,9.24,2,0.9037,0.01161672081798315,0.08,0.84375,0.762496875,bird-mixit
norpin,xc:972654,xc_972654,13,18.49,19.88,2,0.879,0.030451640486717224,1.39,0.8461538461538461,0.7437692307692307,bird-mixit
norpin,xc:972654,xc_972654,15,20.78,20.88,2,0.912,0.03041202574968338,0.1,0.8076923076923077,0.7366153846153847,bird-mixit
norpin,xc:972654,xc_972654,7,3.87,7.91,2,0.7188,0.031777773052453995,4.04,1.0,0.7188,bird-mixit
norpin,xc:113186,xc_113186,18,14.42,14.85,2,0.8175,0.01778922788798809,0.43,0.8787878787878788,0.7184090909090909,bird-mixit
norpin,xc:381982,xc_381982,24,11.0,11.11,0,0.9222,0.005317961797118187,0.11,0.76,0.700872,bird-mixit
norpin,xc:640792,xc_640792,6,3.42,3.52,0,0.9484,0.011179053224623203,0.1,0.7368421052631579,0.6988210526315789,bird-mixit
norpin,xc:617386,xc_617386,23,17.93,18.38,0,0.7162,0.03346887230873108,0.45,0.967741935483871,0.6930967741935483,bird-mixit
norpin,xc:113186,xc_113186,12,12.49,12.87,2,0.8051,0.01705538108944893,0.38,0.8484848484848485,0.6831151515151516,bird-mixit
norpin,xc:617386,xc_617386,16,13.6,14.52,0,0.7204,0.03243253752589226,0.92,0.9354838709677419,0.6739225806451613,bird-mixit
norpin,xc:713287,xc_713287,0,1.86,2.0,0,0.6681,0.006971180904656649,0.14,1.0,0.6681,bird-mixit
norsho,xc:1077690,xc_1077690,10,9.73,9.84,2,0.9997,0.13922634720802307,0.11,1.0,0.9997,bird-mixit
norsho,xc:1020442,xc_1020442,69,43.43,44.78,0,0.9991,0.08004200458526611,1.35,1.0,0.9991,bird-mixit
norsho,xc:644498,xc_644498,2,0.91,1.1,3,0.999,0.22991736233234406,0.19,1.0,0.999,bird-mixit
norsho,xc:683730,xc_683730,37,23.35,23.58,0,0.9979,0.12212763726711273,0.23,1.0,0.9979,bird-mixit
norsho,xc:448754,xc_448754,6,2.68,2.78,3,0.9979,0.11256276816129684,0.1,1.0,0.9979,bird-mixit
norsho,xc:501879,xc_501879,72,30.53,30.73,0,0.9956,0.06971020996570587,0.2,1.0,0.9956,bird-mixit
norsho,xc:692984,xc_692984,25,11.32,11.39,2,0.9951,0.4626595079898834,0.07,1.0,0.9951,bird-mixit
norsho,xc:501879,xc_501879,150,74.18,74.42,0,0.9998,0.05483895167708397,0.24,0.9948717948717949,0.9946728205128206,bird-mixit
norsho,xc:501879,xc_501879,28,12.26,12.47,0,0.9998,0.046315062791109085,0.21,0.9897435897435898,0.9895456410256411,bird-mixit
norsho,xc:800553,xc_800553,18,8.68,8.89,0,0.9873,0.03152488172054291,0.21,1.0,0.9873,bird-mixit
norsho,xc:1020442,xc_1020442,47,33.9,35.84,0,0.9942,0.06518952548503876,1.94,0.9897959183673469,0.9840551020408163,bird-mixit
norsho,xc:501879,xc_501879,9,2.56,2.79,0,0.9989,0.04487747326493263,0.23,0.9846153846153847,0.9835323076923077,bird-mixit
norsho,xc:617376,xc_617376,1,2.2,4.08,0,0.9794,0.007609765976667404,1.88,1.0,0.9794,bird-mixit
norsho,xc:1020442,xc_1020442,30,19.92,20.13,0,0.9993,0.06293335556983948,0.21,0.9795918367346939,0.9789061224489796,bird-mixit
norsho,xc:501879,xc_501879,29,13.15,13.41,0,0.9994,0.04211125522851944,0.26,0.9794871794871794,0.978899487179487,bird-mixit
norsho,xc:683730,xc_683730,45,25.95,26.28,0,0.996,0.08912999927997589,0.33,0.9787234042553191,0.9748085106382979,bird-mixit
norsho,xc:1020442,xc_1020442,86,55.31,57.15,0,0.997,0.06273970007896423,1.84,0.9693877551020408,0.9664795918367347,bird-mixit
norsho,xc:448754,xc_448754,14,5.15,5.25,3,0.998,0.10996143519878387,0.1,0.9655172413793104,0.9635862068965517,bird-mixit
norsho,xc:692984,xc_692984,22,10.58,10.63,2,0.9937,0.4102295935153961,0.05,0.9666666666666667,0.9605766666666667,bird-mixit
norsho,xc:1020442,xc_1020442,18,14.7,14.85,0,0.9997,0.05491416156291962,0.15,0.9591836734693877,0.9588959183673469,bird-mixit
norsho,xc:479841,xc_479841,12,3.6,3.72,3,0.9573,0.009969597682356834,0.12,1.0,0.9573,bird-mixit
norsho,xc:612076,xc_612076,22,9.3,9.4,3,0.9776,0.07099699229001999,0.1,0.9696969696969697,0.9479757575757576,bird-mixit
norsho,xc:800553,xc_800553,13,6.27,6.44,0,0.9966,0.029653100296854973,0.17,0.95,0.94677,bird-mixit
norsho,xc:706887,xc_706887,11,20.06,28.06,0,0.9427,0.03765285760164261,8.0,1.0,0.9427,bird-mixit
norsho,xc:683730,xc_683730,40,24.25,24.88,0,0.9778,0.08068376034498215,0.63,0.9574468085106383,0.9361914893617022,bird-mixit
norsho,xc:612076,xc_612076,50,20.4,20.47,3,0.9958,0.06888148933649063,0.07,0.9393939393939394,0.935448484848485,bird-mixit
norsho,xc:448754,xc_448754,20,6.83,6.93,3,0.9988,0.10514301061630249,0.1,0.9310344827586207,0.9299172413793103,bird-mixit
norsho,xc:692984,xc_692984,11,4.67,4.75,2,0.9947,0.37587785720825195,0.08,0.9333333333333333,0.9283866666666667,bird-mixit
norsho,xc:1077690,xc_1077690,9,9.55,9.62,2,0.9998,0.136541947722435,0.07,0.9230769230769231,0.9228923076923078,bird-mixit
norsho,xc:706887,xc_706887,45,84.44,85.41,3,0.9666,0.020566469058394432,0.97,0.9516129032258065,0.9198290322580646,bird-mixit
norsho,xc:617375,xc_617375,72,47.11,47.17,3,0.9724,0.020167630165815353,0.06,0.944954128440367,0.9188733944954128,bird-mixit
norsho,xc:617375,xc_617375,97,57.09,57.16,3,0.9397,0.021843768656253815,0.07,0.9724770642201835,0.9138366972477064,bird-mixit
norsho,xc:479841,xc_479841,15,7.56,7.81,3,0.9473,0.008783143945038319,0.25,0.9545454545454546,0.9042409090909092,bird-mixit
norsho,xc:706887,xc_706887,1,1.43,5.69,3,0.9172,0.023494495078921318,4.26,0.9838709677419355,0.9024064516129032,bird-mixit
norsho,xc:540953,xc_540953,12,5.3,5.52,0,0.9023,0.007738914340734482,0.22,1.0,0.9023,bird-mixit
norsho,xc:612076,xc_612076,67,26.61,26.89,2,0.9023,0.1617746502161026,0.28,1.0,0.9023,bird-mixit
norsho,xc:612076,xc_612076,29,12.46,12.61,3,0.9878,0.06716849654912949,0.15,0.9090909090909091,0.898,bird-mixit
norsho,xc:448754,xc_448754,34,11.47,11.58,3,0.9983,0.1012221947312355,0.11,0.896551724137931,0.8950275862068965,bird-mixit
norsho,xc:692984,xc_692984,29,12.59,12.84,2,0.9839,0.3722718358039856,0.25,0.9,0.88551,bird-mixit
norsho,xc:617375,xc_617375,119,69.82,69.87,3,0.8818,0.02688475139439106,0.05,1.0,0.8818,bird-mixit
norsho,xc:612076,xc_612076,31,13.52,13.58,3,0.9831,0.06707607209682465,0.06,0.8939393939393939,0.8788318181818181,bird-mixit
norsho,xc:540953,xc_540953,15,6.51,6.59,0,0.9259,0.00589258735999465,0.08,0.9473684210526315,0.8771684210526315,bird-mixit
norsho,xc:800991,xc_800991,4,1.92,8.55,0,0.8761,0.0164407379925251,6.63,1.0,0.8761,bird-mixit
norsho,xc:692984,xc_692984,28,12.06,12.28,2,0.9936,0.36814698576927185,0.22,0.8666666666666667,0.8611200000000001,bird-mixit
norsho,xc:448754,xc_448754,32,10.21,10.3,3,0.9976,0.09972815960645676,0.09,0.8620689655172413,0.86,bird-mixit
norsho,xc:683730,xc_683730,34,21.08,21.76,0,0.9177,0.045719970017671585,0.68,0.9361702127659575,0.8591234042553191,bird-mixit
norsho,xc:479841,xc_479841,13,4.95,5.07,3,0.9431,0.00821853056550026,0.12,0.9090909090909091,0.8573636363636363,bird-mixit
norsho,xc:706887,xc_706887,48,86.67,87.26,3,0.9121,0.01647069677710533,0.59,0.9354838709677419,0.8532548387096774,bird-mixit
norsho,xc:706887,xc_706887,14,44.06,51.11,3,0.8777,0.023353155702352524,7.05,0.967741935483871,0.8493870967741937,bird-mixit
norsho,xc:800553,xc_800553,5,2.6,2.77,0,0.9986,0.025475630536675453,0.17,0.85,0.8488100000000001,bird-mixit
norsho,xc:1077690,xc_1077690,11,9.91,10.04,2,0.9982,0.0690428838133812,0.13,0.8461538461538461,0.8446307692307692,bird-mixit
norsho,xc:800553,xc_800553,15,7.91,8.11,0,0.9362,0.026839161291718483,0.2,0.9,0.84258,bird-mixit
norsho,xc:800991,xc_800991,19,20.58,21.3,3,0.9229,0.010843097232282162,0.72,0.9047619047619048,0.8350047619047619,bird-mixit
norsho,xc:683730,xc_683730,35,21.84,22.25,0,0.9343,0.030279196798801422,0.41,0.8936170212765957,0.8349063829787233,bird-mixit
norsho,xc:617375,xc_617375,100,59.6,59.8,3,0.8646,0.021740710362792015,0.2,0.963302752293578,0.8328715596330275,bird-mixit
norsho,xc:617375,xc_617375,108,63.8,64.0,3,0.8893,0.01984766125679016,0.2,0.926605504587156,0.8240302752293578,bird-mixit
norsho,xc:479841,xc_479841,8,2.38,2.51,3,0.9506,0.008113021031022072,0.13,0.8636363636363636,0.8209727272727273,bird-mixit
norsho,xc:712354,xc_712354,4,1.75,1.81,2,0.9179,0.0037182457745075226,0.06,0.8888888888888888,0.8159111111111111,bird-mixit
norsho,xc:800991,xc_800991,3,1.18,1.87,0,0.8554,0.011199943721294403,0.69,0.9523809523809523,0.8146666666666667,bird-mixit
norsho,xc:617376,xc_617376,0,0.48,2.1,0,0.9618,0.005852756556123495,1.62,0.8333333333333334,0.8015,bird-mixit
norsho,xc:800553,xc_800553,11,5.7,5.87,0,0.9934,0.020030194893479347,0.17,0.8,0.79472,bird-mixit
norsho,xc:1012765,xc_1012765,1,0.42,1.15,0,0.7853,0.012918775901198387,0.73,1.0,0.7853,bird-mixit
norsho,xc:712354,xc_712354,5,2.67,4.0,0,0.7798,0.005076451692730188,1.33,1.0,0.7798,bird-mixit
norsho,xc:190730,xc_190730,6,1.88,1.98,0,0.8803,0.020696740597486496,0.1,0.875,0.7702625,bird-mixit
norsho,xc:1077690,xc_1077690,8,9.13,9.25,2,0.9987,0.06562566012144089,0.12,0.7692307692307693,0.7682307692307693,bird-mixit
norsho,xc:1012765,xc_1012765,17,10.23,10.49,2,0.818,0.008614154532551765,0.26,0.9375,0.766875,bird-mixit
norsho,xc:644498,xc_644498,3,1.21,1.77,3,0.9736,0.11412223428487778,0.56,0.75,0.7302,bird-mixit
norsho,xc:800991,xc_800991,2,0.93,1.13,3,0.8512,0.00992757547646761,0.2,0.8571428571428571,0.7295999999999999,bird-mixit
origre,xc:733024,xc_733024,54,37.87,38.34,0,1.0,0.09797509759664536,0.47,1.0,1.0,bird-mixit
origre,xc:992580,xc_992580,61,48.79,49.76,0,0.9999,0.07245726883411407,0.97,1.0,0.9999,bird-mixit
origre,xc:838773,xc_838773,6,8.38,9.32,0,0.9999,0.009289644658565521,0.94,1.0,0.9999,bird-mixit
origre,xc:268302,xc_268302,23,8.41,9.0,2,0.9998,0.3752228319644928,0.59,1.0,0.9998,bird-mixit
origre,xc:762173,xc_762173,94,51.06,51.66,0,0.9996,0.011339960619807243,0.6,1.0,0.9996,bird-mixit
origre,xc:872884,xc_872884,26,39.31,40.0,0,0.9994,0.034934911876916885,0.69,1.0,0.9994,bird-mixit
origre,xc:733017,xc_733017,4,2.22,2.66,0,0.9984,0.10795550793409348,0.44,1.0,0.9984,bird-mixit
origre,xc:286288,xc_286288,4,3.31,3.52,0,0.9975,0.019425632432103157,0.21,1.0,0.9975,bird-mixit
origre,xc:872882,xc_872882,16,30.31,30.89,0,0.9968,0.0340774767100811,0.58,1.0,0.9968,bird-mixit
origre,xc:992580,xc_992580,66,54.87,55.8,0,0.9995,0.06886249780654907,0.93,0.9945945945945946,0.9940972972972975,bird-mixit
origre,xc:733024,xc_733024,39,25.08,25.63,0,1.0,0.09678623080253601,0.55,0.9891304347826086,0.9891304347826086,bird-mixit
origre,xc:992580,xc_992580,106,85.54,86.55,0,0.9998,0.06503621488809586,1.01,0.9891891891891892,0.9889913513513514,bird-mixit
origre,xc:762173,xc_762173,39,25.43,25.94,0,0.9997,0.01003167312592268,0.51,0.9888888888888889,0.9885922222222223,bird-mixit
origre,xc:268302,xc_268302,7,3.15,3.32,2,0.9992,0.28348708152770996,0.17,0.989247311827957,0.9884559139784946,bird-mixit
origre,xc:838773,xc_838773,2,2.14,3.06,0,0.9999,0.007434068247675896,0.92,0.9859154929577465,0.9858169014084507,bird-mixit
origre,xc:992580,xc_992580,76,60.7,61.76,0,0.9998,0.0581192784011364,1.06,0.9837837837837838,0.983587027027027,bird-mixit
origre,xc:733017,xc_733017,35,35.82,36.28,0,0.9978,0.09685393422842026,0.46,0.9846153846153847,0.9824492307692309,bird-mixit
origre,xc:464663,xc_464663,15,9.0,9.91,0,0.9822,0.014162978157401085,0.91,1.0,0.9822,bird-mixit
origre,xc:268302,xc_268302,28,10.58,10.91,2,0.9998,0.2816067636013031,0.33,0.978494623655914,0.9782989247311829,bird-mixit
origre,xc:733024,xc_733024,75,56.64,57.42,0,1.0,0.08630366623401642,0.78,0.9782608695652174,0.9782608695652174,bird-mixit
origre,xc:992580,xc_992580,83,66.49,67.47,0,0.9997,0.04842193052172661,0.98,0.9783783783783784,0.9780848648648649,bird-mixit
origre,xc:762173,xc_762173,20,13.83,14.4,0,0.9998,0.009532710537314415,0.57,0.9777777777777777,0.9775822222222222,bird-mixit
origre,xc:1006008,xc_1006008,13,8.57,8.74,2,0.9767,0.004511316306889057,0.17,1.0,0.9767,bird-mixit
origre,xc:838773,xc_838773,20,29.35,30.27,0,0.9998,0.007267094682902098,0.92,0.971830985915493,0.97163661971831,bird-mixit
origre,xc:451340,xc_451340,6,3.16,3.46,1,0.9694,0.03654910624027252,0.3,1.0,0.9694,bird-mixit
origre,xc:872884,xc_872884,27,41.73,42.63,0,0.9993,0.034121375530958176,0.9,0.9696969696969697,0.9690181818181818,bird-mixit
origre,xc:733024,xc_733024,58,41.92,42.64,0,0.9999,0.08592510223388672,0.72,0.967391304347826,0.9672945652173913,bird-mixit
origre,xc:762173,xc_762173,78,44.83,45.16,0,0.9996,0.00823234487324953,0.33,0.9666666666666667,0.96628,bird-mixit
origre,xc:733017,xc_733017,1,1.14,1.7,0,0.9967,0.09651759266853333,0.56,0.9692307692307692,0.9660323076923077,bird-mixit
origre,xc:268302,xc_268302,4,2.27,2.46,2,0.9961,0.273335337638855,0.19,0.967741935483871,0.9639677419354838,bird-mixit
origre,xc:838773,xc_838773,12,14.81,15.73,0,0.9998,0.005043162498623133,0.92,0.9577464788732394,0.9575549295774648,bird-mixit
origre,xc:733024,xc_733024,50,34.49,35.0,0,0.9996,0.06878020614385605,0.51,0.9565217391304348,0.9561391304347827,bird-mixit
origre,xc:268302,xc_268302,26,10.02,10.22,2,0.9991,0.2646440863609314,0.2,0.956989247311828,0.9561279569892474,bird-mixit
origre,xc:872882,xc_872882,20,37.48,38.09,0,0.9993,0.03289749473333359,0.61,0.9565217391304348,0.9558521739130434,bird-mixit
origre,xc:762173,xc_762173,69,39.72,40.13,0,0.9973,0.005402375012636185,0.41,0.9555555555555556,0.9529755555555556,bird-mixit
origre,xc:733017,xc_733017,50,50.42,50.58,0,0.9973,0.0887061357498169,0.16,0.9538461538461539,0.9512707692307693,bird-mixit
origre,xc:838773,xc_838773,31,38.87,39.16,1,0.9997,0.004506399855017662,0.29,0.9436619718309859,0.9433788732394366,bird-mixit
origre,xc:294777,xc_294777,5,1.96,2.05,3,0.9406,0.0018428844632580876,0.09,1.0,0.9406,bird-mixit
origre,xc:872884,xc_872884,14,23.16,24.03,0,0.9992,0.030516596511006355,0.87,0.9393939393939394,0.9386424242424243,bird-mixit
origre,xc:733017,xc_733017,19,23.04,23.37,0,0.9974,0.08818589150905609,0.33,0.9384615384615385,0.9360215384615385,bird-mixit
origre,xc:464663,xc_464663,19,12.05,12.97,0,0.9562,0.013936505652964115,0.92,0.9655172413793104,0.9232275862068966,bird-mixit
origre,xc:805987,xc_805987,21,7.95,8.39,0,0.9179,0.019563494250178337,0.44,1.0,0.9179,bird-mixit
origre,xc:464663,xc_464663,30,16.31,17.19,0,0.9835,0.012223933823406696,0.88,0.9310344827586207,0.9156724137931035,bird-mixit
origre,xc:872882,xc_872882,18,32.72,33.37,0,0.9994,0.03248624503612518,0.65,0.9130434782608695,0.9124956521739129,bird-mixit
origre,xc:294777,xc_294777,1,0.21,0.31,3,0.9616,0.0017200744478031993,0.1,0.9444444444444444,0.9081777777777778,bird-mixit
origre,xc:872884,xc_872884,9,15.09,15.75,0,0.9989,0.03011755831539631,0.66,0.9090909090909091,0.9080909090909091,bird-mixit
origre,xc:974850,xc_974850,79,40.17,40.33,0,0.9032,0.013525527901947498,0.16,1.0,0.9032,bird-mixit
origre,xc:401718,xc_401718,9,6.46,6.71,3,0.9029,0.07560333609580994,0.25,1.0,0.9029,bird-mixit
origre,xc:974850,xc_974850,73,37.33,37.48,2,0.9149,0.006427430082112551,0.15,0.972972972972973,0.890172972972973,bird-mixit
origre,xc:805987,xc_805987,8,2.93,3.46,0,0.9153,0.019143005833029747,0.53,0.9655172413793104,0.8837379310344828,bird-mixit
origre,xc:451340,xc_451340,15,11.68,11.92,1,0.9416,0.030480345711112022,0.24,0.9365079365079365,0.881815873015873,bird-mixit
origre,xc:285949,xc_285949,3,2.89,3.98,1,0.8789,0.08343591541051865,1.09,1.0,0.8789,bird-mixit
origre,xc:872884,xc_872884,6,10.29,11.17,0,0.9988,0.029890026897192,0.88,0.8787878787878788,0.8777333333333334,bird-mixit
origre,xc:401718,xc_401718,14,9.05,9.18,2,0.9412,0.06048236042261124,0.13,0.9285714285714286,0.8739714285714286,bird-mixit
origre,xc:451340,xc_451340,45,32.24,32.62,0,0.9145,0.031865257769823074,0.38,0.9523809523809523,0.8709523809523809,bird-mixit
origre,xc:872882,xc_872882,19,35.06,35.79,0,0.9993,0.032289057970047,0.73,0.8695652173913043,0.8689565217391304,bird-mixit
origre,xc:401718,xc_401718,18,9.98,10.07,3,0.9011,0.06666454672813416,0.09,0.9642857142857143,0.8689178571428572,bird-mixit
origre,xc:285949,xc_285949,2,1.08,2.43,0,0.881,0.05942950025200844,1.35,0.98,0.86338,bird-mixit
origre,xc:464663,xc_464663,14,8.49,8.79,1,0.9597,0.009549429640173912,0.3,0.896551724137931,0.8604206896551724,bird-mixit
origre,xc:285949,xc_285949,8,6.86,7.97,3,0.9349,0.039554156363010406,1.11,0.92,0.860108,bird-mixit
origre,xc:451340,xc_451340,1,0.55,0.82,3,0.9624,0.02409280091524124,0.27,0.8888888888888888,0.8554666666666666,bird-mixit
origre,xc:769566,xc_769566,5,7.36,7.5,0,0.8493,0.01592000015079975,0.14,1.0,0.8493,bird-mixit
origre,xc:974850,xc_974850,75,37.95,38.01,2,0.8838,0.006365074310451746,0.06,0.9594594594594594,0.8479702702702703,bird-mixit
origre,xc:805987,xc_805987,12,4.69,5.26,0,0.9075,0.01864541694521904,0.57,0.9310344827586207,0.8449137931034483,bird-mixit
origre,xc:974852,xc_974852,4,2.55,3.0,1,0.8352,0.012726970948278904,0.45,1.0,0.8352,bird-mixit
origre,xc:286288,xc_286288,3,1.87,2.37,0,0.9971,0.01754620298743248,0.5,0.8333333333333334,0.8309166666666666,bird-mixit
origre,xc:285949,xc_285949,4,4.59,5.85,0,0.8649,0.043084848672151566,1.26,0.96,0.8303039999999999,bird-mixit
origre,xc:285949,xc_285949,15,13.46,14.37,3,0.922,0.03436671197414398,0.91,0.9,0.8298000000000001,bird-mixit
origre,xc:401718,xc_401718,11,7.25,7.32,2,0.9293,0.05630035325884819,0.07,0.8928571428571429,0.8297321428571429,bird-mixit
origre,xc:872882,xc_872882,11,18.1,18.59,0,0.9993,0.032070744782686234,0.49,0.8260869565217391,0.8255086956521739,bird-mixit
origre,xc:974850,xc_974850,42,20.77,20.82,2,0.8673,0.006060004234313965,0.05,0.9459459459459459,0.8204189189189188,bird-mixit
origre,xc:974850,xc_974850,43,20.96,21.07,2,0.8912,0.005842129699885845,0.11,0.918918918918919,0.8189405405405406,bird-mixit
origre,xc:464663,xc_464663,5,2.72,3.22,1,0.9416,0.00870578270405531,0.5,0.8620689655172413,0.8117241379310344,bird-mixit
origre,xc:974852,xc_974852,7,4.81,5.29,0,0.8354,0.009541762992739677,0.48,0.95,0.79363,bird-mixit
ortdov,xc:844594,xc_844594,7,5.2,5.88,3,0.9999,0.03356005623936653,0.68,1.0,0.9999,bird-mixit
ortdov,xc:286093,xc_286093,2,6.69,8.77,3,0.999,0.0329560749232769,2.08,1.0,0.999,bird-mixit
ortdov,xc:872802,xc_872802,24,18.73,19.11,3,0.999,0.06682419776916504,0.38,1.0,0.999,bird-mixit
ortdov,xc:473071,xc_473071,18,12.31,13.06,3,0.9988,0.03497426211833954,0.75,1.0,0.9988,bird-mixit
ortdov,xc:327475,xc_327475,78,77.18,77.62,3,0.9986,0.05036211758852005,0.44,1.0,0.9986,bird-mixit
ortdov,xc:875246,xc_875246,9,9.67,10.47,3,0.9983,0.07177510857582092,0.8,1.0,0.9983,bird-mixit
ortdov,xc:473070,xc_473070,15,10.71,11.46,3,0.9982,0.0596034936606884,0.75,1.0,0.9982,bird-mixit
ortdov,xc:655377,xc_655377,7,4.39,4.72,3,0.9973,0.07989899069070816,0.33,1.0,0.9973,bird-mixit
ortdov,xc:1009283,xc_1009283,53,44.86,45.11,3,0.9969,0.07326846569776535,0.25,1.0,0.9969,bird-mixit
ortdov,xc:875245,xc_875245,12,7.53,8.31,3,0.9965,0.06402400881052017,0.78,1.0,0.9965,bird-mixit
ortdov,xc:787976,xc_787976,22,54.88,60.0,3,0.9957,0.10807443410158157,5.12,1.0,0.9957,bird-mixit
ortdov,xc:428975,xc_428975,20,13.91,14.24,3,0.9944,0.10056529194116592,0.33,1.0,0.9944,bird-mixit
ortdov,xc:327475,xc_327475,79,77.71,80.77,3,0.9962,0.04588543623685837,3.06,0.9882352941176471,0.98448,bird-mixit
ortdov,xc:618817,xc_618817,2,1.38,2.0,2,0.9844,0.24894794821739197,0.62,1.0,0.9844,bird-mixit
ortdov,xc:872831,xc_872831,15,10.38,10.92,3,0.984,0.040417540818452835,0.54,1.0,0.984,bird-mixit
ortdov,xc:955876,xc_955876,6,11.45,13.8,3,0.9836,0.22043496370315552,2.35,1.0,0.9836,bird-mixit
ortdov,xc:428975,xc_428975,16,11.81,12.16,3,0.9924,0.09122061729431152,0.35,0.9821428571428571,0.9746785714285713,bird-mixit
ortdov,xc:1009283,xc_1009283,48,40.49,40.84,3,0.9852,0.06370041519403458,0.35,0.9888888888888889,0.9742533333333333,bird-mixit
ortdov,xc:327475,xc_327475,41,40.31,40.58,3,0.9952,0.0451250858604908,0.27,0.9764705882352941,0.9717835294117646,bird-mixit
ortdov,xc:655377,xc_655377,8,4.86,5.31,3,0.9937,0.061919573694467545,0.45,0.9736842105263158,0.96755,bird-mixit
ortdov,xc:872802,xc_872802,20,16.39,16.8,3,0.999,0.06466478854417801,0.41,0.9642857142857143,0.9633214285714286,bird-mixit
ortdov,xc:473071,xc_473071,13,9.68,10.44,3,0.9989,0.0329541377723217,0.76,0.9642857142857143,0.963225,bird-mixit
ortdov,xc:327475,xc_327475,80,80.83,82.65,3,0.9983,0.04415908083319664,1.82,0.9647058823529412,0.9630658823529411,bird-mixit
ortdov,xc:723155,xc_723155,0,0.02,0.74,2,0.962,0.09808923304080963,0.72,1.0,0.962,bird-mixit
ortdov,xc:473070,xc_473070,9,5.59,6.34,3,0.9987,0.05719681829214096,0.75,0.9615384615384616,0.9602884615384616,bird-mixit
ortdov,xc:787976,xc_787976,21,54.21,54.76,3,0.9996,0.10105260461568832,0.55,0.96,0.959616,bird-mixit
ortdov,xc:1009283,xc_1009283,51,42.71,43.59,3,0.9779,0.060727912932634354,0.88,0.9777777777777777,0.9561688888888888,bird-mixit
ortdov,xc:875245,xc_875245,13,8.58,8.94,3,0.9971,0.06401272118091583,0.36,0.9545454545454546,0.9517772727272727,bird-mixit
ortdov,xc:327475,xc_327475,45,44.33,44.61,3,0.9964,0.04404263570904732,0.28,0.9529411764705882,0.949510588235294,bird-mixit
ortdov,xc:875246,xc_875246,6,7.43,8.26,3,0.9976,0.06757363677024841,0.83,0.95,0.94772,bird-mixit
ortdov,xc:428975,xc_428975,13,9.69,10.0,3,0.9823,0.08971110731363297,0.31,0.9642857142857143,0.9472178571428571,bird-mixit
ortdov,xc:655377,xc_655377,4,2.2,2.57,3,0.9968,0.05329521745443344,0.37,0.9473684210526315,0.9443368421052631,bird-mixit
ortdov,xc:286093,xc_286093,1,5.39,6.62,3,0.9988,0.030241118744015694,1.23,0.9444444444444444,0.9433111111111111,bird-mixit
ortdov,xc:1009283,xc_1009283,49,40.97,41.43,3,0.9843,0.05605576932430267,0.46,0.9555555555555556,0.9405533333333334,bird-mixit
ortdov,xc:428975,xc_428975,47,28.82,29.27,3,0.9929,0.08893587440252304,0.45,0.9464285714285714,0.9397089285714285,bird-mixit
ortdov,xc:618817,xc_618817,0,0.02,0.47,2,0.978,0.23734134435653687,0.45,0.9583333333333334,0.93725,bird-mixit
ortdov,xc:1015969,xc_1015969,17,13.69,14.3,2,0.9358,0.00394059345126152,0.61,1.0,0.9358,bird-mixit
ortdov,xc:751150,xc_751150,20,16.51,16.79,3,0.9435,0.01917433924973011,0.28,0.989247311827957,0.9333548387096774,bird-mixit
ortdov,xc:473071,xc_473071,5,4.45,4.73,3,0.9988,0.03097723051905632,0.28,0.9285714285714286,0.9274571428571429,bird-mixit
ortdov,xc:872802,xc_872802,26,21.06,21.43,3,0.9987,0.06058484688401222,0.37,0.9285714285714286,0.9273642857142858,bird-mixit
ortdov,xc:1009283,xc_1009283,54,45.26,45.76,3,0.9814,0.054985325783491135,0.5,0.9444444444444444,0.9268777777777778,bird-mixit
ortdov,xc:473070,xc_473070,12,8.13,8.89,3,0.9983,0.055344708263874054,0.76,0.9230769230769231,0.9215076923076924,bird-mixit
ortdov,xc:751150,xc_751150,92,75.15,75.45,3,0.9204,0.020244549959897995,0.3,1.0,0.9204,bird-mixit
ortdov,xc:428975,xc_428975,23,16.01,16.39,3,0.9883,0.0863943099975586,0.38,0.9285714285714286,0.9177071428571428,bird-mixit
ortdov,xc:844594,xc_844594,10,7.25,7.93,3,0.9999,0.03331145644187927,0.68,0.9166666666666666,0.916575,bird-mixit
ortdov,xc:787976,xc_787976,12,22.32,28.4,3,0.9945,0.09671027213335037,6.08,0.92,0.9149400000000001,bird-mixit
ortdov,xc:872831,xc_872831,12,8.55,9.12,3,0.9703,0.03831370174884796,0.57,0.9411764705882353,0.9132235294117648,bird-mixit
ortdov,xc:751150,xc_751150,27,20.12,20.43,3,0.9305,0.016244549304246902,0.31,0.978494623655914,0.910489247311828,bird-mixit
ortdov,xc:875245,xc_875245,10,6.33,6.73,3,0.9962,0.06179702654480934,0.4,0.9090909090909091,0.9056363636363636,bird-mixit
ortdov,xc:655377,xc_655377,9,5.46,7.38,3,0.9775,0.051503583788871765,1.92,0.9210526315789473,0.9003289473684211,bird-mixit
ortdov,xc:875246,xc_875246,12,11.91,12.7,3,0.998,0.0642307922244072,0.79,0.9,0.8982,bird-mixit
ortdov,xc:618817,xc_618817,8,4.41,4.83,2,0.975,0.20559971034526825,0.42,0.9166666666666666,0.8937499999999999,bird-mixit
ortdov,xc:955876,xc_955876,5,3.82,11.34,3,0.9811,0.21973639726638794,7.52,0.9090909090909091,0.8919090909090909,bird-mixit
ortdov,xc:473071,xc_473071,3,2.91,3.31,3,0.9982,0.030427303165197372,0.4,0.8928571428571429,0.89125,bird-mixit
ortdov,xc:872802,xc_872802,12,9.52,10.01,3,0.9953,0.059860534965991974,0.49,0.8928571428571429,0.8886607142857142,bird-mixit
ortdov,xc:286093,xc_286093,0,0.09,5.34,3,0.9985,0.029150841757655144,5.25,0.8888888888888888,0.8875555555555555,bird-mixit
ortdov,xc:473070,xc_473070,18,13.33,14.09,3,0.9978,0.054593175649642944,0.76,0.8846153846153846,0.8826692307692308,bird-mixit
ortdov,xc:751150,xc_751150,72,62.09,62.17,0,0.9059,0.015539566054940224,0.08,0.967741935483871,0.8766774193548388,bird-mixit
ortdov,xc:787976,xc_787976,11,14.32,22.32,3,0.994,0.09351205080747604,8.0,0.88,0.87472,bird-mixit
ortdov,xc:751150,xc_751150,16,13.13,14.03,3,0.9044,0.015338791534304619,0.9,0.956989247311828,0.8655010752688173,bird-mixit
ortdov,xc:655377,xc_655377,10,7.57,8.28,3,0.9952,0.04682175815105438,0.71,0.868421052631579,0.8642526315789474,bird-mixit
ortdov,xc:875245,xc_875245,15,9.79,10.61,3,0.9967,0.061614133417606354,0.82,0.8636363636363636,0.8607863636363636,bird-mixit
ortdov,xc:872831,xc_872831,13,9.3,9.65,3,0.9749,0.03392929583787918,0.35,0.8823529411764706,0.8602058823529412,bird-mixit
ortdov,xc:723155,xc_723155,4,2.89,3.23,3,0.9201,0.04173893481492996,0.34,0.9333333333333333,0.8587600000000001,bird-mixit
ortdov,xc:473071,xc_473071,10,8.04,8.49,3,0.9981,0.029881706461310387,0.45,0.8571428571428571,0.8555142857142857,bird-mixit
ortdov,xc:872802,xc_872802,9,7.37,7.84,3,0.9972,0.05667222663760185,0.47,0.8571428571428571,0.854742857142857,bird-mixit
ortdov,xc:875246,xc_875246,7,8.49,8.88,3,0.9971,0.05995172634720802,0.39,0.85,0.8475349999999999,bird-mixit
ortdov,xc:473070,xc_473070,10,6.58,7.0,3,0.9989,0.054379209876060486,0.42,0.8461538461538461,0.845223076923077,bird-mixit
ortdov,xc:618817,xc_618817,9,5.04,5.5,2,0.958,0.1937287449836731,0.46,0.875,0.8382499999999999,bird-mixit
ortdov,xc:844594,xc_844594,4,3.22,3.88,3,0.9999,0.03210808336734772,0.66,0.8333333333333334,0.83325,bird-mixit
ortdov,xc:286093,xc_286093,3,8.9,10.83,3,0.9987,0.027731139212846756,1.93,0.8333333333333334,0.83225,bird-mixit
ortdov,xc:787976,xc_787976,16,33.08,41.08,3,0.9886,0.08262041211128235,8.0,0.84,0.830424,bird-mixit
ortdov,xc:657028,xc_657028,30,21.35,21.49,2,0.8893,0.023744361475110054,0.14,0.9272727272727272,0.8246236363636363,bird-mixit
ortdov,xc:955876,xc_955876,3,2.58,3.04,3,0.9965,0.20998939871788025,0.46,0.8181818181818182,0.8153181818181819,bird-mixit
ortdov,xc:875245,xc_875245,18,12.04,12.88,3,0.9959,0.06153089553117752,0.84,0.8181818181818182,0.8148272727272727,bird-mixit
osprey,xc:588910,xc_588910,62,80.45,80.87,0,1.0,0.09598080068826675,0.42,1.0,1.0,bird-mixit
osprey,xc:466220,xc_466220,21,22.11,23.0,0,1.0,0.06365246325731277,0.89,1.0,1.0,bird-mixit
osprey,xc:166110,xc_166110,28,148.48,151.15,0,1.0,0.07207659631967545,2.67,1.0,1.0,bird-mixit
osprey,xc:272312,xc_272312,59,32.91,33.07,0,0.9998,0.6209852695465088,0.16,1.0,0.9998,bird-mixit
osprey,xc:805450,xc_805450,17,13.42,13.92,0,0.9996,0.0323733426630497,0.5,1.0,0.9996,bird-mixit
osprey,xc:318235,xc_318235,0,0.02,8.02,0,0.9996,0.011647840030491352,8.0,1.0,0.9996,bird-mixit
osprey,xc:664256,xc_664256,52,39.08,39.56,0,0.9994,0.0999813973903656,0.48,1.0,0.9994,bird-mixit
osprey,xc:592797,xc_592797,6,4.36,4.73,0,0.9991,0.122130386531353,0.37,1.0,0.9991,bird-mixit
osprey,xc:465294,xc_465294,2,1.35,1.61,0,0.9984,0.029151948168873787,0.26,1.0,0.9984,bird-mixit
osprey,xc:900336,xc_900336,39,57.95,58.08,0,0.9981,0.0371873565018177,0.13,1.0,0.9981,bird-mixit
osprey,xc:466216,xc_466216,0,0.03,2.79,0,0.9963,0.022358646616339684,2.76,1.0,0.9963,bird-mixit
osprey,xc:588905,xc_588905,21,15.93,16.23,0,0.9951,0.0651424452662468,0.3,1.0,0.9951,bird-mixit
osprey,xc:174764,xc_174764,60,50.45,55.21,0,0.9929,0.043296780437231064,4.76,1.0,0.9929,bird-mixit
osprey,xc:915827,xc_915827,2,0.96,2.51,0,0.9907,0.049046676605939865,1.55,1.0,0.9907,bird-mixit
osprey,xc:796760,xc_796760,3,7.72,10.18,0,0.99,0.056018583476543427,2.46,1.0,0.99,bird-mixit
osprey,xc:166110,xc_166110,25,124.48,132.48,0,0.9999,0.0448283813893795,8.0,0.9886363636363636,0.9885375000000001,bird-mixit
osprey,xc:511013,xc_511013,22,19.73,19.84,0,0.9876,0.07931187748908997,0.11,1.0,0.9876,bird-mixit
osprey,xc:272312,xc_272312,84,50.28,51.4,0,0.9988,0.49206605553627014,1.12,0.9879518072289156,0.9867662650602409,bird-mixit
osprey,xc:588910,xc_588910,59,61.47,61.92,0,1.0,0.09554417431354523,0.45,0.9846153846153847,0.9846153846153847,bird-mixit
osprey,xc:465294,xc_465294,42,19.38,19.59,0,0.9993,0.02107425220310688,0.21,0.9848484848484849,0.9841590909090909,bird-mixit
osprey,xc:664256,xc_664256,7,4.2,4.67,0,0.9987,0.08510186523199081,0.47,0.9841269841269841,0.982847619047619,bird-mixit
osprey,xc:174764,xc_174764,61,55.32,56.07,0,0.9923,0.03582150489091873,0.75,0.9875,0.97989625,bird-mixit
osprey,xc:166110,xc_166110,27,140.48,148.48,0,0.9999,0.03872315213084221,8.0,0.9772727272727273,0.977175,bird-mixit
osprey,xc:272312,xc_272312,72,45.04,45.14,0,1.0,0.4381284713745117,0.1,0.9759036144578314,0.9759036144578314,bird-mixit
osprey,xc:333145,xc_333145,38,26.54,26.91,0,0.9702,0.1993567794561386,0.37,1.0,0.9702,bird-mixit
osprey,xc:588910,xc_588910,61,79.06,80.4,0,0.9999,0.0952436774969101,1.34,0.9692307692307692,0.9691338461538461,bird-mixit
osprey,xc:333145,xc_333145,36,25.21,25.58,0,0.9824,0.15248505771160126,0.37,0.9848484848484849,0.9675151515151516,bird-mixit
osprey,xc:174764,xc_174764,62,56.13,56.97,0,0.9923,0.03509103134274483,0.84,0.975,0.9674925,bird-mixit
osprey,xc:664256,xc_664256,4,2.46,2.98,0,0.9986,0.08380906283855438,0.52,0.9682539682539683,0.9668984126984127,bird-mixit
osprey,xc:588905,xc_588905,1,1.86,2.83,0,0.997,0.05851634219288826,0.97,0.9696969696969697,0.9667878787878789,bird-mixit
osprey,xc:166110,xc_166110,30,151.72,159.72,0,0.9999,0.03689872473478317,8.0,0.9659090909090909,0.9658125000000001,bird-mixit
osprey,xc:118482,xc_118482,3,0.91,1.02,2,0.9648,0.11911727488040924,0.11,1.0,0.9648,bird-mixit
osprey,xc:466220,xc_466220,20,20.33,22.01,0,1.0,0.04672706127166748,1.68,0.9642857142857143,0.9642857142857143,bird-mixit
osprey,xc:272312,xc_272312,30,16.69,17.66,0,0.9989,0.4233100414276123,0.97,0.963855421686747,0.9627951807228916,bird-mixit
osprey,xc:511013,xc_511013,13,16.16,16.25,0,0.9784,0.05589746683835983,0.09,0.9833333333333333,0.9620933333333334,bird-mixit
osprey,xc:694232,xc_694232,0,0.02,0.16,2,0.9619,0.04476597160100937,0.14,1.0,0.9619,bird-mixit
osprey,xc:465294,xc_465294,43,19.88,20.07,0,0.9916,0.018513118848204613,0.19,0.9696969696969697,0.9615515151515153,bird-mixit
osprey,xc:900336,xc_900336,23,29.13,29.27,0,0.9965,0.028217706829309464,0.14,0.96,0.95664,bird-mixit
osprey,xc:166110,xc_166110,24,116.48,124.48,0,0.9998,0.03468151390552521,8.0,0.9545454545454546,0.9543545454545456,bird-mixit
osprey,xc:588910,xc_588910,5,5.95,8.89,0,1.0,0.09490060806274414,2.94,0.9538461538461539,0.9538461538461539,bird-mixit
osprey,xc:272312,xc_272312,61,35.21,36.77,0,0.9997,0.40728312730789185,1.56,0.9518072289156626,0.9515216867469879,bird-mixit
osprey,xc:664256,xc_664256,10,6.82,7.25,0,0.998,0.07910113036632538,0.43,0.9523809523809523,0.9504761904761905,bird-mixit
osprey,xc:511013,xc_511013,15,16.75,16.84,0,0.976,0.053597331047058105,0.09,0.9666666666666667,0.9434666666666667,bird-mixit
osprey,xc:465294,xc_465294,40,18.23,18.71,0,0.9989,0.016740962862968445,0.48,0.9393939393939394,0.9383606060606061,bird-mixit
osprey,xc:588910,xc_588910,58,60.34,61.41,0,0.9993,0.09424882382154465,1.07,0.9384615384615385,0.9378046153846153,bird-mixit
osprey,xc:664256,xc_664256,58,43.4,43.89,0,0.9989,0.07386581599712372,0.49,0.9365079365079365,0.9354777777777777,bird-mixit
osprey,xc:174764,xc_174764,45,38.19,41.28,0,0.9675,0.02155965007841587,3.09,0.9625,0.9312187500000001,bird-mixit
osprey,xc:915827,xc_915827,7,4.05,4.25,0,0.9955,0.028836380690336227,0.2,0.9333333333333333,0.9291333333333334,bird-mixit
osprey,xc:466220,xc_466220,10,6.1,6.8,0,1.0,0.02699483372271061,0.7,0.9285714285714286,0.9285714285714286,bird-mixit
osprey,xc:588905,xc_588905,20,14.2,15.78,0,0.9869,0.05396910011768341,1.58,0.9393939393939394,0.9270878787878788,bird-mixit
osprey,xc:694232,xc_694232,6,6.0,7.93,0,0.9536,0.030683182179927826,1.93,0.9696969696969697,0.9247030303030304,bird-mixit
osprey,xc:511013,xc_511013,25,22.34,22.45,0,0.9718,0.05293808877468109,0.11,0.95,0.92321,bird-mixit
osprey,xc:174764,xc_174764,5,2.45,3.03,1,0.9846,0.01794274151325226,0.58,0.9375,0.9230625,bird-mixit
osprey,xc:465294,xc_465294,41,18.87,19.13,0,0.9985,0.015562647953629494,0.26,0.9242424242424242,0.9228560606060606,bird-mixit
osprey,xc:118482,xc_118482,15,6.09,6.59,1,0.963,0.10342176258563995,0.5,0.9545454545454546,0.9192272727272728,bird-mixit
osprey,xc:694232,xc_694232,45,31.62,31.96,2,0.9779,0.027195468544960022,0.34,0.9393939393939394,0.9186333333333334,bird-mixit
osprey,xc:900336,xc_900336,40,58.17,58.32,0,0.9953,0.02626652643084526,0.15,0.92,0.915676,bird-mixit
osprey,xc:805450,xc_805450,15,11.79,12.03,0,0.9608,0.026925362646579742,0.24,0.9473684210526315,0.9102315789473684,bird-mixit
osprey,xc:511013,xc_511013,18,17.43,17.58,0,0.9647,0.05132308974862099,0.15,0.9333333333333333,0.9003866666666667,bird-mixit
osprey,xc:118482,xc_118482,40,28.12,28.68,1,0.9193,0.10778377205133438,0.56,0.9772727272727273,0.8984068181818182,bird-mixit
osprey,xc:466220,xc_466220,19,19.25,19.99,0,1.0,0.026375701650977135,0.74,0.8928571428571429,0.8928571428571429,bird-mixit
osprey,xc:18375,xc_18375,4,1.99,4.36,0,0.9317,0.04541805759072304,2.37,0.9565217391304348,0.8911913043478261,bird-mixit
osprey,xc:333145,xc_333145,37,25.86,26.31,0,0.9112,0.12386243790388107,0.45,0.9696969696969697,0.8835878787878788,bird-mixit
osprey,xc:118482,xc_118482,5,1.41,1.48,2,0.9658,0.0931093692779541,0.07,0.9090909090909091,0.878,bird-mixit
osprey,xc:592797,xc_592797,7,5.54,5.93,0,0.999,0.11887228488922119,0.39,0.875,0.874125,bird-mixit
osprey,xc:588905,xc_588905,8,5.31,8.43,0,0.9607,0.046342913061380386,3.12,0.9090909090909091,0.8733636363636363,bird-mixit
osprey,xc:900336,xc_900336,22,28.89,29.0,0,0.991,0.020850302651524544,0.11,0.88,0.87208,bird-mixit
osprey,xc:466220,xc_466220,18,17.83,18.11,0,1.0,0.011896839365363121,0.28,0.8571428571428571,0.8571428571428571,bird-mixit
osprey,xc:118482,xc_118482,41,28.86,29.29,1,0.9192,0.09969527274370193,0.43,0.9318181818181818,0.8565272727272727,bird-mixit
osprey,xc:694232,xc_694232,37,28.08,28.21,0,0.9364,0.022677280008792877,0.13,0.9090909090909091,0.8512727272727273,bird-mixit
osprey,xc:915827,xc_915827,1,0.18,0.89,0,0.9802,0.02155431918799877,0.71,0.8666666666666667,0.8495066666666666,bird-mixit
osprey,xc:333145,xc_333145,4,1.81,2.37,0,0.9274,0.09232915937900543,0.56,0.9090909090909091,0.8430909090909091,bird-mixit
osprey,xc:805450,xc_805450,5,2.76,2.97,0,0.999,0.01598176546394825,0.21,0.8421052631578947,0.8412631578947368,bird-mixit
osprey,xc:333145,xc_333145,18,10.21,10.62,0,0.8937,0.09521441906690598,0.41,0.9393939393939394,0.8395363636363637,bird-mixit
osprey,xc:466216,xc_466216,5,5.3,6.8,0,0.9013,0.008441008627414703,1.5,0.9285714285714286,0.8369214285714286,bird-mixit
palthr1,xc:652386,xc_652386,44,26.75,29.02,2,0.9996,0.17917150259017944,2.27,1.0,0.9996,bird-mixit
palthr1,xc:857164,xc_857164,0,2.7,3.1,0,0.9996,0.07976667582988739,0.4,1.0,0.9996,bird-mixit
palthr1,xc:893999,xc_893999,28,29.29,30.07,1,0.9992,0.09151718020439148,0.78,1.0,0.9992,bird-mixit
palthr1,xc:652386,xc_652386,45,29.28,31.93,2,0.9995,0.15110136568546295,2.65,0.9916666666666667,0.9911708333333334,bird-mixit
palthr1,xc:758275,xc_758275,14,19.7,22.24,2,0.9888,0.007660351227968931,2.54,1.0,0.9888,bird-mixit
palthr1,xc:879574,xc_879574,2,2.87,3.71,0,0.9851,0.041213858872652054,0.84,1.0,0.9851,bird-mixit
palthr1,xc:652386,xc_652386,43,25.83,26.66,2,0.9995,0.12736086547374725,0.83,0.9833333333333333,0.9828416666666667,bird-mixit
palthr1,xc:707803,xc_707803,140,115.82,116.22,1,0.9785,0.04952101409435272,0.4,1.0,0.9785,bird-mixit
palthr1,xc:652386,xc_652386,47,33.86,33.93,2,0.9999,0.08621462434530258,0.07,0.975,0.9749025,bird-mixit
palthr1,xc:843240,xc_843240,20,30.37,31.82,1,0.9896,0.00899852067232132,1.45,0.972972972972973,0.9628540540540541,bird-mixit
palthr1,xc:893999,xc_893999,2,2.95,3.58,1,0.9993,0.0467652902007103,0.63,0.9615384615384616,0.9608653846153846,bird-mixit
palthr1,xc:707803,xc_707803,122,96.65,98.07,0,0.9622,0.03214894235134125,1.42,0.9925925925925926,0.9550725925925926,bird-mixit
palthr1,xc:652386,xc_652386,42,25.37,25.75,2,0.9849,0.07662449777126312,0.38,0.9666666666666667,0.95207,bird-mixit
palthr1,xc:707803,xc_707803,131,104.86,107.02,0,0.9646,0.031001804396510124,2.16,0.9851851851851852,0.9503096296296296,bird-mixit
palthr1,xc:972443,xc_972443,2,2.46,3.29,0,0.9438,0.05498332157731056,0.83,1.0,0.9438,bird-mixit
palthr1,xc:843240,xc_843240,31,37.86,38.8,1,0.9939,0.007759408093988895,0.94,0.9459459459459459,0.9401756756756757,bird-mixit
palthr1,xc:761447,xc_761447,0,4.09,4.28,0,0.9389,0.025881901383399963,0.19,1.0,0.9389,bird-mixit
palthr1,xc:637017,xc_637017,29,12.89,13.24,0,0.9363,0.0609823614358902,0.35,1.0,0.9363,bird-mixit
palthr1,xc:707803,xc_707803,137,112.22,114.47,0,0.9545,0.030143676325678825,2.25,0.9777777777777777,0.9332888888888888,bird-mixit
palthr1,xc:759486,xc_759486,7,8.16,8.32,0,0.932,0.008281010203063488,0.16,1.0,0.932,bird-mixit
palthr1,xc:99374,xc_99374,9,23.99,31.69,0,0.9276,0.029812652617692947,7.7,1.0,0.9276,bird-mixit
palthr1,xc:772404,xc_772404,8,9.72,9.8,2,0.9981,0.010754917748272419,0.08,0.9285714285714286,0.9268071428571428,bird-mixit
palthr1,xc:893999,xc_893999,20,19.9,20.47,1,0.9992,0.03884294256567955,0.57,0.9230769230769231,0.9223384615384616,bird-mixit
palthr1,xc:757103,xc_757103,1,3.99,4.28,0,0.92,0.019606878980994225,0.29,1.0,0.92,bird-mixit
palthr1,xc:841464,xc_841464,25,79.58,82.07,1,0.9868,0.002706698141992092,2.49,0.9310344827586207,0.9187448275862069,bird-mixit
palthr1,xc:843240,xc_843240,30,36.83,37.8,1,0.9928,0.006108092609792948,0.97,0.918918918918919,0.9123027027027028,bird-mixit
palthr1,xc:707803,xc_707803,55,41.12,41.38,1,0.9585,0.026707014068961143,0.26,0.9481481481481482,0.9088,bird-mixit
palthr1,xc:757103,xc_757103,20,18.6,18.74,2,0.9583,0.008639422245323658,0.14,0.9444444444444444,0.9050611111111111,bird-mixit
palthr1,xc:878403,xc_878403,35,37.53,40.42,0,0.9166,0.032274678349494934,2.89,0.987012987012987,0.9046961038961039,bird-mixit
palthr1,xc:878403,xc_878403,22,20.0,24.21,0,0.928,0.029935576021671295,4.21,0.974025974025974,0.903896103896104,bird-mixit
palthr1,xc:637017,xc_637017,28,12.55,12.78,0,0.9152,0.05884358286857605,0.23,0.9873417721518988,0.9036151898734178,bird-mixit
palthr1,xc:758275,xc_758275,9,17.11,17.2,2,0.9896,0.0051094102673232555,0.09,0.9090909090909091,0.8996363636363637,bird-mixit
palthr1,xc:878403,xc_878403,36,40.49,45.78,0,0.8751,0.03278437629342079,5.29,1.0,0.8751,bird-mixit
palthr1,xc:758851,xc_758851,6,18.85,19.55,2,0.9744,0.008392169140279293,0.7,0.8888888888888888,0.8661333333333333,bird-mixit
palthr1,xc:637017,xc_637017,0,0.06,0.51,0,0.886,0.05332733318209648,0.45,0.9746835443037974,0.8635696202531645,bird-mixit
palthr1,xc:843240,xc_843240,9,15.88,20.11,1,0.8616,0.009281578473746777,4.23,1.0,0.8616,bird-mixit
palthr1,xc:843240,xc_843240,17,28.34,28.62,0,0.9946,0.0047151558101177216,0.28,0.8648648648648649,0.8601945945945947,bird-mixit
palthr1,xc:758275,xc_758275,15,22.47,22.56,2,0.9951,0.005092464853078127,0.09,0.8636363636363636,0.8594045454545455,bird-mixit
palthr1,xc:841464,xc_841464,16,43.78,51.78,1,0.9549,0.0025064311921596527,8.0,0.896551724137931,0.8561172413793103,bird-mixit
palthr1,xc:772404,xc_772404,10,10.27,10.37,2,0.9985,0.009990737773478031,0.1,0.8571428571428571,0.8558571428571429,bird-mixit
palthr1,xc:637017,xc_637017,78,40.29,40.74,0,0.9021,0.047684263437986374,0.45,0.9367088607594937,0.8450050632911392,bird-mixit
palthr1,xc:99374,xc_99374,7,19.21,22.88,0,0.9293,0.029616374522447586,3.67,0.9090909090909091,0.8448181818181818,bird-mixit
palthr1,xc:878403,xc_878403,11,8.73,13.55,0,0.8766,0.028614042326807976,4.82,0.961038961038961,0.8424467532467533,bird-mixit
palthr1,xc:878403,xc_878403,31,30.48,33.41,0,0.8936,0.02569800429046154,2.93,0.922077922077922,0.8239688311688311,bird-mixit
palthr1,xc:757103,xc_757103,17,17.85,17.92,2,0.9239,0.0070049758069217205,0.07,0.8888888888888888,0.8212444444444444,bird-mixit
palthr1,xc:758275,xc_758275,10,17.26,17.59,2,0.9895,0.0050706141628324986,0.33,0.8181818181818182,0.8095909090909091,bird-mixit
palthr1,xc:637017,xc_637017,38,17.46,18.49,0,0.8405,0.05299535021185875,1.03,0.9620253164556962,0.8085822784810127,bird-mixit
palthr1,xc:988531,xc_988531,4,5.31,5.96,0,0.7999,0.009774376638233662,0.65,1.0,0.7999,bird-mixit
palthr1,xc:757103,xc_757103,10,14.05,14.2,2,0.9588,0.006913954857736826,0.15,0.8333333333333334,0.799,bird-mixit
palthr1,xc:879574,xc_879574,1,2.76,2.82,2,0.9883,0.0051566525362432,0.06,0.8,0.79064,bird-mixit
palthr1,xc:758851,xc_758851,5,16.75,16.96,1,0.7901,0.015063167549669743,0.21,1.0,0.7901,bird-mixit
palthr1,xc:841464,xc_841464,6,16.07,20.77,0,0.7814,0.0038937905337661505,4.7,1.0,0.7814,bird-mixit
palthr1,xc:893999,xc_893999,9,10.64,12.7,0,0.9223,0.004748965613543987,2.06,0.8461538461538461,0.7804076923076924,bird-mixit
palthr1,xc:841464,xc_841464,2,9.98,15.29,1,0.9406,0.002289731288328767,5.31,0.8275862068965517,0.7784275862068966,bird-mixit
palthr1,xc:772404,xc_772404,6,7.14,8.65,2,0.9762,0.009916418232023716,1.51,0.7857142857142857,0.7670142857142856,bird-mixit
palthr1,xc:758275,xc_758275,8,16.83,17.0,2,0.9906,0.005055057350546122,0.17,0.7727272727272727,0.7654636363636363,bird-mixit
palthr1,xc:99374,xc_99374,1,8.62,11.33,0,0.9246,0.027721161022782326,2.71,0.8181818181818182,0.7564909090909091,bird-mixit
palthr1,xc:893999,xc_893999,5,5.86,7.86,0,0.8494,0.005110064521431923,2.0,0.8846153846153846,0.7513923076923077,bird-mixit
palthr1,xc:988532,xc_988532,4,1.83,2.99,0,0.7465,0.010049455799162388,1.16,1.0,0.7465,bird-mixit
palthr1,xc:780155,xc_780155,2,1.95,2.16,2,0.9875,0.007453136146068573,0.21,0.75,0.7406250000000001,bird-mixit
palthr1,xc:757103,xc_757103,15,15.84,16.04,2,0.9279,0.0068985465914011,0.2,0.7777777777777778,0.7217,bird-mixit
palthr1,xc:988531,xc_988531,8,7.26,7.41,2,0.8698,0.0064689237624406815,0.15,0.8260869565217391,0.7185304347826087,bird-mixit
palthr1,xc:772404,xc_772404,1,1.49,2.63,2,0.9853,0.009617271833121777,1.14,0.7142857142857143,0.7037857142857142,bird-mixit
palthr1,xc:759486,xc_759486,6,7.9,8.03,0,0.8182,0.0049581811763346195,0.13,0.8571428571428571,0.7013142857142857,bird-mixit
palthr1,xc:780155,xc_780155,3,2.21,8.66,0,0.6643,0.014733177609741688,6.45,1.0,0.6643,bird-mixit
palthr1,xc:841464,xc_841464,9,28.36,30.03,1,0.9516,0.002172228414565325,1.67,0.6896551724137931,0.6562758620689656,bird-mixit
palthr1,xc:99374,xc_99374,0,0.62,8.62,0,0.891,0.027275580912828445,8.0,0.7272727272727273,0.648,bird-mixit
palthr1,xc:772404,xc_772404,7,8.81,9.66,2,0.999,0.009571248665452003,0.85,0.6428571428571429,0.6422142857142857,bird-mixit
pygwoo1,xc:797723,xc_797723,5,2.6,2.66,2,0.9999,0.059711117297410965,0.06,1.0,0.9999,bird-mixit
pygwoo1,xc:797112,xc_797112,1,3.28,3.73,0,0.9998,0.07765889912843704,0.45,1.0,0.9998,bird-mixit
pygwoo1,xc:285870,xc_285870,54,43.74,44.2,0,0.9996,0.04510778933763504,0.46,1.0,0.9996,bird-mixit
pygwoo1,xc:804650,xc_804650,56,50.17,50.59,1,0.9994,0.1627044826745987,0.42,1.0,0.9994,bird-mixit
pygwoo1,xc:797722,xc_797722,49,30.14,30.5,2,0.999,0.04221092164516449,0.36,1.0,0.999,bird-mixit
pygwoo1,xc:267398,xc_267398,75,61.08,61.65,0,0.9933,0.020741110667586327,0.57,1.0,0.9933,bird-mixit
pygwoo1,xc:285870,xc_285870,52,39.73,40.17,0,0.9967,0.040790073573589325,0.44,0.9955357142857143,0.9922504464285715,bird-mixit
pygwoo1,xc:267394,xc_267394,18,13.74,14.13,2,0.9921,0.0677938386797905,0.39,1.0,0.9921,bird-mixit
pygwoo1,xc:285634,xc_285634,4,5.71,6.11,0,0.9914,0.021125800907611847,0.4,1.0,0.9914,bird-mixit
pygwoo1,xc:858022,xc_858022,11,7.96,8.08,0,0.9909,0.22055993974208832,0.12,1.0,0.9909,bird-mixit
pygwoo1,xc:267394,xc_267394,56,42.17,42.26,2,0.9944,0.06503524631261826,0.09,0.9956709956709957,0.990095238095238,bird-mixit
pygwoo1,xc:804650,xc_804650,6,7.02,7.44,1,0.9994,0.15500693023204803,0.42,0.9902912621359223,0.9896970873786407,bird-mixit
pygwoo1,xc:267394,xc_267394,16,13.05,13.11,2,0.9967,0.05981135368347168,0.06,0.9913419913419913,0.9880705627705627,bird-mixit
pygwoo1,xc:267415,xc_267415,6,2.25,5.04,0,0.985,0.05134780704975128,2.79,1.0,0.985,bird-mixit
pygwoo1,xc:267398,xc_267398,77,62.15,62.64,0,0.9929,0.020103903487324715,0.49,0.9891304347826086,0.9821076086956522,bird-mixit
pygwoo1,xc:804650,xc_804650,61,53.92,54.49,1,0.9994,0.15287679433822632,0.57,0.9805825242718447,0.9799941747572816,bird-mixit
pygwoo1,xc:267394,xc_267394,17,13.47,13.66,2,0.9917,0.05648859217762947,0.19,0.987012987012987,0.9788207792207793,bird-mixit
pygwoo1,xc:797722,xc_797722,42,27.77,27.86,2,0.9976,0.026090610772371292,0.09,0.9743589743589743,0.9720205128205128,bird-mixit
pygwoo1,xc:267412,xc_267412,29,32.15,34.21,0,0.9708,0.03123178705573082,2.06,1.0,0.9708,bird-mixit
pygwoo1,xc:804650,xc_804650,13,12.5,13.03,1,0.9994,0.15114820003509521,0.53,0.970873786407767,0.9702912621359223,bird-mixit
pygwoo1,xc:285870,xc_285870,41,32.45,33.05,0,0.9922,0.020089423283934593,0.6,0.9776785714285714,0.9700526785714285,bird-mixit
pygwoo1,xc:267394,xc_267394,53,41.73,41.78,2,0.9948,0.05026702210307121,0.05,0.974025974025974,0.968961038961039,bird-mixit
pygwoo1,xc:285870,xc_285870,64,60.06,61.94,0,0.9994,0.018496349453926086,1.88,0.96875,0.9681687499999999,bird-mixit
pygwoo1,xc:285870,xc_285870,49,37.78,38.62,0,0.9766,0.028222033753991127,0.84,0.9910714285714286,0.9678803571428573,bird-mixit
pygwoo1,xc:267398,xc_267398,78,62.74,63.07,0,0.988,0.017301058396697044,0.33,0.9782608695652174,0.9665217391304348,bird-mixit
pygwoo1,xc:267415,xc_267415,94,44.67,45.52,0,0.9725,0.03957200422883034,0.85,0.9904761904761905,0.9632380952380953,bird-mixit
pygwoo1,xc:804650,xc_804650,20,19.85,20.27,1,0.9992,0.15074019134044647,0.42,0.9611650485436893,0.9603961165048543,bird-mixit
pygwoo1,xc:797723,xc_797723,26,17.6,17.75,2,0.9997,0.05517902225255966,0.15,0.96,0.959712,bird-mixit
pygwoo1,xc:267398,xc_267398,76,61.83,62.0,0,0.9881,0.013362715020775795,0.17,0.967391304347826,0.9558793478260869,bird-mixit
pygwoo1,xc:797112,xc_797112,4,7.81,8.43,0,0.9985,0.0325259305536747,0.62,0.9545454545454546,0.9531136363636364,bird-mixit
pygwoo1,xc:267415,xc_267415,48,23.69,24.46,3,0.9702,0.039413295686244965,0.77,0.9809523809523809,0.9517199999999999,bird-mixit
pygwoo1,xc:797722,xc_797722,48,29.69,29.81,2,0.9943,0.022319968789815903,0.12,0.9487179487179487,0.9433102564102563,bird-mixit
pygwoo1,xc:267415,xc_267415,101,47.51,49.63,0,0.9736,0.03306635469198227,2.12,0.9619047619047619,0.9365104761904762,bird-mixit
pygwoo1,xc:267398,xc_267398,74,60.65,60.92,0,0.9718,0.012315968982875347,0.27,0.9565217391304348,0.9295478260869565,bird-mixit
pygwoo1,xc:155862,xc_155862,12,12.42,13.39,1,0.9256,0.09275907278060913,0.97,1.0,0.9256,bird-mixit
pygwoo1,xc:797722,xc_797722,44,28.78,28.86,2,0.9969,0.02193380519747734,0.08,0.9230769230769231,0.9202153846153847,bird-mixit
pygwoo1,xc:797723,xc_797723,8,5.49,5.8,2,0.9998,0.04673480615019798,0.31,0.92,0.9198160000000001,bird-mixit
pygwoo1,xc:267395,xc_267395,2,3.63,6.54,0,0.9153,0.05888645350933075,2.91,1.0,0.9153,bird-mixit
pygwoo1,xc:797112,xc_797112,12,14.74,15.21,0,0.9971,0.027808867394924164,0.47,0.9090909090909091,0.9064545454545454,bird-mixit
pygwoo1,xc:267412,xc_267412,30,34.27,34.49,0,0.9324,0.03089733049273491,0.22,0.96875,0.9032625,bird-mixit
pygwoo1,xc:155862,xc_155862,24,22.2,22.82,1,0.9337,0.07744411379098892,0.62,0.9661016949152542,0.9020491525423728,bird-mixit
pygwoo1,xc:155862,xc_155862,10,9.3,10.97,3,0.9434,0.06767889857292175,1.67,0.9491525423728814,0.8954305084745763,bird-mixit
pygwoo1,xc:267415,xc_267415,61,31.15,31.46,3,0.9398,0.026636675000190735,0.31,0.9523809523809523,0.895047619047619,bird-mixit
pygwoo1,xc:267412,xc_267412,31,34.58,34.78,0,0.9447,0.029272211715579033,0.2,0.9375,0.88565625,bird-mixit
pygwoo1,xc:267412,xc_267412,4,5.55,5.76,0,0.9733,0.028986256569623947,0.21,0.90625,0.8820531250000001,bird-mixit
pygwoo1,xc:797723,xc_797723,6,2.76,2.87,2,0.9994,0.04628279060125351,0.11,0.88,0.8794719999999999,bird-mixit
pygwoo1,xc:858022,xc_858022,12,9.24,9.36,0,0.9587,0.17861363291740417,0.12,0.9166666666666666,0.8788083333333333,bird-mixit
pygwoo1,xc:797722,xc_797722,39,26.25,26.45,2,0.9791,0.021388791501522064,0.2,0.8974358974358975,0.8786794871794872,bird-mixit
pygwoo1,xc:155862,xc_155862,27,26.86,27.44,1,0.8802,0.08808761090040207,0.58,0.9830508474576272,0.8652813559322035,bird-mixit
pygwoo1,xc:267412,xc_267412,27,29.27,29.37,3,0.9831,0.028556236997246742,0.1,0.875,0.8602124999999999,bird-mixit
pygwoo1,xc:797112,xc_797112,11,13.54,13.98,0,0.9899,0.023161565884947777,0.44,0.8636363636363636,0.8549136363636364,bird-mixit
pygwoo1,xc:155862,xc_155862,6,6.81,7.31,1,0.9216,0.06581730395555496,0.5,0.9152542372881356,0.8434983050847458,bird-mixit
pygwoo1,xc:155674,xc_155674,22,45.62,45.86,1,0.8414,0.08530940860509872,0.24,1.0,0.8414,bird-mixit
pygwoo1,xc:797723,xc_797723,25,16.89,17.12,2,0.9992,0.045738205313682556,0.23,0.84,0.839328,bird-mixit
pygwoo1,xc:841033,xc_841033,9,19.0,19.39,0,0.9272,0.01853708177804947,0.39,0.9,0.83448,bird-mixit
pygwoo1,xc:285907,xc_285907,7,7.32,9.22,0,0.8299,0.023987997323274612,1.9,1.0,0.8299,bird-mixit
pygwoo1,xc:285907,xc_285907,8,9.51,9.86,3,0.9115,0.02137266844511032,0.35,0.9090909090909091,0.8286363636363636,bird-mixit
pygwoo1,xc:655375,xc_655375,2,1.87,2.15,0,0.8169,0.012213543988764286,0.28,1.0,0.8169,bird-mixit
pygwoo1,xc:858022,xc_858022,0,0.08,0.2,0,0.9591,0.15399481356143951,0.12,0.8333333333333334,0.79925,bird-mixit
pygwoo1,xc:267395,xc_267395,1,2.25,2.5,2,0.9239,0.025978995487093925,0.25,0.8571428571428571,0.7919142857142857,bird-mixit
pygwoo1,xc:797112,xc_797112,0,0.33,2.19,0,0.9645,0.019005591049790382,1.86,0.8181818181818182,0.7891363636363637,bird-mixit
rocpig,xc:48676,xc_48676,11,15.84,16.91,3,0.9999,0.09075722843408585,1.07,1.0,0.9999,bird-mixit
rocpig,xc:796913,xc_796913,72,43.63,44.48,2,0.9996,0.0274406336247921,0.85,1.0,0.9996,bird-mixit
rocpig,xc:825052,xc_825052,4,1.84,2.31,2,0.9992,0.09894032031297684,0.47,1.0,0.9992,bird-mixit
rocpig,xc:486873,xc_486873,15,11.97,13.41,3,0.9973,0.10977668315172195,1.44,1.0,0.9973,bird-mixit
rocpig,xc:380349,xc_380349,13,9.5,9.99,2,0.9954,0.017687086015939713,0.49,1.0,0.9954,bird-mixit
rocpig,xc:315410,xc_315410,4,31.89,32.77,0,0.9939,0.041684456169605255,0.88,1.0,0.9939,bird-mixit
rocpig,xc:269761,xc_269761,23,25.2,25.91,3,0.9938,0.14919179677963257,0.71,1.0,0.9938,bird-mixit
rocpig,xc:645563,xc_645563,170,181.49,182.08,3,0.9961,0.06367026269435883,0.59,0.9956331877729258,0.9917502183406113,bird-mixit
rocpig,xc:621266,xc_621266,0,0.02,5.86,3,0.9908,0.020454097539186478,5.84,1.0,0.9908,bird-mixit
rocpig,xc:488175,xc_488175,14,15.75,17.26,3,0.9856,0.052545804530382156,1.51,1.0,0.9856,bird-mixit
rocpig,xc:348079,xc_348079,6,3.72,4.33,3,0.9828,0.14581505954265594,0.61,1.0,0.9828,bird-mixit
rocpig,xc:1046372,xc_1046372,1,0.94,1.15,2,0.9796,0.2711656093597412,0.21,1.0,0.9796,bird-mixit
rocpig,xc:51716,xc_51716,18,16.18,17.13,3,0.9769,0.13728883862495422,0.95,1.0,0.9769,bird-mixit
rocpig,xc:825052,xc_825052,3,0.68,1.71,2,0.998,0.07442094385623932,1.03,0.9767441860465116,0.9747906976744186,bird-mixit
rocpig,xc:645563,xc_645563,223,228.08,228.46,3,0.9877,0.05715933069586754,0.38,0.9868995633187773,0.9747606986899563,bird-mixit
rocpig,xc:645563,xc_645563,171,182.2,183.35,3,0.9847,0.05618734285235405,1.15,0.982532751091703,0.9675,bird-mixit
rocpig,xc:349161,xc_349161,26,19.29,20.37,3,0.9647,0.07754522562026978,1.08,1.0,0.9647,bird-mixit
rocpig,xc:486873,xc_486873,18,14.92,16.35,3,0.9957,0.100532665848732,1.43,0.96875,0.964584375,bird-mixit
rocpig,xc:645563,xc_645563,214,221.14,221.22,3,0.9904,0.04911046475172043,0.08,0.9737991266375546,0.964450655021834,bird-mixit
rocpig,xc:269761,xc_269761,22,23.6,24.99,3,0.9855,0.13273316621780396,1.39,0.975609756097561,0.9614634146341463,bird-mixit
rocpig,xc:645563,xc_645563,121,120.89,122.77,3,0.9909,0.04861636459827423,1.88,0.9694323144104804,0.960610480349345,bird-mixit
rocpig,xc:796913,xc_796913,54,30.14,30.85,2,0.9924,0.01986311376094818,0.71,0.9662921348314607,0.9589483146067416,bird-mixit
rocpig,xc:621266,xc_621266,23,47.59,47.77,3,0.9887,0.01750408299267292,0.18,0.9655172413793104,0.9546068965517241,bird-mixit
rocpig,xc:380349,xc_380349,14,10.27,10.82,2,0.9951,0.017462849617004395,0.55,0.9523809523809523,0.9477142857142856,bird-mixit
rocpig,xc:1023563,xc_1023563,25,18.43,18.84,3,0.9454,0.03848762810230255,0.41,1.0,0.9454,bird-mixit
rocpig,xc:569664,xc_569664,0,0.02,0.68,2,0.9443,0.019113564863801003,0.66,1.0,0.9443,bird-mixit
rocpig,xc:825052,xc_825052,33,21.56,22.25,2,0.9889,0.05270829051733017,0.69,0.9534883720930233,0.9429046511627908,bird-mixit
rocpig,xc:121680,xc_121680,46,29.6,30.52,3,0.9425,0.04700639098882675,0.92,1.0,0.9425,bird-mixit
rocpig,xc:796913,xc_796913,67,40.5,41.37,2,0.9514,0.021816978231072426,0.87,0.9887640449438202,0.9407101123595506,bird-mixit
rocpig,xc:121680,xc_121680,36,22.79,23.48,3,0.9546,0.040801651775836945,0.69,0.984375,0.939684375,bird-mixit
rocpig,xc:796913,xc_796913,25,12.77,13.34,2,0.9838,0.01954200491309166,0.57,0.9550561797752809,0.9395842696629214,bird-mixit
rocpig,xc:706902,xc_706902,73,52.69,52.81,2,0.9663,0.04601386934518814,0.12,0.96875,0.936103125,bird-mixit
rocpig,xc:486873,xc_486873,12,8.75,10.2,3,0.9957,0.09682301431894302,1.45,0.9375,0.9334687500000001,bird-mixit
rocpig,xc:121680,xc_121680,15,10.74,11.73,3,0.9602,0.039476994425058365,0.99,0.96875,0.93019375,bird-mixit
rocpig,xc:51716,xc_51716,17,14.94,15.67,3,0.9746,0.13530105352401733,0.73,0.9523809523809523,0.9281904761904761,bird-mixit
rocpig,xc:1023563,xc_1023563,31,22.96,23.58,3,0.9518,0.03228667378425598,0.62,0.975,0.928005,bird-mixit
rocpig,xc:349161,xc_349161,24,16.38,17.42,3,0.9573,0.06412547081708908,1.04,0.96875,0.927384375,bird-mixit
rocpig,xc:706902,xc_706902,142,95.69,95.77,2,0.9872,0.04349930211901665,0.08,0.9375,0.9255,bird-mixit
rocpig,xc:825052,xc_825052,29,13.99,14.83,2,0.9939,0.04628891497850418,0.84,0.9302325581395349,0.9245581395348837,bird-mixit
rocpig,xc:48676,xc_48676,10,14.55,15.6,3,0.9999,0.08540775626897812,1.05,0.9166666666666666,0.916575,bird-mixit
rocpig,xc:796913,xc_796913,56,31.61,32.3,2,0.9702,0.019317029044032097,0.69,0.9438202247191011,0.9156943820224719,bird-mixit
rocpig,xc:706902,xc_706902,143,95.87,95.93,2,0.9788,0.04327379912137985,0.06,0.9296875,0.909978125,bird-mixit
rocpig,xc:486873,xc_486873,4,1.97,2.65,3,0.9958,0.08834999799728394,0.68,0.90625,0.90244375,bird-mixit
rocpig,xc:121680,xc_121680,52,32.58,33.32,3,0.9468,0.039183493703603745,0.74,0.953125,0.9024187499999999,bird-mixit
rocpig,xc:621266,xc_621266,1,5.93,12.93,3,0.9691,0.017490824684500694,7.0,0.9310344827586207,0.9022655172413793,bird-mixit
rocpig,xc:825052,xc_825052,26,12.77,13.16,2,0.9943,0.045244622975587845,0.39,0.9069767441860465,0.901806976744186,bird-mixit
rocpig,xc:266224,xc_266224,17,10.27,10.53,0,0.9014,0.08504361659288406,0.26,1.0,0.9014,bird-mixit
rocpig,xc:706902,xc_706902,74,52.91,53.06,2,0.9443,0.04420117661356926,0.15,0.953125,0.9000359375,bird-mixit
rocpig,xc:380349,xc_380349,15,11.03,11.91,2,0.993,0.016989009454846382,0.88,0.9047619047619048,0.8984285714285715,bird-mixit
rocpig,xc:706902,xc_706902,131,89.2,89.27,2,0.9899,0.0425669364631176,0.07,0.90625,0.897096875,bird-mixit
rocpig,xc:349161,xc_349161,34,29.09,30.01,3,0.9568,0.06290546804666519,0.92,0.9375,0.897,bird-mixit
rocpig,xc:621266,xc_621266,14,35.17,37.18,3,0.9909,0.016882149502635002,2.01,0.896551724137931,0.8883931034482759,bird-mixit
rocpig,xc:169211,xc_169211,37,25.36,25.41,2,0.9874,0.03177669271826744,0.05,0.8947368421052632,0.883463157894737,bird-mixit
rocpig,xc:269761,xc_269761,1,3.62,6.2,3,0.9286,0.125169575214386,2.58,0.9512195121951219,0.8833024390243902,bird-mixit
rocpig,xc:315410,xc_315410,5,33.55,34.11,0,0.9929,0.028249947354197502,0.56,0.8888888888888888,0.8825777777777777,bird-mixit
rocpig,xc:51716,xc_51716,19,17.45,18.63,3,0.971,0.12772275507450104,1.18,0.9047619047619048,0.8785238095238095,bird-mixit
rocpig,xc:121680,xc_121680,28,20.58,21.36,3,0.9491,0.033615097403526306,0.78,0.921875,0.8749515625000001,bird-mixit
rocpig,xc:569664,xc_569664,1,0.74,1.06,2,0.9695,0.010628797113895416,0.32,0.9,0.87255,bird-mixit
rocpig,xc:486873,xc_486873,10,5.71,7.12,3,0.9943,0.07534652948379517,1.41,0.875,0.8700125,bird-mixit
rocpig,xc:488175,xc_488175,4,4.56,5.87,3,0.9022,0.05142902955412865,1.31,0.9629629629629629,0.8687851851851851,bird-mixit
rocpig,xc:269761,xc_269761,24,26.17,27.0,3,0.9838,0.11067044734954834,0.83,0.8780487804878049,0.8638243902439025,bird-mixit
rocpig,xc:269761,xc_269761,2,6.41,7.13,3,0.9265,0.1224241554737091,0.72,0.926829268292683,0.8587073170731707,bird-mixit
rocpig,xc:349161,xc_349161,32,26.09,27.31,3,0.9458,0.052874669432640076,1.22,0.90625,0.85713125,bird-mixit
rocpig,xc:1023563,xc_1023563,33,24.92,25.57,3,0.9228,0.02693329192698002,0.65,0.925,0.85359,bird-mixit
rocpig,xc:621266,xc_621266,6,20.11,21.36,3,0.9868,0.01659933477640152,1.25,0.8620689655172413,0.8506896551724138,bird-mixit
rocpig,xc:169211,xc_169211,2,4.62,4.7,2,0.9677,0.028242895379662514,0.08,0.8771929824561403,0.848859649122807,bird-mixit
rocpig,xc:169211,xc_169211,63,47.25,47.33,2,0.8906,0.03905390202999115,0.08,0.9473684210526315,0.8437263157894735,bird-mixit
rocpig,xc:380349,xc_380349,10,6.89,7.48,2,0.9757,0.016949951648712158,0.59,0.8571428571428571,0.8363142857142857,bird-mixit
rocpig,xc:349161,xc_349161,29,22.12,23.43,3,0.9539,0.05130903050303459,1.31,0.875,0.8346625,bird-mixit
rocpig,xc:48676,xc_48676,7,10.24,11.36,3,0.9999,0.0811837688088417,1.12,0.8333333333333334,0.83325,bird-mixit
rocpig,xc:488175,xc_488175,3,2.88,4.49,3,0.8954,0.04714111611247063,1.61,0.9259259259259259,0.8290740740740741,bird-mixit
rocpig,xc:1023563,xc_1023563,8,6.09,6.35,3,0.8676,0.030061643570661545,0.26,0.95,0.82422,bird-mixit
rocpig,xc:348079,xc_348079,1,0.52,1.11,3,0.9842,0.13968060910701752,0.59,0.8333333333333334,0.8201666666666667,bird-mixit
rocpig,xc:51716,xc_51716,20,18.77,20.27,3,0.9399,0.1226382628083229,1.5,0.8571428571428571,0.8056285714285714,bird-mixit
rocpig,xc:380349,xc_380349,8,5.5,5.85,2,0.9902,0.016696343198418617,0.35,0.8095238095238095,0.8015904761904762,bird-mixit
skylar,xc:288761,xc_288761,0,0.02,8.02,0,1.0,0.029497316107153893,8.0,1.0,1.0,bird-mixit
skylar,xc:718610,xc_718610,7,32.32,35.75,0,0.9999,0.08396988362073898,3.43,1.0,0.9999,bird-mixit
skylar,xc:917689,xc_917689,1,8.02,16.02,0,0.9998,0.06248272582888603,8.0,1.0,0.9998,bird-mixit
skylar,xc:812075,xc_812075,2,9.6,17.57,0,0.9991,0.0226766187697649,7.97,1.0,0.9991,bird-mixit
skylar,xc:138228,xc_138228,41,21.2,21.81,0,0.999,0.2258109599351883,0.61,1.0,0.999,bird-mixit
skylar,xc:583693,xc_583693,2,10.07,17.0,0,0.9988,0.0236589927226305,6.93,1.0,0.9988,bird-mixit
skylar,xc:704675,xc_704675,6,9.49,9.83,0,0.9974,0.02761748991906643,0.34,1.0,0.9974,bird-mixit
skylar,xc:35949,xc_35949,5,40.02,44.7,0,0.9964,0.08041688799858093,4.68,1.0,0.9964,bird-mixit
skylar,xc:949909,xc_949909,16,16.67,16.9,1,0.9958,0.0011241327738389373,0.23,1.0,0.9958,bird-mixit
skylar,xc:933082,xc_933082,9,9.98,17.98,0,0.9905,0.019677599892020226,8.0,1.0,0.9905,bird-mixit
skylar,xc:737688,xc_737688,10,44.56,44.63,3,0.9884,0.0065311589278280735,0.07,1.0,0.9884,bird-mixit
skylar,xc:718610,xc_718610,11,46.15,46.81,0,0.9999,0.06191302463412285,0.66,0.9866666666666667,0.986568,bird-mixit
skylar,xc:607294,xc_607294,0,0.02,1.04,0,0.9851,0.023917395621538162,1.02,1.0,0.9851,bird-mixit
skylar,xc:797675,xc_797675,0,2.65,2.91,0,0.9807,0.22727346420288086,0.26,1.0,0.9807,bird-mixit
skylar,xc:627311,xc_627311,5,2.52,5.84,0,0.9992,0.06071612611413002,3.32,0.9770114942528736,0.9762298850574713,bird-mixit
skylar,xc:627311,xc_627311,69,155.39,163.39,0,0.9756,0.07636650651693344,8.0,1.0,0.9756,bird-mixit
skylar,xc:138228,xc_138228,12,5.48,6.62,0,0.996,0.1290089190006256,1.14,0.9772727272727273,0.9733636363636364,bird-mixit
skylar,xc:718610,xc_718610,8,35.81,40.39,0,0.9998,0.057217296212911606,4.58,0.9733333333333334,0.9731386666666667,bird-mixit
skylar,xc:395043,xc_395043,27,79.26,79.8,2,0.962,0.013917244039475918,0.54,1.0,0.962,bird-mixit
skylar,xc:933082,xc_933082,10,17.98,21.04,0,0.9749,0.013621073216199875,3.06,0.9864864864864865,0.9617256756756757,bird-mixit
skylar,xc:718610,xc_718610,13,49.37,50.78,0,0.9999,0.0528334341943264,1.41,0.96,0.959904,bird-mixit
skylar,xc:583693,xc_583693,1,2.07,10.07,0,0.9964,0.016464555636048317,8.0,0.9583333333333334,0.9548833333333333,bird-mixit
skylar,xc:917689,xc_917689,7,48.48,56.48,0,0.9996,0.043697383254766464,8.0,0.9545454545454546,0.9541636363636364,bird-mixit
skylar,xc:975229,xc_975229,31,92.73,94.77,0,0.9528,0.08588104695081711,2.04,1.0,0.9528,bird-mixit
skylar,xc:933082,xc_933082,8,3.7,9.93,0,0.9789,0.012949317693710327,6.23,0.972972972972973,0.9524432432432433,bird-mixit
skylar,xc:627311,xc_627311,25,50.0,58.0,0,0.9855,0.05651427060365677,8.0,0.9655172413793104,0.9515172413793104,bird-mixit
skylar,xc:138228,xc_138228,1,0.58,1.05,0,0.9961,0.11232596635818481,0.47,0.9545454545454546,0.9508227272727273,bird-mixit
skylar,xc:718610,xc_718610,5,26.09,31.9,0,0.9997,0.05084807798266411,5.81,0.9466666666666667,0.9463826666666667,bird-mixit
skylar,xc:949909,xc_949909,17,16.97,17.19,1,0.9955,0.0011194163234904408,0.22,0.95,0.945725,bird-mixit
skylar,xc:439200,xc_439200,67,41.48,41.67,0,0.9343,0.0049124229699373245,0.19,1.0,0.9343,bird-mixit
skylar,xc:287131,xc_287131,0,0.02,8.02,0,0.9341,0.0480644591152668,8.0,1.0,0.9341,bird-mixit
skylar,xc:439200,xc_439200,73,46.93,47.27,0,0.9574,0.004613547120243311,0.34,0.972972972972973,0.9315243243243244,bird-mixit
skylar,xc:138228,xc_138228,33,16.73,17.87,0,0.9979,0.10763127356767654,1.14,0.9318181818181818,0.9298613636363636,bird-mixit
skylar,xc:395043,xc_395043,117,156.48,158.4,2,0.9379,0.012406086549162865,1.92,0.9866666666666667,0.9253946666666667,bird-mixit
skylar,xc:395043,xc_395043,23,77.98,78.07,2,0.9498,0.010274192318320274,0.09,0.9666666666666667,0.91814,bird-mixit
skylar,xc:933082,xc_933082,17,33.71,34.0,0,0.9539,0.008381356485188007,0.29,0.9594594594594594,0.9152283783783783,bird-mixit
skylar,xc:180733,xc_180733,13,34.06,34.73,2,0.9135,0.024918708950281143,0.67,1.0,0.9135,bird-mixit
skylar,xc:583693,xc_583693,4,25.25,29.18,0,0.993,0.013376547023653984,3.93,0.9166666666666666,0.91025,bird-mixit
skylar,xc:627311,xc_627311,11,26.06,33.9,0,0.9769,0.04710680618882179,7.84,0.9310344827586207,0.9095275862068966,bird-mixit
skylar,xc:917689,xc_917689,2,16.02,24.02,0,0.9994,0.0409703366458416,8.0,0.9090909090909091,0.9085454545454544,bird-mixit
skylar,xc:627311,xc_627311,64,115.39,123.39,0,0.9164,0.06096234172582626,8.0,0.9885057471264368,0.9058666666666667,bird-mixit
skylar,xc:138228,xc_138228,25,11.66,12.25,0,0.9952,0.10191082954406738,0.59,0.9090909090909091,0.9047272727272727,bird-mixit
skylar,xc:395043,xc_395043,16,74.98,75.16,2,0.9209,0.012252973392605782,0.18,0.98,0.902482,bird-mixit
skylar,xc:288761,xc_288761,1,8.02,16.02,0,0.9999,0.01678352616727352,8.0,0.9,0.89991,bird-mixit
skylar,xc:975229,xc_975229,34,99.38,100.29,0,0.9466,0.07864855229854584,0.91,0.95,0.8992699999999999,bird-mixit
skylar,xc:180733,xc_180733,3,10.82,18.82,0,0.938,0.023734165355563164,8.0,0.9565217391304348,0.8972173913043479,bird-mixit
skylar,xc:949909,xc_949909,0,0.35,0.6,1,0.9936,0.000996005954220891,0.25,0.9,0.89424,bird-mixit
skylar,xc:395043,xc_395043,19,76.58,76.66,2,0.9431,0.009869513101875782,0.08,0.9466666666666667,0.8928013333333333,bird-mixit
skylar,xc:933082,xc_933082,11,21.1,22.86,0,0.951,0.008119860664010048,1.76,0.9324324324324325,0.8867432432432433,bird-mixit
skylar,xc:737688,xc_737688,7,20.15,28.15,0,0.9709,0.005677334498614073,8.0,0.9090909090909091,0.8826363636363636,bird-mixit
skylar,xc:812075,xc_812075,1,1.6,9.6,0,0.996,0.018377095460891724,8.0,0.875,0.8714999999999999,bird-mixit
skylar,xc:35949,xc_35949,4,32.02,40.02,0,0.996,0.043488580733537674,8.0,0.875,0.8714999999999999,bird-mixit
skylar,xc:583693,xc_583693,3,17.25,25.25,0,0.9954,0.01321899052709341,8.0,0.875,0.8709749999999999,bird-mixit
skylar,xc:917689,xc_917689,6,40.48,48.48,0,0.9993,0.040601007640361786,8.0,0.8636363636363636,0.8630318181818182,bird-mixit
skylar,xc:975229,xc_975229,28,78.41,84.0,0,0.9205,0.07517624646425247,5.59,0.925,0.8514625,bird-mixit
skylar,xc:704675,xc_704675,8,10.5,11.69,0,0.9932,0.016781263053417206,1.19,0.8461538461538461,0.8403999999999999,bird-mixit
skylar,xc:975229,xc_975229,0,0.02,2.75,0,0.8616,0.08201920986175537,2.73,0.975,0.84006,bird-mixit
skylar,xc:949909,xc_949909,20,21.39,22.15,1,0.9868,0.0009114522836171091,0.76,0.85,0.83878,bird-mixit
skylar,xc:607294,xc_607294,1,1.11,2.41,0,0.9668,0.02104489505290985,1.3,0.8571428571428571,0.8286857142857142,bird-mixit
skylar,xc:583693,xc_583693,20,46.46,47.43,0,0.9939,0.009319917298853397,0.97,0.8333333333333334,0.82825,bird-mixit
skylar,xc:917689,xc_917689,12,74.55,74.96,0,0.9997,0.03794239088892937,0.41,0.8181818181818182,0.8179363636363637,bird-mixit
skylar,xc:975229,xc_975229,33,95.9,99.3,0,0.9313,0.06658885627985,3.4,0.875,0.8148875,bird-mixit
skylar,xc:439200,xc_439200,2,0.51,1.07,0,0.8638,0.0035277034621685743,0.56,0.9324324324324325,0.8054351351351352,bird-mixit
skylar,xc:439200,xc_439200,34,20.06,20.5,0,0.85,0.003873653244227171,0.44,0.9459459459459459,0.8040540540540541,bird-mixit
skylar,xc:288761,xc_288761,3,24.02,32.02,0,0.9999,0.013263248838484287,8.0,0.8,0.7999200000000001,bird-mixit
skylar,xc:949909,xc_949909,14,15.69,16.04,0,0.9783,0.0008673178963363171,0.35,0.8,0.78264,bird-mixit
skylar,xc:737688,xc_737688,8,28.15,36.15,0,0.9477,0.004510610364377499,8.0,0.8181818181818182,0.7753909090909091,bird-mixit
skylar,xc:431443,xc_431443,0,0.72,0.88,3,0.7722,0.0059004914946854115,0.16,1.0,0.7722,bird-mixit
skylar,xc:704675,xc_704675,1,2.85,3.25,0,0.9947,0.015321414917707443,0.4,0.7692307692307693,0.7651538461538462,bird-mixit
skylar,xc:812075,xc_812075,3,17.7,22.3,0,0.9996,0.018288271501660347,4.6,0.75,0.7497,bird-mixit
skylar,xc:35949,xc_35949,1,8.02,16.02,0,0.9955,0.03604867681860924,8.0,0.75,0.7466250000000001,bird-mixit
skylar,xc:439200,xc_439200,1,0.23,0.44,0,0.8871,0.0029752973932772875,0.21,0.8378378378378378,0.743245945945946,bird-mixit
skylar,xc:180733,xc_180733,2,8.95,10.76,0,0.8929,0.01897670514881611,1.81,0.8260869565217391,0.7376130434782608,bird-mixit
skylar,xc:704675,xc_704675,5,6.81,9.41,0,0.7795,0.01711891032755375,2.6,0.9230769230769231,0.7195384615384616,bird-mixit
skylar,xc:180733,xc_180733,10,30.81,32.9,2,0.7872,0.021450495347380638,2.09,0.9130434782608695,0.7187478260869565,bird-mixit
spbduc,xc:266818,xc_266818,3,3.47,3.6,2,0.9999,0.3259972035884857,0.13,1.0,0.9999,bird-mixit
spbduc,xc:803917,xc_803917,2,0.85,2.0,0,0.9987,0.0022309808991849422,1.15,1.0,0.9987,bird-mixit
spbduc,xc:841268,xc_841268,134,78.12,79.34,0,0.9986,0.008526167832314968,1.22,1.0,0.9986,bird-mixit
spbduc,xc:842810,xc_842810,14,5.68,6.26,0,0.9976,0.012960412539541721,0.58,1.0,0.9976,bird-mixit
spbduc,xc:854546,xc_854546,109,64.9,64.96,2,0.997,0.3021391034126282,0.06,1.0,0.997,bird-mixit
spbduc,xc:992583,xc_992583,0,0.02,3.23,0,0.9962,0.02031530626118183,3.21,1.0,0.9962,bird-mixit
spbduc,xc:841268,xc_841268,89,56.87,57.05,0,0.9969,0.007834834046661854,0.18,0.9920634920634921,0.9889880952380953,bird-mixit
spbduc,xc:854546,xc_854546,47,28.9,31.43,2,0.9957,0.2766774594783783,2.53,0.9908256880733946,0.986565137614679,bird-mixit
spbduc,xc:841268,xc_841268,42,29.16,29.94,0,0.9977,0.007519477047026157,0.78,0.9841269841269841,0.981863492063492,bird-mixit
spbduc,xc:414280,xc_414280,5,3.82,4.37,0,0.9804,0.12144282460212708,0.55,1.0,0.9804,bird-mixit
spbduc,xc:854546,xc_854546,122,70.59,70.66,2,0.9975,0.27624109387397766,0.07,0.981651376146789,0.979197247706422,bird-mixit
spbduc,xc:414280,xc_414280,74,68.15,68.45,0,0.9998,0.10971005260944366,0.3,0.9772727272727273,0.9770772727272727,bird-mixit
spbduc,xc:414277,xc_414277,116,81.85,82.94,0,0.9744,0.09302446991205215,1.09,1.0,0.9744,bird-mixit
spbduc,xc:841268,xc_841268,90,57.16,57.35,0,0.9973,0.0072929831221699715,0.19,0.9761904761904762,0.9735547619047619,bird-mixit
spbduc,xc:266814,xc_266814,6,6.44,7.78,0,0.9735,0.041935428977012634,1.34,1.0,0.9735,bird-mixit
spbduc,xc:920581,xc_920581,24,15.17,15.25,2,0.987,0.07543643563985825,0.08,0.9818181818181818,0.9690545454545454,bird-mixit
spbduc,xc:414280,xc_414280,71,66.76,67.06,0,0.9997,0.10882189124822617,0.3,0.9659090909090909,0.9656193181818182,bird-mixit
spbduc,xc:854546,xc_854546,28,13.36,13.82,2,0.9909,0.23772616684436798,0.46,0.9724770642201835,0.9636275229357799,bird-mixit
spbduc,xc:414280,xc_414280,6,4.43,4.93,0,0.9713,0.11024279147386551,0.5,0.9886363636363636,0.9602625,bird-mixit
spbduc,xc:414277,xc_414277,97,70.18,70.78,0,0.9786,0.06851591169834137,0.6,0.9782608695652174,0.9573260869565218,bird-mixit
spbduc,xc:841268,xc_841268,41,28.79,29.01,0,0.9964,0.006642730440944433,0.22,0.9603174603174603,0.9568603174603174,bird-mixit
spbduc,xc:266813,xc_266813,12,6.0,6.36,0,0.9561,0.03143954649567604,0.36,1.0,0.9561,bird-mixit
spbduc,xc:842810,xc_842810,19,9.15,9.59,0,0.9989,0.011040041223168373,0.44,0.9545454545454546,0.9534954545454546,bird-mixit
spbduc,xc:920581,xc_920581,22,14.3,14.37,2,0.9875,0.07418565452098846,0.07,0.9636363636363636,0.9515909090909092,bird-mixit
spbduc,xc:803917,xc_803917,11,7.14,7.41,1,0.9785,0.0015911326045170426,0.27,0.9696969696969697,0.9488484848484849,bird-mixit
spbduc,xc:414277,xc_414277,122,88.54,89.2,0,0.961,0.069822296500206,0.66,0.9855072463768116,0.9470724637681159,bird-mixit
spbduc,xc:854546,xc_854546,48,32.94,33.28,2,0.9784,0.1478739231824875,0.34,0.963302752293578,0.9424954128440367,bird-mixit
spbduc,xc:414280,xc_414280,4,3.19,3.76,0,0.9977,0.09793806821107864,0.57,0.9431818181818182,0.9410125,bird-mixit
spbduc,xc:414277,xc_414277,79,59.77,60.36,0,0.9837,0.06049509719014168,0.59,0.9565217391304348,0.9409304347826087,bird-mixit
spbduc,xc:414277,xc_414277,54,45.19,46.69,0,0.9956,0.057175327092409134,1.5,0.9420289855072463,0.9378840579710145,bird-mixit
spbduc,xc:803917,xc_803917,3,2.08,3.22,0,0.9969,0.0015875480603426695,1.14,0.9393939393939394,0.9364818181818182,bird-mixit
spbduc,xc:581286,xc_581286,15,10.56,10.92,2,0.9362,0.06620859354734421,0.36,1.0,0.9362,bird-mixit
spbduc,xc:266818,xc_266818,4,3.65,3.72,2,0.9997,0.25372326374053955,0.07,0.9333333333333333,0.9330533333333334,bird-mixit
spbduc,xc:858062,xc_858062,10,6.83,7.11,0,0.9319,0.11452963948249817,0.28,1.0,0.9319,bird-mixit
spbduc,xc:21569,xc_21569,0,0.02,0.07,2,0.9998,0.14581423997879028,0.05,0.9230769230769231,0.9228923076923078,bird-mixit
spbduc,xc:920581,xc_920581,19,13.11,13.16,2,0.985,0.06791476160287857,0.05,0.9272727272727272,0.9133636363636364,bird-mixit
spbduc,xc:266815,xc_266815,11,5.61,5.87,0,0.9258,0.028760410845279694,0.26,0.98,0.907284,bird-mixit
spbduc,xc:842810,xc_842810,12,4.86,5.33,0,0.9969,0.010670316405594349,0.47,0.9090909090909091,0.9062727272727272,bird-mixit
spbduc,xc:266813,xc_266813,14,6.99,7.45,0,0.9219,0.02698437310755253,0.46,0.9772727272727273,0.9009477272727273,bird-mixit
spbduc,xc:803917,xc_803917,1,0.34,0.77,0,0.9834,0.0014626425690948963,0.43,0.9090909090909091,0.894,bird-mixit
spbduc,xc:266813,xc_266813,8,4.01,4.12,3,0.935,0.02515009231865406,0.11,0.9545454545454546,0.8925000000000001,bird-mixit
spbduc,xc:858061,xc_858061,3,24.02,25.77,0,0.89,0.1074540913105011,1.75,1.0,0.89,bird-mixit
spbduc,xc:266815,xc_266815,17,9.18,9.6,0,0.8896,0.03323598951101303,0.42,1.0,0.8896,bird-mixit
spbduc,xc:266815,xc_266815,9,5.04,5.3,0,0.9448,0.02734161540865898,0.26,0.94,0.8881119999999999,bird-mixit
spbduc,xc:920581,xc_920581,46,28.44,28.5,2,0.9892,0.0650145635008812,0.06,0.8909090909090909,0.8812872727272727,bird-mixit
spbduc,xc:266815,xc_266815,22,12.03,12.35,0,0.917,0.027577856555581093,0.32,0.96,0.88032,bird-mixit
spbduc,xc:992583,xc_992583,108,56.53,56.95,3,0.8974,0.0016101999208331108,0.42,0.9753086419753086,0.875241975308642,bird-mixit
spbduc,xc:266813,xc_266813,13,6.7,6.92,3,0.9351,0.02435328997671604,0.22,0.9318181818181818,0.8713431818181818,bird-mixit
spbduc,xc:266814,xc_266814,2,2.1,2.62,3,0.9618,0.037328772246837616,0.52,0.9,0.8656200000000001,bird-mixit
spbduc,xc:266818,xc_266818,16,9.23,9.41,2,0.9968,0.07735636085271835,0.18,0.8666666666666667,0.8638933333333334,bird-mixit
spbduc,xc:842810,xc_842810,17,8.28,8.73,0,0.9966,0.009376040659844875,0.45,0.8636363636363636,0.8607,bird-mixit
spbduc,xc:992583,xc_992583,177,94.79,94.91,3,0.8872,0.001608524122275412,0.12,0.9691358024691358,0.8598172839506173,bird-mixit
spbduc,xc:835962,xc_835962,4,13.27,20.61,2,0.9307,0.026813281700015068,7.34,0.9230769230769231,0.8591076923076923,bird-mixit
spbduc,xc:858060,xc_858060,15,62.21,70.21,0,0.8588,0.14877235889434814,8.0,1.0,0.8588,bird-mixit
spbduc,xc:920581,xc_920581,12,7.53,7.59,2,0.9829,0.06452693045139313,0.06,0.8727272727272727,0.8578036363636363,bird-mixit
spbduc,xc:992583,xc_992583,92,45.57,45.84,3,0.8998,0.0015498973662033677,0.27,0.9506172839506173,0.8553654320987655,bird-mixit
spbduc,xc:581286,xc_581286,16,11.17,11.23,2,0.9634,0.03137357905507088,0.06,0.8823529411764706,0.8500588235294118,bird-mixit
spbduc,xc:266815,xc_266815,18,9.92,10.34,0,0.9191,0.02623487450182438,0.42,0.92,0.8455720000000001,bird-mixit
spbduc,xc:992583,xc_992583,126,68.35,68.56,3,0.8585,0.0018218811601400375,0.21,0.9814814814814815,0.8426018518518519,bird-mixit
spbduc,xc:266813,xc_266813,11,5.81,5.94,3,0.9262,0.024022094905376434,0.13,0.9090909090909091,0.842,bird-mixit
spbduc,xc:858061,xc_858061,1,8.02,16.02,2,0.9552,0.062269631773233414,8.0,0.88,0.8405760000000001,bird-mixit
spbduc,xc:858062,xc_858062,11,7.37,8.35,0,0.8717,0.07801976799964905,0.98,0.9583333333333334,0.8353791666666667,bird-mixit
spbduc,xc:858062,xc_858062,22,15.0,15.06,2,0.9936,0.033283133059740067,0.06,0.8333333333333334,0.8280000000000001,bird-mixit
spbduc,xc:803917,xc_803917,17,10.14,11.02,3,0.9164,0.0010656407102942467,0.88,0.8787878787878788,0.8053212121212121,bird-mixit
spbduc,xc:266818,xc_266818,7,5.65,5.9,2,0.9901,0.06020994484424591,0.25,0.8,0.79208,bird-mixit
spbduc,xc:858062,xc_858062,21,14.63,14.8,2,0.9959,0.02879505418241024,0.17,0.7916666666666666,0.7884208333333333,bird-mixit
spbduc,xc:858061,xc_858061,23,62.48,70.48,2,0.9765,0.059761423617601395,8.0,0.8,0.7812000000000001,bird-mixit
spbduc,xc:835962,xc_835962,1,8.02,10.83,2,0.9219,0.02588491514325142,2.81,0.8461538461538461,0.7800692307692308,bird-mixit
spbduc,xc:581286,xc_581286,10,7.36,7.9,2,0.8269,0.04576762393116951,0.54,0.9411764705882353,0.7782588235294117,bird-mixit
spbduc,xc:842810,xc_842810,15,6.56,7.88,0,0.9485,0.008846194483339787,1.32,0.8181818181818182,0.7760454545454546,bird-mixit
tufduc,xc:488129,xc_488129,0,0.51,1.51,0,0.9996,0.08607429265975952,1.0,1.0,0.9996,bird-mixit
tufduc,xc:796658,xc_796658,24,15.93,16.23,0,0.9987,0.08759518712759018,0.3,1.0,0.9987,bird-mixit
tufduc,xc:587228,xc_587228,41,33.86,34.24,0,0.9982,0.05929185822606087,0.38,1.0,0.9982,bird-mixit
tufduc,xc:992786,xc_992786,36,29.97,30.39,0,0.9954,0.14195366203784943,0.42,1.0,0.9954,bird-mixit
tufduc,xc:810555,xc_810555,11,6.22,6.58,3,0.9941,0.039101969450712204,0.36,1.0,0.9941,bird-mixit
tufduc,xc:243766,xc_243766,3,6.47,7.42,2,0.9888,0.017819978296756744,0.95,1.0,0.9888,bird-mixit
tufduc,xc:487847,xc_487847,9,6.94,7.29,3,0.9925,0.01349356397986412,0.35,0.9957081545064378,0.9882403433476395,bird-mixit
tufduc,xc:996042,xc_996042,4,2.16,2.23,2,0.9871,0.01972167007625103,0.07,1.0,0.9871,bird-mixit
tufduc,xc:992786,xc_992786,38,33.27,33.7,0,0.9923,0.1292622983455658,0.43,0.9906542056074766,0.983026168224299,bird-mixit
tufduc,xc:488130,xc_488130,0,1.01,2.11,0,0.9816,0.0771622508764267,1.1,1.0,0.9816,bird-mixit
tufduc,xc:417298,xc_417298,7,6.19,6.8,0,0.9753,0.06709027290344238,0.61,1.0,0.9753,bird-mixit
tufduc,xc:992786,xc_992786,34,28.71,29.21,0,0.9927,0.12455279380083084,0.5,0.9813084112149533,0.9741448598130842,bird-mixit
tufduc,xc:487847,xc_487847,8,3.85,6.86,3,0.9866,0.011552532203495502,3.01,0.9871244635193133,0.9738969957081545,bird-mixit
tufduc,xc:632557,xc_632557,22,10.25,10.78,2,0.9852,0.02947155199944973,0.53,0.984251968503937,0.9696850393700788,bird-mixit
tufduc,xc:530275,xc_530275,19,30.62,31.82,0,0.9676,0.06096472591161728,1.2,1.0,0.9676,bird-mixit
tufduc,xc:992786,xc_992786,52,45.04,45.43,0,0.9925,0.12033533304929733,0.39,0.9719626168224299,0.9646728971962617,bird-mixit
tufduc,xc:810555,xc_810555,16,9.65,9.95,3,0.9946,0.037434302270412445,0.3,0.9696969696969697,0.9644606060606061,bird-mixit
tufduc,xc:706888,xc_706888,8,38.89,39.48,3,0.9638,0.049213849008083344,0.59,1.0,0.9638,bird-mixit
tufduc,xc:796658,xc_796658,22,14.7,15.0,0,0.9988,0.0639864131808281,0.3,0.9642857142857143,0.9631285714285714,bird-mixit
tufduc,xc:538154,xc_538154,10,15.5,16.68,0,0.9612,0.04428514465689659,1.18,1.0,0.9612,bird-mixit
tufduc,xc:487847,xc_487847,110,54.43,58.4,2,0.9655,0.012065039947628975,3.97,0.9914163090128756,0.9572124463519314,bird-mixit
tufduc,xc:587228,xc_587228,33,29.74,30.72,0,0.9767,0.033091749995946884,0.98,0.98,0.957166,bird-mixit
tufduc,xc:632557,xc_632557,95,38.66,38.91,2,0.9786,0.028871925547719002,0.25,0.9763779527559056,0.9554834645669292,bird-mixit
tufduc,xc:992786,xc_992786,21,17.75,18.15,0,0.9923,0.11699945479631424,0.4,0.9626168224299065,0.9552046728971962,bird-mixit
tufduc,xc:487847,xc_487847,7,2.72,3.69,3,0.971,0.010218958370387554,0.97,0.9828326180257511,0.9543304721030043,bird-mixit
tufduc,xc:632557,xc_632557,54,22.12,22.64,2,0.9838,0.02745555341243744,0.52,0.968503937007874,0.9528141732283464,bird-mixit
tufduc,xc:487847,xc_487847,12,9.44,9.72,3,0.9933,0.0062488894909620285,0.28,0.9570815450643777,0.9506690987124463,bird-mixit
tufduc,xc:587228,xc_587228,42,34.32,34.81,0,0.9865,0.027503760531544685,0.49,0.96,0.94704,bird-mixit
tufduc,xc:792843,xc_792843,10,5.84,6.16,3,0.946,0.02327330783009529,0.32,1.0,0.946,bird-mixit
tufduc,xc:632557,xc_632557,76,29.82,30.07,2,0.9502,0.03388383984565735,0.25,0.9921259842519685,0.9427181102362205,bird-mixit
tufduc,xc:632557,xc_632557,15,7.14,7.31,2,0.9914,0.026161469519138336,0.17,0.9448818897637795,0.936755905511811,bird-mixit
tufduc,xc:810555,xc_810555,21,14.91,15.11,3,0.994,0.0372047945857048,0.2,0.9393939393939394,0.9337575757575758,bird-mixit
tufduc,xc:796658,xc_796658,23,15.35,15.62,0,0.9971,0.05647386610507965,0.27,0.9285714285714286,0.9258785714285714,bird-mixit
tufduc,xc:587228,xc_587228,40,33.34,33.7,0,0.9844,0.026751013472676277,0.36,0.94,0.925336,bird-mixit
tufduc,xc:587228,xc_587228,0,0.08,4.6,0,0.9698,0.025386089459061623,4.52,0.92,0.892216,bird-mixit
tufduc,xc:796658,xc_796658,20,13.48,13.78,0,0.9973,0.04985795542597771,0.3,0.8928571428571429,0.8904464285714286,bird-mixit
tufduc,xc:996042,xc_996042,15,8.56,8.62,2,0.9631,0.018751177936792374,0.06,0.9047619047619048,0.8713761904761904,bird-mixit
tufduc,xc:792843,xc_792843,6,4.32,4.86,3,0.8985,0.02130233123898506,0.54,0.9629629629629629,0.8652222222222221,bird-mixit
tufduc,xc:810555,xc_810555,13,7.28,8.06,3,0.9785,0.03068539686501026,0.78,0.8787878787878788,0.8598939393939394,bird-mixit
tufduc,xc:810555,xc_810555,23,15.92,16.57,1,0.9438,0.030874034389853477,0.65,0.9090909090909091,0.858,bird-mixit
tufduc,xc:530275,xc_530275,16,27.92,28.0,2,0.993,0.018889170140028,0.08,0.8636363636363636,0.8575909090909091,bird-mixit
tufduc,xc:792843,xc_792843,18,10.67,11.15,0,0.9127,0.0205074492841959,0.48,0.9259259259259259,0.8450925925925925,bird-mixit
tufduc,xc:996042,xc_996042,5,3.04,3.13,2,0.9849,0.018037360161542892,0.09,0.8571428571428571,0.8442,bird-mixit
tufduc,xc:796658,xc_796658,25,16.56,16.88,0,0.9781,0.048534270375967026,0.32,0.8571428571428571,0.8383714285714285,bird-mixit
tufduc,xc:538154,xc_538154,2,2.7,3.16,2,0.9119,0.010733574628829956,0.46,0.9166666666666666,0.8359083333333334,bird-mixit
tufduc,xc:76445,xc_76445,3,1.21,8.45,0,0.8316,0.05913596972823143,7.24,1.0,0.8316,bird-mixit
tufduc,xc:706888,xc_706888,2,8.78,9.72,0,0.9237,0.02678837813436985,0.94,0.9,0.83133,bird-mixit
tufduc,xc:538154,xc_538154,0,0.02,1.58,2,0.9701,0.010587926022708416,1.56,0.8333333333333334,0.8084166666666667,bird-mixit
tufduc,xc:530275,xc_530275,14,26.82,26.99,2,0.9844,0.01840750128030777,0.17,0.8181818181818182,0.8054181818181819,bird-mixit
tufduc,xc:417298,xc_417298,0,0.66,2.67,0,0.9437,0.03654620423913002,2.01,0.85,0.802145,bird-mixit
tufduc,xc:792843,xc_792843,26,15.99,16.7,0,0.8922,0.016336984932422638,0.71,0.8888888888888888,0.7930666666666666,bird-mixit
tufduc,xc:243766,xc_243766,4,7.49,9.47,2,0.9903,0.016510434448719025,1.98,0.8,0.79224,bird-mixit
tufduc,xc:468384,xc_468384,5,14.97,15.75,2,0.7872,0.008013945072889328,0.78,1.0,0.7872,bird-mixit
tufduc,xc:763788,xc_763788,1,2.12,4.53,0,0.7845,0.03188676759600639,2.41,1.0,0.7845,bird-mixit
tufduc,xc:530275,xc_530275,11,24.68,24.85,2,0.9919,0.018318841233849525,0.17,0.7727272727272727,0.7664681818181818,bird-mixit
tufduc,xc:530275,xc_530275,13,25.19,26.76,0,0.7997,0.03357340022921562,1.57,0.9545454545454546,0.76335,bird-mixit
tufduc,xc:792843,xc_792843,11,6.44,6.72,3,0.8951,0.015647031366825104,0.28,0.8518518518518519,0.7624925925925926,bird-mixit
tufduc,xc:996042,xc_996042,8,4.26,4.42,2,0.9851,0.01734543964266777,0.16,0.7619047619047619,0.7505523809523809,bird-mixit
vartit1,xc:998735,xc_998735,25,38.36,38.43,2,1.0,0.3344830572605133,0.07,1.0,1.0,bird-mixit
vartit1,xc:49797,xc_49797,19,16.44,17.5,0,0.9999,0.16513478755950928,1.06,1.0,0.9999,bird-mixit
vartit1,xc:641399,xc_641399,33,36.83,37.75,1,0.9997,0.03591796010732651,0.92,1.0,0.9997,bird-mixit
vartit1,xc:843770,xc_843770,20,21.41,22.22,0,0.999,0.08893004059791565,0.81,1.0,0.999,bird-mixit
vartit1,xc:202775,xc_202775,20,23.61,24.5,1,0.999,0.10283883661031723,0.89,1.0,0.999,bird-mixit
vartit1,xc:578821,xc_578821,8,5.4,7.46,0,0.9982,0.09679442644119263,2.06,1.0,0.9982,bird-mixit
vartit1,xc:175791,xc_175791,11,19.42,21.65,0,0.9976,0.11582081764936447,2.23,1.0,0.9976,bird-mixit
vartit1,xc:332820,xc_332820,0,0.02,0.58,0,0.996,0.17692792415618896,0.56,1.0,0.996,bird-mixit
vartit1,xc:882175,xc_882175,3,3.96,5.7,0,0.9949,0.0627392828464508,1.74,1.0,0.9949,bird-mixit
vartit1,xc:890241,xc_890241,12,16.43,16.64,0,0.9909,0.09372776746749878,0.21,1.0,0.9909,bird-mixit
vartit1,xc:790852,xc_790852,6,2.67,4.91,0,0.9852,0.04803333431482315,2.24,1.0,0.9852,bird-mixit
vartit1,xc:641399,xc_641399,30,34.2,35.11,1,0.9998,0.0340227410197258,0.91,0.9833333333333333,0.9831366666666667,bird-mixit
vartit1,xc:882175,xc_882175,47,57.15,57.6,3,0.9941,0.05921286344528198,0.45,0.9885057471264368,0.9826735632183908,bird-mixit
vartit1,xc:194395,xc_194395,21,21.23,21.34,2,0.9816,0.06117125600576401,0.11,1.0,0.9816,bird-mixit
vartit1,xc:856671,xc_856671,58,29.15,29.31,1,0.9928,0.044704414904117584,0.16,0.9883720930232558,0.9812558139534884,bird-mixit
vartit1,xc:49797,xc_49797,34,24.69,26.52,0,0.9999,0.13106149435043335,1.83,0.975609756097561,0.9755121951219512,bird-mixit
vartit1,xc:998735,xc_998735,6,5.33,5.4,2,1.0,0.23240865767002106,0.07,0.9743589743589743,0.9743589743589743,bird-mixit
vartit1,xc:856671,xc_856671,94,47.99,48.53,0,0.9742,0.05153769254684448,0.54,1.0,0.9742,bird-mixit
vartit1,xc:882175,xc_882175,19,20.05,22.51,0,0.9959,0.05755280330777168,2.46,0.9770114942528736,0.9730057471264368,bird-mixit
vartit1,xc:856683,xc_856683,17,11.67,12.92,1,0.9705,0.042285483330488205,1.25,1.0,0.9705,bird-mixit
vartit1,xc:724706,xc_724706,39,22.04,23.97,0,0.97,0.00974386278539896,1.93,1.0,0.97,bird-mixit
vartit1,xc:414992,xc_414992,91,67.4,69.61,1,0.9676,0.048881322145462036,2.21,1.0,0.9676,bird-mixit
vartit1,xc:641399,xc_641399,19,24.1,25.07,1,0.9997,0.03284800797700882,0.97,0.9666666666666667,0.9663766666666667,bird-mixit
vartit1,xc:332820,xc_332820,15,16.93,18.64,0,0.9981,0.15438516438007355,1.71,0.9655172413793104,0.9636827586206896,bird-mixit
vartit1,xc:414992,xc_414992,17,9.96,12.14,1,0.9755,0.04717094823718071,2.18,0.9876543209876543,0.9634567901234568,bird-mixit
vartit1,xc:724706,xc_724706,13,5.35,5.89,1,0.9881,0.007440979592502117,0.54,0.9736842105263158,0.9620973684210526,bird-mixit
vartit1,xc:882175,xc_882175,26,34.94,36.55,0,0.9955,0.05614934489130974,1.61,0.9655172413793104,0.9611724137931036,bird-mixit
vartit1,xc:856671,xc_856671,10,7.0,7.55,1,0.9829,0.03350553661584854,0.55,0.9767441860465116,0.9600418604651162,bird-mixit
vartit1,xc:202775,xc_202775,17,17.28,17.67,1,0.9984,0.07812940329313278,0.39,0.9615384615384616,0.96,bird-mixit
vartit1,xc:578821,xc_578821,24,23.45,24.93,0,0.9982,0.09544515609741211,1.48,0.9615384615384616,0.9598076923076924,bird-mixit
vartit1,xc:856683,xc_856683,14,9.5,10.29,1,0.9837,0.030316771939396858,0.79,0.975,0.9591075,bird-mixit
vartit1,xc:843770,xc_843770,24,25.22,26.68,0,0.9928,0.08580499142408371,1.46,0.9629629629629629,0.9560296296296296,bird-mixit
vartit1,xc:49797,xc_49797,42,34.84,37.01,0,0.9996,0.12773004174232483,2.17,0.9512195121951219,0.9508390243902439,bird-mixit
vartit1,xc:641399,xc_641399,38,40.57,41.68,1,0.9993,0.030190305784344673,1.11,0.95,0.9493349999999999,bird-mixit
vartit1,xc:414992,xc_414992,22,13.62,14.36,1,0.9984,0.03408431634306908,0.74,0.9506172839506173,0.9490962962962962,bird-mixit
vartit1,xc:998735,xc_998735,10,6.56,6.63,2,1.0,0.22686146199703217,0.07,0.9487179487179487,0.9487179487179487,bird-mixit
vartit1,xc:882175,xc_882175,106,144.44,144.93,0,0.9941,0.05172925814986229,0.49,0.9540229885057471,0.9483942528735632,bird-mixit
vartit1,xc:414992,xc_414992,35,23.72,24.25,1,0.9977,0.031080376356840134,0.53,0.9382716049382716,0.9361135802469136,bird-mixit
vartit1,xc:856671,xc_856671,96,49.39,49.87,0,0.9693,0.03340110927820206,0.48,0.9651162790697675,0.9354872093023257,bird-mixit
vartit1,xc:856671,xc_856671,15,9.84,10.83,1,0.9794,0.0277238879352808,0.99,0.9534883720930233,0.9338465116279071,bird-mixit
vartit1,xc:332820,xc_332820,12,10.02,14.64,0,0.9984,0.1412045806646347,4.62,0.9310344827586207,0.9295448275862068,bird-mixit
vartit1,xc:175791,xc_175791,6,13.98,15.85,0,0.9853,0.051599208265542984,1.87,0.9411764705882353,0.9273411764705882,bird-mixit
vartit1,xc:49797,xc_49797,2,3.28,5.0,0,0.9999,0.1029825285077095,1.72,0.926829268292683,0.9267365853658537,bird-mixit
vartit1,xc:194395,xc_194395,22,21.55,21.69,2,0.9628,0.03267180919647217,0.14,0.96,0.924288,bird-mixit
vartit1,xc:998735,xc_998735,9,6.31,6.44,2,1.0,0.2167125791311264,0.13,0.9230769230769231,0.9230769230769231,bird-mixit
vartit1,xc:843770,xc_843770,18,18.68,18.91,0,0.996,0.06569249927997589,0.23,0.9259259259259259,0.9222222222222223,bird-mixit
vartit1,xc:890241,xc_890241,15,18.95,19.0,2,0.9965,0.05966871231794357,0.05,0.9230769230769231,0.919846153846154,bird-mixit
vartit1,xc:578821,xc_578821,14,10.45,12.69,0,0.9957,0.09371238946914673,2.24,0.9230769230769231,0.9191076923076924,bird-mixit
vartit1,xc:641399,xc_641399,26,30.8,31.7,1,0.9994,0.029384508728981018,0.9,0.9166666666666666,0.9161166666666666,bird-mixit
vartit1,xc:414992,xc_414992,83,59.5,61.54,1,0.9371,0.04385381564497948,2.04,0.9753086419753086,0.9139617283950617,bird-mixit
vartit1,xc:856683,xc_856683,4,3.51,3.78,1,0.9608,0.02012995444238186,0.27,0.95,0.9127599999999999,bird-mixit
vartit1,xc:841031,xc_841031,3,8.83,8.88,2,0.9114,0.05005393177270889,0.05,1.0,0.9114,bird-mixit
vartit1,xc:49797,xc_49797,1,1.16,3.06,0,0.9999,0.09328322857618332,1.9,0.9024390243902439,0.9023487804878049,bird-mixit
vartit1,xc:998735,xc_998735,11,7.05,7.15,2,1.0,0.2154317945241928,0.1,0.8974358974358975,0.8974358974358975,bird-mixit
vartit1,xc:332820,xc_332820,22,32.95,36.37,0,0.9976,0.1405644565820694,3.42,0.896551724137931,0.8944000000000001,bird-mixit
vartit1,xc:202775,xc_202775,25,27.19,27.46,3,0.9987,0.06824281811714172,0.27,0.8846153846153846,0.8834653846153846,bird-mixit
vartit1,xc:578821,xc_578821,18,16.29,18.53,0,0.9976,0.08387462049722672,2.24,0.8846153846153846,0.8824923076923077,bird-mixit
vartit1,xc:856683,xc_856683,9,5.85,6.69,0,0.9505,0.016239630058407784,0.84,0.925,0.8792125000000001,bird-mixit
vartit1,xc:843770,xc_843770,13,12.85,14.06,0,0.985,0.06519325822591782,1.21,0.8888888888888888,0.8755555555555555,bird-mixit
vartit1,xc:841029,xc_841029,4,5.64,7.63,0,0.958,0.019763540476560593,1.99,0.9090909090909091,0.8709090909090909,bird-mixit
vartit1,xc:332820,xc_332820,17,21.52,27.66,0,0.9971,0.13872140645980835,6.14,0.8620689655172413,0.8595689655172413,bird-mixit
vartit1,xc:194395,xc_194395,23,21.76,22.43,2,0.9227,0.03195660188794136,0.67,0.92,0.848884,bird-mixit
vartit1,xc:175791,xc_175791,12,21.79,29.79,0,0.9615,0.05028128623962402,8.0,0.8823529411764706,0.8483823529411765,bird-mixit
vartit1,xc:578821,xc_578821,2,0.94,2.45,0,0.9935,0.05252208560705185,1.51,0.8461538461538461,0.8406538461538462,bird-mixit
vartit1,xc:202775,xc_202775,1,0.91,1.48,1,0.9069,0.06906253844499588,0.57,0.9230769230769231,0.8371384615384616,bird-mixit
vartit1,xc:843770,xc_843770,16,15.18,16.76,0,0.9658,0.05653224512934685,1.58,0.8518518518518519,0.8227185185185185,bird-mixit
vartit1,xc:871190,xc_871190,80,86.91,87.1,2,0.95,0.003612890373915434,0.19,0.8488372093023255,0.8063953488372092,bird-mixit
vartit1,xc:202775,xc_202775,27,28.01,28.28,3,0.9951,0.052585288882255554,0.27,0.8076923076923077,0.8037346153846154,bird-mixit
vartit1,xc:856683,xc_856683,25,19.23,19.52,2,0.9695,0.005743146874010563,0.29,0.825,0.7998375,bird-mixit
vartit1,xc:841029,xc_841029,11,10.11,11.18,2,0.7976,0.026833420619368553,1.07,1.0,0.7976,bird-mixit
vartit1,xc:724706,xc_724706,7,2.47,3.36,3,0.8654,0.004771245177835226,0.89,0.9210526315789473,0.797078947368421,bird-mixit
vartit1,xc:871190,xc_871190,58,66.47,66.59,2,0.9502,0.003563918638974428,0.12,0.8372093023255814,0.7955162790697675,bird-mixit
vartit1,xc:841029,xc_841029,0,0.77,3.07,0,0.971,0.019205264747142792,2.3,0.8181818181818182,0.7944545454545455,bird-mixit
vartit1,xc:890241,xc_890241,8,13.12,13.65,1,0.9255,0.02518189512193203,0.53,0.8461538461538461,0.7831153846153845,bird-mixit
vartit1,xc:871190,xc_871190,38,47.57,47.69,2,0.9517,0.0032372851856052876,0.12,0.813953488372093,0.774639534883721,bird-mixit
warwhe1,xc:219961,xc_219961,38,29.9,30.26,2,0.9998,0.03595949336886406,0.36,1.0,0.9998,bird-mixit
warwhe1,xc:192982,xc_192982,99,65.71,66.41,2,0.9993,0.01446602027863264,0.7,1.0,0.9993,bird-mixit
warwhe1,xc:69778,xc_69778,0,0.02,0.85,0,0.9975,0.07162559777498245,0.83,1.0,0.9975,bird-mixit
warwhe1,xc:617434,xc_617434,9,7.0,7.16,0,0.9964,0.15186408162117004,0.16,1.0,0.9964,bird-mixit
warwhe1,xc:806913,xc_806913,279,263.93,267.44,0,0.9942,0.01835501939058304,3.51,1.0,0.9942,bird-mixit
warwhe1,xc:617434,xc_617434,5,3.05,3.44,0,0.9975,0.14898055791854858,0.39,0.9941176470588236,0.9916323529411766,bird-mixit
warwhe1,xc:806913,xc_806913,186,165.39,168.45,0,0.9929,0.01728982664644718,3.06,0.9978070175438597,0.9907225877192983,bird-mixit
warwhe1,xc:69777,xc_69777,7,4.77,7.13,0,0.9885,0.03048679791390896,2.36,1.0,0.9885,bird-mixit
warwhe1,xc:806913,xc_806913,258,236.45,240.19,0,0.9971,0.01634896546602249,3.74,0.9912280701754386,0.9883535087719297,bird-mixit
warwhe1,xc:806913,xc_806913,228,203.96,207.74,0,0.9917,0.016988256946206093,3.78,0.9956140350877193,0.9873504385964912,bird-mixit
warwhe1,xc:806913,xc_806913,262,242.61,245.24,0,0.9935,0.016893498599529266,2.63,0.993421052631579,0.9869638157894738,bird-mixit
warwhe1,xc:287972,xc_287972,5,3.09,3.5,0,0.9853,0.1709977388381958,0.41,1.0,0.9853,bird-mixit
warwhe1,xc:617434,xc_617434,109,109.41,109.78,0,0.9964,0.14386673271656036,0.37,0.9882352941176471,0.9846776470588235,bird-mixit
warwhe1,xc:69778,xc_69778,12,11.78,12.57,0,0.9974,0.06448103487491608,0.79,0.987012987012987,0.9844467532467532,bird-mixit
warwhe1,xc:617434,xc_617434,162,162.65,162.84,0,0.9967,0.1399402916431427,0.19,0.9823529411764705,0.9791111764705882,bird-mixit
warwhe1,xc:285915,xc_285915,15,10.34,11.64,1,0.9945,0.018554482609033585,1.3,0.9827586206896551,0.9773534482758621,bird-mixit
warwhe1,xc:192982,xc_192982,102,67.11,67.26,2,0.9992,0.013773583807051182,0.15,0.978021978021978,0.9772395604395604,bird-mixit
warwhe1,xc:617441,xc_617441,3,1.59,1.76,1,0.9743,0.10673625022172928,0.17,1.0,0.9743,bird-mixit
warwhe1,xc:911225,xc_911225,12,51.23,55.68,1,0.9737,0.008515496738255024,4.45,1.0,0.9737,bird-mixit
warwhe1,xc:911176,xc_911176,294,530.14,531.72,0,0.972,0.009000883437693119,1.58,1.0,0.972,bird-mixit
warwhe1,xc:219961,xc_219961,35,28.88,29.16,2,0.9985,0.031168408691883087,0.28,0.9733333333333334,0.9718733333333335,bird-mixit
warwhe1,xc:69778,xc_69778,61,66.79,67.55,0,0.9935,0.0593617744743824,0.76,0.974025974025974,0.9676948051948052,bird-mixit
warwhe1,xc:617434,xc_617434,27,27.86,29.08,0,0.9927,0.13312067091464996,1.22,0.9705882352941176,0.9635029411764706,bird-mixit
warwhe1,xc:155881,xc_155881,60,43.38,43.55,0,0.9632,0.08724385499954224,0.17,1.0,0.9632,bird-mixit
warwhe1,xc:192982,xc_192982,96,63.05,64.59,2,0.9738,0.014284145087003708,1.54,0.989010989010989,0.9630989010989012,bird-mixit
warwhe1,xc:192982,xc_192982,93,61.95,62.1,2,0.9954,0.012806602753698826,0.15,0.967032967032967,0.9625846153846154,bird-mixit
warwhe1,xc:823077,xc_823077,1,8.09,9.79,0,0.9607,0.08938688784837723,1.7,1.0,0.9607,bird-mixit
warwhe1,xc:79215,xc_79215,10,9.56,9.91,0,0.9597,0.11898533999919891,0.35,1.0,0.9597,bird-mixit
warwhe1,xc:155881,xc_155881,63,44.57,50.37,0,0.9693,0.08568296581506729,5.8,0.989247311827957,0.9588774193548387,bird-mixit
warwhe1,xc:287972,xc_287972,63,58.43,58.8,1,0.9789,0.16194632649421692,0.37,0.9782608695652174,0.9576195652173913,bird-mixit
warwhe1,xc:155881,xc_155881,43,27.97,29.04,0,0.9773,0.08406336605548859,1.07,0.978494623655914,0.9562827956989247,bird-mixit
warwhe1,xc:164815,xc_164815,45,34.08,34.73,0,0.9551,0.02086583338677883,0.65,1.0,0.9551,bird-mixit
warwhe1,xc:219961,xc_219961,25,19.33,23.04,0,0.9946,0.024481303989887238,3.71,0.96,0.954816,bird-mixit
warwhe1,xc:911176,xc_911176,218,364.78,370.21,0,0.9788,0.006427836138755083,5.43,0.9753846153846154,0.9547064615384616,bird-mixit
warwhe1,xc:192982,xc_192982,79,50.49,50.84,2,0.9985,0.012782463803887367,0.35,0.9560439560439561,0.9546098901098902,bird-mixit
warwhe1,xc:911176,xc_911176,30,32.54,35.18,0,0.9719,0.006478610914200544,2.64,0.9784615384615385,0.9509667692307693,bird-mixit
warwhe1,xc:219961,xc_219961,36,29.46,29.51,2,0.9997,0.02300482802093029,0.05,0.9466666666666667,0.9463826666666667,bird-mixit
warwhe1,xc:155881,xc_155881,55,37.65,37.83,0,0.9847,0.08235864341259003,0.18,0.956989247311828,0.9423473118279571,bird-mixit
warwhe1,xc:69778,xc_69778,32,37.0,37.7,0,0.9905,0.055818550288677216,0.7,0.948051948051948,0.9390454545454546,bird-mixit
warwhe1,xc:285915,xc_285915,30,18.87,20.17,1,0.968,0.01765231229364872,1.3,0.9655172413793104,0.9346206896551724,bird-mixit
warwhe1,xc:155881,xc_155881,58,41.48,42.72,0,0.9644,0.0831942930817604,1.24,0.967741935483871,0.9332903225806453,bird-mixit
warwhe1,xc:219961,xc_219961,40,30.71,30.78,2,0.9997,0.022551873698830605,0.07,0.9333333333333333,0.9330533333333334,bird-mixit
warwhe1,xc:69778,xc_69778,7,5.84,7.11,0,0.9955,0.05439041927456856,1.27,0.935064935064935,0.9308571428571429,bird-mixit
warwhe1,xc:911176,xc_911176,293,522.14,530.14,0,0.9624,0.005987332668155432,8.0,0.9661538461538461,0.9298264615384616,bird-mixit
warwhe1,xc:285915,xc_285915,53,33.54,34.99,1,0.9983,0.014262193813920021,1.45,0.9310344827586207,0.929451724137931,bird-mixit
warwhe1,xc:285915,xc_285915,41,26.28,27.57,1,0.9249,0.0187666118144989,1.29,1.0,0.9249,bird-mixit
warwhe1,xc:287972,xc_287972,60,55.23,55.67,1,0.9669,0.15150348842144012,0.44,0.9565217391304348,0.9248608695652174,bird-mixit
warwhe1,xc:915201,xc_915201,14,9.84,10.2,1,0.9674,0.011051762849092484,0.36,0.9555555555555556,0.9244044444444445,bird-mixit
warwhe1,xc:911176,xc_911176,107,178.47,181.63,0,0.9678,0.004730332642793655,3.16,0.9538461538461539,0.9231323076923077,bird-mixit
warwhe1,xc:617441,xc_617441,44,29.56,29.85,1,0.9725,0.0989961102604866,0.29,0.9482758620689655,0.922198275862069,bird-mixit
warwhe1,xc:292566,xc_292566,15,11.61,13.49,0,0.967,0.05580300837755203,1.88,0.95,0.91865,bird-mixit
warwhe1,xc:194291,xc_194291,0,0.02,2.44,0,0.9151,0.10292315483093262,2.42,1.0,0.9151,bird-mixit
warwhe1,xc:287972,xc_287972,4,2.85,3.03,0,0.9873,0.13788025081157684,0.18,0.9239130434782609,0.9121793478260869,bird-mixit
warwhe1,xc:285915,xc_285915,28,17.34,17.55,0,0.9972,0.013164296746253967,0.21,0.9137931034482759,0.9112344827586207,bird-mixit
warwhe1,xc:164815,xc_164815,10,7.62,8.39,0,0.9307,0.01829848438501358,0.77,0.9782608695652174,0.9104673913043478,bird-mixit
warwhe1,xc:617441,xc_617441,46,30.64,30.86,1,0.9777,0.09618861228227615,0.22,0.9310344827586207,0.9102724137931034,bird-mixit
warwhe1,xc:287972,xc_287972,53,48.12,48.46,0,0.958,0.1465601921081543,0.34,0.9456521739130435,0.9059347826086956,bird-mixit
warwhe1,xc:79215,xc_79215,11,9.97,10.15,0,0.9476,0.10743048787117004,0.18,0.9523809523809523,0.9024761904761904,bird-mixit
warwhe1,xc:194291,xc_194291,19,13.86,14.23,1,0.9372,0.06737054139375687,0.37,0.96,0.899712,bird-mixit
warwhe1,xc:617441,xc_617441,38,24.85,25.06,1,0.9795,0.08438064903020859,0.21,0.9137931034482759,0.8950603448275863,bird-mixit
warwhe1,xc:164815,xc_164815,46,34.8,34.94,0,0.9556,0.017520958557724953,0.14,0.9347826086956522,0.8932782608695653,bird-mixit
whcsta1,xc:840780,xc_840780,92,51.18,51.51,0,1.0,0.03189212083816528,0.33,1.0,1.0,bird-mixit
whcsta1,xc:333014,xc_333014,8,5.15,5.46,0,0.9999,0.06550652533769608,0.31,1.0,0.9999,bird-mixit
whcsta1,xc:392765,xc_392765,8,12.77,13.57,0,0.9999,0.0940440222620964,0.8,1.0,0.9999,bird-mixit
whcsta1,xc:574136,xc_574136,11,8.14,8.42,0,0.9998,0.03270300477743149,0.28,1.0,0.9998,bird-mixit
whcsta1,xc:712165,xc_712165,3,2.73,3.55,0,0.9988,0.035726018249988556,0.82,1.0,0.9988,bird-mixit
whcsta1,xc:915153,xc_915153,21,13.92,14.38,0,0.9982,0.041749246418476105,0.46,1.0,0.9982,bird-mixit
whcsta1,xc:1027907,xc_1027907,7,9.76,10.32,0,0.9957,0.04723162204027176,0.56,1.0,0.9957,bird-mixit
whcsta1,xc:790703,xc_790703,69,39.38,39.66,0,0.9941,0.010031883604824543,0.28,0.9959349593495935,0.9900589430894309,bird-mixit
whcsta1,xc:840780,xc_840780,89,49.0,49.53,0,0.9999,0.020888181403279305,0.53,0.989010989010989,0.988912087912088,bird-mixit
whcsta1,xc:790703,xc_790703,183,102.36,102.65,3,0.997,0.008954313583672047,0.29,0.9878048780487805,0.9848414634146342,bird-mixit
whcsta1,xc:333014,xc_333014,45,25.9,26.21,0,0.9998,0.047127507627010345,0.31,0.9830508474576272,0.9828542372881357,bird-mixit
whcsta1,xc:882612,xc_882612,102,54.13,56.03,1,0.9818,0.049056388437747955,1.9,1.0,0.9818,bird-mixit
whcsta1,xc:809875,xc_809875,154,97.27,97.35,1,0.99,0.0387728177011013,0.08,0.9914163090128756,0.9815021459227469,bird-mixit
whcsta1,xc:790703,xc_790703,115,62.87,63.53,3,0.9881,0.00990212056785822,0.66,0.991869918699187,0.9800666666666666,bird-mixit
whcsta1,xc:146051,xc_146051,24,9.34,9.56,0,0.9793,0.09304867684841156,0.22,1.0,0.9793,bird-mixit
whcsta1,xc:840780,xc_840780,73,40.64,41.11,0,0.9999,0.015552181750535965,0.47,0.978021978021978,0.9779241758241758,bird-mixit
whcsta1,xc:790703,xc_790703,67,38.37,38.67,3,0.9993,0.007654300890862942,0.3,0.9715447154471545,0.9708646341463414,bird-mixit
whcsta1,xc:840780,xc_840780,70,38.49,39.39,0,0.9996,0.01537438202649355,0.9,0.967032967032967,0.9666461538461539,bird-mixit
whcsta1,xc:333014,xc_333014,36,21.15,21.46,0,0.9999,0.04588695243000984,0.31,0.9661016949152542,0.9660050847457627,bird-mixit
whcsta1,xc:790703,xc_790703,121,66.11,66.46,0,0.9896,0.007765242829918861,0.35,0.975609756097561,0.9654634146341463,bird-mixit
whcsta1,xc:882612,xc_882612,105,58.17,59.07,1,0.9666,0.041547369211912155,0.9,0.9904761904761905,0.9573942857142858,bird-mixit
whcsta1,xc:113529,xc_113529,11,10.95,11.42,0,0.9908,0.05113450065255165,0.47,0.9655172413793104,0.9566344827586207,bird-mixit
whcsta1,xc:840780,xc_840780,83,45.75,46.0,0,1.0,0.015315322205424309,0.25,0.9560439560439561,0.9560439560439561,bird-mixit
whcsta1,xc:1027907,xc_1027907,3,4.23,4.98,0,0.9982,0.043126996606588364,0.75,0.9565217391304348,0.9548,bird-mixit
whcsta1,xc:915153,xc_915153,16,11.97,12.27,0,0.9996,0.030628005042672157,0.3,0.9523809523809523,0.952,bird-mixit
whcsta1,xc:333014,xc_333014,43,23.97,24.32,0,0.9997,0.03790203109383583,0.35,0.9491525423728814,0.9488677966101695,bird-mixit
whcsta1,xc:809875,xc_809875,8,3.64,3.77,1,0.9604,0.03835931792855263,0.13,0.9871244635193133,0.9480343347639485,bird-mixit
whcsta1,xc:392765,xc_392765,10,16.23,17.15,0,0.9999,0.062228381633758545,0.92,0.9473684210526315,0.9472736842105263,bird-mixit
whcsta1,xc:146051,xc_146051,33,16.78,17.33,3,0.9575,0.0604037269949913,0.55,0.9844961240310077,0.9426550387596899,bird-mixit
whcsta1,xc:574136,xc_574136,3,2.18,4.68,0,0.9792,0.028631102293729782,2.5,0.9615384615384616,0.9415384615384615,bird-mixit
whcsta1,xc:267611,xc_267611,2,3.02,3.35,0,0.9396,0.07532703131437302,0.33,1.0,0.9396,bird-mixit
whcsta1,xc:146051,xc_146051,32,14.94,15.83,3,0.9466,0.07347050309181213,0.89,0.9922480620155039,0.939262015503876,bird-mixit
whcsta1,xc:809875,xc_809875,56,28.41,28.62,1,0.9835,0.03357790410518646,0.21,0.9527896995708155,0.937068669527897,bird-mixit
whcsta1,xc:809875,xc_809875,146,92.52,92.66,1,0.9362,0.04379438981413841,0.14,1.0,0.9362,bird-mixit
whcsta1,xc:809875,xc_809875,51,24.78,24.98,1,0.9531,0.035937875509262085,0.2,0.9785407725321889,0.9326472103004292,bird-mixit
whcsta1,xc:824056,xc_824056,7,4.86,5.3,0,0.9974,0.004301907494664192,0.44,0.9333333333333333,0.9309066666666667,bird-mixit
whcsta1,xc:333014,xc_333014,0,0.91,1.24,0,0.9984,0.03099074214696884,0.33,0.9322033898305084,0.9307118644067796,bird-mixit
whcsta1,xc:574136,xc_574136,6,5.75,6.12,0,0.9997,0.021017909049987793,0.37,0.9230769230769231,0.9228000000000001,bird-mixit
whcsta1,xc:858065,xc_858065,0,0.02,0.32,2,0.9932,0.0354197658598423,0.3,0.9285714285714286,0.9222571428571429,bird-mixit
whcsta1,xc:113529,xc_113529,14,14.04,14.51,0,0.9861,0.049814265221357346,0.47,0.9310344827586207,0.9180931034482758,bird-mixit
whcsta1,xc:146051,xc_146051,41,21.51,21.99,0,0.9391,0.06014665961265564,0.48,0.9767441860465116,0.9172604651162791,bird-mixit
whcsta1,xc:824056,xc_824056,8,5.71,6.74,0,0.9126,0.005169968120753765,1.03,1.0,0.9126,bird-mixit
whcsta1,xc:882612,xc_882612,15,10.42,10.48,1,0.9261,0.022318264469504356,0.06,0.9809523809523809,0.90846,bird-mixit
whcsta1,xc:915153,xc_915153,18,12.75,13.2,0,0.9975,0.0259664598852396,0.45,0.9047619047619048,0.9025000000000001,bird-mixit
whcsta1,xc:920580,xc_920580,11,6.0,6.3,0,0.897,0.1427423506975174,0.3,1.0,0.897,bird-mixit
whcsta1,xc:392765,xc_392765,5,8.2,10.46,0,0.9964,0.06119987368583679,2.26,0.8947368421052632,0.8915157894736842,bird-mixit
whcsta1,xc:146051,xc_146051,27,12.58,13.08,3,0.9349,0.04719291254878044,0.5,0.9534883720930233,0.8914162790697674,bird-mixit
whcsta1,xc:113529,xc_113529,19,17.79,19.29,0,0.8874,0.05328361690044403,1.5,1.0,0.8874,bird-mixit
whcsta1,xc:574136,xc_574136,4,4.73,5.1,0,0.999,0.018900711089372635,0.37,0.8846153846153846,0.8837307692307692,bird-mixit
whcsta1,xc:113529,xc_113529,16,15.22,16.44,0,0.9855,0.047824643552303314,1.22,0.896551724137931,0.883551724137931,bird-mixit
whcsta1,xc:1027907,xc_1027907,1,1.49,3.21,0,0.9508,0.022618932649493217,1.72,0.9130434782608695,0.8681217391304347,bird-mixit
whcsta1,xc:267611,xc_267611,12,12.83,13.16,0,0.9092,0.06255608797073364,0.33,0.9523809523809523,0.8659047619047618,bird-mixit
whcsta1,xc:882612,xc_882612,64,32.12,34.03,0,0.8773,0.019648725166916847,1.91,0.9714285714285714,0.8522342857142857,bird-mixit
whcsta1,xc:113529,xc_113529,12,11.68,13.87,0,0.9819,0.04433614760637283,2.19,0.8620689655172413,0.8464655172413793,bird-mixit
whcsta1,xc:574136,xc_574136,20,11.16,11.77,0,0.9966,0.015842748805880547,0.61,0.8461538461538461,0.8432769230769231,bird-mixit
whcsta1,xc:779382,xc_779382,5,6.64,6.77,1,0.8375,0.010383028537034988,0.13,1.0,0.8375,bird-mixit
whcsta1,xc:392765,xc_392765,2,4.18,5.5,0,0.9884,0.051065538078546524,1.32,0.8421052631578947,0.832336842105263,bird-mixit
whcsta1,xc:824056,xc_824056,10,9.7,10.74,1,0.9947,0.00265690591186285,1.04,0.8333333333333334,0.8289166666666667,bird-mixit
whcsta1,xc:810042,xc_810042,6,4.99,5.11,0,0.8251,0.017476748675107956,0.12,1.0,0.8251,bird-mixit
whcsta1,xc:824056,xc_824056,9,7.0,9.59,1,0.9063,0.0041466765105724335,2.59,0.9,0.81567,bird-mixit
whcsta1,xc:820836,xc_820836,5,3.16,3.3,2,0.9717,0.002465982921421528,0.14,0.8333333333333334,0.8097500000000001,bird-mixit
whcsta1,xc:915153,xc_915153,14,10.46,10.68,0,0.9992,0.019973598420619965,0.22,0.8095238095238095,0.8088761904761904,bird-mixit
whcsta1,xc:1027907,xc_1027907,8,10.47,10.76,1,0.928,0.022019580006599426,0.29,0.8695652173913043,0.8069565217391305,bird-mixit
whcsta1,xc:824056,xc_824056,11,10.79,11.66,1,0.993,0.0019174925982952118,0.87,0.8,0.7944,bird-mixit
whcsta1,xc:915153,xc_915153,7,4.35,4.74,0,0.9238,0.02165313810110092,0.39,0.8571428571428571,0.7918285714285713,bird-mixit
whiwag,xc:332116,xc_332116,3,3.98,4.31,0,1.0,0.06429027765989304,0.33,1.0,1.0,bird-mixit
whiwag,xc:212874,xc_212874,13,7.72,8.08,0,0.9999,0.01983567513525486,0.36,1.0,0.9999,bird-mixit
whiwag,xc:487300,xc_487300,15,7.18,7.42,0,0.9999,0.13346655666828156,0.24,1.0,0.9999,bird-mixit
whiwag,xc:879928,xc_879928,29,32.16,32.58,0,0.9996,0.06361629068851471,0.42,1.0,0.9996,bird-mixit
whiwag,xc:479290,xc_479290,3,2.59,2.77,0,0.9992,0.10910099744796753,0.18,1.0,0.9992,bird-mixit
whiwag,xc:187183,xc_187183,16,13.0,13.41,0,0.9991,0.20829196274280548,0.41,1.0,0.9991,bird-mixit
whiwag,xc:731463,xc_731463,2,0.45,1.44,0,0.9991,0.0349649041891098,0.99,1.0,0.9991,bird-mixit
whiwag,xc:67298,xc_67298,90,32.82,33.08,1,0.9974,0.23320071399211884,0.26,1.0,0.9974,bird-mixit
whiwag,xc:297867,xc_297867,39,30.0,30.14,2,0.9969,0.04788210988044739,0.14,1.0,0.9969,bird-mixit
whiwag,xc:617835,xc_617835,1,0.56,1.39,0,0.9966,0.062062960118055344,0.83,1.0,0.9966,bird-mixit
whiwag,xc:552985,xc_552985,4,2.59,2.85,2,0.9961,0.25539112091064453,0.26,1.0,0.9961,bird-mixit
whiwag,xc:759533,xc_759533,3,2.65,3.02,0,0.9919,0.0060890233144164085,0.37,1.0,0.9919,bird-mixit
whiwag,xc:63088,xc_63088,1,0.67,0.79,0,0.9917,0.07000706344842911,0.12,1.0,0.9917,bird-mixit
whiwag,xc:728228,xc_728228,36,24.79,25.76,1,0.998,0.10881973803043365,0.97,0.9920634920634921,0.9900793650793651,bird-mixit
whiwag,xc:201954,xc_201954,6,2.93,3.48,0,0.9886,0.10171525180339813,0.55,1.0,0.9886,bird-mixit
whiwag,xc:297867,xc_297867,40,30.45,30.59,2,0.9961,0.04525700584053993,0.14,0.9906542056074766,0.9867906542056074,bird-mixit
whiwag,xc:297867,xc_297867,69,41.61,41.7,2,0.9993,0.04464893415570259,0.09,0.9813084112149533,0.9806214953271027,bird-mixit
whiwag,xc:728228,xc_728228,6,9.33,14.28,1,0.991,0.07828766852617264,4.95,0.9841269841269841,0.9752698412698412,bird-mixit
whiwag,xc:728228,xc_728228,5,1.33,9.33,1,0.9738,0.11437559127807617,8.0,1.0,0.9738,bird-mixit
whiwag,xc:297867,xc_297867,47,33.29,33.43,2,0.9994,0.04405290633440018,0.14,0.9719626168224299,0.9713794392523364,bird-mixit
whiwag,xc:67298,xc_67298,49,18.39,18.6,1,0.9898,0.1812906116247177,0.21,0.9790209790209791,0.9690349650349651,bird-mixit
whiwag,xc:861059,xc_861059,86,97.41,97.81,1,0.9731,0.03245461732149124,0.4,0.9950248756218906,0.9682587064676617,bird-mixit
whiwag,xc:212874,xc_212874,21,15.51,15.69,1,0.9999,0.01637195236980915,0.18,0.9629629629629629,0.9628666666666666,bird-mixit
whiwag,xc:879928,xc_879928,28,31.51,31.85,0,0.9996,0.052669085562229156,0.34,0.9629629629629629,0.9625777777777778,bird-mixit
whiwag,xc:728228,xc_728228,15,17.67,17.94,0,0.9939,0.036845289170742035,0.27,0.9682539682539683,0.962347619047619,bird-mixit
whiwag,xc:187183,xc_187183,17,13.73,15.85,0,0.9966,0.0777902826666832,2.12,0.9642857142857143,0.961007142857143,bird-mixit
whiwag,xc:297867,xc_297867,52,34.84,35.19,2,0.9983,0.043377965688705444,0.35,0.9626168224299065,0.9609803738317757,bird-mixit
whiwag,xc:201954,xc_201954,9,7.14,7.46,0,0.9997,0.08417679369449615,0.32,0.9565217391304348,0.9562347826086958,bird-mixit
whiwag,xc:731463,xc_731463,9,4.03,4.57,0,0.9977,0.02922412008047104,0.54,0.9583333333333334,0.9561291666666667,bird-mixit
whiwag,xc:861059,xc_861059,4,4.13,12.13,0,0.9655,0.031694892793893814,8.0,0.9900497512437811,0.9558930348258707,bird-mixit
whiwag,xc:731463,xc_731463,48,28.95,35.41,0,0.9749,0.03203558549284935,6.46,0.9791666666666666,0.9545895833333333,bird-mixit
whiwag,xc:487300,xc_487300,5,2.64,2.85,0,0.9998,0.04914846271276474,0.21,0.9523809523809523,0.9521904761904761,bird-mixit
whiwag,xc:728228,xc_728228,17,18.48,18.59,1,0.9922,0.021046482026576996,0.11,0.9523809523809523,0.9449523809523809,bird-mixit
whiwag,xc:332116,xc_332116,2,2.77,3.1,0,1.0,0.05906188115477562,0.33,0.9444444444444444,0.9444444444444444,bird-mixit
whiwag,xc:861059,xc_861059,3,1.9,4.08,0,0.9414,0.03668665513396263,2.18,1.0,0.9414,bird-mixit
whiwag,xc:665137,xc_665137,1,0.41,3.73,1,0.9376,0.025012636557221413,3.32,1.0,0.9376,bird-mixit
whiwag,xc:67298,xc_67298,155,56.48,56.77,1,0.9742,0.1561933010816574,0.29,0.958041958041958,0.9333244755244755,bird-mixit
whiwag,xc:67298,xc_67298,88,31.9,32.1,1,0.9601,0.1783437728881836,0.2,0.972027972027972,0.9332440559440558,bird-mixit
whiwag,xc:67298,xc_67298,83,29.15,29.37,1,0.9355,0.23171919584274292,0.22,0.993006993006993,0.928958041958042,bird-mixit
whiwag,xc:753781,xc_753781,1,5.37,5.71,0,0.9285,0.012127256020903587,0.34,1.0,0.9285,bird-mixit
whiwag,xc:212874,xc_212874,22,16.26,16.5,1,0.9995,0.013980438001453876,0.24,0.9259259259259259,0.925462962962963,bird-mixit
whiwag,xc:879928,xc_879928,20,23.0,23.39,0,0.9984,0.02994096837937832,0.39,0.9259259259259259,0.9244444444444444,bird-mixit
whiwag,xc:861059,xc_861059,148,134.03,134.41,1,0.9458,0.0222309697419405,0.38,0.9701492537313433,0.9175671641791044,bird-mixit
whiwag,xc:731463,xc_731463,5,2.65,2.91,1,0.9985,0.01829751767218113,0.26,0.9166666666666666,0.9152916666666667,bird-mixit
whiwag,xc:861059,xc_861059,6,20.13,28.13,0,0.9352,0.024477805942296982,8.0,0.9751243781094527,0.9119363184079602,bird-mixit
whiwag,xc:458681,xc_458681,71,88.8,89.75,1,0.911,0.013944179750978947,0.95,1.0,0.911,bird-mixit
whiwag,xc:201954,xc_201954,8,5.19,6.8,0,0.995,0.06720348447561264,1.61,0.9130434782608695,0.9084782608695652,bird-mixit
whiwag,xc:665137,xc_665137,7,6.59,6.94,1,0.9608,0.02136365883052349,0.35,0.9411764705882353,0.9042823529411764,bird-mixit
whiwag,xc:759533,xc_759533,4,3.63,3.91,0,0.9681,0.0029757060110569,0.28,0.9333333333333333,0.90356,bird-mixit
whiwag,xc:487300,xc_487300,17,8.27,8.58,0,0.9977,0.04638372361660004,0.31,0.9047619047619048,0.9026809523809524,bird-mixit
whiwag,xc:731463,xc_731463,31,18.26,18.81,1,0.9969,0.016690272837877274,0.55,0.8958333333333334,0.89305625,bird-mixit
whiwag,xc:617835,xc_617835,9,6.43,6.92,0,0.9897,0.04291008040308952,0.49,0.9,0.89073,bird-mixit
whiwag,xc:332116,xc_332116,8,11.33,11.66,0,1.0,0.04566673934459686,0.33,0.8888888888888888,0.8888888888888888,bird-mixit
whiwag,xc:944139,xc_944139,52,50.71,52.62,3,0.8886,0.013076103292405605,1.91,1.0,0.8886,bird-mixit
whiwag,xc:212874,xc_212874,27,22.81,23.16,1,0.9994,0.00988863781094551,0.35,0.8888888888888888,0.8883555555555555,bird-mixit
whiwag,xc:879928,xc_879928,4,8.24,8.54,0,0.9946,0.023190192878246307,0.3,0.8888888888888888,0.8840888888888889,bird-mixit
whiwag,xc:552985,xc_552985,6,4.22,4.34,2,0.9989,0.2549520432949066,0.12,0.875,0.8740375,bird-mixit
whiwag,xc:187183,xc_187183,7,4.06,4.64,1,0.9394,0.01451190561056137,0.58,0.9285714285714286,0.8723000000000001,bird-mixit
whiwag,xc:665137,xc_665137,10,7.55,7.82,3,0.9842,0.01801273413002491,0.27,0.8823529411764706,0.8684117647058823,bird-mixit
whiwag,xc:458681,xc_458681,82,108.29,109.17,1,0.8766,0.012978273443877697,0.88,0.9901960784313726,0.8680058823529413,bird-mixit
whiwag,xc:187183,xc_187183,2,0.94,1.31,1,0.9697,0.014161348342895508,0.37,0.8928571428571429,0.8658035714285715,bird-mixit
whiwag,xc:201954,xc_201954,4,1.93,2.57,0,0.9945,0.06192319095134735,0.64,0.8695652173913043,0.8647826086956522,bird-mixit
whiwag,xc:479290,xc_479290,5,4.14,4.4,0,0.9983,0.052776601165533066,0.26,0.8571428571428571,0.8556857142857142,bird-mixit
whiwag,xc:487300,xc_487300,12,5.2,6.41,0,0.9957,0.04501612111926079,1.21,0.8571428571428571,0.8534571428571428,bird-mixit
whiwag,xc:212874,xc_212874,19,13.66,14.36,1,0.9994,0.008601419627666473,0.7,0.8518518518518519,0.8513407407407407,bird-mixit
whiwag,xc:879928,xc_879928,25,28.52,28.86,0,0.9974,0.021591998636722565,0.34,0.8518518518518519,0.849637037037037,bird-mixit
whiwag,xc:187183,xc_187183,9,6.65,6.93,1,0.9866,0.013542672619223595,0.28,0.8571428571428571,0.8456571428571429,bird-mixit
whiwag,xc:944139,xc_944139,51,50.05,50.66,3,0.8647,0.011544158682227135,0.61,0.9761904761904762,0.8441119047619048,bird-mixit
whiwag,xc:458681,xc_458681,50,59.56,60.36,1,0.8578,0.012541154399514198,0.8,0.9803921568627451,0.8409803921568627,bird-mixit
whiwag,xc:332116,xc_332116,1,1.71,2.01,0,1.0,0.03911867365241051,0.3,0.8333333333333334,0.8333333333333334,bird-mixit
whiwag,xc:759533,xc_759533,8,4.85,5.31,0,0.9436,0.0022833726834505796,0.46,0.8666666666666667,0.8177866666666667,bird-mixit
whiwag,xc:63088,xc_63088,2,2.2,2.37,0,0.9131,0.024166828021407127,0.17,0.8888888888888888,0.8116444444444444,bird-mixit
whiwag,xc:201954,xc_201954,12,8.18,8.96,0,0.9823,0.03728937357664108,0.78,0.8260869565217391,0.8114652173913043,bird-mixit
whiwag,xc:458681,xc_458681,6,5.87,7.0,1,0.8339,0.011955924332141876,1.13,0.9705882352941176,0.8093735294117647,bird-mixit
whiwag,xc:487300,xc_487300,1,0.23,0.4,0,0.9974,0.024216031655669212,0.17,0.8095238095238095,0.8074190476190476,bird-mixit
zitcis1,xc:1027807,xc_1027807,45,25.72,25.96,0,0.9993,0.045926839113235474,0.24,1.0,0.9993,bird-mixit
zitcis1,xc:753226,xc_753226,103,39.87,39.97,1,0.999,0.08713725954294205,0.1,1.0,0.999,bird-mixit
zitcis1,xc:906062,xc_906062,4,1.27,1.48,0,0.9988,0.010583546943962574,0.21,1.0,0.9988,bird-mixit
zitcis1,xc:476911,xc_476911,86,49.15,49.39,0,0.9986,0.15453214943408966,0.24,1.0,0.9986,bird-mixit
zitcis1,xc:301756,xc_301756,5,3.68,3.93,1,0.9986,0.026430288329720497,0.25,1.0,0.9986,bird-mixit
zitcis1,xc:828633,xc_828633,32,17.27,17.6,0,0.9983,0.07269899547100067,0.33,1.0,0.9983,bird-mixit
zitcis1,xc:337541,xc_337541,38,17.0,17.13,0,0.9972,0.06765182316303253,0.13,1.0,0.9972,bird-mixit
zitcis1,xc:963907,xc_963907,15,17.39,20.81,0,0.9967,0.04248886555433273,3.42,1.0,0.9967,bird-mixit
zitcis1,xc:378257,xc_378257,1,8.04,8.39,1,0.9964,0.052243832498788834,0.35,1.0,0.9964,bird-mixit
zitcis1,xc:644123,xc_644123,55,28.95,29.23,1,0.9955,0.08745291084051132,0.28,1.0,0.9955,bird-mixit
zitcis1,xc:753226,xc_753226,99,38.41,38.52,1,0.9991,0.08549308031797409,0.11,0.9932885906040269,0.9923946308724833,bird-mixit
zitcis1,xc:734272,xc_734272,1,1.17,1.31,0,0.9923,0.08228518068790436,0.14,1.0,0.9923,bird-mixit
zitcis1,xc:359154,xc_359154,3,4.22,4.62,0,0.9913,0.020172743126749992,0.4,1.0,0.9913,bird-mixit
zitcis1,xc:337541,xc_337541,69,32.74,32.9,0,0.9993,0.06356415152549744,0.16,0.9906542056074766,0.9899607476635514,bird-mixit
zitcis1,xc:474374,xc_474374,8,5.42,5.54,0,0.9879,0.16552558541297913,0.12,1.0,0.9879,bird-mixit
zitcis1,xc:753226,xc_753226,102,39.39,39.51,1,0.9982,0.08156712353229523,0.12,0.9865771812080537,0.9848013422818792,bird-mixit
zitcis1,xc:828633,xc_828633,43,22.35,22.61,0,0.9977,0.07153318077325821,0.26,0.9846153846153847,0.9823507692307694,bird-mixit
zitcis1,xc:776863,xc_776863,1,0.24,0.42,0,0.9819,0.023026324808597565,0.18,1.0,0.9819,bird-mixit
zitcis1,xc:301756,xc_301756,4,2.86,3.16,1,0.9981,0.02365190163254738,0.3,0.9818181818181818,0.9799527272727273,bird-mixit
zitcis1,xc:337541,xc_337541,59,27.9,28.06,0,0.9986,0.06087382510304451,0.16,0.9813084112149533,0.9799345794392523,bird-mixit
zitcis1,xc:476911,xc_476911,27,18.13,18.36,0,0.9967,0.10148146748542786,0.23,0.9811320754716981,0.9778943396226415,bird-mixit
zitcis1,xc:753226,xc_753226,110,42.44,42.54,1,0.9978,0.07234331965446472,0.1,0.9798657718120806,0.977710067114094,bird-mixit
zitcis1,xc:1027807,xc_1027807,44,24.79,25.02,0,0.9988,0.036092910915613174,0.23,0.9772727272727273,0.9761000000000001,bird-mixit
zitcis1,xc:644123,xc_644123,64,31.43,31.71,1,0.9919,0.07915487140417099,0.28,0.9838709677419355,0.9759016129032259,bird-mixit
zitcis1,xc:753226,xc_753226,33,11.51,11.64,0,0.9971,0.07233715057373047,0.13,0.9731543624161074,0.9703322147651007,bird-mixit
zitcis1,xc:337541,xc_337541,88,41.07,41.23,0,0.9979,0.05261405557394028,0.16,0.9719626168224299,0.9699214953271028,bird-mixit
zitcis1,xc:476911,xc_476911,28,18.9,19.2,0,0.9967,0.09142117202281952,0.3,0.9716981132075472,0.9684915094339623,bird-mixit
zitcis1,xc:828633,xc_828633,36,19.37,19.67,0,0.9988,0.06463336944580078,0.3,0.9692307692307692,0.9680676923076923,bird-mixit
zitcis1,xc:1011812,xc_1011812,4,4.5,7.51,1,0.962,0.04541926831007004,3.01,1.0,0.962,bird-mixit
zitcis1,xc:301756,xc_301756,6,4.44,4.87,1,0.9976,0.02074146457016468,0.43,0.9636363636363636,0.9613236363636364,bird-mixit
zitcis1,xc:644123,xc_644123,48,25.77,26.13,1,0.9929,0.07735390961170197,0.36,0.967741935483871,0.9608709677419355,bird-mixit
zitcis1,xc:337541,xc_337541,62,30.35,30.54,0,0.9981,0.05060715228319168,0.19,0.9626168224299065,0.9607878504672897,bird-mixit
zitcis1,xc:906062,xc_906062,6,1.78,1.92,0,0.9974,0.006296561565250158,0.14,0.9615384615384616,0.9590384615384615,bird-mixit
zitcis1,xc:476911,xc_476911,84,48.45,48.85,0,0.9965,0.09102394431829453,0.4,0.9622641509433962,0.9588962264150944,bird-mixit
zitcis1,xc:1027807,xc_1027807,46,26.66,26.95,0,0.9983,0.03098919987678528,0.29,0.9545454545454546,0.9529227272727273,bird-mixit
zitcis1,xc:828633,xc_828633,38,20.04,20.38,0,0.9969,0.06401344388723373,0.34,0.9538461538461539,0.9508892307692308,bird-mixit
zitcis1,xc:776863,xc_776863,15,4.77,5.36,3,0.9883,0.018504593521356583,0.59,0.9583333333333334,0.9471208333333333,bird-mixit
zitcis1,xc:644123,xc_644123,58,29.59,30.0,1,0.9908,0.074908547103405,0.41,0.9516129032258065,0.9428580645161291,bird-mixit
zitcis1,xc:301756,xc_301756,53,35.07,35.24,1,0.996,0.019122755154967308,0.17,0.9454545454545454,0.9416727272727272,bird-mixit
zitcis1,xc:963907,xc_963907,14,16.57,17.34,0,0.9885,0.02074645459651947,0.77,0.95,0.939075,bird-mixit
zitcis1,xc:476911,xc_476911,29,19.6,19.88,0,0.9949,0.0790305957198143,0.28,0.9433962264150944,0.9385849056603773,bird-mixit
zitcis1,xc:828633,xc_828633,39,20.83,21.23,0,0.9983,0.06173190474510193,0.4,0.9384615384615385,0.9368661538461538,bird-mixit
zitcis1,xc:1011812,xc_1011812,7,10.48,10.75,1,0.976,0.042703185230493546,0.27,0.9565217391304348,0.9335652173913044,bird-mixit
zitcis1,xc:359154,xc_359154,6,5.8,6.16,0,0.991,0.01842595264315605,0.36,0.9375,0.9290625,bird-mixit
zitcis1,xc:617351,xc_617351,1,8.02,13.13,1,0.9275,0.005686844699084759,5.11,1.0,0.9275,bird-mixit
zitcis1,xc:644123,xc_644123,50,27.37,27.64,1,0.9906,0.07121218740940094,0.27,0.9354838709677419,0.9266903225806451,bird-mixit
zitcis1,xc:906062,xc_906062,15,6.01,6.28,0,0.9948,0.0054895211942493916,0.27,0.9230769230769231,0.9182769230769231,bird-mixit
zitcis1,xc:301756,xc_301756,43,30.11,30.31,1,0.9955,0.017045125365257263,0.2,0.9090909090909091,0.905,bird-mixit
zitcis1,xc:1027807,xc_1027807,36,20.65,20.85,0,0.9955,0.016869384795427322,0.2,0.9090909090909091,0.905,bird-mixit
zitcis1,xc:734272,xc_734272,8,5.89,6.0,0,0.9836,0.05795946344733238,0.11,0.9166666666666666,0.9016333333333333,bird-mixit
zitcis1,xc:1011812,xc_1011812,6,8.72,10.37,1,0.9801,0.04108154773712158,1.65,0.9130434782608695,0.8948739130434782,bird-mixit
zitcis1,xc:474374,xc_474374,9,6.27,6.39,0,0.9812,0.13256795704364777,0.12,0.9090909090909091,0.8919999999999999,bird-mixit
zitcis1,xc:776863,xc_776863,10,3.48,3.61,1,0.9657,0.0161843653768301,0.13,0.9166666666666666,0.8852249999999999,bird-mixit
zitcis1,xc:1027807,xc_1027807,42,23.91,24.32,0,0.9497,0.029574356973171234,0.41,0.9318181818181818,0.8849477272727272,bird-mixit
zitcis1,xc:906062,xc_906062,8,2.39,2.53,0,0.9723,0.004126746207475662,0.14,0.8846153846153846,0.8601115384615384,bird-mixit
zitcis1,xc:776863,xc_776863,0,0.02,0.09,1,0.9826,0.014508585445582867,0.07,0.875,0.8597750000000001,bird-mixit
zitcis1,xc:1060751,xc_1060751,0,3.84,3.9,0,0.8588,0.010142507031559944,0.06,1.0,0.8588,bird-mixit
zitcis1,xc:963907,xc_963907,12,15.62,16.25,0,0.9947,0.014554415829479694,0.63,0.85,0.845495,bird-mixit
zitcis1,xc:359154,xc_359154,2,2.76,3.77,0,0.9647,0.012510410510003567,1.01,0.875,0.8441125,bird-mixit
zitcis1,xc:906062,xc_906062,13,4.23,5.68,0,0.9838,0.0037102208007127047,1.45,0.8461538461538461,0.8324461538461538,bird-mixit
zitcis1,xc:734272,xc_734272,5,3.41,3.55,0,0.9773,0.04990183562040329,0.14,0.8333333333333334,0.8144166666666667,bird-mixit
zitcis1,xc:474374,xc_474374,6,4.6,4.71,0,0.982,0.12951454520225525,0.11,0.8181818181818182,0.8034545454545455,bird-mixit
zitcis1,xc:793914,xc_793914,3,0.92,1.05,0,0.8,0.0061254557222127914,0.13,1.0,0.8,bird-mixit
zitcis1,xc:1011812,xc_1011812,5,7.58,8.57,1,0.9576,0.027782414108514786,0.99,0.8260869565217391,0.7910608695652174,bird-mixit
zitcis1,xc:963907,xc_963907,7,10.54,10.98,0,0.9723,0.014203235507011414,0.44,0.8,0.7778400000000001,bird-mixit
zitcis1,xc:1011812,xc_1011812,15,16.43,18.94,1,0.8852,0.030064763501286507,2.51,0.8695652173913043,0.7697391304347826,bird-mixit
