recording_id,ebird_species_code,method,n_segments,total_duration_sec,mean_segment_sec,visualization_path
xc:464622,azwmag2,1,191,36.891,0.193,/home/okamoto/NAS/nasbi/ToriNET/segments/test_samples_results_v2/azwmag2/xc_464622_comparison.png
xc:464622,azwmag2,2,318,44.805,0.141,/home/okamoto/NAS/nasbi/ToriNET/segments/test_samples_results_v2/azwmag2/xc_464622_comparison.png
xc:464622,azwmag2,3,109,100.179,0.919,/home/okamoto/NAS/nasbi/ToriNET/segments/test_samples_results_v2/azwmag2/xc_464622_comparison.png
xc:464622,azwmag2,6,201,56.469,0.281,/home/okamoto/NAS/nasbi/ToriNET/segments/test_samples_results_v2/azwmag2/xc_464622_comparison.png
xc:464622,azwmag2,8,162,63.76,0.394,/home/okamoto/NAS/nasbi/ToriNET/segments/test_samples_results_v2/azwmag2/xc_464622_comparison.png
xc:464622,azwmag2,12,24,3.003,0.125,/home/okamoto/NAS/nasbi/ToriNET/segments/test_samples_results_v2/azwmag2/xc_464622_comparison.png
xc:464622,azwmag2,14,4,1.461,0.365,/home/okamoto/NAS/nasbi/ToriNET/segments/test_samples_results_v2/azwmag2/xc_464622_comparison.png
xc:194379,azwmag2,1,11,2.932,0.267,/home/okamoto/NAS/nasbi/ToriNET/segments/test_samples_results_v2/azwmag2/xc_194379_comparison.png
xc:194379,azwmag2,2,10,1.741,0.174,/home/okamoto/NAS/nasbi/ToriNET/segments/test_samples_results_v2/azwmag2/xc_194379_comparison.png
xc:194379,azwmag2,3,11,8.226,0.748,/home/okamoto/NAS/nasbi/ToriNET/segments/test_samples_results_v2/azwmag2/xc_194379_comparison.png
xc:194379,azwmag2,6,12,4.719,0.393,/home/okamoto/NAS/nasbi/ToriNET/segments/test_samples_results_v2/azwmag2/xc_194379_comparison.png
xc:194379,azwmag2,8,6,5.544,0.924,/home/okamoto/NAS/nasbi/ToriNET/segments/test_samples_results_v2/azwmag2/xc_194379_comparison.png
xc:194379,azwmag2,12,0,0.0,0.0,/home/okamoto/NAS/nasbi/ToriNET/segments/test_samples_results_v2/azwmag2/xc_194379_comparison.png
xc:194379,azwmag2,14,0,0.0,0.0,/home/okamoto/NAS/nasbi/ToriNET/segments/test_samples_results_v2/azwmag2/xc_194379_comparison.png
xc:790248,azwmag2,1,25,4.931,0.197,/home/okamoto/NAS/nasbi/ToriNET/segments/test_samples_results_v2/azwmag2/xc_790248_comparison.png
xc:790248,azwmag2,2,21,5.124,0.244,/home/okamoto/NAS/nasbi/ToriNET/segments/test_samples_results_v2/azwmag2/xc_790248_comparison.png
xc:790248,azwmag2,3,3,16.416,5.472,/home/okamoto/NAS/nasbi/ToriNET/segments/test_samples_results_v2/azwmag2/xc_790248_comparison.png
xc:790248,azwmag2,6,24,5.845,0.244,/home/okamoto/NAS/nasbi/ToriNET/segments/test_samples_results_v2/azwmag2/xc_790248_comparison.png
xc:790248,azwmag2,8,17,5.477,0.322,/home/okamoto/NAS/nasbi/ToriNET/segments/test_samples_results_v2/azwmag2/xc_790248_comparison.png
xc:790248,azwmag2,12,8,3.968,0.496,/home/okamoto/NAS/nasbi/ToriNET/segments/test_samples_results_v2/azwmag2/xc_790248_comparison.png
xc:790248,azwmag2,14,0,0.0,0.0,/home/okamoto/NAS/nasbi/ToriNET/segments/test_samples_results_v2/azwmag2/xc_790248_comparison.png
xc:716117,azwmag2,1,53,8.059,0.152,/home/okamoto/NAS/nasbi/ToriNET/segments/test_samples_results_v2/azwmag2/xc_716117_comparison.png
xc:716117,azwmag2,2,84,9.405,0.112,/home/okamoto/NAS/nasbi/ToriNET/segments/test_samples_results_v2/azwmag2/xc_716117_comparison.png
xc:716117,azwmag2,3,62,64.589,1.042,/home/okamoto/NAS/nasbi/ToriNET/segments/test_samples_results_v2/azwmag2/xc_716117_comparison.png
xc:716117,azwmag2,6,71,10.256,0.144,/home/okamoto/NAS/nasbi/ToriNET/segments/test_samples_results_v2/azwmag2/xc_716117_comparison.png
xc:716117,azwmag2,8,60,10.619,0.177,/home/okamoto/NAS/nasbi/ToriNET/segments/test_samples_results_v2/azwmag2/xc_716117_comparison.png
xc:716117,azwmag2,12,44,6.725,0.153,/home/okamoto/NAS/nasbi/ToriNET/segments/test_samples_results_v2/azwmag2/xc_716117_comparison.png
xc:716117,azwmag2,14,14,5.493,0.392,/home/okamoto/NAS/nasbi/ToriNET/segments/test_samples_results_v2/azwmag2/xc_716117_comparison.png
xc:720180,azwmag2,1,11,4.795,0.436,/home/okamoto/NAS/nasbi/ToriNET/segments/test_samples_results_v2/azwmag2/xc_720180_comparison.png
xc:720180,azwmag2,2,27,4.619,0.171,/home/okamoto/NAS/nasbi/ToriNET/segments/test_samples_results_v2/azwmag2/xc_720180_comparison.png
xc:720180,azwmag2,3,12,14.061,1.172,/home/okamoto/NAS/nasbi/ToriNET/segments/test_samples_results_v2/azwmag2/xc_720180_comparison.png
xc:720180,azwmag2,6,24,8.4,0.35,/home/okamoto/NAS/nasbi/ToriNET/segments/test_samples_results_v2/azwmag2/xc_720180_comparison.png
xc:720180,azwmag2,8,11,5.072,0.461,/home/okamoto/NAS/nasbi/ToriNET/segments/test_samples_results_v2/azwmag2/xc_720180_comparison.png
xc:720180,azwmag2,12,5,0.613,0.123,/home/okamoto/NAS/nasbi/ToriNET/segments/test_samples_results_v2/azwmag2/xc_720180_comparison.png
xc:720180,azwmag2,14,2,0.181,0.091,/home/okamoto/NAS/nasbi/ToriNET/segments/test_samples_results_v2/azwmag2/xc_720180_comparison.png
xc:578054,barswa,1,18,8.245,0.458,/home/okamoto/NAS/nasbi/ToriNET/segments/test_samples_results_v2/barswa/xc_578054_comparison.png
xc:578054,barswa,2,24,4.483,0.187,/home/okamoto/NAS/nasbi/ToriNET/segments/test_samples_results_v2/barswa/xc_578054_comparison.png
xc:578054,barswa,3,22,13.451,0.611,/home/okamoto/NAS/nasbi/ToriNET/segments/test_samples_results_v2/barswa/xc_578054_comparison.png
xc:578054,barswa,6,15,9.995,0.666,/home/okamoto/NAS/nasbi/ToriNET/segments/test_samples_results_v2/barswa/xc_578054_comparison.png
xc:578054,barswa,8,11,7.136,0.649,/home/okamoto/NAS/nasbi/ToriNET/segments/test_samples_results_v2/barswa/xc_578054_comparison.png
xc:578054,barswa,12,0,0.0,0.0,/home/okamoto/NAS/nasbi/ToriNET/segments/test_samples_results_v2/barswa/xc_578054_comparison.png
xc:578054,barswa,14,0,0.0,0.0,/home/okamoto/NAS/nasbi/ToriNET/segments/test_samples_results_v2/barswa/xc_578054_comparison.png
xc:747403,barswa,1,62,6.976,0.113,/home/okamoto/NAS/nasbi/ToriNET/segments/test_samples_results_v2/barswa/xc_747403_comparison.png
xc:747403,barswa,2,76,6.904,0.091,/home/okamoto/NAS/nasbi/ToriNET/segments/test_samples_results_v2/barswa/xc_747403_comparison.png
xc:747403,barswa,3,25,32.435,1.297,/home/okamoto/NAS/nasbi/ToriNET/segments/test_samples_results_v2/barswa/xc_747403_comparison.png
xc:747403,barswa,6,71,8.395,0.118,/home/okamoto/NAS/nasbi/ToriNET/segments/test_samples_results_v2/barswa/xc_747403_comparison.png
xc:747403,barswa,8,65,16.677,0.257,/home/okamoto/NAS/nasbi/ToriNET/segments/test_samples_results_v2/barswa/xc_747403_comparison.png
xc:747403,barswa,12,14,0.965,0.069,/home/okamoto/NAS/nasbi/ToriNET/segments/test_samples_results_v2/barswa/xc_747403_comparison.png
xc:747403,barswa,14,2,0.139,0.069,/home/okamoto/NAS/nasbi/ToriNET/segments/test_samples_results_v2/barswa/xc_747403_comparison.png
xc:1042324,barswa,1,27,3.199,0.118,/home/okamoto/NAS/nasbi/ToriNET/segments/test_samples_results_v2/barswa/xc_1042324_comparison.png
xc:1042324,barswa,2,51,5.364,0.105,/home/okamoto/NAS/nasbi/ToriNET/segments/test_samples_results_v2/barswa/xc_1042324_comparison.png
xc:1042324,barswa,3,22,20.59,0.936,/home/okamoto/NAS/nasbi/ToriNET/segments/test_samples_results_v2/barswa/xc_1042324_comparison.png
xc:1042324,barswa,6,47,4.447,0.095,/home/okamoto/NAS/nasbi/ToriNET/segments/test_samples_results_v2/barswa/xc_1042324_comparison.png
xc:1042324,barswa,8,58,7.825,0.135,/home/okamoto/NAS/nasbi/ToriNET/segments/test_samples_results_v2/barswa/xc_1042324_comparison.png
xc:1042324,barswa,12,38,7.459,0.196,/home/okamoto/NAS/nasbi/ToriNET/segments/test_samples_results_v2/barswa/xc_1042324_comparison.png
xc:1042324,barswa,14,13,3.634,0.28,/home/okamoto/NAS/nasbi/ToriNET/segments/test_samples_results_v2/barswa/xc_1042324_comparison.png
xc:677842,barswa,1,67,10.17,0.152,/home/okamoto/NAS/nasbi/ToriNET/segments/test_samples_results_v2/barswa/xc_677842_comparison.png
xc:677842,barswa,2,83,10.275,0.124,/home/okamoto/NAS/nasbi/ToriNET/segments/test_samples_results_v2/barswa/xc_677842_comparison.png
xc:677842,barswa,3,23,21.403,0.931,/home/okamoto/NAS/nasbi/ToriNET/segments/test_samples_results_v2/barswa/xc_677842_comparison.png
xc:677842,barswa,6,70,10.791,0.154,/home/okamoto/NAS/nasbi/ToriNET/segments/test_samples_results_v2/barswa/xc_677842_comparison.png
xc:677842,barswa,8,61,12.992,0.213,/home/okamoto/NAS/nasbi/ToriNET/segments/test_samples_results_v2/barswa/xc_677842_comparison.png
xc:677842,barswa,12,33,4.905,0.149,/home/okamoto/NAS/nasbi/ToriNET/segments/test_samples_results_v2/barswa/xc_677842_comparison.png
xc:677842,barswa,14,1,0.116,0.116,/home/okamoto/NAS/nasbi/ToriNET/segments/test_samples_results_v2/barswa/xc_677842_comparison.png
xc:142731,barswa,1,108,35.503,0.329,/home/okamoto/NAS/nasbi/ToriNET/segments/test_samples_results_v2/barswa/xc_142731_comparison.png
xc:142731,barswa,2,92,39.361,0.428,/home/okamoto/NAS/nasbi/ToriNET/segments/test_samples_results_v2/barswa/xc_142731_comparison.png
xc:142731,barswa,3,49,40.975,0.836,/home/okamoto/NAS/nasbi/ToriNET/segments/test_samples_results_v2/barswa/xc_142731_comparison.png
xc:142731,barswa,6,59,38.266,0.649,/home/okamoto/NAS/nasbi/ToriNET/segments/test_samples_results_v2/barswa/xc_142731_comparison.png
xc:142731,barswa,8,171,24.451,0.143,/home/okamoto/NAS/nasbi/ToriNET/segments/test_samples_results_v2/barswa/xc_142731_comparison.png
xc:142731,barswa,12,26,1.788,0.069,/home/okamoto/NAS/nasbi/ToriNET/segments/test_samples_results_v2/barswa/xc_142731_comparison.png
xc:142731,barswa,14,0,0.0,0.0,/home/okamoto/NAS/nasbi/ToriNET/segments/test_samples_results_v2/barswa/xc_142731_comparison.png
ml:620881189,bkfbun2,1,18,5.393,0.3,/home/okamoto/NAS/nasbi/ToriNET/segments/test_samples_results_v2/bkfbun2/ml_620881189_comparison.png
ml:620881189,bkfbun2,2,37,7.088,0.192,/home/okamoto/NAS/nasbi/ToriNET/segments/test_samples_results_v2/bkfbun2/ml_620881189_comparison.png
ml:620881189,bkfbun2,3,37,31.176,0.843,/home/okamoto/NAS/nasbi/ToriNET/segments/test_samples_results_v2/bkfbun2/ml_620881189_comparison.png
ml:620881189,bkfbun2,6,14,7.93,0.566,/home/okamoto/NAS/nasbi/ToriNET/segments/test_samples_results_v2/bkfbun2/ml_620881189_comparison.png
ml:620881189,bkfbun2,8,50,14.373,0.287,/home/okamoto/NAS/nasbi/ToriNET/segments/test_samples_results_v2/bkfbun2/ml_620881189_comparison.png
ml:620881189,bkfbun2,12,7,7.645,1.092,/home/okamoto/NAS/nasbi/ToriNET/segments/test_samples_results_v2/bkfbun2/ml_620881189_comparison.png
ml:620881189,bkfbun2,14,7,1.695,0.242,/home/okamoto/NAS/nasbi/ToriNET/segments/test_samples_results_v2/bkfbun2/ml_620881189_comparison.png
ml:618704340,bkfbun2,1,73,15.348,0.21,/home/okamoto/NAS/nasbi/ToriNET/segments/test_samples_results_v2/bkfbun2/ml_618704340_comparison.png
ml:618704340,bkfbun2,2,80,14.878,0.186,/home/okamoto/NAS/nasbi/ToriNET/segments/test_samples_results_v2/bkfbun2/ml_618704340_comparison.png
ml:618704340,bkfbun2,3,38,27.353,0.72,/home/okamoto/NAS/nasbi/ToriNET/segments/test_samples_results_v2/bkfbun2/ml_618704340_comparison.png
ml:618704340,bkfbun2,6,61,18.779,0.308,/home/okamoto/NAS/nasbi/ToriNET/segments/test_samples_results_v2/bkfbun2/ml_618704340_comparison.png
ml:618704340,bkfbun2,8,56,18.727,0.334,/home/okamoto/NAS/nasbi/ToriNET/segments/test_samples_results_v2/bkfbun2/ml_618704340_comparison.png
ml:618704340,bkfbun2,12,38,4.458,0.117,/home/okamoto/NAS/nasbi/ToriNET/segments/test_samples_results_v2/bkfbun2/ml_618704340_comparison.png
ml:618704340,bkfbun2,14,45,11.355,0.252,/home/okamoto/NAS/nasbi/ToriNET/segments/test_samples_results_v2/bkfbun2/ml_618704340_comparison.png
ml:634320120,bkfbun2,1,44,5.952,0.135,/home/okamoto/NAS/nasbi/ToriNET/segments/test_samples_results_v2/bkfbun2/ml_634320120_comparison.png
ml:634320120,bkfbun2,2,89,16.917,0.19,/home/okamoto/NAS/nasbi/ToriNET/segments/test_samples_results_v2/bkfbun2/ml_634320120_comparison.png
ml:634320120,bkfbun2,3,45,32.304,0.718,/home/okamoto/NAS/nasbi/ToriNET/segments/test_samples_results_v2/bkfbun2/ml_634320120_comparison.png
ml:634320120,bkfbun2,6,69,10.395,0.151,/home/okamoto/NAS/nasbi/ToriNET/segments/test_samples_results_v2/bkfbun2/ml_634320120_comparison.png
ml:634320120,bkfbun2,8,53,18.613,0.351,/home/okamoto/NAS/nasbi/ToriNET/segments/test_samples_results_v2/bkfbun2/ml_634320120_comparison.png
ml:634320120,bkfbun2,12,6,0.341,0.057,/home/okamoto/NAS/nasbi/ToriNET/segments/test_samples_results_v2/bkfbun2/ml_634320120_comparison.png
ml:634320120,bkfbun2,14,0,0.0,0.0,/home/okamoto/NAS/nasbi/ToriNET/segments/test_samples_results_v2/bkfbun2/ml_634320120_comparison.png
ml:637612944,bkfbun2,1,21,1.424,0.068,/home/okamoto/NAS/nasbi/ToriNET/segments/test_samples_results_v2/bkfbun2/ml_637612944_comparison.png
ml:637612944,bkfbun2,2,75,9.445,0.126,/home/okamoto/NAS/nasbi/ToriNET/segments/test_samples_results_v2/bkfbun2/ml_637612944_comparison.png
ml:637612944,bkfbun2,3,18,20.696,1.15,/home/okamoto/NAS/nasbi/ToriNET/segments/test_samples_results_v2/bkfbun2/ml_637612944_comparison.png
ml:637612944,bkfbun2,6,31,2.704,0.087,/home/okamoto/NAS/nasbi/ToriNET/segments/test_samples_results_v2/bkfbun2/ml_637612944_comparison.png
ml:637612944,bkfbun2,8,54,13.189,0.244,/home/okamoto/NAS/nasbi/ToriNET/segments/test_samples_results_v2/bkfbun2/ml_637612944_comparison.png
ml:637612944,bkfbun2,12,2,0.08,0.04,/home/okamoto/NAS/nasbi/ToriNET/segments/test_samples_results_v2/bkfbun2/ml_637612944_comparison.png
ml:637612944,bkfbun2,14,0,0.0,0.0,/home/okamoto/NAS/nasbi/ToriNET/segments/test_samples_results_v2/bkfbun2/ml_637612944_comparison.png
ml:624172439,bkfbun2,1,1,0.517,0.517,/home/okamoto/NAS/nasbi/ToriNET/segments/test_samples_results_v2/bkfbun2/ml_624172439_comparison.png
ml:624172439,bkfbun2,2,99,5.509,0.056,/home/okamoto/NAS/nasbi/ToriNET/segments/test_samples_results_v2/bkfbun2/ml_624172439_comparison.png
ml:624172439,bkfbun2,3,40,39.346,0.984,/home/okamoto/NAS/nasbi/ToriNET/segments/test_samples_results_v2/bkfbun2/ml_624172439_comparison.png
ml:624172439,bkfbun2,6,5,0.139,0.028,/home/okamoto/NAS/nasbi/ToriNET/segments/test_samples_results_v2/bkfbun2/ml_624172439_comparison.png
ml:624172439,bkfbun2,8,95,15.673,0.165,/home/okamoto/NAS/nasbi/ToriNET/segments/test_samples_results_v2/bkfbun2/ml_624172439_comparison.png
ml:624172439,bkfbun2,12,12,1.144,0.095,/home/okamoto/NAS/nasbi/ToriNET/segments/test_samples_results_v2/bkfbun2/ml_624172439_comparison.png
ml:624172439,bkfbun2,14,0,0.0,0.0,/home/okamoto/NAS/nasbi/ToriNET/segments/test_samples_results_v2/bkfbun2/ml_624172439_comparison.png
xc:580794,bkhgul,1,154,59.008,0.383,/home/okamoto/NAS/nasbi/ToriNET/segments/test_samples_results_v2/bkhgul/xc_580794_comparison.png
xc:580794,bkhgul,2,269,39.735,0.148,/home/okamoto/NAS/nasbi/ToriNET/segments/test_samples_results_v2/bkhgul/xc_580794_comparison.png
xc:580794,bkhgul,3,159,101.172,0.636,/home/okamoto/NAS/nasbi/ToriNET/segments/test_samples_results_v2/bkhgul/xc_580794_comparison.png
xc:580794,bkhgul,6,118,84.074,0.712,/home/okamoto/NAS/nasbi/ToriNET/segments/test_samples_results_v2/bkhgul/xc_580794_comparison.png
xc:580794,bkhgul,8,79,71.175,0.901,/home/okamoto/NAS/nasbi/ToriNET/segments/test_samples_results_v2/bkhgul/xc_580794_comparison.png
xc:580794,bkhgul,12,0,0.0,0.0,/home/okamoto/NAS/nasbi/ToriNET/segments/test_samples_results_v2/bkhgul/xc_580794_comparison.png
xc:580794,bkhgul,14,0,0.0,0.0,/home/okamoto/NAS/nasbi/ToriNET/segments/test_samples_results_v2/bkhgul/xc_580794_comparison.png
xc:752720,bkhgul,1,137,24.715,0.18,/home/okamoto/NAS/nasbi/ToriNET/segments/test_samples_results_v2/bkhgul/xc_752720_comparison.png
xc:752720,bkhgul,2,160,17.208,0.108,/home/okamoto/NAS/nasbi/ToriNET/segments/test_samples_results_v2/bkhgul/xc_752720_comparison.png
xc:752720,bkhgul,3,41,44.08,1.075,/home/okamoto/NAS/nasbi/ToriNET/segments/test_samples_results_v2/bkhgul/xc_752720_comparison.png
xc:752720,bkhgul,6,144,27.344,0.19,/home/okamoto/NAS/nasbi/ToriNET/segments/test_samples_results_v2/bkhgul/xc_752720_comparison.png
xc:752720,bkhgul,8,138,23.461,0.17,/home/okamoto/NAS/nasbi/ToriNET/segments/test_samples_results_v2/bkhgul/xc_752720_comparison.png
xc:752720,bkhgul,12,3,0.992,0.331,/home/okamoto/NAS/nasbi/ToriNET/segments/test_samples_results_v2/bkhgul/xc_752720_comparison.png
xc:752720,bkhgul,14,0,0.0,0.0,/home/okamoto/NAS/nasbi/ToriNET/segments/test_samples_results_v2/bkhgul/xc_752720_comparison.png
xc:1065402,bkhgul,1,21,6.298,0.3,/home/okamoto/NAS/nasbi/ToriNET/segments/test_samples_results_v2/bkhgul/xc_1065402_comparison.png
xc:1065402,bkhgul,2,23,4.139,0.18,/home/okamoto/NAS/nasbi/ToriNET/segments/test_samples_results_v2/bkhgul/xc_1065402_comparison.png
xc:1065402,bkhgul,3,13,8.673,0.667,/home/okamoto/NAS/nasbi/ToriNET/segments/test_samples_results_v2/bkhgul/xc_1065402_comparison.png
xc:1065402,bkhgul,6,20,6.264,0.313,/home/okamoto/NAS/nasbi/ToriNET/segments/test_samples_results_v2/bkhgul/xc_1065402_comparison.png
xc:1065402,bkhgul,8,20,4.296,0.215,/home/okamoto/NAS/nasbi/ToriNET/segments/test_samples_results_v2/bkhgul/xc_1065402_comparison.png
xc:1065402,bkhgul,12,3,0.528,0.176,/home/okamoto/NAS/nasbi/ToriNET/segments/test_samples_results_v2/bkhgul/xc_1065402_comparison.png
xc:1065402,bkhgul,14,0,0.0,0.0,/home/okamoto/NAS/nasbi/ToriNET/segments/test_samples_results_v2/bkhgul/xc_1065402_comparison.png
xc:1050112,bkhgul,1,4,0.331,0.083,/home/okamoto/NAS/nasbi/ToriNET/segments/test_samples_results_v2/bkhgul/xc_1050112_comparison.png
xc:1050112,bkhgul,2,17,1.808,0.106,/home/okamoto/NAS/nasbi/ToriNET/segments/test_samples_results_v2/bkhgul/xc_1050112_comparison.png
xc:1050112,bkhgul,3,11,7.454,0.678,/home/okamoto/NAS/nasbi/ToriNET/segments/test_samples_results_v2/bkhgul/xc_1050112_comparison.png
xc:1050112,bkhgul,6,10,1.573,0.157,/home/okamoto/NAS/nasbi/ToriNET/segments/test_samples_results_v2/bkhgul/xc_1050112_comparison.png
xc:1050112,bkhgul,8,18,4.911,0.273,/home/okamoto/NAS/nasbi/ToriNET/segments/test_samples_results_v2/bkhgul/xc_1050112_comparison.png
xc:1050112,bkhgul,12,0,0.0,0.0,/home/okamoto/NAS/nasbi/ToriNET/segments/test_samples_results_v2/bkhgul/xc_1050112_comparison.png
xc:1050112,bkhgul,14,3,1.01,0.337,/home/okamoto/NAS/nasbi/ToriNET/segments/test_samples_results_v2/bkhgul/xc_1050112_comparison.png
xc:525320,bkhgul,1,8,8.603,1.075,/home/okamoto/NAS/nasbi/ToriNET/segments/test_samples_results_v2/bkhgul/xc_525320_comparison.png
xc:525320,bkhgul,2,26,4.069,0.157,/home/okamoto/NAS/nasbi/ToriNET/segments/test_samples_results_v2/bkhgul/xc_525320_comparison.png
xc:525320,bkhgul,3,25,9.294,0.372,/home/okamoto/NAS/nasbi/ToriNET/segments/test_samples_results_v2/bkhgul/xc_525320_comparison.png
xc:525320,bkhgul,6,11,8.661,0.787,/home/okamoto/NAS/nasbi/ToriNET/segments/test_samples_results_v2/bkhgul/xc_525320_comparison.png
xc:525320,bkhgul,8,11,8.499,0.773,/home/okamoto/NAS/nasbi/ToriNET/segments/test_samples_results_v2/bkhgul/xc_525320_comparison.png
xc:525320,bkhgul,12,6,1.045,0.174,/home/okamoto/NAS/nasbi/ToriNET/segments/test_samples_results_v2/bkhgul/xc_525320_comparison.png
xc:525320,bkhgul,14,0,0.0,0.0,/home/okamoto/NAS/nasbi/ToriNET/segments/test_samples_results_v2/bkhgul/xc_525320_comparison.png
xc:627390,bktgul,1,45,11.685,0.26,/home/okamoto/NAS/nasbi/ToriNET/segments/test_samples_results_v2/bktgul/xc_627390_comparison.png
xc:627390,bktgul,2,114,17.157,0.151,/home/okamoto/NAS/nasbi/ToriNET/segments/test_samples_results_v2/bktgul/xc_627390_comparison.png
xc:627390,bktgul,3,77,41.12,0.534,/home/okamoto/NAS/nasbi/ToriNET/segments/test_samples_results_v2/bktgul/xc_627390_comparison.png
xc:627390,bktgul,6,69,17.653,0.256,/home/okamoto/NAS/nasbi/ToriNET/segments/test_samples_results_v2/bktgul/xc_627390_comparison.png
xc:627390,bktgul,8,66,22.853,0.346,/home/okamoto/NAS/nasbi/ToriNET/segments/test_samples_results_v2/bktgul/xc_627390_comparison.png
xc:627390,bktgul,12,14,1.227,0.088,/home/okamoto/NAS/nasbi/ToriNET/segments/test_samples_results_v2/bktgul/xc_627390_comparison.png
xc:627390,bktgul,14,9,1.611,0.179,/home/okamoto/NAS/nasbi/ToriNET/segments/test_samples_results_v2/bktgul/xc_627390_comparison.png
xc:903942,bktgul,1,7,3.376,0.482,/home/okamoto/NAS/nasbi/ToriNET/segments/test_samples_results_v2/bktgul/xc_903942_comparison.png
xc:903942,bktgul,2,8,1.744,0.218,/home/okamoto/NAS/nasbi/ToriNET/segments/test_samples_results_v2/bktgul/xc_903942_comparison.png
xc:903942,bktgul,3,10,2.392,0.239,/home/okamoto/NAS/nasbi/ToriNET/segments/test_samples_results_v2/bktgul/xc_903942_comparison.png
xc:903942,bktgul,6,7,3.216,0.459,/home/okamoto/NAS/nasbi/ToriNET/segments/test_samples_results_v2/bktgul/xc_903942_comparison.png
xc:903942,bktgul,8,7,2.736,0.391,/home/okamoto/NAS/nasbi/ToriNET/segments/test_samples_results_v2/bktgul/xc_903942_comparison.png
xc:903942,bktgul,12,1,0.272,0.272,/home/okamoto/NAS/nasbi/ToriNET/segments/test_samples_results_v2/bktgul/xc_903942_comparison.png
xc:903942,bktgul,14,0,0.0,0.0,/home/okamoto/NAS/nasbi/ToriNET/segments/test_samples_results_v2/bktgul/xc_903942_comparison.png
xc:1016634,bktgul,1,42,12.832,0.306,/home/okamoto/NAS/nasbi/ToriNET/segments/test_samples_results_v2/bktgul/xc_1016634_comparison.png
xc:1016634,bktgul,2,53,17.464,0.33,/home/okamoto/NAS/nasbi/ToriNET/segments/test_samples_results_v2/bktgul/xc_1016634_comparison.png
xc:1016634,bktgul,3,35,21.304,0.609,/home/okamoto/NAS/nasbi/ToriNET/segments/test_samples_results_v2/bktgul/xc_1016634_comparison.png
xc:1016634,bktgul,6,44,13.28,0.302,/home/okamoto/NAS/nasbi/ToriNET/segments/test_samples_results_v2/bktgul/xc_1016634_comparison.png
xc:1016634,bktgul,8,33,11.003,0.333,/home/okamoto/NAS/nasbi/ToriNET/segments/test_samples_results_v2/bktgul/xc_1016634_comparison.png
xc:1016634,bktgul,12,29,4.747,0.164,/home/okamoto/NAS/nasbi/ToriNET/segments/test_samples_results_v2/bktgul/xc_1016634_comparison.png
xc:1016634,bktgul,14,19,4.512,0.237,/home/okamoto/NAS/nasbi/ToriNET/segments/test_samples_results_v2/bktgul/xc_1016634_comparison.png
xc:344933,bktgul,1,17,5.875,0.346,/home/okamoto/NAS/nasbi/ToriNET/segments/test_samples_results_v2/bktgul/xc_344933_comparison.png
xc:344933,bktgul,2,23,6.548,0.285,/home/okamoto/NAS/nasbi/ToriNET/segments/test_samples_results_v2/bktgul/xc_344933_comparison.png
xc:344933,bktgul,3,22,35.262,1.603,/home/okamoto/NAS/nasbi/ToriNET/segments/test_samples_results_v2/bktgul/xc_344933_comparison.png
xc:344933,bktgul,6,25,6.432,0.257,/home/okamoto/NAS/nasbi/ToriNET/segments/test_samples_results_v2/bktgul/xc_344933_comparison.png
xc:344933,bktgul,8,43,11.575,0.269,/home/okamoto/NAS/nasbi/ToriNET/segments/test_samples_results_v2/bktgul/xc_344933_comparison.png
xc:344933,bktgul,12,17,5.48,0.322,/home/okamoto/NAS/nasbi/ToriNET/segments/test_samples_results_v2/bktgul/xc_344933_comparison.png
xc:344933,bktgul,14,16,4.331,0.271,/home/okamoto/NAS/nasbi/ToriNET/segments/test_samples_results_v2/bktgul/xc_344933_comparison.png
xc:344932,bktgul,1,5,2.177,0.435,/home/okamoto/NAS/nasbi/ToriNET/segments/test_samples_results_v2/bktgul/xc_344932_comparison.png
xc:344932,bktgul,2,9,2.786,0.31,/home/okamoto/NAS/nasbi/ToriNET/segments/test_samples_results_v2/bktgul/xc_344932_comparison.png
xc:344932,bktgul,3,7,11.024,1.575,/home/okamoto/NAS/nasbi/ToriNET/segments/test_samples_results_v2/bktgul/xc_344932_comparison.png
xc:344932,bktgul,6,8,2.444,0.305,/home/okamoto/NAS/nasbi/ToriNET/segments/test_samples_results_v2/bktgul/xc_344932_comparison.png
xc:344932,bktgul,8,13,3.39,0.261,/home/okamoto/NAS/nasbi/ToriNET/segments/test_samples_results_v2/bktgul/xc_344932_comparison.png
xc:344932,bktgul,12,5,2.125,0.425,/home/okamoto/NAS/nasbi/ToriNET/segments/test_samples_results_v2/bktgul/xc_344932_comparison.png
xc:344932,bktgul,14,5,1.997,0.399,/home/okamoto/NAS/nasbi/ToriNET/segments/test_samples_results_v2/bktgul/xc_344932_comparison.png
xc:493737,blakit1,1,148,29.6,0.2,/home/okamoto/NAS/nasbi/ToriNET/segments/test_samples_results_v2/blakit1/xc_493737_comparison.png
xc:493737,blakit1,2,231,33.82,0.146,/home/okamoto/NAS/nasbi/ToriNET/segments/test_samples_results_v2/blakit1/xc_493737_comparison.png
xc:493737,blakit1,3,94,87.4,0.93,/home/okamoto/NAS/nasbi/ToriNET/segments/test_samples_results_v2/blakit1/xc_493737_comparison.png
xc:493737,blakit1,6,139,39.253,0.282,/home/okamoto/NAS/nasbi/ToriNET/segments/test_samples_results_v2/blakit1/xc_493737_comparison.png
xc:493737,blakit1,8,137,47.816,0.349,/home/okamoto/NAS/nasbi/ToriNET/segments/test_samples_results_v2/blakit1/xc_493737_comparison.png
xc:493737,blakit1,12,91,18.878,0.207,/home/okamoto/NAS/nasbi/ToriNET/segments/test_samples_results_v2/blakit1/xc_493737_comparison.png
xc:493737,blakit1,14,57,46.347,0.813,/home/okamoto/NAS/nasbi/ToriNET/segments/test_samples_results_v2/blakit1/xc_493737_comparison.png
xc:507829,blakit1,1,9,2.304,0.256,/home/okamoto/NAS/nasbi/ToriNET/segments/test_samples_results_v2/blakit1/xc_507829_comparison.png
xc:507829,blakit1,2,13,2.352,0.181,/home/okamoto/NAS/nasbi/ToriNET/segments/test_samples_results_v2/blakit1/xc_507829_comparison.png
xc:507829,blakit1,3,4,3.637,0.909,/home/okamoto/NAS/nasbi/ToriNET/segments/test_samples_results_v2/blakit1/xc_507829_comparison.png
xc:507829,blakit1,6,6,2.917,0.486,/home/okamoto/NAS/nasbi/ToriNET/segments/test_samples_results_v2/blakit1/xc_507829_comparison.png
xc:507829,blakit1,8,3,2.277,0.759,/home/okamoto/NAS/nasbi/ToriNET/segments/test_samples_results_v2/blakit1/xc_507829_comparison.png
xc:507829,blakit1,12,0,0.0,0.0,/home/okamoto/NAS/nasbi/ToriNET/segments/test_samples_results_v2/blakit1/xc_507829_comparison.png
xc:507829,blakit1,14,1,3.968,3.968,/home/okamoto/NAS/nasbi/ToriNET/segments/test_samples_results_v2/blakit1/xc_507829_comparison.png
xc:628280,blakit1,1,10,3.344,0.334,/home/okamoto/NAS/nasbi/ToriNET/segments/test_samples_results_v2/blakit1/xc_628280_comparison.png
xc:628280,blakit1,2,27,3.784,0.14,/home/okamoto/NAS/nasbi/ToriNET/segments/test_samples_results_v2/blakit1/xc_628280_comparison.png
xc:628280,blakit1,3,9,12.581,1.398,/home/okamoto/NAS/nasbi/ToriNET/segments/test_samples_results_v2/blakit1/xc_628280_comparison.png
xc:628280,blakit1,6,8,5.659,0.707,/home/okamoto/NAS/nasbi/ToriNET/segments/test_samples_results_v2/blakit1/xc_628280_comparison.png
xc:628280,blakit1,8,6,5.003,0.834,/home/okamoto/NAS/nasbi/ToriNET/segments/test_samples_results_v2/blakit1/xc_628280_comparison.png
xc:628280,blakit1,12,5,5.131,1.026,/home/okamoto/NAS/nasbi/ToriNET/segments/test_samples_results_v2/blakit1/xc_628280_comparison.png
xc:628280,blakit1,14,7,2.261,0.323,/home/okamoto/NAS/nasbi/ToriNET/segments/test_samples_results_v2/blakit1/xc_628280_comparison.png
xc:1026906,blakit1,1,112,25.525,0.228,/home/okamoto/NAS/nasbi/ToriNET/segments/test_samples_results_v2/blakit1/xc_1026906_comparison.png
xc:1026906,blakit1,2,204,30.995,0.152,/home/okamoto/NAS/nasbi/ToriNET/segments/test_samples_results_v2/blakit1/xc_1026906_comparison.png
xc:1026906,blakit1,3,99,78.899,0.797,/home/okamoto/NAS/nasbi/ToriNET/segments/test_samples_results_v2/blakit1/xc_1026906_comparison.png
xc:1026906,blakit1,6,123,43.275,0.352,/home/okamoto/NAS/nasbi/ToriNET/segments/test_samples_results_v2/blakit1/xc_1026906_comparison.png
xc:1026906,blakit1,8,113,47.504,0.42,/home/okamoto/NAS/nasbi/ToriNET/segments/test_samples_results_v2/blakit1/xc_1026906_comparison.png
xc:1026906,blakit1,12,39,21.76,0.558,/home/okamoto/NAS/nasbi/ToriNET/segments/test_samples_results_v2/blakit1/xc_1026906_comparison.png
xc:1026906,blakit1,14,44,23.584,0.536,/home/okamoto/NAS/nasbi/ToriNET/segments/test_samples_results_v2/blakit1/xc_1026906_comparison.png
xc:896543,blakit1,1,4,0.325,0.081,/home/okamoto/NAS/nasbi/ToriNET/segments/test_samples_results_v2/blakit1/xc_896543_comparison.png
xc:896543,blakit1,2,7,1.17,0.167,/home/okamoto/NAS/nasbi/ToriNET/segments/test_samples_results_v2/blakit1/xc_896543_comparison.png
xc:896543,blakit1,3,4,1.921,0.48,/home/okamoto/NAS/nasbi/ToriNET/segments/test_samples_results_v2/blakit1/xc_896543_comparison.png
xc:896543,blakit1,6,4,0.749,0.187,/home/okamoto/NAS/nasbi/ToriNET/segments/test_samples_results_v2/blakit1/xc_896543_comparison.png
xc:896543,blakit1,8,3,1.138,0.379,/home/okamoto/NAS/nasbi/ToriNET/segments/test_samples_results_v2/blakit1/xc_896543_comparison.png
xc:896543,blakit1,12,1,0.035,0.035,/home/okamoto/NAS/nasbi/ToriNET/segments/test_samples_results_v2/blakit1/xc_896543_comparison.png
xc:896543,blakit1,14,1,0.07,0.07,/home/okamoto/NAS/nasbi/ToriNET/segments/test_samples_results_v2/blakit1/xc_896543_comparison.png
xc:155867,brebul1,1,76,23.024,0.303,/home/okamoto/NAS/nasbi/ToriNET/segments/test_samples_results_v2/brebul1/xc_155867_comparison.png
xc:155867,brebul1,2,107,16.939,0.158,/home/okamoto/NAS/nasbi/ToriNET/segments/test_samples_results_v2/brebul1/xc_155867_comparison.png
xc:155867,brebul1,3,74,35.155,0.475,/home/okamoto/NAS/nasbi/ToriNET/segments/test_samples_results_v2/brebul1/xc_155867_comparison.png
xc:155867,brebul1,6,89,23.995,0.27,/home/okamoto/NAS/nasbi/ToriNET/segments/test_samples_results_v2/brebul1/xc_155867_comparison.png
xc:155867,brebul1,8,80,17.536,0.219,/home/okamoto/NAS/nasbi/ToriNET/segments/test_samples_results_v2/brebul1/xc_155867_comparison.png
xc:155867,brebul1,12,75,5.899,0.079,/home/okamoto/NAS/nasbi/ToriNET/segments/test_samples_results_v2/brebul1/xc_155867_comparison.png
xc:155867,brebul1,14,3,0.267,0.089,/home/okamoto/NAS/nasbi/ToriNET/segments/test_samples_results_v2/brebul1/xc_155867_comparison.png
xc:551619,brebul1,1,22,10.363,0.471,/home/okamoto/NAS/nasbi/ToriNET/segments/test_samples_results_v2/brebul1/xc_551619_comparison.png
xc:551619,brebul1,2,46,7.629,0.166,/home/okamoto/NAS/nasbi/ToriNET/segments/test_samples_results_v2/brebul1/xc_551619_comparison.png
xc:551619,brebul1,3,17,17.451,1.027,/home/okamoto/NAS/nasbi/ToriNET/segments/test_samples_results_v2/brebul1/xc_551619_comparison.png
xc:551619,brebul1,6,18,11.989,0.666,/home/okamoto/NAS/nasbi/ToriNET/segments/test_samples_results_v2/brebul1/xc_551619_comparison.png
xc:551619,brebul1,8,20,11.691,0.585,/home/okamoto/NAS/nasbi/ToriNET/segments/test_samples_results_v2/brebul1/xc_551619_comparison.png
xc:551619,brebul1,12,1,0.224,0.224,/home/okamoto/NAS/nasbi/ToriNET/segments/test_samples_results_v2/brebul1/xc_551619_comparison.png
xc:551619,brebul1,14,10,1.941,0.194,/home/okamoto/NAS/nasbi/ToriNET/segments/test_samples_results_v2/brebul1/xc_551619_comparison.png
xc:466085,brebul1,1,10,2.741,0.274,/home/okamoto/NAS/nasbi/ToriNET/segments/test_samples_results_v2/brebul1/xc_466085_comparison.png
xc:466085,brebul1,2,12,2.008,0.167,/home/okamoto/NAS/nasbi/ToriNET/segments/test_samples_results_v2/brebul1/xc_466085_comparison.png
xc:466085,brebul1,3,5,4.504,0.901,/home/okamoto/NAS/nasbi/ToriNET/segments/test_samples_results_v2/brebul1/xc_466085_comparison.png
xc:466085,brebul1,6,5,3.221,0.644,/home/okamoto/NAS/nasbi/ToriNET/segments/test_samples_results_v2/brebul1/xc_466085_comparison.png
xc:466085,brebul1,8,5,2.848,0.57,/home/okamoto/NAS/nasbi/ToriNET/segments/test_samples_results_v2/brebul1/xc_466085_comparison.png
xc:466085,brebul1,12,0,0.0,0.0,/home/okamoto/NAS/nasbi/ToriNET/segments/test_samples_results_v2/brebul1/xc_466085_comparison.png
xc:466085,brebul1,14,0,0.0,0.0,/home/okamoto/NAS/nasbi/ToriNET/segments/test_samples_results_v2/brebul1/xc_466085_comparison.png
xc:200439,brebul1,1,259,67.593,0.261,/home/okamoto/NAS/nasbi/ToriNET/segments/test_samples_results_v2/brebul1/xc_200439_comparison.png
xc:200439,brebul1,2,335,60.764,0.181,/home/okamoto/NAS/nasbi/ToriNET/segments/test_samples_results_v2/brebul1/xc_200439_comparison.png
xc:200439,brebul1,3,205,130.932,0.639,/home/okamoto/NAS/nasbi/ToriNET/segments/test_samples_results_v2/brebul1/xc_200439_comparison.png
xc:200439,brebul1,6,201,87.249,0.434,/home/okamoto/NAS/nasbi/ToriNET/segments/test_samples_results_v2/brebul1/xc_200439_comparison.png
xc:200439,brebul1,8,192,78.78,0.41,/home/okamoto/NAS/nasbi/ToriNET/segments/test_samples_results_v2/brebul1/xc_200439_comparison.png
xc:200439,brebul1,12,201,18.373,0.091,/home/okamoto/NAS/nasbi/ToriNET/segments/test_samples_results_v2/brebul1/xc_200439_comparison.png
xc:200439,brebul1,14,51,10.913,0.214,/home/okamoto/NAS/nasbi/ToriNET/segments/test_samples_results_v2/brebul1/xc_200439_comparison.png
xc:784921,brebul1,1,26,6.426,0.247,/home/okamoto/NAS/nasbi/ToriNET/segments/test_samples_results_v2/brebul1/xc_784921_comparison.png
xc:784921,brebul1,2,49,6.876,0.14,/home/okamoto/NAS/nasbi/ToriNET/segments/test_samples_results_v2/brebul1/xc_784921_comparison.png
xc:784921,brebul1,3,27,14.829,0.549,/home/okamoto/NAS/nasbi/ToriNET/segments/test_samples_results_v2/brebul1/xc_784921_comparison.png
xc:784921,brebul1,6,26,10.768,0.414,/home/okamoto/NAS/nasbi/ToriNET/segments/test_samples_results_v2/brebul1/xc_784921_comparison.png
xc:784921,brebul1,8,27,7.86,0.291,/home/okamoto/NAS/nasbi/ToriNET/segments/test_samples_results_v2/brebul1/xc_784921_comparison.png
xc:784921,brebul1,12,16,1.173,0.073,/home/okamoto/NAS/nasbi/ToriNET/segments/test_samples_results_v2/brebul1/xc_784921_comparison.png
xc:784921,brebul1,14,17,3.262,0.192,/home/okamoto/NAS/nasbi/ToriNET/segments/test_samples_results_v2/brebul1/xc_784921_comparison.png
xc:194695,buhshr1,1,9,0.813,0.09,/home/okamoto/NAS/nasbi/ToriNET/segments/test_samples_results_v2/buhshr1/xc_194695_comparison.png
xc:194695,buhshr1,2,15,1.411,0.094,/home/okamoto/NAS/nasbi/ToriNET/segments/test_samples_results_v2/buhshr1/xc_194695_comparison.png
xc:194695,buhshr1,3,8,6.888,0.861,/home/okamoto/NAS/nasbi/ToriNET/segments/test_samples_results_v2/buhshr1/xc_194695_comparison.png
xc:194695,buhshr1,6,11,0.9,0.082,/home/okamoto/NAS/nasbi/ToriNET/segments/test_samples_results_v2/buhshr1/xc_194695_comparison.png
xc:194695,buhshr1,8,11,1.956,0.178,/home/okamoto/NAS/nasbi/ToriNET/segments/test_samples_results_v2/buhshr1/xc_194695_comparison.png
xc:194695,buhshr1,12,2,0.081,0.041,/home/okamoto/NAS/nasbi/ToriNET/segments/test_samples_results_v2/buhshr1/xc_194695_comparison.png
xc:194695,buhshr1,14,0,0.0,0.0,/home/okamoto/NAS/nasbi/ToriNET/segments/test_samples_results_v2/buhshr1/xc_194695_comparison.png
xc:88961,buhshr1,1,8,3.756,0.469,/home/okamoto/NAS/nasbi/ToriNET/segments/test_samples_results_v2/buhshr1/xc_88961_comparison.png
xc:88961,buhshr1,2,17,1.936,0.114,/home/okamoto/NAS/nasbi/ToriNET/segments/test_samples_results_v2/buhshr1/xc_88961_comparison.png
xc:88961,buhshr1,3,8,6.06,0.758,/home/okamoto/NAS/nasbi/ToriNET/segments/test_samples_results_v2/buhshr1/xc_88961_comparison.png
xc:88961,buhshr1,6,8,2.914,0.364,/home/okamoto/NAS/nasbi/ToriNET/segments/test_samples_results_v2/buhshr1/xc_88961_comparison.png
xc:88961,buhshr1,8,16,1.95,0.122,/home/okamoto/NAS/nasbi/ToriNET/segments/test_samples_results_v2/buhshr1/xc_88961_comparison.png
xc:88961,buhshr1,12,2,0.488,0.244,/home/okamoto/NAS/nasbi/ToriNET/segments/test_samples_results_v2/buhshr1/xc_88961_comparison.png
xc:88961,buhshr1,14,0,0.0,0.0,/home/okamoto/NAS/nasbi/ToriNET/segments/test_samples_results_v2/buhshr1/xc_88961_comparison.png
xc:793926,buhshr1,1,20,17.547,0.877,/home/okamoto/NAS/nasbi/ToriNET/segments/test_samples_results_v2/buhshr1/xc_793926_comparison.png
xc:793926,buhshr1,2,75,10.059,0.134,/home/okamoto/NAS/nasbi/ToriNET/segments/test_samples_results_v2/buhshr1/xc_793926_comparison.png
xc:793926,buhshr1,3,30,31.267,1.042,/home/okamoto/NAS/nasbi/ToriNET/segments/test_samples_results_v2/buhshr1/xc_793926_comparison.png
xc:793926,buhshr1,6,21,17.957,0.855,/home/okamoto/NAS/nasbi/ToriNET/segments/test_samples_results_v2/buhshr1/xc_793926_comparison.png
xc:793926,buhshr1,8,16,17.845,1.115,/home/okamoto/NAS/nasbi/ToriNET/segments/test_samples_results_v2/buhshr1/xc_793926_comparison.png
xc:793926,buhshr1,12,1,0.107,0.107,/home/okamoto/NAS/nasbi/ToriNET/segments/test_samples_results_v2/buhshr1/xc_793926_comparison.png
xc:793926,buhshr1,14,0,0.0,0.0,/home/okamoto/NAS/nasbi/ToriNET/segments/test_samples_results_v2/buhshr1/xc_793926_comparison.png
xc:842854,buhshr1,1,171,20.616,0.121,/home/okamoto/NAS/nasbi/ToriNET/segments/test_samples_results_v2/buhshr1/xc_842854_comparison.png
xc:842854,buhshr1,2,121,11.92,0.099,/home/okamoto/NAS/nasbi/ToriNET/segments/test_samples_results_v2/buhshr1/xc_842854_comparison.png
xc:842854,buhshr1,3,0,0.0,0.0,/home/okamoto/NAS/nasbi/ToriNET/segments/test_samples_results_v2/buhshr1/xc_842854_comparison.png
xc:842854,buhshr1,6,211,18.525,0.088,/home/okamoto/NAS/nasbi/ToriNET/segments/test_samples_results_v2/buhshr1/xc_842854_comparison.png
xc:842854,buhshr1,8,148,24.173,0.163,/home/okamoto/NAS/nasbi/ToriNET/segments/test_samples_results_v2/buhshr1/xc_842854_comparison.png
xc:842854,buhshr1,12,17,4.261,0.251,/home/okamoto/NAS/nasbi/ToriNET/segments/test_samples_results_v2/buhshr1/xc_842854_comparison.png
xc:842854,buhshr1,14,0,0.0,0.0,/home/okamoto/NAS/nasbi/ToriNET/segments/test_samples_results_v2/buhshr1/xc_842854_comparison.png
xc:505447,buhshr1,1,4,4.725,1.181,/home/okamoto/NAS/nasbi/ToriNET/segments/test_samples_results_v2/buhshr1/xc_505447_comparison.png
xc:505447,buhshr1,2,7,1.416,0.202,/home/okamoto/NAS/nasbi/ToriNET/segments/test_samples_results_v2/buhshr1/xc_505447_comparison.png
xc:505447,buhshr1,3,12,3.187,0.266,/home/okamoto/NAS/nasbi/ToriNET/segments/test_samples_results_v2/buhshr1/xc_505447_comparison.png
xc:505447,buhshr1,6,5,3.262,0.652,/home/okamoto/NAS/nasbi/ToriNET/segments/test_samples_results_v2/buhshr1/xc_505447_comparison.png
xc:505447,buhshr1,8,4,3.135,0.784,/home/okamoto/NAS/nasbi/ToriNET/segments/test_samples_results_v2/buhshr1/xc_505447_comparison.png
xc:505447,buhshr1,12,0,0.0,0.0,/home/okamoto/NAS/nasbi/ToriNET/segments/test_samples_results_v2/buhshr1/xc_505447_comparison.png
xc:505447,buhshr1,14,0,0.0,0.0,/home/okamoto/NAS/nasbi/ToriNET/segments/test_samples_results_v2/buhshr1/xc_505447_comparison.png
xc:134325,burthr,1,77,12.028,0.156,/home/okamoto/NAS/nasbi/ToriNET/segments/test_samples_results_v2/burthr/xc_134325_comparison.png
xc:134325,burthr,2,129,17.952,0.139,/home/okamoto/NAS/nasbi/ToriNET/segments/test_samples_results_v2/burthr/xc_134325_comparison.png
xc:134325,burthr,3,94,124.79,1.328,/home/okamoto/NAS/nasbi/ToriNET/segments/test_samples_results_v2/burthr/xc_134325_comparison.png
xc:134325,burthr,6,247,29.437,0.119,/home/okamoto/NAS/nasbi/ToriNET/segments/test_samples_results_v2/burthr/xc_134325_comparison.png
xc:134325,burthr,8,118,77.589,0.658,/home/okamoto/NAS/nasbi/ToriNET/segments/test_samples_results_v2/burthr/xc_134325_comparison.png
xc:134325,burthr,12,36,9.062,0.252,/home/okamoto/NAS/nasbi/ToriNET/segments/test_samples_results_v2/burthr/xc_134325_comparison.png
xc:134325,burthr,14,9,8.197,0.911,/home/okamoto/NAS/nasbi/ToriNET/segments/test_samples_results_v2/burthr/xc_134325_comparison.png
xc:1023727,burthr,1,188,28.166,0.15,/home/okamoto/NAS/nasbi/ToriNET/segments/test_samples_results_v2/burthr/xc_1023727_comparison.png
xc:1023727,burthr,2,232,40.644,0.175,/home/okamoto/NAS/nasbi/ToriNET/segments/test_samples_results_v2/burthr/xc_1023727_comparison.png
xc:1023727,burthr,3,84,70.458,0.839,/home/okamoto/NAS/nasbi/ToriNET/segments/test_samples_results_v2/burthr/xc_1023727_comparison.png
xc:1023727,burthr,6,192,40.948,0.213,/home/okamoto/NAS/nasbi/ToriNET/segments/test_samples_results_v2/burthr/xc_1023727_comparison.png
xc:1023727,burthr,8,177,42.69,0.241,/home/okamoto/NAS/nasbi/ToriNET/segments/test_samples_results_v2/burthr/xc_1023727_comparison.png
xc:1023727,burthr,12,86,10.037,0.117,/home/okamoto/NAS/nasbi/ToriNET/segments/test_samples_results_v2/burthr/xc_1023727_comparison.png
xc:1023727,burthr,14,55,20.306,0.369,/home/okamoto/NAS/nasbi/ToriNET/segments/test_samples_results_v2/burthr/xc_1023727_comparison.png
xc:697948,burthr,1,23,5.52,0.24,/home/okamoto/NAS/nasbi/ToriNET/segments/test_samples_results_v2/burthr/xc_697948_comparison.png
xc:697948,burthr,2,31,5.555,0.179,/home/okamoto/NAS/nasbi/ToriNET/segments/test_samples_results_v2/burthr/xc_697948_comparison.png
xc:697948,burthr,3,6,12.568,2.095,/home/okamoto/NAS/nasbi/ToriNET/segments/test_samples_results_v2/burthr/xc_697948_comparison.png
xc:697948,burthr,6,17,6.352,0.374,/home/okamoto/NAS/nasbi/ToriNET/segments/test_samples_results_v2/burthr/xc_697948_comparison.png
xc:697948,burthr,8,19,6.021,0.317,/home/okamoto/NAS/nasbi/ToriNET/segments/test_samples_results_v2/burthr/xc_697948_comparison.png
xc:697948,burthr,12,15,1.968,0.131,/home/okamoto/NAS/nasbi/ToriNET/segments/test_samples_results_v2/burthr/xc_697948_comparison.png
xc:697948,burthr,14,6,2.965,0.494,/home/okamoto/NAS/nasbi/ToriNET/segments/test_samples_results_v2/burthr/xc_697948_comparison.png
xc:921485,burthr,1,5,1.968,0.394,/home/okamoto/NAS/nasbi/ToriNET/segments/test_samples_results_v2/burthr/xc_921485_comparison.png
xc:921485,burthr,2,13,1.771,0.136,/home/okamoto/NAS/nasbi/ToriNET/segments/test_samples_results_v2/burthr/xc_921485_comparison.png
xc:921485,burthr,3,5,4.963,0.993,/home/okamoto/NAS/nasbi/ToriNET/segments/test_samples_results_v2/burthr/xc_921485_comparison.png
xc:921485,burthr,6,6,2.334,0.389,/home/okamoto/NAS/nasbi/ToriNET/segments/test_samples_results_v2/burthr/xc_921485_comparison.png
xc:921485,burthr,8,6,2.067,0.344,/home/okamoto/NAS/nasbi/ToriNET/segments/test_samples_results_v2/burthr/xc_921485_comparison.png
xc:921485,burthr,12,4,1.759,0.44,/home/okamoto/NAS/nasbi/ToriNET/segments/test_samples_results_v2/burthr/xc_921485_comparison.png
xc:921485,burthr,14,7,1.614,0.231,/home/okamoto/NAS/nasbi/ToriNET/segments/test_samples_results_v2/burthr/xc_921485_comparison.png
xc:472199,burthr,1,161,37.738,0.234,/home/okamoto/NAS/nasbi/ToriNET/segments/test_samples_results_v2/burthr/xc_472199_comparison.png
xc:472199,burthr,2,227,34.142,0.15,/home/okamoto/NAS/nasbi/ToriNET/segments/test_samples_results_v2/burthr/xc_472199_comparison.png
xc:472199,burthr,3,122,65.544,0.537,/home/okamoto/NAS/nasbi/ToriNET/segments/test_samples_results_v2/burthr/xc_472199_comparison.png
xc:472199,burthr,6,171,38.911,0.228,/home/okamoto/NAS/nasbi/ToriNET/segments/test_samples_results_v2/burthr/xc_472199_comparison.png
xc:472199,burthr,8,153,31.962,0.209,/home/okamoto/NAS/nasbi/ToriNET/segments/test_samples_results_v2/burthr/xc_472199_comparison.png
xc:472199,burthr,12,65,4.725,0.073,/home/okamoto/NAS/nasbi/ToriNET/segments/test_samples_results_v2/burthr/xc_472199_comparison.png
xc:472199,burthr,14,11,1.358,0.123,/home/okamoto/NAS/nasbi/ToriNET/segments/test_samples_results_v2/burthr/xc_472199_comparison.png
xc:785592,carcro1,1,40,8.829,0.221,/home/okamoto/NAS/nasbi/ToriNET/segments/test_samples_results_v2/carcro1/xc_785592_comparison.png
xc:785592,carcro1,2,52,8.313,0.16,/home/okamoto/NAS/nasbi/ToriNET/segments/test_samples_results_v2/carcro1/xc_785592_comparison.png
xc:785592,carcro1,3,17,16.329,0.961,/home/okamoto/NAS/nasbi/ToriNET/segments/test_samples_results_v2/carcro1/xc_785592_comparison.png
xc:785592,carcro1,6,40,9.99,0.25,/home/okamoto/NAS/nasbi/ToriNET/segments/test_samples_results_v2/carcro1/xc_785592_comparison.png
xc:785592,carcro1,8,35,10.159,0.29,/home/okamoto/NAS/nasbi/ToriNET/segments/test_samples_results_v2/carcro1/xc_785592_comparison.png
xc:785592,carcro1,12,2,0.064,0.032,/home/okamoto/NAS/nasbi/ToriNET/segments/test_samples_results_v2/carcro1/xc_785592_comparison.png
xc:785592,carcro1,14,13,3.483,0.268,/home/okamoto/NAS/nasbi/ToriNET/segments/test_samples_results_v2/carcro1/xc_785592_comparison.png
xc:511980,carcro1,1,27,4.747,0.176,/home/okamoto/NAS/nasbi/ToriNET/segments/test_samples_results_v2/carcro1/xc_511980_comparison.png
xc:511980,carcro1,2,47,4.664,0.099,/home/okamoto/NAS/nasbi/ToriNET/segments/test_samples_results_v2/carcro1/xc_511980_comparison.png
xc:511980,carcro1,3,23,14.795,0.643,/home/okamoto/NAS/nasbi/ToriNET/segments/test_samples_results_v2/carcro1/xc_511980_comparison.png
xc:511980,carcro1,6,34,8.096,0.238,/home/okamoto/NAS/nasbi/ToriNET/segments/test_samples_results_v2/carcro1/xc_511980_comparison.png
xc:511980,carcro1,8,15,7.701,0.513,/home/okamoto/NAS/nasbi/ToriNET/segments/test_samples_results_v2/carcro1/xc_511980_comparison.png
xc:511980,carcro1,12,0,0.0,0.0,/home/okamoto/NAS/nasbi/ToriNET/segments/test_samples_results_v2/carcro1/xc_511980_comparison.png
xc:511980,carcro1,14,1,0.128,0.128,/home/okamoto/NAS/nasbi/ToriNET/segments/test_samples_results_v2/carcro1/xc_511980_comparison.png
xc:688118,carcro1,1,40,11.865,0.297,/home/okamoto/NAS/nasbi/ToriNET/segments/test_samples_results_v2/carcro1/xc_688118_comparison.png
xc:688118,carcro1,2,52,10.629,0.204,/home/okamoto/NAS/nasbi/ToriNET/segments/test_samples_results_v2/carcro1/xc_688118_comparison.png
xc:688118,carcro1,3,40,25.429,0.636,/home/okamoto/NAS/nasbi/ToriNET/segments/test_samples_results_v2/carcro1/xc_688118_comparison.png
xc:688118,carcro1,6,33,15.308,0.464,/home/okamoto/NAS/nasbi/ToriNET/segments/test_samples_results_v2/carcro1/xc_688118_comparison.png
xc:688118,carcro1,8,30,15.761,0.525,/home/okamoto/NAS/nasbi/ToriNET/segments/test_samples_results_v2/carcro1/xc_688118_comparison.png
xc:688118,carcro1,12,39,6.525,0.167,/home/okamoto/NAS/nasbi/ToriNET/segments/test_samples_results_v2/carcro1/xc_688118_comparison.png
xc:688118,carcro1,14,24,14.013,0.584,/home/okamoto/NAS/nasbi/ToriNET/segments/test_samples_results_v2/carcro1/xc_688118_comparison.png
xc:745101,carcro1,1,143,44.106,0.308,/home/okamoto/NAS/nasbi/ToriNET/segments/test_samples_results_v2/carcro1/xc_745101_comparison.png
xc:745101,carcro1,2,340,43.662,0.128,/home/okamoto/NAS/nasbi/ToriNET/segments/test_samples_results_v2/carcro1/xc_745101_comparison.png
xc:745101,carcro1,3,242,164.316,0.679,/home/okamoto/NAS/nasbi/ToriNET/segments/test_samples_results_v2/carcro1/xc_745101_comparison.png
xc:745101,carcro1,6,212,57.185,0.27,/home/okamoto/NAS/nasbi/ToriNET/segments/test_samples_results_v2/carcro1/xc_745101_comparison.png
xc:745101,carcro1,8,208,66.502,0.32,/home/okamoto/NAS/nasbi/ToriNET/segments/test_samples_results_v2/carcro1/xc_745101_comparison.png
xc:745101,carcro1,12,7,0.708,0.101,/home/okamoto/NAS/nasbi/ToriNET/segments/test_samples_results_v2/carcro1/xc_745101_comparison.png
xc:745101,carcro1,14,2,0.221,0.11,/home/okamoto/NAS/nasbi/ToriNET/segments/test_samples_results_v2/carcro1/xc_745101_comparison.png
xc:635134,carcro1,1,8,2.392,0.299,/home/okamoto/NAS/nasbi/ToriNET/segments/test_samples_results_v2/carcro1/xc_635134_comparison.png
xc:635134,carcro1,2,9,1.463,0.163,/home/okamoto/NAS/nasbi/ToriNET/segments/test_samples_results_v2/carcro1/xc_635134_comparison.png
xc:635134,carcro1,3,7,1.881,0.269,/home/okamoto/NAS/nasbi/ToriNET/segments/test_samples_results_v2/carcro1/xc_635134_comparison.png
xc:635134,carcro1,6,8,2.351,0.294,/home/okamoto/NAS/nasbi/ToriNET/segments/test_samples_results_v2/carcro1/xc_635134_comparison.png
xc:635134,carcro1,8,5,1.405,0.281,/home/okamoto/NAS/nasbi/ToriNET/segments/test_samples_results_v2/carcro1/xc_635134_comparison.png
xc:635134,carcro1,12,3,0.192,0.064,/home/okamoto/NAS/nasbi/ToriNET/segments/test_samples_results_v2/carcro1/xc_635134_comparison.png
xc:635134,carcro1,14,2,0.522,0.261,/home/okamoto/NAS/nasbi/ToriNET/segments/test_samples_results_v2/carcro1/xc_635134_comparison.png
xc:1030710,cintit13,1,24,8.512,0.355,/home/okamoto/NAS/nasbi/ToriNET/segments/test_samples_results_v2/cintit13/xc_1030710_comparison.png
xc:1030710,cintit13,2,57,5.813,0.102,/home/okamoto/NAS/nasbi/ToriNET/segments/test_samples_results_v2/cintit13/xc_1030710_comparison.png
xc:1030710,cintit13,3,27,19.429,0.72,/home/okamoto/NAS/nasbi/ToriNET/segments/test_samples_results_v2/cintit13/xc_1030710_comparison.png
xc:1030710,cintit13,6,27,9.339,0.346,/home/okamoto/NAS/nasbi/ToriNET/segments/test_samples_results_v2/cintit13/xc_1030710_comparison.png
xc:1030710,cintit13,8,31,7.765,0.25,/home/okamoto/NAS/nasbi/ToriNET/segments/test_samples_results_v2/cintit13/xc_1030710_comparison.png
xc:1030710,cintit13,12,7,1.04,0.149,/home/okamoto/NAS/nasbi/ToriNET/segments/test_samples_results_v2/cintit13/xc_1030710_comparison.png
xc:1030710,cintit13,14,1,0.064,0.064,/home/okamoto/NAS/nasbi/ToriNET/segments/test_samples_results_v2/cintit13/xc_1030710_comparison.png
xc:582929,cintit13,1,87,42.127,0.484,/home/okamoto/NAS/nasbi/ToriNET/segments/test_samples_results_v2/cintit13/xc_582929_comparison.png
xc:582929,cintit13,2,144,26.752,0.186,/home/okamoto/NAS/nasbi/ToriNET/segments/test_samples_results_v2/cintit13/xc_582929_comparison.png
xc:582929,cintit13,3,89,73.683,0.828,/home/okamoto/NAS/nasbi/ToriNET/segments/test_samples_results_v2/cintit13/xc_582929_comparison.png
xc:582929,cintit13,6,64,46.684,0.729,/home/okamoto/NAS/nasbi/ToriNET/segments/test_samples_results_v2/cintit13/xc_582929_comparison.png
xc:582929,cintit13,8,90,40.821,0.454,/home/okamoto/NAS/nasbi/ToriNET/segments/test_samples_results_v2/cintit13/xc_582929_comparison.png
xc:582929,cintit13,12,76,5.689,0.075,/home/okamoto/NAS/nasbi/ToriNET/segments/test_samples_results_v2/cintit13/xc_582929_comparison.png
xc:582929,cintit13,14,21,2.229,0.106,/home/okamoto/NAS/nasbi/ToriNET/segments/test_samples_results_v2/cintit13/xc_582929_comparison.png
xc:531958,cintit13,1,19,9.735,0.512,/home/okamoto/NAS/nasbi/ToriNET/segments/test_samples_results_v2/cintit13/xc_531958_comparison.png
xc:531958,cintit13,2,39,7.25,0.186,/home/okamoto/NAS/nasbi/ToriNET/segments/test_samples_results_v2/cintit13/xc_531958_comparison.png
xc:531958,cintit13,3,30,19.772,0.659,/home/okamoto/NAS/nasbi/ToriNET/segments/test_samples_results_v2/cintit13/xc_531958_comparison.png
xc:531958,cintit13,6,28,10.844,0.387,/home/okamoto/NAS/nasbi/ToriNET/segments/test_samples_results_v2/cintit13/xc_531958_comparison.png
xc:531958,cintit13,8,16,9.607,0.6,/home/okamoto/NAS/nasbi/ToriNET/segments/test_samples_results_v2/cintit13/xc_531958_comparison.png
xc:531958,cintit13,12,17,1.689,0.099,/home/okamoto/NAS/nasbi/ToriNET/segments/test_samples_results_v2/cintit13/xc_531958_comparison.png
xc:531958,cintit13,14,3,0.685,0.228,/home/okamoto/NAS/nasbi/ToriNET/segments/test_samples_results_v2/cintit13/xc_531958_comparison.png
xc:319792,cintit13,1,30,10.234,0.341,/home/okamoto/NAS/nasbi/ToriNET/segments/test_samples_results_v2/cintit13/xc_319792_comparison.png
xc:319792,cintit13,2,69,10.606,0.154,/home/okamoto/NAS/nasbi/ToriNET/segments/test_samples_results_v2/cintit13/xc_319792_comparison.png
xc:319792,cintit13,3,39,26.883,0.689,/home/okamoto/NAS/nasbi/ToriNET/segments/test_samples_results_v2/cintit13/xc_319792_comparison.png
xc:319792,cintit13,6,35,10.78,0.308,/home/okamoto/NAS/nasbi/ToriNET/segments/test_samples_results_v2/cintit13/xc_319792_comparison.png
xc:319792,cintit13,8,29,9.683,0.334,/home/okamoto/NAS/nasbi/ToriNET/segments/test_samples_results_v2/cintit13/xc_319792_comparison.png
xc:319792,cintit13,12,12,6.327,0.527,/home/okamoto/NAS/nasbi/ToriNET/segments/test_samples_results_v2/cintit13/xc_319792_comparison.png
xc:319792,cintit13,14,3,0.139,0.046,/home/okamoto/NAS/nasbi/ToriNET/segments/test_samples_results_v2/cintit13/xc_319792_comparison.png
xc:166690,cintit13,1,16,1.387,0.087,/home/okamoto/NAS/nasbi/ToriNET/segments/test_samples_results_v2/cintit13/xc_166690_comparison.png
xc:166690,cintit13,2,24,1.757,0.073,/home/okamoto/NAS/nasbi/ToriNET/segments/test_samples_results_v2/cintit13/xc_166690_comparison.png
xc:166690,cintit13,3,10,13.059,1.306,/home/okamoto/NAS/nasbi/ToriNET/segments/test_samples_results_v2/cintit13/xc_166690_comparison.png
xc:166690,cintit13,6,22,1.963,0.089,/home/okamoto/NAS/nasbi/ToriNET/segments/test_samples_results_v2/cintit13/xc_166690_comparison.png
xc:166690,cintit13,8,22,2.341,0.106,/home/okamoto/NAS/nasbi/ToriNET/segments/test_samples_results_v2/cintit13/xc_166690_comparison.png
xc:166690,cintit13,12,14,1.291,0.092,/home/okamoto/NAS/nasbi/ToriNET/segments/test_samples_results_v2/cintit13/xc_166690_comparison.png
xc:166690,cintit13,14,1,0.043,0.043,/home/okamoto/NAS/nasbi/ToriNET/segments/test_samples_results_v2/cintit13/xc_166690_comparison.png
xc:462875,comkin1,1,28,5.003,0.179,/home/okamoto/NAS/nasbi/ToriNET/segments/test_samples_results_v2/comkin1/xc_462875_comparison.png
xc:462875,comkin1,2,66,9.731,0.147,/home/okamoto/NAS/nasbi/ToriNET/segments/test_samples_results_v2/comkin1/xc_462875_comparison.png
xc:462875,comkin1,3,26,22.845,0.879,/home/okamoto/NAS/nasbi/ToriNET/segments/test_samples_results_v2/comkin1/xc_462875_comparison.png
xc:462875,comkin1,6,25,9.115,0.365,/home/okamoto/NAS/nasbi/ToriNET/segments/test_samples_results_v2/comkin1/xc_462875_comparison.png
xc:462875,comkin1,8,34,11.579,0.341,/home/okamoto/NAS/nasbi/ToriNET/segments/test_samples_results_v2/comkin1/xc_462875_comparison.png
xc:462875,comkin1,12,21,3.451,0.164,/home/okamoto/NAS/nasbi/ToriNET/segments/test_samples_results_v2/comkin1/xc_462875_comparison.png
xc:462875,comkin1,14,17,2.912,0.171,/home/okamoto/NAS/nasbi/ToriNET/segments/test_samples_results_v2/comkin1/xc_462875_comparison.png
xc:502269,comkin1,1,20,2.864,0.143,/home/okamoto/NAS/nasbi/ToriNET/segments/test_samples_results_v2/comkin1/xc_502269_comparison.png
xc:502269,comkin1,2,49,5.248,0.107,/home/okamoto/NAS/nasbi/ToriNET/segments/test_samples_results_v2/comkin1/xc_502269_comparison.png
xc:502269,comkin1,3,19,20.101,1.058,/home/okamoto/NAS/nasbi/ToriNET/segments/test_samples_results_v2/comkin1/xc_502269_comparison.png
xc:502269,comkin1,6,41,6.917,0.169,/home/okamoto/NAS/nasbi/ToriNET/segments/test_samples_results_v2/comkin1/xc_502269_comparison.png
xc:502269,comkin1,8,39,7.563,0.194,/home/okamoto/NAS/nasbi/ToriNET/segments/test_samples_results_v2/comkin1/xc_502269_comparison.png
xc:502269,comkin1,12,31,3.957,0.128,/home/okamoto/NAS/nasbi/ToriNET/segments/test_samples_results_v2/comkin1/xc_502269_comparison.png
xc:502269,comkin1,14,18,4.267,0.237,/home/okamoto/NAS/nasbi/ToriNET/segments/test_samples_results_v2/comkin1/xc_502269_comparison.png
xc:931189,comkin1,1,14,4.021,0.287,/home/okamoto/NAS/nasbi/ToriNET/segments/test_samples_results_v2/comkin1/xc_931189_comparison.png
xc:931189,comkin1,2,19,2.155,0.113,/home/okamoto/NAS/nasbi/ToriNET/segments/test_samples_results_v2/comkin1/xc_931189_comparison.png
xc:931189,comkin1,3,14,5.392,0.385,/home/okamoto/NAS/nasbi/ToriNET/segments/test_samples_results_v2/comkin1/xc_931189_comparison.png
xc:931189,comkin1,6,11,3.675,0.334,/home/okamoto/NAS/nasbi/ToriNET/segments/test_samples_results_v2/comkin1/xc_931189_comparison.png
xc:931189,comkin1,8,13,2.789,0.215,/home/okamoto/NAS/nasbi/ToriNET/segments/test_samples_results_v2/comkin1/xc_931189_comparison.png
xc:931189,comkin1,12,11,1.045,0.095,/home/okamoto/NAS/nasbi/ToriNET/segments/test_samples_results_v2/comkin1/xc_931189_comparison.png
xc:931189,comkin1,14,5,0.565,0.113,/home/okamoto/NAS/nasbi/ToriNET/segments/test_samples_results_v2/comkin1/xc_931189_comparison.png
xc:800955,comkin1,1,69,13.235,0.192,/home/okamoto/NAS/nasbi/ToriNET/segments/test_samples_results_v2/comkin1/xc_800955_comparison.png
xc:800955,comkin1,2,81,12.359,0.153,/home/okamoto/NAS/nasbi/ToriNET/segments/test_samples_results_v2/comkin1/xc_800955_comparison.png
xc:800955,comkin1,3,40,26.358,0.659,/home/okamoto/NAS/nasbi/ToriNET/segments/test_samples_results_v2/comkin1/xc_800955_comparison.png
xc:800955,comkin1,6,41,14.762,0.36,/home/okamoto/NAS/nasbi/ToriNET/segments/test_samples_results_v2/comkin1/xc_800955_comparison.png
xc:800955,comkin1,8,40,12.893,0.322,/home/okamoto/NAS/nasbi/ToriNET/segments/test_samples_results_v2/comkin1/xc_800955_comparison.png
xc:800955,comkin1,12,47,5.01,0.107,/home/okamoto/NAS/nasbi/ToriNET/segments/test_samples_results_v2/comkin1/xc_800955_comparison.png
xc:800955,comkin1,14,28,5.863,0.209,/home/okamoto/NAS/nasbi/ToriNET/segments/test_samples_results_v2/comkin1/xc_800955_comparison.png
xc:929047,comkin1,1,22,2.328,0.106,/home/okamoto/NAS/nasbi/ToriNET/segments/test_samples_results_v2/comkin1/xc_929047_comparison.png
xc:929047,comkin1,2,22,2.589,0.118,/home/okamoto/NAS/nasbi/ToriNET/segments/test_samples_results_v2/comkin1/xc_929047_comparison.png
xc:929047,comkin1,3,9,7.683,0.854,/home/okamoto/NAS/nasbi/ToriNET/segments/test_samples_results_v2/comkin1/xc_929047_comparison.png
xc:929047,comkin1,6,21,3.222,0.153,/home/okamoto/NAS/nasbi/ToriNET/segments/test_samples_results_v2/comkin1/xc_929047_comparison.png
xc:929047,comkin1,8,26,3.146,0.121,/home/okamoto/NAS/nasbi/ToriNET/segments/test_samples_results_v2/comkin1/xc_929047_comparison.png
xc:929047,comkin1,12,12,0.906,0.075,/home/okamoto/NAS/nasbi/ToriNET/segments/test_samples_results_v2/comkin1/xc_929047_comparison.png
xc:929047,comkin1,14,2,0.139,0.07,/home/okamoto/NAS/nasbi/ToriNET/segments/test_samples_results_v2/comkin1/xc_929047_comparison.png
xc:797798,compoc,1,42,3.371,0.08,/home/okamoto/NAS/nasbi/ToriNET/segments/test_samples_results_v2/compoc/xc_797798_comparison.png
xc:797798,compoc,2,61,7.709,0.126,/home/okamoto/NAS/nasbi/ToriNET/segments/test_samples_results_v2/compoc/xc_797798_comparison.png
xc:797798,compoc,3,5,24.636,4.927,/home/okamoto/NAS/nasbi/ToriNET/segments/test_samples_results_v2/compoc/xc_797798_comparison.png
xc:797798,compoc,6,28,18.885,0.674,/home/okamoto/NAS/nasbi/ToriNET/segments/test_samples_results_v2/compoc/xc_797798_comparison.png
xc:797798,compoc,8,38,10.784,0.284,/home/okamoto/NAS/nasbi/ToriNET/segments/test_samples_results_v2/compoc/xc_797798_comparison.png
xc:797798,compoc,12,0,0.0,0.0,/home/okamoto/NAS/nasbi/ToriNET/segments/test_samples_results_v2/compoc/xc_797798_comparison.png
xc:797798,compoc,14,2,0.091,0.045,/home/okamoto/NAS/nasbi/ToriNET/segments/test_samples_results_v2/compoc/xc_797798_comparison.png
xc:570725,compoc,1,4,1.846,0.461,/home/okamoto/NAS/nasbi/ToriNET/segments/test_samples_results_v2/compoc/xc_570725_comparison.png
xc:570725,compoc,2,7,1.297,0.185,/home/okamoto/NAS/nasbi/ToriNET/segments/test_samples_results_v2/compoc/xc_570725_comparison.png
xc:570725,compoc,3,10,7.831,0.783,/home/okamoto/NAS/nasbi/ToriNET/segments/test_samples_results_v2/compoc/xc_570725_comparison.png
xc:570725,compoc,6,5,0.702,0.14,/home/okamoto/NAS/nasbi/ToriNET/segments/test_samples_results_v2/compoc/xc_570725_comparison.png
xc:570725,compoc,8,13,2.188,0.168,/home/okamoto/NAS/nasbi/ToriNET/segments/test_samples_results_v2/compoc/xc_570725_comparison.png
xc:570725,compoc,12,4,0.731,0.183,/home/okamoto/NAS/nasbi/ToriNET/segments/test_samples_results_v2/compoc/xc_570725_comparison.png
xc:570725,compoc,14,0,0.0,0.0,/home/okamoto/NAS/nasbi/ToriNET/segments/test_samples_results_v2/compoc/xc_570725_comparison.png
xc:484893,compoc,1,44,5.563,0.126,/home/okamoto/NAS/nasbi/ToriNET/segments/test_samples_results_v2/compoc/xc_484893_comparison.png
xc:484893,compoc,2,49,7.941,0.162,/home/okamoto/NAS/nasbi/ToriNET/segments/test_samples_results_v2/compoc/xc_484893_comparison.png
xc:484893,compoc,3,6,13.205,2.201,/home/okamoto/NAS/nasbi/ToriNET/segments/test_samples_results_v2/compoc/xc_484893_comparison.png
xc:484893,compoc,6,36,5.253,0.146,/home/okamoto/NAS/nasbi/ToriNET/segments/test_samples_results_v2/compoc/xc_484893_comparison.png
xc:484893,compoc,8,32,6.987,0.218,/home/okamoto/NAS/nasbi/ToriNET/segments/test_samples_results_v2/compoc/xc_484893_comparison.png
xc:484893,compoc,12,21,2.251,0.107,/home/okamoto/NAS/nasbi/ToriNET/segments/test_samples_results_v2/compoc/xc_484893_comparison.png
xc:484893,compoc,14,4,0.245,0.061,/home/okamoto/NAS/nasbi/ToriNET/segments/test_samples_results_v2/compoc/xc_484893_comparison.png
xc:783964,compoc,1,58,5.068,0.087,/home/okamoto/NAS/nasbi/ToriNET/segments/test_samples_results_v2/compoc/xc_783964_comparison.png
xc:783964,compoc,2,109,11.758,0.108,/home/okamoto/NAS/nasbi/ToriNET/segments/test_samples_results_v2/compoc/xc_783964_comparison.png
xc:783964,compoc,3,29,39.219,1.352,/home/okamoto/NAS/nasbi/ToriNET/segments/test_samples_results_v2/compoc/xc_783964_comparison.png
xc:783964,compoc,6,79,8.295,0.105,/home/okamoto/NAS/nasbi/ToriNET/segments/test_samples_results_v2/compoc/xc_783964_comparison.png
xc:783964,compoc,8,103,22.332,0.217,/home/okamoto/NAS/nasbi/ToriNET/segments/test_samples_results_v2/compoc/xc_783964_comparison.png
xc:783964,compoc,12,25,2.334,0.093,/home/okamoto/NAS/nasbi/ToriNET/segments/test_samples_results_v2/compoc/xc_783964_comparison.png
xc:783964,compoc,14,8,1.649,0.206,/home/okamoto/NAS/nasbi/ToriNET/segments/test_samples_results_v2/compoc/xc_783964_comparison.png
xc:994657,compoc,1,42,3.429,0.082,/home/okamoto/NAS/nasbi/ToriNET/segments/test_samples_results_v2/compoc/xc_994657_comparison.png
xc:994657,compoc,2,108,14.797,0.137,/home/okamoto/NAS/nasbi/ToriNET/segments/test_samples_results_v2/compoc/xc_994657_comparison.png
xc:994657,compoc,3,36,33.28,0.924,/home/okamoto/NAS/nasbi/ToriNET/segments/test_samples_results_v2/compoc/xc_994657_comparison.png
xc:994657,compoc,6,66,6.789,0.103,/home/okamoto/NAS/nasbi/ToriNET/segments/test_samples_results_v2/compoc/xc_994657_comparison.png
xc:994657,compoc,8,59,18.747,0.318,/home/okamoto/NAS/nasbi/ToriNET/segments/test_samples_results_v2/compoc/xc_994657_comparison.png
xc:994657,compoc,12,2,0.069,0.035,/home/okamoto/NAS/nasbi/ToriNET/segments/test_samples_results_v2/compoc/xc_994657_comparison.png
xc:994657,compoc,14,1,0.043,0.043,/home/okamoto/NAS/nasbi/ToriNET/segments/test_samples_results_v2/compoc/xc_994657_comparison.png
xc:932836,comsan,1,0,0.0,0.0,/home/okamoto/NAS/nasbi/ToriNET/segments/test_samples_results_v2/comsan/xc_932836_comparison.png
xc:932836,comsan,2,1,0.333,0.333,/home/okamoto/NAS/nasbi/ToriNET/segments/test_samples_results_v2/comsan/xc_932836_comparison.png
xc:932836,comsan,3,1,3.064,3.064,/home/okamoto/NAS/nasbi/ToriNET/segments/test_samples_results_v2/comsan/xc_932836_comparison.png
xc:932836,comsan,6,1,0.144,0.144,/home/okamoto/NAS/nasbi/ToriNET/segments/test_samples_results_v2/comsan/xc_932836_comparison.png
xc:932836,comsan,8,7,2.107,0.301,/home/okamoto/NAS/nasbi/ToriNET/segments/test_samples_results_v2/comsan/xc_932836_comparison.png
xc:932836,comsan,12,0,0.0,0.0,/home/okamoto/NAS/nasbi/ToriNET/segments/test_samples_results_v2/comsan/xc_932836_comparison.png
xc:932836,comsan,14,0,0.0,0.0,/home/okamoto/NAS/nasbi/ToriNET/segments/test_samples_results_v2/comsan/xc_932836_comparison.png
xc:599571,comsan,1,3,4.127,1.376,/home/okamoto/NAS/nasbi/ToriNET/segments/test_samples_results_v2/comsan/xc_599571_comparison.png
xc:599571,comsan,2,11,4.629,0.421,/home/okamoto/NAS/nasbi/ToriNET/segments/test_samples_results_v2/comsan/xc_599571_comparison.png
xc:599571,comsan,3,7,3.709,0.53,/home/okamoto/NAS/nasbi/ToriNET/segments/test_samples_results_v2/comsan/xc_599571_comparison.png
xc:599571,comsan,6,4,4.174,1.043,/home/okamoto/NAS/nasbi/ToriNET/segments/test_samples_results_v2/comsan/xc_599571_comparison.png
xc:599571,comsan,8,5,3.953,0.791,/home/okamoto/NAS/nasbi/ToriNET/segments/test_samples_results_v2/comsan/xc_599571_comparison.png
xc:599571,comsan,12,1,4.185,4.185,/home/okamoto/NAS/nasbi/ToriNET/segments/test_samples_results_v2/comsan/xc_599571_comparison.png
xc:599571,comsan,14,9,2.844,0.316,/home/okamoto/NAS/nasbi/ToriNET/segments/test_samples_results_v2/comsan/xc_599571_comparison.png
xc:743065,comsan,1,15,4.309,0.287,/home/okamoto/NAS/nasbi/ToriNET/segments/test_samples_results_v2/comsan/xc_743065_comparison.png
xc:743065,comsan,2,29,5.285,0.182,/home/okamoto/NAS/nasbi/ToriNET/segments/test_samples_results_v2/comsan/xc_743065_comparison.png
xc:743065,comsan,3,16,19.064,1.192,/home/okamoto/NAS/nasbi/ToriNET/segments/test_samples_results_v2/comsan/xc_743065_comparison.png
xc:743065,comsan,6,25,4.293,0.172,/home/okamoto/NAS/nasbi/ToriNET/segments/test_samples_results_v2/comsan/xc_743065_comparison.png
xc:743065,comsan,8,23,3.723,0.162,/home/okamoto/NAS/nasbi/ToriNET/segments/test_samples_results_v2/comsan/xc_743065_comparison.png
xc:743065,comsan,12,11,2.549,0.232,/home/okamoto/NAS/nasbi/ToriNET/segments/test_samples_results_v2/comsan/xc_743065_comparison.png
xc:743065,comsan,14,11,3.157,0.287,/home/okamoto/NAS/nasbi/ToriNET/segments/test_samples_results_v2/comsan/xc_743065_comparison.png
xc:671980,comsan,1,79,14.651,0.185,/home/okamoto/NAS/nasbi/ToriNET/segments/test_samples_results_v2/comsan/xc_671980_comparison.png
xc:671980,comsan,2,71,18.733,0.264,/home/okamoto/NAS/nasbi/ToriNET/segments/test_samples_results_v2/comsan/xc_671980_comparison.png
xc:671980,comsan,3,43,32.099,0.746,/home/okamoto/NAS/nasbi/ToriNET/segments/test_samples_results_v2/comsan/xc_671980_comparison.png
xc:671980,comsan,6,76,18.24,0.24,/home/okamoto/NAS/nasbi/ToriNET/segments/test_samples_results_v2/comsan/xc_671980_comparison.png
xc:671980,comsan,8,65,16.997,0.261,/home/okamoto/NAS/nasbi/ToriNET/segments/test_samples_results_v2/comsan/xc_671980_comparison.png
xc:671980,comsan,12,32,10.517,0.329,/home/okamoto/NAS/nasbi/ToriNET/segments/test_samples_results_v2/comsan/xc_671980_comparison.png
xc:671980,comsan,14,22,8.523,0.387,/home/okamoto/NAS/nasbi/ToriNET/segments/test_samples_results_v2/comsan/xc_671980_comparison.png
xc:894340,comsan,1,1,0.453,0.453,/home/okamoto/NAS/nasbi/ToriNET/segments/test_samples_results_v2/comsan/xc_894340_comparison.png
xc:894340,comsan,2,2,0.771,0.385,/home/okamoto/NAS/nasbi/ToriNET/segments/test_samples_results_v2/comsan/xc_894340_comparison.png
xc:894340,comsan,3,4,3.704,0.926,/home/okamoto/NAS/nasbi/ToriNET/segments/test_samples_results_v2/comsan/xc_894340_comparison.png
xc:894340,comsan,6,2,0.48,0.24,/home/okamoto/NAS/nasbi/ToriNET/segments/test_samples_results_v2/comsan/xc_894340_comparison.png
xc:894340,comsan,8,8,1.883,0.235,/home/okamoto/NAS/nasbi/ToriNET/segments/test_samples_results_v2/comsan/xc_894340_comparison.png
xc:894340,comsan,12,2,0.667,0.333,/home/okamoto/NAS/nasbi/ToriNET/segments/test_samples_results_v2/comsan/xc_894340_comparison.png
xc:894340,comsan,14,1,0.416,0.416,/home/okamoto/NAS/nasbi/ToriNET/segments/test_samples_results_v2/comsan/xc_894340_comparison.png
xc:113350,daured1,1,47,10.752,0.229,/home/okamoto/NAS/nasbi/ToriNET/segments/test_samples_results_v2/daured1/xc_113350_comparison.png
xc:113350,daured1,2,88,14.816,0.168,/home/okamoto/NAS/nasbi/ToriNET/segments/test_samples_results_v2/daured1/xc_113350_comparison.png
xc:113350,daured1,3,30,34.075,1.136,/home/okamoto/NAS/nasbi/ToriNET/segments/test_samples_results_v2/daured1/xc_113350_comparison.png
xc:113350,daured1,6,75,14.933,0.199,/home/okamoto/NAS/nasbi/ToriNET/segments/test_samples_results_v2/daured1/xc_113350_comparison.png
xc:113350,daured1,8,49,11.472,0.234,/home/okamoto/NAS/nasbi/ToriNET/segments/test_samples_results_v2/daured1/xc_113350_comparison.png
xc:113350,daured1,12,23,7.275,0.316,/home/okamoto/NAS/nasbi/ToriNET/segments/test_samples_results_v2/daured1/xc_113350_comparison.png
xc:113350,daured1,14,16,34.315,2.145,/home/okamoto/NAS/nasbi/ToriNET/segments/test_samples_results_v2/daured1/xc_113350_comparison.png
xc:790686,daured1,1,39,2.656,0.068,/home/okamoto/NAS/nasbi/ToriNET/segments/test_samples_results_v2/daured1/xc_790686_comparison.png
xc:790686,daured1,2,101,11.395,0.113,/home/okamoto/NAS/nasbi/ToriNET/segments/test_samples_results_v2/daured1/xc_790686_comparison.png
xc:790686,daured1,3,26,31.693,1.219,/home/okamoto/NAS/nasbi/ToriNET/segments/test_samples_results_v2/daured1/xc_790686_comparison.png
xc:790686,daured1,6,76,14.907,0.196,/home/okamoto/NAS/nasbi/ToriNET/segments/test_samples_results_v2/daured1/xc_790686_comparison.png
xc:790686,daured1,8,70,16.437,0.235,/home/okamoto/NAS/nasbi/ToriNET/segments/test_samples_results_v2/daured1/xc_790686_comparison.png
xc:790686,daured1,12,29,5.749,0.198,/home/okamoto/NAS/nasbi/ToriNET/segments/test_samples_results_v2/daured1/xc_790686_comparison.png
xc:790686,daured1,14,17,6.656,0.392,/home/okamoto/NAS/nasbi/ToriNET/segments/test_samples_results_v2/daured1/xc_790686_comparison.png
xc:977650,daured1,1,74,4.496,0.061,/home/okamoto/NAS/nasbi/ToriNET/segments/test_samples_results_v2/daured1/xc_977650_comparison.png
xc:977650,daured1,2,105,7.739,0.074,/home/okamoto/NAS/nasbi/ToriNET/segments/test_samples_results_v2/daured1/xc_977650_comparison.png
xc:977650,daured1,3,26,45.013,1.731,/home/okamoto/NAS/nasbi/ToriNET/segments/test_samples_results_v2/daured1/xc_977650_comparison.png
xc:977650,daured1,6,118,8.304,0.07,/home/okamoto/NAS/nasbi/ToriNET/segments/test_samples_results_v2/daured1/xc_977650_comparison.png
xc:977650,daured1,8,96,6.491,0.068,/home/okamoto/NAS/nasbi/ToriNET/segments/test_samples_results_v2/daured1/xc_977650_comparison.png
xc:977650,daured1,12,54,3.808,0.071,/home/okamoto/NAS/nasbi/ToriNET/segments/test_samples_results_v2/daured1/xc_977650_comparison.png
xc:977650,daured1,14,10,1.632,0.163,/home/okamoto/NAS/nasbi/ToriNET/segments/test_samples_results_v2/daured1/xc_977650_comparison.png
xc:835735,daured1,1,16,2.45,0.153,/home/okamoto/NAS/nasbi/ToriNET/segments/test_samples_results_v2/daured1/xc_835735_comparison.png
xc:835735,daured1,2,46,10.075,0.219,/home/okamoto/NAS/nasbi/ToriNET/segments/test_samples_results_v2/daured1/xc_835735_comparison.png
xc:835735,daured1,3,17,17.679,1.04,/home/okamoto/NAS/nasbi/ToriNET/segments/test_samples_results_v2/daured1/xc_835735_comparison.png
xc:835735,daured1,6,35,11.209,0.32,/home/okamoto/NAS/nasbi/ToriNET/segments/test_samples_results_v2/daured1/xc_835735_comparison.png
xc:835735,daured1,8,32,11.505,0.36,/home/okamoto/NAS/nasbi/ToriNET/segments/test_samples_results_v2/daured1/xc_835735_comparison.png
xc:835735,daured1,12,13,1.434,0.11,/home/okamoto/NAS/nasbi/ToriNET/segments/test_samples_results_v2/daured1/xc_835735_comparison.png
xc:835735,daured1,14,4,18.959,4.74,/home/okamoto/NAS/nasbi/ToriNET/segments/test_samples_results_v2/daured1/xc_835735_comparison.png
xc:194873,daured1,1,39,5.66,0.145,/home/okamoto/NAS/nasbi/ToriNET/segments/test_samples_results_v2/daured1/xc_194873_comparison.png
xc:194873,daured1,2,97,6.2,0.064,/home/okamoto/NAS/nasbi/ToriNET/segments/test_samples_results_v2/daured1/xc_194873_comparison.png
xc:194873,daured1,3,47,30.511,0.649,/home/okamoto/NAS/nasbi/ToriNET/segments/test_samples_results_v2/daured1/xc_194873_comparison.png
xc:194873,daured1,6,48,6.014,0.125,/home/okamoto/NAS/nasbi/ToriNET/segments/test_samples_results_v2/daured1/xc_194873_comparison.png
xc:194873,daured1,8,79,7.901,0.1,/home/okamoto/NAS/nasbi/ToriNET/segments/test_samples_results_v2/daured1/xc_194873_comparison.png
xc:194873,daured1,12,38,4.934,0.13,/home/okamoto/NAS/nasbi/ToriNET/segments/test_samples_results_v2/daured1/xc_194873_comparison.png
xc:194873,daured1,14,35,3.344,0.096,/home/okamoto/NAS/nasbi/ToriNET/segments/test_samples_results_v2/daured1/xc_194873_comparison.png
xc:811955,dusthr2,1,12,2.981,0.248,/home/okamoto/NAS/nasbi/ToriNET/segments/test_samples_results_v2/dusthr2/xc_811955_comparison.png
xc:811955,dusthr2,2,32,4.251,0.133,/home/okamoto/NAS/nasbi/ToriNET/segments/test_samples_results_v2/dusthr2/xc_811955_comparison.png
xc:811955,dusthr2,3,14,16.011,1.144,/home/okamoto/NAS/nasbi/ToriNET/segments/test_samples_results_v2/dusthr2/xc_811955_comparison.png
xc:811955,dusthr2,6,17,6.203,0.365,/home/okamoto/NAS/nasbi/ToriNET/segments/test_samples_results_v2/dusthr2/xc_811955_comparison.png
xc:811955,dusthr2,8,10,5.365,0.537,/home/okamoto/NAS/nasbi/ToriNET/segments/test_samples_results_v2/dusthr2/xc_811955_comparison.png
xc:811955,dusthr2,12,9,1.547,0.172,/home/okamoto/NAS/nasbi/ToriNET/segments/test_samples_results_v2/dusthr2/xc_811955_comparison.png
xc:811955,dusthr2,14,7,1.12,0.16,/home/okamoto/NAS/nasbi/ToriNET/segments/test_samples_results_v2/dusthr2/xc_811955_comparison.png
xc:979887,dusthr2,1,9,0.928,0.103,/home/okamoto/NAS/nasbi/ToriNET/segments/test_samples_results_v2/dusthr2/xc_979887_comparison.png
xc:979887,dusthr2,2,15,1.499,0.1,/home/okamoto/NAS/nasbi/ToriNET/segments/test_samples_results_v2/dusthr2/xc_979887_comparison.png
xc:979887,dusthr2,3,11,20.443,1.858,/home/okamoto/NAS/nasbi/ToriNET/segments/test_samples_results_v2/dusthr2/xc_979887_comparison.png
xc:979887,dusthr2,6,11,1.029,0.094,/home/okamoto/NAS/nasbi/ToriNET/segments/test_samples_results_v2/dusthr2/xc_979887_comparison.png
xc:979887,dusthr2,8,51,12.048,0.236,/home/okamoto/NAS/nasbi/ToriNET/segments/test_samples_results_v2/dusthr2/xc_979887_comparison.png
xc:979887,dusthr2,12,5,0.181,0.036,/home/okamoto/NAS/nasbi/ToriNET/segments/test_samples_results_v2/dusthr2/xc_979887_comparison.png
xc:979887,dusthr2,14,0,0.0,0.0,/home/okamoto/NAS/nasbi/ToriNET/segments/test_samples_results_v2/dusthr2/xc_979887_comparison.png
xc:696346,dusthr2,1,8,1.823,0.228,/home/okamoto/NAS/nasbi/ToriNET/segments/test_samples_results_v2/dusthr2/xc_696346_comparison.png
xc:696346,dusthr2,2,20,2.264,0.113,/home/okamoto/NAS/nasbi/ToriNET/segments/test_samples_results_v2/dusthr2/xc_696346_comparison.png
xc:696346,dusthr2,3,8,9.636,1.205,/home/okamoto/NAS/nasbi/ToriNET/segments/test_samples_results_v2/dusthr2/xc_696346_comparison.png
xc:696346,dusthr2,6,8,1.939,0.242,/home/okamoto/NAS/nasbi/ToriNET/segments/test_samples_results_v2/dusthr2/xc_696346_comparison.png
xc:696346,dusthr2,8,12,3.233,0.269,/home/okamoto/NAS/nasbi/ToriNET/segments/test_samples_results_v2/dusthr2/xc_696346_comparison.png
xc:696346,dusthr2,12,0,0.0,0.0,/home/okamoto/NAS/nasbi/ToriNET/segments/test_samples_results_v2/dusthr2/xc_696346_comparison.png
xc:696346,dusthr2,14,0,0.0,0.0,/home/okamoto/NAS/nasbi/ToriNET/segments/test_samples_results_v2/dusthr2/xc_696346_comparison.png
xc:893034,dusthr2,1,134,30.933,0.231,/home/okamoto/NAS/nasbi/ToriNET/segments/test_samples_results_v2/dusthr2/xc_893034_comparison.png
xc:893034,dusthr2,2,185,24.187,0.131,/home/okamoto/NAS/nasbi/ToriNET/segments/test_samples_results_v2/dusthr2/xc_893034_comparison.png
xc:893034,dusthr2,3,70,75.064,1.072,/home/okamoto/NAS/nasbi/ToriNET/segments/test_samples_results_v2/dusthr2/xc_893034_comparison.png
xc:893034,dusthr2,6,132,41.451,0.314,/home/okamoto/NAS/nasbi/ToriNET/segments/test_samples_results_v2/dusthr2/xc_893034_comparison.png
xc:893034,dusthr2,8,123,43.296,0.352,/home/okamoto/NAS/nasbi/ToriNET/segments/test_samples_results_v2/dusthr2/xc_893034_comparison.png
xc:893034,dusthr2,12,52,9.915,0.191,/home/okamoto/NAS/nasbi/ToriNET/segments/test_samples_results_v2/dusthr2/xc_893034_comparison.png
xc:893034,dusthr2,14,39,17.109,0.439,/home/okamoto/NAS/nasbi/ToriNET/segments/test_samples_results_v2/dusthr2/xc_893034_comparison.png
xc:708761,dusthr2,1,35,6.219,0.178,/home/okamoto/NAS/nasbi/ToriNET/segments/test_samples_results_v2/dusthr2/xc_708761_comparison.png
xc:708761,dusthr2,2,68,7.32,0.108,/home/okamoto/NAS/nasbi/ToriNET/segments/test_samples_results_v2/dusthr2/xc_708761_comparison.png
xc:708761,dusthr2,3,44,44.803,1.018,/home/okamoto/NAS/nasbi/ToriNET/segments/test_samples_results_v2/dusthr2/xc_708761_comparison.png
xc:708761,dusthr2,6,70,10.661,0.152,/home/okamoto/NAS/nasbi/ToriNET/segments/test_samples_results_v2/dusthr2/xc_708761_comparison.png
xc:708761,dusthr2,8,52,17.685,0.34,/home/okamoto/NAS/nasbi/ToriNET/segments/test_samples_results_v2/dusthr2/xc_708761_comparison.png
xc:708761,dusthr2,12,20,1.627,0.081,/home/okamoto/NAS/nasbi/ToriNET/segments/test_samples_results_v2/dusthr2/xc_708761_comparison.png
xc:708761,dusthr2,14,2,0.512,0.256,/home/okamoto/NAS/nasbi/ToriNET/segments/test_samples_results_v2/dusthr2/xc_708761_comparison.png
xc:357835,eurcoo,1,18,3.268,0.182,/home/okamoto/NAS/nasbi/ToriNET/segments/test_samples_results_v2/eurcoo/xc_357835_comparison.png
xc:357835,eurcoo,2,23,3.518,0.153,/home/okamoto/NAS/nasbi/ToriNET/segments/test_samples_results_v2/eurcoo/xc_357835_comparison.png
xc:357835,eurcoo,3,49,48.663,0.993,/home/okamoto/NAS/nasbi/ToriNET/segments/test_samples_results_v2/eurcoo/xc_357835_comparison.png
xc:357835,eurcoo,6,29,4.528,0.156,/home/okamoto/NAS/nasbi/ToriNET/segments/test_samples_results_v2/eurcoo/xc_357835_comparison.png
xc:357835,eurcoo,8,121,31.33,0.259,/home/okamoto/NAS/nasbi/ToriNET/segments/test_samples_results_v2/eurcoo/xc_357835_comparison.png
xc:357835,eurcoo,12,21,3.216,0.153,/home/okamoto/NAS/nasbi/ToriNET/segments/test_samples_results_v2/eurcoo/xc_357835_comparison.png
xc:357835,eurcoo,14,14,5.677,0.406,/home/okamoto/NAS/nasbi/ToriNET/segments/test_samples_results_v2/eurcoo/xc_357835_comparison.png
xc:631503,eurcoo,1,5,1.312,0.262,/home/okamoto/NAS/nasbi/ToriNET/segments/test_samples_results_v2/eurcoo/xc_631503_comparison.png
xc:631503,eurcoo,2,8,1.64,0.205,/home/okamoto/NAS/nasbi/ToriNET/segments/test_samples_results_v2/eurcoo/xc_631503_comparison.png
xc:631503,eurcoo,3,16,25.835,1.615,/home/okamoto/NAS/nasbi/ToriNET/segments/test_samples_results_v2/eurcoo/xc_631503_comparison.png
xc:631503,eurcoo,6,19,1.318,0.069,/home/okamoto/NAS/nasbi/ToriNET/segments/test_samples_results_v2/eurcoo/xc_631503_comparison.png
xc:631503,eurcoo,8,10,20.584,2.058,/home/okamoto/NAS/nasbi/ToriNET/segments/test_samples_results_v2/eurcoo/xc_631503_comparison.png
xc:631503,eurcoo,12,12,1.109,0.092,/home/okamoto/NAS/nasbi/ToriNET/segments/test_samples_results_v2/eurcoo/xc_631503_comparison.png
xc:631503,eurcoo,14,3,0.499,0.166,/home/okamoto/NAS/nasbi/ToriNET/segments/test_samples_results_v2/eurcoo/xc_631503_comparison.png
xc:902431,eurcoo,1,92,13.445,0.146,/home/okamoto/NAS/nasbi/ToriNET/segments/test_samples_results_v2/eurcoo/xc_902431_comparison.png
xc:902431,eurcoo,2,121,15.205,0.126,/home/okamoto/NAS/nasbi/ToriNET/segments/test_samples_results_v2/eurcoo/xc_902431_comparison.png
xc:902431,eurcoo,3,35,40.952,1.17,/home/okamoto/NAS/nasbi/ToriNET/segments/test_samples_results_v2/eurcoo/xc_902431_comparison.png
xc:902431,eurcoo,6,101,17.061,0.169,/home/okamoto/NAS/nasbi/ToriNET/segments/test_samples_results_v2/eurcoo/xc_902431_comparison.png
xc:902431,eurcoo,8,101,13.739,0.136,/home/okamoto/NAS/nasbi/ToriNET/segments/test_samples_results_v2/eurcoo/xc_902431_comparison.png
xc:902431,eurcoo,12,69,6.069,0.088,/home/okamoto/NAS/nasbi/ToriNET/segments/test_samples_results_v2/eurcoo/xc_902431_comparison.png
xc:902431,eurcoo,14,37,7.915,0.214,/home/okamoto/NAS/nasbi/ToriNET/segments/test_samples_results_v2/eurcoo/xc_902431_comparison.png
xc:825928,eurcoo,1,9,2.572,0.286,/home/okamoto/NAS/nasbi/ToriNET/segments/test_samples_results_v2/eurcoo/xc_825928_comparison.png
xc:825928,eurcoo,2,28,2.49,0.089,/home/okamoto/NAS/nasbi/ToriNET/segments/test_samples_results_v2/eurcoo/xc_825928_comparison.png
xc:825928,eurcoo,3,73,50.602,0.693,/home/okamoto/NAS/nasbi/ToriNET/segments/test_samples_results_v2/eurcoo/xc_825928_comparison.png
xc:825928,eurcoo,6,12,2.676,0.223,/home/okamoto/NAS/nasbi/ToriNET/segments/test_samples_results_v2/eurcoo/xc_825928_comparison.png
xc:825928,eurcoo,8,97,26.523,0.273,/home/okamoto/NAS/nasbi/ToriNET/segments/test_samples_results_v2/eurcoo/xc_825928_comparison.png
xc:825928,eurcoo,12,8,3.303,0.413,/home/okamoto/NAS/nasbi/ToriNET/segments/test_samples_results_v2/eurcoo/xc_825928_comparison.png
xc:825928,eurcoo,14,7,3.495,0.499,/home/okamoto/NAS/nasbi/ToriNET/segments/test_samples_results_v2/eurcoo/xc_825928_comparison.png
xc:551713,eurcoo,1,0,0.0,0.0,/home/okamoto/NAS/nasbi/ToriNET/segments/test_samples_results_v2/eurcoo/xc_551713_comparison.png
xc:551713,eurcoo,2,3,0.412,0.137,/home/okamoto/NAS/nasbi/ToriNET/segments/test_samples_results_v2/eurcoo/xc_551713_comparison.png
xc:551713,eurcoo,3,7,6.284,0.898,/home/okamoto/NAS/nasbi/ToriNET/segments/test_samples_results_v2/eurcoo/xc_551713_comparison.png
xc:551713,eurcoo,6,2,0.081,0.041,/home/okamoto/NAS/nasbi/ToriNET/segments/test_samples_results_v2/eurcoo/xc_551713_comparison.png
xc:551713,eurcoo,8,22,5.166,0.235,/home/okamoto/NAS/nasbi/ToriNET/segments/test_samples_results_v2/eurcoo/xc_551713_comparison.png
xc:551713,eurcoo,12,3,0.139,0.046,/home/okamoto/NAS/nasbi/ToriNET/segments/test_samples_results_v2/eurcoo/xc_551713_comparison.png
xc:551713,eurcoo,14,0,0.0,0.0,/home/okamoto/NAS/nasbi/ToriNET/segments/test_samples_results_v2/eurcoo/xc_551713_comparison.png
xc:706792,eurwig,1,1,0.412,0.412,/home/okamoto/NAS/nasbi/ToriNET/segments/test_samples_results_v2/eurwig/xc_706792_comparison.png
xc:706792,eurwig,2,3,0.653,0.218,/home/okamoto/NAS/nasbi/ToriNET/segments/test_samples_results_v2/eurwig/xc_706792_comparison.png
xc:706792,eurwig,3,15,9.555,0.637,/home/okamoto/NAS/nasbi/ToriNET/segments/test_samples_results_v2/eurwig/xc_706792_comparison.png
xc:706792,eurwig,6,9,1.074,0.119,/home/okamoto/NAS/nasbi/ToriNET/segments/test_samples_results_v2/eurwig/xc_706792_comparison.png
xc:706792,eurwig,8,20,5.927,0.296,/home/okamoto/NAS/nasbi/ToriNET/segments/test_samples_results_v2/eurwig/xc_706792_comparison.png
xc:706792,eurwig,12,1,0.401,0.401,/home/okamoto/NAS/nasbi/ToriNET/segments/test_samples_results_v2/eurwig/xc_706792_comparison.png
xc:706792,eurwig,14,1,0.058,0.058,/home/okamoto/NAS/nasbi/ToriNET/segments/test_samples_results_v2/eurwig/xc_706792_comparison.png
xc:702702,eurwig,1,9,1.103,0.123,/home/okamoto/NAS/nasbi/ToriNET/segments/test_samples_results_v2/eurwig/xc_702702_comparison.png
xc:702702,eurwig,2,14,2.075,0.148,/home/okamoto/NAS/nasbi/ToriNET/segments/test_samples_results_v2/eurwig/xc_702702_comparison.png
xc:702702,eurwig,3,7,9.741,1.392,/home/okamoto/NAS/nasbi/ToriNET/segments/test_samples_results_v2/eurwig/xc_702702_comparison.png
xc:702702,eurwig,6,11,1.55,0.141,/home/okamoto/NAS/nasbi/ToriNET/segments/test_samples_results_v2/eurwig/xc_702702_comparison.png
xc:702702,eurwig,8,24,4.719,0.197,/home/okamoto/NAS/nasbi/ToriNET/segments/test_samples_results_v2/eurwig/xc_702702_comparison.png
xc:702702,eurwig,12,9,1.265,0.141,/home/okamoto/NAS/nasbi/ToriNET/segments/test_samples_results_v2/eurwig/xc_702702_comparison.png
xc:702702,eurwig,14,4,0.569,0.142,/home/okamoto/NAS/nasbi/ToriNET/segments/test_samples_results_v2/eurwig/xc_702702_comparison.png
xc:894419,eurwig,1,2,0.085,0.043,/home/okamoto/NAS/nasbi/ToriNET/segments/test_samples_results_v2/eurwig/xc_894419_comparison.png
xc:894419,eurwig,2,27,2.539,0.094,/home/okamoto/NAS/nasbi/ToriNET/segments/test_samples_results_v2/eurwig/xc_894419_comparison.png
xc:894419,eurwig,3,13,17.445,1.342,/home/okamoto/NAS/nasbi/ToriNET/segments/test_samples_results_v2/eurwig/xc_894419_comparison.png
xc:894419,eurwig,6,10,0.597,0.06,/home/okamoto/NAS/nasbi/ToriNET/segments/test_samples_results_v2/eurwig/xc_894419_comparison.png
xc:894419,eurwig,8,51,10.405,0.204,/home/okamoto/NAS/nasbi/ToriNET/segments/test_samples_results_v2/eurwig/xc_894419_comparison.png
xc:894419,eurwig,12,15,1.221,0.081,/home/okamoto/NAS/nasbi/ToriNET/segments/test_samples_results_v2/eurwig/xc_894419_comparison.png
xc:894419,eurwig,14,5,0.309,0.062,/home/okamoto/NAS/nasbi/ToriNET/segments/test_samples_results_v2/eurwig/xc_894419_comparison.png
xc:706795,eurwig,1,2,0.215,0.107,/home/okamoto/NAS/nasbi/ToriNET/segments/test_samples_results_v2/eurwig/xc_706795_comparison.png
xc:706795,eurwig,2,11,1.103,0.1,/home/okamoto/NAS/nasbi/ToriNET/segments/test_samples_results_v2/eurwig/xc_706795_comparison.png
xc:706795,eurwig,3,10,21.328,2.133,/home/okamoto/NAS/nasbi/ToriNET/segments/test_samples_results_v2/eurwig/xc_706795_comparison.png
xc:706795,eurwig,6,29,3.291,0.113,/home/okamoto/NAS/nasbi/ToriNET/segments/test_samples_results_v2/eurwig/xc_706795_comparison.png
xc:706795,eurwig,8,34,13.427,0.395,/home/okamoto/NAS/nasbi/ToriNET/segments/test_samples_results_v2/eurwig/xc_706795_comparison.png
xc:706795,eurwig,12,3,0.209,0.07,/home/okamoto/NAS/nasbi/ToriNET/segments/test_samples_results_v2/eurwig/xc_706795_comparison.png
xc:706795,eurwig,14,0,0.0,0.0,/home/okamoto/NAS/nasbi/ToriNET/segments/test_samples_results_v2/eurwig/xc_706795_comparison.png
xc:1051756,eurwig,1,4,0.251,0.063,/home/okamoto/NAS/nasbi/ToriNET/segments/test_samples_results_v2/eurwig/xc_1051756_comparison.png
xc:1051756,eurwig,2,8,1.411,0.176,/home/okamoto/NAS/nasbi/ToriNET/segments/test_samples_results_v2/eurwig/xc_1051756_comparison.png
xc:1051756,eurwig,3,28,17.261,0.616,/home/okamoto/NAS/nasbi/ToriNET/segments/test_samples_results_v2/eurwig/xc_1051756_comparison.png
xc:1051756,eurwig,6,11,1.232,0.112,/home/okamoto/NAS/nasbi/ToriNET/segments/test_samples_results_v2/eurwig/xc_1051756_comparison.png
xc:1051756,eurwig,8,17,7.077,0.416,/home/okamoto/NAS/nasbi/ToriNET/segments/test_samples_results_v2/eurwig/xc_1051756_comparison.png
xc:1051756,eurwig,12,0,0.0,0.0,/home/okamoto/NAS/nasbi/ToriNET/segments/test_samples_results_v2/eurwig/xc_1051756_comparison.png
xc:1051756,eurwig,14,3,0.64,0.213,/home/okamoto/NAS/nasbi/ToriNET/segments/test_samples_results_v2/eurwig/xc_1051756_comparison.png
xc:381814,eutspa,1,29,3.568,0.123,/home/okamoto/NAS/nasbi/ToriNET/segments/test_samples_results_v2/eutspa/xc_381814_comparison.png
xc:381814,eutspa,2,54,5.176,0.096,/home/okamoto/NAS/nasbi/ToriNET/segments/test_samples_results_v2/eutspa/xc_381814_comparison.png
xc:381814,eutspa,3,21,29.256,1.393,/home/okamoto/NAS/nasbi/ToriNET/segments/test_samples_results_v2/eutspa/xc_381814_comparison.png
xc:381814,eutspa,6,44,4.453,0.101,/home/okamoto/NAS/nasbi/ToriNET/segments/test_samples_results_v2/eutspa/xc_381814_comparison.png
xc:381814,eutspa,8,37,3.701,0.1,/home/okamoto/NAS/nasbi/ToriNET/segments/test_samples_results_v2/eutspa/xc_381814_comparison.png
xc:381814,eutspa,12,35,4.517,0.129,/home/okamoto/NAS/nasbi/ToriNET/segments/test_samples_results_v2/eutspa/xc_381814_comparison.png
xc:381814,eutspa,14,20,1.867,0.093,/home/okamoto/NAS/nasbi/ToriNET/segments/test_samples_results_v2/eutspa/xc_381814_comparison.png
xc:936174,eutspa,1,164,20.821,0.127,/home/okamoto/NAS/nasbi/ToriNET/segments/test_samples_results_v2/eutspa/xc_936174_comparison.png
xc:936174,eutspa,2,220,24.443,0.111,/home/okamoto/NAS/nasbi/ToriNET/segments/test_samples_results_v2/eutspa/xc_936174_comparison.png
xc:936174,eutspa,3,65,80.091,1.232,/home/okamoto/NAS/nasbi/ToriNET/segments/test_samples_results_v2/eutspa/xc_936174_comparison.png
xc:936174,eutspa,6,225,33.451,0.149,/home/okamoto/NAS/nasbi/ToriNET/segments/test_samples_results_v2/eutspa/xc_936174_comparison.png
xc:936174,eutspa,8,206,50.859,0.247,/home/okamoto/NAS/nasbi/ToriNET/segments/test_samples_results_v2/eutspa/xc_936174_comparison.png
xc:936174,eutspa,12,57,9.2,0.161,/home/okamoto/NAS/nasbi/ToriNET/segments/test_samples_results_v2/eutspa/xc_936174_comparison.png
xc:936174,eutspa,14,34,6.592,0.194,/home/okamoto/NAS/nasbi/ToriNET/segments/test_samples_results_v2/eutspa/xc_936174_comparison.png
xc:185713,eutspa,1,136,21.217,0.156,/home/okamoto/NAS/nasbi/ToriNET/segments/test_samples_results_v2/eutspa/xc_185713_comparison.png
xc:185713,eutspa,2,188,26.819,0.143,/home/okamoto/NAS/nasbi/ToriNET/segments/test_samples_results_v2/eutspa/xc_185713_comparison.png
xc:185713,eutspa,3,79,58.947,0.746,/home/okamoto/NAS/nasbi/ToriNET/segments/test_samples_results_v2/eutspa/xc_185713_comparison.png
xc:185713,eutspa,6,157,24.567,0.156,/home/okamoto/NAS/nasbi/ToriNET/segments/test_samples_results_v2/eutspa/xc_185713_comparison.png
xc:185713,eutspa,8,134,31.242,0.233,/home/okamoto/NAS/nasbi/ToriNET/segments/test_samples_results_v2/eutspa/xc_185713_comparison.png
xc:185713,eutspa,12,39,4.522,0.116,/home/okamoto/NAS/nasbi/ToriNET/segments/test_samples_results_v2/eutspa/xc_185713_comparison.png
xc:185713,eutspa,14,23,4.748,0.206,/home/okamoto/NAS/nasbi/ToriNET/segments/test_samples_results_v2/eutspa/xc_185713_comparison.png
xc:164536,eutspa,1,114,16.032,0.141,/home/okamoto/NAS/nasbi/ToriNET/segments/test_samples_results_v2/eutspa/xc_164536_comparison.png
xc:164536,eutspa,2,194,23.123,0.119,/home/okamoto/NAS/nasbi/ToriNET/segments/test_samples_results_v2/eutspa/xc_164536_comparison.png
xc:164536,eutspa,3,70,86.061,1.229,/home/okamoto/NAS/nasbi/ToriNET/segments/test_samples_results_v2/eutspa/xc_164536_comparison.png
xc:164536,eutspa,6,175,32.539,0.186,/home/okamoto/NAS/nasbi/ToriNET/segments/test_samples_results_v2/eutspa/xc_164536_comparison.png
xc:164536,eutspa,8,190,47.707,0.251,/home/okamoto/NAS/nasbi/ToriNET/segments/test_samples_results_v2/eutspa/xc_164536_comparison.png
xc:164536,eutspa,12,115,17.589,0.153,/home/okamoto/NAS/nasbi/ToriNET/segments/test_samples_results_v2/eutspa/xc_164536_comparison.png
xc:164536,eutspa,14,55,6.027,0.11,/home/okamoto/NAS/nasbi/ToriNET/segments/test_samples_results_v2/eutspa/xc_164536_comparison.png
xc:341173,eutspa,1,51,10.536,0.207,/home/okamoto/NAS/nasbi/ToriNET/segments/test_samples_results_v2/eutspa/xc_341173_comparison.png
xc:341173,eutspa,2,67,8.406,0.125,/home/okamoto/NAS/nasbi/ToriNET/segments/test_samples_results_v2/eutspa/xc_341173_comparison.png
xc:341173,eutspa,3,29,22.985,0.793,/home/okamoto/NAS/nasbi/ToriNET/segments/test_samples_results_v2/eutspa/xc_341173_comparison.png
xc:341173,eutspa,6,57,11.401,0.2,/home/okamoto/NAS/nasbi/ToriNET/segments/test_samples_results_v2/eutspa/xc_341173_comparison.png
xc:341173,eutspa,8,57,10.838,0.19,/home/okamoto/NAS/nasbi/ToriNET/segments/test_samples_results_v2/eutspa/xc_341173_comparison.png
xc:341173,eutspa,12,48,7.999,0.167,/home/okamoto/NAS/nasbi/ToriNET/segments/test_samples_results_v2/eutspa/xc_341173_comparison.png
xc:341173,eutspa,14,15,1.068,0.071,/home/okamoto/NAS/nasbi/ToriNET/segments/test_samples_results_v2/eutspa/xc_341173_comparison.png
xc:651967,gadwal,1,75,10.043,0.134,/home/okamoto/NAS/nasbi/ToriNET/segments/test_samples_results_v2/gadwal/xc_651967_comparison.png
xc:651967,gadwal,2,217,21.728,0.1,/home/okamoto/NAS/nasbi/ToriNET/segments/test_samples_results_v2/gadwal/xc_651967_comparison.png
xc:651967,gadwal,3,76,67.956,0.894,/home/okamoto/NAS/nasbi/ToriNET/segments/test_samples_results_v2/gadwal/xc_651967_comparison.png
xc:651967,gadwal,6,140,17.734,0.127,/home/okamoto/NAS/nasbi/ToriNET/segments/test_samples_results_v2/gadwal/xc_651967_comparison.png
xc:651967,gadwal,8,145,42.26,0.291,/home/okamoto/NAS/nasbi/ToriNET/segments/test_samples_results_v2/gadwal/xc_651967_comparison.png
xc:651967,gadwal,12,26,3.413,0.131,/home/okamoto/NAS/nasbi/ToriNET/segments/test_samples_results_v2/gadwal/xc_651967_comparison.png
xc:651967,gadwal,14,2,0.244,0.122,/home/okamoto/NAS/nasbi/ToriNET/segments/test_samples_results_v2/gadwal/xc_651967_comparison.png
xc:548049,gadwal,1,52,12.417,0.239,/home/okamoto/NAS/nasbi/ToriNET/segments/test_samples_results_v2/gadwal/xc_548049_comparison.png
xc:548049,gadwal,2,67,8.716,0.13,/home/okamoto/NAS/nasbi/ToriNET/segments/test_samples_results_v2/gadwal/xc_548049_comparison.png
xc:548049,gadwal,3,36,15.975,0.444,/home/okamoto/NAS/nasbi/ToriNET/segments/test_samples_results_v2/gadwal/xc_548049_comparison.png
xc:548049,gadwal,6,52,13.328,0.256,/home/okamoto/NAS/nasbi/ToriNET/segments/test_samples_results_v2/gadwal/xc_548049_comparison.png
xc:548049,gadwal,8,57,9.52,0.167,/home/okamoto/NAS/nasbi/ToriNET/segments/test_samples_results_v2/gadwal/xc_548049_comparison.png
xc:548049,gadwal,12,0,0.0,0.0,/home/okamoto/NAS/nasbi/ToriNET/segments/test_samples_results_v2/gadwal/xc_548049_comparison.png
xc:548049,gadwal,14,1,0.058,0.058,/home/okamoto/NAS/nasbi/ToriNET/segments/test_samples_results_v2/gadwal/xc_548049_comparison.png
xc:963992,gadwal,1,33,5.904,0.179,/home/okamoto/NAS/nasbi/ToriNET/segments/test_samples_results_v2/gadwal/xc_963992_comparison.png
xc:963992,gadwal,2,41,6.645,0.162,/home/okamoto/NAS/nasbi/ToriNET/segments/test_samples_results_v2/gadwal/xc_963992_comparison.png
xc:963992,gadwal,3,11,12.965,1.179,/home/okamoto/NAS/nasbi/ToriNET/segments/test_samples_results_v2/gadwal/xc_963992_comparison.png
xc:963992,gadwal,6,34,7.115,0.209,/home/okamoto/NAS/nasbi/ToriNET/segments/test_samples_results_v2/gadwal/xc_963992_comparison.png
xc:963992,gadwal,8,34,7.803,0.229,/home/okamoto/NAS/nasbi/ToriNET/segments/test_samples_results_v2/gadwal/xc_963992_comparison.png
xc:963992,gadwal,12,3,0.517,0.172,/home/okamoto/NAS/nasbi/ToriNET/segments/test_samples_results_v2/gadwal/xc_963992_comparison.png
xc:963992,gadwal,14,2,0.139,0.069,/home/okamoto/NAS/nasbi/ToriNET/segments/test_samples_results_v2/gadwal/xc_963992_comparison.png
xc:284792,gadwal,1,15,4.133,0.276,/home/okamoto/NAS/nasbi/ToriNET/segments/test_samples_results_v2/gadwal/xc_284792_comparison.png
xc:284792,gadwal,2,18,4.395,0.244,/home/okamoto/NAS/nasbi/ToriNET/segments/test_samples_results_v2/gadwal/xc_284792_comparison.png
xc:284792,gadwal,3,13,7.501,0.577,/home/okamoto/NAS/nasbi/ToriNET/segments/test_samples_results_v2/gadwal/xc_284792_comparison.png
xc:284792,gadwal,6,12,5.344,0.445,/home/okamoto/NAS/nasbi/ToriNET/segments/test_samples_results_v2/gadwal/xc_284792_comparison.png
xc:284792,gadwal,8,13,3.525,0.271,/home/okamoto/NAS/nasbi/ToriNET/segments/test_samples_results_v2/gadwal/xc_284792_comparison.png
xc:284792,gadwal,12,7,0.709,0.101,/home/okamoto/NAS/nasbi/ToriNET/segments/test_samples_results_v2/gadwal/xc_284792_comparison.png
xc:284792,gadwal,14,5,1.429,0.286,/home/okamoto/NAS/nasbi/ToriNET/segments/test_samples_results_v2/gadwal/xc_284792_comparison.png
xc:1021736,gadwal,1,12,1.683,0.14,/home/okamoto/NAS/nasbi/ToriNET/segments/test_samples_results_v2/gadwal/xc_1021736_comparison.png
xc:1021736,gadwal,2,16,1.602,0.1,/home/okamoto/NAS/nasbi/ToriNET/segments/test_samples_results_v2/gadwal/xc_1021736_comparison.png
xc:1021736,gadwal,3,6,5.602,0.934,/home/okamoto/NAS/nasbi/ToriNET/segments/test_samples_results_v2/gadwal/xc_1021736_comparison.png
xc:1021736,gadwal,6,15,2.183,0.146,/home/okamoto/NAS/nasbi/ToriNET/segments/test_samples_results_v2/gadwal/xc_1021736_comparison.png
xc:1021736,gadwal,8,10,3.541,0.354,/home/okamoto/NAS/nasbi/ToriNET/segments/test_samples_results_v2/gadwal/xc_1021736_comparison.png
xc:1021736,gadwal,12,5,1.161,0.232,/home/okamoto/NAS/nasbi/ToriNET/segments/test_samples_results_v2/gadwal/xc_1021736_comparison.png
xc:1021736,gadwal,14,1,0.128,0.128,/home/okamoto/NAS/nasbi/ToriNET/segments/test_samples_results_v2/gadwal/xc_1021736_comparison.png
xc:977018,gnwtea,1,8,1.216,0.152,/home/okamoto/NAS/nasbi/ToriNET/segments/test_samples_results_v2/gnwtea/xc_977018_comparison.png
xc:977018,gnwtea,2,7,1.208,0.173,/home/okamoto/NAS/nasbi/ToriNET/segments/test_samples_results_v2/gnwtea/xc_977018_comparison.png
xc:977018,gnwtea,3,7,2.06,0.294,/home/okamoto/NAS/nasbi/ToriNET/segments/test_samples_results_v2/gnwtea/xc_977018_comparison.png
xc:977018,gnwtea,6,7,1.344,0.192,/home/okamoto/NAS/nasbi/ToriNET/segments/test_samples_results_v2/gnwtea/xc_977018_comparison.png
xc:977018,gnwtea,8,9,1.792,0.199,/home/okamoto/NAS/nasbi/ToriNET/segments/test_samples_results_v2/gnwtea/xc_977018_comparison.png
xc:977018,gnwtea,12,4,0.28,0.07,/home/okamoto/NAS/nasbi/ToriNET/segments/test_samples_results_v2/gnwtea/xc_977018_comparison.png
xc:977018,gnwtea,14,1,0.08,0.08,/home/okamoto/NAS/nasbi/ToriNET/segments/test_samples_results_v2/gnwtea/xc_977018_comparison.png
xc:533237,gnwtea,1,75,8.719,0.116,/home/okamoto/NAS/nasbi/ToriNET/segments/test_samples_results_v2/gnwtea/xc_533237_comparison.png
xc:533237,gnwtea,2,138,14.17,0.103,/home/okamoto/NAS/nasbi/ToriNET/segments/test_samples_results_v2/gnwtea/xc_533237_comparison.png
xc:533237,gnwtea,3,71,53.136,0.748,/home/okamoto/NAS/nasbi/ToriNET/segments/test_samples_results_v2/gnwtea/xc_533237_comparison.png
xc:533237,gnwtea,6,102,11.593,0.114,/home/okamoto/NAS/nasbi/ToriNET/segments/test_samples_results_v2/gnwtea/xc_533237_comparison.png
xc:533237,gnwtea,8,104,21.246,0.204,/home/okamoto/NAS/nasbi/ToriNET/segments/test_samples_results_v2/gnwtea/xc_533237_comparison.png
xc:533237,gnwtea,12,51,5.851,0.115,/home/okamoto/NAS/nasbi/ToriNET/segments/test_samples_results_v2/gnwtea/xc_533237_comparison.png
xc:533237,gnwtea,14,45,7.976,0.177,/home/okamoto/NAS/nasbi/ToriNET/segments/test_samples_results_v2/gnwtea/xc_533237_comparison.png
xc:280945,gnwtea,1,36,11.018,0.306,/home/okamoto/NAS/nasbi/ToriNET/segments/test_samples_results_v2/gnwtea/xc_280945_comparison.png
xc:280945,gnwtea,2,55,11.32,0.206,/home/okamoto/NAS/nasbi/ToriNET/segments/test_samples_results_v2/gnwtea/xc_280945_comparison.png
xc:280945,gnwtea,3,30,25.469,0.849,/home/okamoto/NAS/nasbi/ToriNET/segments/test_samples_results_v2/gnwtea/xc_280945_comparison.png
xc:280945,gnwtea,6,43,12.498,0.291,/home/okamoto/NAS/nasbi/ToriNET/segments/test_samples_results_v2/gnwtea/xc_280945_comparison.png
xc:280945,gnwtea,8,36,9.363,0.26,/home/okamoto/NAS/nasbi/ToriNET/segments/test_samples_results_v2/gnwtea/xc_280945_comparison.png
xc:280945,gnwtea,12,28,7.384,0.264,/home/okamoto/NAS/nasbi/ToriNET/segments/test_samples_results_v2/gnwtea/xc_280945_comparison.png
xc:280945,gnwtea,14,8,27.574,3.447,/home/okamoto/NAS/nasbi/ToriNET/segments/test_samples_results_v2/gnwtea/xc_280945_comparison.png
xc:774518,gnwtea,1,2,0.151,0.075,/home/okamoto/NAS/nasbi/ToriNET/segments/test_samples_results_v2/gnwtea/xc_774518_comparison.png
xc:774518,gnwtea,2,10,1.161,0.116,/home/okamoto/NAS/nasbi/ToriNET/segments/test_samples_results_v2/gnwtea/xc_774518_comparison.png
xc:774518,gnwtea,3,8,9.854,1.232,/home/okamoto/NAS/nasbi/ToriNET/segments/test_samples_results_v2/gnwtea/xc_774518_comparison.png
xc:774518,gnwtea,6,33,3.64,0.11,/home/okamoto/NAS/nasbi/ToriNET/segments/test_samples_results_v2/gnwtea/xc_774518_comparison.png
xc:774518,gnwtea,8,36,5.062,0.141,/home/okamoto/NAS/nasbi/ToriNET/segments/test_samples_results_v2/gnwtea/xc_774518_comparison.png
xc:774518,gnwtea,12,3,0.122,0.041,/home/okamoto/NAS/nasbi/ToriNET/segments/test_samples_results_v2/gnwtea/xc_774518_comparison.png
xc:774518,gnwtea,14,3,0.348,0.116,/home/okamoto/NAS/nasbi/ToriNET/segments/test_samples_results_v2/gnwtea/xc_774518_comparison.png
xc:309109,gnwtea,1,58,13.729,0.237,/home/okamoto/NAS/nasbi/ToriNET/segments/test_samples_results_v2/gnwtea/xc_309109_comparison.png
xc:309109,gnwtea,2,58,13.398,0.231,/home/okamoto/NAS/nasbi/ToriNET/segments/test_samples_results_v2/gnwtea/xc_309109_comparison.png
xc:309109,gnwtea,3,22,17.894,0.813,/home/okamoto/NAS/nasbi/ToriNET/segments/test_samples_results_v2/gnwtea/xc_309109_comparison.png
xc:309109,gnwtea,6,48,14.617,0.305,/home/okamoto/NAS/nasbi/ToriNET/segments/test_samples_results_v2/gnwtea/xc_309109_comparison.png
xc:309109,gnwtea,8,59,11.511,0.195,/home/okamoto/NAS/nasbi/ToriNET/segments/test_samples_results_v2/gnwtea/xc_309109_comparison.png
xc:309109,gnwtea,12,1,0.023,0.023,/home/okamoto/NAS/nasbi/ToriNET/segments/test_samples_results_v2/gnwtea/xc_309109_comparison.png
xc:309109,gnwtea,14,21,8.057,0.384,/home/okamoto/NAS/nasbi/ToriNET/segments/test_samples_results_v2/gnwtea/xc_309109_comparison.png
xc:941740,graher1,1,11,1.493,0.136,/home/okamoto/NAS/nasbi/ToriNET/segments/test_samples_results_v2/graher1/xc_941740_comparison.png
xc:941740,graher1,2,18,1.971,0.109,/home/okamoto/NAS/nasbi/ToriNET/segments/test_samples_results_v2/graher1/xc_941740_comparison.png
xc:941740,graher1,3,9,10.032,1.115,/home/okamoto/NAS/nasbi/ToriNET/segments/test_samples_results_v2/graher1/xc_941740_comparison.png
xc:941740,graher1,6,13,1.691,0.13,/home/okamoto/NAS/nasbi/ToriNET/segments/test_samples_results_v2/graher1/xc_941740_comparison.png
xc:941740,graher1,8,29,5.109,0.176,/home/okamoto/NAS/nasbi/ToriNET/segments/test_samples_results_v2/graher1/xc_941740_comparison.png
xc:941740,graher1,12,9,1.616,0.18,/home/okamoto/NAS/nasbi/ToriNET/segments/test_samples_results_v2/graher1/xc_941740_comparison.png
xc:941740,graher1,14,1,0.288,0.288,/home/okamoto/NAS/nasbi/ToriNET/segments/test_samples_results_v2/graher1/xc_941740_comparison.png
xc:1027522,graher1,1,2,0.244,0.122,/home/okamoto/NAS/nasbi/ToriNET/segments/test_samples_results_v2/graher1/xc_1027522_comparison.png
xc:1027522,graher1,2,3,0.682,0.227,/home/okamoto/NAS/nasbi/ToriNET/segments/test_samples_results_v2/graher1/xc_1027522_comparison.png
xc:1027522,graher1,3,4,6.104,1.526,/home/okamoto/NAS/nasbi/ToriNET/segments/test_samples_results_v2/graher1/xc_1027522_comparison.png
xc:1027522,graher1,6,2,0.319,0.16,/home/okamoto/NAS/nasbi/ToriNET/segments/test_samples_results_v2/graher1/xc_1027522_comparison.png
xc:1027522,graher1,8,18,4.185,0.233,/home/okamoto/NAS/nasbi/ToriNET/segments/test_samples_results_v2/graher1/xc_1027522_comparison.png
xc:1027522,graher1,12,5,0.522,0.104,/home/okamoto/NAS/nasbi/ToriNET/segments/test_samples_results_v2/graher1/xc_1027522_comparison.png
xc:1027522,graher1,14,2,0.406,0.203,/home/okamoto/NAS/nasbi/ToriNET/segments/test_samples_results_v2/graher1/xc_1027522_comparison.png
xc:988147,graher1,1,4,0.264,0.066,/home/okamoto/NAS/nasbi/ToriNET/segments/test_samples_results_v2/graher1/xc_988147_comparison.png
xc:988147,graher1,2,5,1.097,0.219,/home/okamoto/NAS/nasbi/ToriNET/segments/test_samples_results_v2/graher1/xc_988147_comparison.png
xc:988147,graher1,3,2,8.403,4.201,/home/okamoto/NAS/nasbi/ToriNET/segments/test_samples_results_v2/graher1/xc_988147_comparison.png
xc:988147,graher1,6,17,3.664,0.216,/home/okamoto/NAS/nasbi/ToriNET/segments/test_samples_results_v2/graher1/xc_988147_comparison.png
xc:988147,graher1,8,21,6.469,0.308,/home/okamoto/NAS/nasbi/ToriNET/segments/test_samples_results_v2/graher1/xc_988147_comparison.png
xc:988147,graher1,12,1,0.077,0.077,/home/okamoto/NAS/nasbi/ToriNET/segments/test_samples_results_v2/graher1/xc_988147_comparison.png
xc:988147,graher1,14,2,0.245,0.123,/home/okamoto/NAS/nasbi/ToriNET/segments/test_samples_results_v2/graher1/xc_988147_comparison.png
xc:760232,graher1,1,4,2.038,0.509,/home/okamoto/NAS/nasbi/ToriNET/segments/test_samples_results_v2/graher1/xc_760232_comparison.png
xc:760232,graher1,2,8,1.669,0.209,/home/okamoto/NAS/nasbi/ToriNET/segments/test_samples_results_v2/graher1/xc_760232_comparison.png
xc:760232,graher1,3,13,12.597,0.969,/home/okamoto/NAS/nasbi/ToriNET/segments/test_samples_results_v2/graher1/xc_760232_comparison.png
xc:760232,graher1,6,12,3.14,0.262,/home/okamoto/NAS/nasbi/ToriNET/segments/test_samples_results_v2/graher1/xc_760232_comparison.png
xc:760232,graher1,8,17,7.216,0.424,/home/okamoto/NAS/nasbi/ToriNET/segments/test_samples_results_v2/graher1/xc_760232_comparison.png
xc:760232,graher1,12,5,0.923,0.185,/home/okamoto/NAS/nasbi/ToriNET/segments/test_samples_results_v2/graher1/xc_760232_comparison.png
xc:760232,graher1,14,0,0.0,0.0,/home/okamoto/NAS/nasbi/ToriNET/segments/test_samples_results_v2/graher1/xc_760232_comparison.png
xc:781315,graher1,1,20,3.738,0.187,/home/okamoto/NAS/nasbi/ToriNET/segments/test_samples_results_v2/graher1/xc_781315_comparison.png
xc:781315,graher1,2,25,3.024,0.121,/home/okamoto/NAS/nasbi/ToriNET/segments/test_samples_results_v2/graher1/xc_781315_comparison.png
xc:781315,graher1,3,27,15.914,0.589,/home/okamoto/NAS/nasbi/ToriNET/segments/test_samples_results_v2/graher1/xc_781315_comparison.png
xc:781315,graher1,6,31,5.103,0.165,/home/okamoto/NAS/nasbi/ToriNET/segments/test_samples_results_v2/graher1/xc_781315_comparison.png
xc:781315,graher1,8,42,10.077,0.24,/home/okamoto/NAS/nasbi/ToriNET/segments/test_samples_results_v2/graher1/xc_781315_comparison.png
xc:781315,graher1,12,16,2.136,0.134,/home/okamoto/NAS/nasbi/ToriNET/segments/test_samples_results_v2/graher1/xc_781315_comparison.png
xc:781315,graher1,14,10,1.997,0.2,/home/okamoto/NAS/nasbi/ToriNET/segments/test_samples_results_v2/graher1/xc_781315_comparison.png
xc:473226,grcgre1,1,9,4.128,0.459,/home/okamoto/NAS/nasbi/ToriNET/segments/test_samples_results_v2/grcgre1/xc_473226_comparison.png
xc:473226,grcgre1,2,11,2.779,0.253,/home/okamoto/NAS/nasbi/ToriNET/segments/test_samples_results_v2/grcgre1/xc_473226_comparison.png
xc:473226,grcgre1,3,10,8.973,0.897,/home/okamoto/NAS/nasbi/ToriNET/segments/test_samples_results_v2/grcgre1/xc_473226_comparison.png
xc:473226,grcgre1,6,10,4.704,0.47,/home/okamoto/NAS/nasbi/ToriNET/segments/test_samples_results_v2/grcgre1/xc_473226_comparison.png
xc:473226,grcgre1,8,7,4.741,0.677,/home/okamoto/NAS/nasbi/ToriNET/segments/test_samples_results_v2/grcgre1/xc_473226_comparison.png
xc:473226,grcgre1,12,0,0.0,0.0,/home/okamoto/NAS/nasbi/ToriNET/segments/test_samples_results_v2/grcgre1/xc_473226_comparison.png
xc:473226,grcgre1,14,3,0.277,0.092,/home/okamoto/NAS/nasbi/ToriNET/segments/test_samples_results_v2/grcgre1/xc_473226_comparison.png
xc:252268,grcgre1,1,47,12.487,0.266,/home/okamoto/NAS/nasbi/ToriNET/segments/test_samples_results_v2/grcgre1/xc_252268_comparison.png
xc:252268,grcgre1,2,62,8.864,0.143,/home/okamoto/NAS/nasbi/ToriNET/segments/test_samples_results_v2/grcgre1/xc_252268_comparison.png
xc:252268,grcgre1,3,13,16.042,1.234,/home/okamoto/NAS/nasbi/ToriNET/segments/test_samples_results_v2/grcgre1/xc_252268_comparison.png
xc:252268,grcgre1,6,48,13.131,0.274,/home/okamoto/NAS/nasbi/ToriNET/segments/test_samples_results_v2/grcgre1/xc_252268_comparison.png
xc:252268,grcgre1,8,49,8.766,0.179,/home/okamoto/NAS/nasbi/ToriNET/segments/test_samples_results_v2/grcgre1/xc_252268_comparison.png
xc:252268,grcgre1,12,4,0.192,0.048,/home/okamoto/NAS/nasbi/ToriNET/segments/test_samples_results_v2/grcgre1/xc_252268_comparison.png
xc:252268,grcgre1,14,0,0.0,0.0,/home/okamoto/NAS/nasbi/ToriNET/segments/test_samples_results_v2/grcgre1/xc_252268_comparison.png
xc:636568,grcgre1,1,80,15.377,0.192,/home/okamoto/NAS/nasbi/ToriNET/segments/test_samples_results_v2/grcgre1/xc_636568_comparison.png
xc:636568,grcgre1,2,107,20.5,0.192,/home/okamoto/NAS/nasbi/ToriNET/segments/test_samples_results_v2/grcgre1/xc_636568_comparison.png
xc:636568,grcgre1,3,29,32.81,1.131,/home/okamoto/NAS/nasbi/ToriNET/segments/test_samples_results_v2/grcgre1/xc_636568_comparison.png
xc:636568,grcgre1,6,71,18.257,0.257,/home/okamoto/NAS/nasbi/ToriNET/segments/test_samples_results_v2/grcgre1/xc_636568_comparison.png
xc:636568,grcgre1,8,63,12.91,0.205,/home/okamoto/NAS/nasbi/ToriNET/segments/test_samples_results_v2/grcgre1/xc_636568_comparison.png
xc:636568,grcgre1,12,2,0.058,0.029,/home/okamoto/NAS/nasbi/ToriNET/segments/test_samples_results_v2/grcgre1/xc_636568_comparison.png
xc:636568,grcgre1,14,12,2.31,0.193,/home/okamoto/NAS/nasbi/ToriNET/segments/test_samples_results_v2/grcgre1/xc_636568_comparison.png
xc:462953,grcgre1,1,15,1.817,0.121,/home/okamoto/NAS/nasbi/ToriNET/segments/test_samples_results_v2/grcgre1/xc_462953_comparison.png
xc:462953,grcgre1,2,20,1.997,0.1,/home/okamoto/NAS/nasbi/ToriNET/segments/test_samples_results_v2/grcgre1/xc_462953_comparison.png
xc:462953,grcgre1,3,11,6.922,0.629,/home/okamoto/NAS/nasbi/ToriNET/segments/test_samples_results_v2/grcgre1/xc_462953_comparison.png
xc:462953,grcgre1,6,18,2.078,0.115,/home/okamoto/NAS/nasbi/ToriNET/segments/test_samples_results_v2/grcgre1/xc_462953_comparison.png
xc:462953,grcgre1,8,18,3.884,0.216,/home/okamoto/NAS/nasbi/ToriNET/segments/test_samples_results_v2/grcgre1/xc_462953_comparison.png
xc:462953,grcgre1,12,11,1.625,0.148,/home/okamoto/NAS/nasbi/ToriNET/segments/test_samples_results_v2/grcgre1/xc_462953_comparison.png
xc:462953,grcgre1,14,6,1.068,0.178,/home/okamoto/NAS/nasbi/ToriNET/segments/test_samples_results_v2/grcgre1/xc_462953_comparison.png
xc:897021,grcgre1,1,9,2.728,0.303,/home/okamoto/NAS/nasbi/ToriNET/segments/test_samples_results_v2/grcgre1/xc_897021_comparison.png
xc:897021,grcgre1,2,13,4.534,0.349,/home/okamoto/NAS/nasbi/ToriNET/segments/test_samples_results_v2/grcgre1/xc_897021_comparison.png
xc:897021,grcgre1,3,5,6.969,1.394,/home/okamoto/NAS/nasbi/ToriNET/segments/test_samples_results_v2/grcgre1/xc_897021_comparison.png
xc:897021,grcgre1,6,3,3.564,1.188,/home/okamoto/NAS/nasbi/ToriNET/segments/test_samples_results_v2/grcgre1/xc_897021_comparison.png
xc:897021,grcgre1,8,5,4.151,0.83,/home/okamoto/NAS/nasbi/ToriNET/segments/test_samples_results_v2/grcgre1/xc_897021_comparison.png
xc:897021,grcgre1,12,9,1.753,0.195,/home/okamoto/NAS/nasbi/ToriNET/segments/test_samples_results_v2/grcgre1/xc_897021_comparison.png
xc:897021,grcgre1,14,2,0.163,0.081,/home/okamoto/NAS/nasbi/ToriNET/segments/test_samples_results_v2/grcgre1/xc_897021_comparison.png
xc:839104,grecor,1,23,1.947,0.085,/home/okamoto/NAS/nasbi/ToriNET/segments/test_samples_results_v2/grecor/xc_839104_comparison.png
xc:839104,grecor,2,22,1.667,0.076,/home/okamoto/NAS/nasbi/ToriNET/segments/test_samples_results_v2/grecor/xc_839104_comparison.png
xc:839104,grecor,3,6,7.155,1.192,/home/okamoto/NAS/nasbi/ToriNET/segments/test_samples_results_v2/grecor/xc_839104_comparison.png
xc:839104,grecor,6,15,3.365,0.224,/home/okamoto/NAS/nasbi/ToriNET/segments/test_samples_results_v2/grecor/xc_839104_comparison.png
xc:839104,grecor,8,14,2.779,0.198,/home/okamoto/NAS/nasbi/ToriNET/segments/test_samples_results_v2/grecor/xc_839104_comparison.png
xc:839104,grecor,12,19,1.115,0.059,/home/okamoto/NAS/nasbi/ToriNET/segments/test_samples_results_v2/grecor/xc_839104_comparison.png
xc:839104,grecor,14,0,0.0,0.0,/home/okamoto/NAS/nasbi/ToriNET/segments/test_samples_results_v2/grecor/xc_839104_comparison.png
xc:987714,grecor,1,24,1.861,0.078,/home/okamoto/NAS/nasbi/ToriNET/segments/test_samples_results_v2/grecor/xc_987714_comparison.png
xc:987714,grecor,2,74,10.757,0.145,/home/okamoto/NAS/nasbi/ToriNET/segments/test_samples_results_v2/grecor/xc_987714_comparison.png
xc:987714,grecor,3,30,23.947,0.798,/home/okamoto/NAS/nasbi/ToriNET/segments/test_samples_results_v2/grecor/xc_987714_comparison.png
xc:987714,grecor,6,47,9.099,0.194,/home/okamoto/NAS/nasbi/ToriNET/segments/test_samples_results_v2/grecor/xc_987714_comparison.png
xc:987714,grecor,8,39,14.464,0.371,/home/okamoto/NAS/nasbi/ToriNET/segments/test_samples_results_v2/grecor/xc_987714_comparison.png
xc:987714,grecor,12,8,0.512,0.064,/home/okamoto/NAS/nasbi/ToriNET/segments/test_samples_results_v2/grecor/xc_987714_comparison.png
xc:987714,grecor,14,1,0.267,0.267,/home/okamoto/NAS/nasbi/ToriNET/segments/test_samples_results_v2/grecor/xc_987714_comparison.png
xc:448710,grecor,1,19,2.709,0.143,/home/okamoto/NAS/nasbi/ToriNET/segments/test_samples_results_v2/grecor/xc_448710_comparison.png
xc:448710,grecor,2,36,3.728,0.104,/home/okamoto/NAS/nasbi/ToriNET/segments/test_samples_results_v2/grecor/xc_448710_comparison.png
xc:448710,grecor,3,14,10.995,0.785,/home/okamoto/NAS/nasbi/ToriNET/segments/test_samples_results_v2/grecor/xc_448710_comparison.png
xc:448710,grecor,6,37,7.141,0.193,/home/okamoto/NAS/nasbi/ToriNET/segments/test_samples_results_v2/grecor/xc_448710_comparison.png
xc:448710,grecor,8,14,3.6,0.257,/home/okamoto/NAS/nasbi/ToriNET/segments/test_samples_results_v2/grecor/xc_448710_comparison.png
xc:448710,grecor,12,1,0.091,0.091,/home/okamoto/NAS/nasbi/ToriNET/segments/test_samples_results_v2/grecor/xc_448710_comparison.png
xc:448710,grecor,14,1,0.043,0.043,/home/okamoto/NAS/nasbi/ToriNET/segments/test_samples_results_v2/grecor/xc_448710_comparison.png
xc:308865,grecor,1,276,49.6,0.18,/home/okamoto/NAS/nasbi/ToriNET/segments/test_samples_results_v2/grecor/xc_308865_comparison.png
xc:308865,grecor,2,375,70.723,0.189,/home/okamoto/NAS/nasbi/ToriNET/segments/test_samples_results_v2/grecor/xc_308865_comparison.png
xc:308865,grecor,3,108,114.299,1.058,/home/okamoto/NAS/nasbi/ToriNET/segments/test_samples_results_v2/grecor/xc_308865_comparison.png
xc:308865,grecor,6,274,61.205,0.223,/home/okamoto/NAS/nasbi/ToriNET/segments/test_samples_results_v2/grecor/xc_308865_comparison.png
xc:308865,grecor,8,238,46.139,0.194,/home/okamoto/NAS/nasbi/ToriNET/segments/test_samples_results_v2/grecor/xc_308865_comparison.png
xc:308865,grecor,12,61,9.232,0.151,/home/okamoto/NAS/nasbi/ToriNET/segments/test_samples_results_v2/grecor/xc_308865_comparison.png
xc:308865,grecor,14,35,6.304,0.18,/home/okamoto/NAS/nasbi/ToriNET/segments/test_samples_results_v2/grecor/xc_308865_comparison.png
xc:372106,grecor,1,317,45.436,0.143,/home/okamoto/NAS/nasbi/ToriNET/segments/test_samples_results_v2/grecor/xc_372106_comparison.png
xc:372106,grecor,2,419,69.349,0.166,/home/okamoto/NAS/nasbi/ToriNET/segments/test_samples_results_v2/grecor/xc_372106_comparison.png
xc:372106,grecor,3,116,107.357,0.925,/home/okamoto/NAS/nasbi/ToriNET/segments/test_samples_results_v2/grecor/xc_372106_comparison.png
xc:372106,grecor,6,328,48.303,0.147,/home/okamoto/NAS/nasbi/ToriNET/segments/test_samples_results_v2/grecor/xc_372106_comparison.png
xc:372106,grecor,8,311,59.64,0.192,/home/okamoto/NAS/nasbi/ToriNET/segments/test_samples_results_v2/grecor/xc_372106_comparison.png
xc:372106,grecor,12,61,6.217,0.102,/home/okamoto/NAS/nasbi/ToriNET/segments/test_samples_results_v2/grecor/xc_372106_comparison.png
xc:372106,grecor,14,28,4.331,0.155,/home/okamoto/NAS/nasbi/ToriNET/segments/test_samples_results_v2/grecor/xc_372106_comparison.png
xc:561777,greegr,1,3,1.463,0.488,/home/okamoto/NAS/nasbi/ToriNET/segments/test_samples_results_v2/greegr/xc_561777_comparison.png
xc:561777,greegr,2,11,1.689,0.154,/home/okamoto/NAS/nasbi/ToriNET/segments/test_samples_results_v2/greegr/xc_561777_comparison.png
xc:561777,greegr,3,8,5.402,0.675,/home/okamoto/NAS/nasbi/ToriNET/segments/test_samples_results_v2/greegr/xc_561777_comparison.png
xc:561777,greegr,6,9,1.788,0.199,/home/okamoto/NAS/nasbi/ToriNET/segments/test_samples_results_v2/greegr/xc_561777_comparison.png
xc:561777,greegr,8,11,3.187,0.29,/home/okamoto/NAS/nasbi/ToriNET/segments/test_samples_results_v2/greegr/xc_561777_comparison.png
xc:561777,greegr,12,5,0.354,0.071,/home/okamoto/NAS/nasbi/ToriNET/segments/test_samples_results_v2/greegr/xc_561777_comparison.png
xc:561777,greegr,14,0,0.0,0.0,/home/okamoto/NAS/nasbi/ToriNET/segments/test_samples_results_v2/greegr/xc_561777_comparison.png
xc:161280,greegr,1,225,49.755,0.221,/home/okamoto/NAS/nasbi/ToriNET/segments/test_samples_results_v2/greegr/xc_161280_comparison.png
xc:161280,greegr,2,321,42.008,0.131,/home/okamoto/NAS/nasbi/ToriNET/segments/test_samples_results_v2/greegr/xc_161280_comparison.png
xc:161280,greegr,3,127,95.096,0.749,/home/okamoto/NAS/nasbi/ToriNET/segments/test_samples_results_v2/greegr/xc_161280_comparison.png
xc:161280,greegr,6,248,61.483,0.248,/home/okamoto/NAS/nasbi/ToriNET/segments/test_samples_results_v2/greegr/xc_161280_comparison.png
xc:161280,greegr,8,188,39.115,0.208,/home/okamoto/NAS/nasbi/ToriNET/segments/test_samples_results_v2/greegr/xc_161280_comparison.png
xc:161280,greegr,12,67,9.04,0.135,/home/okamoto/NAS/nasbi/ToriNET/segments/test_samples_results_v2/greegr/xc_161280_comparison.png
xc:161280,greegr,14,13,2.048,0.158,/home/okamoto/NAS/nasbi/ToriNET/segments/test_samples_results_v2/greegr/xc_161280_comparison.png
xc:454182,greegr,1,22,8.824,0.401,/home/okamoto/NAS/nasbi/ToriNET/segments/test_samples_results_v2/greegr/xc_454182_comparison.png
xc:454182,greegr,2,23,4.127,0.179,/home/okamoto/NAS/nasbi/ToriNET/segments/test_samples_results_v2/greegr/xc_454182_comparison.png
xc:454182,greegr,3,20,7.442,0.372,/home/okamoto/NAS/nasbi/ToriNET/segments/test_samples_results_v2/greegr/xc_454182_comparison.png
xc:454182,greegr,6,32,9.81,0.307,/home/okamoto/NAS/nasbi/ToriNET/segments/test_samples_results_v2/greegr/xc_454182_comparison.png
xc:454182,greegr,8,15,5.677,0.378,/home/okamoto/NAS/nasbi/ToriNET/segments/test_samples_results_v2/greegr/xc_454182_comparison.png
xc:454182,greegr,12,0,0.0,0.0,/home/okamoto/NAS/nasbi/ToriNET/segments/test_samples_results_v2/greegr/xc_454182_comparison.png
xc:454182,greegr,14,0,0.0,0.0,/home/okamoto/NAS/nasbi/ToriNET/segments/test_samples_results_v2/greegr/xc_454182_comparison.png
xc:1005363,greegr,1,13,3.077,0.237,/home/okamoto/NAS/nasbi/ToriNET/segments/test_samples_results_v2/greegr/xc_1005363_comparison.png
xc:1005363,greegr,2,18,2.789,0.155,/home/okamoto/NAS/nasbi/ToriNET/segments/test_samples_results_v2/greegr/xc_1005363_comparison.png
xc:1005363,greegr,3,4,9.117,2.279,/home/okamoto/NAS/nasbi/ToriNET/segments/test_samples_results_v2/greegr/xc_1005363_comparison.png
xc:1005363,greegr,6,10,4.891,0.489,/home/okamoto/NAS/nasbi/ToriNET/segments/test_samples_results_v2/greegr/xc_1005363_comparison.png
xc:1005363,greegr,8,11,5.013,0.456,/home/okamoto/NAS/nasbi/ToriNET/segments/test_samples_results_v2/greegr/xc_1005363_comparison.png
xc:1005363,greegr,12,1,0.032,0.032,/home/okamoto/NAS/nasbi/ToriNET/segments/test_samples_results_v2/greegr/xc_1005363_comparison.png
xc:1005363,greegr,14,0,0.0,0.0,/home/okamoto/NAS/nasbi/ToriNET/segments/test_samples_results_v2/greegr/xc_1005363_comparison.png
xc:285219,greegr,1,17,6.246,0.367,/home/okamoto/NAS/nasbi/ToriNET/segments/test_samples_results_v2/greegr/xc_285219_comparison.png
xc:285219,greegr,2,17,5.007,0.295,/home/okamoto/NAS/nasbi/ToriNET/segments/test_samples_results_v2/greegr/xc_285219_comparison.png
xc:285219,greegr,3,8,10.342,1.293,/home/okamoto/NAS/nasbi/ToriNET/segments/test_samples_results_v2/greegr/xc_285219_comparison.png
xc:285219,greegr,6,17,8.092,0.476,/home/okamoto/NAS/nasbi/ToriNET/segments/test_samples_results_v2/greegr/xc_285219_comparison.png
xc:285219,greegr,8,16,6.322,0.395,/home/okamoto/NAS/nasbi/ToriNET/segments/test_samples_results_v2/greegr/xc_285219_comparison.png
xc:285219,greegr,12,4,0.36,0.09,/home/okamoto/NAS/nasbi/ToriNET/segments/test_samples_results_v2/greegr/xc_285219_comparison.png
xc:285219,greegr,14,1,0.081,0.081,/home/okamoto/NAS/nasbi/ToriNET/segments/test_samples_results_v2/greegr/xc_285219_comparison.png
xc:386848,grywag,1,12,1.195,0.1,/home/okamoto/NAS/nasbi/ToriNET/segments/test_samples_results_v2/grywag/xc_386848_comparison.png
xc:386848,grywag,2,28,2.448,0.087,/home/okamoto/NAS/nasbi/ToriNET/segments/test_samples_results_v2/grywag/xc_386848_comparison.png
xc:386848,grywag,3,14,11.323,0.809,/home/okamoto/NAS/nasbi/ToriNET/segments/test_samples_results_v2/grywag/xc_386848_comparison.png
xc:386848,grywag,6,7,4.603,0.658,/home/okamoto/NAS/nasbi/ToriNET/segments/test_samples_results_v2/grywag/xc_386848_comparison.png
xc:386848,grywag,8,8,4.693,0.587,/home/okamoto/NAS/nasbi/ToriNET/segments/test_samples_results_v2/grywag/xc_386848_comparison.png
xc:386848,grywag,12,1,0.032,0.032,/home/okamoto/NAS/nasbi/ToriNET/segments/test_samples_results_v2/grywag/xc_386848_comparison.png
xc:386848,grywag,14,0,0.0,0.0,/home/okamoto/NAS/nasbi/ToriNET/segments/test_samples_results_v2/grywag/xc_386848_comparison.png
xc:432286,grywag,1,18,2.531,0.141,/home/okamoto/NAS/nasbi/ToriNET/segments/test_samples_results_v2/grywag/xc_432286_comparison.png
xc:432286,grywag,2,124,13.694,0.11,/home/okamoto/NAS/nasbi/ToriNET/segments/test_samples_results_v2/grywag/xc_432286_comparison.png
xc:432286,grywag,3,45,46.071,1.024,/home/okamoto/NAS/nasbi/ToriNET/segments/test_samples_results_v2/grywag/xc_432286_comparison.png
xc:432286,grywag,6,93,21.931,0.236,/home/okamoto/NAS/nasbi/ToriNET/segments/test_samples_results_v2/grywag/xc_432286_comparison.png
xc:432286,grywag,8,13,34.545,2.657,/home/okamoto/NAS/nasbi/ToriNET/segments/test_samples_results_v2/grywag/xc_432286_comparison.png
xc:432286,grywag,12,0,0.0,0.0,/home/okamoto/NAS/nasbi/ToriNET/segments/test_samples_results_v2/grywag/xc_432286_comparison.png
xc:432286,grywag,14,19,2.961,0.156,/home/okamoto/NAS/nasbi/ToriNET/segments/test_samples_results_v2/grywag/xc_432286_comparison.png
xc:485891,grywag,1,14,4.309,0.308,/home/okamoto/NAS/nasbi/ToriNET/segments/test_samples_results_v2/grywag/xc_485891_comparison.png
xc:485891,grywag,2,23,3.472,0.151,/home/okamoto/NAS/nasbi/ToriNET/segments/test_samples_results_v2/grywag/xc_485891_comparison.png
xc:485891,grywag,3,24,16.229,0.676,/home/okamoto/NAS/nasbi/ToriNET/segments/test_samples_results_v2/grywag/xc_485891_comparison.png
xc:485891,grywag,6,18,4.789,0.266,/home/okamoto/NAS/nasbi/ToriNET/segments/test_samples_results_v2/grywag/xc_485891_comparison.png
xc:485891,grywag,8,21,7.899,0.376,/home/okamoto/NAS/nasbi/ToriNET/segments/test_samples_results_v2/grywag/xc_485891_comparison.png
xc:485891,grywag,12,15,3.803,0.254,/home/okamoto/NAS/nasbi/ToriNET/segments/test_samples_results_v2/grywag/xc_485891_comparison.png
xc:485891,grywag,14,12,2.56,0.213,/home/okamoto/NAS/nasbi/ToriNET/segments/test_samples_results_v2/grywag/xc_485891_comparison.png
xc:324350,grywag,1,7,5.397,0.771,/home/okamoto/NAS/nasbi/ToriNET/segments/test_samples_results_v2/grywag/xc_324350_comparison.png
xc:324350,grywag,2,142,17.941,0.126,/home/okamoto/NAS/nasbi/ToriNET/segments/test_samples_results_v2/grywag/xc_324350_comparison.png
xc:324350,grywag,3,28,35.949,1.284,/home/okamoto/NAS/nasbi/ToriNET/segments/test_samples_results_v2/grywag/xc_324350_comparison.png
xc:324350,grywag,6,6,4.992,0.832,/home/okamoto/NAS/nasbi/ToriNET/segments/test_samples_results_v2/grywag/xc_324350_comparison.png
xc:324350,grywag,8,12,5.552,0.463,/home/okamoto/NAS/nasbi/ToriNET/segments/test_samples_results_v2/grywag/xc_324350_comparison.png
xc:324350,grywag,12,10,5.499,0.55,/home/okamoto/NAS/nasbi/ToriNET/segments/test_samples_results_v2/grywag/xc_324350_comparison.png
xc:324350,grywag,14,5,4.736,0.947,/home/okamoto/NAS/nasbi/ToriNET/segments/test_samples_results_v2/grywag/xc_324350_comparison.png
xc:767548,grywag,1,5,1.173,0.235,/home/okamoto/NAS/nasbi/ToriNET/segments/test_samples_results_v2/grywag/xc_767548_comparison.png
xc:767548,grywag,2,39,2.963,0.076,/home/okamoto/NAS/nasbi/ToriNET/segments/test_samples_results_v2/grywag/xc_767548_comparison.png
xc:767548,grywag,3,21,20.918,0.996,/home/okamoto/NAS/nasbi/ToriNET/segments/test_samples_results_v2/grywag/xc_767548_comparison.png
xc:767548,grywag,6,37,3.199,0.086,/home/okamoto/NAS/nasbi/ToriNET/segments/test_samples_results_v2/grywag/xc_767548_comparison.png
xc:767548,grywag,8,16,9.776,0.611,/home/okamoto/NAS/nasbi/ToriNET/segments/test_samples_results_v2/grywag/xc_767548_comparison.png
xc:767548,grywag,12,1,0.058,0.058,/home/okamoto/NAS/nasbi/ToriNET/segments/test_samples_results_v2/grywag/xc_767548_comparison.png
xc:767548,grywag,14,0,0.0,0.0,/home/okamoto/NAS/nasbi/ToriNET/segments/test_samples_results_v2/grywag/xc_767548_comparison.png
xc:285821,jabwar,1,39,6.623,0.17,/home/okamoto/NAS/nasbi/ToriNET/segments/test_samples_results_v2/jabwar/xc_285821_comparison.png
xc:285821,jabwar,2,47,6.49,0.138,/home/okamoto/NAS/nasbi/ToriNET/segments/test_samples_results_v2/jabwar/xc_285821_comparison.png
xc:285821,jabwar,3,20,14.109,0.705,/home/okamoto/NAS/nasbi/ToriNET/segments/test_samples_results_v2/jabwar/xc_285821_comparison.png
xc:285821,jabwar,6,17,9.677,0.569,/home/okamoto/NAS/nasbi/ToriNET/segments/test_samples_results_v2/jabwar/xc_285821_comparison.png
xc:285821,jabwar,8,26,6.693,0.257,/home/okamoto/NAS/nasbi/ToriNET/segments/test_samples_results_v2/jabwar/xc_285821_comparison.png
xc:285821,jabwar,12,4,0.685,0.171,/home/okamoto/NAS/nasbi/ToriNET/segments/test_samples_results_v2/jabwar/xc_285821_comparison.png
xc:285821,jabwar,14,4,1.904,0.476,/home/okamoto/NAS/nasbi/ToriNET/segments/test_samples_results_v2/jabwar/xc_285821_comparison.png
xc:697521,jabwar,1,9,3.367,0.374,/home/okamoto/NAS/nasbi/ToriNET/segments/test_samples_results_v2/jabwar/xc_697521_comparison.png
xc:697521,jabwar,2,28,4.885,0.174,/home/okamoto/NAS/nasbi/ToriNET/segments/test_samples_results_v2/jabwar/xc_697521_comparison.png
xc:697521,jabwar,3,14,16.21,1.158,/home/okamoto/NAS/nasbi/ToriNET/segments/test_samples_results_v2/jabwar/xc_697521_comparison.png
xc:697521,jabwar,6,18,4.534,0.252,/home/okamoto/NAS/nasbi/ToriNET/segments/test_samples_results_v2/jabwar/xc_697521_comparison.png
xc:697521,jabwar,8,8,3.651,0.456,/home/okamoto/NAS/nasbi/ToriNET/segments/test_samples_results_v2/jabwar/xc_697521_comparison.png
xc:697521,jabwar,12,3,3.199,1.066,/home/okamoto/NAS/nasbi/ToriNET/segments/test_samples_results_v2/jabwar/xc_697521_comparison.png
xc:697521,jabwar,14,2,2.798,1.399,/home/okamoto/NAS/nasbi/ToriNET/segments/test_samples_results_v2/jabwar/xc_697521_comparison.png
xc:410204,jabwar,1,2,0.232,0.116,/home/okamoto/NAS/nasbi/ToriNET/segments/test_samples_results_v2/jabwar/xc_410204_comparison.png
xc:410204,jabwar,2,2,0.32,0.16,/home/okamoto/NAS/nasbi/ToriNET/segments/test_samples_results_v2/jabwar/xc_410204_comparison.png
xc:410204,jabwar,3,1,0.612,0.612,/home/okamoto/NAS/nasbi/ToriNET/segments/test_samples_results_v2/jabwar/xc_410204_comparison.png
xc:410204,jabwar,6,2,0.368,0.184,/home/okamoto/NAS/nasbi/ToriNET/segments/test_samples_results_v2/jabwar/xc_410204_comparison.png
xc:410204,jabwar,8,4,0.664,0.166,/home/okamoto/NAS/nasbi/ToriNET/segments/test_samples_results_v2/jabwar/xc_410204_comparison.png
xc:410204,jabwar,12,1,0.072,0.072,/home/okamoto/NAS/nasbi/ToriNET/segments/test_samples_results_v2/jabwar/xc_410204_comparison.png
xc:410204,jabwar,14,0,0.0,0.0,/home/okamoto/NAS/nasbi/ToriNET/segments/test_samples_results_v2/jabwar/xc_410204_comparison.png
xc:27362,jabwar,1,27,5.724,0.212,/home/okamoto/NAS/nasbi/ToriNET/segments/test_samples_results_v2/jabwar/xc_27362_comparison.png
xc:27362,jabwar,2,51,7.515,0.147,/home/okamoto/NAS/nasbi/ToriNET/segments/test_samples_results_v2/jabwar/xc_27362_comparison.png
xc:27362,jabwar,3,37,29.78,0.805,/home/okamoto/NAS/nasbi/ToriNET/segments/test_samples_results_v2/jabwar/xc_27362_comparison.png
xc:27362,jabwar,6,52,10.995,0.211,/home/okamoto/NAS/nasbi/ToriNET/segments/test_samples_results_v2/jabwar/xc_27362_comparison.png
xc:27362,jabwar,8,26,15.0,0.577,/home/okamoto/NAS/nasbi/ToriNET/segments/test_samples_results_v2/jabwar/xc_27362_comparison.png
xc:27362,jabwar,12,21,3.965,0.189,/home/okamoto/NAS/nasbi/ToriNET/segments/test_samples_results_v2/jabwar/xc_27362_comparison.png
xc:27362,jabwar,14,17,5.364,0.316,/home/okamoto/NAS/nasbi/ToriNET/segments/test_samples_results_v2/jabwar/xc_27362_comparison.png
xc:34404,jabwar,1,32,6.983,0.218,/home/okamoto/NAS/nasbi/ToriNET/segments/test_samples_results_v2/jabwar/xc_34404_comparison.png
xc:34404,jabwar,2,54,8.722,0.162,/home/okamoto/NAS/nasbi/ToriNET/segments/test_samples_results_v2/jabwar/xc_34404_comparison.png
xc:34404,jabwar,3,29,21.267,0.733,/home/okamoto/NAS/nasbi/ToriNET/segments/test_samples_results_v2/jabwar/xc_34404_comparison.png
xc:34404,jabwar,6,35,9.276,0.265,/home/okamoto/NAS/nasbi/ToriNET/segments/test_samples_results_v2/jabwar/xc_34404_comparison.png
xc:34404,jabwar,8,22,10.35,0.47,/home/okamoto/NAS/nasbi/ToriNET/segments/test_samples_results_v2/jabwar/xc_34404_comparison.png
xc:34404,jabwar,12,8,3.558,0.445,/home/okamoto/NAS/nasbi/ToriNET/segments/test_samples_results_v2/jabwar/xc_34404_comparison.png
xc:34404,jabwar,14,15,7.477,0.498,/home/okamoto/NAS/nasbi/ToriNET/segments/test_samples_results_v2/jabwar/xc_34404_comparison.png
xc:294783,japwag1,1,4,0.342,0.086,/home/okamoto/NAS/nasbi/ToriNET/segments/test_samples_results_v2/japwag1/xc_294783_comparison.png
xc:294783,japwag1,2,2,0.369,0.184,/home/okamoto/NAS/nasbi/ToriNET/segments/test_samples_results_v2/japwag1/xc_294783_comparison.png
xc:294783,japwag1,3,2,0.705,0.353,/home/okamoto/NAS/nasbi/ToriNET/segments/test_samples_results_v2/japwag1/xc_294783_comparison.png
xc:294783,japwag1,6,2,0.702,0.351,/home/okamoto/NAS/nasbi/ToriNET/segments/test_samples_results_v2/japwag1/xc_294783_comparison.png
xc:294783,japwag1,8,3,0.47,0.157,/home/okamoto/NAS/nasbi/ToriNET/segments/test_samples_results_v2/japwag1/xc_294783_comparison.png
xc:294783,japwag1,12,0,0.0,0.0,/home/okamoto/NAS/nasbi/ToriNET/segments/test_samples_results_v2/japwag1/xc_294783_comparison.png
xc:294783,japwag1,14,0,0.0,0.0,/home/okamoto/NAS/nasbi/ToriNET/segments/test_samples_results_v2/japwag1/xc_294783_comparison.png
xc:527476,japwag1,1,12,1.457,0.121,/home/okamoto/NAS/nasbi/ToriNET/segments/test_samples_results_v2/japwag1/xc_527476_comparison.png
xc:527476,japwag1,2,15,2.406,0.16,/home/okamoto/NAS/nasbi/ToriNET/segments/test_samples_results_v2/japwag1/xc_527476_comparison.png
xc:527476,japwag1,3,12,6.29,0.524,/home/okamoto/NAS/nasbi/ToriNET/segments/test_samples_results_v2/japwag1/xc_527476_comparison.png
xc:527476,japwag1,6,9,3.315,0.368,/home/okamoto/NAS/nasbi/ToriNET/segments/test_samples_results_v2/japwag1/xc_527476_comparison.png
xc:527476,japwag1,8,8,4.046,0.506,/home/okamoto/NAS/nasbi/ToriNET/segments/test_samples_results_v2/japwag1/xc_527476_comparison.png
xc:527476,japwag1,12,0,0.0,0.0,/home/okamoto/NAS/nasbi/ToriNET/segments/test_samples_results_v2/japwag1/xc_527476_comparison.png
xc:527476,japwag1,14,1,7.21,7.21,/home/okamoto/NAS/nasbi/ToriNET/segments/test_samples_results_v2/japwag1/xc_527476_comparison.png
xc:841046,japwag1,1,29,3.456,0.119,/home/okamoto/NAS/nasbi/ToriNET/segments/test_samples_results_v2/japwag1/xc_841046_comparison.png
xc:841046,japwag1,2,39,9.592,0.246,/home/okamoto/NAS/nasbi/ToriNET/segments/test_samples_results_v2/japwag1/xc_841046_comparison.png
xc:841046,japwag1,3,19,24.144,1.271,/home/okamoto/NAS/nasbi/ToriNET/segments/test_samples_results_v2/japwag1/xc_841046_comparison.png
xc:841046,japwag1,6,37,6.613,0.179,/home/okamoto/NAS/nasbi/ToriNET/segments/test_samples_results_v2/japwag1/xc_841046_comparison.png
xc:841046,japwag1,8,40,12.907,0.323,/home/okamoto/NAS/nasbi/ToriNET/segments/test_samples_results_v2/japwag1/xc_841046_comparison.png
xc:841046,japwag1,12,5,0.363,0.073,/home/okamoto/NAS/nasbi/ToriNET/segments/test_samples_results_v2/japwag1/xc_841046_comparison.png
xc:841046,japwag1,14,10,1.237,0.124,/home/okamoto/NAS/nasbi/ToriNET/segments/test_samples_results_v2/japwag1/xc_841046_comparison.png
xc:532311,japwag1,1,4,1.933,0.483,/home/okamoto/NAS/nasbi/ToriNET/segments/test_samples_results_v2/japwag1/xc_532311_comparison.png
xc:532311,japwag1,2,5,2.206,0.441,/home/okamoto/NAS/nasbi/ToriNET/segments/test_samples_results_v2/japwag1/xc_532311_comparison.png
xc:532311,japwag1,3,14,20.024,1.43,/home/okamoto/NAS/nasbi/ToriNET/segments/test_samples_results_v2/japwag1/xc_532311_comparison.png
xc:532311,japwag1,6,5,2.026,0.405,/home/okamoto/NAS/nasbi/ToriNET/segments/test_samples_results_v2/japwag1/xc_532311_comparison.png
xc:532311,japwag1,8,50,5.822,0.116,/home/okamoto/NAS/nasbi/ToriNET/segments/test_samples_results_v2/japwag1/xc_532311_comparison.png
xc:532311,japwag1,12,6,1.904,0.317,/home/okamoto/NAS/nasbi/ToriNET/segments/test_samples_results_v2/japwag1/xc_532311_comparison.png
xc:532311,japwag1,14,4,0.522,0.131,/home/okamoto/NAS/nasbi/ToriNET/segments/test_samples_results_v2/japwag1/xc_532311_comparison.png
xc:704676,japwag1,1,32,3.355,0.105,/home/okamoto/NAS/nasbi/ToriNET/segments/test_samples_results_v2/japwag1/xc_704676_comparison.png
xc:704676,japwag1,2,36,4.026,0.112,/home/okamoto/NAS/nasbi/ToriNET/segments/test_samples_results_v2/japwag1/xc_704676_comparison.png
xc:704676,japwag1,3,14,13.453,0.961,/home/okamoto/NAS/nasbi/ToriNET/segments/test_samples_results_v2/japwag1/xc_704676_comparison.png
xc:704676,japwag1,6,33,5.062,0.153,/home/okamoto/NAS/nasbi/ToriNET/segments/test_samples_results_v2/japwag1/xc_704676_comparison.png
xc:704676,japwag1,8,31,5.097,0.164,/home/okamoto/NAS/nasbi/ToriNET/segments/test_samples_results_v2/japwag1/xc_704676_comparison.png
xc:704676,japwag1,12,16,2.229,0.139,/home/okamoto/NAS/nasbi/ToriNET/segments/test_samples_results_v2/japwag1/xc_704676_comparison.png
xc:704676,japwag1,14,8,1.451,0.181,/home/okamoto/NAS/nasbi/ToriNET/segments/test_samples_results_v2/japwag1/xc_704676_comparison.png
xc:811530,labcro1,1,58,20.927,0.361,/home/okamoto/NAS/nasbi/ToriNET/segments/test_samples_results_v2/labcro1/xc_811530_comparison.png
xc:811530,labcro1,2,69,19.296,0.28,/home/okamoto/NAS/nasbi/ToriNET/segments/test_samples_results_v2/labcro1/xc_811530_comparison.png
xc:811530,labcro1,3,39,26.099,0.669,/home/okamoto/NAS/nasbi/ToriNET/segments/test_samples_results_v2/labcro1/xc_811530_comparison.png
xc:811530,labcro1,6,52,22.982,0.442,/home/okamoto/NAS/nasbi/ToriNET/segments/test_samples_results_v2/labcro1/xc_811530_comparison.png
xc:811530,labcro1,8,44,17.061,0.388,/home/okamoto/NAS/nasbi/ToriNET/segments/test_samples_results_v2/labcro1/xc_811530_comparison.png
xc:811530,labcro1,12,8,0.691,0.086,/home/okamoto/NAS/nasbi/ToriNET/segments/test_samples_results_v2/labcro1/xc_811530_comparison.png
xc:811530,labcro1,14,20,27.922,1.396,/home/okamoto/NAS/nasbi/ToriNET/segments/test_samples_results_v2/labcro1/xc_811530_comparison.png
xc:824065,labcro1,1,60,24.741,0.412,/home/okamoto/NAS/nasbi/ToriNET/segments/test_samples_results_v2/labcro1/xc_824065_comparison.png
xc:824065,labcro1,2,192,30.581,0.159,/home/okamoto/NAS/nasbi/ToriNET/segments/test_samples_results_v2/labcro1/xc_824065_comparison.png
xc:824065,labcro1,3,121,93.984,0.777,/home/okamoto/NAS/nasbi/ToriNET/segments/test_samples_results_v2/labcro1/xc_824065_comparison.png
xc:824065,labcro1,6,108,53.248,0.493,/home/okamoto/NAS/nasbi/ToriNET/segments/test_samples_results_v2/labcro1/xc_824065_comparison.png
xc:824065,labcro1,8,93,52.192,0.561,/home/okamoto/NAS/nasbi/ToriNET/segments/test_samples_results_v2/labcro1/xc_824065_comparison.png
xc:824065,labcro1,12,32,10.309,0.322,/home/okamoto/NAS/nasbi/ToriNET/segments/test_samples_results_v2/labcro1/xc_824065_comparison.png
xc:824065,labcro1,14,14,6.112,0.437,/home/okamoto/NAS/nasbi/ToriNET/segments/test_samples_results_v2/labcro1/xc_824065_comparison.png
xc:350538,labcro1,1,18,10.588,0.588,/home/okamoto/NAS/nasbi/ToriNET/segments/test_samples_results_v2/labcro1/xc_350538_comparison.png
xc:350538,labcro1,2,35,9.166,0.262,/home/okamoto/NAS/nasbi/ToriNET/segments/test_samples_results_v2/labcro1/xc_350538_comparison.png
xc:350538,labcro1,3,23,14.875,0.647,/home/okamoto/NAS/nasbi/ToriNET/segments/test_samples_results_v2/labcro1/xc_350538_comparison.png
xc:350538,labcro1,6,26,11.639,0.448,/home/okamoto/NAS/nasbi/ToriNET/segments/test_samples_results_v2/labcro1/xc_350538_comparison.png
xc:350538,labcro1,8,21,10.182,0.485,/home/okamoto/NAS/nasbi/ToriNET/segments/test_samples_results_v2/labcro1/xc_350538_comparison.png
xc:350538,labcro1,12,10,8.22,0.822,/home/okamoto/NAS/nasbi/ToriNET/segments/test_samples_results_v2/labcro1/xc_350538_comparison.png
xc:350538,labcro1,14,8,9.358,1.17,/home/okamoto/NAS/nasbi/ToriNET/segments/test_samples_results_v2/labcro1/xc_350538_comparison.png
xc:307471,labcro1,1,14,3.728,0.266,/home/okamoto/NAS/nasbi/ToriNET/segments/test_samples_results_v2/labcro1/xc_307471_comparison.png
xc:307471,labcro1,2,14,2.264,0.162,/home/okamoto/NAS/nasbi/ToriNET/segments/test_samples_results_v2/labcro1/xc_307471_comparison.png
xc:307471,labcro1,3,7,6.096,0.871,/home/okamoto/NAS/nasbi/ToriNET/segments/test_samples_results_v2/labcro1/xc_307471_comparison.png
xc:307471,labcro1,6,10,3.808,0.381,/home/okamoto/NAS/nasbi/ToriNET/segments/test_samples_results_v2/labcro1/xc_307471_comparison.png
xc:307471,labcro1,8,5,1.643,0.329,/home/okamoto/NAS/nasbi/ToriNET/segments/test_samples_results_v2/labcro1/xc_307471_comparison.png
xc:307471,labcro1,12,0,0.0,0.0,/home/okamoto/NAS/nasbi/ToriNET/segments/test_samples_results_v2/labcro1/xc_307471_comparison.png
xc:307471,labcro1,14,1,0.181,0.181,/home/okamoto/NAS/nasbi/ToriNET/segments/test_samples_results_v2/labcro1/xc_307471_comparison.png
xc:811821,labcro1,1,59,19.673,0.333,/home/okamoto/NAS/nasbi/ToriNET/segments/test_samples_results_v2/labcro1/xc_811821_comparison.png
xc:811821,labcro1,2,112,17.607,0.157,/home/okamoto/NAS/nasbi/ToriNET/segments/test_samples_results_v2/labcro1/xc_811821_comparison.png
xc:811821,labcro1,3,147,181.885,1.237,/home/okamoto/NAS/nasbi/ToriNET/segments/test_samples_results_v2/labcro1/xc_811821_comparison.png
xc:811821,labcro1,6,76,18.86,0.248,/home/okamoto/NAS/nasbi/ToriNET/segments/test_samples_results_v2/labcro1/xc_811821_comparison.png
xc:811821,labcro1,8,207,31.759,0.153,/home/okamoto/NAS/nasbi/ToriNET/segments/test_samples_results_v2/labcro1/xc_811821_comparison.png
xc:811821,labcro1,12,63,18.924,0.3,/home/okamoto/NAS/nasbi/ToriNET/segments/test_samples_results_v2/labcro1/xc_811821_comparison.png
xc:811821,labcro1,14,91,173.198,1.903,/home/okamoto/NAS/nasbi/ToriNET/segments/test_samples_results_v2/labcro1/xc_811821_comparison.png
xc:481452,litegr,1,6,2.537,0.423,/home/okamoto/NAS/nasbi/ToriNET/segments/test_samples_results_v2/litegr/xc_481452_comparison.png
xc:481452,litegr,2,8,1.808,0.226,/home/okamoto/NAS/nasbi/ToriNET/segments/test_samples_results_v2/litegr/xc_481452_comparison.png
xc:481452,litegr,3,7,4.754,0.679,/home/okamoto/NAS/nasbi/ToriNET/segments/test_samples_results_v2/litegr/xc_481452_comparison.png
xc:481452,litegr,6,5,2.612,0.522,/home/okamoto/NAS/nasbi/ToriNET/segments/test_samples_results_v2/litegr/xc_481452_comparison.png
xc:481452,litegr,8,9,2.815,0.313,/home/okamoto/NAS/nasbi/ToriNET/segments/test_samples_results_v2/litegr/xc_481452_comparison.png
xc:481452,litegr,12,2,0.726,0.363,/home/okamoto/NAS/nasbi/ToriNET/segments/test_samples_results_v2/litegr/xc_481452_comparison.png
xc:481452,litegr,14,0,0.0,0.0,/home/okamoto/NAS/nasbi/ToriNET/segments/test_samples_results_v2/litegr/xc_481452_comparison.png
xc:779145,litegr,1,7,3.371,0.482,/home/okamoto/NAS/nasbi/ToriNET/segments/test_samples_results_v2/litegr/xc_779145_comparison.png
xc:779145,litegr,2,16,3.115,0.195,/home/okamoto/NAS/nasbi/ToriNET/segments/test_samples_results_v2/litegr/xc_779145_comparison.png
xc:779145,litegr,3,17,17.821,1.048,/home/okamoto/NAS/nasbi/ToriNET/segments/test_samples_results_v2/litegr/xc_779145_comparison.png
xc:779145,litegr,6,21,6.016,0.286,/home/okamoto/NAS/nasbi/ToriNET/segments/test_samples_results_v2/litegr/xc_779145_comparison.png
xc:779145,litegr,8,16,9.691,0.606,/home/okamoto/NAS/nasbi/ToriNET/segments/test_samples_results_v2/litegr/xc_779145_comparison.png
xc:779145,litegr,12,14,3.669,0.262,/home/okamoto/NAS/nasbi/ToriNET/segments/test_samples_results_v2/litegr/xc_779145_comparison.png
xc:779145,litegr,14,8,16.533,2.067,/home/okamoto/NAS/nasbi/ToriNET/segments/test_samples_results_v2/litegr/xc_779145_comparison.png
xc:333966,litegr,1,53,13.148,0.248,/home/okamoto/NAS/nasbi/ToriNET/segments/test_samples_results_v2/litegr/xc_333966_comparison.png
xc:333966,litegr,2,102,16.19,0.159,/home/okamoto/NAS/nasbi/ToriNET/segments/test_samples_results_v2/litegr/xc_333966_comparison.png
xc:333966,litegr,3,29,34.978,1.206,/home/okamoto/NAS/nasbi/ToriNET/segments/test_samples_results_v2/litegr/xc_333966_comparison.png
xc:333966,litegr,6,75,16.991,0.227,/home/okamoto/NAS/nasbi/ToriNET/segments/test_samples_results_v2/litegr/xc_333966_comparison.png
xc:333966,litegr,8,63,14.24,0.226,/home/okamoto/NAS/nasbi/ToriNET/segments/test_samples_results_v2/litegr/xc_333966_comparison.png
xc:333966,litegr,12,35,9.776,0.279,/home/okamoto/NAS/nasbi/ToriNET/segments/test_samples_results_v2/litegr/xc_333966_comparison.png
xc:333966,litegr,14,19,9.416,0.496,/home/okamoto/NAS/nasbi/ToriNET/segments/test_samples_results_v2/litegr/xc_333966_comparison.png
xc:748297,litegr,1,15,2.891,0.193,/home/okamoto/NAS/nasbi/ToriNET/segments/test_samples_results_v2/litegr/xc_748297_comparison.png
xc:748297,litegr,2,29,3.692,0.127,/home/okamoto/NAS/nasbi/ToriNET/segments/test_samples_results_v2/litegr/xc_748297_comparison.png
xc:748297,litegr,3,26,20.535,0.79,/home/okamoto/NAS/nasbi/ToriNET/segments/test_samples_results_v2/litegr/xc_748297_comparison.png
xc:748297,litegr,6,24,3.733,0.156,/home/okamoto/NAS/nasbi/ToriNET/segments/test_samples_results_v2/litegr/xc_748297_comparison.png
xc:748297,litegr,8,31,11.941,0.385,/home/okamoto/NAS/nasbi/ToriNET/segments/test_samples_results_v2/litegr/xc_748297_comparison.png
xc:748297,litegr,12,15,2.757,0.184,/home/okamoto/NAS/nasbi/ToriNET/segments/test_samples_results_v2/litegr/xc_748297_comparison.png
xc:748297,litegr,14,7,1.509,0.216,/home/okamoto/NAS/nasbi/ToriNET/segments/test_samples_results_v2/litegr/xc_748297_comparison.png
xc:333874,litegr,1,47,7.459,0.159,/home/okamoto/NAS/nasbi/ToriNET/segments/test_samples_results_v2/litegr/xc_333874_comparison.png
xc:333874,litegr,2,66,8.33,0.126,/home/okamoto/NAS/nasbi/ToriNET/segments/test_samples_results_v2/litegr/xc_333874_comparison.png
xc:333874,litegr,3,21,21.777,1.037,/home/okamoto/NAS/nasbi/ToriNET/segments/test_samples_results_v2/litegr/xc_333874_comparison.png
xc:333874,litegr,6,42,9.7,0.231,/home/okamoto/NAS/nasbi/ToriNET/segments/test_samples_results_v2/litegr/xc_333874_comparison.png
xc:333874,litegr,8,39,8.789,0.225,/home/okamoto/NAS/nasbi/ToriNET/segments/test_samples_results_v2/litegr/xc_333874_comparison.png
xc:333874,litegr,12,23,7.767,0.338,/home/okamoto/NAS/nasbi/ToriNET/segments/test_samples_results_v2/litegr/xc_333874_comparison.png
xc:333874,litegr,14,9,5.538,0.615,/home/okamoto/NAS/nasbi/ToriNET/segments/test_samples_results_v2/litegr/xc_333874_comparison.png
xc:804879,litgre1,1,9,0.946,0.105,/home/okamoto/NAS/nasbi/ToriNET/segments/test_samples_results_v2/litgre1/xc_804879_comparison.png
xc:804879,litgre1,2,17,1.286,0.076,/home/okamoto/NAS/nasbi/ToriNET/segments/test_samples_results_v2/litgre1/xc_804879_comparison.png
xc:804879,litgre1,3,6,7.425,1.237,/home/okamoto/NAS/nasbi/ToriNET/segments/test_samples_results_v2/litgre1/xc_804879_comparison.png
xc:804879,litgre1,6,11,1.103,0.1,/home/okamoto/NAS/nasbi/ToriNET/segments/test_samples_results_v2/litgre1/xc_804879_comparison.png
xc:804879,litgre1,8,18,2.873,0.16,/home/okamoto/NAS/nasbi/ToriNET/segments/test_samples_results_v2/litgre1/xc_804879_comparison.png
xc:804879,litgre1,12,7,1.463,0.209,/home/okamoto/NAS/nasbi/ToriNET/segments/test_samples_results_v2/litgre1/xc_804879_comparison.png
xc:804879,litgre1,14,0,0.0,0.0,/home/okamoto/NAS/nasbi/ToriNET/segments/test_samples_results_v2/litgre1/xc_804879_comparison.png
xc:900716,litgre1,1,1,0.035,0.035,/home/okamoto/NAS/nasbi/ToriNET/segments/test_samples_results_v2/litgre1/xc_900716_comparison.png
xc:900716,litgre1,2,7,0.543,0.078,/home/okamoto/NAS/nasbi/ToriNET/segments/test_samples_results_v2/litgre1/xc_900716_comparison.png
xc:900716,litgre1,3,10,12.124,1.212,/home/okamoto/NAS/nasbi/ToriNET/segments/test_samples_results_v2/litgre1/xc_900716_comparison.png
xc:900716,litgre1,6,2,0.064,0.032,/home/okamoto/NAS/nasbi/ToriNET/segments/test_samples_results_v2/litgre1/xc_900716_comparison.png
xc:900716,litgre1,8,50,7.935,0.159,/home/okamoto/NAS/nasbi/ToriNET/segments/test_samples_results_v2/litgre1/xc_900716_comparison.png
xc:900716,litgre1,12,4,0.203,0.051,/home/okamoto/NAS/nasbi/ToriNET/segments/test_samples_results_v2/litgre1/xc_900716_comparison.png
xc:900716,litgre1,14,0,0.0,0.0,/home/okamoto/NAS/nasbi/ToriNET/segments/test_samples_results_v2/litgre1/xc_900716_comparison.png
xc:380340,litgre1,1,24,4.789,0.2,/home/okamoto/NAS/nasbi/ToriNET/segments/test_samples_results_v2/litgre1/xc_380340_comparison.png
xc:380340,litgre1,2,119,12.35,0.104,/home/okamoto/NAS/nasbi/ToriNET/segments/test_samples_results_v2/litgre1/xc_380340_comparison.png
xc:380340,litgre1,3,34,46.916,1.38,/home/okamoto/NAS/nasbi/ToriNET/segments/test_samples_results_v2/litgre1/xc_380340_comparison.png
xc:380340,litgre1,6,42,10.571,0.252,/home/okamoto/NAS/nasbi/ToriNET/segments/test_samples_results_v2/litgre1/xc_380340_comparison.png
xc:380340,litgre1,8,45,11.012,0.245,/home/okamoto/NAS/nasbi/ToriNET/segments/test_samples_results_v2/litgre1/xc_380340_comparison.png
xc:380340,litgre1,12,16,7.529,0.471,/home/okamoto/NAS/nasbi/ToriNET/segments/test_samples_results_v2/litgre1/xc_380340_comparison.png
xc:380340,litgre1,14,5,6.594,1.319,/home/okamoto/NAS/nasbi/ToriNET/segments/test_samples_results_v2/litgre1/xc_380340_comparison.png
xc:827756,litgre1,1,5,1.225,0.245,/home/okamoto/NAS/nasbi/ToriNET/segments/test_samples_results_v2/litgre1/xc_827756_comparison.png
xc:827756,litgre1,2,7,0.821,0.117,/home/okamoto/NAS/nasbi/ToriNET/segments/test_samples_results_v2/litgre1/xc_827756_comparison.png
xc:827756,litgre1,3,5,4.592,0.918,/home/okamoto/NAS/nasbi/ToriNET/segments/test_samples_results_v2/litgre1/xc_827756_comparison.png
xc:827756,litgre1,6,10,1.393,0.139,/home/okamoto/NAS/nasbi/ToriNET/segments/test_samples_results_v2/litgre1/xc_827756_comparison.png
xc:827756,litgre1,8,9,2.763,0.307,/home/okamoto/NAS/nasbi/ToriNET/segments/test_samples_results_v2/litgre1/xc_827756_comparison.png
xc:827756,litgre1,12,3,1.103,0.368,/home/okamoto/NAS/nasbi/ToriNET/segments/test_samples_results_v2/litgre1/xc_827756_comparison.png
xc:827756,litgre1,14,1,0.104,0.104,/home/okamoto/NAS/nasbi/ToriNET/segments/test_samples_results_v2/litgre1/xc_827756_comparison.png
xc:923292,litgre1,1,1,0.197,0.197,/home/okamoto/NAS/nasbi/ToriNET/segments/test_samples_results_v2/litgre1/xc_923292_comparison.png
xc:923292,litgre1,2,2,0.572,0.286,/home/okamoto/NAS/nasbi/ToriNET/segments/test_samples_results_v2/litgre1/xc_923292_comparison.png
xc:923292,litgre1,3,3,2.194,0.731,/home/okamoto/NAS/nasbi/ToriNET/segments/test_samples_results_v2/litgre1/xc_923292_comparison.png
xc:923292,litgre1,6,1,0.244,0.244,/home/okamoto/NAS/nasbi/ToriNET/segments/test_samples_results_v2/litgre1/xc_923292_comparison.png
xc:923292,litgre1,8,5,0.627,0.125,/home/okamoto/NAS/nasbi/ToriNET/segments/test_samples_results_v2/litgre1/xc_923292_comparison.png
xc:923292,litgre1,12,1,0.279,0.279,/home/okamoto/NAS/nasbi/ToriNET/segments/test_samples_results_v2/litgre1/xc_923292_comparison.png
xc:923292,litgre1,14,1,0.244,0.244,/home/okamoto/NAS/nasbi/ToriNET/segments/test_samples_results_v2/litgre1/xc_923292_comparison.png
xc:463643,lottit1,1,134,22.21,0.166,/home/okamoto/NAS/nasbi/ToriNET/segments/test_samples_results_v2/lottit1/xc_463643_comparison.png
xc:463643,lottit1,2,147,24.041,0.164,/home/okamoto/NAS/nasbi/ToriNET/segments/test_samples_results_v2/lottit1/xc_463643_comparison.png
xc:463643,lottit1,3,57,39.367,0.691,/home/okamoto/NAS/nasbi/ToriNET/segments/test_samples_results_v2/lottit1/xc_463643_comparison.png
xc:463643,lottit1,6,110,25.426,0.231,/home/okamoto/NAS/nasbi/ToriNET/segments/test_samples_results_v2/lottit1/xc_463643_comparison.png
xc:463643,lottit1,8,122,15.139,0.124,/home/okamoto/NAS/nasbi/ToriNET/segments/test_samples_results_v2/lottit1/xc_463643_comparison.png
xc:463643,lottit1,12,40,3.669,0.092,/home/okamoto/NAS/nasbi/ToriNET/segments/test_samples_results_v2/lottit1/xc_463643_comparison.png
xc:463643,lottit1,14,16,2.531,0.158,/home/okamoto/NAS/nasbi/ToriNET/segments/test_samples_results_v2/lottit1/xc_463643_comparison.png
xc:354434,lottit1,1,56,8.533,0.152,/home/okamoto/NAS/nasbi/ToriNET/segments/test_samples_results_v2/lottit1/xc_354434_comparison.png
xc:354434,lottit1,2,71,8.292,0.117,/home/okamoto/NAS/nasbi/ToriNET/segments/test_samples_results_v2/lottit1/xc_354434_comparison.png
xc:354434,lottit1,3,48,38.766,0.808,/home/okamoto/NAS/nasbi/ToriNET/segments/test_samples_results_v2/lottit1/xc_354434_comparison.png
xc:354434,lottit1,6,67,8.504,0.127,/home/okamoto/NAS/nasbi/ToriNET/segments/test_samples_results_v2/lottit1/xc_354434_comparison.png
xc:354434,lottit1,8,71,8.144,0.115,/home/okamoto/NAS/nasbi/ToriNET/segments/test_samples_results_v2/lottit1/xc_354434_comparison.png
xc:354434,lottit1,12,31,3.576,0.115,/home/okamoto/NAS/nasbi/ToriNET/segments/test_samples_results_v2/lottit1/xc_354434_comparison.png
xc:354434,lottit1,14,11,1.196,0.109,/home/okamoto/NAS/nasbi/ToriNET/segments/test_samples_results_v2/lottit1/xc_354434_comparison.png
xc:759683,lottit1,1,135,28.311,0.21,/home/okamoto/NAS/nasbi/ToriNET/segments/test_samples_results_v2/lottit1/xc_759683_comparison.png
xc:759683,lottit1,2,202,24.166,0.12,/home/okamoto/NAS/nasbi/ToriNET/segments/test_samples_results_v2/lottit1/xc_759683_comparison.png
xc:759683,lottit1,3,99,70.426,0.711,/home/okamoto/NAS/nasbi/ToriNET/segments/test_samples_results_v2/lottit1/xc_759683_comparison.png
xc:759683,lottit1,6,155,30.888,0.199,/home/okamoto/NAS/nasbi/ToriNET/segments/test_samples_results_v2/lottit1/xc_759683_comparison.png
xc:759683,lottit1,8,172,40.432,0.235,/home/okamoto/NAS/nasbi/ToriNET/segments/test_samples_results_v2/lottit1/xc_759683_comparison.png
xc:759683,lottit1,12,86,20.259,0.236,/home/okamoto/NAS/nasbi/ToriNET/segments/test_samples_results_v2/lottit1/xc_759683_comparison.png
xc:759683,lottit1,14,64,25.96,0.406,/home/okamoto/NAS/nasbi/ToriNET/segments/test_samples_results_v2/lottit1/xc_759683_comparison.png
xc:708449,lottit1,1,92,14.139,0.154,/home/okamoto/NAS/nasbi/ToriNET/segments/test_samples_results_v2/lottit1/xc_708449_comparison.png
xc:708449,lottit1,2,133,16.611,0.125,/home/okamoto/NAS/nasbi/ToriNET/segments/test_samples_results_v2/lottit1/xc_708449_comparison.png
xc:708449,lottit1,3,42,45.883,1.092,/home/okamoto/NAS/nasbi/ToriNET/segments/test_samples_results_v2/lottit1/xc_708449_comparison.png
xc:708449,lottit1,6,99,15.344,0.155,/home/okamoto/NAS/nasbi/ToriNET/segments/test_samples_results_v2/lottit1/xc_708449_comparison.png
xc:708449,lottit1,8,104,13.856,0.133,/home/okamoto/NAS/nasbi/ToriNET/segments/test_samples_results_v2/lottit1/xc_708449_comparison.png
xc:708449,lottit1,12,63,6.928,0.11,/home/okamoto/NAS/nasbi/ToriNET/segments/test_samples_results_v2/lottit1/xc_708449_comparison.png
xc:708449,lottit1,14,51,12.565,0.246,/home/okamoto/NAS/nasbi/ToriNET/segments/test_samples_results_v2/lottit1/xc_708449_comparison.png
xc:502966,lottit1,1,19,4.587,0.241,/home/okamoto/NAS/nasbi/ToriNET/segments/test_samples_results_v2/lottit1/xc_502966_comparison.png
xc:502966,lottit1,2,29,4.504,0.155,/home/okamoto/NAS/nasbi/ToriNET/segments/test_samples_results_v2/lottit1/xc_502966_comparison.png
xc:502966,lottit1,3,24,18.211,0.759,/home/okamoto/NAS/nasbi/ToriNET/segments/test_samples_results_v2/lottit1/xc_502966_comparison.png
xc:502966,lottit1,6,22,5.995,0.272,/home/okamoto/NAS/nasbi/ToriNET/segments/test_samples_results_v2/lottit1/xc_502966_comparison.png
xc:502966,lottit1,8,13,10.635,0.818,/home/okamoto/NAS/nasbi/ToriNET/segments/test_samples_results_v2/lottit1/xc_502966_comparison.png
xc:502966,lottit1,12,13,1.989,0.153,/home/okamoto/NAS/nasbi/ToriNET/segments/test_samples_results_v2/lottit1/xc_502966_comparison.png
xc:502966,lottit1,14,13,4.405,0.339,/home/okamoto/NAS/nasbi/ToriNET/segments/test_samples_results_v2/lottit1/xc_502966_comparison.png
xc:846028,mallar3,1,21,4.117,0.196,/home/okamoto/NAS/nasbi/ToriNET/segments/test_samples_results_v2/mallar3/xc_846028_comparison.png
xc:846028,mallar3,2,24,3.333,0.139,/home/okamoto/NAS/nasbi/ToriNET/segments/test_samples_results_v2/mallar3/xc_846028_comparison.png
xc:846028,mallar3,3,24,13.173,0.549,/home/okamoto/NAS/nasbi/ToriNET/segments/test_samples_results_v2/mallar3/xc_846028_comparison.png
xc:846028,mallar3,6,22,4.496,0.204,/home/okamoto/NAS/nasbi/ToriNET/segments/test_samples_results_v2/mallar3/xc_846028_comparison.png
xc:846028,mallar3,8,27,7.269,0.269,/home/okamoto/NAS/nasbi/ToriNET/segments/test_samples_results_v2/mallar3/xc_846028_comparison.png
xc:846028,mallar3,12,20,4.859,0.243,/home/okamoto/NAS/nasbi/ToriNET/segments/test_samples_results_v2/mallar3/xc_846028_comparison.png
xc:846028,mallar3,14,17,2.709,0.159,/home/okamoto/NAS/nasbi/ToriNET/segments/test_samples_results_v2/mallar3/xc_846028_comparison.png
xc:779764,mallar3,1,21,3.968,0.189,/home/okamoto/NAS/nasbi/ToriNET/segments/test_samples_results_v2/mallar3/xc_779764_comparison.png
xc:779764,mallar3,2,30,3.027,0.101,/home/okamoto/NAS/nasbi/ToriNET/segments/test_samples_results_v2/mallar3/xc_779764_comparison.png
xc:779764,mallar3,3,15,23.088,1.539,/home/okamoto/NAS/nasbi/ToriNET/segments/test_samples_results_v2/mallar3/xc_779764_comparison.png
xc:779764,mallar3,6,27,4.507,0.167,/home/okamoto/NAS/nasbi/ToriNET/segments/test_samples_results_v2/mallar3/xc_779764_comparison.png
xc:779764,mallar3,8,38,10.496,0.276,/home/okamoto/NAS/nasbi/ToriNET/segments/test_samples_results_v2/mallar3/xc_779764_comparison.png
xc:779764,mallar3,12,9,5.781,0.642,/home/okamoto/NAS/nasbi/ToriNET/segments/test_samples_results_v2/mallar3/xc_779764_comparison.png
xc:779764,mallar3,14,4,5.461,1.365,/home/okamoto/NAS/nasbi/ToriNET/segments/test_samples_results_v2/mallar3/xc_779764_comparison.png
xc:630299,mallar3,1,0,0.0,0.0,/home/okamoto/NAS/nasbi/ToriNET/segments/test_samples_results_v2/mallar3/xc_630299_comparison.png
xc:630299,mallar3,2,5,0.778,0.156,/home/okamoto/NAS/nasbi/ToriNET/segments/test_samples_results_v2/mallar3/xc_630299_comparison.png
xc:630299,mallar3,3,4,3.692,0.923,/home/okamoto/NAS/nasbi/ToriNET/segments/test_samples_results_v2/mallar3/xc_630299_comparison.png
xc:630299,mallar3,6,9,0.47,0.052,/home/okamoto/NAS/nasbi/ToriNET/segments/test_samples_results_v2/mallar3/xc_630299_comparison.png
xc:630299,mallar3,8,6,2.409,0.402,/home/okamoto/NAS/nasbi/ToriNET/segments/test_samples_results_v2/mallar3/xc_630299_comparison.png
xc:630299,mallar3,12,0,0.0,0.0,/home/okamoto/NAS/nasbi/ToriNET/segments/test_samples_results_v2/mallar3/xc_630299_comparison.png
xc:630299,mallar3,14,3,0.325,0.108,/home/okamoto/NAS/nasbi/ToriNET/segments/test_samples_results_v2/mallar3/xc_630299_comparison.png
xc:879568,mallar3,1,18,3.332,0.185,/home/okamoto/NAS/nasbi/ToriNET/segments/test_samples_results_v2/mallar3/xc_879568_comparison.png
xc:879568,mallar3,2,21,3.248,0.155,/home/okamoto/NAS/nasbi/ToriNET/segments/test_samples_results_v2/mallar3/xc_879568_comparison.png
xc:879568,mallar3,3,14,5.207,0.372,/home/okamoto/NAS/nasbi/ToriNET/segments/test_samples_results_v2/mallar3/xc_879568_comparison.png
xc:879568,mallar3,6,21,4.487,0.214,/home/okamoto/NAS/nasbi/ToriNET/segments/test_samples_results_v2/mallar3/xc_879568_comparison.png
xc:879568,mallar3,8,15,4.54,0.303,/home/okamoto/NAS/nasbi/ToriNET/segments/test_samples_results_v2/mallar3/xc_879568_comparison.png
xc:879568,mallar3,12,2,0.215,0.107,/home/okamoto/NAS/nasbi/ToriNET/segments/test_samples_results_v2/mallar3/xc_879568_comparison.png
xc:879568,mallar3,14,1,0.116,0.116,/home/okamoto/NAS/nasbi/ToriNET/segments/test_samples_results_v2/mallar3/xc_879568_comparison.png
xc:631555,mallar3,1,21,7.854,0.374,/home/okamoto/NAS/nasbi/ToriNET/segments/test_samples_results_v2/mallar3/xc_631555_comparison.png
xc:631555,mallar3,2,24,5.611,0.234,/home/okamoto/NAS/nasbi/ToriNET/segments/test_samples_results_v2/mallar3/xc_631555_comparison.png
xc:631555,mallar3,3,25,15.496,0.62,/home/okamoto/NAS/nasbi/ToriNET/segments/test_samples_results_v2/mallar3/xc_631555_comparison.png
xc:631555,mallar3,6,23,10.687,0.465,/home/okamoto/NAS/nasbi/ToriNET/segments/test_samples_results_v2/mallar3/xc_631555_comparison.png
xc:631555,mallar3,8,20,10.344,0.517,/home/okamoto/NAS/nasbi/ToriNET/segments/test_samples_results_v2/mallar3/xc_631555_comparison.png
xc:631555,mallar3,12,0,0.0,0.0,/home/okamoto/NAS/nasbi/ToriNET/segments/test_samples_results_v2/mallar3/xc_631555_comparison.png
xc:631555,mallar3,14,0,0.0,0.0,/home/okamoto/NAS/nasbi/ToriNET/segments/test_samples_results_v2/mallar3/xc_631555_comparison.png
xc:23968,meabun1,1,84,19.998,0.238,/home/okamoto/NAS/nasbi/ToriNET/segments/test_samples_results_v2/meabun1/xc_23968_comparison.png
xc:23968,meabun1,2,122,25.423,0.208,/home/okamoto/NAS/nasbi/ToriNET/segments/test_samples_results_v2/meabun1/xc_23968_comparison.png
xc:23968,meabun1,3,47,36.029,0.767,/home/okamoto/NAS/nasbi/ToriNET/segments/test_samples_results_v2/meabun1/xc_23968_comparison.png
xc:23968,meabun1,6,89,21.763,0.245,/home/okamoto/NAS/nasbi/ToriNET/segments/test_samples_results_v2/meabun1/xc_23968_comparison.png
xc:23968,meabun1,8,89,22.256,0.25,/home/okamoto/NAS/nasbi/ToriNET/segments/test_samples_results_v2/meabun1/xc_23968_comparison.png
xc:23968,meabun1,12,28,14.896,0.532,/home/okamoto/NAS/nasbi/ToriNET/segments/test_samples_results_v2/meabun1/xc_23968_comparison.png
xc:23968,meabun1,14,15,15.882,1.059,/home/okamoto/NAS/nasbi/ToriNET/segments/test_samples_results_v2/meabun1/xc_23968_comparison.png
xc:491232,meabun1,1,20,2.705,0.135,/home/okamoto/NAS/nasbi/ToriNET/segments/test_samples_results_v2/meabun1/xc_491232_comparison.png
xc:491232,meabun1,2,39,4.775,0.122,/home/okamoto/NAS/nasbi/ToriNET/segments/test_samples_results_v2/meabun1/xc_491232_comparison.png
xc:491232,meabun1,3,20,18.376,0.919,/home/okamoto/NAS/nasbi/ToriNET/segments/test_samples_results_v2/meabun1/xc_491232_comparison.png
xc:491232,meabun1,6,34,7.401,0.218,/home/okamoto/NAS/nasbi/ToriNET/segments/test_samples_results_v2/meabun1/xc_491232_comparison.png
xc:491232,meabun1,8,34,3.808,0.112,/home/okamoto/NAS/nasbi/ToriNET/segments/test_samples_results_v2/meabun1/xc_491232_comparison.png
xc:491232,meabun1,12,15,3.715,0.248,/home/okamoto/NAS/nasbi/ToriNET/segments/test_samples_results_v2/meabun1/xc_491232_comparison.png
xc:491232,meabun1,14,8,3.251,0.406,/home/okamoto/NAS/nasbi/ToriNET/segments/test_samples_results_v2/meabun1/xc_491232_comparison.png
xc:1018429,meabun1,1,81,14.687,0.181,/home/okamoto/NAS/nasbi/ToriNET/segments/test_samples_results_v2/meabun1/xc_1018429_comparison.png
xc:1018429,meabun1,2,160,30.064,0.188,/home/okamoto/NAS/nasbi/ToriNET/segments/test_samples_results_v2/meabun1/xc_1018429_comparison.png
xc:1018429,meabun1,3,42,49.557,1.18,/home/okamoto/NAS/nasbi/ToriNET/segments/test_samples_results_v2/meabun1/xc_1018429_comparison.png
xc:1018429,meabun1,6,94,15.621,0.166,/home/okamoto/NAS/nasbi/ToriNET/segments/test_samples_results_v2/meabun1/xc_1018429_comparison.png
xc:1018429,meabun1,8,102,23.249,0.228,/home/okamoto/NAS/nasbi/ToriNET/segments/test_samples_results_v2/meabun1/xc_1018429_comparison.png
xc:1018429,meabun1,12,50,11.117,0.222,/home/okamoto/NAS/nasbi/ToriNET/segments/test_samples_results_v2/meabun1/xc_1018429_comparison.png
xc:1018429,meabun1,14,27,7.848,0.291,/home/okamoto/NAS/nasbi/ToriNET/segments/test_samples_results_v2/meabun1/xc_1018429_comparison.png
xc:282181,meabun1,1,10,6.078,0.608,/home/okamoto/NAS/nasbi/ToriNET/segments/test_samples_results_v2/meabun1/xc_282181_comparison.png
xc:282181,meabun1,2,33,7.938,0.241,/home/okamoto/NAS/nasbi/ToriNET/segments/test_samples_results_v2/meabun1/xc_282181_comparison.png
xc:282181,meabun1,3,22,19.989,0.909,/home/okamoto/NAS/nasbi/ToriNET/segments/test_samples_results_v2/meabun1/xc_282181_comparison.png
xc:282181,meabun1,6,7,6.531,0.933,/home/okamoto/NAS/nasbi/ToriNET/segments/test_samples_results_v2/meabun1/xc_282181_comparison.png
xc:282181,meabun1,8,11,6.838,0.622,/home/okamoto/NAS/nasbi/ToriNET/segments/test_samples_results_v2/meabun1/xc_282181_comparison.png
xc:282181,meabun1,12,5,6.275,1.255,/home/okamoto/NAS/nasbi/ToriNET/segments/test_samples_results_v2/meabun1/xc_282181_comparison.png
xc:282181,meabun1,14,17,15.081,0.887,/home/okamoto/NAS/nasbi/ToriNET/segments/test_samples_results_v2/meabun1/xc_282181_comparison.png
xc:626398,meabun1,1,43,3.072,0.071,/home/okamoto/NAS/nasbi/ToriNET/segments/test_samples_results_v2/meabun1/xc_626398_comparison.png
xc:626398,meabun1,2,71,4.781,0.067,/home/okamoto/NAS/nasbi/ToriNET/segments/test_samples_results_v2/meabun1/xc_626398_comparison.png
xc:626398,meabun1,3,24,46.032,1.918,/home/okamoto/NAS/nasbi/ToriNET/segments/test_samples_results_v2/meabun1/xc_626398_comparison.png
xc:626398,meabun1,6,41,2.72,0.066,/home/okamoto/NAS/nasbi/ToriNET/segments/test_samples_results_v2/meabun1/xc_626398_comparison.png
xc:626398,meabun1,8,65,4.88,0.075,/home/okamoto/NAS/nasbi/ToriNET/segments/test_samples_results_v2/meabun1/xc_626398_comparison.png
xc:626398,meabun1,12,26,1.413,0.054,/home/okamoto/NAS/nasbi/ToriNET/segments/test_samples_results_v2/meabun1/xc_626398_comparison.png
xc:626398,meabun1,14,1,0.021,0.021,/home/okamoto/NAS/nasbi/ToriNET/segments/test_samples_results_v2/meabun1/xc_626398_comparison.png
xc:733153,norpin,1,18,1.625,0.09,/home/okamoto/NAS/nasbi/ToriNET/segments/test_samples_results_v2/norpin/xc_733153_comparison.png
xc:733153,norpin,2,63,6.51,0.103,/home/okamoto/NAS/nasbi/ToriNET/segments/test_samples_results_v2/norpin/xc_733153_comparison.png
xc:733153,norpin,3,29,32.81,1.131,/home/okamoto/NAS/nasbi/ToriNET/segments/test_samples_results_v2/norpin/xc_733153_comparison.png
xc:733153,norpin,6,55,6.769,0.123,/home/okamoto/NAS/nasbi/ToriNET/segments/test_samples_results_v2/norpin/xc_733153_comparison.png
xc:733153,norpin,8,63,10.948,0.174,/home/okamoto/NAS/nasbi/ToriNET/segments/test_samples_results_v2/norpin/xc_733153_comparison.png
xc:733153,norpin,12,27,3.373,0.125,/home/okamoto/NAS/nasbi/ToriNET/segments/test_samples_results_v2/norpin/xc_733153_comparison.png
xc:733153,norpin,14,9,1.196,0.133,/home/okamoto/NAS/nasbi/ToriNET/segments/test_samples_results_v2/norpin/xc_733153_comparison.png
xc:972654,norpin,1,12,0.778,0.065,/home/okamoto/NAS/nasbi/ToriNET/segments/test_samples_results_v2/norpin/xc_972654_comparison.png
xc:972654,norpin,2,48,6.792,0.141,/home/okamoto/NAS/nasbi/ToriNET/segments/test_samples_results_v2/norpin/xc_972654_comparison.png
xc:972654,norpin,3,19,29.527,1.554,/home/okamoto/NAS/nasbi/ToriNET/segments/test_samples_results_v2/norpin/xc_972654_comparison.png
xc:972654,norpin,6,71,14.414,0.203,/home/okamoto/NAS/nasbi/ToriNET/segments/test_samples_results_v2/norpin/xc_972654_comparison.png
xc:972654,norpin,8,40,18.065,0.452,/home/okamoto/NAS/nasbi/ToriNET/segments/test_samples_results_v2/norpin/xc_972654_comparison.png
xc:972654,norpin,12,10,0.743,0.074,/home/okamoto/NAS/nasbi/ToriNET/segments/test_samples_results_v2/norpin/xc_972654_comparison.png
xc:972654,norpin,14,14,2.287,0.163,/home/okamoto/NAS/nasbi/ToriNET/segments/test_samples_results_v2/norpin/xc_972654_comparison.png
xc:971856,norpin,1,4,0.163,0.041,/home/okamoto/NAS/nasbi/ToriNET/segments/test_samples_results_v2/norpin/xc_971856_comparison.png
xc:971856,norpin,2,19,3.199,0.168,/home/okamoto/NAS/nasbi/ToriNET/segments/test_samples_results_v2/norpin/xc_971856_comparison.png
xc:971856,norpin,3,12,10.658,0.888,/home/okamoto/NAS/nasbi/ToriNET/segments/test_samples_results_v2/norpin/xc_971856_comparison.png
xc:971856,norpin,6,40,4.168,0.104,/home/okamoto/NAS/nasbi/ToriNET/segments/test_samples_results_v2/norpin/xc_971856_comparison.png
xc:971856,norpin,8,22,7.088,0.322,/home/okamoto/NAS/nasbi/ToriNET/segments/test_samples_results_v2/norpin/xc_971856_comparison.png
xc:971856,norpin,12,6,0.58,0.097,/home/okamoto/NAS/nasbi/ToriNET/segments/test_samples_results_v2/norpin/xc_971856_comparison.png
xc:971856,norpin,14,8,0.94,0.118,/home/okamoto/NAS/nasbi/ToriNET/segments/test_samples_results_v2/norpin/xc_971856_comparison.png
xc:615278,norpin,1,24,3.467,0.144,/home/okamoto/NAS/nasbi/ToriNET/segments/test_samples_results_v2/norpin/xc_615278_comparison.png
xc:615278,norpin,2,27,3.232,0.12,/home/okamoto/NAS/nasbi/ToriNET/segments/test_samples_results_v2/norpin/xc_615278_comparison.png
xc:615278,norpin,3,10,8.821,0.882,/home/okamoto/NAS/nasbi/ToriNET/segments/test_samples_results_v2/norpin/xc_615278_comparison.png
xc:615278,norpin,6,23,4.379,0.19,/home/okamoto/NAS/nasbi/ToriNET/segments/test_samples_results_v2/norpin/xc_615278_comparison.png
xc:615278,norpin,8,17,5.552,0.327,/home/okamoto/NAS/nasbi/ToriNET/segments/test_samples_results_v2/norpin/xc_615278_comparison.png
xc:615278,norpin,12,12,1.947,0.162,/home/okamoto/NAS/nasbi/ToriNET/segments/test_samples_results_v2/norpin/xc_615278_comparison.png
xc:615278,norpin,14,5,1.024,0.205,/home/okamoto/NAS/nasbi/ToriNET/segments/test_samples_results_v2/norpin/xc_615278_comparison.png
xc:463194,norpin,1,15,2.444,0.163,/home/okamoto/NAS/nasbi/ToriNET/segments/test_samples_results_v2/norpin/xc_463194_comparison.png
xc:463194,norpin,2,10,2.244,0.224,/home/okamoto/NAS/nasbi/ToriNET/segments/test_samples_results_v2/norpin/xc_463194_comparison.png
xc:463194,norpin,3,6,4.926,0.821,/home/okamoto/NAS/nasbi/ToriNET/segments/test_samples_results_v2/norpin/xc_463194_comparison.png
xc:463194,norpin,6,7,2.072,0.296,/home/okamoto/NAS/nasbi/ToriNET/segments/test_samples_results_v2/norpin/xc_463194_comparison.png
xc:463194,norpin,8,6,2.084,0.347,/home/okamoto/NAS/nasbi/ToriNET/segments/test_samples_results_v2/norpin/xc_463194_comparison.png
xc:463194,norpin,12,4,0.273,0.068,/home/okamoto/NAS/nasbi/ToriNET/segments/test_samples_results_v2/norpin/xc_463194_comparison.png
xc:463194,norpin,14,1,0.081,0.081,/home/okamoto/NAS/nasbi/ToriNET/segments/test_samples_results_v2/norpin/xc_463194_comparison.png
xc:974364,norsho,1,1,0.032,0.032,/home/okamoto/NAS/nasbi/ToriNET/segments/test_samples_results_v2/norsho/xc_974364_comparison.png
xc:974364,norsho,2,3,0.32,0.107,/home/okamoto/NAS/nasbi/ToriNET/segments/test_samples_results_v2/norsho/xc_974364_comparison.png
xc:974364,norsho,3,16,8.12,0.508,/home/okamoto/NAS/nasbi/ToriNET/segments/test_samples_results_v2/norsho/xc_974364_comparison.png
xc:974364,norsho,6,7,0.376,0.054,/home/okamoto/NAS/nasbi/ToriNET/segments/test_samples_results_v2/norsho/xc_974364_comparison.png
xc:974364,norsho,8,9,4.536,0.504,/home/okamoto/NAS/nasbi/ToriNET/segments/test_samples_results_v2/norsho/xc_974364_comparison.png
xc:974364,norsho,12,4,0.784,0.196,/home/okamoto/NAS/nasbi/ToriNET/segments/test_samples_results_v2/norsho/xc_974364_comparison.png
xc:974364,norsho,14,0,0.0,0.0,/home/okamoto/NAS/nasbi/ToriNET/segments/test_samples_results_v2/norsho/xc_974364_comparison.png
xc:712354,norsho,1,5,0.929,0.186,/home/okamoto/NAS/nasbi/ToriNET/segments/test_samples_results_v2/norsho/xc_712354_comparison.png
xc:712354,norsho,2,13,2.235,0.172,/home/okamoto/NAS/nasbi/ToriNET/segments/test_samples_results_v2/norsho/xc_712354_comparison.png
xc:712354,norsho,3,7,5.712,0.816,/home/okamoto/NAS/nasbi/ToriNET/segments/test_samples_results_v2/norsho/xc_712354_comparison.png
xc:712354,norsho,6,16,2.618,0.164,/home/okamoto/NAS/nasbi/ToriNET/segments/test_samples_results_v2/norsho/xc_712354_comparison.png
xc:712354,norsho,8,11,2.368,0.215,/home/okamoto/NAS/nasbi/ToriNET/segments/test_samples_results_v2/norsho/xc_712354_comparison.png
xc:712354,norsho,12,8,1.921,0.24,/home/okamoto/NAS/nasbi/ToriNET/segments/test_samples_results_v2/norsho/xc_712354_comparison.png
xc:712354,norsho,14,6,1.614,0.269,/home/okamoto/NAS/nasbi/ToriNET/segments/test_samples_results_v2/norsho/xc_712354_comparison.png
xc:501879,norsho,1,308,37.771,0.123,/home/okamoto/NAS/nasbi/ToriNET/segments/test_samples_results_v2/norsho/xc_501879_comparison.png
xc:501879,norsho,2,300,34.816,0.116,/home/okamoto/NAS/nasbi/ToriNET/segments/test_samples_results_v2/norsho/xc_501879_comparison.png
xc:501879,norsho,3,94,85.677,0.911,/home/okamoto/NAS/nasbi/ToriNET/segments/test_samples_results_v2/norsho/xc_501879_comparison.png
xc:501879,norsho,6,287,51.291,0.179,/home/okamoto/NAS/nasbi/ToriNET/segments/test_samples_results_v2/norsho/xc_501879_comparison.png
xc:501879,norsho,8,288,44.485,0.154,/home/okamoto/NAS/nasbi/ToriNET/segments/test_samples_results_v2/norsho/xc_501879_comparison.png
xc:501879,norsho,12,77,5.093,0.066,/home/okamoto/NAS/nasbi/ToriNET/segments/test_samples_results_v2/norsho/xc_501879_comparison.png
xc:501879,norsho,14,35,6.976,0.199,/home/okamoto/NAS/nasbi/ToriNET/segments/test_samples_results_v2/norsho/xc_501879_comparison.png
xc:617375,norsho,1,92,7.163,0.078,/home/okamoto/NAS/nasbi/ToriNET/segments/test_samples_results_v2/norsho/xc_617375_comparison.png
xc:617375,norsho,2,182,14.832,0.081,/home/okamoto/NAS/nasbi/ToriNET/segments/test_samples_results_v2/norsho/xc_617375_comparison.png
xc:617375,norsho,3,73,61.379,0.841,/home/okamoto/NAS/nasbi/ToriNET/segments/test_samples_results_v2/norsho/xc_617375_comparison.png
xc:617375,norsho,6,232,26.192,0.113,/home/okamoto/NAS/nasbi/ToriNET/segments/test_samples_results_v2/norsho/xc_617375_comparison.png
xc:617375,norsho,8,142,19.818,0.14,/home/okamoto/NAS/nasbi/ToriNET/segments/test_samples_results_v2/norsho/xc_617375_comparison.png
xc:617375,norsho,12,17,2.136,0.126,/home/okamoto/NAS/nasbi/ToriNET/segments/test_samples_results_v2/norsho/xc_617375_comparison.png
xc:617375,norsho,14,0,0.0,0.0,/home/okamoto/NAS/nasbi/ToriNET/segments/test_samples_results_v2/norsho/xc_617375_comparison.png
xc:586812,norsho,1,18,1.654,0.092,/home/okamoto/NAS/nasbi/ToriNET/segments/test_samples_results_v2/norsho/xc_586812_comparison.png
xc:586812,norsho,2,26,2.963,0.114,/home/okamoto/NAS/nasbi/ToriNET/segments/test_samples_results_v2/norsho/xc_586812_comparison.png
xc:586812,norsho,3,6,9.073,1.512,/home/okamoto/NAS/nasbi/ToriNET/segments/test_samples_results_v2/norsho/xc_586812_comparison.png
xc:586812,norsho,6,15,5.178,0.345,/home/okamoto/NAS/nasbi/ToriNET/segments/test_samples_results_v2/norsho/xc_586812_comparison.png
xc:586812,norsho,8,15,3.611,0.241,/home/okamoto/NAS/nasbi/ToriNET/segments/test_samples_results_v2/norsho/xc_586812_comparison.png
xc:586812,norsho,12,3,2.357,0.786,/home/okamoto/NAS/nasbi/ToriNET/segments/test_samples_results_v2/norsho/xc_586812_comparison.png
xc:586812,norsho,14,0,0.0,0.0,/home/okamoto/NAS/nasbi/ToriNET/segments/test_samples_results_v2/norsho/xc_586812_comparison.png
xc:286288,origre,1,13,3.071,0.236,/home/okamoto/NAS/nasbi/ToriNET/segments/test_samples_results_v2/origre/xc_286288_comparison.png
xc:286288,origre,2,20,3.651,0.183,/home/okamoto/NAS/nasbi/ToriNET/segments/test_samples_results_v2/origre/xc_286288_comparison.png
xc:286288,origre,3,9,7.335,0.815,/home/okamoto/NAS/nasbi/ToriNET/segments/test_samples_results_v2/origre/xc_286288_comparison.png
xc:286288,origre,6,10,4.487,0.449,/home/okamoto/NAS/nasbi/ToriNET/segments/test_samples_results_v2/origre/xc_286288_comparison.png
xc:286288,origre,8,15,3.384,0.226,/home/okamoto/NAS/nasbi/ToriNET/segments/test_samples_results_v2/origre/xc_286288_comparison.png
xc:286288,origre,12,5,0.267,0.053,/home/okamoto/NAS/nasbi/ToriNET/segments/test_samples_results_v2/origre/xc_286288_comparison.png
xc:286288,origre,14,2,0.139,0.07,/home/okamoto/NAS/nasbi/ToriNET/segments/test_samples_results_v2/origre/xc_286288_comparison.png
xc:992580,origre,1,148,42.08,0.284,/home/okamoto/NAS/nasbi/ToriNET/segments/test_samples_results_v2/origre/xc_992580_comparison.png
xc:992580,origre,2,321,51.851,0.162,/home/okamoto/NAS/nasbi/ToriNET/segments/test_samples_results_v2/origre/xc_992580_comparison.png
xc:992580,origre,3,150,144.352,0.962,/home/okamoto/NAS/nasbi/ToriNET/segments/test_samples_results_v2/origre/xc_992580_comparison.png
xc:992580,origre,6,237,67.296,0.284,/home/okamoto/NAS/nasbi/ToriNET/segments/test_samples_results_v2/origre/xc_992580_comparison.png
xc:992580,origre,8,228,75.584,0.332,/home/okamoto/NAS/nasbi/ToriNET/segments/test_samples_results_v2/origre/xc_992580_comparison.png
xc:992580,origre,12,131,40.144,0.306,/home/okamoto/NAS/nasbi/ToriNET/segments/test_samples_results_v2/origre/xc_992580_comparison.png
xc:992580,origre,14,94,41.739,0.444,/home/okamoto/NAS/nasbi/ToriNET/segments/test_samples_results_v2/origre/xc_992580_comparison.png
xc:451340,origre,1,43,9.021,0.21,/home/okamoto/NAS/nasbi/ToriNET/segments/test_samples_results_v2/origre/xc_451340_comparison.png
xc:451340,origre,2,71,13.172,0.186,/home/okamoto/NAS/nasbi/ToriNET/segments/test_samples_results_v2/origre/xc_451340_comparison.png
xc:451340,origre,3,49,38.197,0.78,/home/okamoto/NAS/nasbi/ToriNET/segments/test_samples_results_v2/origre/xc_451340_comparison.png
xc:451340,origre,6,59,14.971,0.254,/home/okamoto/NAS/nasbi/ToriNET/segments/test_samples_results_v2/origre/xc_451340_comparison.png
xc:451340,origre,8,54,18.901,0.35,/home/okamoto/NAS/nasbi/ToriNET/segments/test_samples_results_v2/origre/xc_451340_comparison.png
xc:451340,origre,12,32,5.37,0.168,/home/okamoto/NAS/nasbi/ToriNET/segments/test_samples_results_v2/origre/xc_451340_comparison.png
xc:451340,origre,14,24,4.249,0.177,/home/okamoto/NAS/nasbi/ToriNET/segments/test_samples_results_v2/origre/xc_451340_comparison.png
xc:285949,origre,1,50,24.631,0.493,/home/okamoto/NAS/nasbi/ToriNET/segments/test_samples_results_v2/origre/xc_285949_comparison.png
xc:285949,origre,2,110,20.1,0.183,/home/okamoto/NAS/nasbi/ToriNET/segments/test_samples_results_v2/origre/xc_285949_comparison.png
xc:285949,origre,3,43,42.118,0.979,/home/okamoto/NAS/nasbi/ToriNET/segments/test_samples_results_v2/origre/xc_285949_comparison.png
xc:285949,origre,6,73,25.565,0.35,/home/okamoto/NAS/nasbi/ToriNET/segments/test_samples_results_v2/origre/xc_285949_comparison.png
xc:285949,origre,8,49,19.447,0.397,/home/okamoto/NAS/nasbi/ToriNET/segments/test_samples_results_v2/origre/xc_285949_comparison.png
xc:285949,origre,12,32,5.364,0.168,/home/okamoto/NAS/nasbi/ToriNET/segments/test_samples_results_v2/origre/xc_285949_comparison.png
xc:285949,origre,14,8,3.309,0.414,/home/okamoto/NAS/nasbi/ToriNET/segments/test_samples_results_v2/origre/xc_285949_comparison.png
xc:872882,origre,1,30,16.368,0.546,/home/okamoto/NAS/nasbi/ToriNET/segments/test_samples_results_v2/origre/xc_872882_comparison.png
xc:872882,origre,2,48,13.947,0.291,/home/okamoto/NAS/nasbi/ToriNET/segments/test_samples_results_v2/origre/xc_872882_comparison.png
xc:872882,origre,3,43,38.437,0.894,/home/okamoto/NAS/nasbi/ToriNET/segments/test_samples_results_v2/origre/xc_872882_comparison.png
xc:872882,origre,6,32,18.981,0.593,/home/okamoto/NAS/nasbi/ToriNET/segments/test_samples_results_v2/origre/xc_872882_comparison.png
xc:872882,origre,8,44,22.293,0.507,/home/okamoto/NAS/nasbi/ToriNET/segments/test_samples_results_v2/origre/xc_872882_comparison.png
xc:872882,origre,12,20,13.909,0.695,/home/okamoto/NAS/nasbi/ToriNET/segments/test_samples_results_v2/origre/xc_872882_comparison.png
xc:872882,origre,14,21,15.008,0.715,/home/okamoto/NAS/nasbi/ToriNET/segments/test_samples_results_v2/origre/xc_872882_comparison.png
xc:473070,ortdov,1,27,11.064,0.41,/home/okamoto/NAS/nasbi/ToriNET/segments/test_samples_results_v2/ortdov/xc_473070_comparison.png
xc:473070,ortdov,2,30,3.776,0.126,/home/okamoto/NAS/nasbi/ToriNET/segments/test_samples_results_v2/ortdov/xc_473070_comparison.png
xc:473070,ortdov,3,28,15.061,0.538,/home/okamoto/NAS/nasbi/ToriNET/segments/test_samples_results_v2/ortdov/xc_473070_comparison.png
xc:473070,ortdov,6,33,11.912,0.361,/home/okamoto/NAS/nasbi/ToriNET/segments/test_samples_results_v2/ortdov/xc_473070_comparison.png
xc:473070,ortdov,8,29,8.092,0.279,/home/okamoto/NAS/nasbi/ToriNET/segments/test_samples_results_v2/ortdov/xc_473070_comparison.png
xc:473070,ortdov,12,22,3.773,0.172,/home/okamoto/NAS/nasbi/ToriNET/segments/test_samples_results_v2/ortdov/xc_473070_comparison.png
xc:473070,ortdov,14,0,0.0,0.0,/home/okamoto/NAS/nasbi/ToriNET/segments/test_samples_results_v2/ortdov/xc_473070_comparison.png
xc:751150,ortdov,1,73,10.357,0.142,/home/okamoto/NAS/nasbi/ToriNET/segments/test_samples_results_v2/ortdov/xc_751150_comparison.png
xc:751150,ortdov,2,116,9.064,0.078,/home/okamoto/NAS/nasbi/ToriNET/segments/test_samples_results_v2/ortdov/xc_751150_comparison.png
xc:751150,ortdov,3,55,79.171,1.439,/home/okamoto/NAS/nasbi/ToriNET/segments/test_samples_results_v2/ortdov/xc_751150_comparison.png
xc:751150,ortdov,6,130,16.88,0.13,/home/okamoto/NAS/nasbi/ToriNET/segments/test_samples_results_v2/ortdov/xc_751150_comparison.png
xc:751150,ortdov,8,150,27.125,0.181,/home/okamoto/NAS/nasbi/ToriNET/segments/test_samples_results_v2/ortdov/xc_751150_comparison.png
xc:751150,ortdov,12,20,1.675,0.084,/home/okamoto/NAS/nasbi/ToriNET/segments/test_samples_results_v2/ortdov/xc_751150_comparison.png
xc:751150,ortdov,14,3,0.149,0.05,/home/okamoto/NAS/nasbi/ToriNET/segments/test_samples_results_v2/ortdov/xc_751150_comparison.png
xc:955876,ortdov,1,20,10.197,0.51,/home/okamoto/NAS/nasbi/ToriNET/segments/test_samples_results_v2/ortdov/xc_955876_comparison.png
xc:955876,ortdov,2,48,7.448,0.155,/home/okamoto/NAS/nasbi/ToriNET/segments/test_samples_results_v2/ortdov/xc_955876_comparison.png
xc:955876,ortdov,3,26,13.123,0.505,/home/okamoto/NAS/nasbi/ToriNET/segments/test_samples_results_v2/ortdov/xc_955876_comparison.png
xc:955876,ortdov,6,19,9.829,0.517,/home/okamoto/NAS/nasbi/ToriNET/segments/test_samples_results_v2/ortdov/xc_955876_comparison.png
xc:955876,ortdov,8,17,7.243,0.426,/home/okamoto/NAS/nasbi/ToriNET/segments/test_samples_results_v2/ortdov/xc_955876_comparison.png
xc:955876,ortdov,12,7,0.891,0.127,/home/okamoto/NAS/nasbi/ToriNET/segments/test_samples_results_v2/ortdov/xc_955876_comparison.png
xc:955876,ortdov,14,2,0.907,0.453,/home/okamoto/NAS/nasbi/ToriNET/segments/test_samples_results_v2/ortdov/xc_955876_comparison.png
xc:657028,ortdov,1,39,4.371,0.112,/home/okamoto/NAS/nasbi/ToriNET/segments/test_samples_results_v2/ortdov/xc_657028_comparison.png
xc:657028,ortdov,2,57,4.165,0.073,/home/okamoto/NAS/nasbi/ToriNET/segments/test_samples_results_v2/ortdov/xc_657028_comparison.png
xc:657028,ortdov,3,49,41.747,0.852,/home/okamoto/NAS/nasbi/ToriNET/segments/test_samples_results_v2/ortdov/xc_657028_comparison.png
xc:657028,ortdov,6,61,7.308,0.12,/home/okamoto/NAS/nasbi/ToriNET/segments/test_samples_results_v2/ortdov/xc_657028_comparison.png
xc:657028,ortdov,8,108,20.039,0.186,/home/okamoto/NAS/nasbi/ToriNET/segments/test_samples_results_v2/ortdov/xc_657028_comparison.png
xc:657028,ortdov,12,54,6.67,0.124,/home/okamoto/NAS/nasbi/ToriNET/segments/test_samples_results_v2/ortdov/xc_657028_comparison.png
xc:657028,ortdov,14,0,0.0,0.0,/home/okamoto/NAS/nasbi/ToriNET/segments/test_samples_results_v2/ortdov/xc_657028_comparison.png
xc:327475,ortdov,1,152,46.219,0.304,/home/okamoto/NAS/nasbi/ToriNET/segments/test_samples_results_v2/ortdov/xc_327475_comparison.png
xc:327475,ortdov,2,161,16.309,0.101,/home/okamoto/NAS/nasbi/ToriNET/segments/test_samples_results_v2/ortdov/xc_327475_comparison.png
xc:327475,ortdov,3,131,67.765,0.517,/home/okamoto/NAS/nasbi/ToriNET/segments/test_samples_results_v2/ortdov/xc_327475_comparison.png
xc:327475,ortdov,6,153,53.371,0.349,/home/okamoto/NAS/nasbi/ToriNET/segments/test_samples_results_v2/ortdov/xc_327475_comparison.png
xc:327475,ortdov,8,127,45.929,0.362,/home/okamoto/NAS/nasbi/ToriNET/segments/test_samples_results_v2/ortdov/xc_327475_comparison.png
xc:327475,ortdov,12,68,8.226,0.121,/home/okamoto/NAS/nasbi/ToriNET/segments/test_samples_results_v2/ortdov/xc_327475_comparison.png
xc:327475,ortdov,14,34,7.628,0.224,/home/okamoto/NAS/nasbi/ToriNET/segments/test_samples_results_v2/ortdov/xc_327475_comparison.png
xc:511013,osprey,1,75,6.229,0.083,/home/okamoto/NAS/nasbi/ToriNET/segments/test_samples_results_v2/osprey/xc_511013_comparison.png
xc:511013,osprey,2,131,11.0,0.084,/home/okamoto/NAS/nasbi/ToriNET/segments/test_samples_results_v2/osprey/xc_511013_comparison.png
xc:511013,osprey,3,43,45.0,1.047,/home/okamoto/NAS/nasbi/ToriNET/segments/test_samples_results_v2/osprey/xc_511013_comparison.png
xc:511013,osprey,6,107,10.089,0.094,/home/okamoto/NAS/nasbi/ToriNET/segments/test_samples_results_v2/osprey/xc_511013_comparison.png
xc:511013,osprey,8,76,27.806,0.366,/home/okamoto/NAS/nasbi/ToriNET/segments/test_samples_results_v2/osprey/xc_511013_comparison.png
xc:511013,osprey,12,57,3.239,0.057,/home/okamoto/NAS/nasbi/ToriNET/segments/test_samples_results_v2/osprey/xc_511013_comparison.png
xc:511013,osprey,14,1,0.058,0.058,/home/okamoto/NAS/nasbi/ToriNET/segments/test_samples_results_v2/osprey/xc_511013_comparison.png
xc:465294,osprey,1,68,9.636,0.142,/home/okamoto/NAS/nasbi/ToriNET/segments/test_samples_results_v2/osprey/xc_465294_comparison.png
xc:465294,osprey,2,105,19.293,0.184,/home/okamoto/NAS/nasbi/ToriNET/segments/test_samples_results_v2/osprey/xc_465294_comparison.png
xc:465294,osprey,3,37,32.032,0.866,/home/okamoto/NAS/nasbi/ToriNET/segments/test_samples_results_v2/osprey/xc_465294_comparison.png
xc:465294,osprey,6,93,17.229,0.185,/home/okamoto/NAS/nasbi/ToriNET/segments/test_samples_results_v2/osprey/xc_465294_comparison.png
xc:465294,osprey,8,89,16.08,0.181,/home/okamoto/NAS/nasbi/ToriNET/segments/test_samples_results_v2/osprey/xc_465294_comparison.png
xc:465294,osprey,12,56,8.446,0.151,/home/okamoto/NAS/nasbi/ToriNET/segments/test_samples_results_v2/osprey/xc_465294_comparison.png
xc:465294,osprey,14,43,14.176,0.33,/home/okamoto/NAS/nasbi/ToriNET/segments/test_samples_results_v2/osprey/xc_465294_comparison.png
xc:694232,osprey,1,45,4.197,0.093,/home/okamoto/NAS/nasbi/ToriNET/segments/test_samples_results_v2/osprey/xc_694232_comparison.png
xc:694232,osprey,2,79,6.571,0.083,/home/okamoto/NAS/nasbi/ToriNET/segments/test_samples_results_v2/osprey/xc_694232_comparison.png
xc:694232,osprey,3,18,29.827,1.657,/home/okamoto/NAS/nasbi/ToriNET/segments/test_samples_results_v2/osprey/xc_694232_comparison.png
xc:694232,osprey,6,46,6.128,0.133,/home/okamoto/NAS/nasbi/ToriNET/segments/test_samples_results_v2/osprey/xc_694232_comparison.png
xc:694232,osprey,8,52,16.251,0.313,/home/okamoto/NAS/nasbi/ToriNET/segments/test_samples_results_v2/osprey/xc_694232_comparison.png
xc:694232,osprey,12,24,2.352,0.098,/home/okamoto/NAS/nasbi/ToriNET/segments/test_samples_results_v2/osprey/xc_694232_comparison.png
xc:694232,osprey,14,13,6.261,0.482,/home/okamoto/NAS/nasbi/ToriNET/segments/test_samples_results_v2/osprey/xc_694232_comparison.png
xc:272312,osprey,1,138,24.718,0.179,/home/okamoto/NAS/nasbi/ToriNET/segments/test_samples_results_v2/osprey/xc_272312_comparison.png
xc:272312,osprey,2,177,26.067,0.147,/home/okamoto/NAS/nasbi/ToriNET/segments/test_samples_results_v2/osprey/xc_272312_comparison.png
xc:272312,osprey,3,50,55.496,1.11,/home/okamoto/NAS/nasbi/ToriNET/segments/test_samples_results_v2/osprey/xc_272312_comparison.png
xc:272312,osprey,6,130,30.389,0.234,/home/okamoto/NAS/nasbi/ToriNET/segments/test_samples_results_v2/osprey/xc_272312_comparison.png
xc:272312,osprey,8,108,30.528,0.283,/home/okamoto/NAS/nasbi/ToriNET/segments/test_samples_results_v2/osprey/xc_272312_comparison.png
xc:272312,osprey,12,85,14.571,0.171,/home/okamoto/NAS/nasbi/ToriNET/segments/test_samples_results_v2/osprey/xc_272312_comparison.png
xc:272312,osprey,14,24,47.775,1.991,/home/okamoto/NAS/nasbi/ToriNET/segments/test_samples_results_v2/osprey/xc_272312_comparison.png
xc:588910,osprey,1,201,21.941,0.109,/home/okamoto/NAS/nasbi/ToriNET/segments/test_samples_results_v2/osprey/xc_588910_comparison.png
xc:588910,osprey,2,217,27.365,0.126,/home/okamoto/NAS/nasbi/ToriNET/segments/test_samples_results_v2/osprey/xc_588910_comparison.png
xc:588910,osprey,3,40,79.557,1.989,/home/okamoto/NAS/nasbi/ToriNET/segments/test_samples_results_v2/osprey/xc_588910_comparison.png
xc:588910,osprey,6,171,36.491,0.213,/home/okamoto/NAS/nasbi/ToriNET/segments/test_samples_results_v2/osprey/xc_588910_comparison.png
xc:588910,osprey,8,136,39.131,0.288,/home/okamoto/NAS/nasbi/ToriNET/segments/test_samples_results_v2/osprey/xc_588910_comparison.png
xc:588910,osprey,12,160,24.672,0.154,/home/okamoto/NAS/nasbi/ToriNET/segments/test_samples_results_v2/osprey/xc_588910_comparison.png
xc:588910,osprey,14,13,45.483,3.499,/home/okamoto/NAS/nasbi/ToriNET/segments/test_samples_results_v2/osprey/xc_588910_comparison.png
xc:758275,palthr1,1,2,0.235,0.117,/home/okamoto/NAS/nasbi/ToriNET/segments/test_samples_results_v2/palthr1/xc_758275_comparison.png
xc:758275,palthr1,2,8,1.845,0.231,/home/okamoto/NAS/nasbi/ToriNET/segments/test_samples_results_v2/palthr1/xc_758275_comparison.png
xc:758275,palthr1,3,25,35.357,1.414,/home/okamoto/NAS/nasbi/ToriNET/segments/test_samples_results_v2/palthr1/xc_758275_comparison.png
xc:758275,palthr1,6,30,9.355,0.312,/home/okamoto/NAS/nasbi/ToriNET/segments/test_samples_results_v2/palthr1/xc_758275_comparison.png
xc:758275,palthr1,8,24,12.181,0.508,/home/okamoto/NAS/nasbi/ToriNET/segments/test_samples_results_v2/palthr1/xc_758275_comparison.png
xc:758275,palthr1,12,4,6.693,1.673,/home/okamoto/NAS/nasbi/ToriNET/segments/test_samples_results_v2/palthr1/xc_758275_comparison.png
xc:758275,palthr1,14,5,0.971,0.194,/home/okamoto/NAS/nasbi/ToriNET/segments/test_samples_results_v2/palthr1/xc_758275_comparison.png
xc:772404,palthr1,1,7,1.451,0.207,/home/okamoto/NAS/nasbi/ToriNET/segments/test_samples_results_v2/palthr1/xc_772404_comparison.png
xc:772404,palthr1,2,18,3.416,0.19,/home/okamoto/NAS/nasbi/ToriNET/segments/test_samples_results_v2/palthr1/xc_772404_comparison.png
xc:772404,palthr1,3,20,9.829,0.491,/home/okamoto/NAS/nasbi/ToriNET/segments/test_samples_results_v2/palthr1/xc_772404_comparison.png
xc:772404,palthr1,6,17,3.445,0.203,/home/okamoto/NAS/nasbi/ToriNET/segments/test_samples_results_v2/palthr1/xc_772404_comparison.png
xc:772404,palthr1,8,8,2.459,0.307,/home/okamoto/NAS/nasbi/ToriNET/segments/test_samples_results_v2/palthr1/xc_772404_comparison.png
xc:772404,palthr1,12,1,0.032,0.032,/home/okamoto/NAS/nasbi/ToriNET/segments/test_samples_results_v2/palthr1/xc_772404_comparison.png
xc:772404,palthr1,14,2,0.139,0.069,/home/okamoto/NAS/nasbi/ToriNET/segments/test_samples_results_v2/palthr1/xc_772404_comparison.png
xc:707803,palthr1,1,144,33.365,0.232,/home/okamoto/NAS/nasbi/ToriNET/segments/test_samples_results_v2/palthr1/xc_707803_comparison.png
xc:707803,palthr1,2,269,46.605,0.173,/home/okamoto/NAS/nasbi/ToriNET/segments/test_samples_results_v2/palthr1/xc_707803_comparison.png
xc:707803,palthr1,3,119,104.448,0.878,/home/okamoto/NAS/nasbi/ToriNET/segments/test_samples_results_v2/palthr1/xc_707803_comparison.png
xc:707803,palthr1,6,195,47.621,0.244,/home/okamoto/NAS/nasbi/ToriNET/segments/test_samples_results_v2/palthr1/xc_707803_comparison.png
xc:707803,palthr1,8,133,41.52,0.312,/home/okamoto/NAS/nasbi/ToriNET/segments/test_samples_results_v2/palthr1/xc_707803_comparison.png
xc:707803,palthr1,12,43,3.68,0.086,/home/okamoto/NAS/nasbi/ToriNET/segments/test_samples_results_v2/palthr1/xc_707803_comparison.png
xc:707803,palthr1,14,33,11.861,0.359,/home/okamoto/NAS/nasbi/ToriNET/segments/test_samples_results_v2/palthr1/xc_707803_comparison.png
xc:652386,palthr1,1,132,16.629,0.126,/home/okamoto/NAS/nasbi/ToriNET/segments/test_samples_results_v2/palthr1/xc_652386_comparison.png
xc:652386,palthr1,2,208,22.859,0.11,/home/okamoto/NAS/nasbi/ToriNET/segments/test_samples_results_v2/palthr1/xc_652386_comparison.png
xc:652386,palthr1,3,77,60.443,0.785,/home/okamoto/NAS/nasbi/ToriNET/segments/test_samples_results_v2/palthr1/xc_652386_comparison.png
xc:652386,palthr1,6,149,22.944,0.154,/home/okamoto/NAS/nasbi/ToriNET/segments/test_samples_results_v2/palthr1/xc_652386_comparison.png
xc:652386,palthr1,8,121,36.693,0.303,/home/okamoto/NAS/nasbi/ToriNET/segments/test_samples_results_v2/palthr1/xc_652386_comparison.png
xc:652386,palthr1,12,39,5.717,0.147,/home/okamoto/NAS/nasbi/ToriNET/segments/test_samples_results_v2/palthr1/xc_652386_comparison.png
xc:652386,palthr1,14,19,4.427,0.233,/home/okamoto/NAS/nasbi/ToriNET/segments/test_samples_results_v2/palthr1/xc_652386_comparison.png
xc:780155,palthr1,1,12,1.968,0.164,/home/okamoto/NAS/nasbi/ToriNET/segments/test_samples_results_v2/palthr1/xc_780155_comparison.png
xc:780155,palthr1,2,14,2.317,0.166,/home/okamoto/NAS/nasbi/ToriNET/segments/test_samples_results_v2/palthr1/xc_780155_comparison.png
xc:780155,palthr1,3,9,7.92,0.88,/home/okamoto/NAS/nasbi/ToriNET/segments/test_samples_results_v2/palthr1/xc_780155_comparison.png
xc:780155,palthr1,6,2,6.768,3.384,/home/okamoto/NAS/nasbi/ToriNET/segments/test_samples_results_v2/palthr1/xc_780155_comparison.png
xc:780155,palthr1,8,9,4.304,0.478,/home/okamoto/NAS/nasbi/ToriNET/segments/test_samples_results_v2/palthr1/xc_780155_comparison.png
xc:780155,palthr1,12,0,0.0,0.0,/home/okamoto/NAS/nasbi/ToriNET/segments/test_samples_results_v2/palthr1/xc_780155_comparison.png
xc:780155,palthr1,14,0,0.0,0.0,/home/okamoto/NAS/nasbi/ToriNET/segments/test_samples_results_v2/palthr1/xc_780155_comparison.png
xc:191044,pygwoo1,1,3,0.737,0.246,/home/okamoto/NAS/nasbi/ToriNET/segments/test_samples_results_v2/pygwoo1/xc_191044_comparison.png
xc:191044,pygwoo1,2,4,0.578,0.144,/home/okamoto/NAS/nasbi/ToriNET/segments/test_samples_results_v2/pygwoo1/xc_191044_comparison.png
xc:191044,pygwoo1,3,2,1.428,0.714,/home/okamoto/NAS/nasbi/ToriNET/segments/test_samples_results_v2/pygwoo1/xc_191044_comparison.png
xc:191044,pygwoo1,6,4,0.673,0.168,/home/okamoto/NAS/nasbi/ToriNET/segments/test_samples_results_v2/pygwoo1/xc_191044_comparison.png
xc:191044,pygwoo1,8,4,0.586,0.147,/home/okamoto/NAS/nasbi/ToriNET/segments/test_samples_results_v2/pygwoo1/xc_191044_comparison.png
xc:191044,pygwoo1,12,3,0.255,0.085,/home/okamoto/NAS/nasbi/ToriNET/segments/test_samples_results_v2/pygwoo1/xc_191044_comparison.png
xc:191044,pygwoo1,14,0,0.0,0.0,/home/okamoto/NAS/nasbi/ToriNET/segments/test_samples_results_v2/pygwoo1/xc_191044_comparison.png
xc:267398,pygwoo1,1,102,11.964,0.117,/home/okamoto/NAS/nasbi/ToriNET/segments/test_samples_results_v2/pygwoo1/xc_267398_comparison.png
xc:267398,pygwoo1,2,170,18.596,0.109,/home/okamoto/NAS/nasbi/ToriNET/segments/test_samples_results_v2/pygwoo1/xc_267398_comparison.png
xc:267398,pygwoo1,3,59,67.164,1.138,/home/okamoto/NAS/nasbi/ToriNET/segments/test_samples_results_v2/pygwoo1/xc_267398_comparison.png
xc:267398,pygwoo1,6,115,22.227,0.193,/home/okamoto/NAS/nasbi/ToriNET/segments/test_samples_results_v2/pygwoo1/xc_267398_comparison.png
xc:267398,pygwoo1,8,109,30.441,0.279,/home/okamoto/NAS/nasbi/ToriNET/segments/test_samples_results_v2/pygwoo1/xc_267398_comparison.png
xc:267398,pygwoo1,12,62,13.555,0.219,/home/okamoto/NAS/nasbi/ToriNET/segments/test_samples_results_v2/pygwoo1/xc_267398_comparison.png
xc:267398,pygwoo1,14,44,23.777,0.54,/home/okamoto/NAS/nasbi/ToriNET/segments/test_samples_results_v2/pygwoo1/xc_267398_comparison.png
xc:285634,pygwoo1,1,5,2.038,0.408,/home/okamoto/NAS/nasbi/ToriNET/segments/test_samples_results_v2/pygwoo1/xc_285634_comparison.png
xc:285634,pygwoo1,2,9,1.585,0.176,/home/okamoto/NAS/nasbi/ToriNET/segments/test_samples_results_v2/pygwoo1/xc_285634_comparison.png
xc:285634,pygwoo1,3,9,6.888,0.765,/home/okamoto/NAS/nasbi/ToriNET/segments/test_samples_results_v2/pygwoo1/xc_285634_comparison.png
xc:285634,pygwoo1,6,11,1.771,0.161,/home/okamoto/NAS/nasbi/ToriNET/segments/test_samples_results_v2/pygwoo1/xc_285634_comparison.png
xc:285634,pygwoo1,8,6,3.611,0.602,/home/okamoto/NAS/nasbi/ToriNET/segments/test_samples_results_v2/pygwoo1/xc_285634_comparison.png
xc:285634,pygwoo1,12,4,0.308,0.077,/home/okamoto/NAS/nasbi/ToriNET/segments/test_samples_results_v2/pygwoo1/xc_285634_comparison.png
xc:285634,pygwoo1,14,0,0.0,0.0,/home/okamoto/NAS/nasbi/ToriNET/segments/test_samples_results_v2/pygwoo1/xc_285634_comparison.png
xc:267395,pygwoo1,1,15,2.682,0.179,/home/okamoto/NAS/nasbi/ToriNET/segments/test_samples_results_v2/pygwoo1/xc_267395_comparison.png
xc:267395,pygwoo1,2,24,2.09,0.087,/home/okamoto/NAS/nasbi/ToriNET/segments/test_samples_results_v2/pygwoo1/xc_267395_comparison.png
xc:267395,pygwoo1,3,6,9.102,1.517,/home/okamoto/NAS/nasbi/ToriNET/segments/test_samples_results_v2/pygwoo1/xc_267395_comparison.png
xc:267395,pygwoo1,6,4,3.39,0.848,/home/okamoto/NAS/nasbi/ToriNET/segments/test_samples_results_v2/pygwoo1/xc_267395_comparison.png
xc:267395,pygwoo1,8,5,3.303,0.661,/home/okamoto/NAS/nasbi/ToriNET/segments/test_samples_results_v2/pygwoo1/xc_267395_comparison.png
xc:267395,pygwoo1,12,3,3.222,1.074,/home/okamoto/NAS/nasbi/ToriNET/segments/test_samples_results_v2/pygwoo1/xc_267395_comparison.png
xc:267395,pygwoo1,14,3,3.181,1.06,/home/okamoto/NAS/nasbi/ToriNET/segments/test_samples_results_v2/pygwoo1/xc_267395_comparison.png
xc:285907,pygwoo1,1,11,5.021,0.456,/home/okamoto/NAS/nasbi/ToriNET/segments/test_samples_results_v2/pygwoo1/xc_285907_comparison.png
xc:285907,pygwoo1,2,27,4.087,0.151,/home/okamoto/NAS/nasbi/ToriNET/segments/test_samples_results_v2/pygwoo1/xc_285907_comparison.png
xc:285907,pygwoo1,3,13,9.918,0.763,/home/okamoto/NAS/nasbi/ToriNET/segments/test_samples_results_v2/pygwoo1/xc_285907_comparison.png
xc:285907,pygwoo1,6,12,4.986,0.416,/home/okamoto/NAS/nasbi/ToriNET/segments/test_samples_results_v2/pygwoo1/xc_285907_comparison.png
xc:285907,pygwoo1,8,10,4.197,0.42,/home/okamoto/NAS/nasbi/ToriNET/segments/test_samples_results_v2/pygwoo1/xc_285907_comparison.png
xc:285907,pygwoo1,12,6,0.83,0.138,/home/okamoto/NAS/nasbi/ToriNET/segments/test_samples_results_v2/pygwoo1/xc_285907_comparison.png
xc:285907,pygwoo1,14,0,0.0,0.0,/home/okamoto/NAS/nasbi/ToriNET/segments/test_samples_results_v2/pygwoo1/xc_285907_comparison.png
xc:349161,rocpig,1,47,16.379,0.348,/home/okamoto/NAS/nasbi/ToriNET/segments/test_samples_results_v2/rocpig/xc_349161_comparison.png
xc:349161,rocpig,2,80,8.363,0.105,/home/okamoto/NAS/nasbi/ToriNET/segments/test_samples_results_v2/rocpig/xc_349161_comparison.png
xc:349161,rocpig,3,17,30.125,1.772,/home/okamoto/NAS/nasbi/ToriNET/segments/test_samples_results_v2/rocpig/xc_349161_comparison.png
xc:349161,rocpig,6,61,17.349,0.284,/home/okamoto/NAS/nasbi/ToriNET/segments/test_samples_results_v2/rocpig/xc_349161_comparison.png
xc:349161,rocpig,8,64,11.856,0.185,/home/okamoto/NAS/nasbi/ToriNET/segments/test_samples_results_v2/rocpig/xc_349161_comparison.png
xc:349161,rocpig,12,19,3.184,0.168,/home/okamoto/NAS/nasbi/ToriNET/segments/test_samples_results_v2/rocpig/xc_349161_comparison.png
xc:349161,rocpig,14,2,0.309,0.155,/home/okamoto/NAS/nasbi/ToriNET/segments/test_samples_results_v2/rocpig/xc_349161_comparison.png
xc:269761,rocpig,1,50,20.138,0.403,/home/okamoto/NAS/nasbi/ToriNET/segments/test_samples_results_v2/rocpig/xc_269761_comparison.png
xc:269761,rocpig,2,98,15.032,0.153,/home/okamoto/NAS/nasbi/ToriNET/segments/test_samples_results_v2/rocpig/xc_269761_comparison.png
xc:269761,rocpig,3,47,35.463,0.755,/home/okamoto/NAS/nasbi/ToriNET/segments/test_samples_results_v2/rocpig/xc_269761_comparison.png
xc:269761,rocpig,6,43,25.693,0.598,/home/okamoto/NAS/nasbi/ToriNET/segments/test_samples_results_v2/rocpig/xc_269761_comparison.png
xc:269761,rocpig,8,39,23.168,0.594,/home/okamoto/NAS/nasbi/ToriNET/segments/test_samples_results_v2/rocpig/xc_269761_comparison.png
xc:269761,rocpig,12,23,4.522,0.197,/home/okamoto/NAS/nasbi/ToriNET/segments/test_samples_results_v2/rocpig/xc_269761_comparison.png
xc:269761,rocpig,14,9,0.975,0.108,/home/okamoto/NAS/nasbi/ToriNET/segments/test_samples_results_v2/rocpig/xc_269761_comparison.png
xc:488175,rocpig,1,38,15.349,0.404,/home/okamoto/NAS/nasbi/ToriNET/segments/test_samples_results_v2/rocpig/xc_488175_comparison.png
xc:488175,rocpig,2,77,10.549,0.137,/home/okamoto/NAS/nasbi/ToriNET/segments/test_samples_results_v2/rocpig/xc_488175_comparison.png
xc:488175,rocpig,3,22,25.624,1.165,/home/okamoto/NAS/nasbi/ToriNET/segments/test_samples_results_v2/rocpig/xc_488175_comparison.png
xc:488175,rocpig,6,38,16.581,0.436,/home/okamoto/NAS/nasbi/ToriNET/segments/test_samples_results_v2/rocpig/xc_488175_comparison.png
xc:488175,rocpig,8,38,11.648,0.307,/home/okamoto/NAS/nasbi/ToriNET/segments/test_samples_results_v2/rocpig/xc_488175_comparison.png
xc:488175,rocpig,12,20,5.851,0.293,/home/okamoto/NAS/nasbi/ToriNET/segments/test_samples_results_v2/rocpig/xc_488175_comparison.png
xc:488175,rocpig,14,2,0.309,0.155,/home/okamoto/NAS/nasbi/ToriNET/segments/test_samples_results_v2/rocpig/xc_488175_comparison.png
xc:621266,rocpig,1,106,25.856,0.244,/home/okamoto/NAS/nasbi/ToriNET/segments/test_samples_results_v2/rocpig/xc_621266_comparison.png
xc:621266,rocpig,2,162,15.424,0.095,/home/okamoto/NAS/nasbi/ToriNET/segments/test_samples_results_v2/rocpig/xc_621266_comparison.png
xc:621266,rocpig,3,38,45.757,1.204,/home/okamoto/NAS/nasbi/ToriNET/segments/test_samples_results_v2/rocpig/xc_621266_comparison.png
xc:621266,rocpig,6,99,37.195,0.376,/home/okamoto/NAS/nasbi/ToriNET/segments/test_samples_results_v2/rocpig/xc_621266_comparison.png
xc:621266,rocpig,8,89,30.176,0.339,/home/okamoto/NAS/nasbi/ToriNET/segments/test_samples_results_v2/rocpig/xc_621266_comparison.png
xc:621266,rocpig,12,26,2.832,0.109,/home/okamoto/NAS/nasbi/ToriNET/segments/test_samples_results_v2/rocpig/xc_621266_comparison.png
xc:621266,rocpig,14,15,2.432,0.162,/home/okamoto/NAS/nasbi/ToriNET/segments/test_samples_results_v2/rocpig/xc_621266_comparison.png
xc:380349,rocpig,1,20,6.78,0.339,/home/okamoto/NAS/nasbi/ToriNET/segments/test_samples_results_v2/rocpig/xc_380349_comparison.png
xc:380349,rocpig,2,32,8.022,0.251,/home/okamoto/NAS/nasbi/ToriNET/segments/test_samples_results_v2/rocpig/xc_380349_comparison.png
xc:380349,rocpig,3,26,11.555,0.444,/home/okamoto/NAS/nasbi/ToriNET/segments/test_samples_results_v2/rocpig/xc_380349_comparison.png
xc:380349,rocpig,6,21,8.29,0.395,/home/okamoto/NAS/nasbi/ToriNET/segments/test_samples_results_v2/rocpig/xc_380349_comparison.png
xc:380349,rocpig,8,18,5.161,0.287,/home/okamoto/NAS/nasbi/ToriNET/segments/test_samples_results_v2/rocpig/xc_380349_comparison.png
xc:380349,rocpig,12,6,0.47,0.078,/home/okamoto/NAS/nasbi/ToriNET/segments/test_samples_results_v2/rocpig/xc_380349_comparison.png
xc:380349,rocpig,14,4,1.591,0.398,/home/okamoto/NAS/nasbi/ToriNET/segments/test_samples_results_v2/rocpig/xc_380349_comparison.png
xc:949909,skylar,1,7,0.464,0.066,/home/okamoto/NAS/nasbi/ToriNET/segments/test_samples_results_v2/skylar/xc_949909_comparison.png
xc:949909,skylar,2,43,6.113,0.142,/home/okamoto/NAS/nasbi/ToriNET/segments/test_samples_results_v2/skylar/xc_949909_comparison.png
xc:949909,skylar,3,31,20.251,0.653,/home/okamoto/NAS/nasbi/ToriNET/segments/test_samples_results_v2/skylar/xc_949909_comparison.png
xc:949909,skylar,6,29,10.385,0.358,/home/okamoto/NAS/nasbi/ToriNET/segments/test_samples_results_v2/skylar/xc_949909_comparison.png
xc:949909,skylar,8,23,12.568,0.546,/home/okamoto/NAS/nasbi/ToriNET/segments/test_samples_results_v2/skylar/xc_949909_comparison.png
xc:949909,skylar,12,16,3.576,0.223,/home/okamoto/NAS/nasbi/ToriNET/segments/test_samples_results_v2/skylar/xc_949909_comparison.png
xc:949909,skylar,14,0,0.0,0.0,/home/okamoto/NAS/nasbi/ToriNET/segments/test_samples_results_v2/skylar/xc_949909_comparison.png
xc:975229,skylar,1,225,85.478,0.38,/home/okamoto/NAS/nasbi/ToriNET/segments/test_samples_results_v2/skylar/xc_975229_comparison.png
xc:975229,skylar,2,201,95.356,0.474,/home/okamoto/NAS/nasbi/ToriNET/segments/test_samples_results_v2/skylar/xc_975229_comparison.png
xc:975229,skylar,3,155,90.877,0.586,/home/okamoto/NAS/nasbi/ToriNET/segments/test_samples_results_v2/skylar/xc_975229_comparison.png
xc:975229,skylar,6,219,86.57,0.395,/home/okamoto/NAS/nasbi/ToriNET/segments/test_samples_results_v2/skylar/xc_975229_comparison.png
xc:975229,skylar,8,254,77.322,0.304,/home/okamoto/NAS/nasbi/ToriNET/segments/test_samples_results_v2/skylar/xc_975229_comparison.png
xc:975229,skylar,12,41,3.808,0.093,/home/okamoto/NAS/nasbi/ToriNET/segments/test_samples_results_v2/skylar/xc_975229_comparison.png
xc:975229,skylar,14,95,22.79,0.24,/home/okamoto/NAS/nasbi/ToriNET/segments/test_samples_results_v2/skylar/xc_975229_comparison.png
xc:180733,skylar,1,179,62.069,0.347,/home/okamoto/NAS/nasbi/ToriNET/segments/test_samples_results_v2/skylar/xc_180733_comparison.png
xc:180733,skylar,2,190,63.056,0.332,/home/okamoto/NAS/nasbi/ToriNET/segments/test_samples_results_v2/skylar/xc_180733_comparison.png
xc:180733,skylar,3,90,62.213,0.691,/home/okamoto/NAS/nasbi/ToriNET/segments/test_samples_results_v2/skylar/xc_180733_comparison.png
xc:180733,skylar,6,176,65.568,0.373,/home/okamoto/NAS/nasbi/ToriNET/segments/test_samples_results_v2/skylar/xc_180733_comparison.png
xc:180733,skylar,8,208,54.848,0.264,/home/okamoto/NAS/nasbi/ToriNET/segments/test_samples_results_v2/skylar/xc_180733_comparison.png
xc:180733,skylar,12,2,0.144,0.072,/home/okamoto/NAS/nasbi/ToriNET/segments/test_samples_results_v2/skylar/xc_180733_comparison.png
xc:180733,skylar,14,32,63.627,1.988,/home/okamoto/NAS/nasbi/ToriNET/segments/test_samples_results_v2/skylar/xc_180733_comparison.png
xc:627311,skylar,1,444,111.305,0.251,/home/okamoto/NAS/nasbi/ToriNET/segments/test_samples_results_v2/skylar/xc_627311_comparison.png
xc:627311,skylar,2,363,133.033,0.366,/home/okamoto/NAS/nasbi/ToriNET/segments/test_samples_results_v2/skylar/xc_627311_comparison.png
xc:627311,skylar,3,231,154.538,0.669,/home/okamoto/NAS/nasbi/ToriNET/segments/test_samples_results_v2/skylar/xc_627311_comparison.png
xc:627311,skylar,6,212,140.173,0.661,/home/okamoto/NAS/nasbi/ToriNET/segments/test_samples_results_v2/skylar/xc_627311_comparison.png
xc:627311,skylar,8,241,113.116,0.469,/home/okamoto/NAS/nasbi/ToriNET/segments/test_samples_results_v2/skylar/xc_627311_comparison.png
xc:627311,skylar,12,8,2.328,0.291,/home/okamoto/NAS/nasbi/ToriNET/segments/test_samples_results_v2/skylar/xc_627311_comparison.png
xc:627311,skylar,14,152,59.06,0.389,/home/okamoto/NAS/nasbi/ToriNET/segments/test_samples_results_v2/skylar/xc_627311_comparison.png
xc:704675,skylar,1,43,9.424,0.219,/home/okamoto/NAS/nasbi/ToriNET/segments/test_samples_results_v2/skylar/xc_704675_comparison.png
xc:704675,skylar,2,40,9.571,0.239,/home/okamoto/NAS/nasbi/ToriNET/segments/test_samples_results_v2/skylar/xc_704675_comparison.png
xc:704675,skylar,3,13,12.485,0.96,/home/okamoto/NAS/nasbi/ToriNET/segments/test_samples_results_v2/skylar/xc_704675_comparison.png
xc:704675,skylar,6,37,9.701,0.262,/home/okamoto/NAS/nasbi/ToriNET/segments/test_samples_results_v2/skylar/xc_704675_comparison.png
xc:704675,skylar,8,38,9.456,0.249,/home/okamoto/NAS/nasbi/ToriNET/segments/test_samples_results_v2/skylar/xc_704675_comparison.png
xc:704675,skylar,12,1,0.208,0.208,/home/okamoto/NAS/nasbi/ToriNET/segments/test_samples_results_v2/skylar/xc_704675_comparison.png
xc:704675,skylar,14,16,3.883,0.243,/home/okamoto/NAS/nasbi/ToriNET/segments/test_samples_results_v2/skylar/xc_704675_comparison.png
xc:803917,spbduc,1,15,1.483,0.099,/home/okamoto/NAS/nasbi/ToriNET/segments/test_samples_results_v2/spbduc/xc_803917_comparison.png
xc:803917,spbduc,2,42,6.712,0.16,/home/okamoto/NAS/nasbi/ToriNET/segments/test_samples_results_v2/spbduc/xc_803917_comparison.png
xc:803917,spbduc,3,21,16.421,0.782,/home/okamoto/NAS/nasbi/ToriNET/segments/test_samples_results_v2/spbduc/xc_803917_comparison.png
xc:803917,spbduc,6,45,9.211,0.205,/home/okamoto/NAS/nasbi/ToriNET/segments/test_samples_results_v2/spbduc/xc_803917_comparison.png
xc:803917,spbduc,8,43,8.677,0.202,/home/okamoto/NAS/nasbi/ToriNET/segments/test_samples_results_v2/spbduc/xc_803917_comparison.png
xc:803917,spbduc,12,16,1.707,0.107,/home/okamoto/NAS/nasbi/ToriNET/segments/test_samples_results_v2/spbduc/xc_803917_comparison.png
xc:803917,spbduc,14,9,1.931,0.215,/home/okamoto/NAS/nasbi/ToriNET/segments/test_samples_results_v2/spbduc/xc_803917_comparison.png
xc:992583,spbduc,1,65,7.045,0.108,/home/okamoto/NAS/nasbi/ToriNET/segments/test_samples_results_v2/spbduc/xc_992583_comparison.png
xc:992583,spbduc,2,159,10.141,0.064,/home/okamoto/NAS/nasbi/ToriNET/segments/test_samples_results_v2/spbduc/xc_992583_comparison.png
xc:992583,spbduc,3,82,93.635,1.142,/home/okamoto/NAS/nasbi/ToriNET/segments/test_samples_results_v2/spbduc/xc_992583_comparison.png
xc:992583,spbduc,6,222,31.269,0.141,/home/okamoto/NAS/nasbi/ToriNET/segments/test_samples_results_v2/spbduc/xc_992583_comparison.png
xc:992583,spbduc,8,210,54.069,0.257,/home/okamoto/NAS/nasbi/ToriNET/segments/test_samples_results_v2/spbduc/xc_992583_comparison.png
xc:992583,spbduc,12,38,7.029,0.185,/home/okamoto/NAS/nasbi/ToriNET/segments/test_samples_results_v2/spbduc/xc_992583_comparison.png
xc:992583,spbduc,14,3,0.565,0.188,/home/okamoto/NAS/nasbi/ToriNET/segments/test_samples_results_v2/spbduc/xc_992583_comparison.png
xc:920581,spbduc,1,28,3.233,0.115,/home/okamoto/NAS/nasbi/ToriNET/segments/test_samples_results_v2/spbduc/xc_920581_comparison.png
xc:920581,spbduc,2,67,5.541,0.083,/home/okamoto/NAS/nasbi/ToriNET/segments/test_samples_results_v2/spbduc/xc_920581_comparison.png
xc:920581,spbduc,3,35,30.392,0.868,/home/okamoto/NAS/nasbi/ToriNET/segments/test_samples_results_v2/spbduc/xc_920581_comparison.png
xc:920581,spbduc,6,100,8.737,0.087,/home/okamoto/NAS/nasbi/ToriNET/segments/test_samples_results_v2/spbduc/xc_920581_comparison.png
xc:920581,spbduc,8,48,5.59,0.116,/home/okamoto/NAS/nasbi/ToriNET/segments/test_samples_results_v2/spbduc/xc_920581_comparison.png
xc:920581,spbduc,12,30,3.767,0.126,/home/okamoto/NAS/nasbi/ToriNET/segments/test_samples_results_v2/spbduc/xc_920581_comparison.png
xc:920581,spbduc,14,6,1.022,0.17,/home/okamoto/NAS/nasbi/ToriNET/segments/test_samples_results_v2/spbduc/xc_920581_comparison.png
xc:266814,spbduc,1,11,2.606,0.237,/home/okamoto/NAS/nasbi/ToriNET/segments/test_samples_results_v2/spbduc/xc_266814_comparison.png
xc:266814,spbduc,2,20,2.641,0.132,/home/okamoto/NAS/nasbi/ToriNET/segments/test_samples_results_v2/spbduc/xc_266814_comparison.png
xc:266814,spbduc,3,9,9.752,1.084,/home/okamoto/NAS/nasbi/ToriNET/segments/test_samples_results_v2/spbduc/xc_266814_comparison.png
xc:266814,spbduc,6,20,3.918,0.196,/home/okamoto/NAS/nasbi/ToriNET/segments/test_samples_results_v2/spbduc/xc_266814_comparison.png
xc:266814,spbduc,8,13,3.164,0.243,/home/okamoto/NAS/nasbi/ToriNET/segments/test_samples_results_v2/spbduc/xc_266814_comparison.png
xc:266814,spbduc,12,9,1.26,0.14,/home/okamoto/NAS/nasbi/ToriNET/segments/test_samples_results_v2/spbduc/xc_266814_comparison.png
xc:266814,spbduc,14,3,0.453,0.151,/home/okamoto/NAS/nasbi/ToriNET/segments/test_samples_results_v2/spbduc/xc_266814_comparison.png
xc:414277,spbduc,1,289,58.981,0.204,/home/okamoto/NAS/nasbi/ToriNET/segments/test_samples_results_v2/spbduc/xc_414277_comparison.png
xc:414277,spbduc,2,339,61.341,0.181,/home/okamoto/NAS/nasbi/ToriNET/segments/test_samples_results_v2/spbduc/xc_414277_comparison.png
xc:414277,spbduc,3,92,91.192,0.991,/home/okamoto/NAS/nasbi/ToriNET/segments/test_samples_results_v2/spbduc/xc_414277_comparison.png
xc:414277,spbduc,6,271,62.533,0.231,/home/okamoto/NAS/nasbi/ToriNET/segments/test_samples_results_v2/spbduc/xc_414277_comparison.png
xc:414277,spbduc,8,258,57.227,0.222,/home/okamoto/NAS/nasbi/ToriNET/segments/test_samples_results_v2/spbduc/xc_414277_comparison.png
xc:414277,spbduc,12,9,1.099,0.122,/home/okamoto/NAS/nasbi/ToriNET/segments/test_samples_results_v2/spbduc/xc_414277_comparison.png
xc:414277,spbduc,14,39,5.664,0.145,/home/okamoto/NAS/nasbi/ToriNET/segments/test_samples_results_v2/spbduc/xc_414277_comparison.png
xc:280915,tufduc,1,36,4.679,0.13,/home/okamoto/NAS/nasbi/ToriNET/segments/test_samples_results_v2/tufduc/xc_280915_comparison.png
xc:280915,tufduc,2,73,11.308,0.155,/home/okamoto/NAS/nasbi/ToriNET/segments/test_samples_results_v2/tufduc/xc_280915_comparison.png
xc:280915,tufduc,3,14,21.795,1.557,/home/okamoto/NAS/nasbi/ToriNET/segments/test_samples_results_v2/tufduc/xc_280915_comparison.png
xc:280915,tufduc,6,46,5.492,0.119,/home/okamoto/NAS/nasbi/ToriNET/segments/test_samples_results_v2/tufduc/xc_280915_comparison.png
xc:280915,tufduc,8,21,10.176,0.485,/home/okamoto/NAS/nasbi/ToriNET/segments/test_samples_results_v2/tufduc/xc_280915_comparison.png
xc:280915,tufduc,12,4,0.447,0.112,/home/okamoto/NAS/nasbi/ToriNET/segments/test_samples_results_v2/tufduc/xc_280915_comparison.png
xc:280915,tufduc,14,3,3.309,1.103,/home/okamoto/NAS/nasbi/ToriNET/segments/test_samples_results_v2/tufduc/xc_280915_comparison.png
xc:76445,tufduc,1,21,4.574,0.218,/home/okamoto/NAS/nasbi/ToriNET/segments/test_samples_results_v2/tufduc/xc_76445_comparison.png
xc:76445,tufduc,2,22,4.122,0.187,/home/okamoto/NAS/nasbi/ToriNET/segments/test_samples_results_v2/tufduc/xc_76445_comparison.png
xc:76445,tufduc,3,6,7.552,1.259,/home/okamoto/NAS/nasbi/ToriNET/segments/test_samples_results_v2/tufduc/xc_76445_comparison.png
xc:76445,tufduc,6,17,4.714,0.277,/home/okamoto/NAS/nasbi/ToriNET/segments/test_samples_results_v2/tufduc/xc_76445_comparison.png
xc:76445,tufduc,8,17,3.582,0.211,/home/okamoto/NAS/nasbi/ToriNET/segments/test_samples_results_v2/tufduc/xc_76445_comparison.png
xc:76445,tufduc,12,0,0.0,0.0,/home/okamoto/NAS/nasbi/ToriNET/segments/test_samples_results_v2/tufduc/xc_76445_comparison.png
xc:76445,tufduc,14,1,0.058,0.058,/home/okamoto/NAS/nasbi/ToriNET/segments/test_samples_results_v2/tufduc/xc_76445_comparison.png
xc:792843,tufduc,1,27,6.136,0.227,/home/okamoto/NAS/nasbi/ToriNET/segments/test_samples_results_v2/tufduc/xc_792843_comparison.png
xc:792843,tufduc,2,43,7.915,0.184,/home/okamoto/NAS/nasbi/ToriNET/segments/test_samples_results_v2/tufduc/xc_792843_comparison.png
xc:792843,tufduc,3,25,13.755,0.55,/home/okamoto/NAS/nasbi/ToriNET/segments/test_samples_results_v2/tufduc/xc_792843_comparison.png
xc:792843,tufduc,6,35,7.285,0.208,/home/okamoto/NAS/nasbi/ToriNET/segments/test_samples_results_v2/tufduc/xc_792843_comparison.png
xc:792843,tufduc,8,32,5.851,0.183,/home/okamoto/NAS/nasbi/ToriNET/segments/test_samples_results_v2/tufduc/xc_792843_comparison.png
xc:792843,tufduc,12,6,0.644,0.107,/home/okamoto/NAS/nasbi/ToriNET/segments/test_samples_results_v2/tufduc/xc_792843_comparison.png
xc:792843,tufduc,14,4,0.522,0.131,/home/okamoto/NAS/nasbi/ToriNET/segments/test_samples_results_v2/tufduc/xc_792843_comparison.png
xc:488129,tufduc,1,4,1.033,0.258,/home/okamoto/NAS/nasbi/ToriNET/segments/test_samples_results_v2/tufduc/xc_488129_comparison.png
xc:488129,tufduc,2,7,1.071,0.153,/home/okamoto/NAS/nasbi/ToriNET/segments/test_samples_results_v2/tufduc/xc_488129_comparison.png
xc:488129,tufduc,3,3,4.49,1.497,/home/okamoto/NAS/nasbi/ToriNET/segments/test_samples_results_v2/tufduc/xc_488129_comparison.png
xc:488129,tufduc,6,3,1.039,0.346,/home/okamoto/NAS/nasbi/ToriNET/segments/test_samples_results_v2/tufduc/xc_488129_comparison.png
xc:488129,tufduc,8,11,2.188,0.199,/home/okamoto/NAS/nasbi/ToriNET/segments/test_samples_results_v2/tufduc/xc_488129_comparison.png
xc:488129,tufduc,12,1,0.935,0.935,/home/okamoto/NAS/nasbi/ToriNET/segments/test_samples_results_v2/tufduc/xc_488129_comparison.png
xc:488129,tufduc,14,2,0.151,0.075,/home/okamoto/NAS/nasbi/ToriNET/segments/test_samples_results_v2/tufduc/xc_488129_comparison.png
xc:810555,tufduc,1,26,9.213,0.354,/home/okamoto/NAS/nasbi/ToriNET/segments/test_samples_results_v2/tufduc/xc_810555_comparison.png
xc:810555,tufduc,2,41,5.825,0.142,/home/okamoto/NAS/nasbi/ToriNET/segments/test_samples_results_v2/tufduc/xc_810555_comparison.png
xc:810555,tufduc,3,24,16.858,0.702,/home/okamoto/NAS/nasbi/ToriNET/segments/test_samples_results_v2/tufduc/xc_810555_comparison.png
xc:810555,tufduc,6,35,9.729,0.278,/home/okamoto/NAS/nasbi/ToriNET/segments/test_samples_results_v2/tufduc/xc_810555_comparison.png
xc:810555,tufduc,8,30,9.05,0.302,/home/okamoto/NAS/nasbi/ToriNET/segments/test_samples_results_v2/tufduc/xc_810555_comparison.png
xc:810555,tufduc,12,14,1.631,0.117,/home/okamoto/NAS/nasbi/ToriNET/segments/test_samples_results_v2/tufduc/xc_810555_comparison.png
xc:810555,tufduc,14,4,0.406,0.102,/home/okamoto/NAS/nasbi/ToriNET/segments/test_samples_results_v2/tufduc/xc_810555_comparison.png
xc:882175,vartit1,1,113,21.131,0.187,/home/okamoto/NAS/nasbi/ToriNET/segments/test_samples_results_v2/vartit1/xc_882175_comparison.png
xc:882175,vartit1,2,178,16.253,0.091,/home/okamoto/NAS/nasbi/ToriNET/segments/test_samples_results_v2/vartit1/xc_882175_comparison.png
xc:882175,vartit1,3,125,148.141,1.185,/home/okamoto/NAS/nasbi/ToriNET/segments/test_samples_results_v2/vartit1/xc_882175_comparison.png
xc:882175,vartit1,6,122,23.387,0.192,/home/okamoto/NAS/nasbi/ToriNET/segments/test_samples_results_v2/vartit1/xc_882175_comparison.png
xc:882175,vartit1,8,217,36.325,0.167,/home/okamoto/NAS/nasbi/ToriNET/segments/test_samples_results_v2/vartit1/xc_882175_comparison.png
xc:882175,vartit1,12,128,32.512,0.254,/home/okamoto/NAS/nasbi/ToriNET/segments/test_samples_results_v2/vartit1/xc_882175_comparison.png
xc:882175,vartit1,14,39,19.968,0.512,/home/okamoto/NAS/nasbi/ToriNET/segments/test_samples_results_v2/vartit1/xc_882175_comparison.png
xc:998735,vartit1,1,84,15.333,0.183,/home/okamoto/NAS/nasbi/ToriNET/segments/test_samples_results_v2/vartit1/xc_998735_comparison.png
xc:998735,vartit1,2,115,19.232,0.167,/home/okamoto/NAS/nasbi/ToriNET/segments/test_samples_results_v2/vartit1/xc_998735_comparison.png
xc:998735,vartit1,3,8,59.715,7.464,/home/okamoto/NAS/nasbi/ToriNET/segments/test_samples_results_v2/vartit1/xc_998735_comparison.png
xc:998735,vartit1,6,65,26.232,0.404,/home/okamoto/NAS/nasbi/ToriNET/segments/test_samples_results_v2/vartit1/xc_998735_comparison.png
xc:998735,vartit1,8,33,26.576,0.805,/home/okamoto/NAS/nasbi/ToriNET/segments/test_samples_results_v2/vartit1/xc_998735_comparison.png
xc:998735,vartit1,12,20,18.245,0.912,/home/okamoto/NAS/nasbi/ToriNET/segments/test_samples_results_v2/vartit1/xc_998735_comparison.png
xc:998735,vartit1,14,0,0.0,0.0,/home/okamoto/NAS/nasbi/ToriNET/segments/test_samples_results_v2/vartit1/xc_998735_comparison.png
xc:790852,vartit1,1,28,5.213,0.186,/home/okamoto/NAS/nasbi/ToriNET/segments/test_samples_results_v2/vartit1/xc_790852_comparison.png
xc:790852,vartit1,2,46,9.285,0.202,/home/okamoto/NAS/nasbi/ToriNET/segments/test_samples_results_v2/vartit1/xc_790852_comparison.png
xc:790852,vartit1,3,23,21.322,0.927,/home/okamoto/NAS/nasbi/ToriNET/segments/test_samples_results_v2/vartit1/xc_790852_comparison.png
xc:790852,vartit1,6,16,14.065,0.879,/home/okamoto/NAS/nasbi/ToriNET/segments/test_samples_results_v2/vartit1/xc_790852_comparison.png
xc:790852,vartit1,8,13,13.584,1.045,/home/okamoto/NAS/nasbi/ToriNET/segments/test_samples_results_v2/vartit1/xc_790852_comparison.png
xc:790852,vartit1,12,11,1.173,0.107,/home/okamoto/NAS/nasbi/ToriNET/segments/test_samples_results_v2/vartit1/xc_790852_comparison.png
xc:790852,vartit1,14,0,0.0,0.0,/home/okamoto/NAS/nasbi/ToriNET/segments/test_samples_results_v2/vartit1/xc_790852_comparison.png
xc:871190,vartit1,1,122,27.013,0.221,/home/okamoto/NAS/nasbi/ToriNET/segments/test_samples_results_v2/vartit1/xc_871190_comparison.png
xc:871190,vartit1,2,127,16.947,0.133,/home/okamoto/NAS/nasbi/ToriNET/segments/test_samples_results_v2/vartit1/xc_871190_comparison.png
xc:871190,vartit1,3,102,112.296,1.101,/home/okamoto/NAS/nasbi/ToriNET/segments/test_samples_results_v2/vartit1/xc_871190_comparison.png
xc:871190,vartit1,6,145,47.067,0.325,/home/okamoto/NAS/nasbi/ToriNET/segments/test_samples_results_v2/vartit1/xc_871190_comparison.png
xc:871190,vartit1,8,89,68.235,0.767,/home/okamoto/NAS/nasbi/ToriNET/segments/test_samples_results_v2/vartit1/xc_871190_comparison.png
xc:871190,vartit1,12,51,24.667,0.484,/home/okamoto/NAS/nasbi/ToriNET/segments/test_samples_results_v2/vartit1/xc_871190_comparison.png
xc:871190,vartit1,14,20,27.989,1.399,/home/okamoto/NAS/nasbi/ToriNET/segments/test_samples_results_v2/vartit1/xc_871190_comparison.png
xc:843770,vartit1,1,59,13.421,0.227,/home/okamoto/NAS/nasbi/ToriNET/segments/test_samples_results_v2/vartit1/xc_843770_comparison.png
xc:843770,vartit1,2,63,13.513,0.214,/home/okamoto/NAS/nasbi/ToriNET/segments/test_samples_results_v2/vartit1/xc_843770_comparison.png
xc:843770,vartit1,3,9,36.278,4.031,/home/okamoto/NAS/nasbi/ToriNET/segments/test_samples_results_v2/vartit1/xc_843770_comparison.png
xc:843770,vartit1,6,52,18.57,0.357,/home/okamoto/NAS/nasbi/ToriNET/segments/test_samples_results_v2/vartit1/xc_843770_comparison.png
xc:843770,vartit1,8,34,18.576,0.546,/home/okamoto/NAS/nasbi/ToriNET/segments/test_samples_results_v2/vartit1/xc_843770_comparison.png
xc:843770,vartit1,12,18,8.031,0.446,/home/okamoto/NAS/nasbi/ToriNET/segments/test_samples_results_v2/vartit1/xc_843770_comparison.png
xc:843770,vartit1,14,17,4.807,0.283,/home/okamoto/NAS/nasbi/ToriNET/segments/test_samples_results_v2/vartit1/xc_843770_comparison.png
xc:69779,warwhe1,1,37,5.691,0.154,/home/okamoto/NAS/nasbi/ToriNET/segments/test_samples_results_v2/warwhe1/xc_69779_comparison.png
xc:69779,warwhe1,2,38,7.76,0.204,/home/okamoto/NAS/nasbi/ToriNET/segments/test_samples_results_v2/warwhe1/xc_69779_comparison.png
xc:69779,warwhe1,3,14,12.533,0.895,/home/okamoto/NAS/nasbi/ToriNET/segments/test_samples_results_v2/warwhe1/xc_69779_comparison.png
xc:69779,warwhe1,6,31,6.667,0.215,/home/okamoto/NAS/nasbi/ToriNET/segments/test_samples_results_v2/warwhe1/xc_69779_comparison.png
xc:69779,warwhe1,8,30,5.051,0.168,/home/okamoto/NAS/nasbi/ToriNET/segments/test_samples_results_v2/warwhe1/xc_69779_comparison.png
xc:69779,warwhe1,12,8,0.645,0.081,/home/okamoto/NAS/nasbi/ToriNET/segments/test_samples_results_v2/warwhe1/xc_69779_comparison.png
xc:69779,warwhe1,14,2,0.747,0.373,/home/okamoto/NAS/nasbi/ToriNET/segments/test_samples_results_v2/warwhe1/xc_69779_comparison.png
xc:155881,warwhe1,1,202,33.515,0.166,/home/okamoto/NAS/nasbi/ToriNET/segments/test_samples_results_v2/warwhe1/xc_155881_comparison.png
xc:155881,warwhe1,2,274,32.392,0.118,/home/okamoto/NAS/nasbi/ToriNET/segments/test_samples_results_v2/warwhe1/xc_155881_comparison.png
xc:155881,warwhe1,3,24,68.507,2.854,/home/okamoto/NAS/nasbi/ToriNET/segments/test_samples_results_v2/warwhe1/xc_155881_comparison.png
xc:155881,warwhe1,6,222,33.648,0.152,/home/okamoto/NAS/nasbi/ToriNET/segments/test_samples_results_v2/warwhe1/xc_155881_comparison.png
xc:155881,warwhe1,8,195,34.32,0.176,/home/okamoto/NAS/nasbi/ToriNET/segments/test_samples_results_v2/warwhe1/xc_155881_comparison.png
xc:155881,warwhe1,12,15,0.656,0.044,/home/okamoto/NAS/nasbi/ToriNET/segments/test_samples_results_v2/warwhe1/xc_155881_comparison.png
xc:155881,warwhe1,14,2,0.331,0.165,/home/okamoto/NAS/nasbi/ToriNET/segments/test_samples_results_v2/warwhe1/xc_155881_comparison.png
xc:617434,warwhe1,1,399,75.865,0.19,/home/okamoto/NAS/nasbi/ToriNET/segments/test_samples_results_v2/warwhe1/xc_617434_comparison.png
xc:617434,warwhe1,2,525,97.245,0.185,/home/okamoto/NAS/nasbi/ToriNET/segments/test_samples_results_v2/warwhe1/xc_617434_comparison.png
xc:617434,warwhe1,3,140,164.066,1.172,/home/okamoto/NAS/nasbi/ToriNET/segments/test_samples_results_v2/warwhe1/xc_617434_comparison.png
xc:617434,warwhe1,6,388,77.891,0.201,/home/okamoto/NAS/nasbi/ToriNET/segments/test_samples_results_v2/warwhe1/xc_617434_comparison.png
xc:617434,warwhe1,8,392,68.51,0.175,/home/okamoto/NAS/nasbi/ToriNET/segments/test_samples_results_v2/warwhe1/xc_617434_comparison.png
xc:617434,warwhe1,12,324,47.137,0.145,/home/okamoto/NAS/nasbi/ToriNET/segments/test_samples_results_v2/warwhe1/xc_617434_comparison.png
xc:617434,warwhe1,14,146,28.363,0.194,/home/okamoto/NAS/nasbi/ToriNET/segments/test_samples_results_v2/warwhe1/xc_617434_comparison.png
xc:219961,warwhe1,1,84,21.13,0.252,/home/okamoto/NAS/nasbi/ToriNET/segments/test_samples_results_v2/warwhe1/xc_219961_comparison.png
xc:219961,warwhe1,2,147,30.465,0.207,/home/okamoto/NAS/nasbi/ToriNET/segments/test_samples_results_v2/warwhe1/xc_219961_comparison.png
xc:219961,warwhe1,3,55,50.019,0.909,/home/okamoto/NAS/nasbi/ToriNET/segments/test_samples_results_v2/warwhe1/xc_219961_comparison.png
xc:219961,warwhe1,6,65,30.035,0.462,/home/okamoto/NAS/nasbi/ToriNET/segments/test_samples_results_v2/warwhe1/xc_219961_comparison.png
xc:219961,warwhe1,8,52,25.716,0.495,/home/okamoto/NAS/nasbi/ToriNET/segments/test_samples_results_v2/warwhe1/xc_219961_comparison.png
xc:219961,warwhe1,12,44,14.954,0.34,/home/okamoto/NAS/nasbi/ToriNET/segments/test_samples_results_v2/warwhe1/xc_219961_comparison.png
xc:219961,warwhe1,14,28,43.398,1.55,/home/okamoto/NAS/nasbi/ToriNET/segments/test_samples_results_v2/warwhe1/xc_219961_comparison.png
xc:287972,warwhe1,1,158,57.781,0.366,/home/okamoto/NAS/nasbi/ToriNET/segments/test_samples_results_v2/warwhe1/xc_287972_comparison.png
xc:287972,warwhe1,2,233,44.733,0.192,/home/okamoto/NAS/nasbi/ToriNET/segments/test_samples_results_v2/warwhe1/xc_287972_comparison.png
xc:287972,warwhe1,3,88,71.056,0.807,/home/okamoto/NAS/nasbi/ToriNET/segments/test_samples_results_v2/warwhe1/xc_287972_comparison.png
xc:287972,warwhe1,6,155,58.72,0.379,/home/okamoto/NAS/nasbi/ToriNET/segments/test_samples_results_v2/warwhe1/xc_287972_comparison.png
xc:287972,warwhe1,8,204,49.488,0.243,/home/okamoto/NAS/nasbi/ToriNET/segments/test_samples_results_v2/warwhe1/xc_287972_comparison.png
xc:287972,warwhe1,12,0,0.0,0.0,/home/okamoto/NAS/nasbi/ToriNET/segments/test_samples_results_v2/warwhe1/xc_287972_comparison.png
xc:287972,warwhe1,14,23,2.155,0.094,/home/okamoto/NAS/nasbi/ToriNET/segments/test_samples_results_v2/warwhe1/xc_287972_comparison.png
xc:790703,whcsta1,1,284,60.821,0.214,/home/okamoto/NAS/nasbi/ToriNET/segments/test_samples_results_v2/whcsta1/xc_790703_comparison.png
xc:790703,whcsta1,2,350,47.691,0.136,/home/okamoto/NAS/nasbi/ToriNET/segments/test_samples_results_v2/whcsta1/xc_790703_comparison.png
xc:790703,whcsta1,3,138,122.843,0.89,/home/okamoto/NAS/nasbi/ToriNET/segments/test_samples_results_v2/whcsta1/xc_790703_comparison.png
xc:790703,whcsta1,6,306,80.421,0.263,/home/okamoto/NAS/nasbi/ToriNET/segments/test_samples_results_v2/whcsta1/xc_790703_comparison.png
xc:790703,whcsta1,8,286,72.213,0.252,/home/okamoto/NAS/nasbi/ToriNET/segments/test_samples_results_v2/whcsta1/xc_790703_comparison.png
xc:790703,whcsta1,12,52,4.421,0.085,/home/okamoto/NAS/nasbi/ToriNET/segments/test_samples_results_v2/whcsta1/xc_790703_comparison.png
xc:790703,whcsta1,14,1,0.053,0.053,/home/okamoto/NAS/nasbi/ToriNET/segments/test_samples_results_v2/whcsta1/xc_790703_comparison.png
xc:333014,whcsta1,1,48,8.352,0.174,/home/okamoto/NAS/nasbi/ToriNET/segments/test_samples_results_v2/whcsta1/xc_333014_comparison.png
xc:333014,whcsta1,2,70,13.547,0.194,/home/okamoto/NAS/nasbi/ToriNET/segments/test_samples_results_v2/whcsta1/xc_333014_comparison.png
xc:333014,whcsta1,3,39,29.16,0.748,/home/okamoto/NAS/nasbi/ToriNET/segments/test_samples_results_v2/whcsta1/xc_333014_comparison.png
xc:333014,whcsta1,6,69,14.272,0.207,/home/okamoto/NAS/nasbi/ToriNET/segments/test_samples_results_v2/whcsta1/xc_333014_comparison.png
xc:333014,whcsta1,8,60,12.597,0.21,/home/okamoto/NAS/nasbi/ToriNET/segments/test_samples_results_v2/whcsta1/xc_333014_comparison.png
xc:333014,whcsta1,12,38,4.725,0.124,/home/okamoto/NAS/nasbi/ToriNET/segments/test_samples_results_v2/whcsta1/xc_333014_comparison.png
xc:333014,whcsta1,14,34,8.48,0.249,/home/okamoto/NAS/nasbi/ToriNET/segments/test_samples_results_v2/whcsta1/xc_333014_comparison.png
xc:574136,whcsta1,1,28,5.863,0.209,/home/okamoto/NAS/nasbi/ToriNET/segments/test_samples_results_v2/whcsta1/xc_574136_comparison.png
xc:574136,whcsta1,2,34,5.03,0.148,/home/okamoto/NAS/nasbi/ToriNET/segments/test_samples_results_v2/whcsta1/xc_574136_comparison.png
xc:574136,whcsta1,3,16,16.048,1.003,/home/okamoto/NAS/nasbi/ToriNET/segments/test_samples_results_v2/whcsta1/xc_574136_comparison.png
xc:574136,whcsta1,6,33,7.906,0.24,/home/okamoto/NAS/nasbi/ToriNET/segments/test_samples_results_v2/whcsta1/xc_574136_comparison.png
xc:574136,whcsta1,8,32,7.239,0.226,/home/okamoto/NAS/nasbi/ToriNET/segments/test_samples_results_v2/whcsta1/xc_574136_comparison.png
xc:574136,whcsta1,12,22,3.268,0.149,/home/okamoto/NAS/nasbi/ToriNET/segments/test_samples_results_v2/whcsta1/xc_574136_comparison.png
xc:574136,whcsta1,14,1,0.07,0.07,/home/okamoto/NAS/nasbi/ToriNET/segments/test_samples_results_v2/whcsta1/xc_574136_comparison.png
xc:824056,whcsta1,1,24,5.632,0.235,/home/okamoto/NAS/nasbi/ToriNET/segments/test_samples_results_v2/whcsta1/xc_824056_comparison.png
xc:824056,whcsta1,2,37,4.309,0.116,/home/okamoto/NAS/nasbi/ToriNET/segments/test_samples_results_v2/whcsta1/xc_824056_comparison.png
xc:824056,whcsta1,3,21,16.141,0.769,/home/okamoto/NAS/nasbi/ToriNET/segments/test_samples_results_v2/whcsta1/xc_824056_comparison.png
xc:824056,whcsta1,6,37,13.285,0.359,/home/okamoto/NAS/nasbi/ToriNET/segments/test_samples_results_v2/whcsta1/xc_824056_comparison.png
xc:824056,whcsta1,8,28,10.667,0.381,/home/okamoto/NAS/nasbi/ToriNET/segments/test_samples_results_v2/whcsta1/xc_824056_comparison.png
xc:824056,whcsta1,12,0,0.0,0.0,/home/okamoto/NAS/nasbi/ToriNET/segments/test_samples_results_v2/whcsta1/xc_824056_comparison.png
xc:824056,whcsta1,14,0,0.0,0.0,/home/okamoto/NAS/nasbi/ToriNET/segments/test_samples_results_v2/whcsta1/xc_824056_comparison.png
xc:810042,whcsta1,1,6,0.816,0.136,/home/okamoto/NAS/nasbi/ToriNET/segments/test_samples_results_v2/whcsta1/xc_810042_comparison.png
xc:810042,whcsta1,2,12,1.429,0.119,/home/okamoto/NAS/nasbi/ToriNET/segments/test_samples_results_v2/whcsta1/xc_810042_comparison.png
xc:810042,whcsta1,3,8,10.221,1.278,/home/okamoto/NAS/nasbi/ToriNET/segments/test_samples_results_v2/whcsta1/xc_810042_comparison.png
xc:810042,whcsta1,6,21,2.747,0.131,/home/okamoto/NAS/nasbi/ToriNET/segments/test_samples_results_v2/whcsta1/xc_810042_comparison.png
xc:810042,whcsta1,8,6,6.395,1.066,/home/okamoto/NAS/nasbi/ToriNET/segments/test_samples_results_v2/whcsta1/xc_810042_comparison.png
xc:810042,whcsta1,12,0,0.0,0.0,/home/okamoto/NAS/nasbi/ToriNET/segments/test_samples_results_v2/whcsta1/xc_810042_comparison.png
xc:810042,whcsta1,14,0,0.0,0.0,/home/okamoto/NAS/nasbi/ToriNET/segments/test_samples_results_v2/whcsta1/xc_810042_comparison.png
xc:212874,whiwag,1,42,8.789,0.209,/home/okamoto/NAS/nasbi/ToriNET/segments/test_samples_results_v2/whiwag/xc_212874_comparison.png
xc:212874,whiwag,2,53,10.954,0.207,/home/okamoto/NAS/nasbi/ToriNET/segments/test_samples_results_v2/whiwag/xc_212874_comparison.png
xc:212874,whiwag,3,33,18.428,0.558,/home/okamoto/NAS/nasbi/ToriNET/segments/test_samples_results_v2/whiwag/xc_212874_comparison.png
xc:212874,whiwag,6,36,11.993,0.333,/home/okamoto/NAS/nasbi/ToriNET/segments/test_samples_results_v2/whiwag/xc_212874_comparison.png
xc:212874,whiwag,8,36,12.167,0.338,/home/okamoto/NAS/nasbi/ToriNET/segments/test_samples_results_v2/whiwag/xc_212874_comparison.png
xc:212874,whiwag,12,38,7.105,0.187,/home/okamoto/NAS/nasbi/ToriNET/segments/test_samples_results_v2/whiwag/xc_212874_comparison.png
xc:212874,whiwag,14,24,8.998,0.375,/home/okamoto/NAS/nasbi/ToriNET/segments/test_samples_results_v2/whiwag/xc_212874_comparison.png
xc:332116,whiwag,1,21,3.808,0.181,/home/okamoto/NAS/nasbi/ToriNET/segments/test_samples_results_v2/whiwag/xc_332116_comparison.png
xc:332116,whiwag,2,27,4.354,0.161,/home/okamoto/NAS/nasbi/ToriNET/segments/test_samples_results_v2/whiwag/xc_332116_comparison.png
xc:332116,whiwag,3,37,18.126,0.49,/home/okamoto/NAS/nasbi/ToriNET/segments/test_samples_results_v2/whiwag/xc_332116_comparison.png
xc:332116,whiwag,6,37,8.092,0.219,/home/okamoto/NAS/nasbi/ToriNET/segments/test_samples_results_v2/whiwag/xc_332116_comparison.png
xc:332116,whiwag,8,26,6.351,0.244,/home/okamoto/NAS/nasbi/ToriNET/segments/test_samples_results_v2/whiwag/xc_332116_comparison.png
xc:332116,whiwag,12,22,5.782,0.263,/home/okamoto/NAS/nasbi/ToriNET/segments/test_samples_results_v2/whiwag/xc_332116_comparison.png
xc:332116,whiwag,14,1,21.281,21.281,/home/okamoto/NAS/nasbi/ToriNET/segments/test_samples_results_v2/whiwag/xc_332116_comparison.png
xc:944139,whiwag,1,18,1.467,0.081,/home/okamoto/NAS/nasbi/ToriNET/segments/test_samples_results_v2/whiwag/xc_944139_comparison.png
xc:944139,whiwag,2,71,5.696,0.08,/home/okamoto/NAS/nasbi/ToriNET/segments/test_samples_results_v2/whiwag/xc_944139_comparison.png
xc:944139,whiwag,3,33,52.64,1.595,/home/okamoto/NAS/nasbi/ToriNET/segments/test_samples_results_v2/whiwag/xc_944139_comparison.png
xc:944139,whiwag,6,54,13.328,0.247,/home/okamoto/NAS/nasbi/ToriNET/segments/test_samples_results_v2/whiwag/xc_944139_comparison.png
xc:944139,whiwag,8,40,17.68,0.442,/home/okamoto/NAS/nasbi/ToriNET/segments/test_samples_results_v2/whiwag/xc_944139_comparison.png
xc:944139,whiwag,12,9,5.232,0.581,/home/okamoto/NAS/nasbi/ToriNET/segments/test_samples_results_v2/whiwag/xc_944139_comparison.png
xc:944139,whiwag,14,3,0.224,0.075,/home/okamoto/NAS/nasbi/ToriNET/segments/test_samples_results_v2/whiwag/xc_944139_comparison.png
xc:201954,whiwag,1,29,6.224,0.215,/home/okamoto/NAS/nasbi/ToriNET/segments/test_samples_results_v2/whiwag/xc_201954_comparison.png
xc:201954,whiwag,2,36,5.533,0.154,/home/okamoto/NAS/nasbi/ToriNET/segments/test_samples_results_v2/whiwag/xc_201954_comparison.png
xc:201954,whiwag,3,14,12.411,0.886,/home/okamoto/NAS/nasbi/ToriNET/segments/test_samples_results_v2/whiwag/xc_201954_comparison.png
xc:201954,whiwag,6,30,6.192,0.206,/home/okamoto/NAS/nasbi/ToriNET/segments/test_samples_results_v2/whiwag/xc_201954_comparison.png
xc:201954,whiwag,8,20,3.52,0.176,/home/okamoto/NAS/nasbi/ToriNET/segments/test_samples_results_v2/whiwag/xc_201954_comparison.png
xc:201954,whiwag,12,18,3.061,0.17,/home/okamoto/NAS/nasbi/ToriNET/segments/test_samples_results_v2/whiwag/xc_201954_comparison.png
xc:201954,whiwag,14,10,1.461,0.146,/home/okamoto/NAS/nasbi/ToriNET/segments/test_samples_results_v2/whiwag/xc_201954_comparison.png
xc:617835,whiwag,1,5,1.329,0.266,/home/okamoto/NAS/nasbi/ToriNET/segments/test_samples_results_v2/whiwag/xc_617835_comparison.png
xc:617835,whiwag,2,13,2.757,0.212,/home/okamoto/NAS/nasbi/ToriNET/segments/test_samples_results_v2/whiwag/xc_617835_comparison.png
xc:617835,whiwag,3,10,5.886,0.589,/home/okamoto/NAS/nasbi/ToriNET/segments/test_samples_results_v2/whiwag/xc_617835_comparison.png
xc:617835,whiwag,6,10,2.061,0.206,/home/okamoto/NAS/nasbi/ToriNET/segments/test_samples_results_v2/whiwag/xc_617835_comparison.png
xc:617835,whiwag,8,12,3.408,0.284,/home/okamoto/NAS/nasbi/ToriNET/segments/test_samples_results_v2/whiwag/xc_617835_comparison.png
xc:617835,whiwag,12,5,0.58,0.116,/home/okamoto/NAS/nasbi/ToriNET/segments/test_samples_results_v2/whiwag/xc_617835_comparison.png
xc:617835,whiwag,14,4,1.498,0.374,/home/okamoto/NAS/nasbi/ToriNET/segments/test_samples_results_v2/whiwag/xc_617835_comparison.png
xc:476911,zitcis1,1,104,14.512,0.14,/home/okamoto/NAS/nasbi/ToriNET/segments/test_samples_results_v2/zitcis1/xc_476911_comparison.png
xc:476911,zitcis1,2,146,15.549,0.107,/home/okamoto/NAS/nasbi/ToriNET/segments/test_samples_results_v2/zitcis1/xc_476911_comparison.png
xc:476911,zitcis1,3,84,49.323,0.587,/home/okamoto/NAS/nasbi/ToriNET/segments/test_samples_results_v2/zitcis1/xc_476911_comparison.png
xc:476911,zitcis1,6,123,18.251,0.148,/home/okamoto/NAS/nasbi/ToriNET/segments/test_samples_results_v2/zitcis1/xc_476911_comparison.png
xc:476911,zitcis1,8,100,9.365,0.094,/home/okamoto/NAS/nasbi/ToriNET/segments/test_samples_results_v2/zitcis1/xc_476911_comparison.png
xc:476911,zitcis1,12,105,13.733,0.131,/home/okamoto/NAS/nasbi/ToriNET/segments/test_samples_results_v2/zitcis1/xc_476911_comparison.png
xc:476911,zitcis1,14,82,8.181,0.1,/home/okamoto/NAS/nasbi/ToriNET/segments/test_samples_results_v2/zitcis1/xc_476911_comparison.png
xc:753226,zitcis1,1,163,10.725,0.066,/home/okamoto/NAS/nasbi/ToriNET/segments/test_samples_results_v2/zitcis1/xc_753226_comparison.png
xc:753226,zitcis1,2,180,14.123,0.078,/home/okamoto/NAS/nasbi/ToriNET/segments/test_samples_results_v2/zitcis1/xc_753226_comparison.png
xc:753226,zitcis1,3,37,56.147,1.517,/home/okamoto/NAS/nasbi/ToriNET/segments/test_samples_results_v2/zitcis1/xc_753226_comparison.png
xc:753226,zitcis1,6,166,12.976,0.078,/home/okamoto/NAS/nasbi/ToriNET/segments/test_samples_results_v2/zitcis1/xc_753226_comparison.png
xc:753226,zitcis1,8,161,29.077,0.181,/home/okamoto/NAS/nasbi/ToriNET/segments/test_samples_results_v2/zitcis1/xc_753226_comparison.png
xc:753226,zitcis1,12,99,7.131,0.072,/home/okamoto/NAS/nasbi/ToriNET/segments/test_samples_results_v2/zitcis1/xc_753226_comparison.png
xc:753226,zitcis1,14,68,16.971,0.25,/home/okamoto/NAS/nasbi/ToriNET/segments/test_samples_results_v2/zitcis1/xc_753226_comparison.png
xc:301756,zitcis1,1,95,13.862,0.146,/home/okamoto/NAS/nasbi/ToriNET/segments/test_samples_results_v2/zitcis1/xc_301756_comparison.png
xc:301756,zitcis1,2,124,12.797,0.103,/home/okamoto/NAS/nasbi/ToriNET/segments/test_samples_results_v2/zitcis1/xc_301756_comparison.png
xc:301756,zitcis1,3,31,31.045,1.001,/home/okamoto/NAS/nasbi/ToriNET/segments/test_samples_results_v2/zitcis1/xc_301756_comparison.png
xc:301756,zitcis1,6,79,20.167,0.255,/home/okamoto/NAS/nasbi/ToriNET/segments/test_samples_results_v2/zitcis1/xc_301756_comparison.png
xc:301756,zitcis1,8,101,11.674,0.116,/home/okamoto/NAS/nasbi/ToriNET/segments/test_samples_results_v2/zitcis1/xc_301756_comparison.png
xc:301756,zitcis1,12,41,6.403,0.156,/home/okamoto/NAS/nasbi/ToriNET/segments/test_samples_results_v2/zitcis1/xc_301756_comparison.png
xc:301756,zitcis1,14,25,2.287,0.091,/home/okamoto/NAS/nasbi/ToriNET/segments/test_samples_results_v2/zitcis1/xc_301756_comparison.png
xc:359154,zitcis1,1,64,5.712,0.089,/home/okamoto/NAS/nasbi/ToriNET/segments/test_samples_results_v2/zitcis1/xc_359154_comparison.png
xc:359154,zitcis1,2,66,7.1,0.108,/home/okamoto/NAS/nasbi/ToriNET/segments/test_samples_results_v2/zitcis1/xc_359154_comparison.png
xc:359154,zitcis1,3,6,15.197,2.533,/home/okamoto/NAS/nasbi/ToriNET/segments/test_samples_results_v2/zitcis1/xc_359154_comparison.png
xc:359154,zitcis1,6,66,6.38,0.097,/home/okamoto/NAS/nasbi/ToriNET/segments/test_samples_results_v2/zitcis1/xc_359154_comparison.png
xc:359154,zitcis1,8,67,4.371,0.065,/home/okamoto/NAS/nasbi/ToriNET/segments/test_samples_results_v2/zitcis1/xc_359154_comparison.png
xc:359154,zitcis1,12,19,1.73,0.091,/home/okamoto/NAS/nasbi/ToriNET/segments/test_samples_results_v2/zitcis1/xc_359154_comparison.png
xc:359154,zitcis1,14,3,0.151,0.05,/home/okamoto/NAS/nasbi/ToriNET/segments/test_samples_results_v2/zitcis1/xc_359154_comparison.png
xc:1011812,zitcis1,1,115,19.373,0.168,/home/okamoto/NAS/nasbi/ToriNET/segments/test_samples_results_v2/zitcis1/xc_1011812_comparison.png
xc:1011812,zitcis1,2,118,19.045,0.161,/home/okamoto/NAS/nasbi/ToriNET/segments/test_samples_results_v2/zitcis1/xc_1011812_comparison.png
xc:1011812,zitcis1,3,22,30.09,1.368,/home/okamoto/NAS/nasbi/ToriNET/segments/test_samples_results_v2/zitcis1/xc_1011812_comparison.png
xc:1011812,zitcis1,6,108,20.848,0.193,/home/okamoto/NAS/nasbi/ToriNET/segments/test_samples_results_v2/zitcis1/xc_1011812_comparison.png
xc:1011812,zitcis1,8,129,16.709,0.13,/home/okamoto/NAS/nasbi/ToriNET/segments/test_samples_results_v2/zitcis1/xc_1011812_comparison.png
xc:1011812,zitcis1,12,45,2.025,0.045,/home/okamoto/NAS/nasbi/ToriNET/segments/test_samples_results_v2/zitcis1/xc_1011812_comparison.png
xc:1011812,zitcis1,14,5,0.874,0.175,/home/okamoto/NAS/nasbi/ToriNET/segments/test_samples_results_v2/zitcis1/xc_1011812_comparison.png
