recording_id,ebird_species_code,method,n_segments,total_duration_sec,mean_segment_sec,visualization_path
xc:464622,azwmag2,1,191,36.891,0.193,/home/okamoto/NAS/nasbi/ToriNET/segments/test_samples_results/azwmag2/xc_464622_comparison.png
xc:464622,azwmag2,2,318,44.805,0.141,/home/okamoto/NAS/nasbi/ToriNET/segments/test_samples_results/azwmag2/xc_464622_comparison.png
xc:464622,azwmag2,3,109,100.179,0.919,/home/okamoto/NAS/nasbi/ToriNET/segments/test_samples_results/azwmag2/xc_464622_comparison.png
xc:464622,azwmag2,4,68,5.989,0.088,/home/okamoto/NAS/nasbi/ToriNET/segments/test_samples_results/azwmag2/xc_464622_comparison.png
xc:464622,azwmag2,5,1,9.304,9.304,/home/okamoto/NAS/nasbi/ToriNET/segments/test_samples_results/azwmag2/xc_464622_comparison.png
xc:194379,azwmag2,1,11,2.932,0.267,/home/okamoto/NAS/nasbi/ToriNET/segments/test_samples_results/azwmag2/xc_194379_comparison.png
xc:194379,azwmag2,2,10,1.741,0.174,/home/okamoto/NAS/nasbi/ToriNET/segments/test_samples_results/azwmag2/xc_194379_comparison.png
xc:194379,azwmag2,3,11,8.226,0.748,/home/okamoto/NAS/nasbi/ToriNET/segments/test_samples_results/azwmag2/xc_194379_comparison.png
xc:194379,azwmag2,4,3,1.265,0.422,/home/okamoto/NAS/nasbi/ToriNET/segments/test_samples_results/azwmag2/xc_194379_comparison.png
xc:194379,azwmag2,5,1,9.485,9.485,/home/okamoto/NAS/nasbi/ToriNET/segments/test_samples_results/azwmag2/xc_194379_comparison.png
xc:790248,azwmag2,1,25,4.931,0.197,/home/okamoto/NAS/nasbi/ToriNET/segments/test_samples_results/azwmag2/xc_790248_comparison.png
xc:790248,azwmag2,2,21,5.124,0.244,/home/okamoto/NAS/nasbi/ToriNET/segments/test_samples_results/azwmag2/xc_790248_comparison.png
xc:790248,azwmag2,3,3,16.416,5.472,/home/okamoto/NAS/nasbi/ToriNET/segments/test_samples_results/azwmag2/xc_790248_comparison.png
xc:790248,azwmag2,4,16,2.155,0.135,/home/okamoto/NAS/nasbi/ToriNET/segments/test_samples_results/azwmag2/xc_790248_comparison.png
xc:790248,azwmag2,5,1,16.647,16.647,/home/okamoto/NAS/nasbi/ToriNET/segments/test_samples_results/azwmag2/xc_790248_comparison.png
xc:716117,azwmag2,1,53,8.059,0.152,/home/okamoto/NAS/nasbi/ToriNET/segments/test_samples_results/azwmag2/xc_716117_comparison.png
xc:716117,azwmag2,2,84,9.405,0.112,/home/okamoto/NAS/nasbi/ToriNET/segments/test_samples_results/azwmag2/xc_716117_comparison.png
xc:716117,azwmag2,3,62,64.589,1.042,/home/okamoto/NAS/nasbi/ToriNET/segments/test_samples_results/azwmag2/xc_716117_comparison.png
xc:716117,azwmag2,4,30,3.931,0.131,/home/okamoto/NAS/nasbi/ToriNET/segments/test_samples_results/azwmag2/xc_716117_comparison.png
xc:716117,azwmag2,5,0,0.0,0.0,/home/okamoto/NAS/nasbi/ToriNET/segments/test_samples_results/azwmag2/xc_716117_comparison.png
xc:720180,azwmag2,1,11,4.795,0.436,/home/okamoto/NAS/nasbi/ToriNET/segments/test_samples_results/azwmag2/xc_720180_comparison.png
xc:720180,azwmag2,2,27,4.619,0.171,/home/okamoto/NAS/nasbi/ToriNET/segments/test_samples_results/azwmag2/xc_720180_comparison.png
xc:720180,azwmag2,3,12,14.061,1.172,/home/okamoto/NAS/nasbi/ToriNET/segments/test_samples_results/azwmag2/xc_720180_comparison.png
xc:720180,azwmag2,4,10,2.16,0.216,/home/okamoto/NAS/nasbi/ToriNET/segments/test_samples_results/azwmag2/xc_720180_comparison.png
xc:720180,azwmag2,5,1,15.507,15.507,/home/okamoto/NAS/nasbi/ToriNET/segments/test_samples_results/azwmag2/xc_720180_comparison.png
xc:578054,barswa,1,18,8.245,0.458,/home/okamoto/NAS/nasbi/ToriNET/segments/test_samples_results/barswa/xc_578054_comparison.png
xc:578054,barswa,2,24,4.483,0.187,/home/okamoto/NAS/nasbi/ToriNET/segments/test_samples_results/barswa/xc_578054_comparison.png
xc:578054,barswa,3,22,13.451,0.611,/home/okamoto/NAS/nasbi/ToriNET/segments/test_samples_results/barswa/xc_578054_comparison.png
xc:578054,barswa,4,18,4.933,0.274,/home/okamoto/NAS/nasbi/ToriNET/segments/test_samples_results/barswa/xc_578054_comparison.png
xc:578054,barswa,5,2,16.493,8.247,/home/okamoto/NAS/nasbi/ToriNET/segments/test_samples_results/barswa/xc_578054_comparison.png
xc:747403,barswa,1,62,6.976,0.113,/home/okamoto/NAS/nasbi/ToriNET/segments/test_samples_results/barswa/xc_747403_comparison.png
xc:747403,barswa,2,76,6.904,0.091,/home/okamoto/NAS/nasbi/ToriNET/segments/test_samples_results/barswa/xc_747403_comparison.png
xc:747403,barswa,3,25,32.435,1.297,/home/okamoto/NAS/nasbi/ToriNET/segments/test_samples_results/barswa/xc_747403_comparison.png
xc:747403,barswa,4,62,4.683,0.076,/home/okamoto/NAS/nasbi/ToriNET/segments/test_samples_results/barswa/xc_747403_comparison.png
xc:747403,barswa,5,0,0.0,0.0,/home/okamoto/NAS/nasbi/ToriNET/segments/test_samples_results/barswa/xc_747403_comparison.png
xc:1042324,barswa,1,27,3.199,0.118,/home/okamoto/NAS/nasbi/ToriNET/segments/test_samples_results/barswa/xc_1042324_comparison.png
xc:1042324,barswa,2,51,5.364,0.105,/home/okamoto/NAS/nasbi/ToriNET/segments/test_samples_results/barswa/xc_1042324_comparison.png
xc:1042324,barswa,3,22,20.59,0.936,/home/okamoto/NAS/nasbi/ToriNET/segments/test_samples_results/barswa/xc_1042324_comparison.png
xc:1042324,barswa,4,11,1.051,0.096,/home/okamoto/NAS/nasbi/ToriNET/segments/test_samples_results/barswa/xc_1042324_comparison.png
xc:1042324,barswa,5,1,23.313,23.313,/home/okamoto/NAS/nasbi/ToriNET/segments/test_samples_results/barswa/xc_1042324_comparison.png
xc:677842,barswa,1,68,10.106,0.149,/home/okamoto/NAS/nasbi/ToriNET/segments/test_samples_results/barswa/xc_677842_comparison.png
xc:677842,barswa,2,83,10.275,0.124,/home/okamoto/NAS/nasbi/ToriNET/segments/test_samples_results/barswa/xc_677842_comparison.png
xc:677842,barswa,3,23,21.403,0.931,/home/okamoto/NAS/nasbi/ToriNET/segments/test_samples_results/barswa/xc_677842_comparison.png
xc:677842,barswa,4,63,7.361,0.117,/home/okamoto/NAS/nasbi/ToriNET/segments/test_samples_results/barswa/xc_677842_comparison.png
xc:677842,barswa,5,1,24.378,24.378,/home/okamoto/NAS/nasbi/ToriNET/segments/test_samples_results/barswa/xc_677842_comparison.png
xc:142731,barswa,1,111,35.167,0.317,/home/okamoto/NAS/nasbi/ToriNET/segments/test_samples_results/barswa/xc_142731_comparison.png
xc:142731,barswa,2,92,39.361,0.428,/home/okamoto/NAS/nasbi/ToriNET/segments/test_samples_results/barswa/xc_142731_comparison.png
xc:142731,barswa,3,49,40.975,0.836,/home/okamoto/NAS/nasbi/ToriNET/segments/test_samples_results/barswa/xc_142731_comparison.png
xc:142731,barswa,4,180,23.359,0.13,/home/okamoto/NAS/nasbi/ToriNET/segments/test_samples_results/barswa/xc_142731_comparison.png
xc:142731,barswa,5,0,0.0,0.0,/home/okamoto/NAS/nasbi/ToriNET/segments/test_samples_results/barswa/xc_142731_comparison.png
ml:620881189,bkfbun2,1,18,5.393,0.3,/home/okamoto/NAS/nasbi/ToriNET/segments/test_samples_results/bkfbun2/ml_620881189_comparison.png
ml:620881189,bkfbun2,2,37,7.088,0.192,/home/okamoto/NAS/nasbi/ToriNET/segments/test_samples_results/bkfbun2/ml_620881189_comparison.png
ml:620881189,bkfbun2,3,37,31.176,0.843,/home/okamoto/NAS/nasbi/ToriNET/segments/test_samples_results/bkfbun2/ml_620881189_comparison.png
ml:620881189,bkfbun2,4,11,2.711,0.246,/home/okamoto/NAS/nasbi/ToriNET/segments/test_samples_results/bkfbun2/ml_620881189_comparison.png
ml:620881189,bkfbun2,5,0,0.0,0.0,/home/okamoto/NAS/nasbi/ToriNET/segments/test_samples_results/bkfbun2/ml_620881189_comparison.png
ml:618704340,bkfbun2,1,73,15.348,0.21,/home/okamoto/NAS/nasbi/ToriNET/segments/test_samples_results/bkfbun2/ml_618704340_comparison.png
ml:618704340,bkfbun2,2,80,14.878,0.186,/home/okamoto/NAS/nasbi/ToriNET/segments/test_samples_results/bkfbun2/ml_618704340_comparison.png
ml:618704340,bkfbun2,3,38,27.353,0.72,/home/okamoto/NAS/nasbi/ToriNET/segments/test_samples_results/bkfbun2/ml_618704340_comparison.png
ml:618704340,bkfbun2,4,4,0.261,0.065,/home/okamoto/NAS/nasbi/ToriNET/segments/test_samples_results/bkfbun2/ml_618704340_comparison.png
ml:618704340,bkfbun2,5,0,0.0,0.0,/home/okamoto/NAS/nasbi/ToriNET/segments/test_samples_results/bkfbun2/ml_618704340_comparison.png
ml:634320120,bkfbun2,1,44,5.952,0.135,/home/okamoto/NAS/nasbi/ToriNET/segments/test_samples_results/bkfbun2/ml_634320120_comparison.png
ml:634320120,bkfbun2,2,89,16.917,0.19,/home/okamoto/NAS/nasbi/ToriNET/segments/test_samples_results/bkfbun2/ml_634320120_comparison.png
ml:634320120,bkfbun2,3,45,32.304,0.718,/home/okamoto/NAS/nasbi/ToriNET/segments/test_samples_results/bkfbun2/ml_634320120_comparison.png
ml:634320120,bkfbun2,4,53,5.467,0.103,/home/okamoto/NAS/nasbi/ToriNET/segments/test_samples_results/bkfbun2/ml_634320120_comparison.png
ml:634320120,bkfbun2,5,0,0.0,0.0,/home/okamoto/NAS/nasbi/ToriNET/segments/test_samples_results/bkfbun2/ml_634320120_comparison.png
ml:637612944,bkfbun2,1,21,1.424,0.068,/home/okamoto/NAS/nasbi/ToriNET/segments/test_samples_results/bkfbun2/ml_637612944_comparison.png
ml:637612944,bkfbun2,2,75,9.445,0.126,/home/okamoto/NAS/nasbi/ToriNET/segments/test_samples_results/bkfbun2/ml_637612944_comparison.png
ml:637612944,bkfbun2,3,18,20.696,1.15,/home/okamoto/NAS/nasbi/ToriNET/segments/test_samples_results/bkfbun2/ml_637612944_comparison.png
ml:637612944,bkfbun2,4,16,0.763,0.048,/home/okamoto/NAS/nasbi/ToriNET/segments/test_samples_results/bkfbun2/ml_637612944_comparison.png
ml:637612944,bkfbun2,5,1,23.288,23.288,/home/okamoto/NAS/nasbi/ToriNET/segments/test_samples_results/bkfbun2/ml_637612944_comparison.png
ml:624172439,bkfbun2,1,1,0.517,0.517,/home/okamoto/NAS/nasbi/ToriNET/segments/test_samples_results/bkfbun2/ml_624172439_comparison.png
ml:624172439,bkfbun2,2,99,5.509,0.056,/home/okamoto/NAS/nasbi/ToriNET/segments/test_samples_results/bkfbun2/ml_624172439_comparison.png
ml:624172439,bkfbun2,3,40,39.346,0.984,/home/okamoto/NAS/nasbi/ToriNET/segments/test_samples_results/bkfbun2/ml_624172439_comparison.png
ml:624172439,bkfbun2,4,1,0.203,0.203,/home/okamoto/NAS/nasbi/ToriNET/segments/test_samples_results/bkfbun2/ml_624172439_comparison.png
ml:624172439,bkfbun2,5,0,0.0,0.0,/home/okamoto/NAS/nasbi/ToriNET/segments/test_samples_results/bkfbun2/ml_624172439_comparison.png
xc:580794,bkhgul,1,154,59.008,0.383,/home/okamoto/NAS/nasbi/ToriNET/segments/test_samples_results/bkhgul/xc_580794_comparison.png
xc:580794,bkhgul,2,269,39.735,0.148,/home/okamoto/NAS/nasbi/ToriNET/segments/test_samples_results/bkhgul/xc_580794_comparison.png
xc:580794,bkhgul,3,159,101.172,0.636,/home/okamoto/NAS/nasbi/ToriNET/segments/test_samples_results/bkhgul/xc_580794_comparison.png
xc:580794,bkhgul,4,138,32.131,0.233,/home/okamoto/NAS/nasbi/ToriNET/segments/test_samples_results/bkhgul/xc_580794_comparison.png
xc:580794,bkhgul,5,0,0.0,0.0,/home/okamoto/NAS/nasbi/ToriNET/segments/test_samples_results/bkhgul/xc_580794_comparison.png
xc:752720,bkhgul,1,137,24.715,0.18,/home/okamoto/NAS/nasbi/ToriNET/segments/test_samples_results/bkhgul/xc_752720_comparison.png
xc:752720,bkhgul,2,160,17.208,0.108,/home/okamoto/NAS/nasbi/ToriNET/segments/test_samples_results/bkhgul/xc_752720_comparison.png
xc:752720,bkhgul,3,41,44.08,1.075,/home/okamoto/NAS/nasbi/ToriNET/segments/test_samples_results/bkhgul/xc_752720_comparison.png
xc:752720,bkhgul,4,114,11.349,0.1,/home/okamoto/NAS/nasbi/ToriNET/segments/test_samples_results/bkhgul/xc_752720_comparison.png
xc:752720,bkhgul,5,0,0.0,0.0,/home/okamoto/NAS/nasbi/ToriNET/segments/test_samples_results/bkhgul/xc_752720_comparison.png
xc:1065402,bkhgul,1,21,6.298,0.3,/home/okamoto/NAS/nasbi/ToriNET/segments/test_samples_results/bkhgul/xc_1065402_comparison.png
xc:1065402,bkhgul,2,23,4.139,0.18,/home/okamoto/NAS/nasbi/ToriNET/segments/test_samples_results/bkhgul/xc_1065402_comparison.png
xc:1065402,bkhgul,3,13,8.673,0.667,/home/okamoto/NAS/nasbi/ToriNET/segments/test_samples_results/bkhgul/xc_1065402_comparison.png
xc:1065402,bkhgul,4,20,3.843,0.192,/home/okamoto/NAS/nasbi/ToriNET/segments/test_samples_results/bkhgul/xc_1065402_comparison.png
xc:1065402,bkhgul,5,1,10.661,10.661,/home/okamoto/NAS/nasbi/ToriNET/segments/test_samples_results/bkhgul/xc_1065402_comparison.png
xc:1050112,bkhgul,1,4,0.331,0.083,/home/okamoto/NAS/nasbi/ToriNET/segments/test_samples_results/bkhgul/xc_1050112_comparison.png
xc:1050112,bkhgul,2,17,1.808,0.106,/home/okamoto/NAS/nasbi/ToriNET/segments/test_samples_results/bkhgul/xc_1050112_comparison.png
xc:1050112,bkhgul,3,11,7.454,0.678,/home/okamoto/NAS/nasbi/ToriNET/segments/test_samples_results/bkhgul/xc_1050112_comparison.png
xc:1050112,bkhgul,4,0,0.0,0.0,/home/okamoto/NAS/nasbi/ToriNET/segments/test_samples_results/bkhgul/xc_1050112_comparison.png
xc:1050112,bkhgul,5,1,9.262,9.262,/home/okamoto/NAS/nasbi/ToriNET/segments/test_samples_results/bkhgul/xc_1050112_comparison.png
xc:525320,bkhgul,1,8,8.603,1.075,/home/okamoto/NAS/nasbi/ToriNET/segments/test_samples_results/bkhgul/xc_525320_comparison.png
xc:525320,bkhgul,2,26,4.069,0.157,/home/okamoto/NAS/nasbi/ToriNET/segments/test_samples_results/bkhgul/xc_525320_comparison.png
xc:525320,bkhgul,3,25,9.294,0.372,/home/okamoto/NAS/nasbi/ToriNET/segments/test_samples_results/bkhgul/xc_525320_comparison.png
xc:525320,bkhgul,4,8,6.513,0.814,/home/okamoto/NAS/nasbi/ToriNET/segments/test_samples_results/bkhgul/xc_525320_comparison.png
xc:525320,bkhgul,5,1,17.049,17.049,/home/okamoto/NAS/nasbi/ToriNET/segments/test_samples_results/bkhgul/xc_525320_comparison.png
xc:627390,bktgul,1,45,11.685,0.26,/home/okamoto/NAS/nasbi/ToriNET/segments/test_samples_results/bktgul/xc_627390_comparison.png
xc:627390,bktgul,2,114,17.157,0.151,/home/okamoto/NAS/nasbi/ToriNET/segments/test_samples_results/bktgul/xc_627390_comparison.png
xc:627390,bktgul,3,77,41.12,0.534,/home/okamoto/NAS/nasbi/ToriNET/segments/test_samples_results/bktgul/xc_627390_comparison.png
xc:627390,bktgul,4,31,4.208,0.136,/home/okamoto/NAS/nasbi/ToriNET/segments/test_samples_results/bktgul/xc_627390_comparison.png
xc:627390,bktgul,5,0,0.0,0.0,/home/okamoto/NAS/nasbi/ToriNET/segments/test_samples_results/bktgul/xc_627390_comparison.png
xc:903942,bktgul,1,7,3.376,0.482,/home/okamoto/NAS/nasbi/ToriNET/segments/test_samples_results/bktgul/xc_903942_comparison.png
xc:903942,bktgul,2,8,1.744,0.218,/home/okamoto/NAS/nasbi/ToriNET/segments/test_samples_results/bktgul/xc_903942_comparison.png
xc:903942,bktgul,3,10,2.392,0.239,/home/okamoto/NAS/nasbi/ToriNET/segments/test_samples_results/bktgul/xc_903942_comparison.png
xc:903942,bktgul,4,7,2.368,0.338,/home/okamoto/NAS/nasbi/ToriNET/segments/test_samples_results/bktgul/xc_903942_comparison.png
xc:903942,bktgul,5,1,5.704,5.704,/home/okamoto/NAS/nasbi/ToriNET/segments/test_samples_results/bktgul/xc_903942_comparison.png
xc:1016634,bktgul,1,42,12.832,0.306,/home/okamoto/NAS/nasbi/ToriNET/segments/test_samples_results/bktgul/xc_1016634_comparison.png
xc:1016634,bktgul,2,53,17.464,0.33,/home/okamoto/NAS/nasbi/ToriNET/segments/test_samples_results/bktgul/xc_1016634_comparison.png
xc:1016634,bktgul,3,35,21.304,0.609,/home/okamoto/NAS/nasbi/ToriNET/segments/test_samples_results/bktgul/xc_1016634_comparison.png
xc:1016634,bktgul,4,34,5.867,0.173,/home/okamoto/NAS/nasbi/ToriNET/segments/test_samples_results/bktgul/xc_1016634_comparison.png
xc:1016634,bktgul,5,1,27.299,27.299,/home/okamoto/NAS/nasbi/ToriNET/segments/test_samples_results/bktgul/xc_1016634_comparison.png
xc:344933,bktgul,1,17,5.875,0.346,/home/okamoto/NAS/nasbi/ToriNET/segments/test_samples_results/bktgul/xc_344933_comparison.png
xc:344933,bktgul,2,23,6.548,0.285,/home/okamoto/NAS/nasbi/ToriNET/segments/test_samples_results/bktgul/xc_344933_comparison.png
xc:344933,bktgul,3,22,35.262,1.603,/home/okamoto/NAS/nasbi/ToriNET/segments/test_samples_results/bktgul/xc_344933_comparison.png
xc:344933,bktgul,4,17,3.953,0.233,/home/okamoto/NAS/nasbi/ToriNET/segments/test_samples_results/bktgul/xc_344933_comparison.png
xc:344933,bktgul,5,0,0.0,0.0,/home/okamoto/NAS/nasbi/ToriNET/segments/test_samples_results/bktgul/xc_344933_comparison.png
xc:344932,bktgul,1,5,2.177,0.435,/home/okamoto/NAS/nasbi/ToriNET/segments/test_samples_results/bktgul/xc_344932_comparison.png
xc:344932,bktgul,2,9,2.786,0.31,/home/okamoto/NAS/nasbi/ToriNET/segments/test_samples_results/bktgul/xc_344932_comparison.png
xc:344932,bktgul,3,7,11.024,1.575,/home/okamoto/NAS/nasbi/ToriNET/segments/test_samples_results/bktgul/xc_344932_comparison.png
xc:344932,bktgul,4,5,1.834,0.367,/home/okamoto/NAS/nasbi/ToriNET/segments/test_samples_results/bktgul/xc_344932_comparison.png
xc:344932,bktgul,5,1,11.993,11.993,/home/okamoto/NAS/nasbi/ToriNET/segments/test_samples_results/bktgul/xc_344932_comparison.png
xc:493737,blakit1,1,148,29.6,0.2,/home/okamoto/NAS/nasbi/ToriNET/segments/test_samples_results/blakit1/xc_493737_comparison.png
xc:493737,blakit1,2,231,33.82,0.146,/home/okamoto/NAS/nasbi/ToriNET/segments/test_samples_results/blakit1/xc_493737_comparison.png
xc:493737,blakit1,3,94,87.4,0.93,/home/okamoto/NAS/nasbi/ToriNET/segments/test_samples_results/blakit1/xc_493737_comparison.png
xc:493737,blakit1,4,44,3.077,0.07,/home/okamoto/NAS/nasbi/ToriNET/segments/test_samples_results/blakit1/xc_493737_comparison.png
xc:493737,blakit1,5,0,0.0,0.0,/home/okamoto/NAS/nasbi/ToriNET/segments/test_samples_results/blakit1/xc_493737_comparison.png
xc:507829,blakit1,1,9,2.304,0.256,/home/okamoto/NAS/nasbi/ToriNET/segments/test_samples_results/blakit1/xc_507829_comparison.png
xc:507829,blakit1,2,13,2.352,0.181,/home/okamoto/NAS/nasbi/ToriNET/segments/test_samples_results/blakit1/xc_507829_comparison.png
xc:507829,blakit1,3,4,3.637,0.909,/home/okamoto/NAS/nasbi/ToriNET/segments/test_samples_results/blakit1/xc_507829_comparison.png
xc:507829,blakit1,4,2,1.077,0.539,/home/okamoto/NAS/nasbi/ToriNET/segments/test_samples_results/blakit1/xc_507829_comparison.png
xc:507829,blakit1,5,1,4.147,4.147,/home/okamoto/NAS/nasbi/ToriNET/segments/test_samples_results/blakit1/xc_507829_comparison.png
xc:628280,blakit1,1,10,3.344,0.334,/home/okamoto/NAS/nasbi/ToriNET/segments/test_samples_results/blakit1/xc_628280_comparison.png
xc:628280,blakit1,2,27,3.784,0.14,/home/okamoto/NAS/nasbi/ToriNET/segments/test_samples_results/blakit1/xc_628280_comparison.png
xc:628280,blakit1,3,9,12.581,1.398,/home/okamoto/NAS/nasbi/ToriNET/segments/test_samples_results/blakit1/xc_628280_comparison.png
xc:628280,blakit1,4,9,1.621,0.18,/home/okamoto/NAS/nasbi/ToriNET/segments/test_samples_results/blakit1/xc_628280_comparison.png
xc:628280,blakit1,5,1,13.509,13.509,/home/okamoto/NAS/nasbi/ToriNET/segments/test_samples_results/blakit1/xc_628280_comparison.png
xc:1026906,blakit1,1,112,25.525,0.228,/home/okamoto/NAS/nasbi/ToriNET/segments/test_samples_results/blakit1/xc_1026906_comparison.png
xc:1026906,blakit1,2,204,30.995,0.152,/home/okamoto/NAS/nasbi/ToriNET/segments/test_samples_results/blakit1/xc_1026906_comparison.png
xc:1026906,blakit1,3,99,78.899,0.797,/home/okamoto/NAS/nasbi/ToriNET/segments/test_samples_results/blakit1/xc_1026906_comparison.png
xc:1026906,blakit1,4,34,7.685,0.226,/home/okamoto/NAS/nasbi/ToriNET/segments/test_samples_results/blakit1/xc_1026906_comparison.png
xc:1026906,blakit1,5,8,49.755,6.219,/home/okamoto/NAS/nasbi/ToriNET/segments/test_samples_results/blakit1/xc_1026906_comparison.png
xc:896543,blakit1,1,4,0.325,0.081,/home/okamoto/NAS/nasbi/ToriNET/segments/test_samples_results/blakit1/xc_896543_comparison.png
xc:896543,blakit1,2,7,1.17,0.167,/home/okamoto/NAS/nasbi/ToriNET/segments/test_samples_results/blakit1/xc_896543_comparison.png
xc:896543,blakit1,3,4,1.921,0.48,/home/okamoto/NAS/nasbi/ToriNET/segments/test_samples_results/blakit1/xc_896543_comparison.png
xc:896543,blakit1,4,2,0.134,0.067,/home/okamoto/NAS/nasbi/ToriNET/segments/test_samples_results/blakit1/xc_896543_comparison.png
xc:896543,blakit1,5,1,2.572,2.572,/home/okamoto/NAS/nasbi/ToriNET/segments/test_samples_results/blakit1/xc_896543_comparison.png
xc:155867,brebul1,1,76,23.024,0.303,/home/okamoto/NAS/nasbi/ToriNET/segments/test_samples_results/brebul1/xc_155867_comparison.png
xc:155867,brebul1,2,107,16.939,0.158,/home/okamoto/NAS/nasbi/ToriNET/segments/test_samples_results/brebul1/xc_155867_comparison.png
xc:155867,brebul1,3,74,35.155,0.475,/home/okamoto/NAS/nasbi/ToriNET/segments/test_samples_results/brebul1/xc_155867_comparison.png
xc:155867,brebul1,4,82,15.349,0.187,/home/okamoto/NAS/nasbi/ToriNET/segments/test_samples_results/brebul1/xc_155867_comparison.png
xc:155867,brebul1,5,0,0.0,0.0,/home/okamoto/NAS/nasbi/ToriNET/segments/test_samples_results/brebul1/xc_155867_comparison.png
xc:551619,brebul1,1,22,10.363,0.471,/home/okamoto/NAS/nasbi/ToriNET/segments/test_samples_results/brebul1/xc_551619_comparison.png
xc:551619,brebul1,2,46,7.629,0.166,/home/okamoto/NAS/nasbi/ToriNET/segments/test_samples_results/brebul1/xc_551619_comparison.png
xc:551619,brebul1,3,17,17.451,1.027,/home/okamoto/NAS/nasbi/ToriNET/segments/test_samples_results/brebul1/xc_551619_comparison.png
xc:551619,brebul1,4,25,5.664,0.227,/home/okamoto/NAS/nasbi/ToriNET/segments/test_samples_results/brebul1/xc_551619_comparison.png
xc:551619,brebul1,5,1,19.635,19.635,/home/okamoto/NAS/nasbi/ToriNET/segments/test_samples_results/brebul1/xc_551619_comparison.png
xc:466085,brebul1,1,10,2.741,0.274,/home/okamoto/NAS/nasbi/ToriNET/segments/test_samples_results/brebul1/xc_466085_comparison.png
xc:466085,brebul1,2,12,2.008,0.167,/home/okamoto/NAS/nasbi/ToriNET/segments/test_samples_results/brebul1/xc_466085_comparison.png
xc:466085,brebul1,3,5,4.504,0.901,/home/okamoto/NAS/nasbi/ToriNET/segments/test_samples_results/brebul1/xc_466085_comparison.png
xc:466085,brebul1,4,9,1.957,0.217,/home/okamoto/NAS/nasbi/ToriNET/segments/test_samples_results/brebul1/xc_466085_comparison.png
xc:466085,brebul1,5,1,4.979,4.979,/home/okamoto/NAS/nasbi/ToriNET/segments/test_samples_results/brebul1/xc_466085_comparison.png
xc:200439,brebul1,1,259,67.593,0.261,/home/okamoto/NAS/nasbi/ToriNET/segments/test_samples_results/brebul1/xc_200439_comparison.png
xc:200439,brebul1,2,335,60.764,0.181,/home/okamoto/NAS/nasbi/ToriNET/segments/test_samples_results/brebul1/xc_200439_comparison.png
xc:200439,brebul1,3,205,130.932,0.639,/home/okamoto/NAS/nasbi/ToriNET/segments/test_samples_results/brebul1/xc_200439_comparison.png
xc:200439,brebul1,4,160,15.517,0.097,/home/okamoto/NAS/nasbi/ToriNET/segments/test_samples_results/brebul1/xc_200439_comparison.png
xc:200439,brebul1,5,0,0.0,0.0,/home/okamoto/NAS/nasbi/ToriNET/segments/test_samples_results/brebul1/xc_200439_comparison.png
xc:784921,brebul1,1,26,6.426,0.247,/home/okamoto/NAS/nasbi/ToriNET/segments/test_samples_results/brebul1/xc_784921_comparison.png
xc:784921,brebul1,2,49,6.876,0.14,/home/okamoto/NAS/nasbi/ToriNET/segments/test_samples_results/brebul1/xc_784921_comparison.png
xc:784921,brebul1,3,27,14.829,0.549,/home/okamoto/NAS/nasbi/ToriNET/segments/test_samples_results/brebul1/xc_784921_comparison.png
xc:784921,brebul1,4,20,2.078,0.104,/home/okamoto/NAS/nasbi/ToriNET/segments/test_samples_results/brebul1/xc_784921_comparison.png
xc:784921,brebul1,5,1,19.522,19.522,/home/okamoto/NAS/nasbi/ToriNET/segments/test_samples_results/brebul1/xc_784921_comparison.png
xc:194695,buhshr1,1,9,0.813,0.09,/home/okamoto/NAS/nasbi/ToriNET/segments/test_samples_results/buhshr1/xc_194695_comparison.png
xc:194695,buhshr1,2,15,1.411,0.094,/home/okamoto/NAS/nasbi/ToriNET/segments/test_samples_results/buhshr1/xc_194695_comparison.png
xc:194695,buhshr1,3,8,6.888,0.861,/home/okamoto/NAS/nasbi/ToriNET/segments/test_samples_results/buhshr1/xc_194695_comparison.png
xc:194695,buhshr1,4,8,0.412,0.052,/home/okamoto/NAS/nasbi/ToriNET/segments/test_samples_results/buhshr1/xc_194695_comparison.png
xc:194695,buhshr1,5,1,7.782,7.782,/home/okamoto/NAS/nasbi/ToriNET/segments/test_samples_results/buhshr1/xc_194695_comparison.png
xc:88961,buhshr1,1,8,3.756,0.469,/home/okamoto/NAS/nasbi/ToriNET/segments/test_samples_results/buhshr1/xc_88961_comparison.png
xc:88961,buhshr1,2,17,1.936,0.114,/home/okamoto/NAS/nasbi/ToriNET/segments/test_samples_results/buhshr1/xc_88961_comparison.png
xc:88961,buhshr1,3,8,6.06,0.758,/home/okamoto/NAS/nasbi/ToriNET/segments/test_samples_results/buhshr1/xc_88961_comparison.png
xc:88961,buhshr1,4,10,1.271,0.127,/home/okamoto/NAS/nasbi/ToriNET/segments/test_samples_results/buhshr1/xc_88961_comparison.png
xc:88961,buhshr1,5,1,7.094,7.094,/home/okamoto/NAS/nasbi/ToriNET/segments/test_samples_results/buhshr1/xc_88961_comparison.png
xc:793926,buhshr1,1,20,17.547,0.877,/home/okamoto/NAS/nasbi/ToriNET/segments/test_samples_results/buhshr1/xc_793926_comparison.png
xc:793926,buhshr1,2,75,10.059,0.134,/home/okamoto/NAS/nasbi/ToriNET/segments/test_samples_results/buhshr1/xc_793926_comparison.png
xc:793926,buhshr1,3,30,31.267,1.042,/home/okamoto/NAS/nasbi/ToriNET/segments/test_samples_results/buhshr1/xc_793926_comparison.png
xc:793926,buhshr1,4,51,14.107,0.277,/home/okamoto/NAS/nasbi/ToriNET/segments/test_samples_results/buhshr1/xc_793926_comparison.png
xc:793926,buhshr1,5,0,0.0,0.0,/home/okamoto/NAS/nasbi/ToriNET/segments/test_samples_results/buhshr1/xc_793926_comparison.png
xc:842854,buhshr1,1,172,20.475,0.119,/home/okamoto/NAS/nasbi/ToriNET/segments/test_samples_results/buhshr1/xc_842854_comparison.png
xc:842854,buhshr1,2,121,11.92,0.099,/home/okamoto/NAS/nasbi/ToriNET/segments/test_samples_results/buhshr1/xc_842854_comparison.png
xc:842854,buhshr1,3,0,0.0,0.0,/home/okamoto/NAS/nasbi/ToriNET/segments/test_samples_results/buhshr1/xc_842854_comparison.png
xc:842854,buhshr1,4,0,0.0,0.0,/home/okamoto/NAS/nasbi/ToriNET/segments/test_samples_results/buhshr1/xc_842854_comparison.png
xc:842854,buhshr1,5,0,0.0,0.0,/home/okamoto/NAS/nasbi/ToriNET/segments/test_samples_results/buhshr1/xc_842854_comparison.png
xc:505447,buhshr1,1,4,4.725,1.181,/home/okamoto/NAS/nasbi/ToriNET/segments/test_samples_results/buhshr1/xc_505447_comparison.png
xc:505447,buhshr1,2,7,1.416,0.202,/home/okamoto/NAS/nasbi/ToriNET/segments/test_samples_results/buhshr1/xc_505447_comparison.png
xc:505447,buhshr1,3,12,3.187,0.266,/home/okamoto/NAS/nasbi/ToriNET/segments/test_samples_results/buhshr1/xc_505447_comparison.png
xc:505447,buhshr1,4,4,2.287,0.572,/home/okamoto/NAS/nasbi/ToriNET/segments/test_samples_results/buhshr1/xc_505447_comparison.png
xc:505447,buhshr1,5,1,8.017,8.017,/home/okamoto/NAS/nasbi/ToriNET/segments/test_samples_results/buhshr1/xc_505447_comparison.png
xc:134325,burthr,1,77,12.028,0.156,/home/okamoto/NAS/nasbi/ToriNET/segments/test_samples_results/burthr/xc_134325_comparison.png
xc:134325,burthr,2,129,17.952,0.139,/home/okamoto/NAS/nasbi/ToriNET/segments/test_samples_results/burthr/xc_134325_comparison.png
xc:134325,burthr,3,94,124.79,1.328,/home/okamoto/NAS/nasbi/ToriNET/segments/test_samples_results/burthr/xc_134325_comparison.png
xc:134325,burthr,4,68,7.924,0.117,/home/okamoto/NAS/nasbi/ToriNET/segments/test_samples_results/burthr/xc_134325_comparison.png
xc:134325,burthr,5,0,0.0,0.0,/home/okamoto/NAS/nasbi/ToriNET/segments/test_samples_results/burthr/xc_134325_comparison.png
xc:1023727,burthr,1,188,28.166,0.15,/home/okamoto/NAS/nasbi/ToriNET/segments/test_samples_results/burthr/xc_1023727_comparison.png
xc:1023727,burthr,2,232,40.644,0.175,/home/okamoto/NAS/nasbi/ToriNET/segments/test_samples_results/burthr/xc_1023727_comparison.png
xc:1023727,burthr,3,84,70.458,0.839,/home/okamoto/NAS/nasbi/ToriNET/segments/test_samples_results/burthr/xc_1023727_comparison.png
xc:1023727,burthr,4,94,7.883,0.084,/home/okamoto/NAS/nasbi/ToriNET/segments/test_samples_results/burthr/xc_1023727_comparison.png
xc:1023727,burthr,5,1,24.253,24.253,/home/okamoto/NAS/nasbi/ToriNET/segments/test_samples_results/burthr/xc_1023727_comparison.png
xc:697948,burthr,1,23,5.52,0.24,/home/okamoto/NAS/nasbi/ToriNET/segments/test_samples_results/burthr/xc_697948_comparison.png
xc:697948,burthr,2,31,5.555,0.179,/home/okamoto/NAS/nasbi/ToriNET/segments/test_samples_results/burthr/xc_697948_comparison.png
xc:697948,burthr,3,6,12.568,2.095,/home/okamoto/NAS/nasbi/ToriNET/segments/test_samples_results/burthr/xc_697948_comparison.png
xc:697948,burthr,4,21,2.672,0.127,/home/okamoto/NAS/nasbi/ToriNET/segments/test_samples_results/burthr/xc_697948_comparison.png
xc:697948,burthr,5,1,13.512,13.512,/home/okamoto/NAS/nasbi/ToriNET/segments/test_samples_results/burthr/xc_697948_comparison.png
xc:921485,burthr,1,5,1.968,0.394,/home/okamoto/NAS/nasbi/ToriNET/segments/test_samples_results/burthr/xc_921485_comparison.png
xc:921485,burthr,2,13,1.771,0.136,/home/okamoto/NAS/nasbi/ToriNET/segments/test_samples_results/burthr/xc_921485_comparison.png
xc:921485,burthr,3,5,4.963,0.993,/home/okamoto/NAS/nasbi/ToriNET/segments/test_samples_results/burthr/xc_921485_comparison.png
xc:921485,burthr,4,9,1.086,0.121,/home/okamoto/NAS/nasbi/ToriNET/segments/test_samples_results/burthr/xc_921485_comparison.png
xc:921485,burthr,5,1,5.515,5.515,/home/okamoto/NAS/nasbi/ToriNET/segments/test_samples_results/burthr/xc_921485_comparison.png
xc:472199,burthr,1,161,37.738,0.234,/home/okamoto/NAS/nasbi/ToriNET/segments/test_samples_results/burthr/xc_472199_comparison.png
xc:472199,burthr,2,227,34.142,0.15,/home/okamoto/NAS/nasbi/ToriNET/segments/test_samples_results/burthr/xc_472199_comparison.png
xc:472199,burthr,3,122,65.544,0.537,/home/okamoto/NAS/nasbi/ToriNET/segments/test_samples_results/burthr/xc_472199_comparison.png
xc:472199,burthr,4,136,12.904,0.095,/home/okamoto/NAS/nasbi/ToriNET/segments/test_samples_results/burthr/xc_472199_comparison.png
xc:472199,burthr,5,0,0.0,0.0,/home/okamoto/NAS/nasbi/ToriNET/segments/test_samples_results/burthr/xc_472199_comparison.png
xc:785592,carcro1,1,40,8.829,0.221,/home/okamoto/NAS/nasbi/ToriNET/segments/test_samples_results/carcro1/xc_785592_comparison.png
xc:785592,carcro1,2,52,8.313,0.16,/home/okamoto/NAS/nasbi/ToriNET/segments/test_samples_results/carcro1/xc_785592_comparison.png
xc:785592,carcro1,3,17,16.329,0.961,/home/okamoto/NAS/nasbi/ToriNET/segments/test_samples_results/carcro1/xc_785592_comparison.png
xc:785592,carcro1,4,21,3.274,0.156,/home/okamoto/NAS/nasbi/ToriNET/segments/test_samples_results/carcro1/xc_785592_comparison.png
xc:785592,carcro1,5,1,18.91,18.91,/home/okamoto/NAS/nasbi/ToriNET/segments/test_samples_results/carcro1/xc_785592_comparison.png
xc:511980,carcro1,1,27,4.747,0.176,/home/okamoto/NAS/nasbi/ToriNET/segments/test_samples_results/carcro1/xc_511980_comparison.png
xc:511980,carcro1,2,47,4.664,0.099,/home/okamoto/NAS/nasbi/ToriNET/segments/test_samples_results/carcro1/xc_511980_comparison.png
xc:511980,carcro1,3,23,14.795,0.643,/home/okamoto/NAS/nasbi/ToriNET/segments/test_samples_results/carcro1/xc_511980_comparison.png
xc:511980,carcro1,4,11,1.189,0.108,/home/okamoto/NAS/nasbi/ToriNET/segments/test_samples_results/carcro1/xc_511980_comparison.png
xc:511980,carcro1,5,1,18.371,18.371,/home/okamoto/NAS/nasbi/ToriNET/segments/test_samples_results/carcro1/xc_511980_comparison.png
xc:688118,carcro1,1,40,11.865,0.297,/home/okamoto/NAS/nasbi/ToriNET/segments/test_samples_results/carcro1/xc_688118_comparison.png
xc:688118,carcro1,2,52,10.629,0.204,/home/okamoto/NAS/nasbi/ToriNET/segments/test_samples_results/carcro1/xc_688118_comparison.png
xc:688118,carcro1,3,40,25.429,0.636,/home/okamoto/NAS/nasbi/ToriNET/segments/test_samples_results/carcro1/xc_688118_comparison.png
xc:688118,carcro1,4,38,5.474,0.144,/home/okamoto/NAS/nasbi/ToriNET/segments/test_samples_results/carcro1/xc_688118_comparison.png
xc:688118,carcro1,5,0,0.0,0.0,/home/okamoto/NAS/nasbi/ToriNET/segments/test_samples_results/carcro1/xc_688118_comparison.png
xc:745101,carcro1,1,143,44.106,0.308,/home/okamoto/NAS/nasbi/ToriNET/segments/test_samples_results/carcro1/xc_745101_comparison.png
xc:745101,carcro1,2,340,43.662,0.128,/home/okamoto/NAS/nasbi/ToriNET/segments/test_samples_results/carcro1/xc_745101_comparison.png
xc:745101,carcro1,3,242,164.316,0.679,/home/okamoto/NAS/nasbi/ToriNET/segments/test_samples_results/carcro1/xc_745101_comparison.png
xc:745101,carcro1,4,110,20.956,0.191,/home/okamoto/NAS/nasbi/ToriNET/segments/test_samples_results/carcro1/xc_745101_comparison.png
xc:745101,carcro1,5,0,0.0,0.0,/home/okamoto/NAS/nasbi/ToriNET/segments/test_samples_results/carcro1/xc_745101_comparison.png
xc:635134,carcro1,1,8,2.392,0.299,/home/okamoto/NAS/nasbi/ToriNET/segments/test_samples_results/carcro1/xc_635134_comparison.png
xc:635134,carcro1,2,9,1.463,0.163,/home/okamoto/NAS/nasbi/ToriNET/segments/test_samples_results/carcro1/xc_635134_comparison.png
xc:635134,carcro1,3,7,1.881,0.269,/home/okamoto/NAS/nasbi/ToriNET/segments/test_samples_results/carcro1/xc_635134_comparison.png
xc:635134,carcro1,4,5,1.451,0.29,/home/okamoto/NAS/nasbi/ToriNET/segments/test_samples_results/carcro1/xc_635134_comparison.png
xc:635134,carcro1,5,1,3.454,3.454,/home/okamoto/NAS/nasbi/ToriNET/segments/test_samples_results/carcro1/xc_635134_comparison.png
xc:1030710,cintit13,1,24,8.512,0.355,/home/okamoto/NAS/nasbi/ToriNET/segments/test_samples_results/cintit13/xc_1030710_comparison.png
xc:1030710,cintit13,2,57,5.813,0.102,/home/okamoto/NAS/nasbi/ToriNET/segments/test_samples_results/cintit13/xc_1030710_comparison.png
xc:1030710,cintit13,3,27,19.429,0.72,/home/okamoto/NAS/nasbi/ToriNET/segments/test_samples_results/cintit13/xc_1030710_comparison.png
xc:1030710,cintit13,4,50,4.784,0.096,/home/okamoto/NAS/nasbi/ToriNET/segments/test_samples_results/cintit13/xc_1030710_comparison.png
xc:1030710,cintit13,5,1,24.267,24.267,/home/okamoto/NAS/nasbi/ToriNET/segments/test_samples_results/cintit13/xc_1030710_comparison.png
xc:582929,cintit13,1,87,42.127,0.484,/home/okamoto/NAS/nasbi/ToriNET/segments/test_samples_results/cintit13/xc_582929_comparison.png
xc:582929,cintit13,2,144,26.752,0.186,/home/okamoto/NAS/nasbi/ToriNET/segments/test_samples_results/cintit13/xc_582929_comparison.png
xc:582929,cintit13,3,89,73.683,0.828,/home/okamoto/NAS/nasbi/ToriNET/segments/test_samples_results/cintit13/xc_582929_comparison.png
xc:582929,cintit13,4,114,22.343,0.196,/home/okamoto/NAS/nasbi/ToriNET/segments/test_samples_results/cintit13/xc_582929_comparison.png
xc:582929,cintit13,5,0,0.0,0.0,/home/okamoto/NAS/nasbi/ToriNET/segments/test_samples_results/cintit13/xc_582929_comparison.png
xc:531958,cintit13,1,19,9.735,0.512,/home/okamoto/NAS/nasbi/ToriNET/segments/test_samples_results/cintit13/xc_531958_comparison.png
xc:531958,cintit13,2,39,7.25,0.186,/home/okamoto/NAS/nasbi/ToriNET/segments/test_samples_results/cintit13/xc_531958_comparison.png
xc:531958,cintit13,3,30,19.772,0.659,/home/okamoto/NAS/nasbi/ToriNET/segments/test_samples_results/cintit13/xc_531958_comparison.png
xc:531958,cintit13,4,29,2.223,0.077,/home/okamoto/NAS/nasbi/ToriNET/segments/test_samples_results/cintit13/xc_531958_comparison.png
xc:531958,cintit13,5,1,24.094,24.094,/home/okamoto/NAS/nasbi/ToriNET/segments/test_samples_results/cintit13/xc_531958_comparison.png
xc:319792,cintit13,1,30,10.234,0.341,/home/okamoto/NAS/nasbi/ToriNET/segments/test_samples_results/cintit13/xc_319792_comparison.png
xc:319792,cintit13,2,69,10.606,0.154,/home/okamoto/NAS/nasbi/ToriNET/segments/test_samples_results/cintit13/xc_319792_comparison.png
xc:319792,cintit13,3,39,26.883,0.689,/home/okamoto/NAS/nasbi/ToriNET/segments/test_samples_results/cintit13/xc_319792_comparison.png
xc:319792,cintit13,4,20,5.184,0.259,/home/okamoto/NAS/nasbi/ToriNET/segments/test_samples_results/cintit13/xc_319792_comparison.png
xc:319792,cintit13,5,0,0.0,0.0,/home/okamoto/NAS/nasbi/ToriNET/segments/test_samples_results/cintit13/xc_319792_comparison.png
xc:166690,cintit13,1,16,1.387,0.087,/home/okamoto/NAS/nasbi/ToriNET/segments/test_samples_results/cintit13/xc_166690_comparison.png
xc:166690,cintit13,2,24,1.757,0.073,/home/okamoto/NAS/nasbi/ToriNET/segments/test_samples_results/cintit13/xc_166690_comparison.png
xc:166690,cintit13,3,10,13.059,1.306,/home/okamoto/NAS/nasbi/ToriNET/segments/test_samples_results/cintit13/xc_166690_comparison.png
xc:166690,cintit13,4,13,0.816,0.063,/home/okamoto/NAS/nasbi/ToriNET/segments/test_samples_results/cintit13/xc_166690_comparison.png
xc:166690,cintit13,5,1,14.403,14.403,/home/okamoto/NAS/nasbi/ToriNET/segments/test_samples_results/cintit13/xc_166690_comparison.png
xc:462875,comkin1,1,28,5.003,0.179,/home/okamoto/NAS/nasbi/ToriNET/segments/test_samples_results/comkin1/xc_462875_comparison.png
xc:462875,comkin1,2,66,9.731,0.147,/home/okamoto/NAS/nasbi/ToriNET/segments/test_samples_results/comkin1/xc_462875_comparison.png
xc:462875,comkin1,3,26,22.845,0.879,/home/okamoto/NAS/nasbi/ToriNET/segments/test_samples_results/comkin1/xc_462875_comparison.png
xc:462875,comkin1,4,19,3.712,0.195,/home/okamoto/NAS/nasbi/ToriNET/segments/test_samples_results/comkin1/xc_462875_comparison.png
xc:462875,comkin1,5,1,25.936,25.936,/home/okamoto/NAS/nasbi/ToriNET/segments/test_samples_results/comkin1/xc_462875_comparison.png
xc:502269,comkin1,1,20,2.864,0.143,/home/okamoto/NAS/nasbi/ToriNET/segments/test_samples_results/comkin1/xc_502269_comparison.png
xc:502269,comkin1,2,49,5.248,0.107,/home/okamoto/NAS/nasbi/ToriNET/segments/test_samples_results/comkin1/xc_502269_comparison.png
xc:502269,comkin1,3,19,20.101,1.058,/home/okamoto/NAS/nasbi/ToriNET/segments/test_samples_results/comkin1/xc_502269_comparison.png
xc:502269,comkin1,4,3,0.677,0.226,/home/okamoto/NAS/nasbi/ToriNET/segments/test_samples_results/comkin1/xc_502269_comparison.png
xc:502269,comkin1,5,1,22.515,22.515,/home/okamoto/NAS/nasbi/ToriNET/segments/test_samples_results/comkin1/xc_502269_comparison.png
xc:931189,comkin1,1,14,4.021,0.287,/home/okamoto/NAS/nasbi/ToriNET/segments/test_samples_results/comkin1/xc_931189_comparison.png
xc:931189,comkin1,2,19,2.155,0.113,/home/okamoto/NAS/nasbi/ToriNET/segments/test_samples_results/comkin1/xc_931189_comparison.png
xc:931189,comkin1,3,14,5.392,0.385,/home/okamoto/NAS/nasbi/ToriNET/segments/test_samples_results/comkin1/xc_931189_comparison.png
xc:931189,comkin1,4,14,2.032,0.145,/home/okamoto/NAS/nasbi/ToriNET/segments/test_samples_results/comkin1/xc_931189_comparison.png
xc:931189,comkin1,5,1,7.232,7.232,/home/okamoto/NAS/nasbi/ToriNET/segments/test_samples_results/comkin1/xc_931189_comparison.png
xc:800955,comkin1,1,69,13.235,0.192,/home/okamoto/NAS/nasbi/ToriNET/segments/test_samples_results/comkin1/xc_800955_comparison.png
xc:800955,comkin1,2,81,12.359,0.153,/home/okamoto/NAS/nasbi/ToriNET/segments/test_samples_results/comkin1/xc_800955_comparison.png
xc:800955,comkin1,3,40,26.358,0.659,/home/okamoto/NAS/nasbi/ToriNET/segments/test_samples_results/comkin1/xc_800955_comparison.png
xc:800955,comkin1,4,58,5.439,0.094,/home/okamoto/NAS/nasbi/ToriNET/segments/test_samples_results/comkin1/xc_800955_comparison.png
xc:800955,comkin1,5,3,32.087,10.696,/home/okamoto/NAS/nasbi/ToriNET/segments/test_samples_results/comkin1/xc_800955_comparison.png
xc:929047,comkin1,1,22,2.328,0.106,/home/okamoto/NAS/nasbi/ToriNET/segments/test_samples_results/comkin1/xc_929047_comparison.png
xc:929047,comkin1,2,22,2.589,0.118,/home/okamoto/NAS/nasbi/ToriNET/segments/test_samples_results/comkin1/xc_929047_comparison.png
xc:929047,comkin1,3,9,7.683,0.854,/home/okamoto/NAS/nasbi/ToriNET/segments/test_samples_results/comkin1/xc_929047_comparison.png
xc:929047,comkin1,4,14,1.306,0.093,/home/okamoto/NAS/nasbi/ToriNET/segments/test_samples_results/comkin1/xc_929047_comparison.png
xc:929047,comkin1,5,1,8.458,8.458,/home/okamoto/NAS/nasbi/ToriNET/segments/test_samples_results/comkin1/xc_929047_comparison.png
xc:797798,compoc,1,42,3.309,0.079,/home/okamoto/NAS/nasbi/ToriNET/segments/test_samples_results/compoc/xc_797798_comparison.png
xc:797798,compoc,2,61,7.709,0.126,/home/okamoto/NAS/nasbi/ToriNET/segments/test_samples_results/compoc/xc_797798_comparison.png
xc:797798,compoc,3,5,24.636,4.927,/home/okamoto/NAS/nasbi/ToriNET/segments/test_samples_results/compoc/xc_797798_comparison.png
xc:797798,compoc,4,33,2.245,0.068,/home/okamoto/NAS/nasbi/ToriNET/segments/test_samples_results/compoc/xc_797798_comparison.png
xc:797798,compoc,5,1,25.081,25.081,/home/okamoto/NAS/nasbi/ToriNET/segments/test_samples_results/compoc/xc_797798_comparison.png
xc:570725,compoc,1,4,1.846,0.461,/home/okamoto/NAS/nasbi/ToriNET/segments/test_samples_results/compoc/xc_570725_comparison.png
xc:570725,compoc,2,7,1.297,0.185,/home/okamoto/NAS/nasbi/ToriNET/segments/test_samples_results/compoc/xc_570725_comparison.png
xc:570725,compoc,3,10,7.831,0.783,/home/okamoto/NAS/nasbi/ToriNET/segments/test_samples_results/compoc/xc_570725_comparison.png
xc:570725,compoc,4,4,0.633,0.158,/home/okamoto/NAS/nasbi/ToriNET/segments/test_samples_results/compoc/xc_570725_comparison.png
xc:570725,compoc,5,1,9.578,9.578,/home/okamoto/NAS/nasbi/ToriNET/segments/test_samples_results/compoc/xc_570725_comparison.png
xc:484893,compoc,1,44,5.563,0.126,/home/okamoto/NAS/nasbi/ToriNET/segments/test_samples_results/compoc/xc_484893_comparison.png
xc:484893,compoc,2,49,7.941,0.162,/home/okamoto/NAS/nasbi/ToriNET/segments/test_samples_results/compoc/xc_484893_comparison.png
xc:484893,compoc,3,6,13.205,2.201,/home/okamoto/NAS/nasbi/ToriNET/segments/test_samples_results/compoc/xc_484893_comparison.png
xc:484893,compoc,4,28,2.864,0.102,/home/okamoto/NAS/nasbi/ToriNET/segments/test_samples_results/compoc/xc_484893_comparison.png
xc:484893,compoc,5,1,13.816,13.816,/home/okamoto/NAS/nasbi/ToriNET/segments/test_samples_results/compoc/xc_484893_comparison.png
xc:783964,compoc,1,58,5.068,0.087,/home/okamoto/NAS/nasbi/ToriNET/segments/test_samples_results/compoc/xc_783964_comparison.png
xc:783964,compoc,2,109,11.758,0.108,/home/okamoto/NAS/nasbi/ToriNET/segments/test_samples_results/compoc/xc_783964_comparison.png
xc:783964,compoc,3,29,39.219,1.352,/home/okamoto/NAS/nasbi/ToriNET/segments/test_samples_results/compoc/xc_783964_comparison.png
xc:783964,compoc,4,10,0.348,0.035,/home/okamoto/NAS/nasbi/ToriNET/segments/test_samples_results/compoc/xc_783964_comparison.png
xc:783964,compoc,5,0,0.0,0.0,/home/okamoto/NAS/nasbi/ToriNET/segments/test_samples_results/compoc/xc_783964_comparison.png
xc:994657,compoc,1,42,3.429,0.082,/home/okamoto/NAS/nasbi/ToriNET/segments/test_samples_results/compoc/xc_994657_comparison.png
xc:994657,compoc,2,108,14.797,0.137,/home/okamoto/NAS/nasbi/ToriNET/segments/test_samples_results/compoc/xc_994657_comparison.png
xc:994657,compoc,3,36,33.28,0.924,/home/okamoto/NAS/nasbi/ToriNET/segments/test_samples_results/compoc/xc_994657_comparison.png
xc:994657,compoc,4,24,1.157,0.048,/home/okamoto/NAS/nasbi/ToriNET/segments/test_samples_results/compoc/xc_994657_comparison.png
xc:994657,compoc,5,0,0.0,0.0,/home/okamoto/NAS/nasbi/ToriNET/segments/test_samples_results/compoc/xc_994657_comparison.png
xc:932836,comsan,1,0,0.0,0.0,/home/okamoto/NAS/nasbi/ToriNET/segments/test_samples_results/comsan/xc_932836_comparison.png
xc:932836,comsan,2,1,0.333,0.333,/home/okamoto/NAS/nasbi/ToriNET/segments/test_samples_results/comsan/xc_932836_comparison.png
xc:932836,comsan,3,1,3.064,3.064,/home/okamoto/NAS/nasbi/ToriNET/segments/test_samples_results/comsan/xc_932836_comparison.png
xc:932836,comsan,4,0,0.0,0.0,/home/okamoto/NAS/nasbi/ToriNET/segments/test_samples_results/comsan/xc_932836_comparison.png
xc:932836,comsan,5,1,3.101,3.101,/home/okamoto/NAS/nasbi/ToriNET/segments/test_samples_results/comsan/xc_932836_comparison.png
xc:599571,comsan,1,3,4.127,1.376,/home/okamoto/NAS/nasbi/ToriNET/segments/test_samples_results/comsan/xc_599571_comparison.png
xc:599571,comsan,2,11,4.629,0.421,/home/okamoto/NAS/nasbi/ToriNET/segments/test_samples_results/comsan/xc_599571_comparison.png
xc:599571,comsan,3,7,3.709,0.53,/home/okamoto/NAS/nasbi/ToriNET/segments/test_samples_results/comsan/xc_599571_comparison.png
xc:599571,comsan,4,16,3.349,0.209,/home/okamoto/NAS/nasbi/ToriNET/segments/test_samples_results/comsan/xc_599571_comparison.png
xc:599571,comsan,5,1,7.01,7.01,/home/okamoto/NAS/nasbi/ToriNET/segments/test_samples_results/comsan/xc_599571_comparison.png
xc:743065,comsan,1,15,4.309,0.287,/home/okamoto/NAS/nasbi/ToriNET/segments/test_samples_results/comsan/xc_743065_comparison.png
xc:743065,comsan,2,29,5.285,0.182,/home/okamoto/NAS/nasbi/ToriNET/segments/test_samples_results/comsan/xc_743065_comparison.png
xc:743065,comsan,3,16,19.064,1.192,/home/okamoto/NAS/nasbi/ToriNET/segments/test_samples_results/comsan/xc_743065_comparison.png
xc:743065,comsan,4,7,1.685,0.241,/home/okamoto/NAS/nasbi/ToriNET/segments/test_samples_results/comsan/xc_743065_comparison.png
xc:743065,comsan,5,1,21.213,21.213,/home/okamoto/NAS/nasbi/ToriNET/segments/test_samples_results/comsan/xc_743065_comparison.png
xc:671980,comsan,1,79,14.651,0.185,/home/okamoto/NAS/nasbi/ToriNET/segments/test_samples_results/comsan/xc_671980_comparison.png
xc:671980,comsan,2,71,18.733,0.264,/home/okamoto/NAS/nasbi/ToriNET/segments/test_samples_results/comsan/xc_671980_comparison.png
xc:671980,comsan,3,43,32.099,0.746,/home/okamoto/NAS/nasbi/ToriNET/segments/test_samples_results/comsan/xc_671980_comparison.png
xc:671980,comsan,4,47,3.381,0.072,/home/okamoto/NAS/nasbi/ToriNET/segments/test_samples_results/comsan/xc_671980_comparison.png
xc:671980,comsan,5,0,0.0,0.0,/home/okamoto/NAS/nasbi/ToriNET/segments/test_samples_results/comsan/xc_671980_comparison.png
xc:894340,comsan,1,1,0.453,0.453,/home/okamoto/NAS/nasbi/ToriNET/segments/test_samples_results/comsan/xc_894340_comparison.png
xc:894340,comsan,2,2,0.771,0.385,/home/okamoto/NAS/nasbi/ToriNET/segments/test_samples_results/comsan/xc_894340_comparison.png
xc:894340,comsan,3,4,3.704,0.926,/home/okamoto/NAS/nasbi/ToriNET/segments/test_samples_results/comsan/xc_894340_comparison.png
xc:894340,comsan,4,1,0.453,0.453,/home/okamoto/NAS/nasbi/ToriNET/segments/test_samples_results/comsan/xc_894340_comparison.png
xc:894340,comsan,5,1,4.243,4.243,/home/okamoto/NAS/nasbi/ToriNET/segments/test_samples_results/comsan/xc_894340_comparison.png
xc:113350,daured1,1,47,10.752,0.229,/home/okamoto/NAS/nasbi/ToriNET/segments/test_samples_results/daured1/xc_113350_comparison.png
xc:113350,daured1,2,88,14.816,0.168,/home/okamoto/NAS/nasbi/ToriNET/segments/test_samples_results/daured1/xc_113350_comparison.png
xc:113350,daured1,3,30,34.075,1.136,/home/okamoto/NAS/nasbi/ToriNET/segments/test_samples_results/daured1/xc_113350_comparison.png
xc:113350,daured1,4,40,5.909,0.148,/home/okamoto/NAS/nasbi/ToriNET/segments/test_samples_results/daured1/xc_113350_comparison.png
xc:113350,daured1,5,0,0.0,0.0,/home/okamoto/NAS/nasbi/ToriNET/segments/test_samples_results/daured1/xc_113350_comparison.png
xc:790686,daured1,1,39,2.656,0.068,/home/okamoto/NAS/nasbi/ToriNET/segments/test_samples_results/daured1/xc_790686_comparison.png
xc:790686,daured1,2,101,11.395,0.113,/home/okamoto/NAS/nasbi/ToriNET/segments/test_samples_results/daured1/xc_790686_comparison.png
xc:790686,daured1,3,26,31.693,1.219,/home/okamoto/NAS/nasbi/ToriNET/segments/test_samples_results/daured1/xc_790686_comparison.png
xc:790686,daured1,4,21,1.109,0.053,/home/okamoto/NAS/nasbi/ToriNET/segments/test_samples_results/daured1/xc_790686_comparison.png
xc:790686,daured1,5,2,35.011,17.505,/home/okamoto/NAS/nasbi/ToriNET/segments/test_samples_results/daured1/xc_790686_comparison.png
xc:977650,daured1,1,74,4.496,0.061,/home/okamoto/NAS/nasbi/ToriNET/segments/test_samples_results/daured1/xc_977650_comparison.png
xc:977650,daured1,2,105,7.739,0.074,/home/okamoto/NAS/nasbi/ToriNET/segments/test_samples_results/daured1/xc_977650_comparison.png
xc:977650,daured1,3,26,45.013,1.731,/home/okamoto/NAS/nasbi/ToriNET/segments/test_samples_results/daured1/xc_977650_comparison.png
xc:977650,daured1,4,58,2.443,0.042,/home/okamoto/NAS/nasbi/ToriNET/segments/test_samples_results/daured1/xc_977650_comparison.png
xc:977650,daured1,5,0,0.0,0.0,/home/okamoto/NAS/nasbi/ToriNET/segments/test_samples_results/daured1/xc_977650_comparison.png
xc:835735,daured1,1,16,2.45,0.153,/home/okamoto/NAS/nasbi/ToriNET/segments/test_samples_results/daured1/xc_835735_comparison.png
xc:835735,daured1,2,46,10.075,0.219,/home/okamoto/NAS/nasbi/ToriNET/segments/test_samples_results/daured1/xc_835735_comparison.png
xc:835735,daured1,3,17,17.679,1.04,/home/okamoto/NAS/nasbi/ToriNET/segments/test_samples_results/daured1/xc_835735_comparison.png
xc:835735,daured1,4,10,0.853,0.085,/home/okamoto/NAS/nasbi/ToriNET/segments/test_samples_results/daured1/xc_835735_comparison.png
xc:835735,daured1,5,1,20.152,20.152,/home/okamoto/NAS/nasbi/ToriNET/segments/test_samples_results/daured1/xc_835735_comparison.png
xc:194873,daured1,1,39,5.66,0.145,/home/okamoto/NAS/nasbi/ToriNET/segments/test_samples_results/daured1/xc_194873_comparison.png
xc:194873,daured1,2,97,6.2,0.064,/home/okamoto/NAS/nasbi/ToriNET/segments/test_samples_results/daured1/xc_194873_comparison.png
xc:194873,daured1,3,47,30.511,0.649,/home/okamoto/NAS/nasbi/ToriNET/segments/test_samples_results/daured1/xc_194873_comparison.png
xc:194873,daured1,4,40,4.197,0.105,/home/okamoto/NAS/nasbi/ToriNET/segments/test_samples_results/daured1/xc_194873_comparison.png
xc:194873,daured1,5,0,0.0,0.0,/home/okamoto/NAS/nasbi/ToriNET/segments/test_samples_results/daured1/xc_194873_comparison.png
xc:811955,dusthr2,1,12,2.981,0.248,/home/okamoto/NAS/nasbi/ToriNET/segments/test_samples_results/dusthr2/xc_811955_comparison.png
xc:811955,dusthr2,2,32,4.251,0.133,/home/okamoto/NAS/nasbi/ToriNET/segments/test_samples_results/dusthr2/xc_811955_comparison.png
xc:811955,dusthr2,3,14,16.011,1.144,/home/okamoto/NAS/nasbi/ToriNET/segments/test_samples_results/dusthr2/xc_811955_comparison.png
xc:811955,dusthr2,4,8,1.472,0.184,/home/okamoto/NAS/nasbi/ToriNET/segments/test_samples_results/dusthr2/xc_811955_comparison.png
xc:811955,dusthr2,5,1,17.613,17.613,/home/okamoto/NAS/nasbi/ToriNET/segments/test_samples_results/dusthr2/xc_811955_comparison.png
xc:979887,dusthr2,1,9,0.928,0.103,/home/okamoto/NAS/nasbi/ToriNET/segments/test_samples_results/dusthr2/xc_979887_comparison.png
xc:979887,dusthr2,2,15,1.499,0.1,/home/okamoto/NAS/nasbi/ToriNET/segments/test_samples_results/dusthr2/xc_979887_comparison.png
xc:979887,dusthr2,3,11,20.443,1.858,/home/okamoto/NAS/nasbi/ToriNET/segments/test_samples_results/dusthr2/xc_979887_comparison.png
xc:979887,dusthr2,4,9,0.693,0.077,/home/okamoto/NAS/nasbi/ToriNET/segments/test_samples_results/dusthr2/xc_979887_comparison.png
xc:979887,dusthr2,5,1,21.715,21.715,/home/okamoto/NAS/nasbi/ToriNET/segments/test_samples_results/dusthr2/xc_979887_comparison.png
xc:696346,dusthr2,1,8,1.823,0.228,/home/okamoto/NAS/nasbi/ToriNET/segments/test_samples_results/dusthr2/xc_696346_comparison.png
xc:696346,dusthr2,2,20,2.264,0.113,/home/okamoto/NAS/nasbi/ToriNET/segments/test_samples_results/dusthr2/xc_696346_comparison.png
xc:696346,dusthr2,3,8,9.636,1.205,/home/okamoto/NAS/nasbi/ToriNET/segments/test_samples_results/dusthr2/xc_696346_comparison.png
xc:696346,dusthr2,4,13,0.993,0.076,/home/okamoto/NAS/nasbi/ToriNET/segments/test_samples_results/dusthr2/xc_696346_comparison.png
xc:696346,dusthr2,5,1,10.852,10.852,/home/okamoto/NAS/nasbi/ToriNET/segments/test_samples_results/dusthr2/xc_696346_comparison.png
xc:893034,dusthr2,1,134,30.933,0.231,/home/okamoto/NAS/nasbi/ToriNET/segments/test_samples_results/dusthr2/xc_893034_comparison.png
xc:893034,dusthr2,2,185,24.187,0.131,/home/okamoto/NAS/nasbi/ToriNET/segments/test_samples_results/dusthr2/xc_893034_comparison.png
xc:893034,dusthr2,3,70,75.064,1.072,/home/okamoto/NAS/nasbi/ToriNET/segments/test_samples_results/dusthr2/xc_893034_comparison.png
xc:893034,dusthr2,4,67,6.603,0.099,/home/okamoto/NAS/nasbi/ToriNET/segments/test_samples_results/dusthr2/xc_893034_comparison.png
xc:893034,dusthr2,5,8,39.133,4.892,/home/okamoto/NAS/nasbi/ToriNET/segments/test_samples_results/dusthr2/xc_893034_comparison.png
xc:708761,dusthr2,1,35,6.219,0.178,/home/okamoto/NAS/nasbi/ToriNET/segments/test_samples_results/dusthr2/xc_708761_comparison.png
xc:708761,dusthr2,2,68,7.32,0.108,/home/okamoto/NAS/nasbi/ToriNET/segments/test_samples_results/dusthr2/xc_708761_comparison.png
xc:708761,dusthr2,3,44,44.803,1.018,/home/okamoto/NAS/nasbi/ToriNET/segments/test_samples_results/dusthr2/xc_708761_comparison.png
xc:708761,dusthr2,4,10,1.973,0.197,/home/okamoto/NAS/nasbi/ToriNET/segments/test_samples_results/dusthr2/xc_708761_comparison.png
xc:708761,dusthr2,5,0,0.0,0.0,/home/okamoto/NAS/nasbi/ToriNET/segments/test_samples_results/dusthr2/xc_708761_comparison.png
xc:357835,eurcoo,1,18,3.268,0.182,/home/okamoto/NAS/nasbi/ToriNET/segments/test_samples_results/eurcoo/xc_357835_comparison.png
xc:357835,eurcoo,2,23,3.518,0.153,/home/okamoto/NAS/nasbi/ToriNET/segments/test_samples_results/eurcoo/xc_357835_comparison.png
xc:357835,eurcoo,3,49,48.663,0.993,/home/okamoto/NAS/nasbi/ToriNET/segments/test_samples_results/eurcoo/xc_357835_comparison.png
xc:357835,eurcoo,4,12,1.724,0.144,/home/okamoto/NAS/nasbi/ToriNET/segments/test_samples_results/eurcoo/xc_357835_comparison.png
xc:357835,eurcoo,5,0,0.0,0.0,/home/okamoto/NAS/nasbi/ToriNET/segments/test_samples_results/eurcoo/xc_357835_comparison.png
xc:631503,eurcoo,1,5,1.312,0.262,/home/okamoto/NAS/nasbi/ToriNET/segments/test_samples_results/eurcoo/xc_631503_comparison.png
xc:631503,eurcoo,2,8,1.64,0.205,/home/okamoto/NAS/nasbi/ToriNET/segments/test_samples_results/eurcoo/xc_631503_comparison.png
xc:631503,eurcoo,3,16,25.835,1.615,/home/okamoto/NAS/nasbi/ToriNET/segments/test_samples_results/eurcoo/xc_631503_comparison.png
xc:631503,eurcoo,4,1,0.093,0.093,/home/okamoto/NAS/nasbi/ToriNET/segments/test_samples_results/eurcoo/xc_631503_comparison.png
xc:631503,eurcoo,5,1,27.597,27.597,/home/okamoto/NAS/nasbi/ToriNET/segments/test_samples_results/eurcoo/xc_631503_comparison.png
xc:902431,eurcoo,1,92,13.445,0.146,/home/okamoto/NAS/nasbi/ToriNET/segments/test_samples_results/eurcoo/xc_902431_comparison.png
xc:902431,eurcoo,2,121,15.205,0.126,/home/okamoto/NAS/nasbi/ToriNET/segments/test_samples_results/eurcoo/xc_902431_comparison.png
xc:902431,eurcoo,3,35,40.952,1.17,/home/okamoto/NAS/nasbi/ToriNET/segments/test_samples_results/eurcoo/xc_902431_comparison.png
xc:902431,eurcoo,4,74,6.005,0.081,/home/okamoto/NAS/nasbi/ToriNET/segments/test_samples_results/eurcoo/xc_902431_comparison.png
xc:902431,eurcoo,5,0,0.0,0.0,/home/okamoto/NAS/nasbi/ToriNET/segments/test_samples_results/eurcoo/xc_902431_comparison.png
xc:825928,eurcoo,1,9,2.572,0.286,/home/okamoto/NAS/nasbi/ToriNET/segments/test_samples_results/eurcoo/xc_825928_comparison.png
xc:825928,eurcoo,2,28,2.49,0.089,/home/okamoto/NAS/nasbi/ToriNET/segments/test_samples_results/eurcoo/xc_825928_comparison.png
xc:825928,eurcoo,3,73,50.602,0.693,/home/okamoto/NAS/nasbi/ToriNET/segments/test_samples_results/eurcoo/xc_825928_comparison.png
xc:825928,eurcoo,4,6,1.109,0.185,/home/okamoto/NAS/nasbi/ToriNET/segments/test_samples_results/eurcoo/xc_825928_comparison.png
xc:825928,eurcoo,5,0,0.0,0.0,/home/okamoto/NAS/nasbi/ToriNET/segments/test_samples_results/eurcoo/xc_825928_comparison.png
xc:551713,eurcoo,1,0,0.0,0.0,/home/okamoto/NAS/nasbi/ToriNET/segments/test_samples_results/eurcoo/xc_551713_comparison.png
xc:551713,eurcoo,2,3,0.412,0.137,/home/okamoto/NAS/nasbi/ToriNET/segments/test_samples_results/eurcoo/xc_551713_comparison.png
xc:551713,eurcoo,3,7,6.284,0.898,/home/okamoto/NAS/nasbi/ToriNET/segments/test_samples_results/eurcoo/xc_551713_comparison.png
xc:551713,eurcoo,4,0,0.0,0.0,/home/okamoto/NAS/nasbi/ToriNET/segments/test_samples_results/eurcoo/xc_551713_comparison.png
xc:551713,eurcoo,5,1,7.178,7.178,/home/okamoto/NAS/nasbi/ToriNET/segments/test_samples_results/eurcoo/xc_551713_comparison.png
xc:706792,eurwig,1,1,0.412,0.412,/home/okamoto/NAS/nasbi/ToriNET/segments/test_samples_results/eurwig/xc_706792_comparison.png
xc:706792,eurwig,2,3,0.653,0.218,/home/okamoto/NAS/nasbi/ToriNET/segments/test_samples_results/eurwig/xc_706792_comparison.png
xc:706792,eurwig,3,15,9.555,0.637,/home/okamoto/NAS/nasbi/ToriNET/segments/test_samples_results/eurwig/xc_706792_comparison.png
xc:706792,eurwig,4,1,0.366,0.366,/home/okamoto/NAS/nasbi/ToriNET/segments/test_samples_results/eurwig/xc_706792_comparison.png
xc:706792,eurwig,5,1,11.935,11.935,/home/okamoto/NAS/nasbi/ToriNET/segments/test_samples_results/eurwig/xc_706792_comparison.png
xc:702702,eurwig,1,9,1.103,0.123,/home/okamoto/NAS/nasbi/ToriNET/segments/test_samples_results/eurwig/xc_702702_comparison.png
xc:702702,eurwig,2,14,2.075,0.148,/home/okamoto/NAS/nasbi/ToriNET/segments/test_samples_results/eurwig/xc_702702_comparison.png
xc:702702,eurwig,3,7,9.741,1.392,/home/okamoto/NAS/nasbi/ToriNET/segments/test_samples_results/eurwig/xc_702702_comparison.png
xc:702702,eurwig,4,9,0.76,0.084,/home/okamoto/NAS/nasbi/ToriNET/segments/test_samples_results/eurwig/xc_702702_comparison.png
xc:702702,eurwig,5,1,10.527,10.527,/home/okamoto/NAS/nasbi/ToriNET/segments/test_samples_results/eurwig/xc_702702_comparison.png
xc:894419,eurwig,1,2,0.085,0.043,/home/okamoto/NAS/nasbi/ToriNET/segments/test_samples_results/eurwig/xc_894419_comparison.png
xc:894419,eurwig,2,27,2.539,0.094,/home/okamoto/NAS/nasbi/ToriNET/segments/test_samples_results/eurwig/xc_894419_comparison.png
xc:894419,eurwig,3,13,17.445,1.342,/home/okamoto/NAS/nasbi/ToriNET/segments/test_samples_results/eurwig/xc_894419_comparison.png
xc:894419,eurwig,4,1,0.043,0.043,/home/okamoto/NAS/nasbi/ToriNET/segments/test_samples_results/eurwig/xc_894419_comparison.png
xc:894419,eurwig,5,1,18.984,18.984,/home/okamoto/NAS/nasbi/ToriNET/segments/test_samples_results/eurwig/xc_894419_comparison.png
xc:706795,eurwig,1,2,0.215,0.107,/home/okamoto/NAS/nasbi/ToriNET/segments/test_samples_results/eurwig/xc_706795_comparison.png
xc:706795,eurwig,2,11,1.103,0.1,/home/okamoto/NAS/nasbi/ToriNET/segments/test_samples_results/eurwig/xc_706795_comparison.png
xc:706795,eurwig,3,10,21.328,2.133,/home/okamoto/NAS/nasbi/ToriNET/segments/test_samples_results/eurwig/xc_706795_comparison.png
xc:706795,eurwig,4,1,0.087,0.087,/home/okamoto/NAS/nasbi/ToriNET/segments/test_samples_results/eurwig/xc_706795_comparison.png
xc:706795,eurwig,5,1,22.666,22.666,/home/okamoto/NAS/nasbi/ToriNET/segments/test_samples_results/eurwig/xc_706795_comparison.png
xc:1051756,eurwig,1,4,0.251,0.063,/home/okamoto/NAS/nasbi/ToriNET/segments/test_samples_results/eurwig/xc_1051756_comparison.png
xc:1051756,eurwig,2,8,1.411,0.176,/home/okamoto/NAS/nasbi/ToriNET/segments/test_samples_results/eurwig/xc_1051756_comparison.png
xc:1051756,eurwig,3,28,17.261,0.616,/home/okamoto/NAS/nasbi/ToriNET/segments/test_samples_results/eurwig/xc_1051756_comparison.png
xc:1051756,eurwig,4,0,0.0,0.0,/home/okamoto/NAS/nasbi/ToriNET/segments/test_samples_results/eurwig/xc_1051756_comparison.png
xc:1051756,eurwig,5,1,22.045,22.045,/home/okamoto/NAS/nasbi/ToriNET/segments/test_samples_results/eurwig/xc_1051756_comparison.png
xc:381814,eutspa,1,29,3.568,0.123,/home/okamoto/NAS/nasbi/ToriNET/segments/test_samples_results/eutspa/xc_381814_comparison.png
xc:381814,eutspa,2,54,5.176,0.096,/home/okamoto/NAS/nasbi/ToriNET/segments/test_samples_results/eutspa/xc_381814_comparison.png
xc:381814,eutspa,3,21,29.256,1.393,/home/okamoto/NAS/nasbi/ToriNET/segments/test_samples_results/eutspa/xc_381814_comparison.png
xc:381814,eutspa,4,17,1.76,0.104,/home/okamoto/NAS/nasbi/ToriNET/segments/test_samples_results/eutspa/xc_381814_comparison.png
xc:381814,eutspa,5,0,0.0,0.0,/home/okamoto/NAS/nasbi/ToriNET/segments/test_samples_results/eutspa/xc_381814_comparison.png
xc:936174,eutspa,1,164,20.821,0.127,/home/okamoto/NAS/nasbi/ToriNET/segments/test_samples_results/eutspa/xc_936174_comparison.png
xc:936174,eutspa,2,220,24.443,0.111,/home/okamoto/NAS/nasbi/ToriNET/segments/test_samples_results/eutspa/xc_936174_comparison.png
xc:936174,eutspa,3,65,80.091,1.232,/home/okamoto/NAS/nasbi/ToriNET/segments/test_samples_results/eutspa/xc_936174_comparison.png
xc:936174,eutspa,4,65,8.325,0.128,/home/okamoto/NAS/nasbi/ToriNET/segments/test_samples_results/eutspa/xc_936174_comparison.png
xc:936174,eutspa,5,0,0.0,0.0,/home/okamoto/NAS/nasbi/ToriNET/segments/test_samples_results/eutspa/xc_936174_comparison.png
xc:185713,eutspa,1,136,21.217,0.156,/home/okamoto/NAS/nasbi/ToriNET/segments/test_samples_results/eutspa/xc_185713_comparison.png
xc:185713,eutspa,2,188,26.819,0.143,/home/okamoto/NAS/nasbi/ToriNET/segments/test_samples_results/eutspa/xc_185713_comparison.png
xc:185713,eutspa,3,79,58.947,0.746,/home/okamoto/NAS/nasbi/ToriNET/segments/test_samples_results/eutspa/xc_185713_comparison.png
xc:185713,eutspa,4,31,2.096,0.068,/home/okamoto/NAS/nasbi/ToriNET/segments/test_samples_results/eutspa/xc_185713_comparison.png
xc:185713,eutspa,5,0,0.0,0.0,/home/okamoto/NAS/nasbi/ToriNET/segments/test_samples_results/eutspa/xc_185713_comparison.png
xc:164536,eutspa,1,114,16.032,0.141,/home/okamoto/NAS/nasbi/ToriNET/segments/test_samples_results/eutspa/xc_164536_comparison.png
xc:164536,eutspa,2,194,23.123,0.119,/home/okamoto/NAS/nasbi/ToriNET/segments/test_samples_results/eutspa/xc_164536_comparison.png
xc:164536,eutspa,3,70,86.061,1.229,/home/okamoto/NAS/nasbi/ToriNET/segments/test_samples_results/eutspa/xc_164536_comparison.png
xc:164536,eutspa,4,62,5.888,0.095,/home/okamoto/NAS/nasbi/ToriNET/segments/test_samples_results/eutspa/xc_164536_comparison.png
xc:164536,eutspa,5,0,0.0,0.0,/home/okamoto/NAS/nasbi/ToriNET/segments/test_samples_results/eutspa/xc_164536_comparison.png
xc:341173,eutspa,1,51,10.536,0.207,/home/okamoto/NAS/nasbi/ToriNET/segments/test_samples_results/eutspa/xc_341173_comparison.png
xc:341173,eutspa,2,67,8.406,0.125,/home/okamoto/NAS/nasbi/ToriNET/segments/test_samples_results/eutspa/xc_341173_comparison.png
xc:341173,eutspa,3,29,22.985,0.793,/home/okamoto/NAS/nasbi/ToriNET/segments/test_samples_results/eutspa/xc_341173_comparison.png
xc:341173,eutspa,4,59,5.004,0.085,/home/okamoto/NAS/nasbi/ToriNET/segments/test_samples_results/eutspa/xc_341173_comparison.png
xc:341173,eutspa,5,1,27.092,27.092,/home/okamoto/NAS/nasbi/ToriNET/segments/test_samples_results/eutspa/xc_341173_comparison.png
xc:651967,gadwal,1,75,10.043,0.134,/home/okamoto/NAS/nasbi/ToriNET/segments/test_samples_results/gadwal/xc_651967_comparison.png
xc:651967,gadwal,2,217,21.728,0.1,/home/okamoto/NAS/nasbi/ToriNET/segments/test_samples_results/gadwal/xc_651967_comparison.png
xc:651967,gadwal,3,76,67.956,0.894,/home/okamoto/NAS/nasbi/ToriNET/segments/test_samples_results/gadwal/xc_651967_comparison.png
xc:651967,gadwal,4,23,2.949,0.128,/home/okamoto/NAS/nasbi/ToriNET/segments/test_samples_results/gadwal/xc_651967_comparison.png
xc:651967,gadwal,5,0,0.0,0.0,/home/okamoto/NAS/nasbi/ToriNET/segments/test_samples_results/gadwal/xc_651967_comparison.png
xc:548049,gadwal,1,52,12.417,0.239,/home/okamoto/NAS/nasbi/ToriNET/segments/test_samples_results/gadwal/xc_548049_comparison.png
xc:548049,gadwal,2,67,8.716,0.13,/home/okamoto/NAS/nasbi/ToriNET/segments/test_samples_results/gadwal/xc_548049_comparison.png
xc:548049,gadwal,3,36,15.975,0.444,/home/okamoto/NAS/nasbi/ToriNET/segments/test_samples_results/gadwal/xc_548049_comparison.png
xc:548049,gadwal,4,54,7.541,0.14,/home/okamoto/NAS/nasbi/ToriNET/segments/test_samples_results/gadwal/xc_548049_comparison.png
xc:548049,gadwal,5,1,21.525,21.525,/home/okamoto/NAS/nasbi/ToriNET/segments/test_samples_results/gadwal/xc_548049_comparison.png
xc:963992,gadwal,1,33,5.867,0.178,/home/okamoto/NAS/nasbi/ToriNET/segments/test_samples_results/gadwal/xc_963992_comparison.png
xc:963992,gadwal,2,41,6.645,0.162,/home/okamoto/NAS/nasbi/ToriNET/segments/test_samples_results/gadwal/xc_963992_comparison.png
xc:963992,gadwal,3,11,12.965,1.179,/home/okamoto/NAS/nasbi/ToriNET/segments/test_samples_results/gadwal/xc_963992_comparison.png
xc:963992,gadwal,4,20,3.099,0.155,/home/okamoto/NAS/nasbi/ToriNET/segments/test_samples_results/gadwal/xc_963992_comparison.png
xc:963992,gadwal,5,1,14.725,14.725,/home/okamoto/NAS/nasbi/ToriNET/segments/test_samples_results/gadwal/xc_963992_comparison.png
xc:284792,gadwal,1,15,4.133,0.276,/home/okamoto/NAS/nasbi/ToriNET/segments/test_samples_results/gadwal/xc_284792_comparison.png
xc:284792,gadwal,2,18,4.395,0.244,/home/okamoto/NAS/nasbi/ToriNET/segments/test_samples_results/gadwal/xc_284792_comparison.png
xc:284792,gadwal,3,13,7.501,0.577,/home/okamoto/NAS/nasbi/ToriNET/segments/test_samples_results/gadwal/xc_284792_comparison.png
xc:284792,gadwal,4,15,3.131,0.209,/home/okamoto/NAS/nasbi/ToriNET/segments/test_samples_results/gadwal/xc_284792_comparison.png
xc:284792,gadwal,5,1,9.195,9.195,/home/okamoto/NAS/nasbi/ToriNET/segments/test_samples_results/gadwal/xc_284792_comparison.png
xc:1021736,gadwal,1,12,1.683,0.14,/home/okamoto/NAS/nasbi/ToriNET/segments/test_samples_results/gadwal/xc_1021736_comparison.png
xc:1021736,gadwal,2,16,1.602,0.1,/home/okamoto/NAS/nasbi/ToriNET/segments/test_samples_results/gadwal/xc_1021736_comparison.png
xc:1021736,gadwal,3,6,5.602,0.934,/home/okamoto/NAS/nasbi/ToriNET/segments/test_samples_results/gadwal/xc_1021736_comparison.png
xc:1021736,gadwal,4,12,0.975,0.081,/home/okamoto/NAS/nasbi/ToriNET/segments/test_samples_results/gadwal/xc_1021736_comparison.png
xc:1021736,gadwal,5,1,6.876,6.876,/home/okamoto/NAS/nasbi/ToriNET/segments/test_samples_results/gadwal/xc_1021736_comparison.png
xc:977018,gnwtea,1,8,1.216,0.152,/home/okamoto/NAS/nasbi/ToriNET/segments/test_samples_results/gnwtea/xc_977018_comparison.png
xc:977018,gnwtea,2,7,1.208,0.173,/home/okamoto/NAS/nasbi/ToriNET/segments/test_samples_results/gnwtea/xc_977018_comparison.png
xc:977018,gnwtea,3,7,2.06,0.294,/home/okamoto/NAS/nasbi/ToriNET/segments/test_samples_results/gnwtea/xc_977018_comparison.png
xc:977018,gnwtea,4,5,0.984,0.197,/home/okamoto/NAS/nasbi/ToriNET/segments/test_samples_results/gnwtea/xc_977018_comparison.png
xc:977018,gnwtea,5,1,3.016,3.016,/home/okamoto/NAS/nasbi/ToriNET/segments/test_samples_results/gnwtea/xc_977018_comparison.png
xc:533237,gnwtea,1,75,8.719,0.116,/home/okamoto/NAS/nasbi/ToriNET/segments/test_samples_results/gnwtea/xc_533237_comparison.png
xc:533237,gnwtea,2,138,14.17,0.103,/home/okamoto/NAS/nasbi/ToriNET/segments/test_samples_results/gnwtea/xc_533237_comparison.png
xc:533237,gnwtea,3,71,53.136,0.748,/home/okamoto/NAS/nasbi/ToriNET/segments/test_samples_results/gnwtea/xc_533237_comparison.png
xc:533237,gnwtea,4,46,4.11,0.089,/home/okamoto/NAS/nasbi/ToriNET/segments/test_samples_results/gnwtea/xc_533237_comparison.png
xc:533237,gnwtea,5,0,0.0,0.0,/home/okamoto/NAS/nasbi/ToriNET/segments/test_samples_results/gnwtea/xc_533237_comparison.png
xc:280945,gnwtea,1,36,11.018,0.306,/home/okamoto/NAS/nasbi/ToriNET/segments/test_samples_results/gnwtea/xc_280945_comparison.png
xc:280945,gnwtea,2,55,11.32,0.206,/home/okamoto/NAS/nasbi/ToriNET/segments/test_samples_results/gnwtea/xc_280945_comparison.png
xc:280945,gnwtea,3,30,25.469,0.849,/home/okamoto/NAS/nasbi/ToriNET/segments/test_samples_results/gnwtea/xc_280945_comparison.png
xc:280945,gnwtea,4,30,6.763,0.225,/home/okamoto/NAS/nasbi/ToriNET/segments/test_samples_results/gnwtea/xc_280945_comparison.png
xc:280945,gnwtea,5,0,0.0,0.0,/home/okamoto/NAS/nasbi/ToriNET/segments/test_samples_results/gnwtea/xc_280945_comparison.png
xc:774518,gnwtea,1,2,0.151,0.075,/home/okamoto/NAS/nasbi/ToriNET/segments/test_samples_results/gnwtea/xc_774518_comparison.png
xc:774518,gnwtea,2,10,1.161,0.116,/home/okamoto/NAS/nasbi/ToriNET/segments/test_samples_results/gnwtea/xc_774518_comparison.png
xc:774518,gnwtea,3,8,9.854,1.232,/home/okamoto/NAS/nasbi/ToriNET/segments/test_samples_results/gnwtea/xc_774518_comparison.png
xc:774518,gnwtea,4,0,0.0,0.0,/home/okamoto/NAS/nasbi/ToriNET/segments/test_samples_results/gnwtea/xc_774518_comparison.png
xc:774518,gnwtea,5,1,10.983,10.983,/home/okamoto/NAS/nasbi/ToriNET/segments/test_samples_results/gnwtea/xc_774518_comparison.png
xc:309109,gnwtea,1,58,13.729,0.237,/home/okamoto/NAS/nasbi/ToriNET/segments/test_samples_results/gnwtea/xc_309109_comparison.png
xc:309109,gnwtea,2,58,13.398,0.231,/home/okamoto/NAS/nasbi/ToriNET/segments/test_samples_results/gnwtea/xc_309109_comparison.png
xc:309109,gnwtea,3,22,17.894,0.813,/home/okamoto/NAS/nasbi/ToriNET/segments/test_samples_results/gnwtea/xc_309109_comparison.png
xc:309109,gnwtea,4,57,6.327,0.111,/home/okamoto/NAS/nasbi/ToriNET/segments/test_samples_results/gnwtea/xc_309109_comparison.png
xc:309109,gnwtea,5,1,20.457,20.457,/home/okamoto/NAS/nasbi/ToriNET/segments/test_samples_results/gnwtea/xc_309109_comparison.png
xc:941740,graher1,1,11,1.493,0.136,/home/okamoto/NAS/nasbi/ToriNET/segments/test_samples_results/graher1/xc_941740_comparison.png
xc:941740,graher1,2,18,1.971,0.109,/home/okamoto/NAS/nasbi/ToriNET/segments/test_samples_results/graher1/xc_941740_comparison.png
xc:941740,graher1,3,9,10.032,1.115,/home/okamoto/NAS/nasbi/ToriNET/segments/test_samples_results/graher1/xc_941740_comparison.png
xc:941740,graher1,4,5,0.699,0.14,/home/okamoto/NAS/nasbi/ToriNET/segments/test_samples_results/graher1/xc_941740_comparison.png
xc:941740,graher1,5,1,10.803,10.803,/home/okamoto/NAS/nasbi/ToriNET/segments/test_samples_results/graher1/xc_941740_comparison.png
xc:1027522,graher1,1,2,0.244,0.122,/home/okamoto/NAS/nasbi/ToriNET/segments/test_samples_results/graher1/xc_1027522_comparison.png
xc:1027522,graher1,2,3,0.682,0.227,/home/okamoto/NAS/nasbi/ToriNET/segments/test_samples_results/graher1/xc_1027522_comparison.png
xc:1027522,graher1,3,4,6.104,1.526,/home/okamoto/NAS/nasbi/ToriNET/segments/test_samples_results/graher1/xc_1027522_comparison.png
xc:1027522,graher1,4,0,0.0,0.0,/home/okamoto/NAS/nasbi/ToriNET/segments/test_samples_results/graher1/xc_1027522_comparison.png
xc:1027522,graher1,5,1,6.371,6.371,/home/okamoto/NAS/nasbi/ToriNET/segments/test_samples_results/graher1/xc_1027522_comparison.png
xc:988147,graher1,1,4,0.264,0.066,/home/okamoto/NAS/nasbi/ToriNET/segments/test_samples_results/graher1/xc_988147_comparison.png
xc:988147,graher1,2,5,1.097,0.219,/home/okamoto/NAS/nasbi/ToriNET/segments/test_samples_results/graher1/xc_988147_comparison.png
xc:988147,graher1,3,2,8.403,4.201,/home/okamoto/NAS/nasbi/ToriNET/segments/test_samples_results/graher1/xc_988147_comparison.png
xc:988147,graher1,4,1,0.112,0.112,/home/okamoto/NAS/nasbi/ToriNET/segments/test_samples_results/graher1/xc_988147_comparison.png
xc:988147,graher1,5,1,8.587,8.587,/home/okamoto/NAS/nasbi/ToriNET/segments/test_samples_results/graher1/xc_988147_comparison.png
xc:760232,graher1,1,4,2.038,0.509,/home/okamoto/NAS/nasbi/ToriNET/segments/test_samples_results/graher1/xc_760232_comparison.png
xc:760232,graher1,2,8,1.669,0.209,/home/okamoto/NAS/nasbi/ToriNET/segments/test_samples_results/graher1/xc_760232_comparison.png
xc:760232,graher1,3,13,12.597,0.969,/home/okamoto/NAS/nasbi/ToriNET/segments/test_samples_results/graher1/xc_760232_comparison.png
xc:760232,graher1,4,4,1.236,0.309,/home/okamoto/NAS/nasbi/ToriNET/segments/test_samples_results/graher1/xc_760232_comparison.png
xc:760232,graher1,5,1,13.842,13.842,/home/okamoto/NAS/nasbi/ToriNET/segments/test_samples_results/graher1/xc_760232_comparison.png
xc:781315,graher1,1,20,3.738,0.187,/home/okamoto/NAS/nasbi/ToriNET/segments/test_samples_results/graher1/xc_781315_comparison.png
xc:781315,graher1,2,25,3.024,0.121,/home/okamoto/NAS/nasbi/ToriNET/segments/test_samples_results/graher1/xc_781315_comparison.png
xc:781315,graher1,3,27,15.914,0.589,/home/okamoto/NAS/nasbi/ToriNET/segments/test_samples_results/graher1/xc_781315_comparison.png
xc:781315,graher1,4,13,1.631,0.125,/home/okamoto/NAS/nasbi/ToriNET/segments/test_samples_results/graher1/xc_781315_comparison.png
xc:781315,graher1,5,1,19.339,19.339,/home/okamoto/NAS/nasbi/ToriNET/segments/test_samples_results/graher1/xc_781315_comparison.png
xc:473226,grcgre1,1,9,4.128,0.459,/home/okamoto/NAS/nasbi/ToriNET/segments/test_samples_results/grcgre1/xc_473226_comparison.png
xc:473226,grcgre1,2,11,2.779,0.253,/home/okamoto/NAS/nasbi/ToriNET/segments/test_samples_results/grcgre1/xc_473226_comparison.png
xc:473226,grcgre1,3,10,8.973,0.897,/home/okamoto/NAS/nasbi/ToriNET/segments/test_samples_results/grcgre1/xc_473226_comparison.png
xc:473226,grcgre1,4,8,2.096,0.262,/home/okamoto/NAS/nasbi/ToriNET/segments/test_samples_results/grcgre1/xc_473226_comparison.png
xc:473226,grcgre1,5,1,10.581,10.581,/home/okamoto/NAS/nasbi/ToriNET/segments/test_samples_results/grcgre1/xc_473226_comparison.png
xc:252268,grcgre1,1,47,12.487,0.266,/home/okamoto/NAS/nasbi/ToriNET/segments/test_samples_results/grcgre1/xc_252268_comparison.png
xc:252268,grcgre1,2,62,8.864,0.143,/home/okamoto/NAS/nasbi/ToriNET/segments/test_samples_results/grcgre1/xc_252268_comparison.png
xc:252268,grcgre1,3,13,16.042,1.234,/home/okamoto/NAS/nasbi/ToriNET/segments/test_samples_results/grcgre1/xc_252268_comparison.png
xc:252268,grcgre1,4,50,7.732,0.155,/home/okamoto/NAS/nasbi/ToriNET/segments/test_samples_results/grcgre1/xc_252268_comparison.png
xc:252268,grcgre1,5,1,18.001,18.001,/home/okamoto/NAS/nasbi/ToriNET/segments/test_samples_results/grcgre1/xc_252268_comparison.png
xc:636568,grcgre1,1,80,15.377,0.192,/home/okamoto/NAS/nasbi/ToriNET/segments/test_samples_results/grcgre1/xc_636568_comparison.png
xc:636568,grcgre1,2,107,20.5,0.192,/home/okamoto/NAS/nasbi/ToriNET/segments/test_samples_results/grcgre1/xc_636568_comparison.png
xc:636568,grcgre1,3,29,32.81,1.131,/home/okamoto/NAS/nasbi/ToriNET/segments/test_samples_results/grcgre1/xc_636568_comparison.png
xc:636568,grcgre1,4,54,3.373,0.062,/home/okamoto/NAS/nasbi/ToriNET/segments/test_samples_results/grcgre1/xc_636568_comparison.png
xc:636568,grcgre1,5,0,0.0,0.0,/home/okamoto/NAS/nasbi/ToriNET/segments/test_samples_results/grcgre1/xc_636568_comparison.png
xc:462953,grcgre1,1,15,1.817,0.121,/home/okamoto/NAS/nasbi/ToriNET/segments/test_samples_results/grcgre1/xc_462953_comparison.png
xc:462953,grcgre1,2,20,1.997,0.1,/home/okamoto/NAS/nasbi/ToriNET/segments/test_samples_results/grcgre1/xc_462953_comparison.png
xc:462953,grcgre1,3,11,6.922,0.629,/home/okamoto/NAS/nasbi/ToriNET/segments/test_samples_results/grcgre1/xc_462953_comparison.png
xc:462953,grcgre1,4,13,1.457,0.112,/home/okamoto/NAS/nasbi/ToriNET/segments/test_samples_results/grcgre1/xc_462953_comparison.png
xc:462953,grcgre1,5,1,8.722,8.722,/home/okamoto/NAS/nasbi/ToriNET/segments/test_samples_results/grcgre1/xc_462953_comparison.png
xc:897021,grcgre1,1,9,2.728,0.303,/home/okamoto/NAS/nasbi/ToriNET/segments/test_samples_results/grcgre1/xc_897021_comparison.png
xc:897021,grcgre1,2,13,4.534,0.349,/home/okamoto/NAS/nasbi/ToriNET/segments/test_samples_results/grcgre1/xc_897021_comparison.png
xc:897021,grcgre1,3,5,6.969,1.394,/home/okamoto/NAS/nasbi/ToriNET/segments/test_samples_results/grcgre1/xc_897021_comparison.png
xc:897021,grcgre1,4,16,1.265,0.079,/home/okamoto/NAS/nasbi/ToriNET/segments/test_samples_results/grcgre1/xc_897021_comparison.png
xc:897021,grcgre1,5,1,8.052,8.052,/home/okamoto/NAS/nasbi/ToriNET/segments/test_samples_results/grcgre1/xc_897021_comparison.png
xc:839104,grecor,1,23,1.947,0.085,/home/okamoto/NAS/nasbi/ToriNET/segments/test_samples_results/grecor/xc_839104_comparison.png
xc:839104,grecor,2,22,1.667,0.076,/home/okamoto/NAS/nasbi/ToriNET/segments/test_samples_results/grecor/xc_839104_comparison.png
xc:839104,grecor,3,6,7.155,1.192,/home/okamoto/NAS/nasbi/ToriNET/segments/test_samples_results/grecor/xc_839104_comparison.png
xc:839104,grecor,4,22,1.205,0.055,/home/okamoto/NAS/nasbi/ToriNET/segments/test_samples_results/grecor/xc_839104_comparison.png
xc:839104,grecor,5,1,7.699,7.699,/home/okamoto/NAS/nasbi/ToriNET/segments/test_samples_results/grecor/xc_839104_comparison.png
xc:987714,grecor,1,24,1.861,0.078,/home/okamoto/NAS/nasbi/ToriNET/segments/test_samples_results/grecor/xc_987714_comparison.png
xc:987714,grecor,2,74,10.757,0.145,/home/okamoto/NAS/nasbi/ToriNET/segments/test_samples_results/grecor/xc_987714_comparison.png
xc:987714,grecor,3,30,23.947,0.798,/home/okamoto/NAS/nasbi/ToriNET/segments/test_samples_results/grecor/xc_987714_comparison.png
xc:987714,grecor,4,1,0.021,0.021,/home/okamoto/NAS/nasbi/ToriNET/segments/test_samples_results/grecor/xc_987714_comparison.png
xc:987714,grecor,5,1,28.488,28.488,/home/okamoto/NAS/nasbi/ToriNET/segments/test_samples_results/grecor/xc_987714_comparison.png
xc:448710,grecor,1,19,2.709,0.143,/home/okamoto/NAS/nasbi/ToriNET/segments/test_samples_results/grecor/xc_448710_comparison.png
xc:448710,grecor,2,36,3.728,0.104,/home/okamoto/NAS/nasbi/ToriNET/segments/test_samples_results/grecor/xc_448710_comparison.png
xc:448710,grecor,3,14,10.995,0.785,/home/okamoto/NAS/nasbi/ToriNET/segments/test_samples_results/grecor/xc_448710_comparison.png
xc:448710,grecor,4,9,1.12,0.124,/home/okamoto/NAS/nasbi/ToriNET/segments/test_samples_results/grecor/xc_448710_comparison.png
xc:448710,grecor,5,1,13.491,13.491,/home/okamoto/NAS/nasbi/ToriNET/segments/test_samples_results/grecor/xc_448710_comparison.png
xc:308865,grecor,1,276,49.6,0.18,/home/okamoto/NAS/nasbi/ToriNET/segments/test_samples_results/grecor/xc_308865_comparison.png
xc:308865,grecor,2,375,70.723,0.189,/home/okamoto/NAS/nasbi/ToriNET/segments/test_samples_results/grecor/xc_308865_comparison.png
xc:308865,grecor,3,108,114.299,1.058,/home/okamoto/NAS/nasbi/ToriNET/segments/test_samples_results/grecor/xc_308865_comparison.png
xc:308865,grecor,4,191,18.816,0.099,/home/okamoto/NAS/nasbi/ToriNET/segments/test_samples_results/grecor/xc_308865_comparison.png
xc:308865,grecor,5,0,0.0,0.0,/home/okamoto/NAS/nasbi/ToriNET/segments/test_samples_results/grecor/xc_308865_comparison.png
xc:372106,grecor,1,317,45.436,0.143,/home/okamoto/NAS/nasbi/ToriNET/segments/test_samples_results/grecor/xc_372106_comparison.png
xc:372106,grecor,2,419,69.349,0.166,/home/okamoto/NAS/nasbi/ToriNET/segments/test_samples_results/grecor/xc_372106_comparison.png
xc:372106,grecor,3,116,107.357,0.925,/home/okamoto/NAS/nasbi/ToriNET/segments/test_samples_results/grecor/xc_372106_comparison.png
xc:372106,grecor,4,191,14.205,0.074,/home/okamoto/NAS/nasbi/ToriNET/segments/test_samples_results/grecor/xc_372106_comparison.png
xc:372106,grecor,5,0,0.0,0.0,/home/okamoto/NAS/nasbi/ToriNET/segments/test_samples_results/grecor/xc_372106_comparison.png
xc:561777,greegr,1,3,1.463,0.488,/home/okamoto/NAS/nasbi/ToriNET/segments/test_samples_results/greegr/xc_561777_comparison.png
xc:561777,greegr,2,11,1.689,0.154,/home/okamoto/NAS/nasbi/ToriNET/segments/test_samples_results/greegr/xc_561777_comparison.png
xc:561777,greegr,3,8,5.402,0.675,/home/okamoto/NAS/nasbi/ToriNET/segments/test_samples_results/greegr/xc_561777_comparison.png
xc:561777,greegr,4,3,1.486,0.495,/home/okamoto/NAS/nasbi/ToriNET/segments/test_samples_results/greegr/xc_561777_comparison.png
xc:561777,greegr,5,1,7.166,7.166,/home/okamoto/NAS/nasbi/ToriNET/segments/test_samples_results/greegr/xc_561777_comparison.png
xc:161280,greegr,1,225,49.755,0.221,/home/okamoto/NAS/nasbi/ToriNET/segments/test_samples_results/greegr/xc_161280_comparison.png
xc:161280,greegr,2,321,42.008,0.131,/home/okamoto/NAS/nasbi/ToriNET/segments/test_samples_results/greegr/xc_161280_comparison.png
xc:161280,greegr,3,127,95.096,0.749,/home/okamoto/NAS/nasbi/ToriNET/segments/test_samples_results/greegr/xc_161280_comparison.png
xc:161280,greegr,4,135,27.445,0.203,/home/okamoto/NAS/nasbi/ToriNET/segments/test_samples_results/greegr/xc_161280_comparison.png
xc:161280,greegr,5,0,0.0,0.0,/home/okamoto/NAS/nasbi/ToriNET/segments/test_samples_results/greegr/xc_161280_comparison.png
xc:454182,greegr,1,22,8.824,0.401,/home/okamoto/NAS/nasbi/ToriNET/segments/test_samples_results/greegr/xc_454182_comparison.png
xc:454182,greegr,2,23,4.127,0.179,/home/okamoto/NAS/nasbi/ToriNET/segments/test_samples_results/greegr/xc_454182_comparison.png
xc:454182,greegr,3,20,7.442,0.372,/home/okamoto/NAS/nasbi/ToriNET/segments/test_samples_results/greegr/xc_454182_comparison.png
xc:454182,greegr,4,11,5.074,0.461,/home/okamoto/NAS/nasbi/ToriNET/segments/test_samples_results/greegr/xc_454182_comparison.png
xc:454182,greegr,5,1,16.956,16.956,/home/okamoto/NAS/nasbi/ToriNET/segments/test_samples_results/greegr/xc_454182_comparison.png
xc:1005363,greegr,1,13,3.077,0.237,/home/okamoto/NAS/nasbi/ToriNET/segments/test_samples_results/greegr/xc_1005363_comparison.png
xc:1005363,greegr,2,18,2.789,0.155,/home/okamoto/NAS/nasbi/ToriNET/segments/test_samples_results/greegr/xc_1005363_comparison.png
xc:1005363,greegr,3,4,9.117,2.279,/home/okamoto/NAS/nasbi/ToriNET/segments/test_samples_results/greegr/xc_1005363_comparison.png
xc:1005363,greegr,4,7,0.853,0.122,/home/okamoto/NAS/nasbi/ToriNET/segments/test_samples_results/greegr/xc_1005363_comparison.png
xc:1005363,greegr,5,1,9.507,9.507,/home/okamoto/NAS/nasbi/ToriNET/segments/test_samples_results/greegr/xc_1005363_comparison.png
xc:285219,greegr,1,17,6.246,0.367,/home/okamoto/NAS/nasbi/ToriNET/segments/test_samples_results/greegr/xc_285219_comparison.png
xc:285219,greegr,2,17,5.007,0.295,/home/okamoto/NAS/nasbi/ToriNET/segments/test_samples_results/greegr/xc_285219_comparison.png
xc:285219,greegr,3,8,10.342,1.293,/home/okamoto/NAS/nasbi/ToriNET/segments/test_samples_results/greegr/xc_285219_comparison.png
xc:285219,greegr,4,14,4.574,0.327,/home/okamoto/NAS/nasbi/ToriNET/segments/test_samples_results/greegr/xc_285219_comparison.png
xc:285219,greegr,5,1,11.505,11.505,/home/okamoto/NAS/nasbi/ToriNET/segments/test_samples_results/greegr/xc_285219_comparison.png
xc:386848,grywag,1,12,1.195,0.1,/home/okamoto/NAS/nasbi/ToriNET/segments/test_samples_results/grywag/xc_386848_comparison.png
xc:386848,grywag,2,28,2.448,0.087,/home/okamoto/NAS/nasbi/ToriNET/segments/test_samples_results/grywag/xc_386848_comparison.png
xc:386848,grywag,3,14,11.323,0.809,/home/okamoto/NAS/nasbi/ToriNET/segments/test_samples_results/grywag/xc_386848_comparison.png
xc:386848,grywag,4,8,0.464,0.058,/home/okamoto/NAS/nasbi/ToriNET/segments/test_samples_results/grywag/xc_386848_comparison.png
xc:386848,grywag,5,1,13.179,13.179,/home/okamoto/NAS/nasbi/ToriNET/segments/test_samples_results/grywag/xc_386848_comparison.png
xc:432286,grywag,1,18,2.531,0.141,/home/okamoto/NAS/nasbi/ToriNET/segments/test_samples_results/grywag/xc_432286_comparison.png
xc:432286,grywag,2,124,13.694,0.11,/home/okamoto/NAS/nasbi/ToriNET/segments/test_samples_results/grywag/xc_432286_comparison.png
xc:432286,grywag,3,45,46.071,1.024,/home/okamoto/NAS/nasbi/ToriNET/segments/test_samples_results/grywag/xc_432286_comparison.png
xc:432286,grywag,4,11,1.614,0.147,/home/okamoto/NAS/nasbi/ToriNET/segments/test_samples_results/grywag/xc_432286_comparison.png
xc:432286,grywag,5,0,0.0,0.0,/home/okamoto/NAS/nasbi/ToriNET/segments/test_samples_results/grywag/xc_432286_comparison.png
xc:485891,grywag,1,14,4.309,0.308,/home/okamoto/NAS/nasbi/ToriNET/segments/test_samples_results/grywag/xc_485891_comparison.png
xc:485891,grywag,2,23,3.472,0.151,/home/okamoto/NAS/nasbi/ToriNET/segments/test_samples_results/grywag/xc_485891_comparison.png
xc:485891,grywag,3,24,16.229,0.676,/home/okamoto/NAS/nasbi/ToriNET/segments/test_samples_results/grywag/xc_485891_comparison.png
xc:485891,grywag,4,17,2.224,0.131,/home/okamoto/NAS/nasbi/ToriNET/segments/test_samples_results/grywag/xc_485891_comparison.png
xc:485891,grywag,5,1,19.456,19.456,/home/okamoto/NAS/nasbi/ToriNET/segments/test_samples_results/grywag/xc_485891_comparison.png
xc:324350,grywag,1,7,5.397,0.771,/home/okamoto/NAS/nasbi/ToriNET/segments/test_samples_results/grywag/xc_324350_comparison.png
xc:324350,grywag,2,142,17.941,0.126,/home/okamoto/NAS/nasbi/ToriNET/segments/test_samples_results/grywag/xc_324350_comparison.png
xc:324350,grywag,3,28,35.949,1.284,/home/okamoto/NAS/nasbi/ToriNET/segments/test_samples_results/grywag/xc_324350_comparison.png
xc:324350,grywag,4,16,3.723,0.233,/home/okamoto/NAS/nasbi/ToriNET/segments/test_samples_results/grywag/xc_324350_comparison.png
xc:324350,grywag,5,0,0.0,0.0,/home/okamoto/NAS/nasbi/ToriNET/segments/test_samples_results/grywag/xc_324350_comparison.png
xc:767548,grywag,1,5,1.173,0.235,/home/okamoto/NAS/nasbi/ToriNET/segments/test_samples_results/grywag/xc_767548_comparison.png
xc:767548,grywag,2,39,2.963,0.076,/home/okamoto/NAS/nasbi/ToriNET/segments/test_samples_results/grywag/xc_767548_comparison.png
xc:767548,grywag,3,21,20.918,0.996,/home/okamoto/NAS/nasbi/ToriNET/segments/test_samples_results/grywag/xc_767548_comparison.png
xc:767548,grywag,4,4,0.342,0.086,/home/okamoto/NAS/nasbi/ToriNET/segments/test_samples_results/grywag/xc_767548_comparison.png
xc:767548,grywag,5,1,23.844,23.844,/home/okamoto/NAS/nasbi/ToriNET/segments/test_samples_results/grywag/xc_767548_comparison.png
xc:285821,jabwar,1,39,6.623,0.17,/home/okamoto/NAS/nasbi/ToriNET/segments/test_samples_results/jabwar/xc_285821_comparison.png
xc:285821,jabwar,2,47,6.49,0.138,/home/okamoto/NAS/nasbi/ToriNET/segments/test_samples_results/jabwar/xc_285821_comparison.png
xc:285821,jabwar,3,20,14.109,0.705,/home/okamoto/NAS/nasbi/ToriNET/segments/test_samples_results/jabwar/xc_285821_comparison.png
xc:285821,jabwar,4,37,2.514,0.068,/home/okamoto/NAS/nasbi/ToriNET/segments/test_samples_results/jabwar/xc_285821_comparison.png
xc:285821,jabwar,5,1,15.99,15.99,/home/okamoto/NAS/nasbi/ToriNET/segments/test_samples_results/jabwar/xc_285821_comparison.png
xc:697521,jabwar,1,9,3.367,0.374,/home/okamoto/NAS/nasbi/ToriNET/segments/test_samples_results/jabwar/xc_697521_comparison.png
xc:697521,jabwar,2,28,4.885,0.174,/home/okamoto/NAS/nasbi/ToriNET/segments/test_samples_results/jabwar/xc_697521_comparison.png
xc:697521,jabwar,3,14,16.21,1.158,/home/okamoto/NAS/nasbi/ToriNET/segments/test_samples_results/jabwar/xc_697521_comparison.png
xc:697521,jabwar,4,4,1.486,0.372,/home/okamoto/NAS/nasbi/ToriNET/segments/test_samples_results/jabwar/xc_697521_comparison.png
xc:697521,jabwar,5,1,18.442,18.442,/home/okamoto/NAS/nasbi/ToriNET/segments/test_samples_results/jabwar/xc_697521_comparison.png
xc:410204,jabwar,1,2,0.232,0.116,/home/okamoto/NAS/nasbi/ToriNET/segments/test_samples_results/jabwar/xc_410204_comparison.png
xc:410204,jabwar,2,2,0.32,0.16,/home/okamoto/NAS/nasbi/ToriNET/segments/test_samples_results/jabwar/xc_410204_comparison.png
xc:410204,jabwar,3,1,0.612,0.612,/home/okamoto/NAS/nasbi/ToriNET/segments/test_samples_results/jabwar/xc_410204_comparison.png
xc:410204,jabwar,4,2,0.296,0.148,/home/okamoto/NAS/nasbi/ToriNET/segments/test_samples_results/jabwar/xc_410204_comparison.png
xc:410204,jabwar,5,1,1.036,1.036,/home/okamoto/NAS/nasbi/ToriNET/segments/test_samples_results/jabwar/xc_410204_comparison.png
xc:27362,jabwar,1,27,5.724,0.212,/home/okamoto/NAS/nasbi/ToriNET/segments/test_samples_results/jabwar/xc_27362_comparison.png
xc:27362,jabwar,2,51,7.515,0.147,/home/okamoto/NAS/nasbi/ToriNET/segments/test_samples_results/jabwar/xc_27362_comparison.png
xc:27362,jabwar,3,37,29.78,0.805,/home/okamoto/NAS/nasbi/ToriNET/segments/test_samples_results/jabwar/xc_27362_comparison.png
xc:27362,jabwar,4,15,1.637,0.109,/home/okamoto/NAS/nasbi/ToriNET/segments/test_samples_results/jabwar/xc_27362_comparison.png
xc:27362,jabwar,5,0,0.0,0.0,/home/okamoto/NAS/nasbi/ToriNET/segments/test_samples_results/jabwar/xc_27362_comparison.png
xc:34404,jabwar,1,32,6.983,0.218,/home/okamoto/NAS/nasbi/ToriNET/segments/test_samples_results/jabwar/xc_34404_comparison.png
xc:34404,jabwar,2,54,8.722,0.162,/home/okamoto/NAS/nasbi/ToriNET/segments/test_samples_results/jabwar/xc_34404_comparison.png
xc:34404,jabwar,3,29,21.267,0.733,/home/okamoto/NAS/nasbi/ToriNET/segments/test_samples_results/jabwar/xc_34404_comparison.png
xc:34404,jabwar,4,14,2.218,0.158,/home/okamoto/NAS/nasbi/ToriNET/segments/test_samples_results/jabwar/xc_34404_comparison.png
xc:34404,jabwar,5,1,25.707,25.707,/home/okamoto/NAS/nasbi/ToriNET/segments/test_samples_results/jabwar/xc_34404_comparison.png
xc:294783,japwag1,1,4,0.342,0.086,/home/okamoto/NAS/nasbi/ToriNET/segments/test_samples_results/japwag1/xc_294783_comparison.png
xc:294783,japwag1,2,2,0.369,0.184,/home/okamoto/NAS/nasbi/ToriNET/segments/test_samples_results/japwag1/xc_294783_comparison.png
xc:294783,japwag1,3,2,0.705,0.353,/home/okamoto/NAS/nasbi/ToriNET/segments/test_samples_results/japwag1/xc_294783_comparison.png
xc:294783,japwag1,4,2,0.081,0.041,/home/okamoto/NAS/nasbi/ToriNET/segments/test_samples_results/japwag1/xc_294783_comparison.png
xc:294783,japwag1,5,1,1.054,1.054,/home/okamoto/NAS/nasbi/ToriNET/segments/test_samples_results/japwag1/xc_294783_comparison.png
xc:527476,japwag1,1,12,1.457,0.121,/home/okamoto/NAS/nasbi/ToriNET/segments/test_samples_results/japwag1/xc_527476_comparison.png
xc:527476,japwag1,2,15,2.406,0.16,/home/okamoto/NAS/nasbi/ToriNET/segments/test_samples_results/japwag1/xc_527476_comparison.png
xc:527476,japwag1,3,12,6.29,0.524,/home/okamoto/NAS/nasbi/ToriNET/segments/test_samples_results/japwag1/xc_527476_comparison.png
xc:527476,japwag1,4,7,0.575,0.082,/home/okamoto/NAS/nasbi/ToriNET/segments/test_samples_results/japwag1/xc_527476_comparison.png
xc:527476,japwag1,5,1,7.816,7.816,/home/okamoto/NAS/nasbi/ToriNET/segments/test_samples_results/japwag1/xc_527476_comparison.png
xc:841046,japwag1,1,29,3.456,0.119,/home/okamoto/NAS/nasbi/ToriNET/segments/test_samples_results/japwag1/xc_841046_comparison.png
xc:841046,japwag1,2,39,9.592,0.246,/home/okamoto/NAS/nasbi/ToriNET/segments/test_samples_results/japwag1/xc_841046_comparison.png
xc:841046,japwag1,3,19,24.144,1.271,/home/okamoto/NAS/nasbi/ToriNET/segments/test_samples_results/japwag1/xc_841046_comparison.png
xc:841046,japwag1,4,27,2.091,0.077,/home/okamoto/NAS/nasbi/ToriNET/segments/test_samples_results/japwag1/xc_841046_comparison.png
xc:841046,japwag1,5,1,27.376,27.376,/home/okamoto/NAS/nasbi/ToriNET/segments/test_samples_results/japwag1/xc_841046_comparison.png
xc:532311,japwag1,1,4,1.933,0.483,/home/okamoto/NAS/nasbi/ToriNET/segments/test_samples_results/japwag1/xc_532311_comparison.png
xc:532311,japwag1,2,5,2.206,0.441,/home/okamoto/NAS/nasbi/ToriNET/segments/test_samples_results/japwag1/xc_532311_comparison.png
xc:532311,japwag1,3,14,20.024,1.43,/home/okamoto/NAS/nasbi/ToriNET/segments/test_samples_results/japwag1/xc_532311_comparison.png
xc:532311,japwag1,4,5,1.683,0.337,/home/okamoto/NAS/nasbi/ToriNET/segments/test_samples_results/japwag1/xc_532311_comparison.png
xc:532311,japwag1,5,1,21.56,21.56,/home/okamoto/NAS/nasbi/ToriNET/segments/test_samples_results/japwag1/xc_532311_comparison.png
xc:704676,japwag1,1,32,3.355,0.105,/home/okamoto/NAS/nasbi/ToriNET/segments/test_samples_results/japwag1/xc_704676_comparison.png
xc:704676,japwag1,2,36,4.026,0.112,/home/okamoto/NAS/nasbi/ToriNET/segments/test_samples_results/japwag1/xc_704676_comparison.png
xc:704676,japwag1,3,14,13.453,0.961,/home/okamoto/NAS/nasbi/ToriNET/segments/test_samples_results/japwag1/xc_704676_comparison.png
xc:704676,japwag1,4,24,1.852,0.077,/home/okamoto/NAS/nasbi/ToriNET/segments/test_samples_results/japwag1/xc_704676_comparison.png
xc:704676,japwag1,5,1,15.258,15.258,/home/okamoto/NAS/nasbi/ToriNET/segments/test_samples_results/japwag1/xc_704676_comparison.png
xc:811530,labcro1,1,58,20.927,0.361,/home/okamoto/NAS/nasbi/ToriNET/segments/test_samples_results/labcro1/xc_811530_comparison.png
xc:811530,labcro1,2,69,19.296,0.28,/home/okamoto/NAS/nasbi/ToriNET/segments/test_samples_results/labcro1/xc_811530_comparison.png
xc:811530,labcro1,3,39,26.099,0.669,/home/okamoto/NAS/nasbi/ToriNET/segments/test_samples_results/labcro1/xc_811530_comparison.png
xc:811530,labcro1,4,25,8.034,0.321,/home/okamoto/NAS/nasbi/ToriNET/segments/test_samples_results/labcro1/xc_811530_comparison.png
xc:811530,labcro1,5,0,0.0,0.0,/home/okamoto/NAS/nasbi/ToriNET/segments/test_samples_results/labcro1/xc_811530_comparison.png
xc:824065,labcro1,1,60,24.741,0.412,/home/okamoto/NAS/nasbi/ToriNET/segments/test_samples_results/labcro1/xc_824065_comparison.png
xc:824065,labcro1,2,192,30.581,0.159,/home/okamoto/NAS/nasbi/ToriNET/segments/test_samples_results/labcro1/xc_824065_comparison.png
xc:824065,labcro1,3,121,93.984,0.777,/home/okamoto/NAS/nasbi/ToriNET/segments/test_samples_results/labcro1/xc_824065_comparison.png
xc:824065,labcro1,4,15,4.171,0.278,/home/okamoto/NAS/nasbi/ToriNET/segments/test_samples_results/labcro1/xc_824065_comparison.png
xc:824065,labcro1,5,3,55.64,18.547,/home/okamoto/NAS/nasbi/ToriNET/segments/test_samples_results/labcro1/xc_824065_comparison.png
xc:350538,labcro1,1,18,10.524,0.585,/home/okamoto/NAS/nasbi/ToriNET/segments/test_samples_results/labcro1/xc_350538_comparison.png
xc:350538,labcro1,2,35,9.166,0.262,/home/okamoto/NAS/nasbi/ToriNET/segments/test_samples_results/labcro1/xc_350538_comparison.png
xc:350538,labcro1,3,23,14.875,0.647,/home/okamoto/NAS/nasbi/ToriNET/segments/test_samples_results/labcro1/xc_350538_comparison.png
xc:350538,labcro1,4,31,6.577,0.212,/home/okamoto/NAS/nasbi/ToriNET/segments/test_samples_results/labcro1/xc_350538_comparison.png
xc:350538,labcro1,5,2,21.127,10.564,/home/okamoto/NAS/nasbi/ToriNET/segments/test_samples_results/labcro1/xc_350538_comparison.png
xc:307471,labcro1,1,14,3.728,0.266,/home/okamoto/NAS/nasbi/ToriNET/segments/test_samples_results/labcro1/xc_307471_comparison.png
xc:307471,labcro1,2,14,2.264,0.162,/home/okamoto/NAS/nasbi/ToriNET/segments/test_samples_results/labcro1/xc_307471_comparison.png
xc:307471,labcro1,3,7,6.096,0.871,/home/okamoto/NAS/nasbi/ToriNET/segments/test_samples_results/labcro1/xc_307471_comparison.png
xc:307471,labcro1,4,12,1.312,0.109,/home/okamoto/NAS/nasbi/ToriNET/segments/test_samples_results/labcro1/xc_307471_comparison.png
xc:307471,labcro1,5,1,6.589,6.589,/home/okamoto/NAS/nasbi/ToriNET/segments/test_samples_results/labcro1/xc_307471_comparison.png
xc:811821,labcro1,1,59,19.673,0.333,/home/okamoto/NAS/nasbi/ToriNET/segments/test_samples_results/labcro1/xc_811821_comparison.png
xc:811821,labcro1,2,112,17.607,0.157,/home/okamoto/NAS/nasbi/ToriNET/segments/test_samples_results/labcro1/xc_811821_comparison.png
xc:811821,labcro1,3,147,181.885,1.237,/home/okamoto/NAS/nasbi/ToriNET/segments/test_samples_results/labcro1/xc_811821_comparison.png
xc:811821,labcro1,4,58,14.646,0.253,/home/okamoto/NAS/nasbi/ToriNET/segments/test_samples_results/labcro1/xc_811821_comparison.png
xc:811821,labcro1,5,0,0.0,0.0,/home/okamoto/NAS/nasbi/ToriNET/segments/test_samples_results/labcro1/xc_811821_comparison.png
xc:481452,litegr,1,6,2.537,0.423,/home/okamoto/NAS/nasbi/ToriNET/segments/test_samples_results/litegr/xc_481452_comparison.png
xc:481452,litegr,2,8,1.808,0.226,/home/okamoto/NAS/nasbi/ToriNET/segments/test_samples_results/litegr/xc_481452_comparison.png
xc:481452,litegr,3,7,4.754,0.679,/home/okamoto/NAS/nasbi/ToriNET/segments/test_samples_results/litegr/xc_481452_comparison.png
xc:481452,litegr,4,5,1.509,0.302,/home/okamoto/NAS/nasbi/ToriNET/segments/test_samples_results/litegr/xc_481452_comparison.png
xc:481452,litegr,5,1,5.288,5.288,/home/okamoto/NAS/nasbi/ToriNET/segments/test_samples_results/litegr/xc_481452_comparison.png
xc:779145,litegr,1,7,3.371,0.482,/home/okamoto/NAS/nasbi/ToriNET/segments/test_samples_results/litegr/xc_779145_comparison.png
xc:779145,litegr,2,16,3.115,0.195,/home/okamoto/NAS/nasbi/ToriNET/segments/test_samples_results/litegr/xc_779145_comparison.png
xc:779145,litegr,3,17,17.821,1.048,/home/okamoto/NAS/nasbi/ToriNET/segments/test_samples_results/litegr/xc_779145_comparison.png
xc:779145,litegr,4,7,2.523,0.36,/home/okamoto/NAS/nasbi/ToriNET/segments/test_samples_results/litegr/xc_779145_comparison.png
xc:779145,litegr,5,1,20.597,20.597,/home/okamoto/NAS/nasbi/ToriNET/segments/test_samples_results/litegr/xc_779145_comparison.png
xc:333966,litegr,1,53,13.148,0.248,/home/okamoto/NAS/nasbi/ToriNET/segments/test_samples_results/litegr/xc_333966_comparison.png
xc:333966,litegr,2,102,16.19,0.159,/home/okamoto/NAS/nasbi/ToriNET/segments/test_samples_results/litegr/xc_333966_comparison.png
xc:333966,litegr,3,29,34.978,1.206,/home/okamoto/NAS/nasbi/ToriNET/segments/test_samples_results/litegr/xc_333966_comparison.png
xc:333966,litegr,4,25,7.628,0.305,/home/okamoto/NAS/nasbi/ToriNET/segments/test_samples_results/litegr/xc_333966_comparison.png
xc:333966,litegr,5,0,0.0,0.0,/home/okamoto/NAS/nasbi/ToriNET/segments/test_samples_results/litegr/xc_333966_comparison.png
xc:748297,litegr,1,15,2.891,0.193,/home/okamoto/NAS/nasbi/ToriNET/segments/test_samples_results/litegr/xc_748297_comparison.png
xc:748297,litegr,2,29,3.692,0.127,/home/okamoto/NAS/nasbi/ToriNET/segments/test_samples_results/litegr/xc_748297_comparison.png
xc:748297,litegr,3,26,20.535,0.79,/home/okamoto/NAS/nasbi/ToriNET/segments/test_samples_results/litegr/xc_748297_comparison.png
xc:748297,litegr,4,8,0.813,0.102,/home/okamoto/NAS/nasbi/ToriNET/segments/test_samples_results/litegr/xc_748297_comparison.png
xc:748297,litegr,5,1,24.094,24.094,/home/okamoto/NAS/nasbi/ToriNET/segments/test_samples_results/litegr/xc_748297_comparison.png
xc:333874,litegr,1,47,7.459,0.159,/home/okamoto/NAS/nasbi/ToriNET/segments/test_samples_results/litegr/xc_333874_comparison.png
xc:333874,litegr,2,66,8.33,0.126,/home/okamoto/NAS/nasbi/ToriNET/segments/test_samples_results/litegr/xc_333874_comparison.png
xc:333874,litegr,3,21,21.777,1.037,/home/okamoto/NAS/nasbi/ToriNET/segments/test_samples_results/litegr/xc_333874_comparison.png
xc:333874,litegr,4,27,3.855,0.143,/home/okamoto/NAS/nasbi/ToriNET/segments/test_samples_results/litegr/xc_333874_comparison.png
xc:333874,litegr,5,1,24.584,24.584,/home/okamoto/NAS/nasbi/ToriNET/segments/test_samples_results/litegr/xc_333874_comparison.png
xc:804879,litgre1,1,9,0.946,0.105,/home/okamoto/NAS/nasbi/ToriNET/segments/test_samples_results/litgre1/xc_804879_comparison.png
xc:804879,litgre1,2,17,1.286,0.076,/home/okamoto/NAS/nasbi/ToriNET/segments/test_samples_results/litgre1/xc_804879_comparison.png
xc:804879,litgre1,3,6,7.425,1.237,/home/okamoto/NAS/nasbi/ToriNET/segments/test_samples_results/litgre1/xc_804879_comparison.png
xc:804879,litgre1,4,7,0.76,0.109,/home/okamoto/NAS/nasbi/ToriNET/segments/test_samples_results/litgre1/xc_804879_comparison.png
xc:804879,litgre1,5,1,8.525,8.525,/home/okamoto/NAS/nasbi/ToriNET/segments/test_samples_results/litgre1/xc_804879_comparison.png
xc:900716,litgre1,1,1,0.035,0.035,/home/okamoto/NAS/nasbi/ToriNET/segments/test_samples_results/litgre1/xc_900716_comparison.png
xc:900716,litgre1,2,7,0.543,0.078,/home/okamoto/NAS/nasbi/ToriNET/segments/test_samples_results/litgre1/xc_900716_comparison.png
xc:900716,litgre1,3,10,12.124,1.212,/home/okamoto/NAS/nasbi/ToriNET/segments/test_samples_results/litgre1/xc_900716_comparison.png
xc:900716,litgre1,4,0,0.0,0.0,/home/okamoto/NAS/nasbi/ToriNET/segments/test_samples_results/litgre1/xc_900716_comparison.png
xc:900716,litgre1,5,1,13.453,13.453,/home/okamoto/NAS/nasbi/ToriNET/segments/test_samples_results/litgre1/xc_900716_comparison.png
xc:380340,litgre1,1,24,4.789,0.2,/home/okamoto/NAS/nasbi/ToriNET/segments/test_samples_results/litgre1/xc_380340_comparison.png
xc:380340,litgre1,2,119,12.35,0.104,/home/okamoto/NAS/nasbi/ToriNET/segments/test_samples_results/litgre1/xc_380340_comparison.png
xc:380340,litgre1,3,34,46.916,1.38,/home/okamoto/NAS/nasbi/ToriNET/segments/test_samples_results/litgre1/xc_380340_comparison.png
xc:380340,litgre1,4,0,0.0,0.0,/home/okamoto/NAS/nasbi/ToriNET/segments/test_samples_results/litgre1/xc_380340_comparison.png
xc:380340,litgre1,5,0,0.0,0.0,/home/okamoto/NAS/nasbi/ToriNET/segments/test_samples_results/litgre1/xc_380340_comparison.png
xc:827756,litgre1,1,5,1.225,0.245,/home/okamoto/NAS/nasbi/ToriNET/segments/test_samples_results/litgre1/xc_827756_comparison.png
xc:827756,litgre1,2,7,0.821,0.117,/home/okamoto/NAS/nasbi/ToriNET/segments/test_samples_results/litgre1/xc_827756_comparison.png
xc:827756,litgre1,3,5,4.592,0.918,/home/okamoto/NAS/nasbi/ToriNET/segments/test_samples_results/litgre1/xc_827756_comparison.png
xc:827756,litgre1,4,3,0.232,0.077,/home/okamoto/NAS/nasbi/ToriNET/segments/test_samples_results/litgre1/xc_827756_comparison.png
xc:827756,litgre1,5,1,5.146,5.146,/home/okamoto/NAS/nasbi/ToriNET/segments/test_samples_results/litgre1/xc_827756_comparison.png
xc:923292,litgre1,1,1,0.197,0.197,/home/okamoto/NAS/nasbi/ToriNET/segments/test_samples_results/litgre1/xc_923292_comparison.png
xc:923292,litgre1,2,2,0.572,0.286,/home/okamoto/NAS/nasbi/ToriNET/segments/test_samples_results/litgre1/xc_923292_comparison.png
xc:923292,litgre1,3,3,2.194,0.731,/home/okamoto/NAS/nasbi/ToriNET/segments/test_samples_results/litgre1/xc_923292_comparison.png
xc:923292,litgre1,4,1,0.099,0.099,/home/okamoto/NAS/nasbi/ToriNET/segments/test_samples_results/litgre1/xc_923292_comparison.png
xc:923292,litgre1,5,1,2.545,2.545,/home/okamoto/NAS/nasbi/ToriNET/segments/test_samples_results/litgre1/xc_923292_comparison.png
xc:463643,lottit1,1,134,22.21,0.166,/home/okamoto/NAS/nasbi/ToriNET/segments/test_samples_results/lottit1/xc_463643_comparison.png
xc:463643,lottit1,2,147,24.041,0.164,/home/okamoto/NAS/nasbi/ToriNET/segments/test_samples_results/lottit1/xc_463643_comparison.png
xc:463643,lottit1,3,57,39.367,0.691,/home/okamoto/NAS/nasbi/ToriNET/segments/test_samples_results/lottit1/xc_463643_comparison.png
xc:463643,lottit1,4,112,9.752,0.087,/home/okamoto/NAS/nasbi/ToriNET/segments/test_samples_results/lottit1/xc_463643_comparison.png
xc:463643,lottit1,5,0,0.0,0.0,/home/okamoto/NAS/nasbi/ToriNET/segments/test_samples_results/lottit1/xc_463643_comparison.png
xc:354434,lottit1,1,56,8.533,0.152,/home/okamoto/NAS/nasbi/ToriNET/segments/test_samples_results/lottit1/xc_354434_comparison.png
xc:354434,lottit1,2,71,8.292,0.117,/home/okamoto/NAS/nasbi/ToriNET/segments/test_samples_results/lottit1/xc_354434_comparison.png
xc:354434,lottit1,3,48,38.766,0.808,/home/okamoto/NAS/nasbi/ToriNET/segments/test_samples_results/lottit1/xc_354434_comparison.png
xc:354434,lottit1,4,27,2.676,0.099,/home/okamoto/NAS/nasbi/ToriNET/segments/test_samples_results/lottit1/xc_354434_comparison.png
xc:354434,lottit1,5,0,0.0,0.0,/home/okamoto/NAS/nasbi/ToriNET/segments/test_samples_results/lottit1/xc_354434_comparison.png
xc:759683,lottit1,1,135,28.311,0.21,/home/okamoto/NAS/nasbi/ToriNET/segments/test_samples_results/lottit1/xc_759683_comparison.png
xc:759683,lottit1,2,202,24.166,0.12,/home/okamoto/NAS/nasbi/ToriNET/segments/test_samples_results/lottit1/xc_759683_comparison.png
xc:759683,lottit1,3,99,70.426,0.711,/home/okamoto/NAS/nasbi/ToriNET/segments/test_samples_results/lottit1/xc_759683_comparison.png
xc:759683,lottit1,4,54,8.528,0.158,/home/okamoto/NAS/nasbi/ToriNET/segments/test_samples_results/lottit1/xc_759683_comparison.png
xc:759683,lottit1,5,0,0.0,0.0,/home/okamoto/NAS/nasbi/ToriNET/segments/test_samples_results/lottit1/xc_759683_comparison.png
xc:708449,lottit1,1,92,14.139,0.154,/home/okamoto/NAS/nasbi/ToriNET/segments/test_samples_results/lottit1/xc_708449_comparison.png
xc:708449,lottit1,2,133,16.611,0.125,/home/okamoto/NAS/nasbi/ToriNET/segments/test_samples_results/lottit1/xc_708449_comparison.png
xc:708449,lottit1,3,42,45.883,1.092,/home/okamoto/NAS/nasbi/ToriNET/segments/test_samples_results/lottit1/xc_708449_comparison.png
xc:708449,lottit1,4,73,8.555,0.117,/home/okamoto/NAS/nasbi/ToriNET/segments/test_samples_results/lottit1/xc_708449_comparison.png
xc:708449,lottit1,5,0,0.0,0.0,/home/okamoto/NAS/nasbi/ToriNET/segments/test_samples_results/lottit1/xc_708449_comparison.png
xc:502966,lottit1,1,19,4.587,0.241,/home/okamoto/NAS/nasbi/ToriNET/segments/test_samples_results/lottit1/xc_502966_comparison.png
xc:502966,lottit1,2,29,4.504,0.155,/home/okamoto/NAS/nasbi/ToriNET/segments/test_samples_results/lottit1/xc_502966_comparison.png
xc:502966,lottit1,3,24,18.211,0.759,/home/okamoto/NAS/nasbi/ToriNET/segments/test_samples_results/lottit1/xc_502966_comparison.png
xc:502966,lottit1,4,11,1.856,0.169,/home/okamoto/NAS/nasbi/ToriNET/segments/test_samples_results/lottit1/xc_502966_comparison.png
xc:502966,lottit1,5,1,22.003,22.003,/home/okamoto/NAS/nasbi/ToriNET/segments/test_samples_results/lottit1/xc_502966_comparison.png
xc:846028,mallar3,1,21,4.117,0.196,/home/okamoto/NAS/nasbi/ToriNET/segments/test_samples_results/mallar3/xc_846028_comparison.png
xc:846028,mallar3,2,24,3.333,0.139,/home/okamoto/NAS/nasbi/ToriNET/segments/test_samples_results/mallar3/xc_846028_comparison.png
xc:846028,mallar3,3,24,13.173,0.549,/home/okamoto/NAS/nasbi/ToriNET/segments/test_samples_results/mallar3/xc_846028_comparison.png
xc:846028,mallar3,4,19,2.949,0.155,/home/okamoto/NAS/nasbi/ToriNET/segments/test_samples_results/mallar3/xc_846028_comparison.png
xc:846028,mallar3,5,1,17.021,17.021,/home/okamoto/NAS/nasbi/ToriNET/segments/test_samples_results/mallar3/xc_846028_comparison.png
xc:779764,mallar3,1,21,3.968,0.189,/home/okamoto/NAS/nasbi/ToriNET/segments/test_samples_results/mallar3/xc_779764_comparison.png
xc:779764,mallar3,2,30,3.027,0.101,/home/okamoto/NAS/nasbi/ToriNET/segments/test_samples_results/mallar3/xc_779764_comparison.png
xc:779764,mallar3,3,15,23.088,1.539,/home/okamoto/NAS/nasbi/ToriNET/segments/test_samples_results/mallar3/xc_779764_comparison.png
xc:779764,mallar3,4,21,2.688,0.128,/home/okamoto/NAS/nasbi/ToriNET/segments/test_samples_results/mallar3/xc_779764_comparison.png
xc:779764,mallar3,5,1,24.885,24.885,/home/okamoto/NAS/nasbi/ToriNET/segments/test_samples_results/mallar3/xc_779764_comparison.png
xc:630299,mallar3,1,0,0.0,0.0,/home/okamoto/NAS/nasbi/ToriNET/segments/test_samples_results/mallar3/xc_630299_comparison.png
xc:630299,mallar3,2,5,0.778,0.156,/home/okamoto/NAS/nasbi/ToriNET/segments/test_samples_results/mallar3/xc_630299_comparison.png
xc:630299,mallar3,3,4,3.692,0.923,/home/okamoto/NAS/nasbi/ToriNET/segments/test_samples_results/mallar3/xc_630299_comparison.png
xc:630299,mallar3,4,0,0.0,0.0,/home/okamoto/NAS/nasbi/ToriNET/segments/test_samples_results/mallar3/xc_630299_comparison.png
xc:630299,mallar3,5,1,4.31,4.31,/home/okamoto/NAS/nasbi/ToriNET/segments/test_samples_results/mallar3/xc_630299_comparison.png
xc:879568,mallar3,1,18,3.332,0.185,/home/okamoto/NAS/nasbi/ToriNET/segments/test_samples_results/mallar3/xc_879568_comparison.png
xc:879568,mallar3,2,21,3.248,0.155,/home/okamoto/NAS/nasbi/ToriNET/segments/test_samples_results/mallar3/xc_879568_comparison.png
xc:879568,mallar3,3,14,5.207,0.372,/home/okamoto/NAS/nasbi/ToriNET/segments/test_samples_results/mallar3/xc_879568_comparison.png
xc:879568,mallar3,4,7,1.672,0.239,/home/okamoto/NAS/nasbi/ToriNET/segments/test_samples_results/mallar3/xc_879568_comparison.png
xc:879568,mallar3,5,1,7.976,7.976,/home/okamoto/NAS/nasbi/ToriNET/segments/test_samples_results/mallar3/xc_879568_comparison.png
xc:631555,mallar3,1,21,7.854,0.374,/home/okamoto/NAS/nasbi/ToriNET/segments/test_samples_results/mallar3/xc_631555_comparison.png
xc:631555,mallar3,2,24,5.611,0.234,/home/okamoto/NAS/nasbi/ToriNET/segments/test_samples_results/mallar3/xc_631555_comparison.png
xc:631555,mallar3,3,25,15.496,0.62,/home/okamoto/NAS/nasbi/ToriNET/segments/test_samples_results/mallar3/xc_631555_comparison.png
xc:631555,mallar3,4,20,5.7,0.285,/home/okamoto/NAS/nasbi/ToriNET/segments/test_samples_results/mallar3/xc_631555_comparison.png
xc:631555,mallar3,5,1,19.307,19.307,/home/okamoto/NAS/nasbi/ToriNET/segments/test_samples_results/mallar3/xc_631555_comparison.png
xc:23968,meabun1,1,84,19.998,0.238,/home/okamoto/NAS/nasbi/ToriNET/segments/test_samples_results/meabun1/xc_23968_comparison.png
xc:23968,meabun1,2,122,25.423,0.208,/home/okamoto/NAS/nasbi/ToriNET/segments/test_samples_results/meabun1/xc_23968_comparison.png
xc:23968,meabun1,3,47,36.029,0.767,/home/okamoto/NAS/nasbi/ToriNET/segments/test_samples_results/meabun1/xc_23968_comparison.png
xc:23968,meabun1,4,55,8.301,0.151,/home/okamoto/NAS/nasbi/ToriNET/segments/test_samples_results/meabun1/xc_23968_comparison.png
xc:23968,meabun1,5,1,14.449,14.449,/home/okamoto/NAS/nasbi/ToriNET/segments/test_samples_results/meabun1/xc_23968_comparison.png
xc:491232,meabun1,1,20,2.705,0.135,/home/okamoto/NAS/nasbi/ToriNET/segments/test_samples_results/meabun1/xc_491232_comparison.png
xc:491232,meabun1,2,39,4.775,0.122,/home/okamoto/NAS/nasbi/ToriNET/segments/test_samples_results/meabun1/xc_491232_comparison.png
xc:491232,meabun1,3,20,18.376,0.919,/home/okamoto/NAS/nasbi/ToriNET/segments/test_samples_results/meabun1/xc_491232_comparison.png
xc:491232,meabun1,4,20,1.556,0.078,/home/okamoto/NAS/nasbi/ToriNET/segments/test_samples_results/meabun1/xc_491232_comparison.png
xc:491232,meabun1,5,1,21.58,21.58,/home/okamoto/NAS/nasbi/ToriNET/segments/test_samples_results/meabun1/xc_491232_comparison.png
xc:1018429,meabun1,1,81,14.687,0.181,/home/okamoto/NAS/nasbi/ToriNET/segments/test_samples_results/meabun1/xc_1018429_comparison.png
xc:1018429,meabun1,2,160,30.064,0.188,/home/okamoto/NAS/nasbi/ToriNET/segments/test_samples_results/meabun1/xc_1018429_comparison.png
xc:1018429,meabun1,3,42,49.557,1.18,/home/okamoto/NAS/nasbi/ToriNET/segments/test_samples_results/meabun1/xc_1018429_comparison.png
xc:1018429,meabun1,4,52,7.529,0.145,/home/okamoto/NAS/nasbi/ToriNET/segments/test_samples_results/meabun1/xc_1018429_comparison.png
xc:1018429,meabun1,5,0,0.0,0.0,/home/okamoto/NAS/nasbi/ToriNET/segments/test_samples_results/meabun1/xc_1018429_comparison.png
xc:282181,meabun1,1,10,6.078,0.608,/home/okamoto/NAS/nasbi/ToriNET/segments/test_samples_results/meabun1/xc_282181_comparison.png
xc:282181,meabun1,2,33,7.938,0.241,/home/okamoto/NAS/nasbi/ToriNET/segments/test_samples_results/meabun1/xc_282181_comparison.png
xc:282181,meabun1,3,22,19.989,0.909,/home/okamoto/NAS/nasbi/ToriNET/segments/test_samples_results/meabun1/xc_282181_comparison.png
xc:282181,meabun1,4,33,3.187,0.097,/home/okamoto/NAS/nasbi/ToriNET/segments/test_samples_results/meabun1/xc_282181_comparison.png
xc:282181,meabun1,5,1,23.043,23.043,/home/okamoto/NAS/nasbi/ToriNET/segments/test_samples_results/meabun1/xc_282181_comparison.png
xc:626398,meabun1,1,43,3.072,0.071,/home/okamoto/NAS/nasbi/ToriNET/segments/test_samples_results/meabun1/xc_626398_comparison.png
xc:626398,meabun1,2,71,4.781,0.067,/home/okamoto/NAS/nasbi/ToriNET/segments/test_samples_results/meabun1/xc_626398_comparison.png
xc:626398,meabun1,3,24,46.032,1.918,/home/okamoto/NAS/nasbi/ToriNET/segments/test_samples_results/meabun1/xc_626398_comparison.png
xc:626398,meabun1,4,46,1.813,0.039,/home/okamoto/NAS/nasbi/ToriNET/segments/test_samples_results/meabun1/xc_626398_comparison.png
xc:626398,meabun1,5,0,0.0,0.0,/home/okamoto/NAS/nasbi/ToriNET/segments/test_samples_results/meabun1/xc_626398_comparison.png
xc:733153,norpin,1,18,1.625,0.09,/home/okamoto/NAS/nasbi/ToriNET/segments/test_samples_results/norpin/xc_733153_comparison.png
xc:733153,norpin,2,63,6.51,0.103,/home/okamoto/NAS/nasbi/ToriNET/segments/test_samples_results/norpin/xc_733153_comparison.png
xc:733153,norpin,3,29,32.81,1.131,/home/okamoto/NAS/nasbi/ToriNET/segments/test_samples_results/norpin/xc_733153_comparison.png
xc:733153,norpin,4,7,0.575,0.082,/home/okamoto/NAS/nasbi/ToriNET/segments/test_samples_results/norpin/xc_733153_comparison.png
xc:733153,norpin,5,0,0.0,0.0,/home/okamoto/NAS/nasbi/ToriNET/segments/test_samples_results/norpin/xc_733153_comparison.png
xc:972654,norpin,1,12,0.778,0.065,/home/okamoto/NAS/nasbi/ToriNET/segments/test_samples_results/norpin/xc_972654_comparison.png
xc:972654,norpin,2,48,6.792,0.141,/home/okamoto/NAS/nasbi/ToriNET/segments/test_samples_results/norpin/xc_972654_comparison.png
xc:972654,norpin,3,19,29.527,1.554,/home/okamoto/NAS/nasbi/ToriNET/segments/test_samples_results/norpin/xc_972654_comparison.png
xc:972654,norpin,4,0,0.0,0.0,/home/okamoto/NAS/nasbi/ToriNET/segments/test_samples_results/norpin/xc_972654_comparison.png
xc:972654,norpin,5,0,0.0,0.0,/home/okamoto/NAS/nasbi/ToriNET/segments/test_samples_results/norpin/xc_972654_comparison.png
xc:971856,norpin,1,4,0.163,0.041,/home/okamoto/NAS/nasbi/ToriNET/segments/test_samples_results/norpin/xc_971856_comparison.png
xc:971856,norpin,2,19,3.199,0.168,/home/okamoto/NAS/nasbi/ToriNET/segments/test_samples_results/norpin/xc_971856_comparison.png
xc:971856,norpin,3,12,10.658,0.888,/home/okamoto/NAS/nasbi/ToriNET/segments/test_samples_results/norpin/xc_971856_comparison.png
xc:971856,norpin,4,5,0.203,0.041,/home/okamoto/NAS/nasbi/ToriNET/segments/test_samples_results/norpin/xc_971856_comparison.png
xc:971856,norpin,5,1,12.649,12.649,/home/okamoto/NAS/nasbi/ToriNET/segments/test_samples_results/norpin/xc_971856_comparison.png
xc:615278,norpin,1,24,3.467,0.144,/home/okamoto/NAS/nasbi/ToriNET/segments/test_samples_results/norpin/xc_615278_comparison.png
xc:615278,norpin,2,27,3.232,0.12,/home/okamoto/NAS/nasbi/ToriNET/segments/test_samples_results/norpin/xc_615278_comparison.png
xc:615278,norpin,3,10,8.821,0.882,/home/okamoto/NAS/nasbi/ToriNET/segments/test_samples_results/norpin/xc_615278_comparison.png
xc:615278,norpin,4,18,1.685,0.094,/home/okamoto/NAS/nasbi/ToriNET/segments/test_samples_results/norpin/xc_615278_comparison.png
xc:615278,norpin,5,1,9.853,9.853,/home/okamoto/NAS/nasbi/ToriNET/segments/test_samples_results/norpin/xc_615278_comparison.png
xc:463194,norpin,1,15,2.444,0.163,/home/okamoto/NAS/nasbi/ToriNET/segments/test_samples_results/norpin/xc_463194_comparison.png
xc:463194,norpin,2,10,2.244,0.224,/home/okamoto/NAS/nasbi/ToriNET/segments/test_samples_results/norpin/xc_463194_comparison.png
xc:463194,norpin,3,6,4.926,0.821,/home/okamoto/NAS/nasbi/ToriNET/segments/test_samples_results/norpin/xc_463194_comparison.png
xc:463194,norpin,4,18,1.115,0.062,/home/okamoto/NAS/nasbi/ToriNET/segments/test_samples_results/norpin/xc_463194_comparison.png
xc:463194,norpin,5,1,5.788,5.788,/home/okamoto/NAS/nasbi/ToriNET/segments/test_samples_results/norpin/xc_463194_comparison.png
xc:974364,norsho,1,1,0.032,0.032,/home/okamoto/NAS/nasbi/ToriNET/segments/test_samples_results/norsho/xc_974364_comparison.png
xc:974364,norsho,2,3,0.32,0.107,/home/okamoto/NAS/nasbi/ToriNET/segments/test_samples_results/norsho/xc_974364_comparison.png
xc:974364,norsho,3,16,8.12,0.508,/home/okamoto/NAS/nasbi/ToriNET/segments/test_samples_results/norsho/xc_974364_comparison.png
xc:974364,norsho,4,0,0.0,0.0,/home/okamoto/NAS/nasbi/ToriNET/segments/test_samples_results/norsho/xc_974364_comparison.png
xc:974364,norsho,5,1,10.656,10.656,/home/okamoto/NAS/nasbi/ToriNET/segments/test_samples_results/norsho/xc_974364_comparison.png
xc:712354,norsho,1,5,0.929,0.186,/home/okamoto/NAS/nasbi/ToriNET/segments/test_samples_results/norsho/xc_712354_comparison.png
xc:712354,norsho,2,13,2.235,0.172,/home/okamoto/NAS/nasbi/ToriNET/segments/test_samples_results/norsho/xc_712354_comparison.png
xc:712354,norsho,3,7,5.712,0.816,/home/okamoto/NAS/nasbi/ToriNET/segments/test_samples_results/norsho/xc_712354_comparison.png
xc:712354,norsho,4,4,0.633,0.158,/home/okamoto/NAS/nasbi/ToriNET/segments/test_samples_results/norsho/xc_712354_comparison.png
xc:712354,norsho,5,1,7.004,7.004,/home/okamoto/NAS/nasbi/ToriNET/segments/test_samples_results/norsho/xc_712354_comparison.png
xc:501879,norsho,1,308,37.771,0.123,/home/okamoto/NAS/nasbi/ToriNET/segments/test_samples_results/norsho/xc_501879_comparison.png
xc:501879,norsho,2,300,34.816,0.116,/home/okamoto/NAS/nasbi/ToriNET/segments/test_samples_results/norsho/xc_501879_comparison.png
xc:501879,norsho,3,94,85.677,0.911,/home/okamoto/NAS/nasbi/ToriNET/segments/test_samples_results/norsho/xc_501879_comparison.png
xc:501879,norsho,4,66,5.392,0.082,/home/okamoto/NAS/nasbi/ToriNET/segments/test_samples_results/norsho/xc_501879_comparison.png
xc:501879,norsho,5,2,35.387,17.693,/home/okamoto/NAS/nasbi/ToriNET/segments/test_samples_results/norsho/xc_501879_comparison.png
xc:617375,norsho,1,92,7.163,0.078,/home/okamoto/NAS/nasbi/ToriNET/segments/test_samples_results/norsho/xc_617375_comparison.png
xc:617375,norsho,2,182,14.832,0.081,/home/okamoto/NAS/nasbi/ToriNET/segments/test_samples_results/norsho/xc_617375_comparison.png
xc:617375,norsho,3,73,61.379,0.841,/home/okamoto/NAS/nasbi/ToriNET/segments/test_samples_results/norsho/xc_617375_comparison.png
xc:617375,norsho,4,23,0.969,0.042,/home/okamoto/NAS/nasbi/ToriNET/segments/test_samples_results/norsho/xc_617375_comparison.png
xc:617375,norsho,5,0,0.0,0.0,/home/okamoto/NAS/nasbi/ToriNET/segments/test_samples_results/norsho/xc_617375_comparison.png
xc:586812,norsho,1,18,1.654,0.092,/home/okamoto/NAS/nasbi/ToriNET/segments/test_samples_results/norsho/xc_586812_comparison.png
xc:586812,norsho,2,26,2.963,0.114,/home/okamoto/NAS/nasbi/ToriNET/segments/test_samples_results/norsho/xc_586812_comparison.png
xc:586812,norsho,3,6,9.073,1.512,/home/okamoto/NAS/nasbi/ToriNET/segments/test_samples_results/norsho/xc_586812_comparison.png
xc:586812,norsho,4,12,0.61,0.051,/home/okamoto/NAS/nasbi/ToriNET/segments/test_samples_results/norsho/xc_586812_comparison.png
xc:586812,norsho,5,1,9.79,9.79,/home/okamoto/NAS/nasbi/ToriNET/segments/test_samples_results/norsho/xc_586812_comparison.png
xc:286288,origre,1,13,3.071,0.236,/home/okamoto/NAS/nasbi/ToriNET/segments/test_samples_results/origre/xc_286288_comparison.png
xc:286288,origre,2,20,3.651,0.183,/home/okamoto/NAS/nasbi/ToriNET/segments/test_samples_results/origre/xc_286288_comparison.png
xc:286288,origre,3,9,7.335,0.815,/home/okamoto/NAS/nasbi/ToriNET/segments/test_samples_results/origre/xc_286288_comparison.png
xc:286288,origre,4,14,2.038,0.146,/home/okamoto/NAS/nasbi/ToriNET/segments/test_samples_results/origre/xc_286288_comparison.png
xc:286288,origre,5,1,8.702,8.702,/home/okamoto/NAS/nasbi/ToriNET/segments/test_samples_results/origre/xc_286288_comparison.png
xc:992580,origre,1,148,42.08,0.284,/home/okamoto/NAS/nasbi/ToriNET/segments/test_samples_results/origre/xc_992580_comparison.png
xc:992580,origre,2,321,51.851,0.162,/home/okamoto/NAS/nasbi/ToriNET/segments/test_samples_results/origre/xc_992580_comparison.png
xc:992580,origre,3,150,144.352,0.962,/home/okamoto/NAS/nasbi/ToriNET/segments/test_samples_results/origre/xc_992580_comparison.png
xc:992580,origre,4,103,13.237,0.129,/home/okamoto/NAS/nasbi/ToriNET/segments/test_samples_results/origre/xc_992580_comparison.png
xc:992580,origre,5,0,0.0,0.0,/home/okamoto/NAS/nasbi/ToriNET/segments/test_samples_results/origre/xc_992580_comparison.png
xc:451340,origre,1,43,9.021,0.21,/home/okamoto/NAS/nasbi/ToriNET/segments/test_samples_results/origre/xc_451340_comparison.png
xc:451340,origre,2,71,13.172,0.186,/home/okamoto/NAS/nasbi/ToriNET/segments/test_samples_results/origre/xc_451340_comparison.png
xc:451340,origre,3,49,38.197,0.78,/home/okamoto/NAS/nasbi/ToriNET/segments/test_samples_results/origre/xc_451340_comparison.png
xc:451340,origre,4,32,6.844,0.214,/home/okamoto/NAS/nasbi/ToriNET/segments/test_samples_results/origre/xc_451340_comparison.png
xc:451340,origre,5,0,0.0,0.0,/home/okamoto/NAS/nasbi/ToriNET/segments/test_samples_results/origre/xc_451340_comparison.png
xc:285949,origre,1,50,24.631,0.493,/home/okamoto/NAS/nasbi/ToriNET/segments/test_samples_results/origre/xc_285949_comparison.png
xc:285949,origre,2,110,20.1,0.183,/home/okamoto/NAS/nasbi/ToriNET/segments/test_samples_results/origre/xc_285949_comparison.png
xc:285949,origre,3,43,42.118,0.979,/home/okamoto/NAS/nasbi/ToriNET/segments/test_samples_results/origre/xc_285949_comparison.png
xc:285949,origre,4,65,16.492,0.254,/home/okamoto/NAS/nasbi/ToriNET/segments/test_samples_results/origre/xc_285949_comparison.png
xc:285949,origre,5,1,16.623,16.623,/home/okamoto/NAS/nasbi/ToriNET/segments/test_samples_results/origre/xc_285949_comparison.png
xc:872882,origre,1,30,16.368,0.546,/home/okamoto/NAS/nasbi/ToriNET/segments/test_samples_results/origre/xc_872882_comparison.png
xc:872882,origre,2,48,13.947,0.291,/home/okamoto/NAS/nasbi/ToriNET/segments/test_samples_results/origre/xc_872882_comparison.png
xc:872882,origre,3,43,38.437,0.894,/home/okamoto/NAS/nasbi/ToriNET/segments/test_samples_results/origre/xc_872882_comparison.png
xc:872882,origre,4,38,9.781,0.257,/home/okamoto/NAS/nasbi/ToriNET/segments/test_samples_results/origre/xc_872882_comparison.png
xc:872882,origre,5,21,42.667,2.032,/home/okamoto/NAS/nasbi/ToriNET/segments/test_samples_results/origre/xc_872882_comparison.png
xc:473070,ortdov,1,27,11.064,0.41,/home/okamoto/NAS/nasbi/ToriNET/segments/test_samples_results/ortdov/xc_473070_comparison.png
xc:473070,ortdov,2,30,3.776,0.126,/home/okamoto/NAS/nasbi/ToriNET/segments/test_samples_results/ortdov/xc_473070_comparison.png
xc:473070,ortdov,3,28,15.061,0.538,/home/okamoto/NAS/nasbi/ToriNET/segments/test_samples_results/ortdov/xc_473070_comparison.png
xc:473070,ortdov,4,27,9.172,0.34,/home/okamoto/NAS/nasbi/ToriNET/segments/test_samples_results/ortdov/xc_473070_comparison.png
xc:473070,ortdov,5,1,19.934,19.934,/home/okamoto/NAS/nasbi/ToriNET/segments/test_samples_results/ortdov/xc_473070_comparison.png
xc:751150,ortdov,1,73,10.357,0.142,/home/okamoto/NAS/nasbi/ToriNET/segments/test_samples_results/ortdov/xc_751150_comparison.png
xc:751150,ortdov,2,116,9.064,0.078,/home/okamoto/NAS/nasbi/ToriNET/segments/test_samples_results/ortdov/xc_751150_comparison.png
xc:751150,ortdov,3,55,79.171,1.439,/home/okamoto/NAS/nasbi/ToriNET/segments/test_samples_results/ortdov/xc_751150_comparison.png
xc:751150,ortdov,4,19,1.376,0.072,/home/okamoto/NAS/nasbi/ToriNET/segments/test_samples_results/ortdov/xc_751150_comparison.png
xc:751150,ortdov,5,0,0.0,0.0,/home/okamoto/NAS/nasbi/ToriNET/segments/test_samples_results/ortdov/xc_751150_comparison.png
xc:955876,ortdov,1,20,10.197,0.51,/home/okamoto/NAS/nasbi/ToriNET/segments/test_samples_results/ortdov/xc_955876_comparison.png
xc:955876,ortdov,2,48,7.448,0.155,/home/okamoto/NAS/nasbi/ToriNET/segments/test_samples_results/ortdov/xc_955876_comparison.png
xc:955876,ortdov,3,26,13.123,0.505,/home/okamoto/NAS/nasbi/ToriNET/segments/test_samples_results/ortdov/xc_955876_comparison.png
xc:955876,ortdov,4,21,7.328,0.349,/home/okamoto/NAS/nasbi/ToriNET/segments/test_samples_results/ortdov/xc_955876_comparison.png
xc:955876,ortdov,5,1,17.509,17.509,/home/okamoto/NAS/nasbi/ToriNET/segments/test_samples_results/ortdov/xc_955876_comparison.png
xc:657028,ortdov,1,39,4.371,0.112,/home/okamoto/NAS/nasbi/ToriNET/segments/test_samples_results/ortdov/xc_657028_comparison.png
xc:657028,ortdov,2,57,4.165,0.073,/home/okamoto/NAS/nasbi/ToriNET/segments/test_samples_results/ortdov/xc_657028_comparison.png
xc:657028,ortdov,3,49,41.747,0.852,/home/okamoto/NAS/nasbi/ToriNET/segments/test_samples_results/ortdov/xc_657028_comparison.png
xc:657028,ortdov,4,8,0.395,0.049,/home/okamoto/NAS/nasbi/ToriNET/segments/test_samples_results/ortdov/xc_657028_comparison.png
xc:657028,ortdov,5,0,0.0,0.0,/home/okamoto/NAS/nasbi/ToriNET/segments/test_samples_results/ortdov/xc_657028_comparison.png
xc:327475,ortdov,1,152,46.219,0.304,/home/okamoto/NAS/nasbi/ToriNET/segments/test_samples_results/ortdov/xc_327475_comparison.png
xc:327475,ortdov,2,161,16.309,0.101,/home/okamoto/NAS/nasbi/ToriNET/segments/test_samples_results/ortdov/xc_327475_comparison.png
xc:327475,ortdov,3,131,67.765,0.517,/home/okamoto/NAS/nasbi/ToriNET/segments/test_samples_results/ortdov/xc_327475_comparison.png
xc:327475,ortdov,4,145,27.458,0.189,/home/okamoto/NAS/nasbi/ToriNET/segments/test_samples_results/ortdov/xc_327475_comparison.png
xc:327475,ortdov,5,0,0.0,0.0,/home/okamoto/NAS/nasbi/ToriNET/segments/test_samples_results/ortdov/xc_327475_comparison.png
xc:511013,osprey,1,75,6.229,0.083,/home/okamoto/NAS/nasbi/ToriNET/segments/test_samples_results/osprey/xc_511013_comparison.png
xc:511013,osprey,2,131,11.0,0.084,/home/okamoto/NAS/nasbi/ToriNET/segments/test_samples_results/osprey/xc_511013_comparison.png
xc:511013,osprey,3,43,45.0,1.047,/home/okamoto/NAS/nasbi/ToriNET/segments/test_samples_results/osprey/xc_511013_comparison.png
xc:511013,osprey,4,57,3.785,0.066,/home/okamoto/NAS/nasbi/ToriNET/segments/test_samples_results/osprey/xc_511013_comparison.png
xc:511013,osprey,5,0,0.0,0.0,/home/okamoto/NAS/nasbi/ToriNET/segments/test_samples_results/osprey/xc_511013_comparison.png
xc:465294,osprey,1,68,9.636,0.142,/home/okamoto/NAS/nasbi/ToriNET/segments/test_samples_results/osprey/xc_465294_comparison.png
xc:465294,osprey,2,105,19.293,0.184,/home/okamoto/NAS/nasbi/ToriNET/segments/test_samples_results/osprey/xc_465294_comparison.png
xc:465294,osprey,3,37,32.032,0.866,/home/okamoto/NAS/nasbi/ToriNET/segments/test_samples_results/osprey/xc_465294_comparison.png
xc:465294,osprey,4,29,3.5,0.121,/home/okamoto/NAS/nasbi/ToriNET/segments/test_samples_results/osprey/xc_465294_comparison.png
xc:465294,osprey,5,0,0.0,0.0,/home/okamoto/NAS/nasbi/ToriNET/segments/test_samples_results/osprey/xc_465294_comparison.png
xc:694232,osprey,1,45,4.197,0.093,/home/okamoto/NAS/nasbi/ToriNET/segments/test_samples_results/osprey/xc_694232_comparison.png
xc:694232,osprey,2,79,6.571,0.083,/home/okamoto/NAS/nasbi/ToriNET/segments/test_samples_results/osprey/xc_694232_comparison.png
xc:694232,osprey,3,18,29.827,1.657,/home/okamoto/NAS/nasbi/ToriNET/segments/test_samples_results/osprey/xc_694232_comparison.png
xc:694232,osprey,4,26,1.627,0.063,/home/okamoto/NAS/nasbi/ToriNET/segments/test_samples_results/osprey/xc_694232_comparison.png
xc:694232,osprey,5,0,0.0,0.0,/home/okamoto/NAS/nasbi/ToriNET/segments/test_samples_results/osprey/xc_694232_comparison.png
xc:272312,osprey,1,138,24.683,0.179,/home/okamoto/NAS/nasbi/ToriNET/segments/test_samples_results/osprey/xc_272312_comparison.png
xc:272312,osprey,2,177,26.067,0.147,/home/okamoto/NAS/nasbi/ToriNET/segments/test_samples_results/osprey/xc_272312_comparison.png
xc:272312,osprey,3,50,55.496,1.11,/home/okamoto/NAS/nasbi/ToriNET/segments/test_samples_results/osprey/xc_272312_comparison.png
xc:272312,osprey,4,100,9.027,0.09,/home/okamoto/NAS/nasbi/ToriNET/segments/test_samples_results/osprey/xc_272312_comparison.png
xc:272312,osprey,5,0,0.0,0.0,/home/okamoto/NAS/nasbi/ToriNET/segments/test_samples_results/osprey/xc_272312_comparison.png
xc:588910,osprey,1,201,21.941,0.109,/home/okamoto/NAS/nasbi/ToriNET/segments/test_samples_results/osprey/xc_588910_comparison.png
xc:588910,osprey,2,217,27.365,0.126,/home/okamoto/NAS/nasbi/ToriNET/segments/test_samples_results/osprey/xc_588910_comparison.png
xc:588910,osprey,3,40,79.557,1.989,/home/okamoto/NAS/nasbi/ToriNET/segments/test_samples_results/osprey/xc_588910_comparison.png
xc:588910,osprey,4,75,5.024,0.067,/home/okamoto/NAS/nasbi/ToriNET/segments/test_samples_results/osprey/xc_588910_comparison.png
xc:588910,osprey,5,0,0.0,0.0,/home/okamoto/NAS/nasbi/ToriNET/segments/test_samples_results/osprey/xc_588910_comparison.png
xc:758275,palthr1,1,2,0.235,0.117,/home/okamoto/NAS/nasbi/ToriNET/segments/test_samples_results/palthr1/xc_758275_comparison.png
xc:758275,palthr1,2,8,1.845,0.231,/home/okamoto/NAS/nasbi/ToriNET/segments/test_samples_results/palthr1/xc_758275_comparison.png
xc:758275,palthr1,3,25,35.357,1.414,/home/okamoto/NAS/nasbi/ToriNET/segments/test_samples_results/palthr1/xc_758275_comparison.png
xc:758275,palthr1,4,1,0.091,0.091,/home/okamoto/NAS/nasbi/ToriNET/segments/test_samples_results/palthr1/xc_758275_comparison.png
xc:758275,palthr1,5,0,0.0,0.0,/home/okamoto/NAS/nasbi/ToriNET/segments/test_samples_results/palthr1/xc_758275_comparison.png
xc:772404,palthr1,1,7,1.451,0.207,/home/okamoto/NAS/nasbi/ToriNET/segments/test_samples_results/palthr1/xc_772404_comparison.png
xc:772404,palthr1,2,18,3.416,0.19,/home/okamoto/NAS/nasbi/ToriNET/segments/test_samples_results/palthr1/xc_772404_comparison.png
xc:772404,palthr1,3,20,9.829,0.491,/home/okamoto/NAS/nasbi/ToriNET/segments/test_samples_results/palthr1/xc_772404_comparison.png
xc:772404,palthr1,4,3,0.715,0.238,/home/okamoto/NAS/nasbi/ToriNET/segments/test_samples_results/palthr1/xc_772404_comparison.png
xc:772404,palthr1,5,1,13.197,13.197,/home/okamoto/NAS/nasbi/ToriNET/segments/test_samples_results/palthr1/xc_772404_comparison.png
xc:707803,palthr1,1,144,33.365,0.232,/home/okamoto/NAS/nasbi/ToriNET/segments/test_samples_results/palthr1/xc_707803_comparison.png
xc:707803,palthr1,2,269,46.605,0.173,/home/okamoto/NAS/nasbi/ToriNET/segments/test_samples_results/palthr1/xc_707803_comparison.png
xc:707803,palthr1,3,119,104.448,0.878,/home/okamoto/NAS/nasbi/ToriNET/segments/test_samples_results/palthr1/xc_707803_comparison.png
xc:707803,palthr1,4,89,9.824,0.11,/home/okamoto/NAS/nasbi/ToriNET/segments/test_samples_results/palthr1/xc_707803_comparison.png
xc:707803,palthr1,5,0,0.0,0.0,/home/okamoto/NAS/nasbi/ToriNET/segments/test_samples_results/palthr1/xc_707803_comparison.png
xc:652386,palthr1,1,132,16.629,0.126,/home/okamoto/NAS/nasbi/ToriNET/segments/test_samples_results/palthr1/xc_652386_comparison.png
xc:652386,palthr1,2,208,22.859,0.11,/home/okamoto/NAS/nasbi/ToriNET/segments/test_samples_results/palthr1/xc_652386_comparison.png
xc:652386,palthr1,3,77,60.443,0.785,/home/okamoto/NAS/nasbi/ToriNET/segments/test_samples_results/palthr1/xc_652386_comparison.png
xc:652386,palthr1,4,89,4.437,0.05,/home/okamoto/NAS/nasbi/ToriNET/segments/test_samples_results/palthr1/xc_652386_comparison.png
xc:652386,palthr1,5,0,0.0,0.0,/home/okamoto/NAS/nasbi/ToriNET/segments/test_samples_results/palthr1/xc_652386_comparison.png
xc:780155,palthr1,1,12,1.968,0.164,/home/okamoto/NAS/nasbi/ToriNET/segments/test_samples_results/palthr1/xc_780155_comparison.png
xc:780155,palthr1,2,14,2.317,0.166,/home/okamoto/NAS/nasbi/ToriNET/segments/test_samples_results/palthr1/xc_780155_comparison.png
xc:780155,palthr1,3,9,7.92,0.88,/home/okamoto/NAS/nasbi/ToriNET/segments/test_samples_results/palthr1/xc_780155_comparison.png
xc:780155,palthr1,4,5,0.405,0.081,/home/okamoto/NAS/nasbi/ToriNET/segments/test_samples_results/palthr1/xc_780155_comparison.png
xc:780155,palthr1,5,1,10.221,10.221,/home/okamoto/NAS/nasbi/ToriNET/segments/test_samples_results/palthr1/xc_780155_comparison.png
xc:191044,pygwoo1,1,3,0.737,0.246,/home/okamoto/NAS/nasbi/ToriNET/segments/test_samples_results/pygwoo1/xc_191044_comparison.png
xc:191044,pygwoo1,2,4,0.578,0.144,/home/okamoto/NAS/nasbi/ToriNET/segments/test_samples_results/pygwoo1/xc_191044_comparison.png
xc:191044,pygwoo1,3,2,1.428,0.714,/home/okamoto/NAS/nasbi/ToriNET/segments/test_samples_results/pygwoo1/xc_191044_comparison.png
xc:191044,pygwoo1,4,5,0.499,0.1,/home/okamoto/NAS/nasbi/ToriNET/segments/test_samples_results/pygwoo1/xc_191044_comparison.png
xc:191044,pygwoo1,5,1,1.576,1.576,/home/okamoto/NAS/nasbi/ToriNET/segments/test_samples_results/pygwoo1/xc_191044_comparison.png
xc:267398,pygwoo1,1,102,11.964,0.117,/home/okamoto/NAS/nasbi/ToriNET/segments/test_samples_results/pygwoo1/xc_267398_comparison.png
xc:267398,pygwoo1,2,170,18.596,0.109,/home/okamoto/NAS/nasbi/ToriNET/segments/test_samples_results/pygwoo1/xc_267398_comparison.png
xc:267398,pygwoo1,3,59,67.164,1.138,/home/okamoto/NAS/nasbi/ToriNET/segments/test_samples_results/pygwoo1/xc_267398_comparison.png
xc:267398,pygwoo1,4,46,2.63,0.057,/home/okamoto/NAS/nasbi/ToriNET/segments/test_samples_results/pygwoo1/xc_267398_comparison.png
xc:267398,pygwoo1,5,0,0.0,0.0,/home/okamoto/NAS/nasbi/ToriNET/segments/test_samples_results/pygwoo1/xc_267398_comparison.png
xc:285634,pygwoo1,1,5,2.038,0.408,/home/okamoto/NAS/nasbi/ToriNET/segments/test_samples_results/pygwoo1/xc_285634_comparison.png
xc:285634,pygwoo1,2,9,1.585,0.176,/home/okamoto/NAS/nasbi/ToriNET/segments/test_samples_results/pygwoo1/xc_285634_comparison.png
xc:285634,pygwoo1,3,9,6.888,0.765,/home/okamoto/NAS/nasbi/ToriNET/segments/test_samples_results/pygwoo1/xc_285634_comparison.png
xc:285634,pygwoo1,4,4,0.569,0.142,/home/okamoto/NAS/nasbi/ToriNET/segments/test_samples_results/pygwoo1/xc_285634_comparison.png
xc:285634,pygwoo1,5,1,8.153,8.153,/home/okamoto/NAS/nasbi/ToriNET/segments/test_samples_results/pygwoo1/xc_285634_comparison.png
xc:267395,pygwoo1,1,15,2.682,0.179,/home/okamoto/NAS/nasbi/ToriNET/segments/test_samples_results/pygwoo1/xc_267395_comparison.png
xc:267395,pygwoo1,2,24,2.09,0.087,/home/okamoto/NAS/nasbi/ToriNET/segments/test_samples_results/pygwoo1/xc_267395_comparison.png
xc:267395,pygwoo1,3,6,9.102,1.517,/home/okamoto/NAS/nasbi/ToriNET/segments/test_samples_results/pygwoo1/xc_267395_comparison.png
xc:267395,pygwoo1,4,23,1.562,0.068,/home/okamoto/NAS/nasbi/ToriNET/segments/test_samples_results/pygwoo1/xc_267395_comparison.png
xc:267395,pygwoo1,5,1,10.008,10.008,/home/okamoto/NAS/nasbi/ToriNET/segments/test_samples_results/pygwoo1/xc_267395_comparison.png
xc:285907,pygwoo1,1,11,5.021,0.456,/home/okamoto/NAS/nasbi/ToriNET/segments/test_samples_results/pygwoo1/xc_285907_comparison.png
xc:285907,pygwoo1,2,27,4.087,0.151,/home/okamoto/NAS/nasbi/ToriNET/segments/test_samples_results/pygwoo1/xc_285907_comparison.png
xc:285907,pygwoo1,3,13,9.918,0.763,/home/okamoto/NAS/nasbi/ToriNET/segments/test_samples_results/pygwoo1/xc_285907_comparison.png
xc:285907,pygwoo1,4,10,1.109,0.111,/home/okamoto/NAS/nasbi/ToriNET/segments/test_samples_results/pygwoo1/xc_285907_comparison.png
xc:285907,pygwoo1,5,1,11.706,11.706,/home/okamoto/NAS/nasbi/ToriNET/segments/test_samples_results/pygwoo1/xc_285907_comparison.png
xc:349161,rocpig,1,47,16.379,0.348,/home/okamoto/NAS/nasbi/ToriNET/segments/test_samples_results/rocpig/xc_349161_comparison.png
xc:349161,rocpig,2,80,8.363,0.105,/home/okamoto/NAS/nasbi/ToriNET/segments/test_samples_results/rocpig/xc_349161_comparison.png
xc:349161,rocpig,3,17,30.125,1.772,/home/okamoto/NAS/nasbi/ToriNET/segments/test_samples_results/rocpig/xc_349161_comparison.png
xc:349161,rocpig,4,58,8.587,0.148,/home/okamoto/NAS/nasbi/ToriNET/segments/test_samples_results/rocpig/xc_349161_comparison.png
xc:349161,rocpig,5,0,0.0,0.0,/home/okamoto/NAS/nasbi/ToriNET/segments/test_samples_results/rocpig/xc_349161_comparison.png
xc:269761,rocpig,1,50,20.138,0.403,/home/okamoto/NAS/nasbi/ToriNET/segments/test_samples_results/rocpig/xc_269761_comparison.png
xc:269761,rocpig,2,98,15.032,0.153,/home/okamoto/NAS/nasbi/ToriNET/segments/test_samples_results/rocpig/xc_269761_comparison.png
xc:269761,rocpig,3,47,35.463,0.755,/home/okamoto/NAS/nasbi/ToriNET/segments/test_samples_results/rocpig/xc_269761_comparison.png
xc:269761,rocpig,4,56,12.312,0.22,/home/okamoto/NAS/nasbi/ToriNET/segments/test_samples_results/rocpig/xc_269761_comparison.png
xc:269761,rocpig,5,0,0.0,0.0,/home/okamoto/NAS/nasbi/ToriNET/segments/test_samples_results/rocpig/xc_269761_comparison.png
xc:488175,rocpig,1,38,15.349,0.404,/home/okamoto/NAS/nasbi/ToriNET/segments/test_samples_results/rocpig/xc_488175_comparison.png
xc:488175,rocpig,2,77,10.549,0.137,/home/okamoto/NAS/nasbi/ToriNET/segments/test_samples_results/rocpig/xc_488175_comparison.png
xc:488175,rocpig,3,22,25.624,1.165,/home/okamoto/NAS/nasbi/ToriNET/segments/test_samples_results/rocpig/xc_488175_comparison.png
xc:488175,rocpig,4,50,8.176,0.164,/home/okamoto/NAS/nasbi/ToriNET/segments/test_samples_results/rocpig/xc_488175_comparison.png
xc:488175,rocpig,5,1,28.395,28.395,/home/okamoto/NAS/nasbi/ToriNET/segments/test_samples_results/rocpig/xc_488175_comparison.png
xc:621266,rocpig,1,106,25.856,0.244,/home/okamoto/NAS/nasbi/ToriNET/segments/test_samples_results/rocpig/xc_621266_comparison.png
xc:621266,rocpig,2,162,15.424,0.095,/home/okamoto/NAS/nasbi/ToriNET/segments/test_samples_results/rocpig/xc_621266_comparison.png
xc:621266,rocpig,3,38,45.757,1.204,/home/okamoto/NAS/nasbi/ToriNET/segments/test_samples_results/rocpig/xc_621266_comparison.png
xc:621266,rocpig,4,84,7.616,0.091,/home/okamoto/NAS/nasbi/ToriNET/segments/test_samples_results/rocpig/xc_621266_comparison.png
xc:621266,rocpig,5,0,0.0,0.0,/home/okamoto/NAS/nasbi/ToriNET/segments/test_samples_results/rocpig/xc_621266_comparison.png
xc:380349,rocpig,1,20,6.78,0.339,/home/okamoto/NAS/nasbi/ToriNET/segments/test_samples_results/rocpig/xc_380349_comparison.png
xc:380349,rocpig,2,32,8.022,0.251,/home/okamoto/NAS/nasbi/ToriNET/segments/test_samples_results/rocpig/xc_380349_comparison.png
xc:380349,rocpig,3,26,11.555,0.444,/home/okamoto/NAS/nasbi/ToriNET/segments/test_samples_results/rocpig/xc_380349_comparison.png
xc:380349,rocpig,4,20,3.164,0.158,/home/okamoto/NAS/nasbi/ToriNET/segments/test_samples_results/rocpig/xc_380349_comparison.png
xc:380349,rocpig,5,1,15.729,15.729,/home/okamoto/NAS/nasbi/ToriNET/segments/test_samples_results/rocpig/xc_380349_comparison.png
xc:949909,skylar,1,7,0.464,0.066,/home/okamoto/NAS/nasbi/ToriNET/segments/test_samples_results/skylar/xc_949909_comparison.png
xc:949909,skylar,2,43,6.113,0.142,/home/okamoto/NAS/nasbi/ToriNET/segments/test_samples_results/skylar/xc_949909_comparison.png
xc:949909,skylar,3,31,20.251,0.653,/home/okamoto/NAS/nasbi/ToriNET/segments/test_samples_results/skylar/xc_949909_comparison.png
xc:949909,skylar,4,8,0.522,0.065,/home/okamoto/NAS/nasbi/ToriNET/segments/test_samples_results/skylar/xc_949909_comparison.png
xc:949909,skylar,5,1,24.163,24.163,/home/okamoto/NAS/nasbi/ToriNET/segments/test_samples_results/skylar/xc_949909_comparison.png
xc:975229,skylar,1,225,85.426,0.38,/home/okamoto/NAS/nasbi/ToriNET/segments/test_samples_results/skylar/xc_975229_comparison.png
xc:975229,skylar,2,201,95.356,0.474,/home/okamoto/NAS/nasbi/ToriNET/segments/test_samples_results/skylar/xc_975229_comparison.png
xc:975229,skylar,3,155,90.877,0.586,/home/okamoto/NAS/nasbi/ToriNET/segments/test_samples_results/skylar/xc_975229_comparison.png
xc:975229,skylar,4,292,42.748,0.146,/home/okamoto/NAS/nasbi/ToriNET/segments/test_samples_results/skylar/xc_975229_comparison.png
xc:975229,skylar,5,0,0.0,0.0,/home/okamoto/NAS/nasbi/ToriNET/segments/test_samples_results/skylar/xc_975229_comparison.png
xc:180733,skylar,1,179,62.069,0.347,/home/okamoto/NAS/nasbi/ToriNET/segments/test_samples_results/skylar/xc_180733_comparison.png
xc:180733,skylar,2,190,63.056,0.332,/home/okamoto/NAS/nasbi/ToriNET/segments/test_samples_results/skylar/xc_180733_comparison.png
xc:180733,skylar,3,90,62.213,0.691,/home/okamoto/NAS/nasbi/ToriNET/segments/test_samples_results/skylar/xc_180733_comparison.png
xc:180733,skylar,4,188,18.896,0.101,/home/okamoto/NAS/nasbi/ToriNET/segments/test_samples_results/skylar/xc_180733_comparison.png
xc:180733,skylar,5,0,0.0,0.0,/home/okamoto/NAS/nasbi/ToriNET/segments/test_samples_results/skylar/xc_180733_comparison.png
xc:627311,skylar,1,445,111.131,0.25,/home/okamoto/NAS/nasbi/ToriNET/segments/test_samples_results/skylar/xc_627311_comparison.png
xc:627311,skylar,2,363,133.033,0.366,/home/okamoto/NAS/nasbi/ToriNET/segments/test_samples_results/skylar/xc_627311_comparison.png
xc:627311,skylar,3,231,154.538,0.669,/home/okamoto/NAS/nasbi/ToriNET/segments/test_samples_results/skylar/xc_627311_comparison.png
xc:627311,skylar,4,348,39.462,0.113,/home/okamoto/NAS/nasbi/ToriNET/segments/test_samples_results/skylar/xc_627311_comparison.png
xc:627311,skylar,5,0,0.0,0.0,/home/okamoto/NAS/nasbi/ToriNET/segments/test_samples_results/skylar/xc_627311_comparison.png
xc:704675,skylar,1,43,9.424,0.219,/home/okamoto/NAS/nasbi/ToriNET/segments/test_samples_results/skylar/xc_704675_comparison.png
xc:704675,skylar,2,40,9.571,0.239,/home/okamoto/NAS/nasbi/ToriNET/segments/test_samples_results/skylar/xc_704675_comparison.png
xc:704675,skylar,3,13,12.485,0.96,/home/okamoto/NAS/nasbi/ToriNET/segments/test_samples_results/skylar/xc_704675_comparison.png
xc:704675,skylar,4,43,5.2,0.121,/home/okamoto/NAS/nasbi/ToriNET/segments/test_samples_results/skylar/xc_704675_comparison.png
xc:704675,skylar,5,1,14.576,14.576,/home/okamoto/NAS/nasbi/ToriNET/segments/test_samples_results/skylar/xc_704675_comparison.png
xc:803917,spbduc,1,15,1.483,0.099,/home/okamoto/NAS/nasbi/ToriNET/segments/test_samples_results/spbduc/xc_803917_comparison.png
xc:803917,spbduc,2,42,6.712,0.16,/home/okamoto/NAS/nasbi/ToriNET/segments/test_samples_results/spbduc/xc_803917_comparison.png
xc:803917,spbduc,3,21,16.421,0.782,/home/okamoto/NAS/nasbi/ToriNET/segments/test_samples_results/spbduc/xc_803917_comparison.png
xc:803917,spbduc,4,12,0.949,0.079,/home/okamoto/NAS/nasbi/ToriNET/segments/test_samples_results/spbduc/xc_803917_comparison.png
xc:803917,spbduc,5,2,19.296,9.648,/home/okamoto/NAS/nasbi/ToriNET/segments/test_samples_results/spbduc/xc_803917_comparison.png
xc:992583,spbduc,1,65,7.045,0.108,/home/okamoto/NAS/nasbi/ToriNET/segments/test_samples_results/spbduc/xc_992583_comparison.png
xc:992583,spbduc,2,159,10.141,0.064,/home/okamoto/NAS/nasbi/ToriNET/segments/test_samples_results/spbduc/xc_992583_comparison.png
xc:992583,spbduc,3,82,93.635,1.142,/home/okamoto/NAS/nasbi/ToriNET/segments/test_samples_results/spbduc/xc_992583_comparison.png
xc:992583,spbduc,4,15,1.509,0.101,/home/okamoto/NAS/nasbi/ToriNET/segments/test_samples_results/spbduc/xc_992583_comparison.png
xc:992583,spbduc,5,0,0.0,0.0,/home/okamoto/NAS/nasbi/ToriNET/segments/test_samples_results/spbduc/xc_992583_comparison.png
xc:920581,spbduc,1,28,3.233,0.115,/home/okamoto/NAS/nasbi/ToriNET/segments/test_samples_results/spbduc/xc_920581_comparison.png
xc:920581,spbduc,2,67,5.541,0.083,/home/okamoto/NAS/nasbi/ToriNET/segments/test_samples_results/spbduc/xc_920581_comparison.png
xc:920581,spbduc,3,35,30.392,0.868,/home/okamoto/NAS/nasbi/ToriNET/segments/test_samples_results/spbduc/xc_920581_comparison.png
xc:920581,spbduc,4,22,2.09,0.095,/home/okamoto/NAS/nasbi/ToriNET/segments/test_samples_results/spbduc/xc_920581_comparison.png
xc:920581,spbduc,5,0,0.0,0.0,/home/okamoto/NAS/nasbi/ToriNET/segments/test_samples_results/spbduc/xc_920581_comparison.png
xc:266814,spbduc,1,11,2.606,0.237,/home/okamoto/NAS/nasbi/ToriNET/segments/test_samples_results/spbduc/xc_266814_comparison.png
xc:266814,spbduc,2,20,2.641,0.132,/home/okamoto/NAS/nasbi/ToriNET/segments/test_samples_results/spbduc/xc_266814_comparison.png
xc:266814,spbduc,3,9,9.752,1.084,/home/okamoto/NAS/nasbi/ToriNET/segments/test_samples_results/spbduc/xc_266814_comparison.png
xc:266814,spbduc,4,8,1.573,0.197,/home/okamoto/NAS/nasbi/ToriNET/segments/test_samples_results/spbduc/xc_266814_comparison.png
xc:266814,spbduc,5,1,10.974,10.974,/home/okamoto/NAS/nasbi/ToriNET/segments/test_samples_results/spbduc/xc_266814_comparison.png
xc:414277,spbduc,1,289,58.981,0.204,/home/okamoto/NAS/nasbi/ToriNET/segments/test_samples_results/spbduc/xc_414277_comparison.png
xc:414277,spbduc,2,339,61.341,0.181,/home/okamoto/NAS/nasbi/ToriNET/segments/test_samples_results/spbduc/xc_414277_comparison.png
xc:414277,spbduc,3,92,91.192,0.991,/home/okamoto/NAS/nasbi/ToriNET/segments/test_samples_results/spbduc/xc_414277_comparison.png
xc:414277,spbduc,4,278,28.88,0.104,/home/okamoto/NAS/nasbi/ToriNET/segments/test_samples_results/spbduc/xc_414277_comparison.png
xc:414277,spbduc,5,1,22.387,22.387,/home/okamoto/NAS/nasbi/ToriNET/segments/test_samples_results/spbduc/xc_414277_comparison.png
xc:280915,tufduc,1,36,4.679,0.13,/home/okamoto/NAS/nasbi/ToriNET/segments/test_samples_results/tufduc/xc_280915_comparison.png
xc:280915,tufduc,2,73,11.308,0.155,/home/okamoto/NAS/nasbi/ToriNET/segments/test_samples_results/tufduc/xc_280915_comparison.png
xc:280915,tufduc,3,14,21.795,1.557,/home/okamoto/NAS/nasbi/ToriNET/segments/test_samples_results/tufduc/xc_280915_comparison.png
xc:280915,tufduc,4,21,2.113,0.101,/home/okamoto/NAS/nasbi/ToriNET/segments/test_samples_results/tufduc/xc_280915_comparison.png
xc:280915,tufduc,5,3,23.983,7.994,/home/okamoto/NAS/nasbi/ToriNET/segments/test_samples_results/tufduc/xc_280915_comparison.png
xc:76445,tufduc,1,21,4.574,0.218,/home/okamoto/NAS/nasbi/ToriNET/segments/test_samples_results/tufduc/xc_76445_comparison.png
xc:76445,tufduc,2,22,4.122,0.187,/home/okamoto/NAS/nasbi/ToriNET/segments/test_samples_results/tufduc/xc_76445_comparison.png
xc:76445,tufduc,3,6,7.552,1.259,/home/okamoto/NAS/nasbi/ToriNET/segments/test_samples_results/tufduc/xc_76445_comparison.png
xc:76445,tufduc,4,15,2.844,0.19,/home/okamoto/NAS/nasbi/ToriNET/segments/test_samples_results/tufduc/xc_76445_comparison.png
xc:76445,tufduc,5,1,8.501,8.501,/home/okamoto/NAS/nasbi/ToriNET/segments/test_samples_results/tufduc/xc_76445_comparison.png
xc:792843,tufduc,1,27,6.136,0.227,/home/okamoto/NAS/nasbi/ToriNET/segments/test_samples_results/tufduc/xc_792843_comparison.png
xc:792843,tufduc,2,43,7.915,0.184,/home/okamoto/NAS/nasbi/ToriNET/segments/test_samples_results/tufduc/xc_792843_comparison.png
xc:792843,tufduc,3,25,13.755,0.55,/home/okamoto/NAS/nasbi/ToriNET/segments/test_samples_results/tufduc/xc_792843_comparison.png
xc:792843,tufduc,4,23,2.723,0.118,/home/okamoto/NAS/nasbi/ToriNET/segments/test_samples_results/tufduc/xc_792843_comparison.png
xc:792843,tufduc,5,1,17.868,17.868,/home/okamoto/NAS/nasbi/ToriNET/segments/test_samples_results/tufduc/xc_792843_comparison.png
xc:488129,tufduc,1,4,1.033,0.258,/home/okamoto/NAS/nasbi/ToriNET/segments/test_samples_results/tufduc/xc_488129_comparison.png
xc:488129,tufduc,2,7,1.071,0.153,/home/okamoto/NAS/nasbi/ToriNET/segments/test_samples_results/tufduc/xc_488129_comparison.png
xc:488129,tufduc,3,3,4.49,1.497,/home/okamoto/NAS/nasbi/ToriNET/segments/test_samples_results/tufduc/xc_488129_comparison.png
xc:488129,tufduc,4,2,0.65,0.325,/home/okamoto/NAS/nasbi/ToriNET/segments/test_samples_results/tufduc/xc_488129_comparison.png
xc:488129,tufduc,5,1,4.751,4.751,/home/okamoto/NAS/nasbi/ToriNET/segments/test_samples_results/tufduc/xc_488129_comparison.png
xc:810555,tufduc,1,26,9.213,0.354,/home/okamoto/NAS/nasbi/ToriNET/segments/test_samples_results/tufduc/xc_810555_comparison.png
xc:810555,tufduc,2,41,5.825,0.142,/home/okamoto/NAS/nasbi/ToriNET/segments/test_samples_results/tufduc/xc_810555_comparison.png
xc:810555,tufduc,3,24,16.858,0.702,/home/okamoto/NAS/nasbi/ToriNET/segments/test_samples_results/tufduc/xc_810555_comparison.png
xc:810555,tufduc,4,29,5.079,0.175,/home/okamoto/NAS/nasbi/ToriNET/segments/test_samples_results/tufduc/xc_810555_comparison.png
xc:810555,tufduc,5,4,20.329,5.082,/home/okamoto/NAS/nasbi/ToriNET/segments/test_samples_results/tufduc/xc_810555_comparison.png
xc:882175,vartit1,1,113,21.131,0.187,/home/okamoto/NAS/nasbi/ToriNET/segments/test_samples_results/vartit1/xc_882175_comparison.png
xc:882175,vartit1,2,178,16.253,0.091,/home/okamoto/NAS/nasbi/ToriNET/segments/test_samples_results/vartit1/xc_882175_comparison.png
xc:882175,vartit1,3,125,148.141,1.185,/home/okamoto/NAS/nasbi/ToriNET/segments/test_samples_results/vartit1/xc_882175_comparison.png
xc:882175,vartit1,4,53,8.464,0.16,/home/okamoto/NAS/nasbi/ToriNET/segments/test_samples_results/vartit1/xc_882175_comparison.png
xc:882175,vartit1,5,0,0.0,0.0,/home/okamoto/NAS/nasbi/ToriNET/segments/test_samples_results/vartit1/xc_882175_comparison.png
xc:998735,vartit1,1,86,14.8,0.172,/home/okamoto/NAS/nasbi/ToriNET/segments/test_samples_results/vartit1/xc_998735_comparison.png
xc:998735,vartit1,2,115,19.232,0.167,/home/okamoto/NAS/nasbi/ToriNET/segments/test_samples_results/vartit1/xc_998735_comparison.png
xc:998735,vartit1,3,8,59.715,7.464,/home/okamoto/NAS/nasbi/ToriNET/segments/test_samples_results/vartit1/xc_998735_comparison.png
xc:998735,vartit1,4,31,2.984,0.096,/home/okamoto/NAS/nasbi/ToriNET/segments/test_samples_results/vartit1/xc_998735_comparison.png
xc:998735,vartit1,5,0,0.0,0.0,/home/okamoto/NAS/nasbi/ToriNET/segments/test_samples_results/vartit1/xc_998735_comparison.png
xc:790852,vartit1,1,28,5.213,0.186,/home/okamoto/NAS/nasbi/ToriNET/segments/test_samples_results/vartit1/xc_790852_comparison.png
xc:790852,vartit1,2,46,9.285,0.202,/home/okamoto/NAS/nasbi/ToriNET/segments/test_samples_results/vartit1/xc_790852_comparison.png
xc:790852,vartit1,3,23,21.322,0.927,/home/okamoto/NAS/nasbi/ToriNET/segments/test_samples_results/vartit1/xc_790852_comparison.png
xc:790852,vartit1,4,22,2.752,0.125,/home/okamoto/NAS/nasbi/ToriNET/segments/test_samples_results/vartit1/xc_790852_comparison.png
xc:790852,vartit1,5,1,24.628,24.628,/home/okamoto/NAS/nasbi/ToriNET/segments/test_samples_results/vartit1/xc_790852_comparison.png
xc:871190,vartit1,1,122,27.013,0.221,/home/okamoto/NAS/nasbi/ToriNET/segments/test_samples_results/vartit1/xc_871190_comparison.png
xc:871190,vartit1,2,127,16.947,0.133,/home/okamoto/NAS/nasbi/ToriNET/segments/test_samples_results/vartit1/xc_871190_comparison.png
xc:871190,vartit1,3,102,112.296,1.101,/home/okamoto/NAS/nasbi/ToriNET/segments/test_samples_results/vartit1/xc_871190_comparison.png
xc:871190,vartit1,4,63,10.416,0.165,/home/okamoto/NAS/nasbi/ToriNET/segments/test_samples_results/vartit1/xc_871190_comparison.png
xc:871190,vartit1,5,8,49.971,6.246,/home/okamoto/NAS/nasbi/ToriNET/segments/test_samples_results/vartit1/xc_871190_comparison.png
xc:843770,vartit1,1,58,13.195,0.227,/home/okamoto/NAS/nasbi/ToriNET/segments/test_samples_results/vartit1/xc_843770_comparison.png
xc:843770,vartit1,2,63,13.513,0.214,/home/okamoto/NAS/nasbi/ToriNET/segments/test_samples_results/vartit1/xc_843770_comparison.png
xc:843770,vartit1,3,9,36.278,4.031,/home/okamoto/NAS/nasbi/ToriNET/segments/test_samples_results/vartit1/xc_843770_comparison.png
xc:843770,vartit1,4,43,5.613,0.131,/home/okamoto/NAS/nasbi/ToriNET/segments/test_samples_results/vartit1/xc_843770_comparison.png
xc:843770,vartit1,5,0,0.0,0.0,/home/okamoto/NAS/nasbi/ToriNET/segments/test_samples_results/vartit1/xc_843770_comparison.png
xc:69779,warwhe1,1,37,5.691,0.154,/home/okamoto/NAS/nasbi/ToriNET/segments/test_samples_results/warwhe1/xc_69779_comparison.png
xc:69779,warwhe1,2,38,7.76,0.204,/home/okamoto/NAS/nasbi/ToriNET/segments/test_samples_results/warwhe1/xc_69779_comparison.png
xc:69779,warwhe1,3,14,12.533,0.895,/home/okamoto/NAS/nasbi/ToriNET/segments/test_samples_results/warwhe1/xc_69779_comparison.png
xc:69779,warwhe1,4,21,1.835,0.087,/home/okamoto/NAS/nasbi/ToriNET/segments/test_samples_results/warwhe1/xc_69779_comparison.png
xc:69779,warwhe1,5,1,14.643,14.643,/home/okamoto/NAS/nasbi/ToriNET/segments/test_samples_results/warwhe1/xc_69779_comparison.png
xc:155881,warwhe1,1,202,33.515,0.166,/home/okamoto/NAS/nasbi/ToriNET/segments/test_samples_results/warwhe1/xc_155881_comparison.png
xc:155881,warwhe1,2,274,32.392,0.118,/home/okamoto/NAS/nasbi/ToriNET/segments/test_samples_results/warwhe1/xc_155881_comparison.png
xc:155881,warwhe1,3,24,68.507,2.854,/home/okamoto/NAS/nasbi/ToriNET/segments/test_samples_results/warwhe1/xc_155881_comparison.png
xc:155881,warwhe1,4,239,21.285,0.089,/home/okamoto/NAS/nasbi/ToriNET/segments/test_samples_results/warwhe1/xc_155881_comparison.png
xc:155881,warwhe1,5,0,0.0,0.0,/home/okamoto/NAS/nasbi/ToriNET/segments/test_samples_results/warwhe1/xc_155881_comparison.png
xc:617434,warwhe1,1,399,75.865,0.19,/home/okamoto/NAS/nasbi/ToriNET/segments/test_samples_results/warwhe1/xc_617434_comparison.png
xc:617434,warwhe1,2,525,97.245,0.185,/home/okamoto/NAS/nasbi/ToriNET/segments/test_samples_results/warwhe1/xc_617434_comparison.png
xc:617434,warwhe1,3,140,164.066,1.172,/home/okamoto/NAS/nasbi/ToriNET/segments/test_samples_results/warwhe1/xc_617434_comparison.png
xc:617434,warwhe1,4,482,51.711,0.107,/home/okamoto/NAS/nasbi/ToriNET/segments/test_samples_results/warwhe1/xc_617434_comparison.png
xc:617434,warwhe1,5,0,0.0,0.0,/home/okamoto/NAS/nasbi/ToriNET/segments/test_samples_results/warwhe1/xc_617434_comparison.png
xc:219961,warwhe1,1,84,21.13,0.252,/home/okamoto/NAS/nasbi/ToriNET/segments/test_samples_results/warwhe1/xc_219961_comparison.png
xc:219961,warwhe1,2,147,30.465,0.207,/home/okamoto/NAS/nasbi/ToriNET/segments/test_samples_results/warwhe1/xc_219961_comparison.png
xc:219961,warwhe1,3,55,50.019,0.909,/home/okamoto/NAS/nasbi/ToriNET/segments/test_samples_results/warwhe1/xc_219961_comparison.png
xc:219961,warwhe1,4,73,6.664,0.091,/home/okamoto/NAS/nasbi/ToriNET/segments/test_samples_results/warwhe1/xc_219961_comparison.png
xc:219961,warwhe1,5,0,0.0,0.0,/home/okamoto/NAS/nasbi/ToriNET/segments/test_samples_results/warwhe1/xc_219961_comparison.png
xc:287972,warwhe1,1,158,57.781,0.366,/home/okamoto/NAS/nasbi/ToriNET/segments/test_samples_results/warwhe1/xc_287972_comparison.png
xc:287972,warwhe1,2,233,44.733,0.192,/home/okamoto/NAS/nasbi/ToriNET/segments/test_samples_results/warwhe1/xc_287972_comparison.png
xc:287972,warwhe1,3,88,71.056,0.807,/home/okamoto/NAS/nasbi/ToriNET/segments/test_samples_results/warwhe1/xc_287972_comparison.png
xc:287972,warwhe1,4,231,37.616,0.163,/home/okamoto/NAS/nasbi/ToriNET/segments/test_samples_results/warwhe1/xc_287972_comparison.png
xc:287972,warwhe1,5,0,0.0,0.0,/home/okamoto/NAS/nasbi/ToriNET/segments/test_samples_results/warwhe1/xc_287972_comparison.png
xc:790703,whcsta1,1,284,60.821,0.214,/home/okamoto/NAS/nasbi/ToriNET/segments/test_samples_results/whcsta1/xc_790703_comparison.png
xc:790703,whcsta1,2,350,47.691,0.136,/home/okamoto/NAS/nasbi/ToriNET/segments/test_samples_results/whcsta1/xc_790703_comparison.png
xc:790703,whcsta1,3,138,122.843,0.89,/home/okamoto/NAS/nasbi/ToriNET/segments/test_samples_results/whcsta1/xc_790703_comparison.png
xc:790703,whcsta1,4,163,14.208,0.087,/home/okamoto/NAS/nasbi/ToriNET/segments/test_samples_results/whcsta1/xc_790703_comparison.png
xc:790703,whcsta1,5,0,0.0,0.0,/home/okamoto/NAS/nasbi/ToriNET/segments/test_samples_results/whcsta1/xc_790703_comparison.png
xc:333014,whcsta1,1,48,8.352,0.174,/home/okamoto/NAS/nasbi/ToriNET/segments/test_samples_results/whcsta1/xc_333014_comparison.png
xc:333014,whcsta1,2,70,13.547,0.194,/home/okamoto/NAS/nasbi/ToriNET/segments/test_samples_results/whcsta1/xc_333014_comparison.png
xc:333014,whcsta1,3,39,29.16,0.748,/home/okamoto/NAS/nasbi/ToriNET/segments/test_samples_results/whcsta1/xc_333014_comparison.png
xc:333014,whcsta1,4,16,2.261,0.141,/home/okamoto/NAS/nasbi/ToriNET/segments/test_samples_results/whcsta1/xc_333014_comparison.png
xc:333014,whcsta1,5,0,0.0,0.0,/home/okamoto/NAS/nasbi/ToriNET/segments/test_samples_results/whcsta1/xc_333014_comparison.png
xc:574136,whcsta1,1,28,5.863,0.209,/home/okamoto/NAS/nasbi/ToriNET/segments/test_samples_results/whcsta1/xc_574136_comparison.png
xc:574136,whcsta1,2,34,5.03,0.148,/home/okamoto/NAS/nasbi/ToriNET/segments/test_samples_results/whcsta1/xc_574136_comparison.png
xc:574136,whcsta1,3,16,16.048,1.003,/home/okamoto/NAS/nasbi/ToriNET/segments/test_samples_results/whcsta1/xc_574136_comparison.png
xc:574136,whcsta1,4,24,3.57,0.149,/home/okamoto/NAS/nasbi/ToriNET/segments/test_samples_results/whcsta1/xc_574136_comparison.png
xc:574136,whcsta1,5,1,18.68,18.68,/home/okamoto/NAS/nasbi/ToriNET/segments/test_samples_results/whcsta1/xc_574136_comparison.png
xc:824056,whcsta1,1,24,5.632,0.235,/home/okamoto/NAS/nasbi/ToriNET/segments/test_samples_results/whcsta1/xc_824056_comparison.png
xc:824056,whcsta1,2,37,4.309,0.116,/home/okamoto/NAS/nasbi/ToriNET/segments/test_samples_results/whcsta1/xc_824056_comparison.png
xc:824056,whcsta1,3,21,16.141,0.769,/home/okamoto/NAS/nasbi/ToriNET/segments/test_samples_results/whcsta1/xc_824056_comparison.png
xc:824056,whcsta1,4,22,2.661,0.121,/home/okamoto/NAS/nasbi/ToriNET/segments/test_samples_results/whcsta1/xc_824056_comparison.png
xc:824056,whcsta1,5,1,19.899,19.899,/home/okamoto/NAS/nasbi/ToriNET/segments/test_samples_results/whcsta1/xc_824056_comparison.png
xc:810042,whcsta1,1,6,0.816,0.136,/home/okamoto/NAS/nasbi/ToriNET/segments/test_samples_results/whcsta1/xc_810042_comparison.png
xc:810042,whcsta1,2,12,1.429,0.119,/home/okamoto/NAS/nasbi/ToriNET/segments/test_samples_results/whcsta1/xc_810042_comparison.png
xc:810042,whcsta1,3,8,10.221,1.278,/home/okamoto/NAS/nasbi/ToriNET/segments/test_samples_results/whcsta1/xc_810042_comparison.png
xc:810042,whcsta1,4,3,0.176,0.059,/home/okamoto/NAS/nasbi/ToriNET/segments/test_samples_results/whcsta1/xc_810042_comparison.png
xc:810042,whcsta1,5,1,11.339,11.339,/home/okamoto/NAS/nasbi/ToriNET/segments/test_samples_results/whcsta1/xc_810042_comparison.png
xc:212874,whiwag,1,42,8.789,0.209,/home/okamoto/NAS/nasbi/ToriNET/segments/test_samples_results/whiwag/xc_212874_comparison.png
xc:212874,whiwag,2,53,10.954,0.207,/home/okamoto/NAS/nasbi/ToriNET/segments/test_samples_results/whiwag/xc_212874_comparison.png
xc:212874,whiwag,3,33,18.428,0.558,/home/okamoto/NAS/nasbi/ToriNET/segments/test_samples_results/whiwag/xc_212874_comparison.png
xc:212874,whiwag,4,49,5.596,0.114,/home/okamoto/NAS/nasbi/ToriNET/segments/test_samples_results/whiwag/xc_212874_comparison.png
xc:212874,whiwag,5,2,23.345,11.672,/home/okamoto/NAS/nasbi/ToriNET/segments/test_samples_results/whiwag/xc_212874_comparison.png
xc:332116,whiwag,1,21,3.808,0.181,/home/okamoto/NAS/nasbi/ToriNET/segments/test_samples_results/whiwag/xc_332116_comparison.png
xc:332116,whiwag,2,27,4.354,0.161,/home/okamoto/NAS/nasbi/ToriNET/segments/test_samples_results/whiwag/xc_332116_comparison.png
xc:332116,whiwag,3,37,18.126,0.49,/home/okamoto/NAS/nasbi/ToriNET/segments/test_samples_results/whiwag/xc_332116_comparison.png
xc:332116,whiwag,4,19,2.728,0.144,/home/okamoto/NAS/nasbi/ToriNET/segments/test_samples_results/whiwag/xc_332116_comparison.png
xc:332116,whiwag,5,1,23.356,23.356,/home/okamoto/NAS/nasbi/ToriNET/segments/test_samples_results/whiwag/xc_332116_comparison.png
xc:944139,whiwag,1,18,1.467,0.081,/home/okamoto/NAS/nasbi/ToriNET/segments/test_samples_results/whiwag/xc_944139_comparison.png
xc:944139,whiwag,2,71,5.696,0.08,/home/okamoto/NAS/nasbi/ToriNET/segments/test_samples_results/whiwag/xc_944139_comparison.png
xc:944139,whiwag,3,33,52.64,1.595,/home/okamoto/NAS/nasbi/ToriNET/segments/test_samples_results/whiwag/xc_944139_comparison.png
xc:944139,whiwag,4,0,0.0,0.0,/home/okamoto/NAS/nasbi/ToriNET/segments/test_samples_results/whiwag/xc_944139_comparison.png
xc:944139,whiwag,5,0,0.0,0.0,/home/okamoto/NAS/nasbi/ToriNET/segments/test_samples_results/whiwag/xc_944139_comparison.png
xc:201954,whiwag,1,29,6.224,0.215,/home/okamoto/NAS/nasbi/ToriNET/segments/test_samples_results/whiwag/xc_201954_comparison.png
xc:201954,whiwag,2,36,5.533,0.154,/home/okamoto/NAS/nasbi/ToriNET/segments/test_samples_results/whiwag/xc_201954_comparison.png
xc:201954,whiwag,3,14,12.411,0.886,/home/okamoto/NAS/nasbi/ToriNET/segments/test_samples_results/whiwag/xc_201954_comparison.png
xc:201954,whiwag,4,14,2.565,0.183,/home/okamoto/NAS/nasbi/ToriNET/segments/test_samples_results/whiwag/xc_201954_comparison.png
xc:201954,whiwag,5,1,14.019,14.019,/home/okamoto/NAS/nasbi/ToriNET/segments/test_samples_results/whiwag/xc_201954_comparison.png
xc:617835,whiwag,1,5,1.329,0.266,/home/okamoto/NAS/nasbi/ToriNET/segments/test_samples_results/whiwag/xc_617835_comparison.png
xc:617835,whiwag,2,13,2.757,0.212,/home/okamoto/NAS/nasbi/ToriNET/segments/test_samples_results/whiwag/xc_617835_comparison.png
xc:617835,whiwag,3,10,5.886,0.589,/home/okamoto/NAS/nasbi/ToriNET/segments/test_samples_results/whiwag/xc_617835_comparison.png
xc:617835,whiwag,4,3,0.94,0.313,/home/okamoto/NAS/nasbi/ToriNET/segments/test_samples_results/whiwag/xc_617835_comparison.png
xc:617835,whiwag,5,1,7.178,7.178,/home/okamoto/NAS/nasbi/ToriNET/segments/test_samples_results/whiwag/xc_617835_comparison.png
xc:476911,zitcis1,1,104,14.512,0.14,/home/okamoto/NAS/nasbi/ToriNET/segments/test_samples_results/zitcis1/xc_476911_comparison.png
xc:476911,zitcis1,2,146,15.549,0.107,/home/okamoto/NAS/nasbi/ToriNET/segments/test_samples_results/zitcis1/xc_476911_comparison.png
xc:476911,zitcis1,3,84,49.323,0.587,/home/okamoto/NAS/nasbi/ToriNET/segments/test_samples_results/zitcis1/xc_476911_comparison.png
xc:476911,zitcis1,4,81,6.699,0.083,/home/okamoto/NAS/nasbi/ToriNET/segments/test_samples_results/zitcis1/xc_476911_comparison.png
xc:476911,zitcis1,5,0,0.0,0.0,/home/okamoto/NAS/nasbi/ToriNET/segments/test_samples_results/zitcis1/xc_476911_comparison.png
xc:753226,zitcis1,1,163,10.725,0.066,/home/okamoto/NAS/nasbi/ToriNET/segments/test_samples_results/zitcis1/xc_753226_comparison.png
xc:753226,zitcis1,2,180,14.123,0.078,/home/okamoto/NAS/nasbi/ToriNET/segments/test_samples_results/zitcis1/xc_753226_comparison.png
xc:753226,zitcis1,3,37,56.147,1.517,/home/okamoto/NAS/nasbi/ToriNET/segments/test_samples_results/zitcis1/xc_753226_comparison.png
xc:753226,zitcis1,4,144,6.469,0.045,/home/okamoto/NAS/nasbi/ToriNET/segments/test_samples_results/zitcis1/xc_753226_comparison.png
xc:753226,zitcis1,5,0,0.0,0.0,/home/okamoto/NAS/nasbi/ToriNET/segments/test_samples_results/zitcis1/xc_753226_comparison.png
xc:301756,zitcis1,1,95,13.862,0.146,/home/okamoto/NAS/nasbi/ToriNET/segments/test_samples_results/zitcis1/xc_301756_comparison.png
xc:301756,zitcis1,2,124,12.797,0.103,/home/okamoto/NAS/nasbi/ToriNET/segments/test_samples_results/zitcis1/xc_301756_comparison.png
xc:301756,zitcis1,3,31,31.045,1.001,/home/okamoto/NAS/nasbi/ToriNET/segments/test_samples_results/zitcis1/xc_301756_comparison.png
xc:301756,zitcis1,4,50,3.959,0.079,/home/okamoto/NAS/nasbi/ToriNET/segments/test_samples_results/zitcis1/xc_301756_comparison.png
xc:301756,zitcis1,5,0,0.0,0.0,/home/okamoto/NAS/nasbi/ToriNET/segments/test_samples_results/zitcis1/xc_301756_comparison.png
xc:359154,zitcis1,1,64,5.712,0.089,/home/okamoto/NAS/nasbi/ToriNET/segments/test_samples_results/zitcis1/xc_359154_comparison.png
xc:359154,zitcis1,2,66,7.1,0.108,/home/okamoto/NAS/nasbi/ToriNET/segments/test_samples_results/zitcis1/xc_359154_comparison.png
xc:359154,zitcis1,3,6,15.197,2.533,/home/okamoto/NAS/nasbi/ToriNET/segments/test_samples_results/zitcis1/xc_359154_comparison.png
xc:359154,zitcis1,4,63,2.943,0.047,/home/okamoto/NAS/nasbi/ToriNET/segments/test_samples_results/zitcis1/xc_359154_comparison.png
xc:359154,zitcis1,5,1,16.065,16.065,/home/okamoto/NAS/nasbi/ToriNET/segments/test_samples_results/zitcis1/xc_359154_comparison.png
xc:1011812,zitcis1,1,115,19.309,0.168,/home/okamoto/NAS/nasbi/ToriNET/segments/test_samples_results/zitcis1/xc_1011812_comparison.png
xc:1011812,zitcis1,2,118,19.045,0.161,/home/okamoto/NAS/nasbi/ToriNET/segments/test_samples_results/zitcis1/xc_1011812_comparison.png
xc:1011812,zitcis1,3,22,30.09,1.368,/home/okamoto/NAS/nasbi/ToriNET/segments/test_samples_results/zitcis1/xc_1011812_comparison.png
xc:1011812,zitcis1,4,117,8.2,0.07,/home/okamoto/NAS/nasbi/ToriNET/segments/test_samples_results/zitcis1/xc_1011812_comparison.png
xc:1011812,zitcis1,5,0,0.0,0.0,/home/okamoto/NAS/nasbi/ToriNET/segments/test_samples_results/zitcis1/xc_1011812_comparison.png
