species_code,recording_id,safe_id,bout_idx,note_idx,note_onset,note_offset,cluster_id,cluster_prob,quality_score
azwmag2,xc:841258,xc_841258,45,8,181.54,181.85,4,0.7634,0.7442
azwmag2,xc:841258,xc_841258,32,0,140.71,141.45,4,0.7941,0.7282
azwmag2,xc:733333,xc_733333,3,0,5.61,6.67,2,1.0,0.7278
azwmag2,xc:841258,xc_841258,5,0,22.22,23.17,4,0.7644,0.7274
azwmag2,xc:733333,xc_733333,10,0,17.39,18.44,2,1.0,0.7271
azwmag2,xc:733333,xc_733333,9,0,13.99,14.96,2,1.0,0.7264
azwmag2,xc:1016671,xc_1016671,11,2,31.44,31.75,3,0.7572,0.7236
azwmag2,xc:1016671,xc_1016671,0,2,2.83,3.3,3,0.9583,0.7235
azwmag2,xc:841258,xc_841258,19,3,89.02,89.51,4,0.8901,0.7225
azwmag2,xc:841258,xc_841258,41,0,165.14,165.81,4,0.8584,0.7194
azwmag2,xc:733333,xc_733333,4,0,8.79,9.78,2,1.0,0.7193
azwmag2,xc:1016671,xc_1016671,10,0,29.37,29.63,3,0.7552,0.7021
azwmag2,xc:1016671,xc_1016671,2,9,13.06,13.47,3,0.9006,0.6999
azwmag2,xc:464622,xc_464622,33,0,86.08,86.39,0,1.0,0.6992
azwmag2,xc:1016671,xc_1016671,2,7,11.68,12.52,3,1.0,0.6971
azwmag2,xc:716117,xc_716117,20,0,68.39,68.72,3,0.6348,0.6777
azwmag2,xc:464622,xc_464622,32,7,83.84,84.2,0,0.9747,0.673
azwmag2,xc:464622,xc_464622,32,3,81.64,81.97,0,1.0,0.6593
azwmag2,xc:464622,xc_464622,33,6,89.54,90.2,0,0.9704,0.6559
azwmag2,xc:464622,xc_464622,32,4,82.2,82.6,0,1.0,0.6529
barswa,xc:123035,xc_123035,120,0,219.34,220.17,5,0.7456,0.7595
barswa,xc:123035,xc_123035,131,0,237.0,237.83,5,1.0,0.759
barswa,xc:123035,xc_123035,110,1,200.01,200.85,5,0.9395,0.7525
barswa,xc:123035,xc_123035,42,0,70.34,71.17,5,1.0,0.7513
barswa,xc:123035,xc_123035,137,0,247.17,248.0,5,1.0,0.7442
barswa,xc:142731,xc_142731,4,0,13.63,19.82,1,1.0,0.7331
barswa,xc:142731,xc_142731,10,0,38.19,44.38,1,1.0,0.7324
barswa,xc:721365,xc_721365,6,0,36.26,39.5,0,1.0,0.7077
barswa,xc:721365,xc_721365,8,1,48.29,50.62,0,1.0,0.6983
barswa,xc:721365,xc_721365,6,1,39.57,42.1,0,1.0,0.6962
barswa,xc:721365,xc_721365,10,0,52.29,56.45,0,1.0,0.6949
barswa,xc:142731,xc_142731,2,0,9.0,12.69,1,1.0,0.6742
barswa,xc:191008,xc_191008,2,2,6.81,7.16,10,1.0,0.658
barswa,xc:191008,xc_191008,25,1,38.1,38.45,10,0.875,0.6382
barswa,xc:191008,xc_191008,7,0,13.37,13.9,10,1.0,0.6367
barswa,xc:191008,xc_191008,6,0,11.77,12.1,10,1.0,0.6299
barswa,xc:919230,xc_919230,10,0,17.2,17.39,8,1.0,0.6251
barswa,xc:919230,xc_919230,3,1,7.37,7.56,8,1.0,0.6248
barswa,xc:919230,xc_919230,9,0,16.17,16.34,8,0.9909,0.6238
barswa,xc:191008,xc_191008,29,0,44.02,44.28,10,1.0,0.623
barswa,xc:919230,xc_919230,1,5,3.63,3.82,8,1.0,0.61
barswa,xc:747403,xc_747403,7,7,15.81,16.3,9,1.0,0.5752
barswa,xc:669362,xc_669362,0,9,4.09,4.42,2,1.0,0.5744
barswa,xc:677842,xc_677842,5,0,7.66,8.21,4,1.0,0.5637
barswa,xc:747403,xc_747403,7,5,14.09,14.27,9,1.0,0.5635
barswa,xc:747403,xc_747403,7,6,14.49,15.68,9,0.9891,0.5616
barswa,xc:747403,xc_747403,7,12,17.8,17.98,9,1.0,0.5594
barswa,xc:193495,xc_193495,20,4,30.95,31.07,6,0.6366,0.5569
barswa,xc:747403,xc_747403,6,5,11.55,11.7,9,0.9601,0.555
barswa,xc:669362,xc_669362,0,3,1.1,1.44,2,0.9414,0.5549
barswa,xc:801549,xc_801549,3,2,13.22,13.69,4,0.9465,0.5538
barswa,xc:669362,xc_669362,0,2,0.67,1.01,2,1.0,0.5535
barswa,xc:669362,xc_669362,1,1,5.27,5.54,2,1.0,0.553
barswa,xc:1042324,xc_1042324,2,0,4.54,4.72,3,1.0,0.5309
barswa,xc:677842,xc_677842,6,3,11.2,11.46,4,1.0,0.5147
barswa,xc:677842,xc_677842,4,1,6.94,7.42,4,1.0,0.5145
barswa,xc:801549,xc_801549,0,5,2.56,2.74,4,0.9465,0.5145
barswa,xc:1042324,xc_1042324,5,0,10.15,10.34,3,1.0,0.5107
barswa,xc:1042324,xc_1042324,5,3,11.13,11.32,3,1.0,0.4714
bkfbun2,ml:640507369,ml_640507369,2,0,8.05,14.61,0,1.0,0.8717
bkfbun2,ml:640507369,ml_640507369,4,1,19.66,23.55,0,0.9193,0.8711
bkfbun2,ml:640507369,ml_640507369,8,0,40.04,44.03,0,0.9881,0.8684
bkfbun2,ml:640507369,ml_640507369,16,0,77.26,80.81,0,1.0,0.8663
bkfbun2,ml:640507369,ml_640507369,7,0,35.13,39.85,0,1.0,0.8658
bkfbun2,ml:620881189,ml_620881189,1,0,6.87,8.66,2,1.0,0.8585
bkfbun2,ml:620266782,ml_620266782,0,2,0.63,1.48,2,1.0,0.8343
bkfbun2,ml:460115891,ml_460115891,3,6,12.71,12.78,4,0.753,0.83
bkfbun2,ml:620881189,ml_620881189,3,0,14.81,17.12,2,0.9616,0.8276
bkfbun2,ml:460115891,ml_460115891,6,0,22.77,22.9,4,0.8765,0.8118
bkfbun2,ml:460115891,ml_460115891,8,2,25.11,25.19,4,0.7756,0.8013
bkfbun2,ml:460115891,ml_460115891,10,3,27.36,27.44,4,0.7331,0.7937
bkfbun2,ml:460115891,ml_460115891,11,0,28.86,28.98,4,0.8765,0.7904
bkfbun2,ml:618203252,ml_618203252,2,0,9.67,12.78,1,0.9955,0.7809
bkfbun2,ml:620266782,ml_620266782,8,2,14.26,14.88,2,0.984,0.772
bkfbun2,ml:620881189,ml_620881189,7,1,33.79,35.67,2,1.0,0.7686
bkfbun2,ml:643676710,ml_643676710,24,6,90.54,91.54,8,0.6708,0.7403
bkfbun2,ml:643676710,ml_643676710,24,5,89.87,90.37,8,0.7727,0.6895
bkfbun2,ml:643676710,ml_643676710,11,1,32.97,34.07,8,0.6708,0.6838
bkfbun2,ml:643676710,ml_643676710,18,1,66.55,68.84,8,0.8709,0.6754
bkfbun2,ml:643676710,ml_643676710,9,0,31.52,31.68,8,0.6919,0.6702
bkfbun2,ml:620266783,ml_620266783,1,0,1.72,2.03,5,0.9935,0.6596
bkfbun2,ml:620266783,ml_620266783,0,3,0.8,1.06,5,1.0,0.6023
bkfbun2,ml:148116611,ml_148116611,9,6,20.94,21.34,7,0.7884,0.5915
bkfbun2,ml:644573777,ml_644573777,7,0,13.39,13.49,6,1.0,0.5912
bkfbun2,ml:644573777,ml_644573777,2,8,3.4,3.49,6,1.0,0.5606
bkfbun2,ml:640988362,ml_640988362,3,2,7.85,8.66,3,1.0,0.5604
bkfbun2,ml:638925272,ml_638925272,6,2,12.58,12.74,8,0.5993,0.5574
bkfbun2,ml:620266782,ml_620266782,6,4,11.67,12.12,5,1.0,0.5516
bkfbun2,ml:637612944,ml_637612944,5,0,21.73,22.98,8,0.5963,0.5505
bkfbun2,ml:640988362,ml_640988362,7,10,20.67,22.35,3,1.0,0.5483
bkfbun2,ml:644573777,ml_644573777,5,12,11.0,11.11,6,1.0,0.5446
bkfbun2,ml:637612944,ml_637612944,0,0,0.02,0.18,8,0.8567,0.5246
bkfbun2,ml:634079834,ml_634079834,8,0,26.79,26.98,7,1.0,0.5203
bkfbun2,ml:148116611,ml_148116611,9,5,20.53,20.74,7,0.7884,0.5185
bkfbun2,ml:148116611,ml_148116611,2,2,5.7,5.98,7,0.7884,0.5178
bkfbun2,ml:640988362,ml_640988362,1,2,2.36,2.53,3,0.9965,0.4948
bkfbun2,ml:634079834,ml_634079834,10,2,29.18,29.29,7,0.915,0.4896
bkfbun2,ml:148116611,ml_148116611,9,4,20.0,20.25,7,0.7884,0.4862
bkfbun2,ml:634079834,ml_634079834,9,0,27.29,27.39,7,0.9724,0.48
bkfbun2,ml:634079834,ml_634079834,10,4,29.64,29.91,7,1.0,0.4679
bkfbun2,ml:634079834,ml_634079834,3,0,14.99,15.14,7,1.0,0.4642
bkhgul,xc:441030,xc_441030,214,3,603.71,603.84,3,0.8196,0.8048
bkhgul,xc:441030,xc_441030,129,9,372.81,373.38,3,0.7307,0.7891
bkhgul,xc:580794,xc_580794,22,3,82.96,84.09,1,0.9797,0.7799
bkhgul,xc:580794,xc_580794,23,3,89.03,91.46,1,0.9797,0.7699
bkhgul,xc:441030,xc_441030,165,0,471.52,472.82,3,0.6948,0.7486
bkhgul,xc:580794,xc_580794,22,2,81.12,82.64,1,0.9797,0.7459
bkhgul,xc:580794,xc_580794,23,1,87.59,88.75,1,0.9797,0.7457
bkhgul,xc:441030,xc_441030,141,1,404.76,404.88,3,0.8761,0.7335
bkhgul,xc:441030,xc_441030,76,4,205.9,206.33,3,0.9081,0.7183
bkhgul,xc:484460,xc_484460,7,0,25.17,28.24,0,0.7727,0.7007
bkhgul,xc:484460,xc_484460,1,1,6.74,7.55,0,0.8247,0.675
bkhgul,xc:484460,xc_484460,1,7,11.09,12.69,0,1.0,0.6717
bkhgul,xc:984595,xc_984595,2,0,4.48,4.64,3,0.8394,0.6712
bkhgul,xc:484460,xc_484460,0,4,3.54,4.86,0,0.8939,0.6702
bkhgul,xc:484460,xc_484460,1,0,5.21,6.54,0,1.0,0.6699
bkhgul,xc:984595,xc_984595,2,1,4.71,4.81,3,0.7649,0.6371
bkhgul,xc:94182,xc_94182,3,1,4.94,5.01,3,0.7578,0.6359
bkhgul,xc:580794,xc_580794,5,1,14.49,14.66,3,0.6987,0.5961
bkhgul,xc:946675,xc_946675,16,0,24.28,24.51,3,0.7621,0.5841
bkhgul,xc:1050112,xc_1050112,2,0,8.72,9.25,3,0.819,0.5782
bkhgul,xc:94182,xc_94182,2,0,3.3,3.5,3,0.807,0.5751
bkhgul,xc:752720,xc_752720,11,0,43.13,43.45,2,0.941,0.5726
bkhgul,xc:752720,xc_752720,7,8,38.99,39.19,2,1.0,0.552
bkhgul,xc:752720,xc_752720,3,3,14.75,18.45,2,0.8881,0.5502
bkhgul,xc:752720,xc_752720,11,6,45.75,46.17,2,0.9086,0.5474
bktgul,xc:840768,xc_840768,38,0,90.35,91.43,4,1.0,0.7584
bktgul,xc:840768,xc_840768,39,0,91.94,92.8,4,1.0,0.7524
bktgul,xc:840768,xc_840768,42,0,107.65,108.58,4,1.0,0.7188
bktgul,xc:286305,xc_286305,2,0,8.82,9.86,0,0.8886,0.7128
bktgul,xc:286305,xc_286305,2,3,11.82,13.12,0,0.9458,0.6585
bktgul,xc:286305,xc_286305,0,0,0.02,2.33,0,0.8433,0.6546
bktgul,xc:840768,xc_840768,44,0,110.62,111.38,4,1.0,0.6527
bktgul,xc:840768,xc_840768,40,0,93.59,94.46,4,1.0,0.6413
bktgul,xc:1008519,xc_1008519,18,12,64.42,65.06,3,0.7335,0.6391
bktgul,xc:1008519,xc_1008519,15,0,48.7,49.47,3,0.6575,0.634
bktgul,xc:1008519,xc_1008519,15,5,52.65,53.15,3,0.7798,0.6304
bktgul,xc:286305,xc_286305,2,2,10.32,11.63,0,1.0,0.6253
bktgul,xc:1008519,xc_1008519,23,2,86.3,86.87,3,0.685,0.6212
bktgul,xc:344933,xc_344933,14,0,24.99,25.34,3,0.7502,0.618
bktgul,xc:1008519,xc_1008519,18,11,63.83,64.37,3,0.6624,0.6122
bktgul,xc:344932,xc_344932,1,0,0.82,1.18,3,0.7502,0.6118
bktgul,xc:1016634,xc_1016634,0,4,3.87,4.32,2,0.8519,0.6063
bktgul,xc:344933,xc_344933,4,0,5.39,5.67,3,0.65,0.6053
bktgul,xc:286305,xc_286305,1,1,7.05,8.55,0,0.831,0.6032
bktgul,xc:1016634,xc_1016634,6,0,24.15,25.06,2,1.0,0.5916
bktgul,xc:1016634,xc_1016634,1,2,7.72,8.35,2,1.0,0.5903
bktgul,xc:1016634,xc_1016634,2,1,12.62,13.63,2,1.0,0.5778
bktgul,xc:1016634,xc_1016634,5,3,23.2,24.05,2,1.0,0.5699
bktgul,xc:344933,xc_344933,11,0,15.02,15.33,3,0.7502,0.5513
bktgul,xc:1002546,xc_1002546,15,0,19.55,19.88,1,1.0,0.5406
bktgul,xc:464604,xc_464604,15,2,58.71,59.11,1,0.6815,0.5277
bktgul,xc:464604,xc_464604,9,0,35.34,35.93,1,0.6815,0.5204
bktgul,xc:464604,xc_464604,18,0,65.5,65.74,1,0.6815,0.5113
bktgul,xc:1002546,xc_1002546,23,0,35.23,35.57,1,1.0,0.5108
bktgul,xc:1002546,xc_1002546,3,0,4.14,4.42,1,0.8999,0.5062
bktgul,xc:1002546,xc_1002546,9,0,12.18,12.53,1,1.0,0.4961
bktgul,xc:464604,xc_464604,0,3,4.46,4.96,1,0.7086,0.4906
bktgul,xc:464604,xc_464604,4,1,14.37,15.62,1,0.6815,0.4825
bktgul,xc:1002546,xc_1002546,8,0,10.0,10.53,1,1.0,0.4784
bktgul,xc:627390,xc_627390,5,3,20.59,21.0,1,0.6889,0.4665
bktgul,xc:627390,xc_627390,13,0,43.79,50.11,1,0.759,0.4624
blakit1,xc:578427,xc_578427,15,4,47.56,48.3,4,0.5278,0.847
blakit1,xc:578427,xc_578427,3,0,15.28,16.0,4,0.5278,0.8461
blakit1,xc:139768,xc_139768,22,4,94.13,94.4,1,0.7105,0.8436
blakit1,xc:309401,xc_309401,3,0,21.56,23.8,2,0.7806,0.8432
blakit1,xc:309401,xc_309401,19,0,77.44,80.58,2,1.0,0.839
blakit1,xc:139768,xc_139768,11,0,46.46,46.7,1,0.6346,0.8362
blakit1,xc:578427,xc_578427,13,2,37.95,38.74,4,0.5278,0.8357
blakit1,xc:309401,xc_309401,14,3,56.28,59.05,2,0.8589,0.835
blakit1,xc:578427,xc_578427,7,4,23.66,24.44,4,0.4693,0.8312
blakit1,xc:139768,xc_139768,24,2,101.73,102.94,1,0.666,0.8099
blakit1,xc:139768,xc_139768,17,3,74.83,76.07,1,0.9953,0.804
blakit1,xc:139768,xc_139768,16,1,65.26,66.41,1,1.0,0.8031
blakit1,xc:138441,xc_138441,4,0,14.66,15.72,4,0.6008,0.8027
blakit1,xc:138441,xc_138441,1,0,5.72,5.99,4,0.5167,0.7906
blakit1,xc:628280,xc_628280,1,0,5.53,6.71,4,0.5788,0.7813
blakit1,xc:138441,xc_138441,4,1,16.03,16.86,4,0.6008,0.7802
blakit1,xc:120438,xc_120438,1,4,4.38,5.68,4,0.5237,0.7799
blakit1,xc:309401,xc_309401,12,1,44.99,47.4,2,1.0,0.7635
blakit1,xc:578427,xc_578427,0,3,6.13,6.88,4,0.5278,0.7558
blakit1,xc:192707,xc_192707,9,0,24.59,24.87,0,0.7236,0.7534
blakit1,xc:1026906,xc_1026906,1,4,9.98,10.25,3,0.5514,0.7532
blakit1,xc:138441,xc_138441,0,6,3.77,4.33,4,0.6008,0.7496
blakit1,xc:309401,xc_309401,4,0,23.94,30.34,2,0.9212,0.7486
blakit1,xc:138441,xc_138441,2,0,7.55,7.8,4,0.5115,0.7477
blakit1,xc:120438,xc_120438,1,2,2.87,3.68,4,0.5333,0.7358
blakit1,xc:628280,xc_628280,2,0,7.31,8.49,4,0.6382,0.7314
blakit1,xc:1026906,xc_1026906,3,1,23.55,25.3,3,0.4893,0.7219
blakit1,xc:192707,xc_192707,5,0,13.99,16.49,0,0.8224,0.7038
blakit1,xc:493737,xc_493737,9,2,28.18,29.13,4,0.7153,0.7027
blakit1,xc:1026906,xc_1026906,7,3,31.55,32.73,3,0.587,0.6901
blakit1,xc:807584,xc_807584,8,2,13.47,14.41,4,0.469,0.687
blakit1,xc:192707,xc_192707,21,0,46.13,47.59,0,0.8192,0.6841
blakit1,xc:493737,xc_493737,9,3,29.26,29.91,4,0.7911,0.6783
blakit1,xc:493737,xc_493737,9,4,30.13,30.89,4,0.8072,0.6749
blakit1,xc:120438,xc_120438,0,0,1.0,1.7,4,0.4749,0.6691
blakit1,xc:493737,xc_493737,6,2,18.31,19.79,4,0.7153,0.6578
blakit1,xc:628280,xc_628280,0,0,2.92,3.25,4,0.5255,0.6492
blakit1,xc:993943,xc_993943,2,3,3.73,4.75,4,0.5666,0.6479
blakit1,xc:1026906,xc_1026906,11,0,42.36,42.5,3,0.5052,0.6309
blakit1,xc:493737,xc_493737,38,0,83.37,84.3,4,0.5779,0.6282
blakit1,xc:1026906,xc_1026906,28,7,79.6,80.0,3,0.5772,0.6251
blakit1,xc:192707,xc_192707,1,1,3.2,4.13,0,0.8521,0.5289
brebul1,xc:551619,xc_551619,3,0,13.34,13.96,1,1.0,0.7975
brebul1,xc:551619,xc_551619,3,5,17.99,18.6,1,0.8312,0.7969
brebul1,xc:551619,xc_551619,3,2,15.1,16.66,1,0.9787,0.7751
brebul1,xc:551619,xc_551619,3,6,18.67,19.21,1,0.816,0.7724
brebul1,xc:200439,xc_200439,18,4,57.77,59.66,6,0.9659,0.7577
brebul1,xc:200439,xc_200439,18,7,60.59,60.91,5,0.9464,0.75
brebul1,xc:200439,xc_200439,18,1,56.14,56.5,5,1.0,0.7467
brebul1,xc:551619,xc_551619,3,3,16.86,17.49,1,1.0,0.7442
brebul1,xc:200439,xc_200439,37,4,113.32,114.93,6,1.0,0.7416
brebul1,xc:200439,xc_200439,18,6,60.17,60.5,5,1.0,0.738
brebul1,xc:915184,xc_915184,2,0,12.67,15.63,3,0.9764,0.729
brebul1,xc:834175,xc_834175,41,0,88.01,92.64,0,0.753,0.7144
brebul1,xc:915185,xc_915185,0,6,3.35,4.14,3,1.0,0.7061
brebul1,xc:834175,xc_834175,6,0,14.3,18.47,0,0.8963,0.7054
brebul1,xc:834175,xc_834175,26,0,58.92,59.77,0,1.0,0.703
brebul1,xc:834175,xc_834175,34,1,73.68,74.51,0,1.0,0.6991
brebul1,xc:915184,xc_915184,2,2,16.76,18.18,3,1.0,0.6935
brebul1,xc:155867,xc_155867,12,0,35.02,35.3,8,0.9972,0.663
brebul1,xc:155867,xc_155867,0,0,0.02,0.32,8,1.0,0.6558
brebul1,xc:551615,xc_551615,10,4,38.77,39.23,2,0.9796,0.6523
brebul1,xc:155867,xc_155867,6,6,27.0,27.26,8,1.0,0.6511
brebul1,xc:155867,xc_155867,4,5,16.85,17.27,8,0.8735,0.6407
brebul1,xc:155867,xc_155867,1,6,3.9,5.54,7,1.0,0.6373
brebul1,xc:551615,xc_551615,8,4,34.54,35.04,2,0.9796,0.627
brebul1,xc:551615,xc_551615,9,0,36.0,36.44,2,0.9796,0.6254
brebul1,xc:551615,xc_551615,10,0,37.43,37.88,2,0.8923,0.6253
brebul1,xc:551615,xc_551615,7,2,28.92,29.46,2,0.9753,0.6181
brebul1,xc:891338,xc_891338,0,1,0.35,1.41,4,0.8981,0.515
brebul1,xc:784921,xc_784921,5,5,13.33,13.74,4,0.9118,0.4828
brebul1,xc:891338,xc_891338,0,8,4.03,4.38,4,1.0,0.4825
brebul1,xc:891338,xc_891338,0,7,3.83,3.92,4,0.9417,0.475
buhshr1,xc:762423,xc_762423,2,0,6.46,9.44,4,0.6022,0.8082
buhshr1,xc:762423,xc_762423,6,0,21.22,23.87,4,1.0,0.7648
buhshr1,xc:762423,xc_762423,0,3,1.35,3.48,4,0.7625,0.7468
buhshr1,xc:762423,xc_762423,14,0,36.71,39.05,4,1.0,0.7415
buhshr1,xc:954180,xc_954180,8,1,18.21,18.35,5,1.0,0.7282
buhshr1,xc:954180,xc_954180,3,0,3.0,3.13,5,0.9873,0.7218
buhshr1,xc:954180,xc_954180,2,0,2.44,2.58,5,1.0,0.7071
buhshr1,xc:841025,xc_841025,4,0,6.58,6.76,2,1.0,0.7025
buhshr1,xc:841025,xc_841025,5,0,7.31,7.47,2,1.0,0.7022
buhshr1,xc:793926,xc_793926,9,0,28.52,29.54,8,1.0,0.7019
buhshr1,xc:841025,xc_841025,11,0,12.88,13.05,2,0.9688,0.6977
buhshr1,xc:841025,xc_841025,8,1,10.58,10.76,2,0.9688,0.6968
buhshr1,xc:841025,xc_841025,8,0,10.05,10.22,2,0.9618,0.6903
buhshr1,xc:194693,xc_194693,0,3,2.15,2.87,0,1.0,0.6901
buhshr1,xc:793926,xc_793926,11,0,31.02,32.64,8,0.9731,0.6867
buhshr1,xc:793925,xc_793925,5,0,14.54,17.14,8,0.8471,0.6862
buhshr1,xc:260142,xc_260142,5,4,21.55,22.86,7,1.0,0.6839
buhshr1,xc:954180,xc_954180,4,3,4.88,5.04,5,0.9519,0.6802
buhshr1,xc:793926,xc_793926,6,0,18.01,19.83,8,1.0,0.68
buhshr1,xc:793918,xc_793918,5,0,11.16,12.07,8,1.0,0.6773
buhshr1,xc:954180,xc_954180,8,4,19.33,19.52,5,1.0,0.6735
buhshr1,xc:793918,xc_793918,13,0,36.51,38.04,8,0.9194,0.6731
buhshr1,xc:260142,xc_260142,8,1,35.14,41.47,7,1.0,0.6682
buhshr1,xc:793926,xc_793926,3,0,8.81,10.24,8,1.0,0.6634
buhshr1,xc:661928,xc_661928,0,0,0.27,5.54,11,0.8901,0.6606
buhshr1,xc:793918,xc_793918,6,1,13.82,15.19,8,1.0,0.6593
buhshr1,xc:793918,xc_793918,2,0,4.77,5.75,8,1.0,0.658
buhshr1,xc:194693,xc_194693,0,1,0.69,0.94,0,0.9855,0.6528
buhshr1,xc:194693,xc_194693,2,3,8.97,9.23,0,0.8181,0.6513
buhshr1,xc:194693,xc_194693,0,7,4.42,4.74,0,1.0,0.6486
buhshr1,xc:194693,xc_194693,0,4,3.01,3.31,0,0.9504,0.6361
buhshr1,xc:260142,xc_260142,7,2,27.98,30.73,7,1.0,0.6266
buhshr1,xc:661928,xc_661928,2,1,14.07,15.21,11,1.0,0.5947
buhshr1,xc:794952,xc_794952,3,0,21.24,28.22,9,0.8886,0.578
buhshr1,xc:260142,xc_260142,8,2,41.55,41.75,10,0.5972,0.5675
buhshr1,xc:661928,xc_661928,4,0,19.26,21.24,11,1.0,0.5618
buhshr1,xc:842854,xc_842854,7,0,18.78,26.78,1,1.0,0.5382
buhshr1,xc:842854,xc_842854,12,7,40.04,40.13,1,0.6392,0.5359
buhshr1,xc:793918,xc_793918,2,2,6.38,6.56,6,1.0,0.5358
buhshr1,xc:1052423,xc_1052423,15,0,13.11,13.23,10,0.9331,0.5337
buhshr1,xc:842854,xc_842854,12,3,38.26,38.68,1,0.778,0.5311
buhshr1,xc:1052423,xc_1052423,16,4,14.8,14.94,10,0.9578,0.5247
buhshr1,xc:842854,xc_842854,11,1,30.75,33.51,1,1.0,0.5204
buhshr1,xc:260142,xc_260142,8,0,34.8,35.0,10,0.6038,0.5136
buhshr1,xc:842854,xc_842854,2,1,11.16,12.48,1,1.0,0.5105
buhshr1,xc:1052423,xc_1052423,22,0,20.6,20.69,10,0.8021,0.5081
buhshr1,xc:1052423,xc_1052423,23,2,22.0,22.09,10,0.7345,0.5045
buhshr1,xc:1052423,xc_1052423,0,0,0.02,0.14,10,0.6146,0.4952
buhshr1,xc:794803,xc_794803,8,0,28.0,32.04,9,1.0,0.4819
buhshr1,xc:794952,xc_794952,1,0,2.9,5.66,9,0.9829,0.4762
buhshr1,xc:794952,xc_794952,2,0,11.46,13.11,9,0.7747,0.467
buhshr1,xc:794803,xc_794803,3,0,11.69,12.6,9,1.0,0.4517
buhshr1,xc:794803,xc_794803,1,0,7.42,8.59,9,1.0,0.4419
burthr,xc:417711,xc_417711,36,2,132.27,134.91,2,1.0,0.8586
burthr,xc:417711,xc_417711,22,0,91.49,95.01,2,1.0,0.8485
burthr,xc:417711,xc_417711,26,1,100.43,104.87,2,1.0,0.8389
burthr,xc:417711,xc_417711,30,3,112.54,118.22,2,1.0,0.8353
burthr,xc:417711,xc_417711,15,1,57.17,58.79,2,1.0,0.8348
burthr,xc:472199,xc_472199,20,0,69.28,69.59,5,1.0,0.7679
burthr,xc:310120,xc_310120,7,2,31.07,34.14,3,1.0,0.7651
burthr,xc:310120,xc_310120,2,0,7.07,10.1,3,1.0,0.7597
burthr,xc:1023727,xc_1023727,13,1,41.27,43.23,3,0.862,0.753
burthr,xc:472199,xc_472199,2,17,11.23,11.41,5,1.0,0.7474
burthr,xc:310120,xc_310120,21,4,93.09,95.14,3,0.9897,0.7432
burthr,xc:310120,xc_310120,5,1,19.11,20.46,3,0.786,0.7431
burthr,xc:310120,xc_310120,0,6,3.35,4.35,3,0.7987,0.7406
burthr,xc:472199,xc_472199,2,14,9.81,10.04,5,0.943,0.7395
burthr,xc:472199,xc_472199,14,5,47.96,48.27,5,0.9822,0.7389
burthr,xc:472199,xc_472199,21,5,73.84,74.03,5,1.0,0.7229
burthr,xc:1023727,xc_1023727,20,1,79.42,79.98,3,0.8842,0.7124
burthr,xc:1023727,xc_1023727,18,2,67.04,69.53,3,0.8341,0.7063
burthr,xc:1023727,xc_1023727,7,6,27.98,29.09,3,0.8647,0.7057
burthr,xc:134325,xc_134325,15,0,89.45,97.45,1,0.4066,0.6955
burthr,xc:480601,xc_480601,17,6,41.01,41.1,0,1.0,0.6395
burthr,xc:134325,xc_134325,4,0,12.9,20.9,1,0.3977,0.6378
burthr,xc:134325,xc_134325,3,0,4.9,12.9,1,0.4486,0.6321
burthr,xc:480601,xc_480601,7,0,14.0,14.08,0,0.8005,0.6123
burthr,xc:480601,xc_480601,17,4,40.6,40.7,0,1.0,0.6113
burthr,xc:480601,xc_480601,17,5,40.81,40.92,0,1.0,0.6109
burthr,xc:480601,xc_480601,17,1,39.89,39.98,0,1.0,0.5981
burthr,xc:743862,xc_743862,7,6,24.2,24.3,4,1.0,0.5978
burthr,xc:134330,xc_134330,1,1,2.37,2.54,1,0.4194,0.5863
burthr,xc:134325,xc_134325,11,0,68.9,76.9,1,0.4338,0.5841
burthr,xc:134325,xc_134325,9,0,52.9,60.9,1,0.4216,0.583
burthr,xc:743862,xc_743862,29,6,86.32,86.4,4,1.0,0.5408
burthr,xc:1063823,xc_1063823,13,6,43.59,43.7,4,1.0,0.5256
burthr,xc:134330,xc_134330,17,2,28.78,32.06,1,0.4872,0.4997
burthr,xc:134330,xc_134330,41,0,78.06,78.16,1,0.3964,0.4981
burthr,xc:1063823,xc_1063823,6,0,16.75,16.88,4,1.0,0.4948
burthr,xc:134330,xc_134330,19,0,36.55,37.22,1,0.616,0.4933
burthr,xc:1063823,xc_1063823,16,6,51.55,51.66,4,1.0,0.4873
burthr,xc:1063823,xc_1063823,7,3,23.18,23.25,4,1.0,0.4759
burthr,xc:134330,xc_134330,25,7,57.82,58.35,1,0.5379,0.4694
carcro1,xc:138017,xc_138017,1,0,0.84,5.51,1,1.0,0.8582
carcro1,xc:138017,xc_138017,18,0,68.77,75.24,1,1.0,0.853
carcro1,xc:138017,xc_138017,15,1,61.27,66.41,1,0.9086,0.8506
carcro1,xc:138017,xc_138017,12,1,47.65,51.84,1,0.9991,0.8496
carcro1,xc:138017,xc_138017,14,0,54.59,60.63,1,1.0,0.8493
carcro1,xc:1079008,xc_1079008,2,0,4.61,5.51,7,1.0,0.7389
carcro1,xc:936225,xc_936225,2,0,5.57,6.24,7,1.0,0.7209
carcro1,xc:688118,xc_688118,8,0,23.89,24.42,0,0.8482,0.7175
carcro1,xc:1079008,xc_1079008,1,0,3.21,4.1,7,1.0,0.7122
carcro1,xc:688118,xc_688118,7,0,16.51,18.22,0,0.943,0.7108
carcro1,xc:745101,xc_745101,12,2,36.86,37.22,6,0.8787,0.6967
carcro1,xc:490186,xc_490186,8,0,20.26,20.95,7,1.0,0.6965
carcro1,xc:1079008,xc_1079008,3,0,15.02,15.92,7,1.0,0.6949
carcro1,xc:688118,xc_688118,7,1,18.35,19.45,0,0.9709,0.6947
carcro1,xc:745101,xc_745101,6,0,20.69,21.03,6,0.9864,0.6932
carcro1,xc:745101,xc_745101,49,1,114.36,115.4,8,0.9298,0.6897
carcro1,xc:745101,xc_745101,18,1,48.67,49.05,6,1.0,0.6895
carcro1,xc:745101,xc_745101,25,0,63.0,63.44,6,1.0,0.6863
carcro1,xc:556994,xc_556994,17,1,29.25,29.87,2,1.0,0.6602
carcro1,xc:556994,xc_556994,0,1,0.68,1.58,2,1.0,0.659
carcro1,xc:688118,xc_688118,8,1,24.82,25.14,0,1.0,0.6577
carcro1,xc:556994,xc_556994,12,0,20.99,21.66,2,1.0,0.6548
carcro1,xc:556994,xc_556994,3,0,4.76,5.47,2,0.9904,0.6467
carcro1,xc:556994,xc_556994,16,0,26.24,26.87,2,1.0,0.6429
carcro1,xc:576943,xc_576943,9,2,24.8,25.38,3,0.6758,0.5744
carcro1,xc:576943,xc_576943,9,0,23.57,24.07,3,0.6878,0.5463
carcro1,xc:511980,xc_511980,0,7,3.87,4.46,3,1.0,0.5295
carcro1,xc:511980,xc_511980,0,8,4.72,5.23,3,1.0,0.5165
carcro1,xc:879243,xc_879243,0,6,5.3,5.48,3,0.628,0.5135
carcro1,xc:511980,xc_511980,0,6,2.96,3.76,3,1.0,0.5047
carcro1,xc:511980,xc_511980,0,10,6.16,7.09,3,1.0,0.4994
carcro1,xc:482395,xc_482395,4,17,14.68,14.78,4,1.0,0.4814
carcro1,xc:785592,xc_785592,1,1,8.06,8.88,4,0.9195,0.4694
carcro1,xc:482395,xc_482395,5,11,22.53,22.73,4,0.921,0.4536
cintit13,xc:625316,xc_625316,9,0,36.84,41.71,0,1.0,0.8786
cintit13,xc:625316,xc_625316,10,0,43.32,46.4,0,1.0,0.8762
cintit13,xc:625316,xc_625316,7,0,21.53,27.0,0,1.0,0.8711
cintit13,xc:625316,xc_625316,8,3,30.19,34.8,0,1.0,0.8703
cintit13,xc:625316,xc_625316,5,2,13.42,18.87,0,1.0,0.8699
cintit13,xc:582929,xc_582929,32,3,84.82,85.67,2,1.0,0.82
cintit13,xc:582929,xc_582929,20,0,62.77,63.52,2,1.0,0.8148
cintit13,xc:582929,xc_582929,22,0,65.29,66.11,2,1.0,0.8075
cintit13,xc:582929,xc_582929,11,2,36.47,37.44,2,1.0,0.8055
cintit13,xc:582929,xc_582929,12,3,41.95,42.96,2,1.0,0.8046
cintit13,xc:889843,xc_889843,72,0,120.4,120.93,4,0.7455,0.7979
cintit13,xc:889843,xc_889843,64,6,107.5,108.08,4,0.7527,0.7879
cintit13,xc:207133,xc_207133,6,5,26.66,28.14,1,1.0,0.7472
cintit13,xc:889843,xc_889843,78,0,127.24,127.78,4,0.8454,0.7329
cintit13,xc:207133,xc_207133,6,2,24.57,25.91,1,0.9455,0.7185
cintit13,xc:207133,xc_207133,0,0,0.02,0.84,1,0.8535,0.6964
cintit13,xc:889843,xc_889843,11,0,12.37,12.71,4,0.7847,0.6941
cintit13,xc:889843,xc_889843,18,0,26.3,26.87,4,0.7085,0.6893
cintit13,xc:207133,xc_207133,1,6,5.04,6.8,1,0.7981,0.6795
cintit13,xc:207133,xc_207133,1,11,8.81,8.98,1,0.7487,0.6537
cintit13,xc:105150,xc_105150,0,3,2.53,3.32,3,1.0,0.616
cintit13,xc:777400,xc_777400,13,1,32.2,32.33,5,0.9521,0.6012
cintit13,xc:105150,xc_105150,1,1,5.89,6.29,3,1.0,0.5939
cintit13,xc:777400,xc_777400,14,0,37.0,37.2,5,1.0,0.5933
cintit13,xc:241629,xc_241629,10,0,17.38,17.55,5,0.8199,0.5896
cintit13,xc:777400,xc_777400,8,1,10.51,10.75,5,1.0,0.5872
cintit13,xc:777400,xc_777400,13,3,32.85,33.0,5,0.9415,0.585
cintit13,xc:777400,xc_777400,8,0,10.35,10.43,5,0.9222,0.5835
cintit13,xc:319962,xc_319962,2,2,9.75,9.95,5,0.8205,0.5796
cintit13,xc:105150,xc_105150,1,3,6.68,10.17,3,0.9892,0.5535
cintit13,xc:105150,xc_105150,1,2,6.34,6.61,3,1.0,0.546
cintit13,xc:105150,xc_105150,2,2,12.51,13.5,3,1.0,0.5452
comkin1,xc:529947,xc_529947,0,3,7.66,8.28,0,1.0,0.8475
comkin1,xc:529947,xc_529947,2,0,12.8,13.09,0,1.0,0.8228
comkin1,xc:800955,xc_800955,2,6,6.64,7.17,7,1.0,0.8195
comkin1,xc:118166,xc_118166,4,2,8.49,8.72,0,1.0,0.8191
comkin1,xc:529947,xc_529947,1,0,8.71,8.99,0,1.0,0.8125
comkin1,xc:529947,xc_529947,1,3,10.27,10.54,0,1.0,0.8102
comkin1,xc:800955,xc_800955,6,0,21.24,21.45,7,1.0,0.8075
comkin1,xc:800955,xc_800955,7,1,22.2,22.38,7,1.0,0.8057
comkin1,xc:529947,xc_529947,1,1,9.11,9.38,0,1.0,0.8056
comkin1,xc:800955,xc_800955,3,8,13.78,13.98,7,1.0,0.7962
comkin1,xc:800955,xc_800955,11,2,30.88,31.07,7,0.9136,0.788
comkin1,xc:282763,xc_282763,0,2,3.31,3.7,4,0.9974,0.7314
comkin1,xc:185682,xc_185682,1,3,8.69,9.41,3,0.9163,0.7118
comkin1,xc:462875,xc_462875,8,5,15.89,16.21,8,1.0,0.6964
comkin1,xc:462875,xc_462875,9,1,17.27,17.58,8,1.0,0.6718
comkin1,xc:282763,xc_282763,0,0,2.22,2.41,4,1.0,0.6615
comkin1,xc:462875,xc_462875,3,0,6.22,6.54,8,1.0,0.6527
comkin1,xc:462875,xc_462875,1,3,4.76,5.15,8,1.0,0.649
comkin1,xc:282763,xc_282763,0,1,2.74,3.24,4,0.9783,0.6485
comkin1,xc:929047,xc_929047,0,8,4.84,5.1,4,1.0,0.6456
comkin1,xc:462875,xc_462875,5,0,7.83,8.16,8,1.0,0.6294
comkin1,xc:928954,xc_928954,0,4,3.5,4.25,6,1.0,0.6127
comkin1,xc:288219,xc_288219,10,5,32.83,33.41,2,0.7256,0.6055
comkin1,xc:288219,xc_288219,8,0,25.21,25.67,3,1.0,0.6053
comkin1,xc:288219,xc_288219,10,4,29.75,32.73,3,1.0,0.5975
comkin1,xc:288219,xc_288219,11,2,36.61,39.98,3,1.0,0.5969
comkin1,xc:288219,xc_288219,10,6,33.53,34.21,3,0.9156,0.5901
comkin1,xc:580507,xc_580507,1,0,1.87,2.13,4,0.9386,0.5878
comkin1,xc:929047,xc_929047,0,9,5.3,5.77,4,1.0,0.5527
comkin1,xc:587605,xc_587605,0,5,2.54,2.72,1,0.9572,0.5504
comkin1,xc:587605,xc_587605,3,10,18.6,18.76,1,1.0,0.5474
comkin1,xc:587605,xc_587605,4,5,22.43,22.71,1,0.9763,0.5431
comkin1,xc:587605,xc_587605,4,9,24.17,24.44,1,0.9763,0.5184
comkin1,xc:928954,xc_928954,0,3,2.67,3.35,6,0.9767,0.5179
comkin1,xc:587605,xc_587605,4,6,22.78,23.39,1,0.974,0.5164
comkin1,xc:928954,xc_928954,0,2,1.71,2.53,6,1.0,0.5122
comkin1,xc:929047,xc_929047,0,3,2.27,2.46,4,1.0,0.4978
comkin1,xc:929047,xc_929047,0,6,3.64,4.46,4,0.9771,0.4976
comkin1,xc:928954,xc_928954,3,7,19.17,19.94,6,1.0,0.4945
comkin1,xc:928954,xc_928954,4,0,20.52,20.89,6,1.0,0.4791
comkin1,xc:185682,xc_185682,3,0,13.91,14.53,2,0.8326,0.4701
comkin1,xc:502961,xc_502961,3,1,6.29,6.46,2,0.8638,0.4467
comkin1,xc:185682,xc_185682,4,2,15.1,16.06,2,1.0,0.4404
comkin1,xc:185682,xc_185682,2,2,11.28,12.26,2,1.0,0.4253
comkin1,xc:185682,xc_185682,2,3,12.31,13.74,2,0.9163,0.4069
compoc,xc:299728,xc_299728,3,3,13.74,15.97,4,1.0,0.7863
compoc,xc:299728,xc_299728,1,1,8.42,11.07,4,1.0,0.7574
compoc,xc:414488,xc_414488,0,8,3.83,4.22,1,0.8698,0.7426
compoc,xc:299728,xc_299728,5,10,24.31,26.32,4,1.0,0.7301
compoc,xc:414488,xc_414488,0,7,3.37,3.69,1,0.9271,0.7292
compoc,xc:414488,xc_414488,0,6,2.85,3.28,1,0.9104,0.727
compoc,xc:989599,xc_989599,8,0,27.45,29.27,1,0.8723,0.7255
compoc,xc:299728,xc_299728,0,1,0.45,1.29,4,0.9905,0.725
compoc,xc:989599,xc_989599,7,1,23.0,23.44,1,0.9796,0.7063
compoc,xc:989599,xc_989599,7,4,24.85,25.3,1,1.0,0.706
compoc,xc:299728,xc_299728,0,11,6.0,6.5,4,1.0,0.6858
compoc,xc:989599,xc_989599,5,0,13.81,14.18,1,1.0,0.6844
compoc,xc:989599,xc_989599,1,0,0.85,8.85,1,0.8755,0.6822
compoc,xc:609398,xc_609398,0,1,0.38,3.93,2,0.5149,0.6777
compoc,xc:609398,xc_609398,10,0,75.99,78.79,2,0.8229,0.6754
compoc,xc:414488,xc_414488,4,1,7.2,7.58,1,0.9209,0.6737
compoc,xc:414488,xc_414488,0,5,2.29,2.69,1,0.9271,0.6732
compoc,xc:797798,xc_797798,4,8,17.76,18.05,3,0.6974,0.6625
compoc,xc:609398,xc_609398,11,0,78.85,86.85,2,0.705,0.6481
compoc,xc:994657,xc_994657,6,4,30.09,32.93,3,0.773,0.6272
compoc,xc:797798,xc_797798,4,7,17.29,17.67,3,0.6952,0.6251
compoc,xc:797798,xc_797798,3,0,10.49,12.63,3,0.8124,0.6124
compoc,xc:797798,xc_797798,4,6,16.81,17.21,3,0.7471,0.6124
compoc,xc:797798,xc_797798,4,5,15.13,16.76,3,0.8285,0.6092
compoc,xc:609398,xc_609398,20,0,146.83,154.83,2,0.9181,0.6016
compoc,xc:609398,xc_609398,26,0,194.83,202.83,2,0.8148,0.5989
compoc,xc:994657,xc_994657,6,8,34.65,35.34,3,0.7398,0.5715
compoc,xc:994657,xc_994657,3,2,14.57,19.3,3,0.7715,0.5644
compoc,xc:994657,xc_994657,0,0,0.02,4.4,3,0.7277,0.5616
compoc,xc:783964,xc_783964,6,5,31.8,32.61,0,0.7491,0.558
compoc,xc:994666,xc_994666,0,0,0.29,8.29,3,0.9368,0.5575
compoc,xc:994657,xc_994657,2,0,9.22,10.94,3,1.0,0.5517
compoc,xc:994666,xc_994666,1,0,8.29,16.29,3,0.8708,0.55
compoc,xc:994666,xc_994666,4,0,32.29,36.78,3,0.9527,0.5416
compoc,xc:994666,xc_994666,3,0,24.29,32.29,3,1.0,0.5396
compoc,xc:783964,xc_783964,0,0,0.1,1.7,0,0.8242,0.5283
compoc,xc:783964,xc_783964,1,3,7.11,8.83,0,1.0,0.5151
compoc,xc:783964,xc_783964,3,0,16.43,17.82,0,1.0,0.4976
compoc,xc:783964,xc_783964,0,2,2.14,2.31,0,0.4781,0.4787
comsan,xc:671980,xc_671980,7,0,21.53,22.94,4,0.6925,0.8467
comsan,xc:671980,xc_671980,2,1,4.88,6.24,4,0.683,0.8399
comsan,xc:503479,xc_503479,17,0,53.6,53.74,1,0.9807,0.827
comsan,xc:503479,xc_503479,5,0,17.67,18.78,4,0.848,0.8242
comsan,xc:671980,xc_671980,1,4,3.26,4.21,4,0.6925,0.8128
comsan,xc:503479,xc_503479,13,2,40.64,41.9,4,1.0,0.8045
comsan,xc:580687,xc_580687,17,4,30.1,32.47,0,1.0,0.8006
comsan,xc:503479,xc_503479,1,0,6.98,8.97,4,0.8002,0.799
comsan,xc:503479,xc_503479,15,0,45.39,46.98,4,1.0,0.794
comsan,xc:580687,xc_580687,19,2,35.0,37.56,0,1.0,0.7906
comsan,xc:671980,xc_671980,0,1,0.25,1.56,4,0.6925,0.7865
comsan,xc:671980,xc_671980,10,1,30.67,32.85,4,0.6925,0.7815
comsan,xc:580687,xc_580687,18,0,32.71,34.39,0,1.0,0.7638
comsan,xc:839052,xc_839052,10,3,40.34,40.94,5,1.0,0.736
comsan,xc:580687,xc_580687,17,2,25.18,29.63,0,1.0,0.7243
comsan,xc:580687,xc_580687,22,7,52.65,52.8,0,0.8018,0.7127
comsan,xc:839052,xc_839052,11,3,42.34,42.94,5,1.0,0.6676
comsan,xc:839052,xc_839052,10,2,38.67,40.19,5,1.0,0.6588
comsan,xc:839052,xc_839052,11,2,41.51,42.21,5,1.0,0.6504
comsan,xc:1042071,xc_1042071,10,5,14.0,14.95,2,1.0,0.6346
comsan,xc:686345,xc_686345,3,0,5.85,5.97,3,1.0,0.6081
comsan,xc:839052,xc_839052,10,1,37.24,38.62,5,1.0,0.6067
comsan,xc:686345,xc_686345,1,3,3.23,3.67,3,1.0,0.5942
comsan,xc:686345,xc_686345,3,3,6.78,7.04,3,1.0,0.5917
comsan,xc:743065,xc_743065,12,0,17.75,18.14,1,0.8498,0.5895
comsan,xc:743065,xc_743065,5,0,9.53,9.72,1,0.9142,0.5773
comsan,xc:686345,xc_686345,3,4,7.18,7.27,3,1.0,0.5716
comsan,xc:1042071,xc_1042071,3,1,5.56,5.64,2,1.0,0.5587
comsan,xc:686345,xc_686345,3,5,7.61,7.69,3,0.9069,0.534
comsan,xc:900380,xc_900380,1,0,4.47,5.27,1,0.8277,0.5312
comsan,xc:798178,xc_798178,0,0,0.02,0.21,1,0.9919,0.5088
comsan,xc:900380,xc_900380,1,1,5.35,5.47,1,0.8277,0.4733
comsan,xc:1042071,xc_1042071,6,3,9.35,9.63,2,1.0,0.4731
comsan,xc:1042071,xc_1042071,6,1,8.53,8.74,2,1.0,0.4677
comsan,xc:1042071,xc_1042071,11,1,18.75,18.93,2,1.0,0.4578
daured1,xc:438628,xc_438628,35,1,64.67,64.88,7,1.0,0.8433
daured1,xc:438628,xc_438628,25,0,47.53,47.73,7,0.9351,0.8326
daured1,xc:438628,xc_438628,31,0,57.83,58.0,7,0.851,0.8313
daured1,xc:438628,xc_438628,16,0,28.87,29.1,7,1.0,0.8308
daured1,xc:438628,xc_438628,28,0,53.0,53.23,7,0.7256,0.8307
daured1,xc:1052253,xc_1052253,8,1,19.55,19.73,6,0.925,0.8236
daured1,xc:457952,xc_457952,22,0,52.17,53.97,0,0.8061,0.82
daured1,xc:457952,xc_457952,4,0,4.65,6.18,0,0.7027,0.8175
daured1,xc:457952,xc_457952,18,6,40.63,42.33,0,0.7956,0.8097
daured1,xc:457952,xc_457952,20,0,46.44,48.43,0,0.7584,0.8085
daured1,xc:1052253,xc_1052253,8,8,21.92,22.11,6,1.0,0.7969
daured1,xc:999956,xc_999956,39,1,165.43,166.57,2,0.904,0.7907
daured1,xc:1052253,xc_1052253,7,0,18.05,18.25,6,1.0,0.7828
daured1,xc:1052253,xc_1052253,8,15,25.06,25.26,6,0.8784,0.7814
daured1,xc:1052253,xc_1052253,1,9,11.63,11.83,6,1.0,0.7761
daured1,xc:999956,xc_999956,46,2,192.5,194.55,2,0.8059,0.7718
daured1,xc:999956,xc_999956,40,1,172.78,175.02,2,0.9045,0.7519
daured1,xc:999956,xc_999956,12,2,58.09,60.04,2,0.9117,0.7507
daured1,xc:760658,xc_760658,4,0,7.42,7.72,8,0.9701,0.7464
daured1,xc:999956,xc_999956,17,0,74.12,81.06,2,0.9412,0.7447
daured1,xc:760658,xc_760658,9,0,12.99,13.29,8,1.0,0.6549
daured1,xc:760658,xc_760658,18,0,22.33,22.53,8,1.0,0.6526
daured1,xc:760658,xc_760658,11,0,17.14,17.44,8,1.0,0.6377
daured1,xc:918844,xc_918844,0,0,0.75,2.98,3,0.7631,0.6322
daured1,xc:457952,xc_457952,51,1,126.56,128.46,1,0.861,0.6203
daured1,xc:977650,xc_977650,13,2,11.11,11.67,5,0.9236,0.6064
daured1,xc:918844,xc_918844,11,4,52.41,53.53,3,1.0,0.5872
daured1,xc:918844,xc_918844,4,0,27.03,35.03,3,0.7312,0.5827
daured1,xc:977650,xc_977650,21,0,26.0,26.07,5,1.0,0.5662
daured1,xc:977650,xc_977650,14,1,12.67,12.74,5,1.0,0.5627
daured1,xc:977650,xc_977650,12,1,9.27,9.46,5,1.0,0.5584
daured1,xc:877985,xc_877985,12,0,49.41,51.0,4,1.0,0.5577
daured1,xc:977650,xc_977650,13,3,11.82,11.91,5,0.9062,0.5561
daured1,xc:918844,xc_918844,1,0,3.03,11.03,3,0.8191,0.5494
daured1,xc:760656,xc_760656,1,6,10.06,10.55,9,0.9446,0.5487
daured1,xc:877985,xc_877985,11,1,42.44,44.37,4,0.9893,0.5476
daured1,xc:877985,xc_877985,8,2,27.65,28.93,4,0.9034,0.5316
daured1,xc:877985,xc_877985,9,2,32.93,34.78,4,1.0,0.5205
daured1,xc:877985,xc_877985,4,0,8.35,9.17,4,0.9985,0.5183
daured1,xc:760656,xc_760656,2,2,12.03,14.63,9,0.9894,0.4722
daured1,xc:113350,xc_113350,4,9,16.96,17.45,10,1.0,0.4694
daured1,xc:113350,xc_113350,10,2,30.27,30.68,10,1.0,0.4586
daured1,xc:760656,xc_760656,11,1,46.31,46.86,9,0.9446,0.4545
daured1,xc:760656,xc_760656,1,2,7.45,7.93,9,1.0,0.4467
dusthr2,xc:893034,xc_893034,3,0,2.33,5.55,0,0.6103,0.8775
dusthr2,xc:893034,xc_893034,32,6,80.68,82.01,0,0.6887,0.8378
dusthr2,xc:893034,xc_893034,31,8,76.01,78.3,0,0.7725,0.8311
dusthr2,xc:708724,xc_708724,7,0,13.05,13.67,1,0.7372,0.8291
dusthr2,xc:893034,xc_893034,28,2,65.04,66.07,0,0.7689,0.819
dusthr2,xc:438228,xc_438228,7,0,9.34,9.92,2,0.9608,0.8024
dusthr2,xc:893034,xc_893034,26,2,57.33,59.11,0,0.6815,0.7887
dusthr2,xc:708724,xc_708724,3,0,6.81,7.41,1,0.7358,0.7409
dusthr2,xc:393463,xc_393463,10,1,38.28,38.77,4,1.0,0.7217
dusthr2,xc:438228,xc_438228,18,0,31.57,32.42,2,0.8969,0.7193
dusthr2,xc:393463,xc_393463,13,0,45.35,46.32,4,1.0,0.7181
dusthr2,xc:393463,xc_393463,2,9,8.58,10.41,4,1.0,0.7008
dusthr2,xc:708761,xc_708761,7,0,17.39,17.87,1,0.7958,0.6978
dusthr2,xc:115098,xc_115098,17,0,29.26,29.8,5,1.0,0.6908
dusthr2,xc:393463,xc_393463,17,0,57.32,58.4,4,1.0,0.686
dusthr2,xc:115098,xc_115098,1,2,3.78,4.32,5,1.0,0.6856
dusthr2,xc:115098,xc_115098,42,1,67.68,67.84,5,1.0,0.6837
dusthr2,xc:115098,xc_115098,9,2,13.62,13.74,5,1.0,0.6733
dusthr2,xc:115098,xc_115098,27,0,43.32,43.47,5,1.0,0.6728
dusthr2,xc:708761,xc_708761,27,1,47.67,48.34,1,0.8601,0.6585
dusthr2,xc:708724,xc_708724,6,0,10.89,11.73,1,0.7325,0.6535
dusthr2,xc:708724,xc_708724,4,0,9.04,9.51,1,0.7372,0.6452
dusthr2,xc:708761,xc_708761,15,0,30.25,31.03,1,1.0,0.6388
dusthr2,xc:438228,xc_438228,5,2,7.71,8.27,2,1.0,0.6362
dusthr2,xc:438228,xc_438228,19,0,33.18,33.87,2,1.0,0.6207
dusthr2,xc:675617,xc_675617,0,0,0.02,0.71,6,0.8569,0.619
dusthr2,xc:675169,xc_675169,9,0,10.86,11.74,6,0.6277,0.6179
dusthr2,xc:675617,xc_675617,2,5,12.38,12.8,6,1.0,0.6062
dusthr2,xc:675617,xc_675617,4,3,18.32,20.76,6,0.6943,0.6047
dusthr2,xc:675617,xc_675617,0,9,4.33,4.51,6,0.7394,0.6044
dusthr2,xc:675170,xc_675170,5,3,11.45,12.04,6,0.7272,0.6036
dusthr2,xc:675617,xc_675617,2,8,13.48,13.7,6,0.8854,0.5965
dusthr2,xc:708724,xc_708724,2,1,5.12,5.76,1,0.7372,0.5924
dusthr2,xc:675169,xc_675169,15,1,22.73,22.85,6,0.7375,0.5835
dusthr2,xc:675169,xc_675169,11,0,13.79,14.22,6,0.7487,0.5811
dusthr2,xc:393463,xc_393463,2,4,6.16,6.31,3,1.0,0.57
dusthr2,xc:675170,xc_675170,5,7,12.93,13.06,6,0.6901,0.5689
dusthr2,xc:676013,xc_676013,0,2,0.57,1.11,6,0.7272,0.5627
dusthr2,xc:675169,xc_675169,15,2,23.22,23.34,6,0.6802,0.5606
dusthr2,xc:675170,xc_675170,5,9,13.44,14.31,6,0.7132,0.5556
dusthr2,xc:675170,xc_675170,0,3,1.59,1.69,6,0.8165,0.5536
eurcoo,xc:1031905,xc_1031905,4,16,12.78,12.94,5,0.9438,0.7963
eurcoo,xc:761470,xc_761470,20,3,83.4,83.84,2,1.0,0.7568
eurcoo,xc:761470,xc_761470,2,1,11.88,13.0,0,1.0,0.7567
eurcoo,xc:1031905,xc_1031905,5,2,14.54,14.7,5,1.0,0.7348
eurcoo,xc:1031905,xc_1031905,5,0,13.32,13.61,5,1.0,0.7268
eurcoo,xc:761470,xc_761470,13,4,52.32,52.84,2,1.0,0.722
eurcoo,xc:761470,xc_761470,1,6,7.8,8.98,0,1.0,0.7118
eurcoo,xc:761470,xc_761470,8,5,29.51,30.11,0,1.0,0.7064
eurcoo,xc:1031905,xc_1031905,4,15,12.47,12.61,5,1.0,0.7015
eurcoo,xc:624808,xc_624808,11,0,28.81,28.9,6,1.0,0.6981
eurcoo,xc:1031905,xc_1031905,5,6,15.87,16.03,5,0.9449,0.689
eurcoo,xc:902431,xc_902431,12,3,26.2,26.9,5,0.8968,0.6666
eurcoo,xc:424005,xc_424005,7,10,26.32,26.93,4,1.0,0.6483
eurcoo,xc:624808,xc_624808,16,0,50.64,50.78,6,1.0,0.6478
eurcoo,xc:624808,xc_624808,8,0,23.33,23.46,6,1.0,0.6282
eurcoo,xc:624808,xc_624808,15,0,39.22,39.37,6,1.0,0.6162
eurcoo,xc:424005,xc_424005,5,11,18.31,19.63,4,1.0,0.6041
eurcoo,xc:631503,xc_631503,1,0,11.3,11.48,6,1.0,0.5757
eurcoo,xc:424005,xc_424005,7,5,23.7,24.75,4,1.0,0.5741
eurcoo,xc:624808,xc_624808,14,0,36.12,36.27,6,1.0,0.5732
eurcoo,xc:357835,xc_357835,14,0,39.16,43.29,7,0.5883,0.5627
eurcoo,xc:424005,xc_424005,2,9,7.37,7.57,3,1.0,0.559
eurcoo,xc:424005,xc_424005,5,5,14.32,16.04,4,1.0,0.551
eurcoo,xc:357835,xc_357835,12,1,33.41,36.1,7,0.5498,0.5435
eurcoo,xc:357835,xc_357835,13,1,36.63,39.08,7,0.5421,0.5402
eurcoo,xc:528641,xc_528641,3,2,2.57,2.68,7,0.5213,0.5325
eurcoo,xc:381908,xc_381908,1,6,6.95,7.59,4,0.949,0.5317
eurcoo,xc:357835,xc_357835,6,5,18.0,20.01,7,0.5883,0.5166
eurcoo,xc:357835,xc_357835,17,0,52.66,52.8,7,0.6521,0.4855
eurcoo,xc:528641,xc_528641,1,0,1.06,1.12,7,0.5213,0.475
eurcoo,xc:528641,xc_528641,8,0,6.96,7.05,7,0.5213,0.4734
eurcoo,xc:528641,xc_528641,12,1,10.96,11.07,7,0.5213,0.4636
eurcoo,xc:528641,xc_528641,11,0,10.24,10.34,7,0.5213,0.4602
eurwig,xc:113187,xc_113187,21,2,68.78,70.04,6,1.0,0.8697
eurwig,xc:113187,xc_113187,29,0,100.17,101.4,6,1.0,0.8663
eurwig,xc:113187,xc_113187,21,5,70.99,71.66,6,0.929,0.8582
eurwig,xc:113187,xc_113187,31,1,116.41,117.83,5,1.0,0.8553
eurwig,xc:113187,xc_113187,30,2,108.6,109.68,6,0.9834,0.8546
eurwig,xc:695704,xc_695704,8,0,12.56,12.95,3,0.9542,0.7413
eurwig,xc:266803,xc_266803,79,0,152.61,152.69,4,0.5206,0.6811
eurwig,xc:266803,xc_266803,82,0,154.41,154.51,4,0.6134,0.6807
eurwig,xc:684919,xc_684919,16,2,18.64,18.79,0,1.0,0.674
eurwig,xc:266803,xc_266803,93,0,177.0,177.08,4,0.4937,0.649
eurwig,xc:266803,xc_266803,103,3,186.63,186.73,4,0.6134,0.6385
eurwig,xc:266803,xc_266803,103,9,189.06,189.21,4,0.6134,0.6368
eurwig,xc:706792,xc_706792,1,1,2.52,2.98,1,1.0,0.5936
eurwig,xc:706792,xc_706792,2,5,7.19,7.69,1,1.0,0.5895
eurwig,xc:695704,xc_695704,11,0,19.88,20.25,3,0.9766,0.5864
eurwig,xc:695704,xc_695704,25,1,32.16,32.48,3,0.9766,0.584
eurwig,xc:706792,xc_706792,2,6,7.83,8.49,1,1.0,0.5832
eurwig,xc:695704,xc_695704,24,0,30.24,30.54,3,0.9724,0.5721
eurwig,xc:684919,xc_684919,8,0,8.25,8.34,0,1.0,0.5625
eurwig,xc:706795,xc_706795,2,4,13.04,13.11,1,0.6571,0.5506
eurwig,xc:706792,xc_706792,2,9,10.54,10.94,1,1.0,0.548
eurwig,xc:695704,xc_695704,6,1,8.43,8.56,2,1.0,0.5371
eurwig,xc:706792,xc_706792,2,8,9.15,10.36,1,1.0,0.5332
eurwig,xc:706795,xc_706795,2,3,12.9,12.98,1,0.7276,0.5291
eurwig,xc:684919,xc_684919,21,13,36.18,36.56,0,1.0,0.5241
eutspa,xc:629244,xc_629244,18,1,53.23,54.1,0,1.0,0.8674
eutspa,xc:629244,xc_629244,16,0,48.12,48.91,0,1.0,0.8662
eutspa,xc:629244,xc_629244,11,2,38.17,39.06,0,1.0,0.8611
eutspa,xc:358624,xc_358624,3,2,17.6,18.71,2,0.9673,0.8585
eutspa,xc:629244,xc_629244,18,3,54.75,55.39,0,1.0,0.8585
eutspa,xc:629244,xc_629244,11,1,36.83,37.85,0,1.0,0.8563
eutspa,xc:358624,xc_358624,13,0,49.2,51.5,2,1.0,0.8441
eutspa,xc:358624,xc_358624,4,6,26.27,26.77,2,1.0,0.8434
eutspa,xc:358624,xc_358624,2,3,10.6,11.0,2,0.9569,0.8349
eutspa,xc:358624,xc_358624,3,3,18.8,19.31,2,1.0,0.8339
eutspa,xc:155563,xc_155563,53,4,200.05,200.49,6,0.6616,0.8013
eutspa,xc:164536,xc_164536,7,1,15.14,15.38,4,0.8974,0.7499
eutspa,xc:155563,xc_155563,32,2,123.73,123.98,6,0.8232,0.7479
eutspa,xc:164536,xc_164536,36,3,79.97,80.26,4,1.0,0.7472
eutspa,xc:155563,xc_155563,52,5,192.35,192.69,6,0.7046,0.7421
eutspa,xc:155563,xc_155563,37,7,145.6,145.77,6,0.6592,0.7396
eutspa,xc:164536,xc_164536,6,0,13.53,13.95,4,1.0,0.7328
eutspa,xc:164536,xc_164536,18,1,47.56,47.83,4,1.0,0.7255
eutspa,xc:155563,xc_155563,48,9,169.81,169.98,6,0.7844,0.7195
eutspa,xc:164536,xc_164536,9,17,23.29,23.69,4,1.0,0.7147
eutspa,xc:341173,xc_341173,8,3,17.5,17.78,6,0.7054,0.7063
eutspa,xc:497883,xc_497883,16,0,118.76,124.81,3,1.0,0.649
eutspa,xc:497883,xc_497883,15,0,112.16,118.7,3,1.0,0.6377
eutspa,xc:497883,xc_497883,14,0,107.44,112.09,3,1.0,0.6348
eutspa,xc:185713,xc_185713,11,0,31.87,32.05,7,1.0,0.5977
eutspa,xc:656912,xc_656912,9,2,23.22,23.4,5,0.7907,0.5942
eutspa,xc:185713,xc_185713,10,2,30.74,30.92,7,1.0,0.5753
eutspa,xc:656912,xc_656912,13,0,27.74,27.91,5,1.0,0.5621
eutspa,xc:656912,xc_656912,14,8,31.64,31.82,5,0.9613,0.5584
eutspa,xc:656912,xc_656912,8,1,20.73,21.5,5,0.8509,0.5561
eutspa,xc:656912,xc_656912,4,0,12.17,12.56,5,0.9922,0.552
eutspa,xc:185713,xc_185713,1,0,3.77,3.95,7,1.0,0.55
eutspa,xc:185713,xc_185713,2,9,11.2,11.41,7,1.0,0.5469
eutspa,xc:185713,xc_185713,1,10,8.5,8.67,7,0.97,0.5418
eutspa,xc:936174,xc_936174,29,4,41.77,42.15,1,1.0,0.5126
eutspa,xc:936174,xc_936174,17,6,29.36,29.44,1,0.9228,0.4913
eutspa,xc:936174,xc_936174,39,4,84.16,84.25,1,1.0,0.4866
eutspa,xc:936174,xc_936174,39,3,83.99,84.06,1,0.8558,0.4432
eutspa,xc:936174,xc_936174,39,0,82.79,82.89,1,1.0,0.441
gadwal,xc:1021727,xc_1021727,10,1,39.77,40.84,5,0.4978,0.8416
gadwal,xc:1021727,xc_1021727,9,0,32.83,37.47,5,0.647,0.8182
gadwal,xc:1021727,xc_1021727,10,0,37.58,39.71,5,0.647,0.8134
gadwal,xc:1021727,xc_1021727,10,4,42.37,43.72,5,0.4392,0.8079
gadwal,xc:622760,xc_622760,18,0,46.83,47.01,0,1.0,0.7916
gadwal,xc:622760,xc_622760,19,0,50.42,50.61,0,1.0,0.788
gadwal,xc:1021727,xc_1021727,8,0,24.83,32.83,5,0.647,0.7783
gadwal,xc:622760,xc_622760,1,0,1.44,1.67,0,0.93,0.7652
gadwal,xc:622760,xc_622760,44,0,83.84,84.03,0,0.9862,0.7566
gadwal,xc:284792,xc_284792,1,5,4.95,5.27,4,1.0,0.737
gadwal,xc:963992,xc_963992,1,0,5.94,6.26,6,0.7757,0.7109
gadwal,xc:651967,xc_651967,17,3,74.27,78.99,6,0.7956,0.708
gadwal,xc:284792,xc_284792,1,3,3.85,4.25,4,1.0,0.6968
gadwal,xc:548049,xc_548049,3,3,14.21,14.45,4,1.0,0.6879
gadwal,xc:963992,xc_963992,2,3,12.62,12.96,6,0.7757,0.6814
gadwal,xc:548049,xc_548049,1,0,0.34,2.77,4,1.0,0.6798
gadwal,xc:963992,xc_963992,1,1,6.37,7.12,6,0.7757,0.6773
gadwal,xc:963992,xc_963992,2,1,11.38,11.92,6,0.7757,0.6591
gadwal,xc:1021729,xc_1021729,18,1,41.1,41.19,3,1.0,0.659
gadwal,xc:651967,xc_651967,1,5,5.39,6.52,6,0.8199,0.6579
gadwal,xc:963992,xc_963992,2,0,10.98,11.32,6,0.7757,0.6513
gadwal,xc:651967,xc_651967,8,3,29.74,30.29,6,0.8341,0.6463
gadwal,xc:651967,xc_651967,12,6,45.92,50.76,6,0.9754,0.6426
gadwal,xc:357526,xc_357526,2,8,12.99,13.55,8,0.9926,0.6423
gadwal,xc:651967,xc_651967,2,0,8.89,10.91,6,0.9754,0.6222
gadwal,xc:357526,xc_357526,3,3,17.97,18.54,8,1.0,0.6205
gadwal,xc:595438,xc_595438,15,0,48.7,48.9,7,0.9571,0.6203
gadwal,xc:357526,xc_357526,11,2,49.41,49.88,9,1.0,0.6176
gadwal,xc:707600,xc_707600,1,1,2.21,2.41,7,0.9571,0.6138
gadwal,xc:357526,xc_357526,11,1,48.96,49.24,8,1.0,0.6057
gadwal,xc:1021729,xc_1021729,1,1,5.24,5.32,3,0.9728,0.6034
gadwal,xc:357526,xc_357526,2,3,10.98,11.35,9,1.0,0.6003
gadwal,xc:595438,xc_595438,17,1,50.9,51.1,7,0.9191,0.5978
gadwal,xc:595438,xc_595438,5,0,23.98,24.92,7,1.0,0.5956
gadwal,xc:1021729,xc_1021729,14,0,33.64,33.76,3,1.0,0.5954
gadwal,xc:539308,xc_539308,9,0,23.18,30.45,1,0.4767,0.5797
gadwal,xc:707600,xc_707600,4,0,8.55,8.73,7,0.9571,0.5722
gadwal,xc:595438,xc_595438,8,1,33.74,35.55,7,1.0,0.5617
gadwal,xc:539308,xc_539308,11,4,38.02,39.04,1,1.0,0.5604
gadwal,xc:622760,xc_622760,5,1,9.8,10.09,2,1.0,0.5586
gadwal,xc:548049,xc_548049,6,4,21.13,21.34,2,1.0,0.5563
gadwal,xc:539308,xc_539308,4,3,5.9,6.96,1,0.952,0.5524
gadwal,xc:883856,xc_883856,5,0,11.99,15.3,10,1.0,0.5494
gadwal,xc:539308,xc_539308,8,0,15.18,23.18,1,0.7746,0.5458
gadwal,xc:539308,xc_539308,7,0,11.43,13.59,1,0.9485,0.5412
gadwal,xc:883856,xc_883856,6,3,18.9,20.39,10,1.0,0.5284
gadwal,xc:883856,xc_883856,6,0,15.42,18.16,10,1.0,0.5005
gadwal,xc:883856,xc_883856,4,0,4.38,11.94,10,1.0,0.499
gadwal,xc:707600,xc_707600,3,0,7.44,7.57,10,0.8102,0.498
gadwal,xc:595438,xc_595438,11,0,38.35,38.57,10,0.865,0.4782
gnwtea,xc:533237,xc_533237,7,1,14.36,14.54,6,1.0,0.8436
gnwtea,xc:533237,xc_533237,32,0,58.23,58.41,6,1.0,0.8407
gnwtea,xc:533237,xc_533237,26,0,45.65,45.91,6,1.0,0.786
gnwtea,xc:533237,xc_533237,0,1,1.0,1.55,6,1.0,0.7574
gnwtea,xc:365480,xc_365480,5,0,10.21,10.48,1,1.0,0.7544
gnwtea,xc:533237,xc_533237,32,2,59.09,59.24,6,1.0,0.7506
gnwtea,xc:365480,xc_365480,7,0,12.13,12.29,1,1.0,0.746
gnwtea,xc:1009913,xc_1009913,3,0,7.84,8.04,2,0.9779,0.7368
gnwtea,xc:787239,xc_787239,3,0,4.37,4.51,5,1.0,0.7263
gnwtea,xc:787239,xc_787239,6,3,8.24,8.38,5,0.868,0.7203
gnwtea,xc:787239,xc_787239,5,0,6.75,6.88,5,0.9596,0.7088
gnwtea,xc:365480,xc_365480,6,1,11.15,11.32,1,1.0,0.7086
gnwtea,xc:365480,xc_365480,4,10,9.3,9.49,1,1.0,0.705
gnwtea,xc:365480,xc_365480,4,8,8.37,8.64,1,1.0,0.7028
gnwtea,xc:787239,xc_787239,26,0,43.38,43.5,5,1.0,0.7012
gnwtea,xc:787239,xc_787239,32,0,48.42,48.54,5,0.9018,0.6946
gnwtea,xc:1009913,xc_1009913,4,2,9.2,9.38,2,1.0,0.6477
gnwtea,xc:653711,xc_653711,13,0,32.11,32.36,0,1.0,0.6418
gnwtea,xc:1009913,xc_1009913,4,0,8.62,8.8,2,1.0,0.6414
gnwtea,xc:653711,xc_653711,12,1,31.04,31.2,0,1.0,0.6369
gnwtea,xc:653711,xc_653711,12,0,30.66,30.82,0,0.8752,0.6329
gnwtea,xc:1009913,xc_1009913,2,14,7.18,7.35,2,1.0,0.6292
gnwtea,xc:1025891,xc_1025891,3,1,6.3,6.47,2,0.9779,0.6181
gnwtea,xc:1068699,xc_1068699,0,4,1.36,1.86,4,0.9157,0.6104
gnwtea,xc:1068699,xc_1068699,1,1,2.91,3.28,4,0.9157,0.6056
gnwtea,xc:1068699,xc_1068699,19,6,25.92,26.06,3,1.0,0.6009
gnwtea,xc:1068699,xc_1068699,37,2,62.4,62.62,4,0.9962,0.5829
gnwtea,xc:653711,xc_653711,12,2,31.46,31.64,0,1.0,0.5795
gnwtea,xc:1009913,xc_1009913,4,4,9.69,10.0,2,1.0,0.5568
gnwtea,xc:1068699,xc_1068699,30,1,45.62,46.45,4,0.9144,0.5498
gnwtea,xc:653711,xc_653711,11,0,29.79,29.98,0,1.0,0.5298
gnwtea,xc:1025891,xc_1025891,5,0,8.57,8.67,2,0.941,0.5273
gnwtea,xc:641380,xc_641380,8,0,12.44,12.56,4,1.0,0.5066
gnwtea,xc:641380,xc_641380,7,3,11.53,11.66,4,1.0,0.4941
gnwtea,xc:641380,xc_641380,9,0,13.44,13.64,4,1.0,0.4843
graher1,xc:717824,xc_717824,2,0,4.58,5.14,2,1.0,0.823
graher1,xc:717824,xc_717824,1,0,3.27,3.88,2,1.0,0.7736
graher1,xc:717824,xc_717824,0,0,2.05,2.59,2,0.9349,0.7732
graher1,xc:781315,xc_781315,10,0,17.7,18.17,4,0.8742,0.7137
graher1,xc:196217,xc_196217,0,1,0.58,0.92,0,1.0,0.6922
graher1,xc:831392,xc_831392,5,0,36.2,36.49,1,0.8404,0.6844
graher1,xc:781315,xc_781315,7,1,10.14,10.45,4,0.8309,0.6817
graher1,xc:831392,xc_831392,31,0,134.02,134.4,1,0.8526,0.6746
graher1,xc:957951,xc_957951,2,4,8.73,9.21,3,0.9386,0.6626
graher1,xc:196217,xc_196217,17,0,32.73,33.29,0,1.0,0.6601
graher1,xc:781315,xc_781315,6,0,8.45,8.7,4,0.942,0.656
graher1,xc:196217,xc_196217,0,4,2.89,3.62,0,0.8836,0.6557
graher1,xc:738682,xc_738682,13,2,33.29,34.07,2,1.0,0.6467
graher1,xc:957951,xc_957951,2,2,7.4,7.84,3,1.0,0.6448
graher1,xc:831392,xc_831392,28,0,129.34,129.87,1,1.0,0.644
graher1,xc:196217,xc_196217,1,1,7.61,8.18,0,1.0,0.6323
graher1,xc:781315,xc_781315,9,1,14.21,14.45,4,0.9508,0.6283
graher1,xc:831392,xc_831392,24,0,121.1,121.45,1,0.8327,0.6282
graher1,xc:831392,xc_831392,27,0,126.92,127.35,1,1.0,0.6175
graher1,xc:781315,xc_781315,9,3,15.06,15.32,4,0.8852,0.6156
graher1,xc:957951,xc_957951,5,1,21.66,21.76,3,0.933,0.6122
graher1,xc:738682,xc_738682,8,0,16.59,17.34,2,1.0,0.6079
graher1,xc:196217,xc_196217,0,7,4.56,4.88,0,1.0,0.6067
graher1,xc:957951,xc_957951,5,3,22.16,22.37,3,1.0,0.6037
graher1,xc:957951,xc_957951,2,7,10.19,10.39,3,1.0,0.6016
graher1,xc:801934,xc_801934,4,4,8.34,8.55,6,1.0,0.5916
graher1,xc:937807,xc_937807,4,1,6.59,6.86,4,1.0,0.5708
graher1,xc:801934,xc_801934,1,1,2.93,3.0,6,0.7196,0.5675
graher1,xc:801934,xc_801934,10,0,21.33,21.69,6,1.0,0.565
graher1,xc:937807,xc_937807,8,0,10.1,10.46,4,0.9576,0.5643
graher1,xc:937807,xc_937807,7,0,8.9,9.21,4,1.0,0.5623
graher1,xc:636469,xc_636469,8,0,41.62,43.93,5,1.0,0.5583
graher1,xc:801934,xc_801934,9,3,19.41,19.55,6,0.7318,0.5527
graher1,xc:801934,xc_801934,4,2,7.68,8.16,6,0.964,0.551
graher1,xc:937807,xc_937807,6,0,8.11,8.29,4,1.0,0.5496
graher1,xc:937807,xc_937807,5,0,7.33,7.55,4,1.0,0.548
graher1,xc:636469,xc_636469,0,4,2.19,6.33,5,1.0,0.5433
graher1,xc:636469,xc_636469,4,1,23.69,29.76,5,1.0,0.5396
graher1,xc:636469,xc_636469,2,1,14.96,18.0,5,0.8757,0.5369
graher1,xc:636469,xc_636469,5,0,29.88,37.88,5,0.8075,0.5364
grcgre1,xc:147184,xc_147184,0,5,1.54,1.72,0,0.7872,0.7821
grcgre1,xc:592110,xc_592110,9,2,27.41,28.17,1,0.9405,0.7553
grcgre1,xc:579195,xc_579195,37,17,55.36,55.53,2,1.0,0.747
grcgre1,xc:147184,xc_147184,0,4,1.23,1.41,0,0.81,0.7423
grcgre1,xc:592110,xc_592110,2,0,6.1,10.83,1,0.9509,0.7185
grcgre1,xc:592110,xc_592110,4,2,12.71,13.82,1,0.8313,0.7128
grcgre1,xc:579195,xc_579195,37,7,51.01,51.2,2,1.0,0.7102
grcgre1,xc:592110,xc_592110,2,2,11.16,11.5,1,1.0,0.7084
grcgre1,xc:147184,xc_147184,0,2,0.64,0.82,0,0.8933,0.7043
grcgre1,xc:592110,xc_592110,8,7,22.9,23.11,1,0.9411,0.7014
grcgre1,xc:147184,xc_147184,0,0,0.04,0.21,0,0.9306,0.6985
grcgre1,xc:147184,xc_147184,0,1,0.31,0.48,0,0.911,0.6902
grcgre1,xc:579195,xc_579195,37,8,51.44,51.56,2,1.0,0.6744
grcgre1,xc:662840,xc_662840,1,4,2.42,2.71,2,0.9676,0.6453
grcgre1,xc:579195,xc_579195,78,1,122.28,122.54,2,0.9724,0.645
grcgre1,xc:579195,xc_579195,37,4,50.17,50.42,2,1.0,0.6405
grcgre1,xc:363743,xc_363743,12,0,46.61,47.45,2,0.9552,0.5247
grcgre1,xc:363743,xc_363743,4,0,23.18,23.37,2,0.9796,0.5179
grecor,xc:214292,xc_214292,17,0,75.15,75.97,0,1.0,0.8016
grecor,xc:214292,xc_214292,13,5,60.86,64.28,0,1.0,0.7776
grecor,xc:214292,xc_214292,26,0,104.81,111.27,0,1.0,0.7691
grecor,xc:214292,xc_214292,1,0,6.8,11.98,0,1.0,0.7629
grecor,xc:214292,xc_214292,35,0,127.81,133.35,0,1.0,0.7573
grecor,xc:372106,xc_372106,11,9,44.69,45.36,3,0.7413,0.7097
grecor,xc:308865,xc_308865,12,4,51.78,52.49,3,0.7308,0.6851
grecor,xc:308865,xc_308865,13,0,53.33,53.78,3,0.7129,0.6772
grecor,xc:372106,xc_372106,1,3,3.25,8.25,3,0.8433,0.6611
grecor,xc:372106,xc_372106,11,10,45.54,46.03,3,0.7105,0.6515
grecor,xc:372106,xc_372106,12,7,52.45,53.34,3,0.8129,0.6495
grecor,xc:372106,xc_372106,19,0,77.13,79.27,3,0.8565,0.6487
grecor,xc:625356,xc_625356,11,4,52.9,53.13,4,0.8946,0.6461
grecor,xc:625356,xc_625356,16,8,74.31,75.45,4,0.8946,0.6379
grecor,xc:625356,xc_625356,5,8,31.37,31.59,2,0.9721,0.6339
grecor,xc:308865,xc_308865,22,3,73.23,74.16,3,0.7371,0.6137
grecor,xc:625356,xc_625356,5,3,27.16,27.59,2,1.0,0.6026
grecor,xc:625356,xc_625356,6,1,33.19,33.65,2,1.0,0.595
grecor,xc:518940,xc_518940,0,2,1.94,5.9,4,0.8885,0.5321
grecor,xc:626272,xc_626272,10,5,36.78,37.63,4,0.8894,0.5294
grecor,xc:626272,xc_626272,6,0,18.14,19.34,4,0.8885,0.5275
grecor,xc:987722,xc_987722,1,7,6.97,7.3,4,0.9877,0.5124
grecor,xc:987722,xc_987722,1,4,5.81,6.16,4,1.0,0.5065
grecor,xc:987722,xc_987722,0,9,2.81,3.0,4,1.0,0.4984
grecor,xc:987722,xc_987722,1,6,6.43,6.8,4,1.0,0.495
greegr,xc:161280,xc_161280,12,4,59.45,59.86,2,0.9267,0.854
greegr,xc:161280,xc_161280,5,12,26.0,26.28,2,0.8702,0.8468
greegr,xc:161280,xc_161280,24,6,108.98,110.31,2,0.8882,0.7992
greegr,xc:161280,xc_161280,3,0,15.55,16.92,2,0.9954,0.7918
greegr,xc:161280,xc_161280,1,4,3.42,4.71,2,1.0,0.7835
greegr,xc:196155,xc_196155,30,2,122.48,123.02,1,0.5478,0.6306
greegr,xc:196155,xc_196155,29,1,120.15,120.68,1,0.478,0.6215
greegr,xc:196155,xc_196155,30,3,123.14,123.62,1,0.5562,0.6164
greegr,xc:196155,xc_196155,19,0,86.34,87.25,1,0.7011,0.6099
greegr,xc:196155,xc_196155,16,2,72.38,74.78,1,0.7364,0.5929
greegr,xc:44035,xc_44035,2,0,2.03,2.51,0,0.887,0.5694
greegr,xc:1034339,xc_1034339,1,2,3.23,3.56,0,1.0,0.5643
greegr,xc:1034339,xc_1034339,1,1,2.87,3.11,0,1.0,0.5424
greegr,xc:1034339,xc_1034339,1,4,4.2,4.48,0,1.0,0.5415
greegr,xc:1034339,xc_1034339,1,6,5.15,5.42,0,1.0,0.5315
greegr,xc:44035,xc_44035,5,2,6.94,7.55,0,0.9153,0.5168
greegr,xc:1034339,xc_1034339,3,1,8.21,8.47,0,1.0,0.4512
greegr,xc:1069511,xc_1069511,5,0,4.56,4.79,0,0.9134,0.4478
grywag,xc:485891,xc_485891,12,0,18.59,18.88,3,1.0,0.832
grywag,xc:485891,xc_485891,9,0,14.73,15.09,3,1.0,0.8318
grywag,xc:485891,xc_485891,5,0,8.6,8.88,3,1.0,0.8273
grywag,xc:485891,xc_485891,3,0,5.61,5.89,3,1.0,0.8266
grywag,xc:27018,xc_27018,7,0,31.39,39.39,1,1.0,0.8219
grywag,xc:27018,xc_27018,19,0,78.95,86.95,1,0.8698,0.7757
grywag,xc:324349,xc_324349,8,0,64.37,67.36,0,0.6659,0.7492
grywag,xc:722424,xc_722424,28,0,42.25,42.45,4,0.9948,0.7475
grywag,xc:324350,xc_324350,5,0,24.75,32.75,0,1.0,0.7464
grywag,xc:27018,xc_27018,10,0,40.65,48.65,1,1.0,0.7447
grywag,xc:324350,xc_324350,4,0,16.75,24.75,0,0.7811,0.7387
grywag,xc:507377,xc_507377,30,0,52.78,53.63,7,1.0,0.7282
grywag,xc:27018,xc_27018,0,0,0.02,2.8,1,0.874,0.726
grywag,xc:324349,xc_324349,1,0,8.37,16.37,0,1.0,0.7246
grywag,xc:324349,xc_324349,7,0,56.37,64.37,0,1.0,0.7244
grywag,xc:324349,xc_324349,0,0,0.37,8.37,0,0.7811,0.7224
grywag,xc:507377,xc_507377,71,0,97.73,97.86,5,1.0,0.7183
grywag,xc:27018,xc_27018,11,0,48.65,53.59,1,1.0,0.7178
grywag,xc:507377,xc_507377,55,0,77.4,78.14,7,0.9961,0.7158
grywag,xc:722424,xc_722424,19,0,31.38,31.57,4,0.9948,0.707
grywag,xc:507377,xc_507377,12,0,33.8,33.93,5,1.0,0.7047
grywag,xc:722424,xc_722424,18,0,30.55,30.71,4,0.9948,0.6994
grywag,xc:722424,xc_722424,23,0,36.16,36.36,4,0.9948,0.6819
grywag,xc:507377,xc_507377,36,1,57.73,58.51,7,1.0,0.671
grywag,xc:388636,xc_388636,1,1,2.27,3.39,9,0.6896,0.6662
grywag,xc:388636,xc_388636,2,0,4.76,4.93,9,0.6896,0.6626
grywag,xc:388636,xc_388636,0,2,0.87,0.98,9,0.6896,0.621
grywag,xc:608016,xc_608016,10,0,17.27,17.57,2,0.8941,0.6203
grywag,xc:388636,xc_388636,1,2,3.65,3.76,9,0.6896,0.5911
grywag,xc:388636,xc_388636,0,0,0.08,0.17,9,0.6896,0.576
grywag,xc:608016,xc_608016,4,1,6.0,6.53,2,0.6765,0.5643
grywag,xc:432286,xc_432286,7,5,38.56,38.69,9,0.9802,0.5568
grywag,xc:432286,xc_432286,13,2,50.67,50.84,9,0.8364,0.5481
grywag,xc:722424,xc_722424,28,1,42.63,42.9,4,0.9576,0.5473
grywag,xc:432286,xc_432286,13,4,51.22,51.41,9,0.8144,0.5438
grywag,xc:432286,xc_432286,7,8,39.33,39.49,9,0.9875,0.541
grywag,xc:432286,xc_432286,8,1,40.68,40.76,9,0.8882,0.5405
grywag,xc:608016,xc_608016,13,1,21.85,22.13,2,1.0,0.5274
grywag,xc:696159,xc_696159,0,0,0.02,8.02,8,1.0,0.513
grywag,xc:608016,xc_608016,4,0,5.57,5.93,2,1.0,0.5059
grywag,xc:485891,xc_485891,0,0,0.22,0.62,4,0.9948,0.5036
grywag,xc:608016,xc_608016,6,0,12.93,13.38,2,1.0,0.5001
jabwar,xc:285848,xc_285848,5,9,27.87,28.92,2,1.0,0.8228
jabwar,xc:285699,xc_285699,12,0,48.33,54.52,2,1.0,0.8062
jabwar,xc:285699,xc_285699,1,0,0.72,6.44,2,1.0,0.8043
jabwar,xc:285848,xc_285848,4,2,21.77,22.86,2,1.0,0.8022
jabwar,xc:285848,xc_285848,10,3,46.59,46.86,0,1.0,0.7891
jabwar,xc:285848,xc_285848,3,14,19.68,20.15,2,1.0,0.7855
jabwar,xc:285848,xc_285848,2,0,8.19,10.04,2,1.0,0.7829
jabwar,xc:385100,xc_385100,2,4,10.57,10.72,6,1.0,0.7683
jabwar,xc:385100,xc_385100,7,5,28.4,28.58,8,0.9082,0.7579
jabwar,xc:385100,xc_385100,7,0,26.78,26.96,8,1.0,0.7464
jabwar,xc:581688,xc_581688,38,0,81.89,82.18,7,0.9118,0.7424
jabwar,xc:385100,xc_385100,7,1,27.04,27.22,8,0.9962,0.74
jabwar,xc:581688,xc_581688,10,8,29.27,29.58,7,0.9728,0.7135
jabwar,xc:385100,xc_385100,7,2,27.34,27.48,5,1.0,0.711
jabwar,xc:581688,xc_581688,11,2,30.87,31.54,7,0.9158,0.7003
jabwar,xc:581688,xc_581688,31,0,74.22,74.29,7,0.8917,0.6996
jabwar,xc:581688,xc_581688,31,1,74.38,74.52,7,0.8395,0.6917
jabwar,xc:191203,xc_191203,12,7,42.83,42.92,1,0.4174,0.6565
jabwar,xc:191203,xc_191203,6,6,31.25,31.41,1,0.8706,0.6038
jabwar,xc:191203,xc_191203,6,5,30.94,31.1,1,0.8189,0.6012
jabwar,xc:155854,xc_155854,10,1,27.4,27.55,4,0.9291,0.5995
jabwar,xc:191203,xc_191203,5,22,28.64,28.81,1,0.7758,0.5943
jabwar,xc:286125,xc_286125,3,2,17.11,17.31,4,1.0,0.593
jabwar,xc:286125,xc_286125,1,8,8.22,8.41,4,1.0,0.5803
jabwar,xc:191203,xc_191203,1,12,5.12,5.27,1,0.9438,0.5704
jabwar,xc:286125,xc_286125,1,3,4.53,6.13,4,1.0,0.5641
jabwar,xc:286125,xc_286125,2,8,14.69,14.86,4,1.0,0.5617
jabwar,xc:286125,xc_286125,1,0,2.3,2.86,4,0.9188,0.5479
japwag1,ml:620086200,ml_620086200,2,3,2.89,3.0,4,1.0,0.8274
japwag1,xc:704676,xc_704676,2,0,2.1,2.36,2,0.9714,0.7574
japwag1,xc:176437,xc_176437,13,1,16.43,16.71,1,0.5946,0.7245
japwag1,xc:176437,xc_176437,14,0,17.86,18.14,1,0.9157,0.7157
japwag1,xc:176437,xc_176437,12,3,14.92,15.14,0,0.7662,0.6972
japwag1,ml:620086200,ml_620086200,8,4,11.21,11.55,4,1.0,0.6944
japwag1,xc:176437,xc_176437,1,0,0.61,1.09,1,0.8927,0.6844
japwag1,xc:704677,xc_704677,5,1,13.02,13.25,2,0.9714,0.684
japwag1,xc:176437,xc_176437,24,2,31.8,32.21,1,0.9251,0.6816
japwag1,ml:611293787,ml_611293787,3,0,13.86,14.83,6,1.0,0.6766
japwag1,xc:704676,xc_704676,1,1,0.95,1.18,2,0.9714,0.672
japwag1,ml:160012331,ml_160012331,13,1,14.32,14.71,1,0.746,0.6561
japwag1,xc:841047,xc_841047,3,1,9.04,11.09,7,0.8378,0.6548
japwag1,ml:611293787,ml_611293787,2,2,8.77,13.63,6,1.0,0.6453
japwag1,xc:841047,xc_841047,9,0,28.52,33.59,7,1.0,0.6332
japwag1,xc:841047,xc_841047,10,0,33.65,39.89,7,1.0,0.6228
japwag1,xc:841047,xc_841047,3,0,6.13,8.98,7,1.0,0.6224
japwag1,ml:640256369,ml_640256369,4,2,5.51,6.41,5,1.0,0.6201
japwag1,ml:640256369,ml_640256369,5,0,12.5,13.46,5,1.0,0.6189
japwag1,xc:704676,xc_704676,3,2,7.4,7.51,2,1.0,0.6166
japwag1,ml:611293787,ml_611293787,7,0,21.53,22.14,6,1.0,0.6138
japwag1,ml:611293787,ml_611293787,7,1,22.35,22.53,6,1.0,0.6124
japwag1,ml:648118383,ml_648118383,2,0,4.48,4.62,9,1.0,0.6032
japwag1,ml:203968901,ml_203968901,5,0,17.43,17.74,3,0.7654,0.5995
japwag1,xc:454869,xc_454869,5,0,17.43,17.74,3,0.7654,0.5995
japwag1,ml:620086200,ml_620086200,9,2,13.51,14.02,5,1.0,0.5956
japwag1,ml:640256369,ml_640256369,1,2,2.7,2.93,5,1.0,0.5946
japwag1,ml:640256369,ml_640256369,3,1,4.37,4.54,5,1.0,0.5917
japwag1,ml:620086200,ml_620086200,8,0,9.39,9.7,5,1.0,0.5856
japwag1,xc:704677,xc_704677,23,0,28.42,28.54,8,0.7396,0.578
japwag1,ml:648118383,ml_648118383,2,17,10.06,10.3,9,1.0,0.5695
japwag1,xc:454869,xc_454869,6,0,20.53,20.88,3,0.7318,0.5679
japwag1,ml:203968901,ml_203968901,6,0,20.53,20.88,3,0.7318,0.5679
japwag1,ml:203968901,ml_203968901,2,4,6.5,9.1,3,1.0,0.5642
japwag1,xc:454869,xc_454869,2,4,6.5,9.1,3,1.0,0.5642
japwag1,xc:841047,xc_841047,5,4,17.85,18.77,10,1.0,0.5497
japwag1,xc:454869,xc_454869,2,0,1.72,3.51,3,1.0,0.5485
japwag1,ml:203968901,ml_203968901,2,0,1.72,3.51,3,1.0,0.5485
japwag1,ml:170805251,ml_170805251,23,0,31.54,31.61,8,0.7516,0.5475
japwag1,ml:203968901,ml_203968901,2,1,3.59,3.88,3,0.8541,0.542
japwag1,xc:454869,xc_454869,2,1,3.59,3.88,3,0.8541,0.542
japwag1,ml:170805251,ml_170805251,19,2,28.77,28.91,8,0.7412,0.5419
japwag1,ml:648118383,ml_648118383,7,0,19.06,19.23,9,1.0,0.5408
japwag1,ml:648118383,ml_648118383,2,2,5.03,5.12,9,0.7544,0.5388
japwag1,ml:170805251,ml_170805251,9,0,15.38,15.55,8,0.8434,0.5348
japwag1,ml:648118383,ml_648118383,3,2,11.24,11.35,9,1.0,0.534
japwag1,ml:170805251,ml_170805251,25,1,35.31,35.38,8,0.8415,0.4937
japwag1,ml:170805251,ml_170805251,11,2,18.89,19.07,8,0.7625,0.4909
labcro1,xc:811530,xc_811530,1,0,1.36,7.27,0,1.0,0.8176
labcro1,xc:811530,xc_811530,7,1,27.2,28.81,0,1.0,0.7726
labcro1,xc:890153,xc_890153,0,2,2.51,2.81,9,0.8259,0.7719
labcro1,xc:811532,xc_811532,0,0,0.19,1.4,0,1.0,0.7715
labcro1,xc:68019,xc_68019,6,0,14.83,16.65,10,0.8485,0.7631
labcro1,xc:890153,xc_890153,2,1,9.43,9.69,9,0.8259,0.7586
labcro1,xc:68019,xc_68019,11,0,23.85,24.85,10,0.8573,0.7487
labcro1,xc:811821,xc_811821,78,0,128.88,131.12,6,0.8321,0.7485
labcro1,xc:811821,xc_811821,41,0,51.83,55.13,6,0.8321,0.7476
labcro1,xc:811821,xc_811821,17,0,26.19,28.91,6,0.8321,0.7449
labcro1,xc:890153,xc_890153,2,3,10.6,10.87,9,0.8259,0.7433
labcro1,xc:811821,xc_811821,53,0,74.21,77.94,6,0.8321,0.7428
labcro1,xc:811821,xc_811821,21,0,35.2,36.39,6,0.7859,0.742
labcro1,xc:68019,xc_68019,16,2,38.18,39.04,10,1.0,0.7399
labcro1,xc:309572,xc_309572,4,1,13.87,14.94,8,0.9622,0.7331
labcro1,xc:68019,xc_68019,1,0,0.9,1.8,10,1.0,0.7277
labcro1,xc:890153,xc_890153,2,2,10.0,10.25,9,0.8259,0.7255
labcro1,xc:309572,xc_309572,9,0,25.2,25.48,8,0.9628,0.7213
labcro1,xc:309572,xc_309572,4,0,13.43,13.79,8,1.0,0.7212
labcro1,xc:309572,xc_309572,3,4,11.57,11.91,8,1.0,0.7202
labcro1,xc:133745,xc_133745,32,9,84.34,84.92,8,0.9212,0.7153
labcro1,xc:309572,xc_309572,3,3,11.08,11.41,8,1.0,0.7086
labcro1,xc:890153,xc_890153,0,1,1.94,2.18,9,0.8259,0.7045
labcro1,xc:915206,xc_915206,3,0,3.3,4.82,9,0.9811,0.6899
labcro1,xc:824065,xc_824065,37,0,95.68,96.48,4,1.0,0.6767
labcro1,xc:824065,xc_824065,30,1,77.62,78.36,4,1.0,0.6762
labcro1,xc:824065,xc_824065,30,0,76.41,77.31,4,1.0,0.6699
labcro1,xc:824065,xc_824065,39,0,101.21,102.1,4,1.0,0.6651
labcro1,xc:824065,xc_824065,31,1,80.78,81.68,4,1.0,0.6643
labcro1,xc:811532,xc_811532,0,5,3.4,3.5,1,0.3507,0.653
labcro1,xc:285993,xc_285993,3,12,15.78,16.64,3,1.0,0.6418
labcro1,xc:133745,xc_133745,21,9,61.86,62.03,7,1.0,0.6366
labcro1,xc:285993,xc_285993,3,4,10.64,11.01,3,1.0,0.6313
labcro1,xc:285993,xc_285993,3,7,12.42,12.79,3,1.0,0.6256
labcro1,xc:446405,xc_446405,13,1,47.99,49.85,1,0.3876,0.6237
labcro1,xc:446405,xc_446405,7,2,30.15,30.33,1,0.4178,0.6186
labcro1,xc:344448,xc_344448,2,1,2.99,3.38,2,1.0,0.6181
labcro1,xc:133745,xc_133745,21,4,60.41,60.57,7,0.8932,0.6116
labcro1,xc:133745,xc_133745,47,0,123.01,123.22,7,1.0,0.6106
labcro1,xc:446405,xc_446405,7,5,32.35,33.72,1,0.4325,0.5966
labcro1,xc:446405,xc_446405,0,2,3.14,3.76,1,1.0,0.5629
labcro1,xc:446405,xc_446405,2,3,8.39,8.71,1,0.878,0.5616
labcro1,xc:344448,xc_344448,0,0,0.02,0.43,2,1.0,0.548
labcro1,xc:344448,xc_344448,6,1,11.05,11.17,2,1.0,0.5446
labcro1,xc:133745,xc_133745,17,2,52.69,52.81,7,0.8815,0.5393
labcro1,xc:307471,xc_307471,0,1,1.06,1.16,5,0.6521,0.5234
labcro1,xc:307471,xc_307471,0,2,1.29,1.41,5,0.6917,0.5071
labcro1,xc:307471,xc_307471,0,3,1.53,1.66,5,0.6994,0.4946
litegr,xc:795658,xc_795658,6,6,12.28,12.4,0,1.0,0.8426
litegr,xc:331548,xc_331548,41,0,109.0,109.71,1,0.4698,0.811
litegr,xc:795658,xc_795658,6,4,11.8,11.9,0,1.0,0.8065
litegr,xc:331548,xc_331548,40,0,107.77,108.54,1,0.6496,0.806
litegr,xc:795658,xc_795658,8,2,17.91,18.03,0,0.9981,0.8022
litegr,xc:795658,xc_795658,5,0,9.38,9.47,0,1.0,0.8012
litegr,xc:795658,xc_795658,4,1,8.8,8.91,0,0.8517,0.7967
litegr,xc:331548,xc_331548,85,6,205.44,206.22,1,0.4761,0.7945
litegr,xc:331548,xc_331548,13,1,30.9,31.53,1,0.4987,0.7891
litegr,xc:331548,xc_331548,119,6,277.35,278.11,1,0.6483,0.7889
litegr,xc:555825,xc_555825,2,0,2.43,3.37,1,0.509,0.7361
litegr,xc:333874,xc_333874,9,0,20.85,21.52,1,0.6125,0.6878
litegr,xc:767199,xc_767199,13,1,32.91,34.58,1,0.475,0.6732
litegr,xc:956994,xc_956994,0,4,1.48,1.57,3,0.9666,0.5834
litegr,xc:956994,xc_956994,0,3,1.29,1.36,3,1.0,0.5719
litegr,xc:956994,xc_956994,24,2,33.58,34.05,2,1.0,0.5522
litegr,xc:956994,xc_956994,16,0,23.18,23.58,2,1.0,0.551
litegr,xc:956994,xc_956994,6,0,8.31,8.76,2,1.0,0.5504
litgre1,xc:712583,xc_712583,6,2,19.75,22.28,-1,0.0,0.8465
litgre1,xc:36827,xc_36827,0,0,0.02,4.64,-1,0.0,0.8216
litgre1,xc:484292,xc_484292,5,0,14.84,16.83,-1,0.0,0.8188
litgre1,xc:712583,xc_712583,1,0,4.5,7.32,-1,0.0,0.8154
litgre1,xc:712583,xc_712583,11,4,42.86,44.87,-1,0.0,0.8093
litgre1,xc:36827,xc_36827,1,0,4.71,12.69,-1,0.0,0.7949
litgre1,xc:723740,xc_723740,1,0,3.44,9.22,-1,0.0,0.7794
litgre1,xc:687079,xc_687079,9,0,21.25,21.62,1,1.0,0.7571
litgre1,xc:484292,xc_484292,6,0,20.14,20.47,1,0.8247,0.7049
litgre1,xc:687079,xc_687079,10,2,27.15,27.71,1,0.8096,0.7045
litgre1,xc:687079,xc_687079,8,1,20.27,20.66,1,1.0,0.691
litgre1,xc:314911,xc_314911,6,1,26.22,27.14,2,0.9488,0.6754
litgre1,xc:806226,xc_806226,0,0,0.02,0.63,1,0.7926,0.6286
litgre1,xc:314911,xc_314911,2,2,3.28,3.88,2,1.0,0.6263
litgre1,xc:687079,xc_687079,10,0,25.25,25.99,1,0.7867,0.6192
litgre1,xc:484292,xc_484292,6,3,21.78,22.08,1,0.8247,0.6116
litgre1,xc:484292,xc_484292,6,1,20.68,21.09,1,0.8247,0.5985
litgre1,xc:314911,xc_314911,5,0,20.52,20.86,2,0.9018,0.594
litgre1,xc:484292,xc_484292,4,1,6.31,6.55,1,0.8247,0.5907
litgre1,xc:712583,xc_712583,5,3,17.18,17.31,1,0.8304,0.5845
litgre1,xc:687079,xc_687079,5,0,13.75,13.85,1,0.8096,0.5677
litgre1,xc:923292,xc_923292,0,0,0.98,1.26,1,1.0,0.5627
litgre1,xc:606864,xc_606864,1,0,1.28,1.37,0,1.0,0.5573
litgre1,xc:314911,xc_314911,3,1,10.55,10.7,2,0.9403,0.5507
litgre1,xc:606864,xc_606864,1,5,3.86,4.02,0,1.0,0.5423
litgre1,xc:1022129,xc_1022129,0,1,5.32,5.45,0,1.0,0.536
litgre1,xc:900716,xc_900716,0,0,0.78,0.85,1,0.8114,0.5239
litgre1,xc:314911,xc_314911,2,1,2.47,3.13,2,1.0,0.5185
litgre1,xc:1022129,xc_1022129,1,0,6.09,8.36,0,1.0,0.5151
litgre1,xc:806226,xc_806226,1,1,5.37,5.59,1,0.7948,0.5113
litgre1,xc:380340,xc_380340,35,0,44.07,45.57,1,0.8702,0.5076
litgre1,xc:712583,xc_712583,6,5,23.33,23.4,1,0.8304,0.5041
litgre1,xc:380340,xc_380340,8,3,13.5,13.6,1,0.8114,0.4913
litgre1,xc:380340,xc_380340,28,0,38.82,38.9,1,0.8114,0.4911
litgre1,xc:1022129,xc_1022129,0,0,0.02,5.27,0,1.0,0.4708
litgre1,xc:806226,xc_806226,0,1,0.74,0.97,1,0.7948,0.4628
litgre1,xc:806226,xc_806226,1,2,5.69,6.37,1,0.7948,0.457
litgre1,xc:1022129,xc_1022129,1,1,8.44,9.89,0,1.0,0.4568
litgre1,xc:380340,xc_380340,20,0,29.0,29.11,1,0.8114,0.4549
litgre1,xc:380340,xc_380340,2,0,3.22,7.16,1,0.8702,0.4478
litgre1,xc:1022129,xc_1022129,0,2,5.54,5.97,0,1.0,0.4437
litgre1,xc:483193,xc_483193,1,0,3.85,4.12,1,0.863,0.4089
litgre1,xc:606864,xc_606864,1,4,3.41,3.5,0,1.0,0.4072
litgre1,xc:806226,xc_806226,1,6,7.0,7.12,1,0.7948,0.407
litgre1,xc:483193,xc_483193,2,0,14.29,14.55,1,1.0,0.3743
lottit1,xc:503776,xc_503776,7,1,29.98,30.94,1,0.6958,0.7689
lottit1,xc:499649,xc_499649,9,0,24.61,24.76,2,0.7767,0.764
lottit1,xc:503776,xc_503776,4,0,18.1,18.5,1,0.6949,0.7411
lottit1,xc:499649,xc_499649,20,14,45.95,46.09,2,0.8089,0.7281
lottit1,xc:499649,xc_499649,4,4,13.26,13.39,2,0.7525,0.7211
lottit1,xc:503776,xc_503776,10,0,41.15,41.58,1,0.6955,0.7195
lottit1,xc:503776,xc_503776,26,3,88.0,88.28,1,0.7074,0.7155
lottit1,xc:503776,xc_503776,18,0,64.31,64.67,1,0.7277,0.7137
lottit1,xc:462475,xc_462475,109,0,218.75,219.43,1,0.8604,0.6951
lottit1,xc:499649,xc_499649,112,2,163.9,164.1,2,0.7729,0.6936
lottit1,xc:462475,xc_462475,61,0,116.24,116.59,1,0.9012,0.6873
lottit1,xc:499649,xc_499649,62,0,106.03,106.14,2,0.7507,0.6865
lottit1,xc:462475,xc_462475,92,1,186.71,187.0,1,0.8401,0.6724
lottit1,xc:462475,xc_462475,85,0,172.67,173.0,1,0.9789,0.6682
lottit1,xc:462475,xc_462475,59,3,113.46,113.82,1,0.9551,0.6663
lottit1,xc:486174,xc_486174,10,0,38.11,38.83,2,0.756,0.6558
lottit1,xc:486174,xc_486174,9,6,37.31,37.98,2,0.7671,0.6439
lottit1,xc:486174,xc_486174,16,1,47.48,48.12,2,0.7671,0.64
lottit1,xc:486174,xc_486174,8,5,30.38,31.08,2,0.7671,0.6388
lottit1,xc:486174,xc_486174,9,1,33.81,34.52,2,0.7671,0.6377
lottit1,xc:217401,xc_217401,8,4,28.13,28.43,2,0.7504,0.6318
lottit1,xc:217401,xc_217401,9,3,33.09,33.19,2,0.8222,0.6211
lottit1,xc:217401,xc_217401,59,0,126.47,126.62,2,0.7596,0.6153
lottit1,xc:217401,xc_217401,3,12,16.25,16.37,2,0.8317,0.6089
lottit1,xc:708449,xc_708449,9,0,27.4,27.61,2,0.8195,0.6032
lottit1,xc:217401,xc_217401,8,3,27.63,27.95,2,0.7504,0.5982
lottit1,xc:708449,xc_708449,19,2,46.37,46.58,2,0.7751,0.5965
lottit1,xc:708449,xc_708449,15,1,36.76,37.11,2,0.7542,0.5913
lottit1,xc:424195,xc_424195,41,0,118.11,120.21,3,0.8159,0.563
lottit1,xc:708449,xc_708449,15,5,38.61,39.0,3,0.7104,0.5472
lottit1,xc:424195,xc_424195,36,0,104.71,105.69,3,0.7517,0.5325
lottit1,xc:708449,xc_708449,4,0,15.07,15.25,3,0.745,0.529
lottit1,xc:424195,xc_424195,36,4,108.98,110.79,3,0.9115,0.5269
lottit1,xc:424195,xc_424195,50,7,150.9,151.41,3,0.6875,0.5236
lottit1,xc:424195,xc_424195,45,0,133.75,140.37,3,0.7114,0.5217
mallar3,xc:396538,xc_396538,116,0,385.22,386.31,1,1.0,0.7583
mallar3,xc:396538,xc_396538,11,7,41.26,42.68,1,0.9996,0.7429
mallar3,xc:396538,xc_396538,129,0,413.86,414.87,1,1.0,0.7286
mallar3,xc:396538,xc_396538,167,2,526.46,527.3,4,0.8256,0.7045
mallar3,xc:396538,xc_396538,41,0,158.54,160.46,4,0.6187,0.6917
mallar3,xc:676710,xc_676710,7,12,44.13,44.32,0,0.945,0.6459
mallar3,xc:846028,xc_846028,0,7,3.66,3.92,3,0.9812,0.6348
mallar3,xc:676710,xc_676710,7,9,42.69,43.27,0,0.6272,0.6261
mallar3,xc:676710,xc_676710,0,5,1.72,1.88,0,0.9694,0.624
mallar3,xc:676710,xc_676710,7,8,42.34,42.53,0,0.8666,0.6202
mallar3,xc:676710,xc_676710,1,5,6.16,6.33,0,0.9944,0.6111
mallar3,xc:846028,xc_846028,0,5,2.67,2.9,3,0.9812,0.591
mallar3,xc:846028,xc_846028,0,6,3.16,3.43,3,0.9812,0.5741
mallar3,xc:1024361,xc_1024361,23,7,35.02,35.38,3,0.8865,0.5734
mallar3,xc:1024361,xc_1024361,23,6,34.4,34.74,3,0.8842,0.5653
mallar3,xc:846028,xc_846028,0,4,2.17,2.43,3,0.9812,0.551
mallar3,xc:846028,xc_846028,0,11,5.97,6.2,3,0.9812,0.5479
mallar3,xc:534648,xc_534648,0,0,0.02,3.37,2,1.0,0.4984
mallar3,xc:534648,xc_534648,1,1,3.88,7.49,2,1.0,0.485
mallar3,xc:534648,xc_534648,4,0,18.09,19.35,2,1.0,0.4758
meabun1,xc:414492,xc_414492,8,2,15.87,16.52,4,1.0,0.8355
meabun1,xc:1024146,xc_1024146,145,2,356.53,358.44,9,1.0,0.8325
meabun1,xc:1024146,xc_1024146,139,0,343.1,344.58,9,1.0,0.8311
meabun1,xc:414492,xc_414492,14,2,25.82,26.45,4,1.0,0.8306
meabun1,xc:1024146,xc_1024146,156,0,382.19,384.09,9,0.9267,0.8295
meabun1,xc:1024146,xc_1024146,66,1,162.38,163.77,9,0.6609,0.8292
meabun1,xc:1024146,xc_1024146,77,1,193.54,195.22,9,1.0,0.8289
meabun1,xc:414492,xc_414492,3,5,7.43,8.09,4,1.0,0.8255
meabun1,xc:414492,xc_414492,17,2,31.26,31.9,4,1.0,0.8239
meabun1,xc:1018429,xc_1018429,12,2,28.92,29.74,4,0.9751,0.8186
meabun1,xc:992954,xc_992954,10,2,18.03,19.42,4,0.9863,0.8118
meabun1,xc:464651,xc_464651,29,2,66.85,68.46,3,1.0,0.801
meabun1,xc:464651,xc_464651,26,1,59.0,60.09,3,1.0,0.8002
meabun1,xc:464651,xc_464651,36,3,88.67,89.84,3,0.9106,0.7989
meabun1,xc:464651,xc_464651,20,1,45.67,46.88,3,0.9202,0.7982
meabun1,xc:464651,xc_464651,9,0,23.01,23.91,3,1.0,0.7972
meabun1,xc:285653,xc_285653,6,6,12.92,13.31,1,1.0,0.6882
meabun1,xc:172704,xc_172704,9,6,36.92,37.33,6,1.0,0.64
meabun1,xc:491979,xc_491979,1,2,1.37,1.56,2,0.947,0.6374
meabun1,xc:626398,xc_626398,5,0,11.27,11.63,1,1.0,0.6319
meabun1,xc:626398,xc_626398,8,0,20.8,21.12,1,1.0,0.6319
meabun1,xc:172704,xc_172704,23,8,90.0,90.07,6,1.0,0.6212
meabun1,xc:491979,xc_491979,5,2,12.45,13.0,2,1.0,0.6106
meabun1,xc:172704,xc_172704,13,0,50.73,50.87,6,1.0,0.6104
meabun1,xc:626398,xc_626398,7,0,17.75,18.07,1,1.0,0.606
meabun1,xc:491231,xc_491231,32,0,53.3,53.72,1,0.9729,0.6045
meabun1,xc:491979,xc_491979,6,2,20.12,22.73,2,1.0,0.6026
meabun1,xc:23968,xc_23968,11,0,37.13,37.29,7,0.9392,0.5706
meabun1,xc:1018429,xc_1018429,12,7,31.44,31.6,5,0.951,0.5659
meabun1,xc:23968,xc_23968,12,1,42.88,43.44,7,1.0,0.5563
meabun1,xc:906318,xc_906318,15,7,28.27,28.41,12,0.9681,0.5545
meabun1,xc:906318,xc_906318,5,0,14.2,14.36,12,1.0,0.5495
meabun1,xc:172704,xc_172704,1,12,12.21,12.32,11,1.0,0.5461
meabun1,xc:906318,xc_906318,15,8,28.5,28.74,12,1.0,0.5453
meabun1,xc:906318,xc_906318,14,2,25.14,25.39,12,1.0,0.5436
meabun1,xc:23968,xc_23968,6,3,20.43,20.51,7,0.844,0.5427
meabun1,xc:1018429,xc_1018429,7,2,11.65,11.77,5,1.0,0.5375
meabun1,xc:23968,xc_23968,9,6,29.6,29.8,7,1.0,0.5334
meabun1,xc:414492,xc_414492,11,0,19.5,19.58,8,1.0,0.5316
meabun1,xc:906318,xc_906318,22,2,41.35,41.65,12,0.925,0.531
meabun1,xc:23968,xc_23968,2,4,5.49,5.69,7,1.0,0.5294
meabun1,xc:1018429,xc_1018429,7,5,13.3,13.46,5,1.0,0.5214
meabun1,xc:992953,xc_992953,10,0,22.44,22.69,0,0.8733,0.5171
meabun1,xc:172704,xc_172704,1,13,12.39,12.51,12,0.874,0.5129
meabun1,xc:1018429,xc_1018429,9,6,20.46,20.63,5,1.0,0.5025
meabun1,xc:992954,xc_992954,14,2,30.28,30.59,0,1.0,0.4639
meabun1,xc:915212,xc_915212,3,7,10.48,10.95,8,1.0,0.454
meabun1,xc:915212,xc_915212,3,5,9.41,9.68,8,1.0,0.4525
meabun1,xc:992954,xc_992954,11,4,22.63,23.0,0,1.0,0.4495
meabun1,xc:992954,xc_992954,8,1,14.55,14.68,0,1.0,0.4481
meabun1,xc:992954,xc_992954,10,1,17.41,17.74,0,1.0,0.4467
norpin,xc:129047,xc_129047,0,6,3.8,4.03,6,0.7729,0.8475
norpin,xc:129047,xc_129047,1,1,5.51,5.69,6,0.8022,0.825
norpin,xc:129047,xc_129047,3,0,8.45,8.73,6,0.7991,0.8191
norpin,xc:129047,xc_129047,3,1,9.0,9.14,6,0.7653,0.8174
norpin,xc:129047,xc_129047,2,1,6.68,6.81,6,0.8022,0.8096
norpin,xc:733153,xc_733153,1,2,2.35,2.61,1,1.0,0.7915
norpin,xc:616572,xc_616572,27,4,53.23,53.45,6,0.8482,0.7905
norpin,xc:616572,xc_616572,13,0,20.99,21.25,6,0.8788,0.788
norpin,xc:616572,xc_616572,12,0,20.42,20.58,6,0.8022,0.7841
norpin,xc:616572,xc_616572,16,0,25.18,25.85,6,0.9173,0.7612
norpin,xc:616572,xc_616572,18,9,37.67,38.0,6,0.773,0.744
norpin,xc:614451,xc_614451,1,0,1.48,1.63,6,0.7861,0.6993
norpin,xc:614451,xc_614451,17,12,52.8,53.14,4,0.9822,0.6769
norpin,xc:614451,xc_614451,27,2,76.28,77.07,4,1.0,0.6685
norpin,xc:614451,xc_614451,27,0,74.39,75.41,4,1.0,0.6488
norpin,xc:432258,xc_432258,0,0,0.02,7.09,0,0.7013,0.6446
norpin,xc:432258,xc_432258,9,0,25.25,25.75,0,0.761,0.6435
norpin,xc:432258,xc_432258,4,0,11.8,14.09,0,0.9501,0.6402
norpin,xc:432258,xc_432258,10,9,31.69,32.35,0,1.0,0.6345
norpin,xc:733153,xc_733153,7,1,7.44,7.79,1,1.0,0.6132
norpin,xc:432258,xc_432258,10,10,32.42,32.55,0,0.8039,0.6099
norpin,xc:984329,xc_984329,2,2,5.22,5.29,3,0.94,0.593
norpin,xc:984329,xc_984329,2,4,5.6,5.94,3,0.9918,0.5897
norpin,xc:972654,xc_972654,7,0,18.49,19.88,2,1.0,0.577
norpin,xc:617386,xc_617386,6,2,13.02,13.53,2,0.7839,0.5733
norpin,xc:984329,xc_984329,3,5,9.2,9.69,3,1.0,0.5727
norpin,xc:972654,xc_972654,3,0,8.67,9.0,2,0.6612,0.5688
norpin,xc:984329,xc_984329,4,1,13.17,13.67,3,0.9434,0.568
norpin,xc:617386,xc_617386,3,4,10.56,10.79,2,0.7668,0.5596
norpin,xc:971856,xc_971856,1,1,4.24,7.16,2,0.8359,0.5586
norpin,xc:617386,xc_617386,3,1,8.67,8.94,2,0.847,0.5573
norpin,xc:733153,xc_733153,7,2,7.89,8.11,1,1.0,0.557
norpin,xc:972654,xc_972654,6,0,10.49,18.49,2,0.6721,0.5522
norpin,xc:984329,xc_984329,3,14,12.12,12.25,3,0.9154,0.5488
norpin,xc:733153,xc_733153,22,2,34.38,34.48,1,0.9997,0.546
norpin,xc:971856,xc_971856,0,0,0.02,3.58,2,0.8387,0.539
norpin,xc:972654,xc_972654,1,0,2.32,2.58,2,0.6834,0.5371
norpin,xc:972654,xc_972654,4,0,9.24,9.44,2,0.7013,0.5343
norpin,xc:113186,xc_113186,9,4,26.38,27.0,5,1.0,0.5337
norpin,xc:617386,xc_617386,8,2,22.65,23.02,2,0.8643,0.5266
norpin,xc:617386,xc_617386,3,2,8.99,9.68,2,1.0,0.5253
norpin,xc:733153,xc_733153,22,0,33.55,33.93,1,1.0,0.522
norpin,xc:113186,xc_113186,9,3,25.28,26.32,5,1.0,0.5219
norpin,xc:113186,xc_113186,8,4,19.27,20.3,5,1.0,0.4848
norpin,xc:113186,xc_113186,5,2,13.5,13.77,5,0.9618,0.4792
norpin,xc:113186,xc_113186,3,0,4.28,5.77,5,0.8673,0.4691
norsho,xc:1020442,xc_1020442,6,4,19.92,20.13,1,0.7153,0.7738
norsho,xc:501879,xc_501879,9,1,21.61,21.75,2,0.9331,0.7634
norsho,xc:501879,xc_501879,40,3,90.66,91.1,2,0.9622,0.7565
norsho,xc:1020442,xc_1020442,13,6,55.31,57.15,1,0.8691,0.7416
norsho,xc:1020442,xc_1020442,6,1,18.52,18.82,1,0.8246,0.7406
norsho,xc:1020442,xc_1020442,8,0,24.09,25.46,1,0.8183,0.7378
norsho,xc:501879,xc_501879,42,0,96.14,96.88,2,0.8907,0.7365
norsho,xc:448754,xc_448754,2,0,2.68,2.78,3,0.8807,0.732
norsho,xc:448754,xc_448754,6,0,10.21,10.3,3,0.9401,0.7282
norsho,xc:448754,xc_448754,4,6,6.83,6.93,3,0.9563,0.728
norsho,xc:501879,xc_501879,41,5,94.66,95.17,2,0.9286,0.7241
norsho,xc:1020442,xc_1020442,2,0,8.25,10.87,1,0.7079,0.7226
norsho,xc:706887,xc_706887,0,1,1.43,5.69,4,1.0,0.7223
norsho,xc:448754,xc_448754,8,0,11.47,11.58,3,0.8628,0.7175
norsho,xc:448754,xc_448754,4,0,5.15,5.25,3,1.0,0.715
norsho,xc:501879,xc_501879,14,2,36.64,36.96,2,0.9081,0.6902
norsho,xc:800553,xc_800553,1,0,0.83,1.0,3,0.6782,0.6733
norsho,xc:683730,xc_683730,8,2,28.8,31.11,4,0.7764,0.6561
norsho,xc:706887,xc_706887,3,0,8.71,12.0,4,0.8513,0.6437
norsho,xc:706887,xc_706887,20,2,84.44,85.41,4,1.0,0.6254
norsho,xc:706887,xc_706887,4,0,12.06,20.06,4,0.7814,0.6242
norsho,xc:706887,xc_706887,8,0,44.06,51.11,4,0.7823,0.6225
norsho,xc:617375,xc_617375,5,9,19.09,20.94,5,0.9159,0.5832
norsho,xc:617375,xc_617375,5,7,18.12,18.57,5,0.8355,0.5768
norsho,xc:617375,xc_617375,19,4,48.48,48.65,5,1.0,0.5645
norsho,xc:617375,xc_617375,32,4,63.8,64.0,5,0.8485,0.5636
norsho,xc:617375,xc_617375,0,1,1.27,1.97,5,0.9282,0.5628
norsho,xc:800991,xc_800991,4,7,21.35,21.6,5,0.8734,0.5573
norsho,xc:612076,xc_612076,2,4,12.46,12.61,6,0.9551,0.5568
norsho,xc:612076,xc_612076,1,2,5.14,6.31,6,1.0,0.5511
norsho,xc:612076,xc_612076,0,9,2.99,3.19,6,1.0,0.5438
norsho,xc:612076,xc_612076,5,4,15.74,15.86,6,1.0,0.5327
norsho,xc:612076,xc_612076,1,0,3.55,4.42,6,0.9463,0.5307
origre,xc:872882,xc_872882,13,1,41.27,42.12,2,0.5587,0.8401
origre,xc:872884,xc_872884,1,0,0.94,1.7,2,0.543,0.834
origre,xc:872884,xc_872884,22,0,41.73,42.63,2,1.0,0.834
origre,xc:992580,xc_992580,25,1,54.87,55.8,0,1.0,0.8304
origre,xc:992580,xc_992580,20,1,43.15,44.06,0,1.0,0.8245
origre,xc:872884,xc_872884,21,0,39.31,40.0,2,1.0,0.8239
origre,xc:872882,xc_872882,11,0,35.06,35.79,2,0.9522,0.823
origre,xc:992580,xc_992580,23,0,48.79,49.76,0,1.0,0.8197
origre,xc:872882,xc_872882,10,0,32.72,33.37,2,1.0,0.8196
origre,xc:992580,xc_992580,42,3,78.14,79.19,0,1.0,0.8138
origre,xc:733017,xc_733017,19,0,35.82,36.28,3,1.0,0.7928
origre,xc:285949,xc_285949,12,0,40.87,41.9,1,1.0,0.7849
origre,xc:733017,xc_733017,1,0,1.14,1.7,3,1.0,0.7824
origre,xc:733017,xc_733017,5,0,8.42,9.0,3,1.0,0.7809
origre,xc:285949,xc_285949,5,1,13.46,14.37,1,1.0,0.7765
origre,xc:992580,xc_992580,75,0,152.35,152.73,8,1.0,0.7718
origre,xc:285949,xc_285949,3,4,6.86,7.97,1,1.0,0.7709
origre,xc:872884,xc_872884,25,0,47.81,49.25,1,0.9976,0.7559
origre,xc:733017,xc_733017,31,1,60.46,60.83,3,1.0,0.7545
origre,xc:762173,xc_762173,11,1,14.7,14.93,7,1.0,0.7111
origre,xc:762173,xc_762173,12,0,16.3,16.43,7,1.0,0.6921
origre,xc:401718,xc_401718,3,4,6.46,6.71,5,0.9915,0.6454
origre,xc:733017,xc_733017,21,0,39.54,39.62,6,0.8984,0.6312
origre,xc:762173,xc_762173,31,2,48.25,48.38,7,0.9539,0.6179
origre,xc:733024,xc_733024,29,5,64.95,65.12,6,1.0,0.6115
origre,xc:733024,xc_733024,35,1,70.66,71.02,6,1.0,0.6043
origre,xc:733024,xc_733024,40,4,78.61,78.77,6,1.0,0.6032
origre,xc:762173,xc_762173,6,0,7.96,8.23,7,0.9727,0.5991
origre,xc:838773,xc_838773,45,0,75.86,76.18,7,1.0,0.5942
origre,xc:762173,xc_762173,12,1,16.77,16.96,6,0.8706,0.5807
origre,xc:733024,xc_733024,26,2,58.96,59.63,6,1.0,0.5712
origre,xc:733024,xc_733024,29,4,64.65,64.83,6,0.9614,0.5673
origre,xc:268302,xc_268302,1,2,5.08,5.18,4,0.7178,0.5496
origre,xc:268302,xc_268302,1,5,5.84,5.96,4,0.9936,0.5449
origre,xc:268302,xc_268302,6,32,24.37,24.46,4,1.0,0.5324
origre,xc:974850,xc_974850,7,2,10.13,10.37,9,1.0,0.5239
origre,xc:268302,xc_268302,1,3,5.29,5.39,4,0.8383,0.5212
origre,xc:268302,xc_268302,6,3,18.23,18.35,4,0.821,0.5183
origre,xc:974850,xc_974850,24,3,33.0,33.17,9,1.0,0.5102
origre,xc:401718,xc_401718,5,0,10.51,10.76,5,1.0,0.4979
origre,xc:401718,xc_401718,4,2,9.05,9.18,5,1.0,0.4938
origre,xc:401718,xc_401718,5,1,10.92,11.04,5,1.0,0.493
origre,xc:974850,xc_974850,20,2,28.32,28.5,9,0.9846,0.4822
origre,xc:401718,xc_401718,3,6,7.25,7.32,5,1.0,0.4811
origre,xc:805987,xc_805987,2,13,8.44,8.79,5,0.9922,0.479
origre,xc:974850,xc_974850,11,1,20.04,20.14,9,1.0,0.4781
origre,xc:974850,xc_974850,11,0,19.85,19.96,9,1.0,0.4772
ortdov,xc:875246,xc_875246,3,2,9.67,10.47,8,1.0,0.7674
ortdov,xc:875245,xc_875245,2,0,8.58,8.94,7,0.6425,0.7597
ortdov,xc:787976,xc_787976,12,0,54.88,60.0,1,1.0,0.7531
ortdov,xc:327475,xc_327475,2,8,11.19,12.04,7,0.9792,0.7528
ortdov,xc:875246,xc_875246,4,2,14.17,14.99,8,1.0,0.7528
ortdov,xc:473070,xc_473070,0,10,6.58,7.0,7,0.6479,0.7517
ortdov,xc:875246,xc_875246,3,5,11.91,12.7,8,1.0,0.7442
ortdov,xc:875245,xc_875245,1,5,6.33,6.73,7,0.5885,0.742
ortdov,xc:473070,xc_473070,1,2,9.15,9.55,7,0.6504,0.7418
ortdov,xc:872802,xc_872802,5,0,21.06,21.43,7,0.6425,0.7413
ortdov,xc:875246,xc_875246,2,3,7.43,8.26,8,1.0,0.7407
ortdov,xc:327475,xc_327475,2,5,8.6,9.19,7,0.8539,0.7393
ortdov,xc:327475,xc_327475,25,2,77.18,77.62,7,1.0,0.7353
ortdov,xc:327475,xc_327475,2,0,4.38,4.65,7,1.0,0.7306
ortdov,xc:473070,xc_473070,0,9,5.59,6.34,7,0.6812,0.729
ortdov,xc:875246,xc_875246,3,1,8.99,9.45,7,0.5821,0.7276
ortdov,xc:473070,xc_473070,1,1,8.13,8.89,7,0.7835,0.7265
ortdov,xc:327475,xc_327475,14,0,40.31,40.58,7,0.7543,0.7262
ortdov,xc:473070,xc_473070,2,4,13.33,14.09,7,0.7835,0.7174
ortdov,xc:787976,xc_787976,1,0,1.11,7.32,1,1.0,0.6967
ortdov,xc:286093,xc_286093,0,1,5.39,6.62,2,1.0,0.6927
ortdov,xc:787976,xc_787976,8,0,33.08,41.08,1,1.0,0.6853
ortdov,xc:286093,xc_286093,0,0,0.09,5.34,2,0.7622,0.6816
ortdov,xc:844594,xc_844594,1,4,4.08,4.43,0,1.0,0.6741
ortdov,xc:844594,xc_844594,1,7,6.08,6.42,0,1.0,0.6691
ortdov,xc:844594,xc_844594,1,5,4.55,5.01,0,1.0,0.6677
ortdov,xc:844594,xc_844594,1,1,2.08,2.42,0,0.8573,0.6649
ortdov,xc:286093,xc_286093,1,0,6.69,8.77,2,0.8107,0.6594
ortdov,xc:286093,xc_286093,2,0,8.9,10.83,2,0.8653,0.6544
ortdov,xc:751150,xc_751150,54,3,78.94,79.76,6,0.877,0.5897
ortdov,xc:751150,xc_751150,10,2,16.51,16.79,6,1.0,0.5891
ortdov,xc:286093,xc_286093,6,0,22.75,23.5,2,0.8653,0.5846
ortdov,xc:787976,xc_787976,6,0,22.32,28.4,1,0.9413,0.563
ortdov,xc:787976,xc_787976,1,1,7.45,8.94,1,1.0,0.5565
ortdov,xc:751150,xc_751150,34,2,48.66,48.85,6,0.8817,0.5468
ortdov,xc:1015969,xc_1015969,1,12,8.13,8.51,4,1.0,0.5441
ortdov,xc:751150,xc_751150,33,0,46.51,46.74,6,0.9797,0.5405
ortdov,xc:751150,xc_751150,33,1,46.9,47.21,6,1.0,0.5366
ortdov,xc:657028,xc_657028,1,8,7.4,8.16,5,1.0,0.5325
ortdov,xc:1015969,xc_1015969,1,6,4.37,4.75,4,1.0,0.4922
ortdov,xc:589138,xc_589138,3,0,9.1,9.4,5,0.972,0.4843
ortdov,xc:1015969,xc_1015969,1,1,2.0,2.35,4,1.0,0.4752
ortdov,xc:657028,xc_657028,1,6,6.27,6.65,5,1.0,0.474
ortdov,xc:428975,xc_428975,1,2,2.16,3.44,3,0.9905,0.4728
ortdov,xc:428975,xc_428975,4,4,17.16,17.42,3,1.0,0.4684
ortdov,xc:428975,xc_428975,8,1,22.44,22.83,3,1.0,0.4473
ortdov,xc:1015969,xc_1015969,1,2,2.46,2.82,4,1.0,0.447
ortdov,xc:589138,xc_589138,4,0,10.27,11.19,5,1.0,0.4411
ortdov,xc:657028,xc_657028,1,3,3.08,4.49,5,1.0,0.4398
ortdov,xc:428975,xc_428975,9,0,24.78,24.95,3,1.0,0.4214
osprey,xc:272312,xc_272312,22,6,50.28,51.4,1,1.0,0.7857
osprey,xc:272312,xc_272312,22,7,51.46,54.14,1,0.9568,0.7477
osprey,xc:166110,xc_166110,21,0,140.48,148.48,5,1.0,0.7333
osprey,xc:272312,xc_272312,16,0,35.21,36.77,1,1.0,0.7234
osprey,xc:166110,xc_166110,25,0,159.72,164.29,5,1.0,0.7216
osprey,xc:664256,xc_664256,2,2,3.3,3.79,8,0.712,0.7215
osprey,xc:664256,xc_664256,27,3,40.68,41.6,8,0.7005,0.721
osprey,xc:272312,xc_272312,13,0,28.27,28.54,1,0.922,0.7125
osprey,xc:166110,xc_166110,37,3,208.85,209.3,4,1.0,0.7077
osprey,xc:664256,xc_664256,3,0,4.2,4.67,8,0.851,0.7035
osprey,xc:664256,xc_664256,2,0,2.46,2.98,8,0.7562,0.7007
osprey,xc:664256,xc_664256,27,0,39.08,39.56,8,1.0,0.6986
osprey,xc:272312,xc_272312,4,7,16.69,17.66,1,1.0,0.6919
osprey,xc:166110,xc_166110,31,0,181.29,181.88,4,0.9021,0.6907
osprey,xc:900336,xc_900336,21,3,57.95,58.08,0,0.8837,0.6866
osprey,xc:900336,xc_900336,14,5,28.89,29.0,0,0.7421,0.6791
osprey,xc:166110,xc_166110,36,1,203.2,203.6,4,0.8789,0.6785
osprey,xc:333145,xc_333145,16,0,40.52,40.87,3,0.8717,0.6672
osprey,xc:333145,xc_333145,6,3,16.78,17.15,3,1.0,0.6468
osprey,xc:333145,xc_333145,7,0,17.62,17.99,3,0.8192,0.6457
osprey,xc:174764,xc_174764,6,2,22.2,22.61,7,0.8691,0.6442
osprey,xc:333145,xc_333145,16,4,43.12,43.48,3,1.0,0.6424
osprey,xc:900336,xc_900336,14,6,29.13,29.27,0,1.0,0.6368
osprey,xc:900336,xc_900336,21,2,57.75,57.87,0,1.0,0.6365
osprey,xc:118482,xc_118482,16,1,25.83,26.34,7,0.8306,0.6358
osprey,xc:333145,xc_333145,15,7,39.75,40.1,3,1.0,0.6322
osprey,xc:900336,xc_900336,19,1,42.02,42.13,0,0.7542,0.6282
osprey,xc:174764,xc_174764,4,0,11.0,11.36,7,1.0,0.6269
osprey,xc:174764,xc_174764,2,0,3.26,4.47,7,0.909,0.6097
osprey,xc:588910,xc_588910,16,0,40.36,40.58,2,0.9456,0.6015
osprey,xc:174764,xc_174764,1,3,2.45,3.03,7,0.8921,0.5977
osprey,xc:174764,xc_174764,8,2,27.9,28.36,7,0.8563,0.5964
osprey,xc:588910,xc_588910,19,7,52.05,52.27,2,0.7713,0.5945
osprey,xc:588910,xc_588910,19,1,48.28,48.46,2,0.7051,0.5934
osprey,xc:588905,xc_588905,2,1,10.42,10.66,2,0.6894,0.5912
osprey,xc:588905,xc_588905,3,1,11.28,11.88,2,0.6894,0.5596
osprey,xc:588905,xc_588905,1,8,9.14,9.37,2,0.6691,0.5571
osprey,xc:588910,xc_588910,15,0,39.53,39.8,2,0.998,0.5555
osprey,xc:588910,xc_588910,8,0,27.56,27.79,2,0.9154,0.5542
osprey,xc:588905,xc_588905,0,0,0.07,1.77,2,0.7175,0.5531
osprey,xc:511013,xc_511013,6,5,17.43,17.58,6,1.0,0.4888
osprey,xc:511013,xc_511013,9,1,22.34,22.45,6,1.0,0.4884
osprey,xc:511013,xc_511013,0,3,1.31,1.48,6,1.0,0.4727
palthr1,xc:637017,xc_637017,0,0,0.06,0.51,7,1.0,0.7689
palthr1,xc:878403,xc_878403,11,0,40.49,45.78,8,0.9226,0.7658
palthr1,xc:988532,xc_988532,1,7,7.67,8.42,2,0.9947,0.7518
palthr1,xc:988531,xc_988531,3,2,11.6,16.18,2,0.7351,0.7475
palthr1,xc:841464,xc_841464,6,0,16.07,20.77,0,1.0,0.7449
palthr1,xc:878403,xc_878403,4,2,8.73,13.55,8,1.0,0.7356
palthr1,xc:652386,xc_652386,25,0,47.85,47.97,6,1.0,0.7332
palthr1,xc:707803,xc_707803,11,4,37.52,40.72,8,0.8853,0.7324
palthr1,xc:878403,xc_878403,9,0,33.59,36.16,8,1.0,0.7303
palthr1,xc:841464,xc_841464,0,0,0.02,1.89,0,0.9506,0.727
palthr1,xc:878403,xc_878403,7,2,20.0,24.21,8,1.0,0.7172
palthr1,xc:878403,xc_878403,10,1,37.53,40.42,8,1.0,0.716
palthr1,xc:988532,xc_988532,1,2,1.83,2.99,2,0.9466,0.7121
palthr1,xc:841464,xc_841464,21,2,82.26,85.48,0,1.0,0.7042
palthr1,xc:988532,xc_988532,1,3,3.1,4.12,2,1.0,0.7006
palthr1,xc:841464,xc_841464,9,0,33.93,41.68,0,1.0,0.7005
palthr1,xc:652386,xc_652386,18,0,36.36,36.67,6,0.8756,0.6925
palthr1,xc:841464,xc_841464,21,0,79.58,82.07,0,0.9668,0.6846
palthr1,xc:843240,xc_843240,3,0,12.13,14.05,2,0.6941,0.6813
palthr1,xc:988532,xc_988532,1,6,6.5,7.43,2,0.9584,0.6704
palthr1,xc:988532,xc_988532,3,6,21.3,22.22,2,1.0,0.6624
palthr1,xc:637017,xc_637017,17,2,39.76,40.22,7,0.9895,0.6591
palthr1,xc:652386,xc_652386,24,0,46.22,46.37,6,1.0,0.6562
palthr1,xc:988531,xc_988531,5,0,20.3,22.22,2,0.7847,0.6533
palthr1,xc:843240,xc_843240,0,0,0.02,1.9,2,0.6941,0.6521
palthr1,xc:652386,xc_652386,27,0,49.67,49.77,6,1.0,0.6516
palthr1,xc:843240,xc_843240,4,0,20.38,21.88,2,0.6941,0.6482
palthr1,xc:652386,xc_652386,28,0,50.68,50.84,6,0.904,0.6468
palthr1,xc:988531,xc_988531,1,0,0.92,2.21,2,0.6927,0.6393
palthr1,xc:707803,xc_707803,13,0,43.69,43.81,5,0.9371,0.6374
palthr1,xc:988531,xc_988531,1,3,5.31,5.96,2,0.7847,0.6322
palthr1,xc:893999,xc_893999,4,3,10.64,12.7,7,0.9677,0.6268
palthr1,xc:707803,xc_707803,11,1,36.53,36.65,5,1.0,0.6233
palthr1,xc:707803,xc_707803,8,0,33.29,33.46,5,1.0,0.6146
palthr1,xc:988531,xc_988531,6,1,25.57,27.13,2,0.7847,0.5999
palthr1,xc:707803,xc_707803,38,2,111.38,111.49,5,1.0,0.5976
palthr1,xc:843240,xc_843240,3,1,14.16,15.82,2,0.6941,0.5974
palthr1,xc:637017,xc_637017,15,13,35.89,37.11,7,1.0,0.5815
palthr1,xc:637017,xc_637017,20,0,43.82,45.62,7,1.0,0.5775
palthr1,xc:637017,xc_637017,15,7,33.2,33.48,7,1.0,0.5542
palthr1,xc:758275,xc_758275,5,0,14.34,14.59,1,1.0,0.5497
palthr1,xc:758851,xc_758851,5,0,16.75,16.96,1,1.0,0.5371
palthr1,xc:758851,xc_758851,3,0,9.91,10.1,1,1.0,0.52
palthr1,xc:759486,xc_759486,6,0,13.86,13.97,1,1.0,0.5015
palthr1,xc:758851,xc_758851,2,0,7.31,7.52,1,1.0,0.5001
palthr1,xc:758275,xc_758275,3,1,8.8,8.95,1,1.0,0.498
pygwoo1,xc:285870,xc_285870,18,6,87.07,87.39,1,1.0,0.837
pygwoo1,xc:804650,xc_804650,20,5,33.27,33.51,0,1.0,0.8305
pygwoo1,xc:285870,xc_285870,20,0,94.04,94.71,2,1.0,0.8277
pygwoo1,xc:804650,xc_804650,20,1,31.05,31.29,0,1.0,0.8182
pygwoo1,xc:804650,xc_804650,23,2,46.53,47.4,0,0.7135,0.8133
pygwoo1,xc:285870,xc_285870,15,2,64.47,67.69,2,1.0,0.8109
pygwoo1,xc:285870,xc_285870,17,5,76.91,81.3,2,1.0,0.81
pygwoo1,xc:285870,xc_285870,34,0,142.22,142.54,1,1.0,0.8064
pygwoo1,xc:804650,xc_804650,21,2,35.36,36.16,0,0.7135,0.8025
pygwoo1,xc:804650,xc_804650,22,0,38.54,39.9,0,0.7135,0.7918
pygwoo1,xc:267412,xc_267412,16,4,29.27,29.37,3,0.7839,0.6752
pygwoo1,xc:267415,xc_267415,14,0,32.13,32.22,3,0.9325,0.6658
pygwoo1,xc:267394,xc_267394,37,0,98.05,98.51,4,1.0,0.6488
pygwoo1,xc:267394,xc_267394,92,0,199.62,200.0,4,1.0,0.6472
pygwoo1,xc:267415,xc_267415,11,0,29.23,29.32,3,0.9392,0.6461
pygwoo1,xc:267394,xc_267394,73,0,173.04,173.49,4,1.0,0.6432
pygwoo1,xc:267394,xc_267394,45,0,115.34,115.84,4,0.8007,0.6398
pygwoo1,xc:267394,xc_267394,54,1,136.69,137.08,4,0.7974,0.6394
pygwoo1,xc:267415,xc_267415,0,2,0.48,0.6,3,0.9497,0.6391
pygwoo1,xc:267415,xc_267415,7,3,13.51,13.59,3,0.9018,0.6323
pygwoo1,xc:267415,xc_267415,3,3,8.25,8.34,3,1.0,0.6322
pygwoo1,xc:841033,xc_841033,9,0,19.0,19.39,3,0.9555,0.6069
pygwoo1,xc:841033,xc_841033,4,0,11.13,11.51,3,0.9555,0.5961
pygwoo1,xc:841033,xc_841033,1,0,3.13,3.48,3,0.9555,0.5919
pygwoo1,xc:841033,xc_841033,2,0,4.77,5.12,3,0.9555,0.5884
pygwoo1,xc:841033,xc_841033,5,0,12.43,12.79,3,0.9555,0.5828
pygwoo1,xc:797723,xc_797723,5,1,11.19,11.33,3,0.7645,0.58
rocpig,xc:380349,xc_380349,2,2,10.27,10.82,5,0.9236,0.8193
rocpig,xc:380349,xc_380349,2,3,11.03,11.91,5,1.0,0.7951
rocpig,xc:488175,xc_488175,4,0,15.75,17.26,5,0.9806,0.7867
rocpig,xc:486873,xc_486873,12,2,27.11,27.57,5,0.9975,0.7845
rocpig,xc:621266,xc_621266,8,1,35.17,37.18,2,1.0,0.7747
rocpig,xc:269761,xc_269761,6,6,28.04,28.61,5,1.0,0.759
rocpig,xc:488175,xc_488175,1,1,4.56,5.87,5,0.9806,0.757
rocpig,xc:488175,xc_488175,0,0,0.36,2.05,5,0.9806,0.7565
rocpig,xc:645563,xc_645563,59,3,228.08,228.46,5,0.9576,0.7543
rocpig,xc:621266,xc_621266,1,0,5.93,12.93,2,1.0,0.7497
rocpig,xc:488175,xc_488175,6,0,24.78,26.95,5,0.9806,0.7493
rocpig,xc:621266,xc_621266,0,0,0.02,5.86,2,1.0,0.7452
rocpig,xc:621266,xc_621266,5,1,20.11,21.36,2,1.0,0.7411
rocpig,xc:488175,xc_488175,4,1,17.35,19.0,5,0.9436,0.7392
rocpig,xc:621266,xc_621266,8,2,37.28,39.25,2,1.0,0.7303
rocpig,xc:1023563,xc_1023563,7,1,18.43,18.84,3,1.0,0.7231
rocpig,xc:121680,xc_121680,4,0,10.74,11.73,5,0.9536,0.7222
rocpig,xc:645563,xc_645563,57,6,215.93,217.49,1,1.0,0.7201
rocpig,xc:349161,xc_349161,8,1,26.09,27.31,5,0.9786,0.7158
rocpig,xc:645563,xc_645563,61,6,237.07,239.86,1,0.9975,0.7085
rocpig,xc:269761,xc_269761,7,0,29.89,30.5,5,0.9313,0.7078
rocpig,xc:380349,xc_380349,0,1,0.73,1.64,5,0.9441,0.7034
rocpig,xc:645563,xc_645563,54,4,198.93,201.02,1,1.0,0.6966
rocpig,xc:645563,xc_645563,58,5,221.46,223.41,1,1.0,0.6965
rocpig,xc:1023563,xc_1023563,5,3,14.63,15.04,3,1.0,0.687
rocpig,xc:1023563,xc_1023563,10,1,22.96,23.58,3,1.0,0.6858
rocpig,xc:1023563,xc_1023563,14,1,29.57,30.16,3,1.0,0.6828
rocpig,xc:349161,xc_349161,2,4,11.6,12.66,5,1.0,0.6791
rocpig,xc:349161,xc_349161,3,3,14.0,14.89,5,0.9737,0.6777
rocpig,xc:121680,xc_121680,8,4,17.57,18.28,5,0.9897,0.66
rocpig,xc:1023563,xc_1023563,13,1,28.0,28.83,3,1.0,0.6552
rocpig,xc:121680,xc_121680,3,3,9.1,10.08,5,0.9528,0.6511
rocpig,xc:706902,xc_706902,19,4,75.0,75.63,4,0.9885,0.6503
rocpig,xc:121680,xc_121680,2,1,3.21,3.9,5,1.0,0.6402
rocpig,xc:706902,xc_706902,19,2,74.16,74.83,4,0.9622,0.5832
rocpig,xc:706902,xc_706902,20,3,79.03,79.65,4,1.0,0.5773
rocpig,xc:706902,xc_706902,3,1,9.43,10.23,4,0.9885,0.5724
rocpig,xc:706902,xc_706902,10,7,37.25,37.87,4,1.0,0.5392
rocpig,xc:796913,xc_796913,20,3,59.28,59.81,0,1.0,0.5185
rocpig,xc:796913,xc_796913,1,0,3.23,3.39,0,1.0,0.5162
rocpig,xc:796913,xc_796913,17,1,48.19,48.5,0,1.0,0.5076
rocpig,xc:796913,xc_796913,0,5,1.48,1.74,0,1.0,0.4877
rocpig,xc:796913,xc_796913,20,0,57.93,58.28,0,0.9836,0.4734
skylar,xc:627311,xc_627311,14,0,50.0,58.0,2,0.8994,0.8168
skylar,xc:718610,xc_718610,8,0,35.81,40.39,2,0.941,0.7968
skylar,xc:718610,xc_718610,5,0,26.09,31.9,2,0.8867,0.785
skylar,xc:718610,xc_718610,1,0,0.5,8.5,2,1.0,0.7607
skylar,xc:975229,xc_975229,19,0,85.71,92.68,0,0.991,0.7595
skylar,xc:718610,xc_718610,9,1,41.4,46.06,2,0.9217,0.7591
skylar,xc:975229,xc_975229,18,0,78.41,84.0,0,0.991,0.7345
skylar,xc:718610,xc_718610,11,0,46.91,49.27,2,1.0,0.7341
skylar,xc:975229,xc_975229,0,0,0.02,2.75,0,0.9842,0.7169
skylar,xc:975229,xc_975229,27,0,117.93,120.64,0,1.0,0.7065
skylar,xc:933082,xc_933082,9,0,33.71,34.0,4,0.7667,0.6893
skylar,xc:138228,xc_138228,3,1,14.21,14.68,3,0.9962,0.6833
skylar,xc:917689,xc_917689,13,0,83.03,91.03,1,1.0,0.6818
skylar,xc:180733,xc_180733,1,0,3.47,8.9,1,1.0,0.678
skylar,xc:975229,xc_975229,11,0,55.54,56.79,0,0.9936,0.6683
skylar,xc:138228,xc_138228,0,11,4.94,5.43,3,1.0,0.6402
skylar,xc:138228,xc_138228,2,3,11.17,11.49,3,1.0,0.6386
skylar,xc:138228,xc_138228,0,0,0.02,0.5,3,1.0,0.6383
skylar,xc:737688,xc_737688,0,2,1.35,5.67,1,1.0,0.635
skylar,xc:933082,xc_933082,10,0,34.07,34.83,4,0.875,0.6199
skylar,xc:933082,xc_933082,7,0,22.93,27.94,4,0.8785,0.6157
skylar,xc:180733,xc_180733,9,1,30.81,32.9,1,0.9749,0.6126
skylar,xc:138228,xc_138228,3,11,20.37,20.84,3,1.0,0.6079
skylar,xc:917689,xc_917689,1,0,8.02,16.02,1,1.0,0.5789
skylar,xc:917689,xc_917689,7,0,48.48,56.48,1,1.0,0.5773
skylar,xc:395043,xc_395043,28,0,112.16,112.59,5,1.0,0.574
skylar,xc:917689,xc_917689,4,0,24.48,32.48,1,1.0,0.5656
skylar,xc:933082,xc_933082,6,0,21.1,22.86,4,0.7874,0.5645
skylar,xc:933082,xc_933082,11,4,38.34,39.23,4,1.0,0.5642
skylar,xc:917689,xc_917689,8,0,56.48,64.48,1,1.0,0.5604
skylar,xc:395043,xc_395043,54,0,196.45,202.99,5,0.9882,0.5493
skylar,xc:439200,xc_439200,9,1,42.36,44.0,6,1.0,0.542
skylar,xc:395043,xc_395043,25,9,106.26,108.51,6,1.0,0.5306
skylar,xc:395043,xc_395043,4,0,29.12,34.36,5,1.0,0.5184
skylar,xc:395043,xc_395043,21,0,90.99,91.96,5,1.0,0.5176
skylar,xc:439200,xc_439200,9,2,44.13,46.43,6,1.0,0.5176
skylar,xc:439200,xc_439200,7,2,39.48,40.21,6,1.0,0.5166
skylar,xc:439200,xc_439200,2,4,12.83,14.19,6,0.9697,0.5111
skylar,xc:439200,xc_439200,4,0,23.26,23.75,6,1.0,0.4968
spbduc,xc:841268,xc_841268,33,14,56.63,56.78,2,0.9463,0.7806
spbduc,xc:414280,xc_414280,2,2,4.43,4.93,4,0.9242,0.7637
spbduc,xc:414280,xc_414280,2,3,4.98,6.57,4,0.9614,0.7534
spbduc,xc:841268,xc_841268,28,3,42.52,42.69,2,0.8759,0.7528
spbduc,xc:414280,xc_414280,5,2,22.77,24.56,4,0.9875,0.7484
spbduc,xc:841268,xc_841268,28,6,43.22,43.42,2,0.9918,0.7446
spbduc,xc:841268,xc_841268,28,4,42.77,42.91,2,0.917,0.7379
spbduc,xc:414280,xc_414280,4,1,15.41,16.0,4,0.9619,0.7311
spbduc,xc:414280,xc_414280,3,3,8.66,9.04,4,0.9214,0.7299
spbduc,xc:841268,xc_841268,11,3,17.85,18.03,2,1.0,0.7274
spbduc,xc:414277,xc_414277,14,2,42.72,43.0,3,0.6852,0.7192
spbduc,xc:854546,xc_854546,2,6,13.36,13.82,0,1.0,0.6427
spbduc,xc:266815,xc_266815,1,9,11.3,11.64,3,0.7133,0.6221
spbduc,xc:920581,xc_920581,11,1,14.3,14.37,1,1.0,0.6042
spbduc,xc:992583,xc_992583,69,9,101.76,103.01,3,0.7926,0.5973
spbduc,xc:266815,xc_266815,3,0,12.75,13.04,3,0.7452,0.5947
spbduc,xc:992583,xc_992583,43,0,64.66,64.95,3,0.8118,0.5796
spbduc,xc:992583,xc_992583,69,11,103.41,103.65,3,1.0,0.5788
spbduc,xc:854546,xc_854546,1,8,9.08,10.0,0,0.7866,0.5757
spbduc,xc:266815,xc_266815,0,6,3.37,3.62,3,0.7452,0.5719
spbduc,xc:992583,xc_992583,27,0,50.63,51.04,3,0.9842,0.5686
spbduc,xc:920581,xc_920581,18,4,23.31,23.37,1,1.0,0.5637
spbduc,xc:920581,xc_920581,12,1,15.17,15.25,1,1.0,0.5591
spbduc,xc:992583,xc_992583,67,5,94.79,94.91,3,0.6927,0.5584
spbduc,xc:920581,xc_920581,16,0,18.42,18.49,1,0.9698,0.5555
spbduc,xc:854546,xc_854546,10,1,23.28,23.42,0,0.7657,0.5546
spbduc,xc:920581,xc_920581,17,1,19.23,19.29,1,1.0,0.5522
spbduc,xc:854546,xc_854546,2,3,12.51,12.83,0,0.9187,0.5489
spbduc,xc:266815,xc_266815,3,1,13.42,13.73,3,0.7452,0.5485
spbduc,xc:854546,xc_854546,28,8,54.13,54.72,0,0.8567,0.5431
spbduc,xc:266815,xc_266815,4,0,14.13,14.44,3,0.7452,0.5253
spbduc,xc:266813,xc_266813,8,0,17.64,17.82,3,0.6867,0.4881
tufduc,xc:488112,xc_488112,1092,1,1886.23,1888.64,1,0.5633,0.9044
tufduc,xc:488112,xc_488112,705,0,1288.24,1289.14,1,0.623,0.8997
tufduc,xc:488112,xc_488112,364,0,707.55,708.18,1,0.7826,0.8971
tufduc,xc:488112,xc_488112,320,0,609.21,615.13,1,0.7102,0.8963
tufduc,xc:488112,xc_488112,1094,3,1895.41,1900.64,1,0.6478,0.8918
tufduc,xc:632557,xc_632557,0,1,0.46,1.46,0,0.961,0.6925
tufduc,xc:487847,xc_487847,37,9,130.49,131.16,0,0.9396,0.6111
tufduc,xc:632557,xc_632557,10,10,32.34,33.23,0,0.9704,0.5999
vartit1,xc:882175,xc_882175,11,2,20.05,22.51,5,1.0,0.86
vartit1,xc:414992,xc_414992,6,1,21.87,22.29,2,0.9157,0.8565
vartit1,xc:414992,xc_414992,20,5,67.4,69.61,2,0.9387,0.8563
vartit1,xc:882175,xc_882175,1,2,3.96,5.7,5,1.0,0.8512
vartit1,xc:414992,xc_414992,5,0,19.71,20.45,2,0.9495,0.8491
vartit1,xc:414992,xc_414992,10,1,32.25,34.59,2,1.0,0.8488
vartit1,xc:882175,xc_882175,16,2,34.94,36.55,5,1.0,0.8481
vartit1,xc:641399,xc_641399,3,1,13.22,13.71,1,0.9243,0.8398
vartit1,xc:641399,xc_641399,4,0,13.92,14.44,1,1.0,0.8292
vartit1,xc:641399,xc_641399,5,4,18.84,21.51,0,0.9035,0.8218
vartit1,xc:641399,xc_641399,3,0,11.1,13.11,0,0.8709,0.8125
vartit1,xc:871190,xc_871190,0,0,3.14,5.54,4,1.0,0.8113
vartit1,xc:871190,xc_871190,26,0,76.5,78.93,4,1.0,0.8073
vartit1,xc:641399,xc_641399,5,1,16.03,17.33,0,1.0,0.8064
vartit1,xc:871190,xc_871190,4,0,12.55,14.93,4,1.0,0.7531
vartit1,xc:998735,xc_998735,19,0,53.05,53.11,3,0.5277,0.7453
vartit1,xc:332820,xc_332820,8,0,16.93,18.64,6,1.0,0.7353
vartit1,xc:998735,xc_998735,7,0,25.5,25.63,3,0.5277,0.7293
vartit1,xc:332820,xc_332820,6,0,10.02,14.64,6,1.0,0.7259
vartit1,xc:332820,xc_332820,9,0,21.52,27.66,6,1.0,0.7069
vartit1,xc:202775,xc_202775,1,0,2.38,4.12,6,1.0,0.6867
vartit1,xc:202775,xc_202775,0,0,0.02,0.65,6,0.8298,0.6777
vartit1,xc:841029,xc_841029,0,0,0.77,3.07,6,0.9932,0.6759
vartit1,xc:202775,xc_202775,10,1,17.88,19.69,6,0.9978,0.6754
vartit1,xc:998735,xc_998735,12,0,38.36,38.43,3,0.5277,0.6622
vartit1,xc:843770,xc_843770,7,0,17.76,18.46,3,0.5966,0.6593
vartit1,xc:843770,xc_843770,13,0,28.25,29.0,3,0.7163,0.6514
vartit1,xc:998735,xc_998735,2,0,7.05,7.15,3,0.5277,0.6502
vartit1,xc:414992,xc_414992,8,6,30.75,31.12,3,0.5869,0.6426
vartit1,xc:998735,xc_998735,2,1,7.43,7.52,3,0.5277,0.6355
vartit1,xc:882175,xc_882175,52,1,101.04,101.31,7,0.7629,0.6321
vartit1,xc:194395,xc_194395,8,0,21.23,21.34,3,0.5013,0.6285
vartit1,xc:890241,xc_890241,3,0,11.23,11.36,3,0.4961,0.626
vartit1,xc:843770,xc_843770,4,0,6.15,6.38,3,0.6255,0.6081
vartit1,xc:882175,xc_882175,31,2,56.71,56.82,7,0.8913,0.5927
vartit1,xc:843770,xc_843770,0,0,0.28,0.35,3,0.5817,0.5834
vartit1,xc:843770,xc_843770,4,2,7.78,8.0,3,0.752,0.5816
vartit1,xc:856671,xc_856671,0,2,0.74,0.85,3,0.4939,0.5794
vartit1,xc:175791,xc_175791,10,1,46.9,48.14,3,0.5264,0.5716
vartit1,xc:194395,xc_194395,2,0,6.72,7.21,3,0.5379,0.5663
vartit1,xc:856671,xc_856671,30,8,51.38,51.7,3,0.7686,0.5612
vartit1,xc:790852,xc_790852,0,3,0.83,1.26,3,0.6544,0.561
vartit1,xc:194395,xc_194395,3,1,10.73,10.86,3,0.5379,0.5592
vartit1,xc:790852,xc_790852,3,0,6.09,6.48,3,0.6608,0.5436
vartit1,xc:856671,xc_856671,27,1,42.91,43.14,3,0.6673,0.5428
vartit1,xc:856671,xc_856671,30,2,48.74,49.2,3,0.7655,0.5389
vartit1,xc:790852,xc_790852,4,0,11.44,11.6,3,0.6608,0.538
warwhe1,xc:806913,xc_806913,46,0,165.39,168.45,7,0.8423,0.8178
warwhe1,xc:806913,xc_806913,24,5,90.17,92.37,7,0.6675,0.8178
warwhe1,xc:806913,xc_806913,76,5,263.93,267.44,7,0.7923,0.814
warwhe1,xc:806913,xc_806913,50,0,181.72,185.54,7,0.8145,0.8097
warwhe1,xc:806913,xc_806913,95,4,332.68,335.68,7,0.9565,0.807
warwhe1,xc:287972,xc_287972,17,3,58.91,60.66,0,1.0,0.7759
warwhe1,xc:287972,xc_287972,21,7,80.8,81.89,0,1.0,0.7641
warwhe1,xc:287972,xc_287972,17,2,58.43,58.8,0,0.8405,0.764
warwhe1,xc:911176,xc_911176,24,2,92.99,96.16,5,0.967,0.7531
warwhe1,xc:911176,xc_911176,55,0,204.86,208.16,5,0.8284,0.7455
warwhe1,xc:911176,xc_911176,100,1,385.7,386.56,5,0.6419,0.7419
warwhe1,xc:287972,xc_287972,1,7,4.83,5.39,0,1.0,0.7374
warwhe1,xc:911176,xc_911176,57,3,214.65,218.36,5,1.0,0.7343
warwhe1,xc:287972,xc_287972,10,1,32.09,33.64,0,1.0,0.7332
warwhe1,xc:617434,xc_617434,47,3,162.65,162.84,3,0.5725,0.7249
warwhe1,xc:911176,xc_911176,63,0,233.62,235.96,5,0.6996,0.7176
warwhe1,xc:617434,xc_617434,26,2,88.62,88.81,3,0.5665,0.7052
warwhe1,xc:617434,xc_617434,1,4,8.34,8.53,3,0.759,0.7043
warwhe1,xc:617434,xc_617434,3,0,16.38,17.67,3,0.9053,0.6992
warwhe1,xc:617434,xc_617434,40,1,131.6,132.59,3,0.8758,0.6964
warwhe1,xc:155881,xc_155881,6,7,19.69,21.35,2,0.9534,0.6206
warwhe1,xc:155881,xc_155881,10,5,37.65,37.83,2,1.0,0.6133
warwhe1,xc:155881,xc_155881,11,4,43.38,43.55,2,1.0,0.5964
warwhe1,xc:155881,xc_155881,2,4,9.77,12.63,2,1.0,0.583
warwhe1,xc:155881,xc_155881,3,0,12.8,12.89,2,0.868,0.582
warwhe1,xc:192982,xc_192982,36,0,45.34,45.61,1,1.0,0.4675
warwhe1,xc:192982,xc_192982,33,5,39.64,40.25,1,1.0,0.4662
warwhe1,xc:192982,xc_192982,18,1,19.89,20.13,1,1.0,0.4567
warwhe1,xc:192982,xc_192982,34,6,43.22,43.58,1,1.0,0.4548
whcsta1,xc:790703,xc_790703,15,11,63.94,64.38,0,0.8454,0.8552
whcsta1,xc:790703,xc_790703,33,10,132.37,132.68,0,0.9797,0.8075
whcsta1,xc:790703,xc_790703,21,2,94.06,95.06,0,1.0,0.7987
whcsta1,xc:790703,xc_790703,16,2,65.62,66.02,0,1.0,0.7939
whcsta1,xc:790703,xc_790703,14,2,54.37,55.55,0,0.8337,0.7909
whcsta1,xc:113529,xc_113529,2,3,14.64,15.05,1,0.7317,0.6712
whcsta1,xc:809875,xc_809875,72,0,126.3,126.5,1,0.7738,0.6666
whcsta1,xc:113529,xc_113529,2,2,14.04,14.51,1,0.7361,0.6582
whcsta1,xc:809875,xc_809875,77,2,135.47,135.81,1,0.8855,0.6549
whcsta1,xc:809875,xc_809875,50,0,84.58,84.74,1,0.7801,0.6502
whcsta1,xc:809875,xc_809875,39,5,65.55,66.19,1,0.7216,0.6309
whcsta1,xc:113529,xc_113529,3,3,17.79,19.29,1,0.7275,0.6303
whcsta1,xc:809875,xc_809875,64,3,108.5,108.9,1,0.8465,0.6296
whcsta1,xc:113529,xc_113529,3,8,20.62,21.53,1,0.7666,0.6125
whcsta1,xc:113529,xc_113529,3,2,16.91,17.64,1,0.7666,0.6046
whcsta1,xc:146051,xc_146051,29,0,63.59,63.95,1,0.817,0.5866
whcsta1,xc:146051,xc_146051,9,0,16.78,17.33,1,0.7938,0.5643
whcsta1,xc:146051,xc_146051,11,6,23.63,24.45,1,0.8091,0.5631
whcsta1,xc:146051,xc_146051,12,2,26.52,26.66,1,0.7162,0.5629
whcsta1,xc:146051,xc_146051,11,5,23.34,23.55,1,0.7306,0.5286
whiwag,xc:67298,xc_67298,14,11,27.39,27.59,3,1.0,0.8543
whiwag,xc:67298,xc_67298,17,1,32.82,33.08,3,0.8502,0.8538
whiwag,xc:67298,xc_67298,19,16,43.32,43.51,3,0.7803,0.8537
whiwag,xc:67298,xc_67298,16,0,31.04,31.23,3,0.8037,0.8528
whiwag,xc:67298,xc_67298,21,1,47.89,48.08,3,0.9222,0.8521
whiwag,xc:187183,xc_187183,13,0,22.53,22.76,0,1.0,0.7419
whiwag,xc:187183,xc_187183,3,0,6.65,6.93,0,1.0,0.7358
whiwag,xc:187183,xc_187183,11,0,18.27,18.59,0,1.0,0.7345
whiwag,xc:201954,xc_201954,0,6,2.93,3.48,1,1.0,0.7298
whiwag,xc:212874,xc_212874,2,1,6.1,6.27,2,1.0,0.71
whiwag,xc:212874,xc_212874,3,8,13.66,14.36,2,1.0,0.7048
whiwag,xc:212874,xc_212874,3,7,13.42,13.55,2,1.0,0.6992
whiwag,xc:201954,xc_201954,2,0,7.14,7.46,1,1.0,0.6707
whiwag,xc:861059,xc_861059,6,0,20.13,28.13,7,0.5981,0.6706
whiwag,xc:861059,xc_861059,5,0,12.13,20.13,7,0.6756,0.6526
whiwag,xc:731463,xc_731463,8,2,24.5,26.52,4,0.6683,0.6479
whiwag,xc:861059,xc_861059,14,0,55.98,59.02,7,0.5489,0.6386
whiwag,xc:297867,xc_297867,15,10,41.61,41.7,6,0.7203,0.6186
whiwag,xc:458681,xc_458681,32,0,88.8,89.75,4,1.0,0.6077
whiwag,xc:759533,xc_759533,1,1,1.89,2.23,4,0.6529,0.6065
whiwag,xc:759533,xc_759533,3,7,6.66,7.0,4,0.6373,0.5991
whiwag,xc:458681,xc_458681,30,0,84.27,86.06,4,0.797,0.5972
whiwag,xc:458681,xc_458681,3,0,9.97,11.35,4,0.862,0.5927
whiwag,xc:731463,xc_731463,9,1,27.58,28.01,4,0.6505,0.5899
whiwag,xc:759533,xc_759533,4,1,8.86,9.19,4,0.6529,0.5869
whiwag,xc:458681,xc_458681,8,1,21.81,22.35,4,0.8945,0.5849
whiwag,xc:458681,xc_458681,50,0,122.07,123.0,4,1.0,0.5829
whiwag,xc:297867,xc_297867,10,1,29.45,29.8,6,1.0,0.57
whiwag,xc:861059,xc_861059,39,0,151.07,159.07,7,0.5943,0.5692
whiwag,xc:297867,xc_297867,16,5,43.97,44.32,6,0.6738,0.563
whiwag,xc:297867,xc_297867,20,11,61.12,61.26,6,0.8767,0.5561
whiwag,xc:297867,xc_297867,10,0,29.14,29.35,6,0.9886,0.5532
whiwag,xc:861059,xc_861059,40,0,159.07,167.07,7,0.664,0.5496
zitcis1,xc:476911,xc_476911,31,6,46.19,46.42,11,1.0,0.8056
zitcis1,xc:828633,xc_828633,4,4,22.35,22.61,5,0.9712,0.8021
zitcis1,xc:828633,xc_828633,3,1,19.37,19.67,5,0.9644,0.7899
zitcis1,xc:476911,xc_476911,15,0,17.38,17.58,11,0.9815,0.7693
zitcis1,xc:476911,xc_476911,32,0,47.6,47.96,11,0.956,0.7638
zitcis1,xc:476911,xc_476911,12,0,13.56,13.78,11,1.0,0.7636
zitcis1,xc:476911,xc_476911,30,3,40.77,40.91,11,1.0,0.7631
zitcis1,xc:828633,xc_828633,4,2,21.55,21.85,5,0.9712,0.7618
zitcis1,xc:828633,xc_828633,3,3,20.04,20.38,5,0.9712,0.7564
zitcis1,xc:644123,xc_644123,9,5,28.95,29.23,1,1.0,0.7554
zitcis1,xc:828633,xc_828633,2,2,11.46,11.83,5,1.0,0.7475
zitcis1,xc:644123,xc_644123,9,8,29.59,30.0,1,1.0,0.7456
zitcis1,xc:644123,xc_644123,9,11,30.61,30.85,1,0.9552,0.7422
zitcis1,xc:644123,xc_644123,9,2,28.06,28.41,1,0.9771,0.7374
zitcis1,xc:753226,xc_753226,1,22,11.51,11.64,13,0.9448,0.7313
zitcis1,xc:753226,xc_753226,1,21,11.27,11.4,13,0.9549,0.7188
zitcis1,xc:753226,xc_753226,0,9,4.41,4.5,13,0.9151,0.7165
zitcis1,xc:1011812,xc_1011812,2,0,8.72,10.37,7,1.0,0.7082
zitcis1,xc:1027807,xc_1027807,2,0,1.89,2.03,9,0.9256,0.7049
zitcis1,xc:1011812,xc_1011812,3,0,10.48,10.75,7,0.8191,0.7016
zitcis1,xc:753226,xc_753226,1,3,6.14,6.26,13,1.0,0.6985
zitcis1,xc:1011812,xc_1011812,1,3,4.5,7.51,7,0.9674,0.6857
zitcis1,xc:753226,xc_753226,1,18,10.5,10.62,13,0.9805,0.6781
zitcis1,xc:1027807,xc_1027807,19,1,19.76,19.96,9,1.0,0.6324
zitcis1,xc:1011812,xc_1011812,0,0,0.02,2.57,7,1.0,0.6317
zitcis1,xc:1011812,xc_1011812,3,3,13.86,14.69,7,1.0,0.6186
zitcis1,xc:1027807,xc_1027807,20,0,20.65,20.85,9,0.9449,0.6106
zitcis1,xc:359154,xc_359154,3,0,5.8,6.16,0,1.0,0.6105
zitcis1,xc:1027807,xc_1027807,18,1,18.89,19.07,9,1.0,0.6035
zitcis1,xc:906062,xc_906062,0,6,1.78,1.92,2,1.0,0.6024
zitcis1,xc:359154,xc_359154,2,0,4.22,4.62,0,1.0,0.5998
zitcis1,xc:359154,xc_359154,1,0,2.76,3.77,0,1.0,0.5874
zitcis1,xc:734272,xc_734272,5,0,5.89,6.0,10,1.0,0.5792
zitcis1,xc:301756,xc_301756,16,2,30.84,31.06,10,1.0,0.5561
zitcis1,xc:734272,xc_734272,0,0,0.26,1.03,6,0.8764,0.5534
zitcis1,xc:734272,xc_734272,0,1,1.17,1.31,10,1.0,0.5528
zitcis1,xc:644123,xc_644123,4,11,11.5,11.66,4,0.865,0.5524
zitcis1,xc:906062,xc_906062,0,3,0.96,1.08,2,1.0,0.5397
zitcis1,xc:906062,xc_906062,1,0,6.6,6.84,2,1.0,0.5371
zitcis1,xc:1027807,xc_1027807,8,2,7.32,7.45,8,1.0,0.5365
zitcis1,xc:195732,xc_195732,2,0,4.96,10.07,6,1.0,0.5333
zitcis1,xc:195732,xc_195732,1,0,0.15,1.24,6,1.0,0.4787
zitcis1,xc:337541,xc_337541,12,1,20.12,20.42,8,1.0,0.4774
