species_code,scientific_name,recording_id,safe_id,focal_channel,channel_scores,species_score,birdnet_conf,bout_snr,bout_ndsi,bout_quality,rank_score,bout_idx,bout_onset,bout_offset,bout_duration,n_notes,total_note_dur,silence_ratio,notes_json,method
spbduc,Anas zonorhyncha,xc:414280,xc_414280,1,[],1.0,0.0,34.81,0.9998,0.9993,0.999317,54,68.89,69.06,0.17,1,0.17,0.0,"[[68.89, 69.06]]",bird-mixit+tweetynet
spbduc,Anas zonorhyncha,xc:414280,xc_414280,1,[],1.0,0.0,32.12,0.9994,0.9984,0.998394,56,70.57,72.14,1.57,5,0.95,0.3949,"[[70.57, 70.6], [70.73, 70.94], [71.06, 71.38], [71.55, 71.8], [72.0, 72.14]]",bird-mixit+tweetynet
spbduc,Anas zonorhyncha,xc:414280,xc_414280,1,[],1.0,0.0,30.3,0.9998,0.9976,0.997644,55,69.83,70.0,0.17,1,0.17,0.0,"[[69.83, 70.0]]",bird-mixit+tweetynet
spbduc,Anas zonorhyncha,xc:803918,xc_803918,1,[],1.0,0.0,25.28,0.9957,0.9878,0.987751,25,46.42,49.27,2.85,8,1.78,0.3754,"[[46.42, 46.51], [46.8, 46.92], [47.06, 47.33], [47.43, 47.62], [47.85, 47.96], [48.04, 48.11], [48.23, 48.27], [48.38, 49.27]]",bird-mixit+tweetynet
spbduc,Anas zonorhyncha,ml:628892133,ml_628892133,1,[],1.0,0.0,24.16,0.999,0.9854,0.985431,45,58.12,59.0,0.88,2,0.67,0.2386,"[[58.12, 58.27], [58.48, 59.0]]",bird-mixit+tweetynet
spbduc,Anas zonorhyncha,ml:628892133,ml_628892133,1,[],1.0,0.0,23.4,0.9987,0.9817,0.981716,51,73.2,74.11,0.91,2,0.74,0.1868,"[[73.2, 73.36], [73.53, 74.11]]",bird-mixit+tweetynet
spbduc,Anas zonorhyncha,xc:803918,xc_803918,1,[],1.0,0.0,22.82,0.9983,0.9782,0.978238,23,39.93,41.43,1.5,4,0.93,0.38,"[[39.93, 40.01], [40.09, 40.14], [40.25, 40.43], [40.81, 41.43]]",bird-mixit+tweetynet
spbduc,Anas zonorhyncha,ml:628892133,ml_628892133,1,[],1.0,0.0,23.08,0.9948,0.9781,0.978076,46,60.98,61.92,0.94,2,0.71,0.2447,"[[60.98, 61.12], [61.35, 61.92]]",bird-mixit+tweetynet
spbduc,Anas zonorhyncha,xc:841268,xc_841268,0,[],1.0,0.0,22.56,0.9997,0.9773,0.977303,16,27.74,30.27,2.53,4,1.85,0.2688,"[[27.74, 27.83], [28.19, 28.23], [28.5, 29.09], [29.14, 30.27]]",bird-mixit+tweetynet
spbduc,Anas zonorhyncha,ml:648792937,ml_648792937,1,[],1.0,0.0,26.55,0.9636,0.975,0.975025,5,6.09,6.19,0.1,1,0.1,0.0,"[[6.09, 6.19]]",bird-mixit+tweetynet
spbduc,Anas zonorhyncha,ml:628892133,ml_628892133,1,[],1.0,0.0,22.23,0.9983,0.9743,0.974323,56,84.28,85.23,0.95,2,0.73,0.2316,"[[84.28, 84.41], [84.63, 85.23]]",bird-mixit+tweetynet
spbduc,Anas zonorhyncha,xc:841268,xc_841268,0,[],1.0,0.0,21.65,0.9997,0.9704,0.97035,9,13.21,16.1,2.89,6,2.3,0.2042,"[[13.21, 13.39], [13.49, 15.33], [15.52, 15.55], [15.64, 15.72], [15.82, 15.9], [16.01, 16.1]]",bird-mixit+tweetynet
spbduc,Anas zonorhyncha,ml:628892133,ml_628892133,1,[],1.0,0.0,21.66,0.9975,0.9694,0.969436,52,76.65,77.53,0.88,2,0.65,0.2614,"[[76.65, 76.78], [77.01, 77.53]]",bird-mixit+tweetynet
spbduc,Anas zonorhyncha,ml:644735222,ml_644735222,1,[],1.0,0.0,19.43,0.9967,0.9426,0.942644,9,17.49,18.11,0.62,2,0.35,0.4355,"[[17.49, 17.57], [17.84, 18.11]]",bird-mixit+tweetynet
spbduc,Anas zonorhyncha,ml:641587830,ml_641587830,0,[],1.0,0.0,19.39,0.9976,0.9425,0.94246,154,243.73,246.69,2.96,8,1.48,0.5,"[[243.73, 243.86], [244.07, 244.51], [244.8, 245.16], [245.26, 245.3], [245.57, 245.92], [245.97, 246.04], [246.41, 246.45], [246.64, 246.69]]",bird-mixit+tweetynet
spbduc,Anas zonorhyncha,ml:648403284,ml_648403284,3,[],1.0,0.0,20.52,0.9626,0.9412,0.941223,11,9.88,10.38,0.5,3,0.22,0.56,"[[9.88, 9.92], [10.14, 10.28], [10.34, 10.38]]",bird-mixit+tweetynet
spbduc,Anas zonorhyncha,ml:644735222,ml_644735222,1,[],1.0,0.0,18.76,0.9985,0.9319,0.931941,8,16.58,16.84,0.26,1,0.26,0.0,"[[16.58, 16.84]]",bird-mixit+tweetynet
spbduc,Anas zonorhyncha,ml:643533380,ml_643533380,3,[],1.0,0.0,30.63,0.8565,0.9264,0.926362,51,78.16,78.29,0.13,1,0.13,0.0,"[[78.16, 78.29]]",bird-mixit+tweetynet
spbduc,Anas zonorhyncha,ml:649704395,ml_649704395,0,[],0.9884,0.0,19.18,0.986,0.9336,0.922761,74,147.68,148.48,0.8,3,0.66,0.175,"[[147.68, 147.94], [148.01, 148.2], [148.27, 148.48]]",bird-mixit+tweetynet
spbduc,Anas zonorhyncha,ml:644396170,ml_644396170,0,[],1.0,0.0,18.21,0.9987,0.9209,0.92085,79,120.54,121.98,1.44,4,0.97,0.3264,"[[120.54, 121.18], [121.31, 121.41], [121.57, 121.69], [121.87, 121.98]]",bird-mixit+tweetynet
spbduc,Anas zonorhyncha,ml:644735222,ml_644735222,1,[],1.0,0.0,18.19,0.9991,0.9207,0.920747,11,19.93,20.32,0.39,2,0.25,0.359,"[[19.93, 20.1], [20.24, 20.32]]",bird-mixit+tweetynet
spbduc,Anas zonorhyncha,ml:648403284,ml_648403284,3,[],1.0,0.0,18.47,0.9852,0.9201,0.920117,43,42.79,43.02,0.23,1,0.23,0.0,"[[42.79, 43.02]]",bird-mixit+tweetynet
spbduc,Anas zonorhyncha,ml:637734220,ml_637734220,1,[],1.0,0.0,21.82,0.8912,0.9191,0.919103,13,15.54,18.45,2.91,9,1.94,0.3333,"[[15.54, 16.13], [16.19, 16.24], [16.41, 16.45], [16.54, 16.63], [16.7, 16.74], [16.81, 17.18], [17.48, 17.53], [17.66, 18.31], [18.39, 18.45]]",bird-mixit+tweetynet
spbduc,Anas zonorhyncha,ml:644565379,ml_644565379,3,[],1.0,0.0,18.06,0.9977,0.9172,0.917229,51,107.36,108.21,0.85,2,0.54,0.3647,"[[107.36, 107.56], [107.87, 108.21]]",bird-mixit+tweetynet
spbduc,Anas zonorhyncha,xc:803918,xc_803918,1,[],1.0,0.0,18.03,0.9902,0.9131,0.913086,11,19.86,20.55,0.69,2,0.49,0.2899,"[[19.86, 20.09], [20.29, 20.55]]",bird-mixit+tweetynet
spbduc,Anas zonorhyncha,ml:649704395,ml_649704395,0,[],0.9884,0.0,18.42,0.9939,0.9232,0.912482,51,109.0,109.44,0.44,2,0.28,0.3636,"[[109.0, 109.15], [109.31, 109.44]]",bird-mixit+tweetynet
spbduc,Anas zonorhyncha,ml:637734220,ml_637734220,1,[],1.0,0.0,18.65,0.9499,0.9073,0.907256,198,372.77,380.25,7.48,25,4.4,0.4118,"[[372.77, 373.06], [373.18, 373.36], [373.43, 373.47], [373.54, 373.92], [374.1, 374.21], [374.29, 374.61], [374.7, 374.75], [374.84, 374.94], [375.0, 375.05], [375.11, 375.28], [375.38, 375.48], [375.63, 376.07], [376.15, 376.3], [376.55, 376.69], [376.75, 376.78], [376.89, 376.93], [377.2, 377.32], [377.44, 377.52], [377.6, 377.73], [377.8, 378.04], [378.09, 378.91], [379.12, 379.22], [379.51, 379.55], [379.62, 379.65], [380.0, 380.25]]",bird-mixit+tweetynet
spbduc,Anas zonorhyncha,xc:841268,xc_841268,0,[],1.0,0.0,17.58,0.9998,0.9067,0.906663,27,75.12,80.74,5.62,5,5.19,0.0765,"[[75.12, 79.4], [79.45, 80.11], [80.19, 80.28], [80.43, 80.52], [80.67, 80.74]]",bird-mixit+tweetynet
spbduc,Anas zonorhyncha,ml:644396170,ml_644396170,0,[],1.0,0.0,17.55,0.9996,0.9056,0.905623,73,111.1,112.58,1.48,3,0.76,0.4865,"[[111.1, 111.66], [112.02, 112.1], [112.46, 112.58]]",bird-mixit+tweetynet
spbduc,Anas zonorhyncha,ml:644396170,ml_644396170,0,[],1.0,0.0,17.54,0.9988,0.9052,0.905211,78,119.21,120.11,0.9,2,0.79,0.1222,"[[119.21, 119.72], [119.83, 120.11]]",bird-mixit+tweetynet
spbduc,Anas zonorhyncha,ml:644396170,ml_644396170,0,[],1.0,0.0,17.51,0.9979,0.9039,0.90387,81,123.17,128.23,5.06,13,3.08,0.3913,"[[123.17, 123.82], [123.9, 123.93], [124.06, 124.15], [124.22, 124.48], [124.71, 125.14], [125.2, 125.37], [125.46, 125.53], [125.68, 125.72], [125.99, 126.13], [126.38, 126.74], [126.85, 127.09], [127.24, 127.74], [128.13, 128.23]]",bird-mixit+tweetynet
spbduc,Anas zonorhyncha,xc:841268,xc_841268,0,[],1.0,0.0,17.51,0.9973,0.9037,0.903669,24,55.33,60.96,5.63,11,4.25,0.2451,"[[55.33, 55.43], [55.57, 55.65], [55.86, 56.05], [56.12, 56.26], [56.38, 56.56], [56.62, 58.35], [58.45, 58.94], [59.28, 59.32], [59.46, 59.69], [59.74, 60.62], [60.77, 60.96]]",bird-mixit+tweetynet
spbduc,Anas zonorhyncha,ml:644735222,ml_644735222,1,[],1.0,0.0,17.5,0.9971,0.9033,0.903282,24,45.1,46.0,0.9,3,0.52,0.4222,"[[45.1, 45.24], [45.4, 45.72], [45.94, 46.0]]",bird-mixit+tweetynet
spbduc,Anas zonorhyncha,ml:644342634,ml_644342634,3,[],1.0,0.0,17.52,0.9925,0.9017,0.901689,26,32.96,34.65,1.69,4,0.85,0.497,"[[32.96, 32.99], [33.31, 33.42], [33.69, 33.85], [34.1, 34.65]]",bird-mixit+tweetynet
spbduc,Anas zonorhyncha,xc:841268,xc_841268,0,[],1.0,0.0,17.49,0.9894,0.8997,0.899681,20,41.77,44.69,2.92,4,2.63,0.0993,"[[41.77, 41.82], [41.96, 43.45], [43.52, 44.56], [44.64, 44.69]]",bird-mixit+tweetynet
spbduc,Anas zonorhyncha,ml:643520937,ml_643520937,1,[],1.0,0.0,17.3,0.9988,0.8989,0.89889,113,168.71,169.18,0.47,1,0.47,0.0,"[[168.71, 169.18]]",bird-mixit+tweetynet
spbduc,Anas zonorhyncha,ml:644396170,ml_644396170,0,[],1.0,0.0,17.27,0.9991,0.8982,0.898172,74,113.28,115.14,1.86,3,1.52,0.1828,"[[113.28, 113.42], [113.59, 113.69], [113.86, 115.14]]",bird-mixit+tweetynet
spbduc,Anas zonorhyncha,ml:637734986,ml_637734986,3,[],1.0,0.0,20.07,0.8812,0.8969,0.896877,97,101.6,103.55,1.95,7,1.0,0.4872,"[[101.6, 101.67], [101.81, 101.92], [102.04, 102.08], [102.44, 102.52], [102.69, 102.77], [102.82, 102.91], [103.02, 103.55]]",bird-mixit+tweetynet
spbduc,Anas zonorhyncha,ml:640591471,ml_640591471,3,[],1.0,0.0,17.22,0.9976,0.896,0.896023,142,187.37,190.24,2.87,9,2.03,0.2927,"[[187.37, 187.52], [187.68, 187.96], [188.01, 188.06], [188.16, 188.68], [188.73, 188.81], [188.88, 189.12], [189.2, 189.42], [189.57, 189.91], [190.09, 190.24]]",bird-mixit+tweetynet
spbduc,Anas zonorhyncha,ml:637734220,ml_637734220,1,[],1.0,0.0,27.36,0.7979,0.894,0.894039,262,479.48,481.2,1.72,5,1.12,0.3488,"[[479.48, 479.54], [479.7, 479.81], [479.87, 480.05], [480.22, 480.38], [480.59, 481.2]]",bird-mixit+tweetynet
spbduc,Anas zonorhyncha,ml:646389260,ml_646389260,1,[],1.0,0.0,16.98,0.9952,0.888,0.888048,31,41.6,41.96,0.36,2,0.16,0.5556,"[[41.6, 41.7], [41.9, 41.96]]",bird-mixit+tweetynet
spbduc,Anas zonorhyncha,xc:414279,xc_414279,1,[],0.9991,0.0,17.19,0.9687,0.8824,0.8816,127,184.7,188.03,3.33,8,2.18,0.3453,"[[184.7, 185.37], [185.75, 186.15], [186.26, 186.29], [186.4, 186.89], [187.0, 187.06], [187.18, 187.4], [187.55, 187.75], [187.92, 188.03]]",bird-mixit+tweetynet
spbduc,Anas zonorhyncha,ml:644565379,ml_644565379,3,[],1.0,0.0,16.73,0.9969,0.8814,0.88144,50,105.95,106.66,0.71,3,0.35,0.507,"[[105.95, 105.99], [106.1, 106.34], [106.59, 106.66]]",bird-mixit+tweetynet
spbduc,Anas zonorhyncha,xc:414279,xc_414279,1,[],0.9991,0.0,16.8,0.9937,0.8821,0.881285,130,191.8,193.22,1.42,4,0.81,0.4296,"[[191.8, 191.83], [192.2, 192.35], [192.46, 192.56], [192.69, 193.22]]",bird-mixit+tweetynet
spbduc,Anas zonorhyncha,ml:648403284,ml_648403284,3,[],1.0,0.0,17.55,0.9444,0.8807,0.880705,27,25.61,27.12,1.51,6,0.63,0.5828,"[[25.61, 25.66], [25.86, 26.0], [26.27, 26.33], [26.38, 26.55], [26.66, 26.84], [27.09, 27.12]]",bird-mixit+tweetynet
spbduc,Anas zonorhyncha,ml:649704395,ml_649704395,0,[],0.9884,0.0,17.0,0.9963,0.8893,0.878938,47,102.71,103.17,0.46,1,0.46,0.0,"[[102.71, 103.17]]",bird-mixit+tweetynet
spbduc,Anas zonorhyncha,ml:641731888,ml_641731888,1,[],1.0,0.0,18.06,0.9054,0.8747,0.874741,85,187.06,187.36,0.3,2,0.24,0.2,"[[187.06, 187.25], [187.31, 187.36]]",bird-mixit+tweetynet
spbduc,Anas zonorhyncha,ml:640545381,ml_640545381,3,[],1.0,0.0,31.0,0.7485,0.8726,0.872642,16,33.83,39.68,5.85,22,3.27,0.441,"[[33.83, 33.86], [34.09, 34.18], [34.41, 34.49], [34.7, 34.9], [35.0, 35.19], [35.26, 35.32], [35.37, 35.46], [35.55, 35.71], [35.83, 35.88], [35.95, 36.0], [36.06, 36.19], [36.25, 36.35], [36.65, 36.76], [36.86, 36.95], [37.07, 37.4], [37.46, 37.63], [37.76, 37.91], [37.98, 38.52], [38.73, 39.06], [39.14, 39.32], [39.39, 39.44], [39.59, 39.68]]",bird-mixit+tweetynet
spbduc,Anas zonorhyncha,ml:637734986,ml_637734986,3,[],1.0,0.0,19.17,0.8542,0.8715,0.871471,76,77.93,80.97,3.04,10,1.71,0.4375,"[[77.93, 78.45], [78.66, 78.69], [78.83, 78.93], [79.07, 79.57], [79.71, 79.86], [80.0, 80.21], [80.32, 80.36], [80.68, 80.73], [80.79, 80.83], [80.9, 80.97]]",bird-mixit+tweetynet
spbduc,Anas zonorhyncha,ml:644735222,ml_644735222,1,[],1.0,0.0,16.38,0.9992,0.8711,0.871141,10,19.21,19.47,0.26,1,0.26,0.0,"[[19.21, 19.47]]",bird-mixit+tweetynet
spbduc,Anas zonorhyncha,ml:643520937,ml_643520937,1,[],1.0,0.0,16.36,0.9834,0.8636,0.863603,3,8.72,11.86,3.14,8,1.98,0.3694,"[[8.72, 8.87], [8.96, 9.4], [9.79, 10.04], [10.17, 10.31], [10.41, 10.46], [10.56, 10.6], [10.72, 11.49], [11.72, 11.86]]",bird-mixit+tweetynet
spbduc,Anas zonorhyncha,ml:641587830,ml_641587830,0,[],1.0,0.0,16.1,0.9948,0.8596,0.859619,73,113.36,116.85,3.49,11,1.84,0.4728,"[[113.36, 113.59], [113.93, 114.18], [114.25, 114.29], [114.42, 114.54], [114.78, 114.97], [115.26, 115.74], [115.8, 115.85], [115.9, 115.94], [116.28, 116.6], [116.68, 116.71], [116.76, 116.85]]",bird-mixit+tweetynet
spbduc,Anas zonorhyncha,ml:644565379,ml_644565379,3,[],1.0,0.0,16.14,0.9879,0.8581,0.858077,10,32.19,32.82,0.63,3,0.5,0.2063,"[[32.19, 32.36], [32.43, 32.65], [32.71, 32.82]]",bird-mixit+tweetynet
spbduc,Anas zonorhyncha,ml:638013247,ml_638013247,0,[],1.0,0.0,15.95,0.9985,0.8556,0.855584,18,49.85,50.14,0.29,1,0.29,0.0,"[[49.85, 50.14]]",bird-mixit+tweetynet
spbduc,Anas zonorhyncha,ml:646389260,ml_646389260,1,[],1.0,0.0,15.61,0.9666,0.8293,0.829262,27,33.65,36.07,2.42,5,1.59,0.343,"[[33.65, 34.0], [34.09, 34.13], [34.43, 34.72], [34.86, 35.52], [35.82, 36.07]]",bird-mixit+tweetynet
spbduc,Anas zonorhyncha,xc:803917,xc_803917,1,[],1.0,0.0,19.11,0.7619,0.8271,0.827133,3,4.89,8.28,3.39,10,2.28,0.3274,"[[4.89, 5.03], [5.2, 5.56], [5.81, 6.25], [6.53, 7.08], [7.14, 7.41], [7.48, 7.52], [7.57, 7.65], [7.71, 7.79], [7.87, 8.09], [8.18, 8.28]]",bird-mixit+tweetynet
spbduc,Anas zonorhyncha,ml:643533380,ml_643533380,3,[],1.0,0.0,31.27,0.6528,0.825,0.824978,50,75.54,77.03,1.49,4,1.2,0.1946,"[[75.54, 75.58], [75.75, 76.34], [76.4, 76.71], [76.77, 77.03]]",bird-mixit+tweetynet
spbduc,Anas zonorhyncha,ml:637812662,ml_637812662,0,[],1.0,0.0,15.44,0.968,0.8232,0.82319,27,52.22,55.38,3.16,9,1.71,0.4589,"[[52.22, 52.3], [52.45, 52.48], [52.75, 52.79], [53.03, 53.34], [53.45, 53.52], [53.74, 53.82], [54.03, 54.58], [54.72, 54.89], [55.0, 55.38]]",bird-mixit+tweetynet
spbduc,Anas zonorhyncha,ml:638013247,ml_638013247,0,[],1.0,0.0,15.02,0.9956,0.8166,0.816586,16,46.85,48.63,1.78,4,1.21,0.3202,"[[46.85, 46.91], [47.06, 47.38], [47.56, 48.13], [48.37, 48.63]]",bird-mixit+tweetynet
spbduc,Anas zonorhyncha,ml:649704395,ml_649704395,0,[],0.9884,0.0,15.6,0.9594,0.8256,0.816064,32,69.18,74.5,5.32,19,3.03,0.4305,"[[69.18, 69.26], [69.63, 69.66], [69.76, 69.82], [70.05, 70.46], [70.55, 70.86], [71.01, 71.15], [71.26, 71.3], [71.36, 71.47], [71.55, 71.78], [71.85, 71.95], [72.04, 72.08], [72.21, 72.27], [72.36, 72.59], [72.66, 72.8], [72.94, 73.42], [73.61, 73.67], [73.75, 73.95], [74.14, 74.28], [74.33, 74.5]]",bird-mixit+tweetynet
spbduc,Anas zonorhyncha,ml:649704395,ml_649704395,0,[],0.9884,0.0,15.42,0.9684,0.8225,0.813,31,66.35,68.77,2.42,10,1.47,0.3926,"[[66.35, 66.53], [66.74, 66.83], [66.99, 67.06], [67.13, 67.16], [67.21, 67.38], [67.48, 67.64], [67.71, 67.83], [67.91, 68.41], [68.52, 68.55], [68.65, 68.77]]",bird-mixit+tweetynet
spbduc,Anas zonorhyncha,ml:637734986,ml_637734986,3,[],1.0,0.0,21.11,0.6773,0.8097,0.809731,78,83.96,87.73,3.77,9,2.49,0.3395,"[[83.96, 84.14], [84.46, 84.55], [84.68, 85.01], [85.12, 85.19], [85.27, 85.35], [85.4, 86.29], [86.66, 86.83], [87.0, 87.06], [87.11, 87.73]]",bird-mixit+tweetynet
spbduc,Anas zonorhyncha,ml:638927848,ml_638927848,0,[],1.0,0.0,14.89,0.9929,0.8095,0.80953,23,34.07,34.9,0.83,3,0.59,0.2892,"[[34.07, 34.14], [34.29, 34.48], [34.57, 34.9]]",bird-mixit+tweetynet
spbduc,Anas zonorhyncha,ml:638013247,ml_638013247,0,[],1.0,0.0,14.85,0.9964,0.8094,0.809362,14,42.74,45.33,2.59,8,1.26,0.5135,"[[42.74, 42.77], [42.85, 43.04], [43.25, 43.4], [43.71, 43.95], [44.27, 44.74], [44.94, 45.0], [45.13, 45.17], [45.25, 45.33]]",bird-mixit+tweetynet
spbduc,Anas zonorhyncha,ml:644565379,ml_644565379,3,[],1.0,0.0,15.05,0.9724,0.8086,0.808589,5,19.46,23.14,3.68,8,2.37,0.356,"[[19.46, 19.79], [20.02, 20.26], [20.47, 20.69], [20.93, 21.02], [21.07, 21.24], [21.31, 21.35], [21.49, 21.89], [22.26, 23.14]]",bird-mixit+tweetynet
spbduc,Anas zonorhyncha,ml:641587830,ml_641587830,0,[],1.0,0.0,14.76,0.9876,0.8015,0.801526,57,91.74,93.97,2.23,7,1.12,0.4978,"[[91.74, 91.79], [91.85, 91.99], [92.07, 92.1], [92.29, 92.5], [92.81, 92.86], [93.15, 93.33], [93.51, 93.97]]",bird-mixit+tweetynet
spbduc,Anas zonorhyncha,ml:638013247,ml_638013247,0,[],1.0,0.0,14.67,0.9943,0.8003,0.800253,26,63.69,63.96,0.27,1,0.27,0.0,"[[63.69, 63.96]]",bird-mixit+tweetynet
spbduc,Anas zonorhyncha,ml:638927848,ml_638927848,0,[],1.0,0.0,14.6,0.9872,0.794,0.793995,29,41.62,43.88,2.26,8,1.07,0.5265,"[[41.62, 41.97], [42.08, 42.17], [42.22, 42.4], [42.58, 42.75], [42.93, 43.0], [43.27, 43.32], [43.49, 43.55], [43.78, 43.88]]",bird-mixit+tweetynet
spbduc,Anas zonorhyncha,ml:639572782,ml_639572782,0,[],1.0,0.0,15.55,0.8865,0.7933,0.793278,0,0.02,1.94,1.92,7,1.1,0.4271,"[[0.02, 0.1], [0.32, 0.42], [0.47, 0.52], [0.61, 0.81], [0.94, 1.08], [1.18, 1.65], [1.88, 1.94]]",bird-mixit+tweetynet
spbduc,Anas zonorhyncha,ml:640892284,ml_640892284,2,[],1.0,0.0,18.43,0.7067,0.7904,0.790351,64,112.77,113.19,0.42,2,0.19,0.5476,"[[112.77, 112.84], [113.07, 113.19]]",bird-mixit+tweetynet
spbduc,Anas zonorhyncha,ml:638927848,ml_638927848,0,[],1.0,0.0,14.41,0.9978,0.7887,0.788713,102,140.0,141.57,1.57,5,1.26,0.1975,"[[140.0, 140.13], [140.23, 140.41], [140.48, 140.67], [140.72, 141.12], [141.21, 141.57]]",bird-mixit+tweetynet
spbduc,Anas zonorhyncha,ml:648403284,ml_648403284,3,[],1.0,0.0,15.78,0.8447,0.7839,0.7839,17,16.06,17.62,1.56,4,0.64,0.5897,"[[16.06, 16.12], [16.45, 16.83], [17.13, 17.17], [17.46, 17.62]]",bird-mixit+tweetynet
spbduc,Anas zonorhyncha,ml:644342634,ml_644342634,3,[],1.0,0.0,14.24,0.9928,0.7783,0.778253,82,156.04,158.13,2.09,8,1.61,0.2297,"[[156.04, 156.67], [156.75, 156.93], [156.99, 157.03], [157.1, 157.43], [157.48, 157.51], [157.58, 157.64], [157.71, 158.0], [158.08, 158.13]]",bird-mixit+tweetynet
spbduc,Anas zonorhyncha,ml:637734220,ml_637734220,1,[],1.0,0.0,27.54,0.5625,0.7772,0.777243,300,549.26,550.69,1.43,5,0.73,0.4895,"[[549.26, 549.36], [549.75, 549.79], [549.91, 550.1], [550.15, 550.46], [550.6, 550.69]]",bird-mixit+tweetynet
spbduc,Anas zonorhyncha,ml:641587830,ml_641587830,0,[],1.0,0.0,14.23,0.9904,0.7769,0.776877,88,134.79,135.66,0.87,2,0.74,0.1494,"[[134.79, 134.94], [135.07, 135.66]]",bird-mixit+tweetynet
azwmag2,Cyanopica cyanus,xc:841272,xc_841272,0,"[0.994663, 0.399403, 0.269757, 0.100509]",0.9947,0.9947,33.05,0.9989,0.9984,0.993154,30,47.93,49.39,1.46,4,0.85,0.4178,"[[47.93, 48.1], [48.3, 48.48], [48.73, 48.83], [48.99, 49.39]]",bird-mixit+tweetynet
azwmag2,Cyanopica cyanus,xc:841272,xc_841272,0,"[0.994663, 0.399403, 0.269757, 0.100509]",0.9947,0.9947,32.3,0.9971,0.9973,0.992018,4,7.18,9.59,2.41,5,1.74,0.278,"[[7.18, 7.26], [7.34, 8.15], [8.34, 8.52], [8.79, 8.97], [9.1, 9.59]]",bird-mixit+tweetynet
azwmag2,Cyanopica cyanus,xc:841272,xc_841272,0,"[0.994663, 0.399403, 0.269757, 0.100509]",0.9947,0.9947,28.32,0.9951,0.9934,0.988184,50,78.25,79.07,0.82,4,0.53,0.3537,"[[78.25, 78.61], [78.67, 78.74], [78.82, 78.86], [79.01, 79.07]]",bird-mixit+tweetynet
azwmag2,Cyanopica cyanus,xc:841272,xc_841272,0,"[0.994663, 0.399403, 0.269757, 0.100509]",0.9947,0.9947,29.77,0.9905,0.9926,0.987367,54,86.67,88.37,1.7,4,0.97,0.4294,"[[86.67, 86.87], [87.04, 87.29], [87.46, 87.66], [88.05, 88.37]]",bird-mixit+tweetynet
azwmag2,Cyanopica cyanus,xc:841272,xc_841272,0,"[0.994663, 0.399403, 0.269757, 0.100509]",0.9947,0.9947,26.39,0.9965,0.991,0.985725,23,36.91,37.45,0.54,2,0.42,0.2222,"[[36.91, 37.0], [37.12, 37.45]]",bird-mixit+tweetynet
azwmag2,Cyanopica cyanus,xc:1027016,xc_1027016,0,"[0.995844, 0.118023, 0.187479, 0.988074]",0.9958,0.9958,25.98,0.9928,0.9882,0.984084,2,4.05,6.35,2.3,4,1.82,0.2087,"[[4.05, 4.25], [4.36, 4.6], [4.91, 5.12], [5.18, 6.35]]",bird-mixit+tweetynet
azwmag2,Cyanopica cyanus,xc:841258,xc_841258,1,"[0.500589, 0.999169, 0.529357, 0.463275]",0.9992,0.9992,26.96,0.9804,0.9841,0.983336,56,87.22,88.44,1.22,3,0.89,0.2705,"[[87.22, 87.74], [87.94, 88.18], [88.31, 88.44]]",bird-mixit+tweetynet
azwmag2,Cyanopica cyanus,xc:176438,xc_176438,0,"[0.995685, 0.0, 0.0, 0.0]",0.9957,0.9957,25.21,0.9937,0.9866,0.982312,8,19.56,21.4,1.84,5,1.2,0.3478,"[[19.56, 19.6], [19.72, 20.19], [20.38, 20.45], [20.69, 20.79], [20.88, 21.4]]",bird-mixit+tweetynet
azwmag2,Cyanopica cyanus,xc:841258,xc_841258,1,"[0.500589, 0.999169, 0.529357, 0.463275]",0.9992,0.9992,24.42,0.9905,0.9822,0.981462,51,79.56,80.72,1.16,3,0.77,0.3362,"[[79.56, 79.67], [79.81, 80.3], [80.55, 80.72]]",bird-mixit+tweetynet
azwmag2,Cyanopica cyanus,xc:841258,xc_841258,1,"[0.500589, 0.999169, 0.529357, 0.463275]",0.9992,0.9992,24.02,0.9906,0.9807,0.9799,50,76.32,79.14,2.82,9,1.33,0.5284,"[[76.32, 76.72], [77.09, 77.12], [77.23, 77.31], [77.45, 77.55], [77.68, 77.82], [77.97, 78.0], [78.05, 78.13], [78.47, 78.81], [79.01, 79.14]]",bird-mixit+tweetynet
azwmag2,Cyanopica cyanus,xc:841258,xc_841258,1,"[0.500589, 0.999169, 0.529357, 0.463275]",0.9992,0.9992,23.89,0.9911,0.9803,0.979529,13,19.19,20.37,1.18,1,1.18,0.0,"[[19.19, 20.37]]",bird-mixit+tweetynet
azwmag2,Cyanopica cyanus,xc:841258,xc_841258,1,"[0.500589, 0.999169, 0.529357, 0.463275]",0.9992,0.9992,24.38,0.9863,0.98,0.979232,62,95.56,99.47,3.91,10,2.19,0.4399,"[[95.56, 96.01], [96.17, 96.23], [96.39, 96.45], [96.74, 96.78], [96.89, 96.95], [97.27, 97.7], [97.79, 97.87], [97.98, 98.15], [98.23, 98.43], [98.83, 99.47]]",bird-mixit+tweetynet
azwmag2,Cyanopica cyanus,xc:762197,xc_762197,0,"[0.97876, 0.0, 0.0, 0.0]",0.9788,0.9788,29.78,0.9967,0.9957,0.97459,14,25.22,26.3,1.08,2,0.75,0.3056,"[[25.22, 25.66], [25.99, 26.3]]",bird-mixit+tweetynet
azwmag2,Cyanopica cyanus,xc:793920,xc_793920,0,"[0.984444, 0.0, 0.0, 0.0]",0.9844,0.9844,25.09,0.9933,0.986,0.970598,0,0.02,0.3,0.28,1,0.28,0.0,"[[0.02, 0.3]]",bird-mixit+tweetynet
azwmag2,Cyanopica cyanus,xc:878091,xc_878091,0,"[0.996397, 0.666685, 0.005594, 0.050532]",0.9964,0.9964,23.96,0.9711,0.9708,0.96731,1,0.68,3.18,2.5,5,1.57,0.372,"[[0.68, 0.9], [1.13, 1.35], [1.53, 1.6], [1.83, 2.04], [2.33, 3.18]]",bird-mixit+tweetynet
azwmag2,Cyanopica cyanus,xc:1027016,xc_1027016,0,"[0.995844, 0.118023, 0.187479, 0.988074]",0.9958,0.9958,22.5,0.9826,0.9686,0.964493,33,72.53,73.33,0.8,1,0.8,0.0,"[[72.53, 73.33]]",bird-mixit+tweetynet
azwmag2,Cyanopica cyanus,xc:464622,xc_464622,1,"[0.997503, 0.999552, 0.957814, 0.992837]",0.9996,0.9996,21.11,0.993,0.9622,0.961806,22,59.44,62.42,2.98,3,2.68,0.1007,"[[59.44, 59.8], [59.85, 61.7], [61.95, 62.42]]",bird-mixit+tweetynet
azwmag2,Cyanopica cyanus,xc:464622,xc_464622,1,"[0.997503, 0.999552, 0.957814, 0.992837]",0.9996,0.9996,22.06,0.9721,0.9603,0.959885,20,53.94,55.7,1.76,4,1.54,0.125,"[[53.94, 54.76], [54.84, 54.89], [54.96, 55.5], [55.57, 55.7]]",bird-mixit+tweetynet
azwmag2,Cyanopica cyanus,xc:162704,xc_162704,0,"[0.983255, 0.005254, 0.0, 0.12877]",0.9833,0.9833,28.9,0.9572,0.9752,0.958937,2,3.87,5.36,1.49,3,1.07,0.2819,"[[3.87, 4.33], [4.64, 4.88], [4.99, 5.36]]",bird-mixit+tweetynet
azwmag2,Cyanopica cyanus,xc:411910,xc_411910,0,"[0.996788, 0.0, 0.0, 0.0]",0.9968,0.9968,27.53,0.9329,0.9615,0.958385,9,21.86,23.32,1.46,4,0.89,0.3904,"[[21.86, 22.15], [22.5, 22.83], [22.99, 23.22], [23.28, 23.32]]",bird-mixit+tweetynet
azwmag2,Cyanopica cyanus,xc:818112,xc_818112,0,"[0.981611, 0.078595, 0.0, 0.845593]",0.9816,0.9816,22.17,0.9966,0.973,0.955144,1,4.75,5.51,0.76,3,0.64,0.1579,"[[4.75, 5.31], [5.37, 5.41], [5.47, 5.51]]",bird-mixit+tweetynet
azwmag2,Cyanopica cyanus,xc:698713,xc_698713,0,"[0.999584, 0.0, 0.0, 0.019766]",0.9996,0.9996,20.05,0.9728,0.9403,0.939883,0,0.84,8.2,7.36,11,5.4,0.2663,"[[0.84, 0.89], [0.95, 1.0], [1.2, 1.5], [1.66, 1.73], [1.94, 5.56], [5.83, 5.87], [6.05, 6.15], [6.52, 7.28], [7.35, 7.47], [7.58, 7.77], [8.1, 8.2]]",bird-mixit+tweetynet
azwmag2,Cyanopica cyanus,xc:841273,xc_841273,3,"[0.176017, 0.056312, 0.283665, 0.973829]",0.9738,0.9738,24.29,0.94,0.9568,0.931772,28,74.88,79.5,4.62,7,3.44,0.2554,"[[74.88, 74.94], [75.21, 75.44], [75.57, 76.43], [76.53, 77.22], [77.51, 77.7], [77.97, 78.13], [78.25, 79.5]]",bird-mixit+tweetynet
azwmag2,Cyanopica cyanus,xc:175812,xc_175812,0,"[0.997498, 0.050796, 0.012118, 0.039024]",0.9975,0.9975,19.67,0.9703,0.9338,0.931462,0,0.22,1.84,1.62,4,1.23,0.2407,"[[0.22, 1.23], [1.38, 1.44], [1.54, 1.64], [1.78, 1.84]]",bird-mixit+tweetynet
azwmag2,Cyanopica cyanus,xc:820037,xc_820037,0,"[0.973905, 0.185544, 0.917589, 0.771271]",0.9739,0.9739,37.58,0.912,0.9557,0.930799,11,24.11,26.07,1.96,6,1.09,0.4439,"[[24.11, 24.43], [24.58, 25.13], [25.25, 25.32], [25.43, 25.49], [25.63, 25.67], [26.02, 26.07]]",bird-mixit+tweetynet
azwmag2,Cyanopica cyanus,xc:1027016,xc_1027016,0,"[0.995844, 0.118023, 0.187479, 0.988074]",0.9958,0.9958,19.7,0.9677,0.933,0.929067,26,49.06,51.29,2.23,1,2.23,0.0,"[[49.06, 51.29]]",bird-mixit+tweetynet
azwmag2,Cyanopica cyanus,xc:995845,xc_995845,1,"[0.851625, 0.957675, 0.830889, 0.891955]",0.9577,0.9577,22.39,0.9851,0.969,0.928019,28,79.09,80.53,1.44,3,1.05,0.2708,"[[79.09, 79.21], [79.34, 79.98], [80.24, 80.53]]",bird-mixit+tweetynet
azwmag2,Cyanopica cyanus,xc:737397,xc_737397,0,"[0.952279, 0.049215, 0.367829, 0.086341]",0.9523,0.9523,22.26,0.9961,0.9735,0.927065,22,35.96,36.56,0.6,2,0.53,0.1167,"[[35.96, 36.0], [36.07, 36.56]]",bird-mixit+tweetynet
azwmag2,Cyanopica cyanus,xc:737396,xc_737396,0,"[0.952279, 0.049215, 0.367829, 0.086341]",0.9523,0.9523,22.26,0.9961,0.9735,0.927065,22,35.96,36.56,0.6,2,0.53,0.1167,"[[35.96, 36.0], [36.07, 36.56]]",bird-mixit+tweetynet
azwmag2,Cyanopica cyanus,xc:762197,xc_762197,0,"[0.97876, 0.0, 0.0, 0.0]",0.9788,0.9788,19.6,0.9989,0.9463,0.926279,8,17.95,18.8,0.85,2,0.68,0.2,"[[17.95, 18.16], [18.33, 18.8]]",bird-mixit+tweetynet
azwmag2,Cyanopica cyanus,xc:724422,xc_724422,1,"[0.0, 0.933868, 0.0, 0.0]",0.9339,0.9339,27.3,0.9917,0.9903,0.924846,0,0.02,1.61,1.59,3,1.03,0.3522,"[[0.02, 0.19], [0.54, 0.62], [0.83, 1.61]]",bird-mixit+tweetynet
azwmag2,Cyanopica cyanus,xc:794951,xc_794951,1,"[0.043136, 0.996976, 0.0, 0.101429]",0.997,0.997,18.71,0.99,0.927,0.924211,2,6.96,9.17,2.21,4,1.53,0.3077,"[[6.96, 7.02], [7.29, 7.42], [7.68, 7.71], [7.86, 9.17]]",bird-mixit+tweetynet
azwmag2,Cyanopica cyanus,xc:995845,xc_995845,1,"[0.851625, 0.957675, 0.830889, 0.891955]",0.9577,0.9577,21.5,0.9875,0.9632,0.922448,21,58.86,60.44,1.58,5,0.66,0.5823,"[[58.86, 59.04], [59.28, 59.4], [59.71, 59.79], [59.89, 59.92], [60.19, 60.44]]",bird-mixit+tweetynet
azwmag2,Cyanopica cyanus,xc:194685,xc_194685,0,"[0.995042, 0.0, 0.012198, 0.0]",0.995,0.995,18.82,0.9857,0.9271,0.922445,2,4.48,7.67,3.19,5,2.4,0.2476,"[[4.48, 4.58], [4.88, 6.25], [6.64, 7.24], [7.29, 7.46], [7.51, 7.67]]",bird-mixit+tweetynet
azwmag2,Cyanopica cyanus,xc:820039,xc_820039,0,"[0.933671, 0.492929, 0.0, 0.0]",0.9337,0.9337,34.54,0.969,0.9839,0.918647,26,37.52,39.61,2.09,4,1.71,0.1818,"[[37.52, 38.68], [38.74, 39.14], [39.24, 39.31], [39.53, 39.61]]",bird-mixit+tweetynet
azwmag2,Cyanopica cyanus,xc:820037,xc_820037,0,"[0.973905, 0.185544, 0.917589, 0.771271]",0.9739,0.9739,37.11,0.8786,0.939,0.914528,12,27.09,29.22,2.13,8,0.92,0.5681,"[[27.09, 27.44], [27.63, 27.67], [27.98, 28.01], [28.3, 28.34], [28.52, 28.63], [28.74, 28.87], [28.94, 29.09], [29.15, 29.22]]",bird-mixit+tweetynet
azwmag2,Cyanopica cyanus,xc:1027016,xc_1027016,0,"[0.995844, 0.118023, 0.187479, 0.988074]",0.9958,0.9958,18.14,0.9962,0.9183,0.914424,29,58.7,61.14,2.44,1,2.44,0.0,"[[58.7, 61.14]]",bird-mixit+tweetynet
azwmag2,Cyanopica cyanus,xc:820037,xc_820037,0,"[0.973905, 0.185544, 0.917589, 0.771271]",0.9739,0.9739,34.75,0.8687,0.9338,0.909409,9,17.42,22.92,5.5,12,3.76,0.3164,"[[17.42, 17.54], [17.68, 18.02], [18.1, 18.15], [18.23, 18.42], [18.67, 18.75], [19.07, 19.53], [19.64, 20.54], [20.69, 21.44], [21.59, 21.85], [21.91, 21.95], [22.29, 22.72], [22.78, 22.92]]",bird-mixit+tweetynet
azwmag2,Cyanopica cyanus,xc:465141,xc_465141,0,"[0.991435, 0.0, 0.0, 0.00662]",0.9914,0.9914,17.84,0.9991,0.9127,0.904888,0,0.03,0.4,0.37,1,0.37,0.0,"[[0.03, 0.4]]",bird-mixit+tweetynet
azwmag2,Cyanopica cyanus,xc:724422,xc_724422,1,"[0.0, 0.933868, 0.0, 0.0]",0.9339,0.9339,21.61,0.99,0.9654,0.901556,1,2.59,4.78,2.19,5,1.02,0.5342,"[[2.59, 2.72], [3.04, 3.07], [3.22, 3.27], [3.6, 4.37], [4.74, 4.78]]",bird-mixit+tweetynet
azwmag2,Cyanopica cyanus,xc:162704,xc_162704,0,"[0.983255, 0.005254, 0.0, 0.12877]",0.9833,0.9833,21.34,0.8906,0.9148,0.899497,0,0.26,0.83,0.57,1,0.57,0.0,"[[0.26, 0.83]]",bird-mixit+tweetynet
azwmag2,Cyanopica cyanus,xc:162704,xc_162704,0,"[0.983255, 0.005254, 0.0, 0.12877]",0.9833,0.9833,19.56,0.933,0.9146,0.899295,1,1.32,3.43,2.11,4,1.5,0.2891,"[[1.32, 2.0], [2.31, 2.78], [2.85, 3.15], [3.38, 3.43]]",bird-mixit+tweetynet
azwmag2,Cyanopica cyanus,xc:793920,xc_793920,0,"[0.984444, 0.0, 0.0, 0.0]",0.9844,0.9844,17.78,0.9961,0.9098,0.895595,4,8.86,9.57,0.71,1,0.71,0.0,"[[8.86, 9.57]]",bird-mixit+tweetynet
azwmag2,Cyanopica cyanus,xc:818112,xc_818112,0,"[0.981611, 0.078595, 0.0, 0.845593]",0.9816,0.9816,17.82,0.9934,0.9097,0.892959,12,22.31,23.06,0.75,2,0.66,0.12,"[[22.31, 22.7], [22.79, 23.06]]",bird-mixit+tweetynet
azwmag2,Cyanopica cyanus,xc:1016672,xc_1016672,1,"[0.353163, 0.887997, 0.017708, 0.005162]",0.888,0.888,30.24,0.9997,0.9976,0.885847,6,14.52,15.51,0.99,2,0.69,0.303,"[[14.52, 14.86], [15.16, 15.51]]",bird-mixit+tweetynet
azwmag2,Cyanopica cyanus,xc:911230,xc_911230,1,"[0.996531, 0.895787, 0.977357, 0.994438]",0.8958,0.9965,24.44,0.9977,0.9859,0.883172,4,12.69,14.88,2.19,6,1.45,0.3379,"[[12.69, 12.73], [13.07, 13.25], [13.3, 13.58], [13.68, 13.73], [13.91, 14.05], [14.12, 14.88]]",bird-mixit+tweetynet
azwmag2,Cyanopica cyanus,xc:820037,xc_820037,0,"[0.973905, 0.185544, 0.917589, 0.771271]",0.9739,0.9739,29.33,0.8152,0.9048,0.881222,14,30.31,35.84,5.53,9,4.17,0.2459,"[[30.31, 30.64], [30.78, 31.39], [31.59, 31.77], [31.94, 32.26], [32.32, 33.08], [33.19, 33.63], [33.74, 34.96], [35.29, 35.57], [35.81, 35.84]]",bird-mixit+tweetynet
azwmag2,Cyanopica cyanus,xc:820039,xc_820039,0,"[0.933671, 0.492929, 0.0, 0.0]",0.9337,0.9337,32.76,0.8883,0.9431,0.88059,0,0.25,5.06,4.81,12,2.96,0.3846,"[[0.25, 1.11], [1.35, 1.39], [1.49, 1.66], [1.9, 2.05], [2.19, 2.24], [2.32, 2.71], [2.77, 3.07], [3.29, 3.44], [3.66, 3.96], [4.25, 4.39], [4.45, 4.62], [4.82, 5.06]]",bird-mixit+tweetynet
azwmag2,Cyanopica cyanus,xc:762197,xc_762197,0,"[0.97876, 0.0, 0.0, 0.0]",0.9788,0.9788,17.21,0.9993,0.8965,0.877471,18,30.94,31.44,0.5,1,0.5,0.0,"[[30.94, 31.44]]",bird-mixit+tweetynet
azwmag2,Cyanopica cyanus,xc:820039,xc_820039,0,"[0.933671, 0.492929, 0.0, 0.0]",0.9337,0.9337,30.71,0.8828,0.9395,0.877204,2,6.27,8.13,1.86,4,1.53,0.1774,"[[6.27, 6.53], [6.69, 7.5], [7.61, 7.78], [7.84, 8.13]]",bird-mixit+tweetynet
azwmag2,Cyanopica cyanus,xc:820037,xc_820037,0,"[0.973905, 0.185544, 0.917589, 0.771271]",0.9739,0.9739,26.92,0.8092,0.899,0.875536,28,53.04,55.4,2.36,7,1.29,0.4534,"[[53.04, 53.08], [53.19, 53.39], [53.62, 53.91], [53.97, 54.06], [54.23, 54.34], [54.63, 54.91], [55.12, 55.4]]",bird-mixit+tweetynet
azwmag2,Cyanopica cyanus,xc:1016672,xc_1016672,1,"[0.353163, 0.887997, 0.017708, 0.005162]",0.888,0.888,24.15,0.9996,0.9856,0.875252,5,12.78,14.0,1.22,3,0.92,0.2459,"[[12.78, 12.98], [13.22, 13.6], [13.66, 14.0]]",bird-mixit+tweetynet
azwmag2,Cyanopica cyanus,xc:737396,xc_737396,0,"[0.952279, 0.049215, 0.367829, 0.086341]",0.9523,0.9523,17.93,0.9941,0.9124,0.8689,10,15.44,16.32,0.88,2,0.58,0.3409,"[[15.44, 15.95], [16.25, 16.32]]",bird-mixit+tweetynet
azwmag2,Cyanopica cyanus,xc:737397,xc_737397,0,"[0.952279, 0.049215, 0.367829, 0.086341]",0.9523,0.9523,17.93,0.9941,0.9124,0.8689,10,15.44,16.32,0.88,2,0.58,0.3409,"[[15.44, 15.95], [16.25, 16.32]]",bird-mixit+tweetynet
azwmag2,Cyanopica cyanus,xc:175812,xc_175812,0,"[0.997498, 0.050796, 0.012118, 0.039024]",0.9975,0.9975,16.48,0.9867,0.869,0.86685,7,15.29,20.63,5.34,8,4.5,0.1573,"[[15.29, 18.79], [18.92, 19.03], [19.15, 19.31], [19.41, 19.56], [19.7, 19.84], [19.97, 20.13], [20.22, 20.38], [20.51, 20.63]]",bird-mixit+tweetynet
azwmag2,Cyanopica cyanus,xc:911228,xc_911228,0,"[0.997592, 0.970643, 0.614384, 0.954703]",0.9976,0.9976,16.33,0.9941,0.8674,0.865291,9,20.92,22.6,1.68,4,1.08,0.3571,"[[20.92, 21.13], [21.25, 21.49], [21.78, 22.3], [22.49, 22.6]]",bird-mixit+tweetynet
azwmag2,Cyanopica cyanus,xc:780149,xc_780149,0,"[0.97547, 0.204749, 0.028998, 0.0105]",0.9755,0.9755,17.32,0.9647,0.884,0.862364,0,3.07,7.71,4.64,8,4.0,0.1379,"[[3.07, 5.86], [5.97, 6.03], [6.12, 6.2], [6.3, 6.36], [6.45, 6.53], [6.64, 6.87], [6.92, 7.56], [7.65, 7.71]]",bird-mixit+tweetynet
azwmag2,Cyanopica cyanus,xc:1015938,xc_1015938,0,"[0.998169, 0.622212, 0.13326, 0.130966]",0.9982,0.9982,16.37,0.9818,0.8633,0.86177,0,0.03,4.68,4.65,8,3.42,0.2645,"[[0.03, 0.16], [0.39, 1.0], [1.15, 1.59], [1.68, 2.61], [3.0, 3.32], [3.49, 3.54], [3.59, 3.85], [4.0, 4.68]]",bird-mixit+tweetynet
azwmag2,Cyanopica cyanus,xc:841273,xc_841273,3,"[0.176017, 0.056312, 0.283665, 0.973829]",0.9738,0.9738,17.68,0.9442,0.8838,0.860649,52,137.8,141.41,3.61,5,3.08,0.1468,"[[137.8, 137.95], [138.17, 138.45], [138.51, 140.2], [140.36, 140.52], [140.61, 141.41]]",bird-mixit+tweetynet
azwmag2,Cyanopica cyanus,xc:1016672,xc_1016672,1,"[0.353163, 0.887997, 0.017708, 0.005162]",0.888,0.888,21.32,0.9997,0.9675,0.859129,0,0.02,1.47,1.45,4,0.97,0.331,"[[0.02, 0.08], [0.21, 0.6], [0.82, 0.87], [1.0, 1.47]]",bird-mixit+tweetynet
azwmag2,Cyanopica cyanus,xc:449698,xc_449698,1,"[0.272426, 0.898066, 0.111832, 0.054263]",0.8981,0.8981,31.02,0.9165,0.9565,0.85905,7,11.37,16.59,5.22,11,3.27,0.3736,"[[11.37, 11.45], [11.55, 11.61], [11.73, 11.8], [12.09, 12.14], [12.49, 12.65], [13.0, 13.03], [13.21, 13.42], [13.57, 14.05], [14.1, 14.2], [14.26, 14.74], [15.04, 16.59]]",bird-mixit+tweetynet
azwmag2,Cyanopica cyanus,xc:483669,xc_483669,0,"[0.998148, 0.030496, 0.072028, 0.03422]",0.9981,0.9981,16.55,0.9564,0.8579,0.856255,15,27.89,33.21,5.32,11,3.34,0.3722,"[[27.89, 28.11], [28.23, 28.49], [28.54, 28.83], [29.13, 29.77], [29.85, 29.98], [30.06, 30.23], [30.54, 30.69], [31.09, 31.47], [31.63, 32.32], [32.54, 32.78], [33.04, 33.21]]",bird-mixit+tweetynet
azwmag2,Cyanopica cyanus,xc:1027016,xc_1027016,0,"[0.995844, 0.118023, 0.187479, 0.988074]",0.9958,0.9958,16.18,0.9839,0.8578,0.854156,35,76.8,80.84,4.04,1,4.04,0.0,"[[76.8, 80.84]]",bird-mixit+tweetynet
azwmag2,Cyanopica cyanus,xc:911230,xc_911230,1,"[0.996531, 0.895787, 0.977357, 0.994438]",0.8958,0.9965,20.17,0.9915,0.9507,0.851672,45,79.19,82.2,3.01,10,1.49,0.505,"[[79.19, 79.45], [79.72, 79.86], [80.05, 80.08], [80.14, 80.4], [80.58, 80.63], [80.68, 81.05], [81.1, 81.16], [81.51, 81.63], [81.9, 82.0], [82.1, 82.2]]",bird-mixit+tweetynet
azwmag2,Cyanopica cyanus,xc:339411,xc_339411,0,"[0.963942, 0.010629, 0.0, 0.046093]",0.9639,0.9639,25.68,0.7774,0.8807,0.848918,11,20.33,21.1,0.77,2,0.48,0.3766,"[[20.33, 20.75], [21.04, 21.1]]",bird-mixit+tweetynet
azwmag2,Cyanopica cyanus,xc:449698,xc_449698,1,"[0.272426, 0.898066, 0.111832, 0.054263]",0.8981,0.8981,24.87,0.9113,0.9448,0.848483,10,27.93,29.61,1.68,4,1.19,0.2917,"[[27.93, 28.02], [28.08, 28.95], [29.31, 29.35], [29.42, 29.61]]",bird-mixit+tweetynet
azwmag2,Cyanopica cyanus,xc:449698,xc_449698,1,"[0.272426, 0.898066, 0.111832, 0.054263]",0.8981,0.8981,23.07,0.9248,0.9437,0.847559,20,45.36,46.22,0.86,1,0.86,0.0,"[[45.36, 46.22]]",bird-mixit+tweetynet
azwmag2,Cyanopica cyanus,xc:449698,xc_449698,1,"[0.272426, 0.898066, 0.111832, 0.054263]",0.8981,0.8981,26.69,0.8905,0.939,0.843292,22,48.7,49.49,0.79,3,0.62,0.2152,"[[48.7, 48.81], [48.92, 49.01], [49.07, 49.49]]",bird-mixit+tweetynet
azwmag2,Cyanopica cyanus,xc:162702,xc_162702,0,"[0.885792, 0.530729, 0.302574, 0.556793]",0.8858,0.8858,27.05,0.9097,0.9491,0.840733,12,21.54,23.91,2.37,7,1.34,0.4346,"[[21.54, 21.58], [21.72, 21.81], [22.01, 22.72], [22.88, 23.15], [23.3, 23.41], [23.56, 23.6], [23.83, 23.91]]",bird-mixit+tweetynet
azwmag2,Cyanopica cyanus,xc:818112,xc_818112,0,"[0.981611, 0.078595, 0.0, 0.845593]",0.9816,0.9816,16.21,0.9768,0.8557,0.83996,7,14.96,15.73,0.77,2,0.57,0.2597,"[[14.96, 15.26], [15.46, 15.73]]",bird-mixit+tweetynet
azwmag2,Cyanopica cyanus,xc:449698,xc_449698,1,"[0.272426, 0.898066, 0.111832, 0.054263]",0.8981,0.8981,24.56,0.8933,0.9348,0.839541,32,61.66,63.01,1.35,4,0.85,0.3704,"[[61.66, 61.74], [61.79, 61.84], [61.97, 62.0], [62.32, 63.01]]",bird-mixit+tweetynet
azwmag2,Cyanopica cyanus,xc:1016672,xc_1016672,1,"[0.353163, 0.887997, 0.017708, 0.005162]",0.888,0.888,19.29,0.9991,0.9416,0.836107,14,23.69,24.23,0.54,1,0.54,0.0,"[[23.69, 24.23]]",bird-mixit+tweetynet
azwmag2,Cyanopica cyanus,xc:176438,xc_176438,0,"[0.995685, 0.0, 0.0, 0.0]",0.9957,0.9957,15.64,0.9872,0.8392,0.835575,18,36.66,37.11,0.45,1,0.45,0.0,"[[36.66, 37.11]]",bird-mixit+tweetynet
azwmag2,Cyanopica cyanus,xc:841273,xc_841273,3,"[0.176017, 0.056312, 0.283665, 0.973829]",0.9738,0.9738,16.32,0.962,0.8529,0.8306,54,148.27,148.9,0.63,1,0.63,0.0,"[[148.27, 148.9]]",bird-mixit+tweetynet
azwmag2,Cyanopica cyanus,xc:1015938,xc_1015938,0,"[0.998169, 0.622212, 0.13326, 0.130966]",0.9982,0.9982,15.45,0.9882,0.8319,0.83043,5,12.07,12.79,0.72,1,0.72,0.0,"[[12.07, 12.79]]",bird-mixit+tweetynet
barswa,Hirundo rustica,xc:197224,xc_197224,0,"[0.999798, 0.992606, 0.589928, 0.940186]",0.9998,0.9998,39.04,0.9998,0.9997,0.999522,11,37.57,40.89,3.32,12,2.14,0.3554,"[[37.57, 38.1], [38.38, 38.47], [38.53, 38.64], [38.7, 38.73], [38.86, 39.12], [39.18, 39.53], [39.63, 39.69], [39.79, 40.1], [40.17, 40.28], [40.39, 40.43], [40.59, 40.72], [40.77, 40.89]]",bird-mixit+tweetynet
barswa,Hirundo rustica,xc:190844,xc_190844,0,"[0.999917, 0.138971, 0.0, 0.002775]",0.9999,0.9999,36.56,0.9999,0.9996,0.999522,293,855.82,857.44,1.62,4,1.4,0.1358,"[[855.82, 855.86], [855.94, 856.15], [856.2, 856.58], [856.67, 857.44]]",bird-mixit+tweetynet
barswa,Hirundo rustica,xc:197224,xc_197224,0,"[0.999798, 0.992606, 0.589928, 0.940186]",0.9998,0.9998,37.84,0.9998,0.9997,0.999456,51,173.45,178.72,5.27,15,3.54,0.3283,"[[173.45, 173.91], [174.1, 174.14], [174.27, 174.35], [174.56, 174.94], [175.12, 175.15], [175.2, 175.89], [176.01, 176.04], [176.11, 176.18], [176.25, 176.9], [177.12, 177.24], [177.35, 177.55], [177.72, 177.82], [177.9, 178.03], [178.09, 178.26], [178.33, 178.72]]",bird-mixit+tweetynet
barswa,Hirundo rustica,xc:190844,xc_190844,0,"[0.999917, 0.138971, 0.0, 0.002775]",0.9999,0.9999,35.54,0.9999,0.9995,0.999391,255,745.59,748.28,2.69,6,1.69,0.3717,"[[745.59, 745.93], [746.1, 746.32], [746.38, 746.59], [746.83, 746.88], [747.01, 747.48], [747.88, 748.28]]",bird-mixit+tweetynet
barswa,Hirundo rustica,xc:736236,xc_736236,0,"[0.999474, 0.020024, 0.034216, 0.0]",0.9995,0.9995,42.79,0.9999,0.9999,0.999382,4,6.11,6.83,0.72,2,0.36,0.5,"[[6.11, 6.19], [6.55, 6.83]]",bird-mixit+tweetynet
barswa,Hirundo rustica,xc:190844,xc_190844,0,"[0.999917, 0.138971, 0.0, 0.002775]",0.9999,0.9999,35.58,0.9999,0.9995,0.999371,35,96.18,99.41,3.23,5,2.3,0.2879,"[[96.18, 97.17], [97.34, 97.51], [97.79, 97.88], [98.01, 98.45], [98.8, 99.41]]",bird-mixit+tweetynet
barswa,Hirundo rustica,xc:736236,xc_736236,0,"[0.999474, 0.020024, 0.034216, 0.0]",0.9995,0.9995,44.58,0.9998,0.9999,0.999357,5,7.25,8.81,1.56,5,0.65,0.5833,"[[7.25, 7.31], [7.61, 7.79], [8.15, 8.22], [8.28, 8.5], [8.69, 8.81]]",bird-mixit+tweetynet
barswa,Hirundo rustica,xc:736236,xc_736236,0,"[0.999474, 0.020024, 0.034216, 0.0]",0.9995,0.9995,39.62,0.9998,0.9998,0.999286,1,1.31,2.89,1.58,7,0.76,0.519,"[[1.31, 1.52], [1.67, 1.78], [1.89, 2.01], [2.14, 2.2], [2.31, 2.38], [2.49, 2.54], [2.75, 2.89]]",bird-mixit+tweetynet
barswa,Hirundo rustica,xc:197224,xc_197224,0,"[0.999798, 0.992606, 0.589928, 0.940186]",0.9998,0.9998,35.98,0.9998,0.9995,0.999273,9,28.11,35.47,7.36,21,4.99,0.322,"[[28.11, 28.3], [28.36, 28.45], [28.53, 29.52], [29.58, 29.63], [29.73, 29.84], [29.92, 29.98], [30.07, 30.24], [30.33, 31.3], [31.35, 31.44], [31.59, 31.69], [31.77, 31.93], [32.07, 32.12], [32.25, 32.55], [32.85, 33.08], [33.33, 33.45], [33.54, 33.67], [33.73, 33.96], [34.03, 34.15], [34.22, 34.4], [34.54, 34.95], [35.23, 35.47]]",bird-mixit+tweetynet
barswa,Hirundo rustica,xc:736236,xc_736236,0,"[0.999474, 0.020024, 0.034216, 0.0]",0.9995,0.9995,38.78,0.9998,0.9997,0.999239,7,10.32,10.58,0.26,1,0.26,0.0,"[[10.32, 10.58]]",bird-mixit+tweetynet
barswa,Hirundo rustica,xc:190844,xc_190844,0,"[0.999917, 0.138971, 0.0, 0.002775]",0.9999,0.9999,34.22,0.9999,0.9993,0.999162,310,892.62,895.74,3.12,8,2.23,0.2853,"[[892.62, 892.66], [892.74, 893.33], [893.46, 893.69], [893.78, 893.84], [894.05, 894.13], [894.33, 894.41], [894.5, 895.38], [895.47, 895.74]]",bird-mixit+tweetynet
barswa,Hirundo rustica,xc:190844,xc_190844,0,"[0.999917, 0.138971, 0.0, 0.002775]",0.9999,0.9999,33.81,0.9999,0.9992,0.999082,295,859.56,861.49,1.93,5,1.35,0.3005,"[[859.56, 860.13], [860.35, 860.51], [860.73, 860.85], [860.91, 861.21], [861.29, 861.49]]",bird-mixit+tweetynet
barswa,Hirundo rustica,xc:736236,xc_736236,0,"[0.999474, 0.020024, 0.034216, 0.0]",0.9995,0.9995,34.26,0.9998,0.9992,0.998709,2,3.66,3.94,0.28,1,0.28,0.0,"[[3.66, 3.94]]",bird-mixit+tweetynet
barswa,Hirundo rustica,xc:197224,xc_197224,0,"[0.999798, 0.992606, 0.589928, 0.940186]",0.9998,0.9998,32.76,0.9998,0.9988,0.998631,16,56.18,59.33,3.15,9,2.36,0.2508,"[[56.18, 56.54], [56.59, 56.68], [56.82, 57.0], [57.08, 57.7], [57.89, 57.95], [58.1, 58.19], [58.24, 58.31], [58.39, 58.71], [58.76, 59.33]]",bird-mixit+tweetynet
barswa,Hirundo rustica,xc:197224,xc_197224,0,"[0.999798, 0.992606, 0.589928, 0.940186]",0.9998,0.9998,31.94,0.9996,0.9984,0.998225,39,138.21,141.64,3.43,12,2.09,0.3907,"[[138.21, 138.26], [138.36, 138.46], [138.51, 138.65], [138.91, 138.99], [139.05, 139.17], [139.22, 139.35], [139.44, 139.51], [139.58, 139.65], [139.7, 140.24], [140.41, 140.44], [140.79, 140.88], [140.97, 141.64]]",bird-mixit+tweetynet
barswa,Hirundo rustica,xc:34293,xc_34293,0,"[0.99971, 0.0, 0.0, 0.0]",0.9997,0.9997,29.83,0.9998,0.9973,0.997003,2,4.19,4.85,0.66,3,0.41,0.3788,"[[4.19, 4.27], [4.38, 4.44], [4.58, 4.85]]",bird-mixit+tweetynet
barswa,Hirundo rustica,xc:801549,xc_801549,0,"[0.998937, 0.0, 0.0, 0.0]",0.9989,0.9989,30.26,0.9999,0.9976,0.996542,2,9.55,14.74,5.19,10,4.28,0.1753,"[[9.55, 9.6], [9.66, 9.76], [9.81, 10.01], [10.07, 10.81], [10.86, 11.5], [11.61, 13.15], [13.23, 13.65], [13.8, 13.97], [14.1, 14.43], [14.65, 14.74]]",bird-mixit+tweetynet
barswa,Hirundo rustica,xc:34293,xc_34293,0,"[0.99971, 0.0, 0.0, 0.0]",0.9997,0.9997,29.76,0.9988,0.9968,0.996468,1,3.4,3.75,0.35,1,0.35,0.0,"[[3.4, 3.75]]",bird-mixit+tweetynet
barswa,Hirundo rustica,xc:913353,xc_913353,0,"[0.999335, 0.0, 0.010292, 0.0]",0.9993,0.9993,29.65,0.9985,0.9965,0.995816,0,0.29,2.41,2.12,4,1.29,0.3915,"[[0.29, 0.71], [0.83, 0.93], [1.24, 1.79], [2.19, 2.41]]",bird-mixit+tweetynet
barswa,Hirundo rustica,xc:176625,xc_176625,0,"[0.998596, 0.027695, 0.017495, 0.01937]",0.9986,0.9986,30.22,0.9985,0.9969,0.995536,1,6.58,10.71,4.13,7,3.48,0.1574,"[[6.58, 6.88], [7.03, 7.14], [7.26, 7.41], [7.49, 7.64], [7.79, 7.83], [7.92, 10.54], [10.6, 10.71]]",bird-mixit+tweetynet
barswa,Hirundo rustica,xc:769698,xc_769698,0,"[0.999866, 0.938672, 0.024114, 0.921489]",0.9999,0.9999,29.37,0.9962,0.9951,0.995003,4,6.14,8.65,2.51,7,1.67,0.3347,"[[6.14, 6.21], [6.33, 6.46], [6.55, 6.88], [7.06, 7.14], [7.22, 7.64], [7.71, 7.92], [8.22, 8.65]]",bird-mixit+tweetynet
barswa,Hirundo rustica,xc:919194,xc_919194,0,"[0.999749, 0.586917, 0.083341, 0.01312]",0.9997,0.9997,27.76,1.0,0.9952,0.994862,53,102.6,103.92,1.32,3,0.82,0.3788,"[[102.6, 102.67], [102.88, 103.25], [103.54, 103.92]]",bird-mixit+tweetynet
barswa,Hirundo rustica,xc:380471,xc_380471,0,"[0.996756, 0.0, 0.0, 0.0]",0.9968,0.9968,30.71,0.9999,0.998,0.994767,8,11.79,12.0,0.21,1,0.21,0.0,"[[11.79, 12.0]]",bird-mixit+tweetynet
barswa,Hirundo rustica,xc:380471,xc_380471,0,"[0.996756, 0.0, 0.0, 0.0]",0.9968,0.9968,30.68,0.9999,0.9979,0.994749,7,9.95,10.14,0.19,1,0.19,0.0,"[[9.95, 10.14]]",bird-mixit+tweetynet
barswa,Hirundo rustica,xc:380471,xc_380471,0,"[0.996756, 0.0, 0.0, 0.0]",0.9968,0.9968,29.56,0.9999,0.9971,0.993923,5,8.21,8.42,0.21,1,0.21,0.0,"[[8.21, 8.42]]",bird-mixit+tweetynet
barswa,Hirundo rustica,xc:176625,xc_176625,0,"[0.998596, 0.027695, 0.017495, 0.01937]",0.9986,0.9986,28.53,0.9978,0.9951,0.993679,6,22.35,26.19,3.84,5,3.59,0.0651,"[[22.35, 23.41], [23.5, 23.94], [24.0, 25.8], [25.85, 25.94], [25.99, 26.19]]",bird-mixit+tweetynet
barswa,Hirundo rustica,xc:176625,xc_176625,0,"[0.998596, 0.027695, 0.017495, 0.01937]",0.9986,0.9986,28.7,0.9964,0.9946,0.99316,15,55.08,58.86,3.78,4,3.53,0.0661,"[[55.08, 55.38], [55.46, 56.04], [56.14, 57.08], [57.15, 58.86]]",bird-mixit+tweetynet
barswa,Hirundo rustica,xc:647324,xc_647324,1,"[0.999356, 0.997822, 0.437323, 0.508695]",0.9978,0.9994,28.48,0.9985,0.9953,0.993149,14,55.06,55.67,0.61,2,0.47,0.2295,"[[55.06, 55.36], [55.5, 55.67]]",bird-mixit+tweetynet
barswa,Hirundo rustica,xc:141678,xc_141678,1,"[0.999004, 0.998373, 0.915165, 0.832861]",0.9984,0.999,31.12,0.9927,0.9946,0.993019,35,122.57,125.26,2.69,7,2.11,0.2156,"[[122.57, 122.6], [122.79, 122.95], [123.01, 123.18], [123.23, 123.26], [123.32, 124.02], [124.12, 124.56], [124.68, 125.26]]",bird-mixit+tweetynet
barswa,Hirundo rustica,xc:141678,xc_141678,1,"[0.999004, 0.998373, 0.915165, 0.832861]",0.9984,0.999,27.87,0.9982,0.9944,0.992813,5,4.93,6.06,1.13,3,0.97,0.1416,"[[4.93, 5.09], [5.15, 5.78], [5.88, 6.06]]",bird-mixit+tweetynet
barswa,Hirundo rustica,xc:380471,xc_380471,0,"[0.996756, 0.0, 0.0, 0.0]",0.9968,0.9968,28.23,0.9999,0.9958,0.992567,1,2.37,2.59,0.22,1,0.22,0.0,"[[2.37, 2.59]]",bird-mixit+tweetynet
barswa,Hirundo rustica,xc:380471,xc_380471,0,"[0.996756, 0.0, 0.0, 0.0]",0.9968,0.9968,28.19,0.9999,0.9957,0.99252,10,15.82,16.05,0.23,1,0.23,0.0,"[[15.82, 16.05]]",bird-mixit+tweetynet
barswa,Hirundo rustica,xc:191008,xc_191008,0,"[0.998996, 0.0, 0.0, 0.0]",0.999,0.999,29.72,0.9922,0.9934,0.992437,25,51.39,53.49,2.1,5,1.3,0.381,"[[51.39, 51.5], [51.83, 52.02], [52.21, 52.27], [52.39, 52.42], [52.58, 53.49]]",bird-mixit+tweetynet
barswa,Hirundo rustica,xc:857587,xc_857587,0,"[0.995561, 0.436476, 0.267579, 0.97115]",0.9956,0.9956,30.13,0.9983,0.9968,0.992398,14,45.6,47.96,2.36,6,1.35,0.428,"[[45.6, 46.0], [46.33, 46.45], [46.83, 46.94], [47.0, 47.31], [47.47, 47.7], [47.78, 47.96]]",bird-mixit+tweetynet
barswa,Hirundo rustica,xc:769698,xc_769698,0,"[0.999866, 0.938672, 0.024114, 0.921489]",0.9999,0.9999,26.42,0.9993,0.9924,0.992338,9,15.17,16.19,1.02,3,0.67,0.3431,"[[15.17, 15.2], [15.37, 15.56], [15.74, 16.19]]",bird-mixit+tweetynet
barswa,Hirundo rustica,xc:913353,xc_913353,0,"[0.999335, 0.0, 0.010292, 0.0]",0.9993,0.9993,26.7,0.999,0.9929,0.992195,17,58.52,61.01,2.49,6,1.75,0.2972,"[[58.52, 58.68], [58.83, 59.07], [59.25, 59.42], [59.62, 60.0], [60.08, 60.25], [60.38, 61.01]]",bird-mixit+tweetynet
barswa,Hirundo rustica,xc:913353,xc_913353,0,"[0.999335, 0.0, 0.010292, 0.0]",0.9993,0.9993,26.94,0.9978,0.9927,0.992049,8,33.48,38.71,5.23,6,4.51,0.1377,"[[33.48, 33.88], [34.1, 34.6], [34.82, 35.52], [35.61, 36.0], [36.07, 36.59], [36.71, 38.71]]",bird-mixit+tweetynet
barswa,Hirundo rustica,xc:857587,xc_857587,0,"[0.995561, 0.436476, 0.267579, 0.97115]",0.9956,0.9956,29.09,0.9991,0.9963,0.99191,62,133.94,134.39,0.45,2,0.38,0.1556,"[[133.94, 134.14], [134.21, 134.39]]",bird-mixit+tweetynet
barswa,Hirundo rustica,xc:141678,xc_141678,1,"[0.999004, 0.998373, 0.915165, 0.832861]",0.9984,0.999,27.31,0.9972,0.9931,0.991475,33,109.59,114.39,4.8,6,4.43,0.0771,"[[109.59, 110.07], [110.16, 110.38], [110.44, 110.79], [110.87, 112.48], [112.55, 113.85], [113.92, 114.39]]",bird-mixit+tweetynet
barswa,Hirundo rustica,xc:1021561,xc_1021561,0,"[0.99413, 0.016444, 0.005646, 0.0]",0.9941,0.9941,29.39,0.9992,0.9967,0.990773,2,2.2,2.58,0.38,2,0.21,0.4474,"[[2.2, 2.25], [2.42, 2.58]]",bird-mixit+tweetynet
barswa,Hirundo rustica,xc:647324,xc_647324,1,"[0.999356, 0.997822, 0.437323, 0.508695]",0.9978,0.9994,26.95,0.9982,0.9929,0.99075,5,20.42,23.3,2.88,6,2.0,0.3056,"[[20.42, 20.6], [20.8, 20.84], [20.93, 21.19], [21.45, 21.85], [21.91, 22.89], [23.16, 23.3]]",bird-mixit+tweetynet
barswa,Hirundo rustica,xc:919229,xc_919229,0,"[0.998437, 0.0, 0.0, 0.0]",0.9984,0.9984,29.9,0.9891,0.992,0.990451,17,21.09,21.39,0.3,1,0.3,0.0,"[[21.09, 21.39]]",bird-mixit+tweetynet
barswa,Hirundo rustica,xc:197400,xc_197400,0,"[0.99436, 0.022386, 0.229994, 0.874029]",0.9944,0.9944,29.03,0.9984,0.9959,0.990309,21,46.96,47.18,0.22,1,0.22,0.0,"[[46.96, 47.18]]",bird-mixit+tweetynet
barswa,Hirundo rustica,xc:141678,xc_141678,1,"[0.999004, 0.998373, 0.915165, 0.832861]",0.9984,0.999,26.71,0.9969,0.9919,0.990291,12,27.71,29.76,2.05,1,2.05,0.0,"[[27.71, 29.76]]",bird-mixit+tweetynet
barswa,Hirundo rustica,xc:1021561,xc_1021561,0,"[0.99413, 0.016444, 0.005646, 0.0]",0.9941,0.9941,32.02,0.9948,0.9961,0.990194,3,3.32,6.75,3.43,8,2.38,0.3061,"[[3.32, 3.48], [3.77, 3.99], [4.13, 4.46], [4.53, 4.62], [4.77, 5.04], [5.16, 5.82], [5.99, 6.2], [6.31, 6.75]]",bird-mixit+tweetynet
barswa,Hirundo rustica,xc:769698,xc_769698,0,"[0.999866, 0.938672, 0.024114, 0.921489]",0.9999,0.9999,25.51,0.9994,0.9903,0.990174,78,134.88,135.6,0.72,2,0.54,0.25,"[[134.88, 135.24], [135.42, 135.6]]",bird-mixit+tweetynet
barswa,Hirundo rustica,xc:769698,xc_769698,0,"[0.999866, 0.938672, 0.024114, 0.921489]",0.9999,0.9999,27.43,0.991,0.9902,0.990074,20,39.92,42.14,2.22,7,1.01,0.545,"[[39.92, 39.98], [40.07, 40.3], [40.69, 40.74], [40.84, 40.94], [41.31, 41.41], [41.54, 41.65], [41.78, 42.14]]",bird-mixit+tweetynet
barswa,Hirundo rustica,xc:769698,xc_769698,0,"[0.999866, 0.938672, 0.024114, 0.921489]",0.9999,0.9999,25.45,0.9983,0.9895,0.989449,60,104.87,106.2,1.33,3,0.74,0.4436,"[[104.87, 105.19], [105.48, 105.75], [106.05, 106.2]]",bird-mixit+tweetynet
barswa,Hirundo rustica,xc:857587,xc_857587,0,"[0.995561, 0.436476, 0.267579, 0.97115]",0.9956,0.9956,27.18,0.999,0.9938,0.989412,13,40.2,45.18,4.98,13,3.39,0.3193,"[[40.2, 40.28], [40.52, 40.55], [40.74, 41.15], [41.25, 41.74], [41.79, 42.21], [42.28, 42.5], [42.76, 43.19], [43.26, 43.37], [43.67, 43.76], [43.86, 43.93], [43.99, 44.48], [44.54, 45.06], [45.15, 45.18]]",bird-mixit+tweetynet
barswa,Hirundo rustica,xc:141678,xc_141678,1,"[0.999004, 0.998373, 0.915165, 0.832861]",0.9984,0.999,26.11,0.9961,0.9901,0.988565,21,62.75,68.23,5.48,5,5.18,0.0547,"[[62.75, 64.64], [64.73, 65.52], [65.62, 65.82], [65.87, 67.89], [67.95, 68.23]]",bird-mixit+tweetynet
barswa,Hirundo rustica,xc:919229,xc_919229,0,"[0.998437, 0.0, 0.0, 0.0]",0.9984,0.9984,28.16,0.9886,0.99,0.988459,34,45.53,47.48,1.95,4,1.22,0.3744,"[[45.53, 45.57], [45.82, 45.92], [46.31, 46.7], [46.79, 47.48]]",bird-mixit+tweetynet
barswa,Hirundo rustica,xc:647324,xc_647324,1,"[0.999356, 0.997822, 0.437323, 0.508695]",0.9978,0.9994,26.3,0.9962,0.9906,0.988456,12,44.95,45.72,0.77,2,0.56,0.2727,"[[44.95, 45.42], [45.63, 45.72]]",bird-mixit+tweetynet
barswa,Hirundo rustica,xc:34293,xc_34293,0,"[0.99971, 0.0, 0.0, 0.0]",0.9997,0.9997,24.79,0.9998,0.9882,0.987912,0,0.08,2.8,2.72,4,2.17,0.2022,"[[0.08, 0.78], [0.87, 1.68], [1.94, 2.51], [2.71, 2.8]]",bird-mixit+tweetynet
barswa,Hirundo rustica,xc:197400,xc_197400,0,"[0.99436, 0.022386, 0.229994, 0.874029]",0.9944,0.9944,26.56,0.9996,0.9929,0.987325,9,23.42,23.79,0.37,1,0.37,0.0,"[[23.42, 23.79]]",bird-mixit+tweetynet
barswa,Hirundo rustica,xc:919229,xc_919229,0,"[0.998437, 0.0, 0.0, 0.0]",0.9984,0.9984,33.95,0.9782,0.9884,0.986779,63,79.39,80.7,1.31,5,0.62,0.5267,"[[79.39, 79.45], [79.81, 80.09], [80.15, 80.33], [80.54, 80.59], [80.65, 80.7]]",bird-mixit+tweetynet
barswa,Hirundo rustica,xc:176625,xc_176625,0,"[0.998596, 0.027695, 0.017495, 0.01937]",0.9986,0.9986,24.95,0.9985,0.9881,0.986739,4,15.18,20.58,5.4,9,4.89,0.0944,"[[15.18, 16.76], [16.84, 16.88], [16.93, 16.99], [17.04, 17.12], [17.22, 17.3], [17.37, 18.61], [18.66, 18.76], [18.81, 20.45], [20.51, 20.58]]",bird-mixit+tweetynet
barswa,Hirundo rustica,xc:1015114,xc_1015114,0,"[0.998414, 0.094217, 0.02863, 0.0]",0.9984,0.9984,24.76,1.0,0.9882,0.986613,4,7.87,9.59,1.72,4,1.24,0.2791,"[[7.87, 8.06], [8.19, 8.3], [8.45, 9.04], [9.24, 9.59]]",bird-mixit+tweetynet
barswa,Hirundo rustica,xc:919194,xc_919194,0,"[0.999749, 0.586917, 0.083341, 0.01312]",0.9997,0.9997,24.39,1.0,0.9868,0.986511,43,84.39,84.79,0.4,1,0.4,0.0,"[[84.39, 84.79]]",bird-mixit+tweetynet
barswa,Hirundo rustica,xc:317626,xc_317626,0,"[0.999562, 0.019092, 0.072269, 0.236531]",0.9996,0.9996,24.6,0.9982,0.9867,0.986336,20,57.83,62.5,4.67,7,4.16,0.1092,"[[57.83, 59.11], [59.22, 59.62], [59.72, 59.91], [60.0, 60.34], [60.39, 60.46], [60.54, 61.21], [61.29, 62.5]]",bird-mixit+tweetynet
barswa,Hirundo rustica,xc:857587,xc_857587,0,"[0.995561, 0.436476, 0.267579, 0.97115]",0.9956,0.9956,25.29,0.9992,0.9896,0.985204,19,56.71,59.52,2.81,6,1.92,0.3167,"[[56.71, 57.59], [57.98, 58.03], [58.12, 58.21], [58.27, 58.69], [58.96, 59.01], [59.09, 59.52]]",bird-mixit+tweetynet
barswa,Hirundo rustica,xc:281326,xc_281326,0,"[0.993844, 0.0, 0.0, 0.0]",0.9938,0.9938,25.73,1.0,0.9911,0.985001,1,4.91,6.82,1.91,4,1.34,0.2984,"[[4.91, 5.34], [5.54, 5.94], [6.16, 6.27], [6.42, 6.82]]",bird-mixit+tweetynet
barswa,Hirundo rustica,xc:704091,xc_704091,0,"[0.997746, 0.165256, 0.099765, 0.255932]",0.9977,0.9977,25.82,0.9915,0.9872,0.984916,2,3.02,8.23,5.21,8,3.71,0.2879,"[[3.02, 3.05], [3.39, 3.6], [3.74, 3.85], [4.22, 4.76], [5.01, 7.03], [7.11, 7.42], [7.61, 7.77], [7.9, 8.23]]",bird-mixit+tweetynet
barswa,Hirundo rustica,xc:647324,xc_647324,1,"[0.999356, 0.997822, 0.437323, 0.508695]",0.9978,0.9994,24.7,0.998,0.987,0.984836,11,43.33,44.53,1.2,1,1.2,0.0,"[[43.33, 44.53]]",bird-mixit+tweetynet
barswa,Hirundo rustica,xc:919229,xc_919229,0,"[0.998437, 0.0, 0.0, 0.0]",0.9984,0.9984,26.26,0.9873,0.9862,0.984575,26,33.8,35.49,1.69,5,0.78,0.5385,"[[33.8, 33.88], [34.02, 34.21], [34.47, 34.81], [35.17, 35.26], [35.41, 35.49]]",bird-mixit+tweetynet
barswa,Hirundo rustica,xc:919194,xc_919194,0,"[0.999749, 0.586917, 0.083341, 0.01312]",0.9997,0.9997,23.91,1.0,0.9848,0.984498,10,20.57,20.97,0.4,1,0.4,0.0,"[[20.57, 20.97]]",bird-mixit+tweetynet
barswa,Hirundo rustica,xc:191154,xc_191154,0,"[0.99961, 0.015021, 0.016213, 0.000286]",0.9996,0.9996,24.12,0.998,0.9848,0.984362,24,55.66,56.76,1.1,2,0.89,0.1909,"[[55.66, 55.9], [56.11, 56.76]]",bird-mixit+tweetynet
barswa,Hirundo rustica,xc:197400,xc_197400,0,"[0.99436, 0.022386, 0.229994, 0.874029]",0.9944,0.9944,26.67,0.9921,0.9894,0.983844,18,39.28,44.4,5.12,10,3.03,0.4082,"[[39.28, 39.81], [40.07, 40.6], [40.69, 40.72], [41.12, 41.29], [41.46, 41.61], [41.68, 42.16], [42.51, 42.87], [43.15, 43.2], [43.37, 43.52], [43.82, 44.4]]",bird-mixit+tweetynet
barswa,Hirundo rustica,xc:913357,xc_913357,0,"[0.999234, 0.0, 0.0, 0.0]",0.9992,0.9992,23.81,0.9994,0.9841,0.983308,0,0.6,1.41,0.81,2,0.69,0.1481,"[[0.6, 0.69], [0.81, 1.41]]",bird-mixit+tweetynet
barswa,Hirundo rustica,xc:191154,xc_191154,0,"[0.99961, 0.015021, 0.016213, 0.000286]",0.9996,0.9996,23.48,0.9986,0.9821,0.981704,27,60.02,60.88,0.86,2,0.59,0.314,"[[60.02, 60.32], [60.59, 60.88]]",bird-mixit+tweetynet
barswa,Hirundo rustica,xc:176625,xc_176625,0,"[0.998596, 0.027695, 0.017495, 0.01937]",0.9986,0.9986,25.95,0.9817,0.9826,0.981254,8,30.98,34.94,3.96,9,3.44,0.1313,"[[30.98, 31.54], [31.59, 32.53], [32.59, 32.72], [32.83, 33.95], [34.0, 34.08], [34.13, 34.25], [34.3, 34.4], [34.45, 34.66], [34.76, 34.94]]",bird-mixit+tweetynet
barswa,Hirundo rustica,xc:647324,xc_647324,1,"[0.999356, 0.997822, 0.437323, 0.508695]",0.9978,0.9994,24.36,0.9931,0.9833,0.981141,3,10.14,17.81,7.67,13,6.79,0.1147,"[[10.14, 10.68], [10.74, 11.15], [11.28, 11.53], [11.62, 12.16], [12.24, 12.37], [12.45, 13.87], [13.94, 14.67], [14.72, 14.95], [15.0, 15.35], [15.44, 15.56], [15.62, 16.15], [16.2, 17.68], [17.75, 17.81]]",bird-mixit+tweetynet
barswa,Hirundo rustica,xc:704091,xc_704091,0,"[0.997746, 0.165256, 0.099765, 0.255932]",0.9977,0.9977,25.79,0.9828,0.9828,0.980539,0,0.29,0.89,0.6,1,0.6,0.0,"[[0.29, 0.89]]",bird-mixit+tweetynet
barswa,Hirundo rustica,xc:997150,xc_997150,3,"[0.569839, 0.85329, 0.907837, 0.996108]",0.9961,0.9961,26.97,0.9802,0.9841,0.980219,0,0.07,2.86,2.79,4,2.3,0.1756,"[[0.07, 1.95], [2.27, 2.37], [2.48, 2.63], [2.69, 2.86]]",bird-mixit+tweetynet
barswa,Hirundo rustica,xc:898814,xc_898814,0,"[0.984711, 0.597295, 0.883809, 0.998248]",0.9847,0.9982,27.83,0.9997,0.9951,0.979914,22,41.87,47.99,6.12,7,4.89,0.201,"[[41.87, 42.46], [42.54, 43.08], [43.24, 45.11], [45.35, 45.98], [46.33, 47.0], [47.15, 47.36], [47.61, 47.99]]",bird-mixit+tweetynet
barswa,Hirundo rustica,xc:997150,xc_997150,3,"[0.569839, 0.85329, 0.907837, 0.996108]",0.9961,0.9961,24.68,0.9907,0.9833,0.979504,4,13.95,18.92,4.97,13,3.77,0.2414,"[[13.95, 14.14], [14.19, 14.3], [14.38, 14.48], [14.54, 14.6], [14.67, 14.78], [14.85, 15.47], [15.56, 16.66], [16.8, 17.44], [17.56, 17.6], [17.94, 18.29], [18.36, 18.41], [18.46, 18.79], [18.85, 18.92]]",bird-mixit+tweetynet
bkfbun2,Emberiza personata,ml:593685051,ml_593685051,0,[],0.8852,0.0,28.11,0.9995,0.9954,0.881149,0,0.89,6.27,5.38,13,3.58,0.3346,"[[0.89, 1.09], [1.39, 1.96], [2.11, 2.58], [2.95, 3.03], [3.11, 3.15], [3.25, 3.46], [3.51, 3.6], [3.65, 3.76], [3.87, 3.93], [4.0, 4.03], [4.39, 4.42], [4.53, 5.17], [5.22, 6.27]]",bird-mixit+tweetynet
bkfbun2,Emberiza personata,ml:625972058,ml_625972058,0,[],0.9259,0.0,19.86,0.9997,0.9504,0.879999,2,2.83,3.72,0.89,2,0.59,0.3371,"[[2.83, 3.0], [3.3, 3.72]]",bird-mixit+tweetynet
bkfbun2,Emberiza personata,ml:593685051,ml_593685051,0,[],0.8852,0.0,20.41,0.9976,0.9567,0.846834,2,10.37,15.05,4.68,6,4.02,0.141,"[[10.37, 11.09], [11.15, 12.61], [12.79, 12.91], [13.06, 13.4], [13.54, 13.92], [14.05, 15.05]]",bird-mixit+tweetynet
bkfbun2,Emberiza personata,ml:640646877,ml_640646877,0,[],0.9397,0.0,20.23,0.863,0.8901,0.836401,1,0.54,0.71,0.17,2,0.1,0.4118,"[[0.54, 0.6], [0.67, 0.71]]",bird-mixit+tweetynet
bkfbun2,Emberiza personata,ml:281964,ml_281964,3,[],0.8329,0.0,31.37,0.9988,0.9978,0.831052,0,0.14,4.72,4.58,8,3.55,0.2249,"[[0.14, 1.22], [1.29, 2.38], [2.57, 2.94], [3.16, 3.24], [3.3, 3.35], [3.4, 3.77], [4.03, 4.47], [4.65, 4.72]]",bird-mixit+tweetynet
bkfbun2,Emberiza personata,ml:438109951,ml_438109951,1,[],0.8452,0.0,23.37,0.9985,0.9815,0.82954,2,5.61,9.6,3.99,10,2.25,0.4361,"[[5.61, 5.93], [6.22, 6.48], [6.62, 6.85], [6.9, 7.22], [7.53, 7.81], [7.94, 8.2], [8.53, 8.6], [8.67, 8.76], [8.84, 9.01], [9.35, 9.6]]",bird-mixit+tweetynet
bkfbun2,Emberiza personata,ml:613163978,ml_613163978,1,[],0.8337,0.0,33.14,0.9886,0.9933,0.828142,3,3.71,6.65,2.94,9,1.69,0.4252,"[[3.71, 3.78], [3.89, 4.1], [4.32, 4.63], [4.7, 5.07], [5.24, 5.35], [5.54, 5.6], [5.86, 6.04], [6.22, 6.32], [6.37, 6.65]]",bird-mixit+tweetynet
bkfbun2,Emberiza personata,ml:579166191,ml_579166191,0,[],0.8338,0.0,24.65,0.9997,0.9877,0.823505,14,27.5,35.48,7.98,18,5.84,0.2682,"[[27.5, 27.65], [27.87, 27.92], [28.28, 28.34], [28.51, 28.55], [28.71, 28.84], [28.89, 29.11], [29.17, 29.84], [29.9, 31.93], [32.2, 32.27], [32.33, 32.36], [32.57, 32.6], [32.8, 33.0], [33.05, 33.24], [33.29, 33.36], [33.41, 34.34], [34.4, 35.11], [35.16, 35.23], [35.29, 35.48]]",bird-mixit+tweetynet
bkfbun2,Emberiza personata,ml:637076464,ml_637076464,0,[],0.8461,0.0,21.87,0.9995,0.9721,0.822484,5,13.04,15.75,2.71,3,2.48,0.0849,"[[13.04, 13.34], [13.44, 14.76], [14.89, 15.75]]",bird-mixit+tweetynet
bkfbun2,Emberiza personata,ml:613163978,ml_613163978,1,[],0.8337,0.0,33.75,0.9714,0.9849,0.821103,4,7.1,7.37,0.27,2,0.2,0.2593,"[[7.1, 7.21], [7.28, 7.37]]",bird-mixit+tweetynet
bkfbun2,Emberiza personata,ml:638174820,ml_638174820,1,[],0.8342,0.0,23.2,0.9987,0.9806,0.818043,3,7.05,10.95,3.9,9,2.67,0.3154,"[[7.05, 7.32], [7.42, 8.06], [8.18, 8.76], [8.85, 9.17], [9.33, 9.46], [9.71, 9.76], [9.94, 10.18], [10.43, 10.59], [10.67, 10.95]]",bird-mixit+tweetynet
bkfbun2,Emberiza personata,ml:634321259,ml_634321259,1,[],0.8892,0.0,17.88,0.9776,0.9038,0.803672,8,12.68,19.29,6.61,19,3.53,0.466,"[[12.68, 12.74], [13.07, 13.29], [13.59, 13.89], [13.96, 14.0], [14.16, 14.42], [14.52, 14.83], [15.08, 15.35], [15.59, 16.03], [16.22, 16.36], [16.52, 16.57], [16.72, 16.88], [17.03, 17.21], [17.27, 17.72], [18.02, 18.06], [18.14, 18.39], [18.75, 18.84], [18.9, 18.97], [19.04, 19.07], [19.12, 19.29]]",bird-mixit+tweetynet
bkfbun2,Emberiza personata,ml:643676710,ml_643676710,0,[],0.8349,0.0,21.51,0.9816,0.9604,0.801862,51,67.51,68.38,0.87,5,0.57,0.3448,"[[67.51, 67.67], [67.72, 67.76], [67.83, 68.11], [68.19, 68.23], [68.33, 68.38]]",bird-mixit+tweetynet
bkfbun2,Emberiza personata,ml:625972058,ml_625972058,0,[],0.9259,0.0,17.0,0.9205,0.8554,0.791995,7,11.05,13.41,2.36,6,1.02,0.5678,"[[11.05, 11.16], [11.26, 11.82], [12.16, 12.24], [12.47, 12.53], [12.82, 12.95], [13.33, 13.41]]",bird-mixit+tweetynet
bkfbun2,Emberiza personata,ml:613163978,ml_613163978,1,[],0.8337,0.0,27.67,0.9067,0.9486,0.790843,0,0.02,0.5,0.48,2,0.28,0.4167,"[[0.02, 0.07], [0.27, 0.5]]",bird-mixit+tweetynet
bkfbun2,Emberiza personata,ml:613163978,ml_613163978,1,[],0.8337,0.0,20.41,0.9718,0.9444,0.787334,2,3.04,3.16,0.12,1,0.12,0.0,"[[3.04, 3.16]]",bird-mixit+tweetynet
bkfbun2,Emberiza personata,ml:613163978,ml_613163978,1,[],0.8337,0.0,33.51,0.8833,0.9408,0.784376,1,0.92,2.43,1.51,6,0.75,0.5033,"[[0.92, 1.0], [1.32, 1.52], [1.74, 1.84], [1.89, 1.96], [2.01, 2.05], [2.17, 2.43]]",bird-mixit+tweetynet
bkfbun2,Emberiza personata,ml:625972058,ml_625972058,0,[],0.9259,0.0,15.74,0.9927,0.8454,0.782752,3,4.17,4.43,0.26,1,0.26,0.0,"[[4.17, 4.43]]",bird-mixit+tweetynet
bkfbun2,Emberiza personata,ml:635795100,ml_635795100,3,[],0.8857,0.0,16.51,0.9712,0.8632,0.764541,11,31.36,33.87,2.51,9,1.38,0.4502,"[[31.36, 31.62], [31.69, 32.0], [32.15, 32.48], [32.57, 32.69], [32.77, 32.82], [32.92, 32.95], [33.16, 33.25], [33.46, 33.53], [33.75, 33.87]]",bird-mixit+tweetynet
bkfbun2,Emberiza personata,ml:570505431,ml_570505431,1,[],0.8345,0.0,18.0,0.9951,0.9145,0.763187,11,17.8,23.32,5.52,8,4.47,0.1902,"[[17.8, 18.01], [18.25, 18.28], [18.45, 19.0], [19.05, 19.09], [19.32, 19.35], [19.49, 20.1], [20.27, 22.71], [22.76, 23.32]]",bird-mixit+tweetynet
bkfbun2,Emberiza personata,ml:638174820,ml_638174820,1,[],0.8342,0.0,17.02,0.9998,0.8913,0.743506,6,15.93,18.23,2.3,3,1.84,0.2,"[[15.93, 16.12], [16.44, 17.41], [17.55, 18.23]]",bird-mixit+tweetynet
bkfbun2,Emberiza personata,ml:579166191,ml_579166191,0,[],0.8338,0.0,16.91,0.9999,0.8882,0.740615,16,39.19,43.67,4.48,10,3.37,0.2478,"[[39.19, 39.33], [39.5, 39.61], [39.66, 42.18], [42.24, 42.39], [42.56, 42.67], [42.74, 42.84], [43.14, 43.17], [43.22, 43.36], [43.46, 43.5], [43.64, 43.67]]",bird-mixit+tweetynet
bkfbun2,Emberiza personata,ml:570505431,ml_570505431,1,[],0.8345,0.0,17.78,0.9449,0.8864,0.739734,8,11.38,14.14,2.76,3,2.42,0.1232,"[[11.38, 12.38], [12.43, 13.51], [13.8, 14.14]]",bird-mixit+tweetynet
bkfbun2,Emberiza personata,ml:643676710,ml_643676710,0,[],0.8349,0.0,16.75,0.9976,0.8823,0.736598,65,85.45,88.86,3.41,8,1.93,0.434,"[[85.45, 85.55], [85.88, 85.96], [86.29, 86.36], [86.56, 86.81], [86.93, 86.99], [87.07, 87.16], [87.37, 87.43], [87.64, 88.86]]",bird-mixit+tweetynet
bkfbun2,Emberiza personata,ml:637076464,ml_637076464,0,[],0.8461,0.0,16.17,0.9967,0.8627,0.729913,0,0.02,1.94,1.92,5,1.37,0.2865,"[[0.02, 0.36], [0.51, 0.67], [0.79, 1.02], [1.19, 1.49], [1.6, 1.94]]",bird-mixit+tweetynet
bkfbun2,Emberiza personata,ml:643676710,ml_643676710,0,[],0.8349,0.0,16.24,0.9818,0.8587,0.716938,53,71.44,71.98,0.54,1,0.54,0.0,"[[71.44, 71.98]]",bird-mixit+tweetynet
bkfbun2,Emberiza personata,ml:460115981,ml_460115981,0,[],0.78,0.0,18.02,0.9995,0.9171,0.715345,24,59.5,63.91,4.41,3,4.02,0.0884,"[[59.5, 59.77], [59.85, 61.49], [61.8, 63.91]]",bird-mixit+tweetynet
bkfbun2,Emberiza personata,ml:632649364,ml_632649364,3,[],0.8808,0.0,30.26,0.6218,0.8091,0.71263,2,4.48,6.59,2.11,7,0.91,0.5687,"[[4.48, 4.62], [4.72, 5.03], [5.21, 5.26], [5.57, 5.66], [5.75, 5.9], [6.23, 6.3], [6.49, 6.59]]",bird-mixit+tweetynet
bkfbun2,Emberiza personata,ml:643676710,ml_643676710,0,[],0.8349,0.0,15.95,0.9856,0.8502,0.709836,72,103.34,107.54,4.2,15,2.41,0.4262,"[[103.34, 103.54], [103.59, 103.69], [103.78, 103.81], [103.9, 104.13], [104.26, 104.75], [104.9, 104.94], [105.21, 105.25], [105.41, 105.46], [105.62, 105.75], [105.83, 106.0], [106.19, 106.52], [106.66, 106.7], [106.83, 107.0], [107.08, 107.19], [107.26, 107.54]]",bird-mixit+tweetynet
bkfbun2,Emberiza personata,ml:438109951,ml_438109951,1,[],0.8452,0.0,15.32,0.9946,0.8291,0.700739,0,0.03,1.35,1.32,5,0.84,0.3636,"[[0.03, 0.38], [0.47, 0.53], [0.59, 0.92], [1.16, 1.2], [1.29, 1.35]]",bird-mixit+tweetynet
bkfbun2,Emberiza personata,ml:643676710,ml_643676710,0,[],0.8349,0.0,15.57,0.9856,0.8354,0.697514,62,79.56,83.06,3.5,10,1.66,0.5257,"[[79.56, 79.71], [79.95, 80.16], [80.27, 80.32], [80.71, 80.91], [81.14, 81.42], [81.74, 81.82], [81.9, 81.94], [82.02, 82.08], [82.13, 82.67], [83.01, 83.06]]",bird-mixit+tweetynet
bkfbun2,Emberiza personata,ml:627361594,ml_627361594,0,[],0.8333,0.0,15.11,0.9966,0.8211,0.684182,4,7.03,11.37,4.34,12,2.49,0.4263,"[[7.03, 7.17], [7.22, 7.3], [7.64, 7.73], [7.78, 7.99], [8.11, 8.16], [8.41, 8.47], [8.65, 9.55], [9.66, 9.89], [10.01, 10.19], [10.56, 11.0], [11.14, 11.22], [11.34, 11.37]]",bird-mixit+tweetynet
bkfbun2,Emberiza personata,ml:648087265,ml_648087265,1,[],0.7826,0.0,32.78,0.7266,0.8623,0.674873,6,2.35,3.48,1.13,4,0.51,0.5487,"[[2.35, 2.5], [2.72, 2.88], [3.06, 3.1], [3.32, 3.48]]",bird-mixit+tweetynet
bkfbun2,Emberiza personata,ml:281964,ml_281964,3,[],0.8329,0.0,14.91,0.9767,0.8041,0.669713,4,10.87,12.96,2.09,6,1.36,0.3493,"[[10.87, 11.07], [11.24, 11.35], [11.43, 11.82], [11.97, 12.27], [12.51, 12.55], [12.64, 12.96]]",bird-mixit+tweetynet
bkfbun2,Emberiza personata,ml:625972058,ml_625972058,0,[],0.9259,0.0,13.01,0.9871,0.7067,0.654372,1,1.96,2.12,0.16,1,0.16,0.0,"[[1.96, 2.12]]",bird-mixit+tweetynet
bkfbun2,Emberiza personata,ml:626112226,ml_626112226,1,[],0.7303,0.0,18.03,0.9473,0.8934,0.652455,5,8.94,10.24,1.3,4,0.56,0.5692,"[[8.94, 8.98], [9.25, 9.44], [9.71, 9.82], [10.02, 10.24]]",bird-mixit+tweetynet
bkfbun2,Emberiza personata,ml:640646877,ml_640646877,0,[],0.9397,0.0,13.66,0.8184,0.6817,0.640567,7,3.79,4.23,0.44,1,0.44,0.0,"[[3.79, 4.23]]",bird-mixit+tweetynet
bkfbun2,Emberiza personata,ml:570505431,ml_570505431,1,[],0.8345,0.0,14.07,0.9746,0.7623,0.636162,0,0.02,0.88,0.86,2,0.48,0.4419,"[[0.02, 0.12], [0.5, 0.88]]",bird-mixit+tweetynet
bkfbun2,Emberiza personata,ml:281967,ml_281967,0,[],0.893,0.0,14.47,0.7478,0.6929,0.618766,10,10.7,11.82,1.12,3,0.46,0.5893,"[[10.7, 10.78], [11.16, 11.21], [11.49, 11.82]]",bird-mixit+tweetynet
bkfbun2,Emberiza personata,ml:579166191,ml_579166191,0,[],0.8338,0.0,13.34,0.9998,0.7314,0.609825,5,10.25,14.24,3.99,9,3.1,0.2231,"[[10.25, 10.29], [10.4, 10.48], [10.55, 10.82], [10.9, 11.13], [11.18, 11.21], [11.26, 11.33], [11.43, 11.46], [11.78, 12.12], [12.23, 14.24]]",bird-mixit+tweetynet
bkfbun2,Emberiza personata,ml:593685051,ml_593685051,0,[],0.8852,0.0,12.6,0.9995,0.6854,0.606744,1,7.01,9.23,2.22,4,1.54,0.3063,"[[7.01, 7.28], [7.55, 7.88], [8.04, 8.94], [9.19, 9.23]]",bird-mixit+tweetynet
bkfbun2,Emberiza personata,ml:635289556,ml_635289556,1,[],0.6121,0.0,26.26,0.9966,0.9908,0.606457,4,3.57,4.3,0.73,2,0.49,0.3288,"[[3.57, 3.82], [4.06, 4.3]]",bird-mixit+tweetynet
bkfbun2,Emberiza personata,ml:579166191,ml_579166191,0,[],0.8338,0.0,13.18,0.9999,0.7217,0.601792,0,0.71,3.12,2.41,3,1.92,0.2033,"[[0.71, 0.78], [1.14, 1.48], [1.61, 3.12]]",bird-mixit+tweetynet
bkfbun2,Emberiza personata,ml:460115981,ml_460115981,0,[],0.78,0.0,13.81,0.9997,0.7583,0.591439,36,89.7,93.76,4.06,2,3.9,0.0394,"[[89.7, 89.94], [90.1, 93.76]]",bird-mixit+tweetynet
bkfbun2,Emberiza personata,ml:645866696,ml_645866696,0,[],0.9257,0.0,25.79,0.2824,0.6356,0.588385,1,0.69,0.8,0.11,1,0.11,0.0,"[[0.69, 0.8]]",bird-mixit+tweetynet
bkfbun2,Emberiza personata,ml:635289556,ml_635289556,1,[],0.6121,0.0,20.21,0.9982,0.9545,0.584227,18,16.88,17.18,0.3,1,0.3,0.0,"[[16.88, 17.18]]",bird-mixit+tweetynet
bkfbun2,Emberiza personata,ml:640646877,ml_640646877,0,[],0.9397,0.0,15.71,0.4672,0.6216,0.584143,8,4.71,8.31,3.6,11,2.2,0.3889,"[[4.71, 4.79], [4.89, 4.94], [5.13, 5.5], [5.56, 5.64], [5.78, 6.02], [6.15, 6.78], [7.15, 7.31], [7.38, 7.41], [7.57, 7.8], [7.85, 8.14], [8.27, 8.31]]",bird-mixit+tweetynet
bkfbun2,Emberiza personata,ml:626112226,ml_626112226,1,[],0.7303,0.0,14.97,0.9517,0.7966,0.58177,8,13.89,14.51,0.62,2,0.56,0.0968,"[[13.89, 14.36], [14.42, 14.51]]",bird-mixit+tweetynet
bkfbun2,Emberiza personata,ml:448752521,ml_448752521,1,[],0.5816,0.0,29.42,0.9985,0.9963,0.579452,3,9.79,10.9,1.11,4,0.57,0.4865,"[[9.79, 9.91], [10.01, 10.24], [10.42, 10.58], [10.84, 10.9]]",bird-mixit+tweetynet
bkfbun2,Emberiza personata,ml:448752521,ml_448752521,1,[],0.5816,0.0,24.75,0.9993,0.9878,0.574517,1,2.0,7.83,5.83,12,3.76,0.3551,"[[2.0, 2.25], [2.61, 2.65], [2.88, 3.22], [3.4, 3.98], [4.13, 4.41], [4.58, 4.63], [4.76, 5.27], [5.32, 5.41], [5.57, 6.0], [6.11, 6.5], [6.68, 7.41], [7.76, 7.83]]",bird-mixit+tweetynet
bkfbun2,Emberiza personata,ml:448752521,ml_448752521,1,[],0.5816,0.0,24.31,0.9999,0.9865,0.573729,4,11.4,12.4,1.0,2,0.93,0.07,"[[11.4, 11.87], [11.94, 12.4]]",bird-mixit+tweetynet
bkfbun2,Emberiza personata,ml:281948,ml_281948,0,[],0.5714,0.0,30.24,0.9987,0.997,0.569713,16,29.27,30.26,0.99,3,0.59,0.404,"[[29.27, 29.62], [29.96, 30.1], [30.16, 30.26]]",bird-mixit+tweetynet
bkfbun2,Emberiza personata,ml:281948,ml_281948,0,[],0.5714,0.0,29.83,0.9992,0.997,0.569689,12,19.88,25.34,5.46,11,3.63,0.3352,"[[19.88, 20.04], [20.39, 21.05], [21.2, 21.37], [21.42, 22.3], [22.52, 22.64], [22.82, 23.21], [23.5, 23.6], [23.74, 24.05], [24.18, 24.36], [24.56, 24.83], [24.95, 25.34]]",bird-mixit+tweetynet
bkfbun2,Emberiza personata,ml:448752521,ml_448752521,1,[],0.5816,0.0,22.93,0.9994,0.9794,0.569647,5,13.01,14.49,1.48,3,1.09,0.2635,"[[13.01, 13.39], [13.72, 14.08], [14.14, 14.49]]",bird-mixit+tweetynet
bkfbun2,Emberiza personata,ml:635289556,ml_635289556,1,[],0.6121,0.0,18.77,0.995,0.9305,0.569579,13,12.52,12.79,0.27,1,0.27,0.0,"[[12.52, 12.79]]",bird-mixit+tweetynet
bkfbun2,Emberiza personata,ml:281948,ml_281948,0,[],0.5714,0.0,28.88,0.9988,0.9959,0.569081,0,0.62,2.7,2.08,6,1.17,0.4375,"[[0.62, 0.82], [1.13, 1.51], [1.6, 1.67], [1.76, 2.19], [2.56, 2.6], [2.65, 2.7]]",bird-mixit+tweetynet
bkfbun2,Emberiza personata,ml:281948,ml_281948,0,[],0.5714,0.0,27.8,0.9991,0.9948,0.568412,6,10.68,11.79,1.11,3,0.85,0.2342,"[[10.68, 10.74], [10.94, 11.39], [11.45, 11.79]]",bird-mixit+tweetynet
bkfbun2,Emberiza personata,ml:281948,ml_281948,0,[],0.5714,0.0,25.63,0.9991,0.9904,0.56593,2,4.4,5.7,1.3,3,1.04,0.2,"[[4.4, 4.57], [4.74, 5.2], [5.29, 5.7]]",bird-mixit+tweetynet
bkfbun2,Emberiza personata,ml:626112226,ml_626112226,1,[],0.7303,0.0,16.35,0.7695,0.7702,0.562449,2,3.08,4.84,1.76,5,1.02,0.4205,"[[3.08, 3.45], [3.83, 3.9], [3.98, 4.17], [4.35, 4.39], [4.49, 4.84]]",bird-mixit+tweetynet
bkfbun2,Emberiza personata,ml:635222303,ml_635222303,1,[],0.5712,0.0,23.53,0.998,0.982,0.560925,6,11.1,11.9,0.8,3,0.64,0.2,"[[11.1, 11.45], [11.53, 11.76], [11.84, 11.9]]",bird-mixit+tweetynet
bkfbun2,Emberiza personata,ml:640646877,ml_640646877,0,[],0.9397,0.0,15.55,0.4181,0.5963,0.560311,9,8.81,11.28,2.47,8,1.68,0.3198,"[[8.81, 9.43], [9.5, 10.03], [10.13, 10.19], [10.29, 10.47], [10.71, 10.77], [10.82, 10.89], [11.07, 11.11], [11.16, 11.28]]",bird-mixit+tweetynet
bkfbun2,Emberiza personata,ml:635289556,ml_635289556,1,[],0.6121,0.0,17.6,0.9885,0.902,0.552108,1,0.56,1.61,1.05,3,0.48,0.5429,"[[0.56, 0.6], [0.8, 1.0], [1.37, 1.61]]",bird-mixit+tweetynet
bkfbun2,Emberiza personata,ml:635222303,ml_635222303,1,[],0.5712,0.0,20.16,0.995,0.9523,0.54395,1,1.38,3.64,2.26,6,1.2,0.469,"[[1.38, 1.68], [1.81, 2.05], [2.43, 2.54], [2.81, 2.86], [2.96, 3.4], [3.58, 3.64]]",bird-mixit+tweetynet
bkfbun2,Emberiza personata,ml:625972058,ml_625972058,0,[],0.9259,0.0,11.29,0.9627,0.5847,0.541364,9,15.27,15.51,0.24,1,0.24,0.0,"[[15.27, 15.51]]",bird-mixit+tweetynet
bkfbun2,Emberiza personata,ml:281824,ml_281824,1,[],0.5407,0.0,37.59,0.9999,0.9997,0.540536,5,23.5,26.81,3.31,7,2.0,0.3958,"[[23.5, 23.66], [24.03, 24.39], [24.56, 25.0], [25.2, 25.33], [25.52, 25.7], [25.87, 26.29], [26.5, 26.81]]",bird-mixit+tweetynet
bkfbun2,Emberiza personata,ml:281824,ml_281824,1,[],0.5407,0.0,37.13,0.9999,0.9996,0.54051,8,30.43,32.67,2.24,4,1.81,0.192,"[[30.43, 30.84], [30.98, 31.46], [31.65, 32.51], [32.61, 32.67]]",bird-mixit+tweetynet
bkfbun2,Emberiza personata,ml:281824,ml_281824,1,[],0.5407,0.0,36.23,0.9998,0.9995,0.540453,4,20.72,22.7,1.98,4,1.22,0.3838,"[[20.72, 21.1], [21.28, 21.73], [22.02, 22.37], [22.66, 22.7]]",bird-mixit+tweetynet
bkfbun2,Emberiza personata,ml:281824,ml_281824,1,[],0.5407,0.0,33.92,0.9999,0.9992,0.540262,1,5.19,12.97,7.78,11,6.4,0.1774,"[[5.19, 6.17], [6.25, 8.13], [8.26, 8.88], [8.94, 9.03], [9.17, 9.75], [9.97, 10.36], [10.52, 10.81], [10.87, 10.92], [11.07, 11.32], [11.62, 12.57], [12.65, 12.97]]",bird-mixit+tweetynet
bkfbun2,Emberiza personata,ml:281824,ml_281824,1,[],0.5407,0.0,33.4,0.9999,0.9991,0.540186,3,14.62,19.86,5.24,9,3.62,0.3092,"[[14.62, 15.01], [15.15, 15.53], [15.81, 16.25], [16.47, 16.75], [16.91, 17.89], [18.22, 18.53], [18.6, 18.64], [18.88, 19.25], [19.43, 19.86]]",bird-mixit+tweetynet
bkfbun2,Emberiza personata,ml:635222303,ml_635222303,1,[],0.5712,0.0,19.41,0.9995,0.9436,0.538995,4,8.69,9.14,0.45,1,0.45,0.0,"[[8.69, 9.14]]",bird-mixit+tweetynet
bkfbun2,Emberiza personata,ml:635222303,ml_635222303,1,[],0.5712,0.0,19.46,0.9962,0.9429,0.538608,2,4.71,7.01,2.3,6,0.94,0.5913,"[[4.71, 4.98], [5.21, 5.24], [5.5, 5.59], [5.96, 6.07], [6.39, 6.67], [6.85, 7.01]]",bird-mixit+tweetynet
bkfbun2,Emberiza personata,ml:460115981,ml_460115981,0,[],0.78,0.0,13.08,0.8813,0.6737,0.525452,37,94.59,97.87,3.28,7,2.46,0.25,"[[94.59, 94.64], [94.86, 95.63], [95.89, 96.03], [96.1, 97.0], [97.1, 97.18], [97.26, 97.5], [97.59, 97.87]]",bird-mixit+tweetynet
bkfbun2,Emberiza personata,ml:281967,ml_281967,0,[],0.893,0.0,11.23,0.9893,0.5878,0.524916,17,17.32,20.07,2.75,4,2.0,0.2727,"[[17.32, 19.03], [19.32, 19.47], [19.75, 19.86], [20.04, 20.07]]",bird-mixit+tweetynet
bkfbun2,Emberiza personata,ml:448752521,ml_448752521,1,[],0.5816,0.0,16.56,0.9994,0.8772,0.510151,7,16.0,16.78,0.78,2,0.65,0.1667,"[[16.0, 16.4], [16.53, 16.78]]",bird-mixit+tweetynet
bkfbun2,Emberiza personata,ml:610927706,ml_610927706,0,[],0.503,0.0,29.48,0.9997,0.997,0.501472,10,19.25,21.6,2.35,8,1.38,0.4128,"[[19.25, 19.49], [19.54, 19.8], [19.88, 20.0], [20.07, 20.11], [20.26, 20.45], [20.68, 21.07], [21.34, 21.38], [21.5, 21.6]]",bird-mixit+tweetynet
bkhgul,Chroicocephalus ridibundus,xc:309199,xc_309199,0,"[0.993517, 0.719231, 0.434823, 0.761295]",0.9935,0.9935,31.2,0.9072,0.952,0.945789,7,12.12,14.61,2.49,8,1.55,0.3775,"[[12.12, 12.34], [12.54, 12.63], [12.76, 12.91], [13.07, 13.14], [13.25, 13.51], [13.57, 13.77], [13.97, 14.05], [14.13, 14.61]]",bird-mixit+tweetynet
bkhgul,Chroicocephalus ridibundus,xc:309199,xc_309199,0,"[0.993517, 0.719231, 0.434823, 0.761295]",0.9935,0.9935,36.68,0.8375,0.9185,0.912483,6,9.4,11.68,2.28,6,0.99,0.5658,"[[9.4, 9.68], [10.06, 10.14], [10.23, 10.37], [10.62, 10.8], [11.16, 11.24], [11.45, 11.68]]",bird-mixit+tweetynet
bkhgul,Chroicocephalus ridibundus,xc:309199,xc_309199,0,"[0.993517, 0.719231, 0.434823, 0.761295]",0.9935,0.9935,29.92,0.8406,0.918,0.911996,0,0.02,2.51,2.49,6,1.3,0.4779,"[[0.02, 0.34], [0.46, 0.56], [0.81, 1.14], [1.53, 1.65], [1.95, 2.0], [2.13, 2.51]]",bird-mixit+tweetynet
bkhgul,Chroicocephalus ridibundus,xc:110352,xc_110352,0,"[0.995069, 0.120322, 0.210891, 0.873164]",0.9951,0.9951,21.91,0.8824,0.9155,0.911057,41,82.39,89.02,6.63,16,4.26,0.3575,"[[82.39, 82.78], [83.09, 83.34], [83.48, 83.87], [83.99, 84.35], [84.45, 85.06], [85.43, 85.83], [85.92, 86.05], [86.13, 86.33], [86.43, 86.73], [86.82, 86.96], [87.06, 87.09], [87.2, 87.24], [87.39, 87.72], [87.97, 88.14], [88.38, 88.67], [88.79, 89.02]]",bird-mixit+tweetynet
bkhgul,Chroicocephalus ridibundus,xc:309199,xc_309199,0,"[0.993517, 0.719231, 0.434823, 0.761295]",0.9935,0.9935,22.38,0.8762,0.9157,0.909793,9,16.67,21.45,4.78,11,3.2,0.3305,"[[16.67, 17.07], [17.22, 17.35], [17.46, 17.91], [18.31, 18.68], [18.82, 19.03], [19.24, 19.85], [19.93, 20.06], [20.31, 20.39], [20.5, 20.61], [20.67, 21.32], [21.39, 21.45]]",bird-mixit+tweetynet
bkhgul,Chroicocephalus ridibundus,xc:695860,xc_695860,0,"[0.961996, 0.021543, 0.0, 0.0]",0.962,0.962,26.18,0.9027,0.944,0.9081,4,5.76,5.94,0.18,1,0.18,0.0,"[[5.76, 5.94]]",bird-mixit+tweetynet
bkhgul,Chroicocephalus ridibundus,xc:309199,xc_309199,0,"[0.993517, 0.719231, 0.434823, 0.761295]",0.9935,0.9935,37.13,0.8142,0.9068,0.900945,1,2.95,3.72,0.77,3,0.58,0.2468,"[[2.95, 3.17], [3.3, 3.45], [3.51, 3.72]]",bird-mixit+tweetynet
bkhgul,Chroicocephalus ridibundus,xc:110352,xc_110352,0,"[0.995069, 0.120322, 0.210891, 0.873164]",0.9951,0.9951,19.95,0.8983,0.9035,0.899078,40,76.71,81.83,5.12,8,3.45,0.3262,"[[76.71, 77.03], [77.41, 77.67], [78.06, 78.12], [78.31, 78.64], [78.75, 79.15], [79.28, 79.81], [80.12, 80.77], [80.93, 81.83]]",bird-mixit+tweetynet
bkhgul,Chroicocephalus ridibundus,xc:37423,xc_37423,0,"[0.985459, 0.0, 0.0, 0.010903]",0.9855,0.9855,18.85,0.929,0.9012,0.888147,0,0.02,7.12,7.1,13,3.91,0.4493,"[[0.02, 0.17], [0.49, 0.8], [1.1, 1.41], [1.64, 1.96], [2.18, 2.48], [2.71, 3.02], [3.27, 3.56], [3.87, 4.16], [4.52, 4.83], [5.11, 5.43], [5.63, 5.99], [6.23, 6.55], [6.8, 7.12]]",bird-mixit+tweetynet
bkhgul,Chroicocephalus ridibundus,xc:110352,xc_110352,0,"[0.995069, 0.120322, 0.210891, 0.873164]",0.9951,0.9951,28.9,0.787,0.8904,0.886072,1,3.43,4.53,1.1,3,0.85,0.2273,"[[3.43, 3.74], [3.82, 3.95], [4.12, 4.53]]",bird-mixit+tweetynet
bkhgul,Chroicocephalus ridibundus,xc:546647,xc_546647,0,"[0.939332, 0.942211, 0.40257, 0.991621]",0.9393,0.9916,29.33,0.8921,0.9432,0.885955,11,38.84,42.62,3.78,11,2.66,0.2963,"[[38.84, 39.26], [39.45, 39.71], [39.98, 40.13], [40.2, 40.41], [40.49, 40.56], [40.62, 40.7], [40.76, 41.0], [41.07, 41.32], [41.42, 41.57], [41.68, 41.83], [41.94, 42.62]]",bird-mixit+tweetynet
bkhgul,Chroicocephalus ridibundus,xc:110352,xc_110352,0,"[0.995069, 0.120322, 0.210891, 0.873164]",0.9951,0.9951,18.03,0.9307,0.8858,0.881492,3,11.81,13.27,1.46,3,1.1,0.2466,"[[11.81, 12.47], [12.63, 12.71], [12.91, 13.27]]",bird-mixit+tweetynet
bkhgul,Chroicocephalus ridibundus,xc:737675,xc_737675,0,"[0.894464, 0.991722, 0.96442, 0.992073]",0.8945,0.9921,36.7,0.9545,0.9769,0.87387,13,16.86,18.09,1.23,5,0.51,0.5854,"[[16.86, 16.9], [17.19, 17.24], [17.29, 17.36], [17.61, 17.65], [17.78, 18.09]]",bird-mixit+tweetynet
bkhgul,Chroicocephalus ridibundus,xc:737675,xc_737675,0,"[0.894464, 0.991722, 0.96442, 0.992073]",0.8945,0.9921,25.71,0.9687,0.9756,0.872677,18,35.12,35.85,0.73,2,0.49,0.3288,"[[35.12, 35.15], [35.39, 35.85]]",bird-mixit+tweetynet
bkhgul,Chroicocephalus ridibundus,xc:434997,xc_434997,0,"[0.931399, 0.0, 0.0, 0.207724]",0.9314,0.9314,27.46,0.8837,0.9369,0.872591,5,7.88,8.76,0.88,3,0.39,0.5568,"[[7.88, 7.96], [8.33, 8.44], [8.56, 8.76]]",bird-mixit+tweetynet
bkhgul,Chroicocephalus ridibundus,xc:110352,xc_110352,0,"[0.995069, 0.120322, 0.210891, 0.873164]",0.9951,0.9951,22.71,0.7873,0.8743,0.870041,16,29.89,33.36,3.47,11,2.23,0.3573,"[[29.89, 30.15], [30.22, 30.37], [30.56, 30.94], [31.0, 31.25], [31.37, 31.42], [31.49, 31.58], [31.75, 31.99], [32.1, 32.39], [32.52, 32.66], [32.74, 32.81], [33.05, 33.36]]",bird-mixit+tweetynet
bkhgul,Chroicocephalus ridibundus,xc:434997,xc_434997,0,"[0.931399, 0.0, 0.0, 0.207724]",0.9314,0.9314,26.17,0.8761,0.9308,0.866919,3,5.79,6.38,0.59,3,0.37,0.3729,"[[5.79, 5.89], [5.97, 6.18], [6.32, 6.38]]",bird-mixit+tweetynet
bkhgul,Chroicocephalus ridibundus,xc:695860,xc_695860,0,"[0.961996, 0.021543, 0.0, 0.0]",0.962,0.962,38.77,0.8005,0.9001,0.865883,6,8.04,8.49,0.45,2,0.28,0.3778,"[[8.04, 8.22], [8.39, 8.49]]",bird-mixit+tweetynet
bkhgul,Chroicocephalus ridibundus,xc:737675,xc_737675,0,"[0.894464, 0.991722, 0.96442, 0.992073]",0.8945,0.9921,23.6,0.9648,0.9661,0.864157,22,46.46,49.89,3.43,8,2.18,0.3644,"[[46.46, 46.52], [46.75, 47.18], [47.42, 47.5], [47.59, 47.89], [48.03, 48.19], [48.26, 48.68], [48.83, 49.46], [49.79, 49.89]]",bird-mixit+tweetynet
bkhgul,Chroicocephalus ridibundus,xc:695860,xc_695860,0,"[0.961996, 0.021543, 0.0, 0.0]",0.962,0.962,31.74,0.7879,0.8927,0.858734,1,1.45,2.41,0.96,3,0.42,0.5625,"[[1.45, 1.62], [1.76, 1.81], [2.21, 2.41]]",bird-mixit+tweetynet
bkhgul,Chroicocephalus ridibundus,xc:409974,xc_409974,0,"[0.938529, 0.079175, 0.116892, 0.559407]",0.9385,0.9385,22.18,0.8771,0.9149,0.858625,46,73.12,73.92,0.8,4,0.51,0.3625,"[[73.12, 73.15], [73.2, 73.29], [73.34, 73.43], [73.62, 73.92]]",bird-mixit+tweetynet
bkhgul,Chroicocephalus ridibundus,xc:546647,xc_546647,0,"[0.939332, 0.942211, 0.40257, 0.991621]",0.9393,0.9916,21.08,0.894,0.914,0.858556,6,23.86,29.07,5.21,14,2.93,0.4376,"[[23.86, 24.1], [24.33, 24.87], [25.11, 25.16], [25.44, 25.69], [25.77, 26.11], [26.17, 26.24], [26.49, 26.58], [26.66, 26.8], [26.97, 27.0], [27.17, 27.46], [27.55, 27.71], [27.95, 28.02], [28.2, 28.43], [28.64, 29.07]]",bird-mixit+tweetynet
bkhgul,Chroicocephalus ridibundus,xc:546647,xc_546647,0,"[0.939332, 0.942211, 0.40257, 0.991621]",0.9393,0.9916,20.66,0.8962,0.9109,0.855591,7,29.48,30.72,1.24,2,1.08,0.129,"[[29.48, 30.37], [30.53, 30.72]]",bird-mixit+tweetynet
bkhgul,Chroicocephalus ridibundus,xc:737675,xc_737675,0,"[0.894464, 0.991722, 0.96442, 0.992073]",0.8945,0.9921,30.08,0.9137,0.9545,0.853817,24,51.72,59.69,7.97,17,5.22,0.345,"[[51.72, 51.82], [51.88, 52.11], [52.28, 52.43], [52.5, 52.89], [53.02, 53.39], [53.56, 55.15], [55.31, 55.65], [55.88, 56.15], [56.4, 56.43], [56.59, 56.88], [56.94, 57.04], [57.13, 57.2], [57.4, 57.54], [57.68, 58.07], [58.3, 58.71], [58.94, 59.22], [59.62, 59.69]]",bird-mixit+tweetynet
bkhgul,Chroicocephalus ridibundus,xc:187088,xc_187088,0,"[0.887872, 0.810253, 0.385628, 0.992637]",0.8879,0.9926,35.71,0.9055,0.9523,0.845554,24,102.81,109.38,6.57,15,4.47,0.3196,"[[102.81, 103.0], [103.06, 103.15], [103.45, 103.8], [103.95, 104.12], [104.19, 104.78], [104.94, 105.17], [105.31, 105.37], [105.43, 105.91], [106.04, 106.09], [106.25, 106.54], [106.83, 107.25], [107.46, 107.9], [108.06, 108.38], [108.45, 108.5], [108.64, 109.38]]",bird-mixit+tweetynet
bkhgul,Chroicocephalus ridibundus,xc:791385,xc_791385,0,"[0.897501, 0.00869, 0.0, 0.0]",0.8975,0.8975,30.01,0.8647,0.9301,0.834741,35,54.73,55.62,0.89,3,0.4,0.5506,"[[54.73, 54.77], [54.98, 55.16], [55.44, 55.62]]",bird-mixit+tweetynet
bkhgul,Chroicocephalus ridibundus,xc:737675,xc_737675,0,"[0.894464, 0.991722, 0.96442, 0.992073]",0.8945,0.9921,26.07,0.8812,0.9331,0.834628,17,34.27,34.56,0.29,1,0.29,0.0,"[[34.27, 34.56]]",bird-mixit+tweetynet
bkhgul,Chroicocephalus ridibundus,xc:791385,xc_791385,0,"[0.897501, 0.00869, 0.0, 0.0]",0.8975,0.8975,34.93,0.8592,0.9291,0.833853,0,0.02,2.89,2.87,9,1.72,0.4007,"[[0.02, 0.24], [0.38, 0.56], [0.64, 1.2], [1.32, 1.53], [1.62, 1.7], [1.77, 1.87], [2.16, 2.33], [2.55, 2.72], [2.86, 2.89]]",bird-mixit+tweetynet
bkhgul,Chroicocephalus ridibundus,xc:187088,xc_187088,0,"[0.887872, 0.810253, 0.385628, 0.992637]",0.8879,0.9926,40.54,0.8719,0.9358,0.830923,13,53.93,60.45,6.52,13,4.91,0.2469,"[[53.93, 54.63], [54.78, 55.11], [55.29, 55.74], [55.83, 56.01], [56.13, 56.32], [56.39, 56.48], [56.73, 57.18], [57.38, 58.01], [58.08, 58.6], [58.71, 58.84], [59.0, 59.79], [59.9, 60.26], [60.36, 60.45]]",bird-mixit+tweetynet
bkhgul,Chroicocephalus ridibundus,xc:791385,xc_791385,0,"[0.897501, 0.00869, 0.0, 0.0]",0.8975,0.8975,24.93,0.8695,0.9243,0.829535,34,53.65,54.29,0.64,2,0.58,0.0938,"[[53.65, 54.18], [54.24, 54.29]]",bird-mixit+tweetynet
bkhgul,Chroicocephalus ridibundus,xc:791385,xc_791385,0,"[0.897501, 0.00869, 0.0, 0.0]",0.8975,0.8975,22.35,0.8858,0.9202,0.825918,31,47.93,48.23,0.3,1,0.3,0.0,"[[47.93, 48.23]]",bird-mixit+tweetynet
bkhgul,Chroicocephalus ridibundus,xc:546647,xc_546647,0,"[0.939332, 0.942211, 0.40257, 0.991621]",0.9393,0.9916,19.26,0.8636,0.8773,0.824073,0,0.42,5.71,5.29,10,3.63,0.3138,"[[0.42, 0.47], [0.62, 1.26], [1.37, 1.46], [1.59, 2.1], [2.22, 3.03], [3.41, 3.51], [3.59, 3.63], [3.73, 4.24], [4.54, 4.78], [5.07, 5.71]]",bird-mixit+tweetynet
bkhgul,Chroicocephalus ridibundus,xc:434997,xc_434997,0,"[0.931399, 0.0, 0.0, 0.207724]",0.9314,0.9314,17.92,0.9331,0.8843,0.82364,1,4.1,4.48,0.38,1,0.38,0.0,"[[4.1, 4.48]]",bird-mixit+tweetynet
bkhgul,Chroicocephalus ridibundus,xc:187088,xc_187088,0,"[0.887872, 0.810253, 0.385628, 0.992637]",0.8879,0.9926,28.8,0.8567,0.9251,0.821375,6,19.18,25.27,6.09,12,4.88,0.1987,"[[19.18, 19.88], [19.94, 20.6], [20.73, 21.18], [21.42, 22.06], [22.17, 22.57], [22.7, 22.8], [22.95, 23.28], [23.36, 24.14], [24.19, 24.6], [24.66, 24.76], [24.87, 25.11], [25.2, 25.27]]",bird-mixit+tweetynet
bkhgul,Chroicocephalus ridibundus,xc:187088,xc_187088,0,"[0.887872, 0.810253, 0.385628, 0.992637]",0.8879,0.9926,35.91,0.8411,0.9202,0.817011,7,25.52,30.15,4.63,10,3.53,0.2376,"[[25.52, 26.11], [26.2, 26.4], [26.47, 26.88], [27.04, 27.34], [27.41, 27.53], [27.67, 28.11], [28.22, 28.28], [28.47, 28.91], [28.96, 29.46], [29.68, 30.15]]",bird-mixit+tweetynet
bkhgul,Chroicocephalus ridibundus,xc:187088,xc_187088,0,"[0.887872, 0.810253, 0.385628, 0.992637]",0.8879,0.9926,31.4,0.8403,0.9187,0.81569,4,12.06,17.55,5.49,9,4.19,0.2368,"[[12.06, 13.03], [13.19, 13.27], [13.34, 13.71], [13.88, 14.53], [14.58, 15.1], [15.34, 15.78], [16.05, 16.67], [16.95, 17.4], [17.46, 17.55]]",bird-mixit+tweetynet
bkhgul,Chroicocephalus ridibundus,xc:546647,xc_546647,0,"[0.939332, 0.942211, 0.40257, 0.991621]",0.9393,0.9916,25.61,0.7492,0.8666,0.813972,10,34.84,38.28,3.44,7,2.42,0.2965,"[[34.84, 34.93], [34.99, 35.15], [35.35, 35.62], [35.91, 36.47], [36.65, 36.92], [37.05, 37.44], [37.6, 38.28]]",bird-mixit+tweetynet
bkhgul,Chroicocephalus ridibundus,xc:695860,xc_695860,0,"[0.961996, 0.021543, 0.0, 0.0]",0.962,0.962,36.95,0.6868,0.8431,0.81111,3,4.14,5.08,0.94,2,0.55,0.4149,"[[4.14, 4.22], [4.61, 5.08]]",bird-mixit+tweetynet
bkhgul,Chroicocephalus ridibundus,xc:791385,xc_791385,0,"[0.897501, 0.00869, 0.0, 0.0]",0.8975,0.8975,29.19,0.8047,0.8995,0.807326,20,25.78,27.96,2.18,7,0.94,0.5688,"[[25.78, 25.94], [26.04, 26.07], [26.43, 26.68], [26.8, 26.83], [27.02, 27.21], [27.6, 27.78], [27.86, 27.96]]",bird-mixit+tweetynet
bkhgul,Chroicocephalus ridibundus,xc:434997,xc_434997,0,"[0.931399, 0.0, 0.0, 0.207724]",0.9314,0.9314,23.2,0.751,0.8591,0.800161,0,0.72,3.07,2.35,10,1.12,0.5234,"[[0.72, 0.88], [0.96, 1.05], [1.38, 1.45], [1.57, 1.64], [1.77, 1.87], [1.92, 2.03], [2.09, 2.13], [2.19, 2.26], [2.44, 2.5], [2.72, 3.07]]",bird-mixit+tweetynet
bkhgul,Chroicocephalus ridibundus,xc:650808,xc_650808,0,"[0.846743, 0.0, 0.0, 0.010238]",0.8467,0.8467,38.96,0.8618,0.9307,0.788042,4,7.28,9.47,2.19,6,1.37,0.3744,"[[7.28, 7.78], [8.1, 8.38], [8.6, 8.74], [8.79, 8.95], [9.0, 9.07], [9.25, 9.47]]",bird-mixit+tweetynet
bkhgul,Chroicocephalus ridibundus,xc:580794,xc_580794,1,"[0.945363, 0.944083, 0.955337, 0.962964]",0.9441,0.963,25.98,0.6769,0.8316,0.785082,13,26.0,26.64,0.64,2,0.45,0.2969,"[[26.0, 26.07], [26.26, 26.64]]",bird-mixit+tweetynet
bkhgul,Chroicocephalus ridibundus,xc:695860,xc_695860,0,"[0.961996, 0.021543, 0.0, 0.0]",0.962,0.962,35.94,0.632,0.8157,0.784685,0,0.35,0.82,0.47,1,0.47,0.0,"[[0.35, 0.82]]",bird-mixit+tweetynet
bkhgul,Chroicocephalus ridibundus,xc:1016189,xc_1016189,0,"[0.998284, 0.0, 0.030921, 0.043605]",0.9983,0.9983,23.0,0.6027,0.7855,0.784127,26,70.3,72.6,2.3,3,1.92,0.1652,"[[70.3, 70.73], [70.88, 71.28], [71.51, 72.6]]",bird-mixit+tweetynet
bkhgul,Chroicocephalus ridibundus,xc:548639,xc_548639,0,"[0.804368, 0.0, 0.0, 0.0]",0.8044,0.8044,24.76,0.9594,0.9682,0.778781,0,0.71,1.81,1.1,2,1.02,0.0727,"[[0.71, 1.0], [1.08, 1.81]]",bird-mixit+tweetynet
bkhgul,Chroicocephalus ridibundus,xc:580794,xc_580794,1,"[0.945363, 0.944083, 0.955337, 0.962964]",0.9441,0.963,23.95,0.6584,0.8168,0.771109,39,117.45,117.64,0.19,1,0.19,0.0,"[[117.45, 117.64]]",bird-mixit+tweetynet
bkhgul,Chroicocephalus ridibundus,xc:1065409,xc_1065409,1,"[0.058796, 0.80753, 0.0, 0.0]",0.8075,0.8075,22.65,0.9434,0.9503,0.767383,3,8.54,9.91,1.37,2,1.04,0.2409,"[[8.54, 9.06], [9.39, 9.91]]",bird-mixit+tweetynet
bkhgul,Chroicocephalus ridibundus,xc:386007,xc_386007,0,"[0.998841, 0.942275, 0.87759, 0.992957]",0.9988,0.9988,15.13,0.855,0.7636,0.762686,56,119.45,120.4,0.95,1,0.95,0.0,"[[119.45, 120.4]]",bird-mixit+tweetynet
bkhgul,Chroicocephalus ridibundus,xc:434997,xc_434997,0,"[0.931399, 0.0, 0.0, 0.207724]",0.9314,0.9314,21.27,0.6922,0.8183,0.762154,8,10.45,10.62,0.17,1,0.17,0.0,"[[10.45, 10.62]]",bird-mixit+tweetynet
bkhgul,Chroicocephalus ridibundus,xc:912894,xc_912894,0,"[0.960481, 0.952079, 0.766498, 0.992514]",0.9605,0.9925,15.28,0.9054,0.7907,0.759494,18,27.27,32.47,5.2,10,3.35,0.3558,"[[27.27, 27.54], [27.74, 28.24], [28.3, 28.4], [28.45, 28.49], [28.7, 29.19], [29.48, 29.64], [29.93, 30.48], [30.78, 31.39], [31.6, 31.93], [32.17, 32.47]]",bird-mixit+tweetynet
bkhgul,Chroicocephalus ridibundus,xc:615791,xc_615791,1,"[0.984543, 0.987009, 0.906088, 0.982694]",0.987,0.987,16.56,0.7194,0.7543,0.744446,22,88.77,94.66,5.89,13,3.61,0.3871,"[[88.77, 89.16], [89.22, 89.25], [89.6, 89.83], [89.88, 90.46], [90.56, 90.88], [90.99, 91.43], [91.49, 91.52], [91.85, 92.23], [92.38, 92.41], [92.79, 93.26], [93.5, 93.84], [94.14, 94.21], [94.36, 94.66]]",bird-mixit+tweetynet
bkhgul,Chroicocephalus ridibundus,xc:650808,xc_650808,0,"[0.846743, 0.0, 0.0, 0.010238]",0.8467,0.8467,35.98,0.7543,0.8768,0.742368,3,4.59,5.8,1.21,4,0.69,0.4298,"[[4.59, 4.69], [4.83, 4.91], [4.99, 5.14], [5.44, 5.8]]",bird-mixit+tweetynet
bkhgul,Chroicocephalus ridibundus,xc:647903,xc_647903,0,"[0.958122, 0.0, 0.0, 0.009066]",0.9581,0.9581,22.28,0.5693,0.7654,0.733366,4,12.99,15.26,2.27,6,1.35,0.4053,"[[12.99, 13.13], [13.31, 13.45], [13.57, 14.23], [14.55, 14.66], [14.77, 14.84], [15.03, 15.26]]",bird-mixit+tweetynet
bkhgul,Chroicocephalus ridibundus,xc:386007,xc_386007,0,"[0.998841, 0.942275, 0.87759, 0.992957]",0.9988,0.9988,18.2,0.5755,0.7258,0.724884,8,28.76,29.5,0.74,2,0.69,0.0676,"[[28.76, 29.13], [29.18, 29.5]]",bird-mixit+tweetynet
bkhgul,Chroicocephalus ridibundus,xc:946675,xc_946675,0,"[0.990987, 0.0, 0.0, 0.0]",0.991,0.991,15.44,0.7363,0.7262,0.719636,5,7.61,8.02,0.41,1,0.41,0.0,"[[7.61, 8.02]]",bird-mixit+tweetynet
bkhgul,Chroicocephalus ridibundus,xc:736714,xc_736714,0,"[0.984923, 0.026925, 0.0, 0.979067]",0.9849,0.9849,20.38,0.5261,0.7306,0.719553,1,1.2,6.5,5.3,9,3.14,0.4075,"[[1.2, 1.48], [1.82, 2.06], [2.42, 2.68], [3.0, 3.27], [3.45, 3.86], [4.0, 4.39], [4.62, 5.11], [5.38, 5.78], [6.1, 6.5]]",bird-mixit+tweetynet
bkhgul,Chroicocephalus ridibundus,xc:409974,xc_409974,0,"[0.938529, 0.079175, 0.116892, 0.559407]",0.9385,0.9385,15.82,0.7683,0.7529,0.706616,41,66.93,67.73,0.8,2,0.47,0.4125,"[[66.93, 67.22], [67.55, 67.73]]",bird-mixit+tweetynet
bkhgul,Chroicocephalus ridibundus,xc:386007,xc_386007,0,"[0.998841, 0.942275, 0.87759, 0.992957]",0.9988,0.9988,14.49,0.7791,0.706,0.705176,12,32.14,33.6,1.46,5,0.83,0.4315,"[[32.14, 32.18], [32.28, 32.47], [32.6, 32.82], [33.12, 33.27], [33.37, 33.6]]",bird-mixit+tweetynet
bkhgul,Chroicocephalus ridibundus,xc:1023752,xc_1023752,3,"[0.991088, 0.456537, 0.604404, 0.737706]",0.7377,0.9911,20.86,0.9798,0.9532,0.703199,6,18.06,21.27,3.21,3,2.76,0.1402,"[[18.06, 18.63], [18.71, 19.89], [20.26, 21.27]]",bird-mixit+tweetynet
bkhgul,Chroicocephalus ridibundus,xc:580794,xc_580794,1,"[0.945363, 0.944083, 0.955337, 0.962964]",0.9441,0.963,27.49,0.4968,0.7445,0.702881,33,97.93,98.81,0.88,1,0.88,0.0,"[[97.93, 98.81]]",bird-mixit+tweetynet
bkhgul,Chroicocephalus ridibundus,xc:752720,xc_752720,0,"[0.92862, 0.636131, 0.156401, 0.73967]",0.9286,0.9286,17.87,0.6545,0.7559,0.701928,1,5.33,9.0,3.67,9,2.75,0.2507,"[[5.33, 5.91], [6.09, 6.2], [6.32, 6.45], [6.51, 6.96], [7.02, 7.15], [7.3, 7.41], [7.6, 7.67], [7.75, 8.48], [8.56, 9.0]]",bird-mixit+tweetynet
bkhgul,Chroicocephalus ridibundus,xc:650808,xc_650808,0,"[0.846743, 0.0, 0.0, 0.010238]",0.8467,0.8467,28.29,0.6642,0.8287,0.701646,9,14.7,15.71,1.01,2,0.7,0.3069,"[[14.7, 14.94], [15.25, 15.71]]",bird-mixit+tweetynet
bkhgul,Chroicocephalus ridibundus,xc:183406,xc_183406,0,"[0.841626, 0.278164, 0.0, 0.975272]",0.8416,0.9753,26.45,0.6738,0.8309,0.699306,1,1.95,2.78,0.83,2,0.51,0.3855,"[[1.95, 2.35], [2.67, 2.78]]",bird-mixit+tweetynet
bkhgul,Chroicocephalus ridibundus,xc:615791,xc_615791,1,"[0.984543, 0.987009, 0.906088, 0.982694]",0.987,0.987,15.23,0.6926,0.7003,0.691223,4,12.23,16.41,4.18,6,3.44,0.177,"[[12.23, 13.06], [13.21, 13.86], [13.95, 14.26], [14.33, 15.02], [15.1, 15.29], [15.64, 16.41]]",bird-mixit+tweetynet
bkhgul,Chroicocephalus ridibundus,xc:752720,xc_752720,0,"[0.92862, 0.636131, 0.156401, 0.73967]",0.9286,0.9286,14.76,0.8333,0.7393,0.686551,9,40.09,42.01,1.92,4,1.48,0.2292,"[[40.09, 40.63], [40.68, 40.75], [40.89, 41.38], [41.63, 42.01]]",bird-mixit+tweetynet
bkhgul,Chroicocephalus ridibundus,xc:1065409,xc_1065409,1,"[0.058796, 0.80753, 0.0, 0.0]",0.8075,0.8075,16.11,0.938,0.8354,0.674552,0,0.06,3.71,3.65,4,3.2,0.1233,"[[0.06, 1.75], [1.82, 2.18], [2.48, 3.53], [3.61, 3.71]]",bird-mixit+tweetynet
bkhgul,Chroicocephalus ridibundus,xc:736714,xc_736714,0,"[0.984923, 0.026925, 0.0, 0.979067]",0.9849,0.9849,14.78,0.6873,0.6811,0.670855,2,6.94,7.43,0.49,1,0.49,0.0,"[[6.94, 7.43]]",bird-mixit+tweetynet
bkhgul,Chroicocephalus ridibundus,xc:1023752,xc_1023752,3,"[0.991088, 0.456537, 0.604404, 0.737706]",0.7377,0.9911,21.05,0.8697,0.9021,0.665493,10,27.1,28.06,0.96,2,0.81,0.1563,"[[27.1, 27.49], [27.64, 28.06]]",bird-mixit+tweetynet
bkhgul,Chroicocephalus ridibundus,xc:409974,xc_409974,0,"[0.938529, 0.079175, 0.116892, 0.559407]",0.9385,0.9385,13.98,0.8369,0.705,0.661672,53,81.25,81.9,0.65,2,0.36,0.4462,"[[81.25, 81.32], [81.61, 81.9]]",bird-mixit+tweetynet
bkhgul,Chroicocephalus ridibundus,xc:636651,xc_636651,0,"[0.878757, 0.0, 0.0, 0.0]",0.8788,0.8788,14.31,0.9096,0.7493,0.658483,2,3.33,5.04,1.71,5,1.11,0.3509,"[[3.33, 3.68], [3.88, 3.96], [4.12, 4.48], [4.65, 4.85], [4.92, 5.04]]",bird-mixit+tweetynet
bkhgul,Chroicocephalus ridibundus,xc:441030,xc_441030,1,"[0.834511, 0.667605, 0.153531, 0.780982]",0.6676,0.8345,24.22,0.997,0.9847,0.657354,161,356.17,357.23,1.06,2,0.85,0.1981,"[[356.17, 356.51], [356.72, 357.23]]",bird-mixit+tweetynet
bkhgul,Chroicocephalus ridibundus,xc:409974,xc_409974,0,"[0.938529, 0.079175, 0.116892, 0.559407]",0.9385,0.9385,14.54,0.757,0.6994,0.656365,61,92.56,97.3,4.74,16,1.96,0.5865,"[[92.56, 92.67], [92.78, 92.82], [93.01, 93.05], [93.24, 93.42], [93.63, 93.74], [93.91, 94.14], [94.49, 94.82], [94.88, 94.96], [95.16, 95.19], [95.26, 95.47], [95.59, 95.62], [95.84, 95.93], [96.03, 96.1], [96.45, 96.64], [97.02, 97.09], [97.15, 97.3]]",bird-mixit+tweetynet
bkhgul,Chroicocephalus ridibundus,xc:441030,xc_441030,1,"[0.834511, 0.667605, 0.153531, 0.780982]",0.6676,0.8345,23.6,0.9968,0.9818,0.65544,50,81.25,85.36,4.11,10,2.39,0.4185,"[[81.25, 81.49], [81.58, 81.72], [82.1, 82.27], [82.47, 83.14], [83.5, 84.09], [84.15, 84.2], [84.44, 84.59], [84.75, 84.83], [84.95, 85.07], [85.18, 85.36]]",bird-mixit+tweetynet
bkhgul,Chroicocephalus ridibundus,xc:441030,xc_441030,1,"[0.834511, 0.667605, 0.153531, 0.780982]",0.6676,0.8345,23.4,0.9972,0.981,0.654918,218,500.52,501.2,0.68,1,0.68,0.0,"[[500.52, 501.2]]",bird-mixit+tweetynet
bkhgul,Chroicocephalus ridibundus,xc:752720,xc_752720,0,"[0.92862, 0.636131, 0.156401, 0.73967]",0.9286,0.9286,14.8,0.7413,0.7038,0.653523,3,11.25,16.59,5.34,9,4.67,0.1255,"[[11.25, 11.38], [11.5, 11.9], [11.97, 12.07], [12.13, 12.84], [12.95, 13.51], [13.59, 13.97], [14.04, 14.15], [14.21, 14.66], [14.76, 16.59]]",bird-mixit+tweetynet
bktgul,Larus crassirostris,xc:464604,xc_464604,0,"[0.990099, 0.791117, 0.331245, 0.870481]",0.9901,0.9901,20.63,0.8946,0.9098,0.90079,51,120.19,120.79,0.6,2,0.54,0.1,"[[120.19, 120.22], [120.28, 120.79]]",bird-mixit+tweetynet
bktgul,Larus crassirostris,xc:840767,xc_840767,1,"[0.882927, 0.922133, 0.689583, 0.893492]",0.9221,0.9221,22.73,0.9708,0.9642,0.88912,16,45.47,48.03,2.56,5,1.77,0.3086,"[[45.47, 46.24], [46.53, 46.84], [47.01, 47.44], [47.72, 47.76], [47.81, 48.03]]",bird-mixit+tweetynet
bktgul,Larus crassirostris,xc:464604,xc_464604,0,"[0.990099, 0.791117, 0.331245, 0.870481]",0.9901,0.9901,24.6,0.8137,0.8956,0.88677,34,86.87,87.83,0.96,3,0.53,0.4479,"[[86.87, 86.97], [87.23, 87.38], [87.55, 87.83]]",bird-mixit+tweetynet
bktgul,Larus crassirostris,xc:840767,xc_840767,1,"[0.882927, 0.922133, 0.689583, 0.893492]",0.9221,0.9221,21.15,0.9816,0.9571,0.88252,37,86.87,91.08,4.21,7,2.95,0.2993,"[[86.87, 87.24], [87.45, 87.51], [87.58, 87.69], [87.86, 88.71], [88.97, 89.22], [89.48, 89.7], [89.99, 91.08]]",bird-mixit+tweetynet
bktgul,Larus crassirostris,xc:464604,xc_464604,0,"[0.990099, 0.791117, 0.331245, 0.870481]",0.9901,0.9901,26.05,0.7752,0.8805,0.871765,35,88.23,89.15,0.92,3,0.47,0.4891,"[[88.23, 88.33], [88.53, 88.64], [88.89, 89.15]]",bird-mixit+tweetynet
bktgul,Larus crassirostris,xc:464604,xc_464604,0,"[0.990099, 0.791117, 0.331245, 0.870481]",0.9901,0.9901,19.54,0.8242,0.8628,0.85429,31,81.95,82.56,0.61,1,0.61,0.0,"[[81.95, 82.56]]",bird-mixit+tweetynet
bktgul,Larus crassirostris,xc:464604,xc_464604,0,"[0.990099, 0.791117, 0.331245, 0.870481]",0.9901,0.9901,19.71,0.806,0.8564,0.847934,36,90.26,93.28,3.02,7,1.54,0.4901,"[[90.26, 90.63], [90.94, 91.03], [91.19, 91.44], [91.58, 91.9], [92.07, 92.23], [92.62, 92.77], [93.08, 93.28]]",bird-mixit+tweetynet
bktgul,Larus crassirostris,xc:840767,xc_840767,1,"[0.882927, 0.922133, 0.689583, 0.893492]",0.9221,0.9221,18.7,0.9283,0.898,0.828054,15,40.64,44.75,4.11,9,3.11,0.2433,"[[40.64, 41.69], [41.79, 41.9], [42.02, 42.07], [42.22, 42.48], [42.6, 42.8], [42.86, 42.91], [43.05, 43.31], [43.41, 44.32], [44.53, 44.75]]",bird-mixit+tweetynet
bktgul,Larus crassirostris,ml:453998971,ml_453998971,0,"[0.855656, 0.0, 0.013703, 0.0]",0.8557,0.8557,19.69,0.9544,0.9265,0.792823,35,106.85,107.6,0.75,2,0.63,0.16,"[[106.85, 107.34], [107.46, 107.6]]",bird-mixit+tweetynet
bktgul,Larus crassirostris,xc:284651,xc_284651,0,"[0.826079, 0.014242, 0.086068, 0.0]",0.8261,0.8261,21.75,0.8918,0.9188,0.759041,3,9.57,13.26,3.69,6,2.46,0.3333,"[[9.57, 9.97], [10.31, 11.24], [11.35, 11.44], [11.71, 12.23], [12.46, 12.5], [12.78, 13.26]]",bird-mixit+tweetynet
bktgul,Larus crassirostris,xc:839073,xc_839073,0,"[0.92927, 0.475433, 0.732677, 0.329403]",0.9293,0.9293,18.66,0.7549,0.8166,0.758893,25,49.81,50.93,1.12,2,0.81,0.2768,"[[49.81, 50.06], [50.37, 50.93]]",bird-mixit+tweetynet
bktgul,Larus crassirostris,xc:839073,xc_839073,0,"[0.92927, 0.475433, 0.732677, 0.329403]",0.9293,0.9293,21.23,0.6707,0.8075,0.750453,12,22.55,23.08,0.53,1,0.53,0.0,"[[22.55, 23.08]]",bird-mixit+tweetynet
bktgul,Larus crassirostris,xc:284651,xc_284651,0,"[0.826079, 0.014242, 0.086068, 0.0]",0.8261,0.8261,18.4,0.8659,0.8634,0.713288,16,49.54,50.21,0.67,1,0.67,0.0,"[[49.54, 50.21]]",bird-mixit+tweetynet
bktgul,Larus crassirostris,ml:453998971,ml_453998971,0,"[0.855656, 0.0, 0.013703, 0.0]",0.8557,0.8557,15.71,0.9634,0.8318,0.711742,37,110.71,111.41,0.7,2,0.41,0.4143,"[[110.71, 110.76], [111.05, 111.41]]",bird-mixit+tweetynet
bktgul,Larus crassirostris,xc:284651,xc_284651,0,"[0.826079, 0.014242, 0.086068, 0.0]",0.8261,0.8261,18.54,0.8546,0.8609,0.711165,4,13.81,20.39,6.58,11,4.56,0.307,"[[13.81, 13.87], [14.01, 14.5], [14.68, 15.43], [15.78, 16.52], [16.84, 17.77], [18.1, 18.25], [18.31, 18.72], [18.88, 18.92], [19.17, 19.26], [19.4, 19.82], [19.91, 20.39]]",bird-mixit+tweetynet
bktgul,Larus crassirostris,xc:840768,xc_840768,3,"[0.988278, 0.066086, 0.364456, 0.718117]",0.7181,0.9883,26.07,0.9938,0.9889,0.710132,22,40.9,43.44,2.54,6,1.46,0.4252,"[[40.9, 41.04], [41.24, 41.35], [41.71, 42.1], [42.29, 42.38], [42.49, 42.85], [43.07, 43.44]]",bird-mixit+tweetynet
bktgul,Larus crassirostris,xc:284651,xc_284651,0,"[0.826079, 0.014242, 0.086068, 0.0]",0.8261,0.8261,17.92,0.8757,0.8581,0.708883,15,46.85,48.94,2.09,4,1.58,0.244,"[[46.85, 47.23], [47.29, 47.71], [48.06, 48.41], [48.51, 48.94]]",bird-mixit+tweetynet
bktgul,Larus crassirostris,xc:284651,xc_284651,0,"[0.826079, 0.014242, 0.086068, 0.0]",0.8261,0.8261,18.6,0.7817,0.8282,0.684173,10,33.18,34.83,1.65,3,1.09,0.3394,"[[33.18, 33.51], [33.81, 34.1], [34.36, 34.83]]",bird-mixit+tweetynet
bktgul,Larus crassirostris,xc:840767,xc_840767,1,"[0.882927, 0.922133, 0.689583, 0.893492]",0.9221,0.9221,13.47,0.9896,0.7354,0.678139,36,85.4,86.46,1.06,3,0.91,0.1415,"[[85.4, 85.52], [85.6, 86.14], [86.21, 86.46]]",bird-mixit+tweetynet
bktgul,Larus crassirostris,xc:840768,xc_840768,3,"[0.988278, 0.066086, 0.364456, 0.718117]",0.7181,0.9883,19.46,0.9981,0.9438,0.677761,34,70.39,71.81,1.42,2,1.27,0.1056,"[[70.39, 71.22], [71.37, 71.81]]",bird-mixit+tweetynet
bktgul,Larus crassirostris,xc:840767,xc_840767,1,"[0.882927, 0.922133, 0.689583, 0.893492]",0.9221,0.9221,14.65,0.7759,0.7117,0.656249,6,15.39,16.96,1.57,4,0.76,0.5159,"[[15.39, 15.78], [16.0, 16.04], [16.3, 16.39], [16.72, 16.96]]",bird-mixit+tweetynet
bktgul,Larus crassirostris,xc:627390,xc_627390,0,"[0.937756, 0.017993, 0.054854, 0.061622]",0.9378,0.9378,20.29,0.4374,0.6874,0.644607,29,54.76,56.6,1.84,6,1.12,0.3913,"[[54.76, 55.18], [55.55, 55.68], [55.79, 55.83], [55.92, 55.96], [56.02, 56.42], [56.51, 56.6]]",bird-mixit+tweetynet
bktgul,Larus crassirostris,ml:453998971,ml_453998971,0,"[0.855656, 0.0, 0.013703, 0.0]",0.8557,0.8557,14.03,0.9215,0.7398,0.633007,27,83.57,84.68,1.11,2,0.74,0.3333,"[[83.57, 83.99], [84.36, 84.68]]",bird-mixit+tweetynet
bktgul,Larus crassirostris,xc:840768,xc_840768,3,"[0.988278, 0.066086, 0.364456, 0.718117]",0.7181,0.9883,17.61,0.9391,0.8797,0.631736,14,26.5,28.78,2.28,5,0.96,0.5789,"[[26.5, 26.56], [26.77, 26.98], [27.37, 27.48], [27.8, 27.93], [28.33, 28.78]]",bird-mixit+tweetynet
bktgul,Larus crassirostris,xc:839073,xc_839073,0,"[0.92927, 0.475433, 0.732677, 0.329403]",0.9293,0.9293,14.28,0.7205,0.6738,0.626206,15,27.77,28.48,0.71,2,0.47,0.338,"[[27.77, 28.19], [28.43, 28.48]]",bird-mixit+tweetynet
bktgul,Larus crassirostris,xc:840768,xc_840768,3,"[0.988278, 0.066086, 0.364456, 0.718117]",0.7181,0.9883,16.85,0.9605,0.8688,0.623893,2,1.99,3.0,1.01,3,0.44,0.5644,"[[1.99, 2.07], [2.32, 2.4], [2.72, 3.0]]",bird-mixit+tweetynet
bktgul,Larus crassirostris,xc:840768,xc_840768,3,"[0.988278, 0.066086, 0.364456, 0.718117]",0.7181,0.9883,16.26,0.9967,0.8661,0.62192,16,30.96,31.95,0.99,2,0.65,0.3434,"[[30.96, 31.19], [31.53, 31.95]]",bird-mixit+tweetynet
bktgul,Larus crassirostris,xc:839073,xc_839073,0,"[0.92927, 0.475433, 0.732677, 0.329403]",0.9293,0.9293,15.14,0.6077,0.6623,0.615441,7,16.02,16.76,0.74,2,0.49,0.3378,"[[16.02, 16.47], [16.72, 16.76]]",bird-mixit+tweetynet
bktgul,Larus crassirostris,ml:453998971,ml_453998971,0,"[0.855656, 0.0, 0.013703, 0.0]",0.8557,0.8557,17.34,0.5867,0.7145,0.611378,43,127.01,127.89,0.88,2,0.58,0.3409,"[[127.01, 127.38], [127.68, 127.89]]",bird-mixit+tweetynet
bktgul,Larus crassirostris,ml:635262238,ml_635262238,0,"[0.996932, 0.0, 0.041226, 0.046518]",0.9969,0.9969,18.29,0.3279,0.613,0.611089,29,43.4,44.07,0.67,1,0.67,0.0,"[[43.4, 44.07]]",bird-mixit+tweetynet
bktgul,Larus crassirostris,ml:631983785,ml_631983785,0,"[0.929294, 0.0, 0.0, 0.0]",0.9293,0.9293,16.05,0.4914,0.6414,0.596055,5,5.7,7.24,1.54,5,0.97,0.3701,"[[5.7, 6.02], [6.36, 6.58], [6.65, 6.69], [6.77, 6.86], [6.94, 7.24]]",bird-mixit+tweetynet
bktgul,Larus crassirostris,ml:635262238,ml_635262238,0,"[0.996932, 0.0, 0.041226, 0.046518]",0.9969,0.9969,23.13,0.2184,0.5976,0.595705,20,32.13,33.41,1.28,3,1.0,0.2187,"[[32.13, 32.58], [32.76, 32.88], [32.98, 33.41]]",bird-mixit+tweetynet
bktgul,Larus crassirostris,ml:281922,ml_281922,0,"[0.933843, 0.029477, 0.0, 0.867228]",0.9338,0.9338,17.71,0.3953,0.6348,0.592765,2,8.8,9.81,1.01,1,1.01,0.0,"[[8.8, 9.81]]",bird-mixit+tweetynet
bktgul,Larus crassirostris,xc:839073,xc_839073,0,"[0.92927, 0.475433, 0.732677, 0.329403]",0.9293,0.9293,15.35,0.522,0.6338,0.589004,1,1.8,5.01,3.21,5,2.38,0.2586,"[[1.8, 2.06], [2.35, 2.82], [3.0, 3.34], [3.61, 4.56], [4.65, 5.01]]",bird-mixit+tweetynet
bktgul,Larus crassirostris,ml:453998971,ml_453998971,0,"[0.855656, 0.0, 0.013703, 0.0]",0.8557,0.8557,14.99,0.6781,0.6857,0.586779,14,37.21,44.02,6.81,12,3.86,0.4332,"[[37.21, 37.34], [37.71, 37.98], [38.26, 38.6], [38.85, 39.04], [39.18, 39.58], [39.89, 40.7], [41.0, 41.41], [41.46, 41.53], [41.85, 41.99], [42.28, 43.0], [43.32, 43.63], [43.95, 44.02]]",bird-mixit+tweetynet
bktgul,Larus crassirostris,inat_api:1736758,inat_api_1736758,0,"[0.702192, 0.077322, 0.068735, 0.06607]",0.7022,0.7022,19.53,0.7374,0.8216,0.576913,5,5.77,6.43,0.66,2,0.54,0.1818,"[[5.77, 6.15], [6.27, 6.43]]",bird-mixit+tweetynet
bktgul,Larus crassirostris,xc:627390,xc_627390,0,"[0.937756, 0.017993, 0.054854, 0.061622]",0.9378,0.9378,16.25,0.3893,0.6024,0.564887,8,8.34,10.44,2.1,4,1.46,0.3048,"[[8.34, 8.91], [9.01, 9.07], [9.45, 9.88], [10.04, 10.44]]",bird-mixit+tweetynet
bktgul,Larus crassirostris,ml:635262238,ml_635262238,0,"[0.996932, 0.0, 0.041226, 0.046518]",0.9969,0.9969,22.83,0.1475,0.5617,0.560008,24,38.23,39.15,0.92,2,0.8,0.1304,"[[38.23, 38.47], [38.59, 39.15]]",bird-mixit+tweetynet
bktgul,Larus crassirostris,xc:411996,xc_411996,1,"[0.898853, 0.565877, 0.889406, 0.640059]",0.5659,0.8989,25.5,0.981,0.9811,0.555208,11,18.87,19.32,0.45,1,0.45,0.0,"[[18.87, 19.32]]",bird-mixit+tweetynet
bktgul,Larus crassirostris,ml:281922,ml_281922,0,"[0.933843, 0.029477, 0.0, 0.867228]",0.9338,0.9338,21.17,0.1977,0.5786,0.540266,3,10.35,13.09,2.74,2,2.44,0.1095,"[[10.35, 11.58], [11.88, 13.09]]",bird-mixit+tweetynet
bktgul,Larus crassirostris,xc:411996,xc_411996,1,"[0.898853, 0.565877, 0.889406, 0.640059]",0.5659,0.8989,27.55,0.9177,0.9539,0.53983,21,30.81,31.78,0.97,2,0.58,0.4021,"[[30.81, 30.93], [31.32, 31.78]]",bird-mixit+tweetynet
bktgul,Larus crassirostris,ml:635262238,ml_635262238,0,"[0.996932, 0.0, 0.041226, 0.046518]",0.9969,0.9969,15.84,0.2664,0.5396,0.537956,18,26.27,30.07,3.8,6,2.78,0.2684,"[[26.27, 26.74], [26.81, 26.99], [27.31, 27.54], [27.68, 28.75], [28.97, 29.18], [29.45, 30.07]]",bird-mixit+tweetynet
bktgul,Larus crassirostris,xc:627390,xc_627390,0,"[0.937756, 0.017993, 0.054854, 0.061622]",0.9378,0.9378,13.9,0.3975,0.5333,0.500164,14,23.5,31.37,7.87,16,5.53,0.2973,"[[23.5, 23.95], [24.22, 24.32], [24.6, 25.0], [25.18, 25.22], [25.49, 25.76], [25.94, 26.03], [26.12, 26.33], [26.71, 26.95], [27.04, 28.03], [28.1, 28.4], [28.48, 29.42], [29.5, 29.87], [29.95, 30.31], [30.45, 30.86], [30.91, 30.97], [31.07, 31.37]]",bird-mixit+tweetynet
bktgul,Larus crassirostris,xc:411996,xc_411996,1,"[0.898853, 0.565877, 0.889406, 0.640059]",0.5659,0.8989,16.41,0.9592,0.8548,0.483715,1,2.28,3.25,0.97,2,0.62,0.3608,"[[2.28, 2.48], [2.83, 3.25]]",bird-mixit+tweetynet
bktgul,Larus crassirostris,xc:627390,xc_627390,0,"[0.937756, 0.017993, 0.054854, 0.061622]",0.9378,0.9378,25.8,0.0397,0.5154,0.483298,19,38.48,39.86,1.38,6,0.83,0.3986,"[[38.48, 38.82], [39.07, 39.13], [39.19, 39.31], [39.39, 39.44], [39.5, 39.55], [39.65, 39.86]]",bird-mixit+tweetynet
bktgul,Larus crassirostris,ml:637273075,ml_637273075,0,"[0.96751, 0.051214, 0.133586, 0.085702]",0.9675,0.9675,12.19,0.4826,0.4883,0.472478,15,32.27,34.09,1.82,4,1.35,0.2582,"[[32.27, 32.44], [32.64, 32.84], [32.97, 33.47], [33.61, 34.09]]",bird-mixit+tweetynet
bktgul,Larus crassirostris,ml:637273075,ml_637273075,0,"[0.96751, 0.051214, 0.133586, 0.085702]",0.9675,0.9675,11.44,0.5493,0.4696,0.454375,9,19.77,22.01,2.24,5,1.19,0.4687,"[[19.77, 20.14], [20.5, 20.94], [21.15, 21.24], [21.4, 21.46], [21.78, 22.01]]",bird-mixit+tweetynet
bktgul,Larus crassirostris,xc:627390,xc_627390,0,"[0.937756, 0.017993, 0.054854, 0.061622]",0.9378,0.9378,15.33,0.1502,0.4784,0.448605,20,40.29,41.73,1.44,2,1.09,0.2431,"[[40.29, 40.44], [40.79, 41.73]]",bird-mixit+tweetynet
bktgul,Larus crassirostris,xc:411996,xc_411996,1,"[0.898853, 0.565877, 0.889406, 0.640059]",0.5659,0.8989,14.89,0.9386,0.7879,0.445852,0,0.02,1.68,1.66,5,0.87,0.4759,"[[0.02, 0.35], [0.59, 0.63], [0.72, 0.99], [1.29, 1.44], [1.6, 1.68]]",bird-mixit+tweetynet
bktgul,Larus crassirostris,xc:411996,xc_411996,1,"[0.898853, 0.565877, 0.889406, 0.640059]",0.5659,0.8989,14.28,0.9521,0.7644,0.432565,2,4.14,5.23,1.09,3,0.83,0.2385,"[[4.14, 4.66], [4.74, 4.98], [5.16, 5.23]]",bird-mixit+tweetynet
bktgul,Larus crassirostris,ml:635262238,ml_635262238,0,"[0.996932, 0.0, 0.041226, 0.046518]",0.9969,0.9969,13.35,0.1766,0.4308,0.429453,17,23.09,25.06,1.97,4,1.07,0.4569,"[[23.09, 23.41], [23.72, 23.82], [24.16, 24.39], [24.64, 25.06]]",bird-mixit+tweetynet
bktgul,Larus crassirostris,ml:637479633,ml_637479633,0,"[0.978976, 0.0, 0.011968, 0.007829]",0.979,0.979,14.84,0.0626,0.4306,0.421549,8,23.27,27.44,4.17,8,3.05,0.2686,"[[23.27, 23.85], [24.16, 24.7], [24.9, 25.5], [25.61, 25.85], [26.04, 26.11], [26.22, 26.9], [26.96, 27.07], [27.21, 27.44]]",bird-mixit+tweetynet
bktgul,Larus crassirostris,ml:637395635,ml_637395635,0,"[0.978976, 0.0, 0.011968, 0.007829]",0.979,0.979,14.84,0.0626,0.4306,0.421549,8,23.27,27.44,4.17,8,3.05,0.2686,"[[23.27, 23.85], [24.16, 24.7], [24.9, 25.5], [25.61, 25.85], [26.04, 26.11], [26.22, 26.9], [26.96, 27.07], [27.21, 27.44]]",bird-mixit+tweetynet
bktgul,Larus crassirostris,ml:637479633,ml_637479633,0,"[0.978976, 0.0, 0.011968, 0.007829]",0.979,0.979,14.65,0.0665,0.4274,0.418438,7,17.14,22.81,5.67,8,4.68,0.1746,"[[17.14, 17.76], [17.92, 17.99], [18.05, 19.31], [19.37, 19.41], [19.48, 20.15], [20.36, 20.96], [21.18, 21.25], [21.46, 22.81]]",bird-mixit+tweetynet
bktgul,Larus crassirostris,ml:637395635,ml_637395635,0,"[0.978976, 0.0, 0.011968, 0.007829]",0.979,0.979,14.65,0.0665,0.4274,0.418438,7,17.14,22.81,5.67,8,4.68,0.1746,"[[17.14, 17.76], [17.92, 17.99], [18.05, 19.31], [19.37, 19.41], [19.48, 20.15], [20.36, 20.96], [21.18, 21.25], [21.46, 22.81]]",bird-mixit+tweetynet
bktgul,Larus crassirostris,ml:637273075,ml_637273075,0,"[0.96751, 0.051214, 0.133586, 0.085702]",0.9675,0.9675,14.1,0.0738,0.4153,0.401834,13,28.93,30.0,1.07,3,0.65,0.3925,"[[28.93, 29.01], [29.1, 29.59], [29.92, 30.0]]",bird-mixit+tweetynet
bktgul,Larus crassirostris,ml:631983785,ml_631983785,0,"[0.929294, 0.0, 0.0, 0.0]",0.9293,0.9293,10.84,0.5352,0.432,0.401484,8,9.62,11.17,1.55,3,1.22,0.2129,"[[9.62, 9.92], [10.05, 10.5], [10.7, 11.17]]",bird-mixit+tweetynet
bktgul,Larus crassirostris,ml:637273075,ml_637273075,0,"[0.96751, 0.051214, 0.133586, 0.085702]",0.9675,0.9675,12.96,0.102,0.3902,0.377548,11,23.77,26.26,2.49,5,1.58,0.3655,"[[23.77, 24.36], [24.54, 24.82], [24.87, 25.28], [25.62, 25.84], [26.18, 26.26]]",bird-mixit+tweetynet
bktgul,Larus crassirostris,ml:649034097,ml_649034097,0,"[0.610305, 0.35304, 0.029598, 0.429001]",0.6103,0.6103,13.53,0.5413,0.572,0.34911,1,1.74,2.46,0.72,2,0.44,0.3889,"[[1.74, 1.93], [2.21, 2.46]]",bird-mixit+tweetynet
bktgul,Larus crassirostris,ml:637273075,ml_637273075,0,"[0.96751, 0.051214, 0.133586, 0.085702]",0.9675,0.9675,11.76,0.1318,0.3558,0.344209,6,15.16,16.66,1.5,4,1.15,0.2333,"[[15.16, 15.3], [15.51, 15.85], [15.9, 16.26], [16.35, 16.66]]",bird-mixit+tweetynet
bktgul,Larus crassirostris,ml:593752501,ml_593752501,3,"[0.041327, 0.944678, 0.080133, 0.972624]",0.9726,0.9726,18.18,-0.2789,0.332,0.322905,41,90.49,91.57,1.08,2,0.81,0.25,"[[90.49, 90.83], [91.1, 91.57]]",bird-mixit+tweetynet
bktgul,Larus crassirostris,inat_api:1736709,inat_api_1736709,0,"[0.982514, 0.0, 0.0, 0.020608]",0.9825,0.9825,9.65,0.3731,0.3254,0.31974,0,0.08,2.25,2.17,4,1.6,0.2627,"[[0.08, 0.43], [0.61, 1.16], [1.27, 1.49], [1.77, 2.25]]",bird-mixit+tweetynet
bktgul,Larus crassirostris,ml:281922,ml_281922,0,"[0.933843, 0.029477, 0.0, 0.867228]",0.9338,0.9338,11.48,0.1191,0.341,0.318411,4,13.6,17.69,4.09,7,3.02,0.2616,"[[13.6, 14.74], [14.84, 15.16], [15.44, 15.78], [15.83, 16.37], [16.68, 16.74], [16.95, 17.0], [17.12, 17.69]]",bird-mixit+tweetynet
bktgul,Larus crassirostris,ml:281922,ml_281922,0,"[0.933843, 0.029477, 0.0, 0.867228]",0.9338,0.9338,16.33,-0.2235,0.3378,0.315409,1,2.69,8.18,5.49,7,4.38,0.2022,"[[2.69, 3.77], [4.14, 4.73], [4.86, 5.26], [5.34, 5.48], [5.6, 6.53], [6.58, 6.82], [7.18, 8.18]]",bird-mixit+tweetynet
bktgul,Larus crassirostris,ml:637395635,ml_637395635,0,"[0.978976, 0.0, 0.011968, 0.007829]",0.979,0.979,10.17,0.2251,0.3143,0.307693,10,29.14,30.23,1.09,2,0.9,0.1743,"[[29.14, 29.54], [29.73, 30.23]]",bird-mixit+tweetynet
bktgul,Larus crassirostris,ml:637479633,ml_637479633,0,"[0.978976, 0.0, 0.011968, 0.007829]",0.979,0.979,10.17,0.2251,0.3143,0.307693,10,29.14,30.23,1.09,2,0.9,0.1743,"[[29.14, 29.54], [29.73, 30.23]]",bird-mixit+tweetynet
bktgul,Larus crassirostris,ml:453998961,ml_453998961,0,"[0.314739, 0.0, 0.028147, 0.02037]",0.3147,0.3147,22.42,0.9956,0.9743,0.306624,31,58.13,59.09,0.96,2,0.89,0.0729,"[[58.13, 58.76], [58.83, 59.09]]",bird-mixit+tweetynet
bktgul,Larus crassirostris,ml:649034097,ml_649034097,0,"[0.610305, 0.35304, 0.029598, 0.429001]",0.6103,0.6103,12.05,0.5468,0.5018,0.306234,7,11.64,12.41,0.77,2,0.46,0.4026,"[[11.64, 11.97], [12.28, 12.41]]",bird-mixit+tweetynet
bktgul,Larus crassirostris,ml:631983785,ml_631983785,0,"[0.929294, 0.0, 0.0, 0.0]",0.9293,0.9293,8.67,0.6338,0.3278,0.304636,7,8.92,9.2,0.28,1,0.28,0.0,"[[8.92, 9.2]]",bird-mixit+tweetynet
bktgul,Larus crassirostris,ml:336858041,ml_336858041,0,"[0.996077, 0.521651, 0.03368, 0.683408]",0.9961,0.9961,9.1,0.4072,0.3048,0.303592,6,28.99,31.65,2.66,4,2.0,0.2481,"[[28.99, 29.46], [29.68, 29.91], [30.04, 30.28], [30.59, 31.65]]",bird-mixit+tweetynet
bktgul,Larus crassirostris,ml:336858041,ml_336858041,0,"[0.996077, 0.521651, 0.03368, 0.683408]",0.9961,0.9961,8.65,0.512,0.3023,0.301093,4,19.94,26.32,6.38,13,4.21,0.3401,"[[19.94, 20.52], [20.77, 21.15], [21.45, 21.53], [21.69, 22.5], [22.55, 22.73], [22.89, 22.97], [23.19, 23.72], [23.94, 24.26], [24.32, 24.53], [24.84, 24.89], [25.03, 25.37], [25.61, 25.81], [25.87, 26.32]]",bird-mixit+tweetynet
bktgul,Larus crassirostris,ml:593752501,ml_593752501,3,"[0.041327, 0.944678, 0.080133, 0.972624]",0.9726,0.9726,14.51,-0.2355,0.3037,0.295409,14,29.99,32.32,2.33,6,1.81,0.2232,"[[29.99, 30.11], [30.18, 30.59], [30.75, 30.78], [30.85, 30.93], [31.04, 31.49], [31.6, 32.32]]",bird-mixit+tweetynet
bktgul,Larus crassirostris,ml:453998961,ml_453998961,0,"[0.314739, 0.0, 0.028147, 0.02037]",0.3147,0.3147,22.65,0.9052,0.9316,0.293178,38,68.96,70.74,1.78,4,0.79,0.5562,"[[68.96, 69.37], [69.75, 69.86], [70.17, 70.2], [70.5, 70.74]]",bird-mixit+tweetynet
bktgul,Larus crassirostris,ml:453998961,ml_453998961,0,"[0.314739, 0.0, 0.028147, 0.02037]",0.3147,0.3147,19.65,0.95,0.9239,0.290764,39,71.46,75.74,4.28,8,2.8,0.3458,"[[71.46, 72.37], [72.53, 72.64], [72.79, 72.94], [73.11, 73.16], [73.53, 74.19], [74.52, 74.69], [74.89, 74.93], [75.03, 75.74]]",bird-mixit+tweetynet
bktgul,Larus crassirostris,ml:593752501,ml_593752501,3,"[0.041327, 0.944678, 0.080133, 0.972624]",0.9726,0.9726,27.06,-0.9136,0.2982,0.290041,31,62.39,63.56,1.17,2,0.83,0.2906,"[[62.39, 62.48], [62.82, 63.56]]",bird-mixit+tweetynet
blakit1,Milvus migrans,xc:107229,xc_107229,0,"[0.99875, 0.00456, 0.005453, 0.012582]",0.9988,0.9988,30.74,0.9992,0.9976,0.996443,13,19.27,23.99,4.72,9,3.68,0.2203,"[[19.27, 19.31], [19.45, 21.84], [21.91, 21.96], [22.01, 22.07], [22.15, 22.19], [22.45, 22.65], [22.8, 23.52], [23.59, 23.74], [23.96, 23.99]]",bird-mixit+tweetynet
blakit1,Milvus migrans,xc:807584,xc_807584,0,"[0.993502, 0.645799, 0.0, 0.0]",0.9935,0.9935,29.09,0.9987,0.9961,0.98962,8,8.83,10.33,1.5,4,0.8,0.4667,"[[8.83, 9.0], [9.32, 9.64], [9.82, 9.88], [10.08, 10.33]]",bird-mixit+tweetynet
blakit1,Milvus migrans,xc:807584,xc_807584,0,"[0.993502, 0.645799, 0.0, 0.0]",0.9935,0.9935,27.06,0.999,0.9936,0.9871,30,36.01,36.44,0.43,1,0.43,0.0,"[[36.01, 36.44]]",bird-mixit+tweetynet
blakit1,Milvus migrans,xc:807584,xc_807584,0,"[0.993502, 0.645799, 0.0, 0.0]",0.9935,0.9935,25.42,0.9991,0.9898,0.983397,0,0.65,1.02,0.37,1,0.37,0.0,"[[0.65, 1.02]]",bird-mixit+tweetynet
blakit1,Milvus migrans,xc:807584,xc_807584,0,"[0.993502, 0.645799, 0.0, 0.0]",0.9935,0.9935,25.15,0.9984,0.9887,0.982273,10,12.98,13.48,0.5,1,0.5,0.0,"[[12.98, 13.48]]",bird-mixit+tweetynet
blakit1,Milvus migrans,xc:810453,xc_810453,0,"[0.977478, 0.0, 0.0, 0.0]",0.9775,0.9775,33.89,0.999,0.9987,0.976258,10,18.18,24.75,6.57,19,3.71,0.4353,"[[18.18, 18.25], [18.44, 19.08], [19.34, 20.13], [20.36, 20.47], [20.61, 20.67], [21.0, 21.11], [21.18, 21.25], [21.34, 21.48], [21.57, 21.62], [21.72, 21.8], [22.11, 22.4], [22.46, 22.95], [23.02, 23.05], [23.25, 23.34], [23.5, 23.58], [23.71, 23.82], [23.95, 24.04], [24.29, 24.51], [24.56, 24.75]]",bird-mixit+tweetynet
blakit1,Milvus migrans,xc:810453,xc_810453,0,"[0.977478, 0.0, 0.0, 0.0]",0.9775,0.9775,33.38,0.9989,0.9986,0.976088,8,12.43,16.19,3.76,12,2.45,0.3484,"[[12.43, 12.46], [12.55, 12.63], [12.91, 13.01], [13.09, 14.22], [14.43, 14.5], [14.57, 14.64], [14.8, 15.0], [15.13, 15.29], [15.37, 15.49], [15.55, 15.59], [15.65, 15.83], [15.92, 16.19]]",bird-mixit+tweetynet
blakit1,Milvus migrans,xc:810453,xc_810453,0,"[0.977478, 0.0, 0.0, 0.0]",0.9775,0.9775,31.67,0.9995,0.9982,0.975765,11,25.08,26.32,1.24,4,0.86,0.3065,"[[25.08, 25.39], [25.48, 25.78], [25.97, 26.0], [26.1, 26.32]]",bird-mixit+tweetynet
blakit1,Milvus migrans,xc:810453,xc_810453,0,"[0.977478, 0.0, 0.0, 0.0]",0.9775,0.9775,29.61,0.9973,0.9959,0.973457,26,50.42,54.2,3.78,12,2.03,0.463,"[[50.42, 50.46], [50.52, 50.58], [50.64, 50.78], [50.93, 51.64], [51.98, 52.16], [52.25, 52.6], [52.67, 52.7], [52.9, 53.01], [53.2, 53.23], [53.3, 53.36], [53.49, 53.61], [54.0, 54.2]]",bird-mixit+tweetynet
blakit1,Milvus migrans,xc:944384,xc_944384,3,"[0.124687, 0.0, 0.0, 0.990249]",0.9902,0.9902,24.56,0.9902,0.9826,0.973013,31,50.53,54.37,3.84,9,1.66,0.5677,"[[50.53, 50.59], [50.78, 50.89], [51.09, 51.27], [51.65, 51.93], [52.18, 52.48], [52.8, 52.97], [53.12, 53.33], [53.64, 53.96], [54.34, 54.37]]",bird-mixit+tweetynet
blakit1,Milvus migrans,xc:807584,xc_807584,0,"[0.993502, 0.645799, 0.0, 0.0]",0.9935,0.9935,23.45,0.9901,0.9778,0.971416,28,30.16,32.05,1.89,7,1.1,0.418,"[[30.16, 30.23], [30.52, 30.8], [30.85, 30.92], [31.0, 31.12], [31.33, 31.63], [31.73, 31.85], [31.91, 32.05]]",bird-mixit+tweetynet
blakit1,Milvus migrans,xc:810453,xc_810453,0,"[0.977478, 0.0, 0.0, 0.0]",0.9775,0.9775,27.29,0.9977,0.9933,0.970945,21,41.04,43.16,2.12,3,1.71,0.1934,"[[41.04, 42.07], [42.4, 42.98], [43.06, 43.16]]",bird-mixit+tweetynet
blakit1,Milvus migrans,xc:996677,xc_996677,0,"[0.999631, 0.0, 0.0, 0.014702]",0.9996,0.9996,22.18,0.9924,0.9711,0.970662,38,70.1,71.17,1.07,4,0.58,0.4579,"[[70.1, 70.25], [70.35, 70.62], [70.89, 70.92], [71.04, 71.17]]",bird-mixit+tweetynet
blakit1,Milvus migrans,xc:896545,xc_896545,0,"[0.993051, 0.0, 0.0, 0.086322]",0.9931,0.9931,22.35,0.9982,0.9751,0.968359,1,1.68,5.59,3.91,5,3.27,0.1637,"[[1.68, 2.77], [2.86, 4.28], [4.53, 4.79], [5.04, 5.24], [5.29, 5.59]]",bird-mixit+tweetynet
blakit1,Milvus migrans,xc:764320,xc_764320,0,"[0.996974, 0.431024, 0.015959, 0.902499]",0.997,0.997,21.63,0.9965,0.9687,0.965768,0,1.21,2.56,1.35,5,1.1,0.1852,"[[1.21, 1.76], [1.82, 1.97], [2.02, 2.32], [2.38, 2.44], [2.52, 2.56]]",bird-mixit+tweetynet
blakit1,Milvus migrans,xc:292781,xc_292781,0,"[0.995736, 0.0, 0.0, 0.0]",0.9957,0.9957,21.85,0.9951,0.9699,0.965702,8,14.22,17.99,3.77,6,3.1,0.1777,"[[14.22, 14.28], [14.41, 15.43], [15.49, 16.89], [17.04, 17.25], [17.45, 17.82], [17.95, 17.99]]",bird-mixit+tweetynet
blakit1,Milvus migrans,xc:740480,xc_740480,3,"[0.946077, 0.659896, 0.100139, 0.970286]",0.9703,0.9703,32.52,0.9916,0.9947,0.965113,104,262.99,264.09,1.1,2,0.85,0.2273,"[[262.99, 263.39], [263.64, 264.09]]",bird-mixit+tweetynet
blakit1,Milvus migrans,xc:424088,xc_424088,0,"[0.983115, 0.0, 0.0, 0.014467]",0.9831,0.9831,23.0,0.997,0.9787,0.962145,0,0.11,1.54,1.43,3,0.8,0.4406,"[[0.11, 0.27], [0.59, 1.13], [1.44, 1.54]]",bird-mixit+tweetynet
blakit1,Milvus migrans,xc:468287,xc_468287,0,"[0.996109, 0.008877, 0.21389, 0.020223]",0.9961,0.9961,21.22,0.9948,0.9642,0.960401,4,5.21,7.49,2.28,3,1.6,0.2982,"[[5.21, 6.28], [6.64, 6.88], [7.2, 7.49]]",bird-mixit+tweetynet
blakit1,Milvus migrans,xc:424088,xc_424088,0,"[0.983115, 0.0, 0.0, 0.014467]",0.9831,0.9831,22.07,0.9989,0.9734,0.956978,1,3.7,5.71,2.01,3,1.58,0.2139,"[[3.7, 4.69], [5.05, 5.43], [5.5, 5.71]]",bird-mixit+tweetynet
blakit1,Milvus migrans,xc:740480,xc_740480,3,"[0.946077, 0.659896, 0.100139, 0.970286]",0.9703,0.9703,24.45,0.992,0.9831,0.953936,24,84.29,90.15,5.86,8,4.57,0.2201,"[[84.29, 85.44], [85.7, 86.3], [86.45, 87.71], [87.81, 87.85], [87.98, 88.46], [88.68, 89.27], [89.52, 89.89], [90.07, 90.15]]",bird-mixit+tweetynet
blakit1,Milvus migrans,xc:740480,xc_740480,3,"[0.946077, 0.659896, 0.100139, 0.970286]",0.9703,0.9703,25.43,0.9853,0.983,0.953843,36,111.34,113.83,2.49,3,2.04,0.1807,"[[111.34, 112.17], [112.46, 113.11], [113.27, 113.83]]",bird-mixit+tweetynet
blakit1,Milvus migrans,xc:744737,xc_744737,0,"[0.979536, 0.0, 0.0, 0.0]",0.9795,0.9795,21.95,0.9986,0.9723,0.95239,0,0.61,3.74,3.13,5,2.58,0.1757,"[[0.61, 2.71], [2.82, 2.89], [3.03, 3.24], [3.39, 3.53], [3.68, 3.74]]",bird-mixit+tweetynet
blakit1,Milvus migrans,xc:996677,xc_996677,0,"[0.999631, 0.0, 0.0, 0.014702]",0.9996,0.9996,20.0,0.999,0.9521,0.951768,24,36.61,38.56,1.95,4,1.57,0.1949,"[[36.61, 36.65], [36.74, 36.86], [36.94, 37.0], [37.21, 38.56]]",bird-mixit+tweetynet
blakit1,Milvus migrans,xc:740480,xc_740480,3,"[0.946077, 0.659896, 0.100139, 0.970286]",0.9703,0.9703,24.19,0.9872,0.9797,0.950619,112,272.29,276.39,4.1,6,3.23,0.2122,"[[272.29, 272.58], [272.84, 272.95], [273.03, 273.87], [274.08, 274.8], [275.02, 275.64], [275.74, 276.39]]",bird-mixit+tweetynet
blakit1,Milvus migrans,xc:740480,xc_740480,3,"[0.946077, 0.659896, 0.100139, 0.970286]",0.9703,0.9703,23.35,0.9916,0.978,0.948935,67,169.68,174.5,4.82,9,3.35,0.305,"[[169.68, 169.93], [170.32, 170.67], [170.84, 170.88], [171.11, 171.92], [172.16, 172.82], [172.88, 173.01], [173.14, 173.75], [173.93, 174.33], [174.4, 174.5]]",bird-mixit+tweetynet
blakit1,Milvus migrans,xc:309401,xc_309401,0,"[0.999795, 0.0, 0.0, 0.0]",0.9998,0.9998,19.75,0.9937,0.946,0.945835,16,45.71,50.27,4.56,3,4.12,0.0965,"[[45.71, 47.29], [47.48, 49.21], [49.46, 50.27]]",bird-mixit+tweetynet
blakit1,Milvus migrans,xc:746886,xc_746886,0,"[0.94553, 0.0, 0.0, 0.026937]",0.9455,0.9455,30.84,0.996,0.9961,0.941796,10,44.23,45.06,0.83,2,0.78,0.0602,"[[44.23, 44.7], [44.75, 45.06]]",bird-mixit+tweetynet
blakit1,Milvus migrans,xc:746886,xc_746886,0,"[0.94553, 0.0, 0.0, 0.026937]",0.9455,0.9455,25.95,0.9983,0.9908,0.936843,0,2.24,6.93,4.69,6,4.01,0.145,"[[2.24, 2.54], [2.65, 3.35], [3.5, 4.2], [4.33, 5.19], [5.4, 6.12], [6.2, 6.93]]",bird-mixit+tweetynet
blakit1,Milvus migrans,xc:464266,xc_464266,0,"[0.996358, 0.0, 0.0, 0.01902]",0.9964,0.9964,18.8,0.9969,0.9319,0.928569,47,123.66,129.98,6.32,8,5.11,0.1915,"[[123.66, 123.75], [123.85, 124.0], [124.08, 124.92], [125.21, 125.65], [125.89, 126.37], [126.47, 127.26], [127.44, 127.59], [127.81, 129.98]]",bird-mixit+tweetynet
blakit1,Milvus migrans,xc:746886,xc_746886,0,"[0.94553, 0.0, 0.0, 0.026937]",0.9455,0.9455,23.25,0.9982,0.9807,0.927245,15,58.33,60.86,2.53,4,2.01,0.2055,"[[58.33, 58.66], [58.75, 59.19], [59.45, 60.08], [60.25, 60.86]]",bird-mixit+tweetynet
blakit1,Milvus migrans,xc:996677,xc_996677,0,"[0.999631, 0.0, 0.0, 0.014702]",0.9996,0.9996,18.26,0.9969,0.9211,0.920761,2,1.92,5.45,3.53,6,2.73,0.2266,"[[1.92, 2.0], [2.09, 2.15], [2.25, 2.32], [2.41, 2.62], [2.85, 2.93], [3.22, 5.45]]",bird-mixit+tweetynet
blakit1,Milvus migrans,xc:746886,xc_746886,0,"[0.94553, 0.0, 0.0, 0.026937]",0.9455,0.9455,22.03,0.9973,0.9724,0.919359,14,50.87,54.66,3.79,5,2.82,0.2559,"[[50.87, 51.49], [51.75, 52.47], [52.78, 53.6], [53.83, 54.12], [54.29, 54.66]]",bird-mixit+tweetynet
blakit1,Milvus migrans,xc:139768,xc_139768,0,"[0.980133, 0.028397, 0.010454, 0.568663]",0.9801,0.9801,18.73,0.9963,0.9304,0.911886,4,15.51,18.08,2.57,4,2.13,0.1712,"[[15.51, 15.83], [15.9, 15.96], [16.05, 16.92], [17.2, 18.08]]",bird-mixit+tweetynet
blakit1,Milvus migrans,xc:139768,xc_139768,0,"[0.980133, 0.028397, 0.010454, 0.568663]",0.9801,0.9801,18.56,0.9982,0.9279,0.909438,17,53.54,55.18,1.64,3,1.28,0.2195,"[[53.54, 53.57], [53.82, 54.1], [54.21, 55.18]]",bird-mixit+tweetynet
blakit1,Milvus migrans,xc:996677,xc_996677,0,"[0.999631, 0.0, 0.0, 0.014702]",0.9996,0.9996,17.81,0.9941,0.9096,0.909237,3,6.35,11.97,5.62,7,4.42,0.2135,"[[6.35, 7.98], [8.37, 9.89], [10.0, 10.17], [10.39, 10.55], [10.78, 10.94], [11.11, 11.71], [11.79, 11.97]]",bird-mixit+tweetynet
blakit1,Milvus migrans,xc:173826,xc_173826,0,"[0.97998, 0.017936, 0.0, 0.0]",0.98,0.98,18.89,0.9811,0.9262,0.907656,8,15.26,16.94,1.68,1,1.68,0.0,"[[15.26, 16.94]]",bird-mixit+tweetynet
blakit1,Milvus migrans,xc:794957,xc_794957,0,"[0.906864, 0.347552, 0.0, 0.0]",0.9069,0.9069,31.54,0.9995,0.9982,0.905274,17,65.12,66.21,1.09,1,1.09,0.0,"[[65.12, 66.21]]",bird-mixit+tweetynet
blakit1,Milvus migrans,xc:292781,xc_292781,0,"[0.995736, 0.0, 0.0, 0.0]",0.9957,0.9957,17.69,0.9962,0.9077,0.903827,5,7.43,9.04,1.61,1,1.61,0.0,"[[7.43, 9.04]]",bird-mixit+tweetynet
blakit1,Milvus migrans,xc:794957,xc_794957,0,"[0.906864, 0.347552, 0.0, 0.0]",0.9069,0.9069,27.34,0.9994,0.9942,0.901672,20,75.79,77.31,1.52,3,0.93,0.3882,"[[75.79, 76.59], [76.82, 76.92], [77.28, 77.31]]",bird-mixit+tweetynet
blakit1,Milvus migrans,xc:746886,xc_746886,0,"[0.94553, 0.0, 0.0, 0.026937]",0.9455,0.9455,20.23,0.9925,0.952,0.900145,9,40.11,42.84,2.73,4,2.17,0.2051,"[[40.11, 40.41], [40.5, 40.94], [41.19, 42.01], [42.23, 42.84]]",bird-mixit+tweetynet
blakit1,Milvus migrans,xc:578425,xc_578425,3,"[0.996964, 0.030472, 0.012087, 0.930632]",0.9306,0.997,24.46,0.9489,0.9619,0.895143,61,202.16,202.29,0.13,1,0.13,0.0,"[[202.16, 202.29]]",bird-mixit+tweetynet
blakit1,Milvus migrans,xc:139768,xc_139768,0,"[0.980133, 0.028397, 0.010454, 0.568663]",0.9801,0.9801,17.74,0.9981,0.9099,0.891795,13,43.25,45.22,1.97,3,1.46,0.2589,"[[43.25, 44.58], [44.77, 44.8], [45.12, 45.22]]",bird-mixit+tweetynet
blakit1,Milvus migrans,xc:468287,xc_468287,0,"[0.996109, 0.008877, 0.21389, 0.020223]",0.9961,0.9961,17.18,0.9961,0.8944,0.890869,1,0.93,2.7,1.77,3,1.41,0.2034,"[[0.93, 2.04], [2.22, 2.45], [2.63, 2.7]]",bird-mixit+tweetynet
blakit1,Milvus migrans,xc:495361,xc_495361,0,"[0.997854, 0.0, 0.030411, 0.019185]",0.9979,0.9979,17.05,0.9939,0.8895,0.887648,0,0.03,6.38,6.35,9,4.97,0.2173,"[[0.03, 0.2], [0.47, 0.66], [1.05, 1.18], [1.23, 2.08], [2.16, 2.37], [2.46, 2.6], [2.67, 2.71], [2.86, 4.54], [4.82, 6.38]]",bird-mixit+tweetynet
blakit1,Milvus migrans,xc:495361,xc_495361,0,"[0.997854, 0.0, 0.030411, 0.019185]",0.9979,0.9979,16.78,0.9973,0.8832,0.881343,44,94.57,99.17,4.6,7,3.53,0.2326,"[[94.57, 95.34], [95.64, 95.75], [95.87, 95.92], [96.04, 96.08], [96.16, 96.51], [96.64, 97.62], [97.94, 99.17]]",bird-mixit+tweetynet
blakit1,Milvus migrans,xc:139768,xc_139768,0,"[0.980133, 0.028397, 0.010454, 0.568663]",0.9801,0.9801,17.19,0.9982,0.8955,0.877676,39,134.95,136.24,1.29,1,1.29,0.0,"[[134.95, 136.24]]",bird-mixit+tweetynet
blakit1,Milvus migrans,xc:468287,xc_468287,0,"[0.996109, 0.008877, 0.21389, 0.020223]",0.9961,0.9961,16.62,0.9973,0.8782,0.874823,6,9.13,10.78,1.65,2,1.6,0.0303,"[[9.13, 9.22], [9.27, 10.78]]",bird-mixit+tweetynet
blakit1,Milvus migrans,xc:139768,xc_139768,0,"[0.980133, 0.028397, 0.010454, 0.568663]",0.9801,0.9801,16.99,0.9901,0.8861,0.868452,1,4.57,6.39,1.82,3,1.71,0.0604,"[[4.57, 5.06], [5.11, 5.28], [5.34, 6.39]]",bird-mixit+tweetynet
blakit1,Milvus migrans,xc:440436,xc_440436,3,"[0.995056, 0.514551, 0.015701, 0.997614]",0.9976,0.9976,16.17,0.9868,0.8585,0.856431,119,446.23,448.76,2.53,10,1.56,0.3834,"[[446.23, 446.36], [446.43, 446.55], [446.64, 446.84], [446.89, 447.03], [447.11, 447.2], [447.31, 447.48], [447.55, 447.63], [447.68, 447.95], [448.08, 448.23], [448.55, 448.76]]",bird-mixit+tweetynet
blakit1,Milvus migrans,xc:495361,xc_495361,0,"[0.997854, 0.0, 0.030411, 0.019185]",0.9979,0.9979,16.02,0.9927,0.8558,0.854004,18,47.09,51.85,4.76,8,4.01,0.1576,"[[47.09, 47.22], [47.27, 49.02], [49.29, 50.82], [50.87, 50.95], [51.0, 51.05], [51.12, 51.33], [51.4, 51.53], [51.72, 51.85]]",bird-mixit+tweetynet
blakit1,Milvus migrans,xc:440436,xc_440436,3,"[0.995056, 0.514551, 0.015701, 0.997614]",0.9976,0.9976,15.83,0.9964,0.8502,0.848187,113,430.83,431.18,0.35,1,0.35,0.0,"[[430.83, 431.18]]",bird-mixit+tweetynet
blakit1,Milvus migrans,xc:794957,xc_794957,0,"[0.906864, 0.347552, 0.0, 0.0]",0.9069,0.9069,18.76,0.9997,0.9324,0.845621,16,53.13,54.11,0.98,2,0.7,0.2857,"[[53.13, 53.74], [54.02, 54.11]]",bird-mixit+tweetynet
blakit1,Milvus migrans,xc:138441,xc_138441,0,"[0.997701, 0.075925, 0.014151, 0.264212]",0.9977,0.9977,15.64,0.9961,0.8427,0.8408,4,11.24,14.03,2.79,6,1.87,0.3297,"[[11.24, 11.41], [11.7, 11.8], [11.91, 12.07], [12.26, 12.31], [12.4, 13.68], [13.92, 14.03]]",bird-mixit+tweetynet
blakit1,Milvus migrans,xc:1026906,xc_1026906,0,"[0.958078, 0.207633, 0.032377, 0.02519]",0.9581,0.9581,33.63,0.7565,0.8775,0.840765,26,70.49,75.39,4.9,9,3.36,0.3143,"[[70.49, 70.67], [70.74, 72.48], [72.66, 73.02], [73.2, 73.46], [73.81, 73.94], [74.13, 74.34], [74.64, 74.7], [74.78, 74.98], [75.17, 75.39]]",bird-mixit+tweetynet
blakit1,Milvus migrans,xc:462026,xc_462026,0,"[0.999959, 0.0, 0.0, 0.778059]",1.0,1.0,15.48,0.9928,0.8351,0.835127,28,51.97,54.27,2.3,5,1.61,0.3,"[[51.97, 53.14], [53.26, 53.48], [53.65, 53.81], [53.97, 54.0], [54.24, 54.27]]",bird-mixit+tweetynet
blakit1,Milvus migrans,xc:640160,xc_640160,1,"[0.987717, 0.961474, 0.014812, 0.246921]",0.9615,0.9877,16.34,0.996,0.8683,0.834835,19,47.74,52.26,4.52,4,4.22,0.0664,"[[47.74, 51.31], [51.49, 51.58], [51.64, 51.77], [51.83, 52.26]]",bird-mixit+tweetynet
blakit1,Milvus migrans,xc:495362,xc_495362,0,"[0.999152, 0.0, 0.010455, 0.0]",0.9992,0.9992,15.54,0.9856,0.8344,0.833775,45,62.02,65.79,3.77,5,3.17,0.1592,"[[62.02, 62.28], [62.33, 62.36], [62.48, 62.53], [62.89, 64.21], [64.28, 65.79]]",bird-mixit+tweetynet
blakit1,Milvus migrans,xc:578425,xc_578425,3,"[0.996964, 0.030472, 0.012087, 0.930632]",0.9306,0.997,21.29,0.8391,0.8895,0.827729,14,58.91,59.01,0.1,1,0.1,0.0,"[[58.91, 59.01]]",bird-mixit+tweetynet
blakit1,Milvus migrans,xc:919041,xc_919041,0,"[0.826721, 0.0, 0.0, 0.0]",0.8267,0.8267,29.42,0.9976,0.9959,0.823293,2,3.22,3.87,0.65,2,0.6,0.0769,"[[3.22, 3.57], [3.62, 3.87]]",bird-mixit+tweetynet
blakit1,Milvus migrans,xc:919041,xc_919041,0,"[0.826721, 0.0, 0.0, 0.0]",0.8267,0.8267,26.62,0.9954,0.9909,0.819207,1,2.14,2.78,0.64,2,0.5,0.2188,"[[2.14, 2.59], [2.73, 2.78]]",bird-mixit+tweetynet
blakit1,Milvus migrans,xc:495361,xc_495361,0,"[0.997854, 0.0, 0.030411, 0.019185]",0.9979,0.9979,14.93,0.9971,0.8134,0.811706,31,67.98,72.25,4.27,7,3.25,0.2389,"[[67.98, 68.3], [68.45, 69.47], [69.64, 71.22], [71.28, 71.36], [71.45, 71.56], [71.76, 71.86], [72.21, 72.25]]",bird-mixit+tweetynet
blakit1,Milvus migrans,xc:138441,xc_138441,0,"[0.997701, 0.075925, 0.014151, 0.264212]",0.9977,0.9977,14.88,0.9978,0.8113,0.809391,2,5.71,6.81,1.1,1,1.1,0.0,"[[5.71, 6.81]]",bird-mixit+tweetynet
blakit1,Milvus migrans,xc:1026906,xc_1026906,0,"[0.958078, 0.207633, 0.032377, 0.02519]",0.9581,0.9581,19.05,0.799,0.8436,0.80827,5,15.44,19.48,4.04,4,3.43,0.151,"[[15.44, 15.52], [15.65, 16.14], [16.38, 16.84], [17.08, 19.48]]",bird-mixit+tweetynet
blakit1,Milvus migrans,xc:138441,xc_138441,0,"[0.997701, 0.075925, 0.014151, 0.264212]",0.9977,0.9977,14.73,0.994,0.8028,0.80099,1,1.82,4.49,2.67,3,2.39,0.1049,"[[1.82, 2.18], [2.23, 2.97], [3.2, 4.49]]",bird-mixit+tweetynet
blakit1,Milvus migrans,xc:996677,xc_996677,0,"[0.999631, 0.0, 0.0, 0.014702]",0.9996,0.9996,14.62,0.9979,0.7989,0.79854,25,39.07,41.11,2.04,2,1.85,0.0931,"[[39.07, 40.89], [41.08, 41.11]]",bird-mixit+tweetynet
blakit1,Milvus migrans,xc:464266,xc_464266,0,"[0.996358, 0.0, 0.0, 0.01902]",0.9964,0.9964,14.66,0.9968,0.8005,0.797653,57,159.49,162.4,2.91,7,2.4,0.1753,"[[159.49, 160.72], [160.79, 160.9], [160.96, 161.12], [161.23, 161.4], [161.53, 161.87], [161.96, 161.99], [162.04, 162.4]]",bird-mixit+tweetynet
blakit1,Milvus migrans,xc:764320,xc_764320,0,"[0.996974, 0.431024, 0.015959, 0.902499]",0.997,0.997,14.74,0.9839,0.799,0.796619,21,35.92,36.49,0.57,1,0.57,0.0,"[[35.92, 36.49]]",bird-mixit+tweetynet
blakit1,Milvus migrans,xc:640160,xc_640160,1,"[0.987717, 0.961474, 0.014812, 0.246921]",0.9615,0.9877,15.28,0.9933,0.827,0.79512,14,20.81,27.67,6.86,9,5.29,0.2289,"[[20.81, 21.0], [21.1, 21.39], [21.51, 21.63], [21.72, 21.83], [22.17, 22.25], [22.64, 22.81], [22.88, 26.09], [26.42, 27.43], [27.56, 27.67]]",bird-mixit+tweetynet
blakit1,Milvus migrans,xc:764320,xc_764320,0,"[0.996974, 0.431024, 0.015959, 0.902499]",0.997,0.997,14.84,0.9624,0.7953,0.792911,10,19.18,20.06,0.88,2,0.65,0.2614,"[[19.18, 19.78], [20.01, 20.06]]",bird-mixit+tweetynet
blakit1,Milvus migrans,xc:919041,xc_919041,0,"[0.826721, 0.0, 0.0, 0.0]",0.8267,0.8267,20.91,0.9848,0.9562,0.79046,0,1.11,1.57,0.46,1,0.46,0.0,"[[1.11, 1.57]]",bird-mixit+tweetynet
blakit1,Milvus migrans,xc:764987,xc_764987,0,"[0.890163, 0.0, 0.0, 0.07606]",0.8902,0.8902,24.96,0.7867,0.8835,0.786448,3,10.59,11.46,0.87,3,0.65,0.2529,"[[10.59, 10.97], [11.13, 11.32], [11.38, 11.46]]",bird-mixit+tweetynet
blakit1,Milvus migrans,xc:764320,xc_764320,0,"[0.996974, 0.431024, 0.015959, 0.902499]",0.997,0.997,14.9,0.9323,0.7854,0.783093,22,36.98,40.56,3.58,8,2.23,0.3771,"[[36.98, 37.46], [37.63, 38.09], [38.33, 38.36], [38.63, 38.68], [38.87, 39.0], [39.06, 39.5], [39.86, 40.0], [40.06, 40.56]]",bird-mixit+tweetynet
blakit1,Milvus migrans,xc:578425,xc_578425,3,"[0.996964, 0.030472, 0.012087, 0.930632]",0.9306,0.997,15.55,0.971,0.8288,0.771269,62,203.14,206.36,3.22,11,1.88,0.4161,"[[203.14, 203.23], [203.29, 203.48], [203.56, 203.67], [203.8, 203.89], [203.99, 204.23], [204.39, 204.45], [204.84, 204.99], [205.04, 205.19], [205.25, 205.78], [206.03, 206.12], [206.18, 206.36]]",bird-mixit+tweetynet
blakit1,Milvus migrans,xc:495361,xc_495361,0,"[0.997854, 0.0, 0.030411, 0.019185]",0.9979,0.9979,14.05,0.9969,0.77,0.768363,16,40.23,43.31,3.08,3,2.94,0.0455,"[[40.23, 41.85], [41.91, 41.96], [42.04, 43.31]]",bird-mixit+tweetynet
brebul1,Hypsipetes amaurotis,xc:285898,xc_285898,0,"[0.999117, 0.221874, 0.940607, 0.979663]",0.9991,0.9991,30.54,0.9997,0.9977,0.996827,31,84.9,89.07,4.17,8,2.68,0.3573,"[[84.9, 84.98], [85.13, 86.28], [86.65, 86.77], [87.06, 87.26], [87.55, 88.0], [88.1, 88.14], [88.32, 88.39], [88.5, 89.07]]",bird-mixit+tweetynet
brebul1,Hypsipetes amaurotis,xc:409278,xc_409278,0,"[0.997617, 0.536321, 0.006348, 0.087016]",0.9976,0.9976,31.6,0.9994,0.9982,0.995792,5,10.4,11.63,1.23,3,0.93,0.2439,"[[10.4, 10.91], [11.05, 11.29], [11.45, 11.63]]",bird-mixit+tweetynet
brebul1,Hypsipetes amaurotis,xc:793927,xc_793927,0,"[0.999221, 0.0, 0.0, 0.0]",0.9992,0.9992,26.55,0.999,0.9926,0.991778,24,43.96,45.67,1.71,5,1.18,0.3099,"[[43.96, 44.74], [44.95, 45.0], [45.11, 45.14], [45.3, 45.44], [45.49, 45.67]]",bird-mixit+tweetynet
brebul1,Hypsipetes amaurotis,xc:793927,xc_793927,0,"[0.999221, 0.0, 0.0, 0.0]",0.9992,0.9992,26.41,0.9987,0.9922,0.991357,12,21.05,21.72,0.67,2,0.62,0.0746,"[[21.05, 21.33], [21.38, 21.72]]",bird-mixit+tweetynet
brebul1,Hypsipetes amaurotis,xc:409278,xc_409278,0,"[0.997617, 0.536321, 0.006348, 0.087016]",0.9976,0.9976,26.73,0.9997,0.9933,0.990876,11,22.48,23.03,0.55,1,0.55,0.0,"[[22.48, 23.03]]",bird-mixit+tweetynet
brebul1,Hypsipetes amaurotis,xc:285898,xc_285898,0,"[0.999117, 0.221874, 0.940607, 0.979663]",0.9991,0.9991,25.57,0.9988,0.9901,0.989236,40,108.07,111.29,3.22,6,2.46,0.236,"[[108.07, 108.67], [108.79, 108.95], [109.15, 109.34], [109.52, 109.66], [109.86, 110.0], [110.06, 111.29]]",bird-mixit+tweetynet
brebul1,Hypsipetes amaurotis,xc:156323,xc_156323,0,"[0.989084, 0.995916, 0.0, 0.003673]",0.9891,0.9959,32.45,0.9997,0.9986,0.987759,8,25.39,31.38,5.99,14,3.98,0.3356,"[[25.39, 25.53], [25.63, 26.28], [26.36, 26.39], [26.49, 26.67], [26.88, 26.91], [27.0, 27.27], [27.47, 27.78], [28.02, 28.38], [28.56, 28.9], [29.18, 29.48], [29.75, 30.14], [30.26, 30.81], [30.89, 30.94], [31.0, 31.38]]",bird-mixit+tweetynet
brebul1,Hypsipetes amaurotis,xc:156323,xc_156323,0,"[0.989084, 0.995916, 0.0, 0.003673]",0.9891,0.9959,32.23,0.9998,0.9986,0.987756,9,31.84,35.15,3.31,7,2.09,0.3686,"[[31.84, 31.89], [31.97, 32.14], [32.25, 32.43], [32.8, 33.47], [33.76, 34.09], [34.27, 34.66], [34.85, 35.15]]",bird-mixit+tweetynet
brebul1,Hypsipetes amaurotis,xc:409278,xc_409278,0,"[0.997617, 0.536321, 0.006348, 0.087016]",0.9976,0.9976,25.51,0.999,0.99,0.987666,23,40.54,41.57,1.03,3,0.61,0.4078,"[[40.54, 40.64], [40.87, 41.05], [41.24, 41.57]]",bird-mixit+tweetynet
brebul1,Hypsipetes amaurotis,xc:156325,xc_156325,0,"[0.992936, 0.0, 0.0, 0.0074]",0.9929,0.9929,27.43,0.9998,0.9946,0.9875,1,1.75,5.68,3.93,4,3.12,0.2061,"[[1.75, 4.33], [4.71, 4.84], [4.97, 5.03], [5.33, 5.68]]",bird-mixit+tweetynet
brebul1,Hypsipetes amaurotis,xc:156323,xc_156323,0,"[0.989084, 0.995916, 0.0, 0.003673]",0.9891,0.9959,30.15,0.9989,0.9971,0.986234,17,59.88,62.62,2.74,8,1.2,0.562,"[[59.88, 60.0], [60.25, 60.33], [60.45, 60.54], [60.87, 60.93], [61.23, 61.46], [61.55, 61.61], [61.71, 61.89], [62.24, 62.62]]",bird-mixit+tweetynet
brebul1,Hypsipetes amaurotis,xc:841475,xc_841475,0,"[0.986631, 0.0, 0.0, 0.0]",0.9866,0.9866,32.56,1.0,0.9988,0.985447,22,42.56,45.12,2.56,6,1.37,0.4648,"[[42.56, 42.86], [43.0, 43.03], [43.32, 43.71], [44.08, 44.53], [44.82, 44.9], [45.0, 45.12]]",bird-mixit+tweetynet
brebul1,Hypsipetes amaurotis,xc:156323,xc_156323,0,"[0.989084, 0.995916, 0.0, 0.003673]",0.9891,0.9959,29.99,0.9975,0.9963,0.9854,11,39.35,44.73,5.38,20,2.47,0.5409,"[[39.35, 39.81], [39.96, 40.11], [40.19, 40.39], [40.48, 40.65], [40.81, 40.87], [41.11, 41.2], [41.44, 41.53], [41.8, 41.88], [41.93, 42.0], [42.08, 42.24], [42.44, 42.52], [42.66, 42.72], [42.8, 42.87], [43.15, 43.23], [43.49, 43.92], [44.09, 44.16], [44.21, 44.25], [44.36, 44.4], [44.59, 44.63], [44.7, 44.73]]",bird-mixit+tweetynet
brebul1,Hypsipetes amaurotis,xc:156323,xc_156323,0,"[0.989084, 0.995916, 0.0, 0.003673]",0.9891,0.9959,28.35,0.9996,0.9957,0.984873,1,5.37,11.59,6.22,11,4.44,0.2862,"[[5.37, 6.46], [6.51, 7.05], [7.4, 7.5], [7.66, 7.69], [7.86, 8.23], [8.39, 8.83], [8.93, 9.29], [9.51, 9.88], [10.04, 10.41], [10.61, 11.0], [11.21, 11.59]]",bird-mixit+tweetynet
brebul1,Hypsipetes amaurotis,xc:156325,xc_156325,0,"[0.992936, 0.0, 0.0, 0.0074]",0.9929,0.9929,26.34,0.9978,0.9915,0.984504,3,10.89,16.35,5.46,14,4.0,0.2674,"[[10.89, 12.09], [12.16, 12.36], [12.43, 12.6], [12.68, 12.85], [12.9, 13.11], [13.21, 13.39], [13.48, 13.67], [13.75, 13.99], [14.08, 14.3], [14.52, 14.71], [14.78, 14.95], [15.07, 15.45], [15.67, 15.89], [16.09, 16.35]]",bird-mixit+tweetynet
brebul1,Hypsipetes amaurotis,xc:841475,xc_841475,0,"[0.986631, 0.0, 0.0, 0.0]",0.9866,0.9866,28.77,0.9998,0.9963,0.982991,7,10.73,11.07,0.34,1,0.34,0.0,"[[10.73, 11.07]]",bird-mixit+tweetynet
brebul1,Hypsipetes amaurotis,xc:464611,xc_464611,3,"[0.996782, 0.823963, 0.564828, 0.994839]",0.9948,0.9968,26.32,0.991,0.9881,0.982988,25,74.49,79.72,5.23,12,3.24,0.3805,"[[74.49, 74.63], [74.79, 74.91], [75.19, 75.83], [75.89, 76.14], [76.2, 76.79], [76.86, 77.12], [77.19, 77.43], [77.6, 77.66], [77.82, 78.35], [78.55, 78.76], [79.16, 79.29], [79.65, 79.72]]",bird-mixit+tweetynet
brebul1,Hypsipetes amaurotis,xc:194691,xc_194691,0,"[0.995916, 0.930598, 0.005964, 0.0]",0.9959,0.9959,24.5,0.998,0.9863,0.982247,0,0.02,3.07,3.05,9,1.27,0.5836,"[[0.02, 0.06], [0.34, 0.73], [0.98, 1.02], [1.31, 1.34], [1.39, 1.95], [2.0, 2.04], [2.35, 2.4], [2.69, 2.77], [3.03, 3.07]]",bird-mixit+tweetynet
brebul1,Hypsipetes amaurotis,xc:841475,xc_841475,0,"[0.986631, 0.0, 0.0, 0.0]",0.9866,0.9866,26.32,0.9996,0.9924,0.979108,21,38.84,41.07,2.23,5,1.19,0.4664,"[[38.84, 39.25], [39.52, 39.61], [39.82, 39.89], [40.14, 40.52], [40.83, 41.07]]",bird-mixit+tweetynet
brebul1,Hypsipetes amaurotis,xc:285898,xc_285898,0,"[0.999117, 0.221874, 0.940607, 0.979663]",0.9991,0.9991,23.0,0.9985,0.9794,0.9785,10,22.53,24.11,1.58,4,0.98,0.3797,"[[22.53, 22.6], [22.87, 22.94], [23.16, 23.4], [23.51, 24.11]]",bird-mixit+tweetynet
brebul1,Hypsipetes amaurotis,xc:784921,xc_784921,0,"[0.990744, 0.417427, 0.012817, 0.028848]",0.9907,0.9907,25.1,0.9962,0.9874,0.978263,6,11.5,13.1,1.6,3,1.18,0.2625,"[[11.5, 11.56], [11.82, 11.98], [12.14, 13.1]]",bird-mixit+tweetynet
brebul1,Hypsipetes amaurotis,xc:464611,xc_464611,3,"[0.996782, 0.823963, 0.564828, 0.994839]",0.9948,0.9968,24.3,0.9933,0.9832,0.978068,14,22.73,29.49,6.76,17,4.16,0.3846,"[[22.73, 22.78], [22.87, 23.06], [23.28, 23.41], [23.59, 23.68], [23.82, 24.0], [24.09, 24.68], [24.93, 25.48], [25.88, 25.95], [26.0, 26.19], [26.39, 26.43], [26.65, 26.73], [26.9, 27.08], [27.28, 27.39], [27.48, 27.67], [27.75, 28.08], [28.25, 29.18], [29.23, 29.49]]",bird-mixit+tweetynet
brebul1,Hypsipetes amaurotis,xc:834177,xc_834177,1,"[0.983702, 0.976389, 0.324813, 0.813408]",0.9764,0.9837,37.08,0.9997,0.9995,0.975943,12,27.34,30.05,2.71,7,1.65,0.3911,"[[27.34, 27.41], [27.61, 27.89], [27.96, 28.07], [28.29, 28.4], [28.6, 28.7], [28.83, 29.75], [29.99, 30.05]]",bird-mixit+tweetynet
brebul1,Hypsipetes amaurotis,xc:286153,xc_286153,0,"[0.989961, 0.026937, 0.10632, 0.072896]",0.99,0.99,24.09,0.9995,0.9854,0.975512,12,26.02,29.43,3.41,9,2.61,0.2346,"[[26.02, 26.39], [26.5, 26.78], [26.87, 27.14], [27.23, 27.5], [27.58, 27.86], [27.95, 28.22], [28.33, 28.61], [28.73, 29.01], [29.12, 29.43]]",bird-mixit+tweetynet
brebul1,Hypsipetes amaurotis,xc:841023,xc_841023,0,"[0.99965, 0.0, 0.004799, 0.0]",0.9997,0.9997,23.58,0.9842,0.9755,0.975175,11,19.0,21.5,2.5,5,1.47,0.412,"[[19.0, 19.05], [19.43, 19.47], [19.52, 19.7], [19.99, 20.22], [20.53, 21.5]]",bird-mixit+tweetynet
brebul1,Hypsipetes amaurotis,xc:464611,xc_464611,3,"[0.996782, 0.823963, 0.564828, 0.994839]",0.9948,0.9968,24.45,0.9848,0.9796,0.974498,16,32.0,38.19,6.19,10,4.69,0.2423,"[[32.0, 32.38], [32.55, 32.63], [32.88, 33.26], [33.47, 33.91], [34.04, 34.17], [34.35, 34.44], [34.75, 34.96], [35.09, 37.57], [37.62, 37.88], [37.95, 38.19]]",bird-mixit+tweetynet
brebul1,Hypsipetes amaurotis,xc:285640,xc_285640,0,"[0.999366, 0.857869, 0.0, 0.0]",0.9994,0.9994,25.28,0.9699,0.975,0.974404,2,7.2,9.55,2.35,7,1.38,0.4128,"[[7.2, 7.36], [7.55, 7.63], [7.68, 8.47], [8.69, 8.74], [8.9, 9.0], [9.14, 9.23], [9.44, 9.55]]",bird-mixit+tweetynet
brebul1,Hypsipetes amaurotis,xc:834175,xc_834175,1,"[0.978468, 0.977233, 0.277433, 0.204137]",0.9772,0.9785,29.73,0.9969,0.9958,0.973089,6,14.34,18.17,3.83,7,2.96,0.2272,"[[14.34, 14.48], [14.74, 14.81], [14.94, 15.07], [15.24, 16.6], [16.65, 16.88], [17.04, 18.0], [18.1, 18.17]]",bird-mixit+tweetynet
brebul1,Hypsipetes amaurotis,xc:834177,xc_834177,1,"[0.983702, 0.976389, 0.324813, 0.813408]",0.9764,0.9837,29.81,0.9982,0.9965,0.972951,4,12.36,13.35,0.99,3,0.7,0.2929,"[[12.36, 12.6], [12.66, 13.06], [13.29, 13.35]]",bird-mixit+tweetynet
brebul1,Hypsipetes amaurotis,xc:581676,xc_581676,1,"[0.419623, 0.970649, 0.0, 0.011495]",0.9706,0.9706,33.96,0.9974,0.998,0.96863,62,152.14,153.53,1.39,2,1.28,0.0791,"[[152.14, 153.2], [153.31, 153.53]]",bird-mixit+tweetynet
brebul1,Hypsipetes amaurotis,xc:993641,xc_993641,0,"[0.983368, 0.0, 0.0, 0.0]",0.9834,0.9834,23.75,0.9998,0.984,0.967689,1,3.55,9.62,6.07,11,4.41,0.2735,"[[3.55, 3.9], [4.05, 4.25], [4.33, 5.19], [5.43, 5.55], [5.67, 6.02], [6.39, 7.18], [7.43, 7.63], [7.74, 7.98], [8.05, 8.83], [8.88, 9.13], [9.35, 9.62]]",bird-mixit+tweetynet
brebul1,Hypsipetes amaurotis,xc:581676,xc_581676,1,"[0.419623, 0.970649, 0.0, 0.011495]",0.9706,0.9706,32.0,0.9963,0.9968,0.967495,60,148.68,150.04,1.36,3,1.17,0.1397,"[[148.68, 149.6], [149.68, 149.89], [150.0, 150.04]]",bird-mixit+tweetynet
brebul1,Hypsipetes amaurotis,xc:464611,xc_464611,3,"[0.996782, 0.823963, 0.564828, 0.994839]",0.9948,0.9968,22.22,0.9927,0.9715,0.966455,6,8.99,11.13,2.14,4,1.6,0.2523,"[[8.99, 9.09], [9.33, 9.91], [9.97, 10.83], [11.07, 11.13]]",bird-mixit+tweetynet
brebul1,Hypsipetes amaurotis,xc:464611,xc_464611,3,"[0.996782, 0.823963, 0.564828, 0.994839]",0.9948,0.9968,22.35,0.9904,0.9713,0.966214,17,38.78,40.09,1.31,4,0.98,0.2519,"[[38.78, 38.96], [39.09, 39.62], [39.72, 39.76], [39.86, 40.09]]",bird-mixit+tweetynet
brebul1,Hypsipetes amaurotis,xc:285898,xc_285898,0,"[0.999117, 0.221874, 0.940607, 0.979663]",0.9991,0.9991,21.45,0.9953,0.9665,0.965594,48,128.58,134.98,6.4,12,4.75,0.2578,"[[128.58, 128.7], [128.99, 129.1], [129.36, 129.73], [129.79, 129.86], [129.91, 129.98], [130.06, 130.45], [130.63, 130.89], [131.04, 133.79], [133.89, 134.13], [134.28, 134.36], [134.54, 134.68], [134.83, 134.98]]",bird-mixit+tweetynet
brebul1,Hypsipetes amaurotis,xc:581676,xc_581676,1,"[0.419623, 0.970649, 0.0, 0.011495]",0.9706,0.9706,31.57,0.9925,0.9947,0.965455,31,97.46,100.48,3.02,9,1.38,0.543,"[[97.46, 97.55], [97.73, 97.76], [97.97, 98.01], [98.27, 98.49], [98.87, 99.22], [99.44, 99.77], [100.03, 100.26], [100.33, 100.37], [100.43, 100.48]]",bird-mixit+tweetynet
brebul1,Hypsipetes amaurotis,xc:581676,xc_581676,1,"[0.419623, 0.970649, 0.0, 0.011495]",0.9706,0.9706,33.09,0.9907,0.9944,0.965135,65,156.72,159.27,2.55,10,1.69,0.3373,"[[156.72, 156.96], [157.04, 157.07], [157.14, 157.33], [157.47, 157.6], [157.74, 158.01], [158.12, 158.29], [158.34, 158.41], [158.48, 158.63], [158.69, 158.86], [159.0, 159.27]]",bird-mixit+tweetynet
brebul1,Hypsipetes amaurotis,xc:581676,xc_581676,1,"[0.419623, 0.970649, 0.0, 0.011495]",0.9706,0.9706,30.04,0.9927,0.9939,0.964711,19,60.66,63.22,2.56,9,1.65,0.3555,"[[60.66, 60.78], [60.86, 61.0], [61.14, 61.18], [61.28, 61.67], [61.75, 61.92], [62.04, 62.42], [62.55, 62.7], [62.76, 62.85], [63.05, 63.22]]",bird-mixit+tweetynet
brebul1,Hypsipetes amaurotis,xc:94317,xc_94317,0,"[0.971979, 0.0, 0.0, 0.0]",0.972,0.972,27.16,0.9965,0.9925,0.964691,0,0.7,1.06,0.36,1,0.36,0.0,"[[0.7, 1.06]]",bird-mixit+tweetynet
brebul1,Hypsipetes amaurotis,xc:834175,xc_834175,1,"[0.978468, 0.977233, 0.277433, 0.204137]",0.9772,0.9785,24.91,0.9964,0.9869,0.964414,33,88.11,92.52,4.41,8,3.48,0.2109,"[[88.11, 88.33], [88.41, 88.7], [88.77, 89.77], [89.82, 90.29], [90.56, 91.18], [91.25, 91.36], [91.66, 92.15], [92.24, 92.52]]",bird-mixit+tweetynet
brebul1,Hypsipetes amaurotis,xc:841475,xc_841475,0,"[0.986631, 0.0, 0.0, 0.0]",0.9866,0.9866,22.61,0.9995,0.9775,0.964393,20,37.36,38.44,1.08,2,0.78,0.2778,"[[37.36, 37.77], [38.07, 38.44]]",bird-mixit+tweetynet
brebul1,Hypsipetes amaurotis,xc:797770,xc_797770,0,"[0.965678, 0.0, 0.0, 0.0]",0.9657,0.9657,30.2,0.9928,0.9941,0.959998,18,26.24,27.68,1.44,3,0.87,0.3958,"[[26.24, 26.47], [26.79, 27.32], [27.57, 27.68]]",bird-mixit+tweetynet
brebul1,Hypsipetes amaurotis,xc:409278,xc_409278,0,"[0.997617, 0.536321, 0.006348, 0.087016]",0.9976,0.9976,20.6,0.9994,0.9599,0.957559,30,51.43,51.79,0.36,1,0.36,0.0,"[[51.43, 51.79]]",bird-mixit+tweetynet
brebul1,Hypsipetes amaurotis,xc:155866,xc_155866,1,"[0.991866, 0.998985, 0.74688, 0.964434]",0.999,0.999,20.34,0.9965,0.9553,0.954366,5,11.74,15.23,3.49,10,2.25,0.3553,"[[11.74, 11.86], [11.96, 12.04], [12.17, 12.45], [12.5, 12.81], [13.04, 13.36], [13.47, 13.65], [13.81, 14.2], [14.29, 14.4], [14.61, 14.81], [14.97, 15.23]]",bird-mixit+tweetynet
brebul1,Hypsipetes amaurotis,xc:285640,xc_285640,0,"[0.999366, 0.857869, 0.0, 0.0]",0.9994,0.9994,25.67,0.9268,0.9547,0.954173,8,22.48,24.32,1.84,4,1.28,0.3043,"[[22.48, 22.72], [22.78, 22.94], [23.06, 23.78], [24.16, 24.32]]",bird-mixit+tweetynet
brebul1,Hypsipetes amaurotis,xc:286153,xc_286153,0,"[0.989961, 0.026937, 0.10632, 0.072896]",0.99,0.99,20.5,0.9993,0.9586,0.94906,1,2.41,4.58,2.17,5,1.77,0.1843,"[[2.41, 2.71], [2.8, 3.46], [3.55, 3.82], [3.93, 4.2], [4.31, 4.58]]",bird-mixit+tweetynet
brebul1,Hypsipetes amaurotis,xc:286153,xc_286153,0,"[0.989961, 0.026937, 0.10632, 0.072896]",0.99,0.99,20.48,0.9995,0.9584,0.948864,6,13.81,15.25,1.44,4,0.9,0.375,"[[13.81, 13.96], [14.15, 14.4], [14.56, 14.78], [14.97, 15.25]]",bird-mixit+tweetynet
brebul1,Hypsipetes amaurotis,xc:797770,xc_797770,0,"[0.965678, 0.0, 0.0, 0.0]",0.9657,0.9657,23.5,0.9963,0.981,0.947394,21,29.65,30.51,0.86,2,0.72,0.1628,"[[29.65, 29.76], [29.9, 30.51]]",bird-mixit+tweetynet
brebul1,Hypsipetes amaurotis,xc:206723,xc_206723,3,"[0.997461, 0.997116, 0.853108, 0.980869]",0.9809,0.9975,22.31,0.9784,0.9651,0.946714,7,20.49,25.65,5.16,10,3.41,0.3391,"[[20.49, 20.88], [21.22, 21.43], [21.55, 21.6], [21.66, 21.71], [21.78, 21.86], [22.2, 22.24], [22.59, 22.91], [23.05, 24.52], [24.64, 24.92], [25.13, 25.65]]",bird-mixit+tweetynet
brebul1,Hypsipetes amaurotis,xc:767536,xc_767536,0,"[0.998372, 0.986955, 0.130495, 0.01705]",0.9984,0.9984,19.64,0.9977,0.9464,0.94488,3,13.98,16.03,2.05,5,1.58,0.2293,"[[13.98, 14.23], [14.33, 14.43], [14.53, 15.21], [15.3, 15.81], [15.99, 16.03]]",bird-mixit+tweetynet
brebul1,Hypsipetes amaurotis,xc:194691,xc_194691,0,"[0.995916, 0.930598, 0.005964, 0.0]",0.9959,0.9959,19.68,0.9978,0.947,0.943111,1,3.87,5.05,1.18,2,0.91,0.2288,"[[3.87, 4.24], [4.51, 5.05]]",bird-mixit+tweetynet
brebul1,Hypsipetes amaurotis,xc:285898,xc_285898,0,"[0.999117, 0.221874, 0.940607, 0.979663]",0.9991,0.9991,19.27,0.9985,0.9409,0.940078,32,89.52,93.72,4.2,5,3.4,0.1905,"[[89.52, 90.89], [91.15, 92.45], [92.5, 92.7], [92.86, 93.28], [93.61, 93.72]]",bird-mixit+tweetynet
brebul1,Hypsipetes amaurotis,xc:784921,xc_784921,0,"[0.990744, 0.417427, 0.012817, 0.028848]",0.9907,0.9907,19.8,0.9971,0.9485,0.939646,5,9.87,10.27,0.4,1,0.4,0.0,"[[9.87, 10.27]]",bird-mixit+tweetynet
brebul1,Hypsipetes amaurotis,xc:285640,xc_285640,0,"[0.999366, 0.857869, 0.0, 0.0]",0.9994,0.9994,20.91,0.9515,0.9402,0.939607,15,34.35,40.09,5.74,17,4.06,0.2927,"[[34.35, 34.45], [34.7, 34.96], [35.05, 36.05], [36.13, 36.34], [36.52, 36.57], [36.64, 36.82], [36.96, 37.27], [37.32, 37.57], [37.63, 37.73], [37.79, 38.17], [38.23, 38.42], [38.48, 38.61], [38.66, 38.94], [39.04, 39.17], [39.42, 39.7], [39.79, 39.93], [40.02, 40.09]]",bird-mixit+tweetynet
brebul1,Hypsipetes amaurotis,xc:409335,xc_409335,0,"[0.992391, 0.951756, 0.412094, 0.365584]",0.9924,0.9924,19.57,0.9995,0.9461,0.938955,0,0.03,2.88,2.85,5,2.04,0.2842,"[[0.03, 0.32], [0.37, 0.61], [0.93, 1.1], [1.28, 2.56], [2.82, 2.88]]",bird-mixit+tweetynet
brebul1,Hypsipetes amaurotis,xc:841475,xc_841475,0,"[0.986631, 0.0, 0.0, 0.0]",0.9866,0.9866,19.76,0.9999,0.9492,0.936512,9,17.03,17.33,0.3,1,0.3,0.0,"[[17.03, 17.33]]",bird-mixit+tweetynet
brebul1,Hypsipetes amaurotis,xc:797713,xc_797713,0,"[0.992464, 0.0, 0.0, 0.0]",0.9925,0.9925,19.78,0.9848,0.9423,0.93521,17,28.75,29.01,0.26,1,0.26,0.0,"[[28.75, 29.01]]",bird-mixit+tweetynet
brebul1,Hypsipetes amaurotis,xc:155866,xc_155866,1,"[0.991866, 0.998985, 0.74688, 0.964434]",0.999,0.999,18.94,0.9988,0.9354,0.934427,10,26.65,34.18,7.53,11,5.21,0.3081,"[[26.65, 26.94], [27.01, 27.51], [27.79, 28.05], [28.32, 28.69], [29.02, 29.26], [29.62, 30.79], [30.88, 31.73], [31.95, 32.3], [32.49, 32.86], [33.12, 33.62], [33.87, 34.18]]",bird-mixit+tweetynet
brebul1,Hypsipetes amaurotis,xc:285836,xc_285836,1,"[0.993468, 0.999886, 0.986004, 0.975348]",0.9999,0.9999,19.37,0.9739,0.9309,0.930849,21,44.08,47.47,3.39,8,2.29,0.3245,"[[44.08, 44.51], [44.59, 44.63], [44.97, 45.15], [45.21, 45.75], [45.86, 45.99], [46.05, 46.7], [46.86, 47.09], [47.38, 47.47]]",bird-mixit+tweetynet
brebul1,Hypsipetes amaurotis,xc:200439,xc_200439,0,"[0.998554, 0.991662, 0.298234, 0.065814]",0.9986,0.9986,18.73,0.9994,0.9317,0.930436,42,129.09,134.3,5.21,8,3.45,0.3378,"[[129.09, 129.41], [129.74, 130.17], [130.3, 130.63], [130.98, 131.11], [131.44, 131.73], [131.96, 132.21], [132.47, 132.75], [132.88, 134.3]]",bird-mixit+tweetynet
brebul1,Hypsipetes amaurotis,xc:834177,xc_834177,1,"[0.983702, 0.976389, 0.324813, 0.813408]",0.9764,0.9837,19.8,0.9991,0.9494,0.926989,9,22.4,24.14,1.74,3,1.38,0.2069,"[[22.4, 22.84], [23.0, 23.8], [24.0, 24.14]]",bird-mixit+tweetynet
brebul1,Hypsipetes amaurotis,xc:409335,xc_409335,0,"[0.992391, 0.951756, 0.412094, 0.365584]",0.9924,0.9924,18.81,0.9987,0.9331,0.925966,24,58.14,60.29,2.15,5,1.32,0.386,"[[58.14, 58.4], [58.57, 58.82], [59.13, 59.59], [59.7, 59.89], [60.13, 60.29]]",bird-mixit+tweetynet
brebul1,Hypsipetes amaurotis,xc:834175,xc_834175,1,"[0.978468, 0.977233, 0.277433, 0.204137]",0.9772,0.9785,19.83,0.9887,0.9448,0.923276,0,1.15,5.13,3.98,7,2.9,0.2714,"[[1.15, 1.67], [1.76, 2.9], [3.22, 3.34], [3.54, 3.69], [3.91, 4.2], [4.31, 4.71], [4.85, 5.13]]",bird-mixit+tweetynet
brebul1,Hypsipetes amaurotis,xc:285857,xc_285857,0,"[0.997778, 0.974272, 0.8926, 0.995972]",0.9978,0.9978,18.36,0.9972,0.9234,0.921393,5,7.43,8.15,0.72,1,0.72,0.0,"[[7.43, 8.15]]",bird-mixit+tweetynet
brebul1,Hypsipetes amaurotis,xc:155866,xc_155866,1,"[0.991866, 0.998985, 0.74688, 0.964434]",0.999,0.999,17.99,0.9979,0.9157,0.914746,16,56.55,62.19,5.64,14,3.68,0.3475,"[[56.55, 56.88], [57.17, 57.66], [57.84, 58.24], [58.35, 58.68], [58.73, 58.77], [58.87, 58.94], [59.1, 59.43], [59.58, 59.61], [59.67, 60.11], [60.19, 60.27], [60.45, 60.78], [61.01, 61.11], [61.2, 61.6], [61.88, 62.19]]",bird-mixit+tweetynet
brebul1,Hypsipetes amaurotis,xc:834177,xc_834177,1,"[0.983702, 0.976389, 0.324813, 0.813408]",0.9764,0.9837,19.35,0.9813,0.9342,0.912158,3,7.1,10.89,3.79,7,2.95,0.2216,"[[7.1, 7.3], [7.52, 8.29], [8.34, 8.58], [8.7, 8.86], [8.92, 10.28], [10.6, 10.65], [10.72, 10.89]]",bird-mixit+tweetynet
brebul1,Hypsipetes amaurotis,xc:797770,xc_797770,0,"[0.965678, 0.0, 0.0, 0.0]",0.9657,0.9657,19.62,0.9942,0.9443,0.911938,14,19.42,20.58,1.16,3,0.57,0.5086,"[[19.42, 19.83], [20.03, 20.08], [20.47, 20.58]]",bird-mixit+tweetynet
brebul1,Hypsipetes amaurotis,xc:155866,xc_155866,1,"[0.991866, 0.998985, 0.74688, 0.964434]",0.999,0.999,17.67,0.9989,0.9084,0.907488,6,15.85,16.98,1.13,2,0.79,0.3009,"[[15.85, 16.2], [16.54, 16.98]]",bird-mixit+tweetynet
brebul1,Hypsipetes amaurotis,xc:194691,xc_194691,0,"[0.995916, 0.930598, 0.005964, 0.0]",0.9959,0.9959,17.68,0.9973,0.9079,0.904155,9,13.27,13.57,0.3,1,0.3,0.0,"[[13.27, 13.57]]",bird-mixit+tweetynet
brebul1,Hypsipetes amaurotis,xc:94317,xc_94317,0,"[0.971979, 0.0, 0.0, 0.0]",0.972,0.972,18.69,0.9921,0.9277,0.901678,2,3.38,3.77,0.39,1,0.39,0.0,"[[3.38, 3.77]]",bird-mixit+tweetynet
brebul1,Hypsipetes amaurotis,xc:551620,xc_551620,3,"[0.985916, 0.914154, 0.980534, 0.907423]",0.9074,0.9859,27.0,0.9994,0.9936,0.901635,3,6.57,8.34,1.77,3,1.51,0.1469,"[[6.57, 6.98], [7.04, 7.51], [7.71, 8.34]]",bird-mixit+tweetynet
brebul1,Hypsipetes amaurotis,xc:409278,xc_409278,0,"[0.997617, 0.536321, 0.006348, 0.087016]",0.9976,0.9976,17.37,0.9995,0.901,0.89887,16,31.33,31.64,0.31,1,0.31,0.0,"[[31.33, 31.64]]",bird-mixit+tweetynet
brebul1,Hypsipetes amaurotis,xc:767536,xc_767536,0,"[0.998372, 0.986955, 0.130495, 0.01705]",0.9984,0.9984,17.37,0.9971,0.9,0.898581,7,29.95,31.27,1.32,2,1.24,0.0606,"[[29.95, 30.89], [30.97, 31.27]]",bird-mixit+tweetynet
brebul1,Hypsipetes amaurotis,xc:797770,xc_797770,0,"[0.965678, 0.0, 0.0, 0.0]",0.9657,0.9657,18.72,0.9962,0.9301,0.898215,24,32.9,33.71,0.81,2,0.6,0.2593,"[[32.9, 33.03], [33.24, 33.71]]",bird-mixit+tweetynet
brebul1,Hypsipetes amaurotis,xc:915185,xc_915185,1,"[0.811431, 0.899097, 0.214162, 0.355363]",0.8991,0.8991,27.64,0.9981,0.9941,0.893751,0,0.07,4.17,4.1,8,2.66,0.3512,"[[0.07, 0.84], [1.07, 1.27], [1.67, 1.77], [2.12, 2.31], [2.5, 2.67], [2.77, 3.37], [3.46, 3.68], [3.76, 4.17]]",bird-mixit+tweetynet
buhshr1,Lanius bucephalus,xc:793926,xc_793926,1,"[0.123225, 0.997706, 0.076112, 0.030451]",0.9977,0.9977,27.12,0.999,0.9937,0.991375,1,2.92,3.07,0.15,1,0.15,0.0,"[[2.92, 3.07]]",bird-mixit+tweetynet
buhshr1,Lanius bucephalus,xc:793918,xc_793918,1,"[0.033171, 0.990994, 0.009196, 0.0]",0.991,0.991,29.08,0.9992,0.9963,0.987382,7,20.84,21.02,0.18,1,0.18,0.0,"[[20.84, 21.02]]",bird-mixit+tweetynet
buhshr1,Lanius bucephalus,xc:530672,xc_530672,0,"[0.999068, 0.0, 0.0, 0.0]",0.9991,0.9991,24.51,0.998,0.9863,0.985421,0,0.02,6.34,6.32,8,4.8,0.2405,"[[0.02, 0.93], [1.14, 1.27], [1.51, 1.86], [2.09, 2.48], [2.72, 3.67], [3.85, 4.03], [4.14, 5.96], [6.27, 6.34]]",bird-mixit+tweetynet
buhshr1,Lanius bucephalus,xc:89007,xc_89007,0,"[0.97838, 0.0, 0.0, 0.0]",0.9784,0.9784,33.67,0.9895,0.994,0.972484,4,7.55,8.52,0.97,2,0.62,0.3608,"[[7.55, 7.82], [8.17, 8.52]]",bird-mixit+tweetynet
buhshr1,Lanius bucephalus,xc:89007,xc_89007,0,"[0.97838, 0.0, 0.0, 0.0]",0.9784,0.9784,37.43,0.9865,0.993,0.971535,3,6.3,7.0,0.7,2,0.58,0.1714,"[[6.3, 6.77], [6.89, 7.0]]",bird-mixit+tweetynet
buhshr1,Lanius bucephalus,xc:89007,xc_89007,0,"[0.97838, 0.0, 0.0, 0.0]",0.9784,0.9784,33.35,0.9864,0.9923,0.970879,1,1.93,3.09,1.16,5,0.54,0.5345,"[[1.93, 1.99], [2.31, 2.58], [2.65, 2.74], [2.89, 2.94], [3.02, 3.09]]",bird-mixit+tweetynet
buhshr1,Lanius bucephalus,xc:89007,xc_89007,0,"[0.97838, 0.0, 0.0, 0.0]",0.9784,0.9784,31.29,0.9844,0.9906,0.969158,2,4.25,5.77,1.52,4,1.03,0.3224,"[[4.25, 4.52], [4.83, 5.11], [5.17, 5.25], [5.37, 5.77]]",bird-mixit+tweetynet
buhshr1,Lanius bucephalus,xc:841025,xc_841025,0,"[0.991329, 0.044825, 0.0, 0.0]",0.9913,0.9913,27.45,0.9639,0.9768,0.968268,4,7.32,7.61,0.29,1,0.29,0.0,"[[7.32, 7.61]]",bird-mixit+tweetynet
buhshr1,Lanius bucephalus,xc:369641,xc_369641,0,"[0.999188, 0.013053, 0.0, 0.107682]",0.9992,0.9992,21.91,0.9873,0.9665,0.965748,18,47.24,47.46,0.22,1,0.22,0.0,"[[47.24, 47.46]]",bird-mixit+tweetynet
buhshr1,Lanius bucephalus,ml:63747191,ml_63747191,0,"[0.998993, 0.014511, 0.016944, 0.078711]",0.999,0.999,21.59,0.9832,0.9619,0.960919,18,47.3,47.52,0.22,1,0.22,0.0,"[[47.3, 47.52]]",bird-mixit+tweetynet
buhshr1,Lanius bucephalus,xc:841025,xc_841025,0,"[0.991329, 0.044825, 0.0, 0.0]",0.9913,0.9913,25.56,0.9561,0.9689,0.960509,5,8.2,8.53,0.33,1,0.33,0.0,"[[8.2, 8.53]]",bird-mixit+tweetynet
buhshr1,Lanius bucephalus,xc:841025,xc_841025,0,"[0.991329, 0.044825, 0.0, 0.0]",0.9913,0.9913,24.71,0.9574,0.967,0.958569,6,9.36,10.88,1.52,3,0.97,0.3618,"[[9.36, 9.77], [10.06, 10.33], [10.59, 10.88]]",bird-mixit+tweetynet
buhshr1,Lanius bucephalus,xc:89007,xc_89007,0,"[0.97838, 0.0, 0.0, 0.0]",0.9784,0.9784,36.67,0.9595,0.9794,0.958289,6,11.06,13.18,2.12,7,0.95,0.5519,"[[11.06, 11.29], [11.68, 11.73], [11.83, 11.9], [12.01, 12.13], [12.27, 12.48], [12.56, 12.63], [12.98, 13.18]]",bird-mixit+tweetynet
buhshr1,Lanius bucephalus,xc:841025,xc_841025,0,"[0.991329, 0.044825, 0.0, 0.0]",0.9913,0.9913,24.35,0.9563,0.9651,0.956742,11,14.77,15.07,0.3,1,0.3,0.0,"[[14.77, 15.07]]",bird-mixit+tweetynet
buhshr1,Lanius bucephalus,xc:202754,xc_202754,0,"[0.982637, 0.0, 0.0, 0.0]",0.9826,0.9826,22.75,0.9834,0.9705,0.95365,1,1.79,2.09,0.3,1,0.3,0.0,"[[1.79, 2.09]]",bird-mixit+tweetynet
buhshr1,Lanius bucephalus,xc:194870,xc_194870,0,"[0.995065, 0.0, 0.0, 0.0]",0.9951,0.9951,23.37,0.9448,0.9551,0.950459,8,8.91,9.74,0.83,3,0.36,0.5663,"[[8.91, 8.95], [9.13, 9.41], [9.7, 9.74]]",bird-mixit+tweetynet
buhshr1,Lanius bucephalus,xc:841025,xc_841025,0,"[0.991329, 0.044825, 0.0, 0.0]",0.9913,0.9913,24.4,0.9409,0.9577,0.949369,7,11.29,11.61,0.32,1,0.32,0.0,"[[11.29, 11.61]]",bird-mixit+tweetynet
buhshr1,Lanius bucephalus,xc:530672,xc_530672,0,"[0.999068, 0.0, 0.0, 0.0]",0.9991,0.9991,19.83,0.9989,0.9497,0.948822,9,24.25,27.94,3.69,4,3.35,0.0921,"[[24.25, 24.38], [24.45, 24.77], [24.86, 24.93], [25.11, 27.94]]",bird-mixit+tweetynet
buhshr1,Lanius bucephalus,xc:661928,xc_661928,0,"[0.997333, 0.023031, 0.0, 0.683237]",0.9973,0.9973,20.62,0.9789,0.9501,0.947568,10,37.1,39.47,2.37,2,2.32,0.0211,"[[37.1, 37.66], [37.71, 39.47]]",bird-mixit+tweetynet
buhshr1,Lanius bucephalus,xc:530672,xc_530672,0,"[0.999068, 0.0, 0.0, 0.0]",0.9991,0.9991,19.69,0.9977,0.9471,0.946198,5,11.29,16.89,5.6,6,5.01,0.1054,"[[11.29, 11.4], [11.45, 11.57], [11.62, 12.0], [12.13, 12.17], [12.42, 16.27], [16.38, 16.89]]",bird-mixit+tweetynet
buhshr1,Lanius bucephalus,xc:194693,xc_194693,0,"[0.978857, 0.0, 0.0, 0.0]",0.9789,0.9789,22.55,0.9737,0.9645,0.944158,4,5.71,6.71,1.0,2,0.63,0.37,"[[5.71, 6.03], [6.4, 6.71]]",bird-mixit+tweetynet
buhshr1,Lanius bucephalus,xc:194870,xc_194870,0,"[0.995065, 0.0, 0.0, 0.0]",0.9951,0.9951,20.87,0.9677,0.9476,0.942918,0,0.02,0.3,0.28,1,0.28,0.0,"[[0.02, 0.3]]",bird-mixit+tweetynet
buhshr1,Lanius bucephalus,xc:661928,xc_661928,0,"[0.997333, 0.023031, 0.0, 0.683237]",0.9973,0.9973,20.37,0.9715,0.9437,0.9412,9,32.15,35.49,3.34,3,2.97,0.1108,"[[32.15, 32.23], [32.28, 33.63], [33.95, 35.49]]",bird-mixit+tweetynet
buhshr1,Lanius bucephalus,ml:625675136,ml_625675136,0,"[0.95839, 0.0, 0.0, 0.0]",0.9584,0.9584,24.47,0.9854,0.9799,0.939154,2,3.14,3.76,0.62,2,0.34,0.4516,"[[3.14, 3.36], [3.64, 3.76]]",bird-mixit+tweetynet
buhshr1,Lanius bucephalus,xc:202754,xc_202754,0,"[0.982637, 0.0, 0.0, 0.0]",0.9826,0.9826,21.75,0.9662,0.955,0.938374,4,8.57,8.88,0.31,1,0.31,0.0,"[[8.57, 8.88]]",bird-mixit+tweetynet
buhshr1,Lanius bucephalus,xc:202754,xc_202754,0,"[0.982637, 0.0, 0.0, 0.0]",0.9826,0.9826,21.48,0.9621,0.9507,0.934142,3,5.9,6.18,0.28,1,0.28,0.0,"[[5.9, 6.18]]",bird-mixit+tweetynet
buhshr1,Lanius bucephalus,xc:202754,xc_202754,0,"[0.982637, 0.0, 0.0, 0.0]",0.9826,0.9826,22.29,0.9476,0.95,0.933492,5,10.05,10.32,0.27,1,0.27,0.0,"[[10.05, 10.32]]",bird-mixit+tweetynet
buhshr1,Lanius bucephalus,xc:194693,xc_194693,0,"[0.978857, 0.0, 0.0, 0.0]",0.9789,0.9789,20.59,0.9759,0.9484,0.928416,3,4.47,5.29,0.82,2,0.55,0.3293,"[[4.47, 4.77], [5.04, 5.29]]",bird-mixit+tweetynet
buhshr1,Lanius bucephalus,inat_api:342547,inat_api_342547,0,"[0.956078, 0.0, 0.0, 0.0]",0.9561,0.9561,24.4,0.9679,0.971,0.928407,3,7.97,9.7,1.73,4,1.36,0.2139,"[[7.97, 8.93], [9.03, 9.13], [9.34, 9.39], [9.45, 9.7]]",bird-mixit+tweetynet
buhshr1,Lanius bucephalus,xc:661928,xc_661928,0,"[0.997333, 0.023031, 0.0, 0.683237]",0.9973,0.9973,19.08,0.9816,0.9298,0.927336,7,23.39,26.2,2.81,1,2.81,0.0,"[[23.39, 26.2]]",bird-mixit+tweetynet
buhshr1,Lanius bucephalus,ml:625675136,ml_625675136,0,"[0.95839, 0.0, 0.0, 0.0]",0.9584,0.9584,22.26,0.9827,0.9669,0.926706,4,5.45,6.32,0.87,3,0.54,0.3793,"[[5.45, 5.78], [5.83, 5.94], [6.22, 6.32]]",bird-mixit+tweetynet
buhshr1,Lanius bucephalus,xc:194693,xc_194693,0,"[0.978857, 0.0, 0.0, 0.0]",0.9789,0.9789,20.27,0.9772,0.9452,0.925266,1,0.71,3.33,2.62,6,1.58,0.3969,"[[0.71, 1.02], [1.22, 1.46], [1.68, 1.93], [2.16, 2.42], [2.56, 2.82], [3.07, 3.33]]",bird-mixit+tweetynet
buhshr1,Lanius bucephalus,xc:194693,xc_194693,0,"[0.978857, 0.0, 0.0, 0.0]",0.9789,0.9789,20.25,0.977,0.9449,0.924935,8,9.67,9.94,0.27,1,0.27,0.0,"[[9.67, 9.94]]",bird-mixit+tweetynet
buhshr1,Lanius bucephalus,ml:625310864,ml_625310864,0,"[0.948183, 0.0, 0.0, 0.0]",0.9482,0.9482,22.62,0.991,0.9734,0.922994,11,19.59,19.84,0.25,1,0.25,0.0,"[[19.59, 19.84]]",bird-mixit+tweetynet
buhshr1,Lanius bucephalus,ml:625310864,ml_625310864,0,"[0.948183, 0.0, 0.0, 0.0]",0.9482,0.9482,22.88,0.9871,0.9731,0.922705,2,2.67,2.89,0.22,1,0.22,0.0,"[[2.67, 2.89]]",bird-mixit+tweetynet
buhshr1,Lanius bucephalus,xc:194870,xc_194870,0,"[0.995065, 0.0, 0.0, 0.0]",0.9951,0.9951,19.87,0.9465,0.9253,0.920807,4,4.71,5.6,0.89,2,0.55,0.382,"[[4.71, 4.98], [5.32, 5.6]]",bird-mixit+tweetynet
buhshr1,Lanius bucephalus,xc:194870,xc_194870,0,"[0.995065, 0.0, 0.0, 0.0]",0.9951,0.9951,20.79,0.9231,0.9252,0.920627,5,6.25,6.55,0.3,1,0.3,0.0,"[[6.25, 6.55]]",bird-mixit+tweetynet
buhshr1,Lanius bucephalus,xc:202754,xc_202754,0,"[0.982637, 0.0, 0.0, 0.0]",0.9826,0.9826,19.84,0.9681,0.9352,0.918957,0,0.39,1.3,0.91,2,0.6,0.3407,"[[0.39, 0.68], [0.99, 1.3]]",bird-mixit+tweetynet
buhshr1,Lanius bucephalus,xc:793922,xc_793922,0,"[0.998529, 0.157936, 0.005317, 0.0]",0.9985,0.9985,18.14,0.9998,0.9198,0.91845,0,0.02,2.28,2.26,2,2.13,0.0575,"[[0.02, 1.01], [1.14, 2.28]]",bird-mixit+tweetynet
buhshr1,Lanius bucephalus,ml:625310864,ml_625310864,0,"[0.948183, 0.0, 0.0, 0.0]",0.9482,0.9482,21.83,0.9904,0.9674,0.917285,10,17.95,18.16,0.21,1,0.21,0.0,"[[17.95, 18.16]]",bird-mixit+tweetynet
buhshr1,Lanius bucephalus,ml:625310864,ml_625310864,0,"[0.948183, 0.0, 0.0, 0.0]",0.9482,0.9482,22.15,0.9849,0.9672,0.917108,9,14.18,14.7,0.52,2,0.27,0.4808,"[[14.18, 14.42], [14.67, 14.7]]",bird-mixit+tweetynet
buhshr1,Lanius bucephalus,xc:369641,xc_369641,0,"[0.999188, 0.013053, 0.0, 0.107682]",0.9992,0.9992,18.16,0.9909,0.9163,0.915592,15,34.83,39.82,4.99,4,4.64,0.0701,"[[34.83, 36.18], [36.42, 36.64], [36.69, 37.93], [37.99, 39.82]]",bird-mixit+tweetynet
buhshr1,Lanius bucephalus,xc:661928,xc_661928,0,"[0.997333, 0.023031, 0.0, 0.683237]",0.9973,0.9973,18.6,0.9721,0.9166,0.914156,4,12.8,15.42,2.62,3,2.33,0.1107,"[[12.8, 13.95], [14.08, 15.22], [15.38, 15.42]]",bird-mixit+tweetynet
buhshr1,Lanius bucephalus,xc:194693,xc_194693,0,"[0.978857, 0.0, 0.0, 0.0]",0.9789,0.9789,20.47,0.9467,0.9331,0.913379,5,7.34,7.63,0.29,1,0.29,0.0,"[[7.34, 7.63]]",bird-mixit+tweetynet
buhshr1,Lanius bucephalus,ml:625310864,ml_625310864,0,"[0.948183, 0.0, 0.0, 0.0]",0.9482,0.9482,21.19,0.9913,0.9622,0.912316,1,1.15,1.37,0.22,1,0.22,0.0,"[[1.15, 1.37]]",bird-mixit+tweetynet
buhshr1,Lanius bucephalus,ml:625675136,ml_625675136,0,"[0.95839, 0.0, 0.0, 0.0]",0.9584,0.9584,20.37,0.9863,0.9507,0.911196,3,4.25,4.8,0.55,2,0.24,0.5636,"[[4.25, 4.45], [4.76, 4.8]]",bird-mixit+tweetynet
buhshr1,Lanius bucephalus,xc:794801,xc_794801,0,"[0.997635, 0.057149, 0.271177, 0.021518]",0.9976,0.9976,17.79,0.9998,0.9117,0.90955,10,43.98,46.78,2.8,1,2.8,0.0,"[[43.98, 46.78]]",bird-mixit+tweetynet
buhshr1,Lanius bucephalus,ml:63747191,ml_63747191,0,"[0.998993, 0.014511, 0.016944, 0.078711]",0.999,0.999,17.93,0.9884,0.9099,0.90896,15,34.89,39.88,4.99,4,4.62,0.0741,"[[34.89, 36.23], [36.48, 36.69], [36.76, 38.0], [38.05, 39.88]]",bird-mixit+tweetynet
buhshr1,Lanius bucephalus,xc:530672,xc_530672,0,"[0.999068, 0.0, 0.0, 0.0]",0.9991,0.9991,17.71,0.9984,0.9091,0.90832,7,18.85,21.89,3.04,1,3.04,0.0,"[[18.85, 21.89]]",bird-mixit+tweetynet
buhshr1,Lanius bucephalus,xc:793918,xc_793918,1,"[0.033171, 0.990994, 0.009196, 0.0]",0.991,0.991,17.7,0.9997,0.9096,0.901387,9,26.66,27.58,0.92,2,0.74,0.1957,"[[26.66, 26.83], [27.01, 27.58]]",bird-mixit+tweetynet
buhshr1,Lanius bucephalus,xc:194870,xc_194870,0,"[0.995065, 0.0, 0.0, 0.0]",0.9951,0.9951,19.07,0.9271,0.9041,0.899671,6,6.98,7.26,0.28,1,0.28,0.0,"[[6.98, 7.26]]",bird-mixit+tweetynet
buhshr1,Lanius bucephalus,xc:661928,xc_661928,0,"[0.997333, 0.023031, 0.0, 0.683237]",0.9973,0.9973,16.95,0.9834,0.882,0.87961,11,41.93,43.24,1.31,1,1.31,0.0,"[[41.93, 43.24]]",bird-mixit+tweetynet
buhshr1,Lanius bucephalus,xc:530672,xc_530672,0,"[0.999068, 0.0, 0.0, 0.0]",0.9991,0.9991,16.71,0.9951,0.88,0.879169,11,30.43,34.93,4.5,4,3.98,0.1156,"[[30.43, 30.52], [30.82, 30.9], [31.04, 31.14], [31.22, 34.93]]",bird-mixit+tweetynet
buhshr1,Lanius bucephalus,ml:642999952,ml_642999952,0,"[0.885842, 0.017143, 0.0, 0.017746]",0.8858,0.8858,27.12,0.9815,0.985,0.872488,13,16.13,18.37,2.24,8,1.51,0.3259,"[[16.13, 16.16], [16.21, 16.36], [16.5, 16.76], [16.85, 16.89], [17.01, 17.16], [17.32, 17.35], [17.43, 17.66], [17.75, 18.37]]",bird-mixit+tweetynet
buhshr1,Lanius bucephalus,ml:642999952,ml_642999952,0,"[0.885842, 0.017143, 0.0, 0.017746]",0.8858,0.8858,26.21,0.9848,0.9848,0.872346,9,6.68,9.83,3.15,7,2.04,0.3524,"[[6.68, 7.45], [7.7, 7.94], [8.12, 8.35], [8.61, 9.04], [9.21, 9.49], [9.59, 9.64], [9.79, 9.83]]",bird-mixit+tweetynet
buhshr1,Lanius bucephalus,ml:642999952,ml_642999952,0,"[0.885842, 0.017143, 0.0, 0.017746]",0.8858,0.8858,26.7,0.9805,0.9837,0.871364,12,15.08,15.59,0.51,2,0.45,0.1176,"[[15.08, 15.39], [15.45, 15.59]]",bird-mixit+tweetynet
buhshr1,Lanius bucephalus,xc:794801,xc_794801,0,"[0.997635, 0.057149, 0.271177, 0.021518]",0.9976,0.9976,16.42,0.9997,0.8728,0.870681,2,2.7,10.65,7.95,5,7.61,0.0428,"[[2.7, 2.93], [3.0, 3.12], [3.18, 3.24], [3.38, 3.5], [3.57, 10.65]]",bird-mixit+tweetynet
buhshr1,Lanius bucephalus,xc:794802,xc_794802,0,"[0.996131, 0.065881, 0.005495, 0.03368]",0.9961,0.9961,16.42,0.9953,0.8706,0.867251,1,2.23,2.45,0.22,1,0.22,0.0,"[[2.23, 2.45]]",bird-mixit+tweetynet
buhshr1,Lanius bucephalus,ml:642999952,ml_642999952,0,"[0.885842, 0.017143, 0.0, 0.017746]",0.8858,0.8858,23.76,0.9882,0.9783,0.86661,11,11.8,14.42,2.62,7,1.9,0.2748,"[[11.8, 11.89], [12.14, 12.3], [12.43, 12.75], [12.8, 13.23], [13.28, 13.35], [13.45, 14.17], [14.31, 14.42]]",bird-mixit+tweetynet
buhshr1,Lanius bucephalus,ml:642999952,ml_642999952,0,"[0.885842, 0.017143, 0.0, 0.017746]",0.8858,0.8858,24.68,0.9789,0.9775,0.865844,14,18.79,20.64,1.85,6,1.13,0.3892,"[[18.79, 19.01], [19.07, 19.5], [19.56, 19.78], [20.17, 20.23], [20.39, 20.51], [20.56, 20.64]]",bird-mixit+tweetynet
buhshr1,Lanius bucephalus,xc:793922,xc_793922,0,"[0.998529, 0.157936, 0.005317, 0.0]",0.9985,0.9985,16.11,0.9995,0.8617,0.860435,1,3.47,11.47,8.0,1,8.0,0.0,"[[3.47, 11.47]]",bird-mixit+tweetynet
buhshr1,Lanius bucephalus,xc:89005,xc_89005,0,"[0.854947, 0.13439, 0.0, 0.0]",0.8549,0.8549,40.1,0.9992,0.9995,0.854442,5,4.14,4.92,0.78,3,0.45,0.4231,"[[4.14, 4.17], [4.39, 4.72], [4.83, 4.92]]",bird-mixit+tweetynet
buhshr1,Lanius bucephalus,ml:63747191,ml_63747191,0,"[0.998993, 0.014511, 0.016944, 0.078711]",0.999,0.999,16.05,0.9892,0.8552,0.854362,13,30.83,32.61,1.78,2,1.6,0.1011,"[[30.83, 32.2], [32.38, 32.61]]",bird-mixit+tweetynet
buhshr1,Lanius bucephalus,xc:89005,xc_89005,0,"[0.854947, 0.13439, 0.0, 0.0]",0.8549,0.8549,43.93,0.9985,0.9992,0.854228,17,20.14,21.21,1.07,3,0.45,0.5794,"[[20.14, 20.27], [20.53, 20.59], [20.95, 21.21]]",bird-mixit+tweetynet
buhshr1,Lanius bucephalus,xc:89005,xc_89005,0,"[0.854947, 0.13439, 0.0, 0.0]",0.8549,0.8549,44.09,0.9984,0.9992,0.854198,11,9.84,11.16,1.32,4,0.66,0.5,"[[9.84, 10.16], [10.28, 10.39], [10.69, 10.79], [11.03, 11.16]]",bird-mixit+tweetynet
buhshr1,Lanius bucephalus,xc:793923,xc_793923,0,"[0.991677, 0.0, 0.0, 0.133946]",0.9917,0.9917,16.1,0.9992,0.8613,0.85412,2,5.16,9.12,3.96,3,3.81,0.0379,"[[5.16, 5.69], [5.79, 8.1], [8.15, 9.12]]",bird-mixit+tweetynet
buhshr1,Lanius bucephalus,xc:89005,xc_89005,0,"[0.854947, 0.13439, 0.0, 0.0]",0.8549,0.8549,40.51,0.9983,0.9991,0.854104,8,6.71,8.37,1.66,6,0.88,0.4699,"[[6.71, 6.87], [6.97, 7.0], [7.09, 7.2], [7.49, 7.63], [7.68, 8.01], [8.26, 8.37]]",bird-mixit+tweetynet
buhshr1,Lanius bucephalus,xc:89005,xc_89005,0,"[0.854947, 0.13439, 0.0, 0.0]",0.8549,0.8549,38.37,0.9984,0.999,0.854024,15,15.83,16.1,0.27,1,0.27,0.0,"[[15.83, 16.1]]",bird-mixit+tweetynet
buhshr1,Lanius bucephalus,xc:794801,xc_794801,0,"[0.997635, 0.057149, 0.271177, 0.021518]",0.9976,0.9976,15.93,0.9997,0.8555,0.853434,5,15.61,21.96,6.35,5,5.9,0.0709,"[[15.61, 17.5], [17.59, 17.83], [17.89, 18.31], [18.43, 18.87], [19.05, 21.96]]",bird-mixit+tweetynet
buhshr1,Lanius bucephalus,xc:369641,xc_369641,0,"[0.999188, 0.013053, 0.0, 0.107682]",0.9992,0.9992,15.88,0.9915,0.8502,0.849542,13,30.78,32.55,1.77,2,1.57,0.113,"[[30.78, 32.14], [32.34, 32.55]]",bird-mixit+tweetynet
buhshr1,Lanius bucephalus,xc:793922,xc_793922,0,"[0.998529, 0.157936, 0.005317, 0.0]",0.9985,0.9985,15.75,0.9998,0.8489,0.84759,5,23.24,26.53,3.29,2,3.23,0.0182,"[[23.24, 26.44], [26.5, 26.53]]",bird-mixit+tweetynet
buhshr1,Lanius bucephalus,ml:144922381,ml_144922381,0,"[0.867366, 0.0, 0.0, 0.0]",0.8674,0.8674,27.5,0.9623,0.976,0.846613,6,8.65,8.87,0.22,1,0.22,0.0,"[[8.65, 8.87]]",bird-mixit+tweetynet
buhshr1,Lanius bucephalus,ml:144922381,ml_144922381,0,"[0.867366, 0.0, 0.0, 0.0]",0.8674,0.8674,34.23,0.9485,0.9736,0.84447,9,11.18,11.48,0.3,1,0.3,0.0,"[[11.18, 11.48]]",bird-mixit+tweetynet
buhshr1,Lanius bucephalus,ml:144922381,ml_144922381,0,"[0.867366, 0.0, 0.0, 0.0]",0.8674,0.8674,29.07,0.9512,0.9724,0.843466,7,9.5,9.74,0.24,1,0.24,0.0,"[[9.5, 9.74]]",bird-mixit+tweetynet
buhshr1,Lanius bucephalus,ml:144922381,ml_144922381,0,"[0.867366, 0.0, 0.0, 0.0]",0.8674,0.8674,28.02,0.9534,0.9723,0.843394,3,6.44,6.67,0.23,1,0.23,0.0,"[[6.44, 6.67]]",bird-mixit+tweetynet
burthr,Monticola solitarius,xc:209057,xc_209057,0,"[0.996131, 0.037975, 0.0, 0.0]",0.9961,0.9961,36.27,0.9999,0.9996,0.995683,46,79.51,83.22,3.71,6,2.9,0.2183,"[[79.51, 79.54], [79.6, 80.24], [80.37, 80.46], [80.71, 80.81], [81.07, 81.47], [81.58, 83.22]]",bird-mixit+tweetynet
burthr,Monticola solitarius,xc:209057,xc_209057,0,"[0.996131, 0.037975, 0.0, 0.0]",0.9961,0.9961,35.46,0.9999,0.9994,0.99555,36,62.76,65.8,3.04,6,1.92,0.3684,"[[62.76, 63.11], [63.35, 63.63], [63.72, 63.75], [64.1, 64.19], [64.29, 65.36], [65.7, 65.8]]",bird-mixit+tweetynet
burthr,Monticola solitarius,xc:209057,xc_209057,0,"[0.996131, 0.037975, 0.0, 0.0]",0.9961,0.9961,32.77,0.9999,0.9989,0.994967,53,94.59,98.0,3.41,6,2.48,0.2727,"[[94.59, 96.06], [96.18, 96.24], [96.42, 96.63], [97.02, 97.5], [97.66, 97.82], [97.9, 98.0]]",bird-mixit+tweetynet
burthr,Monticola solitarius,xc:377502,xc_377502,0,"[0.990342, 0.019046, 0.0, 0.089624]",0.9903,0.9903,29.13,0.9999,0.9968,0.987086,13,46.92,47.98,1.06,2,0.9,0.1509,"[[46.92, 47.25], [47.41, 47.98]]",bird-mixit+tweetynet
burthr,Monticola solitarius,xc:377502,xc_377502,0,"[0.990342, 0.019046, 0.0, 0.089624]",0.9903,0.9903,28.52,1.0,0.9961,0.986475,16,59.46,60.3,0.84,1,0.84,0.0,"[[59.46, 60.3]]",bird-mixit+tweetynet
burthr,Monticola solitarius,xc:377500,xc_377500,0,"[0.995496, 0.099589, 0.006453, 0.083353]",0.9955,0.9955,25.58,0.9999,0.9907,0.986215,11,46.65,49.59,2.94,4,2.16,0.2653,"[[46.65, 47.22], [47.29, 47.68], [48.07, 48.65], [48.97, 49.59]]",bird-mixit+tweetynet
burthr,Monticola solitarius,xc:377500,xc_377500,0,"[0.995496, 0.099589, 0.006453, 0.083353]",0.9955,0.9955,25.27,0.9998,0.9898,0.98533,13,50.81,54.97,4.16,5,3.24,0.2212,"[[50.81, 51.39], [51.71, 52.32], [52.68, 53.91], [54.0, 54.56], [54.71, 54.97]]",bird-mixit+tweetynet
burthr,Monticola solitarius,xc:377502,xc_377502,0,"[0.990342, 0.019046, 0.0, 0.089624]",0.9903,0.9903,26.56,1.0,0.9931,0.983452,17,60.56,66.81,6.25,7,5.43,0.1312,"[[60.56, 61.27], [61.38, 61.84], [62.04, 62.51], [62.71, 63.53], [63.6, 63.97], [64.04, 65.19], [65.36, 66.81]]",bird-mixit+tweetynet
burthr,Monticola solitarius,xc:377502,xc_377502,0,"[0.990342, 0.019046, 0.0, 0.089624]",0.9903,0.9903,26.47,0.9999,0.9929,0.983232,2,2.17,3.55,1.38,3,1.06,0.2319,"[[2.17, 2.57], [2.69, 2.73], [2.93, 3.55]]",bird-mixit+tweetynet
burthr,Monticola solitarius,xc:377502,xc_377502,0,"[0.990342, 0.019046, 0.0, 0.089624]",0.9903,0.9903,26.3,1.0,0.9925,0.982897,4,10.67,13.63,2.96,5,2.52,0.1486,"[[10.67, 11.23], [11.4, 12.25], [12.38, 12.75], [12.8, 13.25], [13.34, 13.63]]",bird-mixit+tweetynet
burthr,Monticola solitarius,xc:377500,xc_377500,0,"[0.995496, 0.099589, 0.006453, 0.083353]",0.9955,0.9955,24.54,0.9996,0.9872,0.982767,1,8.43,15.3,6.87,15,5.31,0.2271,"[[8.43, 9.03], [9.1, 9.73], [9.91, 10.59], [10.79, 10.83], [10.92, 11.01], [11.14, 11.69], [11.77, 11.9], [12.02, 12.07], [12.23, 12.62], [12.71, 13.21], [13.3, 13.34], [13.4, 14.11], [14.28, 14.38], [14.43, 15.14], [15.21, 15.3]]",bird-mixit+tweetynet
burthr,Monticola solitarius,xc:377500,xc_377500,0,"[0.995496, 0.099589, 0.006453, 0.083353]",0.9955,0.9955,24.41,0.9997,0.9868,0.982317,5,28.66,32.77,4.11,7,3.09,0.2482,"[[28.66, 29.32], [29.39, 29.49], [29.79, 30.64], [30.85, 31.14], [31.21, 31.46], [31.74, 32.41], [32.5, 32.77]]",bird-mixit+tweetynet
burthr,Monticola solitarius,xc:209057,xc_209057,0,"[0.996131, 0.037975, 0.0, 0.0]",0.9961,0.9961,23.98,0.9999,0.9851,0.981274,19,31.43,33.51,2.08,3,1.94,0.0673,"[[31.43, 32.9], [32.97, 33.13], [33.2, 33.51]]",bird-mixit+tweetynet
burthr,Monticola solitarius,xc:377500,xc_377500,0,"[0.995496, 0.099589, 0.006453, 0.083353]",0.9955,0.9955,24.11,0.9999,0.9856,0.981174,14,55.43,58.1,2.67,5,2.26,0.1536,"[[55.43, 55.73], [55.86, 56.6], [56.67, 57.16], [57.3, 57.4], [57.47, 58.1]]",bird-mixit+tweetynet
burthr,Monticola solitarius,xc:134330,xc_134330,0,"[0.988315, 0.0, 0.0, 0.0]",0.9883,0.9883,25.91,0.9997,0.9915,0.979899,29,83.43,86.14,2.71,3,2.45,0.0959,"[[83.43, 83.64], [83.69, 85.8], [86.01, 86.14]]",bird-mixit+tweetynet
burthr,Monticola solitarius,xc:148436,xc_148436,0,"[0.972197, 0.011737, 0.0, 0.049478]",0.9722,0.9722,44.98,0.9997,0.9998,0.972033,3,7.8,13.59,5.79,15,3.73,0.3558,"[[7.8, 7.85], [8.21, 8.43], [8.51, 8.73], [8.85, 8.95], [9.13, 9.18], [9.27, 9.42], [9.61, 10.35], [10.53, 10.65], [10.71, 10.77], [10.86, 10.92], [11.16, 11.23], [11.28, 11.49], [11.7, 12.91], [13.03, 13.12], [13.21, 13.59]]",bird-mixit+tweetynet
burthr,Monticola solitarius,xc:1001429,xc_1001429,0,"[0.97241, 0.0, 0.0, 0.004525]",0.9724,0.9724,33.37,1.0,0.9991,0.971502,20,73.86,75.0,1.14,2,0.8,0.2982,"[[73.86, 74.34], [74.68, 75.0]]",bird-mixit+tweetynet
burthr,Monticola solitarius,xc:1001429,xc_1001429,0,"[0.97241, 0.0, 0.0, 0.004525]",0.9724,0.9724,34.14,0.9995,0.9991,0.971484,8,31.37,36.32,4.95,9,3.97,0.198,"[[31.37, 31.82], [31.97, 32.67], [32.75, 32.85], [32.9, 33.54], [33.74, 34.11], [34.32, 34.85], [34.91, 34.99], [35.09, 35.81], [35.94, 36.32]]",bird-mixit+tweetynet
burthr,Monticola solitarius,xc:1001429,xc_1001429,0,"[0.97241, 0.0, 0.0, 0.004525]",0.9724,0.9724,34.77,0.9992,0.999,0.971417,9,36.72,40.43,3.71,10,2.73,0.2642,"[[36.72, 37.05], [37.35, 38.09], [38.19, 38.23], [38.3, 38.35], [38.45, 38.53], [38.58, 38.74], [38.8, 39.51], [39.59, 39.76], [39.84, 39.89], [40.03, 40.43]]",bird-mixit+tweetynet
burthr,Monticola solitarius,xc:1001429,xc_1001429,0,"[0.97241, 0.0, 0.0, 0.004525]",0.9724,0.9724,33.32,0.9997,0.999,0.97138,28,88.14,89.4,1.26,4,0.94,0.254,"[[88.14, 88.2], [88.29, 88.6], [88.67, 88.78], [88.94, 89.4]]",bird-mixit+tweetynet
burthr,Monticola solitarius,xc:1001429,xc_1001429,0,"[0.97241, 0.0, 0.0, 0.004525]",0.9724,0.9724,32.56,0.9998,0.9988,0.971196,7,26.37,31.03,4.66,9,3.54,0.2403,"[[26.37, 26.94], [26.99, 27.07], [27.16, 27.85], [27.92, 28.25], [28.57, 28.61], [28.75, 29.59], [29.67, 30.02], [30.29, 30.32], [30.42, 31.03]]",bird-mixit+tweetynet
burthr,Monticola solitarius,xc:148436,xc_148436,0,"[0.972197, 0.011737, 0.0, 0.049478]",0.9722,0.9722,32.37,0.9999,0.9987,0.970964,0,0.24,2.07,1.83,2,1.73,0.0546,"[[0.24, 0.56], [0.66, 2.07]]",bird-mixit+tweetynet
burthr,Monticola solitarius,xc:611238,xc_611238,0,"[0.985355, 0.051523, 0.043265, 0.169726]",0.9854,0.9854,23.85,0.9999,0.9845,0.970118,50,141.25,144.81,3.56,1,3.56,0.0,"[[141.25, 144.81]]",bird-mixit+tweetynet
burthr,Monticola solitarius,xc:148436,xc_148436,0,"[0.972197, 0.011737, 0.0, 0.049478]",0.9722,0.9722,29.04,0.9996,0.9965,0.968788,2,4.19,6.49,2.3,3,1.66,0.2783,"[[4.19, 4.57], [4.84, 4.87], [5.24, 6.49]]",bird-mixit+tweetynet
burthr,Monticola solitarius,xc:611238,xc_611238,0,"[0.985355, 0.051523, 0.043265, 0.169726]",0.9854,0.9854,23.91,0.9902,0.98,0.965664,45,124.87,127.06,2.19,1,2.19,0.0,"[[124.87, 127.06]]",bird-mixit+tweetynet
burthr,Monticola solitarius,xc:611238,xc_611238,0,"[0.985355, 0.051523, 0.043265, 0.169726]",0.9854,0.9854,24.11,0.9854,0.9785,0.964223,53,153.22,157.55,4.33,4,4.03,0.0693,"[[153.22, 155.83], [155.92, 156.18], [156.31, 156.54], [156.62, 157.55]]",bird-mixit+tweetynet
burthr,Monticola solitarius,xc:403230,xc_403230,0,"[0.965554, 0.0, 0.0, 0.0]",0.9656,0.9656,31.47,1.0,0.9984,0.964044,8,8.67,9.91,1.24,2,0.9,0.2742,"[[8.67, 9.05], [9.39, 9.91]]",bird-mixit+tweetynet
burthr,Monticola solitarius,xc:148436,xc_148436,0,"[0.972197, 0.011737, 0.0, 0.049478]",0.9722,0.9722,24.77,0.9986,0.9875,0.960073,8,27.0,28.42,1.42,3,1.13,0.2042,"[[27.0, 27.48], [27.72, 27.77], [27.82, 28.42]]",bird-mixit+tweetynet
burthr,Monticola solitarius,xc:148436,xc_148436,0,"[0.972197, 0.011737, 0.0, 0.049478]",0.9722,0.9722,23.5,0.9964,0.9811,0.95385,4,14.0,18.9,4.9,4,4.41,0.1,"[[14.0, 14.43], [14.81, 16.17], [16.23, 18.67], [18.72, 18.9]]",bird-mixit+tweetynet
burthr,Monticola solitarius,xc:403230,xc_403230,0,"[0.965554, 0.0, 0.0, 0.0]",0.9656,0.9656,24.32,1.0,0.9865,0.952609,9,10.38,11.11,0.73,2,0.4,0.4521,"[[10.38, 10.5], [10.83, 11.11]]",bird-mixit+tweetynet
burthr,Monticola solitarius,xc:403230,xc_403230,0,"[0.965554, 0.0, 0.0, 0.0]",0.9656,0.9656,23.85,1.0,0.9846,0.950691,0,0.69,1.04,0.35,1,0.35,0.0,"[[0.69, 1.04]]",bird-mixit+tweetynet
burthr,Monticola solitarius,xc:611238,xc_611238,0,"[0.985355, 0.051523, 0.043265, 0.169726]",0.9854,0.9854,20.74,0.9998,0.9616,0.947582,48,130.81,133.42,2.61,2,2.53,0.0307,"[[130.81, 130.84], [130.92, 133.42]]",bird-mixit+tweetynet
burthr,Monticola solitarius,xc:417711,xc_417711,0,"[0.986816, 0.455655, 0.035702, 0.787537]",0.9868,0.9868,20.19,0.9985,0.9544,0.941773,10,43.48,50.58,7.1,7,6.74,0.0507,"[[43.48, 43.65], [43.72, 45.0], [45.05, 45.41], [45.47, 45.53], [45.6, 46.59], [46.64, 49.19], [49.25, 50.58]]",bird-mixit+tweetynet
burthr,Monticola solitarius,xc:403230,xc_403230,0,"[0.965554, 0.0, 0.0, 0.0]",0.9656,0.9656,22.15,1.0,0.9745,0.941009,1,1.53,2.08,0.55,1,0.55,0.0,"[[1.53, 2.08]]",bird-mixit+tweetynet
burthr,Monticola solitarius,xc:417711,xc_417711,0,"[0.986816, 0.455655, 0.035702, 0.787537]",0.9868,0.9868,19.94,0.9979,0.9507,0.938193,28,111.31,119.09,7.78,9,6.89,0.1144,"[[111.31, 111.35], [111.58, 111.66], [111.71, 112.48], [112.54, 113.13], [113.18, 113.69], [113.76, 114.71], [114.77, 115.39], [115.44, 118.21], [118.53, 119.09]]",bird-mixit+tweetynet
burthr,Monticola solitarius,xc:721760,xc_721760,0,"[0.967212, 0.26708, 0.0, 0.0]",0.9672,0.9672,21.19,0.9957,0.9643,0.932665,4,16.13,18.46,2.33,6,1.47,0.3691,"[[16.13, 16.28], [16.33, 16.39], [16.62, 16.7], [17.03, 17.11], [17.16, 18.23], [18.43, 18.46]]",bird-mixit+tweetynet
burthr,Monticola solitarius,xc:310120,xc_310120,0,"[0.948051, 0.033617, 0.01451, 0.174857]",0.9481,0.9481,23.73,0.9936,0.9809,0.929947,4,16.93,21.06,4.13,6,3.58,0.1332,"[[16.93, 17.0], [17.12, 17.99], [18.13, 18.21], [18.31, 18.44], [18.52, 19.0], [19.11, 21.06]]",bird-mixit+tweetynet
burthr,Monticola solitarius,xc:403230,xc_403230,0,"[0.965554, 0.0, 0.0, 0.0]",0.9656,0.9656,20.87,1.0,0.9631,0.929922,6,5.8,7.48,1.68,3,0.94,0.4405,"[[5.8, 6.13], [6.51, 6.82], [7.18, 7.48]]",bird-mixit+tweetynet
burthr,Monticola solitarius,xc:310120,xc_310120,0,"[0.948051, 0.033617, 0.01451, 0.174857]",0.9481,0.9481,24.22,0.9869,0.9797,0.928827,18,71.29,73.38,2.09,5,1.5,0.2823,"[[71.29, 71.43], [71.48, 71.67], [71.84, 71.94], [72.03, 73.01], [73.29, 73.38]]",bird-mixit+tweetynet
burthr,Monticola solitarius,xc:799520,xc_799520,0,"[0.946755, 0.057978, 0.0, 0.022881]",0.9468,0.9468,23.56,0.9953,0.9809,0.928717,11,25.29,28.65,3.36,6,2.84,0.1548,"[[25.29, 27.62], [27.67, 27.77], [27.82, 27.91], [27.98, 28.21], [28.49, 28.53], [28.6, 28.65]]",bird-mixit+tweetynet
burthr,Monticola solitarius,xc:839887,xc_839887,0,"[0.963938, 0.000686, 0.0, 0.0]",0.9639,0.9639,20.5,0.9998,0.9588,0.924226,3,7.9,12.59,4.69,5,3.65,0.2217,"[[7.9, 9.49], [9.71, 9.86], [10.23, 10.33], [10.53, 11.02], [11.27, 12.59]]",bird-mixit+tweetynet
burthr,Monticola solitarius,xc:464607,xc_464607,0,"[0.994237, 0.027122, 0.0, 0.0714]",0.9942,0.9942,18.45,0.9987,0.926,0.920586,9,42.08,46.1,4.02,5,3.56,0.1144,"[[42.08, 42.2], [42.36, 43.05], [43.19, 43.82], [43.87, 44.57], [44.68, 46.1]]",bird-mixit+tweetynet
burthr,Monticola solitarius,xc:417711,xc_417711,0,"[0.986816, 0.455655, 0.035702, 0.787537]",0.9868,0.9868,18.78,0.9991,0.9327,0.920387,33,139.18,143.88,4.7,6,4.05,0.1383,"[[139.18, 139.29], [139.42, 139.68], [139.73, 141.91], [142.01, 143.39], [143.55, 143.63], [143.84, 143.88]]",bird-mixit+tweetynet
burthr,Monticola solitarius,xc:310120,xc_310120,0,"[0.948051, 0.033617, 0.01451, 0.174857]",0.9481,0.9481,23.15,0.9791,0.9707,0.920365,25,102.78,104.6,1.82,1,1.82,0.0,"[[102.78, 104.6]]",bird-mixit+tweetynet
burthr,Monticola solitarius,xc:464607,xc_464607,0,"[0.994237, 0.027122, 0.0, 0.0714]",0.9942,0.9942,18.47,0.9947,0.9246,0.919229,4,25.06,31.91,6.85,15,5.54,0.1912,"[[25.06, 25.1], [25.22, 25.27], [25.38, 25.48], [25.56, 25.67], [25.72, 25.86], [25.91, 26.26], [26.38, 26.46], [26.55, 26.68], [26.76, 26.89], [26.94, 28.93], [28.98, 29.47], [29.6, 29.82], [29.91, 31.27], [31.34, 31.54], [31.76, 31.91]]",bird-mixit+tweetynet
burthr,Monticola solitarius,xc:839887,xc_839887,0,"[0.963938, 0.000686, 0.0, 0.0]",0.9639,0.9639,19.75,0.9993,0.9487,0.914423,5,18.14,21.05,2.91,5,2.14,0.2646,"[[18.14, 18.25], [18.33, 18.37], [18.53, 18.89], [19.11, 20.62], [20.93, 21.05]]",bird-mixit+tweetynet
burthr,Monticola solitarius,xc:611238,xc_611238,0,"[0.985355, 0.051523, 0.043265, 0.169726]",0.9854,0.9854,18.73,0.9865,0.9257,0.912217,28,73.04,75.28,2.24,2,2.16,0.0357,"[[73.04, 75.09], [75.17, 75.28]]",bird-mixit+tweetynet
burthr,Monticola solitarius,xc:277901,xc_277901,0,"[0.910036, 0.0, 0.0, 0.0]",0.91,0.91,29.85,0.9998,0.9973,0.907549,7,16.28,22.95,6.67,12,5.24,0.2144,"[[16.28, 16.69], [16.76, 17.02], [17.17, 17.46], [17.6, 17.93], [18.01, 18.29], [18.38, 18.63], [18.72, 19.01], [19.08, 19.35], [19.62, 19.87], [20.03, 20.28], [20.44, 20.71], [20.86, 22.95]]",bird-mixit+tweetynet
burthr,Monticola solitarius,xc:417711,xc_417711,0,"[0.986816, 0.455655, 0.035702, 0.787537]",0.9868,0.9868,17.73,0.9993,0.9102,0.898162,6,27.74,30.33,2.59,4,2.28,0.1197,"[[27.74, 27.82], [27.91, 28.14], [28.21, 28.67], [28.82, 30.33]]",bird-mixit+tweetynet
burthr,Monticola solitarius,xc:148435,xc_148435,0,"[0.8938, 0.359124, 0.253022, 0.16479]",0.8938,0.8938,36.07,0.9999,0.9996,0.893398,66,113.5,117.75,4.25,6,3.62,0.1482,"[[113.5, 113.68], [113.77, 115.6], [115.67, 115.89], [116.05, 116.28], [116.5, 117.61], [117.7, 117.75]]",bird-mixit+tweetynet
burthr,Monticola solitarius,xc:148435,xc_148435,0,"[0.8938, 0.359124, 0.253022, 0.16479]",0.8938,0.8938,34.2,0.9998,0.9992,0.893089,27,44.93,49.63,4.7,10,3.05,0.3511,"[[44.93, 44.96], [45.13, 45.23], [45.3, 45.45], [45.74, 46.07], [46.15, 46.27], [46.51, 46.6], [46.84, 47.36], [47.48, 48.74], [49.01, 49.15], [49.32, 49.63]]",bird-mixit+tweetynet
burthr,Monticola solitarius,xc:148435,xc_148435,0,"[0.8938, 0.359124, 0.253022, 0.16479]",0.8938,0.8938,33.18,0.9997,0.9989,0.892794,71,123.95,130.25,6.3,7,5.41,0.1413,"[[123.95, 124.08], [124.45, 125.79], [125.84, 125.88], [125.95, 126.23], [126.3, 126.83], [126.99, 128.83], [129.0, 130.25]]",bird-mixit+tweetynet
burthr,Monticola solitarius,xc:148435,xc_148435,0,"[0.8938, 0.359124, 0.253022, 0.16479]",0.8938,0.8938,32.53,1.0,0.9988,0.892744,15,28.0,31.12,3.12,4,2.57,0.1763,"[[28.0, 28.05], [28.3, 28.56], [28.81, 30.99], [31.04, 31.12]]",bird-mixit+tweetynet
burthr,Monticola solitarius,xc:148435,xc_148435,0,"[0.8938, 0.359124, 0.253022, 0.16479]",0.8938,0.8938,33.55,0.9993,0.9988,0.89271,50,78.61,82.41,3.8,9,2.64,0.3053,"[[78.61, 78.66], [78.74, 80.04], [80.12, 80.2], [80.55, 81.02], [81.21, 81.27], [81.32, 81.37], [81.6, 81.83], [81.89, 82.25], [82.37, 82.41]]",bird-mixit+tweetynet
burthr,Monticola solitarius,xc:134325,xc_134325,0,"[0.946857, 0.0, 0.0, 0.0]",0.9469,0.9469,19.19,0.9998,0.9402,0.890307,1,1.51,4.49,2.98,3,2.28,0.2349,"[[1.51, 1.86], [2.26, 2.44], [2.74, 4.49]]",bird-mixit+tweetynet
burthr,Monticola solitarius,xc:209057,xc_209057,0,"[0.996131, 0.037975, 0.0, 0.0]",0.9961,0.9961,16.87,1.0,0.887,0.883533,10,16.17,17.95,1.78,2,1.7,0.0449,"[[16.17, 17.72], [17.8, 17.95]]",bird-mixit+tweetynet
burthr,Monticola solitarius,xc:278557,xc_278557,0,"[0.898936, 0.015601, 0.0, 0.021635]",0.8989,0.8989,23.46,0.9996,0.9824,0.883123,29,34.7,35.04,0.34,1,0.34,0.0,"[[34.7, 35.04]]",bird-mixit+tweetynet
burthr,Monticola solitarius,xc:277901,xc_277901,0,"[0.910036, 0.0, 0.0, 0.0]",0.91,0.91,21.69,0.999,0.9704,0.883037,4,7.45,9.68,2.23,5,1.62,0.2735,"[[7.45, 7.48], [7.74, 8.0], [8.17, 8.85], [8.97, 9.25], [9.31, 9.68]]",bird-mixit+tweetynet
burthr,Monticola solitarius,xc:417711,xc_417711,0,"[0.986816, 0.455655, 0.035702, 0.787537]",0.9868,0.9868,17.22,0.9936,0.8943,0.882449,34,144.29,146.33,2.04,2,1.94,0.049,"[[144.29, 145.55], [145.65, 146.33]]",bird-mixit+tweetynet
burthr,Monticola solitarius,xc:134330,xc_134330,0,"[0.988315, 0.0, 0.0, 0.0]",0.9883,0.9883,16.91,0.9967,0.8868,0.87647,0,5.1,6.44,1.34,1,1.34,0.0,"[[5.1, 6.44]]",bird-mixit+tweetynet
burthr,Monticola solitarius,xc:116804,xc_116804,0,"[0.994308, 0.0, 0.0, 0.0]",0.9943,0.9943,16.63,0.9999,0.8795,0.87446,11,28.57,30.66,2.09,2,2.01,0.0383,"[[28.57, 30.38], [30.46, 30.66]]",bird-mixit+tweetynet
burthr,Monticola solitarius,xc:913473,xc_913473,0,"[0.877311, 0.0, 0.0, 0.007823]",0.8773,0.8773,27.21,0.9943,0.9915,0.869827,25,47.02,49.67,2.65,5,2.17,0.1811,"[[47.02, 47.14], [47.23, 47.42], [47.51, 49.13], [49.22, 49.31], [49.52, 49.67]]",bird-mixit+tweetynet
burthr,Monticola solitarius,xc:278557,xc_278557,0,"[0.898936, 0.015601, 0.0, 0.021635]",0.8989,0.8989,21.33,0.9978,0.9667,0.868937,18,21.65,22.05,0.4,1,0.4,0.0,"[[21.65, 22.05]]",bird-mixit+tweetynet
burthr,Monticola solitarius,xc:278557,xc_278557,0,"[0.898936, 0.015601, 0.0, 0.021635]",0.8989,0.8989,21.32,0.9978,0.9665,0.868773,14,17.5,17.86,0.36,1,0.36,0.0,"[[17.5, 17.86]]",bird-mixit+tweetynet
burthr,Monticola solitarius,xc:464607,xc_464607,0,"[0.994237, 0.027122, 0.0, 0.0714]",0.9942,0.9942,16.53,0.9909,0.8724,0.86735,1,1.58,9.55,7.97,3,7.79,0.0226,"[[1.58, 5.19], [5.3, 7.34], [7.41, 9.55]]",bird-mixit+tweetynet
burthr,Monticola solitarius,xc:417710,xc_417710,0,"[0.960775, 0.030517, 0.01851, 0.100916]",0.9608,0.9608,17.42,0.9996,0.9023,0.866917,24,49.37,53.5,4.13,5,3.6,0.1283,"[[49.37, 51.88], [51.93, 52.12], [52.31, 52.39], [52.61, 52.7], [52.77, 53.5]]",bird-mixit+tweetynet
burthr,Monticola solitarius,xc:134325,xc_134325,0,"[0.946857, 0.0, 0.0, 0.0]",0.9469,0.9469,17.88,0.9995,0.9138,0.86532,7,17.87,19.61,1.74,1,1.74,0.0,"[[17.87, 19.61]]",bird-mixit+tweetynet
burthr,Monticola solitarius,xc:839887,xc_839887,0,"[0.963938, 0.000686, 0.0, 0.0]",0.9639,0.9639,17.14,0.9997,0.8947,0.862377,0,0.41,2.53,2.12,2,2.05,0.033,"[[0.41, 2.42], [2.49, 2.53]]",bird-mixit+tweetynet
burthr,Monticola solitarius,xc:278557,xc_278557,0,"[0.898936, 0.015601, 0.0, 0.021635]",0.8989,0.8989,20.64,0.9965,0.9588,0.861877,15,18.31,18.78,0.47,1,0.47,0.0,"[[18.31, 18.78]]",bird-mixit+tweetynet
burthr,Monticola solitarius,xc:277901,xc_277901,0,"[0.910036, 0.0, 0.0, 0.0]",0.91,0.91,19.5,0.9998,0.9452,0.860115,5,10.35,13.46,3.11,5,2.71,0.1286,"[[10.35, 10.58], [10.64, 12.56], [12.64, 12.95], [13.11, 13.33], [13.43, 13.46]]",bird-mixit+tweetynet
burthr,Monticola solitarius,xc:134325,xc_134325,0,"[0.946857, 0.0, 0.0, 0.0]",0.9469,0.9469,17.63,0.9996,0.9077,0.859516,4,8.56,10.12,1.56,1,1.56,0.0,"[[8.56, 10.12]]",bird-mixit+tweetynet
burthr,Monticola solitarius,xc:913473,xc_913473,0,"[0.877311, 0.0, 0.0, 0.007823]",0.8773,0.8773,23.18,0.9961,0.9793,0.8591,4,10.35,12.16,1.81,4,1.32,0.2707,"[[10.35, 10.55], [10.63, 11.63], [11.94, 11.98], [12.08, 12.16]]",bird-mixit+tweetynet
burthr,Monticola solitarius,xc:278557,xc_278557,0,"[0.898936, 0.015601, 0.0, 0.021635]",0.8989,0.8989,19.38,0.9977,0.9423,0.847002,28,32.94,34.28,1.34,4,0.88,0.3433,"[[32.94, 33.26], [33.5, 33.59], [33.74, 33.99], [34.06, 34.28]]",bird-mixit+tweetynet
burthr,Monticola solitarius,xc:148432,xc_148432,0,"[0.904504, 0.01284, 0.019361, 0.064895]",0.9045,0.9045,19.3,0.9839,0.9346,0.845325,2,13.68,16.64,2.96,7,2.13,0.2804,"[[13.68, 14.91], [15.0, 15.15], [15.21, 15.4], [15.71, 16.02], [16.26, 16.4], [16.45, 16.51], [16.59, 16.64]]",bird-mixit+tweetynet
burthr,Monticola solitarius,xc:277901,xc_277901,0,"[0.910036, 0.0, 0.0, 0.0]",0.91,0.91,18.34,0.9998,0.9241,0.840953,1,1.11,3.19,2.08,2,2.02,0.0288,"[[1.11, 1.44], [1.5, 3.19]]",bird-mixit+tweetynet
carcro1,Corvus corone,xc:138017,xc_138017,0,"[0.936148, 0.0, 0.0, 0.0]",0.9361,0.9361,28.44,0.6966,0.845,0.79098,12,19.37,22.55,3.18,6,2.77,0.1289,"[[19.37, 19.41], [19.57, 19.92], [20.0, 20.2], [20.25, 21.24], [21.3, 21.35], [21.41, 22.55]]",bird-mixit+tweetynet
carcro1,Corvus corone,xc:138017,xc_138017,0,"[0.936148, 0.0, 0.0, 0.0]",0.9361,0.9361,21.45,0.5019,0.7275,0.681037,19,27.18,30.76,3.58,9,2.67,0.2542,"[[27.18, 27.22], [27.3, 27.44], [27.51, 27.55], [27.62, 27.67], [27.74, 27.95], [28.21, 29.1], [29.21, 29.25], [29.43, 30.4], [30.47, 30.76]]",bird-mixit+tweetynet
carcro1,Corvus corone,xc:987439,xc_987439,3,"[0.0, 0.0, 0.034092, 0.838921]",0.8389,0.8389,27.3,0.5346,0.7631,0.640132,8,25.26,29.29,4.03,8,2.76,0.3151,"[[25.26, 25.32], [25.49, 27.16], [27.37, 27.4], [27.6, 27.65], [27.84, 27.9], [28.01, 28.16], [28.39, 28.75], [28.91, 29.29]]",bird-mixit+tweetynet
carcro1,Corvus corone,xc:987439,xc_987439,3,"[0.0, 0.0, 0.034092, 0.838921]",0.8389,0.8389,24.56,0.543,0.7619,0.639116,44,93.11,95.69,2.58,4,2.23,0.1357,"[[93.11, 93.49], [93.54, 93.63], [93.83, 95.08], [95.18, 95.69]]",bird-mixit+tweetynet
carcro1,Corvus corone,xc:987439,xc_987439,3,"[0.0, 0.0, 0.034092, 0.838921]",0.8389,0.8389,28.21,0.4505,0.7222,0.605856,1,4.56,10.17,5.61,11,4.72,0.1586,"[[4.56, 4.93], [5.03, 5.52], [5.72, 5.83], [5.94, 6.29], [6.37, 7.54], [7.6, 7.95], [8.01, 8.09], [8.16, 8.23], [8.29, 9.06], [9.14, 9.6], [9.67, 10.17]]",bird-mixit+tweetynet
carcro1,Corvus corone,xc:987439,xc_987439,3,"[0.0, 0.0, 0.034092, 0.838921]",0.8389,0.8389,30.38,0.4424,0.7196,0.603673,47,100.73,103.71,2.98,6,1.8,0.396,"[[100.73, 100.79], [100.84, 100.89], [101.17, 102.26], [102.57, 102.98], [103.17, 103.27], [103.62, 103.71]]",bird-mixit+tweetynet
carcro1,Corvus corone,xc:987439,xc_987439,3,"[0.0, 0.0, 0.034092, 0.838921]",0.8389,0.8389,30.26,0.4169,0.7068,0.592951,54,111.88,119.03,7.15,18,4.4,0.3846,"[[111.88, 112.2], [112.25, 112.3], [112.38, 112.41], [112.68, 113.0], [113.2, 113.58], [113.93, 114.58], [114.65, 114.68], [114.73, 114.82], [115.03, 115.43], [115.53, 115.63], [115.74, 115.85], [116.06, 116.12], [116.22, 116.34], [116.58, 116.63], [116.82, 116.85], [116.9, 116.94], [117.28, 118.87], [119.0, 119.03]]",bird-mixit+tweetynet
carcro1,Corvus corone,xc:161758,xc_161758,1,"[0.905286, 0.928566, 0.181514, 0.166269]",0.9286,0.9286,17.59,0.3646,0.6188,0.574641,35,94.8,96.31,1.51,3,1.17,0.2252,"[[94.8, 95.41], [95.62, 95.75], [95.88, 96.31]]",bird-mixit+tweetynet
carcro1,Corvus corone,xc:754848,xc_754848,0,"[0.838039, 0.195714, 0.0, 0.510086]",0.838,0.838,15.32,0.3404,0.5571,0.466867,3,9.39,12.61,3.22,5,2.36,0.2671,"[[9.39, 9.76], [10.09, 10.69], [10.89, 11.43], [11.69, 12.13], [12.2, 12.61]]",bird-mixit+tweetynet
carcro1,Corvus corone,xc:161758,xc_161758,1,"[0.905286, 0.928566, 0.181514, 0.166269]",0.9286,0.9286,10.34,0.8938,0.4976,0.462039,45,108.48,109.0,0.52,2,0.27,0.4808,"[[108.48, 108.52], [108.77, 109.0]]",bird-mixit+tweetynet
carcro1,Corvus corone,xc:556994,xc_556994,0,"[0.749388, 0.0, 0.0, 0.0]",0.7494,0.7494,23.32,0.2247,0.6013,0.450589,0,0.24,1.49,1.25,2,0.88,0.296,"[[0.24, 0.32], [0.69, 1.49]]",bird-mixit+tweetynet
carcro1,Corvus corone,xc:556994,xc_556994,0,"[0.749388, 0.0, 0.0, 0.0]",0.7494,0.7494,25.18,0.1972,0.5924,0.443937,2,7.76,9.37,1.61,3,0.97,0.3975,"[[7.76, 8.49], [8.75, 8.89], [9.27, 9.37]]",bird-mixit+tweetynet
carcro1,Corvus corone,xc:556994,xc_556994,0,"[0.749388, 0.0, 0.0, 0.0]",0.7494,0.7494,22.68,0.2088,0.5912,0.443058,20,39.42,40.23,0.81,1,0.81,0.0,"[[39.42, 40.23]]",bird-mixit+tweetynet
carcro1,Corvus corone,xc:161758,xc_161758,1,"[0.905286, 0.928566, 0.181514, 0.166269]",0.9286,0.9286,12.59,0.3882,0.4753,0.44134,28,76.48,79.9,3.42,6,2.8,0.1813,"[[76.48, 77.29], [77.4, 77.93], [78.01, 78.66], [78.74, 79.27], [79.57, 79.79], [79.84, 79.9]]",bird-mixit+tweetynet
carcro1,Corvus corone,xc:556994,xc_556994,0,"[0.749388, 0.0, 0.0, 0.0]",0.7494,0.7494,21.96,0.19,0.579,0.433874,3,10.26,10.92,0.66,1,0.66,0.0,"[[10.26, 10.92]]",bird-mixit+tweetynet
carcro1,Corvus corone,xc:161758,xc_161758,1,"[0.905286, 0.928566, 0.181514, 0.166269]",0.9286,0.9286,13.26,0.2642,0.4592,0.426376,52,129.45,131.8,2.35,7,1.03,0.5617,"[[129.45, 129.49], [129.71, 129.79], [130.0, 130.07], [130.29, 130.37], [130.62, 130.69], [130.92, 131.26], [131.45, 131.8]]",bird-mixit+tweetynet
carcro1,Corvus corone,xc:556994,xc_556994,0,"[0.749388, 0.0, 0.0, 0.0]",0.7494,0.7494,22.77,0.1564,0.5659,0.424093,11,29.25,30.04,0.79,1,0.79,0.0,"[[29.25, 30.04]]",bird-mixit+tweetynet
carcro1,Corvus corone,xc:138017,xc_138017,0,"[0.936148, 0.0, 0.0, 0.0]",0.9361,0.9361,9.92,0.7979,0.4444,0.416013,51,95.45,95.82,0.37,2,0.19,0.4865,"[[95.45, 95.51], [95.69, 95.82]]",bird-mixit+tweetynet
carcro1,Corvus corone,xc:98400,xc_98400,0,"[0.442514, 0.0895, 0.14148, 0.883117]",0.4425,0.8831,21.62,0.9027,0.9231,0.408466,23,73.29,75.02,1.73,3,1.32,0.237,"[[73.29, 74.18], [74.41, 74.76], [74.94, 75.02]]",bird-mixit+tweetynet
carcro1,Corvus corone,xc:138017,xc_138017,0,"[0.936148, 0.0, 0.0, 0.0]",0.9361,0.9361,32.02,-0.1571,0.4209,0.393987,40,72.26,75.89,3.63,10,2.54,0.3003,"[[72.26, 73.33], [73.45, 73.57], [73.76, 74.19], [74.29, 74.36], [74.56, 74.74], [74.85, 75.06], [75.13, 75.18], [75.33, 75.56], [75.66, 75.7], [75.75, 75.89]]",bird-mixit+tweetynet
carcro1,Corvus corone,xc:483545,xc_483545,0,"[0.927678, 0.0, 0.0, 0.006569]",0.9277,0.9277,26.18,-0.1607,0.4164,0.386298,68,140.42,142.71,2.29,6,1.24,0.4585,"[[140.42, 140.45], [140.69, 140.82], [141.07, 141.49], [141.61, 141.66], [141.75, 141.86], [142.21, 142.71]]",bird-mixit+tweetynet
carcro1,Corvus corone,xc:484782,xc_484782,3,"[0.731901, 0.604769, 0.058726, 0.883937]",0.8839,0.8839,14.86,0.0541,0.4276,0.377934,5,16.34,17.38,1.04,2,0.95,0.0865,"[[16.34, 16.67], [16.76, 17.38]]",bird-mixit+tweetynet
carcro1,Corvus corone,xc:484782,xc_484782,3,"[0.731901, 0.604769, 0.058726, 0.883937]",0.8839,0.8839,25.73,-0.1898,0.4015,0.354909,3,8.77,11.54,2.77,3,2.49,0.1011,"[[8.77, 9.3], [9.38, 10.74], [10.94, 11.54]]",bird-mixit+tweetynet
carcro1,Corvus corone,xc:922520,xc_922520,0,"[0.741212, 0.0, 0.0, 0.0]",0.7412,0.7412,10.26,0.8354,0.4766,0.35326,3,8.81,13.35,4.54,12,3.01,0.337,"[[8.81, 9.07], [9.2, 9.26], [9.33, 9.87], [9.95, 10.33], [10.64, 10.96], [11.2, 11.3], [11.39, 11.54], [11.73, 11.89], [12.03, 12.43], [12.49, 12.69], [12.81, 12.89], [12.99, 13.35]]",bird-mixit+tweetynet
carcro1,Corvus corone,xc:98400,xc_98400,0,"[0.442514, 0.0895, 0.14148, 0.883117]",0.4425,0.8831,16.38,0.7644,0.7688,0.340176,14,48.28,51.34,3.06,7,1.84,0.3987,"[[48.28, 49.08], [49.32, 49.46], [49.54, 49.59], [49.89, 50.44], [50.74, 50.82], [50.99, 51.1], [51.23, 51.34]]",bird-mixit+tweetynet
carcro1,Corvus corone,xc:98400,xc_98400,0,"[0.442514, 0.0895, 0.14148, 0.883117]",0.4425,0.8831,15.71,0.7381,0.7362,0.325784,21,67.4,69.88,2.48,3,2.05,0.1734,"[[67.4, 67.96], [68.2, 68.84], [69.03, 69.88]]",bird-mixit+tweetynet
carcro1,Corvus corone,xc:754848,xc_754848,0,"[0.838039, 0.195714, 0.0, 0.510086]",0.838,0.838,12.25,0.15,0.3811,0.319366,2,3.93,9.04,5.11,9,3.32,0.3503,"[[3.93, 4.16], [4.31, 4.74], [4.85, 5.37], [5.64, 5.96], [6.15, 6.62], [6.86, 7.21], [7.48, 7.79], [8.08, 8.44], [8.71, 9.04]]",bird-mixit+tweetynet
carcro1,Corvus corone,xc:138017,xc_138017,0,"[0.936148, 0.0, 0.0, 0.0]",0.9361,0.9361,8.13,0.8225,0.3313,0.310135,31,50.24,50.92,0.68,2,0.6,0.1176,"[[50.24, 50.32], [50.4, 50.92]]",bird-mixit+tweetynet
carcro1,Corvus corone,xc:468516,xc_468516,0,"[0.969093, 0.0, 0.008823, 0.014286]",0.9691,0.9691,30.97,-0.9749,0.2994,0.290192,39,94.79,96.68,1.89,7,1.03,0.455,"[[94.79, 94.85], [94.99, 95.04], [95.12, 95.59], [95.7, 95.74], [95.97, 96.0], [96.08, 96.41], [96.63, 96.68]]",bird-mixit+tweetynet
carcro1,Corvus corone,xc:468516,xc_468516,0,"[0.969093, 0.0, 0.008823, 0.014286]",0.9691,0.9691,29.34,-0.9767,0.2991,0.289855,49,111.37,114.03,2.66,7,1.35,0.4925,"[[111.37, 111.41], [111.76, 112.17], [112.31, 112.35], [112.55, 112.59], [112.66, 113.06], [113.25, 113.3], [113.66, 114.03]]",bird-mixit+tweetynet
carcro1,Corvus corone,xc:350919,xc_350919,0,"[0.967952, 0.205966, 0.071414, 0.311251]",0.968,0.968,26.72,-0.674,0.298,0.288488,217,387.92,390.54,2.62,5,1.58,0.3969,"[[387.92, 388.73], [389.07, 389.15], [389.31, 389.37], [389.66, 389.87], [390.12, 390.54]]",bird-mixit+tweetynet
carcro1,Corvus corone,xc:161758,xc_161758,1,"[0.905286, 0.928566, 0.181514, 0.166269]",0.9286,0.9286,8.24,0.6662,0.309,0.286934,37,99.82,100.4,0.58,2,0.5,0.1379,"[[99.82, 100.0], [100.08, 100.4]]",bird-mixit+tweetynet
carcro1,Corvus corone,xc:350919,xc_350919,0,"[0.967952, 0.205966, 0.071414, 0.311251]",0.968,0.968,24.23,-0.9024,0.2959,0.286392,209,367.14,367.52,0.38,2,0.19,0.5,"[[367.14, 367.27], [367.46, 367.52]]",bird-mixit+tweetynet
carcro1,Corvus corone,xc:350919,xc_350919,0,"[0.967952, 0.205966, 0.071414, 0.311251]",0.968,0.968,22.9,-0.6339,0.2939,0.284461,186,325.57,325.95,0.38,2,0.28,0.2632,"[[325.57, 325.79], [325.89, 325.95]]",bird-mixit+tweetynet
carcro1,Corvus corone,xc:881450,xc_881450,0,"[0.950111, 0.010201, 0.005413, 0.10699]",0.9501,0.9501,27.75,-0.7099,0.2985,0.283651,3,41.8,42.61,0.81,1,0.81,0.0,"[[41.8, 42.61]]",bird-mixit+tweetynet
carcro1,Corvus corone,xc:350919,xc_350919,0,"[0.967952, 0.205966, 0.071414, 0.311251]",0.968,0.968,20.35,-0.8653,0.2871,0.277955,189,337.08,337.25,0.17,1,0.17,0.0,"[[337.08, 337.25]]",bird-mixit+tweetynet
carcro1,Corvus corone,xc:660961,xc_660961,3,"[0.0, 0.0, 0.098303, 0.97757]",0.9776,0.9776,19.5,-0.6028,0.2836,0.277239,14,18.85,21.23,2.38,3,2.17,0.0882,"[[18.85, 19.5], [19.66, 20.95], [21.0, 21.23]]",bird-mixit+tweetynet
carcro1,Corvus corone,xc:500636,xc_500636,0,"[0.730925, 0.0, 0.0, 0.042081]",0.7309,0.7309,11.61,0.2196,0.3772,0.275705,1,6.04,9.91,3.87,6,2.8,0.2765,"[[6.04, 6.77], [7.09, 7.92], [8.03, 9.13], [9.42, 9.47], [9.72, 9.76], [9.86, 9.91]]",bird-mixit+tweetynet
carcro1,Corvus corone,xc:350919,xc_350919,0,"[0.967952, 0.205966, 0.071414, 0.311251]",0.968,0.968,19.33,-0.6272,0.2828,0.273727,185,324.25,324.45,0.2,1,0.2,0.0,"[[324.25, 324.45]]",bird-mixit+tweetynet
carcro1,Corvus corone,xc:881450,xc_881450,0,"[0.950111, 0.010201, 0.005413, 0.10699]",0.9501,0.9501,20.29,-0.7847,0.2869,0.272591,9,99.3,100.08,0.78,1,0.78,0.0,"[[99.3, 100.08]]",bird-mixit+tweetynet
carcro1,Corvus corone,xc:483545,xc_483545,0,"[0.927678, 0.0, 0.0, 0.006569]",0.9277,0.9277,22.49,-0.6634,0.2931,0.271904,10,22.69,28.5,5.81,9,4.71,0.1893,"[[22.69, 23.56], [23.8, 23.87], [24.25, 25.88], [26.08, 26.16], [26.22, 26.58], [26.64, 26.97], [27.02, 27.17], [27.23, 28.2], [28.25, 28.5]]",bird-mixit+tweetynet
carcro1,Corvus corone,xc:944760,xc_944760,0,"[0.987277, 0.0, 0.008836, 0.013418]",0.9873,0.9873,17.77,-0.85,0.2735,0.269981,0,0.02,2.53,2.51,3,2.17,0.1355,"[[0.02, 0.56], [0.71, 1.81], [2.0, 2.53]]",bird-mixit+tweetynet
carcro1,Corvus corone,xc:98400,xc_98400,0,"[0.442514, 0.0895, 0.14148, 0.883117]",0.4425,0.8831,15.25,0.4724,0.6101,0.269949,9,30.87,32.43,1.56,2,1.51,0.0321,"[[30.87, 31.16], [31.21, 32.43]]",bird-mixit+tweetynet
carcro1,Corvus corone,xc:590517,xc_590517,0,"[0.332621, 0.0, 0.0, 0.110609]",0.3326,0.3326,17.04,0.8099,0.8072,0.26847,6,19.99,20.49,0.5,3,0.32,0.36,"[[19.99, 20.2], [20.3, 20.36], [20.44, 20.49]]",bird-mixit+tweetynet
carcro1,Corvus corone,xc:862139,xc_862139,0,"[0.947119, 0.0, 0.0, 0.028475]",0.9471,0.9471,17.98,-0.4805,0.2749,0.260369,112,255.62,256.24,0.62,1,0.62,0.0,"[[255.62, 256.24]]",bird-mixit+tweetynet
carcro1,Corvus corone,xc:467052,xc_467052,0,"[0.875355, 0.0, 0.0, 0.0]",0.8754,0.8754,22.56,-0.7782,0.2932,0.256691,0,0.27,2.53,2.26,3,1.92,0.1504,"[[0.27, 0.46], [0.53, 1.43], [1.7, 2.53]]",bird-mixit+tweetynet
carcro1,Corvus corone,xc:881450,xc_881450,0,"[0.950111, 0.010201, 0.005413, 0.10699]",0.9501,0.9501,16.77,-0.4383,0.2652,0.251972,0,5.22,9.78,4.56,6,3.2,0.2982,"[[5.22, 5.77], [6.02, 6.53], [6.84, 7.32], [7.66, 8.25], [8.52, 9.04], [9.23, 9.78]]",bird-mixit+tweetynet
carcro1,Corvus corone,xc:688118,xc_688118,0,"[0.915292, 0.0, 0.0, 0.0]",0.9153,0.9153,17.87,-0.6798,0.2741,0.250909,8,25.38,26.21,0.83,1,0.83,0.0,"[[25.38, 26.21]]",bird-mixit+tweetynet
carcro1,Corvus corone,xc:501446,xc_501446,0,"[0.928126, 0.0, 0.009064, 0.0]",0.9281,0.9281,17.18,-0.7218,0.2688,0.249448,3,14.26,16.41,2.15,3,1.76,0.1814,"[[14.26, 14.76], [14.91, 15.66], [15.9, 16.41]]",bird-mixit+tweetynet
carcro1,Corvus corone,xc:592284,xc_592284,0,"[0.528353, 0.0, 0.0, 0.074753]",0.5284,0.5284,11.45,0.5382,0.4669,0.246703,0,2.11,8.64,6.53,8,5.35,0.1807,"[[2.11, 3.21], [3.32, 4.07], [4.22, 4.61], [4.8, 5.27], [5.48, 6.8], [6.89, 7.8], [7.94, 8.21], [8.5, 8.64]]",bird-mixit+tweetynet
carcro1,Corvus corone,xc:576943,xc_576943,0,"[0.820732, 0.016468, 0.0, 0.266666]",0.8207,0.8207,36.59,-0.5679,0.2999,0.246126,0,0.84,4.44,3.6,8,2.12,0.4111,"[[0.84, 0.91], [0.99, 1.03], [1.15, 1.59], [1.7, 1.75], [2.15, 2.19], [2.52, 3.29], [3.57, 4.15], [4.31, 4.44]]",bird-mixit+tweetynet
carcro1,Corvus corone,xc:483545,xc_483545,0,"[0.927678, 0.0, 0.0, 0.006569]",0.9277,0.9277,15.83,-0.5098,0.2555,0.237058,135,318.56,319.56,1.0,2,0.71,0.29,"[[318.56, 318.77], [319.06, 319.56]]",bird-mixit+tweetynet
carcro1,Corvus corone,xc:596513,xc_596513,0,"[0.859707, 0.0, 0.0, 0.01109]",0.8597,0.8597,17.5,-0.9848,0.2714,0.233294,20,64.43,64.68,0.25,1,0.25,0.0,"[[64.43, 64.68]]",bird-mixit+tweetynet
carcro1,Corvus corone,xc:484782,xc_484782,3,"[0.731901, 0.604769, 0.058726, 0.883937]",0.8839,0.8839,10.31,-0.0298,0.2537,0.224219,4,12.07,15.85,3.78,6,2.9,0.2328,"[[12.07, 12.16], [12.33, 12.81], [13.13, 13.68], [13.86, 14.51], [14.56, 15.12], [15.28, 15.85]]",bird-mixit+tweetynet
carcro1,Corvus corone,xc:483545,xc_483545,0,"[0.927678, 0.0, 0.0, 0.006569]",0.9277,0.9277,14.7,-0.5209,0.2411,0.223658,11,29.47,30.9,1.43,2,1.26,0.1189,"[[29.47, 30.13], [30.3, 30.9]]",bird-mixit+tweetynet
carcro1,Corvus corone,xc:468516,xc_468516,0,"[0.969093, 0.0, 0.008823, 0.014286]",0.9691,0.9691,7.8,0.3452,0.2292,0.22208,9,26.6,26.76,0.16,1,0.16,0.0,"[[26.6, 26.76]]",bird-mixit+tweetynet
carcro1,Corvus corone,xc:862139,xc_862139,0,"[0.947119, 0.0, 0.0, 0.028475]",0.9471,0.9471,10.38,-0.1318,0.2295,0.217334,96,211.66,212.65,0.99,1,0.99,0.0,"[[211.66, 212.65]]",bird-mixit+tweetynet
carcro1,Corvus corone,xc:96466,xc_96466,0,"[0.350862, 0.024737, 0.0, 0.832523]",0.3509,0.8325,28.26,0.2418,0.6183,0.21696,5,5.58,6.2,0.62,2,0.46,0.2581,"[[5.58, 5.64], [5.8, 6.2]]",bird-mixit+tweetynet
carcro1,Corvus corone,xc:660961,xc_660961,3,"[0.0, 0.0, 0.098303, 0.97757]",0.9776,0.9776,5.99,0.9193,0.2214,0.216482,6,11.55,12.26,0.71,3,0.33,0.5352,"[[11.55, 11.65], [11.88, 11.93], [12.08, 12.26]]",bird-mixit+tweetynet
carcro1,Corvus corone,xc:397660,xc_397660,0,"[0.823121, 0.0, 0.016407, 0.095643]",0.8231,0.8231,16.39,-0.7546,0.2615,0.215259,14,37.7,39.08,1.38,3,0.8,0.4203,"[[37.7, 37.74], [38.14, 38.17], [38.35, 39.08]]",bird-mixit+tweetynet
carcro1,Corvus corone,xc:862139,xc_862139,0,"[0.947119, 0.0, 0.0, 0.028475]",0.9471,0.9471,6.34,0.8098,0.2266,0.214589,27,54.45,54.81,0.36,1,0.36,0.0,"[[54.45, 54.81]]",bird-mixit+tweetynet
carcro1,Corvus corone,xc:862139,xc_862139,0,"[0.947119, 0.0, 0.0, 0.028475]",0.9471,0.9471,7.52,0.3835,0.2227,0.210962,64,131.0,131.21,0.21,1,0.21,0.0,"[[131.0, 131.21]]",bird-mixit+tweetynet
carcro1,Corvus corone,xc:688118,xc_688118,0,"[0.915292, 0.0, 0.0, 0.0]",0.9153,0.9153,13.99,-0.9578,0.2305,0.210956,1,1.3,3.69,2.39,2,2.31,0.0335,"[[1.3, 3.02], [3.1, 3.69]]",bird-mixit+tweetynet
carcro1,Corvus corone,xc:597230,xc_597230,0,"[0.896217, 0.0, 0.01564, 0.125179]",0.8962,0.8962,14.27,-0.6173,0.2348,0.210422,8,15.09,16.24,1.15,2,0.89,0.2261,"[[15.09, 15.74], [16.0, 16.24]]",bird-mixit+tweetynet
carcro1,Corvus corone,xc:911852,xc_911852,3,"[0.0, 0.0, 0.0, 0.494819]",0.4948,0.4948,29.57,-0.15,0.4238,0.209694,19,42.61,45.61,3.0,9,1.8,0.4,"[[42.61, 42.67], [42.85, 43.52], [43.57, 43.78], [43.86, 43.98], [44.29, 44.54], [44.67, 44.76], [45.1, 45.16], [45.21, 45.29], [45.35, 45.61]]",bird-mixit+tweetynet
carcro1,Corvus corone,xc:483545,xc_483545,0,"[0.927678, 0.0, 0.0, 0.006569]",0.9277,0.9277,12.1,-0.3133,0.2241,0.207886,124,295.47,296.18,0.71,1,0.71,0.0,"[[295.47, 296.18]]",bird-mixit+tweetynet
carcro1,Corvus corone,xc:468516,xc_468516,0,"[0.969093, 0.0, 0.008823, 0.014286]",0.9691,0.9691,7.62,0.3004,0.2139,0.20733,36,90.21,90.46,0.25,2,0.16,0.36,"[[90.21, 90.26], [90.35, 90.46]]",bird-mixit+tweetynet
carcro1,Corvus corone,xc:98400,xc_98400,0,"[0.442514, 0.0895, 0.14148, 0.883117]",0.4425,0.8831,9.89,0.8685,0.4597,0.203415,8,28.06,28.84,0.78,1,0.78,0.0,"[[28.06, 28.84]]",bird-mixit+tweetynet
carcro1,Corvus corone,xc:1035694,xc_1035694,0,"[0.661211, 0.0, 0.0, 0.016339]",0.6612,0.6612,16.47,-0.3,0.306,0.202343,18,31.93,32.63,0.7,1,0.7,0.0,"[[31.93, 32.63]]",bird-mixit+tweetynet
carcro1,Corvus corone,xc:484782,xc_484782,3,"[0.731901, 0.604769, 0.058726, 0.883937]",0.8839,0.8839,13.86,-0.704,0.2283,0.201767,7,24.15,28.08,3.93,10,2.76,0.2977,"[[24.15, 24.61], [24.74, 25.15], [25.36, 25.62], [25.77, 25.82], [25.88, 26.08], [26.21, 26.28], [26.36, 26.39], [26.44, 26.67], [26.87, 27.84], [28.0, 28.08]]",bird-mixit+tweetynet
carcro1,Corvus corone,xc:518423,xc_518423,0,"[0.935228, 0.0, 0.0, 0.0]",0.9352,0.9352,9.67,-0.0925,0.2155,0.201581,1,4.19,4.99,0.8,2,0.7,0.125,"[[4.19, 4.84], [4.94, 4.99]]",bird-mixit+tweetynet
carcro1,Corvus corone,xc:183944,xc_183944,0,"[0.678724, 0.0, 0.0, 0.0]",0.6787,0.6787,23.6,-0.4623,0.295,0.20022,8,24.22,28.35,4.13,9,2.75,0.3341,"[[24.22, 25.0], [25.16, 26.08], [26.32, 26.49], [26.71, 26.8], [26.88, 26.91], [27.31, 27.65], [27.7, 27.91], [28.01, 28.05], [28.18, 28.35]]",bird-mixit+tweetynet
carcro1,Corvus corone,xc:96466,xc_96466,0,"[0.350862, 0.024737, 0.0, 0.832523]",0.3509,0.8325,20.75,0.1556,0.5557,0.195,4,4.72,5.1,0.38,1,0.38,0.0,"[[4.72, 5.1]]",bird-mixit+tweetynet
carcro1,Corvus corone,xc:1035694,xc_1035694,0,"[0.661211, 0.0, 0.0, 0.016339]",0.6612,0.6612,22.58,-0.4405,0.2933,0.193902,4,7.9,9.85,1.95,4,1.45,0.2564,"[[7.9, 8.12], [8.32, 9.22], [9.47, 9.52], [9.57, 9.85]]",bird-mixit+tweetynet
carcro1,Corvus corone,xc:745101,xc_745101,0,"[0.431112, 0.124246, 0.017417, 0.144344]",0.4311,0.4311,14.11,0.1579,0.4483,0.193259,43,84.12,84.76,0.64,2,0.35,0.4531,"[[84.12, 84.23], [84.52, 84.76]]",bird-mixit+tweetynet
cintit13,Parus cinereus,xc:319962,xc_319962,0,"[0.993179, 0.022928, 0.014704, 0.026877]",0.9932,0.9932,26.25,0.9999,0.9924,0.985638,1,3.61,6.33,2.72,4,2.01,0.261,"[[3.61, 3.71], [3.91, 4.36], [4.66, 5.84], [6.05, 6.33]]",bird-mixit+tweetynet
cintit13,Parus cinereus,xc:472858,xc_472858,0,"[0.995422, 0.00971, 0.0, 0.006658]",0.9954,0.9954,23.1,1.0,0.9807,0.976222,10,19.27,22.37,3.1,6,2.58,0.1677,"[[19.27, 21.41], [21.48, 21.52], [21.72, 21.8], [21.89, 21.95], [22.0, 22.22], [22.33, 22.37]]",bird-mixit+tweetynet
cintit13,Parus cinereus,xc:467589,xc_467589,0,"[0.989579, 0.977817, 0.889527, 0.812218]",0.9896,0.9896,24.23,0.9991,0.9858,0.975524,5,11.38,15.09,3.71,6,2.77,0.2534,"[[11.38, 11.43], [11.52, 12.35], [12.72, 12.91], [13.09, 14.06], [14.15, 14.79], [15.0, 15.09]]",bird-mixit+tweetynet
cintit13,Parus cinereus,xc:1030712,xc_1030712,0,"[0.975415, 0.611047, 0.0, 0.0]",0.9754,0.9754,28.8,1.0,0.9964,0.971932,2,4.34,9.32,4.98,10,3.96,0.2048,"[[4.34, 4.38], [4.48, 4.66], [4.75, 5.0], [5.16, 5.43], [5.48, 5.65], [5.75, 5.88], [6.05, 6.09], [6.18, 6.38], [6.44, 9.05], [9.25, 9.32]]",bird-mixit+tweetynet
cintit13,Parus cinereus,xc:741499,xc_741499,1,"[0.0, 0.975132, 0.0, 0.178469]",0.9751,0.9751,30.88,0.9917,0.9939,0.969188,10,18.89,23.18,4.29,11,2.17,0.4942,"[[18.89, 19.0], [19.2, 19.23], [19.45, 19.69], [19.8, 20.79], [21.01, 21.1], [21.35, 21.46], [21.76, 21.86], [22.16, 22.23], [22.51, 22.74], [22.8, 22.9], [23.08, 23.18]]",bird-mixit+tweetynet
cintit13,Parus cinereus,xc:741499,xc_741499,1,"[0.0, 0.975132, 0.0, 0.178469]",0.9751,0.9751,27.8,0.9967,0.9936,0.968869,7,11.48,14.79,3.31,7,2.38,0.281,"[[11.48, 11.55], [11.68, 12.04], [12.27, 12.63], [12.78, 13.62], [13.72, 13.79], [14.03, 14.58], [14.66, 14.79]]",bird-mixit+tweetynet
cintit13,Parus cinereus,xc:756636,xc_756636,0,"[0.986161, 0.0, 0.0, 0.0]",0.9862,0.9862,23.38,0.9999,0.9822,0.968641,4,7.31,12.05,4.74,8,3.51,0.2595,"[[7.31, 7.61], [7.67, 7.71], [7.94, 8.0], [8.14, 10.96], [11.31, 11.39], [11.54, 11.6], [11.69, 11.79], [12.0, 12.05]]",bird-mixit+tweetynet
cintit13,Parus cinereus,xc:319792,xc_319792,0,"[0.992695, 0.0, 0.0, 0.0]",0.9927,0.9927,22.06,0.9981,0.973,0.965878,4,9.38,11.69,2.31,5,1.29,0.4416,"[[9.38, 10.17], [10.54, 10.61], [10.78, 10.91], [11.15, 11.41], [11.65, 11.69]]",bird-mixit+tweetynet
cintit13,Parus cinereus,xc:472858,xc_472858,0,"[0.995422, 0.00971, 0.0, 0.006658]",0.9954,0.9954,20.53,1.0,0.9592,0.954832,0,0.63,3.2,2.57,4,2.02,0.214,"[[0.63, 0.66], [0.78, 0.87], [1.21, 1.26], [1.35, 3.2]]",bird-mixit+tweetynet
cintit13,Parus cinereus,xc:37771,xc_37771,0,"[0.963081, 0.00986, 0.0, 0.0]",0.9631,0.9631,24.17,0.9998,0.9858,0.949461,0,0.32,3.97,3.65,4,3.38,0.074,"[[0.32, 0.35], [0.4, 1.31], [1.39, 1.43], [1.57, 3.97]]",bird-mixit+tweetynet
cintit13,Parus cinereus,xc:1030712,xc_1030712,0,"[0.975415, 0.611047, 0.0, 0.0]",0.9754,0.9754,21.79,0.9999,0.9717,0.947767,8,24.86,28.66,3.8,6,3.4,0.1053,"[[24.86, 24.99], [25.05, 25.27], [25.34, 27.79], [27.89, 28.2], [28.31, 28.41], [28.47, 28.66]]",bird-mixit+tweetynet
cintit13,Parus cinereus,xc:467589,xc_467589,0,"[0.989579, 0.977817, 0.889527, 0.812218]",0.9896,0.9896,20.27,0.9995,0.9559,0.945989,3,7.16,8.71,1.55,2,1.23,0.2065,"[[7.16, 7.95], [8.27, 8.71]]",bird-mixit+tweetynet
cintit13,Parus cinereus,xc:380371,xc_380371,0,"[0.95787, 0.90586, 0.502292, 0.396909]",0.9579,0.9579,24.45,0.9985,0.9863,0.944815,46,74.51,76.08,1.57,4,1.03,0.3439,"[[74.51, 74.92], [75.25, 75.31], [75.47, 75.97], [76.02, 76.08]]",bird-mixit+tweetynet
cintit13,Parus cinereus,xc:319962,xc_319962,0,"[0.993179, 0.022928, 0.014704, 0.026877]",0.9932,0.9932,19.89,0.9998,0.951,0.944581,0,0.63,2.9,2.27,4,1.75,0.2291,"[[0.63, 0.69], [0.82, 2.02], [2.18, 2.22], [2.45, 2.9]]",bird-mixit+tweetynet
cintit13,Parus cinereus,xc:380371,xc_380371,0,"[0.95787, 0.90586, 0.502292, 0.396909]",0.9579,0.9579,24.2,0.9989,0.9855,0.944014,33,55.36,58.7,3.34,7,2.31,0.3084,"[[55.36, 55.47], [55.52, 55.69], [55.9, 56.42], [56.48, 56.8], [57.14, 57.34], [57.57, 58.48], [58.62, 58.7]]",bird-mixit+tweetynet
cintit13,Parus cinereus,xc:380371,xc_380371,0,"[0.95787, 0.90586, 0.502292, 0.396909]",0.9579,0.9579,23.4,0.9991,0.9819,0.940569,2,2.52,4.66,2.14,4,1.4,0.3458,"[[2.52, 3.0], [3.12, 3.42], [3.68, 4.24], [4.6, 4.66]]",bird-mixit+tweetynet
cintit13,Parus cinereus,xc:467589,xc_467589,0,"[0.989579, 0.977817, 0.889527, 0.812218]",0.9896,0.9896,19.82,0.9998,0.95,0.940116,21,47.78,49.86,2.08,4,1.43,0.3125,"[[47.78, 48.58], [48.68, 49.1], [49.45, 49.53], [49.73, 49.86]]",bird-mixit+tweetynet
cintit13,Parus cinereus,xc:778604,xc_778604,0,"[0.967551, 0.0, 0.0, 0.0]",0.9676,0.9676,22.1,0.9935,0.971,0.939524,36,63.17,66.93,3.76,11,2.45,0.3484,"[[63.17, 63.22], [63.28, 63.4], [63.56, 63.62], [63.73, 63.79], [63.85, 63.94], [64.12, 65.47], [65.55, 65.91], [66.16, 66.2], [66.34, 66.39], [66.44, 66.52], [66.74, 66.93]]",bird-mixit+tweetynet
cintit13,Parus cinereus,xc:290920,xc_290920,1,"[0.0, 0.986061, 0.0, 0.015561]",0.9861,0.9861,20.0,0.9996,0.9523,0.939088,7,16.25,16.91,0.66,1,0.66,0.0,"[[16.25, 16.91]]",bird-mixit+tweetynet
cintit13,Parus cinereus,xc:380371,xc_380371,0,"[0.95787, 0.90586, 0.502292, 0.396909]",0.9579,0.9579,22.86,0.9996,0.9791,0.9379,19,29.65,30.81,1.16,2,0.84,0.2759,"[[29.65, 29.92], [30.24, 30.81]]",bird-mixit+tweetynet
cintit13,Parus cinereus,xc:1030710,xc_1030710,0,"[0.937438, 0.76252, 0.674648, 0.068404]",0.9374,0.9374,27.93,0.9999,0.9954,0.933049,8,19.8,23.49,3.69,9,2.1,0.4309,"[[19.8, 19.83], [20.08, 20.15], [20.29, 21.02], [21.14, 21.52], [21.81, 21.86], [21.97, 22.04], [22.13, 22.21], [22.61, 22.66], [22.85, 23.49]]",bird-mixit+tweetynet
cintit13,Parus cinereus,xc:1030710,xc_1030710,0,"[0.937438, 0.76252, 0.674648, 0.068404]",0.9374,0.9374,26.17,0.9998,0.9921,0.930011,5,13.38,14.91,1.53,5,1.19,0.2222,"[[13.38, 14.07], [14.14, 14.26], [14.39, 14.46], [14.54, 14.8], [14.86, 14.91]]",bird-mixit+tweetynet
cintit13,Parus cinereus,xc:472858,xc_472858,0,"[0.995422, 0.00971, 0.0, 0.006658]",0.9954,0.9954,18.84,1.0,0.9341,0.929755,3,7.25,9.68,2.43,2,2.23,0.0823,"[[7.25, 7.3], [7.5, 9.68]]",bird-mixit+tweetynet
cintit13,Parus cinereus,xc:380371,xc_380371,0,"[0.95787, 0.90586, 0.502292, 0.396909]",0.9579,0.9579,21.28,0.9996,0.967,0.92629,21,32.36,35.06,2.7,6,1.39,0.4852,"[[32.36, 32.42], [32.71, 32.78], [33.02, 33.53], [33.66, 33.81], [34.09, 34.14], [34.51, 35.06]]",bird-mixit+tweetynet
cintit13,Parus cinereus,xc:741499,xc_741499,1,"[0.0, 0.975132, 0.0, 0.178469]",0.9751,0.9751,19.6,0.9994,0.9466,0.923063,18,30.2,35.01,4.81,12,3.26,0.3222,"[[30.2, 30.94], [31.11, 31.29], [31.42, 31.7], [31.79, 32.16], [32.29, 32.43], [32.5, 32.59], [32.7, 33.29], [33.45, 33.58], [33.74, 33.83], [34.01, 34.09], [34.14, 34.63], [34.93, 35.01]]",bird-mixit+tweetynet
cintit13,Parus cinereus,xc:472858,xc_472858,0,"[0.995422, 0.00971, 0.0, 0.006658]",0.9954,0.9954,18.23,1.0,0.922,0.917744,14,29.17,31.34,2.17,2,1.81,0.1659,"[[29.17, 29.3], [29.66, 31.34]]",bird-mixit+tweetynet
cintit13,Parus cinereus,xc:1030710,xc_1030710,0,"[0.937438, 0.76252, 0.674648, 0.068404]",0.9374,0.9374,22.56,0.9993,0.9771,0.915915,7,17.36,18.83,1.47,2,1.12,0.2381,"[[17.36, 17.86], [18.21, 18.83]]",bird-mixit+tweetynet
cintit13,Parus cinereus,xc:756636,xc_756636,0,"[0.986161, 0.0, 0.0, 0.0]",0.9862,0.9862,18.48,0.9999,0.9271,0.914324,5,12.66,16.88,4.22,3,3.58,0.1517,"[[12.66, 12.86], [13.14, 13.66], [14.02, 16.88]]",bird-mixit+tweetynet
cintit13,Parus cinereus,xc:741499,xc_741499,1,"[0.0, 0.975132, 0.0, 0.178469]",0.9751,0.9751,18.85,0.9997,0.9343,0.910995,1,1.1,1.83,0.73,1,0.73,0.0,"[[1.1, 1.83]]",bird-mixit+tweetynet
cintit13,Parus cinereus,xc:37771,xc_37771,0,"[0.963081, 0.00986, 0.0, 0.0]",0.9631,0.9631,19.42,0.9992,0.9437,0.908905,4,12.52,19.46,6.94,8,6.0,0.1354,"[[12.52, 13.87], [14.08, 15.8], [15.98, 16.25], [16.32, 16.8], [16.85, 18.18], [18.26, 18.66], [18.93, 19.01], [19.09, 19.46]]",bird-mixit+tweetynet
cintit13,Parus cinereus,xc:778604,xc_778604,0,"[0.967551, 0.0, 0.0, 0.0]",0.9676,0.9676,19.05,0.9988,0.9374,0.907008,22,40.53,41.72,1.19,4,0.56,0.5294,"[[40.53, 40.56], [40.95, 41.01], [41.1, 41.5], [41.65, 41.72]]",bird-mixit+tweetynet
cintit13,Parus cinereus,xc:37771,xc_37771,0,"[0.963081, 0.00986, 0.0, 0.0]",0.9631,0.9631,19.29,0.9978,0.9409,0.906207,8,29.35,36.6,7.25,11,5.67,0.2179,"[[29.35, 29.97], [30.11, 30.4], [30.47, 30.88], [31.22, 31.39], [31.56, 31.68], [31.73, 32.1], [32.2, 34.56], [34.7, 34.94], [35.01, 35.09], [35.29, 35.81], [36.11, 36.6]]",bird-mixit+tweetynet
cintit13,Parus cinereus,xc:663232,xc_663232,0,"[0.942765, 0.0, 0.0, 0.0]",0.9428,0.9428,20.46,0.9999,0.9584,0.903607,1,1.22,4.65,3.43,7,2.9,0.1545,"[[1.22, 1.31], [1.37, 1.4], [1.47, 3.2], [3.35, 3.4], [3.52, 3.69], [3.75, 4.45], [4.52, 4.65]]",bird-mixit+tweetynet
cintit13,Parus cinereus,xc:472858,xc_472858,0,"[0.995422, 0.00971, 0.0, 0.006658]",0.9954,0.9954,17.48,1.0,0.9042,0.899998,7,13.56,15.25,1.69,1,1.69,0.0,"[[13.56, 15.25]]",bird-mixit+tweetynet
cintit13,Parus cinereus,xc:319962,xc_319962,0,"[0.993179, 0.022928, 0.014704, 0.026877]",0.9932,0.9932,17.52,0.9998,0.905,0.898872,5,13.99,15.86,1.87,3,1.5,0.1979,"[[13.99, 14.2], [14.28, 15.36], [15.65, 15.86]]",bird-mixit+tweetynet
cintit13,Parus cinereus,xc:40062,xc_40062,0,"[0.910258, 0.248704, 0.0, 0.0]",0.9103,0.9103,23.6,0.9998,0.9833,0.895083,2,3.93,4.93,1.0,3,0.66,0.34,"[[3.93, 4.04], [4.23, 4.74], [4.89, 4.93]]",bird-mixit+tweetynet
cintit13,Parus cinereus,xc:116468,xc_116468,1,"[0.005993, 0.900065, 0.021521, 0.135991]",0.9001,0.9001,24.99,0.9977,0.9879,0.889171,7,12.83,13.31,0.48,1,0.48,0.0,"[[12.83, 13.31]]",bird-mixit+tweetynet
cintit13,Parus cinereus,xc:882263,xc_882263,1,"[0.0, 0.939898, 0.0, 0.0]",0.9399,0.9399,19.45,0.9999,0.9445,0.887692,4,10.25,14.98,4.73,5,4.05,0.1438,"[[10.25, 10.29], [10.4, 10.5], [10.62, 14.26], [14.48, 14.52], [14.75, 14.98]]",bird-mixit+tweetynet
cintit13,Parus cinereus,xc:189580,xc_189580,0,"[0.887587, 0.699715, 0.0, 0.0]",0.8876,0.8876,31.84,1.0,0.9986,0.886334,0,0.21,1.89,1.68,2,1.47,0.125,"[[0.21, 1.32], [1.53, 1.89]]",bird-mixit+tweetynet
cintit13,Parus cinereus,xc:741499,xc_741499,1,"[0.0, 0.975132, 0.0, 0.178469]",0.9751,0.9751,17.66,0.9997,0.9086,0.885994,8,15.75,16.69,0.94,2,0.71,0.2447,"[[15.75, 15.81], [16.04, 16.69]]",bird-mixit+tweetynet
cintit13,Parus cinereus,xc:778604,xc_778604,0,"[0.967551, 0.0, 0.0, 0.0]",0.9676,0.9676,18.05,0.9895,0.9132,0.883639,30,55.92,56.18,0.26,2,0.11,0.5769,"[[55.92, 55.98], [56.13, 56.18]]",bird-mixit+tweetynet
cintit13,Parus cinereus,xc:189580,xc_189580,0,"[0.887587, 0.699715, 0.0, 0.0]",0.8876,0.8876,27.34,1.0,0.9945,0.882739,18,47.31,49.44,2.13,3,1.63,0.2347,"[[47.31, 47.52], [47.83, 48.7], [48.89, 49.44]]",bird-mixit+tweetynet
cintit13,Parus cinereus,xc:116468,xc_116468,1,"[0.005993, 0.900065, 0.021521, 0.135991]",0.9001,0.9001,22.62,0.9997,0.9777,0.879997,0,0.02,1.21,1.19,3,0.84,0.2941,"[[0.02, 0.24], [0.33, 0.38], [0.64, 1.21]]",bird-mixit+tweetynet
cintit13,Parus cinereus,xc:189580,xc_189580,0,"[0.887587, 0.699715, 0.0, 0.0]",0.8876,0.8876,23.57,1.0,0.9832,0.872724,4,11.77,17.81,6.04,6,5.34,0.1159,"[[11.77, 12.56], [12.84, 16.15], [16.23, 16.37], [16.5, 16.96], [17.09, 17.26], [17.34, 17.81]]",bird-mixit+tweetynet
cintit13,Parus cinereus,xc:882263,xc_882263,1,"[0.0, 0.939898, 0.0, 0.0]",0.9399,0.9399,18.47,0.9999,0.9268,0.871116,0,0.82,4.73,3.91,3,3.63,0.0716,"[[0.82, 4.24], [4.44, 4.59], [4.67, 4.73]]",bird-mixit+tweetynet
cintit13,Parus cinereus,xc:467589,xc_467589,0,"[0.989579, 0.977817, 0.889527, 0.812218]",0.9896,0.9896,16.65,0.9996,0.8802,0.871048,16,36.65,37.72,1.07,2,0.96,0.1028,"[[36.65, 37.54], [37.65, 37.72]]",bird-mixit+tweetynet
cintit13,Parus cinereus,xc:189580,xc_189580,0,"[0.887587, 0.699715, 0.0, 0.0]",0.8876,0.8876,22.82,1.0,0.9791,0.869018,13,35.84,39.1,3.26,4,2.86,0.1227,"[[35.84, 35.95], [36.05, 36.3], [36.52, 36.67], [36.75, 39.1]]",bird-mixit+tweetynet
cintit13,Parus cinereus,xc:547900,xc_547900,0,"[0.868941, 0.151657, 0.0, 0.0]",0.8689,0.8689,41.19,0.9997,0.9998,0.868716,8,8.7,9.25,0.55,3,0.3,0.4545,"[[8.7, 8.86], [9.02, 9.1], [9.19, 9.25]]",bird-mixit+tweetynet
cintit13,Parus cinereus,xc:319962,xc_319962,0,"[0.993179, 0.022928, 0.014704, 0.026877]",0.9932,0.9932,16.47,0.9999,0.8744,0.868418,6,16.71,18.21,1.5,2,1.22,0.1867,"[[16.71, 17.83], [18.11, 18.21]]",bird-mixit+tweetynet
cintit13,Parus cinereus,xc:547900,xc_547900,0,"[0.868941, 0.151657, 0.0, 0.0]",0.8689,0.8689,41.49,0.9949,0.9974,0.866608,15,17.96,19.87,1.91,5,1.43,0.2513,"[[17.96, 18.0], [18.07, 18.18], [18.38, 18.64], [18.7, 18.87], [19.02, 19.87]]",bird-mixit+tweetynet
cintit13,Parus cinereus,xc:547900,xc_547900,0,"[0.868941, 0.151657, 0.0, 0.0]",0.8689,0.8689,27.03,0.9985,0.9933,0.863057,5,6.59,6.74,0.15,1,0.15,0.0,"[[6.59, 6.74]]",bird-mixit+tweetynet
cintit13,Parus cinereus,xc:547900,xc_547900,0,"[0.868941, 0.151657, 0.0, 0.0]",0.8689,0.8689,33.83,0.9854,0.9919,0.861864,1,1.79,3.48,1.69,5,1.28,0.2426,"[[1.79, 1.83], [1.94, 1.97], [2.04, 3.02], [3.08, 3.23], [3.4, 3.48]]",bird-mixit+tweetynet
cintit13,Parus cinereus,xc:1030712,xc_1030712,0,"[0.975415, 0.611047, 0.0, 0.0]",0.9754,0.9754,16.55,0.9999,0.8771,0.855523,3,9.67,14.67,5.0,11,3.79,0.242,"[[9.67, 9.78], [10.06, 10.19], [10.37, 10.62], [10.78, 10.85], [10.91, 11.07], [11.31, 11.43], [11.49, 11.73], [11.78, 12.19], [12.25, 13.6], [13.65, 14.09], [14.16, 14.67]]",bird-mixit+tweetynet
cintit13,Parus cinereus,xc:625315,xc_625315,0,"[0.964352, 0.0, 0.0, 0.0]",0.9644,0.9644,16.57,0.9998,0.8775,0.846262,1,1.8,5.26,3.46,1,3.46,0.0,"[[1.8, 5.26]]",bird-mixit+tweetynet
cintit13,Parus cinereus,xc:778604,xc_778604,0,"[0.967551, 0.0, 0.0, 0.0]",0.9676,0.9676,16.44,0.9995,0.8733,0.845008,17,29.18,30.6,1.42,3,0.98,0.3099,"[[29.18, 29.21], [29.6, 30.43], [30.48, 30.6]]",bird-mixit+tweetynet
cintit13,Parus cinereus,xc:547900,xc_547900,0,"[0.868941, 0.151657, 0.0, 0.0]",0.8689,0.8689,22.26,0.9937,0.9723,0.844794,10,10.6,12.14,1.54,3,1.21,0.2143,"[[10.6, 10.9], [11.1, 11.93], [12.06, 12.14]]",bird-mixit+tweetynet
cintit13,Parus cinereus,xc:777400,xc_777400,0,"[0.962262, 0.0, 0.0, 0.0]",0.9623,0.9623,16.56,0.9999,0.8774,0.844325,0,0.64,4.09,3.45,1,3.45,0.0,"[[0.64, 4.09]]",bird-mixit+tweetynet
cintit13,Parus cinereus,xc:319793,xc_319793,1,"[0.0, 0.935088, 0.0, 0.022285]",0.9351,0.9351,17.35,0.9995,0.9004,0.84201,0,0.36,1.64,1.28,2,1.15,0.1016,"[[0.36, 0.86], [0.99, 1.64]]",bird-mixit+tweetynet
cintit13,Parus cinereus,xc:319791,xc_319791,0,"[0.861265, 0.0, 0.0, 0.0]",0.8613,0.8613,22.37,0.9993,0.9758,0.840454,9,15.08,17.53,2.45,3,2.03,0.1714,"[[15.08, 15.16], [15.37, 15.6], [15.81, 17.53]]",bird-mixit+tweetynet
cintit13,Parus cinereus,xc:319962,xc_319962,0,"[0.993179, 0.022928, 0.014704, 0.026877]",0.9932,0.9932,15.59,0.9988,0.842,0.836277,9,24.99,26.78,1.79,2,1.48,0.1732,"[[24.99, 26.1], [26.41, 26.78]]",bird-mixit+tweetynet
cintit13,Parus cinereus,xc:778604,xc_778604,0,"[0.967551, 0.0, 0.0, 0.0]",0.9676,0.9676,16.05,0.9988,0.8595,0.831694,4,8.46,10.25,1.79,4,0.95,0.4693,"[[8.46, 8.59], [8.75, 8.81], [9.18, 9.21], [9.52, 10.25]]",bird-mixit+tweetynet
cintit13,Parus cinereus,xc:319791,xc_319791,0,"[0.861265, 0.0, 0.0, 0.0]",0.8613,0.8613,20.82,0.9997,0.9624,0.828888,7,8.9,13.0,4.1,11,2.39,0.4171,"[[8.9, 8.95], [9.14, 9.94], [10.07, 10.12], [10.19, 10.22], [10.48, 10.69], [11.02, 11.05], [11.2, 11.24], [11.33, 12.14], [12.3, 12.37], [12.56, 12.8], [12.94, 13.0]]",bird-mixit+tweetynet
cintit13,Parus cinereus,xc:513451,xc_513451,0,"[0.835918, 0.0, 0.0, 0.0]",0.8359,0.8359,25.32,0.9999,0.99,0.827529,7,33.8,40.87,7.07,6,6.37,0.099,"[[33.8, 34.41], [34.46, 34.58], [34.73, 35.14], [35.19, 35.52], [35.6, 36.68], [37.05, 40.87]]",bird-mixit+tweetynet
cintit13,Parus cinereus,xc:319792,xc_319792,0,"[0.992695, 0.0, 0.0, 0.0]",0.9927,0.9927,15.35,0.9989,0.8324,0.826277,5,12.36,13.71,1.35,3,0.95,0.2963,"[[12.36, 12.43], [12.53, 13.33], [13.63, 13.71]]",bird-mixit+tweetynet
cintit13,Parus cinereus,xc:189580,xc_189580,0,"[0.887587, 0.699715, 0.0, 0.0]",0.8876,0.8876,18.67,1.0,0.9308,0.826208,6,21.25,23.12,1.87,2,1.82,0.0267,"[[21.25, 22.09], [22.14, 23.12]]",bird-mixit+tweetynet
cintit13,Parus cinereus,xc:40062,xc_40062,0,"[0.910258, 0.248704, 0.0, 0.0]",0.9103,0.9103,17.49,1.0,0.9044,0.823241,1,2.39,2.93,0.54,1,0.54,0.0,"[[2.39, 2.93]]",bird-mixit+tweetynet
cintit13,Parus cinereus,xc:513451,xc_513451,0,"[0.835918, 0.0, 0.0, 0.0]",0.8359,0.8359,22.31,0.9999,0.9757,0.815586,4,17.49,24.52,7.03,6,6.3,0.1038,"[[17.49, 18.16], [18.38, 18.91], [18.96, 19.0], [19.06, 19.1], [19.32, 20.29], [20.47, 24.52]]",bird-mixit+tweetynet
cintit13,Parus cinereus,xc:319794,xc_319794,0,"[0.960891, 0.0, 0.0, 0.0]",0.9609,0.9609,15.32,0.9998,0.8314,0.798904,0,0.52,3.61,3.09,1,3.09,0.0,"[[0.52, 3.61]]",bird-mixit+tweetynet
cintit13,Parus cinereus,xc:625315,xc_625315,0,"[0.964352, 0.0, 0.0, 0.0]",0.9644,0.9644,15.22,0.9998,0.827,0.797537,3,8.51,11.01,2.5,1,2.5,0.0,"[[8.51, 11.01]]",bird-mixit+tweetynet
cintit13,Parus cinereus,xc:777400,xc_777400,0,"[0.962262, 0.0, 0.0, 0.0]",0.9623,0.9623,15.25,0.9999,0.8284,0.797162,3,7.35,9.86,2.51,1,2.51,0.0,"[[7.35, 9.86]]",bird-mixit+tweetynet
cintit13,Parus cinereus,xc:426734,xc_426734,0,"[0.982006, 0.0, 0.0, 0.0]",0.982,0.982,14.85,1.0,0.8108,0.796232,1,6.81,9.28,2.47,1,2.47,0.0,"[[6.81, 9.28]]",bird-mixit+tweetynet
cintit13,Parus cinereus,xc:1047124,xc_1047124,0,"[0.944198, 0.0, 0.0, 0.0]",0.9442,0.9442,15.6,0.9976,0.8419,0.794924,8,22.44,23.57,1.13,1,1.13,0.0,"[[22.44, 23.57]]",bird-mixit+tweetynet
cintit13,Parus cinereus,xc:777400,xc_777400,0,"[0.962262, 0.0, 0.0, 0.0]",0.9623,0.9623,14.82,0.9998,0.8094,0.778917,5,12.85,16.33,3.48,1,3.48,0.0,"[[12.85, 16.33]]",bird-mixit+tweetynet
cintit13,Parus cinereus,xc:625315,xc_625315,0,"[0.964352, 0.0, 0.0, 0.0]",0.9644,0.9644,14.61,0.9997,0.7995,0.771009,7,14.01,17.46,3.45,1,3.45,0.0,"[[14.01, 17.46]]",bird-mixit+tweetynet
cintit13,Parus cinereus,xc:319792,xc_319792,0,"[0.992695, 0.0, 0.0, 0.0]",0.9927,0.9927,14.1,0.9994,0.7738,0.768115,1,3.67,4.81,1.14,2,0.97,0.1491,"[[3.67, 3.76], [3.93, 4.81]]",bird-mixit+tweetynet
comkin1,Alcedo atthis,xc:511572,xc_511572,0,"[0.999954, 0.011097, 0.002779, 0.0]",1.0,1.0,35.63,0.9999,0.9995,0.999494,40,79.29,79.56,0.27,1,0.27,0.0,"[[79.29, 79.56]]",bird-mixit+tweetynet
comkin1,Alcedo atthis,xc:511572,xc_511572,0,"[0.999954, 0.011097, 0.002779, 0.0]",1.0,1.0,35.61,0.9999,0.9995,0.999484,56,101.95,102.31,0.36,1,0.36,0.0,"[[101.95, 102.31]]",bird-mixit+tweetynet
comkin1,Alcedo atthis,xc:511572,xc_511572,0,"[0.999954, 0.011097, 0.002779, 0.0]",1.0,1.0,34.41,0.9999,0.9993,0.999313,45,88.51,89.59,1.08,3,0.64,0.4074,"[[88.51, 88.61], [88.86, 89.1], [89.29, 89.59]]",bird-mixit+tweetynet
comkin1,Alcedo atthis,xc:511572,xc_511572,0,"[0.999954, 0.011097, 0.002779, 0.0]",1.0,1.0,34.21,1.0,0.9993,0.999285,66,116.07,116.57,0.5,1,0.5,0.0,"[[116.07, 116.57]]",bird-mixit+tweetynet
comkin1,Alcedo atthis,xc:310867,xc_310867,1,"[0.0, 0.999495, 0.105743, 0.03251]",0.9995,0.9995,33.93,0.9998,0.9991,0.99864,12,41.59,42.49,0.9,2,0.72,0.2,"[[41.59, 41.67], [41.85, 42.49]]",bird-mixit+tweetynet
comkin1,Alcedo atthis,xc:686539,xc_686539,0,"[0.998714, 0.0, 0.0, 0.0]",0.9987,0.9987,38.63,1.0,0.9998,0.998505,0,0.18,2.47,2.29,3,1.71,0.2533,"[[0.18, 1.15], [1.42, 1.71], [2.02, 2.47]]",bird-mixit+tweetynet
comkin1,Alcedo atthis,xc:511572,xc_511572,0,"[0.999954, 0.011097, 0.002779, 0.0]",1.0,1.0,31.59,0.9999,0.9984,0.998399,72,124.87,126.25,1.38,5,0.57,0.587,"[[124.87, 125.02], [125.3, 125.34], [125.42, 125.5], [125.85, 125.89], [125.99, 126.25]]",bird-mixit+tweetynet
comkin1,Alcedo atthis,xc:118166,xc_118166,1,"[0.0, 0.999721, 0.0, 0.0]",0.9997,0.9997,32.13,1.0,0.9987,0.998387,0,0.89,2.63,1.74,6,1.02,0.4138,"[[0.89, 0.93], [1.06, 1.12], [1.28, 1.32], [1.39, 1.52], [1.59, 1.71], [2.0, 2.63]]",bird-mixit+tweetynet
comkin1,Alcedo atthis,xc:686539,xc_686539,0,"[0.998714, 0.0, 0.0, 0.0]",0.9987,0.9987,35.47,1.0,0.9995,0.998214,1,2.95,8.11,5.16,6,4.3,0.1667,"[[2.95, 3.18], [3.46, 3.72], [3.92, 4.21], [4.36, 6.8], [6.85, 7.31], [7.49, 8.11]]",bird-mixit+tweetynet
comkin1,Alcedo atthis,xc:331886,xc_331886,1,"[0.0, 0.998436, 0.0, 0.0]",0.9984,0.9984,36.02,1.0,0.9996,0.997992,1,5.73,6.65,0.92,1,0.92,0.0,"[[5.73, 6.65]]",bird-mixit+tweetynet
comkin1,Alcedo atthis,xc:331886,xc_331886,1,"[0.0, 0.998436, 0.0, 0.0]",0.9984,0.9984,33.56,1.0,0.9991,0.99755,2,9.81,10.55,0.74,2,0.66,0.1081,"[[9.81, 10.16], [10.24, 10.55]]",bird-mixit+tweetynet
comkin1,Alcedo atthis,xc:310867,xc_310867,1,"[0.0, 0.999495, 0.105743, 0.03251]",0.9995,0.9995,30.81,1.0,0.998,0.997538,17,60.16,62.24,2.08,5,1.44,0.3077,"[[60.16, 60.34], [60.55, 60.67], [60.74, 61.75], [61.98, 62.07], [62.2, 62.24]]",bird-mixit+tweetynet
comkin1,Alcedo atthis,xc:686539,xc_686539,0,"[0.998714, 0.0, 0.0, 0.0]",0.9987,0.9987,32.57,0.9999,0.9988,0.997499,6,18.57,19.31,0.74,2,0.64,0.1351,"[[18.57, 18.6], [18.7, 19.31]]",bird-mixit+tweetynet
comkin1,Alcedo atthis,xc:686539,xc_686539,0,"[0.998714, 0.0, 0.0, 0.0]",0.9987,0.9987,32.77,0.9996,0.9987,0.997443,7,20.16,20.83,0.67,2,0.4,0.403,"[[20.16, 20.2], [20.47, 20.83]]",bird-mixit+tweetynet
comkin1,Alcedo atthis,xc:310867,xc_310867,1,"[0.0, 0.999495, 0.105743, 0.03251]",0.9995,0.9995,30.57,1.0,0.9979,0.997401,25,81.62,85.41,3.79,6,3.16,0.1662,"[[81.62, 82.2], [82.25, 83.52], [83.66, 83.95], [84.21, 84.53], [84.59, 85.0], [85.12, 85.41]]",bird-mixit+tweetynet
comkin1,Alcedo atthis,xc:795701,xc_795701,1,"[0.0, 0.998733, 0.0, 0.0]",0.9987,0.9987,31.27,1.0,0.9983,0.996985,2,5.38,6.08,0.7,2,0.5,0.2857,"[[5.38, 5.57], [5.77, 6.08]]",bird-mixit+tweetynet
comkin1,Alcedo atthis,xc:118166,xc_118166,1,"[0.0, 0.999721, 0.0, 0.0]",0.9997,0.9997,29.19,1.0,0.9968,0.996536,5,11.89,12.38,0.49,2,0.37,0.2449,"[[11.89, 12.21], [12.33, 12.38]]",bird-mixit+tweetynet
comkin1,Alcedo atthis,xc:310867,xc_310867,1,"[0.0, 0.999495, 0.105743, 0.03251]",0.9995,0.9995,28.83,0.9999,0.9964,0.995935,22,73.0,76.22,3.22,4,2.95,0.0839,"[[73.0, 73.04], [73.14, 74.95], [75.0, 75.96], [76.08, 76.22]]",bird-mixit+tweetynet
comkin1,Alcedo atthis,xc:310867,xc_310867,1,"[0.0, 0.999495, 0.105743, 0.03251]",0.9995,0.9995,28.23,0.9999,0.9958,0.995262,27,90.05,94.4,4.35,8,3.32,0.2368,"[[90.05, 90.32], [90.5, 90.88], [90.97, 91.08], [91.24, 91.34], [91.42, 91.53], [91.78, 93.29], [93.48, 94.22], [94.3, 94.4]]",bird-mixit+tweetynet
comkin1,Alcedo atthis,xc:331886,xc_331886,1,"[0.0, 0.998436, 0.0, 0.0]",0.9984,0.9984,28.56,1.0,0.9962,0.994601,13,38.8,40.27,1.47,2,1.37,0.068,"[[38.8, 39.14], [39.24, 40.27]]",bird-mixit+tweetynet
comkin1,Alcedo atthis,xc:288219,xc_288219,1,"[0.0, 0.998917, 0.0, 0.0]",0.9989,0.9989,28.43,0.9985,0.9953,0.994192,19,32.54,33.92,1.38,3,0.7,0.4928,"[[32.54, 32.77], [33.07, 33.16], [33.54, 33.92]]",bird-mixit+tweetynet
comkin1,Alcedo atthis,xc:686539,xc_686539,0,"[0.998714, 0.0, 0.0, 0.0]",0.9987,0.9987,27.66,0.9999,0.995,0.993686,3,9.72,10.44,0.72,2,0.53,0.2639,"[[9.72, 10.07], [10.26, 10.44]]",bird-mixit+tweetynet
comkin1,Alcedo atthis,xc:288219,xc_288219,1,"[0.0, 0.998917, 0.0, 0.0]",0.9989,0.9989,26.4,0.9981,0.9918,0.990737,2,4.26,6.11,1.85,5,0.95,0.4865,"[[4.26, 4.4], [4.78, 4.98], [5.12, 5.38], [5.58, 5.85], [6.03, 6.11]]",bird-mixit+tweetynet
comkin1,Alcedo atthis,xc:331886,xc_331886,1,"[0.0, 0.998436, 0.0, 0.0]",0.9984,0.9984,26.16,1.0,0.9922,0.990631,4,15.32,18.0,2.68,1,2.68,0.0,"[[15.32, 18.0]]",bird-mixit+tweetynet
comkin1,Alcedo atthis,xc:288219,xc_288219,1,"[0.0, 0.998917, 0.0, 0.0]",0.9989,0.9989,26.08,0.9988,0.9914,0.990356,1,2.51,3.85,1.34,3,1.06,0.209,"[[2.51, 2.87], [3.1, 3.59], [3.64, 3.85]]",bird-mixit+tweetynet
comkin1,Alcedo atthis,xc:795701,xc_795701,1,"[0.0, 0.998733, 0.0, 0.0]",0.9987,0.9987,25.93,0.9999,0.9916,0.990355,7,24.84,26.11,1.27,3,1.04,0.1811,"[[24.84, 25.22], [25.29, 25.58], [25.74, 26.11]]",bird-mixit+tweetynet
comkin1,Alcedo atthis,xc:591060,xc_591060,0,"[0.999783, 0.114226, 0.0, 0.013584]",0.9998,0.9998,24.89,1.0,0.9886,0.988436,0,0.32,8.09,7.77,3,7.5,0.0347,"[[0.32, 5.16], [5.38, 6.24], [6.29, 8.09]]",bird-mixit+tweetynet
comkin1,Alcedo atthis,xc:401455,xc_401455,0,"[0.99977, 0.0, 0.0, 0.0]",0.9998,0.9998,24.86,1.0,0.9885,0.988343,0,0.02,2.25,2.23,4,1.79,0.1973,"[[0.02, 0.56], [0.75, 1.13], [1.28, 1.75], [1.85, 2.25]]",bird-mixit+tweetynet
comkin1,Alcedo atthis,xc:632931,xc_632931,0,"[0.999326, 0.0, 0.0, 0.0]",0.9993,0.9993,25.01,0.9999,0.989,0.988337,2,5.44,7.23,1.79,2,1.72,0.0391,"[[5.44, 6.29], [6.36, 7.23]]",bird-mixit+tweetynet
comkin1,Alcedo atthis,xc:331886,xc_331886,1,"[0.0, 0.998436, 0.0, 0.0]",0.9984,0.9984,25.27,1.0,0.9898,0.988264,12,36.74,38.39,1.65,2,1.44,0.1273,"[[36.74, 36.98], [37.19, 38.39]]",bird-mixit+tweetynet
comkin1,Alcedo atthis,xc:288219,xc_288219,1,"[0.0, 0.998917, 0.0, 0.0]",0.9989,0.9989,25.47,0.997,0.9889,0.98784,20,34.53,36.61,2.08,6,1.11,0.4663,"[[34.53, 34.72], [35.08, 35.37], [35.52, 35.94], [36.0, 36.04], [36.38, 36.42], [36.48, 36.61]]",bird-mixit+tweetynet
comkin1,Alcedo atthis,xc:498608,xc_498608,0,"[0.996052, 0.0, 0.0, 0.0]",0.9961,0.9961,25.87,1.0,0.9915,0.987633,0,0.66,1.18,0.52,1,0.52,0.0,"[[0.66, 1.18]]",bird-mixit+tweetynet
comkin1,Alcedo atthis,xc:798304,xc_798304,0,"[0.992737, 0.0, 0.0, 0.029742]",0.9927,0.9927,26.02,0.9998,0.9918,0.984556,4,11.22,12.2,0.98,3,0.69,0.2959,"[[11.22, 11.27], [11.37, 11.92], [12.11, 12.2]]",bird-mixit+tweetynet
comkin1,Alcedo atthis,xc:287560,xc_287560,0,"[0.990317, 0.688961, 0.018395, 0.0]",0.9903,0.9903,27.18,0.9997,0.9941,0.98448,1,7.64,7.86,0.22,1,0.22,0.0,"[[7.64, 7.86]]",bird-mixit+tweetynet
comkin1,Alcedo atthis,xc:591054,xc_591054,0,"[0.999519, 0.0, 0.0, 0.0]",0.9995,0.9995,23.92,1.0,0.9849,0.984377,2,2.98,6.0,3.02,4,2.62,0.1325,"[[2.98, 3.83], [3.92, 4.04], [4.13, 5.0], [5.22, 6.0]]",bird-mixit+tweetynet
comkin1,Alcedo atthis,xc:795701,xc_795701,1,"[0.0, 0.998733, 0.0, 0.0]",0.9987,0.9987,23.92,0.9999,0.9848,0.983564,10,28.75,29.28,0.53,1,0.53,0.0,"[[28.75, 29.28]]",bird-mixit+tweetynet
comkin1,Alcedo atthis,xc:287560,xc_287560,0,"[0.990317, 0.688961, 0.018395, 0.0]",0.9903,0.9903,26.33,0.9997,0.9925,0.982835,0,2.76,4.77,2.01,5,1.35,0.3284,"[[2.76, 2.85], [3.05, 3.33], [3.45, 3.7], [3.76, 4.31], [4.59, 4.77]]",bird-mixit+tweetynet
comkin1,Alcedo atthis,xc:544658,xc_544658,0,"[0.999686, 0.0, 0.0, 0.0]",0.9997,0.9997,23.5,1.0,0.9829,0.982578,0,0.07,6.63,6.56,12,4.98,0.2409,"[[0.07, 0.55], [0.66, 1.0], [1.16, 1.68], [1.74, 2.1], [2.31, 3.13], [3.35, 4.1], [4.33, 4.65], [4.81, 5.16], [5.23, 5.48], [5.57, 5.83], [5.9, 6.1], [6.3, 6.63]]",bird-mixit+tweetynet
comkin1,Alcedo atthis,xc:798304,xc_798304,0,"[0.992737, 0.0, 0.0, 0.029742]",0.9927,0.9927,25.11,0.9999,0.9893,0.982085,7,14.42,15.42,1.0,2,0.93,0.07,"[[14.42, 14.97], [15.04, 15.42]]",bird-mixit+tweetynet
comkin1,Alcedo atthis,xc:716236,xc_716236,0,"[0.991284, 0.0, 0.0, 0.0]",0.9913,0.9913,25.58,0.9996,0.9906,0.981954,13,24.9,26.37,1.47,4,0.63,0.5714,"[[24.9, 24.99], [25.23, 25.6], [25.87, 25.99], [26.32, 26.37]]",bird-mixit+tweetynet
comkin1,Alcedo atthis,xc:795701,xc_795701,1,"[0.0, 0.998733, 0.0, 0.0]",0.9987,0.9987,23.41,0.9999,0.9824,0.981096,5,11.65,17.14,5.49,6,4.91,0.1056,"[[11.65, 11.94], [12.0, 12.92], [13.04, 13.16], [13.33, 13.62], [13.8, 14.27], [14.32, 17.14]]",bird-mixit+tweetynet
comkin1,Alcedo atthis,xc:800955,xc_800955,1,"[0.0, 0.984591, 0.0, 0.0]",0.9846,0.9846,29.03,0.9995,0.9964,0.981077,13,27.51,28.32,0.81,3,0.49,0.3951,"[[27.51, 27.72], [27.86, 28.11], [28.29, 28.32]]",bird-mixit+tweetynet
comkin1,Alcedo atthis,xc:795701,xc_795701,1,"[0.0, 0.998733, 0.0, 0.0]",0.9987,0.9987,23.2,0.9998,0.9812,0.979915,13,34.01,37.67,3.66,10,2.0,0.4536,"[[34.01, 34.13], [34.41, 34.8], [35.0, 35.2], [35.28, 35.6], [35.86, 36.06], [36.26, 36.33], [36.45, 36.65], [36.91, 37.08], [37.26, 37.37], [37.45, 37.67]]",bird-mixit+tweetynet
comkin1,Alcedo atthis,xc:288219,xc_288219,1,"[0.0, 0.998917, 0.0, 0.0]",0.9989,0.9989,23.34,0.9972,0.9807,0.979644,3,6.77,9.14,2.37,5,1.42,0.4008,"[[6.77, 7.13], [7.43, 7.46], [7.73, 7.97], [8.29, 8.78], [8.84, 9.14]]",bird-mixit+tweetynet
comkin1,Alcedo atthis,xc:287560,xc_287560,0,"[0.990317, 0.688961, 0.018395, 0.0]",0.9903,0.9903,24.8,0.9999,0.9883,0.978708,3,10.36,10.57,0.21,1,0.21,0.0,"[[10.36, 10.57]]",bird-mixit+tweetynet
comkin1,Alcedo atthis,xc:460195,xc_460195,0,"[0.976096, 0.0, 0.0, 0.0]",0.9761,0.9761,49.63,1.0,1.0,0.976088,3,4.86,5.48,0.62,2,0.52,0.1613,"[[4.86, 5.0], [5.1, 5.48]]",bird-mixit+tweetynet
comkin1,Alcedo atthis,xc:460195,xc_460195,0,"[0.976096, 0.0, 0.0, 0.0]",0.9761,0.9761,37.75,1.0,0.9998,0.975859,4,6.34,6.56,0.22,1,0.22,0.0,"[[6.34, 6.56]]",bird-mixit+tweetynet
comkin1,Alcedo atthis,xc:596986,xc_596986,0,"[0.998574, 0.0, 0.0, 0.0]",0.9986,0.9986,22.54,0.9997,0.9772,0.975794,26,50.22,56.9,6.68,7,5.94,0.1108,"[[50.22, 52.33], [52.4, 52.67], [52.82, 53.06], [53.15, 54.94], [55.21, 55.41], [55.52, 55.7], [55.75, 56.9]]",bird-mixit+tweetynet
comkin1,Alcedo atthis,xc:460195,xc_460195,0,"[0.976096, 0.0, 0.0, 0.0]",0.9761,0.9761,36.56,1.0,0.9996,0.975757,0,0.09,0.9,0.81,2,0.74,0.0864,"[[0.09, 0.18], [0.25, 0.9]]",bird-mixit+tweetynet
comkin1,Alcedo atthis,xc:460195,xc_460195,0,"[0.976096, 0.0, 0.0, 0.0]",0.9761,0.9761,32.8,1.0,0.9989,0.975049,1,1.69,2.43,0.74,2,0.42,0.4324,"[[1.69, 1.88], [2.2, 2.43]]",bird-mixit+tweetynet
comkin1,Alcedo atthis,xc:463076,xc_463076,0,"[0.999648, 0.0, 0.0, 0.0]",0.9996,0.9996,21.98,0.9999,0.9732,0.97277,0,0.02,7.15,7.13,8,6.43,0.0982,"[[0.02, 0.08], [0.17, 0.53], [0.58, 2.86], [3.0, 3.25], [3.3, 4.58], [4.76, 5.24], [5.33, 6.9], [7.0, 7.15]]",bird-mixit+tweetynet
comkin1,Alcedo atthis,xc:185682,xc_185682,0,"[0.997427, 0.0, 0.0, 0.0]",0.9974,0.9974,22.24,1.0,0.9752,0.972628,1,2.16,6.61,4.45,12,2.81,0.3685,"[[2.16, 2.41], [2.54, 2.88], [2.93, 3.1], [3.39, 3.61], [3.82, 4.04], [4.25, 4.43], [4.48, 4.67], [4.83, 5.11], [5.17, 5.33], [5.38, 5.46], [5.69, 5.82], [6.02, 6.61]]",bird-mixit+tweetynet
comkin1,Alcedo atthis,xc:381952,xc_381952,0,"[0.999611, 0.0, 0.0, 0.0]",0.9996,0.9996,21.65,0.9998,0.9705,0.970072,0,0.05,3.14,3.09,7,1.52,0.5081,"[[0.05, 0.11], [0.23, 0.65], [1.0, 1.1], [1.34, 1.71], [2.1, 2.19], [2.53, 2.89], [3.02, 3.14]]",bird-mixit+tweetynet
comkin1,Alcedo atthis,xc:982037,xc_982037,0,"[0.993415, 0.0, 0.0, 0.0]",0.9934,0.9934,22.45,0.999,0.9762,0.969728,1,4.08,4.49,0.41,1,0.41,0.0,"[[4.08, 4.49]]",bird-mixit+tweetynet
comkin1,Alcedo atthis,xc:172868,xc_172868,1,"[0.021476, 0.990922, 0.005868, 0.008921]",0.9909,0.9909,22.81,0.9992,0.9786,0.969672,28,53.04,54.56,1.52,3,1.21,0.2039,"[[53.04, 53.77], [53.82, 54.2], [54.46, 54.56]]",bird-mixit+tweetynet
comkin1,Alcedo atthis,xc:814346,xc_814346,0,"[0.989293, 0.0, 0.00582, 0.0]",0.9893,0.9893,22.99,1.0,0.9801,0.969583,1,2.01,2.67,0.66,1,0.66,0.0,"[[2.01, 2.67]]",bird-mixit+tweetynet
comkin1,Alcedo atthis,xc:287560,xc_287560,0,"[0.990317, 0.688961, 0.018395, 0.0]",0.9903,0.9903,22.6,0.9993,0.9773,0.967854,2,9.51,9.76,0.25,1,0.25,0.0,"[[9.51, 9.76]]",bird-mixit+tweetynet
comkin1,Alcedo atthis,xc:800955,xc_800955,1,"[0.0, 0.984591, 0.0, 0.0]",0.9846,0.9846,23.33,0.9999,0.9819,0.966796,14,30.24,31.27,1.03,3,0.6,0.4175,"[[30.24, 30.56], [30.88, 31.1], [31.21, 31.27]]",bird-mixit+tweetynet
comkin1,Alcedo atthis,xc:1034744,xc_1034744,0,"[0.999733, 0.020291, 0.0, 0.0]",0.9997,0.9997,21.24,1.0,0.9668,0.966481,2,1.5,7.15,5.65,5,5.26,0.069,"[[1.5, 4.48], [4.55, 5.11], [5.16, 5.85], [6.03, 6.22], [6.31, 7.15]]",bird-mixit+tweetynet
comkin1,Alcedo atthis,xc:460195,xc_460195,0,"[0.976096, 0.0, 0.0, 0.0]",0.9761,0.9761,24.75,1.0,0.9882,0.964553,2,3.39,3.64,0.25,1,0.25,0.0,"[[3.39, 3.64]]",bird-mixit+tweetynet
comkin1,Alcedo atthis,xc:172868,xc_172868,1,"[0.021476, 0.990922, 0.005868, 0.008921]",0.9909,0.9909,22.05,0.9978,0.9728,0.963922,10,22.83,23.29,0.46,1,0.46,0.0,"[[22.83, 23.29]]",bird-mixit+tweetynet
comkin1,Alcedo atthis,xc:706762,xc_706762,0,"[0.96845, 0.0, 0.0, 0.0]",0.9685,0.9685,27.27,0.9998,0.9943,0.962993,18,21.45,22.02,0.57,2,0.37,0.3509,"[[21.45, 21.76], [21.96, 22.02]]",bird-mixit+tweetynet
comkin1,Alcedo atthis,xc:706762,xc_706762,0,"[0.96845, 0.0, 0.0, 0.0]",0.9685,0.9685,27.29,0.9982,0.9935,0.962253,14,14.76,17.87,3.11,8,1.83,0.4116,"[[14.76, 14.95], [15.04, 15.12], [15.24, 15.57], [15.76, 16.34], [16.49, 16.75], [16.96, 17.0], [17.28, 17.6], [17.84, 17.87]]",bird-mixit+tweetynet
comkin1,Alcedo atthis,xc:942730,xc_942730,0,"[0.998012, 0.0, 0.0, 0.090354]",0.998,0.998,20.98,0.9994,0.9639,0.96201,1,10.07,11.01,0.94,3,0.4,0.5745,"[[10.07, 10.36], [10.6, 10.65], [10.95, 11.01]]",bird-mixit+tweetynet
comkin1,Alcedo atthis,xc:596986,xc_596986,0,"[0.998574, 0.0, 0.0, 0.0]",0.9986,0.9986,20.56,0.9986,0.9589,0.957553,25,47.65,49.71,2.06,2,1.8,0.1262,"[[47.65, 49.18], [49.44, 49.71]]",bird-mixit+tweetynet
comkin1,Alcedo atthis,xc:706762,xc_706762,0,"[0.96845, 0.0, 0.0, 0.0]",0.9685,0.9685,24.82,0.9999,0.9883,0.957213,13,13.0,13.43,0.43,1,0.43,0.0,"[[13.0, 13.43]]",bird-mixit+tweetynet
comkin1,Alcedo atthis,xc:706762,xc_706762,0,"[0.96845, 0.0, 0.0, 0.0]",0.9685,0.9685,25.11,0.9966,0.9877,0.956579,7,5.44,6.97,1.53,5,0.64,0.5817,"[[5.44, 5.49], [5.78, 5.87], [5.95, 6.15], [6.5, 6.56], [6.73, 6.97]]",bird-mixit+tweetynet
comkin1,Alcedo atthis,xc:778374,xc_778374,0,"[0.996527, 0.0, 0.0, 0.0]",0.9965,0.9965,20.47,0.9992,0.9582,0.954797,0,0.04,1.34,1.3,4,0.85,0.3462,"[[0.04, 0.08], [0.35, 0.75], [0.84, 1.11], [1.2, 1.34]]",bird-mixit+tweetynet
comkin1,Alcedo atthis,xc:146468,xc_146468,0,"[0.983869, 0.0, 0.0, 0.0]",0.9839,0.9839,21.51,1.0,0.9693,0.953685,1,8.02,9.88,1.86,1,1.86,0.0,"[[8.02, 9.88]]",bird-mixit+tweetynet
comkin1,Alcedo atthis,xc:800955,xc_800955,1,"[0.0, 0.984591, 0.0, 0.0]",0.9846,0.9846,21.38,0.9996,0.9679,0.953019,1,9.83,10.74,0.91,3,0.74,0.1868,"[[9.83, 10.01], [10.08, 10.43], [10.53, 10.74]]",bird-mixit+tweetynet
comkin1,Alcedo atthis,xc:425999,xc_425999,0,"[0.995701, 0.0, 0.008573, 0.0]",0.9957,0.9957,20.42,0.9978,0.9569,0.952774,4,13.32,15.47,2.15,5,1.62,0.2465,"[[13.32, 13.93], [14.0, 14.33], [14.53, 14.72], [14.87, 15.14], [15.25, 15.47]]",bird-mixit+tweetynet
comkin1,Alcedo atthis,xc:118166,xc_118166,1,"[0.0, 0.999721, 0.0, 0.0]",0.9997,0.9997,20.02,1.0,0.9528,0.952514,3,8.14,9.96,1.82,4,1.4,0.2308,"[[8.14, 8.37], [8.49, 8.75], [8.93, 9.59], [9.71, 9.96]]",bird-mixit+tweetynet
comkin1,Alcedo atthis,xc:800955,xc_800955,1,"[0.0, 0.984591, 0.0, 0.0]",0.9846,0.9846,21.01,0.9998,0.9645,0.949636,6,16.7,18.09,1.39,3,0.76,0.4532,"[[16.7, 16.73], [17.03, 17.29], [17.62, 18.09]]",bird-mixit+tweetynet
comkin1,Alcedo atthis,xc:660702,xc_660702,0,"[0.950857, 0.0, 0.0, 0.0]",0.9509,0.9509,30.42,1.0,0.9978,0.948824,1,1.94,2.57,0.63,2,0.29,0.5397,"[[1.94, 2.18], [2.52, 2.57]]",bird-mixit+tweetynet
comkin1,Alcedo atthis,xc:544658,xc_544658,0,"[0.999686, 0.0, 0.0, 0.0]",0.9997,0.9997,19.73,1.0,0.9488,0.948539,3,11.42,13.93,2.51,4,2.11,0.1594,"[[11.42, 11.88], [12.09, 12.99], [13.09, 13.71], [13.8, 13.93]]",bird-mixit+tweetynet
compoc,Aythya ferina,xc:609398,xc_609398,0,"[0.999598, 0.926804, 0.115658, 0.940153]",0.9996,0.9996,28.16,0.9817,0.9866,0.986191,52,154.5,156.59,2.09,8,1.03,0.5072,"[[154.5, 154.54], [154.84, 154.91], [155.08, 155.12], [155.35, 155.58], [155.63, 155.97], [156.1, 156.23], [156.31, 156.44], [156.54, 156.59]]",bird-mixit+tweetynet
compoc,Aythya ferina,xc:609398,xc_609398,0,"[0.999598, 0.926804, 0.115658, 0.940153]",0.9996,0.9996,27.43,0.9818,0.9856,0.985236,65,183.51,184.31,0.8,2,0.43,0.4625,"[[183.51, 183.54], [183.91, 184.31]]",bird-mixit+tweetynet
compoc,Aythya ferina,xc:609398,xc_609398,0,"[0.999598, 0.926804, 0.115658, 0.940153]",0.9996,0.9996,29.52,0.956,0.9752,0.974794,16,53.28,57.34,4.06,10,2.38,0.4138,"[[53.28, 53.31], [53.48, 53.58], [53.96, 54.12], [54.38, 55.37], [55.7, 56.03], [56.09, 56.12], [56.24, 56.33], [56.44, 56.54], [56.6, 56.93], [57.12, 57.34]]",bird-mixit+tweetynet
compoc,Aythya ferina,xc:609398,xc_609398,0,"[0.999598, 0.926804, 0.115658, 0.940153]",0.9996,0.9996,26.27,0.9644,0.9748,0.974424,7,16.92,23.01,6.09,15,3.38,0.445,"[[16.92, 17.0], [17.15, 18.08], [18.28, 18.34], [18.64, 18.69], [19.05, 19.16], [19.3, 19.49], [19.66, 19.78], [20.04, 20.21], [20.28, 20.57], [20.7, 20.9], [21.04, 21.07], [21.4, 21.48], [21.68, 22.21], [22.36, 22.85], [22.96, 23.01]]",bird-mixit+tweetynet
compoc,Aythya ferina,xc:609398,xc_609398,0,"[0.999598, 0.926804, 0.115658, 0.940153]",0.9996,0.9996,27.05,0.946,0.9672,0.96679,60,170.07,173.41,3.34,7,1.71,0.488,"[[170.07, 170.1], [170.45, 170.55], [170.78, 171.18], [171.55, 171.58], [171.78, 172.04], [172.34, 172.37], [172.55, 173.41]]",bird-mixit+tweetynet
compoc,Aythya ferina,xc:592689,xc_592689,0,"[0.998451, 0.764606, 0.017368, 0.890175]",0.9985,0.9985,29.91,0.9396,0.9673,0.965889,11,27.23,30.53,3.3,8,2.06,0.3758,"[[27.23, 27.32], [27.58, 28.59], [28.96, 29.1], [29.18, 29.27], [29.44, 29.54], [29.65, 29.75], [29.81, 30.14], [30.33, 30.53]]",bird-mixit+tweetynet
compoc,Aythya ferina,xc:708327,xc_708327,0,"[0.987858, 0.55995, 0.011401, 0.156203]",0.9879,0.9879,24.25,0.9805,0.9767,0.964833,1,7.3,14.52,7.22,16,4.96,0.313,"[[7.3, 7.42], [7.51, 7.58], [7.84, 7.93], [8.12, 8.36], [8.49, 8.53], [8.6, 8.63], [8.73, 9.46], [9.56, 9.75], [9.8, 10.01], [10.22, 10.5], [10.59, 10.67], [11.03, 11.98], [12.11, 12.38], [12.7, 12.8], [12.91, 13.92], [13.97, 14.52]]",bird-mixit+tweetynet
compoc,Aythya ferina,xc:592689,xc_592689,0,"[0.998451, 0.764606, 0.017368, 0.890175]",0.9985,0.9985,23.4,0.9636,0.9645,0.963008,41,97.87,99.42,1.55,6,0.69,0.5548,"[[97.87, 98.0], [98.11, 98.27], [98.39, 98.43], [98.51, 98.54], [98.78, 98.82], [99.13, 99.42]]",bird-mixit+tweetynet
compoc,Aythya ferina,xc:592689,xc_592689,0,"[0.998451, 0.764606, 0.017368, 0.890175]",0.9985,0.9985,25.13,0.939,0.9593,0.957827,4,11.18,12.68,1.5,4,1.28,0.1467,"[[11.18, 11.27], [11.32, 11.38], [11.47, 12.55], [12.63, 12.68]]",bird-mixit+tweetynet
compoc,Aythya ferina,xc:708327,xc_708327,0,"[0.987858, 0.55995, 0.011401, 0.156203]",0.9879,0.9879,22.72,0.9758,0.9666,0.954926,2,14.9,19.81,4.91,12,3.39,0.3096,"[[14.9, 15.66], [15.71, 15.76], [15.87, 16.32], [16.47, 16.57], [16.64, 16.73], [16.87, 16.99], [17.04, 17.71], [18.02, 18.56], [18.66, 18.75], [18.88, 19.07], [19.12, 19.4], [19.76, 19.81]]",bird-mixit+tweetynet
compoc,Aythya ferina,xc:797060,xc_797060,0,"[0.997197, 0.222998, 0.077404, 0.456615]",0.9972,0.9972,29.16,0.9213,0.9576,0.954918,121,196.13,198.59,2.46,6,1.04,0.5772,"[[196.13, 196.43], [196.61, 196.68], [197.0, 197.25], [197.56, 197.7], [197.96, 198.15], [198.5, 198.59]]",bird-mixit+tweetynet
compoc,Aythya ferina,xc:777473,xc_777473,0,"[0.975623, 0.0, 0.0, 0.742223]",0.9756,0.9756,24.32,0.9835,0.9784,0.954573,25,45.76,48.53,2.77,7,2.16,0.2202,"[[45.76, 45.97], [46.04, 46.41], [46.58, 46.66], [46.78, 46.83], [46.91, 47.51], [47.63, 47.96], [48.01, 48.53]]",bird-mixit+tweetynet
compoc,Aythya ferina,xc:299728,xc_299728,0,"[0.998842, 0.155529, 0.599877, 0.427176]",0.9988,0.9988,28.22,0.916,0.954,0.952811,18,37.13,39.23,2.1,8,1.23,0.4143,"[[37.13, 37.16], [37.43, 37.46], [37.52, 37.63], [37.68, 37.88], [38.16, 38.33], [38.38, 38.57], [38.66, 38.79], [38.86, 39.23]]",bird-mixit+tweetynet
compoc,Aythya ferina,xc:994671,xc_994671,0,"[0.958111, 0.0, 0.016646, 0.03458]",0.9581,0.9581,33.07,0.9849,0.9915,0.94992,8,12.68,15.09,2.41,7,1.47,0.39,"[[12.68, 12.86], [13.05, 13.14], [13.37, 13.58], [13.7, 14.32], [14.39, 14.51], [14.6, 14.78], [15.02, 15.09]]",bird-mixit+tweetynet
compoc,Aythya ferina,xc:777473,xc_777473,0,"[0.975623, 0.0, 0.0, 0.742223]",0.9756,0.9756,23.37,0.9815,0.9731,0.949384,24,40.98,45.2,4.22,10,3.04,0.2796,"[[40.98, 41.1], [41.2, 41.36], [41.44, 41.48], [41.61, 41.66], [41.79, 41.85], [41.94, 42.72], [42.82, 42.93], [43.16, 43.69], [43.91, 43.98], [44.08, 45.2]]",bird-mixit+tweetynet
compoc,Aythya ferina,xc:592689,xc_592689,0,"[0.998451, 0.764606, 0.017368, 0.890175]",0.9985,0.9985,27.23,0.9093,0.9492,0.947818,34,78.94,79.77,0.83,1,0.83,0.0,"[[78.94, 79.77]]",bird-mixit+tweetynet
compoc,Aythya ferina,xc:777473,xc_777473,0,"[0.975623, 0.0, 0.0, 0.742223]",0.9756,0.9756,24.52,0.9662,0.9706,0.946939,26,49.04,52.26,3.22,10,2.09,0.3509,"[[49.04, 49.08], [49.17, 49.31], [49.38, 49.72], [49.78, 50.46], [50.55, 50.62], [50.85, 50.97], [51.26, 51.51], [51.57, 51.7], [51.79, 51.95], [52.1, 52.26]]",bird-mixit+tweetynet
compoc,Aythya ferina,xc:797060,xc_797060,0,"[0.997197, 0.222998, 0.077404, 0.456615]",0.9972,0.9972,29.66,0.902,0.9484,0.945752,149,233.96,234.99,1.03,2,0.65,0.3689,"[[233.96, 234.58], [234.96, 234.99]]",bird-mixit+tweetynet
compoc,Aythya ferina,xc:708327,xc_708327,0,"[0.987858, 0.55995, 0.011401, 0.156203]",0.9879,0.9879,21.92,0.9678,0.9571,0.945566,0,0.15,6.73,6.58,18,4.6,0.3009,"[[0.15, 0.31], [0.4, 0.48], [0.56, 1.14], [1.22, 1.49], [1.65, 1.89], [2.04, 2.1], [2.2, 2.54], [2.76, 2.88], [2.97, 3.07], [3.17, 3.27], [3.32, 3.42], [3.61, 3.74], [3.83, 3.99], [4.06, 4.45], [4.61, 5.24], [5.29, 5.6], [5.73, 6.53], [6.7, 6.73]]",bird-mixit+tweetynet
compoc,Aythya ferina,xc:102819,xc_102819,0,"[0.998643, 0.107991, 0.194179, 0.89833]",0.9986,0.9986,26.0,0.9014,0.9429,0.9416,76,110.67,112.85,2.18,8,0.95,0.5642,"[[110.67, 110.71], [110.8, 110.95], [111.06, 111.2], [111.34, 111.43], [111.68, 111.87], [112.06, 112.19], [112.36, 112.41], [112.69, 112.85]]",bird-mixit+tweetynet
compoc,Aythya ferina,xc:102819,xc_102819,0,"[0.998643, 0.107991, 0.194179, 0.89833]",0.9986,0.9986,25.4,0.9035,0.9425,0.941171,81,117.51,121.81,4.3,17,2.48,0.4233,"[[117.51, 117.57], [117.72, 118.37], [118.65, 118.7], [118.76, 118.79], [118.86, 119.15], [119.21, 119.3], [119.43, 119.49], [119.57, 119.62], [119.74, 119.92], [120.01, 120.1], [120.15, 120.2], [120.32, 120.38], [120.43, 120.59], [120.7, 121.16], [121.31, 121.34], [121.53, 121.63], [121.74, 121.81]]",bird-mixit+tweetynet
compoc,Aythya ferina,xc:777473,xc_777473,0,"[0.975623, 0.0, 0.0, 0.742223]",0.9756,0.9756,23.9,0.9534,0.9619,0.938398,23,38.66,40.32,1.66,4,1.05,0.3675,"[[38.66, 39.01], [39.25, 39.37], [39.67, 40.19], [40.26, 40.32]]",bird-mixit+tweetynet
compoc,Aythya ferina,xc:708327,xc_708327,0,"[0.987858, 0.55995, 0.011401, 0.156203]",0.9879,0.9879,21.0,0.969,0.9494,0.937955,5,29.49,37.26,7.77,16,5.68,0.269,"[[29.49, 30.1], [30.17, 30.3], [30.41, 31.03], [31.08, 31.71], [31.95, 32.31], [32.52, 32.67], [32.74, 32.78], [32.9, 32.94], [33.23, 33.52], [33.73, 33.87], [33.96, 34.27], [34.33, 34.42], [34.52, 34.79], [34.85, 35.03], [35.27, 36.29], [36.46, 37.26]]",bird-mixit+tweetynet
compoc,Aythya ferina,xc:102819,xc_102819,0,"[0.998643, 0.107991, 0.194179, 0.89833]",0.9986,0.9986,27.04,0.8802,0.9345,0.933143,102,154.52,155.27,0.75,1,0.75,0.0,"[[154.52, 155.27]]",bird-mixit+tweetynet
compoc,Aythya ferina,xc:592689,xc_592689,0,"[0.998451, 0.764606, 0.017368, 0.890175]",0.9985,0.9985,21.15,0.9244,0.9294,0.927987,37,86.92,89.26,2.34,6,1.75,0.2521,"[[86.92, 86.97], [87.06, 87.72], [87.77, 88.16], [88.42, 88.47], [88.58, 88.73], [88.81, 89.26]]",bird-mixit+tweetynet
compoc,Aythya ferina,xc:994671,xc_994671,0,"[0.958111, 0.0, 0.016646, 0.03458]",0.9581,0.9581,23.27,0.9728,0.9683,0.927755,1,1.05,1.84,0.79,4,0.35,0.557,"[[1.05, 1.18], [1.35, 1.48], [1.56, 1.61], [1.8, 1.84]]",bird-mixit+tweetynet
compoc,Aythya ferina,xc:554321,xc_554321,0,"[0.999162, 0.105548, 0.013748, 0.589884]",0.9992,0.9992,22.77,0.8916,0.9257,0.924987,24,65.49,68.91,3.42,10,2.56,0.2515,"[[65.49, 65.82], [65.87, 66.15], [66.21, 66.31], [66.45, 66.64], [66.71, 66.79], [66.92, 67.09], [67.26, 67.86], [67.94, 68.13], [68.18, 68.67], [68.78, 68.91]]",bird-mixit+tweetynet
compoc,Aythya ferina,xc:299728,xc_299728,0,"[0.998842, 0.155529, 0.599877, 0.427176]",0.9988,0.9988,23.22,0.8783,0.9217,0.92062,8,23.71,26.92,3.21,9,2.28,0.2897,"[[23.71, 24.04], [24.16, 24.23], [24.39, 24.92], [24.99, 25.11], [25.16, 25.35], [25.44, 25.86], [25.95, 26.24], [26.45, 26.7], [26.84, 26.92]]",bird-mixit+tweetynet
compoc,Aythya ferina,xc:769838,xc_769838,0,"[0.995658, 0.395224, 0.07811, 0.678193]",0.9957,0.9957,22.69,0.8801,0.9196,0.915688,9,28.46,29.71,1.25,4,1.01,0.192,"[[28.46, 28.63], [28.71, 29.24], [29.33, 29.52], [29.59, 29.71]]",bird-mixit+tweetynet
compoc,Aythya ferina,xc:100882,xc_100882,0,"[0.996262, 0.704118, 0.057298, 0.184949]",0.9963,0.9963,22.78,0.8744,0.9173,0.913951,10,26.92,28.06,1.14,4,0.81,0.2895,"[[26.92, 26.99], [27.05, 27.24], [27.36, 27.86], [28.01, 28.06]]",bird-mixit+tweetynet
compoc,Aythya ferina,xc:770645,xc_770645,1,"[0.993005, 0.978118, 0.217418, 0.935451]",0.9781,0.993,18.69,0.9883,0.9258,0.905511,10,15.2,15.9,0.7,2,0.41,0.4143,"[[15.2, 15.33], [15.62, 15.9]]",bird-mixit+tweetynet
compoc,Aythya ferina,xc:102819,xc_102819,0,"[0.998643, 0.107991, 0.194179, 0.89833]",0.9986,0.9986,26.56,0.8228,0.9051,0.903821,75,109.09,110.12,1.03,2,0.72,0.301,"[[109.09, 109.73], [110.04, 110.12]]",bird-mixit+tweetynet
compoc,Aythya ferina,xc:795127,xc_795127,0,"[0.997825, 0.014195, 0.013745, 0.641405]",0.9978,0.9978,18.2,0.9656,0.9054,0.903408,46,191.28,193.51,2.23,2,1.9,0.148,"[[191.28, 192.95], [193.28, 193.51]]",bird-mixit+tweetynet
compoc,Aythya ferina,xc:795127,xc_795127,0,"[0.997825, 0.014195, 0.013745, 0.641405]",0.9978,0.9978,19.27,0.9224,0.9051,0.903086,3,12.8,14.65,1.85,1,1.85,0.0,"[[12.8, 14.65]]",bird-mixit+tweetynet
compoc,Aythya ferina,xc:97765,xc_97765,0,"[0.998349, 0.0205, 0.006795, 0.587862]",0.9983,0.9983,18.64,0.9387,0.9019,0.900332,39,69.51,73.69,4.18,10,2.81,0.3278,"[[69.51, 69.62], [69.89, 70.0], [70.06, 70.33], [70.43, 70.73], [70.94, 71.04], [71.18, 71.21], [71.26, 71.46], [71.56, 73.08], [73.26, 73.39], [73.65, 73.69]]",bird-mixit+tweetynet
compoc,Aythya ferina,xc:97765,xc_97765,0,"[0.998349, 0.0205, 0.006795, 0.587862]",0.9983,0.9983,19.34,0.9025,0.8969,0.895372,63,123.49,130.51,7.02,18,4.25,0.3946,"[[123.49, 124.32], [124.7, 124.75], [125.11, 125.26], [125.45, 125.53], [125.58, 125.63], [125.73, 126.0], [126.18, 126.3], [126.37, 126.94], [127.17, 127.29], [127.48, 127.86], [127.91, 128.04], [128.13, 128.5], [128.59, 128.69], [128.83, 129.31], [129.45, 129.51], [129.67, 129.79], [130.04, 130.14], [130.24, 130.51]]",bird-mixit+tweetynet
compoc,Aythya ferina,xc:280914,xc_280914,0,"[0.999278, 0.631031, 0.088399, 0.7254]",0.9993,0.9993,28.21,0.7973,0.8949,0.894242,61,91.78,93.07,1.29,7,0.66,0.4884,"[[91.78, 91.91], [91.98, 92.14], [92.2, 92.27], [92.45, 92.48], [92.53, 92.7], [92.82, 92.88], [93.03, 93.07]]",bird-mixit+tweetynet
compoc,Aythya ferina,xc:770645,xc_770645,1,"[0.993005, 0.978118, 0.217418, 0.935451]",0.9781,0.993,18.19,0.9826,0.913,0.893001,24,48.87,49.42,0.55,3,0.28,0.4909,"[[48.87, 49.02], [49.1, 49.2], [49.39, 49.42]]",bird-mixit+tweetynet
compoc,Aythya ferina,xc:994671,xc_994671,0,"[0.958111, 0.0, 0.016646, 0.03458]",0.9581,0.9581,21.35,0.924,0.9311,0.892078,0,0.02,0.46,0.44,2,0.25,0.4318,"[[0.02, 0.15], [0.34, 0.46]]",bird-mixit+tweetynet
compoc,Aythya ferina,xc:97765,xc_97765,0,"[0.998349, 0.0205, 0.006795, 0.587862]",0.9983,0.9983,17.68,0.965,0.8932,0.891636,36,63.38,64.38,1.0,2,0.84,0.16,"[[63.38, 63.49], [63.65, 64.38]]",bird-mixit+tweetynet
compoc,Aythya ferina,xc:769838,xc_769838,0,"[0.995658, 0.395224, 0.07811, 0.678193]",0.9957,0.9957,30.45,0.7921,0.8941,0.890263,13,34.04,37.38,3.34,8,2.04,0.3892,"[[34.04, 34.33], [34.63, 34.68], [34.84, 35.51], [35.57, 35.94], [36.19, 36.23], [36.45, 36.73], [36.84, 37.06], [37.26, 37.38]]",bird-mixit+tweetynet
compoc,Aythya ferina,xc:797060,xc_797060,0,"[0.997197, 0.222998, 0.077404, 0.456615]",0.9972,0.9972,21.36,0.8436,0.8923,0.889791,61,95.64,97.96,2.32,7,1.1,0.5259,"[[95.64, 95.67], [95.86, 95.92], [96.15, 96.28], [96.51, 96.79], [96.85, 97.34], [97.71, 97.79], [97.93, 97.96]]",bird-mixit+tweetynet
compoc,Aythya ferina,xc:769838,xc_769838,0,"[0.995658, 0.395224, 0.07811, 0.678193]",0.9957,0.9957,21.63,0.8377,0.8917,0.887824,2,10.09,13.58,3.49,7,2.84,0.1862,"[[10.09, 10.19], [10.33, 11.64], [11.69, 11.73], [11.83, 12.31], [12.42, 12.46], [12.65, 13.01], [13.07, 13.58]]",bird-mixit+tweetynet
compoc,Aythya ferina,xc:97765,xc_97765,0,"[0.998349, 0.0205, 0.006795, 0.587862]",0.9983,0.9983,18.91,0.9011,0.8892,0.887666,60,119.8,121.04,1.24,2,0.99,0.2016,"[[119.8, 119.85], [120.1, 121.04]]",bird-mixit+tweetynet
compoc,Aythya ferina,xc:994671,xc_994671,0,"[0.958111, 0.0, 0.016646, 0.03458]",0.9581,0.9581,19.56,0.9576,0.9261,0.887332,4,4.85,6.86,2.01,5,1.7,0.1542,"[[4.85, 6.06], [6.13, 6.24], [6.33, 6.43], [6.52, 6.64], [6.7, 6.86]]",bird-mixit+tweetynet
compoc,Aythya ferina,xc:280914,xc_280914,0,"[0.999278, 0.631031, 0.088399, 0.7254]",0.9993,0.9993,22.77,0.8116,0.8866,0.885959,17,21.92,24.63,2.71,10,1.56,0.4244,"[[21.92, 22.69], [22.76, 22.89], [23.01, 23.18], [23.29, 23.36], [23.48, 23.51], [23.69, 23.75], [23.89, 23.98], [24.14, 24.21], [24.32, 24.43], [24.57, 24.63]]",bird-mixit+tweetynet
compoc,Aythya ferina,xc:770645,xc_770645,1,"[0.993005, 0.978118, 0.217418, 0.935451]",0.9781,0.993,18.13,0.969,0.9056,0.885747,7,13.11,13.86,0.75,3,0.62,0.1733,"[[13.11, 13.2], [13.27, 13.66], [13.72, 13.86]]",bird-mixit+tweetynet
compoc,Aythya ferina,xc:994671,xc_994671,0,"[0.958111, 0.0, 0.016646, 0.03458]",0.9581,0.9581,26.8,0.8605,0.9243,0.885563,5,7.61,9.23,1.62,6,0.81,0.5,"[[7.61, 7.64], [7.9, 7.99], [8.14, 8.54], [8.63, 8.67], [8.89, 8.94], [9.03, 9.23]]",bird-mixit+tweetynet
compoc,Aythya ferina,xc:554321,xc_554321,0,"[0.999162, 0.105548, 0.013748, 0.589884]",0.9992,0.9992,21.39,0.8261,0.8841,0.88336,23,63.17,64.66,1.49,5,0.94,0.3691,"[[63.17, 63.35], [63.42, 63.53], [63.63, 64.13], [64.3, 64.37], [64.58, 64.66]]",bird-mixit+tweetynet
compoc,Aythya ferina,xc:97765,xc_97765,0,"[0.998349, 0.0205, 0.006795, 0.587862]",0.9983,0.9983,17.96,0.932,0.8847,0.883203,50,99.95,101.12,1.17,3,0.65,0.4444,"[[99.95, 100.05], [100.25, 100.68], [101.0, 101.12]]",bird-mixit+tweetynet
compoc,Aythya ferina,xc:795127,xc_795127,0,"[0.997825, 0.014195, 0.013745, 0.641405]",0.9978,0.9978,16.88,0.9934,0.8843,0.882364,62,234.98,235.15,0.17,1,0.17,0.0,"[[234.98, 235.15]]",bird-mixit+tweetynet
compoc,Aythya ferina,xc:795127,xc_795127,0,"[0.997825, 0.014195, 0.013745, 0.641405]",0.9978,0.9978,17.33,0.9644,0.884,0.882066,69,257.74,257.96,0.22,1,0.22,0.0,"[[257.74, 257.96]]",bird-mixit+tweetynet
compoc,Aythya ferina,xc:769838,xc_769838,0,"[0.995658, 0.395224, 0.07811, 0.678193]",0.9957,0.9957,20.23,0.8525,0.8851,0.881282,3,14.03,14.27,0.24,1,0.24,0.0,"[[14.03, 14.27]]",bird-mixit+tweetynet
compoc,Aythya ferina,xc:708327,xc_708327,0,"[0.987858, 0.55995, 0.011401, 0.156203]",0.9879,0.9879,17.54,0.9683,0.8914,0.880576,3,20.26,28.23,7.97,15,6.23,0.2183,"[[20.26, 20.43], [20.59, 20.78], [20.87, 21.12], [21.33, 21.45], [21.51, 21.87], [21.96, 22.49], [22.55, 23.03], [23.1, 25.12], [25.21, 25.42], [25.59, 26.37], [26.43, 26.46], [26.62, 26.85], [26.97, 27.17], [27.28, 27.86], [28.15, 28.23]]",bird-mixit+tweetynet
compoc,Aythya ferina,xc:299728,xc_299728,0,"[0.998842, 0.155529, 0.599877, 0.427176]",0.9988,0.9988,27.9,0.7711,0.8814,0.880384,3,12.5,15.24,2.74,9,2.16,0.2117,"[[12.5, 12.63], [12.73, 13.14], [13.19, 13.48], [13.56, 13.67], [13.75, 13.87], [13.94, 14.03], [14.08, 14.73], [14.8, 15.0], [15.08, 15.24]]",bird-mixit+tweetynet
compoc,Aythya ferina,xc:769838,xc_769838,0,"[0.995658, 0.395224, 0.07811, 0.678193]",0.9957,0.9957,21.52,0.8219,0.8831,0.879272,7,19.79,25.25,5.46,8,4.46,0.1832,"[[19.79, 20.06], [20.12, 21.03], [21.19, 21.25], [21.42, 21.83], [22.04, 23.68], [23.85, 24.16], [24.3, 25.12], [25.21, 25.25]]",bird-mixit+tweetynet
compoc,Aythya ferina,xc:554321,xc_554321,0,"[0.999162, 0.105548, 0.013748, 0.589884]",0.9992,0.9992,21.94,0.8081,0.8795,0.878835,9,30.11,31.07,0.96,3,0.66,0.3125,"[[30.11, 30.28], [30.38, 30.71], [30.91, 31.07]]",bird-mixit+tweetynet
compoc,Aythya ferina,xc:554321,xc_554321,0,"[0.999162, 0.105548, 0.013748, 0.589884]",0.9992,0.9992,21.72,0.8112,0.8795,0.878783,21,58.32,60.27,1.95,4,1.26,0.3538,"[[58.32, 58.38], [58.69, 59.1], [59.16, 59.91], [60.23, 60.27]]",bird-mixit+tweetynet
compoc,Aythya ferina,xc:795127,xc_795127,0,"[0.997825, 0.014195, 0.013745, 0.641405]",0.9978,0.9978,16.73,0.9911,0.8788,0.876855,37,146.84,148.83,1.99,4,1.66,0.1658,"[[146.84, 146.93], [147.05, 147.17], [147.28, 147.54], [147.64, 148.83]]",bird-mixit+tweetynet
compoc,Aythya ferina,xc:797060,xc_797060,0,"[0.997197, 0.222998, 0.077404, 0.456615]",0.9972,0.9972,31.34,0.7581,0.8776,0.875151,8,11.52,12.53,1.01,3,0.87,0.1386,"[[11.52, 11.55], [11.64, 12.36], [12.41, 12.53]]",bird-mixit+tweetynet
compoc,Aythya ferina,xc:102819,xc_102819,0,"[0.998643, 0.107991, 0.194179, 0.89833]",0.9986,0.9986,25.02,0.7701,0.8754,0.874148,77,113.65,114.33,0.68,3,0.54,0.2059,"[[113.65, 113.75], [113.84, 114.11], [114.16, 114.33]]",bird-mixit+tweetynet
compoc,Aythya ferina,xc:626260,xc_626260,0,"[0.993014, 0.218596, 0.214011, 0.129322]",0.993,0.993,19.49,0.8586,0.8783,0.872188,2,6.12,9.61,3.49,8,2.67,0.235,"[[6.12, 6.49], [6.65, 6.82], [7.0, 7.79], [7.91, 8.13], [8.18, 8.3], [8.41, 8.57], [8.65, 9.16], [9.28, 9.61]]",bird-mixit+tweetynet
compoc,Aythya ferina,xc:554321,xc_554321,0,"[0.999162, 0.105548, 0.013748, 0.589884]",0.9992,0.9992,19.82,0.8278,0.8683,0.867648,4,10.19,16.75,6.56,17,4.88,0.2561,"[[10.19, 10.27], [10.35, 10.5], [10.6, 10.69], [10.83, 10.94], [11.05, 11.92], [11.98, 12.04], [12.12, 12.33], [12.46, 13.78], [13.83, 14.15], [14.22, 14.29], [14.38, 14.42], [14.57, 14.84], [14.98, 15.1], [15.2, 15.32], [15.52, 15.59], [15.72, 15.95], [16.0, 16.75]]",bird-mixit+tweetynet
compoc,Aythya ferina,xc:770645,xc_770645,1,"[0.993005, 0.978118, 0.217418, 0.935451]",0.9781,0.993,17.05,0.9875,0.8869,0.867463,32,65.03,68.94,3.91,7,3.4,0.1304,"[[65.03, 67.0], [67.06, 67.71], [67.76, 67.93], [68.0, 68.25], [68.38, 68.63], [68.71, 68.76], [68.88, 68.94]]",bird-mixit+tweetynet
compoc,Aythya ferina,xc:770645,xc_770645,1,"[0.993005, 0.978118, 0.217418, 0.935451]",0.9781,0.993,17.15,0.9732,0.8831,0.863755,34,75.14,80.02,4.88,12,3.2,0.3443,"[[75.14, 75.2], [75.31, 75.82], [75.97, 76.01], [76.31, 76.52], [76.62, 76.77], [76.96, 77.0], [77.09, 77.16], [77.49, 77.68], [77.73, 77.91], [78.1, 79.21], [79.27, 79.6], [79.71, 80.02]]",bird-mixit+tweetynet
compoc,Aythya ferina,xc:797060,xc_797060,0,"[0.997197, 0.222998, 0.077404, 0.456615]",0.9972,0.9972,20.16,0.8065,0.8623,0.859891,3,5.26,5.9,0.64,1,0.64,0.0,"[[5.26, 5.9]]",bird-mixit+tweetynet
compoc,Aythya ferina,xc:994656,xc_994656,0,"[0.992265, 0.044098, 0.008832, 0.0]",0.9923,0.9923,20.76,0.7991,0.8653,0.858608,2,4.44,4.79,0.35,1,0.35,0.0,"[[4.44, 4.79]]",bird-mixit+tweetynet
compoc,Aythya ferina,xc:609403,xc_609403,1,"[0.780796, 0.872945, 0.298385, 0.932981]",0.8729,0.933,24.91,0.9867,0.9821,0.857319,5,13.81,15.58,1.77,5,1.1,0.3785,"[[13.81, 14.06], [14.17, 14.23], [14.55, 14.68], [14.86, 15.0], [15.06, 15.58]]",bird-mixit+tweetynet
compoc,Aythya ferina,xc:994657,xc_994657,0,"[0.897559, 0.010027, 0.00757, 0.421313]",0.8976,0.8976,22.43,0.9378,0.9462,0.849292,17,30.17,30.87,0.7,1,0.7,0.0,"[[30.17, 30.87]]",bird-mixit+tweetynet
compoc,Aythya ferina,xc:994657,xc_994657,0,"[0.897559, 0.010027, 0.00757, 0.421313]",0.8976,0.8976,27.3,0.8996,0.9445,0.847811,21,34.71,36.77,2.06,6,1.01,0.5097,"[[34.71, 34.82], [34.88, 35.26], [35.48, 35.54], [35.93, 36.13], [36.4, 36.48], [36.59, 36.77]]",bird-mixit+tweetynet
compoc,Aythya ferina,xc:994657,xc_994657,0,"[0.897559, 0.010027, 0.00757, 0.421313]",0.8976,0.8976,21.15,0.9542,0.9439,0.847214,18,31.42,32.21,0.79,2,0.51,0.3544,"[[31.42, 31.49], [31.77, 32.21]]",bird-mixit+tweetynet
compoc,Aythya ferina,xc:994657,xc_994657,0,"[0.897559, 0.010027, 0.00757, 0.421313]",0.8976,0.8976,24.82,0.9026,0.9403,0.844011,12,24.27,25.43,1.16,5,0.53,0.5431,"[[24.27, 24.37], [24.47, 24.51], [24.75, 24.89], [25.01, 25.08], [25.25, 25.43]]",bird-mixit+tweetynet
compoc,Aythya ferina,xc:609403,xc_609403,1,"[0.780796, 0.872945, 0.298385, 0.932981]",0.8729,0.933,22.78,0.9713,0.9648,0.842174,12,28.26,29.2,0.94,2,0.62,0.3404,"[[28.26, 28.33], [28.65, 29.2]]",bird-mixit+tweetynet
compoc,Aythya ferina,xc:280913,xc_280913,0,"[0.998895, 0.36338, 0.071227, 0.775834]",0.9989,0.9989,16.65,0.9134,0.8421,0.841169,33,55.59,56.01,0.42,1,0.42,0.0,"[[55.59, 56.01]]",bird-mixit+tweetynet
compoc,Aythya ferina,xc:100882,xc_100882,0,"[0.996262, 0.704118, 0.057298, 0.184949]",0.9963,0.9963,20.69,0.7526,0.8422,0.839073,12,30.45,34.23,3.78,15,2.41,0.3624,"[[30.45, 30.52], [30.61, 30.72], [30.8, 31.08], [31.16, 31.24], [31.3, 31.5], [31.6, 31.7], [31.79, 31.92], [31.97, 32.34], [32.43, 32.56], [32.62, 32.77], [33.02, 33.08], [33.18, 33.35], [33.43, 33.69], [33.84, 33.96], [34.05, 34.23]]",bird-mixit+tweetynet
comsan,Actitis hypoleucos,xc:157223,xc_157223,0,"[0.999959, 0.943152, 0.313528, 0.481434]",1.0,1.0,41.45,1.0,0.9999,0.999916,5,15.04,16.43,1.39,1,1.39,0.0,"[[15.04, 16.43]]",bird-mixit+tweetynet
comsan,Actitis hypoleucos,xc:123002,xc_123002,1,"[0.136779, 0.999969, 0.42664, 0.486019]",1.0,1.0,38.14,1.0,0.9998,0.999775,10,22.78,30.52,7.74,12,6.29,0.1873,"[[22.78, 23.04], [23.09, 23.14], [23.43, 23.85], [23.9, 25.3], [25.42, 26.0], [26.08, 26.18], [26.24, 26.69], [26.98, 27.71], [27.8, 28.57], [28.66, 29.36], [29.51, 30.17], [30.35, 30.52]]",bird-mixit+tweetynet
comsan,Actitis hypoleucos,xc:1042068,xc_1042068,0,"[0.999265, 0.0, 0.0, 0.0]",0.9993,0.9993,49.76,1.0,1.0,0.999275,4,16.85,19.19,2.34,4,2.11,0.0983,"[[16.85, 17.71], [17.77, 17.84], [17.95, 18.89], [18.95, 19.19]]",bird-mixit+tweetynet
comsan,Actitis hypoleucos,xc:123002,xc_123002,1,"[0.136779, 0.999969, 0.42664, 0.486019]",1.0,1.0,33.98,1.0,0.9992,0.999243,9,20.64,21.93,1.29,3,1.03,0.2016,"[[20.64, 21.31], [21.5, 21.55], [21.62, 21.93]]",bird-mixit+tweetynet
comsan,Actitis hypoleucos,xc:1042068,xc_1042068,0,"[0.999265, 0.0, 0.0, 0.0]",0.9993,0.9993,41.94,0.9999,0.9999,0.999172,0,0.02,2.89,2.87,3,2.74,0.0453,"[[0.02, 1.35], [1.41, 1.51], [1.58, 2.89]]",bird-mixit+tweetynet
comsan,Actitis hypoleucos,xc:1042068,xc_1042068,0,"[0.999265, 0.0, 0.0, 0.0]",0.9993,0.9993,39.95,0.9998,0.9998,0.999084,9,37.57,45.08,7.51,24,5.8,0.2277,"[[37.57, 37.93], [38.01, 38.59], [38.64, 38.68], [38.77, 38.96], [39.07, 39.13], [39.18, 39.32], [39.41, 39.91], [40.07, 40.12], [40.17, 40.2], [40.27, 40.33], [40.4, 40.51], [40.58, 40.63], [40.68, 40.9], [40.97, 41.89], [41.96, 42.05], [42.11, 42.24], [42.3, 42.68], [42.73, 42.91], [42.97, 43.15], [43.25, 43.7], [43.75, 43.91], [43.98, 44.2], [44.28, 44.73], [44.83, 45.08]]",bird-mixit+tweetynet
comsan,Actitis hypoleucos,xc:123002,xc_123002,1,"[0.136779, 0.999969, 0.42664, 0.486019]",1.0,1.0,31.74,1.0,0.9985,0.998526,46,102.54,109.28,6.74,6,6.35,0.0579,"[[102.54, 103.4], [103.46, 105.24], [105.3, 106.0], [106.07, 107.65], [107.76, 108.55], [108.64, 109.28]]",bird-mixit+tweetynet
comsan,Actitis hypoleucos,xc:472452,xc_472452,0,"[0.998937, 0.0, 0.0, 0.0]",0.9989,0.9989,36.12,0.9998,0.9995,0.998407,0,0.07,2.17,2.1,4,1.4,0.3333,"[[0.07, 0.59], [0.74, 1.42], [1.58, 1.73], [2.12, 2.17]]",bird-mixit+tweetynet
comsan,Actitis hypoleucos,xc:1042461,xc_1042461,0,"[0.997708, 0.0, 0.0, 0.0]",0.9977,0.9977,47.64,1.0,1.0,0.997672,2,13.28,17.21,3.93,10,3.2,0.1858,"[[13.28, 14.19], [14.24, 14.64], [14.83, 15.06], [15.12, 15.74], [15.79, 15.88], [15.97, 16.26], [16.34, 16.62], [16.7, 16.75], [16.81, 16.91], [16.98, 17.21]]",bird-mixit+tweetynet
comsan,Actitis hypoleucos,xc:123002,xc_123002,1,"[0.136779, 0.999969, 0.42664, 0.486019]",1.0,1.0,30.11,1.0,0.9976,0.997599,31,72.0,78.19,6.19,2,6.03,0.0258,"[[72.0, 73.65], [73.81, 78.19]]",bird-mixit+tweetynet
comsan,Actitis hypoleucos,xc:469617,xc_469617,0,"[0.998325, 0.0, 0.0, 0.0]",0.9983,0.9983,33.3,0.9999,0.999,0.997331,1,0.74,4.28,3.54,3,3.32,0.0621,"[[0.74, 1.65], [1.81, 2.09], [2.15, 4.28]]",bird-mixit+tweetynet
comsan,Actitis hypoleucos,xc:1042461,xc_1042461,0,"[0.997708, 0.0, 0.0, 0.0]",0.9977,0.9977,35.53,0.9995,0.9993,0.996962,0,0.02,6.49,6.47,12,5.26,0.187,"[[0.02, 0.09], [0.16, 0.99], [1.08, 1.35], [1.53, 1.58], [1.78, 1.86], [1.97, 2.0], [2.09, 2.79], [2.85, 3.23], [3.28, 3.46], [3.51, 4.0], [4.13, 5.44], [5.62, 6.49]]",bird-mixit+tweetynet
comsan,Actitis hypoleucos,xc:341296,xc_341296,1,"[0.938969, 0.998806, 0.601556, 0.696579]",0.9988,0.9988,29.5,1.0,0.9971,0.995912,3,11.44,12.84,1.4,4,1.06,0.2429,"[[11.44, 11.89], [12.0, 12.03], [12.14, 12.38], [12.5, 12.84]]",bird-mixit+tweetynet
comsan,Actitis hypoleucos,xc:123002,xc_123002,1,"[0.136779, 0.999969, 0.42664, 0.486019]",1.0,1.0,27.92,1.0,0.9954,0.995384,50,116.57,123.25,6.68,10,5.04,0.2455,"[[116.57, 116.72], [116.88, 117.14], [117.53, 117.88], [118.15, 118.2], [118.43, 118.53], [118.62, 119.94], [120.05, 120.84], [120.89, 122.65], [122.9, 123.12], [123.21, 123.25]]",bird-mixit+tweetynet
comsan,Actitis hypoleucos,xc:469617,xc_469617,0,"[0.998325, 0.0, 0.0, 0.0]",0.9983,0.9983,29.74,0.9989,0.9968,0.995085,2,4.67,10.36,5.69,14,3.75,0.3409,"[[4.67, 4.72], [4.98, 5.11], [5.22, 5.33], [5.42, 5.52], [5.57, 5.73], [5.9, 6.11], [6.43, 6.8], [6.91, 6.96], [7.27, 7.84], [7.91, 8.02], [8.08, 8.17], [8.23, 8.38], [8.57, 10.09], [10.23, 10.36]]",bird-mixit+tweetynet
comsan,Actitis hypoleucos,xc:900859,xc_900859,0,"[0.999703, 0.946453, 0.037901, 0.460156]",0.9997,0.9997,27.75,0.9995,0.9949,0.994627,107,262.33,269.95,7.62,3,7.47,0.0197,"[[262.33, 263.17], [263.25, 263.58], [263.65, 269.95]]",bird-mixit+tweetynet
comsan,Actitis hypoleucos,xc:671443,xc_671443,1,"[0.0, 0.999936, 0.0, 0.0]",0.9999,0.9999,27.33,1.0,0.9945,0.994378,5,12.03,13.37,1.34,3,0.97,0.2761,"[[12.03, 12.74], [12.81, 12.92], [13.22, 13.37]]",bird-mixit+tweetynet
comsan,Actitis hypoleucos,xc:503479,xc_503479,0,"[0.999842, 0.028134, 0.019203, 0.0]",0.9998,0.9998,27.25,1.0,0.9944,0.994159,12,45.39,48.68,3.29,6,2.25,0.3161,"[[45.39, 47.11], [47.28, 47.31], [47.46, 47.54], [47.72, 47.84], [48.23, 48.36], [48.51, 48.68]]",bird-mixit+tweetynet
comsan,Actitis hypoleucos,xc:281136,xc_281136,0,"[0.998457, 0.834055, 0.0, 0.0]",0.9985,0.9985,27.71,1.0,0.9951,0.993596,3,4.66,5.18,0.52,1,0.52,0.0,"[[4.66, 5.18]]",bird-mixit+tweetynet
comsan,Actitis hypoleucos,xc:884373,xc_884373,0,"[0.994097, 0.999201, 0.035982, 0.025049]",0.9941,0.9992,31.61,1.0,0.9985,0.992564,13,18.02,20.16,2.14,4,1.66,0.2243,"[[18.02, 18.39], [18.55, 19.06], [19.24, 19.61], [19.75, 20.16]]",bird-mixit+tweetynet
comsan,Actitis hypoleucos,xc:341296,xc_341296,1,"[0.938969, 0.998806, 0.601556, 0.696579]",0.9988,0.9988,26.87,1.0,0.9937,0.992492,25,49.89,51.04,1.15,2,1.06,0.0783,"[[49.89, 50.24], [50.33, 51.04]]",bird-mixit+tweetynet
comsan,Actitis hypoleucos,xc:1004915,xc_1004915,0,"[0.994075, 0.347848, 0.121456, 0.13263]",0.9941,0.9941,31.23,0.9999,0.9983,0.992365,0,0.02,3.33,3.31,4,2.94,0.1118,"[[0.02, 1.96], [2.03, 2.74], [2.88, 2.94], [3.1, 3.33]]",bird-mixit+tweetynet
comsan,Actitis hypoleucos,xc:728078,xc_728078,0,"[0.999975, 0.97785, 0.59169, 0.131239]",1.0,1.0,26.88,0.9971,0.9923,0.992285,11,19.1,19.35,0.25,1,0.25,0.0,"[[19.1, 19.35]]",bird-mixit+tweetynet
comsan,Actitis hypoleucos,xc:341296,xc_341296,1,"[0.938969, 0.998806, 0.601556, 0.696579]",0.9988,0.9988,26.62,0.9998,0.9931,0.99193,31,58.0,60.64,2.64,6,1.9,0.2803,"[[58.0, 58.05], [58.23, 58.4], [58.51, 59.33], [59.43, 59.51], [59.81, 59.84], [59.89, 60.64]]",bird-mixit+tweetynet
comsan,Actitis hypoleucos,xc:443741,xc_443741,0,"[0.999876, 0.997993, 0.0, 0.0]",0.9999,0.9999,25.95,0.9998,0.9916,0.9915,10,13.12,13.77,0.65,1,0.65,0.0,"[[13.12, 13.77]]",bird-mixit+tweetynet
comsan,Actitis hypoleucos,xc:798178,xc_798178,1,"[0.284118, 0.997149, 0.099537, 0.053401]",0.9971,0.9971,27.29,0.9998,0.9943,0.991465,4,8.59,9.98,1.39,4,0.64,0.5396,"[[8.59, 8.7], [8.98, 9.35], [9.61, 9.69], [9.9, 9.98]]",bird-mixit+tweetynet
comsan,Actitis hypoleucos,xc:241902,xc_241902,0,"[0.998582, 0.017349, 0.093474, 0.290838]",0.9986,0.9986,26.32,0.9999,0.9925,0.991139,20,33.4,33.97,0.57,1,0.57,0.0,"[[33.4, 33.97]]",bird-mixit+tweetynet
comsan,Actitis hypoleucos,xc:503479,xc_503479,0,"[0.999842, 0.028134, 0.019203, 0.0]",0.9998,0.9998,25.66,1.0,0.991,0.990756,4,16.55,19.37,2.82,3,2.22,0.2128,"[[16.55, 16.9], [17.15, 17.33], [17.68, 19.37]]",bird-mixit+tweetynet
comsan,Actitis hypoleucos,xc:241902,xc_241902,0,"[0.998582, 0.017349, 0.093474, 0.290838]",0.9986,0.9986,26.05,1.0,0.9919,0.990554,8,17.94,18.8,0.86,1,0.86,0.0,"[[17.94, 18.8]]",bird-mixit+tweetynet
comsan,Actitis hypoleucos,xc:743065,xc_743065,0,"[0.990513, 0.0, 0.0, 0.0]",0.9905,0.9905,47.29,1.0,1.0,0.990478,4,7.45,10.44,2.99,5,1.98,0.3378,"[[7.45, 7.92], [8.18, 8.7], [9.04, 9.49], [9.75, 9.86], [10.01, 10.44]]",bird-mixit+tweetynet
comsan,Actitis hypoleucos,xc:743065,xc_743065,0,"[0.990513, 0.0, 0.0, 0.0]",0.9905,0.9905,42.16,1.0,0.9999,0.990429,7,14.68,15.87,1.19,4,0.73,0.3866,"[[14.68, 14.82], [15.02, 15.5], [15.69, 15.75], [15.82, 15.87]]",bird-mixit+tweetynet
comsan,Actitis hypoleucos,xc:738113,xc_738113,1,"[0.263645, 0.998045, 0.0, 0.0]",0.998,0.998,26.12,0.9997,0.992,0.99001,0,0.31,4.84,4.53,9,3.03,0.3311,"[[0.31, 0.35], [0.7, 1.46], [1.6, 1.63], [1.8, 2.81], [2.9, 3.27], [3.37, 3.41], [3.77, 3.87], [4.05, 4.49], [4.6, 4.84]]",bird-mixit+tweetynet
comsan,Actitis hypoleucos,xc:884373,xc_884373,0,"[0.994097, 0.999201, 0.035982, 0.025049]",0.9941,0.9992,27.9,1.0,0.9954,0.989479,41,60.82,61.62,0.8,2,0.61,0.2375,"[[60.82, 61.04], [61.23, 61.62]]",bird-mixit+tweetynet
comsan,Actitis hypoleucos,xc:884373,xc_884373,0,"[0.994097, 0.999201, 0.035982, 0.025049]",0.9941,0.9992,27.57,1.0,0.9949,0.989018,55,79.71,80.33,0.62,2,0.54,0.129,"[[79.71, 80.11], [80.19, 80.33]]",bird-mixit+tweetynet
comsan,Actitis hypoleucos,xc:728078,xc_728078,0,"[0.999975, 0.97785, 0.59169, 0.131239]",1.0,1.0,25.03,0.9998,0.989,0.989007,51,81.52,82.83,1.31,3,1.01,0.229,"[[81.52, 81.82], [81.95, 82.06], [82.23, 82.83]]",bird-mixit+tweetynet
comsan,Actitis hypoleucos,xc:743065,xc_743065,0,"[0.990513, 0.0, 0.0, 0.0]",0.9905,0.9905,31.66,1.0,0.9985,0.989004,9,17.91,19.39,1.48,4,0.63,0.5743,"[[17.91, 17.95], [18.12, 18.16], [18.44, 18.96], [19.36, 19.39]]",bird-mixit+tweetynet
comsan,Actitis hypoleucos,xc:1042294,xc_1042294,0,"[0.989019, 0.0, 0.00528, 0.027945]",0.989,0.989,49.11,1.0,1.0,0.98898,0,0.02,4.08,4.06,8,2.95,0.2734,"[[0.02, 0.15], [0.26, 0.58], [0.71, 0.81], [0.93, 1.08], [1.21, 1.7], [1.76, 1.98], [2.15, 2.48], [2.87, 4.08]]",bird-mixit+tweetynet
comsan,Actitis hypoleucos,xc:1042294,xc_1042294,0,"[0.989019, 0.0, 0.00528, 0.027945]",0.989,0.989,35.94,0.9996,0.9994,0.988408,1,4.52,8.71,4.19,13,3.01,0.2816,"[[4.52, 4.69], [4.83, 4.89], [4.97, 5.25], [5.3, 5.59], [5.65, 6.23], [6.36, 6.43], [6.5, 6.53], [6.59, 7.09], [7.14, 7.73], [7.8, 7.92], [8.1, 8.21], [8.28, 8.38], [8.6, 8.71]]",bird-mixit+tweetynet
comsan,Actitis hypoleucos,xc:884373,xc_884373,0,"[0.994097, 0.999201, 0.035982, 0.025049]",0.9941,0.9992,27.19,1.0,0.9943,0.988401,28,39.12,40.3,1.18,3,0.57,0.5169,"[[39.12, 39.18], [39.5, 39.59], [39.88, 40.3]]",bird-mixit+tweetynet
comsan,Actitis hypoleucos,xc:503479,xc_503479,0,"[0.999842, 0.028134, 0.019203, 0.0]",0.9998,0.9998,24.8,1.0,0.9883,0.988134,10,39.95,42.44,2.49,5,1.8,0.2771,"[[39.95, 40.0], [40.1, 40.18], [40.31, 40.41], [40.64, 41.91], [42.14, 42.44]]",bird-mixit+tweetynet
comsan,Actitis hypoleucos,xc:738113,xc_738113,1,"[0.263645, 0.998045, 0.0, 0.0]",0.998,0.998,25.38,0.9984,0.9894,0.9874,1,5.21,11.64,6.43,11,4.3,0.3313,"[[5.21, 6.61], [6.87, 7.33], [7.49, 7.56], [7.62, 8.36], [8.69, 9.09], [9.45, 9.64], [9.69, 9.81], [10.03, 10.26], [10.49, 11.09], [11.23, 11.29], [11.61, 11.64]]",bird-mixit+tweetynet
comsan,Actitis hypoleucos,xc:743065,xc_743065,0,"[0.990513, 0.0, 0.0, 0.0]",0.9905,0.9905,28.41,1.0,0.996,0.986551,0,0.94,2.81,1.87,4,1.22,0.3476,"[[0.94, 1.04], [1.21, 1.72], [2.06, 2.19], [2.33, 2.81]]",bird-mixit+tweetynet
comsan,Actitis hypoleucos,xc:686405,xc_686405,0,"[0.996421, 0.009068, 0.022904, 0.0]",0.9964,0.9964,25.1,0.9999,0.9893,0.985729,5,10.37,15.54,5.17,11,3.6,0.3037,"[[10.37, 10.91], [10.97, 12.48], [12.83, 12.91], [13.14, 13.23], [13.3, 13.41], [13.46, 13.55], [13.61, 13.68], [13.77, 13.83], [14.13, 14.43], [14.71, 14.81], [14.89, 15.54]]",bird-mixit+tweetynet
comsan,Actitis hypoleucos,xc:686405,xc_686405,0,"[0.996421, 0.009068, 0.022904, 0.0]",0.9964,0.9964,25.03,0.9992,0.9887,0.985136,7,20.31,24.09,3.78,4,3.31,0.1243,"[[20.31, 22.52], [22.81, 22.87], [22.96, 23.04], [23.13, 24.09]]",bird-mixit+tweetynet
comsan,Actitis hypoleucos,xc:671980,xc_671980,0,"[0.999906, 0.00564, 0.453663, 0.203255]",0.9999,0.9999,24.0,0.9999,0.9852,0.985057,2,7.52,10.57,3.05,1,3.05,0.0,"[[7.52, 10.57]]",bird-mixit+tweetynet
comsan,Actitis hypoleucos,xc:341296,xc_341296,1,"[0.938969, 0.998806, 0.601556, 0.696579]",0.9988,0.9988,24.1,1.0,0.9856,0.984444,27,53.1,53.68,0.58,1,0.58,0.0,"[[53.1, 53.68]]",bird-mixit+tweetynet
comsan,Actitis hypoleucos,xc:728078,xc_728078,0,"[0.999975, 0.97785, 0.59169, 0.131239]",1.0,1.0,23.55,1.0,0.9831,0.983133,68,110.2,111.05,0.85,2,0.74,0.1294,"[[110.2, 110.27], [110.38, 111.05]]",bird-mixit+tweetynet
comsan,Actitis hypoleucos,xc:123893,xc_123893,1,"[0.999111, 0.999271, 0.028856, 0.0]",0.9993,0.9993,23.54,0.9999,0.983,0.982343,5,11.43,12.98,1.55,2,1.35,0.129,"[[11.43, 11.88], [12.08, 12.98]]",bird-mixit+tweetynet
comsan,Actitis hypoleucos,xc:884373,xc_884373,0,"[0.994097, 0.999201, 0.035982, 0.025049]",0.9941,0.9992,24.6,1.0,0.9876,0.981787,48,72.41,73.23,0.82,2,0.54,0.3415,"[[72.41, 72.57], [72.85, 73.23]]",bird-mixit+tweetynet
comsan,Actitis hypoleucos,xc:900859,xc_900859,0,"[0.999703, 0.946453, 0.037901, 0.460156]",0.9997,0.9997,23.34,0.9999,0.982,0.981742,140,360.13,368.13,8.0,1,8.0,0.0,"[[360.13, 368.13]]",bird-mixit+tweetynet
comsan,Actitis hypoleucos,xc:900859,xc_900859,0,"[0.999703, 0.946453, 0.037901, 0.460156]",0.9997,0.9997,23.31,1.0,0.9819,0.981559,11,49.91,56.58,6.67,3,6.44,0.0345,"[[49.91, 50.21], [50.32, 50.35], [50.47, 56.58]]",bird-mixit+tweetynet
comsan,Actitis hypoleucos,xc:900859,xc_900859,0,"[0.999703, 0.946453, 0.037901, 0.460156]",0.9997,0.9997,23.27,0.9997,0.9815,0.981242,91,236.33,244.33,8.0,1,8.0,0.0,"[[236.33, 244.33]]",bird-mixit+tweetynet
comsan,Actitis hypoleucos,xc:728078,xc_728078,0,"[0.999975, 0.97785, 0.59169, 0.131239]",1.0,1.0,23.19,0.9999,0.9812,0.981196,80,126.87,128.67,1.8,2,1.72,0.0444,"[[126.87, 127.63], [127.71, 128.67]]",bird-mixit+tweetynet
comsan,Actitis hypoleucos,xc:513698,xc_513698,0,"[0.999739, 0.0, 0.0, 0.0]",0.9997,0.9997,22.98,1.0,0.9801,0.97977,32,74.1,74.82,0.72,1,0.72,0.0,"[[74.1, 74.82]]",bird-mixit+tweetynet
comsan,Actitis hypoleucos,xc:798178,xc_798178,1,"[0.284118, 0.997149, 0.099537, 0.053401]",0.9971,0.9971,23.2,0.9987,0.9807,0.977836,6,11.9,13.17,1.27,3,1.13,0.1102,"[[11.9, 12.49], [12.55, 12.65], [12.73, 13.17]]",bird-mixit+tweetynet
comsan,Actitis hypoleucos,xc:900859,xc_900859,0,"[0.999703, 0.946453, 0.037901, 0.460156]",0.9997,0.9997,22.52,1.0,0.9771,0.976843,136,346.37,353.87,7.5,2,7.38,0.016,"[[346.37, 353.17], [353.29, 353.87]]",bird-mixit+tweetynet
comsan,Actitis hypoleucos,xc:1027330,xc_1027330,0,"[0.999842, 0.967316, 0.679231, 0.823568]",0.9998,0.9998,22.27,1.0,0.9754,0.975248,0,0.76,2.0,1.24,2,1.09,0.121,"[[0.76, 0.85], [1.0, 2.0]]",bird-mixit+tweetynet
comsan,Actitis hypoleucos,xc:241902,xc_241902,0,"[0.998582, 0.017349, 0.093474, 0.290838]",0.9986,0.9986,22.38,0.9999,0.9762,0.974821,23,37.89,38.42,0.53,2,0.4,0.2453,"[[37.89, 37.98], [38.11, 38.42]]",bird-mixit+tweetynet
comsan,Actitis hypoleucos,xc:1004915,xc_1004915,0,"[0.994075, 0.347848, 0.121456, 0.13263]",0.9941,0.9941,22.97,1.0,0.98,0.974182,1,3.76,11.71,7.95,3,7.72,0.0289,"[[3.76, 3.84], [4.01, 5.36], [5.42, 11.71]]",bird-mixit+tweetynet
comsan,Actitis hypoleucos,xc:241902,xc_241902,0,"[0.998582, 0.017349, 0.093474, 0.290838]",0.9986,0.9986,22.16,0.9992,0.9742,0.972857,0,1.43,1.85,0.42,1,0.42,0.0,"[[1.43, 1.85]]",bird-mixit+tweetynet
comsan,Actitis hypoleucos,xc:503479,xc_503479,0,"[0.999842, 0.028134, 0.019203, 0.0]",0.9998,0.9998,21.93,0.9999,0.9728,0.972625,0,0.12,5.3,5.18,9,3.74,0.278,"[[0.12, 0.24], [0.45, 0.63], [0.87, 0.94], [1.05, 3.73], [3.84, 4.03], [4.18, 4.33], [4.5, 4.65], [4.85, 4.95], [5.2, 5.3]]",bird-mixit+tweetynet
comsan,Actitis hypoleucos,xc:798178,xc_798178,1,"[0.284118, 0.997149, 0.099537, 0.053401]",0.9971,0.9971,22.22,0.9994,0.9747,0.971918,18,35.04,39.12,4.08,13,2.55,0.375,"[[35.04, 35.09], [35.14, 35.71], [35.83, 35.91], [36.04, 36.07], [36.33, 36.39], [36.48, 36.57], [36.68, 36.73], [36.8, 37.52], [37.58, 37.76], [37.87, 38.14], [38.36, 38.7], [38.81, 38.88], [39.08, 39.12]]",bird-mixit+tweetynet
comsan,Actitis hypoleucos,xc:900380,xc_900380,1,"[0.998584, 0.998575, 0.0, 0.0]",0.9986,0.9986,21.97,0.9961,0.9712,0.969887,0,0.29,1.43,1.14,5,0.83,0.2719,"[[0.29, 0.7], [0.76, 0.86], [0.94, 1.07], [1.15, 1.26], [1.35, 1.43]]",bird-mixit+tweetynet
comsan,Actitis hypoleucos,xc:469617,xc_469617,0,"[0.998325, 0.0, 0.0, 0.0]",0.9983,0.9983,22.11,0.9933,0.971,0.969341,3,11.0,18.35,7.35,15,4.81,0.3456,"[[11.0, 11.28], [11.53, 11.59], [11.64, 11.76], [11.91, 12.14], [12.26, 12.38], [12.47, 12.75], [13.0, 13.08], [13.15, 13.88], [14.04, 14.67], [14.91, 15.0], [15.38, 17.11], [17.23, 17.26], [17.56, 17.62], [17.82, 17.96], [18.12, 18.35]]",bird-mixit+tweetynet
comsan,Actitis hypoleucos,xc:747135,xc_747135,0,"[0.999979, 0.954939, 0.213285, 0.621371]",1.0,1.0,21.48,0.9998,0.969,0.968969,4,6.47,11.24,4.77,9,3.79,0.2055,"[[6.47, 6.53], [6.66, 6.71], [6.81, 6.88], [6.97, 7.0], [7.22, 8.15], [8.27, 8.5], [8.55, 8.64], [8.82, 9.68], [9.77, 11.24]]",bird-mixit+tweetynet
comsan,Actitis hypoleucos,xc:1042294,xc_1042294,0,"[0.989019, 0.0, 0.00528, 0.027945]",0.989,0.989,22.47,0.9937,0.9737,0.963034,4,17.44,22.08,4.64,10,3.93,0.153,"[[17.44, 17.68], [17.73, 17.85], [17.91, 18.41], [18.47, 19.6], [19.73, 19.82], [19.91, 20.0], [20.13, 20.17], [20.26, 21.36], [21.41, 22.0], [22.05, 22.08]]",bird-mixit+tweetynet
comsan,Actitis hypoleucos,xc:157223,xc_157223,0,"[0.999959, 0.943152, 0.313528, 0.481434]",1.0,1.0,20.83,1.0,0.9626,0.962641,7,17.83,19.1,1.27,2,0.98,0.2283,"[[17.83, 18.0], [18.29, 19.1]]",bird-mixit+tweetynet
comsan,Actitis hypoleucos,xc:503479,xc_503479,0,"[0.999842, 0.028134, 0.019203, 0.0]",0.9998,0.9998,20.77,0.9999,0.9619,0.961756,2,9.85,15.21,5.36,4,4.94,0.0784,"[[9.85, 9.95], [10.12, 10.2], [10.35, 13.61], [13.71, 15.21]]",bird-mixit+tweetynet
comsan,Actitis hypoleucos,xc:728078,xc_728078,0,"[0.999975, 0.97785, 0.59169, 0.131239]",1.0,1.0,21.03,0.9896,0.9597,0.959724,18,31.78,32.43,0.65,2,0.27,0.5846,"[[31.78, 31.94], [32.32, 32.43]]",bird-mixit+tweetynet
comsan,Actitis hypoleucos,xc:513698,xc_513698,0,"[0.999739, 0.0, 0.0, 0.0]",0.9997,0.9997,20.13,1.0,0.9543,0.953992,20,45.51,47.1,1.59,2,1.2,0.2453,"[[45.51, 45.68], [46.07, 47.1]]",bird-mixit+tweetynet
comsan,Actitis hypoleucos,xc:671980,xc_671980,0,"[0.999906, 0.00564, 0.453663, 0.203255]",0.9999,0.9999,20.11,0.9997,0.9539,0.953784,4,15.41,21.0,5.59,4,5.0,0.1055,"[[15.41, 18.38], [18.63, 18.69], [18.97, 20.91], [20.97, 21.0]]",bird-mixit+tweetynet
comsan,Actitis hypoleucos,xc:1004915,xc_1004915,0,"[0.994075, 0.347848, 0.121456, 0.13263]",0.9941,0.9941,20.51,1.0,0.959,0.953383,2,11.9,19.45,7.55,1,7.55,0.0,"[[11.9, 19.45]]",bird-mixit+tweetynet
comsan,Actitis hypoleucos,xc:1004915,xc_1004915,0,"[0.994075, 0.347848, 0.121456, 0.13263]",0.9941,0.9941,20.46,1.0,0.9584,0.952755,3,19.5,27.5,8.0,1,8.0,0.0,"[[19.5, 27.5]]",bird-mixit+tweetynet
comsan,Actitis hypoleucos,xc:157223,xc_157223,0,"[0.999959, 0.943152, 0.313528, 0.481434]",1.0,1.0,19.95,1.0,0.9519,0.951899,2,7.33,8.17,0.84,1,0.84,0.0,"[[7.33, 8.17]]",bird-mixit+tweetynet
comsan,Actitis hypoleucos,xc:513698,xc_513698,0,"[0.999739, 0.0, 0.0, 0.0]",0.9997,0.9997,19.83,1.0,0.9502,0.949897,25,60.6,62.3,1.7,2,1.49,0.1235,"[[60.6, 61.28], [61.49, 62.3]]",bird-mixit+tweetynet
daured1,Phoenicurus auroreus,xc:110203,xc_110203,0,"[0.996258, 0.017234, 0.0, 0.064196]",0.9963,0.9963,44.27,1.0,1.0,0.996255,17,18.65,22.03,3.38,9,1.79,0.4704,"[[18.65, 19.06], [19.39, 19.83], [20.17, 20.22], [20.44, 20.79], [21.01, 21.13], [21.18, 21.3], [21.37, 21.48], [21.55, 21.66], [21.95, 22.03]]",bird-mixit+tweetynet
daured1,Phoenicurus auroreus,xc:110203,xc_110203,0,"[0.996258, 0.017234, 0.0, 0.064196]",0.9963,0.9963,33.63,1.0,0.9991,0.995448,20,25.35,25.75,0.4,1,0.4,0.0,"[[25.35, 25.75]]",bird-mixit+tweetynet
daured1,Phoenicurus auroreus,xc:1027586,xc_1027586,0,"[0.99563, 0.0, 0.0, 0.0]",0.9956,0.9956,38.85,1.0,0.9998,0.995422,1,1.24,1.57,0.33,1,0.33,0.0,"[[1.24, 1.57]]",bird-mixit+tweetynet
daured1,Phoenicurus auroreus,xc:1027586,xc_1027586,0,"[0.99563, 0.0, 0.0, 0.0]",0.9956,0.9956,37.19,1.0,0.9997,0.995308,4,4.2,4.51,0.31,1,0.31,0.0,"[[4.2, 4.51]]",bird-mixit+tweetynet
daured1,Phoenicurus auroreus,xc:1027586,xc_1027586,0,"[0.99563, 0.0, 0.0, 0.0]",0.9956,0.9956,36.13,1.0,0.9996,0.995202,2,2.11,2.48,0.37,1,0.37,0.0,"[[2.11, 2.48]]",bird-mixit+tweetynet
daured1,Phoenicurus auroreus,xc:1027586,xc_1027586,0,"[0.99563, 0.0, 0.0, 0.0]",0.9956,0.9956,35.61,1.0,0.9995,0.995137,0,0.11,0.45,0.34,1,0.34,0.0,"[[0.11, 0.45]]",bird-mixit+tweetynet
daured1,Phoenicurus auroreus,xc:110203,xc_110203,0,"[0.996258, 0.017234, 0.0, 0.064196]",0.9963,0.9963,32.98,0.9996,0.9988,0.995084,27,34.17,34.7,0.53,1,0.53,0.0,"[[34.17, 34.7]]",bird-mixit+tweetynet
daured1,Phoenicurus auroreus,xc:438630,xc_438630,0,"[0.99499, 0.986412, 0.703856, 0.250563]",0.995,0.995,45.14,1.0,1.0,0.994963,10,16.44,19.06,2.62,4,1.69,0.355,"[[16.44, 16.81], [17.18, 17.55], [17.79, 18.29], [18.61, 19.06]]",bird-mixit+tweetynet
daured1,Phoenicurus auroreus,xc:438630,xc_438630,0,"[0.99499, 0.986412, 0.703856, 0.250563]",0.995,0.995,44.08,1.0,1.0,0.994954,9,14.67,15.97,1.3,2,0.94,0.2769,"[[14.67, 15.11], [15.47, 15.97]]",bird-mixit+tweetynet
daured1,Phoenicurus auroreus,xc:438630,xc_438630,0,"[0.99499, 0.986412, 0.703856, 0.250563]",0.995,0.995,43.06,1.0,0.9999,0.994929,8,12.35,14.13,1.78,3,1.29,0.2753,"[[12.35, 12.91], [13.12, 13.55], [13.83, 14.13]]",bird-mixit+tweetynet
daured1,Phoenicurus auroreus,xc:438630,xc_438630,0,"[0.99499, 0.986412, 0.703856, 0.250563]",0.995,0.995,41.16,1.0,0.9999,0.994907,11,19.49,21.4,1.91,3,1.31,0.3141,"[[19.49, 19.94], [20.2, 20.64], [20.98, 21.4]]",bird-mixit+tweetynet
daured1,Phoenicurus auroreus,xc:457952,xc_457952,0,"[0.997195, 0.013443, 0.0, 0.012777]",0.9972,0.9972,30.49,0.9996,0.9977,0.994894,21,34.37,42.32,7.95,12,6.58,0.1723,"[[34.37, 34.48], [34.7, 36.19], [36.24, 36.27], [36.38, 36.77], [36.87, 38.1], [38.33, 38.79], [38.84, 39.41], [39.57, 39.63], [39.69, 39.95], [40.07, 40.26], [40.38, 40.48], [40.63, 42.32]]",bird-mixit+tweetynet
daured1,Phoenicurus auroreus,xc:438630,xc_438630,0,"[0.99499, 0.986412, 0.703856, 0.250563]",0.995,0.995,38.08,0.9998,0.9997,0.994707,19,30.29,30.69,0.4,1,0.4,0.0,"[[30.29, 30.69]]",bird-mixit+tweetynet
daured1,Phoenicurus auroreus,xc:110203,xc_110203,0,"[0.996258, 0.017234, 0.0, 0.064196]",0.9963,0.9963,31.14,1.0,0.9982,0.994543,5,6.28,6.66,0.38,1,0.38,0.0,"[[6.28, 6.66]]",bird-mixit+tweetynet
daured1,Phoenicurus auroreus,xc:110203,xc_110203,0,"[0.996258, 0.017234, 0.0, 0.064196]",0.9963,0.9963,30.56,1.0,0.9979,0.994205,0,0.02,0.63,0.61,2,0.38,0.377,"[[0.02, 0.08], [0.31, 0.63]]",bird-mixit+tweetynet
daured1,Phoenicurus auroreus,xc:485965,xc_485965,0,"[0.994253, 0.0, 0.0, 0.0]",0.9943,0.9943,37.21,1.0,0.9997,0.994012,3,4.39,4.68,0.29,1,0.29,0.0,"[[4.39, 4.68]]",bird-mixit+tweetynet
daured1,Phoenicurus auroreus,xc:485965,xc_485965,0,"[0.994253, 0.0, 0.0, 0.0]",0.9943,0.9943,36.91,1.0,0.9997,0.993981,6,8.49,9.16,0.67,2,0.43,0.3582,"[[8.49, 8.87], [9.11, 9.16]]",bird-mixit+tweetynet
daured1,Phoenicurus auroreus,xc:1027586,xc_1027586,0,"[0.99563, 0.0, 0.0, 0.0]",0.9956,0.9956,31.09,1.0,0.9982,0.99382,6,5.47,5.84,0.37,1,0.37,0.0,"[[5.47, 5.84]]",bird-mixit+tweetynet
daured1,Phoenicurus auroreus,xc:485966,xc_485966,0,"[0.999228, 0.0, 0.0, 0.0]",0.9992,0.9992,27.5,0.9996,0.9946,0.993783,4,13.51,21.14,7.63,9,5.86,0.232,"[[13.51, 13.79], [14.14, 14.26], [14.4, 14.48], [14.67, 16.56], [16.77, 16.82], [16.91, 16.99], [17.36, 17.48], [17.83, 18.12], [18.19, 21.14]]",bird-mixit+tweetynet
daured1,Phoenicurus auroreus,xc:766313,xc_766313,0,"[0.996159, 0.0, 0.0, 0.0]",0.9962,0.9962,29.53,1.0,0.9971,0.99334,1,1.9,3.48,1.58,3,0.84,0.4684,"[[1.9, 2.19], [2.56, 2.84], [3.21, 3.48]]",bird-mixit+tweetynet
daured1,Phoenicurus auroreus,xc:766312,xc_766312,0,"[0.994854, 0.0, 0.0, 0.0]",0.9949,0.9949,31.01,1.0,0.9982,0.993068,16,20.78,21.08,0.3,1,0.3,0.0,"[[20.78, 21.08]]",bird-mixit+tweetynet
daured1,Phoenicurus auroreus,xc:485965,xc_485965,0,"[0.994253, 0.0, 0.0, 0.0]",0.9943,0.9943,31.45,1.0,0.9984,0.992702,5,6.87,7.58,0.71,2,0.38,0.4648,"[[6.87, 7.18], [7.51, 7.58]]",bird-mixit+tweetynet
daured1,Phoenicurus auroreus,xc:485966,xc_485966,0,"[0.999228, 0.0, 0.0, 0.0]",0.9992,0.9992,26.9,0.9994,0.9935,0.992665,3,6.07,12.87,6.8,7,5.72,0.1588,"[[6.07, 6.1], [6.19, 8.81], [9.01, 9.09], [9.33, 9.38], [9.47, 9.61], [9.74, 10.54], [10.87, 12.87]]",bird-mixit+tweetynet
daured1,Phoenicurus auroreus,xc:766313,xc_766313,0,"[0.996159, 0.0, 0.0, 0.0]",0.9962,0.9962,28.61,1.0,0.9962,0.992445,2,3.94,4.18,0.24,1,0.24,0.0,"[[3.94, 4.18]]",bird-mixit+tweetynet
daured1,Phoenicurus auroreus,xc:485965,xc_485965,0,"[0.994253, 0.0, 0.0, 0.0]",0.9943,0.9943,30.93,1.0,0.9981,0.992437,2,3.35,3.58,0.23,1,0.23,0.0,"[[3.35, 3.58]]",bird-mixit+tweetynet
daured1,Phoenicurus auroreus,xc:485965,xc_485965,0,"[0.994253, 0.0, 0.0, 0.0]",0.9943,0.9943,30.34,1.0,0.9978,0.992073,0,0.47,0.71,0.24,1,0.24,0.0,"[[0.47, 0.71]]",bird-mixit+tweetynet
daured1,Phoenicurus auroreus,xc:134585,xc_134585,0,"[0.991606, 0.098672, 0.0, 0.0]",0.9916,0.9916,37.11,0.9999,0.9997,0.991281,35,91.42,93.71,2.29,5,1.44,0.3712,"[[91.42, 91.64], [92.0, 92.11], [92.25, 92.48], [92.62, 92.68], [92.89, 93.71]]",bird-mixit+tweetynet
daured1,Phoenicurus auroreus,xc:438253,xc_438253,1,"[0.0, 0.991401, 0.0, 0.0]",0.9914,0.9914,39.03,1.0,0.9998,0.991233,3,4.22,4.54,0.32,1,0.32,0.0,"[[4.22, 4.54]]",bird-mixit+tweetynet
daured1,Phoenicurus auroreus,xc:438253,xc_438253,1,"[0.0, 0.991401, 0.0, 0.0]",0.9914,0.9914,37.59,1.0,0.9997,0.991143,15,21.17,22.2,1.03,2,0.68,0.3398,"[[21.17, 21.49], [21.84, 22.2]]",bird-mixit+tweetynet
daured1,Phoenicurus auroreus,xc:438253,xc_438253,1,"[0.0, 0.991401, 0.0, 0.0]",0.9914,0.9914,37.35,1.0,0.9997,0.991126,1,0.76,2.47,1.71,3,0.97,0.4327,"[[0.76, 1.06], [1.45, 1.79], [2.14, 2.47]]",bird-mixit+tweetynet
daured1,Phoenicurus auroreus,xc:438253,xc_438253,1,"[0.0, 0.991401, 0.0, 0.0]",0.9914,0.9914,36.92,1.0,0.9997,0.99109,6,7.12,7.52,0.4,1,0.4,0.0,"[[7.12, 7.52]]",bird-mixit+tweetynet
daured1,Phoenicurus auroreus,xc:438253,xc_438253,1,"[0.0, 0.991401, 0.0, 0.0]",0.9914,0.9914,36.73,1.0,0.9997,0.991069,4,5.33,5.68,0.35,1,0.35,0.0,"[[5.33, 5.68]]",bird-mixit+tweetynet
daured1,Phoenicurus auroreus,xc:134585,xc_134585,0,"[0.991606, 0.098672, 0.0, 0.0]",0.9916,0.9916,32.68,1.0,0.9989,0.99049,17,48.12,48.5,0.38,1,0.38,0.0,"[[48.12, 48.5]]",bird-mixit+tweetynet
daured1,Phoenicurus auroreus,xc:457952,xc_457952,0,"[0.997195, 0.013443, 0.0, 0.012777]",0.9972,0.9972,25.95,0.9999,0.9916,0.988856,3,4.65,8.15,3.5,10,2.37,0.3229,"[[4.65, 6.19], [6.35, 6.4], [6.52, 6.56], [6.67, 6.76], [6.97, 7.02], [7.11, 7.19], [7.26, 7.32], [7.37, 7.45], [7.51, 7.72], [7.98, 8.15]]",bird-mixit+tweetynet
daured1,Phoenicurus auroreus,xc:618028,xc_618028,0,"[0.988566, 0.020447, 0.0, 0.028741]",0.9886,0.9886,39.15,1.0,0.9998,0.988438,54,116.8,117.22,0.42,1,0.42,0.0,"[[116.8, 117.22]]",bird-mixit+tweetynet
daured1,Phoenicurus auroreus,xc:618028,xc_618028,0,"[0.988566, 0.020447, 0.0, 0.028741]",0.9886,0.9886,38.92,1.0,0.9998,0.988425,24,38.29,38.6,0.31,1,0.31,0.0,"[[38.29, 38.6]]",bird-mixit+tweetynet
daured1,Phoenicurus auroreus,xc:618028,xc_618028,0,"[0.988566, 0.020447, 0.0, 0.028741]",0.9886,0.9886,38.75,1.0,0.9998,0.988419,49,108.68,110.23,1.55,3,0.92,0.4065,"[[108.68, 109.06], [109.35, 109.61], [109.95, 110.23]]",bird-mixit+tweetynet
daured1,Phoenicurus auroreus,xc:618028,xc_618028,0,"[0.988566, 0.020447, 0.0, 0.028741]",0.9886,0.9886,38.57,1.0,0.9998,0.988409,57,120.42,121.32,0.9,2,0.58,0.3556,"[[120.42, 120.7], [121.02, 121.32]]",bird-mixit+tweetynet
daured1,Phoenicurus auroreus,xc:618028,xc_618028,0,"[0.988566, 0.020447, 0.0, 0.028741]",0.9886,0.9886,37.04,1.0,0.9997,0.988298,12,19.64,23.65,4.01,7,2.02,0.4963,"[[19.64, 19.92], [20.24, 20.55], [20.86, 21.17], [21.53, 21.84], [22.14, 22.42], [22.76, 23.03], [23.39, 23.65]]",bird-mixit+tweetynet
daured1,Phoenicurus auroreus,xc:766313,xc_766313,0,"[0.996159, 0.0, 0.0, 0.0]",0.9962,0.9962,25.95,1.0,0.9917,0.987916,0,0.79,1.01,0.22,1,0.22,0.0,"[[0.79, 1.01]]",bird-mixit+tweetynet
daured1,Phoenicurus auroreus,xc:110202,xc_110202,0,"[0.992416, 0.110787, 0.0, 0.024249]",0.9924,0.9924,27.5,1.0,0.9948,0.987202,3,4.34,4.7,0.36,1,0.36,0.0,"[[4.34, 4.7]]",bird-mixit+tweetynet
daured1,Phoenicurus auroreus,xc:110202,xc_110202,0,"[0.992416, 0.110787, 0.0, 0.024249]",0.9924,0.9924,27.41,1.0,0.9946,0.987065,8,11.74,12.08,0.34,1,0.34,0.0,"[[11.74, 12.08]]",bird-mixit+tweetynet
daured1,Phoenicurus auroreus,xc:110202,xc_110202,0,"[0.992416, 0.110787, 0.0, 0.024249]",0.9924,0.9924,27.3,1.0,0.9944,0.986891,4,6.72,7.06,0.34,1,0.34,0.0,"[[6.72, 7.06]]",bird-mixit+tweetynet
daured1,Phoenicurus auroreus,xc:110202,xc_110202,0,"[0.992416, 0.110787, 0.0, 0.024249]",0.9924,0.9924,26.53,0.9998,0.9929,0.9854,2,2.75,3.31,0.56,2,0.36,0.3571,"[[2.75, 2.8], [3.0, 3.31]]",bird-mixit+tweetynet
daured1,Phoenicurus auroreus,xc:110202,xc_110202,0,"[0.992416, 0.110787, 0.0, 0.024249]",0.9924,0.9924,25.37,1.0,0.9901,0.982619,1,1.61,1.98,0.37,1,0.37,0.0,"[[1.61, 1.98]]",bird-mixit+tweetynet
daured1,Phoenicurus auroreus,xc:457952,xc_457952,0,"[0.997195, 0.013443, 0.0, 0.012777]",0.9972,0.9972,24.1,0.999,0.9852,0.982401,6,13.34,15.88,2.54,4,2.21,0.1299,"[[13.34, 13.41], [13.49, 13.58], [13.7, 13.97], [14.1, 15.88]]",bird-mixit+tweetynet
daured1,Phoenicurus auroreus,xc:481493,xc_481493,0,"[0.983383, 0.0, 0.0, 0.0]",0.9834,0.9834,31.51,0.9994,0.9981,0.981555,7,17.78,21.96,4.18,10,2.43,0.4187,"[[17.78, 17.82], [18.07, 19.34], [19.63, 19.66], [19.71, 19.77], [19.95, 20.19], [20.36, 20.48], [20.68, 21.0], [21.25, 21.35], [21.53, 21.65], [21.83, 21.96]]",bird-mixit+tweetynet
daured1,Phoenicurus auroreus,xc:809608,xc_809608,0,"[0.980453, 0.0, 0.0, 0.0]",0.9805,0.9805,32.67,1.0,0.9989,0.979404,52,54.51,56.94,2.43,6,1.01,0.5844,"[[54.51, 54.54], [54.76, 55.05], [55.29, 55.53], [55.86, 56.0], [56.34, 56.39], [56.68, 56.94]]",bird-mixit+tweetynet
daured1,Phoenicurus auroreus,xc:457952,xc_457952,0,"[0.997195, 0.013443, 0.0, 0.012777]",0.9972,0.9972,23.36,0.9997,0.982,0.979267,23,46.06,50.17,4.11,10,2.96,0.2798,"[[46.06, 46.18], [46.45, 48.44], [48.56, 48.61], [48.68, 48.82], [49.0, 49.07], [49.22, 49.36], [49.41, 49.51], [49.59, 49.77], [49.84, 49.94], [50.1, 50.17]]",bird-mixit+tweetynet
daured1,Phoenicurus auroreus,xc:809608,xc_809608,0,"[0.980453, 0.0, 0.0, 0.0]",0.9805,0.9805,31.42,0.9999,0.9984,0.978889,35,33.68,34.22,0.54,2,0.41,0.2407,"[[33.68, 33.91], [34.04, 34.22]]",bird-mixit+tweetynet
daured1,Phoenicurus auroreus,xc:809608,xc_809608,0,"[0.980453, 0.0, 0.0, 0.0]",0.9805,0.9805,30.6,0.9999,0.9979,0.978435,47,49.17,49.85,0.68,2,0.36,0.4706,"[[49.17, 49.31], [49.63, 49.85]]",bird-mixit+tweetynet
daured1,Phoenicurus auroreus,xc:809608,xc_809608,0,"[0.980453, 0.0, 0.0, 0.0]",0.9805,0.9805,29.66,0.9998,0.9971,0.977694,42,41.97,42.5,0.53,2,0.47,0.1132,"[[41.97, 42.32], [42.38, 42.5]]",bird-mixit+tweetynet
daured1,Phoenicurus auroreus,xc:809608,xc_809608,0,"[0.980453, 0.0, 0.0, 0.0]",0.9805,0.9805,29.4,1.0,0.997,0.97758,33,31.31,32.01,0.7,2,0.38,0.4571,"[[31.31, 31.41], [31.73, 32.01]]",bird-mixit+tweetynet
daured1,Phoenicurus auroreus,xc:766313,xc_766313,0,"[0.996159, 0.0, 0.0, 0.0]",0.9962,0.9962,23.14,0.9999,0.9809,0.977135,7,23.81,24.03,0.22,1,0.22,0.0,"[[23.81, 24.03]]",bird-mixit+tweetynet
daured1,Phoenicurus auroreus,xc:438627,xc_438627,0,"[0.977148, 0.0, 0.0, 0.0]",0.9771,0.9771,46.61,1.0,1.0,0.977074,9,10.21,10.5,0.29,1,0.29,0.0,"[[10.21, 10.5]]",bird-mixit+tweetynet
daured1,Phoenicurus auroreus,xc:438627,xc_438627,0,"[0.977148, 0.0, 0.0, 0.0]",0.9771,0.9771,41.13,1.0,0.9999,0.977007,12,13.0,13.21,0.21,1,0.21,0.0,"[[13.0, 13.21]]",bird-mixit+tweetynet
daured1,Phoenicurus auroreus,xc:110206,xc_110206,0,"[0.987222, 0.0, 0.0, 0.149888]",0.9872,0.9872,25.24,0.9998,0.9897,0.976994,34,77.67,80.51,2.84,4,2.1,0.2606,"[[77.67, 77.86], [78.14, 78.28], [78.6, 78.67], [78.81, 80.51]]",bird-mixit+tweetynet
daured1,Phoenicurus auroreus,xc:438627,xc_438627,0,"[0.977148, 0.0, 0.0, 0.0]",0.9771,0.9771,40.68,1.0,0.9999,0.976994,13,14.07,14.28,0.21,1,0.21,0.0,"[[14.07, 14.28]]",bird-mixit+tweetynet
daured1,Phoenicurus auroreus,xc:438627,xc_438627,0,"[0.977148, 0.0, 0.0, 0.0]",0.9771,0.9771,39.55,1.0,0.9999,0.976956,17,20.55,20.76,0.21,1,0.21,0.0,"[[20.55, 20.76]]",bird-mixit+tweetynet
daured1,Phoenicurus auroreus,xc:438627,xc_438627,0,"[0.977148, 0.0, 0.0, 0.0]",0.9771,0.9771,38.44,1.0,0.9998,0.976897,10,11.15,11.39,0.24,1,0.24,0.0,"[[11.15, 11.39]]",bird-mixit+tweetynet
daured1,Phoenicurus auroreus,xc:481493,xc_481493,0,"[0.983383, 0.0, 0.0, 0.0]",0.9834,0.9834,26.45,0.9996,0.9927,0.976187,35,91.1,94.48,3.38,6,2.86,0.1538,"[[91.1, 91.2], [91.27, 91.64], [91.69, 91.76], [91.84, 91.93], [92.11, 92.33], [92.47, 94.48]]",bird-mixit+tweetynet
daured1,Phoenicurus auroreus,xc:864290,xc_864290,1,"[0.0, 0.982388, 0.0, 0.0]",0.9824,0.9824,26.85,0.9994,0.9934,0.975901,13,20.39,21.64,1.25,4,0.88,0.296,"[[20.39, 20.43], [20.53, 20.82], [20.95, 21.46], [21.6, 21.64]]",bird-mixit+tweetynet
daured1,Phoenicurus auroreus,xc:864290,xc_864290,1,"[0.0, 0.982388, 0.0, 0.0]",0.9824,0.9824,26.41,0.9998,0.9927,0.975204,10,15.21,16.0,0.79,2,0.62,0.2152,"[[15.21, 15.44], [15.61, 16.0]]",bird-mixit+tweetynet
daured1,Phoenicurus auroreus,xc:1049060,xc_1049060,0,"[0.983966, 0.0, 0.0, 0.0]",0.984,0.984,25.53,0.9999,0.9906,0.974748,18,49.16,50.78,1.62,3,1.47,0.0926,"[[49.16, 49.25], [49.32, 50.66], [50.74, 50.78]]",bird-mixit+tweetynet
daured1,Phoenicurus auroreus,xc:260143,xc_260143,0,"[0.997738, 0.0, 0.0, 0.0]",0.9977,0.9977,22.43,0.9997,0.9764,0.974134,1,1.29,2.97,1.68,3,0.95,0.4345,"[[1.29, 1.63], [1.96, 2.29], [2.69, 2.97]]",bird-mixit+tweetynet
daured1,Phoenicurus auroreus,xc:864290,xc_864290,1,"[0.0, 0.982388, 0.0, 0.0]",0.9824,0.9824,25.86,0.9996,0.9913,0.97384,2,1.91,4.27,2.36,6,1.15,0.5127,"[[1.91, 2.29], [2.56, 2.61], [3.01, 3.16], [3.29, 3.38], [3.67, 4.12], [4.24, 4.27]]",bird-mixit+tweetynet
daured1,Phoenicurus auroreus,xc:766312,xc_766312,0,"[0.994854, 0.0, 0.0, 0.0]",0.9949,0.9949,22.7,0.9998,0.9782,0.973239,13,17.31,17.54,0.23,1,0.23,0.0,"[[17.31, 17.54]]",bird-mixit+tweetynet
daured1,Phoenicurus auroreus,xc:194873,xc_194873,0,"[0.97529, 0.0, 0.028972, 0.032843]",0.9753,0.9753,30.57,0.9997,0.9978,0.973139,20,26.2,26.99,0.79,3,0.38,0.519,"[[26.2, 26.49], [26.72, 26.76], [26.94, 26.99]]",bird-mixit+tweetynet
daured1,Phoenicurus auroreus,xc:864290,xc_864290,1,"[0.0, 0.982388, 0.0, 0.0]",0.9824,0.9824,25.61,0.9988,0.9903,0.972831,15,22.88,24.93,2.05,5,1.24,0.3951,"[[22.88, 23.0], [23.07, 23.41], [23.67, 23.77], [24.1, 24.63], [24.78, 24.93]]",bird-mixit+tweetynet
daured1,Phoenicurus auroreus,xc:711709,xc_711709,0,"[0.982471, 0.0, 0.0, 0.0]",0.9825,0.9825,25.35,1.0,0.9901,0.972744,0,0.02,2.22,2.2,4,1.3,0.4091,"[[0.02, 0.39], [0.66, 0.95], [1.33, 1.68], [1.93, 2.22]]",bird-mixit+tweetynet
daured1,Phoenicurus auroreus,xc:741569,xc_741569,0,"[0.972624, 0.0, 0.0, 0.0]",0.9726,0.9726,40.32,1.0,0.9999,0.972487,29,27.77,28.19,0.42,1,0.42,0.0,"[[27.77, 28.19]]",bird-mixit+tweetynet
daured1,Phoenicurus auroreus,xc:457952,xc_457952,0,"[0.997195, 0.013443, 0.0, 0.012777]",0.9972,0.9972,22.28,0.9994,0.9752,0.972464,4,8.97,10.7,1.73,4,1.35,0.2197,"[[8.97, 9.02], [9.15, 9.21], [9.26, 9.34], [9.54, 10.7]]",bird-mixit+tweetynet
daured1,Phoenicurus auroreus,xc:741569,xc_741569,0,"[0.972624, 0.0, 0.0, 0.0]",0.9726,0.9726,34.49,1.0,0.9994,0.971968,0,0.36,0.66,0.3,1,0.3,0.0,"[[0.36, 0.66]]",bird-mixit+tweetynet
daured1,Phoenicurus auroreus,xc:741569,xc_741569,0,"[0.972624, 0.0, 0.0, 0.0]",0.9726,0.9726,34.47,1.0,0.9993,0.971965,11,11.21,11.48,0.27,1,0.27,0.0,"[[11.21, 11.48]]",bird-mixit+tweetynet
daured1,Phoenicurus auroreus,xc:741569,xc_741569,0,"[0.972624, 0.0, 0.0, 0.0]",0.9726,0.9726,34.07,1.0,0.9993,0.971885,31,29.33,29.97,0.64,2,0.34,0.4688,"[[29.33, 29.61], [29.91, 29.97]]",bird-mixit+tweetynet
dusthr2,Turdus eunomus,xc:268115,xc_268115,0,"[0.999083, 0.163116, 0.0, 0.128824]",0.9991,0.9991,28.5,0.9957,0.994,0.9931,31,58.14,58.69,0.55,2,0.28,0.4909,"[[58.14, 58.24], [58.51, 58.69]]",bird-mixit+tweetynet
dusthr2,Turdus eunomus,xc:268115,xc_268115,0,"[0.999083, 0.163116, 0.0, 0.128824]",0.9991,0.9991,26.51,0.9266,0.9565,0.955678,37,74.68,76.1,1.42,4,1.12,0.2113,"[[74.68, 74.72], [74.8, 75.45], [75.53, 75.67], [75.81, 76.1]]",bird-mixit+tweetynet
dusthr2,Turdus eunomus,xc:393463,xc_393463,0,"[0.954545, 0.0, 0.0, 0.0]",0.9545,0.9545,34.33,0.9987,0.9987,0.953213,11,42.76,44.8,2.04,7,1.06,0.4804,"[[42.76, 43.02], [43.09, 43.29], [43.34, 43.61], [43.7, 43.77], [44.08, 44.23], [44.3, 44.36], [44.75, 44.8]]",bird-mixit+tweetynet
dusthr2,Turdus eunomus,xc:393463,xc_393463,0,"[0.954545, 0.0, 0.0, 0.0]",0.9545,0.9545,32.43,0.9952,0.9964,0.951062,12,45.35,46.3,0.95,1,0.95,0.0,"[[45.35, 46.3]]",bird-mixit+tweetynet
dusthr2,Turdus eunomus,xc:393463,xc_393463,0,"[0.954545, 0.0, 0.0, 0.0]",0.9545,0.9545,32.5,0.9946,0.9961,0.950818,15,50.44,53.75,3.31,9,2.04,0.3837,"[[50.44, 50.61], [50.89, 50.93], [51.03, 51.27], [51.6, 52.07], [52.17, 52.43], [52.57, 52.7], [52.9, 53.15], [53.2, 53.4], [53.47, 53.75]]",bird-mixit+tweetynet
dusthr2,Turdus eunomus,xc:393463,xc_393463,0,"[0.954545, 0.0, 0.0, 0.0]",0.9545,0.9545,29.24,0.9965,0.9951,0.949866,7,28.76,33.72,4.96,13,3.35,0.3246,"[[28.76, 29.0], [29.34, 29.66], [29.78, 29.95], [30.0, 30.52], [30.71, 30.88], [30.94, 31.13], [31.2, 31.62], [31.74, 31.82], [32.1, 32.28], [32.34, 32.61], [32.66, 33.14], [33.26, 33.47], [33.62, 33.72]]",bird-mixit+tweetynet
dusthr2,Turdus eunomus,xc:393463,xc_393463,0,"[0.954545, 0.0, 0.0, 0.0]",0.9545,0.9545,30.16,0.9947,0.995,0.949749,8,34.23,39.4,5.17,15,3.1,0.4004,"[[34.23, 34.51], [34.89, 35.0], [35.12, 35.31], [35.43, 35.68], [35.91, 36.09], [36.15, 36.18], [36.55, 36.79], [36.87, 37.06], [37.11, 37.33], [37.38, 37.59], [37.74, 37.93], [37.99, 38.22], [38.29, 38.76], [38.96, 39.19], [39.32, 39.4]]",bird-mixit+tweetynet
dusthr2,Turdus eunomus,xc:268115,xc_268115,0,"[0.999083, 0.163116, 0.0, 0.128824]",0.9991,0.9991,28.38,0.9066,0.9494,0.948594,30,56.01,57.63,1.62,5,0.93,0.4259,"[[56.01, 56.18], [56.25, 56.41], [56.48, 56.64], [56.81, 57.06], [57.44, 57.63]]",bird-mixit+tweetynet
dusthr2,Turdus eunomus,xc:268114,xc_268114,0,"[0.997984, 0.037879, 0.0, 0.067003]",0.998,0.998,28.78,0.8883,0.9408,0.938919,1,1.88,6.68,4.8,13,3.36,0.3,"[[1.88, 2.55], [2.66, 2.8], [2.96, 3.15], [3.2, 3.34], [3.41, 3.52], [3.91, 4.0], [4.08, 4.43], [4.5, 4.88], [4.97, 5.18], [5.29, 5.36], [5.5, 5.67], [5.73, 5.8], [5.91, 6.68]]",bird-mixit+tweetynet
dusthr2,Turdus eunomus,xc:268114,xc_268114,0,"[0.997984, 0.037879, 0.0, 0.067003]",0.998,0.998,24.01,0.8954,0.9338,0.931894,14,46.9,47.96,1.06,1,1.06,0.0,"[[46.9, 47.96]]",bird-mixit+tweetynet
dusthr2,Turdus eunomus,xc:268115,xc_268115,0,"[0.999083, 0.163116, 0.0, 0.128824]",0.9991,0.9991,33.23,0.8332,0.9158,0.914926,73,152.09,152.86,0.77,1,0.77,0.0,"[[152.09, 152.86]]",bird-mixit+tweetynet
dusthr2,Turdus eunomus,xc:268115,xc_268115,0,"[0.999083, 0.163116, 0.0, 0.128824]",0.9991,0.9991,28.92,0.8367,0.9152,0.914381,66,135.01,136.55,1.54,2,1.48,0.039,"[[135.01, 136.32], [136.38, 136.55]]",bird-mixit+tweetynet
dusthr2,Turdus eunomus,xc:268114,xc_268114,0,"[0.997984, 0.037879, 0.0, 0.067003]",0.998,0.998,31.01,0.8263,0.9115,0.909646,16,55.77,63.46,7.69,17,5.6,0.2718,"[[55.77, 56.01], [56.14, 57.31], [57.46, 57.56], [57.67, 57.83], [58.0, 58.11], [58.33, 58.46], [58.63, 58.69], [58.9, 59.35], [59.57, 59.61], [59.66, 60.51], [60.6, 61.3], [61.37, 61.51], [61.6, 61.85], [61.93, 62.2], [62.3, 62.94], [63.02, 63.22], [63.37, 63.46]]",bird-mixit+tweetynet
dusthr2,Turdus eunomus,xc:268114,xc_268114,0,"[0.997984, 0.037879, 0.0, 0.067003]",0.998,0.998,29.61,0.819,0.907,0.905164,9,27.52,32.39,4.87,10,3.76,0.2279,"[[27.52, 27.84], [27.89, 28.98], [29.08, 29.24], [29.42, 29.57], [29.7, 30.06], [30.17, 30.31], [30.49, 30.74], [30.87, 31.09], [31.21, 31.42], [31.53, 32.39]]",bird-mixit+tweetynet
dusthr2,Turdus eunomus,xc:268114,xc_268114,0,"[0.997984, 0.037879, 0.0, 0.067003]",0.998,0.998,31.12,0.8071,0.902,0.90016,10,32.86,34.51,1.65,5,1.24,0.2485,"[[32.86, 33.02], [33.17, 33.39], [33.44, 34.06], [34.11, 34.29], [34.45, 34.51]]",bird-mixit+tweetynet
dusthr2,Turdus eunomus,xc:786884,xc_786884,0,"[0.985312, 0.0, 0.0, 0.0]",0.9853,0.9853,26.74,0.824,0.906,0.892684,20,38.12,41.76,3.64,9,2.15,0.4093,"[[38.12, 38.22], [38.32, 38.35], [38.62, 38.69], [39.01, 39.91], [40.09, 40.23], [40.42, 40.82], [41.12, 41.47], [41.54, 41.6], [41.66, 41.76]]",bird-mixit+tweetynet
dusthr2,Turdus eunomus,xc:676011,xc_676011,0,"[0.986928, 0.0, 0.0, 0.0]",0.9869,0.9869,18.53,0.9316,0.8964,0.8847,6,16.83,24.73,7.9,27,3.96,0.4987,"[[16.83, 16.98], [17.05, 17.21], [17.26, 17.41], [17.5, 17.67], [17.78, 17.92], [18.12, 18.27], [18.64, 18.82], [19.19, 19.34], [19.5, 19.65], [19.71, 19.87], [20.07, 20.23], [20.3, 20.47], [20.55, 20.71], [20.76, 20.91], [21.07, 21.2], [21.44, 21.59], [21.78, 21.94], [22.0, 22.07], [22.36, 22.53], [22.62, 22.78], [22.9, 23.06], [23.16, 23.27], [23.42, 23.55], [23.75, 23.89], [24.07, 24.18], [24.32, 24.44], [24.58, 24.73]]",bird-mixit+tweetynet
dusthr2,Turdus eunomus,xc:675169,xc_675169,0,"[0.970156, 0.0, 0.0, 0.0]",0.9702,0.9702,23.12,0.8475,0.9061,0.879087,8,10.36,11.36,1.0,3,0.63,0.37,"[[10.36, 10.44], [10.51, 10.56], [10.86, 11.36]]",bird-mixit+tweetynet
dusthr2,Turdus eunomus,xc:675169,xc_675169,0,"[0.970156, 0.0, 0.0, 0.0]",0.9702,0.9702,21.33,0.8585,0.8992,0.872401,11,15.44,16.89,1.45,2,1.38,0.0483,"[[15.44, 16.65], [16.72, 16.89]]",bird-mixit+tweetynet
dusthr2,Turdus eunomus,xc:675215,xc_675215,0,"[0.883378, 0.017973, 0.0, 0.040278]",0.8834,0.8834,23.49,0.9923,0.979,0.864876,97,183.98,187.73,3.75,8,1.86,0.504,"[[183.98, 184.02], [184.18, 184.46], [184.74, 185.06], [185.38, 185.62], [185.9, 186.27], [186.55, 186.89], [187.28, 187.32], [187.5, 187.73]]",bird-mixit+tweetynet
dusthr2,Turdus eunomus,xc:786884,xc_786884,0,"[0.985312, 0.0, 0.0, 0.0]",0.9853,0.9853,19.71,0.8418,0.8735,0.860634,16,30.81,31.59,0.78,1,0.78,0.0,"[[30.81, 31.59]]",bird-mixit+tweetynet
dusthr2,Turdus eunomus,xc:676011,xc_676011,0,"[0.986928, 0.0, 0.0, 0.0]",0.9869,0.9869,17.32,0.934,0.8702,0.858811,0,0.02,2.73,2.71,10,1.6,0.4096,"[[0.02, 0.12], [0.21, 0.33], [0.39, 0.74], [0.85, 0.98], [1.08, 1.22], [1.31, 1.47], [1.52, 1.68], [1.88, 2.02], [2.3, 2.45], [2.58, 2.73]]",bird-mixit+tweetynet
dusthr2,Turdus eunomus,xc:675215,xc_675215,0,"[0.883378, 0.017973, 0.0, 0.040278]",0.8834,0.8834,22.66,0.9847,0.9706,0.85746,46,105.23,106.27,1.04,3,0.53,0.4904,"[[105.23, 105.45], [105.64, 105.68], [106.0, 106.27]]",bird-mixit+tweetynet
dusthr2,Turdus eunomus,xc:675215,xc_675215,0,"[0.883378, 0.017973, 0.0, 0.040278]",0.8834,0.8834,23.97,0.9215,0.9464,0.836063,61,123.06,125.81,2.75,7,1.52,0.4473,"[[123.06, 123.34], [123.47, 123.51], [123.56, 124.02], [124.33, 124.38], [124.45, 124.83], [125.13, 125.17], [125.54, 125.81]]",bird-mixit+tweetynet
dusthr2,Turdus eunomus,xc:675215,xc_675215,0,"[0.883378, 0.017973, 0.0, 0.040278]",0.8834,0.8834,20.33,0.9768,0.9457,0.83542,92,171.81,174.62,2.81,5,1.9,0.3238,"[[171.81, 172.13], [172.5, 172.84], [173.15, 173.6], [173.72, 174.29], [174.4, 174.62]]",bird-mixit+tweetynet
dusthr2,Turdus eunomus,xc:676011,xc_676011,0,"[0.986928, 0.0, 0.0, 0.0]",0.9869,0.9869,17.56,0.862,0.8436,0.832508,2,10.64,10.8,0.16,1,0.16,0.0,"[[10.64, 10.8]]",bird-mixit+tweetynet
dusthr2,Turdus eunomus,xc:115098,xc_115098,0,"[0.842654, 0.0, 0.0, 0.582006]",0.8427,0.8427,34.65,0.9688,0.9838,0.829043,8,17.89,18.31,0.42,1,0.42,0.0,"[[17.89, 18.31]]",bird-mixit+tweetynet
dusthr2,Turdus eunomus,xc:675170,xc_675170,0,"[0.953718, 0.0, 0.0, 0.0]",0.9537,0.9537,19.3,0.8347,0.8643,0.824258,1,0.65,4.24,3.59,7,2.61,0.273,"[[0.65, 0.86], [1.11, 1.15], [1.34, 1.72], [2.0, 2.3], [2.39, 3.75], [3.81, 3.96], [4.07, 4.24]]",bird-mixit+tweetynet
dusthr2,Turdus eunomus,xc:674778,xc_674778,0,"[0.881255, 0.0, 0.0, 0.0]",0.8813,0.8813,20.49,0.9387,0.9294,0.819109,6,9.48,11.79,2.31,8,1.62,0.2987,"[[9.48, 9.8], [9.88, 10.0], [10.06, 10.12], [10.3, 10.59], [10.7, 10.89], [10.94, 11.08], [11.2, 11.34], [11.43, 11.79]]",bird-mixit+tweetynet
dusthr2,Turdus eunomus,xc:786884,xc_786884,0,"[0.985312, 0.0, 0.0, 0.0]",0.9853,0.9853,16.74,0.8793,0.8299,0.817656,10,21.43,22.2,0.77,1,0.77,0.0,"[[21.43, 22.2]]",bird-mixit+tweetynet
dusthr2,Turdus eunomus,xc:115098,xc_115098,0,"[0.842654, 0.0, 0.0, 0.582006]",0.8427,0.8427,22.95,0.9789,0.9695,0.817039,16,35.57,36.97,1.4,3,1.15,0.1786,"[[35.57, 36.11], [36.16, 36.63], [36.83, 36.97]]",bird-mixit+tweetynet
dusthr2,Turdus eunomus,xc:115098,xc_115098,0,"[0.842654, 0.0, 0.0, 0.582006]",0.8427,0.8427,25.82,0.955,0.9691,0.816628,29,56.28,57.06,0.78,2,0.62,0.2051,"[[56.28, 56.71], [56.87, 57.06]]",bird-mixit+tweetynet
dusthr2,Turdus eunomus,xc:675215,xc_675215,0,"[0.883378, 0.017973, 0.0, 0.040278]",0.8834,0.8834,18.38,0.9955,0.9229,0.815329,20,48.61,50.15,1.54,3,1.32,0.1429,"[[48.61, 49.04], [49.2, 49.85], [49.91, 50.15]]",bird-mixit+tweetynet
dusthr2,Turdus eunomus,xc:115098,xc_115098,0,"[0.842654, 0.0, 0.0, 0.582006]",0.8427,0.8427,21.92,0.9884,0.9672,0.815049,0,1.45,2.41,0.96,2,0.62,0.3542,"[[1.45, 1.49], [1.83, 2.41]]",bird-mixit+tweetynet
dusthr2,Turdus eunomus,xc:786884,xc_786884,0,"[0.985312, 0.0, 0.0, 0.0]",0.9853,0.9853,17.68,0.8018,0.8191,0.807049,17,33.42,34.17,0.75,1,0.75,0.0,"[[33.42, 34.17]]",bird-mixit+tweetynet
dusthr2,Turdus eunomus,xc:115098,xc_115098,0,"[0.842654, 0.0, 0.0, 0.582006]",0.8427,0.8427,30.77,0.9181,0.9572,0.806607,5,11.05,12.02,0.97,4,0.71,0.268,"[[11.05, 11.4], [11.45, 11.6], [11.69, 11.83], [11.95, 12.02]]",bird-mixit+tweetynet
dusthr2,Turdus eunomus,xc:676011,xc_676011,0,"[0.986928, 0.0, 0.0, 0.0]",0.9869,0.9869,15.87,0.9105,0.8152,0.804562,1,3.09,9.96,6.87,21,3.04,0.5575,"[[3.09, 3.23], [3.45, 3.59], [3.77, 3.9], [4.21, 4.38], [4.44, 4.6], [4.73, 4.88], [5.05, 5.2], [5.35, 5.51], [5.7, 5.86], [6.07, 6.19], [6.49, 6.64], [6.69, 6.84], [6.96, 7.11], [7.27, 7.39], [7.64, 7.79], [7.98, 8.14], [8.36, 8.49], [8.68, 8.83], [9.0, 9.12], [9.46, 9.61], [9.83, 9.96]]",bird-mixit+tweetynet
dusthr2,Turdus eunomus,xc:674778,xc_674778,0,"[0.881255, 0.0, 0.0, 0.0]",0.8813,0.8813,22.86,0.8411,0.9015,0.794486,9,17.13,18.04,0.91,4,0.69,0.2418,"[[17.13, 17.35], [17.44, 17.63], [17.69, 17.81], [17.88, 18.04]]",bird-mixit+tweetynet
dusthr2,Turdus eunomus,xc:675169,xc_675169,0,"[0.970156, 0.0, 0.0, 0.0]",0.9702,0.9702,17.04,0.8262,0.8146,0.790315,6,7.1,8.54,1.44,3,1.11,0.2292,"[[7.1, 7.7], [7.79, 7.94], [8.18, 8.54]]",bird-mixit+tweetynet
dusthr2,Turdus eunomus,xc:675169,xc_675169,0,"[0.970156, 0.0, 0.0, 0.0]",0.9702,0.9702,20.62,0.6929,0.8129,0.78864,5,6.36,6.56,0.2,1,0.2,0.0,"[[6.36, 6.56]]",bird-mixit+tweetynet
dusthr2,Turdus eunomus,xc:675170,xc_675170,0,"[0.953718, 0.0, 0.0, 0.0]",0.9537,0.9537,18.39,0.7829,0.825,0.786768,5,9.89,14.79,4.9,11,3.12,0.3633,"[[9.89, 10.05], [10.28, 10.46], [10.79, 10.86], [11.07, 11.24], [11.46, 11.61], [11.93, 12.28], [12.35, 12.51], [12.59, 12.83], [12.93, 13.09], [13.23, 13.36], [13.44, 14.79]]",bird-mixit+tweetynet
dusthr2,Turdus eunomus,xc:676011,xc_676011,0,"[0.986928, 0.0, 0.0, 0.0]",0.9869,0.9869,15.85,0.8548,0.7907,0.780357,4,14.04,14.54,0.5,2,0.33,0.34,"[[14.04, 14.21], [14.38, 14.54]]",bird-mixit+tweetynet
dusthr2,Turdus eunomus,xc:675170,xc_675170,0,"[0.953718, 0.0, 0.0, 0.0]",0.9537,0.9537,16.41,0.8691,0.8155,0.777736,4,7.78,9.05,1.27,4,0.68,0.4646,"[[7.78, 8.0], [8.2, 8.35], [8.61, 8.78], [8.91, 9.05]]",bird-mixit+tweetynet
dusthr2,Turdus eunomus,xc:786884,xc_786884,0,"[0.985312, 0.0, 0.0, 0.0]",0.9853,0.9853,15.54,0.8571,0.7806,0.769161,25,47.55,48.28,0.73,1,0.73,0.0,"[[47.55, 48.28]]",bird-mixit+tweetynet
dusthr2,Turdus eunomus,xc:674778,xc_674778,0,"[0.881255, 0.0, 0.0, 0.0]",0.8813,0.8813,31.45,0.703,0.8501,0.74922,36,55.51,56.99,1.48,3,1.18,0.2027,"[[55.51, 55.57], [55.77, 55.82], [55.92, 56.99]]",bird-mixit+tweetynet
dusthr2,Turdus eunomus,xc:674719,xc_674719,0,"[0.819153, 0.0, 0.0, 0.0]",0.8192,0.8192,17.99,0.9704,0.903,0.739755,2,4.72,5.35,0.63,1,0.63,0.0,"[[4.72, 5.35]]",bird-mixit+tweetynet
dusthr2,Turdus eunomus,xc:674778,xc_674778,0,"[0.881255, 0.0, 0.0, 0.0]",0.8813,0.8813,15.73,0.9709,0.8357,0.736533,7,13.65,14.02,0.37,2,0.3,0.1892,"[[13.65, 13.8], [13.87, 14.02]]",bird-mixit+tweetynet
dusthr2,Turdus eunomus,xc:675617,xc_675617,0,"[0.859253, 0.0, 0.0, 0.0]",0.8593,0.8593,16.35,0.9547,0.8507,0.730984,0,0.02,3.2,3.18,9,2.26,0.2893,"[[0.02, 0.33], [0.41, 0.66], [0.8, 0.95], [1.02, 1.21], [1.31, 1.48], [1.58, 1.77], [1.9, 2.09], [2.24, 2.88], [3.03, 3.2]]",bird-mixit+tweetynet
dusthr2,Turdus eunomus,xc:675304,xc_675304,0,"[0.921016, 0.316465, 0.0, 0.0]",0.921,0.921,15.41,0.8888,0.7887,0.726385,0,0.03,4.19,4.16,13,2.28,0.4519,"[[0.03, 0.09], [0.17, 0.6], [0.71, 0.9], [1.02, 1.21], [1.34, 1.45], [1.69, 1.95], [2.04, 2.2], [2.25, 2.41], [2.54, 2.7], [2.85, 3.01], [3.21, 3.33], [3.68, 3.89], [4.12, 4.19]]",bird-mixit+tweetynet
dusthr2,Turdus eunomus,xc:674719,xc_674719,0,"[0.819153, 0.0, 0.0, 0.0]",0.8192,0.8192,18.63,0.9009,0.884,0.724153,9,18.38,20.64,2.26,4,1.58,0.3009,"[[18.38, 18.56], [18.7, 18.78], [19.03, 20.06], [20.35, 20.64]]",bird-mixit+tweetynet
dusthr2,Turdus eunomus,xc:674778,xc_674778,0,"[0.881255, 0.0, 0.0, 0.0]",0.8813,0.8813,29.87,0.6466,0.8212,0.723711,20,29.34,31.17,1.83,7,1.1,0.3989,"[[29.34, 29.64], [29.69, 29.84], [29.9, 30.06], [30.15, 30.29], [30.42, 30.55], [30.64, 30.82], [31.13, 31.17]]",bird-mixit+tweetynet
dusthr2,Turdus eunomus,xc:675169,xc_675169,0,"[0.970156, 0.0, 0.0, 0.0]",0.9702,0.9702,15.01,0.817,0.7431,0.720985,10,13.79,14.27,0.48,1,0.48,0.0,"[[13.79, 14.27]]",bird-mixit+tweetynet
dusthr2,Turdus eunomus,xc:542133,xc_542133,1,"[0.009562, 0.72741, 0.0, 0.167837]",0.7274,0.7274,28.48,0.9809,0.9866,0.717628,1,1.15,2.24,1.09,3,0.93,0.1468,"[[1.15, 1.6], [1.69, 1.99], [2.06, 2.24]]",bird-mixit+tweetynet
dusthr2,Turdus eunomus,xc:675617,xc_675617,0,"[0.859253, 0.0, 0.0, 0.0]",0.8593,0.8593,16.21,0.9281,0.8346,0.717205,10,52.11,54.84,2.73,8,1.71,0.3736,"[[52.11, 52.26], [52.48, 52.63], [52.83, 53.0], [53.11, 53.34], [53.4, 53.6], [53.75, 54.2], [54.41, 54.62], [54.69, 54.84]]",bird-mixit+tweetynet
dusthr2,Turdus eunomus,xc:675304,xc_675304,0,"[0.921016, 0.316465, 0.0, 0.0]",0.921,0.921,15.13,0.8878,0.777,0.71563,8,11.76,13.35,1.59,2,1.5,0.0566,"[[11.76, 11.81], [11.9, 13.35]]",bird-mixit+tweetynet
dusthr2,Turdus eunomus,xc:542133,xc_542133,1,"[0.009562, 0.72741, 0.0, 0.167837]",0.7274,0.7274,23.24,0.9842,0.9738,0.708311,8,12.06,13.64,1.58,6,1.04,0.3418,"[[12.06, 12.45], [12.5, 12.7], [12.84, 12.98], [13.06, 13.14], [13.28, 13.37], [13.5, 13.64]]",bird-mixit+tweetynet
dusthr2,Turdus eunomus,xc:675617,xc_675617,0,"[0.859253, 0.0, 0.0, 0.0]",0.8593,0.8593,15.29,0.9617,0.8145,0.699904,3,13.24,20.14,6.9,17,5.4,0.2174,"[[13.24, 13.4], [13.49, 13.72], [13.85, 14.02], [14.1, 14.65], [14.77, 15.0], [15.08, 15.34], [15.43, 15.62], [15.7, 15.9], [15.95, 16.69], [16.84, 17.01], [17.15, 17.33], [17.44, 17.97], [18.04, 18.24], [18.34, 18.55], [18.65, 19.32], [19.37, 19.79], [19.85, 20.14]]",bird-mixit+tweetynet
dusthr2,Turdus eunomus,xc:542133,xc_542133,1,"[0.009562, 0.72741, 0.0, 0.167837]",0.7274,0.7274,22.29,0.9686,0.9602,0.698486,6,8.02,9.73,1.71,4,1.25,0.269,"[[8.02, 8.74], [8.8, 9.07], [9.25, 9.46], [9.68, 9.73]]",bird-mixit+tweetynet
dusthr2,Turdus eunomus,xc:675304,xc_675304,0,"[0.921016, 0.316465, 0.0, 0.0]",0.921,0.921,13.78,0.9637,0.7427,0.683983,6,8.71,9.45,0.74,2,0.64,0.1351,"[[8.71, 9.14], [9.24, 9.45]]",bird-mixit+tweetynet
dusthr2,Turdus eunomus,xc:675304,xc_675304,0,"[0.921016, 0.316465, 0.0, 0.0]",0.921,0.921,13.98,0.921,0.7372,0.678937,11,17.85,18.8,0.95,1,0.95,0.0,"[[17.85, 18.8]]",bird-mixit+tweetynet
dusthr2,Turdus eunomus,xc:674719,xc_674719,0,"[0.819153, 0.0, 0.0, 0.0]",0.8192,0.8192,17.91,0.791,0.8192,0.671124,12,22.92,23.55,0.63,2,0.55,0.127,"[[22.92, 22.98], [23.06, 23.55]]",bird-mixit+tweetynet
dusthr2,Turdus eunomus,xc:675617,xc_675617,0,"[0.859253, 0.0, 0.0, 0.0]",0.8593,0.8593,14.84,0.9066,0.7725,0.663767,8,41.97,47.34,5.37,14,3.97,0.2607,"[[41.97, 42.1], [42.2, 42.33], [42.44, 42.82], [42.98, 43.22], [43.28, 43.93], [43.99, 44.43], [44.55, 44.71], [44.8, 44.98], [45.14, 45.33], [45.43, 45.89], [46.09, 46.32], [46.38, 46.52], [46.64, 46.84], [46.9, 47.34]]",bird-mixit+tweetynet
dusthr2,Turdus eunomus,xc:102467,xc_102467,0,"[0.717379, 0.007472, 0.006921, 0.045255]",0.7174,0.7174,18.68,0.9378,0.9021,0.64718,12,13.78,14.29,0.51,1,0.51,0.0,"[[13.78, 14.29]]",bird-mixit+tweetynet
dusthr2,Turdus eunomus,xc:102467,xc_102467,0,"[0.717379, 0.007472, 0.006921, 0.045255]",0.7174,0.7174,18.54,0.9334,0.8975,0.643843,7,6.04,6.59,0.55,1,0.55,0.0,"[[6.04, 6.59]]",bird-mixit+tweetynet
dusthr2,Turdus eunomus,xc:674719,xc_674719,0,"[0.819153, 0.0, 0.0, 0.0]",0.8192,0.8192,16.71,0.779,0.7847,0.642794,5,8.59,9.84,1.25,5,0.83,0.336,"[[8.59, 8.71], [8.78, 9.15], [9.21, 9.45], [9.53, 9.57], [9.78, 9.84]]",bird-mixit+tweetynet
dusthr2,Turdus eunomus,xc:675170,xc_675170,0,"[0.953718, 0.0, 0.0, 0.0]",0.9537,0.9537,15.48,0.5999,0.6705,0.639476,2,4.97,5.48,0.51,2,0.34,0.3333,"[[4.97, 5.18], [5.35, 5.48]]",bird-mixit+tweetynet
dusthr2,Turdus eunomus,xc:438228,xc_438228,0,"[0.687054, 0.0, 0.0, 0.0]",0.6871,0.6871,22.82,0.8868,0.9237,0.634642,20,33.17,35.65,2.48,4,1.83,0.2621,"[[33.17, 34.02], [34.42, 35.05], [35.2, 35.28], [35.38, 35.65]]",bird-mixit+tweetynet
dusthr2,Turdus eunomus,xc:675617,xc_675617,0,"[0.859253, 0.0, 0.0, 0.0]",0.8593,0.8593,13.59,0.942,0.7245,0.622572,2,9.02,13.08,4.06,11,2.92,0.2808,"[[9.02, 9.18], [9.33, 9.52], [9.62, 9.82], [9.98, 10.14], [10.29, 10.59], [10.65, 10.94], [11.01, 11.73], [11.83, 12.0], [12.13, 12.3], [12.39, 12.8], [12.93, 13.08]]",bird-mixit+tweetynet
dusthr2,Turdus eunomus,xc:438228,xc_438228,0,"[0.687054, 0.0, 0.0, 0.0]",0.6871,0.6871,22.29,0.8546,0.9046,0.621563,5,6.6,8.86,2.26,5,1.67,0.2611,"[[6.6, 7.09], [7.14, 7.22], [7.32, 7.4], [7.45, 8.41], [8.8, 8.86]]",bird-mixit+tweetynet
dusthr2,Turdus eunomus,xc:675158,xc_675158,0,"[0.626081, 0.073333, 0.0, 0.0]",0.6261,0.6261,25.59,0.9935,0.9876,0.618308,13,32.68,35.82,3.14,8,1.9,0.3949,"[[32.68, 32.75], [32.87, 32.95], [33.11, 33.2], [33.43, 33.53], [33.87, 34.38], [34.47, 34.94], [35.11, 35.65], [35.78, 35.82]]",bird-mixit+tweetynet
dusthr2,Turdus eunomus,xc:438228,xc_438228,0,"[0.687054, 0.0, 0.0, 0.0]",0.6871,0.6871,19.72,0.8935,0.898,0.617044,17,28.87,29.77,0.9,1,0.9,0.0,"[[28.87, 29.77]]",bird-mixit+tweetynet
dusthr2,Turdus eunomus,xc:675170,xc_675170,0,"[0.953718, 0.0, 0.0, 0.0]",0.9537,0.9537,13.96,0.6781,0.6428,0.613044,3,5.99,6.87,0.88,3,0.78,0.1136,"[[5.99, 6.15], [6.2, 6.57], [6.62, 6.87]]",bird-mixit+tweetynet
dusthr2,Turdus eunomus,xc:675158,xc_675158,0,"[0.626081, 0.073333, 0.0, 0.0]",0.6261,0.6261,25.39,0.9767,0.9787,0.612764,11,27.89,30.5,2.61,4,2.01,0.2299,"[[27.89, 28.39], [28.64, 29.28], [29.39, 29.66], [29.9, 30.5]]",bird-mixit+tweetynet
dusthr2,Turdus eunomus,xc:102467,xc_102467,0,"[0.717379, 0.007472, 0.006921, 0.045255]",0.7174,0.7174,16.82,0.9283,0.8537,0.61246,14,17.37,17.88,0.51,1,0.51,0.0,"[[17.37, 17.88]]",bird-mixit+tweetynet
dusthr2,Turdus eunomus,xc:675158,xc_675158,0,"[0.626081, 0.073333, 0.0, 0.0]",0.6261,0.6261,21.79,0.9913,0.9675,0.605765,6,10.46,12.7,2.24,6,1.66,0.2589,"[[10.46, 10.72], [10.81, 10.9], [11.09, 11.19], [11.34, 11.38], [11.45, 12.06], [12.14, 12.7]]",bird-mixit+tweetynet
eurcoo,Fulica atra,xc:190771,xc_190771,1,"[0.996418, 0.984703, 0.006543, 0.0]",0.9847,0.9964,42.83,0.9995,0.9997,0.984413,138,206.11,206.54,0.43,1,0.43,0.0,"[[206.11, 206.54]]",bird-mixit+tweetynet
eurcoo,Fulica atra,xc:190771,xc_190771,1,"[0.996418, 0.984703, 0.006543, 0.0]",0.9847,0.9964,37.76,0.9996,0.9996,0.984278,51,85.72,86.13,0.41,2,0.35,0.1463,"[[85.72, 86.0], [86.06, 86.13]]",bird-mixit+tweetynet
eurcoo,Fulica atra,xc:190771,xc_190771,1,"[0.996418, 0.984703, 0.006543, 0.0]",0.9847,0.9964,37.61,0.9995,0.9995,0.984197,134,200.65,201.22,0.57,2,0.37,0.3509,"[[200.65, 200.91], [201.11, 201.22]]",bird-mixit+tweetynet
eurcoo,Fulica atra,xc:190771,xc_190771,1,"[0.996418, 0.984703, 0.006543, 0.0]",0.9847,0.9964,36.49,0.9995,0.9994,0.984101,53,89.46,89.69,0.23,1,0.23,0.0,"[[89.46, 89.69]]",bird-mixit+tweetynet
eurcoo,Fulica atra,xc:190771,xc_190771,1,"[0.996418, 0.984703, 0.006543, 0.0]",0.9847,0.9964,35.04,0.9996,0.9993,0.983988,116,168.56,168.83,0.27,1,0.27,0.0,"[[168.56, 168.83]]",bird-mixit+tweetynet
eurcoo,Fulica atra,xc:26788,xc_26788,0,"[0.992882, 0.877645, 0.543485, 0.942113]",0.9929,0.9929,33.05,0.9683,0.9832,0.976196,19,38.16,38.61,0.45,2,0.34,0.2444,"[[38.16, 38.23], [38.34, 38.61]]",bird-mixit+tweetynet
eurcoo,Fulica atra,xc:26788,xc_26788,0,"[0.992882, 0.877645, 0.543485, 0.942113]",0.9929,0.9929,32.65,0.9569,0.9773,0.970409,20,39.24,39.57,0.33,2,0.21,0.3636,"[[39.24, 39.29], [39.41, 39.57]]",bird-mixit+tweetynet
eurcoo,Fulica atra,xc:26788,xc_26788,0,"[0.992882, 0.877645, 0.543485, 0.942113]",0.9929,0.9929,32.4,0.9485,0.9731,0.966173,21,40.26,41.81,1.55,5,0.74,0.5226,"[[40.26, 40.31], [40.43, 40.73], [41.0, 41.07], [41.37, 41.42], [41.54, 41.81]]",bird-mixit+tweetynet
eurcoo,Fulica atra,xc:26788,xc_26788,0,"[0.992882, 0.877645, 0.543485, 0.942113]",0.9929,0.9929,34.14,0.9247,0.9617,0.954851,22,42.22,44.39,2.17,5,1.29,0.4055,"[[42.22, 42.29], [42.39, 42.7], [43.03, 43.54], [43.89, 43.96], [44.06, 44.39]]",bird-mixit+tweetynet
eurcoo,Fulica atra,xc:302637,xc_302637,1,"[0.998648, 0.94319, 0.30917, 0.969127]",0.9432,0.9986,39.01,0.9997,0.9997,0.942906,38,50.9,53.23,2.33,9,1.23,0.4721,"[[50.9, 50.95], [51.13, 51.17], [51.25, 51.54], [51.63, 51.91], [51.99, 52.27], [52.61, 52.67], [52.89, 53.0], [53.05, 53.11], [53.17, 53.23]]",bird-mixit+tweetynet
eurcoo,Fulica atra,xc:302637,xc_302637,1,"[0.998648, 0.94319, 0.30917, 0.969127]",0.9432,0.9986,36.27,0.9985,0.9989,0.94215,48,66.91,69.35,2.44,8,1.25,0.4877,"[[66.91, 67.13], [67.22, 67.26], [67.66, 67.7], [67.97, 68.24], [68.4, 68.44], [68.52, 68.69], [68.78, 69.05], [69.15, 69.35]]",bird-mixit+tweetynet
eurcoo,Fulica atra,xc:302637,xc_302637,1,"[0.998648, 0.94319, 0.30917, 0.969127]",0.9432,0.9986,34.4,0.9986,0.9986,0.941907,120,160.49,165.38,4.89,15,2.44,0.501,"[[160.49, 160.69], [160.74, 160.91], [161.1, 161.22], [161.41, 161.5], [161.7, 161.97], [162.11, 162.2], [162.41, 162.45], [162.61, 162.8], [163.06, 163.19], [163.52, 163.74], [163.93, 163.99], [164.09, 164.12], [164.26, 164.87], [165.08, 165.24], [165.32, 165.38]]",bird-mixit+tweetynet
eurcoo,Fulica atra,xc:302637,xc_302637,1,"[0.998648, 0.94319, 0.30917, 0.969127]",0.9432,0.9986,32.72,0.9983,0.9981,0.941381,121,165.91,169.64,3.73,12,1.67,0.5523,"[[165.91, 166.41], [166.75, 166.84], [166.99, 167.07], [167.17, 167.23], [167.53, 167.56], [167.63, 167.77], [168.01, 168.09], [168.36, 168.4], [168.6, 168.65], [168.8, 168.9], [169.05, 169.14], [169.23, 169.64]]",bird-mixit+tweetynet
eurcoo,Fulica atra,xc:302637,xc_302637,1,"[0.998648, 0.94319, 0.30917, 0.969127]",0.9432,0.9986,31.63,0.9963,0.9966,0.940017,124,173.79,178.06,4.27,14,2.11,0.5059,"[[173.79, 173.83], [174.11, 174.25], [174.31, 174.48], [174.57, 174.65], [174.91, 175.06], [175.15, 175.18], [175.25, 175.34], [175.41, 175.44], [175.56, 175.61], [175.89, 175.93], [176.16, 176.2], [176.36, 176.88], [177.19, 177.63], [177.77, 178.06]]",bird-mixit+tweetynet
eurcoo,Fulica atra,xc:776883,xc_776883,0,"[0.979983, 0.0, 0.0, 0.0]",0.98,0.98,30.24,0.9151,0.9553,0.936237,37,64.73,64.89,0.16,1,0.16,0.0,"[[64.73, 64.89]]",bird-mixit+tweetynet
eurcoo,Fulica atra,xc:984789,xc_984789,0,"[0.984081, 0.015749, 0.0, 0.009123]",0.9841,0.9841,33.45,0.8997,0.949,0.933912,26,24.27,24.57,0.3,1,0.3,0.0,"[[24.27, 24.57]]",bird-mixit+tweetynet
eurcoo,Fulica atra,xc:984789,xc_984789,0,"[0.984081, 0.015749, 0.0, 0.009123]",0.9841,0.9841,32.1,0.8962,0.9468,0.931772,27,25.06,25.36,0.3,1,0.3,0.0,"[[25.06, 25.36]]",bird-mixit+tweetynet
eurcoo,Fulica atra,xc:840852,xc_840852,0,"[0.963526, 0.393476, 0.0, 0.928708]",0.9635,0.9635,30.39,0.9384,0.9671,0.93177,5,15.57,17.91,2.34,4,1.41,0.3974,"[[15.57, 15.93], [16.23, 16.61], [16.9, 17.27], [17.61, 17.91]]",bird-mixit+tweetynet
eurcoo,Fulica atra,xc:840852,xc_840852,0,"[0.963526, 0.393476, 0.0, 0.928708]",0.9635,0.9635,24.95,0.9523,0.9653,0.930046,4,14.75,15.14,0.39,1,0.39,0.0,"[[14.75, 15.14]]",bird-mixit+tweetynet
eurcoo,Fulica atra,xc:840852,xc_840852,0,"[0.963526, 0.393476, 0.0, 0.928708]",0.9635,0.9635,31.56,0.9288,0.9629,0.927782,2,9.2,13.42,4.22,9,2.4,0.4313,"[[9.2, 9.63], [10.0, 10.29], [10.49, 10.55], [10.73, 11.06], [11.18, 11.57], [11.64, 11.81], [12.19, 12.56], [12.94, 13.05], [13.17, 13.42]]",bird-mixit+tweetynet
eurcoo,Fulica atra,xc:840852,xc_840852,0,"[0.963526, 0.393476, 0.0, 0.928708]",0.9635,0.9635,26.94,0.9285,0.9583,0.923324,6,18.34,18.65,0.31,1,0.31,0.0,"[[18.34, 18.65]]",bird-mixit+tweetynet
eurcoo,Fulica atra,xc:840852,xc_840852,0,"[0.963526, 0.393476, 0.0, 0.928708]",0.9635,0.9635,28.48,0.9234,0.958,0.923001,8,19.95,20.63,0.68,2,0.41,0.3971,"[[19.95, 20.24], [20.51, 20.63]]",bird-mixit+tweetynet
eurcoo,Fulica atra,xc:984789,xc_984789,0,"[0.984081, 0.015749, 0.0, 0.009123]",0.9841,0.9841,32.29,0.8762,0.9369,0.922013,25,23.38,23.66,0.28,1,0.28,0.0,"[[23.38, 23.66]]",bird-mixit+tweetynet
eurcoo,Fulica atra,xc:709590,xc_709590,0,"[0.96393, 0.0, 0.0, 0.014551]",0.9639,0.9639,29.77,0.9137,0.9543,0.919889,9,19.48,19.85,0.37,1,0.37,0.0,"[[19.48, 19.85]]",bird-mixit+tweetynet
eurcoo,Fulica atra,xc:709590,xc_709590,0,"[0.96393, 0.0, 0.0, 0.014551]",0.9639,0.9639,29.53,0.9115,0.953,0.918639,10,20.34,24.91,4.57,8,2.7,0.4092,"[[20.34, 20.79], [21.12, 21.58], [21.82, 22.13], [22.42, 22.49], [22.62, 23.08], [23.29, 23.61], [23.94, 24.25], [24.59, 24.91]]",bird-mixit+tweetynet
eurcoo,Fulica atra,xc:1002648,xc_1002648,0,"[0.918893, 0.063263, 0.026577, 0.038422]",0.9189,0.9189,32.8,0.9976,0.9977,0.916821,13,18.39,18.68,0.29,2,0.16,0.4483,"[[18.39, 18.44], [18.57, 18.68]]",bird-mixit+tweetynet
eurcoo,Fulica atra,xc:709590,xc_709590,0,"[0.96393, 0.0, 0.0, 0.014551]",0.9639,0.9639,29.57,0.9052,0.9499,0.915635,8,18.22,19.06,0.84,3,0.65,0.2262,"[[18.22, 18.62], [18.67, 18.71], [18.85, 19.06]]",bird-mixit+tweetynet
eurcoo,Fulica atra,xc:984789,xc_984789,0,"[0.984081, 0.015749, 0.0, 0.009123]",0.9841,0.9841,32.06,0.8499,0.9237,0.909049,28,25.78,26.07,0.29,1,0.29,0.0,"[[25.78, 26.07]]",bird-mixit+tweetynet
eurcoo,Fulica atra,xc:776883,xc_776883,0,"[0.979983, 0.0, 0.0, 0.0]",0.98,0.98,23.09,0.8803,0.922,0.903553,20,38.2,39.6,1.4,2,1.29,0.0786,"[[38.2, 38.47], [38.58, 39.6]]",bird-mixit+tweetynet
eurcoo,Fulica atra,xc:26788,xc_26788,0,"[0.992882, 0.877645, 0.543485, 0.942113]",0.9929,0.9929,33.51,0.8212,0.9098,0.903363,3,11.42,13.84,2.42,5,1.83,0.2438,"[[11.42, 11.86], [12.08, 12.68], [12.79, 12.87], [13.02, 13.47], [13.58, 13.84]]",bird-mixit+tweetynet
eurcoo,Fulica atra,xc:1002648,xc_1002648,0,"[0.918893, 0.063263, 0.026577, 0.038422]",0.9189,0.9189,23.98,0.9861,0.9783,0.898966,12,16.16,18.06,1.9,8,0.79,0.5842,"[[16.16, 16.19], [16.31, 16.38], [16.49, 16.53], [16.81, 16.99], [17.15, 17.19], [17.28, 17.6], [17.82, 17.87], [18.0, 18.06]]",bird-mixit+tweetynet
eurcoo,Fulica atra,xc:709590,xc_709590,0,"[0.96393, 0.0, 0.0, 0.014551]",0.9639,0.9639,30.97,0.8671,0.9319,0.89821,12,26.08,28.29,2.21,5,1.21,0.4525,"[[26.08, 26.41], [26.52, 26.56], [26.87, 27.34], [27.54, 27.58], [27.96, 28.29]]",bird-mixit+tweetynet
eurcoo,Fulica atra,xc:984789,xc_984789,0,"[0.984081, 0.015749, 0.0, 0.009123]",0.9841,0.9841,32.38,0.8203,0.9091,0.894617,31,28.21,28.55,0.34,1,0.34,0.0,"[[28.21, 28.55]]",bird-mixit+tweetynet
eurcoo,Fulica atra,xc:750110,xc_750110,0,"[0.986568, 0.0, 0.0, 0.0]",0.9866,0.9866,27.72,0.8193,0.9052,0.893066,3,3.79,5.69,1.9,6,1.03,0.4579,"[[3.79, 4.14], [4.28, 4.35], [4.61, 4.83], [5.0, 5.08], [5.21, 5.26], [5.43, 5.69]]",bird-mixit+tweetynet
eurcoo,Fulica atra,xc:709590,xc_709590,0,"[0.96393, 0.0, 0.0, 0.014551]",0.9639,0.9639,26.78,0.8636,0.9258,0.892352,11,25.32,25.66,0.34,1,0.34,0.0,"[[25.32, 25.66]]",bird-mixit+tweetynet
eurcoo,Fulica atra,xc:902418,xc_902418,0,"[0.986711, 0.0, 0.0, 0.0]",0.9867,0.9867,27.98,0.8148,0.9033,0.891294,7,7.47,7.66,0.19,1,0.19,0.0,"[[7.47, 7.66]]",bird-mixit+tweetynet
eurcoo,Fulica atra,xc:776883,xc_776883,0,"[0.979983, 0.0, 0.0, 0.0]",0.98,0.98,29.01,0.8041,0.899,0.881054,21,40.06,40.84,0.78,3,0.46,0.4103,"[[40.06, 40.31], [40.44, 40.47], [40.66, 40.84]]",bird-mixit+tweetynet
eurcoo,Fulica atra,xc:750110,xc_750110,0,"[0.986568, 0.0, 0.0, 0.0]",0.9866,0.9866,25.83,0.7801,0.8824,0.870614,1,2.23,2.41,0.18,1,0.18,0.0,"[[2.23, 2.41]]",bird-mixit+tweetynet
eurcoo,Fulica atra,xc:996495,xc_996495,0,"[0.995423, 0.0, 0.0, 0.0]",0.9954,0.9954,37.97,0.7323,0.8659,0.86195,11,12.4,12.76,0.36,1,0.36,0.0,"[[12.4, 12.76]]",bird-mixit+tweetynet
eurcoo,Fulica atra,xc:776883,xc_776883,0,"[0.979983, 0.0, 0.0, 0.0]",0.98,0.98,30.42,0.762,0.8791,0.861499,34,62.04,62.56,0.52,2,0.33,0.3654,"[[62.04, 62.2], [62.39, 62.56]]",bird-mixit+tweetynet
eurcoo,Fulica atra,xc:1002648,xc_1002648,0,"[0.918893, 0.063263, 0.026577, 0.038422]",0.9189,0.9189,20.26,0.9572,0.9355,0.859616,14,19.11,19.23,0.12,1,0.12,0.0,"[[19.11, 19.23]]",bird-mixit+tweetynet
eurcoo,Fulica atra,xc:771964,xc_771964,0,"[0.998738, 0.651727, 0.0, 0.460138]",0.9987,0.9987,22.56,0.7541,0.8572,0.856128,3,11.46,12.53,1.07,2,0.72,0.3271,"[[11.46, 11.86], [12.21, 12.53]]",bird-mixit+tweetynet
eurcoo,Fulica atra,xc:985358,xc_985358,0,"[0.989351, 0.686001, 0.008439, 0.507292]",0.9894,0.9894,22.26,0.7686,0.8625,0.853352,14,27.69,29.44,1.75,5,1.2,0.3143,"[[27.69, 28.15], [28.4, 28.7], [28.75, 28.85], [29.02, 29.05], [29.13, 29.44]]",bird-mixit+tweetynet
eurcoo,Fulica atra,xc:750110,xc_750110,0,"[0.986568, 0.0, 0.0, 0.0]",0.9866,0.9866,28.39,0.7244,0.8588,0.847266,2,2.86,3.23,0.37,2,0.28,0.2432,"[[2.86, 2.94], [3.03, 3.23]]",bird-mixit+tweetynet
eurcoo,Fulica atra,xc:553787,xc_553787,0,"[0.997277, 0.859365, 0.972748, 0.424278]",0.9973,0.9973,21.98,0.7405,0.8469,0.844656,71,127.2,128.17,0.97,1,0.97,0.0,"[[127.2, 128.17]]",bird-mixit+tweetynet
eurcoo,Fulica atra,xc:467261,xc_467261,1,"[0.015714, 0.977082, 0.04202, 0.972296]",0.9771,0.9771,18.33,0.8705,0.8643,0.844528,9,25.89,30.29,4.4,9,2.52,0.4273,"[[25.89, 26.29], [26.48, 26.69], [26.95, 27.3], [27.47, 27.65], [27.98, 28.37], [28.52, 28.69], [28.98, 29.37], [29.5, 29.56], [29.92, 30.29]]",bird-mixit+tweetynet
eurcoo,Fulica atra,xc:483333,xc_483333,1,"[0.0, 0.840811, 0.243497, 0.0]",0.8408,0.8408,37.15,0.9999,0.9996,0.840502,10,13.34,13.81,0.47,2,0.29,0.383,"[[13.34, 13.59], [13.77, 13.81]]",bird-mixit+tweetynet
eurcoo,Fulica atra,xc:483333,xc_483333,1,"[0.0, 0.840811, 0.243497, 0.0]",0.8408,0.8408,38.71,0.9996,0.9996,0.840475,15,19.27,19.68,0.41,2,0.33,0.1951,"[[19.27, 19.56], [19.64, 19.68]]",bird-mixit+tweetynet
eurcoo,Fulica atra,xc:483333,xc_483333,1,"[0.0, 0.840811, 0.243497, 0.0]",0.8408,0.8408,35.43,0.9996,0.9993,0.840232,9,12.0,12.53,0.53,2,0.43,0.1887,"[[12.0, 12.12], [12.22, 12.53]]",bird-mixit+tweetynet
eurcoo,Fulica atra,xc:483333,xc_483333,1,"[0.0, 0.840811, 0.243497, 0.0]",0.8408,0.8408,34.79,0.9997,0.9993,0.840177,8,11.02,11.55,0.53,2,0.34,0.3585,"[[11.02, 11.06], [11.25, 11.55]]",bird-mixit+tweetynet
eurcoo,Fulica atra,xc:483333,xc_483333,1,"[0.0, 0.840811, 0.243497, 0.0]",0.8408,0.8408,33.71,0.9996,0.999,0.839968,21,27.31,28.0,0.69,3,0.32,0.5362,"[[27.31, 27.36], [27.6, 27.69], [27.82, 28.0]]",bird-mixit+tweetynet
eurcoo,Fulica atra,xc:467261,xc_467261,1,"[0.015714, 0.977082, 0.04202, 0.972296]",0.9771,0.9771,17.39,0.9048,0.8589,0.839191,7,24.14,24.56,0.42,1,0.42,0.0,"[[24.14, 24.56]]",bird-mixit+tweetynet
eurcoo,Fulica atra,xc:750110,xc_750110,0,"[0.986568, 0.0, 0.0, 0.0]",0.9866,0.9866,25.17,0.7005,0.8414,0.830113,4,6.33,6.51,0.18,1,0.18,0.0,"[[6.33, 6.51]]",bird-mixit+tweetynet
eurcoo,Fulica atra,xc:996495,xc_996495,0,"[0.995423, 0.0, 0.0, 0.0]",0.9954,0.9954,37.78,0.6627,0.8311,0.827312,9,10.28,10.74,0.46,1,0.46,0.0,"[[10.28, 10.74]]",bird-mixit+tweetynet
eurcoo,Fulica atra,xc:1073661,xc_1073661,0,"[0.997845, 0.0, 0.0, 0.0]",0.9978,0.9978,15.48,0.9778,0.8287,0.826864,0,1.37,7.0,5.63,16,2.54,0.5488,"[[1.37, 1.56], [1.63, 1.83], [1.89, 2.0], [2.18, 2.44], [2.65, 2.77], [3.04, 3.15], [3.48, 3.69], [3.87, 4.06], [4.25, 4.38], [4.65, 4.8], [5.03, 5.13], [5.38, 5.49], [5.73, 5.99], [6.12, 6.22], [6.48, 6.67], [6.89, 7.0]]",bird-mixit+tweetynet
eurcoo,Fulica atra,xc:776883,xc_776883,0,"[0.979983, 0.0, 0.0, 0.0]",0.98,0.98,28.18,0.6898,0.8413,0.824459,22,41.31,43.15,1.84,7,0.75,0.5924,"[[41.31, 41.5], [41.63, 41.67], [41.86, 42.02], [42.29, 42.32], [42.53, 42.7], [42.79, 42.85], [43.05, 43.15]]",bird-mixit+tweetynet
eurcoo,Fulica atra,xc:357835,xc_357835,0,"[0.998511, 0.251701, 0.006203, 0.023649]",0.9985,0.9985,25.56,0.6669,0.8257,0.824436,7,34.2,35.05,0.85,1,0.85,0.0,"[[34.2, 35.05]]",bird-mixit+tweetynet
eurcoo,Fulica atra,xc:750110,xc_750110,0,"[0.986568, 0.0, 0.0, 0.0]",0.9866,0.9866,23.58,0.6955,0.8336,0.822423,0,0.67,1.68,1.01,1,1.01,0.0,"[[0.67, 1.68]]",bird-mixit+tweetynet
eurcoo,Fulica atra,xc:482370,xc_482370,0,"[0.999717, 0.0, 0.0, 0.0]",0.9997,0.9997,18.52,0.7694,0.821,0.820768,0,5.73,6.04,0.31,1,0.31,0.0,"[[5.73, 6.04]]",bird-mixit+tweetynet
eurcoo,Fulica atra,xc:996495,xc_996495,0,"[0.995423, 0.0, 0.0, 0.0]",0.9954,0.9954,36.36,0.6446,0.822,0.818196,4,4.77,5.15,0.38,1,0.38,0.0,"[[4.77, 5.15]]",bird-mixit+tweetynet
eurcoo,Fulica atra,xc:472198,xc_472198,0,"[0.916164, 0.0, 0.0, 0.023104]",0.9162,0.9162,28.99,0.7753,0.8847,0.810547,8,8.71,9.03,0.32,2,0.25,0.2188,"[[8.71, 8.86], [8.93, 9.03]]",bird-mixit+tweetynet
eurcoo,Fulica atra,xc:771964,xc_771964,0,"[0.998738, 0.651727, 0.0, 0.460138]",0.9987,0.9987,25.6,0.636,0.8105,0.809413,1,1.73,3.62,1.89,4,1.37,0.2751,"[[1.73, 2.12], [2.21, 2.27], [2.44, 2.74], [3.0, 3.62]]",bird-mixit+tweetynet
eurcoo,Fulica atra,xc:902418,xc_902418,0,"[0.986711, 0.0, 0.0, 0.0]",0.9867,0.9867,31.03,0.6426,0.8198,0.808921,4,4.0,5.13,1.13,2,0.75,0.3363,"[[4.0, 4.1], [4.48, 5.13]]",bird-mixit+tweetynet
eurcoo,Fulica atra,xc:771964,xc_771964,0,"[0.998738, 0.651727, 0.0, 0.460138]",0.9987,0.9987,25.92,0.6269,0.8067,0.805616,2,3.99,10.88,6.89,18,4.45,0.3541,"[[3.99, 4.46], [4.73, 4.77], [4.82, 5.26], [5.49, 5.82], [5.94, 5.99], [6.17, 6.58], [6.79, 7.04], [7.15, 7.32], [7.5, 7.76], [7.85, 8.0], [8.07, 8.26], [8.43, 8.64], [8.79, 9.02], [9.14, 9.33], [9.5, 9.68], [9.75, 9.92], [10.01, 10.44], [10.6, 10.88]]",bird-mixit+tweetynet
eurcoo,Fulica atra,xc:553787,xc_553787,0,"[0.997277, 0.859365, 0.972748, 0.424278]",0.9973,0.9973,14.94,0.9706,0.8029,0.800715,56,98.26,98.64,0.38,1,0.38,0.0,"[[98.26, 98.64]]",bird-mixit+tweetynet
eurcoo,Fulica atra,xc:553787,xc_553787,0,"[0.997277, 0.859365, 0.972748, 0.424278]",0.9973,0.9973,23.28,0.6334,0.8018,0.79964,70,123.27,126.29,3.02,8,1.92,0.3642,"[[123.27, 123.36], [123.54, 123.59], [123.78, 123.9], [124.06, 124.16], [124.32, 124.43], [124.6, 124.69], [124.88, 124.96], [125.01, 126.29]]",bird-mixit+tweetynet
eurcoo,Fulica atra,xc:985358,xc_985358,0,"[0.989351, 0.686001, 0.008439, 0.507292]",0.9894,0.9894,27.01,0.613,0.8016,0.793125,10,19.94,24.75,4.81,10,2.57,0.4657,"[[19.94, 20.09], [20.41, 20.51], [20.77, 20.87], [21.12, 21.57], [21.76, 22.23], [22.48, 22.52], [22.65, 22.96], [23.33, 23.92], [24.1, 24.22], [24.51, 24.75]]",bird-mixit+tweetynet
eurcoo,Fulica atra,xc:1073661,xc_1073661,0,"[0.997845, 0.0, 0.0, 0.0]",0.9978,0.9978,31.04,0.5878,0.7925,0.790729,17,43.19,44.2,1.01,3,0.87,0.1386,"[[43.19, 43.67], [43.72, 43.85], [43.94, 44.2]]",bird-mixit+tweetynet
eurcoo,Fulica atra,xc:1073661,xc_1073661,0,"[0.997845, 0.0, 0.0, 0.0]",0.9978,0.9978,14.66,0.9668,0.7885,0.786794,1,7.37,9.7,2.33,7,1.01,0.5665,"[[7.37, 7.47], [7.74, 8.05], [8.26, 8.41], [8.72, 8.82], [8.95, 9.0], [9.15, 9.27], [9.52, 9.7]]",bird-mixit+tweetynet
eurcoo,Fulica atra,xc:902418,xc_902418,0,"[0.986711, 0.0, 0.0, 0.0]",0.9867,0.9867,34.02,0.5946,0.7967,0.786092,8,8.25,11.16,2.91,9,1.25,0.5704,"[[8.25, 8.39], [8.47, 8.66], [8.91, 8.98], [9.17, 9.22], [9.45, 9.66], [9.81, 9.85], [10.17, 10.39], [10.76, 10.8], [10.87, 11.16]]",bird-mixit+tweetynet
eurcoo,Fulica atra,xc:553787,xc_553787,0,"[0.997277, 0.859365, 0.972748, 0.424278]",0.9973,0.9973,22.07,0.6164,0.7871,0.785015,69,121.71,122.74,1.03,1,1.03,0.0,"[[121.71, 122.74]]",bird-mixit+tweetynet
eurcoo,Fulica atra,xc:655646,xc_655646,0,"[0.83762, 0.192686, 0.076345, 0.185362]",0.8376,0.8376,24.52,0.8678,0.9221,0.772326,9,24.72,29.32,4.6,10,2.84,0.3826,"[[24.72, 25.6], [25.67, 25.74], [26.08, 26.14], [26.32, 26.35], [26.75, 26.95], [27.06, 27.44], [27.54, 27.74], [27.95, 28.82], [29.07, 29.16], [29.26, 29.32]]",bird-mixit+tweetynet
eurcoo,Fulica atra,xc:655646,xc_655646,0,"[0.83762, 0.192686, 0.076345, 0.185362]",0.8376,0.8376,22.84,0.873,0.917,0.768097,10,29.97,31.54,1.57,2,1.2,0.2357,"[[29.97, 30.79], [31.16, 31.54]]",bird-mixit+tweetynet
eurcoo,Fulica atra,xc:357835,xc_357835,0,"[0.998511, 0.251701, 0.006203, 0.023649]",0.9985,0.9985,19.17,0.6367,0.7692,0.768077,3,15.71,16.49,0.78,1,0.78,0.0,"[[15.71, 16.49]]",bird-mixit+tweetynet
eurcoo,Fulica atra,xc:631503,xc_631503,0,"[0.992251, 0.0, 0.0, 0.020039]",0.9923,0.9923,28.73,0.5459,0.7701,0.764214,8,11.29,12.01,0.72,1,0.72,0.0,"[[11.29, 12.01]]",bird-mixit+tweetynet
eurwig,Mareca penelope,xc:591950,xc_591950,0,"[0.999522, 0.111229, 0.014538, 0.075138]",0.9995,0.9995,43.16,0.9817,0.9908,0.990303,15,20.58,22.72,2.14,5,1.57,0.2664,"[[20.58, 21.72], [21.9, 21.96], [22.15, 22.25], [22.37, 22.6], [22.68, 22.72]]",bird-mixit+tweetynet
eurwig,Mareca penelope,xc:591950,xc_591950,0,"[0.999522, 0.111229, 0.014538, 0.075138]",0.9995,0.9995,40.51,0.9731,0.9864,0.98595,1,1.3,3.47,2.17,5,1.29,0.4055,"[[1.3, 1.62], [1.75, 2.41], [2.77, 2.94], [3.01, 3.11], [3.43, 3.47]]",bird-mixit+tweetynet
eurwig,Mareca penelope,xc:751090,xc_751090,0,"[0.999614, 0.514966, 0.01311, 0.019556]",0.9996,0.9996,27.39,0.9784,0.9839,0.983493,6,11.64,12.3,0.66,1,0.66,0.0,"[[11.64, 12.3]]",bird-mixit+tweetynet
eurwig,Mareca penelope,xc:782328,xc_782328,0,"[0.998785, 0.047586, 0.020795, 0.013546]",0.9988,0.9988,32.34,0.9715,0.9846,0.983372,3,5.13,6.66,1.53,5,0.91,0.4052,"[[5.13, 5.17], [5.34, 5.45], [5.51, 5.57], [5.71, 6.38], [6.63, 6.66]]",bird-mixit+tweetynet
eurwig,Mareca penelope,xc:782328,xc_782328,0,"[0.998785, 0.047586, 0.020795, 0.013546]",0.9988,0.9988,28.03,0.9707,0.9809,0.979765,0,0.15,1.35,1.2,3,0.72,0.4,"[[0.15, 0.19], [0.29, 0.32], [0.7, 1.35]]",bird-mixit+tweetynet
eurwig,Mareca penelope,xc:591950,xc_591950,0,"[0.999522, 0.111229, 0.014538, 0.075138]",0.9995,0.9995,37.34,0.9527,0.9761,0.975583,19,27.49,30.94,3.45,7,2.53,0.2667,"[[27.49, 27.54], [27.73, 27.81], [27.97, 29.07], [29.41, 29.54], [29.63, 29.84], [29.89, 29.99], [30.08, 30.94]]",bird-mixit+tweetynet
eurwig,Mareca penelope,xc:684919,xc_684919,0,"[0.998262, 0.0, 0.0, 0.056661]",0.9983,0.9983,26.58,0.9661,0.9763,0.974647,2,4.97,6.25,1.28,3,0.77,0.3984,"[[4.97, 5.01], [5.4, 5.93], [6.05, 6.25]]",bird-mixit+tweetynet
eurwig,Mareca penelope,xc:751090,xc_751090,0,"[0.999614, 0.514966, 0.01311, 0.019556]",0.9996,0.9996,27.97,0.9545,0.9728,0.972411,7,13.02,13.79,0.77,2,0.64,0.1688,"[[13.02, 13.14], [13.27, 13.79]]",bird-mixit+tweetynet
eurwig,Mareca penelope,xc:591950,xc_591950,0,"[0.999522, 0.111229, 0.014538, 0.075138]",0.9995,0.9995,37.45,0.9452,0.9724,0.971864,8,9.38,11.0,1.62,3,1.18,0.2716,"[[9.38, 9.72], [9.78, 10.47], [10.85, 11.0]]",bird-mixit+tweetynet
eurwig,Mareca penelope,xc:715216,xc_715216,0,"[0.986104, 0.048453, 0.014988, 0.285578]",0.9861,0.9861,25.73,0.9791,0.9808,0.967176,2,2.56,4.07,1.51,3,1.09,0.2781,"[[2.56, 2.74], [2.93, 3.54], [3.77, 4.07]]",bird-mixit+tweetynet
eurwig,Mareca penelope,xc:688172,xc_688172,0,"[0.999853, 0.266493, 0.041158, 0.085361]",0.9999,0.9999,27.4,0.9416,0.9656,0.965457,11,17.63,19.2,1.57,3,1.04,0.3376,"[[17.63, 18.1], [18.34, 18.4], [18.69, 19.2]]",bird-mixit+tweetynet
eurwig,Mareca penelope,xc:751090,xc_751090,0,"[0.999614, 0.514966, 0.01311, 0.019556]",0.9996,0.9996,23.04,0.9631,0.9623,0.961952,5,7.81,8.57,0.76,2,0.56,0.2632,"[[7.81, 7.89], [8.09, 8.57]]",bird-mixit+tweetynet
eurwig,Mareca penelope,xc:303378,xc_303378,1,"[0.009951, 0.997421, 0.047865, 0.004294]",0.9974,0.9974,23.14,0.9611,0.9619,0.959369,5,13.5,14.48,0.98,3,0.88,0.102,"[[13.5, 13.6], [13.65, 13.78], [13.83, 14.48]]",bird-mixit+tweetynet
eurwig,Mareca penelope,xc:684919,xc_684919,0,"[0.998262, 0.0, 0.0, 0.056661]",0.9983,0.9983,21.53,0.9811,0.9604,0.958738,0,0.65,1.31,0.66,1,0.66,0.0,"[[0.65, 1.31]]",bird-mixit+tweetynet
eurwig,Mareca penelope,xc:695691,xc_695691,0,"[0.996856, 0.0, 0.0, 0.005036]",0.9969,0.9969,28.73,0.9224,0.9577,0.954732,13,18.48,20.48,2.0,5,1.14,0.43,"[[18.48, 18.57], [18.76, 18.84], [19.16, 19.46], [19.68, 19.79], [19.92, 20.48]]",bird-mixit+tweetynet
eurwig,Mareca penelope,xc:674853,xc_674853,0,"[0.999634, 0.997534, 0.45345, 0.064664]",0.9996,0.9996,24.34,0.9332,0.9537,0.953301,84,639.84,640.67,0.83,2,0.65,0.2169,"[[639.84, 640.39], [640.57, 640.67]]",bird-mixit+tweetynet
eurwig,Mareca penelope,xc:805037,xc_805037,0,"[0.977482, 0.379626, 0.668465, 0.697244]",0.9775,0.9775,23.73,0.9809,0.9746,0.952698,3,11.44,11.76,0.32,1,0.32,0.0,"[[11.44, 11.76]]",bird-mixit+tweetynet
eurwig,Mareca penelope,xc:362387,xc_362387,0,"[0.995782, 0.0, 0.0, 0.0]",0.9958,0.9958,21.1,0.9783,0.9549,0.950938,0,1.81,2.67,0.86,2,0.59,0.314,"[[1.81, 1.9], [2.17, 2.67]]",bird-mixit+tweetynet
eurwig,Mareca penelope,xc:751090,xc_751090,0,"[0.999614, 0.514966, 0.01311, 0.019556]",0.9996,0.9996,20.31,0.9834,0.9487,0.948326,3,4.56,5.21,0.65,1,0.65,0.0,"[[4.56, 5.21]]",bird-mixit+tweetynet
eurwig,Mareca penelope,xc:941955,xc_941955,0,"[0.99972, 0.0, 0.0, 0.761059]",0.9997,0.9997,35.53,0.8949,0.947,0.946704,0,0.38,1.5,1.12,2,0.95,0.1518,"[[0.38, 0.75], [0.92, 1.5]]",bird-mixit+tweetynet
eurwig,Mareca penelope,xc:751090,xc_751090,0,"[0.999614, 0.514966, 0.01311, 0.019556]",0.9996,0.9996,22.35,0.94,0.9467,0.946319,10,18.08,18.55,0.47,1,0.47,0.0,"[[18.08, 18.55]]",bird-mixit+tweetynet
eurwig,Mareca penelope,xc:984469,xc_984469,0,"[0.99949, 0.890423, 0.648395, 0.260722]",0.9995,0.9995,26.13,0.9045,0.9448,0.944282,0,0.14,8.12,7.98,11,5.57,0.302,"[[0.14, 0.18], [0.38, 1.0], [1.35, 1.73], [1.92, 2.45], [2.77, 3.29], [3.44, 3.53], [3.68, 4.37], [4.69, 5.58], [5.87, 6.07], [6.27, 6.84], [7.08, 8.12]]",bird-mixit+tweetynet
eurwig,Mareca penelope,xc:674853,xc_674853,0,"[0.999634, 0.997534, 0.45345, 0.064664]",0.9996,0.9996,31.46,0.8868,0.9419,0.941534,80,601.74,603.12,1.38,3,1.14,0.1739,"[[601.74, 601.97], [602.1, 602.87], [602.98, 603.12]]",bird-mixit+tweetynet
eurwig,Mareca penelope,xc:674853,xc_674853,0,"[0.999634, 0.997534, 0.45345, 0.064664]",0.9996,0.9996,24.63,0.9023,0.9395,0.939119,23,234.19,234.88,0.69,1,0.69,0.0,"[[234.19, 234.88]]",bird-mixit+tweetynet
eurwig,Mareca penelope,xc:244000,xc_244000,0,"[0.998639, 0.020733, 0.0, 0.0]",0.9986,0.9986,24.93,0.8983,0.9385,0.937185,2,8.53,9.32,0.79,2,0.56,0.2911,"[[8.53, 8.6], [8.83, 9.32]]",bird-mixit+tweetynet
eurwig,Mareca penelope,xc:447852,xc_447852,0,"[0.997473, 0.0, 0.0, 0.887666]",0.9975,0.9975,21.97,0.9294,0.9388,0.93644,0,0.57,1.39,0.82,2,0.68,0.1707,"[[0.57, 1.09], [1.23, 1.39]]",bird-mixit+tweetynet
eurwig,Mareca penelope,xc:718810,xc_718810,0,"[0.999285, 0.0, 0.0, 0.0]",0.9993,0.9993,24.46,0.8977,0.9366,0.935942,0,0.42,1.64,1.22,3,0.75,0.3852,"[[0.42, 0.47], [0.77, 1.38], [1.55, 1.64]]",bird-mixit+tweetynet
eurwig,Mareca penelope,xc:674853,xc_674853,0,"[0.999634, 0.997534, 0.45345, 0.064664]",0.9996,0.9996,22.37,0.917,0.9356,0.935239,26,262.26,262.94,0.68,1,0.68,0.0,"[[262.26, 262.94]]",bird-mixit+tweetynet
eurwig,Mareca penelope,xc:149142,xc_149142,0,"[0.999605, 0.217394, 0.0, 0.017639]",0.9996,0.9996,30.22,0.8729,0.9343,0.933906,7,27.32,32.27,4.95,11,3.6,0.2727,"[[27.32, 28.62], [29.0, 29.05], [29.25, 29.46], [29.55, 30.33], [30.55, 30.84], [30.9, 30.99], [31.12, 31.38], [31.43, 31.52], [31.59, 31.73], [31.81, 32.12], [32.19, 32.27]]",bird-mixit+tweetynet
eurwig,Mareca penelope,xc:348389,xc_348389,0,"[0.999393, 0.0, 0.0, 0.013906]",0.9994,0.9994,20.32,0.9529,0.9342,0.933609,0,1.03,1.95,0.92,2,0.69,0.25,"[[1.03, 1.09], [1.32, 1.95]]",bird-mixit+tweetynet
eurwig,Mareca penelope,xc:674853,xc_674853,0,"[0.999634, 0.997534, 0.45345, 0.064664]",0.9996,0.9996,22.08,0.9172,0.9337,0.933306,30,281.3,282.03,0.73,1,0.73,0.0,"[[281.3, 282.03]]",bird-mixit+tweetynet
eurwig,Mareca penelope,xc:149142,xc_149142,0,"[0.999605, 0.217394, 0.0, 0.017639]",0.9996,0.9996,28.41,0.8717,0.9321,0.931762,10,40.58,41.9,1.32,3,1.08,0.1818,"[[40.58, 40.62], [40.74, 40.83], [40.95, 41.9]]",bird-mixit+tweetynet
eurwig,Mareca penelope,xc:587034,xc_587034,0,"[0.998974, 0.0, 0.0, 0.0]",0.999,0.999,19.83,0.9623,0.9323,0.931374,3,5.84,8.12,2.28,3,2.16,0.0526,"[[5.84, 5.9], [5.96, 6.33], [6.39, 8.12]]",bird-mixit+tweetynet
eurwig,Mareca penelope,xc:149142,xc_149142,0,"[0.999605, 0.217394, 0.0, 0.017639]",0.9996,0.9996,28.64,0.8621,0.9276,0.927216,8,32.67,38.34,5.67,13,3.41,0.3986,"[[32.67, 32.86], [32.95, 33.0], [33.11, 33.58], [33.79, 33.85], [34.13, 34.17], [34.23, 34.73], [34.86, 35.17], [35.37, 36.04], [36.39, 36.46], [36.64, 36.71], [36.94, 36.97], [37.28, 37.59], [37.7, 38.34]]",bird-mixit+tweetynet
eurwig,Mareca penelope,xc:149142,xc_149142,0,"[0.999605, 0.217394, 0.0, 0.017639]",0.9996,0.9996,24.18,0.8808,0.9272,0.926869,2,10.56,16.42,5.86,16,4.4,0.2491,"[[10.56, 10.64], [10.75, 10.79], [10.85, 11.0], [11.11, 11.15], [11.21, 11.84], [11.95, 12.19], [12.3, 12.8], [12.85, 13.1], [13.15, 13.95], [14.0, 14.05], [14.23, 15.06], [15.11, 15.2], [15.27, 15.33], [15.63, 16.04], [16.13, 16.3], [16.36, 16.42]]",bird-mixit+tweetynet
eurwig,Mareca penelope,xc:715216,xc_715216,0,"[0.986104, 0.048453, 0.014988, 0.285578]",0.9861,0.9861,20.22,0.9629,0.9378,0.924773,3,4.87,7.65,2.78,7,1.86,0.3309,"[[4.87, 4.96], [5.04, 5.58], [5.7, 5.76], [5.86, 6.18], [6.44, 6.52], [6.76, 6.79], [6.91, 7.65]]",bird-mixit+tweetynet
eurwig,Mareca penelope,xc:630033,xc_630033,0,"[0.999818, 0.96392, 0.011461, 0.014844]",0.9998,0.9998,19.98,0.9415,0.9245,0.924319,0,1.19,2.72,1.53,5,0.84,0.451,"[[1.19, 1.55], [1.77, 1.9], [2.08, 2.24], [2.42, 2.49], [2.6, 2.72]]",bird-mixit+tweetynet
eurwig,Mareca penelope,xc:149142,xc_149142,0,"[0.999605, 0.217394, 0.0, 0.017639]",0.9996,0.9996,25.31,0.8645,0.9229,0.922556,3,16.85,20.72,3.87,7,2.46,0.3643,"[[16.85, 17.09], [17.21, 17.72], [17.79, 18.36], [18.74, 19.13], [19.34, 19.8], [20.15, 20.39], [20.67, 20.72]]",bird-mixit+tweetynet
eurwig,Mareca penelope,xc:805037,xc_805037,0,"[0.977482, 0.379626, 0.668465, 0.697244]",0.9775,0.9775,24.56,0.9091,0.9426,0.921366,2,7.04,10.89,3.85,6,2.7,0.2987,"[[7.04, 7.39], [7.51, 7.85], [8.21, 8.78], [8.97, 9.11], [9.22, 9.88], [10.25, 10.89]]",bird-mixit+tweetynet
eurwig,Mareca penelope,xc:695693,xc_695693,0,"[0.943594, 0.0, 0.0, 0.0]",0.9436,0.9436,26.38,0.9653,0.9755,0.920487,3,4.14,4.5,0.36,1,0.36,0.0,"[[4.14, 4.5]]",bird-mixit+tweetynet
eurwig,Mareca penelope,xc:684919,xc_684919,0,"[0.998262, 0.0, 0.0, 0.056661]",0.9983,0.9983,20.71,0.9171,0.9214,0.919873,1,3.22,4.35,1.13,4,0.68,0.3982,"[[3.22, 3.76], [4.04, 4.09], [4.14, 4.19], [4.31, 4.35]]",bird-mixit+tweetynet
eurwig,Mareca penelope,xc:733155,xc_733155,0,"[0.999527, 0.0, 0.0, 0.0]",0.9995,0.9995,25.25,0.8535,0.9173,0.916823,3,8.9,9.98,1.08,3,0.81,0.25,"[[8.9, 9.0], [9.07, 9.36], [9.56, 9.98]]",bird-mixit+tweetynet
eurwig,Mareca penelope,xc:695691,xc_695691,0,"[0.996856, 0.0, 0.0, 0.005036]",0.9969,0.9969,24.88,0.8558,0.9173,0.91447,8,10.24,11.23,0.99,3,0.76,0.2323,"[[10.24, 10.42], [10.51, 10.55], [10.69, 11.23]]",bird-mixit+tweetynet
eurwig,Mareca penelope,xc:684919,xc_684919,0,"[0.998262, 0.0, 0.0, 0.056661]",0.9983,0.9983,23.57,0.8599,0.9144,0.912836,9,11.98,15.06,3.08,8,1.39,0.5487,"[[11.98, 12.03], [12.23, 12.88], [13.13, 13.22], [13.48, 13.58], [13.77, 13.81], [14.19, 14.38], [14.66, 14.84], [14.97, 15.06]]",bird-mixit+tweetynet
eurwig,Mareca penelope,xc:942022,xc_942022,0,"[0.999605, 0.351284, 0.078232, 0.052238]",0.9996,0.9996,20.66,0.9007,0.913,0.912634,6,15.6,15.94,0.34,2,0.23,0.3235,"[[15.6, 15.75], [15.86, 15.94]]",bird-mixit+tweetynet
eurwig,Mareca penelope,xc:303378,xc_303378,1,"[0.009951, 0.997421, 0.047865, 0.004294]",0.9974,0.9974,24.01,0.8539,0.9133,0.910933,0,0.38,2.92,2.54,4,2.34,0.0787,"[[0.38, 1.64], [1.69, 1.75], [1.85, 2.42], [2.47, 2.92]]",bird-mixit+tweetynet
eurwig,Mareca penelope,xc:613690,xc_613690,0,"[0.963292, 0.048627, 0.024723, 0.065889]",0.9633,0.9633,20.98,0.9546,0.9423,0.907722,2,0.85,2.24,1.39,4,0.63,0.5468,"[[0.85, 1.05], [1.2, 1.29], [1.5, 1.56], [1.96, 2.24]]",bird-mixit+tweetynet
eurwig,Mareca penelope,xc:688172,xc_688172,0,"[0.999853, 0.266493, 0.041158, 0.085361]",0.9999,0.9999,21.05,0.8812,0.9077,0.907564,2,3.54,4.87,1.33,2,1.02,0.2331,"[[3.54, 4.35], [4.66, 4.87]]",bird-mixit+tweetynet
eurwig,Mareca penelope,xc:447852,xc_447852,0,"[0.997473, 0.0, 0.0, 0.887666]",0.9975,0.9975,20.53,0.892,0.9075,0.905188,3,6.1,7.58,1.48,3,1.1,0.2568,"[[6.1, 6.74], [6.93, 7.0], [7.19, 7.58]]",bird-mixit+tweetynet
eurwig,Mareca penelope,xc:605168,xc_605168,0,"[0.999683, 0.327735, 0.045444, 0.243289]",0.9997,0.9997,18.05,0.9726,0.9054,0.905109,14,38.25,38.9,0.65,1,0.65,0.0,"[[38.25, 38.9]]",bird-mixit+tweetynet
eurwig,Mareca penelope,xc:688172,xc_688172,0,"[0.999853, 0.266493, 0.041158, 0.085361]",0.9999,0.9999,18.94,0.9314,0.9038,0.903701,26,47.53,49.05,1.52,3,0.92,0.3947,"[[47.53, 48.35], [48.69, 48.75], [49.01, 49.05]]",bird-mixit+tweetynet
eurwig,Mareca penelope,xc:591950,xc_591950,0,"[0.999522, 0.111229, 0.014538, 0.075138]",0.9995,0.9995,31.95,0.8089,0.9032,0.902751,25,35.56,37.49,1.93,5,1.5,0.2228,"[[35.56, 35.64], [35.74, 35.96], [36.08, 36.32], [36.38, 36.42], [36.57, 37.49]]",bird-mixit+tweetynet
eurwig,Mareca penelope,xc:941955,xc_941955,0,"[0.99972, 0.0, 0.0, 0.761059]",0.9997,0.9997,36.4,0.7732,0.8863,0.886005,1,2.0,2.61,0.61,1,0.61,0.0,"[[2.0, 2.61]]",bird-mixit+tweetynet
eurwig,Mareca penelope,xc:303378,xc_303378,1,"[0.009951, 0.997421, 0.047865, 0.004294]",0.9974,0.9974,21.18,0.8381,0.888,0.885729,6,15.24,19.29,4.05,6,3.37,0.1679,"[[15.24, 15.92], [16.03, 17.17], [17.33, 17.49], [17.55, 18.75], [18.89, 19.04], [19.25, 19.29]]",bird-mixit+tweetynet
eurwig,Mareca penelope,xc:688172,xc_688172,0,"[0.999853, 0.266493, 0.041158, 0.085361]",0.9999,0.9999,20.12,0.8543,0.8847,0.884564,14,23.67,27.72,4.05,8,2.53,0.3753,"[[23.67, 23.98], [24.16, 24.6], [24.7, 24.91], [25.22, 25.32], [25.51, 26.63], [26.94, 27.0], [27.08, 27.13], [27.48, 27.72]]",bird-mixit+tweetynet
eurwig,Mareca penelope,xc:1070175,xc_1070175,0,"[0.929377, 0.842391, 0.690548, 0.203543]",0.9294,0.9294,25.79,0.9092,0.9463,0.879478,12,15.38,16.41,1.03,3,0.65,0.3689,"[[15.38, 15.79], [16.0, 16.12], [16.29, 16.41]]",bird-mixit+tweetynet
eurwig,Mareca penelope,xc:284757,xc_284757,0,"[0.902997, 0.0, 0.011507, 0.0]",0.903,0.903,31.85,0.9466,0.9719,0.877649,13,15.12,16.28,1.16,3,0.89,0.2328,"[[15.12, 15.4], [15.51, 15.86], [16.02, 16.28]]",bird-mixit+tweetynet
eurwig,Mareca penelope,xc:970946,xc_970946,0,"[0.997608, 0.046694, 0.116473, 0.129905]",0.9976,0.9976,17.29,0.9449,0.8743,0.872223,0,3.23,3.98,0.75,1,0.75,0.0,"[[3.23, 3.98]]",bird-mixit+tweetynet
eurwig,Mareca penelope,xc:733155,xc_733155,0,"[0.999527, 0.0, 0.0, 0.0]",0.9995,0.9995,23.53,0.7614,0.8658,0.865323,1,3.4,4.04,0.64,1,0.64,0.0,"[[3.4, 4.04]]",bird-mixit+tweetynet
eurwig,Mareca penelope,xc:970946,xc_970946,0,"[0.997608, 0.046694, 0.116473, 0.129905]",0.9976,0.9976,17.41,0.9189,0.8658,0.863703,5,11.48,12.29,0.81,1,0.81,0.0,"[[11.48, 12.29]]",bird-mixit+tweetynet
eurwig,Mareca penelope,xc:860767,xc_860767,0,"[0.99995, 0.0, 0.0, 0.0]",1.0,1.0,18.1,0.8784,0.8632,0.863167,1,6.03,6.66,0.63,1,0.63,0.0,"[[6.03, 6.66]]",bird-mixit+tweetynet
eurwig,Mareca penelope,xc:113187,xc_113187,0,"[0.999961, 0.9938, 0.058024, 0.980074]",1.0,1.0,16.78,0.9438,0.8594,0.859404,14,35.1,35.67,0.57,1,0.57,0.0,"[[35.1, 35.67]]",bird-mixit+tweetynet
eurwig,Mareca penelope,xc:266804,xc_266804,0,"[0.995905, 0.04779, 0.008643, 0.0]",0.9959,0.9959,18.18,0.8648,0.8586,0.855039,23,57.57,58.18,0.61,1,0.61,0.0,"[[57.57, 58.18]]",bird-mixit+tweetynet
eurwig,Mareca penelope,xc:605168,xc_605168,0,"[0.999683, 0.327735, 0.045444, 0.243289]",0.9997,0.9997,18.56,0.8368,0.853,0.852701,6,17.83,18.98,1.15,3,0.77,0.3304,"[[17.83, 17.87], [18.08, 18.7], [18.87, 18.98]]",bird-mixit+tweetynet
eurwig,Mareca penelope,xc:266804,xc_266804,0,"[0.995905, 0.04779, 0.008643, 0.0]",0.9959,0.9959,17.76,0.8741,0.8539,0.850424,1,4.18,4.78,0.6,1,0.6,0.0,"[[4.18, 4.78]]",bird-mixit+tweetynet
eurwig,Mareca penelope,xc:936141,xc_936141,0,"[0.999543, 0.0, 0.017884, 0.011274]",0.9995,0.9995,16.78,0.9165,0.8474,0.846996,9,12.63,15.42,2.79,2,2.55,0.086,"[[12.63, 13.47], [13.71, 15.42]]",bird-mixit+tweetynet
eurwig,Mareca penelope,xc:605168,xc_605168,0,"[0.999683, 0.327735, 0.045444, 0.243289]",0.9997,0.9997,16.44,0.9339,0.8445,0.844233,12,29.9,36.15,6.25,8,4.25,0.32,"[[29.9, 30.53], [30.86, 31.66], [31.92, 32.43], [32.61, 32.95], [33.22, 33.91], [34.28, 35.15], [35.54, 35.69], [35.89, 36.15]]",bird-mixit+tweetynet
eurwig,Mareca penelope,xc:749105,xc_749105,0,"[0.958704, 0.0, 0.0, 0.03902]",0.9587,0.9587,17.21,0.962,0.8798,0.843471,7,14.56,15.87,1.31,5,1.05,0.1985,"[[14.56, 14.69], [14.76, 14.92], [14.97, 15.5], [15.59, 15.67], [15.72, 15.87]]",bird-mixit+tweetynet
eurwig,Mareca penelope,xc:695693,xc_695693,0,"[0.943594, 0.0, 0.0, 0.0]",0.9436,0.9436,17.82,0.9542,0.8916,0.84131,1,2.66,2.9,0.24,1,0.24,0.0,"[[2.66, 2.9]]",bird-mixit+tweetynet
eurwig,Mareca penelope,xc:113187,xc_113187,0,"[0.999961, 0.9938, 0.058024, 0.980074]",1.0,1.0,16.88,0.8902,0.8386,0.838605,50,124.62,126.05,1.43,5,0.86,0.3986,"[[124.62, 124.67], [125.01, 125.6], [125.69, 125.74], [125.81, 125.93], [126.0, 126.05]]",bird-mixit+tweetynet
eurwig,Mareca penelope,xc:674820,xc_674820,0,"[0.998503, 0.015096, 0.0, 0.009434]",0.9985,0.9985,17.6,0.8454,0.837,0.835775,48,276.18,277.2,1.02,2,0.87,0.1471,"[[276.18, 276.32], [276.47, 277.2]]",bird-mixit+tweetynet
eurwig,Mareca penelope,xc:695691,xc_695691,0,"[0.996856, 0.0, 0.0, 0.005036]",0.9969,0.9969,23.16,0.7081,0.8379,0.8353,12,16.84,18.07,1.23,3,0.65,0.4715,"[[16.84, 16.88], [17.17, 17.25], [17.54, 18.07]]",bird-mixit+tweetynet
eurwig,Mareca penelope,xc:684919,xc_684919,0,"[0.998262, 0.0, 0.0, 0.056661]",0.9983,0.9983,17.13,0.8695,0.8362,0.834795,24,32.74,35.02,2.28,5,1.58,0.307,"[[32.74, 33.25], [33.65, 34.14], [34.22, 34.28], [34.43, 34.49], [34.56, 35.02]]",bird-mixit+tweetynet
eurwig,Mareca penelope,xc:805037,xc_805037,0,"[0.977482, 0.379626, 0.668465, 0.697244]",0.9775,0.9775,21.91,0.7519,0.8521,0.832891,6,14.14,15.83,1.69,3,1.17,0.3077,"[[14.14, 14.35], [14.5, 15.34], [15.71, 15.83]]",bird-mixit+tweetynet
eurwig,Mareca penelope,xc:674820,xc_674820,0,"[0.998503, 0.015096, 0.0, 0.009434]",0.9985,0.9985,16.64,0.8882,0.8308,0.829596,53,348.52,349.1,0.58,1,0.58,0.0,"[[348.52, 349.1]]",bird-mixit+tweetynet
eutspa,Passer montanus,xc:156432,xc_156432,0,"[0.998717, 0.772414, 0.849704, 0.99611]",0.9987,0.9987,34.46,0.9995,0.9991,0.997809,37,87.56,88.7,1.14,3,0.74,0.3509,"[[87.56, 87.6], [87.94, 88.57], [88.63, 88.7]]",bird-mixit+tweetynet
eutspa,Passer montanus,xc:156432,xc_156432,0,"[0.998717, 0.772414, 0.849704, 0.99611]",0.9987,0.9987,33.86,0.9997,0.999,0.997749,44,101.36,101.96,0.6,2,0.35,0.4167,"[[101.36, 101.68], [101.93, 101.96]]",bird-mixit+tweetynet
eutspa,Passer montanus,xc:156432,xc_156432,0,"[0.998717, 0.772414, 0.849704, 0.99611]",0.9987,0.9987,33.66,0.9994,0.9989,0.997598,54,139.93,140.74,0.81,3,0.68,0.1605,"[[139.93, 140.0], [140.05, 140.23], [140.31, 140.74]]",bird-mixit+tweetynet
eutspa,Passer montanus,xc:145422,xc_145422,1,"[0.996818, 0.999616, 0.708847, 0.680962]",0.9996,0.9996,42.72,0.9957,0.9978,0.997388,41,69.8,70.79,0.99,5,0.5,0.4949,"[[69.8, 69.85], [69.94, 70.0], [70.09, 70.36], [70.59, 70.64], [70.72, 70.79]]",bird-mixit+tweetynet
eutspa,Passer montanus,xc:145420,xc_145420,0,"[0.999575, 0.082148, 0.420432, 0.012443]",0.9996,0.9996,40.77,0.9955,0.9977,0.997266,26,39.76,41.36,1.6,5,1.08,0.325,"[[39.76, 39.79], [40.01, 40.63], [40.71, 40.88], [41.02, 41.09], [41.17, 41.36]]",bird-mixit+tweetynet
eutspa,Passer montanus,xc:145420,xc_145420,0,"[0.999575, 0.082148, 0.420432, 0.012443]",0.9996,0.9996,36.58,0.996,0.9977,0.997262,34,54.47,58.93,4.46,12,2.36,0.4709,"[[54.47, 54.5], [54.74, 55.0], [55.21, 55.28], [55.35, 56.38], [56.44, 56.49], [56.75, 56.95], [57.32, 57.37], [57.45, 57.54], [57.59, 57.68], [57.73, 57.91], [58.27, 58.55], [58.9, 58.93]]",bird-mixit+tweetynet
eutspa,Passer montanus,xc:145420,xc_145420,0,"[0.999575, 0.082148, 0.420432, 0.012443]",0.9996,0.9996,34.98,0.9964,0.9977,0.997261,27,41.88,42.73,0.85,3,0.43,0.4941,"[[41.88, 41.91], [42.18, 42.21], [42.36, 42.73]]",bird-mixit+tweetynet
eutspa,Passer montanus,xc:145420,xc_145420,0,"[0.999575, 0.082148, 0.420432, 0.012443]",0.9996,0.9996,39.0,0.9953,0.9975,0.997092,11,21.89,22.51,0.62,2,0.27,0.5645,"[[21.89, 22.13], [22.48, 22.51]]",bird-mixit+tweetynet
eutspa,Passer montanus,xc:145422,xc_145422,1,"[0.996818, 0.999616, 0.708847, 0.680962]",0.9996,0.9996,40.22,0.995,0.9974,0.996989,30,54.1,54.62,0.52,3,0.34,0.3462,"[[54.1, 54.21], [54.27, 54.45], [54.57, 54.62]]",bird-mixit+tweetynet
eutspa,Passer montanus,xc:145422,xc_145422,1,"[0.996818, 0.999616, 0.708847, 0.680962]",0.9996,0.9996,40.22,0.9949,0.9973,0.996927,54,87.55,88.32,0.77,2,0.38,0.5065,"[[87.55, 87.78], [88.17, 88.32]]",bird-mixit+tweetynet
eutspa,Passer montanus,xc:145422,xc_145422,1,"[0.996818, 0.999616, 0.708847, 0.680962]",0.9996,0.9996,36.46,0.9953,0.9973,0.996878,2,2.5,3.38,0.88,2,0.53,0.3977,"[[2.5, 2.59], [2.94, 3.38]]",bird-mixit+tweetynet
eutspa,Passer montanus,xc:145420,xc_145420,0,"[0.999575, 0.082148, 0.420432, 0.012443]",0.9996,0.9996,39.63,0.9947,0.9972,0.996832,10,20.4,21.05,0.65,3,0.5,0.2308,"[[20.4, 20.49], [20.55, 20.92], [21.01, 21.05]]",bird-mixit+tweetynet
eutspa,Passer montanus,xc:156432,xc_156432,0,"[0.998717, 0.772414, 0.849704, 0.99611]",0.9987,0.9987,34.08,0.9974,0.998,0.996673,28,71.74,73.38,1.64,4,0.97,0.4085,"[[71.74, 72.16], [72.41, 72.44], [72.73, 73.0], [73.13, 73.38]]",bird-mixit+tweetynet
eutspa,Passer montanus,xc:145422,xc_145422,1,"[0.996818, 0.999616, 0.708847, 0.680962]",0.9996,0.9996,40.0,0.9944,0.9971,0.996673,52,84.35,85.14,0.79,2,0.6,0.2405,"[[84.35, 84.75], [84.94, 85.14]]",bird-mixit+tweetynet
eutspa,Passer montanus,xc:156432,xc_156432,0,"[0.998717, 0.772414, 0.849704, 0.99611]",0.9987,0.9987,30.64,0.9994,0.9977,0.996382,25,64.31,69.19,4.88,14,2.99,0.3873,"[[64.31, 64.82], [64.9, 65.06], [65.27, 65.42], [65.5, 65.62], [65.92, 66.0], [66.15, 66.46], [66.55, 66.63], [66.72, 66.79], [66.88, 67.46], [67.7, 67.92], [67.97, 68.08], [68.29, 68.42], [68.51, 68.71], [68.92, 69.19]]",bird-mixit+tweetynet
eutspa,Passer montanus,xc:186170,xc_186170,0,"[0.998937, 0.250171, 0.583707, 0.278017]",0.9989,0.9989,30.82,0.9988,0.9975,0.996372,5,10.85,16.8,5.95,14,4.32,0.2739,"[[10.85, 11.04], [11.1, 11.24], [11.31, 11.66], [11.82, 11.86], [12.04, 12.34], [12.4, 12.46], [12.54, 12.67], [12.79, 13.07], [13.24, 13.39], [13.6, 13.92], [14.13, 14.41], [14.57, 14.88], [14.97, 15.02], [15.08, 16.8]]",bird-mixit+tweetynet
eutspa,Passer montanus,xc:133941,xc_133941,0,"[0.995943, 0.745713, 0.01943, 0.068969]",0.9959,0.9959,43.08,0.9999,0.9999,0.995785,11,43.39,44.76,1.37,4,0.98,0.2847,"[[43.39, 43.74], [44.0, 44.1], [44.18, 44.36], [44.41, 44.76]]",bird-mixit+tweetynet
eutspa,Passer montanus,xc:186170,xc_186170,0,"[0.998937, 0.250171, 0.583707, 0.278017]",0.9989,0.9989,29.81,0.9986,0.9967,0.995591,4,8.06,10.6,2.54,4,2.19,0.1378,"[[8.06, 8.31], [8.48, 8.98], [9.05, 10.17], [10.28, 10.6]]",bird-mixit+tweetynet
eutspa,Passer montanus,xc:133941,xc_133941,0,"[0.995943, 0.745713, 0.01943, 0.068969]",0.9959,0.9959,37.8,0.9998,0.9997,0.995586,9,33.34,38.61,5.27,12,3.89,0.2619,"[[33.34, 33.74], [33.93, 34.43], [34.63, 34.91], [34.98, 35.34], [35.42, 35.47], [35.57, 35.79], [35.93, 35.97], [36.03, 36.33], [36.51, 36.72], [36.78, 37.28], [37.44, 38.35], [38.49, 38.61]]",bird-mixit+tweetynet
eutspa,Passer montanus,xc:133941,xc_133941,0,"[0.995943, 0.745713, 0.01943, 0.068969]",0.9959,0.9959,37.4,0.9999,0.9997,0.995568,12,45.05,46.4,1.35,3,1.09,0.1926,"[[45.05, 45.32], [45.53, 46.0], [46.05, 46.4]]",bird-mixit+tweetynet
eutspa,Passer montanus,xc:186170,xc_186170,0,"[0.998937, 0.250171, 0.583707, 0.278017]",0.9989,0.9989,29.72,0.9985,0.9965,0.995442,8,26.92,29.92,3.0,8,2.34,0.22,"[[26.92, 27.16], [27.21, 27.39], [27.59, 27.94], [28.02, 28.08], [28.18, 28.91], [29.0, 29.03], [29.1, 29.5], [29.57, 29.92]]",bird-mixit+tweetynet
eutspa,Passer montanus,xc:133941,xc_133941,0,"[0.995943, 0.745713, 0.01943, 0.068969]",0.9959,0.9959,39.52,0.9991,0.9994,0.995323,14,53.49,59.58,6.09,5,5.59,0.0821,"[[53.49, 53.57], [53.75, 54.01], [54.06, 55.13], [55.29, 55.96], [56.07, 59.58]]",bird-mixit+tweetynet
eutspa,Passer montanus,xc:133941,xc_133941,0,"[0.995943, 0.745713, 0.01943, 0.068969]",0.9959,0.9959,36.08,0.9994,0.9993,0.995196,13,46.63,53.29,6.66,10,5.9,0.1141,"[[46.63, 46.92], [47.07, 48.53], [48.61, 48.67], [48.74, 49.08], [49.18, 49.72], [49.81, 50.14], [50.19, 50.55], [50.64, 52.36], [52.43, 52.7], [52.76, 53.29]]",bird-mixit+tweetynet
eutspa,Passer montanus,xc:186170,xc_186170,0,"[0.998937, 0.250171, 0.583707, 0.278017]",0.9989,0.9989,29.08,0.9984,0.9959,0.994839,6,17.08,20.84,3.76,8,2.67,0.2899,"[[17.08, 17.48], [17.62, 17.91], [17.96, 18.12], [18.26, 18.56], [18.83, 19.1], [19.34, 19.65], [19.84, 20.09], [20.15, 20.84]]",bird-mixit+tweetynet
eutspa,Passer montanus,xc:181536,xc_181536,0,"[0.994339, 0.509574, 0.880482, 0.877529]",0.9943,0.9943,37.33,0.9998,0.9996,0.993944,10,37.89,39.64,1.75,4,1.33,0.24,"[[37.89, 38.06], [38.19, 38.52], [38.59, 38.93], [39.15, 39.64]]",bird-mixit+tweetynet
eutspa,Passer montanus,xc:181536,xc_181536,0,"[0.994339, 0.509574, 0.880482, 0.877529]",0.9943,0.9943,37.76,0.9997,0.9996,0.993919,8,23.96,29.81,5.85,13,3.27,0.441,"[[23.96, 24.14], [24.23, 24.48], [24.78, 24.94], [25.14, 25.52], [25.62, 25.8], [26.19, 26.27], [26.32, 26.46], [26.54, 26.93], [27.3, 27.46], [27.73, 28.07], [28.16, 28.33], [28.62, 29.27], [29.62, 29.81]]",bird-mixit+tweetynet
eutspa,Passer montanus,xc:181536,xc_181536,0,"[0.994339, 0.509574, 0.880482, 0.877529]",0.9943,0.9943,36.34,0.9999,0.9996,0.993889,14,51.07,51.69,0.62,2,0.54,0.129,"[[51.07, 51.44], [51.52, 51.69]]",bird-mixit+tweetynet
eutspa,Passer montanus,xc:181536,xc_181536,0,"[0.994339, 0.509574, 0.880482, 0.877529]",0.9943,0.9943,35.75,0.9999,0.9995,0.993819,15,51.91,53.26,1.35,5,0.96,0.2889,"[[51.91, 52.13], [52.21, 52.43], [52.49, 52.52], [52.63, 53.0], [53.14, 53.26]]",bird-mixit+tweetynet
eutspa,Passer montanus,xc:181536,xc_181536,0,"[0.994339, 0.509574, 0.880482, 0.877529]",0.9943,0.9943,36.61,0.9997,0.9995,0.993808,0,0.12,6.25,6.13,11,4.85,0.2088,"[[0.12, 0.34], [0.42, 0.8], [0.87, 2.8], [2.97, 3.1], [3.25, 3.33], [3.51, 4.31], [4.39, 4.54], [4.63, 4.72], [4.82, 5.55], [5.74, 5.96], [6.13, 6.25]]",bird-mixit+tweetynet
eutspa,Passer montanus,xc:168210,xc_168210,0,"[0.996684, 0.981691, 0.962051, 0.091005]",0.9967,0.9967,36.9,0.9939,0.9967,0.993371,15,37.17,41.76,4.59,12,2.86,0.3769,"[[37.17, 37.41], [37.51, 37.54], [37.93, 38.0], [38.15, 38.19], [38.26, 39.67], [39.75, 40.1], [40.37, 40.6], [40.77, 40.85], [41.0, 41.18], [41.29, 41.4], [41.53, 41.59], [41.7, 41.76]]",bird-mixit+tweetynet
eutspa,Passer montanus,xc:186170,xc_186170,0,"[0.998937, 0.250171, 0.583707, 0.278017]",0.9989,0.9989,27.82,0.9984,0.9945,0.993368,19,67.31,73.71,6.4,18,4.22,0.3406,"[[67.31, 67.61], [67.76, 67.8], [67.94, 68.23], [68.43, 68.56], [68.72, 69.05], [69.11, 69.66], [69.74, 70.79], [70.89, 71.22], [71.44, 71.5], [71.65, 71.81], [71.88, 71.91], [72.12, 72.17], [72.26, 72.34], [72.46, 72.79], [72.88, 73.1], [73.24, 73.32], [73.47, 73.63], [73.68, 73.71]]",bird-mixit+tweetynet
eutspa,Passer montanus,xc:482765,xc_482765,0,"[0.993714, 0.018206, 0.01248, 0.046417]",0.9937,0.9937,34.64,0.9999,0.9994,0.993057,14,64.2,70.34,6.14,13,3.6,0.4137,"[[64.2, 64.5], [64.8, 65.0], [65.1, 65.67], [65.77, 65.82], [66.05, 66.37], [66.74, 66.79], [66.86, 67.34], [67.41, 67.53], [67.79, 68.2], [68.57, 68.84], [68.92, 69.35], [69.68, 70.02], [70.28, 70.34]]",bird-mixit+tweetynet
eutspa,Passer montanus,xc:482765,xc_482765,0,"[0.993714, 0.018206, 0.01248, 0.046417]",0.9937,0.9937,34.49,0.9999,0.9993,0.993028,22,85.31,89.15,3.84,13,2.12,0.4479,"[[85.31, 85.48], [85.53, 85.62], [85.71, 85.94], [86.16, 86.21], [86.3, 86.51], [86.77, 87.06], [87.31, 87.59], [87.82, 87.9], [87.97, 88.25], [88.34, 88.37], [88.47, 88.7], [88.88, 88.94], [89.03, 89.15]]",bird-mixit+tweetynet
eutspa,Passer montanus,xc:482765,xc_482765,0,"[0.993714, 0.018206, 0.01248, 0.046417]",0.9937,0.9937,33.49,0.9999,0.9991,0.992809,20,78.99,84.22,5.23,11,3.25,0.3786,"[[78.99, 79.31], [79.48, 79.7], [80.0, 80.34], [80.65, 81.06], [81.12, 81.18], [81.31, 81.51], [81.8, 82.5], [82.63, 82.67], [82.77, 83.09], [83.24, 83.65], [83.99, 84.22]]",bird-mixit+tweetynet
eutspa,Passer montanus,xc:482765,xc_482765,0,"[0.993714, 0.018206, 0.01248, 0.046417]",0.9937,0.9937,33.02,0.9999,0.999,0.992663,1,7.7,9.46,1.76,4,0.98,0.4432,"[[7.7, 8.1], [8.38, 8.51], [8.63, 8.81], [9.19, 9.46]]",bird-mixit+tweetynet
eutspa,Passer montanus,xc:482765,xc_482765,0,"[0.993714, 0.018206, 0.01248, 0.046417]",0.9937,0.9937,32.58,0.9999,0.9988,0.992536,5,20.6,23.32,2.72,8,1.56,0.4265,"[[20.6, 20.9], [21.0, 21.28], [21.44, 21.5], [21.64, 21.89], [22.01, 22.1], [22.26, 22.37], [22.71, 22.91], [23.05, 23.32]]",bird-mixit+tweetynet
eutspa,Passer montanus,xc:167533,xc_167533,0,"[0.991154, 0.997181, 0.749284, 0.966569]",0.9912,0.9972,38.87,0.9997,0.9997,0.990867,3,3.96,5.33,1.37,6,0.96,0.2993,"[[3.96, 4.25], [4.33, 4.38], [4.44, 4.55], [4.61, 4.91], [5.06, 5.23], [5.29, 5.33]]",bird-mixit+tweetynet
eutspa,Passer montanus,xc:167533,xc_167533,0,"[0.991154, 0.997181, 0.749284, 0.966569]",0.9912,0.9972,36.63,0.9998,0.9996,0.990771,2,2.91,3.55,0.64,1,0.64,0.0,"[[2.91, 3.55]]",bird-mixit+tweetynet
eutspa,Passer montanus,xc:167533,xc_167533,0,"[0.991154, 0.997181, 0.749284, 0.966569]",0.9912,0.9972,31.78,0.9998,0.9985,0.98967,13,30.24,31.58,1.34,5,0.82,0.3881,"[[30.24, 30.37], [30.56, 30.79], [30.85, 31.11], [31.24, 31.38], [31.52, 31.58]]",bird-mixit+tweetynet
eutspa,Passer montanus,xc:341173,xc_341173,0,"[0.993624, 0.0, 0.0, 0.185641]",0.9936,0.9936,28.52,0.9994,0.9958,0.989466,12,24.86,25.18,0.32,1,0.32,0.0,"[[24.86, 25.18]]",bird-mixit+tweetynet
eutspa,Passer montanus,xc:167533,xc_167533,0,"[0.991154, 0.997181, 0.749284, 0.966569]",0.9912,0.9972,32.07,0.9986,0.998,0.989181,1,1.46,2.38,0.92,3,0.82,0.1087,"[[1.46, 1.67], [1.72, 1.89], [1.94, 2.38]]",bird-mixit+tweetynet
eutspa,Passer montanus,xc:167533,xc_167533,0,"[0.991154, 0.997181, 0.749284, 0.966569]",0.9912,0.9972,29.61,0.9995,0.997,0.988199,11,23.82,26.94,3.12,8,2.05,0.3429,"[[23.82, 23.87], [23.93, 24.28], [24.53, 24.89], [24.98, 25.02], [25.14, 25.81], [26.01, 26.07], [26.27, 26.5], [26.65, 26.94]]",bird-mixit+tweetynet
eutspa,Passer montanus,xc:629244,xc_629244,0,"[0.992078, 0.0, 0.0, 0.0]",0.9921,0.9921,33.1,0.9937,0.9959,0.988009,21,50.75,53.72,2.97,8,1.53,0.4848,"[[50.75, 50.93], [51.06, 51.09], [51.38, 51.68], [51.99, 52.33], [52.66, 52.95], [53.03, 53.1], [53.33, 53.42], [53.49, 53.72]]",bird-mixit+tweetynet
eutspa,Passer montanus,xc:629244,xc_629244,0,"[0.992078, 0.0, 0.0, 0.0]",0.9921,0.9921,29.32,0.9962,0.9951,0.987237,23,56.3,56.69,0.39,2,0.31,0.2051,"[[56.3, 56.39], [56.47, 56.69]]",bird-mixit+tweetynet
eutspa,Passer montanus,xc:809523,xc_809523,0,"[0.991741, 0.908204, 0.37124, 0.111652]",0.9917,0.9917,28.7,0.9979,0.9953,0.987065,24,113.09,116.78,3.69,8,2.73,0.2602,"[[113.09, 113.68], [113.87, 114.13], [114.27, 114.42], [114.52, 114.82], [114.91, 115.09], [115.21, 115.63], [115.81, 116.47], [116.61, 116.78]]",bird-mixit+tweetynet
eutspa,Passer montanus,xc:770224,xc_770224,0,"[0.987851, 0.0, 0.0, 0.982048]",0.9879,0.9879,34.5,0.9995,0.9991,0.987002,49,61.09,61.69,0.6,2,0.38,0.3667,"[[61.09, 61.16], [61.38, 61.69]]",bird-mixit+tweetynet
eutspa,Passer montanus,xc:809523,xc_809523,0,"[0.991741, 0.908204, 0.37124, 0.111652]",0.9917,0.9917,29.96,0.9951,0.995,0.986791,8,43.5,49.56,6.06,17,3.64,0.3993,"[[43.5, 43.8], [43.97, 44.01], [44.13, 44.33], [44.58, 44.89], [45.02, 45.18], [45.3, 45.96], [46.18, 46.44], [46.69, 46.8], [46.85, 46.94], [47.04, 47.26], [47.41, 47.46], [47.52, 47.82], [47.91, 48.1], [48.3, 48.43], [48.61, 49.07], [49.31, 49.43], [49.52, 49.56]]",bird-mixit+tweetynet
eutspa,Passer montanus,xc:629244,xc_629244,0,"[0.992078, 0.0, 0.0, 0.0]",0.9921,0.9921,37.15,0.9898,0.9946,0.98676,20,47.88,50.13,2.25,7,1.15,0.4889,"[[47.88, 47.96], [48.02, 48.07], [48.22, 48.3], [48.46, 48.79], [49.15, 49.19], [49.35, 49.62], [49.83, 50.13]]",bird-mixit+tweetynet
eutspa,Passer montanus,xc:809523,xc_809523,0,"[0.991741, 0.908204, 0.37124, 0.111652]",0.9917,0.9917,28.99,0.9967,0.995,0.986733,7,36.77,43.14,6.37,13,4.6,0.2779,"[[36.77, 36.98], [37.28, 37.86], [37.98, 38.17], [38.3, 38.53], [38.69, 38.94], [39.05, 39.24], [39.29, 39.56], [39.69, 40.01], [40.07, 41.35], [41.55, 41.83], [41.91, 42.1], [42.19, 42.56], [42.9, 43.14]]",bird-mixit+tweetynet
eutspa,Passer montanus,xc:770224,xc_770224,0,"[0.987851, 0.0, 0.0, 0.982048]",0.9879,0.9879,35.46,0.9984,0.9987,0.986654,32,40.55,40.97,0.42,2,0.36,0.1429,"[[40.55, 40.68], [40.74, 40.97]]",bird-mixit+tweetynet
eutspa,Passer montanus,xc:809523,xc_809523,0,"[0.991741, 0.908204, 0.37124, 0.111652]",0.9917,0.9917,28.05,0.9986,0.9949,0.986603,25,117.06,122.87,5.81,12,4.55,0.2169,"[[117.06, 117.24], [117.29, 117.57], [117.69, 118.13], [118.22, 118.97], [119.03, 119.34], [119.47, 119.97], [120.02, 120.2], [120.25, 120.84], [121.09, 121.67], [121.86, 122.08], [122.22, 122.38], [122.51, 122.87]]",bird-mixit+tweetynet
eutspa,Passer montanus,xc:263657,xc_263657,0,"[0.986575, 0.0, 0.0, 0.0]",0.9866,0.9866,45.66,1.0,1.0,0.986554,1,2.29,3.25,0.96,3,0.56,0.4167,"[[2.29, 2.53], [2.8, 3.02], [3.15, 3.25]]",bird-mixit+tweetynet
eutspa,Passer montanus,xc:263657,xc_263657,0,"[0.986575, 0.0, 0.0, 0.0]",0.9866,0.9866,42.91,0.9999,0.9999,0.98651,4,5.72,6.97,1.25,3,0.96,0.232,"[[5.72, 6.01], [6.09, 6.64], [6.85, 6.97]]",bird-mixit+tweetynet
eutspa,Passer montanus,xc:770224,xc_770224,0,"[0.987851, 0.0, 0.0, 0.982048]",0.9879,0.9879,33.25,0.999,0.9986,0.986485,28,34.89,36.0,1.11,5,0.78,0.2973,"[[34.89, 35.12], [35.2, 35.23], [35.28, 35.38], [35.43, 35.63], [35.78, 36.0]]",bird-mixit+tweetynet
eutspa,Passer montanus,xc:263657,xc_263657,0,"[0.986575, 0.0, 0.0, 0.0]",0.9866,0.9866,40.75,0.9999,0.9999,0.986476,11,20.0,23.22,3.22,6,2.31,0.2826,"[[20.0, 21.06], [21.19, 21.24], [21.38, 21.75], [21.97, 22.28], [22.41, 22.86], [23.15, 23.22]]",bird-mixit+tweetynet
eutspa,Passer montanus,xc:263657,xc_263657,0,"[0.986575, 0.0, 0.0, 0.0]",0.9866,0.9866,40.6,0.9999,0.9999,0.986472,16,28.28,29.43,1.15,3,0.78,0.3217,"[[28.28, 28.49], [28.61, 29.0], [29.25, 29.43]]",bird-mixit+tweetynet
eutspa,Passer montanus,xc:770224,xc_770224,0,"[0.987851, 0.0, 0.0, 0.982048]",0.9879,0.9879,32.82,0.9992,0.9985,0.98645,39,48.72,49.16,0.44,2,0.37,0.1591,"[[48.72, 48.79], [48.86, 49.16]]",bird-mixit+tweetynet
eutspa,Passer montanus,xc:263657,xc_263657,0,"[0.986575, 0.0, 0.0, 0.0]",0.9866,0.9866,39.94,0.9999,0.9998,0.986441,25,39.61,40.61,1.0,3,0.43,0.57,"[[39.61, 39.77], [40.11, 40.35], [40.58, 40.61]]",bird-mixit+tweetynet
eutspa,Passer montanus,xc:655734,xc_655734,0,"[0.986362, 0.016553, 0.0, 0.015283]",0.9864,0.9864,39.61,0.9999,0.9998,0.986215,0,0.3,1.0,0.7,3,0.38,0.4571,"[[0.3, 0.42], [0.57, 0.78], [0.95, 1.0]]",bird-mixit+tweetynet
eutspa,Passer montanus,xc:770224,xc_770224,0,"[0.987851, 0.0, 0.0, 0.982048]",0.9879,0.9879,32.5,0.9989,0.9983,0.986211,45,56.5,58.0,1.5,7,0.61,0.5933,"[[56.5, 56.7], [56.86, 56.89], [56.98, 57.04], [57.24, 57.41], [57.47, 57.53], [57.8, 57.84], [57.95, 58.0]]",bird-mixit+tweetynet
eutspa,Passer montanus,xc:655734,xc_655734,0,"[0.986362, 0.016553, 0.0, 0.015283]",0.9864,0.9864,39.86,0.9998,0.9998,0.986192,7,12.46,13.87,1.41,4,0.75,0.4681,"[[12.46, 12.74], [13.01, 13.05], [13.15, 13.28], [13.57, 13.87]]",bird-mixit+tweetynet
eutspa,Passer montanus,xc:655734,xc_655734,0,"[0.986362, 0.016553, 0.0, 0.015283]",0.9864,0.9864,39.32,0.9999,0.9998,0.986192,4,5.8,6.25,0.45,1,0.45,0.0,"[[5.8, 6.25]]",bird-mixit+tweetynet
eutspa,Passer montanus,xc:655734,xc_655734,0,"[0.986362, 0.016553, 0.0, 0.015283]",0.9864,0.9864,43.28,0.9995,0.9997,0.986132,6,11.24,11.94,0.7,2,0.4,0.4286,"[[11.24, 11.45], [11.75, 11.94]]",bird-mixit+tweetynet
eutspa,Passer montanus,xc:655734,xc_655734,0,"[0.986362, 0.016553, 0.0, 0.015283]",0.9864,0.9864,40.0,0.9996,0.9997,0.986081,5,7.68,10.23,2.55,10,1.23,0.5176,"[[7.68, 7.71], [7.84, 8.04], [8.41, 8.45], [8.55, 8.61], [8.7, 8.93], [9.06, 9.14], [9.45, 9.5], [9.58, 9.72], [9.77, 10.11], [10.17, 10.23]]",bird-mixit+tweetynet
eutspa,Passer montanus,xc:809523,xc_809523,0,"[0.991741, 0.908204, 0.37124, 0.111652]",0.9917,0.9917,28.3,0.9962,0.994,0.985734,12,61.2,66.06,4.86,12,3.34,0.3128,"[[61.2, 61.62], [61.67, 61.72], [61.85, 62.13], [62.33, 62.53], [62.6, 62.68], [62.76, 62.98], [63.03, 63.44], [63.52, 63.72], [63.85, 64.47], [64.54, 64.72], [65.08, 65.51], [65.81, 66.06]]",bird-mixit+tweetynet
eutspa,Passer montanus,xc:341173,xc_341173,0,"[0.993624, 0.0, 0.0, 0.185641]",0.9936,0.9936,25.58,0.9995,0.9905,0.98417,11,23.06,24.41,1.35,3,0.74,0.4519,"[[23.06, 23.49], [23.72, 23.9], [24.28, 24.41]]",bird-mixit+tweetynet
eutspa,Passer montanus,xc:629244,xc_629244,0,"[0.992078, 0.0, 0.0, 0.0]",0.9921,0.9921,38.73,0.9825,0.9911,0.983228,15,35.81,39.07,3.26,11,1.49,0.5429,"[[35.81, 35.92], [36.12, 36.22], [36.4, 36.72], [36.81, 37.08], [37.24, 37.3], [37.55, 37.59], [37.77, 37.85], [38.22, 38.35], [38.44, 38.68], [38.78, 38.84], [38.99, 39.07]]",bird-mixit+tweetynet
eutspa,Passer montanus,xc:629244,xc_629244,0,"[0.992078, 0.0, 0.0, 0.0]",0.9921,0.9921,30.26,0.9866,0.991,0.983198,18,42.26,43.21,0.95,3,0.58,0.3895,"[[42.26, 42.57], [42.86, 42.91], [42.99, 43.21]]",bird-mixit+tweetynet
eutspa,Passer montanus,xc:54134,xc_54134,0,"[0.985363, 0.021951, 0.0, 0.0]",0.9854,0.9854,36.9,0.9961,0.9977,0.983165,9,15.45,16.68,1.23,4,0.67,0.4553,"[[15.45, 15.71], [15.87, 16.02], [16.08, 16.27], [16.61, 16.68]]",bird-mixit+tweetynet
eutspa,Passer montanus,xc:54134,xc_54134,0,"[0.985363, 0.021951, 0.0, 0.0]",0.9854,0.9854,31.79,0.9974,0.9973,0.982707,7,8.69,9.63,0.94,2,0.69,0.266,"[[8.69, 9.0], [9.25, 9.63]]",bird-mixit+tweetynet
eutspa,Passer montanus,xc:54134,xc_54134,0,"[0.985363, 0.021951, 0.0, 0.0]",0.9854,0.9854,33.4,0.9927,0.9954,0.980911,8,10.35,15.02,4.67,14,2.59,0.4454,"[[10.35, 10.51], [10.71, 10.92], [11.15, 11.2], [11.54, 11.72], [11.88, 12.18], [12.31, 12.36], [12.44, 12.64], [12.75, 13.14], [13.42, 13.57], [13.73, 13.96], [14.01, 14.06], [14.18, 14.24], [14.33, 14.47], [14.6, 15.02]]",bird-mixit+tweetynet
eutspa,Passer montanus,xc:156431,xc_156431,1,"[0.840917, 0.99844, 0.950382, 0.999126]",0.9984,0.9991,30.14,0.968,0.9817,0.980097,28,60.55,63.57,3.02,7,2.41,0.202,"[[60.55, 61.13], [61.2, 61.33], [61.64, 61.69], [61.74, 61.8], [61.85, 62.0], [62.08, 63.21], [63.26, 63.57]]",bird-mixit+tweetynet
eutspa,Passer montanus,xc:341173,xc_341173,0,"[0.993624, 0.0, 0.0, 0.185641]",0.9936,0.9936,24.36,0.9991,0.9863,0.97998,5,13.08,15.81,2.73,6,1.66,0.3919,"[[13.08, 13.67], [13.81, 14.1], [14.46, 14.7], [14.99, 15.21], [15.41, 15.49], [15.57, 15.81]]",bird-mixit+tweetynet
eutspa,Passer montanus,xc:783381,xc_783381,0,"[0.994613, 0.975214, 0.682131, 0.988101]",0.9946,0.9946,24.21,0.9977,0.985,0.979647,20,71.54,72.56,1.02,4,0.59,0.4216,"[[71.54, 71.79], [71.9, 71.97], [72.06, 72.27], [72.5, 72.56]]",bird-mixit+tweetynet
eutspa,Passer montanus,xc:54134,xc_54134,0,"[0.985363, 0.021951, 0.0, 0.0]",0.9854,0.9854,36.81,0.9869,0.9931,0.978608,3,3.28,5.23,1.95,6,0.92,0.5282,"[[3.28, 3.32], [3.41, 3.62], [4.02, 4.25], [4.33, 4.45], [4.82, 4.86], [4.95, 5.23]]",bird-mixit+tweetynet
gadwal,Mareca strepera,xc:198953,xc_198953,0,"[0.987419, 0.0, 0.0, 0.024403]",0.9874,0.9874,29.59,0.9976,0.996,0.983445,13,22.8,24.26,1.46,3,0.96,0.3425,"[[22.8, 22.93], [23.26, 24.04], [24.21, 24.26]]",bird-mixit+tweetynet
gadwal,Mareca strepera,xc:394606,xc_394606,0,"[0.997394, 0.0, 0.0, 0.0]",0.9974,0.9974,43.2,0.9545,0.9772,0.974645,21,50.36,52.03,1.67,5,0.92,0.4491,"[[50.36, 50.39], [50.47, 50.54], [50.74, 50.81], [51.06, 51.09], [51.31, 52.03]]",bird-mixit+tweetynet
gadwal,Mareca strepera,xc:597471,xc_597471,3,"[0.028647, 0.476104, 0.070129, 0.999506]",0.9995,0.9995,23.15,0.9771,0.9698,0.969279,122,262.88,265.16,2.28,9,1.29,0.4342,"[[262.88, 263.0], [263.16, 263.4], [263.47, 263.53], [263.6, 263.8], [263.98, 264.13], [264.32, 264.44], [264.58, 264.8], [264.9, 264.95], [265.03, 265.16]]",bird-mixit+tweetynet
gadwal,Mareca strepera,xc:198953,xc_198953,0,"[0.987419, 0.0, 0.0, 0.024403]",0.9874,0.9874,30.16,0.96,0.9777,0.965376,6,8.22,9.47,1.25,3,0.93,0.256,"[[8.22, 8.31], [8.4, 9.17], [9.4, 9.47]]",bird-mixit+tweetynet
gadwal,Mareca strepera,xc:198953,xc_198953,0,"[0.987419, 0.0, 0.0, 0.024403]",0.9874,0.9874,26.13,0.9654,0.975,0.96273,18,30.13,30.84,0.71,1,0.71,0.0,"[[30.13, 30.84]]",bird-mixit+tweetynet
gadwal,Mareca strepera,xc:526342,xc_526342,0,"[0.998366, 0.0, 0.0, 0.0]",0.9984,0.9984,23.8,0.9453,0.9574,0.955889,0,0.65,1.26,0.61,2,0.36,0.4098,"[[0.65, 0.69], [0.94, 1.26]]",bird-mixit+tweetynet
gadwal,Mareca strepera,xc:595438,xc_595438,0,"[0.999922, 0.07463, 0.021925, 0.598163]",0.9999,0.9999,22.51,0.9407,0.9481,0.948045,5,9.97,10.68,0.71,1,0.71,0.0,"[[9.97, 10.68]]",bird-mixit+tweetynet
gadwal,Mareca strepera,xc:198953,xc_198953,0,"[0.987419, 0.0, 0.0, 0.024403]",0.9874,0.9874,28.5,0.9124,0.9525,0.940495,11,15.14,16.79,1.65,4,1.14,0.3091,"[[15.14, 15.23], [15.3, 16.04], [16.16, 16.41], [16.73, 16.79]]",bird-mixit+tweetynet
gadwal,Mareca strepera,xc:595438,xc_595438,0,"[0.999922, 0.07463, 0.021925, 0.598163]",0.9999,0.9999,27.84,0.8864,0.9388,0.938663,6,12.59,13.62,1.03,3,0.52,0.4951,"[[12.59, 12.63], [12.91, 13.19], [13.42, 13.62]]",bird-mixit+tweetynet
gadwal,Mareca strepera,xc:198953,xc_198953,0,"[0.987419, 0.0, 0.0, 0.024403]",0.9874,0.9874,33.92,0.9025,0.9505,0.938545,2,2.34,5.53,3.19,8,1.59,0.5016,"[[2.34, 2.58], [2.98, 3.02], [3.08, 3.12], [3.36, 3.4], [3.7, 3.77], [4.02, 4.09], [4.22, 5.26], [5.48, 5.53]]",bird-mixit+tweetynet
gadwal,Mareca strepera,xc:394608,xc_394608,0,"[0.999426, 0.0, 0.0, 0.0]",0.9994,0.9994,30.05,0.8752,0.9353,0.934775,69,137.29,137.8,0.51,2,0.41,0.1961,"[[137.29, 137.34], [137.44, 137.8]]",bird-mixit+tweetynet
gadwal,Mareca strepera,xc:394608,xc_394608,0,"[0.999426, 0.0, 0.0, 0.0]",0.9994,0.9994,26.34,0.8755,0.9308,0.930246,76,153.9,154.25,0.35,1,0.35,0.0,"[[153.9, 154.25]]",bird-mixit+tweetynet
gadwal,Mareca strepera,xc:394608,xc_394608,0,"[0.999426, 0.0, 0.0, 0.0]",0.9994,0.9994,36.02,0.8516,0.9254,0.924883,185,326.8,330.73,3.93,8,2.78,0.2926,"[[326.8, 327.96], [328.16, 328.43], [328.73, 328.96], [329.01, 329.13], [329.28, 329.48], [329.54, 329.79], [330.01, 330.38], [330.55, 330.73]]",bird-mixit+tweetynet
gadwal,Mareca strepera,xc:637273,xc_637273,0,"[0.992487, 0.01844, 0.025154, 0.02305]",0.9925,0.9925,19.78,0.9614,0.9312,0.92426,3,10.22,13.28,3.06,10,1.45,0.5261,"[[10.22, 10.48], [10.62, 10.73], [11.11, 11.26], [11.47, 11.55], [11.6, 11.63], [11.93, 12.1], [12.16, 12.4], [12.47, 12.72], [13.07, 13.12], [13.17, 13.28]]",bird-mixit+tweetynet
gadwal,Mareca strepera,xc:210379,xc_210379,0,"[0.979793, 0.0, 0.0, 0.0]",0.9798,0.9798,31.94,0.8873,0.9424,0.923325,0,0.49,2.21,1.72,5,1.09,0.3663,"[[0.49, 0.53], [0.74, 1.45], [1.55, 1.69], [1.88, 2.02], [2.15, 2.21]]",bird-mixit+tweetynet
gadwal,Mareca strepera,xc:76130,xc_76130,1,"[0.013972, 0.999901, 0.047602, 0.137206]",0.9999,0.9999,23.66,0.8769,0.9231,0.923057,4,7.2,8.25,1.05,3,0.76,0.2762,"[[7.2, 7.42], [7.59, 7.74], [7.86, 8.25]]",bird-mixit+tweetynet
gadwal,Mareca strepera,xc:161962,xc_161962,0,"[0.926855, 0.997812, 0.038443, 0.973757]",0.9269,0.9978,27.42,0.9993,0.9943,0.921638,21,31.24,31.98,0.74,2,0.58,0.2162,"[[31.24, 31.74], [31.9, 31.98]]",bird-mixit+tweetynet
gadwal,Mareca strepera,xc:161962,xc_161962,0,"[0.926855, 0.997812, 0.038443, 0.973757]",0.9269,0.9978,27.28,0.9994,0.9942,0.92148,10,12.71,13.55,0.84,3,0.48,0.4286,"[[12.71, 13.09], [13.23, 13.3], [13.52, 13.55]]",bird-mixit+tweetynet
gadwal,Mareca strepera,xc:394606,xc_394606,0,"[0.997394, 0.0, 0.0, 0.0]",0.9974,0.9974,39.98,0.8388,0.9193,0.916891,22,53.23,58.46,5.23,18,2.58,0.5067,"[[53.23, 53.27], [53.64, 53.68], [53.85, 54.52], [54.6, 54.66], [54.71, 54.84], [54.91, 55.06], [55.16, 55.34], [55.7, 55.8], [56.08, 56.13], [56.2, 56.24], [56.29, 56.33], [56.43, 56.53], [56.81, 56.86], [56.96, 57.0], [57.05, 57.14], [57.45, 57.62], [57.69, 58.27], [58.41, 58.46]]",bird-mixit+tweetynet
gadwal,Mareca strepera,xc:394608,xc_394608,0,"[0.999426, 0.0, 0.0, 0.0]",0.9994,0.9994,44.4,0.8333,0.9166,0.916084,164,299.42,302.09,2.67,6,1.09,0.5918,"[[299.42, 299.62], [299.85, 299.96], [300.22, 300.67], [301.07, 301.28], [301.67, 301.71], [302.01, 302.09]]",bird-mixit+tweetynet
gadwal,Mareca strepera,xc:394608,xc_394608,0,"[0.999426, 0.0, 0.0, 0.0]",0.9994,0.9994,46.65,0.83,0.915,0.91444,125,232.86,235.77,2.91,9,1.64,0.4364,"[[232.86, 232.9], [233.07, 233.11], [233.21, 233.38], [233.53, 233.65], [233.75, 233.9], [233.96, 234.66], [234.91, 235.08], [235.35, 235.47], [235.64, 235.77]]",bird-mixit+tweetynet
gadwal,Mareca strepera,xc:595438,xc_595438,0,"[0.999922, 0.07463, 0.021925, 0.598163]",0.9999,0.9999,29.46,0.8339,0.9143,0.914204,8,15.72,17.29,1.57,4,1.1,0.2994,"[[15.72, 15.76], [15.88, 16.09], [16.15, 16.94], [17.23, 17.29]]",bird-mixit+tweetynet
gadwal,Mareca strepera,xc:595438,xc_595438,0,"[0.999922, 0.07463, 0.021925, 0.598163]",0.9999,0.9999,23.78,0.8575,0.9141,0.914047,2,5.71,7.03,1.32,5,0.57,0.5682,"[[5.71, 5.86], [6.07, 6.26], [6.32, 6.37], [6.47, 6.62], [7.0, 7.03]]",bird-mixit+tweetynet
gadwal,Mareca strepera,xc:76130,xc_76130,1,"[0.013972, 0.999901, 0.047602, 0.137206]",0.9999,0.9999,19.84,0.9221,0.9134,0.913288,51,80.01,80.22,0.21,1,0.21,0.0,"[[80.01, 80.22]]",bird-mixit+tweetynet
gadwal,Mareca strepera,xc:210379,xc_210379,0,"[0.979793, 0.0, 0.0, 0.0]",0.9798,0.9798,28.25,0.8668,0.9295,0.910713,1,2.62,3.86,1.24,3,0.92,0.2581,"[[2.62, 2.7], [2.89, 3.46], [3.59, 3.86]]",bird-mixit+tweetynet
gadwal,Mareca strepera,xc:595438,xc_595438,0,"[0.999922, 0.07463, 0.021925, 0.598163]",0.9999,0.9999,22.84,0.849,0.9052,0.905159,19,40.4,42.57,2.17,4,1.85,0.1475,"[[40.4, 41.43], [41.61, 42.05], [42.14, 42.32], [42.37, 42.57]]",bird-mixit+tweetynet
gadwal,Mareca strepera,xc:394606,xc_394606,0,"[0.997394, 0.0, 0.0, 0.0]",0.9974,0.9974,40.51,0.8151,0.9075,0.905101,5,7.73,10.05,2.32,8,1.03,0.556,"[[7.73, 7.79], [7.95, 8.0], [8.38, 8.51], [8.73, 8.92], [9.0, 9.04], [9.11, 9.49], [9.68, 9.81], [10.0, 10.05]]",bird-mixit+tweetynet
gadwal,Mareca strepera,xc:1021734,xc_1021734,3,"[0.0, 0.663339, 0.306097, 0.999594]",0.9996,0.9996,29.18,0.816,0.9051,0.904776,27,66.22,66.76,0.54,2,0.49,0.0926,"[[66.22, 66.26], [66.31, 66.76]]",bird-mixit+tweetynet
gadwal,Mareca strepera,xc:637273,xc_637273,0,"[0.992487, 0.01844, 0.025154, 0.02305]",0.9925,0.9925,19.67,0.9204,0.9102,0.903412,0,3.89,4.21,0.32,1,0.32,0.0,"[[3.89, 4.21]]",bird-mixit+tweetynet
gadwal,Mareca strepera,xc:394606,xc_394606,0,"[0.997394, 0.0, 0.0, 0.0]",0.9974,0.9974,23.55,0.8372,0.9031,0.900767,76,119.23,119.72,0.49,2,0.38,0.2245,"[[119.23, 119.27], [119.38, 119.72]]",bird-mixit+tweetynet
gadwal,Mareca strepera,xc:394606,xc_394606,0,"[0.997394, 0.0, 0.0, 0.0]",0.9974,0.9974,41.7,0.7958,0.8978,0.895502,43,84.86,86.57,1.71,6,0.75,0.5614,"[[84.86, 84.9], [85.09, 85.13], [85.24, 85.35], [85.55, 85.59], [85.88, 86.35], [86.52, 86.57]]",bird-mixit+tweetynet
gadwal,Mareca strepera,xc:161962,xc_161962,0,"[0.926855, 0.997812, 0.038443, 0.973757]",0.9269,0.9978,20.59,0.999,0.9595,0.889324,16,22.18,24.16,1.98,5,1.0,0.4949,"[[22.18, 22.4], [22.5, 22.75], [23.05, 23.17], [23.36, 23.53], [23.92, 24.16]]",bird-mixit+tweetynet
gadwal,Mareca strepera,xc:1021734,xc_1021734,3,"[0.0, 0.663339, 0.306097, 0.999594]",0.9996,0.9996,28.22,0.7801,0.8863,0.885934,8,34.81,35.74,0.93,3,0.49,0.4731,"[[34.81, 34.85], [35.23, 35.27], [35.33, 35.74]]",bird-mixit+tweetynet
gadwal,Mareca strepera,xc:76130,xc_76130,1,"[0.013972, 0.999901, 0.047602, 0.137206]",0.9999,0.9999,20.07,0.8513,0.8826,0.88251,21,34.5,35.38,0.88,2,0.56,0.3636,"[[34.5, 34.55], [34.87, 35.38]]",bird-mixit+tweetynet
gadwal,Mareca strepera,xc:76130,xc_76130,1,"[0.013972, 0.999901, 0.047602, 0.137206]",0.9999,0.9999,22.21,0.8099,0.8823,0.882229,12,26.12,26.44,0.32,1,0.32,0.0,"[[26.12, 26.44]]",bird-mixit+tweetynet
gadwal,Mareca strepera,xc:935330,xc_935330,0,"[0.999784, 0.032628, 0.021122, 0.023752]",0.9998,0.9998,22.87,0.8019,0.8824,0.882202,31,78.79,80.12,1.33,3,0.83,0.3759,"[[78.79, 78.83], [78.99, 79.53], [79.87, 80.12]]",bird-mixit+tweetynet
gadwal,Mareca strepera,xc:1021734,xc_1021734,3,"[0.0, 0.663339, 0.306097, 0.999594]",0.9996,0.9996,32.16,0.7494,0.8736,0.873213,16,51.58,52.13,0.55,1,0.55,0.0,"[[51.58, 52.13]]",bird-mixit+tweetynet
gadwal,Mareca strepera,xc:637273,xc_637273,0,"[0.992487, 0.01844, 0.025154, 0.02305]",0.9925,0.9925,17.07,0.9617,0.8758,0.869197,1,4.77,5.12,0.35,1,0.35,0.0,"[[4.77, 5.12]]",bird-mixit+tweetynet
gadwal,Mareca strepera,xc:76130,xc_76130,1,"[0.013972, 0.999901, 0.047602, 0.137206]",0.9999,0.9999,21.98,0.7748,0.8636,0.863531,1,2.63,3.36,0.73,2,0.6,0.1781,"[[2.63, 2.87], [3.0, 3.36]]",bird-mixit+tweetynet
gadwal,Mareca strepera,xc:210379,xc_210379,0,"[0.979793, 0.0, 0.0, 0.0]",0.9798,0.9798,28.36,0.763,0.878,0.860225,2,4.28,5.18,0.9,3,0.76,0.1556,"[[4.28, 4.35], [4.41, 4.56], [4.64, 5.18]]",bird-mixit+tweetynet
gadwal,Mareca strepera,xc:1021729,xc_1021729,0,"[0.999752, 0.0, 0.0, 0.0]",0.9998,0.9998,17.14,0.9178,0.858,0.857854,0,1.08,1.72,0.64,3,0.47,0.2656,"[[1.08, 1.18], [1.23, 1.32], [1.44, 1.72]]",bird-mixit+tweetynet
gadwal,Mareca strepera,xc:26960,xc_26960,0,"[0.999635, 0.0, 0.0, 0.01884]",0.9996,0.9996,18.01,0.8663,0.8556,0.8553,16,35.96,37.54,1.58,5,1.13,0.2848,"[[35.96, 36.04], [36.2, 37.04], [37.23, 37.28], [37.33, 37.36], [37.41, 37.54]]",bird-mixit+tweetynet
gadwal,Mareca strepera,xc:1021729,xc_1021729,0,"[0.999752, 0.0, 0.0, 0.0]",0.9998,0.9998,24.88,0.7268,0.8536,0.853385,2,4.01,4.97,0.96,3,0.48,0.5,"[[4.01, 4.4], [4.79, 4.83], [4.92, 4.97]]",bird-mixit+tweetynet
gadwal,Mareca strepera,xc:1021728,xc_1021728,0,"[0.999743, 0.0, 0.0, 0.0]",0.9997,0.9997,26.05,0.7201,0.8531,0.852884,3,4.1,5.32,1.22,3,0.74,0.3934,"[[4.1, 4.26], [4.36, 4.75], [5.13, 5.32]]",bird-mixit+tweetynet
gadwal,Mareca strepera,xc:796731,xc_796731,0,"[0.995027, 0.0, 0.0, 0.0]",0.995,0.995,30.94,0.7141,0.8554,0.851151,2,1.95,5.11,3.16,11,1.32,0.5823,"[[1.95, 2.14], [2.23, 2.34], [2.52, 2.59], [2.87, 2.96], [3.19, 3.35], [3.56, 3.63], [3.68, 3.72], [4.01, 4.04], [4.26, 4.33], [4.54, 4.59], [4.67, 5.11]]",bird-mixit+tweetynet
gadwal,Mareca strepera,xc:499677,xc_499677,0,"[0.997806, 0.009265, 0.008167, 0.03811]",0.9978,0.9978,19.09,0.8147,0.8516,0.849771,0,2.01,2.68,0.67,2,0.59,0.1194,"[[2.01, 2.49], [2.57, 2.68]]",bird-mixit+tweetynet
gadwal,Mareca strepera,xc:161962,xc_161962,0,"[0.926855, 0.997812, 0.038443, 0.973757]",0.9269,0.9978,18.01,0.9962,0.9153,0.84839,19,27.48,29.1,1.62,5,0.73,0.5494,"[[27.48, 27.68], [28.03, 28.24], [28.39, 28.42], [28.61, 28.81], [29.01, 29.1]]",bird-mixit+tweetynet
gadwal,Mareca strepera,xc:845777,xc_845777,3,"[0.047705, 0.062914, 0.017315, 0.999494]",0.9995,0.9995,23.47,0.7226,0.8464,0.846018,1,1.2,3.59,2.39,7,1.68,0.2971,"[[1.2, 1.27], [1.37, 1.51], [1.58, 1.63], [1.74, 2.59], [2.82, 2.96], [3.06, 3.38], [3.48, 3.59]]",bird-mixit+tweetynet
gadwal,Mareca strepera,xc:735563,xc_735563,0,"[0.942565, 0.0, 0.0, 0.0]",0.9426,0.9426,23.28,0.8227,0.8947,0.843346,4,7.97,9.39,1.42,4,1.0,0.2958,"[[7.97, 8.0], [8.23, 8.45], [8.55, 8.77], [8.86, 9.39]]",bird-mixit+tweetynet
gadwal,Mareca strepera,xc:911859,xc_911859,0,"[0.960901, 0.0, 0.0, 0.0]",0.9609,0.9609,21.43,0.8081,0.8756,0.841401,2,1.66,2.25,0.59,2,0.28,0.5254,"[[1.66, 1.9], [2.21, 2.25]]",bird-mixit+tweetynet
gadwal,Mareca strepera,xc:1021728,xc_1021728,0,"[0.999743, 0.0, 0.0, 0.0]",0.9997,0.9997,16.74,0.9029,0.8401,0.839888,1,1.42,2.38,0.96,4,0.58,0.3958,"[[1.42, 1.53], [1.58, 1.66], [1.78, 2.06], [2.27, 2.38]]",bird-mixit+tweetynet
gadwal,Mareca strepera,xc:845777,xc_845777,3,"[0.047705, 0.062914, 0.017315, 0.999494]",0.9995,0.9995,28.34,0.6863,0.8397,0.839292,7,25.74,28.74,3.0,11,1.61,0.4633,"[[25.74, 25.8], [25.88, 25.94], [26.05, 26.09], [26.2, 26.24], [26.34, 26.41], [26.57, 26.61], [26.89, 27.17], [27.33, 27.42], [27.62, 27.8], [27.88, 28.18], [28.29, 28.74]]",bird-mixit+tweetynet
gadwal,Mareca strepera,xc:1021727,xc_1021727,3,"[0.0, 0.047929, 0.103531, 0.999042]",0.999,0.999,15.78,0.9533,0.8302,0.829406,27,41.19,42.78,1.59,5,0.83,0.478,"[[41.19, 41.42], [41.6, 41.85], [41.93, 41.99], [42.1, 42.13], [42.52, 42.78]]",bird-mixit+tweetynet
gadwal,Mareca strepera,xc:845777,xc_845777,3,"[0.047705, 0.062914, 0.017315, 0.999494]",0.9995,0.9995,20.59,0.7288,0.8298,0.829402,11,35.26,36.52,1.26,2,0.99,0.2143,"[[35.26, 35.42], [35.69, 36.52]]",bird-mixit+tweetynet
gadwal,Mareca strepera,xc:532031,xc_532031,0,"[0.998559, 0.0, 0.0, 0.010791]",0.9986,0.9986,28.13,0.6608,0.8268,0.825631,0,0.02,1.02,1.0,2,0.61,0.39,"[[0.02, 0.59], [0.98, 1.02]]",bird-mixit+tweetynet
gadwal,Mareca strepera,xc:539308,xc_539308,0,"[0.939408, 0.0, 0.107226, 0.124523]",0.9394,0.9394,20.99,0.8167,0.8759,0.822861,14,31.78,32.38,0.6,1,0.6,0.0,"[[31.78, 32.38]]",bird-mixit+tweetynet
gadwal,Mareca strepera,xc:1021733,xc_1021733,3,"[0.0, 0.017108, 0.0, 0.987311]",0.9873,0.9873,26.23,0.6781,0.8327,0.822092,3,2.94,3.37,0.43,1,0.43,0.0,"[[2.94, 3.37]]",bird-mixit+tweetynet
gadwal,Mareca strepera,xc:1021734,xc_1021734,3,"[0.0, 0.663339, 0.306097, 0.999594]",0.9996,0.9996,28.9,0.6498,0.8221,0.821751,3,17.45,17.94,0.49,1,0.49,0.0,"[[17.45, 17.94]]",bird-mixit+tweetynet
gadwal,Mareca strepera,xc:845777,xc_845777,3,"[0.047705, 0.062914, 0.017315, 0.999494]",0.9995,0.9995,20.23,0.7187,0.8212,0.820797,5,18.88,20.5,1.62,4,1.37,0.1543,"[[18.88, 19.0], [19.06, 19.1], [19.15, 20.12], [20.26, 20.5]]",bird-mixit+tweetynet
gadwal,Mareca strepera,xc:721955,xc_721955,0,"[0.996635, 0.0, 0.0, 0.0]",0.9966,0.9966,25.22,0.6574,0.8202,0.817381,0,0.58,5.59,5.01,11,3.36,0.3293,"[[0.58, 0.61], [0.72, 0.99], [1.22, 1.78], [1.89, 2.25], [2.35, 2.54], [2.59, 3.35], [3.6, 3.67], [3.78, 3.89], [4.13, 4.31], [4.54, 4.73], [4.95, 5.59]]",bird-mixit+tweetynet
gadwal,Mareca strepera,xc:1021727,xc_1021727,3,"[0.0, 0.047929, 0.103531, 0.999042]",0.999,0.999,15.72,0.9266,0.8165,0.815665,23,37.92,38.36,0.44,2,0.23,0.4773,"[[37.92, 38.11], [38.32, 38.36]]",bird-mixit+tweetynet
gadwal,Mareca strepera,xc:597471,xc_597471,3,"[0.028647, 0.476104, 0.070129, 0.999506]",0.9995,0.9995,17.05,0.8287,0.8159,0.815494,117,239.93,240.26,0.33,2,0.21,0.3636,"[[239.93, 240.07], [240.19, 240.26]]",bird-mixit+tweetynet
gadwal,Mareca strepera,xc:1021727,xc_1021727,3,"[0.0, 0.047929, 0.103531, 0.999042]",0.999,0.999,17.7,0.7913,0.8148,0.813952,12,24.49,25.08,0.59,2,0.4,0.322,"[[24.49, 24.55], [24.74, 25.08]]",bird-mixit+tweetynet
gadwal,Mareca strepera,xc:717876,xc_717876,0,"[0.904571, 0.0, 0.0, 0.010045]",0.9046,0.9046,19.09,0.8928,0.8883,0.803574,2,10.58,12.3,1.72,4,1.29,0.25,"[[10.58, 10.64], [10.69, 10.9], [11.23, 12.14], [12.19, 12.3]]",bird-mixit+tweetynet
gadwal,Mareca strepera,xc:1021734,xc_1021734,3,"[0.0, 0.663339, 0.306097, 0.999594]",0.9996,0.9996,21.66,0.6516,0.8016,0.801246,0,1.34,1.7,0.36,1,0.36,0.0,"[[1.34, 1.7]]",bird-mixit+tweetynet
gadwal,Mareca strepera,xc:41249,xc_41249,0,"[0.999188, 0.655378, 0.090618, 0.786635]",0.9992,0.9992,20.41,0.6678,0.7988,0.798134,14,52.89,58.94,6.05,16,4.01,0.3372,"[[52.89, 53.08], [53.28, 53.48], [53.53, 53.8], [54.02, 54.17], [54.39, 54.62], [54.72, 55.26], [55.39, 55.53], [55.63, 55.66], [55.81, 55.96], [56.04, 56.19], [56.32, 57.04], [57.16, 57.34], [57.4, 57.49], [57.68, 57.78], [57.87, 58.69], [58.89, 58.94]]",bird-mixit+tweetynet
gadwal,Mareca strepera,xc:637273,xc_637273,0,"[0.992487, 0.01844, 0.025154, 0.02305]",0.9925,0.9925,15.16,0.9496,0.804,0.79798,2,6.71,9.62,2.91,6,2.26,0.2234,"[[6.71, 6.81], [6.92, 6.95], [7.01, 7.3], [7.52, 8.1], [8.22, 8.62], [8.76, 9.62]]",bird-mixit+tweetynet
gadwal,Mareca strepera,xc:499677,xc_499677,0,"[0.997806, 0.009265, 0.008167, 0.03811]",0.9978,0.9978,17.31,0.7782,0.7997,0.797975,1,3.09,5.38,2.29,3,2.09,0.0873,"[[3.09, 3.3], [3.4, 3.61], [3.71, 5.38]]",bird-mixit+tweetynet
gadwal,Mareca strepera,xc:1021727,xc_1021727,3,"[0.0, 0.047929, 0.103531, 0.999042]",0.999,0.999,18.92,0.6888,0.79,0.789241,8,19.32,19.61,0.29,1,0.29,0.0,"[[19.32, 19.61]]",bird-mixit+tweetynet
gadwal,Mareca strepera,xc:1021727,xc_1021727,3,"[0.0, 0.047929, 0.103531, 0.999042]",0.999,0.999,18.52,0.701,0.7893,0.78849,5,13.52,13.78,0.26,1,0.26,0.0,"[[13.52, 13.78]]",bird-mixit+tweetynet
gadwal,Mareca strepera,xc:651266,xc_651266,0,"[0.999932, 0.012077, 0.060889, 0.114373]",0.9999,0.9999,19.81,0.6574,0.7872,0.787109,4,18.48,18.91,0.43,1,0.43,0.0,"[[18.48, 18.91]]",bird-mixit+tweetynet
gadwal,Mareca strepera,xc:651967,xc_651967,0,"[0.99912, 0.007033, 0.0, 0.004395]",0.9991,0.9991,28.17,0.5764,0.7848,0.784129,63,77.23,77.88,0.65,3,0.38,0.4154,"[[77.23, 77.26], [77.41, 77.49], [77.61, 77.88]]",bird-mixit+tweetynet
gadwal,Mareca strepera,xc:796731,xc_796731,0,"[0.995027, 0.0, 0.0, 0.0]",0.995,0.995,16.28,0.8066,0.784,0.78005,9,11.87,12.1,0.23,1,0.23,0.0,"[[11.87, 12.1]]",bird-mixit+tweetynet
gadwal,Mareca strepera,xc:680179,xc_680179,0,"[0.999623, 0.123992, 0.026509, 0.80536]",0.9996,0.9996,17.81,0.7091,0.7797,0.779421,1,7.0,9.6,2.6,9,1.8,0.3077,"[[7.0, 7.16], [7.21, 7.41], [7.47, 7.63], [7.68, 7.97], [8.3, 8.73], [8.86, 9.0], [9.05, 9.12], [9.18, 9.49], [9.56, 9.6]]",bird-mixit+tweetynet
gadwal,Mareca strepera,xc:651967,xc_651967,0,"[0.99912, 0.007033, 0.0, 0.004395]",0.9991,0.9991,28.48,0.5655,0.7797,0.778981,31,35.96,36.9,0.94,3,0.5,0.4681,"[[35.96, 36.0], [36.07, 36.42], [36.79, 36.9]]",bird-mixit+tweetynet
gnwtea,Anas crecca,xc:461203,xc_461203,0,"[0.999366, 0.072942, 0.0, 0.360343]",0.9994,0.9994,38.86,0.9998,0.9997,0.999148,53,75.88,76.65,0.77,2,0.47,0.3896,"[[75.88, 75.94], [76.24, 76.65]]",bird-mixit+tweetynet
gnwtea,Anas crecca,xc:461203,xc_461203,0,"[0.999366, 0.072942, 0.0, 0.360343]",0.9994,0.9994,36.7,0.9997,0.9995,0.998941,0,0.02,1.7,1.68,5,1.32,0.2143,"[[0.02, 0.1], [0.18, 0.29], [0.35, 1.39], [1.51, 1.55], [1.65, 1.7]]",bird-mixit+tweetynet
gnwtea,Anas crecca,xc:241898,xc_241898,0,"[0.999168, 0.0, 0.0, 0.0]",0.9992,0.9992,36.71,0.9996,0.9995,0.99867,0,1.28,1.65,0.37,1,0.37,0.0,"[[1.28, 1.65]]",bird-mixit+tweetynet
gnwtea,Anas crecca,xc:1009917,xc_1009917,0,"[0.999149, 0.010945, 0.0, 0.282196]",0.9991,0.9991,37.12,0.9995,0.9994,0.998545,231,321.65,325.03,3.38,13,1.86,0.4497,"[[321.65, 322.19], [322.28, 322.33], [322.45, 322.89], [322.97, 323.02], [323.12, 323.2], [323.54, 323.61], [323.8, 323.86], [324.06, 324.11], [324.17, 324.23], [324.31, 324.35], [324.42, 324.51], [324.58, 324.85], [324.97, 325.03]]",bird-mixit+tweetynet
gnwtea,Anas crecca,xc:776590,xc_776590,0,"[0.999208, 0.0, 0.0, 0.0]",0.9992,0.9992,35.76,0.9996,0.9993,0.998542,0,0.03,4.48,4.45,14,2.32,0.4787,"[[0.03, 0.15], [0.23, 0.27], [0.35, 0.45], [0.57, 0.77], [1.01, 1.13], [1.25, 1.6], [1.7, 2.03], [2.14, 2.24], [2.31, 2.62], [2.91, 2.97], [3.23, 3.28], [3.44, 3.78], [4.03, 4.1], [4.35, 4.48]]",bird-mixit+tweetynet
gnwtea,Anas crecca,xc:998356,xc_998356,0,"[0.998603, 0.0, 0.042916, 0.0]",0.9986,0.9986,44.24,0.9999,0.9999,0.998529,10,22.4,23.15,0.75,1,0.75,0.0,"[[22.4, 23.15]]",bird-mixit+tweetynet
gnwtea,Anas crecca,xc:533237,xc_533237,0,"[0.999306, 0.0, 0.0, 0.348089]",0.9993,0.9993,34.68,0.9997,0.9992,0.998529,36,36.99,37.29,0.3,1,0.3,0.0,"[[36.99, 37.29]]",bird-mixit+tweetynet
gnwtea,Anas crecca,xc:531174,xc_531174,0,"[0.999733, 0.0, 0.0, 0.058847]",0.9997,0.9997,33.28,0.9995,0.9988,0.998519,4,12.33,12.67,0.34,1,0.34,0.0,"[[12.33, 12.67]]",bird-mixit+tweetynet
gnwtea,Anas crecca,xc:533237,xc_533237,0,"[0.999306, 0.0, 0.0, 0.348089]",0.9993,0.9993,35.02,0.9995,0.9992,0.998519,33,32.62,34.28,1.66,5,0.76,0.5422,"[[32.62, 32.76], [32.9, 32.93], [33.26, 33.51], [33.69, 33.8], [34.05, 34.28]]",bird-mixit+tweetynet
gnwtea,Anas crecca,xc:998356,xc_998356,0,"[0.998603, 0.0, 0.042916, 0.0]",0.9986,0.9986,42.86,0.9999,0.9999,0.998518,6,15.01,16.69,1.68,2,1.37,0.1845,"[[15.01, 15.69], [16.0, 16.69]]",bird-mixit+tweetynet
gnwtea,Anas crecca,xc:998356,xc_998356,0,"[0.998603, 0.0, 0.042916, 0.0]",0.9986,0.9986,40.4,0.9999,0.9999,0.998453,13,28.32,28.99,0.67,1,0.67,0.0,"[[28.32, 28.99]]",bird-mixit+tweetynet
gnwtea,Anas crecca,xc:998356,xc_998356,0,"[0.998603, 0.0, 0.042916, 0.0]",0.9986,0.9986,42.41,0.9998,0.9998,0.998433,9,21.19,21.88,0.69,1,0.69,0.0,"[[21.19, 21.88]]",bird-mixit+tweetynet
gnwtea,Anas crecca,xc:998356,xc_998356,0,"[0.998603, 0.0, 0.042916, 0.0]",0.9986,0.9986,37.06,0.9998,0.9996,0.998208,17,34.11,34.88,0.77,1,0.77,0.0,"[[34.11, 34.88]]",bird-mixit+tweetynet
gnwtea,Anas crecca,xc:870839,xc_870839,0,"[0.998514, 0.21454, 0.024013, 0.381643]",0.9985,0.9985,37.63,0.9997,0.9996,0.998108,26,64.04,66.08,2.04,5,1.09,0.4657,"[[64.04, 64.79], [65.0, 65.09], [65.16, 65.25], [65.58, 65.66], [66.0, 66.08]]",bird-mixit+tweetynet
gnwtea,Anas crecca,xc:461203,xc_461203,0,"[0.999366, 0.072942, 0.0, 0.360343]",0.9994,0.9994,33.04,0.9991,0.9985,0.997932,59,95.4,99.13,3.73,11,2.58,0.3083,"[[95.4, 95.47], [95.57, 95.79], [95.94, 96.08], [96.2, 96.52], [96.75, 96.87], [96.92, 96.99], [97.16, 97.23], [97.34, 97.37], [97.45, 97.54], [97.61, 97.97], [98.04, 99.13]]",bird-mixit+tweetynet
gnwtea,Anas crecca,xc:533237,xc_533237,0,"[0.999306, 0.0, 0.0, 0.348089]",0.9993,0.9993,33.12,0.9988,0.9985,0.997753,3,6.18,7.11,0.93,3,0.59,0.3656,"[[6.18, 6.52], [6.65, 6.79], [7.0, 7.11]]",bird-mixit+tweetynet
gnwtea,Anas crecca,xc:528093,xc_528093,0,"[0.99932, 0.0, 0.684085, 0.03794]",0.9993,0.9993,31.35,0.9998,0.9983,0.997573,15,31.78,34.1,2.32,6,1.21,0.4784,"[[31.78, 31.83], [32.11, 32.14], [32.49, 33.13], [33.26, 33.29], [33.57, 34.0], [34.07, 34.1]]",bird-mixit+tweetynet
gnwtea,Anas crecca,xc:531174,xc_531174,0,"[0.999733, 0.0, 0.0, 0.058847]",0.9997,0.9997,31.46,0.9988,0.9978,0.997519,7,17.22,18.37,1.15,3,0.76,0.3391,"[[17.22, 17.48], [17.6, 17.74], [18.01, 18.37]]",bird-mixit+tweetynet
gnwtea,Anas crecca,xc:718825,xc_718825,0,"[0.999326, 0.0, 0.0, 0.093214]",0.9993,0.9993,30.83,0.9999,0.998,0.997337,2,9.67,10.0,0.33,1,0.33,0.0,"[[9.67, 10.0]]",bird-mixit+tweetynet
gnwtea,Anas crecca,xc:718825,xc_718825,0,"[0.999326, 0.0, 0.0, 0.093214]",0.9993,0.9993,30.67,0.9999,0.9979,0.997209,1,6.93,9.17,2.24,6,1.65,0.2634,"[[6.93, 7.44], [7.6, 7.86], [7.97, 8.27], [8.43, 8.69], [8.79, 9.03], [9.09, 9.17]]",bird-mixit+tweetynet
gnwtea,Anas crecca,xc:531174,xc_531174,0,"[0.999733, 0.0, 0.0, 0.058847]",0.9997,0.9997,30.2,0.9994,0.9974,0.99709,2,8.61,10.28,1.67,6,0.98,0.4132,"[[8.61, 8.87], [9.06, 9.12], [9.2, 9.24], [9.3, 9.53], [9.58, 9.73], [10.04, 10.28]]",bird-mixit+tweetynet
gnwtea,Anas crecca,xc:528093,xc_528093,0,"[0.99932, 0.0, 0.684085, 0.03794]",0.9993,0.9993,30.46,0.9999,0.9978,0.997086,9,18.12,19.58,1.46,2,1.17,0.1986,"[[18.12, 18.77], [19.06, 19.58]]",bird-mixit+tweetynet
gnwtea,Anas crecca,xc:776590,xc_776590,0,"[0.999208, 0.0, 0.0, 0.0]",0.9992,0.9992,30.76,0.9995,0.9978,0.996959,4,12.75,14.62,1.87,4,1.34,0.2834,"[[12.75, 12.86], [12.94, 13.04], [13.18, 13.72], [14.03, 14.62]]",bird-mixit+tweetynet
gnwtea,Anas crecca,xc:409423,xc_409423,0,"[0.999209, 0.0, 0.0, 0.0]",0.9992,0.9992,30.88,0.9993,0.9977,0.996949,1,0.97,4.24,3.27,10,1.79,0.4526,"[[0.97, 1.1], [1.18, 1.41], [1.7, 1.78], [1.86, 2.33], [2.55, 2.64], [2.9, 2.96], [3.02, 3.28], [3.53, 3.57], [3.72, 4.11], [4.2, 4.24]]",bird-mixit+tweetynet
gnwtea,Anas crecca,xc:1033514,xc_1033514,0,"[0.998107, 0.015438, 0.040961, 0.017084]",0.9981,0.9981,33.16,0.9995,0.9988,0.996903,70,120.97,122.65,1.68,5,0.7,0.5833,"[[120.97, 121.01], [121.38, 121.46], [121.81, 121.9], [122.07, 122.33], [122.42, 122.65]]",bird-mixit+tweetynet
gnwtea,Anas crecca,xc:776590,xc_776590,0,"[0.999208, 0.0, 0.0, 0.0]",0.9992,0.9992,30.73,0.9991,0.9976,0.996781,5,15.25,19.78,4.53,11,2.93,0.3532,"[[15.25, 15.89], [16.26, 16.42], [16.5, 16.53], [16.67, 17.09], [17.19, 17.4], [17.49, 17.59], [17.68, 18.17], [18.35, 18.46], [18.57, 19.06], [19.27, 19.37], [19.6, 19.78]]",bird-mixit+tweetynet
gnwtea,Anas crecca,xc:409423,xc_409423,0,"[0.999209, 0.0, 0.0, 0.0]",0.9992,0.9992,30.17,0.9993,0.9973,0.996515,4,6.55,9.6,3.05,9,1.86,0.3902,"[[6.55, 6.72], [6.77, 7.0], [7.16, 7.38], [7.53, 7.85], [7.9, 7.93], [8.14, 8.28], [8.38, 8.61], [8.89, 9.18], [9.37, 9.6]]",bird-mixit+tweetynet
gnwtea,Anas crecca,xc:533237,xc_533237,0,"[0.999306, 0.0, 0.0, 0.348089]",0.9993,0.9993,30.02,0.9993,0.9972,0.996507,34,34.9,35.62,0.72,4,0.53,0.2639,"[[34.9, 35.09], [35.16, 35.33], [35.38, 35.49], [35.56, 35.62]]",bird-mixit+tweetynet
gnwtea,Anas crecca,xc:653711,xc_653711,0,"[0.99748, 0.165651, 0.241803, 0.0]",0.9975,0.9975,37.85,0.9983,0.9989,0.996433,23,28.74,29.24,0.5,2,0.4,0.2,"[[28.74, 28.87], [28.97, 29.24]]",bird-mixit+tweetynet
gnwtea,Anas crecca,xc:653711,xc_653711,0,"[0.99748, 0.165651, 0.241803, 0.0]",0.9975,0.9975,34.94,0.9989,0.9989,0.996405,25,30.66,32.56,1.9,5,1.26,0.3368,"[[30.66, 30.95], [31.0, 31.28], [31.39, 31.72], [32.12, 32.43], [32.51, 32.56]]",bird-mixit+tweetynet
gnwtea,Anas crecca,xc:528093,xc_528093,0,"[0.99932, 0.0, 0.684085, 0.03794]",0.9993,0.9993,29.47,0.9998,0.997,0.996333,18,37.83,39.53,1.7,2,1.36,0.2,"[[37.83, 38.57], [38.91, 39.53]]",bird-mixit+tweetynet
gnwtea,Anas crecca,xc:687172,xc_687172,0,"[0.997622, 0.0, 0.0, 0.0]",0.9976,0.9976,32.81,0.9993,0.9986,0.996202,4,6.02,6.37,0.35,1,0.35,0.0,"[[6.02, 6.37]]",bird-mixit+tweetynet
gnwtea,Anas crecca,xc:1033514,xc_1033514,0,"[0.998107, 0.015438, 0.040961, 0.017084]",0.9981,0.9981,31.59,0.9992,0.9981,0.996166,41,74.32,77.07,2.75,8,1.31,0.5236,"[[74.32, 74.51], [74.56, 74.88], [75.15, 75.18], [75.46, 75.75], [75.9, 76.2], [76.35, 76.41], [76.61, 76.68], [77.02, 77.07]]",bird-mixit+tweetynet
gnwtea,Anas crecca,xc:531174,xc_531174,0,"[0.999733, 0.0, 0.0, 0.058847]",0.9997,0.9997,29.2,0.9991,0.9964,0.9961,24,56.99,58.62,1.63,5,0.9,0.4479,"[[56.99, 57.05], [57.27, 57.8], [57.9, 58.1], [58.25, 58.32], [58.58, 58.62]]",bird-mixit+tweetynet
gnwtea,Anas crecca,xc:528093,xc_528093,0,"[0.99932, 0.0, 0.684085, 0.03794]",0.9993,0.9993,29.12,0.9998,0.9967,0.996007,8,16.11,17.7,1.59,3,1.2,0.2453,"[[16.11, 16.78], [17.08, 17.47], [17.56, 17.7]]",bird-mixit+tweetynet
gnwtea,Anas crecca,xc:653711,xc_653711,0,"[0.99748, 0.165651, 0.241803, 0.0]",0.9975,0.9975,36.11,0.9977,0.9985,0.995977,20,24.9,25.32,0.42,2,0.37,0.119,"[[24.9, 25.16], [25.21, 25.32]]",bird-mixit+tweetynet
gnwtea,Anas crecca,xc:870839,xc_870839,0,"[0.998514, 0.21454, 0.024013, 0.381643]",0.9985,0.9985,30.2,0.9992,0.9973,0.995791,44,96.34,98.02,1.68,4,1.07,0.3631,"[[96.34, 96.65], [96.75, 96.82], [97.05, 97.69], [97.97, 98.02]]",bird-mixit+tweetynet
gnwtea,Anas crecca,xc:1009917,xc_1009917,0,"[0.999149, 0.010945, 0.0, 0.282196]",0.9991,0.9991,32.85,0.9954,0.9967,0.995776,226,312.36,317.1,4.74,14,3.73,0.2131,"[[312.36, 312.42], [312.51, 312.56], [312.71, 312.95], [313.01, 313.22], [313.3, 313.38], [313.45, 313.67], [313.72, 314.11], [314.18, 314.46], [314.51, 314.81], [314.86, 315.44], [315.52, 316.26], [316.37, 316.42], [316.51, 316.59], [316.65, 317.1]]",bird-mixit+tweetynet
gnwtea,Anas crecca,xc:1009917,xc_1009917,0,"[0.999149, 0.010945, 0.0, 0.282196]",0.9991,0.9991,29.37,0.9993,0.9967,0.995753,249,356.36,358.21,1.85,6,0.85,0.5405,"[[356.36, 356.7], [356.89, 356.95], [357.21, 357.31], [357.47, 357.56], [357.68, 357.88], [358.15, 358.21]]",bird-mixit+tweetynet
gnwtea,Anas crecca,xc:870839,xc_870839,0,"[0.998514, 0.21454, 0.024013, 0.381643]",0.9985,0.9985,29.78,0.9997,0.9972,0.9957,47,101.29,103.58,2.29,5,1.49,0.3493,"[[101.29, 101.35], [101.44, 102.29], [102.4, 102.57], [102.93, 103.3], [103.54, 103.58]]",bird-mixit+tweetynet
gnwtea,Anas crecca,xc:528093,xc_528093,0,"[0.99932, 0.0, 0.684085, 0.03794]",0.9993,0.9993,28.86,0.9993,0.9962,0.99548,17,35.77,37.35,1.58,2,1.29,0.1835,"[[35.77, 36.4], [36.69, 37.35]]",bird-mixit+tweetynet
gnwtea,Anas crecca,xc:531174,xc_531174,0,"[0.999733, 0.0, 0.0, 0.058847]",0.9997,0.9997,28.84,0.9985,0.9958,0.99546,5,13.23,14.91,1.68,5,0.98,0.4167,"[[13.23, 13.57], [13.64, 13.79], [14.01, 14.11], [14.43, 14.48], [14.57, 14.91]]",bird-mixit+tweetynet
gnwtea,Anas crecca,xc:870839,xc_870839,0,"[0.998514, 0.21454, 0.024013, 0.381643]",0.9985,0.9985,29.45,0.9996,0.9969,0.995372,39,89.9,90.53,0.63,2,0.48,0.2381,"[[89.9, 90.0], [90.15, 90.53]]",bird-mixit+tweetynet
gnwtea,Anas crecca,xc:1033514,xc_1033514,0,"[0.998107, 0.015438, 0.040961, 0.017084]",0.9981,0.9981,30.2,0.999,0.9972,0.995301,117,195.5,197.79,2.29,5,1.06,0.5371,"[[195.5, 195.58], [195.71, 196.29], [196.67, 196.7], [197.05, 197.09], [197.46, 197.79]]",bird-mixit+tweetynet
gnwtea,Anas crecca,xc:1009917,xc_1009917,0,"[0.999149, 0.010945, 0.0, 0.282196]",0.9991,0.9991,29.31,0.9985,0.9962,0.995295,183,242.94,247.3,4.36,11,2.64,0.3945,"[[242.94, 244.1], [244.26, 244.6], [244.65, 244.68], [244.94, 245.26], [245.63, 245.99], [246.15, 246.2], [246.26, 246.39], [246.62, 246.65], [246.72, 246.88], [246.97, 247.0], [247.27, 247.3]]",bird-mixit+tweetynet
gnwtea,Anas crecca,xc:870839,xc_870839,0,"[0.998514, 0.21454, 0.024013, 0.381643]",0.9985,0.9985,29.35,0.9995,0.9968,0.995262,46,99.75,100.74,0.99,2,0.78,0.2121,"[[99.75, 100.44], [100.65, 100.74]]",bird-mixit+tweetynet
gnwtea,Anas crecca,xc:1009917,xc_1009917,0,"[0.999149, 0.010945, 0.0, 0.282196]",0.9991,0.9991,28.68,0.9993,0.996,0.995068,230,320.9,321.3,0.4,1,0.4,0.0,"[[320.9, 321.3]]",bird-mixit+tweetynet
gnwtea,Anas crecca,xc:1033514,xc_1033514,0,"[0.998107, 0.015438, 0.040961, 0.017084]",0.9981,0.9981,29.73,0.999,0.9968,0.994916,85,145.34,147.99,2.65,7,1.6,0.3962,"[[145.34, 145.39], [145.45, 145.6], [145.97, 146.13], [146.27, 146.49], [146.58, 146.66], [146.77, 146.81], [147.09, 147.99]]",bird-mixit+tweetynet
gnwtea,Anas crecca,xc:461203,xc_461203,0,"[0.999366, 0.072942, 0.0, 0.360343]",0.9994,0.9994,28.15,0.9995,0.9955,0.994858,63,104.09,105.04,0.95,3,0.48,0.4947,"[[104.09, 104.26], [104.52, 104.58], [104.79, 105.04]]",bird-mixit+tweetynet
gnwtea,Anas crecca,xc:1032870,xc_1032870,0,"[0.997337, 0.0, 0.0, 0.0]",0.9973,0.9973,30.3,0.9992,0.9973,0.994657,7,15.64,17.17,1.53,6,0.68,0.5556,"[[15.64, 15.68], [15.84, 15.89], [16.22, 16.25], [16.33, 16.4], [16.55, 16.58], [16.71, 17.17]]",bird-mixit+tweetynet
gnwtea,Anas crecca,xc:718825,xc_718825,0,"[0.999326, 0.0, 0.0, 0.093214]",0.9993,0.9993,28.07,0.9994,0.9953,0.994615,5,17.02,23.58,6.56,17,4.52,0.311,"[[17.02, 17.29], [17.52, 17.87], [18.04, 18.13], [18.24, 18.33], [18.4, 18.53], [18.61, 18.71], [18.85, 19.25], [19.41, 19.58], [19.69, 19.74], [19.87, 20.49], [20.57, 20.7], [20.75, 21.29], [21.45, 21.48], [21.7, 22.25], [22.45, 22.76], [22.81, 23.14], [23.22, 23.58]]",bird-mixit+tweetynet
gnwtea,Anas crecca,xc:687172,xc_687172,0,"[0.997622, 0.0, 0.0, 0.0]",0.9976,0.9976,29.64,0.9993,0.9969,0.994485,6,7.77,8.13,0.36,1,0.36,0.0,"[[7.77, 8.13]]",bird-mixit+tweetynet
gnwtea,Anas crecca,xc:521612,xc_521612,0,"[0.996705, 0.664174, 0.020017, 0.0]",0.9967,0.9967,30.32,0.9995,0.9975,0.994226,7,20.9,21.74,0.84,3,0.43,0.4881,"[[20.9, 21.19], [21.34, 21.42], [21.68, 21.74]]",bird-mixit+tweetynet
gnwtea,Anas crecca,xc:1033514,xc_1033514,0,"[0.998107, 0.015438, 0.040961, 0.017084]",0.9981,0.9981,31.25,0.9955,0.996,0.994152,120,205.58,206.17,0.59,2,0.43,0.2712,"[[205.58, 205.65], [205.81, 206.17]]",bird-mixit+tweetynet
gnwtea,Anas crecca,xc:521612,xc_521612,0,"[0.996705, 0.664174, 0.020017, 0.0]",0.9967,0.9967,29.76,0.9998,0.9972,0.993932,4,11.29,11.5,0.21,1,0.21,0.0,"[[11.29, 11.5]]",bird-mixit+tweetynet
gnwtea,Anas crecca,xc:718825,xc_718825,0,"[0.999326, 0.0, 0.0, 0.093214]",0.9993,0.9993,27.55,0.9993,0.9945,0.993813,6,23.87,27.5,3.63,11,2.54,0.3003,"[[23.87, 24.38], [24.47, 24.6], [24.7, 25.2], [25.3, 25.43], [25.51, 26.22], [26.42, 26.51], [26.58, 26.66], [26.74, 26.81], [26.97, 27.06], [27.18, 27.23], [27.32, 27.5]]",bird-mixit+tweetynet
gnwtea,Anas crecca,xc:461203,xc_461203,0,"[0.999366, 0.072942, 0.0, 0.360343]",0.9994,0.9994,27.12,0.9992,0.9938,0.993189,11,17.83,18.59,0.76,2,0.4,0.4737,"[[17.83, 18.16], [18.52, 18.59]]",bird-mixit+tweetynet
gnwtea,Anas crecca,xc:632824,xc_632824,0,"[0.998657, 0.0, 0.0, 0.0]",0.9987,0.9987,27.88,0.9983,0.9945,0.99318,9,11.77,12.02,0.25,1,0.25,0.0,"[[11.77, 12.02]]",bird-mixit+tweetynet
gnwtea,Anas crecca,xc:533237,xc_533237,0,"[0.999306, 0.0, 0.0, 0.348089]",0.9993,0.9993,26.98,0.9991,0.9934,0.992753,11,14.17,14.62,0.45,2,0.31,0.3111,"[[14.17, 14.23], [14.37, 14.62]]",bird-mixit+tweetynet
gnwtea,Anas crecca,xc:1032870,xc_1032870,0,"[0.997337, 0.0, 0.0, 0.0]",0.9973,0.9973,28.42,0.9979,0.995,0.992328,0,0.05,0.75,0.7,2,0.39,0.4429,"[[0.05, 0.1], [0.41, 0.75]]",bird-mixit+tweetynet
gnwtea,Anas crecca,xc:521612,xc_521612,0,"[0.996705, 0.664174, 0.020017, 0.0]",0.9967,0.9967,27.7,0.9983,0.9942,0.99096,0,0.17,2.41,2.24,7,1.13,0.4955,"[[0.17, 0.2], [0.33, 0.46], [0.84, 1.0], [1.07, 1.25], [1.55, 1.83], [1.93, 2.12], [2.25, 2.41]]",bird-mixit+tweetynet
gnwtea,Anas crecca,xc:653711,xc_653711,0,"[0.99748, 0.165651, 0.241803, 0.0]",0.9975,0.9975,29.37,0.9928,0.9934,0.990946,27,33.83,34.14,0.31,1,0.31,0.0,"[[33.83, 34.14]]",bird-mixit+tweetynet
gnwtea,Anas crecca,xc:280945,xc_280945,0,"[0.999223, 0.080133, 0.434079, 0.818186]",0.9992,0.9992,25.89,0.9992,0.9912,0.990382,9,12.35,13.61,1.26,1,1.26,0.0,"[[12.35, 13.61]]",bird-mixit+tweetynet
gnwtea,Anas crecca,xc:787239,xc_787239,1,"[0.440928, 0.996807, 0.0, 0.387005]",0.9968,0.9968,27.39,0.9975,0.9933,0.990163,2,3.07,3.68,0.61,3,0.44,0.2787,"[[3.07, 3.16], [3.25, 3.35], [3.43, 3.68]]",bird-mixit+tweetynet
gnwtea,Anas crecca,xc:965326,xc_965326,0,"[0.999867, 0.0, 0.00987, 0.042889]",0.9999,0.9999,25.62,0.9987,0.9902,0.990116,0,0.57,5.16,4.59,12,3.0,0.3464,"[[0.57, 0.73], [0.97, 1.0], [1.22, 1.43], [1.48, 1.73], [1.8, 1.87], [1.94, 2.01], [2.12, 2.49], [2.83, 3.18], [3.34, 4.06], [4.13, 4.45], [4.6, 4.65], [4.76, 5.16]]",bird-mixit+tweetynet
gnwtea,Anas crecca,xc:365480,xc_365480,0,"[0.991373, 0.0, 0.0, 0.0]",0.9914,0.9914,29.78,0.9983,0.9965,0.987942,5,7.06,7.87,0.81,2,0.48,0.4074,"[[7.06, 7.5], [7.83, 7.87]]",bird-mixit+tweetynet
gnwtea,Anas crecca,xc:365480,xc_365480,0,"[0.991373, 0.0, 0.0, 0.0]",0.9914,0.9914,29.06,0.9992,0.9963,0.987744,1,0.57,1.43,0.86,4,0.47,0.4535,"[[0.57, 0.61], [0.7, 0.77], [0.84, 1.15], [1.38, 1.43]]",bird-mixit+tweetynet
gnwtea,Anas crecca,xc:280945,xc_280945,0,"[0.999223, 0.080133, 0.434079, 0.818186]",0.9992,0.9992,25.16,0.9979,0.9885,0.987699,8,10.15,11.71,1.56,2,1.27,0.1859,"[[10.15, 10.19], [10.48, 11.71]]",bird-mixit+tweetynet
gnwtea,Anas crecca,xc:619129,xc_619129,0,"[0.998744, 0.483934, 0.378158, 0.339808]",0.9987,0.9987,25.56,0.9953,0.9884,0.987103,8,31.38,36.71,5.33,13,3.78,0.2908,"[[31.38, 31.41], [31.55, 31.8], [31.95, 32.05], [32.26, 32.47], [32.57, 33.31], [33.39, 33.97], [34.11, 34.15], [34.34, 34.6], [34.71, 34.75], [34.9, 35.01], [35.08, 35.19], [35.25, 36.47], [36.62, 36.71]]",bird-mixit+tweetynet
gnwtea,Anas crecca,xc:521612,xc_521612,0,"[0.996705, 0.664174, 0.020017, 0.0]",0.9967,0.9967,25.22,0.9992,0.9893,0.986039,6,17.25,20.48,3.23,5,2.13,0.3406,"[[17.25, 17.31], [17.64, 18.19], [18.28, 19.43], [19.77, 20.08], [20.42, 20.48]]",bird-mixit+tweetynet
gnwtea,Anas crecca,xc:1000713,xc_1000713,0,"[0.999058, 0.0, 0.019495, 0.804601]",0.9991,0.9991,24.84,0.9967,0.9869,0.985978,10,30.11,35.85,5.74,20,2.78,0.5157,"[[30.11, 30.38], [30.54, 30.64], [30.78, 30.81], [30.86, 30.89], [31.07, 31.22], [31.55, 31.64], [31.79, 31.84], [31.94, 32.03], [32.24, 32.51], [32.56, 32.84], [33.22, 33.44], [33.5, 33.65], [33.77, 33.85], [34.03, 34.17], [34.23, 34.41], [34.56, 34.6], [34.69, 34.9], [35.28, 35.34], [35.43, 35.54], [35.62, 35.85]]",bird-mixit+tweetynet
gnwtea,Anas crecca,xc:965326,xc_965326,0,"[0.999867, 0.0, 0.00987, 0.042889]",0.9999,0.9999,24.39,0.998,0.9859,0.985762,2,6.47,9.1,2.63,6,1.96,0.2548,"[[6.47, 6.99], [7.12, 7.21], [7.38, 7.92], [8.19, 8.36], [8.41, 8.81], [8.86, 9.1]]",bird-mixit+tweetynet
gnwtea,Anas crecca,xc:365480,xc_365480,0,"[0.991373, 0.0, 0.0, 0.0]",0.9914,0.9914,27.33,0.9995,0.9943,0.985721,4,6.07,6.43,0.36,1,0.36,0.0,"[[6.07, 6.43]]",bird-mixit+tweetynet
gnwtea,Anas crecca,xc:619129,xc_619129,0,"[0.998744, 0.483934, 0.378158, 0.339808]",0.9987,0.9987,25.7,0.9909,0.9866,0.985274,3,18.65,23.46,4.81,14,3.22,0.3306,"[[18.65, 18.76], [18.81, 19.0], [19.2, 19.26], [19.31, 19.74], [19.85, 19.9], [20.02, 20.43], [20.48, 20.99], [21.22, 21.27], [21.41, 21.63], [21.68, 21.88], [22.11, 22.35], [22.44, 22.61], [22.77, 23.16], [23.27, 23.46]]",bird-mixit+tweetynet
gnwtea,Anas crecca,xc:365480,xc_365480,0,"[0.991373, 0.0, 0.0, 0.0]",0.9914,0.9914,27.02,0.9995,0.9937,0.985183,34,53.63,54.0,0.37,1,0.37,0.0,"[[53.63, 54.0]]",bird-mixit+tweetynet
graher1,Ardea cinerea,xc:760220,xc_760220,0,"[0.995035, 0.888476, 0.513492, 0.420416]",0.995,0.995,29.87,0.9574,0.9762,0.971301,1,4.02,4.69,0.67,1,0.67,0.0,"[[4.02, 4.69]]",bird-mixit+tweetynet
graher1,Ardea cinerea,xc:586236,xc_586236,0,"[0.998748, 0.042642, 0.015317, 0.0]",0.9987,0.9987,31.8,0.9433,0.9702,0.968962,0,1.2,1.83,0.63,1,0.63,0.0,"[[1.2, 1.83]]",bird-mixit+tweetynet
graher1,Ardea cinerea,xc:738682,xc_738682,0,"[0.987363, 0.0, 0.072982, 0.98764]",0.9874,0.9876,33.04,0.9624,0.9802,0.967877,10,21.23,23.87,2.64,5,1.88,0.2879,"[[21.23, 21.63], [21.7, 22.02], [22.08, 22.19], [22.53, 23.55], [23.84, 23.87]]",bird-mixit+tweetynet
graher1,Ardea cinerea,xc:740877,xc_740877,0,"[0.985799, 0.0, 0.0, 0.98899]",0.9858,0.989,26.68,0.9626,0.9748,0.960928,0,3.23,3.84,0.61,1,0.61,0.0,"[[3.23, 3.84]]",bird-mixit+tweetynet
graher1,Ardea cinerea,xc:770498,xc_770498,0,"[0.991466, 0.810484, 0.0, 0.0]",0.9915,0.9915,23.51,0.9644,0.9655,0.957266,2,6.37,6.89,0.52,1,0.52,0.0,"[[6.37, 6.89]]",bird-mixit+tweetynet
graher1,Ardea cinerea,xc:738682,xc_738682,0,"[0.987363, 0.0, 0.072982, 0.98764]",0.9874,0.9876,25.4,0.9436,0.9623,0.950193,13,33.29,34.36,1.07,1,1.07,0.0,"[[33.29, 34.36]]",bird-mixit+tweetynet
graher1,Ardea cinerea,xc:986616,xc_986616,0,"[0.972503, 0.19169, 0.044841, 0.887825]",0.9725,0.9725,29.13,0.9446,0.9692,0.942539,4,18.85,19.6,0.75,2,0.6,0.2,"[[18.85, 18.89], [19.04, 19.6]]",bird-mixit+tweetynet
graher1,Ardea cinerea,xc:986616,xc_986616,0,"[0.972503, 0.19169, 0.044841, 0.887825]",0.9725,0.9725,35.85,0.9009,0.95,0.923899,6,30.35,31.0,0.65,1,0.65,0.0,"[[30.35, 31.0]]",bird-mixit+tweetynet
graher1,Ardea cinerea,xc:768226,xc_768226,0,"[0.998108, 0.0, 0.0, 0.890472]",0.9981,0.9981,36.61,0.8481,0.9238,0.922004,12,23.78,25.66,1.88,8,0.81,0.5691,"[[23.78, 23.86], [23.96, 24.0], [24.24, 24.3], [24.56, 24.6], [24.72, 24.77], [24.86, 24.98], [25.08, 25.17], [25.33, 25.66]]",bird-mixit+tweetynet
graher1,Ardea cinerea,xc:738682,xc_738682,0,"[0.987363, 0.0, 0.072982, 0.98764]",0.9874,0.9876,27.79,0.8743,0.9327,0.920928,9,16.59,18.56,1.97,5,1.69,0.1421,"[[16.59, 17.65], [17.72, 17.77], [17.84, 17.89], [17.98, 18.3], [18.35, 18.56]]",bird-mixit+tweetynet
graher1,Ardea cinerea,xc:749449,xc_749449,0,"[0.948354, 0.0, 0.0, 0.022576]",0.9484,0.9484,25.57,0.9512,0.9666,0.916688,5,11.27,12.24,0.97,2,0.71,0.268,"[[11.27, 11.79], [12.05, 12.24]]",bird-mixit+tweetynet
graher1,Ardea cinerea,xc:577207,xc_577207,0,"[0.998641, 0.0, 0.0, 0.359751]",0.9986,0.9986,28.24,0.8323,0.9123,0.91104,41,63.17,64.61,1.44,3,1.0,0.3056,"[[63.17, 63.48], [63.69, 64.33], [64.56, 64.61]]",bird-mixit+tweetynet
graher1,Ardea cinerea,xc:735165,xc_735165,1,"[0.998062, 0.997743, 0.848638, 0.992668]",0.9977,0.9981,25.75,0.8392,0.9115,0.909384,3,6.6,7.37,0.77,1,0.77,0.0,"[[6.6, 7.37]]",bird-mixit+tweetynet
graher1,Ardea cinerea,xc:735173,xc_735173,0,"[0.988998, 0.0, 0.0, 0.0]",0.989,0.989,24.65,0.8474,0.9124,0.90237,0,2.5,3.02,0.52,1,0.52,0.0,"[[2.5, 3.02]]",bird-mixit+tweetynet
graher1,Ardea cinerea,xc:629743,xc_629743,0,"[0.993368, 0.345758, 0.266354, 0.017709]",0.9934,0.9934,25.46,0.8305,0.9065,0.900506,6,12.76,15.29,2.53,6,1.7,0.3281,"[[12.76, 13.37], [13.52, 13.63], [13.83, 14.47], [14.8, 14.9], [14.97, 15.17], [15.25, 15.29]]",bird-mixit+tweetynet
graher1,Ardea cinerea,xc:717824,xc_717824,0,"[0.999784, 0.0, 0.0, 0.0]",0.9998,0.9998,30.32,0.8053,0.9006,0.90042,2,4.57,5.33,0.76,1,0.76,0.0,"[[4.57, 5.33]]",bird-mixit+tweetynet
graher1,Ardea cinerea,xc:384486,xc_384486,0,"[0.993032, 0.0, 0.0, 0.597548]",0.993,0.993,19.23,0.9253,0.9059,0.899538,1,6.06,6.82,0.76,2,0.56,0.2632,"[[6.06, 6.36], [6.56, 6.82]]",bird-mixit+tweetynet
graher1,Ardea cinerea,xc:940376,xc_940376,0,"[0.989483, 0.947636, 0.019891, 0.0]",0.9895,0.9895,20.69,0.89,0.9083,0.898739,5,14.25,14.7,0.45,1,0.45,0.0,"[[14.25, 14.7]]",bird-mixit+tweetynet
graher1,Ardea cinerea,xc:770498,xc_770498,0,"[0.991466, 0.810484, 0.0, 0.0]",0.9915,0.9915,20.84,0.8745,0.9024,0.894692,1,4.59,5.06,0.47,1,0.47,0.0,"[[4.59, 5.06]]",bird-mixit+tweetynet
graher1,Ardea cinerea,xc:738682,xc_738682,0,"[0.987363, 0.0, 0.072982, 0.98764]",0.9874,0.9876,21.95,0.8616,0.9057,0.894259,6,13.81,14.56,0.75,1,0.75,0.0,"[[13.81, 14.56]]",bird-mixit+tweetynet
graher1,Ardea cinerea,xc:986616,xc_986616,0,"[0.972503, 0.19169, 0.044841, 0.887825]",0.9725,0.9725,30.4,0.8375,0.9167,0.891505,7,33.66,34.22,0.56,1,0.56,0.0,"[[33.66, 34.22]]",bird-mixit+tweetynet
graher1,Ardea cinerea,xc:738682,xc_738682,0,"[0.987363, 0.0, 0.072982, 0.98764]",0.9874,0.9876,20.72,0.8776,0.9026,0.891232,5,10.99,11.7,0.71,1,0.71,0.0,"[[10.99, 11.7]]",bird-mixit+tweetynet
graher1,Ardea cinerea,xc:892895,xc_892895,1,"[0.991658, 0.989082, 0.0, 0.0]",0.9891,0.9917,19.68,0.9007,0.9011,0.89123,8,18.96,19.63,0.67,1,0.67,0.0,"[[18.96, 19.63]]",bird-mixit+tweetynet
graher1,Ardea cinerea,xc:749393,xc_749393,0,"[0.997677, 0.54055, 0.021191, 0.0]",0.9977,0.9977,35.26,0.7864,0.8928,0.890711,0,1.96,2.68,0.72,2,0.62,0.1389,"[[1.96, 2.4], [2.5, 2.68]]",bird-mixit+tweetynet
graher1,Ardea cinerea,xc:702251,xc_702251,0,"[0.996778, 0.0, 0.0, 0.0]",0.9968,0.9968,25.29,0.8019,0.8919,0.889,1,3.17,4.06,0.89,2,0.59,0.3371,"[[3.17, 3.2], [3.5, 4.06]]",bird-mixit+tweetynet
graher1,Ardea cinerea,xc:439789,xc_439789,0,"[0.997947, 0.023405, 0.107817, 0.994165]",0.9979,0.9979,35.98,0.7816,0.8904,0.88855,6,9.39,9.97,0.58,1,0.58,0.0,"[[9.39, 9.97]]",bird-mixit+tweetynet
graher1,Ardea cinerea,xc:831392,xc_831392,0,"[0.997643, 0.011497, 0.138833, 0.471419]",0.9976,0.9976,27.52,0.779,0.8849,0.882747,6,23.58,24.68,1.1,3,0.58,0.4727,"[[23.58, 23.67], [24.03, 24.35], [24.51, 24.68]]",bird-mixit+tweetynet
graher1,Ardea cinerea,xc:986616,xc_986616,0,"[0.972503, 0.19169, 0.044841, 0.887825]",0.9725,0.9725,31.03,0.812,0.9043,0.879479,5,24.77,25.3,0.53,1,0.53,0.0,"[[24.77, 25.3]]",bird-mixit+tweetynet
graher1,Ardea cinerea,xc:702251,xc_702251,0,"[0.996778, 0.0, 0.0, 0.0]",0.9968,0.9968,29.97,0.768,0.8818,0.87896,0,0.56,1.53,0.97,3,0.6,0.3814,"[[0.56, 1.08], [1.18, 1.23], [1.5, 1.53]]",bird-mixit+tweetynet
graher1,Ardea cinerea,xc:176554,xc_176554,0,"[0.996128, 0.0, 0.022007, 0.0]",0.9961,0.9961,21.62,0.8182,0.8821,0.878657,2,1.99,2.39,0.4,1,0.4,0.0,"[[1.99, 2.39]]",bird-mixit+tweetynet
graher1,Ardea cinerea,xc:767385,xc_767385,1,"[0.996108, 0.9799, 0.06553, 0.926946]",0.9799,0.9961,19.87,0.8841,0.8957,0.877732,14,18.81,19.28,0.47,1,0.47,0.0,"[[18.81, 19.28]]",bird-mixit+tweetynet
graher1,Ardea cinerea,xc:1045949,xc_1045949,0,"[0.991184, 0.0, 0.0, 0.0]",0.9912,0.9912,23.16,0.8034,0.8846,0.876835,0,1.15,2.3,1.15,1,1.15,0.0,"[[1.15, 2.3]]",bird-mixit+tweetynet
graher1,Ardea cinerea,xc:717824,xc_717824,0,"[0.999784, 0.0, 0.0, 0.0]",0.9998,0.9998,26.46,0.763,0.8752,0.875069,0,2.06,2.72,0.66,1,0.66,0.0,"[[2.06, 2.72]]",bird-mixit+tweetynet
graher1,Ardea cinerea,xc:670163,xc_670163,0,"[0.986874, 0.0, 0.0, 0.0]",0.9869,0.9869,20.78,0.8393,0.8847,0.873157,1,2.49,3.02,0.53,1,0.53,0.0,"[[2.49, 3.02]]",bird-mixit+tweetynet
graher1,Ardea cinerea,xc:735165,xc_735165,1,"[0.998062, 0.997743, 0.848638, 0.992668]",0.9977,0.9981,20.1,0.832,0.8738,0.871812,4,8.96,9.55,0.59,1,0.59,0.0,"[[8.96, 9.55]]",bird-mixit+tweetynet
graher1,Ardea cinerea,xc:767385,xc_767385,1,"[0.996108, 0.9799, 0.06553, 0.926946]",0.9799,0.9961,28.9,0.7781,0.886,0.868168,16,23.6,25.06,1.46,3,0.92,0.3699,"[[23.6, 23.78], [24.18, 24.87], [25.01, 25.06]]",bird-mixit+tweetynet
graher1,Ardea cinerea,xc:749449,xc_749449,0,"[0.948354, 0.0, 0.0, 0.022576]",0.9484,0.9484,18.79,0.9616,0.9152,0.86799,3,5.92,6.8,0.88,4,0.62,0.2955,"[[5.92, 5.97], [6.05, 6.08], [6.2, 6.25], [6.31, 6.8]]",bird-mixit+tweetynet
graher1,Ardea cinerea,xc:1031540,xc_1031540,0,"[0.93345, 0.0, 0.0, 0.0]",0.9335,0.9335,21.87,0.9011,0.9243,0.862836,0,1.8,2.31,0.51,1,0.51,0.0,"[[1.8, 2.31]]",bird-mixit+tweetynet
graher1,Ardea cinerea,xc:831392,xc_831392,0,"[0.997643, 0.011497, 0.138833, 0.471419]",0.9976,0.9976,30.79,0.7262,0.8614,0.859341,60,162.55,163.54,0.99,2,0.63,0.3636,"[[162.55, 163.0], [163.36, 163.54]]",bird-mixit+tweetynet
graher1,Ardea cinerea,xc:584809,xc_584809,0,"[0.901457, 0.0, 0.0, 0.0]",0.9015,0.9015,22.66,0.9446,0.951,0.857308,0,2.15,2.8,0.65,1,0.65,0.0,"[[2.15, 2.8]]",bird-mixit+tweetynet
graher1,Ardea cinerea,xc:840620,xc_840620,0,"[0.993988, 0.073947, 0.05587, 0.418542]",0.994,0.994,17.21,0.9179,0.8601,0.854952,2,5.36,5.92,0.56,1,0.56,0.0,"[[5.36, 5.92]]",bird-mixit+tweetynet
graher1,Ardea cinerea,xc:749449,xc_749449,0,"[0.948354, 0.0, 0.0, 0.022576]",0.9484,0.9484,18.41,0.9439,0.8997,0.853274,2,4.47,5.15,0.68,2,0.54,0.2059,"[[4.47, 4.92], [5.06, 5.15]]",bird-mixit+tweetynet
graher1,Ardea cinerea,xc:629743,xc_629743,0,"[0.993368, 0.345758, 0.266354, 0.017709]",0.9934,0.9934,22.54,0.7566,0.8584,0.852692,5,11.14,12.21,1.07,2,0.91,0.1495,"[[11.14, 11.22], [11.38, 12.21]]",bird-mixit+tweetynet
graher1,Ardea cinerea,xc:768226,xc_768226,0,"[0.998108, 0.0, 0.0, 0.890472]",0.9981,0.9981,39.73,0.6936,0.8467,0.845058,4,10.22,13.25,3.03,7,1.59,0.4752,"[[10.22, 10.31], [10.51, 10.8], [11.08, 11.54], [11.87, 11.91], [12.14, 12.24], [12.35, 12.45], [12.74, 13.25]]",bird-mixit+tweetynet
graher1,Ardea cinerea,xc:941248,xc_941248,3,"[0.983103, 0.992367, 0.018906, 0.994354]",0.9944,0.9944,20.69,0.7619,0.8467,0.841921,19,39.48,39.91,0.43,1,0.43,0.0,"[[39.48, 39.91]]",bird-mixit+tweetynet
graher1,Ardea cinerea,xc:735165,xc_735165,1,"[0.998062, 0.997743, 0.848638, 0.992668]",0.9977,0.9981,20.5,0.7553,0.8416,0.839619,5,10.32,11.54,1.22,2,0.89,0.2705,"[[10.32, 11.08], [11.41, 11.54]]",bird-mixit+tweetynet
graher1,Ardea cinerea,xc:734652,xc_734652,0,"[0.99559, 0.524169, 0.006489, 0.0]",0.9956,0.9956,17.66,0.8535,0.8421,0.838395,7,9.76,10.25,0.49,1,0.49,0.0,"[[9.76, 10.25]]",bird-mixit+tweetynet
graher1,Ardea cinerea,xc:356093,xc_356093,0,"[0.992783, 0.0, 0.045118, 0.0]",0.9928,0.9928,24.01,0.7084,0.8416,0.835531,2,2.66,4.62,1.96,2,1.6,0.1837,"[[2.66, 3.25], [3.61, 4.62]]",bird-mixit+tweetynet
graher1,Ardea cinerea,xc:196217,xc_196217,0,"[0.996769, 0.0, 0.009253, 0.043801]",0.9968,0.9968,19.1,0.7836,0.8372,0.834546,0,1.54,2.28,0.74,1,0.74,0.0,"[[1.54, 2.28]]",bird-mixit+tweetynet
graher1,Ardea cinerea,xc:601001,xc_601001,0,"[0.99925, 0.013493, 0.0, 0.0]",0.9992,0.9992,19.4,0.7667,0.8336,0.832972,6,11.33,12.58,1.25,2,1.16,0.072,"[[11.33, 11.79], [11.88, 12.58]]",bird-mixit+tweetynet
graher1,Ardea cinerea,xc:629743,xc_629743,0,"[0.993368, 0.345758, 0.266354, 0.017709]",0.9934,0.9934,26.12,0.6885,0.8376,0.832088,10,25.97,27.7,1.73,3,1.21,0.3006,"[[25.97, 26.18], [26.5, 27.35], [27.55, 27.7]]",bird-mixit+tweetynet
graher1,Ardea cinerea,xc:843682,xc_843682,0,"[0.910284, 0.0, 0.0, 0.023099]",0.9103,0.9103,21.4,0.8864,0.9133,0.831411,0,9.33,10.68,1.35,3,0.92,0.3185,"[[9.33, 9.85], [10.14, 10.31], [10.45, 10.68]]",bird-mixit+tweetynet
graher1,Ardea cinerea,xc:356093,xc_356093,0,"[0.992783, 0.0, 0.045118, 0.0]",0.9928,0.9928,24.77,0.6942,0.8371,0.831104,35,80.72,81.76,1.04,2,0.9,0.1346,"[[80.72, 80.76], [80.9, 81.76]]",bird-mixit+tweetynet
graher1,Ardea cinerea,xc:601001,xc_601001,0,"[0.99925, 0.013493, 0.0, 0.0]",0.9992,0.9992,17.94,0.8114,0.829,0.828384,0,1.09,2.55,1.46,2,1.13,0.226,"[[1.09, 1.83], [2.16, 2.55]]",bird-mixit+tweetynet
graher1,Ardea cinerea,xc:940376,xc_940376,0,"[0.989483, 0.947636, 0.019891, 0.0]",0.9895,0.9895,24.64,0.6949,0.8371,0.828284,8,22.27,22.76,0.49,1,0.49,0.0,"[[22.27, 22.76]]",bird-mixit+tweetynet
graher1,Ardea cinerea,xc:941248,xc_941248,3,"[0.983103, 0.992367, 0.018906, 0.994354]",0.9944,0.9944,18.24,0.8047,0.832,0.827371,23,47.06,47.81,0.75,2,0.5,0.3333,"[[47.06, 47.09], [47.34, 47.81]]",bird-mixit+tweetynet
graher1,Ardea cinerea,xc:384486,xc_384486,0,"[0.993032, 0.0, 0.0, 0.597548]",0.993,0.993,19.84,0.7462,0.8298,0.823968,2,8.34,10.28,1.94,5,1.03,0.4691,"[[8.34, 8.68], [8.89, 9.08], [9.37, 9.57], [9.8, 9.86], [10.04, 10.28]]",bird-mixit+tweetynet
graher1,Ardea cinerea,xc:749449,xc_749449,0,"[0.948354, 0.0, 0.0, 0.022576]",0.9484,0.9484,16.83,0.9465,0.862,0.817567,1,1.12,4.01,2.89,7,1.92,0.3356,"[[1.12, 1.81], [2.01, 2.09], [2.31, 2.54], [2.6, 2.87], [2.94, 3.31], [3.41, 3.47], [3.79, 4.01]]",bird-mixit+tweetynet
graher1,Ardea cinerea,xc:840620,xc_840620,0,"[0.993988, 0.073947, 0.05587, 0.418542]",0.994,0.994,20.22,0.7194,0.8214,0.816461,1,1.08,1.84,0.76,1,0.76,0.0,"[[1.08, 1.84]]",bird-mixit+tweetynet
graher1,Ardea cinerea,xc:760220,xc_760220,0,"[0.995035, 0.888476, 0.513492, 0.420416]",0.995,0.995,29.78,0.6332,0.8145,0.810384,0,2.39,2.98,0.59,1,0.59,0.0,"[[2.39, 2.98]]",bird-mixit+tweetynet
graher1,Ardea cinerea,xc:749449,xc_749449,0,"[0.948354, 0.0, 0.0, 0.022576]",0.9484,0.9484,16.73,0.9317,0.8526,0.808599,4,8.23,8.85,0.62,2,0.5,0.1935,"[[8.23, 8.68], [8.8, 8.85]]",bird-mixit+tweetynet
graher1,Ardea cinerea,xc:702251,xc_702251,0,"[0.996778, 0.0, 0.0, 0.0]",0.9968,0.9968,24.37,0.6313,0.8048,0.802249,2,6.36,6.9,0.54,1,0.54,0.0,"[[6.36, 6.9]]",bird-mixit+tweetynet
graher1,Ardea cinerea,xc:782720,xc_782720,0,"[0.995079, 0.0, 0.0, 0.204865]",0.9951,0.9951,21.48,0.6576,0.8032,0.799227,0,2.51,3.01,0.5,1,0.5,0.0,"[[2.51, 3.01]]",bird-mixit+tweetynet
graher1,Ardea cinerea,xc:914304,xc_914304,0,"[0.94251, 0.0, 0.0, 0.0]",0.9425,0.9425,18.03,0.8476,0.8477,0.798938,1,4.16,4.81,0.65,1,0.65,0.0,"[[4.16, 4.81]]",bird-mixit+tweetynet
graher1,Ardea cinerea,xc:761218,xc_761218,0,"[0.996959, 0.0, 0.0, 0.0]",0.997,0.997,23.16,0.6255,0.7973,0.794955,1,6.93,7.55,0.62,1,0.62,0.0,"[[6.93, 7.55]]",bird-mixit+tweetynet
graher1,Ardea cinerea,xc:760232,xc_760232,0,"[0.975356, 0.97565, 0.868674, 0.981955]",0.9754,0.982,17.77,0.7867,0.8142,0.794207,2,6.3,6.85,0.55,1,0.55,0.0,"[[6.3, 6.85]]",bird-mixit+tweetynet
graher1,Ardea cinerea,xc:77956,xc_77956,0,"[0.997577, 0.0, 0.0, 0.0]",0.9976,0.9976,18.43,0.7179,0.7955,0.793555,0,0.38,0.82,0.44,1,0.44,0.0,"[[0.38, 0.82]]",bird-mixit+tweetynet
graher1,Ardea cinerea,xc:767385,xc_767385,1,"[0.996108, 0.9799, 0.06553, 0.926946]",0.9799,0.9961,15.57,0.9188,0.8074,0.79118,0,1.05,1.36,0.31,1,0.31,0.0,"[[1.05, 1.36]]",bird-mixit+tweetynet
graher1,Ardea cinerea,xc:749393,xc_749393,0,"[0.997677, 0.54055, 0.021191, 0.0]",0.9977,0.9977,34.46,0.5868,0.7929,0.791054,1,3.39,4.16,0.77,1,0.77,0.0,"[[3.39, 4.16]]",bird-mixit+tweetynet
graher1,Ardea cinerea,xc:439789,xc_439789,0,"[0.997947, 0.023405, 0.107817, 0.994165]",0.9979,0.9979,22.29,0.6193,0.7899,0.788226,0,0.69,1.14,0.45,1,0.45,0.0,"[[0.69, 1.14]]",bird-mixit+tweetynet
graher1,Ardea cinerea,xc:701277,xc_701277,0,"[0.982821, 0.0, 0.0, 0.0]",0.9828,0.9828,35.44,0.6032,0.8012,0.787424,2,1.91,2.94,1.03,3,0.86,0.165,"[[1.91, 2.0], [2.1, 2.22], [2.29, 2.94]]",bird-mixit+tweetynet
graher1,Ardea cinerea,xc:717824,xc_717824,0,"[0.999784, 0.0, 0.0, 0.0]",0.9998,0.9998,25.56,0.5809,0.7831,0.782964,1,3.27,3.97,0.7,1,0.7,0.0,"[[3.27, 3.97]]",bird-mixit+tweetynet
graher1,Ardea cinerea,xc:1052551,xc_1052551,0,"[0.999386, 0.536736, 0.794196, 0.937805]",0.9994,0.9994,21.76,0.5955,0.775,0.774537,22,64.4,65.38,0.98,1,0.98,0.0,"[[64.4, 65.38]]",bird-mixit+tweetynet
graher1,Ardea cinerea,xc:77956,xc_77956,0,"[0.997577, 0.0, 0.0, 0.0]",0.9976,0.9976,24.41,0.5699,0.7747,0.772834,1,1.92,2.43,0.51,1,0.51,0.0,"[[1.92, 2.43]]",bird-mixit+tweetynet
graher1,Ardea cinerea,xc:378737,xc_378737,0,"[0.981007, 0.0, 0.016429, 0.163715]",0.981,0.981,18.13,0.7127,0.7876,0.772671,5,10.63,11.32,0.69,1,0.69,0.0,"[[10.63, 11.32]]",bird-mixit+tweetynet
grcgre1,Podiceps cristatus,xc:147184,xc_147184,0,"[0.995505, 0.0, 0.0, 0.012913]",0.9955,0.9955,27.99,0.9982,0.9946,0.990102,2,7.62,11.08,3.46,8,2.19,0.3671,"[[7.62, 7.82], [8.06, 8.66], [8.77, 9.02], [9.22, 9.45], [9.68, 9.9], [10.06, 10.25], [10.4, 10.69], [10.87, 11.08]]",bird-mixit+tweetynet
grcgre1,Podiceps cristatus,xc:147184,xc_147184,0,"[0.995505, 0.0, 0.0, 0.012913]",0.9955,0.9955,26.58,0.9985,0.9924,0.987942,3,11.33,12.7,1.37,4,1.01,0.2628,"[[11.33, 11.65], [11.73, 12.05], [12.13, 12.3], [12.5, 12.7]]",bird-mixit+tweetynet
grcgre1,Podiceps cristatus,xc:488725,xc_488725,0,"[0.994922, 0.0, 0.0, 0.0]",0.9949,0.9949,23.63,0.9996,0.9833,0.978299,0,1.52,5.68,4.16,11,1.98,0.524,"[[1.52, 1.62], [1.85, 2.06], [2.22, 2.41], [2.66, 2.83], [2.91, 3.05], [3.22, 3.39], [3.66, 3.88], [4.09, 4.34], [4.62, 4.8], [5.09, 5.28], [5.52, 5.68]]",bird-mixit+tweetynet
grcgre1,Podiceps cristatus,xc:1030044,xc_1030044,0,"[0.999774, 0.04177, 0.027634, 0.130156]",0.9998,0.9998,21.35,0.9993,0.9675,0.967318,11,28.77,36.59,7.82,15,6.32,0.1918,"[[28.77, 28.94], [29.06, 29.47], [29.57, 29.73], [29.88, 30.23], [30.33, 31.0], [31.13, 32.14], [32.21, 33.3], [33.36, 34.19], [34.26, 34.53], [34.68, 34.9], [34.98, 35.21], [35.3, 35.56], [35.67, 35.92], [36.07, 36.31], [36.43, 36.59]]",bird-mixit+tweetynet
grcgre1,Podiceps cristatus,xc:147184,xc_147184,0,"[0.995505, 0.0, 0.0, 0.012913]",0.9955,0.9955,21.3,0.9954,0.9652,0.960849,0,0.04,6.12,6.08,14,4.09,0.3273,"[[0.04, 0.24], [0.31, 0.5], [0.64, 0.84], [0.92, 1.42], [1.48, 2.14], [2.19, 2.45], [2.5, 2.76], [2.87, 3.07], [3.2, 3.76], [3.98, 4.15], [4.52, 4.63], [4.7, 5.07], [5.41, 5.65], [5.95, 6.12]]",bird-mixit+tweetynet
grcgre1,Podiceps cristatus,xc:356921,xc_356921,1,"[0.999578, 0.992098, 0.970448, 0.959551]",0.9921,0.9996,21.2,0.9981,0.9656,0.957929,12,41.35,48.83,7.48,7,7.04,0.0588,"[[41.35, 42.77], [42.85, 44.12], [44.19, 45.41], [45.47, 47.54], [47.59, 47.96], [48.02, 48.25], [48.37, 48.83]]",bird-mixit+tweetynet
grcgre1,Podiceps cristatus,xc:356921,xc_356921,1,"[0.999578, 0.992098, 0.970448, 0.959551]",0.9921,0.9996,20.53,0.9985,0.9586,0.950999,9,28.93,36.92,7.99,16,6.8,0.1489,"[[28.93, 29.09], [29.22, 29.36], [29.44, 29.94], [30.0, 30.21], [30.28, 32.27], [32.37, 32.59], [32.65, 32.91], [32.96, 33.21], [33.29, 33.83], [33.88, 34.43], [34.55, 34.83], [34.88, 35.05], [35.16, 35.88], [35.97, 36.35], [36.41, 36.66], [36.74, 36.92]]",bird-mixit+tweetynet
grcgre1,Podiceps cristatus,xc:655642,xc_655642,0,"[0.995862, 0.0, 0.991514, 0.650607]",0.9959,0.9959,20.29,0.9955,0.9542,0.950323,0,0.2,2.2,2.0,4,1.82,0.09,"[[0.2, 0.37], [0.45, 1.09], [1.14, 2.12], [2.17, 2.2]]",bird-mixit+tweetynet
grcgre1,Podiceps cristatus,xc:655642,xc_655642,0,"[0.995862, 0.0, 0.991514, 0.650607]",0.9959,0.9959,24.61,0.9292,0.9527,0.948793,2,8.1,12.88,4.78,12,2.42,0.4937,"[[8.1, 8.53], [8.63, 9.12], [9.32, 9.7], [10.02, 10.13], [10.41, 10.46], [10.74, 10.79], [10.99, 11.16], [11.49, 11.61], [11.74, 11.92], [12.04, 12.17], [12.29, 12.56], [12.84, 12.88]]",bird-mixit+tweetynet
grcgre1,Podiceps cristatus,xc:380210,xc_380210,1,"[0.996928, 0.950974, 0.999207, 0.0]",0.951,0.9992,26.09,0.996,0.9901,0.941575,29,78.21,83.36,5.15,13,3.82,0.2583,"[[78.21, 78.5], [78.59, 79.39], [79.46, 80.28], [80.38, 80.84], [80.91, 81.09], [81.22, 81.42], [81.58, 81.75], [81.92, 82.05], [82.21, 82.34], [82.48, 82.75], [82.81, 83.06], [83.17, 83.25], [83.32, 83.36]]",bird-mixit+tweetynet
grcgre1,Podiceps cristatus,xc:356921,xc_356921,1,"[0.999578, 0.992098, 0.970448, 0.959551]",0.9921,0.9996,19.56,0.9977,0.9451,0.937678,6,20.66,23.46,2.8,5,2.52,0.1,"[[20.66, 21.13], [21.18, 21.3], [21.4, 22.87], [22.92, 23.16], [23.24, 23.46]]",bird-mixit+tweetynet
grcgre1,Podiceps cristatus,xc:833256,xc_833256,0,"[0.99996, 0.180308, 0.007597, 0.076399]",1.0,1.0,19.16,0.9883,0.9344,0.934367,0,0.05,0.5,0.45,1,0.45,0.0,"[[0.05, 0.5]]",bird-mixit+tweetynet
grcgre1,Podiceps cristatus,xc:380210,xc_380210,1,"[0.996928, 0.950974, 0.999207, 0.0]",0.951,0.9992,23.48,0.999,0.9823,0.934146,31,87.64,92.19,4.55,12,3.43,0.2462,"[[87.64, 87.93], [88.09, 88.28], [88.41, 88.86], [88.99, 89.03], [89.11, 89.28], [89.43, 89.74], [89.84, 90.09], [90.14, 90.36], [90.44, 90.65], [90.73, 90.93], [90.98, 91.9], [92.01, 92.19]]",bird-mixit+tweetynet
grcgre1,Podiceps cristatus,xc:655643,xc_655643,0,"[0.995775, 0.0, 0.004602, 0.993574]",0.9958,0.9958,19.04,0.9938,0.9348,0.930883,9,14.82,15.11,0.29,1,0.29,0.0,"[[14.82, 15.11]]",bird-mixit+tweetynet
grcgre1,Podiceps cristatus,xc:37502,xc_37502,0,"[0.99544, 0.0, 0.0, 0.0]",0.9954,0.9954,18.79,0.9975,0.932,0.927743,0,0.29,6.0,5.71,9,4.7,0.1769,"[[0.29, 0.59], [0.64, 1.19], [1.45, 1.59], [1.64, 2.17], [2.31, 3.03], [3.08, 3.44], [3.64, 4.72], [4.92, 5.35], [5.41, 6.0]]",bird-mixit+tweetynet
grcgre1,Podiceps cristatus,xc:833804,xc_833804,0,"[0.999832, 0.004826, 0.0, 0.0]",0.9998,0.9998,18.58,0.9914,0.9252,0.925026,0,0.04,3.38,3.34,9,2.51,0.2485,"[[0.04, 0.34], [0.41, 0.67], [0.79, 1.04], [1.17, 1.42], [1.59, 1.8], [1.93, 2.23], [2.29, 2.63], [2.73, 2.98], [3.03, 3.38]]",bird-mixit+tweetynet
grcgre1,Podiceps cristatus,xc:627983,xc_627983,0,"[0.988313, 0.008566, 0.029252, 0.029848]",0.9883,0.9883,19.42,0.9778,0.9336,0.922695,77,184.89,185.48,0.59,3,0.31,0.4746,"[[184.89, 185.04], [185.24, 185.36], [185.44, 185.48]]",bird-mixit+tweetynet
grcgre1,Podiceps cristatus,xc:929860,xc_929860,0,"[0.94235, 0.0, 0.0, 0.382454]",0.9424,0.9424,23.57,0.9775,0.9722,0.916179,2,2.68,3.22,0.54,3,0.33,0.3889,"[[2.68, 2.73], [2.83, 3.07], [3.18, 3.22]]",bird-mixit+tweetynet
grcgre1,Podiceps cristatus,xc:827345,xc_827345,0,"[0.999628, 0.0, 0.0, 0.0]",0.9996,0.9996,17.8,0.9996,0.9118,0.911473,13,24.55,32.4,7.85,12,7.11,0.0943,"[[24.55, 24.7], [24.78, 25.0], [25.07, 25.3], [25.37, 25.89], [25.94, 27.33], [27.39, 27.63], [27.7, 27.96], [28.01, 28.89], [28.95, 29.21], [29.3, 30.4], [30.49, 31.39], [31.44, 32.4]]",bird-mixit+tweetynet
grcgre1,Podiceps cristatus,xc:929860,xc_929860,0,"[0.94235, 0.0, 0.0, 0.382454]",0.9424,0.9424,21.77,0.99,0.9667,0.910988,0,0.28,0.54,0.26,1,0.26,0.0,"[[0.28, 0.54]]",bird-mixit+tweetynet
grcgre1,Podiceps cristatus,xc:380210,xc_380210,1,"[0.996928, 0.950974, 0.999207, 0.0]",0.951,0.9992,20.53,0.9961,0.9574,0.910523,2,1.52,9.5,7.98,15,6.73,0.1566,"[[1.52, 1.74], [1.86, 2.03], [2.17, 2.38], [2.44, 2.8], [2.89, 3.12], [3.21, 3.68], [3.79, 6.44], [6.49, 6.77], [6.82, 7.06], [7.13, 7.41], [7.49, 7.75], [7.88, 8.13], [8.21, 8.41], [8.53, 8.75], [8.81, 9.5]]",bird-mixit+tweetynet
grcgre1,Podiceps cristatus,xc:356921,xc_356921,1,"[0.999578, 0.992098, 0.970448, 0.959551]",0.9921,0.9996,18.14,0.9953,0.9178,0.91051,7,23.61,26.82,3.21,6,2.8,0.1277,"[[23.61, 24.04], [24.12, 25.11], [25.17, 25.34], [25.45, 26.31], [26.4, 26.58], [26.65, 26.82]]",bird-mixit+tweetynet
grcgre1,Podiceps cristatus,xc:356921,xc_356921,1,"[0.999578, 0.992098, 0.970448, 0.959551]",0.9921,0.9996,17.72,0.998,0.9092,0.902012,11,37.75,41.23,3.48,6,3.16,0.092,"[[37.75, 38.0], [38.06, 38.31], [38.38, 38.62], [38.67, 40.5], [40.56, 40.98], [41.06, 41.23]]",bird-mixit+tweetynet
grcgre1,Podiceps cristatus,xc:627983,xc_627983,0,"[0.988313, 0.008566, 0.029252, 0.029848]",0.9883,0.9883,17.93,0.9884,0.9099,0.899244,23,63.67,70.14,6.47,19,4.17,0.3555,"[[63.67, 64.06], [64.22, 64.28], [64.36, 64.52], [64.63, 64.77], [64.91, 65.23], [65.51, 65.62], [65.69, 66.1], [66.18, 66.32], [66.41, 66.54], [66.74, 67.14], [67.31, 67.5], [67.62, 67.69], [67.78, 68.15], [68.3, 68.41], [68.46, 68.5], [68.65, 69.17], [69.22, 69.53], [69.63, 69.85], [70.06, 70.14]]",bird-mixit+tweetynet
grcgre1,Podiceps cristatus,xc:655643,xc_655643,0,"[0.995775, 0.0, 0.004602, 0.993574]",0.9958,0.9958,17.81,0.9773,0.902,0.898256,8,9.39,14.39,5.0,13,3.39,0.322,"[[9.39, 9.54], [9.72, 9.96], [10.22, 10.31], [10.36, 10.72], [10.86, 11.16], [11.25, 11.55], [11.61, 11.91], [12.01, 12.35], [12.44, 13.0], [13.2, 13.52], [13.62, 13.79], [14.05, 14.09], [14.17, 14.39]]",bird-mixit+tweetynet
grcgre1,Podiceps cristatus,xc:380210,xc_380210,1,"[0.996928, 0.950974, 0.999207, 0.0]",0.951,0.9992,19.22,0.9813,0.932,0.886362,17,38.12,44.17,6.05,12,4.77,0.2116,"[[38.12, 39.62], [39.74, 40.24], [40.31, 40.54], [40.59, 40.82], [40.9, 41.11], [41.18, 42.34], [42.41, 42.68], [42.86, 43.11], [43.29, 43.36], [43.62, 43.8], [43.95, 44.04], [44.09, 44.17]]",bird-mixit+tweetynet
grcgre1,Podiceps cristatus,xc:188133,xc_188133,0,"[0.999899, 0.0, 0.0, 0.823154]",0.9999,0.9999,17.02,0.9798,0.8825,0.882431,2,12.23,13.29,1.06,3,0.91,0.1415,"[[12.23, 12.8], [12.86, 13.01], [13.1, 13.29]]",bird-mixit+tweetynet
grcgre1,Podiceps cristatus,xc:627983,xc_627983,0,"[0.988313, 0.008566, 0.029252, 0.029848]",0.9883,0.9883,17.09,0.9965,0.892,0.881612,22,59.93,63.31,3.38,9,1.44,0.574,"[[59.93, 60.06], [60.39, 60.53], [60.86, 60.9], [61.02, 61.16], [61.5, 61.75], [62.02, 62.19], [62.46, 62.76], [62.98, 63.11], [63.17, 63.31]]",bird-mixit+tweetynet
grcgre1,Podiceps cristatus,xc:37502,xc_37502,0,"[0.99544, 0.0, 0.0, 0.0]",0.9954,0.9954,16.87,0.9924,0.8836,0.879515,1,6.32,10.47,4.15,12,3.08,0.2578,"[[6.32, 6.49], [6.55, 6.7], [6.79, 6.95], [7.0, 7.15], [7.21, 7.36], [7.68, 7.82], [7.9, 8.04], [8.12, 8.27], [8.32, 8.5], [8.57, 9.25], [9.35, 10.23], [10.34, 10.47]]",bird-mixit+tweetynet
grcgre1,Podiceps cristatus,xc:147863,xc_147863,0,"[0.996344, 0.074823, 0.10198, 0.74709]",0.9963,0.9963,16.81,0.9919,0.8816,0.878354,3,14.39,14.92,0.53,2,0.47,0.1132,"[[14.39, 14.82], [14.88, 14.92]]",bird-mixit+tweetynet
grcgre1,Podiceps cristatus,xc:905531,xc_905531,0,"[0.99802, 0.0, 0.0, 0.0]",0.998,0.998,20.2,0.8403,0.879,0.877192,0,0.08,7.44,7.36,20,4.77,0.3519,"[[0.08, 0.15], [0.31, 0.59], [0.73, 1.1], [1.15, 1.75], [1.85, 1.99], [2.22, 2.3], [2.38, 2.51], [2.56, 2.97], [3.03, 3.2], [3.26, 3.89], [4.23, 4.37], [4.44, 4.61], [4.68, 4.85], [4.93, 5.31], [5.39, 5.58], [5.97, 6.13], [6.24, 6.53], [6.62, 6.73], [6.95, 7.08], [7.29, 7.44]]",bird-mixit+tweetynet
grcgre1,Podiceps cristatus,xc:627983,xc_627983,0,"[0.988313, 0.008566, 0.029252, 0.029848]",0.9883,0.9883,17.22,0.9749,0.8858,0.875475,20,54.35,57.17,2.82,8,1.22,0.5674,"[[54.35, 54.6], [54.84, 54.96], [55.26, 55.35], [55.47, 55.58], [55.87, 56.09], [56.26, 56.38], [56.47, 56.61], [57.0, 57.17]]",bird-mixit+tweetynet
grcgre1,Podiceps cristatus,xc:929860,xc_929860,0,"[0.94235, 0.0, 0.0, 0.382454]",0.9424,0.9424,18.44,0.9985,0.9257,0.87239,20,34.43,34.75,0.32,2,0.27,0.1563,"[[34.43, 34.65], [34.7, 34.75]]",bird-mixit+tweetynet
grcgre1,Podiceps cristatus,xc:1006363,xc_1006363,0,"[0.962348, 0.0, 0.0, 0.0]",0.9623,0.9623,17.52,0.9992,0.9048,0.87068,0,0.03,7.32,7.29,21,5.31,0.2716,"[[0.03, 0.62], [0.68, 1.16], [1.23, 1.63], [1.69, 2.03], [2.1, 2.78], [2.85, 3.0], [3.12, 3.29], [3.36, 3.58], [3.66, 3.85], [3.9, 4.01], [4.18, 4.36], [4.43, 4.59], [4.65, 4.82], [4.96, 5.47], [5.53, 5.67], [5.8, 5.95], [6.06, 6.12], [6.23, 6.42], [6.48, 6.57], [6.71, 6.83], [7.11, 7.32]]",bird-mixit+tweetynet
grcgre1,Podiceps cristatus,xc:929860,xc_929860,0,"[0.94235, 0.0, 0.0, 0.382454]",0.9424,0.9424,18.31,0.9898,0.919,0.866108,22,36.73,37.01,0.28,1,0.28,0.0,"[[36.73, 37.01]]",bird-mixit+tweetynet
grcgre1,Podiceps cristatus,xc:929860,xc_929860,0,"[0.94235, 0.0, 0.0, 0.382454]",0.9424,0.9424,18.33,0.9891,0.919,0.866039,5,5.34,6.18,0.84,2,0.57,0.3214,"[[5.34, 5.61], [5.88, 6.18]]",bird-mixit+tweetynet
grcgre1,Podiceps cristatus,xc:655643,xc_655643,0,"[0.995775, 0.0, 0.004602, 0.993574]",0.9958,0.9958,16.36,0.991,0.867,0.863333,15,21.96,28.69,6.73,19,4.91,0.2704,"[[21.96, 22.31], [22.49, 22.63], [22.68, 22.77], [22.87, 23.14], [23.24, 23.52], [23.6, 23.87], [23.95, 24.18], [24.3, 24.63], [24.71, 25.01], [25.1, 25.46], [25.54, 25.75], [25.87, 26.18], [26.32, 26.61], [26.67, 26.84], [26.96, 27.27], [27.32, 27.55], [27.73, 28.0], [28.06, 28.51], [28.64, 28.69]]",bird-mixit+tweetynet
grcgre1,Podiceps cristatus,xc:627983,xc_627983,0,"[0.988313, 0.008566, 0.029252, 0.029848]",0.9883,0.9883,16.73,0.9709,0.8699,0.85974,123,274.04,274.75,0.71,3,0.33,0.5352,"[[274.04, 274.1], [274.36, 274.53], [274.65, 274.75]]",bird-mixit+tweetynet
grcgre1,Podiceps cristatus,xc:147184,xc_147184,0,"[0.995505, 0.0, 0.0, 0.012913]",0.9955,0.9955,16.05,0.9971,0.8586,0.854764,1,6.55,7.28,0.73,2,0.45,0.3836,"[[6.55, 6.81], [7.09, 7.28]]",bird-mixit+tweetynet
grcgre1,Podiceps cristatus,xc:604736,xc_604736,0,"[0.998947, 0.049178, 0.025296, 0.194763]",0.9989,0.9989,16.18,0.9778,0.855,0.854076,2,9.27,11.98,2.71,2,2.61,0.0369,"[[9.27, 10.41], [10.51, 11.98]]",bird-mixit+tweetynet
grcgre1,Podiceps cristatus,xc:380210,xc_380210,1,"[0.996928, 0.950974, 0.999207, 0.0]",0.951,0.9992,17.35,0.9878,0.8953,0.851422,24,63.07,69.9,6.83,13,5.59,0.1816,"[[63.07, 63.11], [63.3, 63.57], [63.63, 63.85], [64.0, 65.53], [65.6, 66.73], [66.8, 67.36], [67.43, 67.71], [67.77, 68.33], [68.39, 68.55], [68.69, 68.91], [69.01, 69.15], [69.27, 69.57], [69.72, 69.9]]",bird-mixit+tweetynet
grcgre1,Podiceps cristatus,xc:1030044,xc_1030044,0,"[0.999774, 0.04177, 0.027634, 0.130156]",0.9998,0.9998,15.57,0.9989,0.8412,0.841001,9,19.81,25.6,5.79,12,4.97,0.1416,"[[19.81, 19.98], [20.09, 20.28], [20.39, 20.6], [20.65, 21.44], [21.51, 22.03], [22.08, 23.5], [23.57, 24.11], [24.17, 24.66], [24.71, 24.77], [24.89, 25.14], [25.21, 25.33], [25.39, 25.6]]",bird-mixit+tweetynet
grcgre1,Podiceps cristatus,xc:655643,xc_655643,0,"[0.995775, 0.0, 0.004602, 0.993574]",0.9958,0.9958,17.57,0.849,0.8379,0.834409,14,19.54,21.76,2.22,7,1.5,0.3243,"[[19.54, 19.93], [20.07, 20.26], [20.43, 20.5], [20.6, 20.7], [20.77, 20.87], [20.99, 21.08], [21.2, 21.76]]",bird-mixit+tweetynet
grcgre1,Podiceps cristatus,xc:386365,xc_386365,1,"[0.998199, 0.998331, 0.0, 0.0]",0.9983,0.9983,15.35,0.9959,0.8311,0.829694,1,1.68,6.72,5.04,12,3.94,0.2183,"[[1.68, 1.75], [1.87, 2.0], [2.19, 3.14], [3.23, 3.84], [4.01, 4.23], [4.29, 4.58], [4.71, 4.87], [4.93, 5.04], [5.1, 5.29], [5.35, 5.72], [5.77, 6.51], [6.62, 6.72]]",bird-mixit+tweetynet
grcgre1,Podiceps cristatus,xc:37502,xc_37502,0,"[0.99544, 0.0, 0.0, 0.0]",0.9954,0.9954,15.35,0.9861,0.8271,0.823279,3,14.13,21.06,6.93,17,5.3,0.2352,"[[14.13, 15.19], [15.54, 15.69], [15.77, 15.91], [15.96, 16.12], [16.19, 16.58], [16.84, 17.0], [17.06, 17.75], [17.86, 18.11], [18.19, 18.35], [18.42, 18.79], [18.86, 19.19], [19.27, 19.5], [19.6, 20.2], [20.28, 20.44], [20.49, 20.65], [20.7, 20.85], [20.92, 21.06]]",bird-mixit+tweetynet
grcgre1,Podiceps cristatus,xc:1030044,xc_1030044,0,"[0.999774, 0.04177, 0.027634, 0.130156]",0.9998,0.9998,15.11,0.9823,0.8152,0.81507,15,48.22,49.36,1.14,4,0.54,0.5263,"[[48.22, 48.31], [48.54, 48.65], [48.82, 48.96], [49.16, 49.36]]",bird-mixit+tweetynet
grcgre1,Podiceps cristatus,xc:90479,xc_90479,0,"[0.999199, 0.995783, 0.061062, 0.933627]",0.9992,0.9992,14.89,0.9967,0.8111,0.810418,5,12.31,13.12,0.81,1,0.81,0.0,"[[12.31, 13.12]]",bird-mixit+tweetynet
grcgre1,Podiceps cristatus,xc:827345,xc_827345,0,"[0.999628, 0.0, 0.0, 0.0]",0.9996,0.9996,14.82,0.9958,0.8077,0.807384,0,0.02,0.72,0.7,3,0.47,0.3286,"[[0.02, 0.12], [0.25, 0.44], [0.54, 0.72]]",bird-mixit+tweetynet
grcgre1,Podiceps cristatus,xc:666254,xc_666254,0,"[0.993975, 0.0, 0.0, 0.0]",0.994,0.994,14.86,0.9847,0.8049,0.800115,4,16.18,23.58,7.4,23,4.11,0.4446,"[[16.18, 16.33], [16.41, 16.78], [16.9, 17.1], [17.18, 17.34], [17.48, 17.72], [17.8, 17.95], [18.11, 18.35], [18.5, 18.75], [18.87, 19.01], [19.09, 19.24], [19.39, 19.62], [19.73, 19.88], [19.96, 20.11], [20.35, 20.62], [20.76, 20.89], [21.0, 21.13], [21.37, 21.54], [21.68, 21.84], [22.02, 22.15], [22.26, 22.4], [22.69, 22.87], [23.09, 23.2], [23.47, 23.58]]",bird-mixit+tweetynet
grcgre1,Podiceps cristatus,xc:833256,xc_833256,0,"[0.99996, 0.180308, 0.007597, 0.076399]",1.0,1.0,14.42,0.9968,0.789,0.78904,9,24.8,28.75,3.95,8,3.48,0.119,"[[24.8, 26.58], [26.64, 26.8], [26.86, 27.39], [27.46, 27.81], [27.9, 28.1], [28.16, 28.32], [28.4, 28.57], [28.62, 28.75]]",bird-mixit+tweetynet
grcgre1,Podiceps cristatus,xc:833256,xc_833256,0,"[0.99996, 0.180308, 0.007597, 0.076399]",1.0,1.0,14.31,0.9948,0.7827,0.782679,2,1.44,4.15,2.71,3,2.58,0.048,"[[1.44, 2.15], [2.21, 2.45], [2.52, 4.15]]",bird-mixit+tweetynet
grcgre1,Podiceps cristatus,xc:484289,xc_484289,0,"[0.882761, 0.0, 0.0, 0.998949]",0.8828,0.9989,16.82,0.9846,0.8786,0.775627,43,83.54,86.58,3.04,11,2.11,0.3059,"[[83.54, 83.97], [84.03, 84.1], [84.37, 84.69], [84.74, 84.85], [84.93, 85.16], [85.21, 85.36], [85.47, 85.58], [85.63, 85.87], [85.94, 86.13], [86.23, 86.28], [86.37, 86.58]]",bird-mixit+tweetynet
grcgre1,Podiceps cristatus,xc:655643,xc_655643,0,"[0.995775, 0.0, 0.004602, 0.993574]",0.9958,0.9958,14.16,0.9954,0.775,0.771782,4,6.09,6.26,0.17,1,0.17,0.0,"[[6.09, 6.26]]",bird-mixit+tweetynet
grcgre1,Podiceps cristatus,xc:1030044,xc_1030044,0,"[0.999774, 0.04177, 0.027634, 0.130156]",0.9998,0.9998,13.98,0.9944,0.7651,0.764918,12,36.75,37.22,0.47,2,0.35,0.2553,"[[36.75, 36.9], [37.02, 37.22]]",bird-mixit+tweetynet
grcgre1,Podiceps cristatus,xc:666254,xc_666254,0,"[0.993975, 0.0, 0.0, 0.0]",0.994,0.994,14.01,0.9943,0.767,0.762366,0,0.7,8.43,7.73,24,4.32,0.4411,"[[0.7, 0.79], [0.95, 1.06], [1.25, 1.37], [1.57, 1.75], [1.92, 2.06], [2.23, 2.45], [2.58, 2.74], [2.98, 3.22], [3.37, 3.55], [3.68, 3.83], [4.04, 4.28], [4.38, 4.59], [4.69, 4.93], [5.05, 5.21], [5.38, 5.61], [5.71, 5.88], [6.02, 6.26], [6.38, 6.55], [6.69, 6.94], [7.04, 7.22], [7.36, 7.49], [7.68, 7.9], [8.04, 8.19], [8.29, 8.43]]",bird-mixit+tweetynet
grcgre1,Podiceps cristatus,xc:138169,xc_138169,0,"[0.98409, 0.0, 0.0, 0.0]",0.9841,0.9841,22.41,0.5735,0.7682,0.755984,4,12.3,12.57,0.27,2,0.13,0.5185,"[[12.3, 12.37], [12.51, 12.57]]",bird-mixit+tweetynet
grcgre1,Podiceps cristatus,xc:827345,xc_827345,0,"[0.999628, 0.0, 0.0, 0.0]",0.9996,0.9996,13.73,0.9989,0.7534,0.753085,4,10.05,10.31,0.26,1,0.26,0.0,"[[10.05, 10.31]]",bird-mixit+tweetynet
grcgre1,Podiceps cristatus,xc:1030044,xc_1030044,0,"[0.999774, 0.04177, 0.027634, 0.130156]",0.9998,0.9998,13.63,0.9992,0.748,0.747867,13,37.44,44.78,7.34,19,5.62,0.2343,"[[37.44, 37.82], [37.89, 38.13], [38.24, 38.48], [38.6, 38.83], [38.93, 39.14], [39.31, 39.51], [39.61, 39.86], [39.93, 40.18], [40.27, 40.52], [40.62, 40.86], [40.92, 41.18], [41.25, 41.86], [41.93, 42.22], [42.3, 42.54], [42.62, 42.86], [42.92, 43.2], [43.33, 43.55], [43.66, 44.61], [44.74, 44.78]]",bird-mixit+tweetynet
grcgre1,Podiceps cristatus,xc:666254,xc_666254,0,"[0.993975, 0.0, 0.0, 0.0]",0.994,0.994,13.73,0.9925,0.7512,0.746676,1,8.71,12.7,3.99,13,2.12,0.4687,"[[8.71, 8.91], [9.16, 9.31], [9.4, 9.56], [9.72, 9.95], [10.07, 10.25], [10.43, 10.64], [10.78, 10.92], [11.03, 11.18], [11.27, 11.42], [11.61, 11.78], [11.93, 12.06], [12.31, 12.44], [12.58, 12.7]]",bird-mixit+tweetynet
grcgre1,Podiceps cristatus,xc:307359,xc_307359,0,"[0.969352, 0.0, 0.0, 0.840547]",0.9694,0.9694,19.65,0.6176,0.7664,0.742985,3,8.42,9.19,0.77,3,0.34,0.5584,"[[8.42, 8.53], [8.73, 8.86], [9.09, 9.19]]",bird-mixit+tweetynet
grcgre1,Podiceps cristatus,xc:147863,xc_147863,0,"[0.996344, 0.074823, 0.10198, 0.74709]",0.9963,0.9963,13.57,0.9983,0.744,0.741212,0,0.02,0.68,0.66,1,0.66,0.0,"[[0.02, 0.68]]",bird-mixit+tweetynet
grcgre1,Podiceps cristatus,xc:592108,xc_592108,0,"[0.896511, 0.0, 0.0, 0.469962]",0.8965,0.8965,24.57,0.6468,0.8131,0.72894,1,7.6,8.49,0.89,4,0.54,0.3933,"[[7.6, 7.66], [7.88, 7.93], [7.99, 8.22], [8.29, 8.49]]",bird-mixit+tweetynet
grcgre1,Podiceps cristatus,xc:484289,xc_484289,0,"[0.882761, 0.0, 0.0, 0.998949]",0.8828,0.9989,15.27,0.9908,0.8254,0.728627,11,10.96,11.6,0.64,3,0.45,0.2969,"[[10.96, 11.1], [11.23, 11.36], [11.42, 11.6]]",bird-mixit+tweetynet
grcgre1,Podiceps cristatus,xc:37502,xc_37502,0,"[0.99544, 0.0, 0.0, 0.0]",0.9954,0.9954,13.38,0.9942,0.7318,0.728385,2,10.93,13.74,2.81,9,1.62,0.4235,"[[10.93, 11.08], [11.27, 11.4], [11.58, 11.94], [12.01, 12.14], [12.45, 12.59], [12.64, 12.87], [12.93, 13.09], [13.25, 13.4], [13.57, 13.74]]",bird-mixit+tweetynet
grcgre1,Podiceps cristatus,xc:540250,xc_540250,0,"[0.975164, 0.062607, 0.0, 0.0]",0.9752,0.9752,13.8,0.9577,0.7416,0.72322,2,9.89,12.75,2.86,4,2.68,0.0629,"[[9.89, 10.89], [10.94, 11.44], [11.52, 12.32], [12.37, 12.75]]",bird-mixit+tweetynet
grcgre1,Podiceps cristatus,xc:484289,xc_484289,0,"[0.882761, 0.0, 0.0, 0.998949]",0.8828,0.9989,15.18,0.9819,0.8179,0.722016,32,52.73,56.77,4.04,12,1.78,0.5594,"[[52.73, 52.86], [53.05, 53.17], [53.25, 53.71], [54.02, 54.13], [54.34, 54.51], [54.77, 54.85], [55.01, 55.11], [55.22, 55.32], [55.69, 56.0], [56.23, 56.35], [56.46, 56.51], [56.74, 56.77]]",bird-mixit+tweetynet
grcgre1,Podiceps cristatus,xc:655642,xc_655642,0,"[0.995862, 0.0, 0.991514, 0.650607]",0.9959,0.9959,13.76,0.9161,0.724,0.72101,1,3.18,7.62,4.44,10,3.18,0.2838,"[[3.18, 3.37], [3.43, 3.79], [3.85, 4.34], [4.55, 4.76], [4.83, 5.04], [5.39, 6.02], [6.12, 6.81], [6.91, 7.1], [7.21, 7.37], [7.57, 7.62]]",bird-mixit+tweetynet
grcgre1,Podiceps cristatus,xc:910695,xc_910695,0,"[0.990682, 0.0, 0.0, 0.0]",0.9907,0.9907,13.38,0.9819,0.7271,0.720377,0,1.29,5.05,3.76,9,2.72,0.2766,"[[1.29, 1.87], [2.14, 2.3], [2.36, 2.51], [2.62, 3.17], [3.25, 3.41], [3.68, 3.84], [3.95, 4.08], [4.16, 4.89], [4.95, 5.05]]",bird-mixit+tweetynet
grcgre1,Podiceps cristatus,xc:705227,xc_705227,1,"[0.995234, 0.743858, 0.0, 0.998949]",0.7439,0.9989,22.8,0.9771,0.9678,0.719925,5,24.62,25.44,0.82,2,0.48,0.4146,"[[24.62, 24.96], [25.3, 25.44]]",bird-mixit+tweetynet
grcgre1,Podiceps cristatus,xc:462953,xc_462953,0,"[0.997373, 0.0, 0.0, 0.0]",0.9974,0.9974,27.5,0.4384,0.7154,0.713587,3,5.84,6.07,0.23,1,0.23,0.0,"[[5.84, 6.07]]",bird-mixit+tweetynet
grcgre1,Podiceps cristatus,xc:776378,xc_776378,3,"[0.0, 0.0, 0.0, 0.99979]",0.9998,0.9998,18.17,0.5453,0.7114,0.711224,0,0.02,0.46,0.44,3,0.21,0.5227,"[[0.02, 0.06], [0.19, 0.3], [0.4, 0.46]]",bird-mixit+tweetynet
grcgre1,Podiceps cristatus,xc:37502,xc_37502,0,"[0.99544, 0.0, 0.0, 0.0]",0.9954,0.9954,13.42,0.925,0.7087,0.705433,4,21.61,28.85,7.24,16,5.69,0.2141,"[[21.61, 22.26], [22.32, 22.47], [22.54, 23.12], [23.32, 23.42], [23.55, 24.74], [24.81, 25.04], [25.22, 25.62], [25.67, 26.7], [27.02, 27.18], [27.24, 27.37], [27.47, 27.61], [27.68, 27.83], [27.89, 28.05], [28.11, 28.27], [28.34, 28.48], [28.53, 28.85]]",bird-mixit+tweetynet
grcgre1,Podiceps cristatus,xc:604736,xc_604736,0,"[0.998947, 0.049178, 0.025296, 0.194763]",0.9989,0.9989,12.94,0.9927,0.7048,0.703989,3,12.15,15.98,3.83,8,3.26,0.1488,"[[12.15, 12.49], [12.54, 13.1], [13.18, 13.85], [13.91, 14.2], [14.3, 14.62], [14.75, 15.01], [15.1, 15.35], [15.41, 15.98]]",bird-mixit+tweetynet
grcgre1,Podiceps cristatus,xc:386365,xc_386365,1,"[0.998199, 0.998331, 0.0, 0.0]",0.9983,0.9983,13.27,0.9335,0.7034,0.702203,12,23.9,30.77,6.87,16,5.43,0.2096,"[[23.9, 24.11], [24.22, 24.37], [24.52, 24.75], [24.81, 24.96], [25.09, 25.41], [25.51, 25.61], [25.75, 26.0], [26.07, 26.24], [26.39, 26.6], [26.68, 27.21], [27.26, 27.44], [27.55, 27.73], [27.78, 27.97], [28.05, 28.55], [28.63, 30.3], [30.38, 30.77]]",bird-mixit+tweetynet
grcgre1,Podiceps cristatus,xc:90479,xc_90479,0,"[0.999199, 0.995783, 0.061062, 0.933627]",0.9992,0.9992,12.87,0.9975,0.7018,0.70123,4,4.31,12.31,8.0,1,8.0,0.0,"[[4.31, 12.31]]",bird-mixit+tweetynet
grecor,Phalacrocorax carbo,xc:678228,xc_678228,0,"[0.971506, 0.0, 0.459807, 0.995617]",0.9715,0.9956,21.48,0.8709,0.9065,0.880631,39,80.84,82.87,2.03,5,1.33,0.3448,"[[80.84, 80.88], [81.08, 81.15], [81.37, 82.45], [82.61, 82.66], [82.78, 82.87]]",bird-mixit+tweetynet
grecor,Phalacrocorax carbo,xc:678228,xc_678228,0,"[0.971506, 0.0, 0.459807, 0.995617]",0.9715,0.9956,18.36,0.6688,0.7716,0.749616,37,71.86,79.48,7.62,22,3.89,0.4895,"[[71.86, 71.99], [72.22, 72.56], [72.61, 72.8], [72.93, 73.24], [73.29, 73.34], [73.45, 73.58], [73.71, 73.75], [73.99, 74.34], [74.52, 74.62], [74.94, 75.14], [75.3, 75.44], [75.59, 75.84], [75.95, 76.0], [76.08, 76.15], [76.42, 76.49], [76.86, 77.0], [77.05, 77.13], [77.41, 77.51], [77.75, 77.96], [78.34, 79.04], [79.16, 79.34], [79.42, 79.48]]",bird-mixit+tweetynet
grecor,Phalacrocorax carbo,xc:643572,xc_643572,1,"[0.999912, 0.821514, 0.986829, 0.999495]",0.8215,0.9999,17.73,0.9987,0.9099,0.747493,29,97.07,102.53,5.46,13,3.85,0.2949,"[[97.07, 97.22], [97.35, 97.59], [97.8, 97.96], [98.03, 98.09], [98.42, 98.49], [98.6, 99.14], [99.29, 99.52], [99.65, 99.95], [100.02, 100.24], [100.35, 100.92], [100.98, 101.22], [101.37, 102.0], [102.09, 102.53]]",bird-mixit+tweetynet
grecor,Phalacrocorax carbo,xc:643573,xc_643573,0,"[0.999891, 0.051549, 0.142707, 0.61771]",0.9999,0.9999,13.62,0.96,0.7329,0.732778,0,0.15,6.34,6.19,3,6.08,0.0178,"[[0.15, 2.53], [2.59, 2.75], [2.8, 6.34]]",bird-mixit+tweetynet
grecor,Phalacrocorax carbo,xc:643572,xc_643572,1,"[0.999912, 0.821514, 0.986829, 0.999495]",0.8215,0.9999,16.17,0.9965,0.8626,0.70859,28,93.63,96.68,3.05,5,2.68,0.1213,"[[93.63, 93.76], [93.9, 94.0], [94.06, 95.26], [95.31, 96.4], [96.52, 96.68]]",bird-mixit+tweetynet
grecor,Phalacrocorax carbo,xc:643572,xc_643572,1,"[0.999912, 0.821514, 0.986829, 0.999495]",0.8215,0.9999,14.9,0.9978,0.8124,0.667374,32,109.68,115.5,5.82,14,3.95,0.3213,"[[109.68, 109.87], [110.04, 110.22], [110.34, 110.66], [110.78, 111.43], [111.54, 112.04], [112.15, 112.42], [112.54, 112.72], [112.91, 113.07], [113.18, 113.43], [113.57, 113.76], [113.91, 114.03], [114.17, 114.39], [114.62, 114.77], [114.93, 115.5]]",bird-mixit+tweetynet
grecor,Phalacrocorax carbo,xc:643572,xc_643572,1,"[0.999912, 0.821514, 0.986829, 0.999495]",0.8215,0.9999,14.18,0.9981,0.7774,0.63862,39,143.63,150.99,7.36,12,6.34,0.1386,"[[143.63, 144.34], [144.4, 144.72], [144.79, 144.95], [145.0, 146.19], [146.31, 147.16], [147.21, 147.27], [147.37, 148.88], [149.1, 149.32], [149.41, 149.58], [149.72, 150.33], [150.39, 150.75], [150.81, 150.99]]",bird-mixit+tweetynet
grecor,Phalacrocorax carbo,xc:643572,xc_643572,1,"[0.999912, 0.821514, 0.986829, 0.999495]",0.8215,0.9999,14.12,0.9964,0.7732,0.635221,43,157.54,161.78,4.24,13,2.07,0.5118,"[[157.54, 157.6], [157.92, 158.01], [158.25, 158.4], [158.56, 158.78], [158.92, 159.13], [159.29, 159.5], [159.64, 159.73], [159.93, 160.15], [160.29, 160.48], [160.68, 160.88], [161.18, 161.22], [161.31, 161.61], [161.69, 161.78]]",bird-mixit+tweetynet
grecor,Phalacrocorax carbo,xc:627838,xc_627838,3,"[0.039264, 0.422551, 0.201906, 0.863229]",0.8632,0.8632,13.72,0.9335,0.7281,0.628511,257,465.15,465.68,0.53,3,0.29,0.4528,"[[465.15, 465.22], [465.27, 465.36], [465.55, 465.68]]",bird-mixit+tweetynet
grecor,Phalacrocorax carbo,xc:923216,xc_923216,0,"[0.999793, 0.096184, 0.656419, 0.407357]",0.9998,0.9998,15.69,0.4727,0.6234,0.623245,16,65.2,65.86,0.66,1,0.66,0.0,"[[65.2, 65.86]]",bird-mixit+tweetynet
grecor,Phalacrocorax carbo,xc:643573,xc_643573,0,"[0.999891, 0.051549, 0.142707, 0.61771]",0.9999,0.9999,11.61,0.9694,0.6091,0.609005,2,8.29,13.81,5.52,3,5.4,0.0217,"[[8.29, 12.03], [12.09, 13.04], [13.1, 13.81]]",bird-mixit+tweetynet
grecor,Phalacrocorax carbo,xc:643573,xc_643573,0,"[0.999891, 0.051549, 0.142707, 0.61771]",0.9999,0.9999,11.66,0.9529,0.6074,0.607344,7,24.6,26.89,2.29,2,2.24,0.0218,"[[24.6, 25.06], [25.11, 26.89]]",bird-mixit+tweetynet
grecor,Phalacrocorax carbo,xc:214292,xc_214292,0,"[0.998435, 0.11023, 0.049548, 0.936198]",0.9984,0.9984,19.9,0.2785,0.6081,0.607113,11,41.76,43.44,1.68,5,1.13,0.3274,"[[41.76, 41.84], [41.97, 42.0], [42.14, 42.58], [42.78, 42.86], [42.94, 43.44]]",bird-mixit+tweetynet
grecor,Phalacrocorax carbo,xc:625357,xc_625357,1,"[0.999829, 0.659823, 0.45663, 0.904628]",0.6598,0.9998,23.17,0.8715,0.9181,0.605769,130,213.5,216.66,3.16,8,1.8,0.4304,"[[213.5, 213.54], [213.6, 213.65], [213.78, 214.04], [214.11, 214.26], [214.38, 215.16], [215.51, 215.73], [216.0, 216.07], [216.43, 216.66]]",bird-mixit+tweetynet
grecor,Phalacrocorax carbo,xc:678228,xc_678228,0,"[0.971506, 0.0, 0.459807, 0.995617]",0.9715,0.9956,13.46,0.6789,0.62,0.602298,0,0.04,1.5,1.46,2,1.38,0.0548,"[[0.04, 1.33], [1.41, 1.5]]",bird-mixit+tweetynet
grecor,Phalacrocorax carbo,xc:643573,xc_643573,0,"[0.999891, 0.051549, 0.142707, 0.61771]",0.9999,0.9999,11.63,0.9377,0.6007,0.600664,5,17.03,23.8,6.77,1,6.77,0.0,"[[17.03, 23.8]]",bird-mixit+tweetynet
grecor,Phalacrocorax carbo,xc:90635,xc_90635,0,"[0.995591, 0.010879, 0.294241, 0.849884]",0.9956,0.9956,12.25,0.817,0.6022,0.599587,13,32.92,37.33,4.41,8,3.47,0.2132,"[[32.92, 33.16], [33.29, 33.62], [33.79, 34.3], [34.37, 34.82], [34.91, 35.33], [35.51, 35.6], [35.67, 36.15], [36.38, 37.33]]",bird-mixit+tweetynet
grecor,Phalacrocorax carbo,xc:643573,xc_643573,0,"[0.999891, 0.051549, 0.142707, 0.61771]",0.9999,0.9999,11.39,0.9703,0.5938,0.593733,1,6.42,8.19,1.77,1,1.77,0.0,"[[6.42, 8.19]]",bird-mixit+tweetynet
grecor,Phalacrocorax carbo,xc:214292,xc_214292,0,"[0.998435, 0.11023, 0.049548, 0.936198]",0.9984,0.9984,21.68,0.1752,0.5704,0.569496,13,45.3,48.27,2.97,6,2.1,0.2929,"[[45.3, 46.06], [46.12, 46.17], [46.27, 46.35], [46.53, 47.64], [47.91, 47.97], [48.23, 48.27]]",bird-mixit+tweetynet
grecor,Phalacrocorax carbo,xc:214292,xc_214292,0,"[0.998435, 0.11023, 0.049548, 0.936198]",0.9984,0.9984,16.72,0.2817,0.5654,0.564539,4,15.64,20.81,5.17,9,4.11,0.205,"[[15.64, 16.26], [16.43, 17.45], [17.66, 18.03], [18.14, 18.24], [18.32, 19.15], [19.23, 19.26], [19.46, 19.58], [19.72, 19.91], [19.98, 20.81]]",bird-mixit+tweetynet
grecor,Phalacrocorax carbo,xc:214292,xc_214292,0,"[0.998435, 0.11023, 0.049548, 0.936198]",0.9984,0.9984,15.4,0.3509,0.5639,0.563021,3,12.69,15.42,2.73,5,2.29,0.1612,"[[12.69, 13.78], [13.98, 14.47], [14.52, 14.87], [14.96, 15.2], [15.3, 15.42]]",bird-mixit+tweetynet
grecor,Phalacrocorax carbo,xc:620507,xc_620507,3,"[0.006288, 0.351928, 0.0, 0.983123]",0.9831,0.9831,12.04,0.7518,0.5679,0.558313,15,25.5,25.61,0.11,1,0.11,0.0,"[[25.5, 25.61]]",bird-mixit+tweetynet
grecor,Phalacrocorax carbo,xc:678228,xc_678228,0,"[0.971506, 0.0, 0.459807, 0.995617]",0.9715,0.9956,18.55,0.2352,0.5734,0.55708,20,36.83,37.25,0.42,2,0.21,0.5,"[[36.83, 36.94], [37.15, 37.25]]",bird-mixit+tweetynet
grecor,Phalacrocorax carbo,xc:316374,xc_316374,0,"[0.83329, 0.085529, 0.019611, 0.99733]",0.8333,0.9973,13.11,0.8502,0.6641,0.553396,51,136.72,142.25,5.53,8,4.44,0.1971,"[[136.72, 136.98], [137.04, 137.49], [137.65, 138.98], [139.03, 139.47], [139.71, 140.15], [140.36, 140.85], [141.08, 141.65], [141.79, 142.25]]",bird-mixit+tweetynet
grecor,Phalacrocorax carbo,xc:678228,xc_678228,0,"[0.971506, 0.0, 0.459807, 0.995617]",0.9715,0.9956,14.53,0.4194,0.5648,0.548673,3,6.9,11.57,4.67,10,3.41,0.2698,"[[6.9, 7.02], [7.15, 8.15], [8.25, 8.66], [8.85, 8.94], [9.16, 9.26], [9.31, 9.39], [9.6, 9.87], [10.04, 11.08], [11.2, 11.4], [11.47, 11.57]]",bird-mixit+tweetynet
grecor,Phalacrocorax carbo,xc:316374,xc_316374,0,"[0.83329, 0.085529, 0.019611, 0.99733]",0.8333,0.9973,12.55,0.9132,0.6531,0.544243,52,143.03,145.93,2.9,6,2.11,0.2724,"[[143.03, 143.06], [143.3, 143.9], [143.97, 144.48], [144.62, 144.7], [144.77, 145.19], [145.46, 145.93]]",bird-mixit+tweetynet
grecor,Phalacrocorax carbo,xc:627838,xc_627838,3,"[0.039264, 0.422551, 0.201906, 0.863229]",0.8632,0.8632,12.74,0.8137,0.63,0.543854,323,563.7,563.81,0.11,1,0.11,0.0,"[[563.7, 563.81]]",bird-mixit+tweetynet
grecor,Phalacrocorax carbo,xc:923216,xc_923216,0,"[0.999793, 0.096184, 0.656419, 0.407357]",0.9998,0.9998,12.88,0.5405,0.5421,0.541976,14,56.16,57.38,1.22,2,1.16,0.0492,"[[56.16, 56.62], [56.68, 57.38]]",bird-mixit+tweetynet
grecor,Phalacrocorax carbo,xc:90635,xc_90635,0,"[0.995591, 0.010879, 0.294241, 0.849884]",0.9956,0.9956,11.67,0.739,0.5414,0.539061,16,43.34,49.66,6.32,9,4.76,0.2468,"[[43.34, 43.88], [44.0, 44.39], [44.61, 45.11], [45.18, 46.18], [46.47, 46.88], [47.18, 47.73], [47.83, 48.03], [48.27, 48.89], [49.11, 49.66]]",bird-mixit+tweetynet
grecor,Phalacrocorax carbo,xc:316374,xc_316374,0,"[0.83329, 0.085529, 0.019611, 0.99733]",0.8333,0.9973,11.93,0.9022,0.6093,0.507729,16,36.71,37.05,0.34,2,0.22,0.3529,"[[36.71, 36.83], [36.95, 37.05]]",bird-mixit+tweetynet
grecor,Phalacrocorax carbo,xc:316374,xc_316374,0,"[0.83329, 0.085529, 0.019611, 0.99733]",0.8333,0.9973,12.39,0.7849,0.5999,0.499904,3,6.05,7.6,1.55,7,0.63,0.5935,"[[6.05, 6.08], [6.16, 6.21], [6.29, 6.33], [6.52, 6.67], [6.95, 7.2], [7.35, 7.4], [7.54, 7.6]]",bird-mixit+tweetynet
grecor,Phalacrocorax carbo,xc:29570,xc_29570,1,"[0.998237, 0.533575, 0.0, 0.952367]",0.5336,0.9982,18.28,0.9955,0.921,0.491467,14,55.26,59.55,4.29,8,3.49,0.1865,"[[55.26, 55.55], [55.61, 56.3], [56.37, 56.58], [56.74, 57.95], [58.0, 58.15], [58.22, 58.68], [58.97, 59.18], [59.28, 59.55]]",bird-mixit+tweetynet
grecor,Phalacrocorax carbo,xc:316374,xc_316374,0,"[0.83329, 0.085529, 0.019611, 0.99733]",0.8333,0.9973,12.9,0.6651,0.5866,0.488832,47,120.66,123.67,3.01,9,1.39,0.5382,"[[120.66, 120.78], [120.86, 121.0], [121.25, 121.56], [121.77, 122.06], [122.2, 122.39], [122.59, 122.67], [122.97, 123.05], [123.33, 123.48], [123.64, 123.67]]",bird-mixit+tweetynet
grecor,Phalacrocorax carbo,xc:90635,xc_90635,0,"[0.995591, 0.010879, 0.294241, 0.849884]",0.9956,0.9956,14.36,0.2366,0.4866,0.484456,17,50.08,51.57,1.49,5,1.12,0.2483,"[[50.08, 50.6], [50.66, 50.71], [50.77, 50.82], [50.97, 51.27], [51.37, 51.57]]",bird-mixit+tweetynet
grecor,Phalacrocorax carbo,xc:29570,xc_29570,1,"[0.998237, 0.533575, 0.0, 0.952367]",0.5336,0.9982,17.32,0.9965,0.8983,0.479324,11,35.26,42.7,7.44,9,6.59,0.1142,"[[35.26, 35.34], [35.45, 36.04], [36.09, 36.2], [36.41, 36.92], [36.99, 37.42], [37.47, 37.53], [37.58, 37.8], [37.95, 42.17], [42.33, 42.7]]",bird-mixit+tweetynet
grecor,Phalacrocorax carbo,xc:29570,xc_29570,1,"[0.998237, 0.533575, 0.0, 0.952367]",0.5336,0.9982,16.25,0.9963,0.8653,0.46173,9,26.48,33.82,7.34,6,6.94,0.0545,"[[26.48, 27.53], [27.62, 28.66], [28.72, 28.89], [28.94, 30.32], [30.45, 32.09], [32.16, 33.82]]",bird-mixit+tweetynet
grecor,Phalacrocorax carbo,xc:210926,xc_210926,3,"[0.066723, 0.0, 0.0, 0.849647]",0.8496,0.8496,10.62,0.9659,0.5373,0.45646,39,84.56,85.29,0.73,2,0.35,0.5205,"[[84.56, 84.71], [85.09, 85.29]]",bird-mixit+tweetynet
grecor,Phalacrocorax carbo,xc:923216,xc_923216,0,"[0.999793, 0.096184, 0.656419, 0.407357]",0.9998,0.9998,11.93,0.4114,0.4521,0.451966,2,2.37,5.77,3.4,6,3.03,0.1088,"[[2.37, 2.57], [2.62, 3.01], [3.11, 4.42], [4.52, 5.16], [5.23, 5.41], [5.46, 5.77]]",bird-mixit+tweetynet
grecor,Phalacrocorax carbo,xc:29570,xc_29570,1,"[0.998237, 0.533575, 0.0, 0.952367]",0.5336,0.9982,15.13,0.9947,0.8211,0.438115,6,15.88,19.92,4.04,3,3.88,0.0396,"[[15.88, 17.18], [17.27, 19.67], [19.74, 19.92]]",bird-mixit+tweetynet
grecor,Phalacrocorax carbo,xc:29570,xc_29570,1,"[0.998237, 0.533575, 0.0, 0.952367]",0.5336,0.9982,14.31,0.9899,0.7805,0.416465,12,43.06,47.4,4.34,13,2.7,0.3779,"[[43.06, 43.2], [43.27, 43.38], [43.44, 43.53], [43.6, 43.86], [43.93, 44.0], [44.3, 44.6], [44.84, 44.92], [45.14, 45.31], [45.41, 45.5], [45.59, 45.63], [45.72, 46.01], [46.29, 46.33], [46.38, 47.4]]",bird-mixit+tweetynet
grecor,Phalacrocorax carbo,xc:620507,xc_620507,3,"[0.006288, 0.351928, 0.0, 0.983123]",0.9831,0.9831,14.54,0.0601,0.4219,0.414721,3,8.64,11.09,2.45,8,1.72,0.298,"[[8.64, 9.08], [9.23, 9.54], [9.6, 9.83], [9.89, 10.22], [10.32, 10.45], [10.59, 10.65], [10.78, 10.87], [10.96, 11.09]]",bird-mixit+tweetynet
grecor,Phalacrocorax carbo,xc:318520,xc_318520,1,"[0.998962, 0.793921, 0.654989, 0.943718]",0.7939,0.999,10.43,0.9353,0.5153,0.409109,12,23.61,28.04,4.43,15,2.46,0.4447,"[[23.61, 23.87], [23.94, 23.98], [24.25, 24.51], [24.58, 24.65], [24.9, 25.21], [25.28, 25.42], [25.61, 25.87], [25.98, 26.01], [26.28, 26.47], [26.63, 26.7], [26.9, 27.2], [27.27, 27.36], [27.44, 27.48], [27.59, 27.9], [27.95, 28.04]]",bird-mixit+tweetynet
grecor,Phalacrocorax carbo,xc:318520,xc_318520,1,"[0.998962, 0.793921, 0.654989, 0.943718]",0.7939,0.999,10.2,0.9515,0.5028,0.39919,13,28.33,34.84,6.51,17,4.35,0.3318,"[[28.33, 28.56], [28.63, 28.73], [29.0, 29.23], [29.34, 29.56], [29.7, 29.89], [29.98, 30.07], [30.14, 30.73], [30.84, 30.91], [30.98, 31.44], [31.68, 32.1], [32.37, 32.74], [32.87, 32.96], [33.08, 33.46], [33.54, 33.63], [33.74, 34.05], [34.23, 34.33], [34.43, 34.84]]",bird-mixit+tweetynet
grecor,Phalacrocorax carbo,xc:627838,xc_627838,3,"[0.039264, 0.422551, 0.201906, 0.863229]",0.8632,0.8632,14.26,0.1417,0.4464,0.385321,352,601.09,601.28,0.19,2,0.13,0.3158,"[[601.09, 601.14], [601.2, 601.28]]",bird-mixit+tweetynet
grecor,Phalacrocorax carbo,xc:318520,xc_318520,1,"[0.998962, 0.793921, 0.654989, 0.943718]",0.7939,0.999,10.13,0.8969,0.4832,0.383581,7,15.33,18.85,3.52,8,1.83,0.4801,"[[15.33, 15.44], [15.75, 16.1], [16.26, 16.67], [17.05, 17.14], [17.35, 17.4], [17.52, 17.93], [18.21, 18.56], [18.79, 18.85]]",bird-mixit+tweetynet
grecor,Phalacrocorax carbo,xc:627838,xc_627838,3,"[0.039264, 0.422551, 0.201906, 0.863229]",0.8632,0.8632,11.11,0.5121,0.4405,0.380218,250,452.6,453.04,0.44,2,0.22,0.5,"[[452.6, 452.66], [452.88, 453.04]]",bird-mixit+tweetynet
grecor,Phalacrocorax carbo,xc:806437,xc_806437,3,"[0.7054, 0.25683, 0.060871, 0.967483]",0.9675,0.9675,11.28,0.2975,0.3861,0.373528,27,101.67,103.37,1.7,6,0.95,0.4412,"[[101.67, 101.76], [101.89, 102.0], [102.17, 102.78], [102.97, 103.01], [103.17, 103.21], [103.31, 103.37]]",bird-mixit+tweetynet
grecor,Phalacrocorax carbo,xc:214292,xc_214292,0,"[0.998435, 0.11023, 0.049548, 0.936198]",0.9984,0.9984,13.7,-0.0107,0.3721,0.371535,15,53.33,57.69,4.36,10,2.67,0.3876,"[[53.33, 53.38], [53.47, 53.57], [53.97, 54.09], [54.16, 54.63], [54.74, 54.85], [54.92, 55.56], [55.77, 55.81], [56.03, 56.51], [56.71, 56.91], [57.23, 57.69]]",bird-mixit+tweetynet
grecor,Phalacrocorax carbo,xc:801467,xc_801467,0,"[0.942025, 0.011732, 0.429148, 0.346703]",0.942,0.942,8.74,0.9241,0.3912,0.36853,32,55.62,56.73,1.11,4,0.64,0.4234,"[[55.62, 55.71], [55.97, 56.0], [56.14, 56.19], [56.26, 56.73]]",bird-mixit+tweetynet
grecor,Phalacrocorax carbo,xc:318520,xc_318520,1,"[0.998962, 0.793921, 0.654989, 0.943718]",0.7939,0.999,9.58,0.9404,0.4548,0.361061,14,35.23,37.41,2.18,6,1.31,0.3991,"[[35.23, 35.3], [35.36, 35.51], [35.76, 36.34], [36.45, 36.66], [36.82, 36.86], [37.15, 37.41]]",bird-mixit+tweetynet
grecor,Phalacrocorax carbo,xc:31619,xc_31619,0,"[0.989626, 0.0, 0.0, 0.022054]",0.9896,0.9896,15.51,-0.1362,0.3625,0.35872,1,1.59,3.76,2.17,6,1.73,0.2028,"[[1.59, 1.62], [1.71, 1.77], [1.84, 3.3], [3.43, 3.48], [3.55, 3.63], [3.71, 3.76]]",bird-mixit+tweetynet
grecor,Phalacrocorax carbo,xc:627838,xc_627838,3,"[0.039264, 0.422551, 0.201906, 0.863229]",0.8632,0.8632,12.88,0.1644,0.4095,0.353503,251,454.1,454.61,0.51,2,0.33,0.3529,"[[454.1, 454.25], [454.43, 454.61]]",bird-mixit+tweetynet
grecor,Phalacrocorax carbo,xc:625357,xc_625357,1,"[0.999829, 0.659823, 0.45663, 0.904628]",0.6598,0.9998,10.47,0.9557,0.5233,0.345299,139,237.58,244.68,7.1,15,5.21,0.2662,"[[237.58, 237.82], [237.94, 238.2], [238.34, 238.58], [238.73, 238.99], [239.09, 239.38], [239.49, 239.96], [240.06, 240.16], [240.23, 240.44], [240.5, 240.77], [241.03, 241.22], [241.32, 241.74], [242.12, 242.76], [242.82, 243.01], [243.06, 244.31], [244.5, 244.68]]",bird-mixit+tweetynet
grecor,Phalacrocorax carbo,xc:90635,xc_90635,0,"[0.995591, 0.010879, 0.294241, 0.849884]",0.9956,0.9956,8.59,0.743,0.3447,0.343225,21,63.33,68.35,5.02,3,4.87,0.0299,"[[63.33, 65.94], [66.02, 66.82], [66.89, 68.35]]",bird-mixit+tweetynet
grecor,Phalacrocorax carbo,xc:625357,xc_625357,1,"[0.999829, 0.659823, 0.45663, 0.904628]",0.6598,0.9998,10.5,0.9335,0.5194,0.342722,0,0.51,4.34,3.83,8,3.03,0.2089,"[[0.51, 2.26], [2.37, 2.42], [2.5, 2.56], [2.65, 2.71], [2.79, 2.87], [2.95, 3.15], [3.26, 3.83], [4.08, 4.34]]",bird-mixit+tweetynet
grecor,Phalacrocorax carbo,xc:280961,xc_280961,2,"[0.857717, 0.066958, 0.984368, 0.636949]",0.9844,0.9844,14.4,-0.1235,0.3459,0.340489,6,14.27,15.77,1.5,2,1.16,0.2267,"[[14.27, 14.69], [15.03, 15.77]]",bird-mixit+tweetynet
grecor,Phalacrocorax carbo,xc:448710,xc_448710,0,"[0.976333, 0.0, 0.0, 0.121513]",0.9763,0.9763,28.73,-0.3092,0.3442,0.336008,3,4.23,6.15,1.92,4,1.19,0.3802,"[[4.23, 4.35], [4.56, 5.15], [5.41, 5.59], [5.85, 6.15]]",bird-mixit+tweetynet
grecor,Phalacrocorax carbo,xc:806437,xc_806437,3,"[0.7054, 0.25683, 0.060871, 0.967483]",0.9675,0.9675,9.12,0.5814,0.3437,0.332541,24,91.46,92.8,1.34,5,0.67,0.5,"[[91.46, 91.52], [91.68, 91.73], [91.91, 91.97], [92.15, 92.4], [92.55, 92.8]]",bird-mixit+tweetynet
grecor,Phalacrocorax carbo,xc:923216,xc_923216,0,"[0.999793, 0.096184, 0.656419, 0.407357]",0.9998,0.9998,9.58,0.4157,0.3314,0.331368,4,9.22,16.14,6.92,7,6.47,0.065,"[[9.22, 10.33], [10.42, 11.12], [11.2, 11.3], [11.37, 12.76], [12.81, 15.26], [15.37, 15.52], [15.57, 16.14]]",bird-mixit+tweetynet
grecor,Phalacrocorax carbo,xc:822472,xc_822472,0,"[0.346849, 0.056044, 0.0, 0.216888]",0.3468,0.3468,20.63,0.9838,0.9527,0.330395,8,26.77,29.32,2.55,7,1.39,0.4549,"[[26.77, 26.87], [27.21, 27.44], [27.69, 27.82], [27.9, 28.04], [28.11, 28.31], [28.55, 28.79], [28.97, 29.32]]",bird-mixit+tweetynet
grecor,Phalacrocorax carbo,xc:318520,xc_318520,1,"[0.998962, 0.793921, 0.654989, 0.943718]",0.7939,0.999,8.85,0.9226,0.3985,0.316347,8,19.35,20.52,1.17,3,0.55,0.5299,"[[19.35, 19.41], [19.64, 19.91], [20.3, 20.52]]",bird-mixit+tweetynet
grecor,Phalacrocorax carbo,xc:923216,xc_923216,0,"[0.999793, 0.096184, 0.656419, 0.407357]",0.9998,0.9998,9.25,0.4205,0.3152,0.31512,13,53.95,56.0,2.05,3,1.89,0.078,"[[53.95, 54.6], [54.71, 55.89], [55.94, 56.0]]",bird-mixit+tweetynet
grecor,Phalacrocorax carbo,xc:210926,xc_210926,3,"[0.066723, 0.0, 0.0, 0.849647]",0.8496,0.8496,9.98,0.4794,0.3688,0.313298,42,90.27,95.28,5.01,16,3.67,0.2675,"[[90.27, 90.38], [90.55, 90.81], [90.9, 91.0], [91.16, 91.8], [91.9, 92.02], [92.1, 92.57], [92.62, 92.75], [92.87, 93.32], [93.43, 93.68], [93.75, 93.92], [93.98, 94.12], [94.17, 94.22], [94.28, 94.4], [94.46, 94.6], [94.69, 95.11], [95.18, 95.28]]",bird-mixit+tweetynet
grecor,Phalacrocorax carbo,xc:90635,xc_90635,0,"[0.995591, 0.010879, 0.294241, 0.849884]",0.9956,0.9956,8.7,0.5504,0.313,0.311634,12,25.2,32.66,7.46,12,5.9,0.2091,"[[25.2, 25.61], [25.78, 26.2], [26.36, 26.68], [26.83, 27.16], [27.24, 27.72], [27.9, 28.27], [28.5, 28.89], [28.96, 29.79], [29.95, 30.61], [30.78, 31.48], [31.59, 32.47], [32.55, 32.66]]",bird-mixit+tweetynet
grecor,Phalacrocorax carbo,xc:806437,xc_806437,3,"[0.7054, 0.25683, 0.060871, 0.967483]",0.9675,0.9675,14.82,-0.2043,0.3221,0.311617,17,74.18,80.16,5.98,15,3.07,0.4866,"[[74.18, 74.58], [74.68, 74.73], [75.04, 75.09], [75.23, 75.36], [75.47, 75.72], [75.81, 76.27], [76.4, 76.6], [76.88, 76.94], [77.02, 77.05], [77.13, 77.19], [77.35, 77.41], [77.73, 77.79], [78.19, 78.41], [78.78, 79.78], [80.12, 80.16]]",bird-mixit+tweetynet
grecor,Phalacrocorax carbo,xc:431888,xc_431888,0,"[0.597589, 0.014305, 0.216386, 0.998346]",0.5976,0.9983,11.15,0.7415,0.5099,0.304686,7,30.24,36.54,6.3,7,5.53,0.1222,"[[30.24, 30.92], [31.01, 32.67], [32.78, 33.31], [33.48, 33.67], [33.77, 35.1], [35.27, 35.3], [35.43, 36.54]]",bird-mixit+tweetynet
grecor,Phalacrocorax carbo,xc:930052,xc_930052,0,"[0.965479, 0.062086, 0.012139, 0.12186]",0.9655,0.9655,12.62,-0.1141,0.3042,0.293675,2,9.69,11.05,1.36,3,1.23,0.0956,"[[9.69, 10.3], [10.38, 10.95], [11.0, 11.05]]",bird-mixit+tweetynet
grecor,Phalacrocorax carbo,xc:620507,xc_620507,3,"[0.006288, 0.351928, 0.0, 0.983123]",0.9831,0.9831,26.49,-0.8186,0.2979,0.292852,1,3.73,7.58,3.85,13,2.39,0.3792,"[[3.73, 3.78], [3.87, 4.14], [4.22, 4.41], [4.63, 4.78], [4.83, 4.89], [4.98, 5.3], [5.35, 5.56], [5.63, 5.8], [5.93, 6.71], [6.76, 6.8], [7.01, 7.05], [7.24, 7.27], [7.5, 7.58]]",bird-mixit+tweetynet
grecor,Phalacrocorax carbo,xc:448710,xc_448710,0,"[0.976333, 0.0, 0.0, 0.121513]",0.9763,0.9763,29.5,-0.4547,0.2991,0.292048,8,11.42,13.35,1.93,6,1.15,0.4041,"[[11.42, 11.45], [11.59, 12.1], [12.41, 12.46], [12.54, 12.86], [13.04, 13.23], [13.3, 13.35]]",bird-mixit+tweetynet
grecor,Phalacrocorax carbo,xc:806437,xc_806437,3,"[0.7054, 0.25683, 0.060871, 0.967483]",0.9675,0.9675,25.15,-0.9724,0.2968,0.287198,30,108.08,114.81,6.73,19,3.99,0.4071,"[[108.08, 108.13], [108.23, 108.41], [108.48, 108.61], [108.85, 109.13], [109.18, 109.32], [109.39, 109.44], [109.54, 109.87], [110.11, 110.6], [110.93, 111.01], [111.11, 111.16], [111.43, 112.38], [112.43, 112.47], [112.78, 112.94], [113.04, 113.09], [113.26, 113.48], [113.54, 113.59], [113.76, 113.83], [114.07, 114.55], [114.62, 114.81]]",bird-mixit+tweetynet
grecor,Phalacrocorax carbo,xc:766574,xc_766574,0,"[0.988706, 0.0, 0.0, 0.0]",0.9887,0.9887,20.48,-0.7844,0.2876,0.284343,1,6.52,8.44,1.92,6,1.35,0.2969,"[[6.52, 7.28], [7.41, 7.44], [7.57, 7.61], [7.66, 7.73], [7.9, 8.0], [8.09, 8.44]]",bird-mixit+tweetynet
grecor,Phalacrocorax carbo,xc:210926,xc_210926,3,"[0.066723, 0.0, 0.0, 0.849647]",0.8496,0.8496,8.01,0.8746,0.3328,0.282718,38,83.38,83.68,0.3,1,0.3,0.0,"[[83.38, 83.68]]",bird-mixit+tweetynet
grecor,Phalacrocorax carbo,xc:801467,xc_801467,0,"[0.942025, 0.011732, 0.429148, 0.346703]",0.942,0.942,7.43,0.8952,0.2998,0.282406,34,62.63,67.07,4.44,11,3.05,0.3131,"[[62.63, 62.8], [63.14, 63.58], [63.88, 64.0], [64.07, 64.6], [64.68, 65.0], [65.13, 65.2], [65.28, 65.38], [65.47, 65.55], [65.6, 65.85], [65.91, 66.67], [66.86, 67.07]]",bird-mixit+tweetynet
grecor,Phalacrocorax carbo,xc:806437,xc_806437,3,"[0.7054, 0.25683, 0.060871, 0.967483]",0.9675,0.9675,21.71,-0.4604,0.2913,0.281857,34,128.19,130.67,2.48,9,1.43,0.4234,"[[128.19, 128.27], [128.33, 128.5], [128.69, 128.79], [128.85, 128.89], [128.99, 129.35], [129.46, 129.86], [130.1, 130.25], [130.41, 130.5], [130.63, 130.67]]",bird-mixit+tweetynet
grecor,Phalacrocorax carbo,xc:448710,xc_448710,0,"[0.976333, 0.0, 0.0, 0.121513]",0.9763,0.9763,20.59,-0.9771,0.288,0.281179,6,8.9,9.26,0.36,2,0.25,0.3056,"[[8.9, 9.09], [9.2, 9.26]]",bird-mixit+tweetynet
greegr,Ardea alba,xc:196155,xc_196155,1,"[0.980348, 0.818717, 0.454288, 0.418838]",0.8187,0.9803,23.22,0.9576,0.9606,0.786462,49,110.01,116.51,6.5,20,3.31,0.4908,"[[110.01, 110.09], [110.29, 110.56], [110.62, 110.72], [110.98, 111.02], [111.11, 111.2], [111.29, 111.38], [111.61, 111.83], [111.92, 112.01], [112.1, 112.15], [112.43, 112.51], [112.61, 112.68], [112.92, 113.0], [113.07, 113.15], [113.25, 113.35], [113.69, 113.78], [113.98, 114.41], [114.69, 115.18], [115.27, 115.35], [115.42, 115.83], [116.14, 116.51]]",bird-mixit+tweetynet
greegr,Ardea alba,xc:196155,xc_196155,1,"[0.980348, 0.818717, 0.454288, 0.418838]",0.8187,0.9803,18.97,0.9755,0.925,0.757289,44,82.79,90.03,7.24,26,3.97,0.4517,"[[82.79, 82.89], [83.04, 83.18], [83.26, 83.62], [83.71, 83.81], [84.11, 84.18], [84.26, 84.38], [84.45, 84.53], [84.62, 84.81], [84.91, 84.94], [85.17, 85.27], [85.34, 85.46], [85.54, 85.62], [85.7, 85.82], [85.97, 86.02], [86.11, 86.23], [86.36, 86.47], [86.57, 86.67], [86.85, 87.13], [87.31, 87.76], [88.01, 88.24], [88.46, 88.51], [88.6, 88.92], [89.04, 89.17], [89.25, 89.39], [89.57, 89.83], [89.91, 90.03]]",bird-mixit+tweetynet
greegr,Ardea alba,xc:196155,xc_196155,1,"[0.980348, 0.818717, 0.454288, 0.418838]",0.8187,0.9803,18.25,0.9685,0.9078,0.743215,50,116.89,121.43,4.54,9,2.97,0.3458,"[[116.89, 117.0], [117.11, 117.16], [117.48, 117.55], [117.64, 119.02], [119.31, 119.84], [120.16, 120.48], [120.59, 120.64], [120.88, 121.14], [121.23, 121.43]]",bird-mixit+tweetynet
greegr,Ardea alba,xc:196155,xc_196155,1,"[0.980348, 0.818717, 0.454288, 0.418838]",0.8187,0.9803,16.99,0.9452,0.8663,0.709246,43,77.86,82.42,4.56,12,2.82,0.3816,"[[77.86, 78.32], [78.56, 78.64], [78.71, 79.27], [79.62, 80.0], [80.18, 80.3], [80.36, 80.48], [80.67, 80.78], [80.84, 80.95], [81.23, 81.29], [81.38, 81.77], [81.93, 81.97], [82.03, 82.42]]",bird-mixit+tweetynet
greegr,Ardea alba,xc:196155,xc_196155,1,"[0.980348, 0.818717, 0.454288, 0.418838]",0.8187,0.9803,15.98,0.9493,0.8358,0.684237,19,41.13,44.98,3.85,7,2.36,0.387,"[[41.13, 41.19], [41.29, 41.94], [42.22, 42.77], [43.16, 43.6], [43.89, 44.31], [44.68, 44.86], [44.92, 44.98]]",bird-mixit+tweetynet
greegr,Ardea alba,xc:135970,xc_135970,0,"[0.505059, 0.876048, 0.179352, 0.18438]",0.5051,0.876,23.43,0.982,0.9737,0.491795,23,30.83,35.1,4.27,10,2.76,0.3536,"[[30.83, 31.47], [31.52, 31.59], [31.79, 32.01], [32.14, 32.18], [32.3, 32.63], [32.77, 32.82], [32.93, 33.02], [33.32, 33.89], [34.08, 34.28], [34.55, 35.1]]",bird-mixit+tweetynet
greegr,Ardea alba,xc:135970,xc_135970,0,"[0.505059, 0.876048, 0.179352, 0.18438]",0.5051,0.876,19.9,0.959,0.9317,0.470587,5,3.24,3.93,0.69,4,0.47,0.3188,"[[3.24, 3.29], [3.35, 3.59], [3.68, 3.83], [3.9, 3.93]]",bird-mixit+tweetynet
greegr,Ardea alba,xc:285219,xc_285219,0,"[0.973652, 0.0, 0.0, 0.0]",0.9737,0.9737,16.41,-0.0655,0.4077,0.397015,0,0.28,7.75,7.47,12,5.85,0.2169,"[[0.28, 0.71], [0.83, 1.38], [1.53, 2.14], [2.36, 2.96], [3.18, 3.63], [3.79, 3.85], [3.94, 4.38], [4.43, 4.66], [4.84, 5.79], [5.91, 6.44], [6.67, 7.04], [7.12, 7.75]]",bird-mixit+tweetynet
greegr,Ardea alba,xc:147337,xc_147337,0,"[0.993439, 0.8206, 0.122981, 0.656036]",0.9934,0.9934,14.35,-0.01,0.3895,0.386893,6,8.01,10.48,2.47,4,1.61,0.3482,"[[8.01, 8.67], [9.06, 9.11], [9.25, 9.54], [9.87, 10.48]]",bird-mixit+tweetynet
greegr,Ardea alba,xc:70918,xc_70918,0,"[0.970035, 0.936606, 0.005962, 0.893894]",0.97,0.97,15.49,-0.0953,0.3793,0.367966,12,52.21,53.35,1.14,3,0.93,0.1842,"[[52.21, 52.93], [53.0, 53.11], [53.25, 53.35]]",bird-mixit+tweetynet
greegr,Ardea alba,xc:720907,xc_720907,0,"[0.97686, 0.0, 0.0, 0.0]",0.9769,0.9769,8.49,0.8916,0.3673,0.358773,3,6.2,6.63,0.43,2,0.3,0.3023,"[[6.2, 6.42], [6.55, 6.63]]",bird-mixit+tweetynet
greegr,Ardea alba,xc:147684,xc_147684,3,"[0.0, 0.0, 0.0, 0.868416]",0.8684,0.8684,9.66,0.7226,0.4089,0.355083,13,17.9,18.09,0.19,2,0.11,0.4211,"[[17.9, 17.96], [18.04, 18.09]]",bird-mixit+tweetynet
greegr,Ardea alba,xc:70918,xc_70918,0,"[0.970035, 0.936606, 0.005962, 0.893894]",0.97,0.97,14.45,-0.0935,0.3588,0.348052,2,12.55,15.8,3.25,6,2.4,0.2615,"[[12.55, 13.08], [13.34, 13.44], [13.54, 13.85], [14.09, 14.7], [14.84, 15.2], [15.31, 15.8]]",bird-mixit+tweetynet
greegr,Ardea alba,xc:167108,xc_167108,3,"[0.011252, 0.008705, 0.019805, 0.969535]",0.9695,0.9695,14.41,-0.1236,0.3461,0.3355,4,6.89,7.08,0.19,1,0.19,0.0,"[[6.89, 7.08]]",bird-mixit+tweetynet
greegr,Ardea alba,xc:668833,xc_668833,0,"[0.91293, 0.0, 0.0, 0.0]",0.9129,0.9129,10.45,0.3619,0.3636,0.331956,0,0.12,0.9,0.78,4,0.33,0.5769,"[[0.12, 0.18], [0.24, 0.34], [0.58, 0.7], [0.85, 0.9]]",bird-mixit+tweetynet
greegr,Ardea alba,xc:1030085,xc_1030085,0,"[0.910509, 0.0, 0.0, 0.0]",0.9105,0.9105,10.58,0.3006,0.3534,0.321758,248,413.69,416.21,2.52,4,1.78,0.2937,"[[413.69, 414.19], [414.59, 415.47], [415.66, 416.0], [416.15, 416.21]]",bird-mixit+tweetynet
greegr,Ardea alba,xc:219028,xc_219028,3,"[0.0, 0.0, 0.707733, 0.610406]",0.6104,0.7077,19.49,0.1098,0.5245,0.320158,1,3.97,9.75,5.78,15,3.4,0.4118,"[[3.97, 4.4], [4.72, 4.78], [4.86, 4.96], [5.06, 5.49], [5.57, 6.56], [6.7, 6.79], [7.07, 7.12], [7.19, 7.59], [7.87, 7.96], [8.17, 8.39], [8.54, 8.63], [9.02, 9.05], [9.12, 9.26], [9.36, 9.4], [9.51, 9.75]]",bird-mixit+tweetynet
greegr,Ardea alba,xc:298741,xc_298741,0,"[0.955835, 0.0, 0.0, 0.0]",0.9558,0.9558,13.34,-0.1101,0.3255,0.311147,1,1.62,9.56,7.94,19,4.9,0.3829,"[[1.62, 1.73], [1.91, 1.99], [2.17, 2.24], [2.32, 2.36], [2.71, 2.93], [3.02, 3.11], [3.42, 3.49], [3.72, 3.78], [3.84, 4.31], [4.36, 4.62], [4.7, 4.95], [5.06, 5.35], [5.47, 5.87], [6.0, 6.31], [6.54, 7.01], [7.13, 7.43], [7.64, 8.09], [8.22, 8.56], [8.94, 9.56]]",bird-mixit+tweetynet
greegr,Ardea alba,xc:285219,xc_285219,0,"[0.973652, 0.0, 0.0, 0.0]",0.9737,0.9737,11.43,0.043,0.3159,0.307558,1,8.02,9.25,1.23,2,1.02,0.1707,"[[8.02, 8.47], [8.68, 9.25]]",bird-mixit+tweetynet
greegr,Ardea alba,xc:147337,xc_147337,0,"[0.993439, 0.8206, 0.122981, 0.656036]",0.9934,0.9934,12.68,-0.1076,0.3083,0.306289,5,6.69,7.52,0.83,2,0.62,0.253,"[[6.69, 7.23], [7.44, 7.52]]",bird-mixit+tweetynet
greegr,Ardea alba,xc:1030085,xc_1030085,0,"[0.910509, 0.0, 0.0, 0.0]",0.9105,0.9105,10.6,0.2206,0.3325,0.30274,145,226.5,226.81,0.31,2,0.15,0.5161,"[[226.5, 226.58], [226.74, 226.81]]",bird-mixit+tweetynet
greegr,Ardea alba,xc:161277,xc_161277,0,"[0.999276, 0.0, 0.048814, 0.0]",0.9993,0.9993,24.92,-0.6906,0.2966,0.296414,10,37.84,38.4,0.56,1,0.56,0.0,"[[37.84, 38.4]]",bird-mixit+tweetynet
greegr,Ardea alba,xc:161280,xc_161280,3,"[0.467723, 0.016189, 0.024938, 0.998325]",0.9983,0.9983,22.78,-0.9519,0.2937,0.293152,27,80.31,81.92,1.61,5,0.99,0.3851,"[[80.31, 80.83], [80.88, 80.94], [81.12, 81.15], [81.34, 81.41], [81.61, 81.92]]",bird-mixit+tweetynet
greegr,Ardea alba,xc:161277,xc_161277,0,"[0.999276, 0.0, 0.048814, 0.0]",0.9993,0.9993,22.12,-0.8322,0.2923,0.292092,3,16.16,17.92,1.76,3,1.34,0.2386,"[[16.16, 16.45], [16.74, 16.96], [17.09, 17.92]]",bird-mixit+tweetynet
greegr,Ardea alba,xc:161280,xc_161280,3,"[0.467723, 0.016189, 0.024938, 0.998325]",0.9983,0.9983,22.15,-0.9079,0.2924,0.291871,5,10.59,18.53,7.94,22,4.53,0.4295,"[[10.59, 10.68], [10.83, 11.0], [11.08, 11.24], [11.43, 11.9], [12.0, 12.04], [12.11, 12.24], [12.5, 12.83], [12.92, 12.95], [13.11, 13.77], [14.04, 14.39], [14.66, 14.73], [14.91, 15.21], [15.27, 15.3], [15.56, 15.63], [15.72, 15.99], [16.05, 16.26], [16.33, 16.38], [16.46, 16.79], [17.04, 17.12], [17.25, 17.59], [17.88, 17.94], [18.24, 18.53]]",bird-mixit+tweetynet
greegr,Ardea alba,xc:161280,xc_161280,3,"[0.467723, 0.016189, 0.024938, 0.998325]",0.9983,0.9983,22.06,-0.8742,0.2921,0.291652,38,99.14,103.75,4.61,11,2.84,0.3839,"[[99.14, 99.59], [99.84, 100.0], [100.2, 100.49], [100.55, 100.78], [100.94, 101.02], [101.34, 101.61], [101.67, 101.73], [101.98, 102.72], [102.88, 103.17], [103.36, 103.58], [103.7, 103.75]]",bird-mixit+tweetynet
greegr,Ardea alba,xc:161280,xc_161280,3,"[0.467723, 0.016189, 0.024938, 0.998325]",0.9983,0.9983,21.85,-0.9286,0.2917,0.291163,7,20.42,23.05,2.63,6,1.51,0.4259,"[[20.42, 20.85], [21.06, 21.09], [21.38, 21.42], [21.73, 22.1], [22.35, 22.72], [22.78, 23.05]]",bird-mixit+tweetynet
greegr,Ardea alba,xc:161277,xc_161277,0,"[0.999276, 0.0, 0.048814, 0.0]",0.9993,0.9993,21.58,-0.897,0.291,0.290779,7,32.48,33.32,0.84,4,0.58,0.3095,"[[32.48, 32.78], [32.86, 33.04], [33.1, 33.13], [33.25, 33.32]]",bird-mixit+tweetynet
greegr,Ardea alba,xc:161280,xc_161280,3,"[0.467723, 0.016189, 0.024938, 0.998325]",0.9983,0.9983,21.53,-0.8392,0.2909,0.290363,17,53.2,54.69,1.49,6,0.99,0.3356,"[[53.2, 53.24], [53.29, 53.63], [53.7, 53.73], [53.82, 54.14], [54.3, 54.35], [54.48, 54.69]]",bird-mixit+tweetynet
greegr,Ardea alba,xc:161277,xc_161277,0,"[0.999276, 0.0, 0.048814, 0.0]",0.9993,0.9993,20.68,-0.6837,0.2883,0.288082,4,18.33,21.25,2.92,7,1.58,0.4589,"[[18.33, 18.45], [18.71, 18.82], [18.94, 19.03], [19.27, 19.37], [19.62, 20.6], [20.82, 20.87], [21.12, 21.25]]",bird-mixit+tweetynet
greegr,Ardea alba,xc:70918,xc_70918,0,"[0.970035, 0.936606, 0.005962, 0.893894]",0.97,0.97,12.21,-0.105,0.2953,0.286395,11,47.15,51.65,4.5,11,3.05,0.3222,"[[47.15, 47.24], [47.33, 48.17], [48.33, 48.47], [48.54, 49.27], [49.36, 49.43], [49.59, 49.62], [49.75, 49.88], [50.18, 50.28], [50.36, 50.48], [50.64, 51.08], [51.29, 51.65]]",bird-mixit+tweetynet
greegr,Ardea alba,xc:161276,xc_161276,0,"[0.946475, 0.0, 0.0, 0.03289]",0.9465,0.9465,30.02,-0.9541,0.2993,0.283252,0,0.4,1.47,1.07,3,0.77,0.2804,"[[0.4, 0.67], [0.74, 1.21], [1.44, 1.47]]",bird-mixit+tweetynet
greegr,Ardea alba,xc:161276,xc_161276,0,"[0.946475, 0.0, 0.0, 0.03289]",0.9465,0.9465,20.65,-0.9755,0.2882,0.272783,2,3.29,5.49,2.2,6,1.52,0.3091,"[[3.29, 3.84], [4.07, 4.33], [4.5, 4.55], [4.63, 4.66], [4.78, 5.2], [5.28, 5.49]]",bird-mixit+tweetynet
greegr,Ardea alba,xc:161277,xc_161277,0,"[0.999276, 0.0, 0.048814, 0.0]",0.9993,0.9993,17.37,-0.7594,0.2704,0.270197,5,21.66,29.28,7.62,17,4.84,0.3648,"[[21.66, 21.96], [22.2, 22.61], [22.77, 22.86], [22.91, 23.19], [23.33, 23.6], [23.71, 23.78], [24.18, 24.21], [24.33, 24.44], [24.74, 25.74], [25.84, 26.33], [26.45, 26.49], [26.72, 27.0], [27.07, 27.15], [27.33, 27.57], [27.65, 27.86], [28.18, 28.76], [28.92, 29.28]]",bird-mixit+tweetynet
greegr,Ardea alba,xc:720907,xc_720907,0,"[0.97686, 0.0, 0.0, 0.0]",0.9769,0.9769,17.76,-0.5402,0.2734,0.26705,4,7.16,8.04,0.88,1,0.88,0.0,"[[7.16, 8.04]]",bird-mixit+tweetynet
greegr,Ardea alba,xc:143579,xc_143579,0,"[0.986838, 0.020025, 0.0, 0.023708]",0.9868,0.9868,17.32,-0.9666,0.27,0.266406,1,3.45,4.88,1.43,3,1.15,0.1958,"[[3.45, 3.86], [4.03, 4.42], [4.53, 4.88]]",bird-mixit+tweetynet
greegr,Ardea alba,xc:379833,xc_379833,3,"[0.0, 0.0, 0.029178, 0.997059]",0.9971,0.9971,16.95,-0.9346,0.2668,0.266034,1,9.2,10.46,1.26,2,1.03,0.1825,"[[9.2, 9.77], [10.0, 10.46]]",bird-mixit+tweetynet
greegr,Ardea alba,xc:143579,xc_143579,0,"[0.986838, 0.020025, 0.0, 0.023708]",0.9868,0.9868,17.22,-0.9787,0.2692,0.265604,0,0.86,2.99,2.13,9,1.08,0.493,"[[0.86, 0.98], [1.05, 1.15], [1.23, 1.26], [1.43, 1.73], [1.96, 2.03], [2.18, 2.25], [2.33, 2.37], [2.45, 2.56], [2.75, 2.99]]",bird-mixit+tweetynet
greegr,Ardea alba,xc:452101,xc_452101,3,"[0.565478, 0.0, 0.01336, 0.944158]",0.9442,0.9442,18.5,-0.9721,0.2783,0.262769,6,9.11,13.09,3.98,6,2.79,0.299,"[[9.11, 9.78], [10.15, 10.75], [10.8, 10.85], [11.0, 11.74], [12.12, 12.74], [12.98, 13.09]]",bird-mixit+tweetynet
greegr,Ardea alba,xc:70918,xc_70918,0,"[0.970035, 0.936606, 0.005962, 0.893894]",0.97,0.97,12.31,-0.1958,0.268,0.259914,9,38.08,42.7,4.62,11,2.89,0.3745,"[[38.08, 38.8], [38.87, 38.96], [39.1, 39.33], [39.39, 39.43], [39.73, 40.24], [40.34, 40.42], [40.62, 40.71], [40.99, 41.05], [41.37, 41.72], [41.93, 42.0], [42.05, 42.7]]",bird-mixit+tweetynet
greegr,Ardea alba,xc:1030085,xc_1030085,0,"[0.910509, 0.0, 0.0, 0.0]",0.9105,0.9105,10.86,0.0106,0.285,0.259485,89,143.2,145.48,2.28,4,1.41,0.3816,"[[143.2, 143.66], [144.0, 144.76], [145.01, 145.11], [145.39, 145.48]]",bird-mixit+tweetynet
greegr,Ardea alba,xc:167108,xc_167108,3,"[0.011252, 0.008705, 0.019805, 0.969535]",0.9695,0.9695,16.3,-0.3877,0.2659,0.257815,3,6.18,6.29,0.11,1,0.11,0.0,"[[6.18, 6.29]]",bird-mixit+tweetynet
greegr,Ardea alba,xc:610379,xc_610379,0,"[0.384549, 0.0, 0.0, 0.0]",0.3845,0.3845,14.62,0.6592,0.6636,0.255165,0,0.86,5.47,4.61,9,2.81,0.3905,"[[0.86, 0.89], [1.22, 1.41], [1.67, 2.89], [3.18, 3.31], [3.42, 3.5], [3.66, 3.71], [3.98, 4.62], [4.86, 5.23], [5.37, 5.47]]",bird-mixit+tweetynet
greegr,Ardea alba,xc:627082,xc_627082,0,"[0.811063, 0.0, 0.0, 0.043658]",0.8111,0.8111,7.64,0.8986,0.3131,0.253953,3,10.37,10.57,0.2,1,0.2,0.0,"[[10.37, 10.57]]",bird-mixit+tweetynet
greegr,Ardea alba,xc:147684,xc_147684,3,"[0.0, 0.0, 0.0, 0.868416]",0.8684,0.8684,22.16,-0.7099,0.2924,0.253899,7,12.29,13.93,1.64,5,1.12,0.3171,"[[12.29, 12.68], [12.9, 12.94], [13.01, 13.12], [13.2, 13.6], [13.75, 13.93]]",bird-mixit+tweetynet
greegr,Ardea alba,xc:161276,xc_161276,0,"[0.946475, 0.0, 0.0, 0.03289]",0.9465,0.9465,17.02,-0.9448,0.2675,0.25315,7,11.72,14.54,2.82,7,2.0,0.2908,"[[11.72, 12.21], [12.26, 12.32], [12.65, 12.73], [12.91, 13.42], [13.55, 13.82], [13.87, 13.92], [14.0, 14.54]]",bird-mixit+tweetynet
greegr,Ardea alba,xc:70918,xc_70918,0,"[0.970035, 0.936606, 0.005962, 0.893894]",0.97,0.97,8.9,0.2247,0.2561,0.248386,1,4.43,12.02,7.59,18,5.3,0.3017,"[[4.43, 4.72], [4.78, 4.97], [5.05, 5.25], [5.35, 5.67], [5.82, 6.18], [6.4, 6.55], [6.61, 6.94], [7.07, 7.14], [7.26, 7.39], [7.53, 7.97], [8.09, 8.25], [8.33, 9.07], [9.24, 9.47], [9.56, 9.75], [9.91, 10.33], [10.43, 10.73], [10.9, 11.33], [11.67, 12.02]]",bird-mixit+tweetynet
greegr,Ardea alba,xc:161276,xc_161276,0,"[0.946475, 0.0, 0.0, 0.03289]",0.9465,0.9465,16.14,-0.9067,0.2589,0.245058,3,6.38,8.32,1.94,5,0.9,0.5361,"[[6.38, 6.63], [6.92, 7.04], [7.38, 7.51], [7.62, 7.88], [8.18, 8.32]]",bird-mixit+tweetynet
greegr,Ardea alba,xc:390822,xc_390822,0,"[0.982756, 0.013188, 0.087041, 0.016825]",0.9828,0.9828,15.24,-0.7242,0.2484,0.244162,0,0.74,3.9,3.16,5,2.35,0.2563,"[[0.74, 1.37], [1.48, 2.01], [2.1, 2.67], [2.98, 3.32], [3.62, 3.9]]",bird-mixit+tweetynet
greegr,Ardea alba,xc:627082,xc_627082,0,"[0.811063, 0.0, 0.0, 0.043658]",0.8111,0.8111,7.9,0.7008,0.2956,0.239725,0,0.84,1.67,0.83,3,0.35,0.5783,"[[0.84, 0.88], [1.11, 1.26], [1.51, 1.67]]",bird-mixit+tweetynet
greegr,Ardea alba,xc:515993,xc_515993,3,"[0.0, 0.383373, 0.02044, 0.815156]",0.8152,0.8152,22.16,-0.9738,0.2924,0.238347,16,36.82,38.21,1.39,2,1.34,0.036,"[[36.82, 37.2], [37.25, 38.21]]",bird-mixit+tweetynet
greegr,Ardea alba,xc:147684,xc_147684,3,"[0.0, 0.0, 0.0, 0.868416]",0.8684,0.8684,16.57,-0.9562,0.2633,0.22865,19,30.2,34.46,4.26,10,2.9,0.3192,"[[30.2, 30.38], [30.52, 31.3], [31.47, 32.18], [32.32, 32.85], [33.02, 33.11], [33.33, 33.37], [33.51, 33.66], [33.73, 34.07], [34.32, 34.35], [34.41, 34.46]]",bird-mixit+tweetynet
greegr,Ardea alba,xc:143579,xc_143579,0,"[0.986838, 0.020025, 0.0, 0.023708]",0.9868,0.9868,13.95,-0.9945,0.2297,0.226696,2,5.31,6.41,1.1,3,0.75,0.3182,"[[5.31, 5.7], [5.94, 6.24], [6.35, 6.41]]",bird-mixit+tweetynet
greegr,Ardea alba,xc:1030085,xc_1030085,0,"[0.910509, 0.0, 0.0, 0.0]",0.9105,0.9105,10.41,-0.0623,0.2487,0.226483,112,175.13,178.29,3.16,11,1.5,0.5253,"[[175.13, 175.17], [175.24, 175.33], [175.48, 175.61], [175.69, 175.9], [176.15, 176.29], [176.44, 176.52], [176.65, 176.89], [177.22, 177.36], [177.73, 178.06], [178.13, 178.17], [178.23, 178.29]]",bird-mixit+tweetynet
greegr,Ardea alba,xc:797492,xc_797492,0,"[0.99261, 0.020731, 0.0, 0.0]",0.9926,0.9926,13.52,-0.4372,0.2227,0.221007,0,0.08,6.48,6.4,12,4.78,0.2531,"[[0.08, 0.12], [0.21, 0.55], [0.66, 1.11], [1.25, 1.78], [1.93, 2.51], [2.71, 3.24], [3.37, 3.41], [3.48, 4.04], [4.2, 4.72], [5.05, 5.33], [5.38, 5.92], [6.11, 6.48]]",bird-mixit+tweetynet
greegr,Ardea alba,xc:635910,xc_635910,0,"[0.814299, 0.0, 0.0, 0.0]",0.8143,0.8143,12.47,-0.1982,0.2714,0.221003,4,13.12,15.36,2.24,6,1.79,0.2009,"[[13.12, 13.16], [13.26, 14.32], [14.38, 14.65], [14.71, 14.77], [14.84, 15.05], [15.21, 15.36]]",bird-mixit+tweetynet
greegr,Ardea alba,xc:1030085,xc_1030085,0,"[0.910509, 0.0, 0.0, 0.0]",0.9105,0.9105,8.24,0.3034,0.242,0.220329,151,239.64,241.15,1.51,4,0.61,0.596,"[[239.64, 239.7], [240.09, 240.33], [240.55, 240.81], [241.1, 241.15]]",bird-mixit+tweetynet
greegr,Ardea alba,xc:515993,xc_515993,3,"[0.0, 0.383373, 0.02044, 0.815156]",0.8152,0.8152,16.93,-0.8236,0.2667,0.217404,15,33.93,35.58,1.65,3,1.25,0.2424,"[[33.93, 34.02], [34.08, 34.26], [34.6, 35.58]]",bird-mixit+tweetynet
greegr,Ardea alba,xc:686664,xc_686664,1,"[0.211176, 0.220646, 0.638186, 0.088354]",0.2206,0.6382,24.43,0.9953,0.9846,0.217213,2,9.07,11.31,2.24,2,2.18,0.0268,"[[9.07, 9.16], [9.22, 11.31]]",bird-mixit+tweetynet
greegr,Ardea alba,xc:686664,xc_686664,1,"[0.211176, 0.220646, 0.638186, 0.088354]",0.2206,0.6382,23.96,0.9966,0.9834,0.216932,0,0.15,2.99,2.84,7,2.23,0.2148,"[[0.15, 0.33], [0.41, 0.52], [0.67, 1.4], [1.47, 1.52], [1.59, 1.71], [1.77, 2.53], [2.71, 2.99]]",bird-mixit+tweetynet
greegr,Ardea alba,xc:379833,xc_379833,3,"[0.0, 0.0, 0.029178, 0.997059]",0.9971,0.9971,13.19,-0.7794,0.2168,0.216174,0,2.52,8.79,6.27,10,4.84,0.2281,"[[2.52, 2.73], [2.88, 3.28], [3.4, 3.83], [3.94, 4.39], [4.56, 5.14], [5.29, 5.84], [5.95, 6.56], [6.71, 7.21], [7.54, 8.03], [8.17, 8.79]]",bird-mixit+tweetynet
greegr,Ardea alba,xc:686664,xc_686664,1,"[0.211176, 0.220646, 0.638186, 0.088354]",0.2206,0.6382,22.84,0.9985,0.9785,0.215857,3,11.5,11.9,0.4,2,0.3,0.25,"[[11.5, 11.63], [11.73, 11.9]]",bird-mixit+tweetynet
greegr,Ardea alba,xc:627082,xc_627082,0,"[0.811063, 0.0, 0.0, 0.043658]",0.8111,0.8111,8.87,0.2615,0.2624,0.212854,2,7.89,9.46,1.57,2,1.28,0.1847,"[[7.89, 8.54], [8.83, 9.46]]",bird-mixit+tweetynet
greegr,Ardea alba,xc:896643,xc_896643,0,"[0.980236, 0.0, 0.0, 0.0]",0.9802,0.9802,9.55,-0.0869,0.2128,0.208586,1,1.17,8.63,7.46,9,5.17,0.307,"[[1.17, 1.68], [1.89, 2.34], [2.6, 3.07], [3.37, 3.86], [4.21, 4.85], [5.08, 5.64], [5.98, 6.38], [6.69, 7.39], [7.68, 8.63]]",bird-mixit+tweetynet
greegr,Ardea alba,xc:298741,xc_298741,0,"[0.955835, 0.0, 0.0, 0.0]",0.9558,0.9558,7.64,0.3051,0.2155,0.20595,3,10.91,11.4,0.49,1,0.49,0.0,"[[10.91, 11.4]]",bird-mixit+tweetynet
greegr,Ardea alba,xc:518984,xc_518984,0,"[0.907094, 0.0, 0.0, 0.0]",0.9071,0.9071,13.76,-0.6647,0.2267,0.205633,1,1.62,5.62,4.0,6,3.33,0.1675,"[[1.62, 2.08], [2.15, 2.2], [2.3, 2.99], [3.08, 3.95], [4.17, 4.97], [5.16, 5.62]]",bird-mixit+tweetynet
greegr,Ardea alba,xc:686664,xc_686664,1,"[0.211176, 0.220646, 0.638186, 0.088354]",0.2206,0.6382,19.34,0.9671,0.9273,0.204572,1,3.18,8.89,5.71,11,4.91,0.1401,"[[3.18, 3.39], [3.52, 4.52], [4.62, 4.94], [5.0, 5.68], [5.76, 5.79], [5.85, 6.6], [6.66, 7.14], [7.2, 7.4], [7.46, 8.34], [8.42, 8.69], [8.8, 8.89]]",bird-mixit+tweetynet
greegr,Ardea alba,xc:143579,xc_143579,0,"[0.986838, 0.020025, 0.0, 0.023708]",0.9868,0.9868,12.64,-0.9763,0.2065,0.203783,4,7.79,10.39,2.6,7,1.47,0.4346,"[[7.79, 8.21], [8.49, 8.57], [8.63, 8.99], [9.04, 9.13], [9.41, 9.86], [10.1, 10.13], [10.35, 10.39]]",bird-mixit+tweetynet
greegr,Ardea alba,xc:615283,xc_615283,0,"[0.79546, 0.0, 0.0, 0.0]",0.7955,0.7955,10.51,-0.0764,0.2486,0.197768,2,5.25,7.3,2.05,4,1.47,0.2829,"[[5.25, 5.55], [5.68, 6.11], [6.33, 6.68], [6.91, 7.3]]",bird-mixit+tweetynet
greegr,Ardea alba,xc:257309,xc_257309,3,"[0.0, 0.0, 0.0, 0.893032]",0.893,0.893,13.45,-0.852,0.2213,0.197603,1,2.97,4.28,1.31,2,1.08,0.1756,"[[2.97, 3.62], [3.85, 4.28]]",bird-mixit+tweetynet
greegr,Ardea alba,xc:635910,xc_635910,0,"[0.814299, 0.0, 0.0, 0.0]",0.8143,0.8143,14.76,-0.5746,0.242,0.197094,3,12.12,12.93,0.81,4,0.57,0.2963,"[[12.12, 12.28], [12.33, 12.48], [12.53, 12.57], [12.71, 12.93]]",bird-mixit+tweetynet
greegr,Ardea alba,xc:147684,xc_147684,3,"[0.0, 0.0, 0.0, 0.868416]",0.8684,0.8684,13.67,-0.8958,0.2251,0.195444,17,21.89,25.78,3.89,9,2.79,0.2828,"[[21.89, 22.56], [22.94, 23.12], [23.27, 23.44], [23.54, 23.65], [23.74, 23.9], [24.02, 24.13], [24.27, 24.45], [24.51, 24.7], [24.76, 25.78]]",bird-mixit+tweetynet
greegr,Ardea alba,xc:167108,xc_167108,3,"[0.011252, 0.008705, 0.019805, 0.969535]",0.9695,0.9695,12.21,-0.7688,0.1981,0.192012,6,8.57,8.69,0.12,1,0.12,0.0,"[[8.57, 8.69]]",bird-mixit+tweetynet
greegr,Ardea alba,xc:635910,xc_635910,0,"[0.814299, 0.0, 0.0, 0.0]",0.8143,0.8143,14.01,-0.5747,0.2307,0.187842,9,20.59,25.49,4.9,22,2.88,0.4122,"[[20.59, 20.65], [20.79, 20.82], [20.96, 21.15], [21.21, 21.29], [21.44, 21.49], [21.63, 21.72], [21.84, 21.95], [22.02, 22.37], [22.44, 22.58], [22.63, 22.75], [22.84, 23.11], [23.2, 23.37], [23.46, 23.6], [23.66, 23.77], [23.85, 23.94], [24.05, 24.34], [24.42, 24.54], [24.61, 24.69], [24.78, 24.92], [25.0, 25.1], [25.19, 25.25], [25.4, 25.49]]",bird-mixit+tweetynet
greegr,Ardea alba,xc:606999,xc_606999,0,"[0.994515, 0.0, 0.0, 0.037493]",0.9945,0.9945,11.71,-0.8778,0.1877,0.186654,0,0.02,1.82,1.8,4,1.24,0.3111,"[[0.02, 0.06], [0.11, 0.53], [0.75, 1.02], [1.31, 1.82]]",bird-mixit+tweetynet
grywag,Motacilla cinerea,xc:928932,xc_928932,0,"[0.999212, 0.0, 0.0, 0.0]",0.9992,0.9992,39.09,1.0,0.9998,0.999031,0,0.02,8.02,8.0,1,8.0,0.0,"[[0.02, 8.02]]",bird-mixit+tweetynet
grywag,Motacilla cinerea,xc:485891,xc_485891,1,"[0.854291, 0.999493, 0.852823, 0.989261]",0.9995,0.9995,33.33,0.9999,0.999,0.998537,7,11.56,12.53,0.97,1,0.97,0.0,"[[11.56, 12.53]]",bird-mixit+tweetynet
grywag,Motacilla cinerea,xc:485891,xc_485891,1,"[0.854291, 0.999493, 0.852823, 0.989261]",0.9995,0.9995,32.05,1.0,0.9986,0.998136,10,15.87,16.39,0.52,1,0.52,0.0,"[[15.87, 16.39]]",bird-mixit+tweetynet
grywag,Motacilla cinerea,xc:485891,xc_485891,1,"[0.854291, 0.999493, 0.852823, 0.989261]",0.9995,0.9995,31.87,0.9999,0.9985,0.998028,2,3.27,3.66,0.39,1,0.39,0.0,"[[3.27, 3.66]]",bird-mixit+tweetynet
grywag,Motacilla cinerea,xc:564944,xc_564944,1,"[0.0, 0.999052, 0.0, 0.0]",0.9991,0.9991,31.44,0.9999,0.9984,0.997458,13,23.77,27.78,4.01,9,2.24,0.4414,"[[23.77, 24.18], [24.55, 25.82], [26.21, 26.24], [26.31, 26.41], [26.59, 26.64], [26.74, 26.79], [27.12, 27.17], [27.38, 27.41], [27.53, 27.78]]",bird-mixit+tweetynet
grywag,Motacilla cinerea,xc:704359,xc_704359,1,"[0.107565, 0.999364, 0.0, 0.859676]",0.9994,0.9994,30.76,1.0,0.998,0.997422,4,8.38,10.74,2.36,3,1.86,0.2119,"[[8.38, 9.97], [10.17, 10.4], [10.7, 10.74]]",bird-mixit+tweetynet
grywag,Motacilla cinerea,xc:502780,xc_502780,0,"[0.999451, 0.984033, 0.0, 0.0]",0.9995,0.9995,30.46,1.0,0.9978,0.997347,10,13.77,14.16,0.39,2,0.34,0.1282,"[[13.77, 14.04], [14.09, 14.16]]",bird-mixit+tweetynet
grywag,Motacilla cinerea,xc:925007,xc_925007,0,"[0.997447, 0.864107, 0.256642, 0.574629]",0.9974,0.9974,41.03,1.0,0.9999,0.997303,28,36.6,37.38,0.78,2,0.61,0.2179,"[[36.6, 36.93], [37.1, 37.38]]",bird-mixit+tweetynet
grywag,Motacilla cinerea,xc:925007,xc_925007,0,"[0.997447, 0.864107, 0.256642, 0.574629]",0.9974,0.9974,36.59,1.0,0.9996,0.997046,5,4.62,5.04,0.42,1,0.42,0.0,"[[4.62, 5.04]]",bird-mixit+tweetynet
grywag,Motacilla cinerea,xc:925007,xc_925007,0,"[0.997447, 0.864107, 0.256642, 0.574629]",0.9974,0.9974,35.54,1.0,0.9995,0.996922,27,35.47,36.0,0.53,2,0.45,0.1509,"[[35.47, 35.61], [35.69, 36.0]]",bird-mixit+tweetynet
grywag,Motacilla cinerea,xc:697734,xc_697734,0,"[0.996934, 0.0, 0.0, 0.0]",0.9969,0.9969,45.76,1.0,1.0,0.996876,0,0.02,3.96,3.94,6,2.96,0.2487,"[[0.02, 0.63], [0.83, 2.48], [2.6, 2.65], [2.87, 3.19], [3.29, 3.35], [3.69, 3.96]]",bird-mixit+tweetynet
grywag,Motacilla cinerea,xc:697734,xc_697734,0,"[0.996934, 0.0, 0.0, 0.0]",0.9969,0.9969,43.57,1.0,1.0,0.996856,4,15.33,17.06,1.73,1,1.73,0.0,"[[15.33, 17.06]]",bird-mixit+tweetynet
grywag,Motacilla cinerea,xc:697734,xc_697734,0,"[0.996934, 0.0, 0.0, 0.0]",0.9969,0.9969,42.15,1.0,0.9999,0.996834,6,19.04,23.46,4.42,4,4.06,0.0814,"[[19.04, 21.34], [21.53, 21.58], [21.65, 22.94], [23.04, 23.46]]",bird-mixit+tweetynet
grywag,Motacilla cinerea,xc:925007,xc_925007,0,"[0.997447, 0.864107, 0.256642, 0.574629]",0.9974,0.9974,34.94,1.0,0.9994,0.996832,17,18.59,19.82,1.23,2,1.07,0.1301,"[[18.59, 18.65], [18.81, 19.82]]",bird-mixit+tweetynet
grywag,Motacilla cinerea,xc:925007,xc_925007,0,"[0.997447, 0.864107, 0.256642, 0.574629]",0.9974,0.9974,34.52,1.0,0.9994,0.996759,9,9.0,9.85,0.85,2,0.55,0.3529,"[[9.0, 9.33], [9.63, 9.85]]",bird-mixit+tweetynet
grywag,Motacilla cinerea,xc:131295,xc_131295,0,"[0.999393, 0.0, 0.211571, 0.114887]",0.9994,0.9994,29.38,1.0,0.997,0.996419,4,10.34,15.53,5.19,12,3.12,0.3988,"[[10.34, 10.95], [11.01, 11.06], [11.16, 11.21], [11.4, 11.44], [11.68, 12.12], [12.34, 12.39], [12.62, 12.72], [12.79, 13.23], [13.29, 13.33], [13.67, 14.27], [14.58, 14.69], [14.94, 15.53]]",bird-mixit+tweetynet
grywag,Motacilla cinerea,xc:697734,xc_697734,0,"[0.996934, 0.0, 0.0, 0.0]",0.9969,0.9969,35.46,1.0,0.9995,0.996417,1,4.32,10.68,6.36,5,6.02,0.0535,"[[4.32, 6.0], [6.07, 6.94], [7.0, 9.83], [9.94, 10.3], [10.4, 10.68]]",bird-mixit+tweetynet
grywag,Motacilla cinerea,xc:502780,xc_502780,0,"[0.999451, 0.984033, 0.0, 0.0]",0.9995,0.9995,29.07,1.0,0.9967,0.996235,6,7.85,9.94,2.09,4,1.29,0.3828,"[[7.85, 8.23], [8.62, 8.72], [9.04, 9.13], [9.22, 9.94]]",bird-mixit+tweetynet
grywag,Motacilla cinerea,xc:929031,xc_929031,0,"[0.996307, 0.0, 0.0, 0.0]",0.9963,0.9963,38.67,1.0,0.9998,0.996112,0,0.02,6.14,6.12,3,5.89,0.0376,"[[0.02, 2.37], [2.53, 6.0], [6.07, 6.14]]",bird-mixit+tweetynet
grywag,Motacilla cinerea,xc:485891,xc_485891,1,"[0.854291, 0.999493, 0.852823, 0.989261]",0.9995,0.9995,28.77,0.9999,0.9964,0.995906,11,16.88,17.28,0.4,1,0.4,0.0,"[[16.88, 17.28]]",bird-mixit+tweetynet
grywag,Motacilla cinerea,xc:27018,xc_27018,1,"[0.420156, 0.995945, 0.0, 0.044654]",0.9959,0.9959,47.59,1.0,1.0,0.995879,23,61.07,65.15,4.08,8,2.71,0.3358,"[[61.07, 61.28], [61.51, 61.6], [61.97, 62.74], [62.88, 63.09], [63.24, 63.92], [64.19, 64.3], [64.39, 64.46], [64.58, 65.15]]",bird-mixit+tweetynet
grywag,Motacilla cinerea,xc:27018,xc_27018,1,"[0.420156, 0.995945, 0.0, 0.044654]",0.9959,0.9959,45.65,1.0,1.0,0.995871,14,34.49,36.34,1.85,2,1.74,0.0595,"[[34.49, 35.09], [35.2, 36.34]]",bird-mixit+tweetynet
grywag,Motacilla cinerea,xc:27018,xc_27018,1,"[0.420156, 0.995945, 0.0, 0.044654]",0.9959,0.9959,45.51,1.0,1.0,0.995869,19,48.51,52.26,3.75,5,2.93,0.2187,"[[48.51, 48.69], [48.81, 49.54], [49.71, 50.11], [50.29, 51.08], [51.43, 52.26]]",bird-mixit+tweetynet
grywag,Motacilla cinerea,xc:27018,xc_27018,1,"[0.420156, 0.995945, 0.0, 0.044654]",0.9959,0.9959,45.32,1.0,1.0,0.995869,28,75.54,77.3,1.76,3,1.3,0.2614,"[[75.54, 75.68], [75.77, 76.37], [76.74, 77.3]]",bird-mixit+tweetynet
grywag,Motacilla cinerea,xc:27018,xc_27018,1,"[0.420156, 0.995945, 0.0, 0.044654]",0.9959,0.9959,45.05,1.0,1.0,0.995864,22,55.47,60.62,5.15,5,4.39,0.1476,"[[55.47, 55.6], [55.81, 56.0], [56.37, 58.19], [58.3, 59.62], [59.69, 60.62]]",bird-mixit+tweetynet
grywag,Motacilla cinerea,xc:686515,xc_686515,1,"[0.0, 0.996497, 0.0, 0.0]",0.9965,0.9965,34.87,0.9999,0.9994,0.995859,35,40.66,41.0,0.34,1,0.34,0.0,"[[40.66, 41.0]]",bird-mixit+tweetynet
grywag,Motacilla cinerea,xc:686515,xc_686515,1,"[0.0, 0.996497, 0.0, 0.0]",0.9965,0.9965,33.16,0.9999,0.999,0.995489,31,37.11,38.0,0.89,4,0.45,0.4944,"[[37.11, 37.23], [37.49, 37.64], [37.76, 37.89], [37.95, 38.0]]",bird-mixit+tweetynet
grywag,Motacilla cinerea,xc:97442,xc_97442,1,"[0.915373, 0.995537, 0.811472, 0.002038]",0.9955,0.9955,46.53,0.9999,0.9999,0.995441,1,3.27,5.56,2.29,7,0.99,0.5677,"[[3.27, 3.32], [3.48, 3.83], [4.19, 4.24], [4.62, 4.76], [5.05, 5.26], [5.31, 5.43], [5.49, 5.56]]",bird-mixit+tweetynet
grywag,Motacilla cinerea,xc:97442,xc_97442,1,"[0.915373, 0.995537, 0.811472, 0.002038]",0.9955,0.9955,41.13,1.0,0.9999,0.995393,28,36.28,36.93,0.65,2,0.45,0.3077,"[[36.28, 36.63], [36.83, 36.93]]",bird-mixit+tweetynet
grywag,Motacilla cinerea,xc:97442,xc_97442,1,"[0.915373, 0.995537, 0.811472, 0.002038]",0.9955,0.9955,40.69,0.9999,0.9998,0.995337,12,14.77,15.17,0.4,2,0.27,0.325,"[[14.77, 14.94], [15.07, 15.17]]",bird-mixit+tweetynet
grywag,Motacilla cinerea,xc:97442,xc_97442,1,"[0.915373, 0.995537, 0.811472, 0.002038]",0.9955,0.9955,38.44,0.9999,0.9997,0.99524,21,29.09,29.42,0.33,1,0.33,0.0,"[[29.09, 29.42]]",bird-mixit+tweetynet
grywag,Motacilla cinerea,xc:929031,xc_929031,0,"[0.996307, 0.0, 0.0, 0.0]",0.9963,0.9963,32.83,1.0,0.9989,0.995237,1,6.33,13.52,7.19,1,7.19,0.0,"[[6.33, 13.52]]",bird-mixit+tweetynet
grywag,Motacilla cinerea,xc:97442,xc_97442,1,"[0.915373, 0.995537, 0.811472, 0.002038]",0.9955,0.9955,37.89,0.9999,0.9997,0.995222,60,76.09,81.98,5.89,21,3.44,0.416,"[[76.09, 76.12], [76.27, 76.31], [76.36, 76.43], [76.75, 76.81], [76.92, 77.09], [77.15, 77.19], [77.29, 77.34], [77.4, 77.56], [77.68, 77.78], [77.85, 77.91], [78.04, 78.68], [78.91, 79.05], [79.17, 79.35], [79.42, 79.72], [79.79, 80.0], [80.23, 80.88], [80.94, 81.0], [81.11, 81.14], [81.29, 81.67], [81.76, 81.8], [81.95, 81.98]]",bird-mixit+tweetynet
grywag,Motacilla cinerea,xc:698351,xc_698351,0,"[0.995507, 0.0, 0.0, 0.0]",0.9955,0.9955,36.42,1.0,0.9996,0.995127,0,0.12,4.2,4.08,10,2.51,0.3848,"[[0.12, 0.26], [0.31, 0.74], [1.06, 1.71], [1.77, 1.85], [2.06, 2.52], [2.92, 3.41], [3.46, 3.51], [3.73, 3.82], [4.0, 4.07], [4.15, 4.2]]",bird-mixit+tweetynet
grywag,Motacilla cinerea,xc:1045368,xc_1045368,0,"[0.995116, 0.0, 0.0, 0.0]",0.9951,0.9951,41.51,1.0,0.9999,0.995015,5,8.41,9.05,0.64,2,0.47,0.2656,"[[8.41, 8.78], [8.95, 9.05]]",bird-mixit+tweetynet
grywag,Motacilla cinerea,xc:432286,xc_432286,0,"[0.997739, 0.0, 0.0, 0.0]",0.9977,0.9977,29.99,0.9991,0.9971,0.994759,5,7.18,7.44,0.26,1,0.26,0.0,"[[7.18, 7.44]]",bird-mixit+tweetynet
grywag,Motacilla cinerea,xc:1045368,xc_1045368,0,"[0.995116, 0.0, 0.0, 0.0]",0.9951,0.9951,35.95,1.0,0.9996,0.994674,1,1.74,4.58,2.84,8,1.54,0.4577,"[[1.74, 2.32], [2.52, 2.61], [2.66, 2.79], [3.02, 3.07], [3.36, 3.67], [3.97, 4.21], [4.39, 4.46], [4.51, 4.58]]",bird-mixit+tweetynet
grywag,Motacilla cinerea,xc:686515,xc_686515,1,"[0.0, 0.996497, 0.0, 0.0]",0.9965,0.9965,30.87,0.9999,0.9981,0.994575,32,38.35,38.8,0.45,2,0.19,0.5778,"[[38.35, 38.38], [38.64, 38.8]]",bird-mixit+tweetynet
grywag,Motacilla cinerea,xc:733829,xc_733829,0,"[0.997442, 0.0, 0.287314, 0.0]",0.9974,0.9974,29.41,1.0,0.997,0.994437,4,5.47,5.78,0.31,1,0.31,0.0,"[[5.47, 5.78]]",bird-mixit+tweetynet
grywag,Motacilla cinerea,xc:750828,xc_750828,0,"[0.994453, 0.0, 0.0, 0.0]",0.9945,0.9945,37.95,1.0,0.9998,0.994261,0,0.05,1.17,1.12,3,0.58,0.4821,"[[0.05, 0.19], [0.46, 0.5], [0.77, 1.17]]",bird-mixit+tweetynet
grywag,Motacilla cinerea,xc:937227,xc_937227,0,"[0.99579, 0.0, 0.0, 0.0]",0.9958,0.9958,31.44,0.9999,0.9983,0.994136,0,1.05,1.41,0.36,1,0.36,0.0,"[[1.05, 1.41]]",bird-mixit+tweetynet
grywag,Motacilla cinerea,xc:750828,xc_750828,0,"[0.994453, 0.0, 0.0, 0.0]",0.9945,0.9945,35.5,1.0,0.9995,0.994014,2,2.67,3.36,0.69,2,0.43,0.3768,"[[2.67, 2.73], [2.99, 3.36]]",bird-mixit+tweetynet
grywag,Motacilla cinerea,xc:750828,xc_750828,0,"[0.994453, 0.0, 0.0, 0.0]",0.9945,0.9945,33.08,1.0,0.999,0.993509,1,1.69,2.17,0.48,1,0.48,0.0,"[[1.69, 2.17]]",bird-mixit+tweetynet
grywag,Motacilla cinerea,xc:1045368,xc_1045368,0,"[0.995116, 0.0, 0.0, 0.0]",0.9951,0.9951,31.38,0.9999,0.9983,0.993409,0,0.48,1.22,0.74,2,0.45,0.3919,"[[0.48, 0.82], [1.11, 1.22]]",bird-mixit+tweetynet
grywag,Motacilla cinerea,xc:311384,xc_311384,0,"[0.994729, 0.0, 0.0, 0.0]",0.9947,0.9947,32.48,0.9996,0.9986,0.993349,2,2.59,3.97,1.38,3,0.94,0.3188,"[[2.59, 2.93], [3.21, 3.57], [3.73, 3.97]]",bird-mixit+tweetynet
grywag,Motacilla cinerea,xc:320626,xc_320626,0,"[0.993925, 0.232762, 0.016841, 0.0]",0.9939,0.9939,34.11,0.9998,0.9992,0.993083,0,0.03,1.7,1.67,4,1.14,0.3174,"[[0.03, 0.46], [0.68, 0.87], [1.04, 1.16], [1.3, 1.7]]",bird-mixit+tweetynet
grywag,Motacilla cinerea,xc:502780,xc_502780,0,"[0.999451, 0.984033, 0.0, 0.0]",0.9995,0.9995,26.69,1.0,0.9933,0.992845,5,6.81,7.22,0.41,2,0.3,0.2683,"[[6.81, 6.89], [7.0, 7.22]]",bird-mixit+tweetynet
grywag,Motacilla cinerea,xc:977607,xc_977607,1,"[0.0, 0.995235, 0.0, 0.0]",0.9952,0.9952,30.87,0.9988,0.9975,0.992702,1,1.55,2.19,0.64,3,0.26,0.5938,"[[1.55, 1.59], [1.8, 1.92], [2.09, 2.19]]",bird-mixit+tweetynet
grywag,Motacilla cinerea,xc:320626,xc_320626,0,"[0.993925, 0.232762, 0.016841, 0.0]",0.9939,0.9939,30.78,0.9997,0.9979,0.991795,6,10.48,13.96,3.48,12,1.66,0.523,"[[10.48, 10.63], [10.91, 11.0], [11.11, 11.29], [11.4, 11.48], [11.59, 11.67], [11.75, 11.92], [11.99, 12.07], [12.36, 12.54], [12.74, 12.81], [12.96, 13.09], [13.17, 13.59], [13.93, 13.96]]",bird-mixit+tweetynet
grywag,Motacilla cinerea,xc:608016,xc_608016,0,"[0.992562, 0.250994, 0.840714, 0.458911]",0.9926,0.9926,33.95,0.9998,0.9991,0.991745,8,14.04,14.76,0.72,3,0.42,0.4167,"[[14.04, 14.15], [14.21, 14.35], [14.59, 14.76]]",bird-mixit+tweetynet
grywag,Motacilla cinerea,xc:485888,xc_485888,0,"[0.991611, 0.986345, 0.959708, 0.869904]",0.9916,0.9916,55.07,1.0,1.0,0.991596,27,40.32,41.07,0.75,1,0.75,0.0,"[[40.32, 41.07]]",bird-mixit+tweetynet
grywag,Motacilla cinerea,xc:485888,xc_485888,0,"[0.991611, 0.986345, 0.959708, 0.869904]",0.9916,0.9916,52.59,1.0,1.0,0.991593,39,65.91,67.04,1.13,1,1.13,0.0,"[[65.91, 67.04]]",bird-mixit+tweetynet
grywag,Motacilla cinerea,xc:485888,xc_485888,0,"[0.991611, 0.986345, 0.959708, 0.869904]",0.9916,0.9916,49.2,1.0,1.0,0.991589,28,41.67,45.27,3.6,6,2.17,0.3972,"[[41.67, 41.95], [42.3, 42.77], [43.16, 43.5], [43.65, 43.75], [44.0, 44.56], [44.85, 45.27]]",bird-mixit+tweetynet
grywag,Motacilla cinerea,xc:485888,xc_485888,0,"[0.991611, 0.986345, 0.959708, 0.869904]",0.9916,0.9916,48.53,1.0,1.0,0.991588,31,49.24,53.67,4.43,5,3.34,0.246,"[[49.24, 49.72], [49.92, 50.13], [50.4, 51.0], [51.34, 51.51], [51.79, 53.67]]",bird-mixit+tweetynet
grywag,Motacilla cinerea,xc:485888,xc_485888,0,"[0.991611, 0.986345, 0.959708, 0.869904]",0.9916,0.9916,47.61,1.0,1.0,0.991585,10,14.49,16.21,1.72,3,1.41,0.1802,"[[14.49, 15.18], [15.24, 15.5], [15.75, 16.21]]",bird-mixit+tweetynet
grywag,Motacilla cinerea,xc:78168,xc_78168,1,"[0.939146, 0.998413, 0.0, 0.0]",0.9984,0.9984,26.55,0.9999,0.993,0.991453,0,0.02,0.84,0.82,2,0.56,0.3171,"[[0.02, 0.17], [0.43, 0.84]]",bird-mixit+tweetynet
grywag,Motacilla cinerea,xc:608016,xc_608016,0,"[0.992562, 0.250994, 0.840714, 0.458911]",0.9926,0.9926,32.35,0.9999,0.9987,0.991331,19,28.8,29.44,0.64,2,0.39,0.3906,"[[28.8, 28.83], [29.08, 29.44]]",bird-mixit+tweetynet
grywag,Motacilla cinerea,xc:686515,xc_686515,1,"[0.0, 0.996497, 0.0, 0.0]",0.9965,0.9965,27.3,0.9998,0.9943,0.990865,37,42.75,43.17,0.42,1,0.42,0.0,"[[42.75, 43.17]]",bird-mixit+tweetynet
grywag,Motacilla cinerea,xc:608016,xc_608016,0,"[0.992562, 0.250994, 0.840714, 0.458911]",0.9926,0.9926,30.3,0.9999,0.9977,0.990287,0,0.55,0.88,0.33,1,0.33,0.0,"[[0.55, 0.88]]",bird-mixit+tweetynet
grywag,Motacilla cinerea,xc:937227,xc_937227,0,"[0.99579, 0.0, 0.0, 0.0]",0.9958,0.9958,27.1,1.0,0.9941,0.989931,1,2.98,3.28,0.3,1,0.3,0.0,"[[2.98, 3.28]]",bird-mixit+tweetynet
grywag,Motacilla cinerea,xc:937227,xc_937227,0,"[0.99579, 0.0, 0.0, 0.0]",0.9958,0.9958,27.06,0.9998,0.994,0.989778,2,3.98,4.32,0.34,1,0.34,0.0,"[[3.98, 4.32]]",bird-mixit+tweetynet
grywag,Motacilla cinerea,xc:388636,xc_388636,0,"[0.991663, 0.0, 0.0, 0.0]",0.9917,0.9917,29.89,0.9998,0.9973,0.989042,0,0.31,0.67,0.36,1,0.36,0.0,"[[0.31, 0.67]]",bird-mixit+tweetynet
grywag,Motacilla cinerea,xc:722424,xc_722424,1,"[0.802343, 0.998204, 0.096698, 0.07018]",0.9982,0.9982,25.56,0.9999,0.9906,0.988837,3,9.27,11.93,2.66,5,1.56,0.4135,"[[9.27, 10.06], [10.39, 10.49], [10.67, 10.8], [11.12, 11.34], [11.61, 11.93]]",bird-mixit+tweetynet
grywag,Motacilla cinerea,xc:502780,xc_502780,0,"[0.999451, 0.984033, 0.0, 0.0]",0.9995,0.9995,25.02,1.0,0.9891,0.988576,2,2.8,3.68,0.88,3,0.51,0.4205,"[[2.8, 3.18], [3.27, 3.34], [3.62, 3.68]]",bird-mixit+tweetynet
grywag,Motacilla cinerea,xc:432286,xc_432286,0,"[0.997739, 0.0, 0.0, 0.0]",0.9977,0.9977,25.46,0.9996,0.9902,0.987961,12,37.0,37.34,0.34,1,0.34,0.0,"[[37.0, 37.34]]",bird-mixit+tweetynet
grywag,Motacilla cinerea,xc:696159,xc_696159,0,"[0.988074, 0.0, 0.0, 0.0]",0.9881,0.9881,38.07,0.9999,0.9997,0.987847,6,10.31,10.72,0.41,2,0.29,0.2927,"[[10.31, 10.36], [10.48, 10.72]]",bird-mixit+tweetynet
grywag,Motacilla cinerea,xc:696159,xc_696159,0,"[0.988074, 0.0, 0.0, 0.0]",0.9881,0.9881,37.31,0.9998,0.9996,0.987737,5,8.89,9.87,0.98,4,0.43,0.5612,"[[8.89, 9.11], [9.26, 9.34], [9.45, 9.5], [9.79, 9.87]]",bird-mixit+tweetynet
grywag,Motacilla cinerea,xc:686515,xc_686515,1,"[0.0, 0.996497, 0.0, 0.0]",0.9965,0.9965,25.7,0.9997,0.991,0.987493,18,21.21,21.53,0.32,1,0.32,0.0,"[[21.21, 21.53]]",bird-mixit+tweetynet
grywag,Motacilla cinerea,xc:753327,xc_753327,1,"[0.997513, 0.988711, 0.032404, 0.057679]",0.9887,0.9975,30.75,0.9998,0.9979,0.986667,7,8.75,9.16,0.41,1,0.41,0.0,"[[8.75, 9.16]]",bird-mixit+tweetynet
grywag,Motacilla cinerea,xc:320626,xc_320626,0,"[0.993925, 0.232762, 0.016841, 0.0]",0.9939,0.9939,26.25,0.9999,0.9923,0.986292,2,3.12,3.38,0.26,1,0.26,0.0,"[[3.12, 3.38]]",bird-mixit+tweetynet
grywag,Motacilla cinerea,xc:502780,xc_502780,0,"[0.999451, 0.984033, 0.0, 0.0]",0.9995,0.9995,24.37,1.0,0.9867,0.986251,3,4.41,5.44,1.03,2,0.85,0.1748,"[[4.41, 4.9], [5.08, 5.44]]",bird-mixit+tweetynet
grywag,Motacilla cinerea,xc:131295,xc_131295,0,"[0.999393, 0.0, 0.211571, 0.114887]",0.9994,0.9994,24.28,1.0,0.9864,0.985819,3,9.21,9.61,0.4,1,0.4,0.0,"[[9.21, 9.61]]",bird-mixit+tweetynet
grywag,Motacilla cinerea,xc:942972,xc_942972,0,"[0.999375, 0.0, 0.0, 0.0]",0.9994,0.9994,24.17,1.0,0.9859,0.985355,6,7.73,9.89,2.16,3,1.53,0.2917,"[[7.73, 8.31], [8.62, 9.22], [9.54, 9.89]]",bird-mixit+tweetynet
grywag,Motacilla cinerea,xc:753327,xc_753327,1,"[0.997513, 0.988711, 0.032404, 0.057679]",0.9887,0.9975,29.17,0.9994,0.9966,0.985295,1,1.36,2.0,0.64,2,0.36,0.4375,"[[1.36, 1.63], [1.91, 2.0]]",bird-mixit+tweetynet
grywag,Motacilla cinerea,xc:937231,xc_937231,0,"[0.995277, 0.079913, 0.017651, 0.203307]",0.9953,0.9953,25.24,1.0,0.9898,0.985116,5,14.93,15.27,0.34,1,0.34,0.0,"[[14.93, 15.27]]",bird-mixit+tweetynet
jabwar,Horornis diphone,xc:660617,xc_660617,0,"[0.998282, 0.533823, 0.03262, 0.045877]",0.9983,0.9983,32.64,0.9997,0.9987,0.997049,16,40.09,40.36,0.27,1,0.27,0.0,"[[40.09, 40.36]]",bird-mixit+tweetynet
jabwar,Horornis diphone,xc:191194,xc_191194,1,"[0.98984, 0.999809, 0.761364, 0.995524]",0.9998,0.9998,30.87,0.9956,0.9959,0.995714,81,142.81,145.19,2.38,7,1.5,0.3697,"[[142.81, 143.2], [143.32, 143.55], [143.73, 144.03], [144.19, 144.31], [144.58, 144.76], [144.83, 145.07], [145.15, 145.19]]",bird-mixit+tweetynet
jabwar,Horornis diphone,xc:198427,xc_198427,1,"[0.98984, 0.999809, 0.761364, 0.995524]",0.9998,0.9998,30.87,0.9956,0.9959,0.995714,81,142.81,145.19,2.38,7,1.5,0.3697,"[[142.81, 143.2], [143.32, 143.55], [143.73, 144.03], [144.19, 144.31], [144.58, 144.76], [144.83, 145.07], [145.15, 145.19]]",bird-mixit+tweetynet
jabwar,Horornis diphone,xc:191194,xc_191194,1,"[0.98984, 0.999809, 0.761364, 0.995524]",0.9998,0.9998,29.75,0.9966,0.9957,0.995456,72,118.86,123.61,4.75,15,2.62,0.4484,"[[118.86, 118.98], [119.05, 119.11], [119.3, 119.42], [119.59, 119.66], [119.84, 119.96], [120.12, 120.21], [120.38, 120.46], [120.58, 120.65], [120.81, 120.92], [121.06, 121.13], [121.29, 121.39], [121.6, 121.68], [121.84, 121.91], [122.08, 123.43], [123.5, 123.61]]",bird-mixit+tweetynet
jabwar,Horornis diphone,xc:198427,xc_198427,1,"[0.98984, 0.999809, 0.761364, 0.995524]",0.9998,0.9998,29.75,0.9966,0.9957,0.995456,72,118.86,123.61,4.75,15,2.62,0.4484,"[[118.86, 118.98], [119.05, 119.11], [119.3, 119.42], [119.59, 119.66], [119.84, 119.96], [120.12, 120.21], [120.38, 120.46], [120.58, 120.65], [120.81, 120.92], [121.06, 121.13], [121.29, 121.39], [121.6, 121.68], [121.84, 121.91], [122.08, 123.43], [123.5, 123.61]]",bird-mixit+tweetynet
jabwar,Horornis diphone,xc:191194,xc_191194,1,"[0.98984, 0.999809, 0.761364, 0.995524]",0.9998,0.9998,30.56,0.9949,0.9954,0.995188,85,164.78,170.46,5.68,20,3.14,0.4472,"[[164.78, 164.83], [165.09, 165.23], [165.32, 165.4], [165.48, 165.69], [165.79, 165.88], [166.03, 166.14], [166.28, 166.38], [166.54, 166.69], [166.81, 166.92], [167.07, 167.11], [167.22, 167.39], [167.55, 168.15], [168.23, 168.41], [168.54, 168.72], [168.82, 168.98], [169.05, 169.52], [169.57, 169.62], [169.8, 169.87], [170.13, 170.23], [170.38, 170.46]]",bird-mixit+tweetynet
jabwar,Horornis diphone,xc:198427,xc_198427,1,"[0.98984, 0.999809, 0.761364, 0.995524]",0.9998,0.9998,30.56,0.9949,0.9954,0.995188,85,164.78,170.46,5.68,20,3.14,0.4472,"[[164.78, 164.83], [165.09, 165.23], [165.32, 165.4], [165.48, 165.69], [165.79, 165.88], [166.03, 166.14], [166.28, 166.38], [166.54, 166.69], [166.81, 166.92], [167.07, 167.11], [167.22, 167.39], [167.55, 168.15], [168.23, 168.41], [168.54, 168.72], [168.82, 168.98], [169.05, 169.52], [169.57, 169.62], [169.8, 169.87], [170.13, 170.23], [170.38, 170.46]]",bird-mixit+tweetynet
jabwar,Horornis diphone,xc:198427,xc_198427,1,"[0.98984, 0.999809, 0.761364, 0.995524]",0.9998,0.9998,30.76,0.9932,0.9946,0.994425,54,91.27,91.82,0.55,2,0.46,0.1636,"[[91.27, 91.49], [91.58, 91.82]]",bird-mixit+tweetynet
jabwar,Horornis diphone,xc:191194,xc_191194,1,"[0.98984, 0.999809, 0.761364, 0.995524]",0.9998,0.9998,30.76,0.9932,0.9946,0.994425,54,91.27,91.82,0.55,2,0.46,0.1636,"[[91.27, 91.49], [91.58, 91.82]]",bird-mixit+tweetynet
jabwar,Horornis diphone,xc:385100,xc_385100,0,"[0.999143, 0.900509, 0.083797, 0.431243]",0.9991,0.9991,28.02,0.9995,0.9953,0.994407,11,41.73,42.85,1.12,4,0.57,0.4911,"[[41.73, 41.77], [42.05, 42.23], [42.39, 42.57], [42.68, 42.85]]",bird-mixit+tweetynet
jabwar,Horornis diphone,xc:198427,xc_198427,1,"[0.98984, 0.999809, 0.761364, 0.995524]",0.9998,0.9998,29.08,0.9948,0.9942,0.993971,79,139.54,141.73,2.19,8,1.38,0.3699,"[[139.54, 139.63], [139.75, 140.0], [140.08, 140.25], [140.36, 140.52], [140.61, 140.75], [140.93, 141.12], [141.23, 141.37], [141.49, 141.73]]",bird-mixit+tweetynet
jabwar,Horornis diphone,xc:191194,xc_191194,1,"[0.98984, 0.999809, 0.761364, 0.995524]",0.9998,0.9998,29.08,0.9948,0.9942,0.993971,79,139.54,141.73,2.19,8,1.38,0.3699,"[[139.54, 139.63], [139.75, 140.0], [140.08, 140.25], [140.36, 140.52], [140.61, 140.75], [140.93, 141.12], [141.23, 141.37], [141.49, 141.73]]",bird-mixit+tweetynet
jabwar,Horornis diphone,xc:385100,xc_385100,0,"[0.999143, 0.900509, 0.083797, 0.431243]",0.9991,0.9991,27.54,0.9995,0.9946,0.993716,7,31.26,33.05,1.79,5,1.09,0.3911,"[[31.26, 31.4], [31.66, 31.81], [32.07, 32.37], [32.48, 32.72], [32.79, 33.05]]",bird-mixit+tweetynet
jabwar,Horornis diphone,xc:385100,xc_385100,0,"[0.999143, 0.900509, 0.083797, 0.431243]",0.9991,0.9991,26.02,0.9985,0.9912,0.990273,3,12.28,18.22,5.94,15,3.51,0.4091,"[[12.28, 12.46], [12.65, 12.88], [12.94, 13.17], [13.33, 13.52], [13.81, 14.01], [14.3, 14.53], [14.7, 15.01], [15.21, 15.43], [15.48, 15.71], [15.95, 16.2], [16.34, 16.54], [16.75, 16.98], [17.09, 17.28], [17.48, 17.71], [17.83, 18.22]]",bird-mixit+tweetynet
jabwar,Horornis diphone,xc:385100,xc_385100,0,"[0.999143, 0.900509, 0.083797, 0.431243]",0.9991,0.9991,25.27,0.9995,0.9896,0.988732,6,26.78,30.68,3.9,11,2.59,0.3359,"[[26.78, 27.24], [27.34, 27.54], [27.7, 27.9], [28.03, 28.25], [28.41, 28.62], [28.71, 28.92], [29.01, 29.2], [29.27, 29.53], [29.72, 29.92], [30.1, 30.33], [30.47, 30.68]]",bird-mixit+tweetynet
jabwar,Horornis diphone,xc:451338,xc_451338,0,"[0.999914, 0.021019, 0.0, 0.867245]",0.9999,0.9999,24.82,0.9997,0.9883,0.988174,29,118.17,118.39,0.22,1,0.22,0.0,"[[118.17, 118.39]]",bird-mixit+tweetynet
jabwar,Horornis diphone,xc:385100,xc_385100,0,"[0.999143, 0.900509, 0.083797, 0.431243]",0.9991,0.9991,24.94,0.9995,0.9886,0.987681,8,33.31,40.48,7.17,17,4.35,0.3933,"[[33.31, 33.5], [33.66, 33.89], [34.02, 34.51], [34.61, 34.8], [34.93, 35.13], [35.34, 35.6], [35.77, 36.01], [36.23, 36.46], [36.61, 36.83], [37.0, 37.2], [37.4, 37.64], [37.89, 38.1], [38.25, 38.46], [38.71, 38.97], [39.07, 39.62], [39.82, 40.04], [40.27, 40.48]]",bird-mixit+tweetynet
jabwar,Horornis diphone,xc:660617,xc_660617,0,"[0.998282, 0.533823, 0.03262, 0.045877]",0.9983,0.9983,24.88,0.9999,0.9886,0.986881,13,34.66,34.91,0.25,1,0.25,0.0,"[[34.66, 34.91]]",bird-mixit+tweetynet
jabwar,Horornis diphone,xc:41397,xc_41397,0,"[0.999809, 0.0, 0.0, 0.0]",0.9998,0.9998,29.38,0.98,0.9871,0.986874,0,1.57,3.79,2.22,7,1.5,0.3243,"[[1.57, 1.61], [1.79, 1.97], [2.12, 2.28], [2.39, 3.16], [3.24, 3.43], [3.55, 3.62], [3.7, 3.79]]",bird-mixit+tweetynet
jabwar,Horornis diphone,xc:41397,xc_41397,0,"[0.999809, 0.0, 0.0, 0.0]",0.9998,0.9998,27.92,0.9797,0.9853,0.985124,1,5.65,12.01,6.36,14,5.26,0.173,"[[5.65, 5.69], [5.79, 6.14], [6.23, 6.61], [6.67, 7.83], [7.89, 8.29], [8.35, 9.06], [9.13, 9.34], [9.45, 9.62], [9.71, 9.86], [9.94, 10.1], [10.19, 10.35], [10.44, 11.55], [11.66, 11.86], [11.95, 12.01]]",bird-mixit+tweetynet
jabwar,Horornis diphone,xc:915187,xc_915187,0,"[0.999973, 0.024389, 0.151725, 0.986243]",1.0,1.0,23.16,0.9997,0.9809,0.980896,18,48.37,50.71,2.34,6,1.62,0.3077,"[[48.37, 48.49], [48.59, 48.94], [49.03, 49.37], [49.48, 49.83], [49.94, 50.32], [50.63, 50.71]]",bird-mixit+tweetynet
jabwar,Horornis diphone,xc:660617,xc_660617,0,"[0.998282, 0.533823, 0.03262, 0.045877]",0.9983,0.9983,23.15,0.9992,0.9806,0.978943,24,57.23,57.48,0.25,1,0.25,0.0,"[[57.23, 57.48]]",bird-mixit+tweetynet
jabwar,Horornis diphone,xc:660617,xc_660617,0,"[0.998282, 0.533823, 0.03262, 0.045877]",0.9983,0.9983,23.1,0.9995,0.9805,0.978831,18,42.35,42.6,0.25,1,0.25,0.0,"[[42.35, 42.6]]",bird-mixit+tweetynet
jabwar,Horornis diphone,xc:285848,xc_285848,0,"[0.999667, 0.014745, 0.0, 0.0]",0.9997,0.9997,25.11,0.9784,0.9787,0.97838,16,55.91,57.26,1.35,4,1.1,0.1852,"[[55.91, 56.19], [56.29, 56.54], [56.59, 56.89], [56.99, 57.26]]",bird-mixit+tweetynet
jabwar,Horornis diphone,xc:915187,xc_915187,0,"[0.999973, 0.024389, 0.151725, 0.986243]",1.0,1.0,23.27,0.9912,0.9773,0.977348,4,15.62,17.31,1.69,3,1.3,0.2308,"[[15.62, 15.85], [15.94, 16.74], [17.04, 17.31]]",bird-mixit+tweetynet
jabwar,Horornis diphone,xc:1016608,xc_1016608,0,"[0.999231, 0.949727, 0.010248, 0.993029]",0.9992,0.9992,22.73,0.9938,0.9755,0.974719,11,21.64,23.15,1.51,2,1.44,0.0464,"[[21.64, 22.66], [22.73, 23.15]]",bird-mixit+tweetynet
jabwar,Horornis diphone,xc:660617,xc_660617,0,"[0.998282, 0.533823, 0.03262, 0.045877]",0.9983,0.9983,22.43,0.9989,0.976,0.97438,21,53.33,53.56,0.23,1,0.23,0.0,"[[53.33, 53.56]]",bird-mixit+tweetynet
jabwar,Horornis diphone,xc:915187,xc_915187,0,"[0.999973, 0.024389, 0.151725, 0.986243]",1.0,1.0,22.16,0.9978,0.9735,0.973521,5,18.5,20.34,1.84,3,1.61,0.125,"[[18.5, 19.05], [19.1, 19.6], [19.78, 20.34]]",bird-mixit+tweetynet
jabwar,Horornis diphone,xc:195518,xc_195518,0,"[0.99239, 0.0, 0.006951, 0.007843]",0.9924,0.9924,27.96,0.9702,0.9806,0.97316,7,17.05,19.37,2.32,7,1.06,0.5431,"[[17.05, 17.28], [17.41, 17.67], [18.02, 18.23], [18.4, 18.62], [18.86, 18.89], [18.98, 19.02], [19.3, 19.37]]",bird-mixit+tweetynet
jabwar,Horornis diphone,xc:915187,xc_915187,0,"[0.999973, 0.024389, 0.151725, 0.986243]",1.0,1.0,22.14,0.9966,0.9728,0.972816,0,0.19,5.04,4.85,11,3.37,0.3052,"[[0.19, 0.41], [0.47, 1.33], [1.46, 1.72], [2.09, 2.35], [2.44, 2.72], [2.77, 3.04], [3.13, 3.37], [3.54, 3.78], [3.96, 4.19], [4.46, 4.71], [4.78, 5.04]]",bird-mixit+tweetynet
jabwar,Horornis diphone,xc:450667,xc_450667,0,"[0.999546, 0.059705, 0.0, 0.991699]",0.9995,0.9995,22.63,0.9892,0.9726,0.972125,12,41.42,41.82,0.4,1,0.4,0.0,"[[41.42, 41.82]]",bird-mixit+tweetynet
jabwar,Horornis diphone,xc:285823,xc_285823,0,"[0.999624, 0.040039, 0.948953, 0.046515]",0.9996,0.9996,27.55,0.954,0.972,0.971588,4,11.47,18.53,7.06,19,4.74,0.3286,"[[11.47, 11.69], [11.74, 11.79], [11.86, 12.5], [12.58, 12.77], [13.02, 13.26], [13.36, 13.82], [13.87, 14.17], [14.26, 14.51], [14.66, 14.96], [15.06, 15.12], [15.22, 15.43], [15.63, 15.84], [15.9, 16.4], [16.56, 16.79], [16.91, 16.94], [17.29, 17.34], [17.43, 17.48], [17.58, 17.71], [17.91, 18.53]]",bird-mixit+tweetynet
jabwar,Horornis diphone,xc:450670,xc_450670,1,"[0.998785, 0.973454, 0.016519, 0.861333]",0.9735,0.9988,30.5,0.9984,0.9971,0.970634,16,74.65,79.83,5.18,13,3.58,0.3089,"[[74.65, 74.82], [74.92, 75.01], [75.14, 75.45], [75.56, 75.87], [75.96, 76.3], [76.49, 76.88], [77.0, 77.36], [77.5, 77.94], [78.03, 78.44], [78.61, 78.85], [79.05, 79.2], [79.38, 79.65], [79.73, 79.83]]",bird-mixit+tweetynet
jabwar,Horornis diphone,xc:191195,xc_191195,0,"[0.99976, 0.500237, 0.296577, 0.681494]",0.9998,0.9998,23.84,0.971,0.9703,0.970066,1,5.17,13.11,7.94,9,7.24,0.0882,"[[5.17, 7.54], [7.67, 9.12], [9.18, 10.17], [10.25, 10.83], [10.9, 11.14], [11.21, 11.46], [11.51, 11.77], [11.93, 12.19], [12.27, 13.11]]",bird-mixit+tweetynet
jabwar,Horornis diphone,xc:450670,xc_450670,1,"[0.998785, 0.973454, 0.016519, 0.861333]",0.9735,0.9988,30.3,0.9963,0.9959,0.969518,7,38.96,39.57,0.61,2,0.49,0.1967,"[[38.96, 39.28], [39.4, 39.57]]",bird-mixit+tweetynet
jabwar,Horornis diphone,xc:450670,xc_450670,1,"[0.998785, 0.973454, 0.016519, 0.861333]",0.9735,0.9988,29.1,0.9981,0.9958,0.969408,14,64.7,70.13,5.43,14,3.6,0.337,"[[64.7, 64.93], [65.1, 65.26], [65.42, 65.82], [65.98, 66.33], [66.48, 66.87], [67.03, 67.29], [67.38, 67.52], [67.67, 67.91], [67.96, 68.08], [68.25, 68.59], [68.67, 68.87], [68.94, 69.04], [69.16, 69.57], [69.87, 70.13]]",bird-mixit+tweetynet
jabwar,Horornis diphone,xc:450670,xc_450670,1,"[0.998785, 0.973454, 0.016519, 0.861333]",0.9735,0.9988,28.94,0.9972,0.9952,0.968815,10,47.97,53.62,5.65,17,3.79,0.3292,"[[47.97, 48.17], [48.3, 48.35], [48.51, 48.9], [49.08, 49.41], [49.56, 49.75], [49.81, 49.89], [50.07, 50.43], [50.54, 50.83], [50.92, 51.1], [51.15, 51.25], [51.38, 51.74], [51.91, 52.13], [52.2, 52.33], [52.44, 52.8], [52.89, 53.19], [53.31, 53.5], [53.56, 53.62]]",bird-mixit+tweetynet
jabwar,Horornis diphone,xc:450670,xc_450670,1,"[0.998785, 0.973454, 0.016519, 0.861333]",0.9735,0.9988,28.21,0.9985,0.995,0.968645,17,80.09,87.65,7.56,25,4.49,0.4061,"[[80.09, 80.32], [80.43, 80.51], [80.74, 80.98], [81.06, 81.16], [81.29, 81.54], [81.66, 81.73], [81.9, 82.12], [82.25, 82.34], [82.48, 82.64], [82.77, 82.88], [82.98, 83.28], [83.41, 83.71], [83.87, 84.01], [84.15, 84.23], [84.41, 84.66], [84.72, 84.82], [84.94, 85.15], [85.21, 85.34], [85.48, 85.69], [85.74, 85.82], [86.02, 86.4], [86.57, 86.81], [86.92, 87.07], [87.22, 87.49], [87.55, 87.65]]",bird-mixit+tweetynet
jabwar,Horornis diphone,xc:191195,xc_191195,0,"[0.99976, 0.500237, 0.296577, 0.681494]",0.9998,0.9998,21.89,0.9915,0.9684,0.968219,2,13.31,13.93,0.62,2,0.49,0.2097,"[[13.31, 13.55], [13.68, 13.93]]",bird-mixit+tweetynet
jabwar,Horornis diphone,xc:915187,xc_915187,0,"[0.999973, 0.024389, 0.151725, 0.986243]",1.0,1.0,21.73,0.9924,0.9676,0.967593,12,31.49,34.13,2.64,5,2.29,0.1326,"[[31.49, 31.8], [31.87, 32.11], [32.24, 33.04], [33.13, 33.38], [33.44, 34.13]]",bird-mixit+tweetynet
jabwar,Horornis diphone,xc:195518,xc_195518,0,"[0.99239, 0.0, 0.006951, 0.007843]",0.9924,0.9924,26.54,0.9628,0.9746,0.967183,8,20.93,23.22,2.29,7,1.07,0.5328,"[[20.93, 20.98], [21.24, 21.32], [21.68, 21.72], [22.04, 22.26], [22.33, 22.54], [22.61, 22.83], [22.97, 23.22]]",bird-mixit+tweetynet
jabwar,Horornis diphone,xc:1016608,xc_1016608,0,"[0.999231, 0.949727, 0.010248, 0.993029]",0.9992,0.9992,21.51,0.9971,0.968,0.96718,48,117.12,119.72,2.6,4,2.19,0.1577,"[[117.12, 118.48], [118.6, 118.84], [118.94, 119.23], [119.42, 119.72]]",bird-mixit+tweetynet
jabwar,Horornis diphone,xc:191203,xc_191203,0,"[0.98601, 0.0, 0.0, 0.0]",0.986,0.986,23.73,0.993,0.9806,0.966827,8,29.23,30.32,1.09,4,0.6,0.4495,"[[29.23, 29.42], [29.53, 29.71], [29.9, 30.1], [30.29, 30.32]]",bird-mixit+tweetynet
jabwar,Horornis diphone,xc:191203,xc_191203,0,"[0.98601, 0.0, 0.0, 0.0]",0.986,0.986,23.98,0.99,0.9803,0.966528,11,39.18,39.39,0.21,1,0.21,0.0,"[[39.18, 39.39]]",bird-mixit+tweetynet
jabwar,Horornis diphone,xc:1016608,xc_1016608,0,"[0.999231, 0.949727, 0.010248, 0.993029]",0.9992,0.9992,21.28,0.9994,0.9669,0.966151,49,120.28,126.11,5.83,7,4.66,0.2007,"[[120.28, 120.95], [121.15, 123.03], [123.16, 123.44], [123.52, 124.02], [124.11, 124.78], [125.17, 125.68], [125.96, 126.11]]",bird-mixit+tweetynet
jabwar,Horornis diphone,xc:450667,xc_450667,0,"[0.999546, 0.059705, 0.0, 0.991699]",0.9995,0.9995,21.76,0.9869,0.9651,0.964635,11,37.03,40.94,3.91,10,3.11,0.2046,"[[37.03, 37.23], [37.33, 37.75], [37.88, 38.52], [38.63, 39.24], [39.32, 39.56], [39.63, 39.78], [39.85, 40.05], [40.1, 40.3], [40.4, 40.65], [40.74, 40.94]]",bird-mixit+tweetynet
jabwar,Horornis diphone,xc:910589,xc_910589,3,"[0.988761, 0.0, 0.013992, 0.985768]",0.9858,0.9888,25.33,0.9762,0.9783,0.964395,0,0.12,3.82,3.7,4,3.19,0.1378,"[[0.12, 0.17], [0.35, 1.29], [1.52, 1.58], [1.68, 3.82]]",bird-mixit+tweetynet
jabwar,Horornis diphone,xc:1016608,xc_1016608,0,"[0.999231, 0.949727, 0.010248, 0.993029]",0.9992,0.9992,21.68,0.9862,0.9641,0.963332,18,41.21,42.8,1.59,2,1.39,0.1258,"[[41.21, 42.14], [42.34, 42.8]]",bird-mixit+tweetynet
jabwar,Horornis diphone,xc:195518,xc_195518,0,"[0.99239, 0.0, 0.006951, 0.007843]",0.9924,0.9924,27.19,0.9483,0.9686,0.961238,13,30.15,33.85,3.7,8,2.06,0.4432,"[[30.15, 30.38], [30.51, 30.6], [30.79, 31.17], [31.39, 31.64], [32.03, 32.24], [32.37, 32.63], [32.92, 33.18], [33.47, 33.85]]",bird-mixit+tweetynet
jabwar,Horornis diphone,xc:195518,xc_195518,0,"[0.99239, 0.0, 0.006951, 0.007843]",0.9924,0.9924,28.88,0.9426,0.9679,0.96057,12,29.3,29.64,0.34,1,0.34,0.0,"[[29.3, 29.64]]",bird-mixit+tweetynet
jabwar,Horornis diphone,xc:450672,xc_450672,0,"[0.999169, 0.186786, 0.016303, 0.020551]",0.9992,0.9992,22.14,0.9728,0.9612,0.960428,7,53.25,54.43,1.18,4,0.83,0.2966,"[[53.25, 53.44], [53.62, 53.81], [53.93, 54.18], [54.23, 54.43]]",bird-mixit+tweetynet
jabwar,Horornis diphone,xc:59058,xc_59058,0,"[0.99052, 0.165768, 0.030616, 0.972318]",0.9905,0.9905,21.77,0.9956,0.9695,0.960251,26,59.37,61.44,2.07,6,1.15,0.4444,"[[59.37, 59.94], [60.16, 60.27], [60.34, 60.44], [60.66, 60.73], [61.09, 61.16], [61.21, 61.44]]",bird-mixit+tweetynet
jabwar,Horornis diphone,xc:451338,xc_451338,0,"[0.999914, 0.021019, 0.0, 0.867245]",0.9999,0.9999,24.31,0.946,0.9599,0.959787,9,55.61,58.15,2.54,6,1.47,0.4213,"[[55.61, 55.79], [55.86, 56.49], [56.63, 56.81], [57.17, 57.35], [57.47, 57.62], [58.0, 58.15]]",bird-mixit+tweetynet
jabwar,Horornis diphone,xc:285848,xc_285848,0,"[0.999667, 0.014745, 0.0, 0.0]",0.9997,0.9997,24.76,0.9425,0.9598,0.95951,8,29.83,30.97,1.14,2,1.09,0.0439,"[[29.83, 30.4], [30.45, 30.97]]",bird-mixit+tweetynet
jabwar,Horornis diphone,xc:191203,xc_191203,0,"[0.98601, 0.0, 0.0, 0.0]",0.986,0.986,22.67,0.9892,0.9728,0.959215,10,38.06,38.81,0.75,2,0.41,0.4533,"[[38.06, 38.26], [38.6, 38.81]]",bird-mixit+tweetynet
jabwar,Horornis diphone,xc:41397,xc_41397,0,"[0.999809, 0.0, 0.0, 0.0]",0.9998,0.9998,20.54,0.9995,0.9592,0.958987,4,17.19,18.39,1.2,1,1.2,0.0,"[[17.19, 18.39]]",bird-mixit+tweetynet
jabwar,Horornis diphone,xc:451338,xc_451338,0,"[0.999914, 0.021019, 0.0, 0.867245]",0.9999,0.9999,24.73,0.9397,0.9583,0.958206,33,126.85,127.86,1.01,3,0.6,0.4059,"[[126.85, 127.04], [127.27, 127.45], [127.63, 127.86]]",bird-mixit+tweetynet
jabwar,Horornis diphone,xc:195518,xc_195518,0,"[0.99239, 0.0, 0.006951, 0.007843]",0.9924,0.9924,24.55,0.9549,0.9652,0.957828,9,24.33,24.61,0.28,1,0.28,0.0,"[[24.33, 24.61]]",bird-mixit+tweetynet
jabwar,Horornis diphone,xc:820031,xc_820031,0,"[0.999135, 0.020014, 0.188639, 0.860749]",0.9991,0.9991,20.42,0.9971,0.9565,0.955683,98,266.17,266.61,0.44,1,0.44,0.0,"[[266.17, 266.61]]",bird-mixit+tweetynet
jabwar,Horornis diphone,xc:285848,xc_285848,0,"[0.999667, 0.014745, 0.0, 0.0]",0.9997,0.9997,23.74,0.9422,0.9556,0.95532,10,38.63,39.34,0.71,2,0.62,0.1268,"[[38.63, 39.18], [39.27, 39.34]]",bird-mixit+tweetynet
jabwar,Horornis diphone,xc:191203,xc_191203,0,"[0.98601, 0.0, 0.0, 0.0]",0.986,0.986,22.56,0.9796,0.9674,0.953886,12,39.82,40.03,0.21,1,0.21,0.0,"[[39.82, 40.03]]",bird-mixit+tweetynet
jabwar,Horornis diphone,xc:1016608,xc_1016608,0,"[0.999231, 0.949727, 0.010248, 0.993029]",0.9992,0.9992,20.08,0.9999,0.9536,0.952886,45,115.37,115.62,0.25,1,0.25,0.0,"[[115.37, 115.62]]",bird-mixit+tweetynet
jabwar,Horornis diphone,xc:450667,xc_450667,0,"[0.999546, 0.059705, 0.0, 0.991699]",0.9995,0.9995,19.97,0.9973,0.9509,0.950455,22,70.72,71.05,0.33,1,0.33,0.0,"[[70.72, 71.05]]",bird-mixit+tweetynet
jabwar,Horornis diphone,xc:191203,xc_191203,0,"[0.98601, 0.0, 0.0, 0.0]",0.986,0.986,21.45,0.9894,0.9636,0.950134,9,30.6,37.71,7.11,19,4.14,0.4177,"[[30.6, 30.8], [30.94, 31.11], [31.25, 31.45], [31.59, 31.98], [32.23, 32.45], [32.63, 32.83], [33.0, 33.2], [33.34, 33.54], [33.69, 33.9], [34.07, 34.27], [34.53, 34.73], [35.0, 35.19], [35.35, 35.55], [35.7, 35.88], [35.98, 36.17], [36.34, 36.53], [36.63, 37.04], [37.17, 37.36], [37.51, 37.71]]",bird-mixit+tweetynet
jabwar,Horornis diphone,xc:155870,xc_155870,0,"[0.99998, 0.29364, 0.092245, 0.190109]",1.0,1.0,20.61,0.9784,0.9498,0.949827,17,63.77,66.02,2.25,5,1.39,0.3822,"[[63.77, 64.36], [64.46, 64.74], [64.98, 65.23], [65.47, 65.69], [65.97, 66.02]]",bird-mixit+tweetynet
jabwar,Horornis diphone,xc:284644,xc_284644,0,"[0.954023, 0.006548, 0.053093, 0.98346]",0.954,0.9835,27.91,0.9975,0.9941,0.94839,13,81.27,85.07,3.8,8,2.63,0.3079,"[[81.27, 82.78], [82.85, 83.17], [83.26, 83.4], [83.55, 83.68], [83.86, 84.0], [84.24, 84.37], [84.62, 84.74], [84.93, 85.07]]",bird-mixit+tweetynet
jabwar,Horornis diphone,xc:155855,xc_155855,0,"[0.998164, 0.951145, 0.963501, 0.999034]",0.9982,0.999,22.48,0.9451,0.9501,0.948384,8,17.04,21.62,4.58,8,3.54,0.2271,"[[17.04, 17.09], [17.24, 17.34], [17.45, 18.65], [18.95, 19.56], [19.7, 20.34], [20.48, 20.59], [20.69, 20.76], [20.86, 21.62]]",bird-mixit+tweetynet
jabwar,Horornis diphone,xc:285699,xc_285699,0,"[0.999651, 0.0, 0.0, 0.0]",0.9997,0.9997,22.62,0.9393,0.9481,0.947856,14,56.1,56.52,0.42,2,0.23,0.4524,"[[56.1, 56.26], [56.45, 56.52]]",bird-mixit+tweetynet
jabwar,Horornis diphone,xc:284644,xc_284644,0,"[0.954023, 0.006548, 0.053093, 0.98346]",0.954,0.9835,47.18,0.9871,0.9935,0.947814,5,40.89,41.22,0.33,1,0.33,0.0,"[[40.89, 41.22]]",bird-mixit+tweetynet
jabwar,Horornis diphone,xc:451338,xc_451338,0,"[0.999914, 0.021019, 0.0, 0.867245]",0.9999,0.9999,27.12,0.8984,0.9436,0.943548,8,54.52,55.22,0.7,3,0.6,0.1429,"[[54.52, 54.72], [54.77, 54.97], [55.02, 55.22]]",bird-mixit+tweetynet
jabwar,Horornis diphone,xc:285848,xc_285848,0,"[0.999667, 0.014745, 0.0, 0.0]",0.9997,0.9997,21.97,0.9351,0.9416,0.941335,7,24.16,29.25,5.09,12,3.94,0.2259,"[[24.16, 24.39], [24.45, 24.68], [24.76, 25.0], [25.05, 25.29], [25.4, 25.66], [25.72, 26.19], [26.38, 26.6], [26.87, 27.13], [27.26, 27.51], [27.59, 27.82], [27.88, 28.94], [29.0, 29.25]]",bird-mixit+tweetynet
jabwar,Horornis diphone,xc:155855,xc_155855,0,"[0.998164, 0.951145, 0.963501, 0.999034]",0.9982,0.999,19.66,0.9877,0.9419,0.940232,12,30.42,33.91,3.49,10,2.38,0.3181,"[[30.42, 30.48], [30.62, 30.77], [30.84, 32.05], [32.25, 32.32], [32.38, 32.58], [32.73, 32.78], [32.88, 32.99], [33.04, 33.14], [33.21, 33.29], [33.56, 33.91]]",bird-mixit+tweetynet
jabwar,Horornis diphone,xc:450667,xc_450667,0,"[0.999546, 0.059705, 0.0, 0.991699]",0.9995,0.9995,25.28,0.9005,0.9407,0.94018,17,52.12,53.09,0.97,2,0.88,0.0928,"[[52.12, 52.32], [52.41, 53.09]]",bird-mixit+tweetynet
jabwar,Horornis diphone,xc:285848,xc_285848,0,"[0.999667, 0.014745, 0.0, 0.0]",0.9997,0.9997,22.23,0.9281,0.9401,0.939799,9,31.76,37.66,5.9,12,4.73,0.1983,"[[31.76, 32.0], [32.05, 33.33], [33.38, 33.63], [33.94, 34.47], [34.54, 34.77], [34.88, 35.12], [35.23, 35.49], [35.55, 35.78], [36.0, 36.26], [36.31, 36.54], [36.6, 37.33], [37.41, 37.66]]",bird-mixit+tweetynet
jabwar,Horornis diphone,xc:858056,xc_858056,0,"[0.945084, 0.0, 0.0, 0.002739]",0.9451,0.9451,29.44,0.9945,0.9943,0.939758,0,0.17,0.61,0.44,2,0.38,0.1364,"[[0.17, 0.39], [0.45, 0.61]]",bird-mixit+tweetynet
japwag1,Motacilla grandis,xc:841047,xc_841047,0,"[0.967951, 0.0, 0.0, 0.0]",0.968,0.968,21.71,0.9997,0.9709,0.939843,6,4.76,7.15,2.39,4,2.03,0.1506,"[[4.76, 4.8], [4.88, 5.65], [5.83, 6.05], [6.15, 7.15]]",bird-mixit+tweetynet
japwag1,Motacilla grandis,ml:160012341,ml_160012341,0,"[0.945751, 0.0, 0.0, 0.0]",0.9458,0.9458,20.82,0.9994,0.9622,0.910072,12,19.61,20.95,1.34,3,1.05,0.2164,"[[19.61, 19.76], [19.85, 20.16], [20.36, 20.95]]",bird-mixit+tweetynet
japwag1,Motacilla grandis,ml:626016358,ml_626016358,1,"[0.608153, 0.923476, 0.0, 0.109115]",0.9235,0.9235,21.78,0.9994,0.9713,0.897013,48,113.41,113.82,0.41,1,0.41,0.0,"[[113.41, 113.82]]",bird-mixit+tweetynet
japwag1,Motacilla grandis,xc:176437,xc_176437,0,"[0.923104, 0.0, 0.0, 0.0]",0.9231,0.9231,21.8,0.9997,0.9716,0.896928,10,19.56,20.92,1.36,3,1.07,0.2132,"[[19.56, 19.71], [19.8, 20.11], [20.31, 20.92]]",bird-mixit+tweetynet
japwag1,Motacilla grandis,ml:626016358,ml_626016358,1,"[0.608153, 0.923476, 0.0, 0.109115]",0.9235,0.9235,21.61,0.9998,0.9701,0.895902,56,127.44,128.48,1.04,2,0.98,0.0577,"[[127.44, 128.25], [128.31, 128.48]]",bird-mixit+tweetynet
japwag1,Motacilla grandis,ml:614765781,ml_614765781,0,"[0.974276, 0.508998, 0.0, 0.045766]",0.9743,0.9743,17.87,0.9925,0.9104,0.887022,0,0.07,0.97,0.9,2,0.69,0.2333,"[[0.07, 0.35], [0.56, 0.97]]",bird-mixit+tweetynet
japwag1,Motacilla grandis,ml:626016358,ml_626016358,1,"[0.608153, 0.923476, 0.0, 0.109115]",0.9235,0.9235,20.51,0.9999,0.959,0.885645,49,114.35,114.74,0.39,1,0.39,0.0,"[[114.35, 114.74]]",bird-mixit+tweetynet
japwag1,Motacilla grandis,ml:626016358,ml_626016358,1,"[0.608153, 0.923476, 0.0, 0.109115]",0.9235,0.9235,20.29,0.9999,0.9563,0.883158,1,1.61,4.78,3.17,5,2.07,0.347,"[[1.61, 1.82], [2.04, 2.45], [2.82, 3.05], [3.26, 4.07], [4.37, 4.78]]",bird-mixit+tweetynet
japwag1,Motacilla grandis,ml:626016358,ml_626016358,1,"[0.608153, 0.923476, 0.0, 0.109115]",0.9235,0.9235,20.19,0.9998,0.955,0.881975,15,43.65,45.59,1.94,2,1.55,0.201,"[[43.65, 44.68], [45.07, 45.59]]",bird-mixit+tweetynet
japwag1,Motacilla grandis,xc:176437,xc_176437,0,"[0.923104, 0.0, 0.0, 0.0]",0.9231,0.9231,19.27,0.9997,0.9415,0.869105,11,21.36,28.37,7.01,11,4.9,0.301,"[[21.36, 21.86], [22.12, 22.3], [22.55, 23.45], [23.75, 24.3], [24.41, 24.96], [25.09, 25.26], [25.53, 25.88], [26.05, 26.63], [26.96, 27.13], [27.22, 27.36], [27.56, 28.37]]",bird-mixit+tweetynet
japwag1,Motacilla grandis,ml:160012331,ml_160012331,0,"[0.991333, 0.0, 0.0, 0.0]",0.9913,0.9913,16.38,0.9976,0.8705,0.862963,14,22.56,25.54,2.98,5,1.95,0.3456,"[[22.56, 22.96], [23.27, 23.83], [24.0, 24.27], [24.57, 24.75], [25.0, 25.54]]",bird-mixit+tweetynet
japwag1,Motacilla grandis,ml:160012341,ml_160012341,0,"[0.945751, 0.0, 0.0, 0.0]",0.9458,0.9458,17.63,0.9994,0.9078,0.858593,13,21.41,28.41,7.0,11,4.62,0.34,"[[21.41, 21.9], [22.17, 22.28], [22.6, 23.48], [23.8, 24.32], [24.46, 24.98], [25.15, 25.28], [25.58, 25.91], [26.11, 26.67], [27.01, 27.2], [27.28, 27.38], [27.62, 28.41]]",bird-mixit+tweetynet
japwag1,Motacilla grandis,xc:176437,xc_176437,0,"[0.923104, 0.0, 0.0, 0.0]",0.9231,0.9231,18.4,0.9994,0.9253,0.854113,8,13.71,17.45,3.74,6,2.56,0.3155,"[[13.71, 14.06], [14.37, 15.53], [15.88, 16.14], [16.42, 16.89], [17.08, 17.24], [17.29, 17.45]]",bird-mixit+tweetynet
japwag1,Motacilla grandis,ml:614765781,ml_614765781,0,"[0.974276, 0.508998, 0.0, 0.045766]",0.9743,0.9743,16.57,0.9967,0.8762,0.853713,4,8.51,10.31,1.8,4,1.56,0.1333,"[[8.51, 8.54], [8.63, 8.85], [8.91, 9.79], [9.88, 10.31]]",bird-mixit+tweetynet
japwag1,Motacilla grandis,ml:160012341,ml_160012341,0,"[0.945751, 0.0, 0.0, 0.0]",0.9458,0.9458,17.21,0.9989,0.8963,0.847767,10,13.77,17.48,3.71,8,2.33,0.372,"[[13.77, 14.1], [14.42, 14.92], [14.97, 15.38], [15.44, 15.58], [15.93, 16.18], [16.48, 16.92], [17.14, 17.27], [17.35, 17.48]]",bird-mixit+tweetynet
japwag1,Motacilla grandis,ml:170805251,ml_170805251,0,"[0.89042, 0.0, 0.0, 0.0]",0.8904,0.8904,19.71,0.9987,0.9479,0.844,4,8.56,14.98,6.42,5,5.89,0.0826,"[[8.56, 10.4], [10.51, 14.0], [14.1, 14.43], [14.49, 14.53], [14.79, 14.98]]",bird-mixit+tweetynet
japwag1,Motacilla grandis,ml:624244129,ml_624244129,0,"[0.988715, 0.026058, 0.0, 0.0]",0.9887,0.9887,15.62,0.9997,0.8436,0.83404,5,13.27,13.95,0.68,2,0.54,0.2059,"[[13.27, 13.72], [13.86, 13.95]]",bird-mixit+tweetynet
japwag1,Motacilla grandis,ml:170805251,ml_170805251,0,"[0.89042, 0.0, 0.0, 0.0]",0.8904,0.8904,18.99,0.9994,0.9366,0.833959,9,34.89,37.73,2.84,6,1.95,0.3134,"[[34.89, 36.32], [36.39, 36.64], [36.71, 36.83], [37.18, 37.22], [37.56, 37.59], [37.65, 37.73]]",bird-mixit+tweetynet
japwag1,Motacilla grandis,ml:170805251,ml_170805251,0,"[0.89042, 0.0, 0.0, 0.0]",0.8904,0.8904,18.64,0.9974,0.9291,0.82727,7,26.63,30.57,3.94,7,3.26,0.1726,"[[26.63, 26.83], [26.89, 26.92], [27.17, 27.28], [27.35, 27.43], [27.59, 27.69], [27.75, 27.81], [27.89, 30.57]]",bird-mixit+tweetynet
japwag1,Motacilla grandis,ml:643265180,ml_643265180,0,"[0.874711, 0.0, 0.0, 0.0]",0.8747,0.8747,19.47,0.998,0.944,0.8257,9,25.0,27.8,2.8,8,1.95,0.3036,"[[25.0, 25.3], [25.36, 25.42], [25.5, 25.67], [25.85, 25.94], [26.14, 26.18], [26.36, 27.57], [27.63, 27.67], [27.76, 27.8]]",bird-mixit+tweetynet
japwag1,Motacilla grandis,xc:959927,xc_959927,0,"[0.9195, 0.0, 0.0, 0.0]",0.9195,0.9195,17.28,0.9971,0.8976,0.825341,1,4.27,5.91,1.64,4,0.83,0.4939,"[[4.27, 4.54], [4.91, 5.11], [5.35, 5.59], [5.79, 5.91]]",bird-mixit+tweetynet
japwag1,Motacilla grandis,ml:628850906,ml_628850906,0,"[0.9195, 0.0, 0.0, 0.0]",0.9195,0.9195,17.28,0.9971,0.8976,0.825341,1,4.27,5.91,1.64,4,0.83,0.4939,"[[4.27, 4.54], [4.91, 5.11], [5.35, 5.59], [5.79, 5.91]]",bird-mixit+tweetynet
japwag1,Motacilla grandis,ml:625669028,ml_625669028,0,"[0.962882, 0.0, 0.0, 0.0]",0.9629,0.9629,15.84,0.9996,0.8521,0.820526,13,30.18,31.51,1.33,2,1.22,0.0827,"[[30.18, 30.22], [30.33, 31.51]]",bird-mixit+tweetynet
japwag1,Motacilla grandis,ml:643265180,ml_643265180,0,"[0.874711, 0.0, 0.0, 0.0]",0.8747,0.8747,18.44,0.9992,0.9261,0.810017,0,0.29,4.46,4.17,9,3.16,0.2422,"[[0.29, 0.53], [0.59, 0.65], [0.82, 0.91], [1.0, 1.5], [1.59, 2.21], [2.48, 2.72], [2.78, 3.31], [3.53, 4.18], [4.23, 4.46]]",bird-mixit+tweetynet
japwag1,Motacilla grandis,xc:704677,xc_704677,0,"[0.807376, 0.0, 0.0, 0.0]",0.8074,0.8074,35.32,1.0,0.9995,0.80698,2,2.75,6.68,3.93,7,2.6,0.3384,"[[2.75, 3.23], [3.32, 3.95], [4.34, 4.39], [4.78, 5.65], [6.0, 6.06], [6.11, 6.55], [6.61, 6.68]]",bird-mixit+tweetynet
japwag1,Motacilla grandis,ml:420386671,ml_420386671,0,"[0.807376, 0.0, 0.0, 0.0]",0.8074,0.8074,35.32,1.0,0.9995,0.80698,2,2.75,6.68,3.93,7,2.6,0.3384,"[[2.75, 3.23], [3.32, 3.95], [4.34, 4.39], [4.78, 5.65], [6.0, 6.06], [6.11, 6.55], [6.61, 6.68]]",bird-mixit+tweetynet
japwag1,Motacilla grandis,ml:643265180,ml_643265180,0,"[0.874711, 0.0, 0.0, 0.0]",0.8747,0.8747,18.27,0.9992,0.9224,0.806815,5,16.07,18.78,2.71,5,1.68,0.3801,"[[16.07, 16.32], [16.39, 16.51], [16.77, 17.69], [18.08, 18.17], [18.48, 18.78]]",bird-mixit+tweetynet
japwag1,Motacilla grandis,ml:625669028,ml_625669028,0,"[0.962882, 0.0, 0.0, 0.0]",0.9629,0.9629,15.48,0.9997,0.8378,0.806763,12,25.86,28.15,2.29,3,1.97,0.1397,"[[25.86, 27.48], [27.61, 27.89], [28.08, 28.15]]",bird-mixit+tweetynet
japwag1,Motacilla grandis,ml:170805251,ml_170805251,0,"[0.89042, 0.0, 0.0, 0.0]",0.8904,0.8904,17.57,0.9967,0.905,0.805831,0,0.1,6.5,6.4,10,4.32,0.325,"[[0.1, 0.2], [0.39, 0.48], [0.62, 1.93], [2.32, 2.47], [2.64, 4.15], [4.39, 4.43], [4.62, 4.81], [5.11, 5.24], [5.52, 5.57], [5.75, 6.5]]",bird-mixit+tweetynet
japwag1,Motacilla grandis,ml:420386671,ml_420386671,0,"[0.807376, 0.0, 0.0, 0.0]",0.8074,0.8074,30.83,0.9998,0.998,0.805758,7,12.7,13.28,0.58,2,0.35,0.3966,"[[12.7, 12.75], [12.98, 13.28]]",bird-mixit+tweetynet
japwag1,Motacilla grandis,xc:704677,xc_704677,0,"[0.807376, 0.0, 0.0, 0.0]",0.8074,0.8074,30.83,0.9998,0.998,0.805758,7,12.7,13.28,0.58,2,0.35,0.3966,"[[12.7, 12.75], [12.98, 13.28]]",bird-mixit+tweetynet
japwag1,Motacilla grandis,ml:420386671,ml_420386671,0,"[0.807376, 0.0, 0.0, 0.0]",0.8074,0.8074,30.46,0.9998,0.9978,0.805592,12,18.86,19.3,0.44,2,0.21,0.5227,"[[18.86, 18.89], [19.12, 19.3]]",bird-mixit+tweetynet
japwag1,Motacilla grandis,xc:704677,xc_704677,0,"[0.807376, 0.0, 0.0, 0.0]",0.8074,0.8074,30.46,0.9998,0.9978,0.805592,12,18.86,19.3,0.44,2,0.21,0.5227,"[[18.86, 18.89], [19.12, 19.3]]",bird-mixit+tweetynet
japwag1,Motacilla grandis,ml:160012331,ml_160012331,0,"[0.991333, 0.0, 0.0, 0.0]",0.9913,0.9913,14.8,0.9962,0.8068,0.799809,2,4.54,5.54,1.0,3,0.83,0.17,"[[4.54, 4.64], [4.75, 5.28], [5.34, 5.54]]",bird-mixit+tweetynet
japwag1,Motacilla grandis,ml:420386671,ml_420386671,0,"[0.807376, 0.0, 0.0, 0.0]",0.8074,0.8074,25.63,0.9992,0.9905,0.799699,14,22.13,27.0,4.87,15,2.29,0.5298,"[[22.13, 22.18], [22.42, 22.53], [22.66, 22.79], [22.93, 23.22], [23.46, 23.53], [23.84, 23.87], [24.03, 24.15], [24.34, 24.45], [24.56, 25.4], [25.54, 25.6], [25.68, 25.72], [26.04, 26.13], [26.21, 26.27], [26.54, 26.59], [26.76, 27.0]]",bird-mixit+tweetynet
japwag1,Motacilla grandis,xc:704677,xc_704677,0,"[0.807376, 0.0, 0.0, 0.0]",0.8074,0.8074,25.63,0.9992,0.9905,0.799699,14,22.13,27.0,4.87,15,2.29,0.5298,"[[22.13, 22.18], [22.42, 22.53], [22.66, 22.79], [22.93, 23.22], [23.46, 23.53], [23.84, 23.87], [24.03, 24.15], [24.34, 24.45], [24.56, 25.4], [25.54, 25.6], [25.68, 25.72], [26.04, 26.13], [26.21, 26.27], [26.54, 26.59], [26.76, 27.0]]",bird-mixit+tweetynet
japwag1,Motacilla grandis,ml:170805251,ml_170805251,0,"[0.89042, 0.0, 0.0, 0.0]",0.8904,0.8904,17.15,0.9988,0.8946,0.796551,6,23.89,26.18,2.29,3,2.09,0.0873,"[[23.89, 23.98], [24.1, 25.51], [25.59, 26.18]]",bird-mixit+tweetynet
japwag1,Motacilla grandis,xc:704677,xc_704677,0,"[0.807376, 0.0, 0.0, 0.0]",0.8074,0.8074,23.81,0.9987,0.9837,0.79427,18,30.97,33.15,2.18,6,1.28,0.4128,"[[30.97, 31.02], [31.26, 31.4], [31.45, 31.55], [31.88, 32.18], [32.4, 32.98], [33.04, 33.15]]",bird-mixit+tweetynet
japwag1,Motacilla grandis,ml:420386671,ml_420386671,0,"[0.807376, 0.0, 0.0, 0.0]",0.8074,0.8074,23.81,0.9987,0.9837,0.79427,18,30.97,33.15,2.18,6,1.28,0.4128,"[[30.97, 31.02], [31.26, 31.4], [31.45, 31.55], [31.88, 32.18], [32.4, 32.98], [33.04, 33.15]]",bird-mixit+tweetynet
japwag1,Motacilla grandis,ml:640402706,ml_640402706,0,"[0.791593, 0.0, 0.0, 0.0]",0.7916,0.7916,31.37,0.9999,0.9983,0.790243,3,3.3,4.92,1.62,5,1.05,0.3519,"[[3.3, 3.48], [3.55, 3.64], [3.77, 4.14], [4.34, 4.44], [4.61, 4.92]]",bird-mixit+tweetynet
japwag1,Motacilla grandis,ml:160012331,ml_160012331,0,"[0.991333, 0.0, 0.0, 0.0]",0.9913,0.9913,14.43,0.9986,0.79,0.783151,8,14.32,15.23,0.91,1,0.91,0.0,"[[14.32, 15.23]]",bird-mixit+tweetynet
japwag1,Motacilla grandis,inat_api:653014,inat_api_653014,0,"[0.828504, 0.0, 0.0, 0.0]",0.8285,0.8285,19.48,0.9997,0.9448,0.782765,13,20.84,22.87,2.03,4,1.16,0.4286,"[[20.84, 20.96], [21.36, 21.41], [21.67, 21.92], [22.13, 22.87]]",bird-mixit+tweetynet
japwag1,Motacilla grandis,xc:841047,xc_841047,0,"[0.967951, 0.0, 0.0, 0.0]",0.968,0.968,14.73,0.9994,0.805,0.779215,23,32.05,34.23,2.18,3,1.64,0.2477,"[[32.05, 33.38], [33.76, 34.02], [34.18, 34.23]]",bird-mixit+tweetynet
japwag1,Motacilla grandis,ml:625669028,ml_625669028,0,"[0.962882, 0.0, 0.0, 0.0]",0.9629,0.9629,14.78,0.9986,0.8069,0.77695,5,8.43,13.57,5.14,11,3.78,0.2646,"[[8.43, 8.78], [8.89, 8.95], [9.19, 9.25], [9.42, 9.47], [9.65, 10.75], [10.83, 11.33], [11.39, 11.43], [11.72, 12.32], [12.37, 12.98], [13.07, 13.2], [13.29, 13.57]]",bird-mixit+tweetynet
japwag1,Motacilla grandis,xc:454869,xc_454869,0,"[0.960882, 0.0, 0.0, 0.0]",0.9609,0.9609,14.62,0.9995,0.7999,0.768633,1,1.8,9.09,7.29,15,5.43,0.2551,"[[1.8, 1.83], [1.96, 2.3], [2.4, 3.03], [3.1, 3.26], [3.34, 3.52], [3.59, 4.38], [4.5, 4.71], [4.77, 4.96], [5.03, 5.2], [5.57, 5.96], [6.12, 6.45], [6.52, 6.86], [6.93, 7.41], [7.55, 8.28], [8.63, 9.09]]",bird-mixit+tweetynet
japwag1,Motacilla grandis,ml:203968901,ml_203968901,0,"[0.960882, 0.0, 0.0, 0.0]",0.9609,0.9609,14.62,0.9995,0.7999,0.768633,1,1.8,9.09,7.29,15,5.43,0.2551,"[[1.8, 1.83], [1.96, 2.3], [2.4, 3.03], [3.1, 3.26], [3.34, 3.52], [3.59, 4.38], [4.5, 4.71], [4.77, 4.96], [5.03, 5.2], [5.57, 5.96], [6.12, 6.45], [6.52, 6.86], [6.93, 7.41], [7.55, 8.28], [8.63, 9.09]]",bird-mixit+tweetynet
japwag1,Motacilla grandis,ml:640402646,ml_640402646,0,"[0.818453, 0.0, 0.0, 0.0]",0.8185,0.8185,19.19,0.9964,0.9386,0.768274,0,0.02,2.79,2.77,6,2.05,0.2599,"[[0.02, 0.6], [0.65, 0.72], [0.84, 1.05], [1.11, 1.48], [1.79, 2.57], [2.75, 2.79]]",bird-mixit+tweetynet
japwag1,Motacilla grandis,ml:160012331,ml_160012331,0,"[0.991333, 0.0, 0.0, 0.0]",0.9913,0.9913,14.13,0.9975,0.7743,0.767586,16,27.38,28.27,0.89,2,0.84,0.0562,"[[27.38, 27.93], [27.98, 28.27]]",bird-mixit+tweetynet
japwag1,Motacilla grandis,ml:624244260,ml_624244260,0,"[0.77471, 0.0, 0.0, 0.0]",0.7747,0.7747,23.62,0.9993,0.9831,0.761625,0,0.86,1.6,0.74,2,0.68,0.0811,"[[0.86, 1.21], [1.27, 1.6]]",bird-mixit+tweetynet
japwag1,Motacilla grandis,ml:640244260,ml_640244260,0,"[0.873911, 0.0, 0.0, 0.0]",0.8739,0.8739,16.49,0.9845,0.8682,0.758734,0,0.26,3.16,2.9,4,2.41,0.169,"[[0.26, 0.85], [1.07, 1.22], [1.37, 2.78], [2.9, 3.16]]",bird-mixit+tweetynet
japwag1,Motacilla grandis,ml:640402706,ml_640402706,0,"[0.791593, 0.0, 0.0, 0.0]",0.7916,0.7916,20.03,0.9998,0.9528,0.754252,10,15.38,18.28,2.9,7,1.75,0.3966,"[[15.38, 15.58], [15.72, 15.85], [16.06, 16.18], [16.46, 16.55], [16.95, 17.38], [17.45, 17.85], [17.9, 18.28]]",bird-mixit+tweetynet
japwag1,Motacilla grandis,ml:640244260,ml_640244260,0,"[0.873911, 0.0, 0.0, 0.0]",0.8739,0.8739,16.27,0.9875,0.8623,0.753565,1,4.02,6.94,2.92,7,1.93,0.339,"[[4.02, 4.18], [4.23, 4.28], [4.55, 4.61], [4.71, 4.97], [5.03, 5.1], [5.23, 5.55], [5.93, 6.94]]",bird-mixit+tweetynet
japwag1,Motacilla grandis,ml:640402706,ml_640402706,0,"[0.791593, 0.0, 0.0, 0.0]",0.7916,0.7916,19.82,0.9998,0.95,0.752041,0,0.03,1.59,1.56,3,1.24,0.2051,"[[0.03, 0.26], [0.51, 0.68], [0.75, 1.59]]",bird-mixit+tweetynet
japwag1,Motacilla grandis,inat_api:653014,inat_api_653014,0,"[0.828504, 0.0, 0.0, 0.0]",0.8285,0.8285,17.57,0.9997,0.9063,0.750843,0,0.02,0.68,0.66,1,0.66,0.0,"[[0.02, 0.68]]",bird-mixit+tweetynet
japwag1,Motacilla grandis,ml:624244260,ml_624244260,0,"[0.77471, 0.0, 0.0, 0.0]",0.7747,0.7747,20.33,0.9973,0.9555,0.74023,5,7.73,9.81,2.08,1,2.08,0.0,"[[7.73, 9.81]]",bird-mixit+tweetynet
japwag1,Motacilla grandis,xc:841047,xc_841047,0,"[0.967951, 0.0, 0.0, 0.0]",0.968,0.968,13.92,0.9999,0.7644,0.739951,21,27.77,28.85,1.08,2,0.72,0.3333,"[[27.77, 28.45], [28.81, 28.85]]",bird-mixit+tweetynet
japwag1,Motacilla grandis,xc:841047,xc_841047,0,"[0.967951, 0.0, 0.0, 0.0]",0.968,0.968,13.91,0.9995,0.7636,0.739141,27,36.45,39.15,2.7,7,1.63,0.3963,"[[36.45, 36.51], [36.67, 36.85], [36.91, 36.95], [37.26, 37.33], [37.44, 38.66], [38.79, 38.82], [39.12, 39.15]]",bird-mixit+tweetynet
japwag1,Motacilla grandis,ml:625669028,ml_625669028,0,"[0.962882, 0.0, 0.0, 0.0]",0.9629,0.9629,13.98,0.9989,0.7668,0.738349,10,20.79,22.35,1.56,2,1.49,0.0449,"[[20.79, 20.84], [20.91, 22.35]]",bird-mixit+tweetynet
japwag1,Motacilla grandis,ml:624244260,ml_624244260,0,"[0.77471, 0.0, 0.0, 0.0]",0.7747,0.7747,19.11,0.9992,0.9385,0.727058,8,13.46,14.2,0.74,2,0.68,0.0811,"[[13.46, 13.79], [13.85, 14.2]]",bird-mixit+tweetynet
japwag1,Motacilla grandis,ml:624244129,ml_624244129,0,"[0.988715, 0.026058, 0.0, 0.0]",0.9887,0.9887,13.19,0.9994,0.7223,0.714156,8,16.27,17.13,0.86,1,0.86,0.0,"[[16.27, 17.13]]",bird-mixit+tweetynet
japwag1,Motacilla grandis,ml:614765781,ml_614765781,0,"[0.974276, 0.508998, 0.0, 0.045766]",0.9743,0.9743,13.36,0.9982,0.7319,0.71311,3,6.98,8.05,1.07,2,0.72,0.3271,"[[6.98, 7.47], [7.82, 8.05]]",bird-mixit+tweetynet
japwag1,Motacilla grandis,ml:620086184,ml_620086184,0,"[0.898052, 0.010103, 0.0, 0.0]",0.8981,0.8981,14.46,0.9966,0.7908,0.710254,2,22.66,22.92,0.26,1,0.26,0.0,"[[22.66, 22.92]]",bird-mixit+tweetynet
japwag1,Motacilla grandis,ml:160012341,ml_160012341,0,"[0.945751, 0.0, 0.0, 0.0]",0.9458,0.9458,13.63,0.9994,0.7482,0.707629,15,31.4,33.67,2.27,3,1.81,0.2026,"[[31.4, 31.69], [31.85, 32.48], [32.78, 33.67]]",bird-mixit+tweetynet
japwag1,Motacilla grandis,xc:176437,xc_176437,0,"[0.923104, 0.0, 0.0, 0.0]",0.9231,0.9231,13.96,0.9999,0.7664,0.707418,0,0.61,1.25,0.64,1,0.64,0.0,"[[0.61, 1.25]]",bird-mixit+tweetynet
japwag1,Motacilla grandis,ml:624244129,ml_624244129,0,"[0.988715, 0.026058, 0.0, 0.0]",0.9887,0.9887,13.0,0.9996,0.7107,0.702708,0,1.84,3.2,1.36,2,1.3,0.0441,"[[1.84, 2.27], [2.33, 3.2]]",bird-mixit+tweetynet
japwag1,Motacilla grandis,xc:176437,xc_176437,0,"[0.923104, 0.0, 0.0, 0.0]",0.9231,0.9231,13.82,0.9996,0.7587,0.700323,12,28.79,30.89,2.1,3,1.74,0.1714,"[[28.79, 29.5], [29.68, 30.63], [30.81, 30.89]]",bird-mixit+tweetynet
japwag1,Motacilla grandis,ml:624244373,ml_624244373,0,"[0.981668, 0.0, 0.0, 0.0]",0.9817,0.9817,13.04,0.9986,0.7128,0.699746,0,0.02,1.56,1.54,4,1.24,0.1948,"[[0.02, 0.52], [0.58, 1.22], [1.27, 1.33], [1.52, 1.56]]",bird-mixit+tweetynet
japwag1,Motacilla grandis,ml:624244129,ml_624244129,0,"[0.988715, 0.026058, 0.0, 0.0]",0.9887,0.9887,12.86,0.9998,0.7024,0.694419,15,34.24,35.14,0.9,1,0.9,0.0,"[[34.24, 35.14]]",bird-mixit+tweetynet
japwag1,Motacilla grandis,ml:624244129,ml_624244129,0,"[0.988715, 0.026058, 0.0, 0.0]",0.9887,0.9887,12.86,0.9983,0.7019,0.693923,16,36.07,41.67,5.6,5,5.03,0.1018,"[[36.07, 36.89], [37.12, 37.63], [37.72, 38.26], [38.35, 39.06], [39.22, 41.67]]",bird-mixit+tweetynet
japwag1,Motacilla grandis,ml:624244260,ml_624244260,0,"[0.77471, 0.0, 0.0, 0.0]",0.7747,0.7747,17.21,0.996,0.8952,0.693498,2,3.48,5.42,1.94,1,1.94,0.0,"[[3.48, 5.42]]",bird-mixit+tweetynet
japwag1,Motacilla grandis,ml:625669028,ml_625669028,0,"[0.962882, 0.0, 0.0, 0.0]",0.9629,0.9629,13.15,0.9992,0.7199,0.693184,15,34.3,37.11,2.81,3,2.69,0.0427,"[[34.3, 36.5], [36.55, 36.88], [36.95, 37.11]]",bird-mixit+tweetynet
japwag1,Motacilla grandis,inat_api:653015,inat_api_653015,0,"[0.811763, 0.0, 0.0, 0.0]",0.8118,0.8118,15.88,0.9995,0.8534,0.692817,2,3.59,10.83,7.24,12,5.06,0.3011,"[[3.59, 4.82], [5.14, 5.17], [5.39, 5.46], [5.55, 5.64], [6.0, 6.77], [6.97, 7.12], [7.33, 7.42], [7.56, 7.6], [7.88, 7.95], [8.21, 8.27], [8.32, 9.58], [9.63, 10.83]]",bird-mixit+tweetynet
japwag1,Motacilla grandis,ml:637679070,ml_637679070,0,"[0.941314, 0.036626, 0.0, 0.0]",0.9413,0.9413,13.41,0.9995,0.7356,0.69243,10,20.47,21.06,0.59,1,0.59,0.0,"[[20.47, 21.06]]",bird-mixit+tweetynet
japwag1,Motacilla grandis,inat_api:653015,inat_api_653015,0,"[0.811763, 0.0, 0.0, 0.0]",0.8118,0.8118,15.75,0.9993,0.8484,0.688721,5,15.09,18.21,3.12,6,2.02,0.3526,"[[15.09, 16.71], [17.07, 17.14], [17.44, 17.56], [17.61, 17.65], [17.72, 17.75], [18.07, 18.21]]",bird-mixit+tweetynet
japwag1,Motacilla grandis,ml:160012341,ml_160012341,0,"[0.945751, 0.0, 0.0, 0.0]",0.9458,0.9458,13.25,0.9998,0.726,0.68667,0,0.67,1.28,0.61,1,0.61,0.0,"[[0.67, 1.28]]",bird-mixit+tweetynet
labcro1,Corvus macrorhynchos,xc:133745,xc_133745,0,"[0.980965, 0.0, 0.008414, 0.0]",0.981,0.981,13.7,0.9722,0.7417,0.727619,45,81.09,82.11,1.02,4,0.79,0.2255,"[[81.09, 81.32], [81.42, 81.77], [81.85, 81.95], [82.0, 82.11]]",bird-mixit+tweetynet
labcro1,Corvus macrorhynchos,xc:133745,xc_133745,0,"[0.980965, 0.0, 0.008414, 0.0]",0.981,0.981,13.03,0.9513,0.6953,0.682091,38,73.53,74.63,1.1,3,0.82,0.2545,"[[73.53, 73.56], [73.63, 73.79], [74.0, 74.63]]",bird-mixit+tweetynet
labcro1,Corvus macrorhynchos,xc:133745,xc_133745,0,"[0.980965, 0.0, 0.008414, 0.0]",0.981,0.981,12.94,0.8263,0.646,0.633763,65,124.51,126.06,1.55,5,1.11,0.2839,"[[124.51, 124.76], [124.94, 125.24], [125.31, 125.66], [125.74, 125.92], [126.03, 126.06]]",bird-mixit+tweetynet
labcro1,Corvus macrorhynchos,xc:133745,xc_133745,0,"[0.980965, 0.0, 0.008414, 0.0]",0.981,0.981,11.4,0.9396,0.5851,0.573973,50,94.84,95.4,0.56,2,0.39,0.3036,"[[94.84, 94.93], [95.1, 95.4]]",bird-mixit+tweetynet
labcro1,Corvus macrorhynchos,xc:854761,xc_854761,0,"[0.792975, 0.0, 0.0, 0.012452]",0.793,0.793,12.09,0.9221,0.6267,0.49695,8,21.73,21.87,0.14,1,0.14,0.0,"[[21.73, 21.87]]",bird-mixit+tweetynet
labcro1,Corvus macrorhynchos,xc:854761,xc_854761,0,"[0.792975, 0.0, 0.0, 0.012452]",0.793,0.793,12.22,0.7385,0.5742,0.455351,2,7.2,7.38,0.18,1,0.18,0.0,"[[7.2, 7.38]]",bird-mixit+tweetynet
labcro1,Corvus macrorhynchos,xc:133745,xc_133745,0,"[0.980965, 0.0, 0.008414, 0.0]",0.981,0.981,9.85,0.8423,0.45,0.441437,33,68.38,69.33,0.95,4,0.46,0.5158,"[[68.38, 68.44], [68.73, 68.84], [68.98, 69.03], [69.09, 69.33]]",bird-mixit+tweetynet
labcro1,Corvus macrorhynchos,xc:803821,xc_803821,0,"[0.989107, 0.0, 0.0, 0.0]",0.9891,0.9891,9.2,0.9406,0.4272,0.422514,5,17.64,17.9,0.26,1,0.26,0.0,"[[17.64, 17.9]]",bird-mixit+tweetynet
labcro1,Corvus macrorhynchos,xc:547870,xc_547870,0,"[0.997376, 0.0, 0.0, 0.0]",0.9974,0.9974,8.66,0.9565,0.3924,0.391374,2,11.69,11.99,0.3,1,0.3,0.0,"[[11.69, 11.99]]",bird-mixit+tweetynet
labcro1,Corvus macrorhynchos,xc:854761,xc_854761,0,"[0.792975, 0.0, 0.0, 0.012452]",0.793,0.793,9.87,0.9373,0.4746,0.376346,6,18.16,18.95,0.79,3,0.32,0.5949,"[[18.16, 18.3], [18.62, 18.73], [18.88, 18.95]]",bird-mixit+tweetynet
labcro1,Corvus macrorhynchos,xc:803821,xc_803821,0,"[0.989107, 0.0, 0.0, 0.0]",0.9891,0.9891,7.65,0.9557,0.3232,0.319711,67,169.26,169.85,0.59,2,0.45,0.2373,"[[169.26, 169.4], [169.54, 169.85]]",bird-mixit+tweetynet
labcro1,Corvus macrorhynchos,xc:803821,xc_803821,0,"[0.989107, 0.0, 0.0, 0.0]",0.9891,0.9891,7.63,0.9149,0.3153,0.311893,2,8.72,9.12,0.4,1,0.4,0.0,"[[8.72, 9.12]]",bird-mixit+tweetynet
labcro1,Corvus macrorhynchos,xc:284761,xc_284761,3,"[0.912243, 0.0, 0.006501, 0.998627]",0.9986,0.9986,33.0,-0.9868,0.2997,0.299278,1,6.98,14.51,7.53,11,4.88,0.3519,"[[6.98, 7.15], [7.51, 8.81], [9.04, 9.43], [9.69, 10.06], [10.32, 10.57], [10.91, 11.17], [11.55, 11.99], [12.1, 12.56], [12.79, 13.16], [13.39, 13.74], [13.99, 14.51]]",bird-mixit+tweetynet
labcro1,Corvus macrorhynchos,xc:472658,xc_472658,3,"[0.0, 0.005196, 0.0, 0.998909]",0.9989,0.9989,27.92,-0.9249,0.2986,0.29829,8,19.83,22.43,2.6,5,1.61,0.3808,"[[19.83, 20.46], [20.7, 20.91], [21.21, 21.43], [21.65, 21.92], [22.15, 22.43]]",bird-mixit+tweetynet
labcro1,Corvus macrorhynchos,xc:472658,xc_472658,3,"[0.0, 0.005196, 0.0, 0.998909]",0.9989,0.9989,26.33,-0.9672,0.2978,0.297455,10,31.98,33.39,1.41,3,0.79,0.4397,"[[31.98, 32.04], [32.43, 32.5], [32.73, 33.39]]",bird-mixit+tweetynet
labcro1,Corvus macrorhynchos,xc:472658,xc_472658,3,"[0.0, 0.005196, 0.0, 0.998909]",0.9989,0.9989,25.86,-0.9738,0.2975,0.297123,17,47.55,49.02,1.47,4,1.18,0.1973,"[[47.55, 48.15], [48.29, 48.4], [48.46, 48.79], [48.88, 49.02]]",bird-mixit+tweetynet
labcro1,Corvus macrorhynchos,xc:811530,xc_811530,0,"[0.990254, 0.0, 0.0, 0.008627]",0.9903,0.9903,33.43,-0.5684,0.2997,0.296827,7,27.24,30.28,3.04,6,1.72,0.4342,"[[27.24, 27.54], [27.61, 27.75], [28.05, 28.73], [29.0, 29.18], [29.47, 29.66], [30.05, 30.28]]",bird-mixit+tweetynet
labcro1,Corvus macrorhynchos,xc:472658,xc_472658,3,"[0.0, 0.005196, 0.0, 0.998909]",0.9989,0.9989,25.39,-0.9631,0.2971,0.296735,5,11.26,11.98,0.72,1,0.72,0.0,"[[11.26, 11.98]]",bird-mixit+tweetynet
labcro1,Corvus macrorhynchos,xc:309572,xc_309572,0,"[0.99739, 0.0, 0.0, 0.0]",0.9974,0.9974,25.48,-0.9962,0.2971,0.296371,7,24.53,26.36,1.83,4,1.15,0.3716,"[[24.53, 24.84], [25.18, 25.54], [25.75, 25.84], [25.97, 26.36]]",bird-mixit+tweetynet
labcro1,Corvus macrorhynchos,xc:803821,xc_803821,0,"[0.989107, 0.0, 0.0, 0.0]",0.9891,0.9891,30.53,-0.9666,0.2994,0.296103,31,95.47,98.65,3.18,6,2.22,0.3019,"[[95.47, 95.54], [95.75, 96.52], [96.6, 96.98], [97.12, 97.5], [97.68, 98.17], [98.52, 98.65]]",bird-mixit+tweetynet
labcro1,Corvus macrorhynchos,xc:803821,xc_803821,0,"[0.989107, 0.0, 0.0, 0.0]",0.9891,0.9891,30.2,-0.9653,0.2993,0.296039,1,1.53,6.41,4.88,5,4.33,0.1127,"[[1.53, 4.52], [4.66, 4.94], [5.1, 5.4], [5.54, 5.89], [6.0, 6.41]]",bird-mixit+tweetynet
labcro1,Corvus macrorhynchos,xc:811530,xc_811530,0,"[0.990254, 0.0, 0.0, 0.008627]",0.9903,0.9903,26.8,-0.6818,0.2981,0.29518,6,23.82,26.61,2.79,5,1.91,0.3154,"[[23.82, 24.4], [24.67, 24.77], [24.99, 25.12], [25.38, 26.22], [26.35, 26.61]]",bird-mixit+tweetynet
labcro1,Corvus macrorhynchos,xc:841865,xc_841865,3,"[0.013292, 0.010361, 0.013844, 0.992512]",0.9925,0.9925,24.68,-0.9917,0.2964,0.294154,12,38.13,42.21,4.08,4,3.62,0.1127,"[[38.13, 38.86], [38.94, 40.36], [40.69, 41.5], [41.55, 42.21]]",bird-mixit+tweetynet
labcro1,Corvus macrorhynchos,xc:212126,xc_212126,0,"[0.982397, 0.0, 0.0, 0.0]",0.9824,0.9824,30.61,-0.9591,0.2994,0.294113,2,12.56,15.0,2.44,5,1.34,0.4508,"[[12.56, 12.71], [13.0, 13.08], [13.45, 13.71], [14.04, 14.11], [14.22, 15.0]]",bird-mixit+tweetynet
labcro1,Corvus macrorhynchos,xc:811821,xc_811821,0,"[0.987593, 0.0, 0.0, 0.0]",0.9876,0.9876,24.92,-0.9775,0.2966,0.292949,6,35.22,36.4,1.18,1,1.18,0.0,"[[35.22, 36.4]]",bird-mixit+tweetynet
labcro1,Corvus macrorhynchos,xc:309572,xc_309572,0,"[0.99739, 0.0, 0.0, 0.0]",0.9974,0.9974,22.67,-0.9979,0.2934,0.292687,8,26.79,27.55,0.76,2,0.58,0.2368,"[[26.79, 26.94], [27.12, 27.55]]",bird-mixit+tweetynet
labcro1,Corvus macrorhynchos,xc:811530,xc_811530,0,"[0.990254, 0.0, 0.0, 0.008627]",0.9903,0.9903,23.87,-0.6039,0.2954,0.292527,0,0.08,1.27,1.19,2,0.95,0.2017,"[[0.08, 0.39], [0.63, 1.27]]",bird-mixit+tweetynet
labcro1,Corvus macrorhynchos,xc:547868,xc_547868,0,"[0.989765, 0.0, 0.0, 0.0]",0.9898,0.9898,23.74,-0.9582,0.2952,0.292204,17,54.71,56.36,1.65,2,1.43,0.1333,"[[54.71, 55.32], [55.54, 56.36]]",bird-mixit+tweetynet
labcro1,Corvus macrorhynchos,xc:812781,xc_812781,0,"[0.976832, 0.0, 0.0, 0.0]",0.9768,0.9768,26.54,-0.8477,0.2979,0.291001,1,7.67,9.26,1.59,2,1.38,0.1321,"[[7.67, 8.17], [8.38, 9.26]]",bird-mixit+tweetynet
labcro1,Corvus macrorhynchos,xc:841865,xc_841865,3,"[0.013292, 0.010361, 0.013844, 0.992512]",0.9925,0.9925,22.53,-0.9822,0.2932,0.290963,5,16.95,24.94,7.99,12,6.07,0.2403,"[[16.95, 17.0], [17.09, 17.24], [17.3, 17.93], [18.11, 18.16], [18.33, 18.83], [19.22, 19.74], [19.9, 20.49], [20.69, 21.3], [21.39, 22.23], [22.39, 23.15], [23.25, 24.16], [24.48, 24.94]]",bird-mixit+tweetynet
labcro1,Corvus macrorhynchos,xc:811821,xc_811821,0,"[0.987593, 0.0, 0.0, 0.0]",0.9876,0.9876,22.69,-0.9055,0.2935,0.289834,33,166.24,167.58,1.34,2,1.17,0.1269,"[[166.24, 166.86], [167.03, 167.58]]",bird-mixit+tweetynet
labcro1,Corvus macrorhynchos,xc:890508,xc_890508,0,"[0.976565, 0.0, 0.0, 0.026437]",0.9766,0.9766,23.2,-0.998,0.2944,0.2875,1,1.02,3.31,2.29,3,1.67,0.2707,"[[1.02, 1.57], [1.91, 2.4], [2.68, 3.31]]",bird-mixit+tweetynet
labcro1,Corvus macrorhynchos,xc:652474,xc_652474,0,"[0.976659, 0.0, 0.0, 0.0]",0.9767,0.9767,23.09,-0.5929,0.2942,0.287355,13,30.89,31.54,0.65,1,0.65,0.0,"[[30.89, 31.54]]",bird-mixit+tweetynet
labcro1,Corvus macrorhynchos,xc:812781,xc_812781,0,"[0.976832, 0.0, 0.0, 0.0]",0.9768,0.9768,22.27,-0.9414,0.2926,0.28583,0,2.4,4.66,2.26,3,1.86,0.177,"[[2.4, 3.01], [3.13, 3.62], [3.9, 4.66]]",bird-mixit+tweetynet
labcro1,Corvus macrorhynchos,xc:547868,xc_547868,0,"[0.989765, 0.0, 0.0, 0.0]",0.9898,0.9898,20.57,-0.9225,0.2879,0.284998,6,21.84,25.63,3.79,5,2.72,0.2823,"[[21.84, 21.87], [22.27, 22.89], [23.14, 23.74], [23.98, 24.62], [24.8, 25.63]]",bird-mixit+tweetynet
labcro1,Corvus macrorhynchos,xc:451223,xc_451223,0,"[0.99871, 0.0, 0.008896, 0.0]",0.9987,0.9987,19.64,-0.9687,0.2842,0.283874,0,0.03,2.14,2.11,2,1.84,0.128,"[[0.03, 1.73], [2.0, 2.14]]",bird-mixit+tweetynet
labcro1,Corvus macrorhynchos,xc:652474,xc_652474,0,"[0.976659, 0.0, 0.0, 0.0]",0.9767,0.9767,21.36,-0.9793,0.2904,0.283618,11,21.37,22.79,1.42,2,1.1,0.2254,"[[21.37, 21.92], [22.24, 22.79]]",bird-mixit+tweetynet
labcro1,Corvus macrorhynchos,xc:841865,xc_841865,3,"[0.013292, 0.010361, 0.013844, 0.992512]",0.9925,0.9925,19.93,-0.988,0.2855,0.283332,3,9.76,14.85,5.09,8,4.29,0.1572,"[[9.76, 9.9], [9.97, 10.23], [10.37, 10.73], [10.84, 11.52], [11.75, 12.36], [12.42, 12.61], [12.68, 13.9], [14.02, 14.85]]",bird-mixit+tweetynet
labcro1,Corvus macrorhynchos,xc:451223,xc_451223,0,"[0.99871, 0.0, 0.008896, 0.0]",0.9987,0.9987,19.42,-0.9883,0.2832,0.282832,2,16.57,19.3,2.73,4,2.34,0.1429,"[[16.57, 17.38], [17.51, 17.8], [17.95, 18.32], [18.43, 19.3]]",bird-mixit+tweetynet
labcro1,Corvus macrorhynchos,xc:451223,xc_451223,0,"[0.99871, 0.0, 0.008896, 0.0]",0.9987,0.9987,19.32,-0.9563,0.2827,0.282368,1,9.83,12.54,2.71,5,2.34,0.1365,"[[9.83, 10.2], [10.29, 10.64], [10.75, 11.1], [11.21, 11.57], [11.63, 12.54]]",bird-mixit+tweetynet
labcro1,Corvus macrorhynchos,xc:652474,xc_652474,0,"[0.976659, 0.0, 0.0, 0.0]",0.9767,0.9767,20.35,-0.9879,0.2871,0.280425,12,26.04,26.64,0.6,1,0.6,0.0,"[[26.04, 26.64]]",bird-mixit+tweetynet
labcro1,Corvus macrorhynchos,xc:100862,xc_100862,1,"[0.006583, 0.991325, 0.0, 0.0]",0.9913,0.9913,19.13,-0.9867,0.2818,0.279336,1,3.68,8.18,4.5,10,3.34,0.2578,"[[3.68, 4.77], [4.85, 4.89], [5.03, 5.11], [5.37, 5.57], [5.75, 5.79], [5.89, 6.76], [6.89, 7.24], [7.31, 7.62], [7.75, 7.94], [8.01, 8.18]]",bird-mixit+tweetynet
labcro1,Corvus macrorhynchos,xc:547868,xc_547868,0,"[0.989765, 0.0, 0.0, 0.0]",0.9898,0.9898,19.1,-0.9158,0.2816,0.278736,3,10.6,13.19,2.59,3,2.09,0.1931,"[[10.6, 11.22], [11.53, 12.15], [12.34, 13.19]]",bird-mixit+tweetynet
labcro1,Corvus macrorhynchos,xc:100862,xc_100862,1,"[0.006583, 0.991325, 0.0, 0.0]",0.9913,0.9913,19.0,-0.9877,0.2811,0.278641,5,14.54,18.64,4.1,8,3.16,0.2293,"[[14.54, 14.69], [14.79, 15.01], [15.17, 15.21], [15.28, 16.39], [16.7, 17.13], [17.21, 17.32], [17.42, 18.41], [18.53, 18.64]]",bird-mixit+tweetynet
labcro1,Corvus macrorhynchos,xc:811530,xc_811530,0,"[0.990254, 0.0, 0.0, 0.008627]",0.9903,0.9903,19.01,-0.6645,0.2811,0.27842,8,31.31,34.06,2.75,4,1.99,0.2764,"[[31.31, 31.62], [31.97, 33.55], [33.68, 33.74], [34.02, 34.06]]",bird-mixit+tweetynet
labcro1,Corvus macrorhynchos,xc:115148,xc_115148,0,"[0.995807, 0.0, 0.0, 0.0]",0.9958,0.9958,18.51,-0.9433,0.2783,0.277141,11,17.61,18.55,0.94,2,0.7,0.2553,"[[17.61, 18.2], [18.44, 18.55]]",bird-mixit+tweetynet
labcro1,Corvus macrorhynchos,xc:547589,xc_547589,0,"[0.995258, 0.0, 0.0, 0.0]",0.9953,0.9953,18.51,-0.9494,0.2783,0.277038,32,93.41,94.47,1.06,2,1.0,0.0566,"[[93.41, 93.85], [93.91, 94.47]]",bird-mixit+tweetynet
labcro1,Corvus macrorhynchos,xc:547870,xc_547870,0,"[0.997376, 0.0, 0.0, 0.0]",0.9974,0.9974,18.0,-0.9516,0.275,0.274303,5,20.3,22.51,2.21,3,1.89,0.1448,"[[20.3, 20.37], [20.6, 21.54], [21.63, 22.51]]",bird-mixit+tweetynet
labcro1,Corvus macrorhynchos,xc:100862,xc_100862,1,"[0.006583, 0.991325, 0.0, 0.0]",0.9913,0.9913,18.25,-0.9758,0.2767,0.274295,0,0.02,3.22,3.2,7,2.55,0.2031,"[[0.02, 0.16], [0.21, 0.54], [0.59, 1.19], [1.24, 1.66], [1.76, 2.34], [2.67, 2.73], [2.8, 3.22]]",bird-mixit+tweetynet
labcro1,Corvus macrorhynchos,xc:652474,xc_652474,0,"[0.976659, 0.0, 0.0, 0.0]",0.9767,0.9767,18.82,-0.9523,0.2802,0.273623,7,13.45,14.79,1.34,2,1.03,0.2313,"[[13.45, 13.87], [14.18, 14.79]]",bird-mixit+tweetynet
labcro1,Corvus macrorhynchos,xc:100862,xc_100862,1,"[0.006583, 0.991325, 0.0, 0.0]",0.9913,0.9913,18.12,-0.9775,0.2759,0.273472,4,12.07,13.32,1.25,2,1.03,0.176,"[[12.07, 12.34], [12.56, 13.32]]",bird-mixit+tweetynet
labcro1,Corvus macrorhynchos,xc:156515,xc_156515,0,"[0.912181, 0.0, 0.0, 0.0]",0.9122,0.9122,33.9,-0.9484,0.2998,0.273449,29,40.95,43.46,2.51,6,1.07,0.5737,"[[40.95, 41.42], [41.65, 41.78], [42.18, 42.27], [42.56, 42.81], [43.16, 43.25], [43.42, 43.46]]",bird-mixit+tweetynet
labcro1,Corvus macrorhynchos,xc:156515,xc_156515,0,"[0.912181, 0.0, 0.0, 0.0]",0.9122,0.9122,33.06,-0.9189,0.2997,0.27339,11,14.47,15.93,1.46,5,0.87,0.4041,"[[14.47, 14.58], [14.7, 14.86], [14.96, 15.03], [15.2, 15.26], [15.46, 15.93]]",bird-mixit+tweetynet
labcro1,Corvus macrorhynchos,xc:156515,xc_156515,0,"[0.912181, 0.0, 0.0, 0.0]",0.9122,0.9122,32.7,-0.5486,0.2997,0.273358,17,25.53,29.14,3.61,10,2.01,0.4432,"[[25.53, 25.61], [25.98, 26.14], [26.4, 26.58], [26.64, 26.97], [27.06, 27.31], [27.66, 27.74], [27.9, 27.95], [28.11, 28.31], [28.37, 28.91], [29.0, 29.14]]",bird-mixit+tweetynet
labcro1,Corvus macrorhynchos,xc:841865,xc_841865,3,"[0.013292, 0.010361, 0.013844, 0.992512]",0.9925,0.9925,17.99,-0.9942,0.275,0.272897,17,49.48,53.24,3.76,4,3.27,0.1303,"[[49.48, 49.82], [49.9, 50.61], [50.82, 51.5], [51.7, 53.24]]",bird-mixit+tweetynet
labcro1,Corvus macrorhynchos,xc:156515,xc_156515,0,"[0.912181, 0.0, 0.0, 0.0]",0.9122,0.9122,29.56,-0.9112,0.2992,0.272887,0,0.02,0.98,0.96,2,0.84,0.125,"[[0.02, 0.1], [0.22, 0.98]]",bird-mixit+tweetynet
labcro1,Corvus macrorhynchos,xc:156515,xc_156515,0,"[0.912181, 0.0, 0.0, 0.0]",0.9122,0.9122,28.62,-0.9582,0.2989,0.272636,5,4.26,5.68,1.42,5,0.9,0.3662,"[[4.26, 4.84], [4.99, 5.03], [5.1, 5.18], [5.37, 5.43], [5.54, 5.68]]",bird-mixit+tweetynet
labcro1,Corvus macrorhynchos,xc:811530,xc_811530,0,"[0.990254, 0.0, 0.0, 0.008627]",0.9903,0.9903,17.74,-0.8155,0.2732,0.270549,3,11.37,16.85,5.48,9,4.47,0.1843,"[[11.37, 11.43], [11.54, 12.06], [12.23, 12.94], [13.16, 13.99], [14.07, 14.11], [14.16, 15.47], [15.55, 15.93], [16.17, 16.4], [16.46, 16.85]]",bird-mixit+tweetynet
labcro1,Corvus macrorhynchos,xc:285993,xc_285993,0,"[0.901, 0.0, 0.0, 0.996415]",0.901,0.9964,27.02,-0.8708,0.2982,0.268674,0,2.62,4.13,1.51,3,1.14,0.245,"[[2.62, 3.0], [3.16, 3.54], [3.75, 4.13]]",bird-mixit+tweetynet
labcro1,Corvus macrorhynchos,xc:191645,xc_191645,3,"[0.0, 0.0, 0.0, 0.998152]",0.9982,0.9982,17.08,-0.9883,0.2679,0.267464,8,23.95,26.83,2.88,4,2.14,0.2569,"[[23.95, 24.56], [24.77, 25.24], [25.48, 26.07], [26.36, 26.83]]",bird-mixit+tweetynet
labcro1,Corvus macrorhynchos,xc:285993,xc_285993,0,"[0.901, 0.0, 0.0, 0.996415]",0.901,0.9964,24.77,-0.8767,0.2965,0.267121,1,4.53,4.93,0.4,1,0.4,0.0,"[[4.53, 4.93]]",bird-mixit+tweetynet
labcro1,Corvus macrorhynchos,xc:156099,xc_156099,0,"[0.992455, 0.0, 0.0, 0.0]",0.9925,0.9925,17.08,-0.9813,0.268,0.26597,4,27.6,29.85,2.25,3,1.94,0.1378,"[[27.6, 28.22], [28.34, 28.98], [29.17, 29.85]]",bird-mixit+tweetynet
labcro1,Corvus macrorhynchos,xc:195058,xc_195058,0,"[0.944683, 0.0, 0.0, 0.098324]",0.9447,0.9447,19.06,-0.681,0.2814,0.265878,6,8.36,9.52,1.16,2,0.97,0.1638,"[[8.36, 8.9], [9.09, 9.52]]",bird-mixit+tweetynet
labcro1,Corvus macrorhynchos,xc:959675,xc_959675,0,"[0.975136, 0.0, 0.0, 0.0]",0.9751,0.9751,17.51,-0.969,0.2715,0.2647,0,0.83,5.9,5.07,11,2.66,0.4753,"[[0.83, 1.22], [1.51, 1.87], [2.18, 2.68], [3.06, 3.39], [3.48, 3.52], [3.64, 3.68], [4.0, 4.05], [4.39, 4.64], [4.75, 5.0], [5.33, 5.58], [5.7, 5.9]]",bird-mixit+tweetynet
labcro1,Corvus macrorhynchos,xc:812781,xc_812781,0,"[0.976832, 0.0, 0.0, 0.0]",0.9768,0.9768,17.41,-0.924,0.2707,0.264423,6,17.9,19.1,1.2,2,1.12,0.0667,"[[17.9, 18.4], [18.48, 19.1]]",bird-mixit+tweetynet
labcro1,Corvus macrorhynchos,xc:980496,xc_980496,0,"[0.940744, 0.0, 0.0, 0.0]",0.9407,0.9407,18.96,-0.9857,0.2809,0.264262,0,0.26,1.68,1.42,2,1.03,0.2746,"[[0.26, 0.68], [1.07, 1.68]]",bird-mixit+tweetynet
labcro1,Corvus macrorhynchos,xc:547589,xc_547589,0,"[0.995258, 0.0, 0.0, 0.0]",0.9953,0.9953,16.74,-0.9523,0.2649,0.263671,6,29.21,30.2,0.99,1,0.99,0.0,"[[29.21, 30.2]]",bird-mixit+tweetynet
labcro1,Corvus macrorhynchos,xc:408567,xc_408567,0,"[0.943161, 0.0, 0.0, 0.0]",0.9432,0.9432,18.63,-0.967,0.279,0.263178,1,3.73,4.59,0.86,1,0.86,0.0,"[[3.73, 4.59]]",bird-mixit+tweetynet
labcro1,Corvus macrorhynchos,xc:547870,xc_547870,0,"[0.997376, 0.0, 0.0, 0.0]",0.9974,0.9974,16.6,-0.9919,0.2636,0.26295,4,15.81,17.77,1.96,3,1.52,0.2245,"[[15.81, 16.21], [16.4, 16.68], [16.93, 17.77]]",bird-mixit+tweetynet
labcro1,Corvus macrorhynchos,xc:472658,xc_472658,3,"[0.0, 0.005196, 0.0, 0.998909]",0.9989,0.9989,16.52,-0.9284,0.2629,0.262561,4,7.38,8.71,1.33,1,1.33,0.0,"[[7.38, 8.71]]",bird-mixit+tweetynet
labcro1,Corvus macrorhynchos,xc:607201,xc_607201,3,"[0.700593, 0.0418, 0.041165, 0.755736]",0.7557,0.7557,10.16,0.3574,0.3474,0.262503,12,28.18,29.37,1.19,4,0.52,0.563,"[[28.18, 28.32], [28.57, 28.73], [28.85, 28.93], [29.23, 29.37]]",bird-mixit+tweetynet
labcro1,Corvus macrorhynchos,xc:195058,xc_195058,0,"[0.944683, 0.0, 0.0, 0.098324]",0.9447,0.9447,18.39,-0.9408,0.2776,0.262233,16,27.88,28.33,0.45,1,0.45,0.0,"[[27.88, 28.33]]",bird-mixit+tweetynet
labcro1,Corvus macrorhynchos,xc:702120,xc_702120,3,"[0.0, 0.0, 0.0, 0.978256]",0.9783,0.9783,16.95,-0.9961,0.2668,0.26103,8,27.34,29.2,1.86,3,1.61,0.1344,"[[27.34, 27.82], [27.96, 28.47], [28.58, 29.2]]",bird-mixit+tweetynet
labcro1,Corvus macrorhynchos,xc:652474,xc_652474,0,"[0.976659, 0.0, 0.0, 0.0]",0.9767,0.9767,17.0,-0.9935,0.2672,0.261018,3,5.06,5.86,0.8,1,0.8,0.0,"[[5.06, 5.86]]",bird-mixit+tweetynet
labcro1,Corvus macrorhynchos,xc:811821,xc_811821,0,"[0.987593, 0.0, 0.0, 0.0]",0.9876,0.9876,16.65,-0.8896,0.264,0.260771,22,118.27,118.8,0.53,1,0.53,0.0,"[[118.27, 118.8]]",bird-mixit+tweetynet
litegr,Egretta garzetta,xc:333874,xc_333874,3,"[0.006039, 0.0, 0.0123, 0.985585]",0.9856,0.9856,12.9,0.7412,0.6137,0.604853,9,9.04,9.72,0.68,3,0.52,0.2353,"[[9.04, 9.08], [9.19, 9.36], [9.41, 9.72]]",bird-mixit+tweetynet
litegr,Egretta garzetta,xc:956994,xc_956994,0,"[0.791955, 0.0, 0.0, 0.004375]",0.792,0.792,13.7,0.5233,0.5729,0.453708,11,29.05,32.23,3.18,9,2.13,0.3302,"[[29.05, 29.36], [29.49, 29.56], [29.64, 29.81], [29.97, 30.05], [30.35, 30.56], [30.67, 30.89], [30.96, 31.07], [31.22, 32.0], [32.05, 32.23]]",bird-mixit+tweetynet
litegr,Egretta garzetta,xc:956994,xc_956994,0,"[0.791955, 0.0, 0.0, 0.004375]",0.792,0.792,10.95,0.5296,0.4363,0.345574,13,37.97,41.03,3.06,10,1.7,0.4444,"[[37.97, 38.15], [38.35, 38.5], [38.62, 38.65], [38.71, 38.95], [39.01, 39.07], [39.15, 39.37], [39.61, 39.74], [40.0, 40.09], [40.33, 40.81], [40.91, 41.03]]",bird-mixit+tweetynet
litegr,Egretta garzetta,xc:459627,xc_459627,0,"[0.874664, 0.0, 0.015905, 0.502312]",0.8747,0.8747,8.24,0.89,0.3508,0.306822,16,37.0,37.11,0.11,1,0.11,0.0,"[[37.0, 37.11]]",bird-mixit+tweetynet
litegr,Egretta garzetta,xc:333911,xc_333911,3,"[0.0, 0.011236, 0.0, 0.988684]",0.9887,0.9887,22.02,-0.9918,0.2921,0.288763,18,29.89,32.35,2.46,5,1.61,0.3455,"[[29.89, 30.68], [30.98, 31.19], [31.45, 31.5], [31.64, 31.8], [31.95, 32.35]]",bird-mixit+tweetynet
litegr,Egretta garzetta,xc:592367,xc_592367,3,"[0.0, 0.0, 0.0, 0.950754]",0.9508,0.9508,22.56,-0.7154,0.2932,0.278796,0,0.02,5.51,5.49,13,3.84,0.3005,"[[0.02, 0.35], [0.41, 0.47], [0.56, 1.49], [1.56, 1.6], [1.72, 1.77], [1.94, 2.19], [2.38, 2.49], [2.67, 2.71], [2.89, 3.19], [3.34, 3.72], [3.88, 4.0], [4.11, 4.56], [4.73, 5.51]]",bird-mixit+tweetynet
litegr,Egretta garzetta,xc:333941,xc_333941,0,"[0.954284, 0.015798, 0.0, 0.002037]",0.9543,0.9543,21.97,-0.9886,0.2919,0.278607,38,49.86,52.52,2.66,6,1.4,0.4737,"[[49.86, 49.93], [50.27, 50.36], [50.52, 51.36], [51.61, 51.69], [52.0, 52.14], [52.34, 52.52]]",bird-mixit+tweetynet
litegr,Egretta garzetta,xc:592367,xc_592367,3,"[0.0, 0.0, 0.0, 0.950754]",0.9508,0.9508,20.76,-0.8606,0.2886,0.27436,2,8.58,11.08,2.5,6,1.76,0.296,"[[8.58, 8.68], [8.86, 8.9], [8.96, 9.0], [9.25, 10.1], [10.25, 10.29], [10.39, 11.08]]",bird-mixit+tweetynet
litegr,Egretta garzetta,xc:779147,xc_779147,0,"[0.912271, 0.0, 0.0, 0.0]",0.9123,0.9123,36.65,-0.7334,0.2999,0.273598,0,0.02,6.13,6.11,13,4.25,0.3044,"[[0.02, 0.77], [0.83, 1.05], [1.12, 1.47], [1.76, 1.97], [2.07, 2.83], [3.0, 3.62], [3.69, 3.72], [3.78, 3.88], [3.97, 4.56], [4.84, 4.89], [5.06, 5.33], [5.55, 5.6], [5.88, 6.13]]",bird-mixit+tweetynet
litegr,Egretta garzetta,xc:411012,xc_411012,3,"[0.037971, 0.0, 0.0, 0.931816]",0.9318,0.9318,21.24,-0.9563,0.29,0.270254,10,23.81,25.24,1.43,6,0.68,0.5245,"[[23.81, 23.89], [24.11, 24.47], [24.53, 24.6], [24.87, 24.91], [24.98, 25.07], [25.2, 25.24]]",bird-mixit+tweetynet
litegr,Egretta garzetta,xc:333911,xc_333911,3,"[0.0, 0.011236, 0.0, 0.988684]",0.9887,0.9887,17.55,-0.9964,0.2718,0.268743,4,5.3,8.42,3.12,6,1.97,0.3686,"[[5.3, 6.18], [6.49, 6.66], [6.79, 6.93], [7.16, 7.39], [7.67, 7.97], [8.17, 8.42]]",bird-mixit+tweetynet
litegr,Egretta garzetta,xc:333913,xc_333913,1,"[0.0, 0.931614, 0.0, 0.050808]",0.9316,0.9316,20.62,-0.9931,0.2881,0.2684,0,0.02,5.13,5.11,15,2.85,0.4423,"[[0.02, 0.17], [0.26, 0.3], [0.43, 0.55], [0.73, 0.9], [1.23, 1.88], [1.97, 2.09], [2.27, 2.38], [2.48, 2.53], [2.69, 2.82], [2.98, 3.05], [3.18, 3.3], [3.37, 3.85], [4.18, 4.27], [4.33, 4.47], [4.72, 5.13]]",bird-mixit+tweetynet
litegr,Egretta garzetta,xc:333911,xc_333911,3,"[0.0, 0.011236, 0.0, 0.988684]",0.9887,0.9887,17.5,-0.9979,0.2714,0.268348,17,26.36,27.38,1.02,2,0.91,0.1078,"[[26.36, 26.68], [26.79, 27.38]]",bird-mixit+tweetynet
litegr,Egretta garzetta,xc:333883,xc_333883,3,"[0.020902, 0.0, 0.0, 0.984631]",0.9846,0.9846,16.97,-0.9952,0.267,0.262885,56,84.48,87.77,3.29,10,1.88,0.4286,"[[84.48, 84.62], [84.7, 85.29], [85.53, 85.57], [85.67, 86.16], [86.24, 86.28], [86.33, 86.36], [86.58, 86.8], [87.15, 87.4], [87.45, 87.49], [87.73, 87.77]]",bird-mixit+tweetynet
litegr,Egretta garzetta,xc:333910,xc_333910,3,"[0.0, 0.022928, 0.042386, 0.963814]",0.9638,0.9638,17.47,-0.9844,0.2712,0.261339,26,45.47,51.57,6.1,10,4.12,0.3246,"[[45.47, 45.9], [46.05, 46.26], [46.55, 47.3], [47.52, 47.77], [48.16, 48.67], [48.79, 49.17], [49.33, 49.44], [49.82, 50.24], [50.39, 51.39], [51.51, 51.57]]",bird-mixit+tweetynet
litegr,Egretta garzetta,xc:311264,xc_311264,3,"[0.0, 0.018859, 0.023692, 0.951506]",0.9515,0.9515,17.61,-0.8799,0.2722,0.259032,4,19.57,22.41,2.84,4,2.14,0.2465,"[[19.57, 20.27], [20.38, 20.79], [21.11, 21.71], [21.98, 22.41]]",bird-mixit+tweetynet
litegr,Egretta garzetta,xc:331548,xc_331548,3,"[0.364136, 0.025016, 0.0, 0.912061]",0.9121,0.9121,19.13,-0.8464,0.2818,0.257011,131,225.23,227.21,1.98,4,1.32,0.3333,"[[225.23, 225.84], [226.12, 226.48], [226.58, 226.65], [226.93, 227.21]]",bird-mixit+tweetynet
litegr,Egretta garzetta,xc:411012,xc_411012,3,"[0.037971, 0.0, 0.0, 0.931816]",0.9318,0.9318,18.0,-0.9225,0.275,0.256259,8,15.88,17.97,2.09,4,1.29,0.3828,"[[15.88, 15.96], [16.13, 17.2], [17.57, 17.67], [17.93, 17.97]]",bird-mixit+tweetynet
litegr,Egretta garzetta,xc:962805,xc_962805,3,"[0.0, 0.0, 0.0, 0.852292]",0.8523,0.8523,28.58,-0.7449,0.2989,0.254725,4,7.19,8.48,1.29,4,0.74,0.4264,"[[7.19, 7.23], [7.46, 7.77], [7.93, 7.97], [8.13, 8.48]]",bird-mixit+tweetynet
litegr,Egretta garzetta,xc:331548,xc_331548,3,"[0.364136, 0.025016, 0.0, 0.912061]",0.9121,0.9121,18.43,-0.9529,0.2778,0.253418,96,171.27,172.62,1.35,3,1.04,0.2296,"[[171.27, 171.47], [171.58, 171.78], [171.98, 172.62]]",bird-mixit+tweetynet
litegr,Egretta garzetta,xc:962805,xc_962805,3,"[0.0, 0.0, 0.0, 0.852292]",0.8523,0.8523,23.66,-0.4672,0.2951,0.251508,3,4.47,6.79,2.32,9,1.26,0.4569,"[[4.47, 4.78], [4.93, 5.07], [5.23, 5.4], [5.54, 5.77], [5.9, 6.01], [6.07, 6.15], [6.28, 6.37], [6.53, 6.63], [6.76, 6.79]]",bird-mixit+tweetynet
litegr,Egretta garzetta,xc:795658,xc_795658,0,"[0.854959, 0.0, 0.0, 0.0]",0.855,0.855,22.75,-0.9073,0.2936,0.251017,28,42.7,44.85,2.15,7,1.28,0.4047,"[[42.7, 42.76], [42.95, 43.06], [43.36, 43.6], [43.7, 43.75], [43.82, 43.86], [43.92, 44.0], [44.15, 44.85]]",bird-mixit+tweetynet
litegr,Egretta garzetta,xc:333910,xc_333910,3,"[0.0, 0.022928, 0.042386, 0.963814]",0.9638,0.9638,16.13,-0.9865,0.2589,0.249513,24,37.24,41.92,4.68,12,2.15,0.5406,"[[37.24, 37.34], [37.53, 37.58], [37.87, 38.01], [38.15, 38.82], [39.19, 39.34], [39.49, 39.52], [39.92, 40.46], [40.82, 40.86], [41.05, 41.1], [41.29, 41.42], [41.47, 41.66], [41.86, 41.92]]",bird-mixit+tweetynet
litegr,Egretta garzetta,xc:629534,xc_629534,0,"[0.955392, 0.0, 0.0, 0.206657]",0.9554,0.9554,15.53,-0.3805,0.2603,0.248656,20,53.41,56.43,3.02,5,2.2,0.2715,"[[53.41, 53.74], [53.91, 54.25], [54.44, 55.31], [55.4, 55.67], [56.04, 56.43]]",bird-mixit+tweetynet
litegr,Egretta garzetta,xc:333941,xc_333941,0,"[0.954284, 0.015798, 0.0, 0.002037]",0.9543,0.9543,15.56,-0.8553,0.2524,0.240842,15,16.69,17.02,0.33,2,0.22,0.3333,"[[16.69, 16.78], [16.89, 17.02]]",bird-mixit+tweetynet
litegr,Egretta garzetta,xc:459627,xc_459627,0,"[0.874664, 0.0, 0.015905, 0.502312]",0.8747,0.8747,9.69,0.1519,0.2744,0.240057,2,4.35,8.5,4.15,11,2.46,0.4072,"[[4.35, 4.63], [4.86, 4.9], [5.07, 5.13], [5.29, 5.35], [5.5, 5.63], [5.71, 5.82], [5.91, 5.96], [6.11, 6.16], [6.32, 6.4], [6.53, 7.37], [7.74, 8.5]]",bird-mixit+tweetynet
litegr,Egretta garzetta,xc:333910,xc_333910,3,"[0.0, 0.022928, 0.042386, 0.963814]",0.9638,0.9638,15.17,-0.9958,0.2475,0.238547,4,5.14,7.78,2.64,4,1.78,0.3258,"[[5.14, 5.54], [5.79, 6.65], [6.96, 7.01], [7.31, 7.78]]",bird-mixit+tweetynet
litegr,Egretta garzetta,xc:333883,xc_333883,3,"[0.020902, 0.0, 0.0, 0.984631]",0.9846,0.9846,14.38,-0.9973,0.2364,0.232778,40,58.97,62.38,3.41,6,1.99,0.4164,"[[58.97, 59.67], [60.02, 60.55], [60.9, 61.47], [61.64, 61.67], [61.99, 62.12], [62.35, 62.38]]",bird-mixit+tweetynet
litegr,Egretta garzetta,xc:311264,xc_311264,3,"[0.0, 0.018859, 0.023692, 0.951506]",0.9515,0.9515,14.88,-0.4348,0.2436,0.231768,3,11.82,19.21,7.39,15,6.09,0.1759,"[[11.82, 12.45], [12.54, 13.08], [13.17, 13.81], [13.95, 14.11], [14.17, 14.89], [14.95, 15.09], [15.17, 15.22], [15.35, 15.62], [15.85, 16.06], [16.11, 17.28], [17.34, 17.39], [17.44, 17.75], [17.82, 17.87], [18.0, 18.83], [18.89, 19.21]]",bird-mixit+tweetynet
litegr,Egretta garzetta,xc:331548,xc_331548,3,"[0.364136, 0.025016, 0.0, 0.912061]",0.9121,0.9121,15.66,-0.7939,0.2536,0.231299,63,114.11,115.9,1.79,3,1.21,0.324,"[[114.11, 114.18], [114.55, 114.89], [115.1, 115.9]]",bird-mixit+tweetynet
litegr,Egretta garzetta,xc:459627,xc_459627,0,"[0.874664, 0.0, 0.015905, 0.502312]",0.8747,0.8747,9.18,0.2009,0.2636,0.230565,14,31.31,35.24,3.93,15,1.94,0.5064,"[[31.31, 31.65], [32.0, 32.03], [32.12, 32.93], [33.01, 33.09], [33.14, 33.19], [33.36, 33.41], [33.57, 33.61], [33.74, 33.85], [33.93, 34.02], [34.16, 34.21], [34.36, 34.41], [34.57, 34.63], [34.77, 34.83], [34.98, 35.04], [35.18, 35.24]]",bird-mixit+tweetynet
litegr,Egretta garzetta,xc:411012,xc_411012,3,"[0.037971, 0.0, 0.0, 0.931816]",0.9318,0.9318,15.08,-0.9458,0.2463,0.229529,9,18.42,23.33,4.91,16,2.21,0.5499,"[[18.42, 18.62], [18.73, 19.05], [19.17, 19.25], [19.54, 19.63], [19.99, 20.18], [20.41, 20.52], [20.79, 20.89], [21.1, 21.18], [21.23, 21.32], [21.45, 21.5], [21.61, 21.69], [21.78, 21.82], [22.08, 22.17], [22.26, 22.65], [22.81, 22.89], [23.11, 23.33]]",bird-mixit+tweetynet
litegr,Egretta garzetta,xc:683852,xc_683852,0,"[0.676257, 0.0, 0.0, 0.287818]",0.6763,0.6763,9.9,0.3721,0.3379,0.228507,1,3.34,4.56,1.22,1,1.22,0.0,"[[3.34, 4.56]]",bird-mixit+tweetynet
litegr,Egretta garzetta,xc:629534,xc_629534,0,"[0.955392, 0.0, 0.0, 0.206657]",0.9554,0.9554,14.47,-0.6449,0.2377,0.227137,27,66.99,67.42,0.43,1,0.43,0.0,"[[66.99, 67.42]]",bird-mixit+tweetynet
litegr,Egretta garzetta,xc:98772,xc_98772,0,"[0.942395, 0.0, 0.0, 0.0]",0.9424,0.9424,14.63,-0.9468,0.2401,0.226236,8,13.2,13.69,0.49,1,0.49,0.0,"[[13.2, 13.69]]",bird-mixit+tweetynet
litegr,Egretta garzetta,xc:411012,xc_411012,3,"[0.037971, 0.0, 0.0, 0.931816]",0.9318,0.9318,14.65,-0.9744,0.2405,0.224065,0,0.03,5.94,5.91,13,2.8,0.5262,"[[0.03, 0.16], [0.38, 0.54], [0.67, 1.31], [1.47, 1.58], [1.89, 1.99], [2.25, 2.39], [2.76, 2.84], [3.06, 3.29], [3.56, 4.12], [4.5, 4.62], [4.93, 5.03], [5.33, 5.64], [5.82, 5.94]]",bird-mixit+tweetynet
litegr,Egretta garzetta,xc:333910,xc_333910,3,"[0.0, 0.022928, 0.042386, 0.963814]",0.9638,0.9638,13.96,-0.9921,0.23,0.22166,35,64.87,71.03,6.16,16,4.13,0.3295,"[[64.87, 64.91], [65.14, 65.53], [65.86, 65.9], [66.2, 66.24], [66.31, 66.39], [66.51, 66.76], [66.82, 67.03], [67.12, 67.35], [67.43, 67.97], [68.06, 68.32], [68.4, 68.66], [68.77, 69.0], [69.05, 69.38], [69.58, 69.84], [69.96, 70.56], [70.66, 71.03]]",bird-mixit+tweetynet
litegr,Egretta garzetta,xc:459627,xc_459627,0,"[0.874664, 0.0, 0.015905, 0.502312]",0.8747,0.8747,6.47,0.9572,0.2523,0.220658,18,38.3,38.42,0.12,1,0.12,0.0,"[[38.3, 38.42]]",bird-mixit+tweetynet
litegr,Egretta garzetta,xc:795658,xc_795658,0,"[0.854959, 0.0, 0.0, 0.0]",0.855,0.855,15.57,-0.9701,0.2525,0.215884,7,10.31,15.09,4.78,12,2.84,0.4059,"[[10.31, 10.35], [10.59, 11.23], [11.3, 11.42], [11.72, 11.76], [12.0, 12.15], [12.44, 12.66], [12.73, 12.97], [13.16, 13.29], [13.48, 13.6], [13.71, 13.95], [14.06, 14.38], [14.51, 15.09]]",bird-mixit+tweetynet
litegr,Egretta garzetta,xc:333965,xc_333965,0,"[0.931087, 0.003057, 0.0, 0.0]",0.9311,0.9311,13.91,-0.8373,0.2291,0.213353,13,19.66,19.77,0.11,1,0.11,0.0,"[[19.66, 19.77]]",bird-mixit+tweetynet
litegr,Egretta garzetta,xc:411012,xc_411012,3,"[0.037971, 0.0, 0.0, 0.931816]",0.9318,0.9318,13.88,-0.9455,0.2287,0.213068,3,9.11,10.23,1.12,4,0.94,0.1607,"[[9.11, 9.14], [9.21, 9.65], [9.7, 10.1], [10.16, 10.23]]",bird-mixit+tweetynet
litegr,Egretta garzetta,xc:629534,xc_629534,0,"[0.955392, 0.0, 0.0, 0.206657]",0.9554,0.9554,13.44,-0.725,0.2211,0.211263,30,77.18,78.95,1.77,6,0.97,0.452,"[[77.18, 77.26], [77.44, 77.57], [77.78, 77.85], [77.9, 78.34], [78.64, 78.86], [78.92, 78.95]]",bird-mixit+tweetynet
litegr,Egretta garzetta,xc:629534,xc_629534,0,"[0.955392, 0.0, 0.0, 0.206657]",0.9554,0.9554,13.32,-0.9324,0.2191,0.209365,32,80.65,87.57,6.92,19,5.01,0.276,"[[80.65, 80.7], [80.77, 80.8], [80.85, 80.9], [80.96, 81.0], [81.05, 81.69], [81.88, 82.36], [82.49, 82.57], [82.7, 82.77], [82.88, 82.96], [83.08, 83.64], [83.77, 84.41], [84.54, 84.87], [85.06, 85.45], [85.54, 85.75], [85.84, 85.96], [86.04, 86.31], [86.42, 86.52], [86.61, 86.76], [86.85, 87.57]]",bird-mixit+tweetynet
litegr,Egretta garzetta,xc:629534,xc_629534,0,"[0.955392, 0.0, 0.0, 0.206657]",0.9554,0.9554,12.9,-0.7828,0.2115,0.202039,4,12.89,16.42,3.53,7,2.57,0.272,"[[12.89, 12.96], [13.06, 13.12], [13.32, 13.61], [13.72, 14.66], [14.85, 15.56], [15.77, 15.92], [16.07, 16.42]]",bird-mixit+tweetynet
litegr,Egretta garzetta,xc:333985,xc_333985,3,"[0.003279, 0.057927, 0.0, 0.647075]",0.6471,0.6471,21.9,-0.3709,0.3059,0.197978,8,20.47,22.9,2.43,5,2.0,0.177,"[[20.47, 20.57], [20.8, 21.06], [21.11, 21.85], [21.93, 22.26], [22.33, 22.9]]",bird-mixit+tweetynet
litegr,Egretta garzetta,xc:333985,xc_333985,3,"[0.003279, 0.057927, 0.0, 0.647075]",0.6471,0.6471,26.08,-0.596,0.2976,0.192582,5,13.99,18.56,4.57,11,3.29,0.2801,"[[13.99, 14.83], [14.97, 15.32], [15.37, 15.45], [15.58, 16.47], [16.73, 16.78], [16.99, 17.07], [17.17, 17.21], [17.28, 17.64], [17.71, 17.74], [17.84, 17.92], [18.07, 18.56]]",bird-mixit+tweetynet
litegr,Egretta garzetta,xc:98772,xc_98772,0,"[0.942395, 0.0, 0.0, 0.0]",0.9424,0.9424,12.51,-0.7901,0.204,0.19227,19,39.31,43.83,4.52,12,2.67,0.4093,"[[39.31, 39.63], [39.76, 39.84], [40.22, 40.86], [41.14, 41.5], [41.59, 41.68], [41.9, 41.99], [42.2, 42.41], [42.52, 42.6], [42.71, 42.77], [42.83, 42.94], [43.04, 43.19], [43.35, 43.83]]",bird-mixit+tweetynet
litegr,Egretta garzetta,xc:331548,xc_331548,3,"[0.364136, 0.025016, 0.0, 0.912061]",0.9121,0.9121,12.86,-0.9609,0.2107,0.192182,105,185.77,187.65,1.88,4,1.37,0.2713,"[[185.77, 186.15], [186.25, 186.33], [186.42, 186.53], [186.85, 187.65]]",bird-mixit+tweetynet
litegr,Egretta garzetta,xc:718466,xc_718466,0,"[0.633409, 0.0, 0.0, 0.0]",0.6334,0.6334,24.57,-0.9699,0.2963,0.187646,10,14.64,15.73,1.09,5,0.63,0.422,"[[14.64, 14.87], [14.95, 15.02], [15.1, 15.2], [15.25, 15.28], [15.53, 15.73]]",bird-mixit+tweetynet
litegr,Egretta garzetta,xc:1047895,xc_1047895,3,"[0.112147, 0.0, 0.0, 0.631272]",0.6313,0.6313,22.3,-0.6271,0.2927,0.184778,4,2.32,4.3,1.98,6,1.41,0.2879,"[[2.32, 2.35], [2.4, 2.44], [2.66, 3.17], [3.31, 3.66], [3.73, 3.84], [3.93, 4.3]]",bird-mixit+tweetynet
litegr,Egretta garzetta,xc:333941,xc_333941,0,"[0.954284, 0.015798, 0.0, 0.002037]",0.9543,0.9543,11.95,-0.9201,0.1927,0.183853,24,34.47,35.19,0.72,3,0.33,0.5417,"[[34.47, 34.56], [34.64, 34.78], [35.09, 35.19]]",bird-mixit+tweetynet
litegr,Egretta garzetta,xc:98772,xc_98772,0,"[0.942395, 0.0, 0.0, 0.0]",0.9424,0.9424,12.03,-0.6619,0.1944,0.183182,16,26.23,28.81,2.58,3,2.1,0.186,"[[26.23, 26.83], [27.19, 27.78], [27.9, 28.81]]",bird-mixit+tweetynet
litegr,Egretta garzetta,xc:333883,xc_333883,3,"[0.020902, 0.0, 0.0, 0.984631]",0.9846,0.9846,11.61,-0.9536,0.1856,0.182746,28,41.51,42.36,0.85,3,0.65,0.2353,"[[41.51, 41.55], [41.68, 41.97], [42.04, 42.36]]",bird-mixit+tweetynet
litegr,Egretta garzetta,xc:333985,xc_333985,3,"[0.003279, 0.057927, 0.0, 0.647075]",0.6471,0.6471,7.99,0.5958,0.2823,0.182683,1,1.62,4.79,3.17,11,1.58,0.5016,"[[1.62, 1.71], [1.82, 2.01], [2.2, 2.24], [2.53, 2.79], [2.92, 3.16], [3.39, 3.47], [3.56, 3.78], [3.84, 3.88], [3.97, 4.13], [4.2, 4.43], [4.76, 4.79]]",bird-mixit+tweetynet
litegr,Egretta garzetta,xc:333910,xc_333910,3,"[0.0, 0.022928, 0.042386, 0.963814]",0.9638,0.9638,11.63,-0.988,0.186,0.179234,8,15.59,16.75,1.16,2,0.84,0.2759,"[[15.59, 15.97], [16.29, 16.75]]",bird-mixit+tweetynet
litegr,Egretta garzetta,xc:333992,xc_333992,0,"[0.589038, 0.025079, 0.0, 0.028994]",0.589,0.589,36.55,-0.7256,0.2999,0.176639,26,38.82,42.66,3.84,12,2.32,0.3958,"[[38.82, 39.7], [39.76, 39.84], [40.09, 40.28], [40.37, 40.41], [40.58, 40.97], [41.05, 41.09], [41.33, 41.55], [41.71, 41.76], [41.94, 42.02], [42.09, 42.16], [42.21, 42.34], [42.51, 42.66]]",bird-mixit+tweetynet
litegr,Egretta garzetta,xc:592367,xc_592367,3,"[0.0, 0.0, 0.0, 0.950754]",0.9508,0.9508,11.55,-0.7905,0.1842,0.175165,1,5.7,8.28,2.58,5,2.22,0.1395,"[[5.7, 6.33], [6.46, 7.72], [7.78, 7.81], [7.86, 8.11], [8.23, 8.28]]",bird-mixit+tweetynet
litegr,Egretta garzetta,xc:331548,xc_331548,3,"[0.364136, 0.025016, 0.0, 0.912061]",0.9121,0.9121,11.82,-0.8486,0.19,0.173263,52,97.45,99.61,2.16,4,1.51,0.3009,"[[97.45, 98.21], [98.35, 98.48], [98.7, 98.92], [99.21, 99.61]]",bird-mixit+tweetynet
litegr,Egretta garzetta,xc:710201,xc_710201,3,"[0.0, 0.00186, 0.0, 0.701787]",0.7018,0.7018,14.9,-0.9735,0.2439,0.171139,5,14.38,15.84,1.46,2,1.35,0.0753,"[[14.38, 14.93], [15.04, 15.84]]",bird-mixit+tweetynet
litegr,Egretta garzetta,xc:333913,xc_333913,1,"[0.0, 0.931614, 0.0, 0.050808]",0.9316,0.9316,11.38,-0.9922,0.1806,0.168229,1,5.99,8.07,2.08,4,1.46,0.2981,"[[5.99, 6.56], [6.79, 6.84], [7.04, 7.11], [7.3, 8.07]]",bird-mixit+tweetynet
litegr,Egretta garzetta,xc:333965,xc_333965,0,"[0.931087, 0.003057, 0.0, 0.0]",0.9311,0.9311,11.38,-0.847,0.1805,0.168097,27,33.0,33.48,0.48,3,0.26,0.4583,"[[33.0, 33.07], [33.12, 33.27], [33.44, 33.48]]",bird-mixit+tweetynet
litegr,Egretta garzetta,xc:372947,xc_372947,2,"[0.09481, 0.0, 0.959591, 0.101095]",0.9596,0.9596,11.11,-0.8234,0.1748,0.167763,4,11.0,18.74,7.74,18,5.23,0.3243,"[[11.0, 11.1], [11.21, 11.48], [11.62, 11.71], [11.83, 12.04], [12.12, 12.78], [13.04, 13.22], [13.33, 13.9], [13.96, 14.06], [14.16, 14.89], [15.14, 15.2], [15.26, 15.45], [15.61, 15.98], [16.27, 16.45], [16.6, 17.28], [17.39, 17.44], [17.56, 17.65], [17.78, 18.35], [18.61, 18.74]]",bird-mixit+tweetynet
litegr,Egretta garzetta,xc:333992,xc_333992,0,"[0.589038, 0.025079, 0.0, 0.028994]",0.589,0.589,19.36,-0.7089,0.2829,0.166637,32,56.08,60.57,4.49,8,2.98,0.3363,"[[56.08, 56.82], [57.03, 57.63], [57.82, 58.15], [58.24, 58.36], [58.76, 58.88], [58.95, 59.0], [59.2, 59.46], [59.81, 60.57]]",bird-mixit+tweetynet
litegr,Egretta garzetta,xc:956994,xc_956994,0,"[0.791955, 0.0, 0.0, 0.004375]",0.792,0.792,7.83,0.2211,0.2091,0.165591,14,41.39,42.41,1.02,4,0.74,0.2745,"[[41.39, 41.57], [41.62, 41.69], [41.79, 42.19], [42.32, 42.41]]",bird-mixit+tweetynet
litegr,Egretta garzetta,xc:333908,xc_333908,3,"[0.015861, 0.011341, 0.0, 0.98211]",0.9821,0.9821,10.73,-0.9878,0.1663,0.163362,9,18.58,20.58,2.0,3,1.81,0.095,"[[18.58, 19.72], [19.85, 20.0], [20.06, 20.58]]",bird-mixit+tweetynet
litegr,Egretta garzetta,xc:311264,xc_311264,3,"[0.0, 0.018859, 0.023692, 0.951506]",0.9515,0.9515,10.96,-0.5468,0.1713,0.163037,2,5.19,11.39,6.2,12,4.59,0.2597,"[[5.19, 5.95], [6.0, 6.14], [6.32, 6.91], [7.05, 7.71], [7.83, 7.9], [7.96, 8.5], [8.72, 9.59], [9.75, 9.9], [10.17, 10.64], [10.95, 11.03], [11.08, 11.29], [11.34, 11.39]]",bird-mixit+tweetynet
litegr,Egretta garzetta,xc:333883,xc_333883,3,"[0.020902, 0.0, 0.0, 0.984631]",0.9846,0.9846,10.54,-0.9696,0.162,0.159543,4,9.75,10.76,1.01,3,0.73,0.2772,"[[9.75, 10.32], [10.51, 10.55], [10.64, 10.76]]",bird-mixit+tweetynet
litegr,Egretta garzetta,xc:333883,xc_333883,3,"[0.020902, 0.0, 0.0, 0.984631]",0.9846,0.9846,10.53,-0.9869,0.1618,0.15931,10,17.16,18.08,0.92,3,0.55,0.4022,"[[17.16, 17.35], [17.4, 17.54], [17.86, 18.08]]",bird-mixit+tweetynet
litegr,Egretta garzetta,xc:774428,xc_774428,3,"[0.054644, 0.0, 0.0, 0.578711]",0.5787,0.5787,17.94,-0.8615,0.2747,0.15894,4,7.5,11.36,3.86,4,3.43,0.1114,"[[7.5, 9.19], [9.39, 10.1], [10.25, 10.63], [10.71, 11.36]]",bird-mixit+tweetynet
litegr,Egretta garzetta,xc:956994,xc_956994,0,"[0.791955, 0.0, 0.0, 0.004375]",0.792,0.792,12.2,-0.8332,0.1977,0.156573,1,5.56,8.76,3.2,8,2.35,0.2656,"[[5.56, 5.74], [5.82, 5.88], [6.0, 6.06], [6.17, 6.22], [6.43, 6.69], [6.85, 7.16], [7.21, 8.19], [8.31, 8.76]]",bird-mixit+tweetynet
litegr,Egretta garzetta,xc:459627,xc_459627,0,"[0.874664, 0.0, 0.015905, 0.502312]",0.8747,0.8747,10.92,-0.6457,0.1706,0.149198,3,10.37,11.86,1.49,2,1.15,0.2282,"[[10.37, 11.11], [11.45, 11.86]]",bird-mixit+tweetynet
litegr,Egretta garzetta,xc:333908,xc_333908,3,"[0.015861, 0.011341, 0.0, 0.98211]",0.9821,0.9821,10.06,-0.9969,0.1513,0.148617,10,21.1,22.71,1.61,3,1.2,0.2547,"[[21.1, 21.9], [22.0, 22.03], [22.34, 22.71]]",bird-mixit+tweetynet
litegr,Egretta garzetta,xc:333965,xc_333965,0,"[0.931087, 0.003057, 0.0, 0.0]",0.9311,0.9311,10.4,-0.8948,0.1591,0.148119,32,38.15,38.38,0.23,1,0.23,0.0,"[[38.15, 38.38]]",bird-mixit+tweetynet
litegr,Egretta garzetta,xc:956994,xc_956994,0,"[0.791955, 0.0, 0.0, 0.004375]",0.792,0.792,11.4,-0.8038,0.1811,0.143469,12,32.53,37.69,5.16,11,3.76,0.2713,"[[32.53, 33.04], [33.15, 33.46], [33.56, 34.02], [34.17, 34.54], [34.67, 35.03], [35.21, 35.62], [35.74, 35.96], [36.01, 36.39], [36.47, 36.85], [37.1, 37.27], [37.5, 37.69]]",bird-mixit+tweetynet
litegr,Egretta garzetta,xc:333985,xc_333985,3,"[0.003279, 0.057927, 0.0, 0.647075]",0.6471,0.6471,13.39,-0.7987,0.2204,0.1426,4,9.9,13.67,3.77,8,2.82,0.252,"[[9.9, 10.02], [10.28, 10.42], [10.68, 11.18], [11.24, 11.53], [11.6, 11.83], [11.92, 12.11], [12.21, 12.96], [13.07, 13.67]]",bird-mixit+tweetynet
litgre1,Tachybaptus ruficollis,xc:840440,xc_840440,3,"[0.989192, 0.504622, 0.990903, 0.99913]",0.9991,0.9991,36.41,0.9995,0.9994,0.998509,6,14.57,14.92,0.35,2,0.24,0.3143,"[[14.57, 14.74], [14.85, 14.92]]",bird-mixit+tweetynet
litgre1,Tachybaptus ruficollis,xc:840440,xc_840440,3,"[0.989192, 0.504622, 0.990903, 0.99913]",0.9991,0.9991,35.57,0.9989,0.999,0.998086,7,15.33,15.62,0.29,2,0.24,0.1724,"[[15.33, 15.4], [15.45, 15.62]]",bird-mixit+tweetynet
litgre1,Tachybaptus ruficollis,xc:840440,xc_840440,3,"[0.989192, 0.504622, 0.990903, 0.99913]",0.9991,0.9991,38.26,0.998,0.9988,0.9979,4,12.03,13.37,1.34,4,0.59,0.5597,"[[12.03, 12.25], [12.47, 12.54], [12.74, 12.87], [13.2, 13.37]]",bird-mixit+tweetynet
litgre1,Tachybaptus ruficollis,xc:840440,xc_840440,3,"[0.989192, 0.504622, 0.990903, 0.99913]",0.9991,0.9991,30.47,0.9969,0.9963,0.995431,1,3.14,8.54,5.4,13,4.04,0.2519,"[[3.14, 3.23], [3.29, 3.33], [3.41, 3.45], [3.57, 3.62], [4.01, 5.47], [5.63, 5.69], [5.74, 5.81], [5.88, 5.96], [6.01, 6.74], [6.79, 7.81], [7.87, 8.11], [8.2, 8.24], [8.42, 8.54]]",bird-mixit+tweetynet
litgre1,Tachybaptus ruficollis,xc:326376,xc_326376,0,"[0.999975, 0.0, 0.016963, 0.034813]",1.0,1.0,28.24,0.9985,0.9951,0.995072,50,93.42,93.53,0.11,1,0.11,0.0,"[[93.42, 93.53]]",bird-mixit+tweetynet
litgre1,Tachybaptus ruficollis,xc:326376,xc_326376,0,"[0.999975, 0.0, 0.016963, 0.034813]",1.0,1.0,27.04,0.9973,0.9927,0.992659,53,99.0,99.19,0.19,1,0.19,0.0,"[[99.0, 99.19]]",bird-mixit+tweetynet
litgre1,Tachybaptus ruficollis,xc:840440,xc_840440,3,"[0.989192, 0.504622, 0.990903, 0.99913]",0.9991,0.9991,27.4,0.9936,0.9914,0.990526,10,21.81,24.63,2.82,9,1.34,0.5248,"[[21.81, 22.16], [22.43, 22.68], [22.98, 23.01], [23.22, 23.49], [23.76, 23.99], [24.05, 24.11], [24.31, 24.35], [24.45, 24.5], [24.57, 24.63]]",bird-mixit+tweetynet
litgre1,Tachybaptus ruficollis,xc:326376,xc_326376,0,"[0.999975, 0.0, 0.016963, 0.034813]",1.0,1.0,25.55,0.9971,0.9892,0.98922,54,99.53,100.07,0.54,3,0.39,0.2778,"[[99.53, 99.68], [99.74, 99.82], [99.91, 100.07]]",bird-mixit+tweetynet
litgre1,Tachybaptus ruficollis,xc:326376,xc_326376,0,"[0.999975, 0.0, 0.016963, 0.034813]",1.0,1.0,25.17,0.9962,0.9877,0.987677,51,94.51,96.04,1.53,7,0.69,0.549,"[[94.51, 94.54], [94.65, 94.75], [94.8, 94.86], [94.91, 94.95], [95.19, 95.25], [95.46, 95.73], [95.91, 96.04]]",bird-mixit+tweetynet
litgre1,Tachybaptus ruficollis,xc:326376,xc_326376,0,"[0.999975, 0.0, 0.016963, 0.034813]",1.0,1.0,25.41,0.9903,0.9855,0.985497,47,89.37,90.01,0.64,2,0.31,0.5156,"[[89.37, 89.52], [89.85, 90.01]]",bird-mixit+tweetynet
litgre1,Tachybaptus ruficollis,xc:979628,xc_979628,1,"[0.036588, 0.979283, 0.015011, 0.0]",0.9793,0.9793,28.75,0.9998,0.9963,0.975692,10,14.65,14.83,0.18,1,0.18,0.0,"[[14.65, 14.83]]",bird-mixit+tweetynet
litgre1,Tachybaptus ruficollis,xc:979628,xc_979628,1,"[0.036588, 0.979283, 0.015011, 0.0]",0.9793,0.9793,27.84,0.9996,0.9951,0.974499,1,1.82,2.7,0.88,3,0.41,0.5341,"[[1.82, 1.94], [2.12, 2.34], [2.63, 2.7]]",bird-mixit+tweetynet
litgre1,Tachybaptus ruficollis,xc:979628,xc_979628,1,"[0.036588, 0.979283, 0.015011, 0.0]",0.9793,0.9793,26.01,0.9998,0.9917,0.971204,13,17.5,18.61,1.11,4,0.52,0.5315,"[[17.5, 17.74], [17.97, 18.0], [18.25, 18.39], [18.5, 18.61]]",bird-mixit+tweetynet
litgre1,Tachybaptus ruficollis,xc:979628,xc_979628,1,"[0.036588, 0.979283, 0.015011, 0.0]",0.9793,0.9793,25.14,0.999,0.989,0.968492,9,10.1,14.23,4.13,13,2.82,0.3172,"[[10.1, 10.4], [10.64, 10.75], [10.91, 11.25], [11.44, 11.67], [11.73, 11.77], [11.86, 11.92], [11.99, 12.07], [12.13, 12.86], [12.91, 12.97], [13.06, 13.53], [13.66, 13.9], [14.0, 14.05], [14.12, 14.23]]",bird-mixit+tweetynet
litgre1,Tachybaptus ruficollis,xc:548676,xc_548676,0,"[0.948179, 0.0, 0.0, 0.0]",0.9482,0.9482,30.15,0.9799,0.9876,0.936469,1,0.64,1.54,0.9,2,0.77,0.1444,"[[0.64, 0.93], [1.06, 1.54]]",bird-mixit+tweetynet
litgre1,Tachybaptus ruficollis,xc:280987,xc_280987,0,"[0.9432, 0.018083, 0.035791, 0.0]",0.9432,0.9432,25.3,0.9954,0.9877,0.931559,7,14.0,15.7,1.7,4,1.18,0.3059,"[[14.0, 14.13], [14.23, 14.29], [14.37, 14.44], [14.78, 15.7]]",bird-mixit+tweetynet
litgre1,Tachybaptus ruficollis,xc:134240,xc_134240,3,"[0.99962, 0.819076, 0.169313, 0.956949]",0.9569,0.9996,33.46,0.9471,0.9727,0.930753,15,29.17,36.94,7.77,21,4.76,0.3874,"[[29.17, 29.6], [29.8, 30.46], [30.64, 32.19], [32.47, 32.57], [32.69, 32.81], [32.91, 33.1], [33.25, 33.28], [33.38, 33.41], [33.5, 33.58], [33.63, 34.11], [34.16, 34.35], [34.46, 34.57], [34.65, 34.86], [34.95, 34.99], [35.22, 35.28], [35.56, 35.6], [35.82, 35.94], [36.16, 36.22], [36.32, 36.36], [36.47, 36.64], [36.89, 36.94]]",bird-mixit+tweetynet
litgre1,Tachybaptus ruficollis,xc:1077972,xc_1077972,0,"[0.998609, 0.00798, 0.0, 0.0]",0.9986,0.9986,22.74,0.8971,0.9283,0.926955,1,0.85,5.02,4.17,7,3.19,0.235,"[[0.85, 1.05], [1.32, 1.39], [1.46, 1.53], [1.7, 1.78], [1.85, 1.92], [1.98, 4.54], [4.88, 5.02]]",bird-mixit+tweetynet
litgre1,Tachybaptus ruficollis,xc:979628,xc_979628,1,"[0.036588, 0.979283, 0.015011, 0.0]",0.9793,0.9793,19.37,0.9988,0.9428,0.923264,18,25.56,27.65,2.09,6,1.25,0.4019,"[[25.56, 25.6], [25.88, 26.04], [26.1, 26.15], [26.52, 27.0], [27.05, 27.51], [27.59, 27.65]]",bird-mixit+tweetynet
litgre1,Tachybaptus ruficollis,xc:134240,xc_134240,3,"[0.99962, 0.819076, 0.169313, 0.956949]",0.9569,0.9996,21.54,0.9836,0.9616,0.920174,3,2.79,10.33,7.54,11,6.6,0.1247,"[[2.79, 2.86], [2.95, 3.12], [3.23, 3.27], [3.37, 3.76], [3.83, 8.7], [8.84, 9.1], [9.26, 9.4], [9.47, 9.65], [9.7, 9.78], [9.84, 9.98], [10.07, 10.33]]",bird-mixit+tweetynet
litgre1,Tachybaptus ruficollis,xc:280987,xc_280987,0,"[0.9432, 0.018083, 0.035791, 0.0]",0.9432,0.9432,20.25,0.9998,0.9558,0.901486,0,1.42,2.43,1.01,2,0.88,0.1287,"[[1.42, 2.0], [2.13, 2.43]]",bird-mixit+tweetynet
litgre1,Tachybaptus ruficollis,xc:589777,xc_589777,0,"[0.983781, 0.0, 0.0, 0.0]",0.9838,0.9838,16.94,0.9989,0.8888,0.874392,0,0.02,2.96,2.94,8,2.16,0.2653,"[[0.02, 0.05], [0.21, 0.31], [0.36, 1.8], [1.86, 2.01], [2.08, 2.22], [2.34, 2.49], [2.57, 2.63], [2.87, 2.96]]",bird-mixit+tweetynet
litgre1,Tachybaptus ruficollis,xc:134240,xc_134240,3,"[0.99962, 0.819076, 0.169313, 0.956949]",0.9569,0.9996,18.21,0.965,0.9053,0.866296,9,16.65,19.62,2.97,3,2.79,0.0606,"[[16.65, 18.83], [18.95, 19.41], [19.47, 19.62]]",bird-mixit+tweetynet
litgre1,Tachybaptus ruficollis,xc:806226,xc_806226,0,"[0.947853, 0.017658, 0.676471, 0.511868]",0.9479,0.9479,19.16,0.9345,0.909,0.861659,0,0.12,4.93,4.81,6,4.38,0.0894,"[[0.12, 0.33], [0.4, 0.63], [0.76, 0.98], [1.03, 1.3], [1.38, 4.78], [4.88, 4.93]]",bird-mixit+tweetynet
litgre1,Tachybaptus ruficollis,xc:697665,xc_697665,1,"[0.0, 0.940736, 0.0, 0.011065]",0.9407,0.9407,18.02,0.9904,0.9128,0.858657,6,10.36,10.88,0.52,2,0.32,0.3846,"[[10.36, 10.39], [10.59, 10.88]]",bird-mixit+tweetynet
litgre1,Tachybaptus ruficollis,xc:99074,xc_99074,0,"[0.999187, 0.255072, 0.074875, 0.335287]",0.9992,0.9992,16.08,0.9901,0.8567,0.856007,0,0.02,7.86,7.84,3,7.74,0.0128,"[[0.02, 4.27], [4.32, 7.68], [7.73, 7.86]]",bird-mixit+tweetynet
litgre1,Tachybaptus ruficollis,xc:99074,xc_99074,0,"[0.999187, 0.255072, 0.074875, 0.335287]",0.9992,0.9992,16.01,0.9645,0.8433,0.842648,3,15.78,21.08,5.3,7,4.32,0.1849,"[[15.78, 15.83], [15.98, 16.15], [16.42, 17.04], [17.09, 17.2], [17.58, 18.04], [18.1, 18.43], [18.5, 21.08]]",bird-mixit+tweetynet
litgre1,Tachybaptus ruficollis,xc:664024,xc_664024,0,"[0.988407, 0.030852, 0.010574, 0.0]",0.9884,0.9884,16.01,0.9808,0.8502,0.840318,0,0.77,5.62,4.85,9,3.96,0.1835,"[[0.77, 0.82], [0.93, 0.97], [1.27, 1.32], [1.41, 1.61], [1.76, 1.84], [1.9, 1.97], [2.05, 2.23], [2.28, 2.38], [2.43, 5.62]]",bird-mixit+tweetynet
litgre1,Tachybaptus ruficollis,xc:723740,xc_723740,0,"[0.925892, 0.046201, 0.0, 0.06143]",0.9259,0.9259,18.38,0.9511,0.9025,0.835627,2,1.89,7.15,5.26,6,3.96,0.2471,"[[1.89, 1.97], [2.29, 2.33], [2.63, 2.71], [3.08, 3.29], [3.45, 3.67], [3.82, 7.15]]",bird-mixit+tweetynet
litgre1,Tachybaptus ruficollis,xc:712583,xc_712583,1,"[0.996558, 0.955945, 0.881645, 0.981146]",0.9559,0.9966,15.55,0.9639,0.8258,0.789428,0,4.05,7.93,3.88,5,3.37,0.1314,"[[4.05, 4.21], [4.32, 4.44], [4.5, 7.33], [7.5, 7.6], [7.77, 7.93]]",bird-mixit+tweetynet
litgre1,Tachybaptus ruficollis,xc:697665,xc_697665,1,"[0.0, 0.940736, 0.0, 0.011065]",0.9407,0.9407,15.7,0.937,0.8201,0.771513,3,6.66,7.07,0.41,2,0.35,0.1463,"[[6.66, 6.94], [7.0, 7.07]]",bird-mixit+tweetynet
litgre1,Tachybaptus ruficollis,xc:697665,xc_697665,1,"[0.0, 0.940736, 0.0, 0.011065]",0.9407,0.9407,14.89,0.9836,0.8058,0.758049,4,7.93,8.25,0.32,1,0.32,0.0,"[[7.93, 8.25]]",bird-mixit+tweetynet
litgre1,Tachybaptus ruficollis,xc:99074,xc_99074,0,"[0.999187, 0.255072, 0.074875, 0.335287]",0.9992,0.9992,13.89,0.9872,0.7577,0.757112,1,8.18,11.64,3.46,4,3.29,0.0491,"[[8.18, 8.21], [8.26, 8.46], [8.53, 8.57], [8.62, 11.64]]",bird-mixit+tweetynet
litgre1,Tachybaptus ruficollis,xc:82698,xc_82698,1,"[0.410895, 0.757894, 0.008098, 0.424722]",0.7579,0.7579,29.33,0.9997,0.9968,0.755483,0,0.32,1.1,0.78,2,0.47,0.3974,"[[0.32, 0.52], [0.83, 1.1]]",bird-mixit+tweetynet
litgre1,Tachybaptus ruficollis,xc:82698,xc_82698,1,"[0.410895, 0.757894, 0.008098, 0.424722]",0.7579,0.7579,24.8,0.9969,0.9868,0.747905,15,27.34,30.81,3.47,2,3.23,0.0692,"[[27.34, 27.7], [27.94, 30.81]]",bird-mixit+tweetynet
litgre1,Tachybaptus ruficollis,xc:82698,xc_82698,1,"[0.410895, 0.757894, 0.008098, 0.424722]",0.7579,0.7579,23.35,0.9975,0.9809,0.743426,32,67.89,73.75,5.86,4,5.13,0.1246,"[[67.89, 67.95], [68.26, 68.51], [68.57, 71.67], [72.03, 73.75]]",bird-mixit+tweetynet
litgre1,Tachybaptus ruficollis,xc:134240,xc_134240,3,"[0.99962, 0.819076, 0.169313, 0.956949]",0.9569,0.9996,18.05,0.6607,0.7623,0.729445,12,23.03,24.47,1.44,7,0.67,0.5347,"[[23.03, 23.09], [23.2, 23.26], [23.36, 23.43], [23.55, 23.72], [23.78, 23.82], [24.05, 24.09], [24.24, 24.47]]",bird-mixit+tweetynet
litgre1,Tachybaptus ruficollis,xc:280984,xc_280984,0,"[0.999982, 0.410264, 0.08541, 0.092664]",1.0,1.0,17.37,0.615,0.7279,0.727863,4,15.23,16.8,1.57,5,0.97,0.3822,"[[15.23, 15.29], [15.34, 15.67], [15.85, 15.9], [16.21, 16.27], [16.33, 16.8]]",bird-mixit+tweetynet
litgre1,Tachybaptus ruficollis,xc:36827,xc_36827,1,"[0.960785, 0.768638, 0.0, 0.0]",0.7686,0.9608,19.2,0.9993,0.9402,0.72265,0,0.06,4.47,4.41,3,4.24,0.0385,"[[0.06, 3.5], [3.56, 4.2], [4.31, 4.47]]",bird-mixit+tweetynet
litgre1,Tachybaptus ruficollis,xc:471732,xc_471732,0,"[0.744881, 0.015361, 0.049447, 0.011678]",0.7449,0.7449,26.49,0.9471,0.9667,0.720072,0,0.26,1.24,0.98,5,0.46,0.5306,"[[0.26, 0.32], [0.46, 0.54], [0.69, 0.78], [0.91, 0.95], [1.05, 1.24]]",bird-mixit+tweetynet
litgre1,Tachybaptus ruficollis,xc:722755,xc_722755,0,"[0.822303, 0.008647, 0.0, 0.0]",0.8223,0.8223,16.54,0.9948,0.8744,0.718986,13,46.45,46.61,0.16,1,0.16,0.0,"[[46.45, 46.61]]",bird-mixit+tweetynet
litgre1,Tachybaptus ruficollis,xc:832171,xc_832171,0,"[0.999249, 0.143277, 0.095231, 0.121888]",0.9992,0.9992,13.77,0.8829,0.712,0.711422,1,2.99,5.46,2.47,2,2.27,0.081,"[[2.99, 3.06], [3.26, 5.46]]",bird-mixit+tweetynet
litgre1,Tachybaptus ruficollis,xc:806808,xc_806808,0,"[0.999861, 0.0, 0.009942, 0.577541]",0.9999,0.9999,13.19,0.9648,0.7096,0.709517,7,19.4,23.57,4.17,4,3.78,0.0935,"[[19.4, 19.47], [19.52, 19.66], [19.72, 23.25], [23.53, 23.57]]",bird-mixit+tweetynet
litgre1,Tachybaptus ruficollis,xc:712583,xc_712583,1,"[0.996558, 0.955945, 0.881645, 0.981146]",0.9559,0.9966,13.49,0.9773,0.732,0.699714,6,14.2,14.91,0.71,4,0.47,0.338,"[[14.2, 14.26], [14.31, 14.5], [14.63, 14.71], [14.77, 14.91]]",bird-mixit+tweetynet
litgre1,Tachybaptus ruficollis,xc:714551,xc_714551,1,"[0.999861, 0.803571, 0.132704, 0.986812]",0.8036,0.9999,16.43,0.9906,0.8692,0.698483,5,11.33,12.17,0.84,1,0.84,0.0,"[[11.33, 12.17]]",bird-mixit+tweetynet
litgre1,Tachybaptus ruficollis,xc:714551,xc_714551,1,"[0.999861, 0.803571, 0.132704, 0.986812]",0.8036,0.9999,16.09,0.9828,0.8541,0.686336,6,12.32,13.94,1.62,3,1.47,0.0926,"[[12.32, 12.63], [12.69, 13.8], [13.89, 13.94]]",bird-mixit+tweetynet
litgre1,Tachybaptus ruficollis,xc:280984,xc_280984,0,"[0.999982, 0.410264, 0.08541, 0.092664]",1.0,1.0,23.3,0.3619,0.6686,0.668613,1,4.98,12.97,7.99,10,6.44,0.194,"[[4.98, 5.16], [5.35, 5.53], [5.67, 9.79], [9.97, 10.09], [10.16, 10.37], [10.53, 10.66], [11.03, 11.13], [11.2, 11.3], [11.62, 12.8], [12.85, 12.97]]",bird-mixit+tweetynet
litgre1,Tachybaptus ruficollis,xc:638601,xc_638601,0,"[0.984769, 0.0, 0.0, 0.0]",0.9848,0.9848,12.97,0.9136,0.6784,0.668046,3,2.79,3.62,0.83,2,0.6,0.2771,"[[2.79, 2.9], [3.13, 3.62]]",bird-mixit+tweetynet
litgre1,Tachybaptus ruficollis,xc:471732,xc_471732,0,"[0.744881, 0.015361, 0.049447, 0.011678]",0.7449,0.7449,24.45,0.8159,0.8962,0.667606,3,3.37,11.32,7.95,17,6.35,0.2013,"[[3.37, 3.46], [3.57, 7.28], [7.37, 7.46], [7.55, 7.65], [7.72, 7.84], [7.91, 8.02], [8.08, 8.21], [8.28, 8.56], [8.65, 8.85], [8.93, 9.12], [9.23, 9.84], [10.01, 10.13], [10.29, 10.4], [10.55, 10.67], [10.76, 10.91], [10.99, 11.08], [11.19, 11.32]]",bird-mixit+tweetynet
litgre1,Tachybaptus ruficollis,xc:518527,xc_518527,0,"[0.999879, 0.061689, 0.053402, 0.326012]",0.9999,0.9999,12.39,0.9784,0.665,0.664904,2,8.12,8.43,0.31,2,0.16,0.4839,"[[8.12, 8.18], [8.33, 8.43]]",bird-mixit+tweetynet
litgre1,Tachybaptus ruficollis,xc:280984,xc_280984,0,"[0.999982, 0.410264, 0.08541, 0.092664]",1.0,1.0,13.37,0.7829,0.6534,0.653426,5,17.16,24.65,7.49,9,6.28,0.1615,"[[17.16, 17.21], [17.28, 17.39], [17.62, 17.67], [17.76, 17.88], [17.97, 18.0], [18.08, 23.68], [23.93, 24.02], [24.07, 24.21], [24.56, 24.65]]",bird-mixit+tweetynet
litgre1,Tachybaptus ruficollis,xc:82698,xc_82698,1,"[0.410895, 0.757894, 0.008098, 0.424722]",0.7579,0.7579,16.03,0.99,0.855,0.648021,29,64.04,64.2,0.16,1,0.16,0.0,"[[64.04, 64.2]]",bird-mixit+tweetynet
litgre1,Tachybaptus ruficollis,xc:560216,xc_560216,0,"[0.652367, 0.117096, 0.011252, 0.022695]",0.6524,0.6524,36.9,0.9826,0.991,0.646531,2,3.44,11.19,7.75,23,4.35,0.4387,"[[3.44, 3.5], [3.59, 3.71], [3.89, 3.99], [4.05, 4.12], [4.22, 4.27], [4.34, 4.42], [4.54, 4.61], [4.74, 4.77], [4.87, 4.92], [5.01, 5.22], [5.36, 5.52], [5.58, 5.64], [5.76, 5.85], [6.11, 6.16], [6.26, 6.41], [6.75, 6.98], [7.36, 7.45], [7.61, 7.75], [7.82, 7.87], [8.14, 8.47], [8.71, 8.93], [9.08, 9.35], [9.52, 11.19]]",bird-mixit+tweetynet
litgre1,Tachybaptus ruficollis,xc:36827,xc_36827,1,"[0.960785, 0.768638, 0.0, 0.0]",0.7686,0.9608,15.14,1.0,0.8236,0.632981,2,13.15,19.41,6.26,6,5.64,0.099,"[[13.15, 15.2], [15.42, 15.76], [15.86, 16.35], [16.51, 18.4], [18.45, 18.63], [18.72, 19.41]]",bird-mixit+tweetynet
litgre1,Tachybaptus ruficollis,xc:82698,xc_82698,1,"[0.410895, 0.757894, 0.008098, 0.424722]",0.7579,0.7579,15.14,0.9944,0.8215,0.622596,21,46.2,46.49,0.29,2,0.17,0.4138,"[[46.2, 46.23], [46.35, 46.49]]",bird-mixit+tweetynet
litgre1,Tachybaptus ruficollis,xc:637845,xc_637845,0,"[0.86257, 0.0, 0.0, 0.0]",0.8626,0.8626,13.21,0.9833,0.7179,0.619296,4,3.12,4.91,1.79,1,1.79,0.0,"[[3.12, 4.91]]",bird-mixit+tweetynet
litgre1,Tachybaptus ruficollis,xc:773540,xc_773540,0,"[0.999967, 0.0, 0.0, 0.0]",1.0,1.0,11.86,0.9229,0.6114,0.611371,1,6.54,10.55,4.01,4,3.65,0.0898,"[[6.54, 9.55], [9.66, 10.02], [10.22, 10.38], [10.43, 10.55]]",bird-mixit+tweetynet
litgre1,Tachybaptus ruficollis,xc:436819,xc_436819,0,"[0.668224, 0.0, 0.0, 0.0]",0.6682,0.6682,17.14,0.9924,0.8916,0.595763,8,21.11,23.15,2.04,6,1.56,0.2353,"[[21.11, 21.24], [21.4, 21.53], [21.66, 21.98], [22.03, 22.34], [22.4, 22.88], [22.96, 23.15]]",bird-mixit+tweetynet
litgre1,Tachybaptus ruficollis,xc:697665,xc_697665,1,"[0.0, 0.940736, 0.0, 0.011065]",0.9407,0.9407,11.83,0.9926,0.6315,0.594015,8,13.12,13.35,0.23,1,0.23,0.0,"[[13.12, 13.35]]",bird-mixit+tweetynet
litgre1,Tachybaptus ruficollis,xc:280987,xc_280987,0,"[0.9432, 0.018083, 0.035791, 0.0]",0.9432,0.9432,12.69,0.8115,0.6265,0.590952,2,4.85,6.53,1.68,6,0.94,0.4405,"[[4.85, 4.91], [5.07, 5.22], [5.34, 5.38], [5.47, 5.53], [5.71, 5.83], [6.02, 6.53]]",bird-mixit+tweetynet
litgre1,Tachybaptus ruficollis,xc:436819,xc_436819,0,"[0.668224, 0.0, 0.0, 0.0]",0.6682,0.6682,17.48,0.9554,0.884,0.590712,9,23.75,24.29,0.54,1,0.54,0.0,"[[23.75, 24.29]]",bird-mixit+tweetynet
litgre1,Tachybaptus ruficollis,xc:518527,xc_518527,0,"[0.999879, 0.061689, 0.053402, 0.326012]",0.9999,0.9999,11.47,0.932,0.5879,0.587802,8,15.27,20.95,5.68,6,4.99,0.1215,"[[15.27, 15.36], [15.68, 15.99], [16.04, 20.48], [20.58, 20.65], [20.77, 20.8], [20.9, 20.95]]",bird-mixit+tweetynet
litgre1,Tachybaptus ruficollis,xc:142427,xc_142427,0,"[0.997976, 0.025783, 0.051268, 0.046308]",0.998,0.998,11.09,0.9669,0.5716,0.570458,3,6.5,14.45,7.95,10,7.14,0.1019,"[[6.5, 6.53], [6.65, 6.74], [6.79, 6.92], [7.02, 7.07], [7.14, 7.3], [7.35, 7.45], [7.51, 7.95], [8.04, 8.48], [8.65, 14.2], [14.3, 14.45]]",bird-mixit+tweetynet
litgre1,Tachybaptus ruficollis,xc:712583,xc_712583,1,"[0.996558, 0.955945, 0.881645, 0.981146]",0.9559,0.9966,11.31,0.9948,0.5957,0.569382,30,60.25,64.18,3.93,5,3.37,0.1425,"[[60.25, 60.36], [60.53, 63.15], [63.3, 63.35], [63.41, 63.93], [64.11, 64.18]]",bird-mixit+tweetynet
litgre1,Tachybaptus ruficollis,xc:991032,xc_991032,0,"[0.926077, 0.0, 0.0, 0.0]",0.9261,0.9261,11.57,0.9734,0.6078,0.562858,1,1.35,4.04,2.69,4,1.89,0.2974,"[[1.35, 1.53], [1.9, 2.03], [2.37, 3.91], [4.0, 4.04]]",bird-mixit+tweetynet
litgre1,Tachybaptus ruficollis,xc:484292,xc_484292,0,"[0.563091, 0.021187, 0.0, 0.0]",0.5631,0.5631,25.86,0.9999,0.9914,0.558275,1,15.74,16.41,0.67,2,0.3,0.5522,"[[15.74, 15.88], [16.25, 16.41]]",bird-mixit+tweetynet
litgre1,Tachybaptus ruficollis,xc:981199,xc_981199,0,"[0.987426, 0.0, 0.0, 0.0]",0.9874,0.9874,11.06,0.951,0.5646,0.557513,3,9.72,10.26,0.54,1,0.54,0.0,"[[9.72, 10.26]]",bird-mixit+tweetynet
litgre1,Tachybaptus ruficollis,xc:636136,xc_636136,0,"[0.999988, 0.0, 0.01078, 0.049279]",1.0,1.0,11.21,0.8847,0.5559,0.555876,1,1.52,6.75,5.23,4,4.43,0.153,"[[1.52, 1.96], [2.16, 2.23], [2.47, 2.53], [2.89, 6.75]]",bird-mixit+tweetynet
litgre1,Tachybaptus ruficollis,xc:280984,xc_280984,0,"[0.999982, 0.410264, 0.08541, 0.092664]",1.0,1.0,12.46,0.6073,0.5436,0.543552,0,0.5,4.35,3.85,3,3.7,0.039,"[[0.5, 1.55], [1.64, 1.82], [1.88, 4.35]]",bird-mixit+tweetynet
litgre1,Tachybaptus ruficollis,xc:722755,xc_722755,0,"[0.822303, 0.008647, 0.0, 0.0]",0.8223,0.8223,12.61,0.9212,0.6593,0.542156,3,23.58,25.57,1.99,1,1.99,0.0,"[[23.58, 25.57]]",bird-mixit+tweetynet
litgre1,Tachybaptus ruficollis,xc:773540,xc_773540,0,"[0.999967, 0.0, 0.0, 0.0]",1.0,1.0,10.65,0.9554,0.5364,0.536353,0,0.34,6.16,5.82,7,4.9,0.1581,"[[0.34, 0.45], [0.56, 0.6], [0.75, 0.85], [0.91, 0.94], [1.11, 1.18], [1.34, 5.71], [5.98, 6.16]]",bird-mixit+tweetynet
litgre1,Tachybaptus ruficollis,xc:688298,xc_688298,0,"[0.536762, 0.0, 0.0, 0.799877]",0.5368,0.7999,31.41,0.9989,0.9978,0.535632,4,17.91,18.42,0.51,2,0.41,0.1961,"[[17.91, 17.96], [18.06, 18.42]]",bird-mixit+tweetynet
litgre1,Tachybaptus ruficollis,xc:436819,xc_436819,0,"[0.668224, 0.0, 0.0, 0.0]",0.6682,0.6682,14.66,0.9886,0.7975,0.532892,7,19.68,20.42,0.74,3,0.37,0.5,"[[19.68, 19.8], [20.11, 20.26], [20.32, 20.42]]",bird-mixit+tweetynet
litgre1,Tachybaptus ruficollis,xc:835508,xc_835508,0,"[0.999067, 0.0, 0.0, 0.0]",0.9991,0.9991,11.23,0.7878,0.5285,0.528008,0,0.02,3.9,3.88,8,2.96,0.2371,"[[0.02, 0.07], [0.31, 0.37], [0.43, 0.48], [0.58, 0.78], [0.83, 0.89], [0.94, 3.31], [3.45, 3.57], [3.85, 3.9]]",bird-mixit+tweetynet
litgre1,Tachybaptus ruficollis,xc:688298,xc_688298,0,"[0.536762, 0.0, 0.0, 0.799877]",0.5368,0.7999,22.83,0.9999,0.9791,0.525578,1,8.06,12.14,4.08,8,3.67,0.1005,"[[8.06, 8.18], [8.23, 8.34], [8.39, 8.51], [8.56, 9.14], [9.22, 10.67], [10.73, 10.84], [10.9, 11.61], [11.67, 12.14]]",bird-mixit+tweetynet
lottit1,Aegithalos caudatus,xc:462475,xc_462475,1,"[0.997183, 0.99996, 0.998354, 0.999351]",1.0,1.0,44.66,1.0,1.0,0.999958,137,218.76,219.32,0.56,1,0.56,0.0,"[[218.76, 219.32]]",bird-mixit+tweetynet
lottit1,Aegithalos caudatus,xc:462475,xc_462475,1,"[0.997183, 0.99996, 0.998354, 0.999351]",1.0,1.0,42.03,1.0,0.9999,0.99992,4,6.79,8.16,1.37,4,1.02,0.2555,"[[6.79, 6.86], [7.01, 7.63], [7.73, 7.81], [7.91, 8.16]]",bird-mixit+tweetynet
lottit1,Aegithalos caudatus,xc:462475,xc_462475,1,"[0.997183, 0.99996, 0.998354, 0.999351]",1.0,1.0,40.32,1.0,0.9999,0.999866,29,44.77,45.57,0.8,3,0.39,0.5125,"[[44.77, 44.8], [45.03, 45.1], [45.28, 45.57]]",bird-mixit+tweetynet
lottit1,Aegithalos caudatus,xc:462475,xc_462475,1,"[0.997183, 0.99996, 0.998354, 0.999351]",1.0,1.0,38.93,1.0,0.9998,0.999816,22,34.72,35.09,0.37,1,0.37,0.0,"[[34.72, 35.09]]",bird-mixit+tweetynet
lottit1,Aegithalos caudatus,xc:462475,xc_462475,1,"[0.997183, 0.99996, 0.998354, 0.999351]",1.0,1.0,38.76,1.0,0.9998,0.9998,21,31.34,33.94,2.6,6,1.58,0.3923,"[[31.34, 31.74], [31.84, 31.9], [32.13, 32.5], [32.77, 33.2], [33.57, 33.65], [33.7, 33.94]]",bird-mixit+tweetynet
lottit1,Aegithalos caudatus,xc:715207,xc_715207,1,"[0.990986, 0.99981, 0.985381, 0.999252]",0.9998,0.9998,45.63,1.0,1.0,0.999774,4,6.32,9.77,3.45,6,2.85,0.1739,"[[6.32, 6.37], [6.64, 6.77], [6.84, 7.82], [7.94, 8.07], [8.14, 8.94], [9.01, 9.77]]",bird-mixit+tweetynet
lottit1,Aegithalos caudatus,xc:715207,xc_715207,1,"[0.990986, 0.99981, 0.985381, 0.999252]",0.9998,0.9998,43.73,1.0,1.0,0.999752,19,32.51,36.06,3.55,7,2.12,0.4028,"[[32.51, 32.64], [33.0, 33.11], [33.17, 33.49], [33.89, 33.93], [34.18, 34.69], [34.91, 35.65], [35.79, 36.06]]",bird-mixit+tweetynet
lottit1,Aegithalos caudatus,xc:715207,xc_715207,1,"[0.990986, 0.99981, 0.985381, 0.999252]",0.9998,0.9998,42.48,1.0,0.9999,0.999737,5,10.17,13.91,3.74,9,1.93,0.484,"[[10.17, 10.86], [11.25, 11.35], [11.7, 11.74], [11.96, 12.0], [12.15, 12.24], [12.37, 12.62], [12.94, 13.15], [13.32, 13.38], [13.46, 13.91]]",bird-mixit+tweetynet
lottit1,Aegithalos caudatus,xc:715207,xc_715207,1,"[0.990986, 0.99981, 0.985381, 0.999252]",0.9998,0.9998,38.69,1.0,0.9998,0.999615,23,41.74,45.34,3.6,5,3.19,0.1139,"[[41.74, 41.83], [41.93, 42.64], [42.84, 44.1], [44.16, 44.62], [44.67, 45.34]]",bird-mixit+tweetynet
lottit1,Aegithalos caudatus,xc:390251,xc_390251,0,"[0.999505, 0.998817, 0.761862, 0.91112]",0.9995,0.9995,39.38,0.9999,0.9998,0.999286,15,30.84,31.73,0.89,3,0.58,0.3483,"[[30.84, 31.12], [31.17, 31.26], [31.52, 31.73]]",bird-mixit+tweetynet
lottit1,Aegithalos caudatus,xc:759683,xc_759683,0,"[0.999318, 0.993714, 0.953219, 0.998095]",0.9993,0.9993,42.92,1.0,0.9999,0.999242,29,74.11,80.75,6.64,16,4.96,0.253,"[[74.11, 74.16], [74.24, 74.45], [74.53, 74.6], [74.68, 74.82], [75.0, 75.14], [75.25, 75.55], [75.71, 76.08], [76.17, 76.65], [76.76, 77.78], [77.89, 77.96], [78.05, 78.92], [79.02, 79.15], [79.23, 79.3], [79.39, 80.02], [80.22, 80.31], [80.43, 80.75]]",bird-mixit+tweetynet
lottit1,Aegithalos caudatus,xc:354434,xc_354434,0,"[0.999516, 0.991131, 0.270355, 0.992115]",0.9995,0.9995,39.69,0.9996,0.9997,0.999185,17,18.91,19.6,0.69,2,0.43,0.3768,"[[18.91, 19.1], [19.36, 19.6]]",bird-mixit+tweetynet
lottit1,Aegithalos caudatus,xc:702617,xc_702617,1,"[0.966639, 0.999956, 0.965995, 0.997341]",1.0,1.0,33.53,0.9999,0.9991,0.999116,4,21.43,24.43,3.0,7,2.2,0.2667,"[[21.43, 21.77], [22.01, 22.08], [22.27, 22.69], [22.79, 22.83], [22.92, 23.17], [23.26, 23.89], [23.98, 24.43]]",bird-mixit+tweetynet
lottit1,Aegithalos caudatus,xc:715207,xc_715207,1,"[0.990986, 0.99981, 0.985381, 0.999252]",0.9998,0.9998,34.76,0.9998,0.9993,0.999094,17,30.31,31.11,0.8,3,0.56,0.3,"[[30.31, 30.43], [30.61, 30.76], [30.82, 31.11]]",bird-mixit+tweetynet
lottit1,Aegithalos caudatus,xc:354434,xc_354434,0,"[0.999516, 0.991131, 0.270355, 0.992115]",0.9995,0.9995,40.73,0.9993,0.9995,0.999044,21,23.35,24.65,1.3,4,0.74,0.4308,"[[23.35, 23.53], [23.68, 23.88], [24.18, 24.43], [24.54, 24.65]]",bird-mixit+tweetynet
lottit1,Aegithalos caudatus,xc:354434,xc_354434,0,"[0.999516, 0.991131, 0.270355, 0.992115]",0.9995,0.9995,37.83,0.9994,0.9995,0.998967,9,9.31,10.23,0.92,4,0.45,0.5109,"[[9.31, 9.54], [9.64, 9.69], [9.85, 9.96], [10.17, 10.23]]",bird-mixit+tweetynet
lottit1,Aegithalos caudatus,xc:354434,xc_354434,0,"[0.999516, 0.991131, 0.270355, 0.992115]",0.9995,0.9995,37.94,0.9993,0.9994,0.998923,27,30.98,32.48,1.5,4,1.12,0.2533,"[[30.98, 31.3], [31.38, 31.41], [31.48, 31.53], [31.76, 32.48]]",bird-mixit+tweetynet
lottit1,Aegithalos caudatus,xc:354434,xc_354434,0,"[0.999516, 0.991131, 0.270355, 0.992115]",0.9995,0.9995,37.15,0.9994,0.9994,0.998921,0,0.98,1.58,0.6,2,0.41,0.3167,"[[0.98, 1.11], [1.3, 1.58]]",bird-mixit+tweetynet
lottit1,Aegithalos caudatus,xc:503776,xc_503776,1,"[0.997606, 0.999935, 0.998481, 0.996821]",0.9999,0.9999,33.13,0.9999,0.999,0.998893,31,94.48,95.33,0.85,4,0.46,0.4588,"[[94.48, 94.51], [94.68, 94.73], [94.85, 94.93], [95.03, 95.33]]",bird-mixit+tweetynet
lottit1,Aegithalos caudatus,xc:211482,xc_211482,0,"[0.999931, 0.987749, 0.109235, 0.639085]",0.9999,0.9999,33.32,0.9993,0.9987,0.998626,64,134.05,136.07,2.02,4,1.26,0.3762,"[[134.05, 135.17], [135.56, 135.61], [135.66, 135.71], [136.03, 136.07]]",bird-mixit+tweetynet
lottit1,Aegithalos caudatus,xc:863129,xc_863129,0,"[0.999909, 0.989064, 0.683782, 0.157928]",0.9999,0.9999,34.82,0.9986,0.9987,0.998607,10,24.31,25.5,1.19,4,0.65,0.4538,"[[24.31, 24.37], [24.42, 24.54], [24.69, 24.77], [25.11, 25.5]]",bird-mixit+tweetynet
lottit1,Aegithalos caudatus,xc:390251,xc_390251,0,"[0.999505, 0.998817, 0.761862, 0.91112]",0.9995,0.9995,33.47,1.0,0.9991,0.998606,9,16.16,19.58,3.42,9,1.85,0.4591,"[[16.16, 16.48], [16.66, 16.82], [16.91, 16.98], [17.34, 17.56], [17.87, 18.05], [18.16, 18.23], [18.38, 18.61], [18.78, 19.14], [19.34, 19.58]]",bird-mixit+tweetynet
lottit1,Aegithalos caudatus,xc:211482,xc_211482,0,"[0.999931, 0.987749, 0.109235, 0.639085]",0.9999,0.9999,32.59,0.9996,0.9987,0.998584,40,75.71,77.23,1.52,5,0.73,0.5197,"[[75.71, 75.76], [76.02, 76.07], [76.38, 76.84], [76.92, 76.95], [77.09, 77.23]]",bird-mixit+tweetynet
lottit1,Aegithalos caudatus,xc:217401,xc_217401,1,"[0.238843, 0.999645, 0.0, 0.0]",0.9996,0.9996,33.07,0.9998,0.9989,0.998508,19,30.77,32.32,1.55,4,0.75,0.5161,"[[30.77, 30.86], [31.11, 31.43], [31.7, 31.76], [32.04, 32.32]]",bird-mixit+tweetynet
lottit1,Aegithalos caudatus,xc:390251,xc_390251,0,"[0.999505, 0.998817, 0.761862, 0.91112]",0.9995,0.9995,33.33,0.9998,0.999,0.998499,21,49.76,50.68,0.92,3,0.47,0.4891,"[[49.76, 49.88], [49.93, 50.04], [50.44, 50.68]]",bird-mixit+tweetynet
lottit1,Aegithalos caudatus,xc:702617,xc_702617,1,"[0.966639, 0.999956, 0.965995, 0.997341]",1.0,1.0,31.67,0.9999,0.9985,0.998453,5,24.72,32.12,7.4,15,5.47,0.2608,"[[24.72, 24.91], [25.02, 25.06], [25.12, 25.4], [25.45, 25.92], [26.13, 26.71], [26.89, 27.11], [27.33, 28.21], [28.31, 28.61], [28.75, 29.06], [29.23, 30.28], [30.36, 30.42], [30.51, 30.77], [30.99, 31.06], [31.28, 31.81], [31.89, 32.12]]",bird-mixit+tweetynet
lottit1,Aegithalos caudatus,xc:759683,xc_759683,0,"[0.999318, 0.993714, 0.953219, 0.998095]",0.9993,0.9993,33.26,1.0,0.9991,0.998355,25,61.28,64.74,3.46,8,2.47,0.2861,"[[61.28, 62.0], [62.19, 62.23], [62.31, 62.34], [62.5, 62.75], [62.82, 62.86], [63.19, 63.27], [63.35, 63.38], [63.46, 64.74]]",bird-mixit+tweetynet
lottit1,Aegithalos caudatus,xc:42564,xc_42564,1,"[0.086342, 0.998902, 0.154427, 0.999655]",0.9989,0.9997,37.38,0.9992,0.9993,0.998206,21,59.79,62.51,2.72,6,1.92,0.2941,"[[59.79, 60.17], [60.28, 60.5], [60.65, 60.85], [61.08, 61.71], [61.76, 61.81], [62.07, 62.51]]",bird-mixit+tweetynet
lottit1,Aegithalos caudatus,xc:211482,xc_211482,0,"[0.999931, 0.987749, 0.109235, 0.639085]",0.9999,0.9999,31.93,0.9991,0.9982,0.998082,44,80.25,84.94,4.69,20,2.02,0.5693,"[[80.25, 80.57], [80.77, 81.14], [81.22, 81.26], [81.46, 81.51], [81.6, 81.65], [81.76, 81.85], [82.14, 82.18], [82.53, 82.58], [82.7, 82.75], [82.81, 82.96], [83.17, 83.22], [83.3, 83.42], [83.56, 83.62], [83.75, 83.79], [83.9, 84.04], [84.15, 84.23], [84.31, 84.37], [84.48, 84.54], [84.62, 84.77], [84.89, 84.94]]",bird-mixit+tweetynet
lottit1,Aegithalos caudatus,xc:666088,xc_666088,0,"[0.998056, 0.283728, 0.010003, 0.968319]",0.9981,0.9981,49.71,1.0,1.0,0.998079,3,2.55,5.16,2.61,8,1.41,0.4598,"[[2.55, 2.79], [2.88, 2.96], [3.26, 3.41], [3.63, 3.7], [3.76, 4.06], [4.16, 4.25], [4.51, 4.55], [4.72, 5.16]]",bird-mixit+tweetynet
lottit1,Aegithalos caudatus,xc:512118,xc_512118,0,"[0.999835, 0.79361, 0.112542, 0.366533]",0.9998,0.9998,31.65,0.9995,0.9983,0.998059,24,31.37,33.08,1.71,5,0.77,0.5497,"[[31.37, 31.43], [31.64, 31.82], [32.11, 32.45], [32.69, 32.74], [32.94, 33.08]]",bird-mixit+tweetynet
lottit1,Aegithalos caudatus,xc:666088,xc_666088,0,"[0.998056, 0.283728, 0.010003, 0.968319]",0.9981,0.9981,44.02,1.0,1.0,0.998054,10,19.92,24.03,4.11,11,3.13,0.2384,"[[19.92, 20.21], [20.3, 20.76], [21.05, 21.35], [21.42, 21.91], [22.0, 22.03], [22.08, 22.16], [22.21, 22.94], [23.0, 23.08], [23.14, 23.19], [23.32, 23.57], [23.66, 24.03]]",bird-mixit+tweetynet
lottit1,Aegithalos caudatus,xc:503776,xc_503776,1,"[0.997606, 0.999935, 0.998481, 0.996821]",0.9999,0.9999,31.07,0.9998,0.9981,0.997998,24,78.88,86.54,7.66,16,5.07,0.3381,"[[78.88, 78.97], [79.31, 79.59], [79.64, 80.33], [80.56, 81.86], [82.09, 82.15], [82.34, 82.41], [82.51, 82.62], [82.79, 82.99], [83.07, 83.37], [83.5, 84.76], [85.01, 85.04], [85.28, 85.53], [85.8, 85.86], [85.97, 86.0], [86.1, 86.15], [86.25, 86.54]]",bird-mixit+tweetynet
lottit1,Aegithalos caudatus,xc:621226,xc_621226,0,"[0.999946, 0.96039, 0.905695, 0.995524]",0.9999,0.9999,32.01,0.9988,0.998,0.997946,60,67.6,70.76,3.16,8,1.35,0.5728,"[[67.6, 67.93], [68.18, 68.27], [68.65, 68.71], [69.01, 69.08], [69.36, 69.45], [69.62, 69.76], [69.9, 70.41], [70.7, 70.76]]",bird-mixit+tweetynet
lottit1,Aegithalos caudatus,xc:863129,xc_863129,0,"[0.999909, 0.989064, 0.683782, 0.157928]",0.9999,0.9999,31.43,0.9993,0.998,0.997925,4,10.04,16.62,6.58,20,3.83,0.4179,"[[10.04, 10.37], [10.48, 10.53], [10.8, 11.22], [11.33, 11.4], [11.57, 11.68], [11.94, 12.0], [12.06, 12.25], [12.4, 12.92], [13.19, 13.29], [13.4, 13.84], [14.02, 14.26], [14.32, 14.65], [14.76, 14.83], [15.02, 15.1], [15.33, 15.78], [15.86, 15.92], [16.01, 16.05], [16.2, 16.27], [16.32, 16.38], [16.48, 16.62]]",bird-mixit+tweetynet
lottit1,Aegithalos caudatus,xc:424195,xc_424195,1,"[0.771267, 0.999443, 0.38056, 0.967382]",0.9994,0.9994,31.74,1.0,0.9985,0.997916,81,191.87,196.24,4.37,7,3.28,0.2494,"[[191.87, 192.3], [192.62, 193.68], [193.94, 194.27], [194.48, 194.78], [194.83, 195.22], [195.31, 195.5], [195.66, 196.24]]",bird-mixit+tweetynet
lottit1,Aegithalos caudatus,xc:42564,xc_42564,1,"[0.086342, 0.998902, 0.154427, 0.999655]",0.9989,0.9997,32.73,0.9998,0.9988,0.997687,16,45.42,53.39,7.97,12,6.92,0.1317,"[[45.42, 46.11], [46.27, 46.72], [46.78, 46.87], [47.03, 48.02], [48.07, 48.42], [48.47, 50.86], [50.94, 51.02], [51.21, 51.32], [51.38, 51.7], [51.79, 52.96], [53.03, 53.28], [53.36, 53.39]]",bird-mixit+tweetynet
lottit1,Aegithalos caudatus,xc:795001,xc_795001,0,"[0.999952, 0.928006, 0.024081, 0.0]",1.0,1.0,30.69,0.9993,0.9976,0.997621,1,2.11,3.32,1.21,5,0.75,0.3802,"[[2.11, 2.15], [2.2, 2.34], [2.54, 2.9], [2.95, 3.13], [3.29, 3.32]]",bird-mixit+tweetynet
lottit1,Aegithalos caudatus,xc:362371,xc_362371,3,"[0.085827, 0.962916, 0.00426, 0.998946]",0.9989,0.9989,33.27,0.9991,0.9986,0.997522,5,8.65,9.83,1.18,5,0.72,0.3898,"[[8.65, 8.74], [8.8, 8.93], [9.1, 9.23], [9.31, 9.58], [9.73, 9.83]]",bird-mixit+tweetynet
lottit1,Aegithalos caudatus,xc:835002,xc_835002,0,"[0.999275, 0.013493, 0.134995, 0.009995]",0.9993,0.9993,31.13,1.0,0.9982,0.997512,11,23.83,25.13,1.3,1,1.3,0.0,"[[23.83, 25.13]]",bird-mixit+tweetynet
lottit1,Aegithalos caudatus,xc:211482,xc_211482,0,"[0.999931, 0.987749, 0.109235, 0.639085]",0.9999,0.9999,30.29,0.9997,0.9976,0.997494,62,129.68,130.39,0.71,2,0.61,0.1408,"[[129.68, 129.75], [129.85, 130.39]]",bird-mixit+tweetynet
lottit1,Aegithalos caudatus,xc:759683,xc_759683,0,"[0.999318, 0.993714, 0.953219, 0.998095]",0.9993,0.9993,30.88,0.9999,0.998,0.99735,27,66.28,71.51,5.23,12,3.96,0.2428,"[[66.28, 66.54], [66.63, 67.33], [67.4, 67.5], [67.61, 67.85], [67.94, 68.1], [68.18, 68.55], [68.6, 69.26], [69.41, 69.79], [69.86, 70.71], [70.92, 70.98], [71.08, 71.11], [71.36, 71.51]]",bird-mixit+tweetynet
lottit1,Aegithalos caudatus,xc:211482,xc_211482,0,"[0.999931, 0.987749, 0.109235, 0.639085]",0.9999,0.9999,30.71,0.9988,0.9974,0.997308,63,130.82,133.56,2.74,12,1.58,0.4234,"[[130.82, 131.19], [131.26, 131.39], [131.48, 131.64], [131.72, 131.76], [131.91, 132.2], [132.27, 132.43], [132.5, 132.53], [132.71, 132.75], [132.84, 132.9], [133.01, 133.21], [133.36, 133.42], [133.52, 133.56]]",bird-mixit+tweetynet
lottit1,Aegithalos caudatus,xc:572460,xc_572460,1,"[0.988964, 0.997338, 0.636886, 0.124467]",0.9973,0.9973,50.4,0.9999,1.0,0.997259,14,38.49,43.71,5.22,6,3.92,0.249,"[[38.49, 39.0], [39.25, 39.31], [39.7, 41.28], [41.43, 41.6], [41.78, 42.62], [42.95, 43.71]]",bird-mixit+tweetynet
lottit1,Aegithalos caudatus,xc:572460,xc_572460,1,"[0.988964, 0.997338, 0.636886, 0.124467]",0.9973,0.9973,44.73,1.0,1.0,0.997252,35,111.47,112.29,0.82,1,0.82,0.0,"[[111.47, 112.29]]",bird-mixit+tweetynet
lottit1,Aegithalos caudatus,xc:572460,xc_572460,1,"[0.988964, 0.997338, 0.636886, 0.124467]",0.9973,0.9973,43.93,1.0,0.9999,0.997248,63,198.62,201.25,2.63,4,2.14,0.1863,"[[198.62, 199.18], [199.54, 199.69], [199.77, 200.37], [200.42, 201.25]]",bird-mixit+tweetynet
lottit1,Aegithalos caudatus,xc:572460,xc_572460,1,"[0.988964, 0.997338, 0.636886, 0.124467]",0.9973,0.9973,44.33,0.9999,0.9999,0.997214,15,44.12,45.41,1.29,2,1.12,0.1318,"[[44.12, 45.0], [45.17, 45.41]]",bird-mixit+tweetynet
lottit1,Aegithalos caudatus,xc:362371,xc_362371,3,"[0.085827, 0.962916, 0.00426, 0.998946]",0.9989,0.9989,31.85,0.9995,0.9983,0.997213,10,17.64,18.8,1.16,4,0.51,0.5603,"[[17.64, 17.86], [18.12, 18.24], [18.33, 18.42], [18.72, 18.8]]",bird-mixit+tweetynet
lottit1,Aegithalos caudatus,xc:28194,xc_28194,0,"[0.997264, 0.012788, 0.0, 0.0]",0.9973,0.9973,40.48,1.0,0.9999,0.997191,0,0.02,6.91,6.89,1,6.89,0.0,"[[0.02, 6.91]]",bird-mixit+tweetynet
lottit1,Aegithalos caudatus,xc:835002,xc_835002,0,"[0.999275, 0.013493, 0.134995, 0.009995]",0.9993,0.9993,30.55,0.9999,0.9979,0.997177,17,31.27,33.2,1.93,4,1.13,0.4145,"[[31.27, 31.36], [31.7, 31.81], [32.0, 32.08], [32.35, 33.2]]",bird-mixit+tweetynet
lottit1,Aegithalos caudatus,xc:572460,xc_572460,1,"[0.988964, 0.997338, 0.636886, 0.124467]",0.9973,0.9973,39.5,1.0,0.9998,0.997148,39,126.37,128.13,1.76,4,1.37,0.2216,"[[126.37, 126.44], [126.51, 127.05], [127.16, 127.76], [127.97, 128.13]]",bird-mixit+tweetynet
lottit1,Aegithalos caudatus,xc:835002,xc_835002,0,"[0.999275, 0.013493, 0.134995, 0.009995]",0.9993,0.9993,30.51,0.9999,0.9978,0.997141,8,16.2,17.72,1.52,1,1.52,0.0,"[[16.2, 17.72]]",bird-mixit+tweetynet
lottit1,Aegithalos caudatus,xc:499649,xc_499649,1,"[0.989814, 0.999517, 0.776801, 0.711117]",0.9995,0.9995,30.5,0.9995,0.9976,0.997122,104,173.68,177.84,4.16,12,2.58,0.3798,"[[173.68, 173.81], [174.03, 174.25], [174.38, 174.43], [174.6, 174.84], [174.94, 174.98], [175.05, 175.65], [175.79, 176.08], [176.42, 176.69], [176.84, 176.92], [177.03, 177.17], [177.24, 177.63], [177.71, 177.84]]",bird-mixit+tweetynet
lottit1,Aegithalos caudatus,xc:666088,xc_666088,0,"[0.998056, 0.283728, 0.010003, 0.968319]",0.9981,0.9981,33.53,0.9997,0.999,0.997103,8,10.56,17.36,6.8,17,4.39,0.3544,"[[10.56, 10.61], [10.69, 10.78], [11.0, 11.05], [11.11, 11.25], [11.55, 11.66], [11.75, 11.86], [12.05, 12.41], [12.46, 12.76], [12.87, 12.95], [13.11, 13.15], [13.28, 13.51], [13.62, 14.05], [14.24, 14.56], [14.8, 15.0], [15.27, 16.24], [16.4, 16.62], [16.67, 17.36]]",bird-mixit+tweetynet
lottit1,Aegithalos caudatus,xc:339778,xc_339778,1,"[0.99403, 0.999276, 0.3044, 0.870907]",0.9993,0.9993,30.36,0.9999,0.9977,0.997039,5,20.56,24.21,3.65,8,2.68,0.2658,"[[20.56, 21.07], [21.16, 21.32], [21.65, 22.14], [22.28, 22.5], [22.57, 22.65], [22.86, 23.42], [23.49, 23.84], [23.9, 24.21]]",bird-mixit+tweetynet
lottit1,Aegithalos caudatus,xc:463643,xc_463643,0,"[0.997538, 0.969801, 0.970599, 0.747228]",0.9975,0.9975,39.39,0.9994,0.9995,0.997029,9,35.07,40.6,5.53,18,3.43,0.3797,"[[35.07, 35.14], [35.21, 35.27], [35.39, 35.59], [35.84, 35.94], [36.03, 36.36], [36.41, 36.54], [36.61, 36.83], [36.93, 37.04], [37.1, 37.23], [37.53, 37.58], [37.9, 37.95], [38.14, 38.35], [38.41, 38.72], [38.81, 38.99], [39.11, 39.85], [39.93, 40.19], [40.27, 40.42], [40.47, 40.6]]",bird-mixit+tweetynet
lottit1,Aegithalos caudatus,xc:666088,xc_666088,0,"[0.998056, 0.283728, 0.010003, 0.968319]",0.9981,0.9981,32.57,0.9996,0.9987,0.996767,9,17.97,19.23,1.26,3,1.12,0.1111,"[[17.97, 18.0], [18.08, 19.14], [19.2, 19.23]]",bird-mixit+tweetynet
lottit1,Aegithalos caudatus,xc:499649,xc_499649,1,"[0.989814, 0.999517, 0.776801, 0.711117]",0.9995,0.9995,29.89,0.9996,0.9973,0.996757,14,40.1,41.28,1.18,3,0.79,0.3305,"[[40.1, 40.54], [40.84, 41.11], [41.2, 41.28]]",bird-mixit+tweetynet
lottit1,Aegithalos caudatus,xc:488618,xc_488618,1,"[0.925675, 0.998728, 0.917972, 0.95742]",0.9987,0.9987,31.75,0.9989,0.998,0.996668,7,32.71,35.84,3.13,7,2.64,0.1565,"[[32.71, 32.89], [32.98, 33.1], [33.16, 33.41], [33.49, 33.93], [34.04, 34.73], [34.83, 35.12], [35.17, 35.84]]",bird-mixit+tweetynet
lottit1,Aegithalos caudatus,xc:728604,xc_728604,1,"[0.995272, 0.997578, 0.334381, 0.976687]",0.9976,0.9976,33.2,1.0,0.999,0.996651,1,4.61,9.52,4.91,2,4.82,0.0183,"[[4.61, 9.36], [9.45, 9.52]]",bird-mixit+tweetynet
lottit1,Aegithalos caudatus,xc:666088,xc_666088,0,"[0.998056, 0.283728, 0.010003, 0.968319]",0.9981,0.9981,31.6,0.9999,0.9984,0.996547,1,0.89,1.25,0.36,2,0.28,0.2222,"[[0.89, 1.0], [1.08, 1.25]]",bird-mixit+tweetynet
lottit1,Aegithalos caudatus,xc:728604,xc_728604,1,"[0.995272, 0.997578, 0.334381, 0.976687]",0.9976,0.9976,32.82,1.0,0.9989,0.996525,3,13.14,15.17,2.03,2,1.97,0.0296,"[[13.14, 14.89], [14.95, 15.17]]",bird-mixit+tweetynet
lottit1,Aegithalos caudatus,xc:503776,xc_503776,1,"[0.997606, 0.999935, 0.998481, 0.996821]",0.9999,0.9999,28.87,0.9999,0.9965,0.996362,13,48.01,50.06,2.05,5,1.52,0.2585,"[[48.01, 48.41], [48.61, 48.72], [48.88, 49.0], [49.09, 49.74], [49.82, 50.06]]",bird-mixit+tweetynet
lottit1,Aegithalos caudatus,xc:621226,xc_621226,0,"[0.999946, 0.96039, 0.905695, 0.995524]",0.9999,0.9999,29.43,0.9988,0.9964,0.99635,62,74.79,75.6,0.81,2,0.51,0.3704,"[[74.79, 74.83], [75.13, 75.6]]",bird-mixit+tweetynet
lottit1,Aegithalos caudatus,xc:835002,xc_835002,0,"[0.999275, 0.013493, 0.134995, 0.009995]",0.9993,0.9993,29.38,0.9999,0.997,0.996284,24,45.38,47.09,1.71,4,1.17,0.3158,"[[45.38, 46.03], [46.11, 46.51], [46.75, 46.84], [47.06, 47.09]]",bird-mixit+tweetynet
lottit1,Aegithalos caudatus,xc:728604,xc_728604,1,"[0.995272, 0.997578, 0.334381, 0.976687]",0.9976,0.9976,31.68,1.0,0.9985,0.996095,2,9.66,12.99,3.33,2,3.26,0.021,"[[9.66, 11.93], [12.0, 12.99]]",bird-mixit+tweetynet
lottit1,Aegithalos caudatus,xc:702617,xc_702617,1,"[0.966639, 0.999956, 0.965995, 0.997341]",1.0,1.0,28.49,0.9999,0.9961,0.996081,2,10.17,15.55,5.38,12,3.85,0.2844,"[[10.17, 10.39], [10.55, 10.96], [11.02, 11.31], [11.51, 12.02], [12.17, 12.52], [12.59, 12.64], [12.92, 13.31], [13.41, 13.57], [13.78, 14.67], [14.74, 14.94], [15.09, 15.42], [15.5, 15.55]]",bird-mixit+tweetynet
lottit1,Aegithalos caudatus,xc:795001,xc_795001,0,"[0.999952, 0.928006, 0.024081, 0.0]",1.0,1.0,28.61,0.9994,0.996,0.995951,0,0.25,1.04,0.79,2,0.51,0.3544,"[[0.25, 0.43], [0.71, 1.04]]",bird-mixit+tweetynet
lottit1,Aegithalos caudatus,xc:845036,xc_845036,1,"[0.979572, 0.996636, 0.250619, 0.298941]",0.9966,0.9966,37.23,0.9992,0.9993,0.99591,31,47.22,49.99,2.77,10,1.16,0.5812,"[[47.22, 47.6], [47.82, 47.86], [48.16, 48.27], [48.54, 48.59], [48.67, 48.74], [48.81, 49.01], [49.21, 49.3], [49.52, 49.63], [49.72, 49.78], [49.94, 49.99]]",bird-mixit+tweetynet
lottit1,Aegithalos caudatus,xc:424195,xc_424195,1,"[0.771267, 0.999443, 0.38056, 0.967382]",0.9994,0.9994,28.88,0.9999,0.9965,0.99591,79,185.91,188.55,2.64,3,2.17,0.178,"[[185.91, 186.41], [186.53, 187.43], [187.78, 188.55]]",bird-mixit+tweetynet
lottit1,Aegithalos caudatus,xc:424195,xc_424195,1,"[0.771267, 0.999443, 0.38056, 0.967382]",0.9994,0.9994,28.89,0.9998,0.9965,0.995856,53,137.28,141.27,3.99,8,3.34,0.1629,"[[137.28, 138.03], [138.17, 138.4], [138.5, 139.07], [139.13, 139.17], [139.24, 139.32], [139.44, 140.51], [140.6, 140.67], [140.74, 141.27]]",bird-mixit+tweetynet
lottit1,Aegithalos caudatus,xc:863129,xc_863129,0,"[0.999909, 0.989064, 0.683782, 0.157928]",0.9999,0.9999,29.43,0.9978,0.996,0.995855,6,19.32,19.86,0.54,2,0.48,0.1111,"[[19.32, 19.41], [19.47, 19.86]]",bird-mixit+tweetynet
lottit1,Aegithalos caudatus,xc:390251,xc_390251,0,"[0.999505, 0.998817, 0.761862, 0.91112]",0.9995,0.9995,28.69,0.9999,0.9963,0.995805,5,4.8,8.01,3.21,8,1.64,0.4891,"[[4.8, 4.95], [5.17, 5.4], [5.54, 5.9], [6.0, 6.04], [6.43, 6.61], [6.9, 7.18], [7.33, 7.49], [7.77, 8.01]]",bird-mixit+tweetynet
lottit1,Aegithalos caudatus,xc:390251,xc_390251,0,"[0.999505, 0.998817, 0.761862, 0.91112]",0.9995,0.9995,28.63,0.9999,0.9962,0.995746,6,8.57,11.73,3.16,9,1.77,0.4399,"[[8.57, 8.63], [8.92, 8.98], [9.34, 9.55], [9.61, 9.73], [9.82, 9.86], [9.93, 10.41], [10.49, 10.57], [10.9, 11.23], [11.34, 11.73]]",bird-mixit+tweetynet
lottit1,Aegithalos caudatus,xc:499649,xc_499649,1,"[0.989814, 0.999517, 0.776801, 0.711117]",0.9995,0.9995,28.68,0.9997,0.9962,0.995681,29,69.15,70.03,0.88,3,0.44,0.5,"[[69.15, 69.48], [69.57, 69.62], [69.97, 70.03]]",bird-mixit+tweetynet
mallar3,Anas platyrhynchos,xc:980208,xc_980208,0,"[0.908508, 0.050089, 0.003615, 0.014127]",0.9085,0.9085,19.95,0.9317,0.9193,0.835216,5,5.1,12.45,7.35,14,4.63,0.3701,"[[5.1, 5.38], [5.66, 5.95], [6.16, 6.47], [6.68, 7.0], [7.21, 7.51], [7.69, 8.04], [8.18, 8.49], [8.71, 9.06], [9.25, 9.61], [9.84, 10.18], [10.39, 10.75], [10.94, 11.33], [11.5, 11.84], [12.12, 12.45]]",bird-mixit+tweetynet
mallar3,Anas platyrhynchos,xc:980208,xc_980208,0,"[0.908508, 0.050089, 0.003615, 0.014127]",0.9085,0.9085,19.27,0.8774,0.8839,0.803066,6,12.74,13.22,0.48,2,0.38,0.2083,"[[12.74, 13.07], [13.17, 13.22]]",bird-mixit+tweetynet
mallar3,Anas platyrhynchos,xc:971975,xc_971975,1,"[0.979047, 0.939631, 0.260391, 0.874276]",0.9396,0.979,17.49,0.8893,0.8543,0.802671,2,8.42,9.77,1.35,3,1.0,0.2593,"[[8.42, 8.85], [9.04, 9.26], [9.42, 9.77]]",bird-mixit+tweetynet
mallar3,Anas platyrhynchos,xc:396538,xc_396538,0,"[0.939577, 0.013673, 0.346193, 0.030858]",0.9396,0.9396,26.56,0.6145,0.8017,0.753251,174,274.5,276.08,1.58,2,1.34,0.1519,"[[274.5, 275.25], [275.49, 276.08]]",bird-mixit+tweetynet
mallar3,Anas platyrhynchos,xc:396538,xc_396538,0,"[0.939577, 0.013673, 0.346193, 0.030858]",0.9396,0.9396,23.17,0.6301,0.7997,0.751378,166,259.68,261.11,1.43,2,1.17,0.1818,"[[259.68, 260.25], [260.51, 261.11]]",bird-mixit+tweetynet
mallar3,Anas platyrhynchos,xc:396538,xc_396538,0,"[0.939577, 0.013673, 0.346193, 0.030858]",0.9396,0.9396,26.33,0.6079,0.798,0.749824,199,328.32,333.41,5.09,6,3.81,0.2515,"[[328.32, 328.92], [329.12, 329.91], [330.01, 330.69], [330.97, 331.58], [331.94, 332.56], [332.9, 333.41]]",bird-mixit+tweetynet
mallar3,Anas platyrhynchos,xc:396538,xc_396538,0,"[0.939577, 0.013673, 0.346193, 0.030858]",0.9396,0.9396,23.12,0.6263,0.7976,0.749388,232,388.63,389.95,1.32,2,1.14,0.1364,"[[388.63, 389.22], [389.4, 389.95]]",bird-mixit+tweetynet
mallar3,Anas platyrhynchos,xc:396538,xc_396538,0,"[0.939577, 0.013673, 0.346193, 0.030858]",0.9396,0.9396,21.23,0.6441,0.7947,0.746694,138,223.34,223.88,0.54,1,0.54,0.0,"[[223.34, 223.88]]",bird-mixit+tweetynet
mallar3,Anas platyrhynchos,xc:980981,xc_980981,0,"[0.988667, 0.004261, 0.051351, 0.021239]",0.9887,0.9887,18.49,0.6279,0.7548,0.746253,6,9.23,16.67,7.44,14,4.84,0.3495,"[[9.23, 9.55], [9.66, 10.15], [10.37, 10.64], [10.79, 11.37], [11.54, 11.84], [12.04, 12.44], [12.52, 12.76], [12.98, 13.3], [13.46, 13.73], [14.0, 14.28], [14.56, 14.9], [15.15, 15.45], [15.72, 16.09], [16.31, 16.67]]",bird-mixit+tweetynet
mallar3,Anas platyrhynchos,xc:879568,xc_879568,0,"[0.809644, 0.0, 0.0, 0.01245]",0.8096,0.8096,20.92,0.9091,0.9198,0.74468,0,0.02,5.22,5.2,8,4.13,0.2058,"[[0.02, 0.45], [0.81, 1.26], [1.41, 2.02], [2.12, 2.74], [2.81, 3.79], [3.87, 4.45], [4.65, 4.69], [4.8, 5.22]]",bird-mixit+tweetynet
mallar3,Anas platyrhynchos,xc:881951,xc_881951,0,"[0.890776, 0.0, 0.0, 0.748245]",0.8908,0.8908,26.2,0.662,0.8246,0.734576,2,6.85,13.01,6.16,17,3.72,0.3961,"[[6.85, 7.24], [7.3, 7.66], [7.84, 7.93], [8.01, 8.05], [8.26, 8.4], [8.53, 8.65], [8.95, 9.04], [9.22, 9.62], [9.85, 9.98], [10.16, 10.48], [10.61, 10.71], [10.83, 10.95], [11.05, 11.13], [11.22, 11.35], [11.42, 11.84], [12.11, 12.69], [12.8, 13.01]]",bird-mixit+tweetynet
mallar3,Anas platyrhynchos,xc:633453,xc_633453,0,"[0.955383, 0.919392, 0.00657, 0.0]",0.9554,0.9554,16.8,0.6567,0.733,0.700345,4,5.95,6.94,0.99,4,0.45,0.5455,"[[5.95, 6.23], [6.34, 6.4], [6.62, 6.69], [6.9, 6.94]]",bird-mixit+tweetynet
mallar3,Anas platyrhynchos,xc:470969,xc_470969,0,"[0.892073, 0.590304, 0.00922, 0.255596]",0.8921,0.8921,28.95,0.4849,0.7399,0.660104,4,9.61,14.83,5.22,15,3.23,0.3812,"[[9.61, 9.99], [10.05, 10.69], [10.79, 11.09], [11.14, 11.55], [11.61, 11.64], [11.7, 12.2], [12.38, 12.52], [12.66, 12.8], [12.97, 13.02], [13.2, 13.3], [13.52, 13.62], [13.77, 13.97], [14.06, 14.1], [14.46, 14.53], [14.7, 14.83]]",bird-mixit+tweetynet
mallar3,Anas platyrhynchos,xc:895050,xc_895050,0,"[0.988111, 0.036134, 0.010755, 0.058528]",0.9881,0.9881,18.38,0.4398,0.6659,0.658023,0,0.08,6.35,6.27,15,4.82,0.2313,"[[0.08, 0.3], [0.45, 0.8], [0.91, 1.34], [1.48, 1.51], [1.59, 1.67], [1.74, 2.09], [2.16, 2.31], [2.38, 2.83], [2.91, 3.04], [3.22, 3.71], [3.96, 4.5], [4.57, 4.81], [4.86, 5.28], [5.34, 5.43], [5.5, 6.35]]",bird-mixit+tweetynet
mallar3,Anas platyrhynchos,xc:980981,xc_980981,0,"[0.988667, 0.004261, 0.051351, 0.021239]",0.9887,0.9887,15.85,0.5206,0.6482,0.640849,7,16.96,17.84,0.88,2,0.61,0.3068,"[[16.96, 17.29], [17.56, 17.84]]",bird-mixit+tweetynet
mallar3,Anas platyrhynchos,xc:237222,xc_237222,0,"[0.942475, 0.008166, 0.0, 0.0]",0.9425,0.9425,22.19,0.3948,0.6798,0.640729,1,0.63,3.97,3.34,9,1.72,0.485,"[[0.63, 0.81], [1.16, 1.44], [1.7, 1.76], [1.85, 2.06], [2.26, 2.34], [2.42, 2.56], [2.74, 3.2], [3.31, 3.46], [3.81, 3.97]]",bird-mixit+tweetynet
mallar3,Anas platyrhynchos,xc:984931,xc_984931,0,"[0.91, 0.0, 0.0, 0.019329]",0.91,0.91,15.75,0.6547,0.7024,0.639173,0,0.1,3.41,3.31,6,2.59,0.2175,"[[0.1, 0.67], [0.74, 1.25], [1.38, 1.79], [1.97, 2.36], [2.56, 3.09], [3.23, 3.41]]",bird-mixit+tweetynet
mallar3,Anas platyrhynchos,xc:706430,xc_706430,0,"[0.921642, 0.0, 0.00255, 0.0]",0.9216,0.9216,27.12,0.3902,0.691,0.636842,4,4.57,12.02,7.45,21,3.15,0.5772,"[[4.57, 4.69], [4.88, 4.94], [5.18, 5.24], [5.51, 5.56], [5.73, 5.84], [6.23, 6.27], [6.44, 6.53], [6.75, 6.8], [7.09, 7.14], [7.36, 7.41], [7.64, 7.75], [7.88, 8.01], [8.28, 8.41], [8.55, 8.61], [8.84, 8.93], [9.09, 9.37], [9.46, 9.92], [10.06, 10.34], [10.54, 10.84], [11.07, 11.37], [11.69, 12.02]]",bird-mixit+tweetynet
mallar3,Anas platyrhynchos,xc:980981,xc_980981,0,"[0.988667, 0.004261, 0.051351, 0.021239]",0.9887,0.9887,16.29,0.4808,0.6429,0.635643,8,18.15,19.6,1.45,3,0.93,0.3586,"[[18.15, 18.48], [18.74, 19.04], [19.3, 19.6]]",bird-mixit+tweetynet
mallar3,Anas platyrhynchos,xc:980208,xc_980208,0,"[0.908508, 0.050089, 0.003615, 0.014127]",0.9085,0.9085,13.21,0.9044,0.6891,0.626026,7,13.84,14.07,0.23,1,0.23,0.0,"[[13.84, 14.07]]",bird-mixit+tweetynet
mallar3,Anas platyrhynchos,xc:846028,xc_846028,0,"[0.992025, 0.0, 0.008616, 0.0]",0.992,0.992,19.44,0.3318,0.6289,0.623867,0,0.65,8.48,7.83,13,6.1,0.2209,"[[0.65, 0.92], [1.13, 2.07], [2.15, 2.57], [2.66, 3.04], [3.16, 3.53], [3.65, 4.1], [4.21, 4.62], [4.71, 5.24], [5.35, 5.8], [5.96, 6.42], [6.66, 7.15], [7.34, 7.83], [8.04, 8.48]]",bird-mixit+tweetynet
mallar3,Anas platyrhynchos,xc:860616,xc_860616,1,"[0.006786, 0.9394, 0.045963, 0.045584]",0.9394,0.9394,13.29,0.8108,0.6595,0.619556,5,12.12,12.72,0.6,1,0.6,0.0,"[[12.12, 12.72]]",bird-mixit+tweetynet
mallar3,Anas platyrhynchos,xc:717926,xc_717926,0,"[0.932478, 0.031779, 0.0, 0.0]",0.9325,0.9325,16.01,0.5217,0.6531,0.609027,4,6.57,12.29,5.72,11,3.35,0.4143,"[[6.57, 6.66], [6.97, 7.15], [7.21, 7.24], [7.43, 7.61], [7.89, 8.06], [8.35, 8.64], [8.85, 9.06], [9.28, 9.53], [9.81, 10.56], [10.81, 11.13], [11.41, 12.29]]",bird-mixit+tweetynet
mallar3,Anas platyrhynchos,xc:625404,xc_625404,0,"[0.970774, 0.0, 0.0, 0.921246]",0.9708,0.9708,14.85,0.5434,0.6258,0.607562,1,7.16,8.61,1.45,3,0.71,0.5103,"[[7.16, 7.39], [7.75, 8.02], [8.4, 8.61]]",bird-mixit+tweetynet
mallar3,Anas platyrhynchos,xc:698287,xc_698287,0,"[0.982923, 0.309842, 0.125003, 0.178116]",0.9829,0.9829,19.87,0.299,0.6176,0.607004,26,33.88,38.5,4.62,12,2.91,0.3701,"[[33.88, 33.98], [34.04, 34.35], [34.58, 34.82], [34.87, 35.13], [35.45, 35.85], [36.2, 36.41], [36.47, 36.69], [36.82, 37.09], [37.2, 37.7], [37.82, 37.9], [37.95, 38.16], [38.39, 38.5]]",bird-mixit+tweetynet
mallar3,Anas platyrhynchos,xc:860616,xc_860616,1,"[0.006786, 0.9394, 0.045963, 0.045584]",0.9394,0.9394,15.03,0.5264,0.6248,0.586969,1,0.77,5.31,4.54,6,3.66,0.1938,"[[0.77, 0.85], [1.05, 2.02], [2.09, 2.75], [2.8, 2.87], [3.04, 4.56], [4.95, 5.31]]",bird-mixit+tweetynet
mallar3,Anas platyrhynchos,xc:971975,xc_971975,1,"[0.979047, 0.939631, 0.260391, 0.874276]",0.9396,0.979,13.52,0.6599,0.6159,0.578741,1,1.13,8.06,6.93,14,4.98,0.2814,"[[1.13, 1.56], [1.84, 2.28], [2.55, 3.1], [3.18, 3.28], [3.5, 3.87], [4.1, 4.23], [4.28, 4.65], [4.76, 4.88], [4.97, 5.69], [5.91, 6.31], [6.38, 6.53], [6.64, 7.25], [7.34, 7.4], [7.53, 8.06]]",bird-mixit+tweetynet
mallar3,Anas platyrhynchos,xc:698287,xc_698287,0,"[0.982923, 0.309842, 0.125003, 0.178116]",0.9829,0.9829,14.53,0.4739,0.5862,0.5762,1,5.04,9.13,4.09,8,2.76,0.3252,"[[5.04, 5.45], [5.6, 5.7], [5.81, 6.14], [6.51, 6.98], [7.15, 7.2], [7.27, 7.93], [8.07, 8.5], [8.82, 9.13]]",bird-mixit+tweetynet
mallar3,Anas platyrhynchos,xc:980208,xc_980208,0,"[0.908508, 0.050089, 0.003615, 0.014127]",0.9085,0.9085,11.95,0.9544,0.6278,0.570383,4,4.57,4.8,0.23,1,0.23,0.0,"[[4.57, 4.8]]",bird-mixit+tweetynet
mallar3,Anas platyrhynchos,xc:881951,xc_881951,0,"[0.890776, 0.0, 0.0, 0.748245]",0.8908,0.8908,26.02,0.2831,0.6363,0.566829,0,1.08,5.67,4.59,11,2.91,0.366,"[[1.08, 1.13], [1.3, 1.37], [1.44, 2.22], [2.28, 2.61], [2.93, 2.97], [3.27, 3.61], [4.0, 4.09], [4.17, 4.56], [4.63, 4.93], [4.99, 5.22], [5.38, 5.67]]",bird-mixit+tweetynet
mallar3,Anas platyrhynchos,xc:633453,xc_633453,0,"[0.955383, 0.919392, 0.00657, 0.0]",0.9554,0.9554,12.78,0.6829,0.5868,0.560644,0,1.14,1.44,0.3,1,0.3,0.0,"[[1.14, 1.44]]",bird-mixit+tweetynet
mallar3,Anas platyrhynchos,xc:196990,xc_196990,0,"[0.971256, 0.046761, 0.208223, 0.08843]",0.9713,0.9713,12.66,0.6672,0.5749,0.558397,7,21.03,21.51,0.48,2,0.42,0.125,"[[21.03, 21.37], [21.43, 21.51]]",bird-mixit+tweetynet
mallar3,Anas platyrhynchos,xc:698287,xc_698287,0,"[0.982923, 0.309842, 0.125003, 0.178116]",0.9829,0.9829,12.66,0.6466,0.5676,0.557862,0,0.07,4.57,4.5,9,2.8,0.3778,"[[0.07, 0.32], [0.49, 0.73], [0.96, 1.27], [1.43, 1.68], [1.75, 2.11], [2.3, 2.61], [2.9, 3.29], [3.52, 3.8], [4.16, 4.57]]",bird-mixit+tweetynet
mallar3,Anas platyrhynchos,xc:131689,xc_131689,0,"[0.776939, 0.0, 0.0, 0.0]",0.7769,0.7769,18.24,0.5502,0.7147,0.555243,5,25.89,31.39,5.5,14,3.33,0.3945,"[[25.89, 26.0], [26.05, 26.57], [26.77, 27.05], [27.1, 27.16], [27.34, 27.61], [27.83, 28.15], [28.25, 28.52], [28.82, 29.05], [29.35, 29.67], [29.72, 29.8], [29.94, 30.18], [30.24, 30.32], [30.49, 30.8], [31.15, 31.39]]",bird-mixit+tweetynet
mallar3,Anas platyrhynchos,xc:980981,xc_980981,0,"[0.988667, 0.004261, 0.051351, 0.021239]",0.9887,0.9887,12.15,0.6795,0.5506,0.544369,10,21.15,21.97,0.82,2,0.52,0.3659,"[[21.15, 21.41], [21.71, 21.97]]",bird-mixit+tweetynet
mallar3,Anas platyrhynchos,xc:603723,xc_603723,0,"[0.996145, 0.003345, 0.034956, 0.749356]",0.9961,0.9961,18.63,0.1743,0.5461,0.544002,0,0.05,3.88,3.83,9,2.96,0.2272,"[[0.05, 0.42], [0.55, 0.62], [0.72, 1.25], [1.35, 2.31], [2.37, 2.58], [2.66, 2.82], [2.91, 3.35], [3.51, 3.6], [3.75, 3.88]]",bird-mixit+tweetynet
mallar3,Anas platyrhynchos,xc:1024361,xc_1024361,0,"[0.960219, 0.0, 0.062343, 0.852424]",0.9602,0.9602,13.63,0.5128,0.5658,0.543303,16,30.64,38.22,7.58,12,5.21,0.3127,"[[30.64, 31.0], [31.25, 31.65], [31.87, 32.22], [32.49, 33.03], [33.12, 33.52], [33.73, 34.16], [34.39, 34.81], [35.02, 35.48], [35.67, 36.12], [36.37, 36.84], [37.07, 37.54], [37.76, 38.22]]",bird-mixit+tweetynet
mallar3,Anas platyrhynchos,xc:542418,xc_542418,0,"[0.914516, 0.0, 0.0, 0.075308]",0.9145,0.9145,29.81,0.1845,0.5907,0.540208,25,24.48,25.57,1.09,3,0.84,0.2294,"[[24.48, 24.88], [25.08, 25.18], [25.23, 25.57]]",bird-mixit+tweetynet
mallar3,Anas platyrhynchos,xc:357091,xc_357091,0,"[0.98089, 0.0, 0.0, 0.0]",0.9809,0.9809,25.83,0.0955,0.5431,0.532699,6,12.55,14.36,1.81,4,1.56,0.1381,"[[12.55, 12.62], [12.75, 13.44], [13.51, 13.67], [13.72, 14.36]]",bird-mixit+tweetynet
mallar3,Anas platyrhynchos,xc:541821,xc_541821,1,"[0.933389, 0.965353, 0.0, 0.011316]",0.9654,0.9654,13.94,0.438,0.5501,0.53109,2,4.78,8.12,3.34,6,2.03,0.3922,"[[4.78, 5.14], [5.36, 5.74], [6.08, 6.45], [6.71, 7.08], [7.34, 7.69], [7.92, 8.12]]",bird-mixit+tweetynet
mallar3,Anas platyrhynchos,xc:237222,xc_237222,0,"[0.942475, 0.008166, 0.0, 0.0]",0.9425,0.9425,23.58,0.1359,0.5584,0.526324,2,4.32,10.36,6.04,13,3.75,0.3791,"[[4.32, 4.6], [4.83, 5.0], [5.17, 5.53], [5.77, 6.07], [6.37, 6.72], [6.8, 6.94], [7.01, 7.29], [7.39, 7.51], [7.64, 7.95], [8.08, 8.52], [8.69, 9.13], [9.48, 9.78], [10.1, 10.36]]",bird-mixit+tweetynet
mallar3,Anas platyrhynchos,xc:542418,xc_542418,0,"[0.914516, 0.0, 0.0, 0.075308]",0.9145,0.9145,33.05,0.1456,0.5722,0.523301,0,0.02,0.16,0.14,1,0.14,0.0,"[[0.02, 0.16]]",bird-mixit+tweetynet
mallar3,Anas platyrhynchos,xc:717927,xc_717927,0,"[0.971398, 0.784548, 0.0, 0.032025]",0.9714,0.9714,21.78,0.1025,0.5356,0.520312,25,22.83,28.04,5.21,9,2.94,0.4357,"[[22.83, 22.95], [23.34, 23.5], [23.9, 24.13], [24.39, 24.43], [24.5, 24.73], [25.07, 25.97], [26.19, 26.71], [27.07, 27.52], [27.75, 28.04]]",bird-mixit+tweetynet
mallar3,Anas platyrhynchos,xc:541821,xc_541821,1,"[0.933389, 0.965353, 0.0, 0.011316]",0.9654,0.9654,14.21,0.3701,0.534,0.515491,0,0.29,1.6,1.31,1,1.31,0.0,"[[0.29, 1.6]]",bird-mixit+tweetynet
mallar3,Anas platyrhynchos,xc:839691,xc_839691,0,"[0.996688, 0.078011, 0.115442, 0.005498]",0.9967,0.9967,17.25,0.1488,0.5158,0.514086,2,4.98,5.95,0.97,2,0.75,0.2268,"[[4.98, 5.41], [5.63, 5.95]]",bird-mixit+tweetynet
mallar3,Anas platyrhynchos,xc:603723,xc_603723,0,"[0.996145, 0.003345, 0.034956, 0.749356]",0.9961,0.9961,18.5,0.1071,0.5135,0.511463,5,16.55,23.54,6.99,15,5.83,0.166,"[[16.55, 16.78], [16.88, 17.38], [17.44, 17.79], [17.88, 19.16], [19.21, 19.46], [19.53, 19.57], [19.69, 20.26], [20.31, 20.71], [20.76, 20.94], [21.05, 21.21], [21.32, 21.96], [22.01, 22.31], [22.42, 22.69], [22.81, 23.12], [23.19, 23.54]]",bird-mixit+tweetynet
mallar3,Anas platyrhynchos,xc:357091,xc_357091,0,"[0.98089, 0.0, 0.0, 0.0]",0.9809,0.9809,21.12,0.0768,0.5199,0.50998,2,1.37,6.31,4.94,9,2.93,0.4069,"[[1.37, 1.42], [1.78, 2.17], [2.34, 2.84], [2.98, 3.46], [3.64, 3.87], [4.27, 4.56], [4.92, 5.4], [5.65, 6.11], [6.26, 6.31]]",bird-mixit+tweetynet
mallar3,Anas platyrhynchos,xc:711626,xc_711626,3,"[0.65272, 0.018759, 0.065226, 0.669824]",0.6698,0.6698,18.37,0.6454,0.7608,0.509613,4,10.95,16.27,5.32,13,4.04,0.2406,"[[10.95, 11.41], [11.59, 11.64], [11.74, 11.84], [11.89, 11.98], [12.03, 13.6], [13.73, 13.79], [13.86, 14.11], [14.16, 14.36], [14.49, 14.53], [14.63, 14.73], [14.79, 15.78], [16.04, 16.1], [16.2, 16.27]]",bird-mixit+tweetynet
mallar3,Anas platyrhynchos,xc:839691,xc_839691,0,"[0.996688, 0.078011, 0.115442, 0.005498]",0.9967,0.9967,16.84,0.1527,0.5107,0.509001,10,22.87,29.6,6.73,10,4.05,0.3982,"[[22.87, 23.23], [23.56, 24.01], [24.23, 24.66], [24.91, 25.42], [25.75, 26.19], [26.46, 26.88], [27.22, 27.58], [27.9, 28.25], [28.57, 28.91], [29.21, 29.6]]",bird-mixit+tweetynet
mallar3,Anas platyrhynchos,xc:237222,xc_237222,0,"[0.942475, 0.008166, 0.0, 0.0]",0.9425,0.9425,16.97,0.1947,0.5316,0.501025,9,19.58,20.46,0.88,3,0.69,0.2159,"[[19.58, 19.81], [19.94, 20.18], [20.24, 20.46]]",bird-mixit+tweetynet
mallar3,Anas platyrhynchos,xc:947751,xc_947751,0,"[0.974352, 0.154674, 0.090153, 0.11116]",0.9744,0.9744,26.94,0.0321,0.5129,0.499728,55,109.37,113.9,4.53,14,2.46,0.457,"[[109.37, 109.41], [109.64, 109.85], [110.18, 111.58], [111.7, 111.76], [111.82, 112.04], [112.26, 112.29], [112.37, 112.41], [112.61, 112.68], [112.73, 112.81], [113.05, 113.08], [113.24, 113.32], [113.59, 113.64], [113.69, 113.77], [113.83, 113.9]]",bird-mixit+tweetynet
mallar3,Anas platyrhynchos,xc:839691,xc_839691,0,"[0.996688, 0.078011, 0.115442, 0.005498]",0.9967,0.9967,12.31,0.4854,0.495,0.493384,8,19.92,20.23,0.31,1,0.31,0.0,"[[19.92, 20.23]]",bird-mixit+tweetynet
mallar3,Anas platyrhynchos,xc:1024361,xc_1024361,0,"[0.960219, 0.0, 0.062343, 0.852424]",0.9602,0.9602,15.66,0.2069,0.51,0.489674,1,7.83,13.25,5.42,10,2.89,0.4668,"[[7.83, 8.03], [8.37, 8.59], [8.91, 9.16], [9.46, 9.75], [10.02, 10.31], [10.58, 10.88], [11.13, 11.45], [11.67, 12.05], [12.32, 12.66], [12.95, 13.25]]",bird-mixit+tweetynet
mallar3,Anas platyrhynchos,xc:470969,xc_470969,0,"[0.892073, 0.590304, 0.00922, 0.255596]",0.8921,0.8921,24.73,0.1024,0.5446,0.485872,3,6.49,9.03,2.54,4,1.72,0.3228,"[[6.49, 6.87], [7.22, 7.65], [7.94, 8.43], [8.61, 9.03]]",bird-mixit+tweetynet
mallar3,Anas platyrhynchos,xc:217663,xc_217663,0,"[0.639764, 0.0, 0.008184, 0.004713]",0.6398,0.6398,14.67,0.8817,0.7548,0.482949,51,49.81,50.0,0.19,2,0.13,0.3158,"[[49.81, 49.86], [49.92, 50.0]]",bird-mixit+tweetynet
mallar3,Anas platyrhynchos,xc:26970,xc_26970,3,"[0.381072, 0.0, 0.030781, 0.923707]",0.9237,0.9237,19.4,0.1059,0.5219,0.482078,0,0.05,6.16,6.11,12,5.01,0.18,"[[0.05, 1.51], [1.57, 1.67], [1.74, 2.14], [2.19, 2.83], [2.88, 2.97], [3.08, 3.82], [3.87, 4.0], [4.13, 4.64], [4.77, 4.89], [5.01, 5.35], [5.56, 5.76], [5.88, 6.16]]",bird-mixit+tweetynet
mallar3,Anas platyrhynchos,xc:720576,xc_720576,0,"[0.830337, 0.0, 0.0, 0.0]",0.8303,0.8303,14.17,0.4887,0.5787,0.480533,0,0.13,0.56,0.43,1,0.43,0.0,"[[0.13, 0.56]]",bird-mixit+tweetynet
mallar3,Anas platyrhynchos,xc:542418,xc_542418,0,"[0.914516, 0.0, 0.0, 0.075308]",0.9145,0.9145,25.62,0.0498,0.5201,0.475646,58,58.17,61.39,3.22,7,2.35,0.2702,"[[58.17, 58.42], [58.79, 58.98], [59.12, 59.28], [59.33, 60.42], [60.48, 60.83], [60.9, 60.94], [61.12, 61.39]]",bird-mixit+tweetynet
mallar3,Anas platyrhynchos,xc:603723,xc_603723,0,"[0.996145, 0.003345, 0.034956, 0.749356]",0.9961,0.9961,18.4,0.0134,0.4689,0.467107,7,25.49,28.94,3.45,5,3.02,0.1246,"[[25.49, 26.64], [26.73, 26.87], [27.0, 27.14], [27.25, 28.38], [28.48, 28.94]]",bird-mixit+tweetynet
mallar3,Anas platyrhynchos,xc:625404,xc_625404,0,"[0.970774, 0.0, 0.0, 0.921246]",0.9708,0.9708,12.0,0.4865,0.4797,0.4657,0,0.79,6.76,5.97,11,2.68,0.5511,"[[0.79, 0.97], [1.3, 1.53], [1.89, 2.19], [2.47, 2.74], [3.05, 3.24], [3.64, 3.9], [4.26, 4.52], [4.8, 5.09], [5.36, 5.6], [5.94, 6.17], [6.53, 6.76]]",bird-mixit+tweetynet
mallar3,Anas platyrhynchos,xc:635041,xc_635041,0,"[0.962435, 0.009167, 0.0, 0.017108]",0.9624,0.9624,19.07,0.0291,0.4828,0.464647,4,15.57,21.24,5.67,9,3.61,0.3633,"[[15.57, 15.92], [16.19, 16.59], [16.85, 17.21], [17.5, 17.86], [18.14, 18.49], [18.77, 19.14], [19.43, 19.78], [20.06, 20.55], [20.66, 21.24]]",bird-mixit+tweetynet
mallar3,Anas platyrhynchos,xc:839691,xc_839691,0,"[0.996688, 0.078011, 0.115442, 0.005498]",0.9967,0.9967,14.43,0.173,0.4637,0.462127,9,20.65,22.48,1.83,3,1.33,0.2732,"[[20.65, 21.07], [21.23, 21.74], [22.08, 22.48]]",bird-mixit+tweetynet
mallar3,Anas platyrhynchos,xc:839691,xc_839691,0,"[0.996688, 0.078011, 0.115442, 0.005498]",0.9967,0.9967,17.1,0.0266,0.4587,0.457191,7,19.13,19.56,0.43,1,0.43,0.0,"[[19.13, 19.56]]",bird-mixit+tweetynet
mallar3,Anas platyrhynchos,xc:131689,xc_131689,0,"[0.776939, 0.0, 0.0, 0.0]",0.7769,0.7769,14.56,0.4749,0.5877,0.456612,3,15.48,23.45,7.97,17,5.78,0.2748,"[[15.48, 15.74], [16.06, 16.36], [16.66, 17.0], [17.27, 17.65], [17.88, 18.32], [18.49, 18.96], [19.06, 19.62], [19.71, 19.97], [20.02, 20.27], [20.36, 20.89], [20.99, 21.22], [21.28, 21.52], [21.63, 22.17], [22.24, 22.49], [22.57, 22.83], [22.88, 23.12], [23.22, 23.45]]",bird-mixit+tweetynet
mallar3,Anas platyrhynchos,xc:473567,xc_473567,0,"[0.901361, 0.0, 0.0, 0.0]",0.9014,0.9014,12.71,0.4584,0.5051,0.455295,2,2.59,4.91,2.32,6,1.66,0.2845,"[[2.59, 2.62], [2.68, 3.11], [3.23, 3.93], [4.07, 4.12], [4.25, 4.28], [4.49, 4.91]]",bird-mixit+tweetynet
mallar3,Anas platyrhynchos,xc:348395,xc_348395,0,"[0.950354, 0.0, 0.013586, 0.0]",0.9504,0.9504,23.62,-0.0334,0.4753,0.451767,0,0.62,7.45,6.83,10,4.6,0.3265,"[[0.62, 1.08], [1.34, 1.78], [1.98, 2.43], [2.64, 3.11], [3.34, 3.81], [4.03, 4.5], [4.71, 5.17], [5.41, 5.87], [6.26, 6.71], [6.98, 7.45]]",bird-mixit+tweetynet
mallar3,Anas platyrhynchos,xc:323291,xc_323291,0,"[0.802171, 0.0, 0.0, 0.0]",0.8022,0.8022,15.25,0.3492,0.5591,0.44847,0,0.02,4.1,4.08,7,2.83,0.3064,"[[0.02, 0.89], [1.03, 1.41], [1.52, 1.86], [2.08, 2.32], [2.55, 2.86], [3.09, 3.5], [3.82, 4.1]]",bird-mixit+tweetynet
mallar3,Anas platyrhynchos,xc:947751,xc_947751,0,"[0.974352, 0.154674, 0.090153, 0.11116]",0.9744,0.9744,27.16,-0.0763,0.4592,0.447437,8,18.7,26.33,7.63,25,5.11,0.3303,"[[18.7, 18.8], [18.87, 18.97], [19.06, 19.13], [19.2, 19.29], [19.35, 19.48], [19.56, 19.85], [20.06, 20.09], [20.16, 20.31], [20.38, 20.79], [20.86, 20.9], [21.18, 23.68], [23.78, 23.82], [24.03, 24.06], [24.12, 24.3], [24.39, 24.44], [24.5, 24.54], [24.62, 24.65], [24.97, 25.0], [25.08, 25.24], [25.32, 25.35], [25.43, 25.59], [25.68, 25.94], [26.02, 26.09], [26.14, 26.18], [26.25, 26.33]]",bird-mixit+tweetynet
mallar3,Anas platyrhynchos,xc:633453,xc_633453,0,"[0.955383, 0.919392, 0.00657, 0.0]",0.9554,0.9554,12.02,0.4445,0.4674,0.446511,6,8.83,13.81,4.98,13,2.57,0.4839,"[[8.83, 8.88], [9.05, 9.11], [9.43, 9.88], [9.99, 10.03], [10.19, 10.57], [10.83, 10.88], [11.08, 11.15], [11.33, 11.57], [11.68, 11.77], [12.02, 12.41], [12.67, 13.07], [13.12, 13.19], [13.53, 13.81]]",bird-mixit+tweetynet
mallar3,Anas platyrhynchos,xc:635041,xc_635041,0,"[0.962435, 0.009167, 0.0, 0.017108]",0.9624,0.9624,16.07,0.0771,0.4636,0.446125,0,0.48,8.43,7.95,16,4.09,0.4855,"[[0.48, 0.55], [0.66, 0.78], [0.87, 1.2], [1.47, 1.66], [1.89, 1.98], [2.08, 2.32], [2.62, 2.91], [3.17, 3.58], [3.82, 4.17], [4.47, 4.68], [5.06, 5.27], [5.65, 5.96], [6.27, 6.6], [6.92, 7.26], [7.55, 7.89], [8.17, 8.43]]",bird-mixit+tweetynet
mallar3,Anas platyrhynchos,xc:542418,xc_542418,0,"[0.914516, 0.0, 0.0, 0.075308]",0.9145,0.9145,24.45,-0.0236,0.4819,0.440702,24,22.86,24.05,1.19,2,0.8,0.3277,"[[22.86, 23.26], [23.65, 24.05]]",bird-mixit+tweetynet
mallar3,Anas platyrhynchos,xc:980208,xc_980208,0,"[0.908508, 0.050089, 0.003615, 0.014127]",0.9085,0.9085,9.95,0.9399,0.4813,0.437238,8,14.5,14.77,0.27,1,0.27,0.0,"[[14.5, 14.77]]",bird-mixit+tweetynet
mallar3,Anas platyrhynchos,xc:473567,xc_473567,0,"[0.901361, 0.0, 0.0, 0.0]",0.9014,0.9014,10.76,0.7044,0.4747,0.427851,1,1.75,2.15,0.4,1,0.4,0.0,"[[1.75, 2.15]]",bird-mixit+tweetynet
mallar3,Anas platyrhynchos,xc:895050,xc_895050,0,"[0.988111, 0.036134, 0.010755, 0.058528]",0.9881,0.9881,10.99,0.5065,0.4322,0.427093,3,17.41,25.06,7.65,20,5.27,0.3111,"[[17.41, 17.78], [17.84, 18.05], [18.17, 18.26], [18.43, 18.94], [19.04, 19.09], [19.36, 19.81], [19.86, 19.95], [20.28, 20.74], [20.86, 20.9], [21.0, 21.41], [21.47, 22.36], [22.49, 22.83], [22.95, 23.03], [23.1, 23.14], [23.23, 23.3], [23.36, 23.85], [24.04, 24.12], [24.2, 24.28], [24.45, 24.86], [24.95, 25.06]]",bird-mixit+tweetynet
mallar3,Anas platyrhynchos,xc:441781,xc_441781,0,"[0.710978, 0.046614, 0.052967, 0.0]",0.711,0.711,14.11,0.5356,0.5947,0.422809,0,0.02,3.13,3.11,8,2.03,0.3473,"[[0.02, 0.3], [0.45, 0.96], [1.04, 1.12], [1.21, 1.25], [1.3, 1.79], [2.12, 2.41], [2.52, 2.56], [2.83, 3.13]]",bird-mixit+tweetynet
meabun1,Emberiza cioides,xc:626788,xc_626788,0,"[0.999951, 0.017836, 0.0, 0.0]",1.0,1.0,37.43,1.0,0.9997,0.999716,0,1.46,5.28,3.82,9,2.63,0.3115,"[[1.46, 1.71], [1.84, 1.9], [1.95, 2.17], [2.32, 2.45], [2.71, 2.74], [2.88, 2.98], [3.07, 4.45], [4.62, 4.66], [4.86, 5.28]]",bird-mixit+tweetynet
meabun1,Emberiza cioides,xc:414239,xc_414239,1,"[0.0, 0.999664, 0.0, 0.0]",0.9997,0.9997,40.04,1.0,0.9999,0.999556,4,4.74,5.81,1.07,3,0.64,0.4019,"[[4.74, 4.82], [5.08, 5.56], [5.73, 5.81]]",bird-mixit+tweetynet
meabun1,Emberiza cioides,xc:284174,xc_284174,0,"[0.999992, 0.147323, 0.011978, 0.082782]",1.0,1.0,36.2,0.9999,0.9995,0.999541,0,0.44,5.66,5.22,8,3.81,0.2701,"[[0.44, 0.78], [0.9, 1.12], [1.3, 1.69], [1.79, 1.85], [2.14, 4.26], [4.59, 4.72], [5.02, 5.28], [5.37, 5.66]]",bird-mixit+tweetynet
meabun1,Emberiza cioides,xc:414239,xc_414239,1,"[0.0, 0.999664, 0.0, 0.0]",0.9997,0.9997,41.9,0.9998,0.9998,0.999538,0,0.04,1.68,1.64,5,1.28,0.2195,"[[0.04, 0.96], [1.07, 1.14], [1.2, 1.31], [1.38, 1.46], [1.58, 1.68]]",bird-mixit+tweetynet
meabun1,Emberiza cioides,xc:414239,xc_414239,1,"[0.0, 0.999664, 0.0, 0.0]",0.9997,0.9997,38.55,1.0,0.9998,0.999495,24,33.58,34.4,0.82,3,0.51,0.378,"[[33.58, 33.61], [33.84, 33.88], [33.96, 34.4]]",bird-mixit+tweetynet
meabun1,Emberiza cioides,xc:414239,xc_414239,1,"[0.0, 0.999664, 0.0, 0.0]",0.9997,0.9997,37.22,1.0,0.9997,0.9994,17,24.54,25.06,0.52,2,0.47,0.0962,"[[24.54, 24.64], [24.69, 25.06]]",bird-mixit+tweetynet
meabun1,Emberiza cioides,xc:414239,xc_414239,1,"[0.0, 0.999664, 0.0, 0.0]",0.9997,0.9997,37.09,1.0,0.9997,0.999397,5,7.4,8.18,0.78,2,0.49,0.3718,"[[7.4, 7.48], [7.77, 8.18]]",bird-mixit+tweetynet
meabun1,Emberiza cioides,xc:1024146,xc_1024146,0,"[0.999911, 0.767765, 0.356327, 0.156214]",0.9999,0.9999,33.93,1.0,0.9992,0.999127,42,150.63,154.48,3.85,4,3.63,0.0571,"[[150.63, 151.66], [151.74, 151.8], [151.87, 152.69], [152.76, 154.48]]",bird-mixit+tweetynet
meabun1,Emberiza cioides,xc:382373,xc_382373,1,"[0.003167, 0.999033, 0.024257, 0.018801]",0.999,0.999,44.1,1.0,1.0,0.998956,47,79.37,81.41,2.04,8,0.97,0.5245,"[[79.37, 79.46], [79.81, 79.89], [80.03, 80.06], [80.17, 80.36], [80.52, 80.55], [80.7, 80.8], [80.9, 80.94], [81.0, 81.41]]",bird-mixit+tweetynet
meabun1,Emberiza cioides,xc:382373,xc_382373,1,"[0.003167, 0.999033, 0.024257, 0.018801]",0.999,0.999,43.71,1.0,0.9999,0.998943,61,99.97,101.32,1.35,3,0.83,0.3852,"[[99.97, 100.07], [100.26, 100.87], [101.2, 101.32]]",bird-mixit+tweetynet
meabun1,Emberiza cioides,xc:382373,xc_382373,1,"[0.003167, 0.999033, 0.024257, 0.018801]",0.999,0.999,42.82,1.0,0.9999,0.998931,117,175.27,175.64,0.37,1,0.37,0.0,"[[175.27, 175.64]]",bird-mixit+tweetynet
meabun1,Emberiza cioides,xc:284174,xc_284174,0,"[0.999992, 0.147323, 0.011978, 0.082782]",1.0,1.0,32.74,1.0,0.9989,0.998908,14,44.79,47.97,3.18,5,2.46,0.2264,"[[44.79, 44.93], [45.24, 45.61], [45.7, 45.97], [46.24, 46.45], [46.5, 47.97]]",bird-mixit+tweetynet
meabun1,Emberiza cioides,xc:382373,xc_382373,1,"[0.003167, 0.999033, 0.024257, 0.018801]",0.999,0.999,40.51,1.0,0.9999,0.998884,88,138.94,140.35,1.41,5,0.72,0.4894,"[[138.94, 139.42], [139.48, 139.55], [139.73, 139.78], [139.87, 139.93], [140.29, 140.35]]",bird-mixit+tweetynet
meabun1,Emberiza cioides,xc:382373,xc_382373,1,"[0.003167, 0.999033, 0.024257, 0.018801]",0.999,0.999,40.34,0.9999,0.9999,0.998858,77,126.32,126.98,0.66,3,0.28,0.5758,"[[126.32, 126.47], [126.52, 126.61], [126.94, 126.98]]",bird-mixit+tweetynet
meabun1,Emberiza cioides,xc:132766,xc_132766,0,"[0.999569, 0.0, 0.0, 0.11898]",0.9996,0.9996,31.8,0.9999,0.9985,0.998096,11,24.05,31.32,7.27,16,5.14,0.293,"[[24.05, 24.12], [24.22, 24.36], [24.5, 24.6], [24.84, 24.92], [25.15, 25.21], [25.39, 26.61], [26.77, 26.9], [26.97, 27.06], [27.12, 27.36], [27.41, 27.64], [27.82, 27.92], [28.15, 28.22], [28.29, 28.56], [28.87, 30.75], [30.81, 30.95], [31.0, 31.32]]",bird-mixit+tweetynet
meabun1,Emberiza cioides,xc:468315,xc_468315,1,"[0.038252, 0.998064, 0.0, 0.023146]",0.9981,0.9981,42.07,1.0,0.9999,0.998021,54,90.45,91.0,0.55,3,0.29,0.4727,"[[90.45, 90.62], [90.8, 90.89], [90.97, 91.0]]",bird-mixit+tweetynet
meabun1,Emberiza cioides,xc:468315,xc_468315,1,"[0.038252, 0.998064, 0.0, 0.023146]",0.9981,0.9981,41.03,1.0,0.9999,0.998001,19,32.25,33.34,1.09,4,0.73,0.3303,"[[32.25, 32.34], [32.41, 32.55], [32.64, 33.07], [33.27, 33.34]]",bird-mixit+tweetynet
meabun1,Emberiza cioides,xc:468315,xc_468315,1,"[0.038252, 0.998064, 0.0, 0.023146]",0.9981,0.9981,38.96,0.9999,0.9998,0.997887,46,78.88,79.48,0.6,3,0.3,0.5,"[[78.88, 79.05], [79.25, 79.33], [79.43, 79.48]]",bird-mixit+tweetynet
meabun1,Emberiza cioides,xc:284174,xc_284174,0,"[0.999992, 0.147323, 0.011978, 0.082782]",1.0,1.0,30.51,1.0,0.9979,0.997872,4,16.85,20.49,3.64,3,3.29,0.0962,"[[16.85, 18.43], [18.66, 20.12], [20.24, 20.49]]",bird-mixit+tweetynet
meabun1,Emberiza cioides,xc:284174,xc_284174,0,"[0.999992, 0.147323, 0.011978, 0.082782]",1.0,1.0,30.44,1.0,0.9978,0.997826,18,65.08,69.34,4.26,6,3.1,0.2723,"[[65.08, 65.25], [65.52, 65.8], [66.0, 66.23], [66.51, 66.62], [66.8, 67.45], [67.68, 69.34]]",bird-mixit+tweetynet
meabun1,Emberiza cioides,xc:464651,xc_464651,0,"[0.99913, 0.952891, 0.480433, 0.129181]",0.9991,0.9991,32.01,1.0,0.9986,0.997742,37,92.69,95.86,3.17,6,2.27,0.2839,"[[92.69, 92.87], [92.93, 94.18], [94.57, 94.7], [94.93, 95.53], [95.65, 95.73], [95.83, 95.86]]",bird-mixit+tweetynet
meabun1,Emberiza cioides,xc:285807,xc_285807,0,"[0.999003, 0.989587, 0.0, 0.0]",0.999,0.999,31.79,1.0,0.9985,0.99755,4,15.81,17.78,1.97,2,1.85,0.0609,"[[15.81, 16.35], [16.47, 17.78]]",bird-mixit+tweetynet
meabun1,Emberiza cioides,xc:468315,xc_468315,1,"[0.038252, 0.998064, 0.0, 0.023146]",0.9981,0.9981,34.91,1.0,0.9994,0.997516,47,81.19,81.76,0.57,2,0.23,0.5965,"[[81.19, 81.34], [81.68, 81.76]]",bird-mixit+tweetynet
meabun1,Emberiza cioides,xc:468315,xc_468315,1,"[0.038252, 0.998064, 0.0, 0.023146]",0.9981,0.9981,34.7,1.0,0.9994,0.99748,67,111.83,112.3,0.47,2,0.26,0.4468,"[[111.83, 112.01], [112.22, 112.3]]",bird-mixit+tweetynet
meabun1,Emberiza cioides,xc:191308,xc_191308,0,"[0.997312, 0.0, 0.0, 0.0]",0.9973,0.9973,39.36,0.9999,0.9998,0.997108,7,24.32,29.23,4.91,9,3.77,0.2322,"[[24.32, 24.46], [24.56, 24.68], [24.87, 24.95], [25.07, 25.11], [25.24, 26.18], [26.25, 26.81], [26.9, 27.0], [27.3, 27.6], [27.74, 29.23]]",bird-mixit+tweetynet
meabun1,Emberiza cioides,xc:284174,xc_284174,0,"[0.999992, 0.147323, 0.011978, 0.082782]",1.0,1.0,29.47,1.0,0.9971,0.997096,21,73.0,77.64,4.64,5,3.74,0.194,"[[73.0, 74.63], [74.88, 75.03], [75.18, 75.9], [76.2, 77.41], [77.61, 77.64]]",bird-mixit+tweetynet
meabun1,Emberiza cioides,xc:191308,xc_191308,0,"[0.997312, 0.0, 0.0, 0.0]",0.9973,0.9973,35.98,0.9999,0.9996,0.996852,6,17.71,23.62,5.91,13,4.26,0.2792,"[[17.71, 17.76], [17.82, 18.16], [18.21, 19.54], [19.73, 19.8], [19.87, 20.25], [20.35, 20.61], [20.77, 20.91], [21.03, 21.19], [21.3, 22.54], [22.86, 22.9], [23.1, 23.17], [23.34, 23.48], [23.58, 23.62]]",bird-mixit+tweetynet
meabun1,Emberiza cioides,xc:191308,xc_191308,0,"[0.997312, 0.0, 0.0, 0.0]",0.9973,0.9973,35.55,1.0,0.9995,0.996809,9,31.92,35.8,3.88,8,2.7,0.3041,"[[31.92, 32.02], [32.42, 32.57], [32.66, 32.7], [33.09, 33.23], [33.31, 35.29], [35.38, 35.52], [35.6, 35.69], [35.74, 35.8]]",bird-mixit+tweetynet
meabun1,Emberiza cioides,xc:172704,xc_172704,1,"[0.994163, 0.997439, 0.04062, 0.223251]",0.9974,0.9974,34.63,0.9999,0.9993,0.996732,17,76.56,77.49,0.93,2,0.71,0.2366,"[[76.56, 77.19], [77.41, 77.49]]",bird-mixit+tweetynet
meabun1,Emberiza cioides,xc:813374,xc_813374,0,"[0.997794, 0.865156, 0.212117, 0.0]",0.9978,0.9978,32.22,0.9998,0.9986,0.996432,3,4.44,6.56,2.12,5,1.1,0.4811,"[[4.44, 4.48], [4.81, 4.95], [5.21, 5.33], [5.48, 6.23], [6.51, 6.56]]",bird-mixit+tweetynet
meabun1,Emberiza cioides,xc:172704,xc_172704,1,"[0.994163, 0.997439, 0.04062, 0.223251]",0.9974,0.9974,31.99,0.9994,0.9983,0.995716,12,51.15,57.93,6.78,13,5.61,0.1726,"[[51.15, 51.25], [51.3, 51.44], [51.68, 52.55], [52.6, 52.75], [52.81, 54.93], [55.0, 55.74], [55.83, 56.29], [56.43, 56.68], [56.81, 56.89], [56.98, 57.07], [57.12, 57.16], [57.31, 57.36], [57.41, 57.93]]",bird-mixit+tweetynet
meabun1,Emberiza cioides,xc:813374,xc_813374,0,"[0.997794, 0.865156, 0.212117, 0.0]",0.9978,0.9978,30.63,0.9999,0.9979,0.995707,8,11.86,14.16,2.3,5,1.28,0.4435,"[[11.86, 11.99], [12.33, 12.44], [12.73, 12.83], [13.1, 13.28], [13.4, 14.16]]",bird-mixit+tweetynet
meabun1,Emberiza cioides,xc:813374,xc_813374,0,"[0.997794, 0.865156, 0.212117, 0.0]",0.9978,0.9978,30.39,0.9999,0.9978,0.995569,12,20.75,23.58,2.83,8,1.85,0.3463,"[[20.75, 20.92], [21.0, 21.05], [21.19, 21.3], [21.45, 21.52], [21.63, 21.78], [21.88, 22.09], [22.38, 22.53], [22.64, 23.58]]",bird-mixit+tweetynet
meabun1,Emberiza cioides,xc:992395,xc_992395,1,"[0.0, 0.997945, 0.0, 0.0]",0.9979,0.9979,30.14,1.0,0.9976,0.995529,9,21.78,22.41,0.63,2,0.41,0.3492,"[[21.78, 21.83], [22.05, 22.41]]",bird-mixit+tweetynet
meabun1,Emberiza cioides,xc:344901,xc_344901,1,"[0.89053, 0.995897, 0.233154, 0.237874]",0.9959,0.9959,37.61,0.9997,0.9996,0.995475,2,4.75,5.07,0.32,1,0.32,0.0,"[[4.75, 5.07]]",bird-mixit+tweetynet
meabun1,Emberiza cioides,xc:344901,xc_344901,1,"[0.89053, 0.995897, 0.233154, 0.237874]",0.9959,0.9959,35.91,1.0,0.9996,0.99547,4,9.2,9.54,0.34,1,0.34,0.0,"[[9.2, 9.54]]",bird-mixit+tweetynet
meabun1,Emberiza cioides,xc:344901,xc_344901,1,"[0.89053, 0.995897, 0.233154, 0.237874]",0.9959,0.9959,38.85,0.9995,0.9996,0.995457,0,0.04,0.58,0.54,2,0.4,0.2593,"[[0.04, 0.11], [0.25, 0.58]]",bird-mixit+tweetynet
meabun1,Emberiza cioides,xc:468314,xc_468314,1,"[0.0, 0.997617, 0.0, 0.0]",0.9976,0.9976,30.38,0.9999,0.9978,0.99536,4,5.09,8.51,3.42,8,2.45,0.2836,"[[5.09, 5.25], [5.3, 5.37], [5.43, 5.67], [5.73, 5.93], [6.3, 6.52], [6.57, 7.71], [7.95, 7.98], [8.12, 8.51]]",bird-mixit+tweetynet
meabun1,Emberiza cioides,xc:172704,xc_172704,1,"[0.994163, 0.997439, 0.04062, 0.223251]",0.9974,0.9974,31.25,0.9992,0.9979,0.995296,14,64.9,66.05,1.15,3,0.92,0.2,"[[64.9, 65.29], [65.45, 65.49], [65.56, 66.05]]",bird-mixit+tweetynet
meabun1,Emberiza cioides,xc:285985,xc_285985,0,"[0.999729, 0.034526, 0.0, 0.0]",0.9997,0.9997,28.04,0.9999,0.9955,0.995203,5,17.2,24.73,7.53,17,6.19,0.178,"[[17.2, 19.14], [19.23, 19.28], [19.35, 19.4], [19.46, 19.5], [19.58, 19.73], [19.82, 20.18], [20.24, 20.35], [20.42, 20.81], [20.89, 21.0], [21.08, 21.23], [21.3, 21.59], [21.64, 21.99], [22.08, 22.18], [22.27, 23.97], [24.17, 24.37], [24.46, 24.61], [24.68, 24.73]]",bird-mixit+tweetynet
meabun1,Emberiza cioides,xc:414455,xc_414455,0,"[0.995176, 0.429524, 0.0, 0.0]",0.9952,0.9952,40.23,0.9999,0.9999,0.995054,7,30.28,33.68,3.4,3,3.28,0.0353,"[[30.28, 30.37], [30.42, 31.31], [31.38, 33.68]]",bird-mixit+tweetynet
meabun1,Emberiza cioides,xc:414455,xc_414455,0,"[0.995176, 0.429524, 0.0, 0.0]",0.9952,0.9952,37.32,1.0,0.9997,0.994915,5,22.02,25.84,3.82,9,2.62,0.3141,"[[22.02, 22.2], [22.51, 22.57], [22.9, 23.02], [23.16, 23.22], [23.33, 23.41], [23.47, 23.56], [23.63, 25.45], [25.58, 25.75], [25.8, 25.84]]",bird-mixit+tweetynet
meabun1,Emberiza cioides,xc:414455,xc_414455,0,"[0.995176, 0.429524, 0.0, 0.0]",0.9952,0.9952,36.8,1.0,0.9997,0.99487,4,17.68,21.23,3.55,4,2.83,0.2028,"[[17.68, 17.74], [18.12, 18.23], [18.41, 19.66], [19.82, 21.23]]",bird-mixit+tweetynet
meabun1,Emberiza cioides,xc:285985,xc_285985,0,"[0.999729, 0.034526, 0.0, 0.0]",0.9997,0.9997,27.77,0.9998,0.9951,0.99479,0,0.4,4.51,4.11,6,3.66,0.1095,"[[0.4, 2.92], [3.03, 3.37], [3.44, 3.75], [3.81, 3.92], [4.02, 4.35], [4.46, 4.51]]",bird-mixit+tweetynet
meabun1,Emberiza cioides,xc:414455,xc_414455,0,"[0.995176, 0.429524, 0.0, 0.0]",0.9952,0.9952,35.03,1.0,0.9994,0.994638,2,9.78,13.02,3.24,3,3.01,0.071,"[[9.78, 10.0], [10.06, 11.59], [11.76, 13.02]]",bird-mixit+tweetynet
meabun1,Emberiza cioides,xc:414455,xc_414455,0,"[0.995176, 0.429524, 0.0, 0.0]",0.9952,0.9952,34.95,1.0,0.9994,0.994628,0,0.09,2.77,2.68,2,2.61,0.0261,"[[0.09, 1.49], [1.56, 2.77]]",bird-mixit+tweetynet
meabun1,Emberiza cioides,xc:191308,xc_191308,0,"[0.997312, 0.0, 0.0, 0.0]",0.9973,0.9973,32.07,0.9972,0.9973,0.994564,3,4.91,10.04,5.13,8,4.09,0.2027,"[[4.91, 5.03], [5.18, 5.72], [5.79, 5.92], [6.12, 7.53], [7.71, 7.97], [8.07, 8.27], [8.48, 8.63], [8.76, 10.04]]",bird-mixit+tweetynet
meabun1,Emberiza cioides,xc:920456,xc_920456,1,"[0.0, 0.994156, 0.0, 0.0]",0.9942,0.9942,49.23,1.0,1.0,0.994179,66,115.39,119.53,4.14,13,1.96,0.5266,"[[115.39, 115.43], [115.81, 115.84], [115.92, 116.12], [116.24, 116.31], [116.42, 117.03], [117.15, 117.3], [117.62, 117.71], [118.0, 118.17], [118.26, 118.41], [118.73, 118.78], [118.86, 118.94], [119.09, 119.28], [119.4, 119.53]]",bird-mixit+tweetynet
meabun1,Emberiza cioides,xc:920456,xc_920456,1,"[0.0, 0.994156, 0.0, 0.0]",0.9942,0.9942,47.48,1.0,1.0,0.994169,76,131.3,135.17,3.87,15,2.18,0.4367,"[[131.3, 131.34], [131.43, 131.53], [131.66, 132.24], [132.47, 132.55], [132.7, 132.74], [132.91, 132.94], [132.99, 133.04], [133.1, 133.13], [133.18, 133.21], [133.33, 133.55], [133.63, 133.66], [133.74, 134.03], [134.21, 134.36], [134.61, 134.66], [134.71, 135.17]]",bird-mixit+tweetynet
meabun1,Emberiza cioides,xc:920456,xc_920456,1,"[0.0, 0.994156, 0.0, 0.0]",0.9942,0.9942,42.05,0.9999,0.9999,0.994096,9,14.25,16.23,1.98,9,0.97,0.5101,"[[14.25, 14.28], [14.38, 14.44], [14.5, 14.55], [14.62, 14.66], [14.79, 14.87], [14.95, 15.0], [15.11, 15.23], [15.44, 15.48], [15.73, 16.23]]",bird-mixit+tweetynet
meabun1,Emberiza cioides,xc:1024146,xc_1024146,0,"[0.999911, 0.767765, 0.356327, 0.156214]",0.9999,0.9999,27.15,0.9999,0.9942,0.994063,6,37.41,39.35,1.94,2,1.69,0.1289,"[[37.41, 37.45], [37.7, 39.35]]",bird-mixit+tweetynet
meabun1,Emberiza cioides,xc:172704,xc_172704,1,"[0.994163, 0.997439, 0.04062, 0.223251]",0.9974,0.9974,30.62,0.9973,0.9966,0.994015,20,85.49,89.89,4.4,9,3.23,0.2659,"[[85.49, 85.67], [85.8, 85.92], [86.05, 86.19], [86.25, 86.96], [87.11, 88.28], [88.47, 88.73], [88.78, 89.12], [89.2, 89.44], [89.82, 89.89]]",bird-mixit+tweetynet
meabun1,Emberiza cioides,xc:145206,xc_145206,0,"[0.997644, 0.081256, 0.0, 0.317154]",0.9976,0.9976,28.76,1.0,0.9964,0.993998,13,40.52,47.33,6.81,4,6.51,0.0441,"[[40.52, 43.93], [43.98, 44.05], [44.24, 44.31], [44.37, 47.33]]",bird-mixit+tweetynet
meabun1,Emberiza cioides,xc:920456,xc_920456,1,"[0.0, 0.994156, 0.0, 0.0]",0.9942,0.9942,40.16,0.9998,0.9998,0.99399,49,87.61,90.72,3.11,13,1.42,0.5434,"[[87.61, 87.86], [88.02, 88.21], [88.31, 88.34], [88.52, 88.57], [88.85, 88.89], [88.94, 89.0], [89.12, 89.16], [89.24, 89.29], [89.38, 89.41], [89.63, 89.66], [89.83, 89.87], [90.03, 90.07], [90.15, 90.72]]",bird-mixit+tweetynet
meabun1,Emberiza cioides,xc:920456,xc_920456,1,"[0.0, 0.994156, 0.0, 0.0]",0.9942,0.9942,39.06,0.9998,0.9998,0.993958,6,9.83,11.96,2.13,8,1.26,0.4085,"[[9.83, 10.0], [10.12, 10.19], [10.24, 10.4], [10.59, 10.63], [10.77, 10.8], [10.85, 10.98], [11.16, 11.25], [11.39, 11.96]]",bird-mixit+tweetynet
meabun1,Emberiza cioides,xc:172704,xc_172704,1,"[0.994163, 0.997439, 0.04062, 0.223251]",0.9974,0.9974,30.29,0.9974,0.9965,0.993869,21,91.08,92.23,1.15,2,1.08,0.0609,"[[91.08, 91.68], [91.75, 92.23]]",bird-mixit+tweetynet
meabun1,Emberiza cioides,xc:268378,xc_268378,0,"[0.998868, 0.999471, 0.690683, 0.969145]",0.9989,0.9995,27.73,0.9986,0.9944,0.993345,63,94.05,97.7,3.65,13,2.36,0.3534,"[[94.05, 94.24], [94.31, 94.38], [94.51, 94.57], [94.66, 95.19], [95.43, 95.62], [95.74, 95.85], [95.92, 96.06], [96.18, 96.76], [96.83, 96.99], [97.05, 97.09], [97.21, 97.26], [97.32, 97.39], [97.53, 97.7]]",bird-mixit+tweetynet
meabun1,Emberiza cioides,xc:992395,xc_992395,1,"[0.0, 0.997945, 0.0, 0.0]",0.9979,0.9979,27.86,1.0,0.9953,0.993219,11,25.23,25.54,0.31,1,0.31,0.0,"[[25.23, 25.54]]",bird-mixit+tweetynet
meabun1,Emberiza cioides,xc:813374,xc_813374,0,"[0.997794, 0.865156, 0.212117, 0.0]",0.9978,0.9978,27.77,0.9998,0.9951,0.992917,1,1.03,2.23,1.2,2,1.08,0.1,"[[1.03, 1.18], [1.3, 2.23]]",bird-mixit+tweetynet
meabun1,Emberiza cioides,xc:992395,xc_992395,1,"[0.0, 0.997945, 0.0, 0.0]",0.9979,0.9979,27.65,1.0,0.995,0.992916,3,7.78,8.11,0.33,1,0.33,0.0,"[[7.78, 8.11]]",bird-mixit+tweetynet
meabun1,Emberiza cioides,xc:282181,xc_282181,0,"[0.995651, 0.0, 0.0, 0.0]",0.9957,0.9957,29.59,1.0,0.9972,0.992898,8,19.26,23.03,3.77,7,2.8,0.2573,"[[19.26, 19.78], [19.83, 20.14], [20.22, 20.31], [20.58, 21.94], [22.05, 22.2], [22.44, 22.61], [22.83, 23.03]]",bird-mixit+tweetynet
meabun1,Emberiza cioides,xc:268378,xc_268378,0,"[0.998868, 0.999471, 0.690683, 0.969145]",0.9989,0.9995,27.44,0.9986,0.994,0.992892,53,76.5,78.31,1.81,4,1.32,0.2707,"[[76.5, 76.63], [76.79, 77.1], [77.18, 78.0], [78.25, 78.31]]",bird-mixit+tweetynet
meabun1,Emberiza cioides,xc:1024146,xc_1024146,0,"[0.999911, 0.767765, 0.356327, 0.156214]",0.9999,0.9999,26.46,0.9998,0.9928,0.992658,3,16.55,18.42,1.87,3,1.53,0.1818,"[[16.55, 16.62], [16.77, 18.15], [18.34, 18.42]]",bird-mixit+tweetynet
meabun1,Emberiza cioides,xc:822334,xc_822334,0,"[0.99993, 0.0, 0.0, 0.0]",0.9999,0.9999,26.23,1.0,0.9924,0.992273,4,7.2,9.24,2.04,2,1.99,0.0245,"[[7.2, 7.86], [7.91, 9.24]]",bird-mixit+tweetynet
meabun1,Emberiza cioides,xc:992954,xc_992954,0,"[0.996425, 0.010766, 0.0, 0.0]",0.9964,0.9964,28.03,1.0,0.9955,0.991951,8,16.28,16.62,0.34,1,0.34,0.0,"[[16.28, 16.62]]",bird-mixit+tweetynet
meabun1,Emberiza cioides,xc:145206,xc_145206,0,"[0.997644, 0.081256, 0.0, 0.317154]",0.9976,0.9976,27.27,0.9998,0.9943,0.991936,0,0.72,1.92,1.2,2,1.01,0.1583,"[[0.72, 0.82], [1.01, 1.92]]",bird-mixit+tweetynet
meabun1,Emberiza cioides,xc:344901,xc_344901,1,"[0.89053, 0.995897, 0.233154, 0.237874]",0.9959,0.9959,28.41,0.9998,0.9959,0.991827,1,2.72,3.03,0.31,1,0.31,0.0,"[[2.72, 3.03]]",bird-mixit+tweetynet
meabun1,Emberiza cioides,xc:191308,xc_191308,0,"[0.997312, 0.0, 0.0, 0.0]",0.9973,0.9973,27.44,0.9996,0.9945,0.991787,4,10.92,13.85,2.93,6,2.31,0.2116,"[[10.92, 10.95], [11.04, 11.47], [11.57, 12.73], [12.83, 13.09], [13.29, 13.67], [13.8, 13.85]]",bird-mixit+tweetynet
meabun1,Emberiza cioides,xc:813374,xc_813374,0,"[0.997794, 0.865156, 0.212117, 0.0]",0.9978,0.9978,27.0,1.0,0.9939,0.991736,11,17.23,19.03,1.8,3,1.28,0.2889,"[[17.23, 17.37], [17.51, 18.56], [18.94, 19.03]]",bird-mixit+tweetynet
meabun1,Emberiza cioides,xc:992395,xc_992395,1,"[0.0, 0.997945, 0.0, 0.0]",0.9979,0.9979,26.88,1.0,0.9937,0.991626,4,11.74,12.36,0.62,2,0.37,0.4032,"[[11.74, 11.79], [12.04, 12.36]]",bird-mixit+tweetynet
meabun1,Emberiza cioides,xc:1024146,xc_1024146,0,"[0.999911, 0.767765, 0.356327, 0.156214]",0.9999,0.9999,26.03,0.9996,0.9917,0.991609,21,108.35,109.77,1.42,2,1.3,0.0845,"[[108.35, 109.45], [109.57, 109.77]]",bird-mixit+tweetynet
meabun1,Emberiza cioides,xc:1002855,xc_1002855,0,"[0.99563, 0.425406, 0.043778, 0.043137]",0.9956,0.9956,28.3,1.0,0.9959,0.991477,8,18.8,22.91,4.11,5,3.31,0.1946,"[[18.8, 18.92], [19.03, 19.76], [20.03, 20.34], [20.64, 20.94], [21.06, 22.91]]",bird-mixit+tweetynet
meabun1,Emberiza cioides,xc:1024145,xc_1024145,0,"[0.993974, 0.0, 0.0, 0.0]",0.994,0.994,29.55,0.9999,0.9971,0.991121,7,21.36,24.71,3.35,3,2.75,0.1791,"[[21.36, 21.49], [21.78, 22.51], [22.82, 24.71]]",bird-mixit+tweetynet
meabun1,Emberiza cioides,xc:150433,xc_150433,0,"[0.994475, 0.307402, 0.033824, 0.532203]",0.9945,0.9945,28.92,0.9999,0.9966,0.991078,10,30.11,33.73,3.62,3,3.09,0.1464,"[[30.11, 31.76], [31.91, 32.08], [32.46, 33.73]]",bird-mixit+tweetynet
meabun1,Emberiza cioides,xc:813372,xc_813372,1,"[0.0, 0.99878, 0.0, 0.0]",0.9988,0.9988,25.99,1.0,0.9918,0.990608,0,1.25,1.67,0.42,1,0.42,0.0,"[[1.25, 1.67]]",bird-mixit+tweetynet
norpin,Anas acuta,xc:1072198,xc_1072198,3,"[0.423161, 0.089977, 0.017445, 0.995217]",0.9952,0.9952,11.45,0.5934,0.4836,0.48125,52,75.0,76.0,1.0,3,0.67,0.33,"[[75.0, 75.29], [75.34, 75.6], [75.88, 76.0]]",bird-mixit+tweetynet
norpin,Anas acuta,xc:453334,xc_453334,3,"[0.000313, 0.0, 0.0, 0.968065]",0.9681,0.9681,11.7,0.5899,0.4966,0.480761,9,20.28,20.93,0.65,3,0.26,0.6,"[[20.28, 20.34], [20.57, 20.69], [20.85, 20.93]]",bird-mixit+tweetynet
norpin,Anas acuta,xc:113164,xc_113164,0,"[0.492361, 0.959931, 0.47734, 0.949526]",0.4924,0.9599,23.26,0.9351,0.9498,0.467669,66,168.22,169.14,0.92,3,0.66,0.2826,"[[168.22, 168.28], [168.41, 168.94], [169.07, 169.14]]",bird-mixit+tweetynet
norpin,Anas acuta,xc:113164,xc_113164,0,"[0.492361, 0.959931, 0.47734, 0.949526]",0.4924,0.9599,19.66,0.9433,0.9208,0.453405,65,164.9,167.65,2.75,12,1.44,0.4764,"[[164.9, 164.94], [165.09, 165.13], [165.21, 165.5], [165.72, 165.76], [165.84, 165.88], [165.95, 166.0], [166.19, 166.38], [166.44, 166.5], [166.65, 166.7], [166.76, 167.32], [167.38, 167.42], [167.61, 167.65]]",bird-mixit+tweetynet
norpin,Anas acuta,xc:113164,xc_113164,0,"[0.492361, 0.959931, 0.47734, 0.949526]",0.4924,0.9599,17.67,0.9633,0.8922,0.439336,42,87.7,88.82,1.12,4,0.71,0.3661,"[[87.7, 87.75], [87.94, 88.29], [88.43, 88.58], [88.66, 88.82]]",bird-mixit+tweetynet
norpin,Anas acuta,xc:113164,xc_113164,0,"[0.492361, 0.959931, 0.47734, 0.949526]",0.4924,0.9599,18.1,0.9396,0.8913,0.438862,61,147.3,149.71,2.41,6,1.79,0.2573,"[[147.3, 147.42], [147.6, 148.14], [148.27, 148.55], [148.65, 148.79], [148.93, 149.44], [149.51, 149.71]]",bird-mixit+tweetynet
norpin,Anas acuta,xc:113164,xc_113164,0,"[0.492361, 0.959931, 0.47734, 0.949526]",0.4924,0.9599,18.52,0.9111,0.8867,0.43659,18,31.21,32.79,1.58,5,0.98,0.3797,"[[31.21, 31.34], [31.39, 31.71], [31.82, 32.18], [32.48, 32.59], [32.73, 32.79]]",bird-mixit+tweetynet
norpin,Anas acuta,xc:844738,xc_844738,0,"[0.989376, 0.003686, 0.0, 0.0]",0.9894,0.9894,10.92,0.3579,0.3858,0.381755,0,1.2,1.73,0.53,3,0.37,0.3019,"[[1.2, 1.33], [1.4, 1.54], [1.63, 1.73]]",bird-mixit+tweetynet
norpin,Anas acuta,xc:695807,xc_695807,1,"[0.031519, 0.686979, 0.147197, 0.874388]",0.687,0.8744,9.53,0.9122,0.4448,0.30555,13,23.53,26.5,2.97,8,1.58,0.468,"[[23.53, 23.58], [23.93, 23.99], [24.15, 24.21], [24.38, 24.41], [24.58, 24.73], [24.92, 25.02], [25.13, 26.14], [26.38, 26.5]]",bird-mixit+tweetynet
norpin,Anas acuta,xc:161349,xc_161349,0,"[0.998539, 0.010458, 0.10823, 0.795475]",0.9985,0.9985,40.5,-0.9997,0.3,0.299518,66,120.4,120.74,0.34,1,0.34,0.0,"[[120.4, 120.74]]",bird-mixit+tweetynet
norpin,Anas acuta,xc:161349,xc_161349,0,"[0.998539, 0.010458, 0.10823, 0.795475]",0.9985,0.9985,36.6,-0.9994,0.2999,0.299448,48,91.44,92.06,0.62,2,0.37,0.4032,"[[91.44, 91.61], [91.86, 92.06]]",bird-mixit+tweetynet
norpin,Anas acuta,xc:161349,xc_161349,0,"[0.998539, 0.010458, 0.10823, 0.795475]",0.9985,0.9985,36.25,-0.9995,0.2999,0.299436,72,129.32,130.23,0.91,2,0.55,0.3956,"[[129.32, 129.56], [129.92, 130.23]]",bird-mixit+tweetynet
norpin,Anas acuta,xc:161349,xc_161349,0,"[0.998539, 0.010458, 0.10823, 0.795475]",0.9985,0.9985,35.5,-0.9996,0.2999,0.299408,43,85.11,86.34,1.23,4,0.57,0.5366,"[[85.11, 85.42], [85.68, 85.76], [85.87, 85.92], [86.21, 86.34]]",bird-mixit+tweetynet
norpin,Anas acuta,xc:161349,xc_161349,0,"[0.998539, 0.010458, 0.10823, 0.795475]",0.9985,0.9985,34.9,-0.9973,0.2998,0.29938,68,123.05,123.87,0.82,3,0.41,0.5,"[[123.05, 123.26], [123.54, 123.63], [123.76, 123.87]]",bird-mixit+tweetynet
norpin,Anas acuta,xc:161348,xc_161348,0,"[0.997903, 0.176212, 0.223604, 0.795075]",0.9979,0.9979,43.66,-0.9994,0.3,0.299358,53,75.66,76.12,0.46,2,0.37,0.1957,"[[75.66, 75.92], [76.01, 76.12]]",bird-mixit+tweetynet
norpin,Anas acuta,xc:161348,xc_161348,0,"[0.997903, 0.176212, 0.223604, 0.795075]",0.9979,0.9979,38.44,-0.9992,0.2999,0.299311,78,107.77,108.42,0.65,3,0.28,0.5692,"[[107.77, 107.81], [108.08, 108.29], [108.39, 108.42]]",bird-mixit+tweetynet
norpin,Anas acuta,xc:161348,xc_161348,0,"[0.997903, 0.176212, 0.223604, 0.795075]",0.9979,0.9979,38.4,-0.9981,0.2999,0.29931,109,149.55,150.27,0.72,3,0.3,0.5833,"[[149.55, 149.59], [149.8, 149.96], [150.17, 150.27]]",bird-mixit+tweetynet
norpin,Anas acuta,xc:161348,xc_161348,0,"[0.997903, 0.176212, 0.223604, 0.795075]",0.9979,0.9979,38.18,-0.9996,0.2999,0.299306,123,168.94,169.64,0.7,2,0.46,0.3429,"[[168.94, 169.17], [169.41, 169.64]]",bird-mixit+tweetynet
norpin,Anas acuta,xc:161348,xc_161348,0,"[0.997903, 0.176212, 0.223604, 0.795075]",0.9979,0.9979,36.68,-0.9995,0.2999,0.29927,111,151.37,153.87,2.5,7,1.55,0.38,"[[151.37, 151.41], [151.67, 151.71], [151.78, 151.9], [152.08, 152.4], [152.56, 153.24], [153.4, 153.68], [153.8, 153.87]]",bird-mixit+tweetynet
norpin,Anas acuta,xc:614451,xc_614451,3,"[0.318914, 0.395229, 0.251508, 0.998658]",0.9987,0.9987,31.91,-0.9977,0.2996,0.299192,24,40.41,41.16,0.75,2,0.7,0.0667,"[[40.41, 40.96], [41.01, 41.16]]",bird-mixit+tweetynet
norpin,Anas acuta,xc:614451,xc_614451,3,"[0.318914, 0.395229, 0.251508, 0.998658]",0.9987,0.9987,31.87,-0.9968,0.2996,0.299187,23,39.41,39.9,0.49,2,0.35,0.2857,"[[39.41, 39.48], [39.62, 39.9]]",bird-mixit+tweetynet
norpin,Anas acuta,xc:614451,xc_614451,3,"[0.318914, 0.395229, 0.251508, 0.998658]",0.9987,0.9987,31.55,-0.9972,0.2995,0.299145,27,43.12,48.49,5.37,11,3.47,0.3538,"[[43.12, 44.01], [44.1, 44.15], [44.22, 44.6], [44.66, 44.81], [45.04, 45.49], [45.84, 46.33], [46.63, 46.66], [46.88, 47.12], [47.28, 47.7], [47.9, 47.98], [48.2, 48.49]]",bird-mixit+tweetynet
norpin,Anas acuta,xc:614451,xc_614451,3,"[0.318914, 0.395229, 0.251508, 0.998658]",0.9987,0.9987,31.54,-0.9981,0.2995,0.299143,16,28.26,31.28,3.02,9,1.34,0.5563,"[[28.26, 28.33], [28.46, 28.56], [28.61, 28.65], [28.86, 28.91], [29.06, 29.39], [29.65, 29.91], [30.3, 30.57], [30.96, 31.0], [31.1, 31.28]]",bird-mixit+tweetynet
norpin,Anas acuta,xc:614451,xc_614451,3,"[0.318914, 0.395229, 0.251508, 0.998658]",0.9987,0.9987,31.3,-0.9931,0.2995,0.299107,47,88.08,93.78,5.7,16,3.76,0.3404,"[[88.08, 88.31], [88.41, 88.46], [88.61, 88.88], [88.94, 89.11], [89.21, 89.26], [89.35, 89.7], [89.83, 90.15], [90.48, 90.9], [91.05, 91.22], [91.33, 91.52], [91.59, 91.68], [91.79, 92.11], [92.25, 92.97], [93.1, 93.16], [93.33, 93.55], [93.65, 93.78]]",bird-mixit+tweetynet
norpin,Anas acuta,xc:711907,xc_711907,0,"[0.996963, 0.493735, 0.20949, 0.127886]",0.997,0.997,40.58,-0.9986,0.3,0.299069,4,6.28,11.29,5.01,10,3.29,0.3433,"[[6.28, 6.89], [7.04, 7.23], [7.45, 7.53], [7.92, 8.29], [8.37, 8.42], [8.6, 8.8], [8.96, 9.17], [9.24, 9.4], [9.75, 10.31], [10.43, 11.29]]",bird-mixit+tweetynet
norpin,Anas acuta,xc:711907,xc_711907,0,"[0.996963, 0.493735, 0.20949, 0.127886]",0.997,0.997,39.17,-0.998,0.3,0.299053,3,4.11,5.57,1.46,6,0.73,0.5,"[[4.11, 4.2], [4.6, 4.64], [4.69, 4.76], [4.85, 5.17], [5.26, 5.37], [5.47, 5.57]]",bird-mixit+tweetynet
norpin,Anas acuta,xc:711907,xc_711907,0,"[0.996963, 0.493735, 0.20949, 0.127886]",0.997,0.997,37.73,-0.9992,0.2999,0.299027,11,25.97,27.33,1.36,5,0.71,0.4779,"[[25.97, 26.01], [26.24, 26.67], [26.83, 26.95], [27.14, 27.22], [27.29, 27.33]]",bird-mixit+tweetynet
norpin,Anas acuta,xc:711907,xc_711907,0,"[0.996963, 0.493735, 0.20949, 0.127886]",0.997,0.997,37.44,-0.999,0.2999,0.299021,13,30.38,37.35,6.97,18,4.56,0.3458,"[[30.38, 30.48], [30.54, 30.7], [30.84, 30.99], [31.14, 31.36], [31.49, 31.93], [31.98, 32.24], [32.35, 32.38], [32.49, 32.64], [32.9, 33.12], [33.17, 33.39], [33.52, 33.83], [34.02, 34.66], [34.91, 35.28], [35.38, 35.62], [35.85, 36.43], [36.53, 36.57], [36.78, 36.87], [37.01, 37.35]]",bird-mixit+tweetynet
norpin,Anas acuta,xc:711907,xc_711907,0,"[0.996963, 0.493735, 0.20949, 0.127886]",0.997,0.997,37.37,-0.9989,0.2999,0.299019,7,19.95,21.46,1.51,4,0.99,0.3444,"[[19.95, 20.5], [20.81, 20.86], [20.94, 21.29], [21.42, 21.46]]",bird-mixit+tweetynet
norpin,Anas acuta,xc:863507,xc_863507,0,"[0.999139, 0.0, 0.238079, 0.245151]",0.9991,0.9991,29.17,-0.9975,0.299,0.29878,8,10.91,11.43,0.52,2,0.25,0.5192,"[[10.91, 11.05], [11.32, 11.43]]",bird-mixit+tweetynet
norpin,Anas acuta,xc:863507,xc_863507,0,"[0.999139, 0.0, 0.238079, 0.245151]",0.9991,0.9991,29.1,-0.9965,0.299,0.29876,24,47.06,48.04,0.98,4,0.54,0.449,"[[47.06, 47.22], [47.39, 47.53], [47.73, 47.88], [47.95, 48.04]]",bird-mixit+tweetynet
norpin,Anas acuta,xc:863507,xc_863507,0,"[0.999139, 0.0, 0.238079, 0.245151]",0.9991,0.9991,28.24,-0.9933,0.2987,0.298476,17,36.0,37.38,1.38,4,1.0,0.2754,"[[36.0, 36.27], [36.41, 36.95], [37.0, 37.06], [37.25, 37.38]]",bird-mixit+tweetynet
norpin,Anas acuta,xc:1072198,xc_1072198,3,"[0.423161, 0.089977, 0.017445, 0.995217]",0.9952,0.9952,36.93,-0.9991,0.2999,0.298467,0,1.4,1.89,0.49,1,0.49,0.0,"[[1.4, 1.89]]",bird-mixit+tweetynet
norpin,Anas acuta,xc:1072198,xc_1072198,3,"[0.423161, 0.089977, 0.017445, 0.995217]",0.9952,0.9952,36.55,-0.9994,0.2999,0.298456,4,8.63,8.93,0.3,1,0.3,0.0,"[[8.63, 8.93]]",bird-mixit+tweetynet
norpin,Anas acuta,xc:1072198,xc_1072198,3,"[0.423161, 0.089977, 0.017445, 0.995217]",0.9952,0.9952,35.2,-0.999,0.2998,0.298405,6,12.31,14.1,1.79,4,1.02,0.4302,"[[12.31, 12.55], [12.94, 13.44], [13.73, 13.78], [13.87, 14.1]]",bird-mixit+tweetynet
norpin,Anas acuta,xc:1072198,xc_1072198,3,"[0.423161, 0.089977, 0.017445, 0.995217]",0.9952,0.9952,34.84,-0.9984,0.2998,0.298387,3,6.56,7.47,0.91,2,0.85,0.0659,"[[6.56, 6.83], [6.89, 7.47]]",bird-mixit+tweetynet
norpin,Anas acuta,xc:863507,xc_863507,0,"[0.999139, 0.0, 0.238079, 0.245151]",0.9991,0.9991,27.54,-0.9957,0.2985,0.298183,7,10.11,10.42,0.31,1,0.31,0.0,"[[10.11, 10.42]]",bird-mixit+tweetynet
norpin,Anas acuta,xc:863507,xc_863507,0,"[0.999139, 0.0, 0.238079, 0.245151]",0.9991,0.9991,27.08,-0.9934,0.2982,0.297958,28,52.52,53.2,0.68,2,0.33,0.5147,"[[52.52, 52.6], [52.95, 53.2]]",bird-mixit+tweetynet
norpin,Anas acuta,xc:634259,xc_634259,3,"[0.017049, 0.0, 0.014844, 0.995977]",0.996,0.996,29.33,-0.9956,0.2991,0.297896,8,5.91,13.34,7.43,19,4.84,0.3486,"[[5.91, 6.04], [6.15, 6.31], [6.5, 6.97], [7.14, 7.21], [7.36, 7.92], [8.03, 8.18], [8.42, 8.57], [8.62, 8.8], [9.08, 9.2], [9.28, 9.69], [9.91, 10.28], [10.52, 10.67], [10.74, 11.3], [11.51, 11.84], [11.92, 12.0], [12.08, 12.27], [12.33, 12.53], [12.59, 12.65], [12.84, 13.34]]",bird-mixit+tweetynet
norpin,Anas acuta,xc:408105,xc_408105,0,"[0.994631, 0.165869, 0.121901, 0.158458]",0.9946,0.9946,30.0,-0.9984,0.2993,0.297643,28,39.33,40.47,1.14,4,0.55,0.5175,"[[39.33, 39.37], [39.52, 39.57], [39.66, 40.07], [40.42, 40.47]]",bird-mixit+tweetynet
norpin,Anas acuta,xc:706912,xc_706912,0,"[0.996053, 0.0, 0.0, 0.033749]",0.9961,0.9961,28.27,-0.998,0.2988,0.29759,9,18.28,19.95,1.67,6,0.83,0.503,"[[18.28, 18.35], [18.62, 18.65], [18.74, 19.05], [19.31, 19.34], [19.43, 19.52], [19.65, 19.95]]",bird-mixit+tweetynet
norpin,Anas acuta,xc:634259,xc_634259,3,"[0.017049, 0.0, 0.014844, 0.995977]",0.996,0.996,28.1,-0.9982,0.2987,0.297496,7,5.1,5.62,0.52,2,0.3,0.4231,"[[5.1, 5.19], [5.41, 5.62]]",bird-mixit+tweetynet
norpin,Anas acuta,xc:408105,xc_408105,0,"[0.994631, 0.165869, 0.121901, 0.158458]",0.9946,0.9946,29.12,-0.9992,0.299,0.29742,5,11.23,12.02,0.79,3,0.48,0.3924,"[[11.23, 11.38], [11.44, 11.67], [11.92, 12.02]]",bird-mixit+tweetynet
norpin,Anas acuta,xc:770743,xc_770743,3,"[0.00385, 0.325233, 0.023649, 0.99075]",0.9908,0.9908,32.18,-0.9796,0.2996,0.296857,2,4.92,9.84,4.92,15,2.11,0.5711,"[[4.92, 5.0], [5.12, 5.44], [5.56, 5.63], [5.89, 6.14], [6.24, 6.31], [6.41, 6.64], [6.91, 6.94], [7.22, 7.38], [7.47, 7.57], [7.89, 7.95], [8.09, 8.13], [8.22, 8.59], [8.96, 9.02], [9.36, 9.55], [9.76, 9.84]]",bird-mixit+tweetynet
norpin,Anas acuta,xc:706912,xc_706912,0,"[0.996053, 0.0, 0.0, 0.033749]",0.9961,0.9961,26.3,-0.9986,0.2978,0.296601,0,0.13,2.0,1.87,6,0.78,0.5829,"[[0.13, 0.17], [0.39, 0.49], [0.74, 0.78], [0.93, 1.08], [1.48, 1.67], [1.74, 2.0]]",bird-mixit+tweetynet
norpin,Anas acuta,xc:770743,xc_770743,3,"[0.00385, 0.325233, 0.023649, 0.99075]",0.9908,0.9908,29.86,-0.9921,0.2992,0.296473,9,19.18,20.03,0.85,3,0.57,0.3294,"[[19.18, 19.35], [19.43, 19.65], [19.85, 20.03]]",bird-mixit+tweetynet
norpin,Anas acuta,xc:408105,xc_408105,0,"[0.994631, 0.165869, 0.121901, 0.158458]",0.9946,0.9946,26.7,-0.9983,0.298,0.296401,36,60.85,63.16,2.31,4,1.88,0.1861,"[[60.85, 61.14], [61.23, 61.45], [61.63, 62.28], [62.44, 63.16]]",bird-mixit+tweetynet
norpin,Anas acuta,xc:408105,xc_408105,0,"[0.994631, 0.165869, 0.121901, 0.158458]",0.9946,0.9946,26.06,-0.9988,0.2976,0.295988,29,40.91,41.88,0.97,2,0.6,0.3814,"[[40.91, 41.08], [41.45, 41.88]]",bird-mixit+tweetynet
norpin,Anas acuta,xc:770743,xc_770743,3,"[0.00385, 0.325233, 0.023649, 0.99075]",0.9908,0.9908,28.06,-0.9948,0.2987,0.295929,0,0.02,3.51,3.49,7,2.8,0.1977,"[[0.02, 0.09], [0.26, 1.29], [1.37, 1.4], [1.51, 2.29], [2.36, 2.42], [2.61, 3.09], [3.16, 3.51]]",bird-mixit+tweetynet
norpin,Anas acuta,xc:844738,xc_844738,0,"[0.989376, 0.003686, 0.0, 0.0]",0.9894,0.9894,29.28,-0.9979,0.2991,0.295909,2,3.31,3.72,0.41,1,0.41,0.0,"[[3.31, 3.72]]",bird-mixit+tweetynet
norpin,Anas acuta,xc:617385,xc_617385,0,"[0.986365, 0.006837, 0.0, 0.0]",0.9864,0.9864,35.44,-0.9993,0.2999,0.295777,11,22.45,23.26,0.81,3,0.62,0.2346,"[[22.45, 22.93], [23.07, 23.17], [23.22, 23.26]]",bird-mixit+tweetynet
norpin,Anas acuta,xc:617385,xc_617385,0,"[0.986365, 0.006837, 0.0, 0.0]",0.9864,0.9864,35.02,-0.9989,0.2998,0.295757,3,6.43,7.42,0.99,3,0.74,0.2525,"[[6.43, 6.93], [7.0, 7.16], [7.34, 7.42]]",bird-mixit+tweetynet
norpin,Anas acuta,xc:617385,xc_617385,0,"[0.986365, 0.006837, 0.0, 0.0]",0.9864,0.9864,34.44,-0.9994,0.2998,0.295726,0,0.77,1.22,0.45,1,0.45,0.0,"[[0.77, 1.22]]",bird-mixit+tweetynet
norpin,Anas acuta,xc:617385,xc_617385,0,"[0.986365, 0.006837, 0.0, 0.0]",0.9864,0.9864,34.35,-0.9992,0.2998,0.295721,16,28.82,29.65,0.83,2,0.51,0.3855,"[[28.82, 29.3], [29.62, 29.65]]",bird-mixit+tweetynet
norpin,Anas acuta,xc:408105,xc_408105,0,"[0.994631, 0.165869, 0.121901, 0.158458]",0.9946,0.9946,25.69,-0.9976,0.2973,0.295706,40,65.8,67.7,1.9,6,1.04,0.4526,"[[65.8, 65.88], [66.11, 66.15], [66.35, 66.5], [66.61, 67.14], [67.38, 67.48], [67.56, 67.7]]",bird-mixit+tweetynet
norpin,Anas acuta,xc:617385,xc_617385,0,"[0.986365, 0.006837, 0.0, 0.0]",0.9864,0.9864,33.99,-0.9989,0.2998,0.295698,17,30.16,31.58,1.42,3,0.81,0.4296,"[[30.16, 30.21], [30.48, 30.55], [30.89, 31.58]]",bird-mixit+tweetynet
norpin,Anas acuta,xc:616572,xc_616572,0,"[0.982816, 0.005337, 0.0, 0.527126]",0.9828,0.9828,34.45,-0.9991,0.2998,0.294648,41,60.24,60.64,0.4,1,0.4,0.0,"[[60.24, 60.64]]",bird-mixit+tweetynet
norpin,Anas acuta,xc:971856,xc_971856,0,"[0.986216, 0.008911, 0.0, 0.0]",0.9862,0.9862,27.93,-0.9933,0.2986,0.294501,9,10.96,11.29,0.33,1,0.33,0.0,"[[10.96, 11.29]]",bird-mixit+tweetynet
norpin,Anas acuta,xc:616572,xc_616572,0,"[0.982816, 0.005337, 0.0, 0.527126]",0.9828,0.9828,32.47,-0.9987,0.2996,0.294492,21,34.69,35.23,0.54,2,0.48,0.1111,"[[34.69, 35.12], [35.18, 35.23]]",bird-mixit+tweetynet
norpin,Anas acuta,xc:616572,xc_616572,0,"[0.982816, 0.005337, 0.0, 0.527126]",0.9828,0.9828,30.15,-0.9987,0.2993,0.294144,39,58.04,58.73,0.69,2,0.59,0.1449,"[[58.04, 58.54], [58.64, 58.73]]",bird-mixit+tweetynet
norpin,Anas acuta,xc:706912,xc_706912,0,"[0.996053, 0.0, 0.0, 0.033749]",0.9961,0.9961,23.75,-0.9985,0.2952,0.294074,3,4.63,6.36,1.73,4,0.9,0.4798,"[[4.63, 4.89], [5.16, 5.2], [5.51, 5.97], [6.22, 6.36]]",bird-mixit+tweetynet
norpin,Anas acuta,xc:818919,xc_818919,0,"[0.980023, 0.010805, 0.0, 0.207438]",0.98,0.98,39.1,-0.9992,0.3,0.293952,4,16.41,17.39,0.98,2,0.69,0.2959,"[[16.41, 16.82], [17.11, 17.39]]",bird-mixit+tweetynet
norpin,Anas acuta,xc:706912,xc_706912,0,"[0.996053, 0.0, 0.0, 0.033749]",0.9961,0.9961,23.56,-0.9974,0.295,0.293809,5,7.79,15.59,7.8,19,4.35,0.4423,"[[7.79, 8.07], [8.29, 9.35], [9.5, 9.98], [10.12, 10.26], [10.49, 10.59], [10.81, 10.89], [11.05, 11.23], [11.42, 11.51], [11.73, 11.8], [12.01, 12.13], [12.35, 12.44], [12.6, 12.77], [12.94, 13.04], [13.27, 13.35], [13.49, 13.73], [13.92, 13.97], [14.15, 14.71], [14.98, 15.21], [15.36, 15.59]]",bird-mixit+tweetynet
norpin,Anas acuta,xc:971856,xc_971856,0,"[0.986216, 0.008911, 0.0, 0.0]",0.9862,0.9862,26.13,-0.9913,0.2976,0.293533,4,6.86,7.64,0.78,3,0.33,0.5769,"[[6.86, 7.12], [7.51, 7.54], [7.6, 7.64]]",bird-mixit+tweetynet
norpin,Anas acuta,xc:616572,xc_616572,0,"[0.982816, 0.005337, 0.0, 0.527126]",0.9828,0.9828,28.01,-0.9984,0.2987,0.29352,11,17.4,18.4,1.0,1,1.0,0.0,"[[17.4, 18.4]]",bird-mixit+tweetynet
norpin,Anas acuta,xc:844738,xc_844738,0,"[0.989376, 0.003686, 0.0, 0.0]",0.9894,0.9894,24.72,-0.9941,0.2964,0.293282,5,5.83,7.5,1.67,4,1.14,0.3174,"[[5.83, 6.04], [6.14, 6.48], [6.81, 7.06], [7.16, 7.5]]",bird-mixit+tweetynet
norpin,Anas acuta,xc:616572,xc_616572,0,"[0.982816, 0.005337, 0.0, 0.527126]",0.9828,0.9828,27.21,-0.9983,0.2983,0.293162,1,1.16,7.68,6.52,14,3.77,0.4218,"[[1.16, 1.88], [2.28, 2.9], [3.25, 3.3], [3.48, 3.63], [3.69, 4.08], [4.21, 4.57], [4.76, 4.96], [5.2, 5.65], [5.85, 5.92], [6.1, 6.27], [6.38, 6.49], [6.77, 6.96], [7.29, 7.52], [7.62, 7.68]]",bird-mixit+tweetynet
norpin,Anas acuta,xc:640792,xc_640792,3,"[0.003616, 0.0, 0.012996, 0.97737]",0.9774,0.9774,38.2,-0.9985,0.2999,0.293158,3,4.73,5.04,0.31,1,0.31,0.0,"[[4.73, 5.04]]",bird-mixit+tweetynet
norpin,Anas acuta,xc:640792,xc_640792,3,"[0.003616, 0.0, 0.012996, 0.97737]",0.9774,0.9774,37.88,-0.9992,0.2999,0.293152,8,8.34,9.1,0.76,3,0.38,0.5,"[[8.34, 8.37], [8.64, 8.71], [8.82, 9.1]]",bird-mixit+tweetynet
norpin,Anas acuta,xc:640792,xc_640792,3,"[0.003616, 0.0, 0.012996, 0.97737]",0.9774,0.9774,35.88,-0.9986,0.2999,0.293096,0,0.05,1.42,1.37,4,0.67,0.5109,"[[0.05, 0.2], [0.56, 0.72], [0.83, 1.05], [1.28, 1.42]]",bird-mixit+tweetynet
norpin,Anas acuta,xc:640792,xc_640792,3,"[0.003616, 0.0, 0.012996, 0.97737]",0.9774,0.9774,34.77,-0.9986,0.2998,0.293046,2,2.56,2.95,0.39,2,0.3,0.2308,"[[2.56, 2.83], [2.92, 2.95]]",bird-mixit+tweetynet
norpin,Anas acuta,xc:340603,xc_340603,3,"[0.0, 0.0, 0.0, 0.977025]",0.977,0.977,34.45,-0.9983,0.2998,0.292909,4,7.44,8.35,0.91,4,0.55,0.3956,"[[7.44, 7.5], [7.66, 7.84], [7.91, 7.95], [8.08, 8.35]]",bird-mixit+tweetynet
norpin,Anas acuta,xc:340603,xc_340603,3,"[0.0, 0.0, 0.0, 0.977025]",0.977,0.977,33.54,-0.9975,0.2997,0.292849,0,0.91,1.72,0.81,3,0.53,0.3457,"[[0.91, 1.09], [1.3, 1.57], [1.64, 1.72]]",bird-mixit+tweetynet
norpin,Anas acuta,xc:634259,xc_634259,3,"[0.017049, 0.0, 0.014844, 0.995977]",0.996,0.996,22.89,-0.9963,0.2938,0.29267,4,2.81,3.26,0.45,1,0.45,0.0,"[[2.81, 3.26]]",bird-mixit+tweetynet
norpin,Anas acuta,xc:786076,xc_786076,0,"[0.999228, 0.195245, 0.194232, 0.009608]",0.9992,0.9992,22.34,-0.9853,0.2928,0.292544,6,19.96,23.98,4.02,9,2.93,0.2711,"[[19.96, 20.09], [20.2, 20.23], [20.43, 20.53], [20.63, 20.8], [20.95, 21.46], [21.64, 22.27], [22.39, 22.83], [22.93, 23.32], [23.45, 23.98]]",bird-mixit+tweetynet
norsho,Spatula clypeata,xc:800991,xc_800991,3,"[0.0, 0.019296, 0.0, 0.999922]",0.9999,0.9999,21.58,0.9021,0.9224,0.922356,8,9.73,16.64,6.91,21,4.18,0.3951,"[[9.73, 9.84], [10.03, 10.07], [10.3, 10.37], [10.59, 11.08], [11.28, 11.37], [11.57, 11.78], [11.83, 11.97], [12.02, 12.14], [12.38, 13.11], [13.32, 13.37], [13.55, 13.6], [13.65, 13.96], [14.01, 14.2], [14.38, 14.57], [14.63, 14.69], [14.83, 15.19], [15.38, 15.44], [15.49, 15.87], [15.94, 15.97], [16.02, 16.1], [16.22, 16.64]]",bird-mixit+tweetynet
norsho,Spatula clypeata,xc:800991,xc_800991,3,"[0.0, 0.019296, 0.0, 0.999922]",0.9999,0.9999,26.6,0.7672,0.8776,0.877492,4,3.96,5.22,1.26,5,0.6,0.5238,"[[3.96, 4.13], [4.21, 4.47], [4.62, 4.66], [4.89, 4.93], [5.13, 5.22]]",bird-mixit+tweetynet
norsho,Spatula clypeata,xc:501879,xc_501879,0,"[0.99968, 0.978306, 0.9994, 0.998967]",0.9997,0.9997,39.53,0.7317,0.8657,0.865469,62,97.31,97.66,0.35,1,0.35,0.0,"[[97.31, 97.66]]",bird-mixit+tweetynet
norsho,Spatula clypeata,xc:190728,xc_190728,0,"[0.999972, 0.0, 0.005607, 0.467331]",1.0,1.0,18.24,0.8639,0.8594,0.859389,1,1.54,5.68,4.14,15,2.17,0.4758,"[[1.54, 1.65], [1.74, 2.07], [2.22, 2.51], [2.66, 2.77], [2.83, 2.88], [3.09, 3.13], [3.38, 3.53], [3.62, 3.79], [3.92, 3.98], [4.07, 4.27], [4.36, 4.47], [4.63, 4.79], [4.99, 5.1], [5.25, 5.37], [5.52, 5.68]]",bird-mixit+tweetynet
norsho,Spatula clypeata,xc:501879,xc_501879,0,"[0.99968, 0.978306, 0.9994, 0.998967]",0.9997,0.9997,30.19,0.7217,0.8588,0.858558,18,30.37,30.74,0.37,2,0.26,0.2973,"[[30.37, 30.42], [30.53, 30.74]]",bird-mixit+tweetynet
norsho,Spatula clypeata,xc:501879,xc_501879,0,"[0.99968, 0.978306, 0.9994, 0.998967]",0.9997,0.9997,40.12,0.6966,0.8482,0.847969,45,75.55,77.13,1.58,5,0.89,0.4367,"[[75.55, 75.61], [75.75, 75.8], [76.1, 76.35], [76.49, 76.79], [76.9, 77.13]]",bird-mixit+tweetynet
norsho,Spatula clypeata,xc:501879,xc_501879,0,"[0.99968, 0.978306, 0.9994, 0.998967]",0.9997,0.9997,42.24,0.6812,0.8406,0.840301,42,72.82,73.55,0.73,3,0.38,0.4795,"[[72.82, 72.86], [73.03, 73.16], [73.34, 73.55]]",bird-mixit+tweetynet
norsho,Spatula clypeata,xc:462556,xc_462556,1,"[0.010693, 0.999761, 0.016953, 0.206653]",0.9998,0.9998,16.89,0.8763,0.8326,0.832473,24,50.95,56.02,5.07,18,2.56,0.4951,"[[50.95, 51.13], [51.27, 51.39], [51.54, 51.68], [51.79, 51.99], [52.11, 52.51], [52.72, 52.8], [52.96, 53.06], [53.32, 53.4], [53.63, 53.74], [53.93, 54.03], [54.15, 54.25], [54.34, 54.51], [54.59, 54.8], [54.95, 54.99], [55.06, 55.2], [55.27, 55.41], [55.65, 55.84], [55.96, 56.02]]",bird-mixit+tweetynet
norsho,Spatula clypeata,xc:800991,xc_800991,3,"[0.0, 0.019296, 0.0, 0.999922]",0.9999,0.9999,22.38,0.7019,0.8307,0.830619,3,2.87,3.39,0.52,3,0.36,0.3077,"[[2.87, 2.91], [2.99, 3.16], [3.24, 3.39]]",bird-mixit+tweetynet
norsho,Spatula clypeata,xc:190728,xc_190728,0,"[0.999972, 0.0, 0.005607, 0.467331]",1.0,1.0,17.0,0.8585,0.8278,0.827841,0,0.03,1.07,1.04,4,0.49,0.5288,"[[0.03, 0.25], [0.55, 0.63], [0.71, 0.81], [0.98, 1.07]]",bird-mixit+tweetynet
norsho,Spatula clypeata,xc:690061,xc_690061,0,"[0.984737, 0.0, 0.0, 0.007964]",0.9847,0.9847,24.07,0.7043,0.8398,0.82699,5,9.19,10.54,1.35,5,0.79,0.4148,"[[9.19, 9.31], [9.45, 9.57], [9.84, 9.9], [9.97, 10.06], [10.14, 10.54]]",bird-mixit+tweetynet
norsho,Spatula clypeata,xc:462556,xc_462556,1,"[0.010693, 0.999761, 0.016953, 0.206653]",0.9998,0.9998,16.58,0.8817,0.8259,0.825777,23,47.6,50.67,3.07,10,1.66,0.4593,"[[47.6, 47.73], [47.79, 48.22], [48.47, 48.58], [48.75, 48.84], [49.07, 49.17], [49.37, 49.47], [49.65, 49.78], [49.83, 49.86], [49.95, 50.41], [50.59, 50.67]]",bird-mixit+tweetynet
norsho,Spatula clypeata,xc:617375,xc_617375,0,"[0.999866, 0.03306, 0.005512, 0.0]",0.9999,0.9999,20.37,0.7188,0.8227,0.822636,13,42.2,46.64,4.44,11,2.82,0.3649,"[[42.2, 42.35], [42.52, 42.62], [42.96, 43.04], [43.09, 43.25], [43.63, 44.26], [44.4, 44.66], [44.71, 45.15], [45.2, 45.4], [45.49, 45.99], [46.13, 46.2], [46.41, 46.64]]",bird-mixit+tweetynet
norsho,Spatula clypeata,xc:462556,xc_462556,1,"[0.010693, 0.999761, 0.016953, 0.206653]",0.9998,0.9998,15.38,0.9542,0.815,0.814873,0,0.08,1.9,1.82,7,1.08,0.4066,"[[0.08, 0.16], [0.29, 0.39], [0.57, 0.71], [0.82, 0.91], [1.05, 1.39], [1.49, 1.68], [1.76, 1.9]]",bird-mixit+tweetynet
norsho,Spatula clypeata,xc:617374,xc_617374,1,"[0.462532, 0.999355, 0.046658, 0.196613]",0.9994,0.9994,21.88,0.6601,0.8072,0.806668,2,5.18,7.15,1.97,6,1.09,0.4467,"[[5.18, 5.22], [5.38, 5.66], [5.71, 5.92], [6.07, 6.16], [6.36, 6.42], [6.74, 7.15]]",bird-mixit+tweetynet
norsho,Spatula clypeata,xc:501879,xc_501879,0,"[0.99968, 0.978306, 0.9994, 0.998967]",0.9997,0.9997,35.51,0.6033,0.8013,0.801054,17,23.03,29.8,6.77,26,3.62,0.4653,"[[23.03, 23.12], [23.28, 23.35], [23.43, 23.6], [23.7, 23.8], [23.89, 24.04], [24.1, 24.51], [24.61, 25.35], [25.51, 25.59], [25.68, 25.79], [25.91, 26.12], [26.22, 26.28], [26.33, 26.51], [26.68, 26.81], [26.9, 27.1], [27.35, 27.39], [27.56, 27.61], [27.78, 27.84], [28.0, 28.06], [28.23, 28.29], [28.37, 28.6], [28.67, 28.75], [28.8, 28.84], [28.91, 28.98], [29.13, 29.21], [29.5, 29.56], [29.71, 29.8]]",bird-mixit+tweetynet
norsho,Spatula clypeata,xc:872818,xc_872818,0,"[0.982307, 0.05898, 0.015471, 0.0]",0.9823,0.9823,15.33,0.9496,0.811,0.796667,16,26.83,27.04,0.21,1,0.21,0.0,"[[26.83, 27.04]]",bird-mixit+tweetynet
norsho,Spatula clypeata,xc:996354,xc_996354,1,"[0.001535, 0.997559, 0.0, 0.0]",0.9976,0.9976,17.44,0.7452,0.7881,0.786182,3,5.69,6.31,0.62,3,0.43,0.3065,"[[5.69, 5.83], [5.88, 6.08], [6.22, 6.31]]",bird-mixit+tweetynet
norsho,Spatula clypeata,xc:800991,xc_800991,3,"[0.0, 0.019296, 0.0, 0.999922]",0.9999,0.9999,18.49,0.6669,0.7729,0.772811,2,1.81,2.36,0.55,3,0.34,0.3818,"[[1.81, 1.84], [1.94, 2.1], [2.21, 2.36]]",bird-mixit+tweetynet
norsho,Spatula clypeata,xc:800991,xc_800991,3,"[0.0, 0.019296, 0.0, 0.999922]",0.9999,0.9999,24.58,0.5515,0.7661,0.766009,10,19.63,21.2,1.57,6,1.04,0.3376,"[[19.63, 19.81], [19.88, 20.03], [20.13, 20.16], [20.3, 20.45], [20.59, 20.78], [20.86, 21.2]]",bird-mixit+tweetynet
norsho,Spatula clypeata,xc:800553,xc_800553,0,"[0.998915, 0.0, 0.0, 0.0]",0.9989,0.9989,22.44,0.545,0.7544,0.753585,6,7.91,9.13,1.22,4,0.65,0.4672,"[[7.91, 8.08], [8.18, 8.34], [8.71, 8.89], [8.99, 9.13]]",bird-mixit+tweetynet
norsho,Spatula clypeata,xc:462556,xc_462556,1,"[0.010693, 0.999761, 0.016953, 0.206653]",0.9998,0.9998,14.2,0.9238,0.7494,0.749241,20,35.19,37.14,1.95,8,0.99,0.4923,"[[35.19, 35.24], [35.38, 35.47], [35.53, 35.71], [35.84, 36.04], [36.19, 36.28], [36.61, 36.71], [36.76, 36.85], [36.95, 37.14]]",bird-mixit+tweetynet
norsho,Spatula clypeata,xc:690061,xc_690061,0,"[0.984737, 0.0, 0.0, 0.007964]",0.9847,0.9847,22.56,0.5531,0.759,0.747405,0,0.02,2.96,2.94,7,2.01,0.3163,"[[0.02, 0.4], [0.53, 0.67], [0.97, 1.0], [1.05, 1.13], [1.2, 1.67], [1.79, 2.61], [2.87, 2.96]]",bird-mixit+tweetynet
norsho,Spatula clypeata,xc:190728,xc_190728,0,"[0.999972, 0.0, 0.005607, 0.467331]",1.0,1.0,14.95,0.8287,0.7456,0.745593,2,6.07,12.52,6.45,22,3.68,0.4295,"[[6.07, 6.12], [6.24, 6.4], [6.53, 6.63], [6.75, 6.84], [6.96, 7.03], [7.11, 7.23], [7.3, 7.48], [7.6, 8.13], [8.24, 8.34], [8.51, 8.54], [8.85, 8.99], [9.11, 9.22], [9.3, 9.37], [9.54, 9.64], [9.76, 9.87], [9.96, 10.14], [10.2, 10.34], [10.65, 10.87], [10.95, 11.06], [11.12, 11.3], [11.46, 11.54], [11.71, 12.52]]",bird-mixit+tweetynet
norsho,Spatula clypeata,xc:462556,xc_462556,1,"[0.010693, 0.999761, 0.016953, 0.206653]",0.9998,0.9998,14.97,0.8262,0.7451,0.744977,14,17.83,23.92,6.09,19,4.15,0.3186,"[[17.83, 17.97], [18.1, 18.22], [18.4, 18.61], [18.78, 19.14], [19.28, 19.35], [19.43, 20.12], [20.18, 20.46], [20.64, 20.7], [20.77, 20.84], [21.01, 21.06], [21.13, 21.45], [21.61, 21.69], [21.76, 21.87], [21.92, 22.05], [22.11, 22.42], [22.5, 22.92], [23.0, 23.28], [23.36, 23.43], [23.54, 23.92]]",bird-mixit+tweetynet
norsho,Spatula clypeata,xc:996354,xc_996354,1,"[0.001535, 0.997559, 0.0, 0.0]",0.9976,0.9976,19.83,0.5666,0.7443,0.742539,5,7.85,8.34,0.49,2,0.37,0.2449,"[[7.85, 8.06], [8.18, 8.34]]",bird-mixit+tweetynet
norsho,Spatula clypeata,xc:690061,xc_690061,0,"[0.984737, 0.0, 0.0, 0.007964]",0.9847,0.9847,22.55,0.5378,0.7515,0.739989,4,8.14,8.57,0.43,2,0.27,0.3721,"[[8.14, 8.32], [8.48, 8.57]]",bird-mixit+tweetynet
norsho,Spatula clypeata,xc:1020451,xc_1020451,3,"[0.0, 0.28913, 0.287482, 0.999848]",0.9998,0.9998,18.5,0.5935,0.739,0.738862,9,15.83,16.36,0.53,2,0.43,0.1887,"[[15.83, 15.88], [15.98, 16.36]]",bird-mixit+tweetynet
norsho,Spatula clypeata,xc:690061,xc_690061,0,"[0.984737, 0.0, 0.0, 0.007964]",0.9847,0.9847,21.8,0.5309,0.7439,0.732472,6,11.16,12.55,1.39,3,1.22,0.1223,"[[11.16, 11.29], [11.39, 12.37], [12.44, 12.55]]",bird-mixit+tweetynet
norsho,Spatula clypeata,xc:872818,xc_872818,0,"[0.982307, 0.05898, 0.015471, 0.0]",0.9823,0.9823,14.93,0.8104,0.7374,0.724304,9,18.43,18.58,0.15,1,0.15,0.0,"[[18.43, 18.58]]",bird-mixit+tweetynet
norsho,Spatula clypeata,xc:695812,xc_695812,0,"[0.780165, 0.0, 0.018425, 0.0]",0.7802,0.7802,17.55,0.9989,0.9055,0.706447,3,2.24,2.7,0.46,2,0.34,0.2609,"[[2.24, 2.39], [2.51, 2.7]]",bird-mixit+tweetynet
norsho,Spatula clypeata,xc:690061,xc_690061,0,"[0.984737, 0.0, 0.0, 0.007964]",0.9847,0.9847,17.29,0.5801,0.7103,0.699456,3,7.22,7.6,0.38,2,0.21,0.4474,"[[7.22, 7.35], [7.52, 7.6]]",bird-mixit+tweetynet
norsho,Spatula clypeata,xc:872818,xc_872818,0,"[0.982307, 0.05898, 0.015471, 0.0]",0.9823,0.9823,13.71,0.8352,0.6904,0.678223,17,27.54,29.79,2.25,6,1.37,0.3911,"[[27.54, 27.88], [28.07, 28.63], [28.82, 29.01], [29.11, 29.22], [29.4, 29.5], [29.72, 29.79]]",bird-mixit+tweetynet
norsho,Spatula clypeata,xc:138003,xc_138003,2,"[0.045058, 0.0, 0.993003, 0.022441]",0.993,0.993,13.58,0.7891,0.6667,0.66208,59,126.16,126.49,0.33,2,0.2,0.3939,"[[126.16, 126.31], [126.44, 126.49]]",bird-mixit+tweetynet
norsho,Spatula clypeata,xc:800553,xc_800553,0,"[0.998915, 0.0, 0.0, 0.0]",0.9989,0.9989,19.62,0.3988,0.6625,0.661768,5,5.71,6.66,0.95,4,0.57,0.4,"[[5.71, 5.87], [5.98, 6.12], [6.28, 6.44], [6.55, 6.66]]",bird-mixit+tweetynet
norsho,Spatula clypeata,xc:872818,xc_872818,0,"[0.982307, 0.05898, 0.015471, 0.0]",0.9823,0.9823,14.81,0.6635,0.6727,0.660745,15,25.95,26.29,0.34,2,0.19,0.4412,"[[25.95, 26.0], [26.15, 26.29]]",bird-mixit+tweetynet
norsho,Spatula clypeata,xc:996354,xc_996354,1,"[0.001535, 0.997559, 0.0, 0.0]",0.9976,0.9976,18.43,0.4206,0.6579,0.6563,6,8.85,11.62,2.77,11,1.24,0.5523,"[[8.85, 8.98], [9.11, 9.24], [9.56, 9.62], [9.79, 10.07], [10.18, 10.25], [10.42, 10.46], [10.57, 10.71], [10.87, 10.92], [10.98, 11.15], [11.25, 11.39], [11.59, 11.62]]",bird-mixit+tweetynet
norsho,Spatula clypeata,xc:617374,xc_617374,1,"[0.462532, 0.999355, 0.046658, 0.196613]",0.9994,0.9994,16.12,0.5136,0.6527,0.652288,4,8.68,10.26,1.58,5,1.11,0.2975,"[[8.68, 8.94], [9.06, 9.2], [9.3, 9.71], [9.89, 10.08], [10.15, 10.26]]",bird-mixit+tweetynet
norsho,Spatula clypeata,xc:138003,xc_138003,2,"[0.045058, 0.0, 0.993003, 0.022441]",0.993,0.993,18.11,0.416,0.6509,0.646317,52,118.71,119.27,0.56,2,0.26,0.5357,"[[118.71, 118.91], [119.21, 119.27]]",bird-mixit+tweetynet
norsho,Spatula clypeata,xc:1020451,xc_1020451,3,"[0.0, 0.28913, 0.287482, 0.999848]",0.9998,0.9998,14.92,0.5803,0.6432,0.64308,22,35.77,37.96,2.19,9,1.06,0.516,"[[35.77, 35.81], [35.88, 35.97], [36.04, 36.09], [36.36, 36.51], [36.64, 37.01], [37.18, 37.21], [37.46, 37.66], [37.76, 37.86], [37.93, 37.96]]",bird-mixit+tweetynet
norsho,Spatula clypeata,xc:871138,xc_871138,3,"[0.726919, 0.999509, 0.047345, 0.999984]",1.0,1.0,17.5,0.4044,0.6353,0.635282,89,123.88,125.83,1.95,9,0.89,0.5436,"[[123.88, 123.96], [124.17, 124.27], [124.44, 124.51], [124.67, 124.74], [124.84, 124.94], [125.05, 125.2], [125.31, 125.39], [125.52, 125.58], [125.65, 125.83]]",bird-mixit+tweetynet
norsho,Spatula clypeata,xc:996354,xc_996354,1,"[0.001535, 0.997559, 0.0, 0.0]",0.9976,0.9976,14.17,0.6073,0.625,0.623451,0,0.34,3.1,2.76,7,1.74,0.3696,"[[0.34, 1.0], [1.05, 1.52], [1.69, 1.78], [1.93, 2.21], [2.5, 2.55], [2.75, 2.87], [3.03, 3.1]]",bird-mixit+tweetynet
norsho,Spatula clypeata,xc:1020451,xc_1020451,3,"[0.0, 0.28913, 0.287482, 0.999848]",0.9998,0.9998,16.32,0.4096,0.6129,0.612738,24,39.98,40.56,0.58,3,0.32,0.4483,"[[39.98, 40.15], [40.29, 40.41], [40.53, 40.56]]",bird-mixit+tweetynet
norsho,Spatula clypeata,xc:683725,xc_683725,3,"[0.0, 0.035597, 0.151743, 0.746499]",0.7465,0.7465,17.49,0.8133,0.82,0.612167,13,14.1,14.65,0.55,3,0.29,0.4727,"[[14.1, 14.17], [14.34, 14.49], [14.58, 14.65]]",bird-mixit+tweetynet
norsho,Spatula clypeata,xc:1020451,xc_1020451,3,"[0.0, 0.28913, 0.287482, 0.999848]",0.9998,0.9998,15.65,0.4409,0.6086,0.608475,23,38.46,39.52,1.06,4,0.58,0.4528,"[[38.46, 38.61], [38.68, 38.98], [39.21, 39.24], [39.42, 39.52]]",bird-mixit+tweetynet
norsho,Spatula clypeata,xc:475655,xc_475655,1,"[0.033392, 0.999704, 0.0, 0.018142]",0.9997,0.9997,19.73,0.2667,0.6009,0.600702,1,4.78,7.58,2.8,6,2.01,0.2821,"[[4.78, 5.2], [5.25, 5.38], [5.45, 5.5], [5.72, 5.83], [6.12, 6.17], [6.33, 7.58]]",bird-mixit+tweetynet
norsho,Spatula clypeata,xc:996354,xc_996354,1,"[0.001535, 0.997559, 0.0, 0.0]",0.9976,0.9976,13.6,0.5709,0.5865,0.585114,1,3.89,4.45,0.56,3,0.24,0.5714,"[[3.89, 4.02], [4.19, 4.27], [4.42, 4.45]]",bird-mixit+tweetynet
norsho,Spatula clypeata,xc:871138,xc_871138,3,"[0.726919, 0.999509, 0.047345, 0.999984]",1.0,1.0,16.06,0.3556,0.5832,0.583207,0,0.43,2.92,2.49,9,1.23,0.506,"[[0.43, 0.53], [0.72, 0.83], [1.02, 1.07], [1.39, 1.5], [1.6, 1.76], [1.87, 1.95], [2.12, 2.35], [2.4, 2.64], [2.77, 2.92]]",bird-mixit+tweetynet
norsho,Spatula clypeata,xc:872818,xc_872818,0,"[0.982307, 0.05898, 0.015471, 0.0]",0.9823,0.9823,12.83,0.656,0.5802,0.569893,4,10.11,15.11,5.0,14,2.61,0.478,"[[10.11, 10.14], [10.34, 10.38], [10.68, 10.84], [11.15, 11.48], [11.64, 11.84], [12.08, 12.24], [12.4, 12.48], [12.78, 12.86], [12.96, 13.15], [13.43, 13.89], [13.95, 14.44], [14.53, 14.58], [14.72, 14.98], [15.03, 15.11]]",bird-mixit+tweetynet
norsho,Spatula clypeata,xc:683725,xc_683725,3,"[0.0, 0.035597, 0.151743, 0.746499]",0.7465,0.7465,16.63,0.7344,0.7628,0.569425,15,15.83,16.49,0.66,4,0.32,0.5152,"[[15.83, 15.88], [16.01, 16.09], [16.17, 16.29], [16.42, 16.49]]",bird-mixit+tweetynet
norsho,Spatula clypeata,xc:871135,xc_871135,0,"[0.940625, 0.0, 0.0, 0.0]",0.9406,0.9406,33.37,0.2097,0.6043,0.568393,4,5.38,5.97,0.59,3,0.42,0.2881,"[[5.38, 5.55], [5.61, 5.78], [5.89, 5.97]]",bird-mixit+tweetynet
norsho,Spatula clypeata,xc:800553,xc_800553,0,"[0.998915, 0.0, 0.0, 0.0]",0.9989,0.9989,13.91,0.4891,0.5687,0.56804,4,4.84,5.24,0.4,2,0.29,0.275,"[[4.84, 5.0], [5.11, 5.24]]",bird-mixit+tweetynet
norsho,Spatula clypeata,xc:871138,xc_871138,3,"[0.726919, 0.999509, 0.047345, 0.999984]",1.0,1.0,16.59,0.2901,0.5666,0.566576,37,59.72,60.19,0.47,3,0.26,0.4468,"[[59.72, 59.75], [59.81, 59.91], [60.06, 60.19]]",bird-mixit+tweetynet
norsho,Spatula clypeata,xc:871135,xc_871135,0,"[0.940625, 0.0, 0.0, 0.0]",0.9406,0.9406,33.53,0.2012,0.6001,0.564426,1,1.27,2.14,0.87,4,0.44,0.4943,"[[1.27, 1.31], [1.55, 1.72], [1.78, 1.94], [2.07, 2.14]]",bird-mixit+tweetynet
norsho,Spatula clypeata,xc:871135,xc_871135,0,"[0.940625, 0.0, 0.0, 0.0]",0.9406,0.9406,31.77,0.1889,0.5936,0.558327,2,3.03,3.44,0.41,2,0.34,0.1707,"[[3.03, 3.2], [3.27, 3.44]]",bird-mixit+tweetynet
norsho,Spatula clypeata,xc:479841,xc_479841,3,"[0.0, 0.010039, 0.0108, 0.999985]",1.0,1.0,16.03,0.2935,0.5558,0.555777,0,0.02,4.28,4.26,14,2.34,0.4507,"[[0.02, 0.15], [0.25, 0.29], [0.35, 0.39], [0.53, 0.71], [0.94, 1.24], [1.3, 1.85], [1.9, 2.12], [2.17, 2.25], [2.32, 2.52], [2.82, 2.89], [2.99, 3.19], [3.49, 3.72], [3.87, 3.91], [4.22, 4.28]]",bird-mixit+tweetynet
norsho,Spatula clypeata,xc:163376,xc_163376,2,"[0.025125, 0.071612, 0.998604, 0.451615]",0.9986,0.9986,14.11,0.4307,0.554,0.55327,19,58.11,58.96,0.85,4,0.59,0.3059,"[[58.11, 58.39], [58.49, 58.68], [58.78, 58.86], [58.92, 58.96]]",bird-mixit+tweetynet
norsho,Spatula clypeata,xc:800553,xc_800553,0,"[0.998915, 0.0, 0.0, 0.0]",0.9989,0.9989,21.59,0.116,0.5413,0.540704,2,2.61,3.03,0.42,2,0.33,0.2143,"[[2.61, 2.78], [2.87, 3.03]]",bird-mixit+tweetynet
norsho,Spatula clypeata,xc:1020451,xc_1020451,3,"[0.0, 0.28913, 0.287482, 0.999848]",0.9998,0.9998,13.5,0.4534,0.5385,0.538412,7,13.87,14.25,0.38,2,0.25,0.3421,"[[13.87, 14.03], [14.16, 14.25]]",bird-mixit+tweetynet
norsho,Spatula clypeata,xc:871135,xc_871135,0,"[0.940625, 0.0, 0.0, 0.0]",0.9406,0.9406,31.05,0.1361,0.567,0.53332,5,6.86,7.27,0.41,2,0.33,0.1951,"[[6.86, 7.03], [7.11, 7.27]]",bird-mixit+tweetynet
norsho,Spatula clypeata,xc:617374,xc_617374,1,"[0.462532, 0.999355, 0.046658, 0.196613]",0.9994,0.9994,11.96,0.64,0.527,0.526664,3,7.75,8.2,0.45,2,0.32,0.2889,"[[7.75, 7.91], [8.04, 8.2]]",bird-mixit+tweetynet
norsho,Spatula clypeata,xc:871138,xc_871138,3,"[0.726919, 0.999509, 0.047345, 0.999984]",1.0,1.0,13.17,0.4408,0.5197,0.519695,93,129.79,130.24,0.45,2,0.38,0.1556,"[[129.79, 130.12], [130.19, 130.24]]",bird-mixit+tweetynet
norsho,Spatula clypeata,xc:706887,xc_706887,3,"[0.508944, 0.0, 0.02117, 0.999962]",1.0,1.0,13.34,0.4194,0.5191,0.519112,23,77.25,81.75,4.5,17,3.0,0.3333,"[[77.25, 77.5], [77.57, 77.69], [77.86, 78.0], [78.07, 78.26], [78.34, 78.41], [78.46, 78.58], [78.69, 78.87], [78.98, 79.55], [79.64, 79.73], [79.79, 79.85], [79.9, 80.03], [80.1, 80.26], [80.35, 80.52], [80.62, 80.71], [80.87, 81.04], [81.14, 81.23], [81.35, 81.75]]",bird-mixit+tweetynet
norsho,Spatula clypeata,xc:706887,xc_706887,3,"[0.508944, 0.0, 0.02117, 0.999962]",1.0,1.0,12.93,0.4528,0.5135,0.513488,26,97.41,98.15,0.74,2,0.6,0.1892,"[[97.41, 97.97], [98.11, 98.15]]",bird-mixit+tweetynet
norsho,Spatula clypeata,xc:371899,xc_371899,3,"[0.0, 0.0, 0.0, 0.985433]",0.9854,0.9854,14.51,0.2734,0.506,0.498624,0,0.24,1.06,0.82,3,0.36,0.561,"[[0.24, 0.28], [0.49, 0.58], [0.83, 1.06]]",bird-mixit+tweetynet
norsho,Spatula clypeata,xc:340608,xc_340608,0,"[0.998912, 0.0, 0.0, 0.0]",0.9989,0.9989,12.91,0.3907,0.4907,0.490133,1,3.95,6.72,2.77,12,1.58,0.4296,"[[3.95, 4.11], [4.19, 4.41], [4.54, 4.57], [4.76, 4.92], [5.03, 5.14], [5.19, 5.24], [5.37, 5.69], [5.81, 5.92], [5.97, 6.08], [6.14, 6.21], [6.36, 6.44], [6.56, 6.72]]",bird-mixit+tweetynet
norsho,Spatula clypeata,xc:683725,xc_683725,3,"[0.0, 0.035597, 0.151743, 0.746499]",0.7465,0.7465,13.26,0.8042,0.6557,0.489456,14,15.0,15.57,0.57,4,0.27,0.5263,"[[15.0, 15.03], [15.09, 15.16], [15.26, 15.36], [15.5, 15.57]]",bird-mixit+tweetynet
norsho,Spatula clypeata,xc:871138,xc_871138,3,"[0.726919, 0.999509, 0.047345, 0.999984]",1.0,1.0,20.68,0.0027,0.4818,0.481764,22,47.64,48.28,0.64,3,0.35,0.4531,"[[47.64, 47.77], [47.92, 48.02], [48.16, 48.28]]",bird-mixit+tweetynet
norsho,Spatula clypeata,xc:617375,xc_617375,0,"[0.999866, 0.03306, 0.005512, 0.0]",0.9999,0.9999,10.4,0.8062,0.4786,0.478502,11,39.99,40.26,0.27,2,0.2,0.2593,"[[39.99, 40.06], [40.13, 40.26]]",bird-mixit+tweetynet
norsho,Spatula clypeata,xc:617374,xc_617374,1,"[0.462532, 0.999355, 0.046658, 0.196613]",0.9994,0.9994,14.08,0.2386,0.4787,0.478425,10,23.71,28.42,4.71,1,4.71,0.0,"[[23.71, 28.42]]",bird-mixit+tweetynet
norsho,Spatula clypeata,xc:706887,xc_706887,3,"[0.508944, 0.0, 0.02117, 0.999962]",1.0,1.0,14.84,0.1765,0.4767,0.476671,24,82.0,89.74,7.74,26,5.42,0.2997,"[[82.0, 82.05], [82.11, 82.15], [82.21, 82.53], [82.58, 82.81], [82.95, 83.03], [83.14, 83.69], [83.88, 84.0], [84.09, 84.36], [84.46, 84.62], [84.67, 84.87], [84.94, 85.37], [85.5, 85.88], [86.0, 86.03], [86.18, 86.51], [86.68, 86.76], [86.83, 87.23], [87.34, 87.4], [87.5, 87.82], [87.89, 88.01], [88.11, 88.25], [88.36, 88.49], [88.54, 88.93], [88.98, 89.08], [89.14, 89.3], [89.35, 89.49], [89.55, 89.74]]",bird-mixit+tweetynet
norsho,Spatula clypeata,xc:695812,xc_695812,0,"[0.780165, 0.0, 0.018425, 0.0]",0.7802,0.7802,11.08,0.9981,0.5798,0.452367,2,1.35,1.73,0.38,2,0.25,0.3421,"[[1.35, 1.48], [1.61, 1.73]]",bird-mixit+tweetynet
norsho,Spatula clypeata,xc:617374,xc_617374,1,"[0.462532, 0.999355, 0.046658, 0.196613]",0.9994,0.9994,12.2,0.3488,0.4445,0.444277,9,15.71,23.71,8.0,1,8.0,0.0,"[[15.71, 23.71]]",bird-mixit+tweetynet
norsho,Spatula clypeata,xc:706887,xc_706887,3,"[0.508944, 0.0, 0.02117, 0.999962]",1.0,1.0,14.03,0.1448,0.4409,0.440945,1,8.78,14.24,5.46,15,4.19,0.2326,"[[8.78, 9.09], [9.15, 9.2], [9.25, 9.4], [9.46, 9.94], [10.0, 10.51], [10.61, 10.84], [10.92, 11.68], [11.75, 11.96], [12.14, 12.63], [12.72, 12.92], [13.0, 13.13], [13.24, 13.42], [13.59, 13.68], [13.73, 14.06], [14.17, 14.24]]",bird-mixit+tweetynet
norsho,Spatula clypeata,xc:371899,xc_371899,3,"[0.0, 0.0, 0.0, 0.985433]",0.9854,0.9854,17.33,-0.01,0.4456,0.439055,3,7.45,8.77,1.32,6,0.68,0.4848,"[[7.45, 7.48], [7.58, 7.75], [7.81, 8.0], [8.16, 8.23], [8.42, 8.57], [8.7, 8.77]]",bird-mixit+tweetynet
origre,Chloris sinica,xc:733024,xc_733024,0,"[0.998336, 0.0, 0.047745, 0.03795]",0.9983,0.9983,38.1,1.0,0.9998,0.998066,12,41.94,42.79,0.85,1,0.85,0.0,"[[41.94, 42.79]]",bird-mixit+tweetynet
origre,Chloris sinica,xc:838773,xc_838773,1,"[0.327996, 0.99782, 0.0, 0.0]",0.9978,0.9978,27.84,0.9999,0.9952,0.993045,41,67.52,70.06,2.54,7,1.78,0.2992,"[[67.52, 68.13], [68.18, 68.37], [68.43, 68.71], [68.86, 68.92], [69.01, 69.06], [69.13, 69.16], [69.5, 70.06]]",bird-mixit+tweetynet
origre,Chloris sinica,xc:838773,xc_838773,1,"[0.327996, 0.99782, 0.0, 0.0]",0.9978,0.9978,27.61,1.0,0.9949,0.992743,24,38.12,45.09,6.97,10,5.35,0.2324,"[[38.12, 38.75], [38.86, 39.25], [39.42, 40.48], [40.69, 41.52], [41.91, 42.43], [42.54, 42.61], [42.8, 43.88], [44.03, 44.09], [44.29, 44.79], [44.88, 45.09]]",bird-mixit+tweetynet
origre,Chloris sinica,xc:838773,xc_838773,1,"[0.327996, 0.99782, 0.0, 0.0]",0.9978,0.9978,26.89,0.9999,0.9937,0.991496,43,71.69,73.34,1.65,3,1.16,0.297,"[[71.69, 71.76], [72.13, 72.71], [72.83, 73.34]]",bird-mixit+tweetynet
origre,Chloris sinica,xc:733015,xc_733015,0,"[0.990262, 0.47554, 0.010871, 0.177079]",0.9903,0.9903,34.76,0.9999,0.9994,0.98968,29,53.59,54.16,0.57,3,0.37,0.3509,"[[53.59, 53.72], [53.82, 53.85], [53.95, 54.16]]",bird-mixit+tweetynet
origre,Chloris sinica,xc:733015,xc_733015,0,"[0.990262, 0.47554, 0.010871, 0.177079]",0.9903,0.9903,32.07,0.9999,0.9986,0.988928,35,73.82,79.29,5.47,11,3.72,0.3199,"[[73.82, 74.0], [74.14, 74.28], [74.33, 75.4], [75.51, 75.58], [75.86, 75.93], [76.04, 76.92], [77.15, 77.72], [78.07, 78.11], [78.46, 78.51], [78.58, 79.19], [79.25, 79.29]]",bird-mixit+tweetynet
origre,Chloris sinica,xc:893000,xc_893000,0,"[0.996726, 0.999368, 0.727178, 0.720124]",0.9967,0.9994,25.85,0.9999,0.9914,0.98812,17,70.19,70.69,0.5,2,0.44,0.12,"[[70.19, 70.59], [70.65, 70.69]]",bird-mixit+tweetynet
origre,Chloris sinica,xc:963953,xc_963953,1,"[0.254298, 0.987988, 0.797644, 0.963358]",0.988,0.988,41.28,0.9999,0.9999,0.987881,28,57.97,63.12,5.15,10,2.49,0.5165,"[[57.97, 58.01], [58.4, 58.44], [58.67, 58.9], [59.17, 59.53], [59.93, 59.97], [60.35, 61.22], [61.47, 61.52], [61.88, 62.19], [62.26, 62.52], [62.83, 63.12]]",bird-mixit+tweetynet
origre,Chloris sinica,xc:963953,xc_963953,1,"[0.254298, 0.987988, 0.797644, 0.963358]",0.988,0.988,33.35,1.0,0.9991,0.987081,52,121.53,124.57,3.04,7,2.0,0.3421,"[[121.53, 122.56], [122.61, 122.65], [123.03, 123.21], [123.43, 123.5], [123.62, 124.17], [124.24, 124.28], [124.48, 124.57]]",bird-mixit+tweetynet
origre,Chloris sinica,xc:733015,xc_733015,0,"[0.990262, 0.47554, 0.010871, 0.177079]",0.9903,0.9903,28.94,0.9999,0.9966,0.986905,20,27.97,28.93,0.96,2,0.69,0.2813,"[[27.97, 28.49], [28.76, 28.93]]",bird-mixit+tweetynet
origre,Chloris sinica,xc:963953,xc_963953,1,"[0.254298, 0.987988, 0.797644, 0.963358]",0.988,0.988,30.45,0.9999,0.9978,0.985812,41,88.02,90.72,2.7,5,2.09,0.2259,"[[88.02, 88.59], [88.75, 89.21], [89.38, 89.64], [89.8, 89.98], [90.1, 90.72]]",bird-mixit+tweetynet
origre,Chloris sinica,xc:963953,xc_963953,1,"[0.254298, 0.987988, 0.797644, 0.963358]",0.988,0.988,28.93,0.9999,0.9965,0.984584,40,86.91,87.34,0.43,1,0.43,0.0,"[[86.91, 87.34]]",bird-mixit+tweetynet
origre,Chloris sinica,xc:733015,xc_733015,0,"[0.990262, 0.47554, 0.010871, 0.177079]",0.9903,0.9903,26.56,0.9998,0.993,0.983371,30,54.6,60.73,6.13,12,3.85,0.3719,"[[54.6, 54.63], [54.97, 55.72], [55.93, 56.04], [56.14, 56.35], [56.57, 56.68], [57.0, 57.25], [57.32, 57.52], [57.71, 58.64], [58.93, 59.32], [59.48, 60.16], [60.25, 60.35], [60.64, 60.73]]",bird-mixit+tweetynet
origre,Chloris sinica,xc:963953,xc_963953,1,"[0.254298, 0.987988, 0.797644, 0.963358]",0.988,0.988,27.68,0.9997,0.9949,0.98299,58,132.84,136.31,3.47,5,2.59,0.2536,"[[132.84, 133.25], [133.49, 134.09], [134.29, 135.23], [135.58, 135.93], [136.02, 136.31]]",bird-mixit+tweetynet
origre,Chloris sinica,xc:733015,xc_733015,0,"[0.990262, 0.47554, 0.010871, 0.177079]",0.9903,0.9903,26.19,0.9999,0.9923,0.982631,12,19.19,20.04,0.85,2,0.53,0.3765,"[[19.19, 19.66], [19.98, 20.04]]",bird-mixit+tweetynet
origre,Chloris sinica,xc:893000,xc_893000,0,"[0.996726, 0.999368, 0.727178, 0.720124]",0.9967,0.9994,23.81,0.9997,0.9842,0.980985,54,173.47,176.54,3.07,9,1.71,0.443,"[[173.47, 173.5], [173.79, 173.87], [173.92, 174.0], [174.19, 174.77], [174.91, 175.01], [175.14, 175.18], [175.23, 175.27], [175.66, 176.14], [176.26, 176.54]]",bird-mixit+tweetynet
origre,Chloris sinica,xc:893000,xc_893000,0,"[0.996726, 0.999368, 0.727178, 0.720124]",0.9967,0.9994,23.55,0.9995,0.9829,0.979667,15,58.28,64.55,6.27,10,5.28,0.1579,"[[58.28, 60.33], [60.45, 60.52], [60.89, 61.2], [61.3, 62.04], [62.1, 62.17], [62.23, 62.29], [62.35, 62.56], [62.61, 63.65], [63.74, 64.44], [64.52, 64.55]]",bird-mixit+tweetynet
origre,Chloris sinica,xc:806806,xc_806806,1,"[0.951297, 0.981585, 0.063447, 0.0]",0.9816,0.9816,29.36,0.9999,0.9969,0.978587,0,0.02,3.27,3.25,7,2.61,0.1969,"[[0.02, 0.45], [0.65, 0.8], [0.85, 0.91], [0.96, 1.09], [1.21, 2.08], [2.22, 3.1], [3.18, 3.27]]",bird-mixit+tweetynet
origre,Chloris sinica,xc:893000,xc_893000,0,"[0.996726, 0.999368, 0.727178, 0.720124]",0.9967,0.9994,23.27,0.9997,0.9815,0.978257,16,65.57,69.78,4.21,8,2.73,0.3515,"[[65.57, 65.63], [65.69, 65.77], [66.1, 66.14], [66.34, 66.37], [66.73, 67.19], [67.47, 68.28], [68.33, 68.77], [68.97, 69.78]]",bird-mixit+tweetynet
origre,Chloris sinica,xc:838773,xc_838773,1,"[0.327996, 0.99782, 0.0, 0.0]",0.9978,0.9978,22.52,0.9999,0.9771,0.974932,39,64.11,65.54,1.43,2,1.32,0.0769,"[[64.11, 64.63], [64.74, 65.54]]",bird-mixit+tweetynet
origre,Chloris sinica,xc:733026,xc_733026,1,"[0.0, 0.974252, 0.0, 0.0]",0.9743,0.9743,35.98,0.9999,0.9995,0.97383,6,13.82,15.55,1.73,5,0.96,0.4451,"[[13.82, 13.86], [14.0, 14.07], [14.27, 14.81], [15.11, 15.21], [15.34, 15.55]]",bird-mixit+tweetynet
origre,Chloris sinica,xc:733026,xc_733026,1,"[0.0, 0.974252, 0.0, 0.0]",0.9743,0.9743,34.15,0.9999,0.9992,0.973542,26,45.3,49.55,4.25,10,2.16,0.4918,"[[45.3, 45.78], [46.06, 46.21], [46.53, 46.66], [46.88, 46.93], [47.02, 47.09], [47.49, 47.72], [47.93, 48.0], [48.27, 48.95], [49.05, 49.15], [49.35, 49.55]]",bird-mixit+tweetynet
origre,Chloris sinica,xc:733026,xc_733026,1,"[0.0, 0.974252, 0.0, 0.0]",0.9743,0.9743,30.02,0.9997,0.9974,0.97176,5,11.24,13.41,2.17,4,1.44,0.3364,"[[11.24, 11.92], [12.26, 12.44], [12.52, 12.93], [13.24, 13.41]]",bird-mixit+tweetynet
origre,Chloris sinica,xc:733026,xc_733026,1,"[0.0, 0.974252, 0.0, 0.0]",0.9743,0.9743,29.69,0.9997,0.9972,0.971524,22,35.84,37.64,1.8,4,1.03,0.4278,"[[35.84, 36.37], [36.74, 36.81], [37.0, 37.05], [37.26, 37.64]]",bird-mixit+tweetynet
origre,Chloris sinica,xc:838773,xc_838773,1,"[0.327996, 0.99782, 0.0, 0.0]",0.9978,0.9978,22.04,0.9999,0.9737,0.971517,38,62.45,63.49,1.04,1,1.04,0.0,"[[62.45, 63.49]]",bird-mixit+tweetynet
origre,Chloris sinica,xc:733026,xc_733026,1,"[0.0, 0.974252, 0.0, 0.0]",0.9743,0.9743,29.56,0.9998,0.9971,0.971447,2,2.91,5.27,2.36,5,1.55,0.3432,"[[2.91, 3.0], [3.16, 3.84], [4.11, 4.23], [4.28, 4.39], [4.72, 5.27]]",bird-mixit+tweetynet
origre,Chloris sinica,xc:733017,xc_733017,0,"[0.971341, 0.0, 0.0, 0.0]",0.9713,0.9713,41.05,1.0,0.9999,0.971189,8,19.96,24.84,4.88,16,2.44,0.5,"[[19.96, 20.02], [20.16, 20.19], [20.3, 20.4], [20.58, 20.88], [21.07, 21.1], [21.28, 21.34], [21.54, 21.59], [21.76, 21.85], [21.93, 22.04], [22.16, 22.73], [23.03, 23.45], [23.59, 23.67], [23.82, 23.85], [24.0, 24.13], [24.33, 24.63], [24.76, 24.84]]",bird-mixit+tweetynet
origre,Chloris sinica,xc:716899,xc_716899,0,"[0.971335, 0.973694, 0.727188, 0.948966]",0.9713,0.9737,36.78,1.0,0.9997,0.970969,22,51.48,54.7,3.22,9,1.49,0.5373,"[[51.48, 51.52], [51.66, 51.84], [52.03, 52.14], [52.47, 52.59], [52.99, 53.13], [53.4, 54.14], [54.28, 54.36], [54.57, 54.61], [54.66, 54.7]]",bird-mixit+tweetynet
origre,Chloris sinica,xc:716899,xc_716899,0,"[0.971335, 0.973694, 0.727188, 0.948966]",0.9713,0.9737,35.91,1.0,0.9996,0.970879,24,60.34,64.66,4.32,9,3.05,0.294,"[[60.34, 61.09], [61.36, 61.41], [61.5, 62.3], [62.42, 62.69], [62.74, 62.86], [63.03, 63.1], [63.2, 63.28], [63.54, 64.3], [64.51, 64.66]]",bird-mixit+tweetynet
origre,Chloris sinica,xc:716899,xc_716899,0,"[0.971335, 0.973694, 0.727188, 0.948966]",0.9713,0.9737,33.76,1.0,0.9992,0.970509,23,55.34,58.03,2.69,7,1.44,0.4647,"[[55.34, 55.45], [55.64, 55.72], [55.98, 56.06], [56.42, 56.46], [56.53, 56.68], [56.97, 57.17], [57.25, 58.03]]",bird-mixit+tweetynet
origre,Chloris sinica,xc:733017,xc_733017,0,"[0.971341, 0.0, 0.0, 0.0]",0.9713,0.9713,32.63,0.9999,0.9988,0.970139,28,66.39,72.83,6.44,19,3.63,0.4363,"[[66.39, 66.47], [66.61, 66.71], [66.8, 66.83], [67.07, 67.16], [67.28, 67.92], [67.97, 68.0], [68.14, 68.34], [68.4, 68.65], [68.72, 68.93], [69.09, 69.25], [69.36, 69.47], [69.7, 70.22], [70.3, 71.02], [71.29, 71.37], [71.59, 71.67], [71.92, 72.02], [72.37, 72.42], [72.51, 72.61], [72.75, 72.83]]",bird-mixit+tweetynet
origre,Chloris sinica,xc:716899,xc_716899,0,"[0.971335, 0.973694, 0.727188, 0.948966]",0.9713,0.9737,31.84,1.0,0.9986,0.969902,26,68.07,70.94,2.87,5,1.7,0.4077,"[[68.07, 68.87], [69.09, 69.43], [69.78, 69.83], [70.19, 70.23], [70.47, 70.94]]",bird-mixit+tweetynet
origre,Chloris sinica,xc:716899,xc_716899,0,"[0.971335, 0.973694, 0.727188, 0.948966]",0.9713,0.9737,30.49,0.9999,0.9978,0.969194,38,102.86,107.36,4.5,9,3.37,0.2511,"[[102.86, 103.27], [103.45, 104.91], [105.01, 105.06], [105.45, 105.5], [105.61, 105.67], [105.74, 106.44], [106.55, 106.62], [106.69, 107.08], [107.18, 107.36]]",bird-mixit+tweetynet
origre,Chloris sinica,xc:733017,xc_733017,0,"[0.971341, 0.0, 0.0, 0.0]",0.9713,0.9713,30.29,0.9999,0.9977,0.969072,9,26.04,28.44,2.4,7,1.54,0.3583,"[[26.04, 26.12], [26.28, 26.32], [26.51, 26.66], [26.75, 26.84], [26.92, 27.35], [27.42, 28.07], [28.34, 28.44]]",bird-mixit+tweetynet
origre,Chloris sinica,xc:992579,xc_992579,0,"[0.997978, 0.02148, 0.0, 0.0]",0.998,0.998,21.49,0.9999,0.9691,0.967187,5,12.65,19.96,7.31,9,6.28,0.1409,"[[12.65, 13.28], [13.36, 13.9], [14.19, 15.04], [15.13, 15.61], [15.75, 16.72], [16.79, 17.09], [17.26, 17.83], [17.96, 18.14], [18.2, 19.96]]",bird-mixit+tweetynet
origre,Chloris sinica,xc:976983,xc_976983,1,"[0.516632, 0.991288, 0.0, 0.074989]",0.9913,0.9913,22.16,0.9988,0.974,0.965556,12,24.88,32.47,7.59,17,4.33,0.4295,"[[24.88, 25.32], [25.39, 25.51], [25.84, 26.02], [26.13, 26.21], [26.3, 26.8], [27.03, 27.48], [27.59, 27.82], [28.18, 28.57], [28.97, 29.29], [29.53, 29.57], [29.65, 29.83], [29.91, 29.99], [30.32, 30.74], [31.11, 31.31], [31.5, 31.65], [31.75, 31.81], [31.98, 32.47]]",bird-mixit+tweetynet
origre,Chloris sinica,xc:733017,xc_733017,0,"[0.971341, 0.0, 0.0, 0.0]",0.9713,0.9713,26.94,1.0,0.9938,0.965283,3,8.42,10.21,1.79,3,1.46,0.1844,"[[8.42, 9.14], [9.33, 9.4], [9.54, 10.21]]",bird-mixit+tweetynet
origre,Chloris sinica,xc:723878,xc_723878,0,"[0.964178, 0.010171, 0.0, 0.0]",0.9642,0.9642,31.72,1.0,0.9985,0.962756,22,40.6,42.32,1.72,3,1.48,0.1395,"[[40.6, 41.73], [41.91, 42.23], [42.29, 42.32]]",bird-mixit+tweetynet
origre,Chloris sinica,xc:464662,xc_464662,0,"[0.962993, 0.0, 0.0, 0.0]",0.963,0.963,34.71,0.9999,0.9993,0.962357,10,20.71,21.96,1.25,3,0.83,0.336,"[[20.71, 20.97], [21.07, 21.14], [21.46, 21.96]]",bird-mixit+tweetynet
origre,Chloris sinica,xc:806806,xc_806806,1,"[0.951297, 0.981585, 0.063447, 0.0]",0.9816,0.9816,23.04,0.9996,0.9802,0.962181,23,46.58,47.94,1.36,3,1.13,0.1691,"[[46.58, 46.62], [46.69, 46.74], [46.9, 47.94]]",bird-mixit+tweetynet
origre,Chloris sinica,xc:464662,xc_464662,0,"[0.962993, 0.0, 0.0, 0.0]",0.963,0.963,32.94,0.9999,0.9989,0.961977,0,0.24,0.55,0.31,1,0.31,0.0,"[[0.24, 0.55]]",bird-mixit+tweetynet
origre,Chloris sinica,xc:464662,xc_464662,0,"[0.962993, 0.0, 0.0, 0.0]",0.963,0.963,32.55,1.0,0.9988,0.961873,8,17.22,19.12,1.9,5,1.38,0.2737,"[[17.22, 17.33], [17.45, 18.12], [18.3, 18.34], [18.49, 18.94], [19.01, 19.12]]",bird-mixit+tweetynet
origre,Chloris sinica,xc:464662,xc_464662,0,"[0.962993, 0.0, 0.0, 0.0]",0.963,0.963,30.24,1.0,0.9977,0.960774,3,3.59,4.15,0.56,1,0.56,0.0,"[[3.59, 4.15]]",bird-mixit+tweetynet
origre,Chloris sinica,xc:464662,xc_464662,0,"[0.962993, 0.0, 0.0, 0.0]",0.963,0.963,29.9,1.0,0.9974,0.960533,6,12.07,14.14,2.07,3,1.51,0.2705,"[[12.07, 12.16], [12.36, 13.18], [13.54, 14.14]]",bird-mixit+tweetynet
origre,Chloris sinica,xc:806806,xc_806806,1,"[0.951297, 0.981585, 0.063447, 0.0]",0.9816,0.9816,22.66,0.9998,0.978,0.959998,43,79.07,79.47,0.4,1,0.4,0.0,"[[79.07, 79.47]]",bird-mixit+tweetynet
origre,Chloris sinica,xc:806806,xc_806806,1,"[0.951297, 0.981585, 0.063447, 0.0]",0.9816,0.9816,22.43,0.9995,0.9763,0.958337,4,11.91,13.46,1.55,5,1.28,0.1742,"[[11.91, 12.81], [12.89, 13.0], [13.05, 13.15], [13.21, 13.32], [13.4, 13.46]]",bird-mixit+tweetynet
origre,Chloris sinica,xc:893000,xc_893000,0,"[0.996726, 0.999368, 0.727178, 0.720124]",0.9967,0.9994,20.61,0.9994,0.9599,0.956737,6,26.72,30.58,3.86,4,3.47,0.101,"[[26.72, 27.54], [27.7, 28.8], [28.95, 29.82], [29.9, 30.58]]",bird-mixit+tweetynet
origre,Chloris sinica,xc:806806,xc_806806,1,"[0.951297, 0.981585, 0.063447, 0.0]",0.9816,0.9816,21.91,0.9998,0.9726,0.954717,26,51.62,52.82,1.2,1,1.2,0.0,"[[51.62, 52.82]]",bird-mixit+tweetynet
origre,Chloris sinica,xc:733017,xc_733017,0,"[0.971341, 0.0, 0.0, 0.0]",0.9713,0.9713,23.64,0.9985,0.9829,0.954659,12,31.76,35.06,3.3,7,2.07,0.3727,"[[31.76, 31.84], [32.0, 32.1], [32.2, 32.3], [32.45, 32.53], [32.93, 33.87], [34.16, 34.84], [34.97, 35.06]]",bird-mixit+tweetynet
origre,Chloris sinica,xc:703756,xc_703756,0,"[0.998087, 0.62938, 0.881667, 0.339947]",0.9981,0.9981,19.86,0.9998,0.9506,0.948791,1,5.82,10.67,4.85,7,4.06,0.1629,"[[5.82, 6.07], [6.21, 6.58], [6.91, 7.39], [7.44, 8.89], [8.94, 9.85], [9.98, 10.5], [10.59, 10.67]]",bird-mixit+tweetynet
origre,Chloris sinica,xc:703756,xc_703756,0,"[0.998087, 0.62938, 0.881667, 0.339947]",0.9981,0.9981,19.75,0.9981,0.9482,0.946374,20,93.74,94.0,0.26,1,0.26,0.0,"[[93.74, 94.0]]",bird-mixit+tweetynet
origre,Chloris sinica,xc:727349,xc_727349,0,"[0.951207, 0.0, 0.0, 0.0]",0.9512,0.9512,27.53,0.9997,0.9947,0.946153,0,0.02,1.88,1.86,3,1.68,0.0968,"[[0.02, 0.21], [0.29, 1.4], [1.5, 1.88]]",bird-mixit+tweetynet
origre,Chloris sinica,xc:992579,xc_992579,0,"[0.997978, 0.02148, 0.0, 0.0]",0.998,0.998,19.61,1.0,0.9469,0.945035,4,11.57,12.17,0.6,1,0.6,0.0,"[[11.57, 12.17]]",bird-mixit+tweetynet
origre,Chloris sinica,xc:727349,xc_727349,0,"[0.951207, 0.0, 0.0, 0.0]",0.9512,0.9512,25.58,0.9996,0.9905,0.942199,4,7.01,9.55,2.54,6,1.7,0.3307,"[[7.01, 7.24], [7.33, 7.39], [7.69, 7.96], [8.01, 8.21], [8.54, 9.13], [9.2, 9.55]]",bird-mixit+tweetynet
origre,Chloris sinica,xc:976983,xc_976983,1,"[0.516632, 0.991288, 0.0, 0.074989]",0.9913,0.9913,19.89,0.9981,0.9502,0.941959,3,5.65,7.31,1.66,3,1.05,0.3675,"[[5.65, 6.19], [6.5, 6.65], [6.95, 7.31]]",bird-mixit+tweetynet
origre,Chloris sinica,xc:285949,xc_285949,3,"[0.68493, 0.580086, 0.705288, 0.938553]",0.9386,0.9386,33.62,0.9997,0.999,0.937681,1,2.86,7.76,4.9,13,3.39,0.3082,"[[2.86, 2.94], [3.12, 3.91], [4.2, 4.23], [4.3, 4.4], [4.61, 5.26], [5.32, 5.62], [5.68, 5.81], [5.92, 6.0], [6.15, 6.22], [6.32, 6.47], [6.57, 6.67], [6.74, 6.77], [6.88, 7.76]]",bird-mixit+tweetynet
origre,Chloris sinica,xc:285949,xc_285949,3,"[0.68493, 0.580086, 0.705288, 0.938553]",0.9386,0.9386,30.9,0.9997,0.998,0.936683,2,8.81,12.13,3.32,7,2.23,0.3283,"[[8.81, 9.42], [9.6, 9.73], [9.99, 10.22], [10.29, 10.4], [10.67, 10.71], [10.95, 12.0], [12.07, 12.13]]",bird-mixit+tweetynet
origre,Chloris sinica,xc:491191,xc_491191,1,"[0.942547, 0.937926, 0.128817, 0.860804]",0.9379,0.9425,30.35,0.9997,0.9976,0.935654,8,23.94,25.56,1.62,4,1.18,0.2716,"[[23.94, 24.46], [24.52, 24.61], [24.69, 24.94], [25.24, 25.56]]",bird-mixit+tweetynet
origre,Chloris sinica,xc:733024,xc_733024,0,"[0.998336, 0.0, 0.047745, 0.03795]",0.9983,0.9983,19.0,1.0,0.937,0.935429,15,48.61,49.1,0.49,1,0.49,0.0,"[[48.61, 49.1]]",bird-mixit+tweetynet
origre,Chloris sinica,xc:451340,xc_451340,0,"[0.950933, 0.321155, 0.3324, 0.439388]",0.9509,0.9509,23.91,0.9977,0.9837,0.935397,28,42.14,43.71,1.57,3,1.04,0.3376,"[[42.14, 42.49], [42.81, 43.18], [43.39, 43.71]]",bird-mixit+tweetynet
origre,Chloris sinica,xc:727349,xc_727349,0,"[0.951207, 0.0, 0.0, 0.0]",0.9512,0.9512,22.97,0.9996,0.9798,0.931956,5,10.22,12.38,2.16,6,1.29,0.4028,"[[10.22, 10.26], [10.4, 10.75], [10.81, 10.86], [11.11, 11.87], [12.21, 12.26], [12.34, 12.38]]",bird-mixit+tweetynet
origre,Chloris sinica,xc:790266,xc_790266,1,"[0.280567, 0.933123, 0.0, 0.025254]",0.9331,0.9331,30.52,0.9998,0.9978,0.931029,14,29.46,31.18,1.72,4,1.22,0.2907,"[[29.46, 29.6], [29.83, 29.9], [30.06, 30.4], [30.51, 31.18]]",bird-mixit+tweetynet
origre,Chloris sinica,xc:464663,xc_464663,1,"[0.185771, 0.951295, 0.0, 0.0]",0.9513,0.9513,23.18,0.9935,0.978,0.930371,8,12.05,12.24,0.19,1,0.19,0.0,"[[12.05, 12.24]]",bird-mixit+tweetynet
origre,Chloris sinica,xc:491191,xc_491191,1,"[0.942547, 0.937926, 0.128817, 0.860804]",0.9379,0.9425,25.96,0.9997,0.9916,0.930005,5,15.82,17.82,2.0,5,1.15,0.425,"[[15.82, 16.43], [16.56, 16.59], [16.95, 17.0], [17.13, 17.18], [17.41, 17.82]]",bird-mixit+tweetynet
origre,Chloris sinica,xc:491191,xc_491191,1,"[0.942547, 0.937926, 0.128817, 0.860804]",0.9379,0.9425,25.52,0.9997,0.9904,0.928913,15,36.73,38.89,2.16,8,1.11,0.4861,"[[36.73, 36.86], [36.92, 37.0], [37.12, 37.18], [37.25, 37.37], [37.47, 37.5], [37.77, 37.98], [38.24, 38.41], [38.58, 38.89]]",bird-mixit+tweetynet
origre,Chloris sinica,xc:451340,xc_451340,0,"[0.950933, 0.321155, 0.3324, 0.439388]",0.9509,0.9509,22.32,0.9985,0.975,0.927123,15,22.9,23.88,0.98,2,0.8,0.1837,"[[22.9, 23.51], [23.69, 23.88]]",bird-mixit+tweetynet
origre,Chloris sinica,xc:727349,xc_727349,0,"[0.951207, 0.0, 0.0, 0.0]",0.9512,0.9512,22.01,0.9997,0.9733,0.9258,3,5.14,6.32,1.18,3,0.82,0.3051,"[[5.14, 5.2], [5.25, 5.32], [5.63, 6.32]]",bird-mixit+tweetynet
origre,Chloris sinica,xc:285949,xc_285949,3,"[0.68493, 0.580086, 0.705288, 0.938553]",0.9386,0.9386,24.14,0.9995,0.9856,0.925061,4,14.78,17.9,3.12,5,2.39,0.234,"[[14.78, 14.83], [14.94, 15.57], [15.71, 16.13], [16.42, 16.93], [17.12, 17.9]]",bird-mixit+tweetynet
origre,Chloris sinica,xc:285949,xc_285949,3,"[0.68493, 0.580086, 0.705288, 0.938553]",0.9386,0.9386,24.06,0.9998,0.9854,0.924875,19,43.73,47.05,3.32,6,2.45,0.262,"[[43.73, 44.62], [44.71, 44.79], [44.93, 45.12], [45.4, 45.5], [45.55, 45.74], [46.05, 47.05]]",bird-mixit+tweetynet
origre,Chloris sinica,xc:723878,xc_723878,0,"[0.964178, 0.010171, 0.0, 0.0]",0.9642,0.9642,20.44,0.9997,0.9581,0.923763,13,22.13,24.17,2.04,4,1.47,0.2794,"[[22.13, 22.21], [22.3, 22.81], [23.0, 23.07], [23.36, 24.17]]",bird-mixit+tweetynet
origre,Chloris sinica,xc:491191,xc_491191,1,"[0.942547, 0.937926, 0.128817, 0.860804]",0.9379,0.9425,23.43,0.9995,0.9823,0.92129,4,12.28,15.32,3.04,10,2.02,0.3355,"[[12.28, 12.32], [12.46, 12.66], [12.72, 13.64], [13.76, 14.06], [14.36, 14.41], [14.48, 14.52], [14.61, 14.66], [14.73, 14.79], [14.88, 15.12], [15.2, 15.32]]",bird-mixit+tweetynet
origre,Chloris sinica,xc:285862,xc_285862,0,"[0.980131, 0.0, 0.0, 0.0]",0.9801,0.9801,19.1,0.9898,0.9339,0.91534,0,0.15,0.69,0.54,2,0.32,0.4074,"[[0.15, 0.24], [0.46, 0.69]]",bird-mixit+tweetynet
origre,Chloris sinica,xc:992579,xc_992579,0,"[0.997978, 0.02148, 0.0, 0.0]",0.998,0.998,17.95,0.9999,0.9156,0.913722,7,21.78,24.88,3.1,6,2.34,0.2452,"[[21.78, 22.03], [22.27, 22.69], [22.86, 23.23], [23.28, 23.56], [23.63, 24.07], [24.3, 24.88]]",bird-mixit+tweetynet
origre,Chloris sinica,xc:285949,xc_285949,3,"[0.68493, 0.580086, 0.705288, 0.938553]",0.9386,0.9386,22.63,0.988,0.972,0.912298,0,0.63,2.37,1.74,7,1.16,0.3333,"[[0.63, 0.68], [0.89, 0.96], [1.1, 1.65], [1.71, 1.83], [1.88, 2.0], [2.06, 2.19], [2.25, 2.37]]",bird-mixit+tweetynet
origre,Chloris sinica,xc:976983,xc_976983,1,"[0.516632, 0.991288, 0.0, 0.074989]",0.9913,0.9913,18.15,0.9995,0.92,0.911992,6,16.3,17.39,1.09,2,0.91,0.1651,"[[16.3, 16.7], [16.88, 17.39]]",bird-mixit+tweetynet
ortdov,Streptopelia orientalis,inat_api:1423749,inat_api_1423749,1,"[0.065675, 0.599353, 0.0, 0.65644]",0.5994,0.6564,10.08,0.6623,0.4205,0.252061,3,11.37,17.38,6.01,10,4.2,0.3012,"[[11.37, 11.45], [11.7, 11.92], [11.99, 12.18], [12.43, 12.61], [12.88, 13.63], [13.81, 14.3], [14.35, 15.78], [15.85, 15.96], [16.32, 16.85], [17.16, 17.38]]",bird-mixit+tweetynet
ortdov,Streptopelia orientalis,xc:988363,xc_988363,3,"[0.0, 0.0, 0.0, 0.914608]",0.9146,0.9146,16.86,-0.9991,0.2661,0.243341,3,13.62,15.5,1.88,4,1.06,0.4362,"[[13.62, 14.23], [14.55, 14.6], [14.73, 14.78], [15.15, 15.5]]",bird-mixit+tweetynet
ortdov,Streptopelia orientalis,xc:286084,xc_286084,3,"[0.009383, 0.0, 0.0, 0.999036]",0.999,0.999,12.99,-0.9985,0.2131,0.212864,16,46.83,51.01,4.18,1,4.18,0.0,"[[46.83, 51.01]]",bird-mixit+tweetynet
ortdov,Streptopelia orientalis,xc:720531,xc_720531,3,"[0.0, 0.0, 0.0, 0.996277]",0.9963,0.9963,12.39,-0.9668,0.2015,0.200784,7,22.14,22.67,0.53,1,0.53,0.0,"[[22.14, 22.67]]",bird-mixit+tweetynet
ortdov,Streptopelia orientalis,xc:790370,xc_790370,3,"[0.0, 0.0, 0.0, 0.949597]",0.9496,0.9496,12.87,-0.8877,0.2109,0.200249,0,0.19,0.47,0.28,1,0.28,0.0,"[[0.19, 0.47]]",bird-mixit+tweetynet
ortdov,Streptopelia orientalis,xc:714075,xc_714075,2,"[0.0, 0.0, 0.899723, 0.0]",0.8997,0.8997,13.46,-0.9812,0.2216,0.199358,1,1.49,9.38,7.89,16,4.51,0.4284,"[[1.49, 1.52], [1.58, 1.93], [2.21, 2.44], [2.73, 3.11], [3.42, 3.6], [3.75, 4.06], [4.36, 4.55], [4.78, 5.22], [5.56, 5.8], [5.88, 6.2], [6.47, 6.69], [6.87, 7.31], [7.63, 7.83], [7.97, 8.27], [8.54, 8.76], [8.92, 9.38]]",bird-mixit+tweetynet
ortdov,Streptopelia orientalis,xc:714075,xc_714075,2,"[0.0, 0.0, 0.899723, 0.0]",0.8997,0.8997,13.15,-0.9716,0.216,0.194331,2,9.72,11.46,1.74,4,1.18,0.3218,"[[9.72, 9.91], [10.05, 10.35], [10.62, 10.85], [11.0, 11.46]]",bird-mixit+tweetynet
ortdov,Streptopelia orientalis,inat_api:1196938,inat_api_1196938,3,"[0.0, 0.019159, 0.0, 0.853592]",0.8536,0.8536,13.61,-0.9634,0.2242,0.191362,0,0.06,4.27,4.21,8,2.86,0.3207,"[[0.06, 0.4], [0.64, 0.96], [1.15, 1.51], [1.69, 2.28], [2.65, 2.97], [3.15, 3.6], [3.74, 3.95], [4.0, 4.27]]",bird-mixit+tweetynet
ortdov,Streptopelia orientalis,xc:714075,xc_714075,2,"[0.0, 0.0, 0.899723, 0.0]",0.8997,0.8997,12.76,-0.8889,0.2089,0.187905,10,28.48,29.58,1.1,3,0.85,0.2273,"[[28.48, 28.72], [28.77, 29.19], [29.39, 29.58]]",bird-mixit+tweetynet
ortdov,Streptopelia orientalis,xc:717116,xc_717116,3,"[0.010311, 0.003019, 0.008603, 0.955961]",0.956,0.956,12.07,-0.9992,0.1952,0.186597,3,12.97,14.35,1.38,2,1.16,0.1594,"[[12.97, 13.66], [13.88, 14.35]]",bird-mixit+tweetynet
ortdov,Streptopelia orientalis,xc:547689,xc_547689,3,"[0.023234, 0.020413, 0.0, 0.997458]",0.9975,0.9975,11.55,-0.9297,0.1843,0.18388,8,20.0,20.5,0.5,3,0.26,0.48,"[[20.0, 20.1], [20.25, 20.32], [20.41, 20.5]]",bird-mixit+tweetynet
ortdov,Streptopelia orientalis,inat_api:1037692,inat_api_1037692,1,"[0.049903, 0.815916, 0.0, 0.410386]",0.8159,0.8159,13.41,-0.8215,0.2206,0.180001,3,10.35,10.53,0.18,1,0.18,0.0,"[[10.35, 10.53]]",bird-mixit+tweetynet
ortdov,Streptopelia orientalis,xc:988363,xc_988363,3,"[0.0, 0.0, 0.0, 0.914608]",0.9146,0.9146,11.75,-0.9954,0.1885,0.172366,6,24.35,26.23,1.88,3,1.51,0.1968,"[[24.35, 24.52], [24.67, 25.09], [25.31, 26.23]]",bird-mixit+tweetynet
ortdov,Streptopelia orientalis,xc:790370,xc_790370,3,"[0.0, 0.0, 0.0, 0.949597]",0.9496,0.9496,11.4,-0.9983,0.181,0.171883,1,0.89,2.74,1.85,3,1.36,0.2649,"[[0.89, 1.38], [1.69, 2.28], [2.46, 2.74]]",bird-mixit+tweetynet
ortdov,Streptopelia orientalis,xc:286084,xc_286084,3,"[0.009383, 0.0, 0.0, 0.999036]",0.999,0.999,10.78,-0.9997,0.1674,0.167254,4,14.07,18.2,4.13,1,4.13,0.0,"[[14.07, 18.2]]",bird-mixit+tweetynet
ortdov,Streptopelia orientalis,xc:724962,xc_724962,3,"[0.0, 0.0, 0.0, 0.983611]",0.9836,0.9836,10.89,-0.7204,0.1699,0.167068,6,16.49,17.26,0.77,2,0.62,0.1948,"[[16.49, 16.66], [16.81, 17.26]]",bird-mixit+tweetynet
ortdov,Streptopelia orientalis,xc:714075,xc_714075,2,"[0.0, 0.0, 0.899723, 0.0]",0.8997,0.8997,11.51,-0.9674,0.1834,0.164985,8,20.05,26.05,6.0,12,3.56,0.4067,"[[20.05, 20.24], [20.37, 20.69], [21.0, 21.21], [21.42, 21.88], [22.18, 22.39], [22.52, 22.84], [23.12, 23.32], [23.5, 23.97], [24.29, 24.49], [24.63, 24.93], [25.2, 25.41], [25.58, 26.05]]",bird-mixit+tweetynet
ortdov,Streptopelia orientalis,xc:717116,xc_717116,3,"[0.010311, 0.003019, 0.008603, 0.955961]",0.956,0.956,11.0,-0.999,0.1723,0.164741,16,77.47,83.15,5.68,1,5.68,0.0,"[[77.47, 83.15]]",bird-mixit+tweetynet
ortdov,Streptopelia orientalis,xc:547689,xc_547689,3,"[0.023234, 0.020413, 0.0, 0.997458]",0.9975,0.9975,10.54,-0.9994,0.1621,0.161741,33,143.68,147.87,4.19,6,2.84,0.3222,"[[143.68, 143.89], [144.01, 144.44], [144.79, 145.15], [145.5, 146.03], [146.34, 147.24], [147.46, 147.87]]",bird-mixit+tweetynet
ortdov,Streptopelia orientalis,xc:547689,xc_547689,3,"[0.023234, 0.020413, 0.0, 0.997458]",0.9975,0.9975,10.47,-0.9995,0.1605,0.16007,23,80.87,84.97,4.1,6,2.7,0.3415,"[[80.87, 81.0], [81.21, 81.63], [81.91, 82.27], [82.61, 83.18], [83.47, 84.29], [84.57, 84.97]]",bird-mixit+tweetynet
ortdov,Streptopelia orientalis,xc:714075,xc_714075,2,"[0.0, 0.0, 0.899723, 0.0]",0.8997,0.8997,11.25,-0.9567,0.1779,0.160058,9,26.38,28.15,1.77,4,1.16,0.3446,"[[26.38, 26.57], [26.71, 27.0], [27.28, 27.47], [27.66, 28.15]]",bird-mixit+tweetynet
ortdov,Streptopelia orientalis,xc:547689,xc_547689,3,"[0.023234, 0.020413, 0.0, 0.997458]",0.9975,0.9975,10.17,-0.9889,0.1538,0.153456,19,61.91,69.48,7.57,16,3.77,0.502,"[[61.91, 61.94], [62.22, 62.41], [62.6, 62.68], [62.96, 63.12], [63.22, 63.34], [63.61, 63.85], [64.0, 64.04], [64.32, 64.71], [65.03, 65.43], [65.76, 66.2], [66.49, 66.91], [67.22, 67.64], [67.97, 68.46], [68.75, 68.88], [69.11, 69.16], [69.31, 69.48]]",bird-mixit+tweetynet
ortdov,Streptopelia orientalis,xc:286084,xc_286084,3,"[0.009383, 0.0, 0.0, 0.999036]",0.999,0.999,10.12,-0.9997,0.1526,0.152485,3,6.07,14.07,8.0,1,8.0,0.0,"[[6.07, 14.07]]",bird-mixit+tweetynet
ortdov,Streptopelia orientalis,xc:717116,xc_717116,3,"[0.010311, 0.003019, 0.008603, 0.955961]",0.956,0.956,10.4,-0.9997,0.1591,0.152078,0,2.1,2.75,0.65,2,0.57,0.1231,"[[2.1, 2.29], [2.37, 2.75]]",bird-mixit+tweetynet
ortdov,Streptopelia orientalis,xc:717116,xc_717116,3,"[0.010311, 0.003019, 0.008603, 0.955961]",0.956,0.956,10.22,-0.9993,0.1548,0.148027,15,69.47,77.47,8.0,1,8.0,0.0,"[[69.47, 77.47]]",bird-mixit+tweetynet
ortdov,Streptopelia orientalis,xc:286084,xc_286084,3,"[0.009383, 0.0, 0.0, 0.999036]",0.999,0.999,9.85,-0.9996,0.1466,0.146452,15,38.83,46.83,8.0,1,8.0,0.0,"[[38.83, 46.83]]",bird-mixit+tweetynet
ortdov,Streptopelia orientalis,inat_api:1196938,inat_api_1196938,3,"[0.0, 0.019159, 0.0, 0.853592]",0.8536,0.8536,10.71,-0.9161,0.166,0.141675,1,4.67,10.33,5.66,12,3.79,0.3304,"[[4.67, 4.99], [5.16, 5.54], [5.64, 5.94], [6.0, 6.31], [6.66, 6.99], [7.17, 7.56], [7.78, 7.97], [8.03, 8.44], [8.69, 9.01], [9.2, 9.6], [9.82, 10.0], [10.07, 10.33]]",bird-mixit+tweetynet
ortdov,Streptopelia orientalis,xc:717116,xc_717116,3,"[0.010311, 0.003019, 0.008603, 0.955961]",0.956,0.956,9.85,-0.9996,0.1466,0.140114,23,95.77,96.38,0.61,2,0.53,0.1311,"[[95.77, 95.95], [96.03, 96.38]]",bird-mixit+tweetynet
ortdov,Streptopelia orientalis,xc:547689,xc_547689,3,"[0.023234, 0.020413, 0.0, 0.997458]",0.9975,0.9975,9.45,-0.9987,0.1376,0.13728,30,118.71,121.1,2.39,3,1.74,0.272,"[[118.71, 119.28], [119.65, 120.48], [120.76, 121.1]]",bird-mixit+tweetynet
ortdov,Streptopelia orientalis,xc:988363,xc_988363,3,"[0.0, 0.0, 0.0, 0.914608]",0.9146,0.9146,9.87,-0.9909,0.1472,0.134595,8,32.5,35.56,3.06,3,2.89,0.0556,"[[32.5, 34.3], [34.37, 35.13], [35.23, 35.56]]",bird-mixit+tweetynet
ortdov,Streptopelia orientalis,inat_api:1211502,inat_api_1211502,3,"[0.0, 0.0, 0.0, 0.937401]",0.9374,0.9374,9.62,-0.9418,0.1414,0.132508,1,4.4,10.13,5.73,10,3.92,0.3159,"[[4.4, 5.1], [5.31, 5.58], [5.77, 6.23], [6.54, 7.23], [7.48, 7.73], [7.95, 8.16], [8.22, 8.54], [8.73, 9.42], [9.64, 9.92], [10.08, 10.13]]",bird-mixit+tweetynet
ortdov,Streptopelia orientalis,xc:790370,xc_790370,3,"[0.0, 0.0, 0.0, 0.949597]",0.9496,0.9496,9.39,-0.9983,0.1364,0.129512,2,3.16,7.29,4.13,7,2.99,0.276,"[[3.16, 3.72], [3.96, 4.55], [4.74, 5.01], [5.13, 5.31], [5.42, 5.92], [6.24, 6.85], [7.01, 7.29]]",bird-mixit+tweetynet
ortdov,Streptopelia orientalis,xc:872802,xc_872802,3,"[0.0, 0.0, 0.0, 0.92629]",0.9263,0.9263,9.47,-0.9995,0.1381,0.127914,0,2.55,3.94,1.39,4,1.16,0.1655,"[[2.55, 2.84], [2.95, 3.45], [3.52, 3.6], [3.65, 3.94]]",bird-mixit+tweetynet
ortdov,Streptopelia orientalis,inat_api:689333,inat_api_689333,3,"[0.0, 0.0, 0.0, 0.799495]",0.7995,0.7995,10.38,-0.9572,0.1585,0.126726,0,0.05,3.9,3.85,8,2.67,0.3065,"[[0.05, 0.08], [0.18, 0.24], [0.41, 0.83], [1.05, 1.76], [2.07, 2.41], [2.56, 3.02], [3.19, 3.42], [3.48, 3.9]]",bird-mixit+tweetynet
ortdov,Streptopelia orientalis,inat_api:1577655,inat_api_1577655,3,"[0.0, 0.0, 0.0, 0.876101]",0.8761,0.8761,9.31,-0.9919,0.1345,0.117815,0,0.33,3.03,2.7,5,1.82,0.3259,"[[0.33, 0.45], [0.73, 1.07], [1.31, 1.6], [1.77, 2.24], [2.43, 3.03]]",bird-mixit+tweetynet
ortdov,Streptopelia orientalis,xc:874576,xc_874576,3,"[0.0, 0.0, 0.0, 0.99224]",0.9922,0.9922,8.51,-0.9982,0.117,0.116105,0,3.03,3.88,0.85,2,0.74,0.1294,"[[3.03, 3.16], [3.27, 3.88]]",bird-mixit+tweetynet
ortdov,Streptopelia orientalis,xc:657028,xc_657028,3,"[0.0, 0.0, 0.0, 0.899827]",0.8998,0.8998,9.05,-0.9686,0.1288,0.115888,1,1.97,9.53,7.56,11,5.84,0.2275,"[[1.97, 2.32], [2.47, 2.91], [3.08, 3.89], [4.12, 4.49], [4.62, 5.1], [5.23, 6.07], [6.28, 6.65], [6.77, 7.23], [7.4, 8.2], [8.42, 8.78], [8.97, 9.53]]",bird-mixit+tweetynet
ortdov,Streptopelia orientalis,xc:874576,xc_874576,3,"[0.0, 0.0, 0.0, 0.99224]",0.9922,0.9922,8.43,-0.9969,0.1153,0.114436,3,14.36,16.39,2.03,3,1.61,0.2069,"[[14.36, 15.21], [15.46, 15.79], [15.96, 16.39]]",bird-mixit+tweetynet
ortdov,Streptopelia orientalis,inat_api:543948,inat_api_543948,3,"[0.0, 0.0, 0.0, 0.992725]",0.9927,0.9927,8.34,-0.9696,0.1134,0.112566,3,11.77,13.51,1.74,4,1.28,0.2644,"[[11.77, 11.99], [12.09, 12.42], [12.65, 12.99], [13.12, 13.51]]",bird-mixit+tweetynet
ortdov,Streptopelia orientalis,xc:874576,xc_874576,3,"[0.0, 0.0, 0.0, 0.99224]",0.9922,0.9922,8.2,-0.9977,0.1104,0.109508,2,12.08,14.1,2.02,4,1.56,0.2277,"[[12.08, 12.34], [12.39, 12.94], [13.17, 13.48], [13.66, 14.1]]",bird-mixit+tweetynet
ortdov,Streptopelia orientalis,inat_api:543948,inat_api_543948,3,"[0.0, 0.0, 0.0, 0.992725]",0.9927,0.9927,8.19,-0.9509,0.1103,0.10945,1,2.59,6.4,3.81,8,2.66,0.3018,"[[2.59, 2.92], [3.04, 3.44], [3.68, 3.9], [4.01, 4.38], [4.58, 4.94], [5.09, 5.5], [5.73, 5.95], [6.05, 6.4]]",bird-mixit+tweetynet
ortdov,Streptopelia orientalis,inat_api:752748,inat_api_752748,3,"[0.0, 0.0, 0.0, 0.75261]",0.7526,0.7526,9.74,-0.919,0.1442,0.108496,1,2.34,10.1,7.76,14,5.65,0.2719,"[[2.34, 2.74], [2.89, 3.25], [3.47, 4.11], [4.33, 4.77], [4.89, 5.24], [5.47, 5.68], [5.73, 6.12], [6.33, 6.74], [6.87, 7.23], [7.43, 7.65], [7.7, 8.1], [8.32, 8.76], [8.87, 9.24], [9.44, 10.1]]",bird-mixit+tweetynet
ortdov,Streptopelia orientalis,xc:720531,xc_720531,3,"[0.0, 0.0, 0.0, 0.996277]",0.9963,0.9963,8.1,-0.9445,0.1083,0.10792,8,23.35,23.8,0.45,1,0.45,0.0,"[[23.35, 23.8]]",bird-mixit+tweetynet
ortdov,Streptopelia orientalis,xc:1067601,xc_1067601,3,"[0.0, 0.0, 0.0, 0.939069]",0.9391,0.9391,8.32,-0.9643,0.1129,0.106024,3,11.73,15.2,3.47,6,2.54,0.268,"[[11.73, 11.99], [12.07, 12.42], [12.65, 13.03], [13.12, 13.66], [13.93, 14.6], [14.86, 15.2]]",bird-mixit+tweetynet
ortdov,Streptopelia orientalis,xc:761097,xc_761097,3,"[0.0, 0.0, 0.0, 0.990541]",0.9905,0.9905,8.03,-0.9993,0.107,0.105991,0,0.99,4.01,3.02,5,2.22,0.2649,"[[0.99, 1.19], [1.31, 1.76], [2.03, 2.4], [2.57, 3.05], [3.29, 4.01]]",bird-mixit+tweetynet
ortdov,Streptopelia orientalis,xc:720531,xc_720531,3,"[0.0, 0.0, 0.0, 0.996277]",0.9963,0.9963,7.95,-0.9988,0.1053,0.104868,15,35.27,42.33,7.06,9,5.14,0.272,"[[35.27, 35.48], [35.73, 36.63], [36.97, 37.44], [37.61, 37.88], [37.94, 38.54], [38.9, 39.33], [39.52, 40.43], [40.8, 41.24], [41.42, 42.33]]",bird-mixit+tweetynet
ortdov,Streptopelia orientalis,xc:761097,xc_761097,3,"[0.0, 0.0, 0.0, 0.990541]",0.9905,0.9905,7.96,-0.9992,0.1055,0.104477,3,14.41,15.77,1.36,2,1.09,0.1985,"[[14.41, 15.14], [15.41, 15.77]]",bird-mixit+tweetynet
ortdov,Streptopelia orientalis,xc:1067601,xc_1067601,3,"[0.0, 0.0, 0.0, 0.939069]",0.9391,0.9391,8.02,-0.9533,0.1067,0.100174,1,3.0,9.25,6.25,13,4.32,0.3088,"[[3.0, 3.23], [3.33, 3.69], [3.94, 4.25], [4.42, 4.92], [5.18, 5.45], [5.53, 5.87], [6.01, 6.04], [6.12, 6.47], [6.59, 7.1], [7.37, 7.64], [7.71, 8.06], [8.3, 8.62], [8.77, 9.25]]",bird-mixit+tweetynet
ortdov,Streptopelia orientalis,xc:1009283,xc_1009283,3,"[0.0, 0.0, 0.0, 0.985115]",0.9851,0.9851,7.74,-0.8331,0.1009,0.099429,5,16.13,16.74,0.61,2,0.51,0.1639,"[[16.13, 16.52], [16.62, 16.74]]",bird-mixit+tweetynet
ortdov,Streptopelia orientalis,xc:955863,xc_955863,3,"[0.0, 0.0, 0.0, 0.899853]",0.8999,0.8999,8.16,-0.743,0.1097,0.098732,18,42.53,43.35,0.82,3,0.39,0.5244,"[[42.53, 42.62], [42.71, 42.74], [43.08, 43.35]]",bird-mixit+tweetynet
ortdov,Streptopelia orientalis,xc:787976,xc_787976,3,"[0.0, 0.0, 0.0, 0.981209]",0.9812,0.9812,7.69,-0.9972,0.1001,0.098176,18,53.55,60.58,7.03,10,5.49,0.2191,"[[53.55, 54.11], [54.22, 54.67], [54.9, 55.42], [55.55, 56.08], [56.33, 57.11], [57.16, 57.73], [57.96, 58.49], [58.66, 59.57], [59.69, 59.95], [60.2, 60.58]]",bird-mixit+tweetynet
ortdov,Streptopelia orientalis,xc:724962,xc_724962,3,"[0.0, 0.0, 0.0, 0.983611]",0.9836,0.9836,7.66,-0.9695,0.0995,0.097833,5,14.16,16.08,1.92,3,1.53,0.2031,"[[14.16, 14.88], [15.14, 15.47], [15.6, 16.08]]",bird-mixit+tweetynet
ortdov,Streptopelia orientalis,inat_api:689333,inat_api_689333,3,"[0.0, 0.0, 0.0, 0.799495]",0.7995,0.7995,8.68,-0.8813,0.1206,0.096431,3,15.03,15.95,0.92,2,0.75,0.1848,"[[15.03, 15.35], [15.52, 15.95]]",bird-mixit+tweetynet
ortdov,Streptopelia orientalis,inat_api:543948,inat_api_543948,3,"[0.0, 0.0, 0.0, 0.992725]",0.9927,0.9927,7.54,-0.9869,0.097,0.096287,2,6.66,11.51,4.85,10,3.26,0.3278,"[[6.66, 6.95], [7.09, 7.5], [7.73, 7.97], [8.06, 8.4], [8.64, 8.93], [9.08, 9.5], [9.75, 9.97], [10.07, 10.42], [10.67, 10.95], [11.09, 11.51]]",bird-mixit+tweetynet
ortdov,Streptopelia orientalis,xc:1067601,xc_1067601,3,"[0.0, 0.0, 0.0, 0.939069]",0.9391,0.9391,7.81,-0.9589,0.1025,0.096242,2,9.54,11.43,1.89,3,1.51,0.2011,"[[9.54, 10.22], [10.47, 10.82], [10.95, 11.43]]",bird-mixit+tweetynet
ortdov,Streptopelia orientalis,xc:327475,xc_327475,3,"[0.0, 0.0, 0.0, 0.984539]",0.9845,0.9845,7.58,-0.9922,0.0977,0.096211,35,82.86,86.71,3.85,6,3.05,0.2078,"[[82.86, 83.19], [83.3, 83.71], [83.91, 84.66], [84.74, 85.2], [85.35, 85.76], [86.02, 86.71]]",bird-mixit+tweetynet
ortdov,Streptopelia orientalis,inat_api:1427414,inat_api_1427414,3,"[0.0, 0.0, 0.0, 0.717687]",0.7177,0.7177,9.18,-0.9954,0.1317,0.094548,1,6.63,9.32,2.69,4,1.97,0.2677,"[[6.63, 7.11], [7.32, 8.02], [8.24, 8.5], [8.79, 9.32]]",bird-mixit+tweetynet
ortdov,Streptopelia orientalis,inat_api:1427414,inat_api_1427414,3,"[0.0, 0.0, 0.0, 0.717687]",0.7177,0.7177,9.18,-0.9971,0.1317,0.094499,0,0.05,6.31,6.26,11,4.16,0.3355,"[[0.05, 0.08], [0.26, 0.72], [0.91, 1.58], [1.9, 2.09], [2.35, 2.84], [3.04, 3.71], [3.92, 3.97], [4.02, 4.21], [4.51, 4.99], [5.18, 5.85], [6.05, 6.31]]",bird-mixit+tweetynet
ortdov,Streptopelia orientalis,xc:724962,xc_724962,3,"[0.0, 0.0, 0.0, 0.983611]",0.9836,0.9836,7.43,-0.9524,0.0949,0.093299,3,2.1,7.26,5.16,9,3.6,0.3023,"[[2.1, 2.41], [2.54, 2.98], [3.26, 3.96], [4.26, 4.55], [4.71, 5.13], [5.4, 5.62], [5.68, 6.16], [6.38, 6.68], [6.82, 7.26]]",bird-mixit+tweetynet
ortdov,Streptopelia orientalis,xc:720531,xc_720531,3,"[0.0, 0.0, 0.0, 0.996277]",0.9963,0.9963,7.32,-0.9925,0.0928,0.092434,12,32.61,32.84,0.23,1,0.23,0.0,"[[32.61, 32.84]]",bird-mixit+tweetynet
ortdov,Streptopelia orientalis,inat_api:689333,inat_api_689333,3,"[0.0, 0.0, 0.0, 0.799495]",0.7995,0.7995,8.41,-0.9531,0.115,0.091913,1,4.21,10.3,6.09,10,4.43,0.2726,"[[4.21, 4.53], [4.66, 5.15], [5.32, 6.04], [6.34, 6.63], [6.77, 7.26], [7.45, 8.16], [8.46, 8.76], [8.9, 9.4], [9.62, 9.83], [9.9, 10.3]]",bird-mixit+tweetynet
ortdov,Streptopelia orientalis,xc:1009283,xc_1009283,3,"[0.0, 0.0, 0.0, 0.985115]",0.9851,0.9851,3.42,0.521,0.0928,0.091464,10,24.63,25.08,0.45,2,0.34,0.2444,"[[24.63, 24.8], [24.91, 25.08]]",bird-mixit+tweetynet
ortdov,Streptopelia orientalis,xc:874576,xc_874576,3,"[0.0, 0.0, 0.0, 0.99224]",0.9922,0.9922,7.22,-0.9974,0.0908,0.090123,1,4.19,11.83,7.64,12,5.63,0.2631,"[[4.19, 4.56], [4.74, 5.15], [5.36, 5.6], [5.66, 6.27], [6.44, 6.78], [6.97, 7.41], [7.63, 8.49], [8.69, 9.0], [9.19, 9.63], [9.84, 10.69], [10.9, 11.23], [11.4, 11.83]]",bird-mixit+tweetynet
ortdov,Streptopelia orientalis,xc:875246,xc_875246,3,"[0.0, 0.0, 0.0, 0.994206]",0.9942,0.9942,7.2,-0.9984,0.0905,0.089969,0,2.81,10.44,7.63,14,5.38,0.2949,"[[2.81, 3.0], [3.1, 3.7], [3.99, 4.33], [4.5, 4.91], [5.15, 5.39], [5.45, 6.03], [6.22, 6.57], [6.76, 7.19], [7.44, 7.67], [7.74, 8.23], [8.49, 8.85], [9.0, 9.45], [9.68, 9.93], [9.98, 10.44]]",bird-mixit+tweetynet
ortdov,Streptopelia orientalis,xc:327475,xc_327475,3,"[0.0, 0.0, 0.0, 0.984539]",0.9845,0.9845,7.25,-0.9788,0.0914,0.089941,36,87.05,87.54,0.49,2,0.3,0.3878,"[[87.05, 87.32], [87.51, 87.54]]",bird-mixit+tweetynet
ortdov,Streptopelia orientalis,inat_api:882621,inat_api_882621,3,"[0.0, 0.0, 0.0, 0.886674]",0.8867,0.8867,7.72,-0.9941,0.1006,0.089214,0,1.59,4.66,3.07,5,2.29,0.2541,"[[1.59, 1.76], [1.85, 2.33], [2.61, 3.03], [3.21, 3.69], [3.92, 4.66]]",bird-mixit+tweetynet
ortdov,Streptopelia orientalis,xc:658111,xc_658111,3,"[0.0, 0.0, 0.0, 0.905743]",0.9057,0.9057,7.59,-0.9672,0.098,0.088745,0,0.02,6.21,6.19,14,3.96,0.3603,"[[0.02, 0.07], [0.16, 0.36], [0.69, 0.97], [1.19, 1.53], [1.68, 1.87], [1.96, 2.07], [2.14, 2.3], [2.58, 2.94], [3.11, 3.45], [3.59, 3.84], [3.91, 4.24], [4.53, 4.87], [5.03, 5.39], [5.56, 6.21]]",bird-mixit+tweetynet
ortdov,Streptopelia orientalis,xc:875246,xc_875246,3,"[0.0, 0.0, 0.0, 0.994206]",0.9942,0.9942,7.04,-0.9985,0.0874,0.086871,2,12.98,14.96,1.98,3,1.54,0.2222,"[[12.98, 13.29], [13.48, 13.92], [14.17, 14.96]]",bird-mixit+tweetynet
ortdov,Streptopelia orientalis,xc:724962,xc_724962,3,"[0.0, 0.0, 0.0, 0.983611]",0.9836,0.9836,7.04,-0.9225,0.0875,0.086091,2,0.93,1.53,0.6,2,0.36,0.4,"[[0.93, 1.17], [1.41, 1.53]]",bird-mixit+tweetynet
ortdov,Streptopelia orientalis,xc:308246,xc_308246,3,"[0.0, 0.0, 0.0, 0.997143]",0.9971,0.9971,6.97,-0.9927,0.0862,0.085997,1,1.93,9.06,7.13,15,5.0,0.2987,"[[1.93, 2.28], [2.49, 2.99], [3.14, 3.33], [3.42, 3.83], [4.14, 4.5], [4.67, 5.11], [5.31, 5.55], [5.6, 6.05], [6.31, 6.63], [6.81, 7.25], [7.3, 7.36], [7.47, 7.88], [7.94, 8.26], [8.5, 8.95], [9.0, 9.06]]",bird-mixit+tweetynet
ortdov,Streptopelia orientalis,xc:473070,xc_473070,3,"[0.0, 0.0, 0.0, 0.944566]",0.9446,0.9446,7.23,-0.9982,0.091,0.08596,3,15.11,17.36,2.25,4,1.49,0.3378,"[[15.11, 15.63], [15.97, 16.22], [16.31, 16.67], [17.0, 17.36]]",bird-mixit+tweetynet
ortdov,Streptopelia orientalis,xc:724962,xc_724962,3,"[0.0, 0.0, 0.0, 0.983611]",0.9836,0.9836,6.98,-0.9766,0.0863,0.084924,4,7.56,13.86,6.3,9,4.49,0.2873,"[[7.56, 8.26], [8.55, 8.85], [9.0, 9.45], [9.74, 10.51], [10.72, 11.0], [11.17, 11.66], [11.94, 12.66], [12.92, 13.21], [13.37, 13.86]]",bird-mixit+tweetynet
ortdov,Streptopelia orientalis,xc:723155,xc_723155,3,"[0.0, 0.0, 0.0, 0.963681]",0.9637,0.9637,7.05,-0.9413,0.0876,0.084413,2,8.61,8.93,0.32,1,0.32,0.0,"[[8.61, 8.93]]",bird-mixit+tweetynet
ortdov,Streptopelia orientalis,xc:983811,xc_983811,3,"[0.0, 0.0, 0.0, 0.982435]",0.9824,0.9824,6.91,-0.9663,0.085,0.083538,2,3.05,8.45,5.4,12,3.41,0.3685,"[[3.05, 3.28], [3.37, 3.64], [3.87, 4.12], [4.26, 4.65], [4.91, 5.15], [5.28, 5.55], [5.77, 6.0], [6.17, 6.57], [6.86, 7.06], [7.16, 7.45], [7.68, 7.93], [8.06, 8.45]]",bird-mixit+tweetynet
ortdov,Streptopelia orientalis,xc:1009282,xc_1009282,2,"[0.0, 0.0, 0.991721, 0.0]",0.9917,0.9917,6.83,-0.9164,0.0837,0.082976,1,8.16,15.21,7.05,12,4.5,0.3617,"[[8.16, 8.42], [8.56, 9.0], [9.27, 9.97], [10.32, 10.55], [10.73, 11.19], [11.46, 12.14], [12.5, 12.74], [12.9, 13.35], [13.63, 13.95], [14.02, 14.41], [14.76, 15.06], [15.18, 15.21]]",bird-mixit+tweetynet
osprey,Pandion haliaetus,xc:103572,xc_103572,0,"[0.999896, 0.00971, 0.0, 0.0]",0.9999,0.9999,40.02,0.9999,0.9998,0.999704,4,4.7,5.9,1.2,2,0.95,0.2083,"[[4.7, 5.22], [5.47, 5.9]]",bird-mixit+tweetynet
osprey,Pandion haliaetus,xc:103572,xc_103572,0,"[0.999896, 0.00971, 0.0, 0.0]",0.9999,0.9999,38.5,1.0,0.9998,0.999683,3,3.8,4.28,0.48,1,0.48,0.0,"[[3.8, 4.28]]",bird-mixit+tweetynet
osprey,Pandion haliaetus,xc:103572,xc_103572,0,"[0.999896, 0.00971, 0.0, 0.0]",0.9999,0.9999,37.17,0.9999,0.9996,0.999548,2,2.09,3.31,1.22,2,0.86,0.2951,"[[2.09, 2.52], [2.88, 3.31]]",bird-mixit+tweetynet
osprey,Pandion haliaetus,xc:103572,xc_103572,0,"[0.999896, 0.00971, 0.0, 0.0]",0.9999,0.9999,37.84,0.9997,0.9996,0.999502,1,1.28,1.62,0.34,1,0.34,0.0,"[[1.28, 1.62]]",bird-mixit+tweetynet
osprey,Pandion haliaetus,xc:452068,xc_452068,0,"[0.999503, 0.013545, 0.0, 0.831723]",0.9995,0.9995,41.49,0.9998,0.9998,0.999343,1,6.62,7.49,0.87,2,0.67,0.2299,"[[6.62, 7.09], [7.29, 7.49]]",bird-mixit+tweetynet
osprey,Pandion haliaetus,xc:466212,xc_466212,0,"[0.999744, 0.062765, 0.144021, 0.05877]",0.9997,0.9997,35.7,1.0,0.9995,0.999244,26,77.28,77.83,0.55,1,0.55,0.0,"[[77.28, 77.83]]",bird-mixit+tweetynet
osprey,Pandion haliaetus,xc:466212,xc_466212,0,"[0.999744, 0.062765, 0.144021, 0.05877]",0.9997,0.9997,35.43,0.9999,0.9995,0.99918,24,68.88,75.75,6.87,11,5.11,0.2562,"[[68.88, 69.44], [69.76, 70.32], [70.38, 70.43], [70.56, 71.13], [71.38, 72.03], [72.21, 72.88], [73.09, 73.79], [73.91, 74.22], [74.38, 74.73], [74.78, 74.82], [75.1, 75.75]]",bird-mixit+tweetynet
osprey,Pandion haliaetus,xc:466212,xc_466212,0,"[0.999744, 0.062765, 0.144021, 0.05877]",0.9997,0.9997,34.66,1.0,0.9994,0.999076,32,88.03,92.67,4.64,8,3.36,0.2759,"[[88.03, 88.22], [88.33, 88.45], [88.81, 89.43], [89.71, 90.37], [90.45, 91.1], [91.24, 91.9], [92.06, 92.3], [92.45, 92.67]]",bird-mixit+tweetynet
osprey,Pandion haliaetus,xc:466212,xc_466212,0,"[0.999744, 0.062765, 0.144021, 0.05877]",0.9997,0.9997,34.68,0.9999,0.9994,0.999058,17,43.88,50.81,6.93,8,5.4,0.2208,"[[43.88, 45.52], [45.78, 46.36], [46.63, 47.21], [47.49, 48.11], [48.38, 49.0], [49.27, 50.07], [50.13, 50.64], [50.76, 50.81]]",bird-mixit+tweetynet
osprey,Pandion haliaetus,xc:466212,xc_466212,0,"[0.999744, 0.062765, 0.144021, 0.05877]",0.9997,0.9997,34.57,0.9999,0.9993,0.999033,10,21.31,27.19,5.88,4,5.69,0.0323,"[[21.31, 21.36], [21.45, 21.97], [22.02, 25.07], [25.12, 27.19]]",bird-mixit+tweetynet
osprey,Pandion haliaetus,xc:453005,xc_453005,0,"[0.999141, 0.22618, 0.373205, 0.996308]",0.9991,0.9991,32.81,0.9999,0.9989,0.997994,294,466.54,470.27,3.73,5,2.3,0.3834,"[[466.54, 466.97], [467.34, 467.82], [468.14, 468.65], [469.0, 469.42], [469.81, 470.27]]",bird-mixit+tweetynet
osprey,Pandion haliaetus,xc:453005,xc_453005,0,"[0.999141, 0.22618, 0.373205, 0.996308]",0.9991,0.9991,31.7,0.9999,0.9984,0.997542,132,189.11,189.6,0.49,1,0.49,0.0,"[[189.11, 189.6]]",bird-mixit+tweetynet
osprey,Pandion haliaetus,xc:107051,xc_107051,0,"[0.999479, 0.0, 0.0, 0.0]",0.9995,0.9995,30.89,0.9998,0.998,0.997509,9,47.24,47.47,0.23,1,0.23,0.0,"[[47.24, 47.47]]",bird-mixit+tweetynet
osprey,Pandion haliaetus,xc:530768,xc_530768,0,"[0.998018, 0.256335, 0.0, 0.0]",0.998,0.998,34.88,0.9998,0.9994,0.997352,1,1.62,1.99,0.37,1,0.37,0.0,"[[1.62, 1.99]]",bird-mixit+tweetynet
osprey,Pandion haliaetus,xc:530768,xc_530768,0,"[0.998018, 0.256335, 0.0, 0.0]",0.998,0.998,34.31,0.9998,0.9992,0.997223,2,2.58,3.16,0.58,2,0.37,0.3621,"[[2.58, 2.91], [3.12, 3.16]]",bird-mixit+tweetynet
osprey,Pandion haliaetus,xc:103572,xc_103572,0,"[0.999896, 0.00971, 0.0, 0.0]",0.9999,0.9999,30.56,0.9983,0.9971,0.996957,0,0.51,0.76,0.25,1,0.25,0.0,"[[0.51, 0.76]]",bird-mixit+tweetynet
osprey,Pandion haliaetus,xc:530768,xc_530768,0,"[0.998018, 0.256335, 0.0, 0.0]",0.998,0.998,32.61,0.9997,0.9987,0.99674,3,3.69,3.96,0.27,1,0.27,0.0,"[[3.69, 3.96]]",bird-mixit+tweetynet
osprey,Pandion haliaetus,xc:1027115,xc_1027115,0,"[0.997805, 0.269982, 0.023104, 0.322758]",0.9978,0.9978,34.21,0.9991,0.9989,0.996663,27,78.91,81.74,2.83,5,2.19,0.2261,"[[78.91, 79.19], [79.26, 79.36], [79.58, 80.88], [80.95, 81.39], [81.67, 81.74]]",bird-mixit+tweetynet
osprey,Pandion haliaetus,xc:453005,xc_453005,0,"[0.999141, 0.22618, 0.373205, 0.996308]",0.9991,0.9991,29.84,0.9988,0.9968,0.995917,133,190.04,191.44,1.4,2,1.04,0.2571,"[[190.04, 190.65], [191.01, 191.44]]",bird-mixit+tweetynet
osprey,Pandion haliaetus,xc:452068,xc_452068,0,"[0.999503, 0.013545, 0.0, 0.831723]",0.9995,0.9995,33.52,0.9938,0.9961,0.995563,0,1.62,6.11,4.49,11,2.21,0.5078,"[[1.62, 1.66], [1.85, 1.99], [2.18, 2.32], [2.4, 2.54], [2.62, 2.75], [2.87, 2.96], [3.18, 3.32], [3.71, 4.0], [4.3, 4.6], [4.93, 5.32], [5.7, 6.11]]",bird-mixit+tweetynet
osprey,Pandion haliaetus,xc:453005,xc_453005,0,"[0.999141, 0.22618, 0.373205, 0.996308]",0.9991,0.9991,28.42,0.9999,0.996,0.9951,190,307.83,308.26,0.43,1,0.43,0.0,"[[307.83, 308.26]]",bird-mixit+tweetynet
osprey,Pandion haliaetus,xc:1027115,xc_1027115,0,"[0.997805, 0.269982, 0.023104, 0.322758]",0.9978,0.9978,30.72,0.9984,0.9972,0.995028,37,88.36,93.6,5.24,6,4.68,0.1069,"[[88.36, 88.42], [88.66, 88.83], [88.93, 89.13], [89.24, 89.54], [89.6, 93.22], [93.27, 93.6]]",bird-mixit+tweetynet
osprey,Pandion haliaetus,xc:567834,xc_567834,0,"[0.999673, 0.0, 0.0, 0.0]",0.9997,0.9997,29.46,0.9964,0.9953,0.994991,12,23.58,27.22,3.64,5,3.06,0.1593,"[[23.58, 26.28], [26.4, 26.44], [26.55, 26.72], [26.78, 26.86], [27.15, 27.22]]",bird-mixit+tweetynet
osprey,Pandion haliaetus,xc:453005,xc_453005,0,"[0.999141, 0.22618, 0.373205, 0.996308]",0.9991,0.9991,28.34,0.9998,0.9959,0.994964,189,306.49,307.09,0.6,2,0.53,0.1167,"[[306.49, 306.99], [307.06, 307.09]]",bird-mixit+tweetynet
osprey,Pandion haliaetus,xc:530768,xc_530768,0,"[0.998018, 0.256335, 0.0, 0.0]",0.998,0.998,32.34,0.9962,0.9969,0.994905,0,0.19,0.93,0.74,2,0.39,0.473,"[[0.19, 0.32], [0.67, 0.93]]",bird-mixit+tweetynet
osprey,Pandion haliaetus,xc:573483,xc_573483,0,"[0.996978, 0.0, 0.0, 0.0]",0.997,0.997,33.55,0.9966,0.9974,0.994452,2,3.72,3.98,0.26,1,0.26,0.0,"[[3.72, 3.98]]",bird-mixit+tweetynet
osprey,Pandion haliaetus,xc:996743,xc_996743,0,"[0.997592, 0.0, 0.0, 0.0]",0.9976,0.9976,28.55,0.9999,0.9962,0.993763,1,3.71,4.66,0.95,2,0.66,0.3053,"[[3.71, 3.9], [4.19, 4.66]]",bird-mixit+tweetynet
osprey,Pandion haliaetus,xc:721671,xc_721671,0,"[0.999022, 0.029639, 0.0, 0.384195]",0.999,0.999,25.55,1.0,0.9906,0.989658,6,17.7,18.34,0.64,1,0.64,0.0,"[[17.7, 18.34]]",bird-mixit+tweetynet
osprey,Pandion haliaetus,xc:592797,xc_592797,0,"[0.996308, 0.0, 0.0, 0.0]",0.9963,0.9963,28.74,0.9935,0.9931,0.989467,3,4.36,6.12,1.76,3,1.12,0.3636,"[[4.36, 4.86], [5.17, 5.21], [5.54, 6.12]]",bird-mixit+tweetynet
osprey,Pandion haliaetus,xc:550940,xc_550940,0,"[0.991421, 0.0, 0.0, 0.0]",0.9914,0.9914,33.76,0.9977,0.998,0.989461,3,4.1,5.49,1.39,4,0.91,0.3453,"[[4.1, 4.53], [4.81, 4.88], [5.01, 5.07], [5.14, 5.49]]",bird-mixit+tweetynet
osprey,Pandion haliaetus,xc:21369,xc_21369,0,"[0.992334, 0.023375, 0.02264, 0.239295]",0.9923,0.9923,29.84,0.9988,0.9968,0.989127,30,32.77,36.41,3.64,12,1.95,0.4643,"[[32.77, 33.09], [33.49, 33.61], [33.77, 34.09], [34.21, 34.29], [34.4, 34.49], [34.55, 34.89], [34.98, 35.09], [35.18, 35.31], [35.42, 35.56], [35.66, 35.79], [35.88, 35.94], [36.3, 36.41]]",bird-mixit+tweetynet
osprey,Pandion haliaetus,xc:333144,xc_333144,0,"[0.990041, 0.981452, 0.447835, 0.972122]",0.99,0.99,32.9,0.9998,0.9989,0.988862,10,15.22,19.6,4.38,11,2.01,0.5411,"[[15.22, 15.43], [15.57, 15.77], [16.0, 16.17], [16.57, 16.69], [16.95, 17.12], [17.21, 17.34], [17.73, 17.88], [18.04, 18.34], [18.58, 18.77], [19.11, 19.25], [19.37, 19.6]]",bird-mixit+tweetynet
osprey,Pandion haliaetus,xc:610417,xc_610417,0,"[0.999103, 0.0, 0.0, 0.003124]",0.9991,0.9991,25.14,0.9996,0.9892,0.98835,23,21.58,22.0,0.42,2,0.32,0.2381,"[[21.58, 21.84], [21.94, 22.0]]",bird-mixit+tweetynet
osprey,Pandion haliaetus,xc:550940,xc_550940,0,"[0.991421, 0.0, 0.0, 0.0]",0.9914,0.9914,29.9,0.9983,0.9966,0.988022,0,0.02,0.64,0.62,3,0.44,0.2903,"[[0.02, 0.06], [0.11, 0.16], [0.29, 0.64]]",bird-mixit+tweetynet
osprey,Pandion haliaetus,xc:550940,xc_550940,0,"[0.991421, 0.0, 0.0, 0.0]",0.9914,0.9914,29.75,0.9982,0.9964,0.987877,2,2.84,3.22,0.38,1,0.38,0.0,"[[2.84, 3.22]]",bird-mixit+tweetynet
osprey,Pandion haliaetus,xc:465329,xc_465329,0,"[0.991354, 0.039399, 0.00984, 0.199231]",0.9914,0.9914,29.52,0.9984,0.9963,0.987758,8,12.56,12.86,0.3,1,0.3,0.0,"[[12.56, 12.86]]",bird-mixit+tweetynet
osprey,Pandion haliaetus,xc:567834,xc_567834,0,"[0.999673, 0.0, 0.0, 0.0]",0.9997,0.9997,26.7,0.9892,0.988,0.987706,3,9.67,12.51,2.84,2,2.77,0.0246,"[[9.67, 9.7], [9.77, 12.51]]",bird-mixit+tweetynet
osprey,Pandion haliaetus,xc:376424,xc_376424,0,"[0.997784, 0.0, 0.013851, 0.0]",0.9978,0.9978,29.93,0.9817,0.9884,0.986189,2,7.93,14.93,7.0,16,5.9,0.1571,"[[7.93, 11.66], [11.74, 11.82], [11.88, 11.95], [12.03, 12.1], [12.18, 12.21], [12.31, 12.38], [12.45, 12.54], [12.61, 12.68], [12.77, 12.84], [12.9, 13.14], [13.19, 13.28], [13.34, 13.4], [13.48, 13.7], [13.77, 14.19], [14.26, 14.81], [14.89, 14.93]]",bird-mixit+tweetynet
osprey,Pandion haliaetus,xc:550940,xc_550940,0,"[0.991421, 0.0, 0.0, 0.0]",0.9914,0.9914,28.79,0.995,0.9939,0.985387,4,6.37,6.71,0.34,1,0.34,0.0,"[[6.37, 6.71]]",bird-mixit+tweetynet
osprey,Pandion haliaetus,xc:376424,xc_376424,0,"[0.997784, 0.0, 0.013851, 0.0]",0.9978,0.9978,29.66,0.9804,0.9875,0.985313,9,43.41,46.12,2.71,8,2.14,0.2103,"[[43.41, 43.49], [43.58, 43.68], [43.74, 43.85], [43.91, 44.02], [44.11, 44.22], [44.28, 44.42], [44.47, 45.87], [46.03, 46.12]]",bird-mixit+tweetynet
osprey,Pandion haliaetus,xc:466216,xc_466216,0,"[0.996375, 0.0, 0.007608, 0.029812]",0.9964,0.9964,27.21,0.988,0.9883,0.984773,0,0.12,4.9,4.78,8,3.72,0.2218,"[[0.12, 2.32], [2.44, 2.71], [3.09, 3.27], [3.33, 3.41], [3.58, 3.67], [3.77, 4.08], [4.25, 4.46], [4.52, 4.9]]",bird-mixit+tweetynet
osprey,Pandion haliaetus,xc:174765,xc_174765,0,"[0.996164, 0.636446, 0.0, 0.0]",0.9962,0.9962,24.45,0.9997,0.9869,0.983181,23,47.49,52.39,4.9,5,3.64,0.2571,"[[47.49, 48.0], [48.28, 49.66], [49.96, 50.48], [50.87, 51.46], [51.75, 52.39]]",bird-mixit+tweetynet
osprey,Pandion haliaetus,xc:294425,xc_294425,0,"[0.999714, 0.0, 0.0, 0.0]",0.9997,0.9997,24.05,0.9957,0.9833,0.983046,0,0.6,4.54,3.94,3,3.45,0.1244,"[[0.6, 0.63], [0.85, 0.88], [1.15, 4.54]]",bird-mixit+tweetynet
osprey,Pandion haliaetus,xc:174765,xc_174765,0,"[0.996164, 0.636446, 0.0, 0.0]",0.9962,0.9962,24.51,0.9984,0.9865,0.982767,6,17.6,19.08,1.48,2,1.1,0.2568,"[[17.6, 18.13], [18.51, 19.08]]",bird-mixit+tweetynet
osprey,Pandion haliaetus,xc:567834,xc_567834,0,"[0.999673, 0.0, 0.0, 0.0]",0.9997,0.9997,29.22,0.9716,0.9827,0.982411,23,35.35,39.44,4.09,7,3.2,0.2176,"[[35.35, 35.39], [35.55, 35.59], [35.76, 35.81], [36.02, 36.07], [36.21, 36.29], [36.41, 36.53], [36.62, 39.44]]",bird-mixit+tweetynet
osprey,Pandion haliaetus,xc:610417,xc_610417,0,"[0.999103, 0.0, 0.0, 0.003124]",0.9991,0.9991,23.78,0.9975,0.983,0.9821,39,45.18,47.5,2.32,5,1.41,0.3922,"[[45.18, 45.4], [45.61, 45.66], [45.78, 46.1], [46.33, 46.93], [47.28, 47.5]]",bird-mixit+tweetynet
osprey,Pandion haliaetus,xc:610417,xc_610417,0,"[0.999103, 0.0, 0.0, 0.003124]",0.9991,0.9991,23.58,0.9988,0.9827,0.981783,19,17.63,18.66,1.03,3,0.55,0.466,"[[17.63, 17.89], [17.99, 18.03], [18.41, 18.66]]",bird-mixit+tweetynet
osprey,Pandion haliaetus,xc:610417,xc_610417,0,"[0.999103, 0.0, 0.0, 0.003124]",0.9991,0.9991,23.07,0.9986,0.9798,0.978967,40,48.07,49.11,1.04,3,0.63,0.3942,"[[48.07, 48.33], [48.68, 48.75], [48.81, 49.11]]",bird-mixit+tweetynet
osprey,Pandion haliaetus,xc:333144,xc_333144,0,"[0.990041, 0.981452, 0.447835, 0.972122]",0.99,0.99,25.01,0.9985,0.9883,0.978401,13,23.43,25.6,2.17,6,0.94,0.5668,"[[23.43, 23.59], [23.8, 23.93], [24.27, 24.48], [24.72, 24.78], [25.08, 25.29], [25.43, 25.6]]",bird-mixit+tweetynet
osprey,Pandion haliaetus,xc:453006,xc_453006,0,"[0.997462, 0.0, 0.019727, 0.021533]",0.9975,0.9975,23.06,0.9983,0.9797,0.977226,17,24.85,26.28,1.43,3,0.77,0.4615,"[[24.85, 25.11], [25.48, 25.56], [25.85, 26.28]]",bird-mixit+tweetynet
osprey,Pandion haliaetus,xc:994090,xc_994090,0,"[0.985389, 0.006393, 0.0, 0.0]",0.9854,0.9854,25.98,0.9994,0.9915,0.976993,17,37.11,37.34,0.23,1,0.23,0.0,"[[37.11, 37.34]]",bird-mixit+tweetynet
osprey,Pandion haliaetus,xc:455158,xc_455158,0,"[0.993148, 0.0, 0.0, 0.0]",0.9931,0.9931,23.73,0.9995,0.9838,0.976974,1,2.01,2.43,0.42,1,0.42,0.0,"[[2.01, 2.43]]",bird-mixit+tweetynet
osprey,Pandion haliaetus,xc:174765,xc_174765,0,"[0.996164, 0.636446, 0.0, 0.0]",0.9962,0.9962,23.12,0.9995,0.9806,0.976865,5,10.32,17.09,6.77,9,5.31,0.2157,"[[10.32, 10.42], [10.52, 11.0], [11.16, 11.78], [12.03, 12.65], [12.81, 13.43], [13.52, 13.55], [13.72, 14.31], [14.68, 16.19], [16.35, 17.09]]",bird-mixit+tweetynet
osprey,Pandion haliaetus,xc:455158,xc_455158,0,"[0.993148, 0.0, 0.0, 0.0]",0.9931,0.9931,23.52,0.9999,0.9829,0.976164,4,6.71,7.22,0.51,1,0.51,0.0,"[[6.71, 7.22]]",bird-mixit+tweetynet
osprey,Pandion haliaetus,xc:573484,xc_573484,0,"[0.995678, 0.0, 0.0, 0.0]",0.9957,0.9957,23.2,0.9948,0.9787,0.974517,3,2.84,3.78,0.94,2,0.56,0.4043,"[[2.84, 3.12], [3.5, 3.78]]",bird-mixit+tweetynet
osprey,Pandion haliaetus,xc:994090,xc_994090,0,"[0.985389, 0.006393, 0.0, 0.0]",0.9854,0.9854,24.56,0.9995,0.9872,0.97283,16,35.62,36.15,0.53,2,0.25,0.5283,"[[35.62, 35.66], [35.94, 36.15]]",bird-mixit+tweetynet
osprey,Pandion haliaetus,xc:550940,xc_550940,0,"[0.991421, 0.0, 0.0, 0.0]",0.9914,0.9914,23.21,0.9984,0.9806,0.972165,1,1.57,1.88,0.31,1,0.31,0.0,"[[1.57, 1.88]]",bird-mixit+tweetynet
osprey,Pandion haliaetus,xc:376424,xc_376424,0,"[0.997784, 0.0, 0.013851, 0.0]",0.9978,0.9978,27.99,0.9544,0.9728,0.970648,13,55.63,59.26,3.63,4,3.43,0.0551,"[[55.63, 55.7], [55.77, 58.98], [59.04, 59.13], [59.2, 59.26]]",bird-mixit+tweetynet
osprey,Pandion haliaetus,xc:453006,xc_453006,0,"[0.997462, 0.0, 0.019727, 0.021533]",0.9975,0.9975,22.13,0.9974,0.9731,0.970639,0,1.68,3.68,2.0,1,2.0,0.0,"[[1.68, 3.68]]",bird-mixit+tweetynet
osprey,Pandion haliaetus,xc:453006,xc_453006,0,"[0.997462, 0.0, 0.019727, 0.021533]",0.9975,0.9975,29.31,0.9512,0.9726,0.97021,63,89.87,93.58,3.71,6,2.66,0.283,"[[89.87, 89.92], [90.26, 90.41], [90.73, 90.85], [90.9, 90.94], [91.16, 91.36], [91.48, 93.58]]",bird-mixit+tweetynet
osprey,Pandion haliaetus,xc:465329,xc_465329,0,"[0.991354, 0.039399, 0.00984, 0.199231]",0.9914,0.9914,22.62,0.9998,0.9778,0.969345,24,32.96,34.47,1.51,3,0.97,0.3576,"[[32.96, 33.31], [33.54, 33.84], [34.15, 34.47]]",bird-mixit+tweetynet
osprey,Pandion haliaetus,xc:290052,xc_290052,0,"[0.998179, 0.0, 0.0, 0.0]",0.9982,0.9982,26.97,0.9516,0.9699,0.968107,23,34.05,34.76,0.71,2,0.32,0.5493,"[[34.05, 34.21], [34.6, 34.76]]",bird-mixit+tweetynet
osprey,Pandion haliaetus,xc:994090,xc_994090,0,"[0.985389, 0.006393, 0.0, 0.0]",0.9854,0.9854,23.56,0.9984,0.9824,0.968071,14,33.48,34.11,0.63,2,0.28,0.5556,"[[33.48, 33.72], [34.07, 34.11]]",bird-mixit+tweetynet
osprey,Pandion haliaetus,xc:376424,xc_376424,0,"[0.997784, 0.0, 0.013851, 0.0]",0.9978,0.9978,30.42,0.9435,0.9696,0.967491,3,15.05,16.48,1.43,2,1.38,0.035,"[[15.05, 15.52], [15.57, 16.48]]",bird-mixit+tweetynet
osprey,Pandion haliaetus,xc:1027115,xc_1027115,0,"[0.997805, 0.269982, 0.023104, 0.322758]",0.9978,0.9978,21.7,0.9971,0.9695,0.967397,23,61.81,67.09,5.28,5,4.67,0.1155,"[[61.81, 63.21], [63.26, 64.61], [64.89, 64.92], [65.15, 66.6], [66.65, 67.09]]",bird-mixit+tweetynet
osprey,Pandion haliaetus,xc:455158,xc_455158,0,"[0.993148, 0.0, 0.0, 0.0]",0.9931,0.9931,22.16,0.9983,0.9738,0.967084,0,1.2,1.56,0.36,1,0.36,0.0,"[[1.2, 1.56]]",bird-mixit+tweetynet
osprey,Pandion haliaetus,xc:610417,xc_610417,0,"[0.999103, 0.0, 0.0, 0.003124]",0.9991,0.9991,21.28,0.9996,0.967,0.966084,44,52.32,52.58,0.26,1,0.26,0.0,"[[52.32, 52.58]]",bird-mixit+tweetynet
osprey,Pandion haliaetus,xc:131039,xc_131039,0,"[0.998282, 0.0, 0.0, 0.0]",0.9983,0.9983,21.2,0.9997,0.9663,0.964624,13,14.74,15.19,0.45,1,0.45,0.0,"[[14.74, 15.19]]",bird-mixit+tweetynet
osprey,Pandion haliaetus,xc:567834,xc_567834,0,"[0.999673, 0.0, 0.0, 0.0]",0.9997,0.9997,22.22,0.9786,0.9647,0.964361,0,1.43,3.83,2.4,1,2.4,0.0,"[[1.43, 3.83]]",bird-mixit+tweetynet
osprey,Pandion haliaetus,xc:272312,xc_272312,0,"[0.962638, 0.0, 0.0, 0.0]",0.9626,0.9626,40.87,0.9994,0.9996,0.962223,10,28.27,28.79,0.52,2,0.38,0.2692,"[[28.27, 28.54], [28.68, 28.79]]",bird-mixit+tweetynet
osprey,Pandion haliaetus,xc:466216,xc_466216,0,"[0.996375, 0.0, 0.007608, 0.029812]",0.9964,0.9964,23.24,0.9677,0.9656,0.962155,1,5.3,10.19,4.89,8,3.45,0.2945,"[[5.3, 5.69], [5.81, 5.87], [6.12, 6.56], [6.62, 6.67], [6.9, 7.64], [7.73, 8.63], [8.92, 9.21], [9.61, 10.19]]",bird-mixit+tweetynet
osprey,Pandion haliaetus,xc:592797,xc_592797,0,"[0.996308, 0.0, 0.0, 0.0]",0.9963,0.9963,31.3,0.9347,0.9657,0.962133,2,2.91,3.77,0.86,2,0.53,0.3837,"[[2.91, 2.97], [3.3, 3.77]]",bird-mixit+tweetynet
osprey,Pandion haliaetus,xc:465329,xc_465329,0,"[0.991354, 0.039399, 0.00984, 0.199231]",0.9914,0.9914,22.13,0.9917,0.9704,0.962044,16,22.62,22.89,0.27,1,0.27,0.0,"[[22.62, 22.89]]",bird-mixit+tweetynet
osprey,Pandion haliaetus,xc:316604,xc_316604,0,"[0.998573, 0.0, 0.0, 0.0]",0.9986,0.9986,21.8,0.9813,0.9627,0.961399,0,1.05,4.89,3.84,6,3.33,0.1328,"[[1.05, 1.14], [1.29, 1.37], [1.5, 1.68], [1.76, 1.9], [2.0, 2.16], [2.21, 4.89]]",bird-mixit+tweetynet
osprey,Pandion haliaetus,xc:564355,xc_564355,0,"[0.962547, 0.307095, 0.015599, 0.0]",0.9625,0.9625,30.24,1.0,0.9977,0.960269,5,7.74,8.31,0.57,1,0.57,0.0,"[[7.74, 8.31]]",bird-mixit+tweetynet
palthr1,Turdus pallidus,xc:985928,xc_985928,0,"[0.996984, 0.0, 0.0, 0.042885]",0.997,0.997,23.02,0.9939,0.9773,0.97433,35,114.81,116.19,1.38,4,0.91,0.3406,"[[114.81, 115.03], [115.17, 115.24], [115.33, 115.58], [115.82, 116.19]]",bird-mixit+tweetynet
palthr1,Turdus pallidus,xc:985928,xc_985928,0,"[0.996984, 0.0, 0.0, 0.042885]",0.997,0.997,22.09,0.9945,0.9714,0.968445,14,46.4,51.48,5.08,10,2.98,0.4134,"[[46.4, 46.55], [46.81, 47.05], [47.12, 47.26], [47.4, 47.47], [47.53, 47.95], [48.31, 49.7], [50.0, 50.08], [50.31, 50.35], [50.64, 50.92], [51.31, 51.48]]",bird-mixit+tweetynet
palthr1,Turdus pallidus,xc:985928,xc_985928,0,"[0.996984, 0.0, 0.0, 0.042885]",0.997,0.997,22.11,0.9911,0.9699,0.96697,32,108.98,111.12,2.14,6,1.27,0.4065,"[[108.98, 109.07], [109.12, 109.29], [109.55, 109.66], [109.79, 110.16], [110.52, 110.79], [110.86, 111.12]]",bird-mixit+tweetynet
palthr1,Turdus pallidus,xc:985928,xc_985928,0,"[0.996984, 0.0, 0.0, 0.042885]",0.997,0.997,22.15,0.9898,0.9696,0.966662,27,84.09,87.16,3.07,9,1.76,0.4267,"[[84.09, 84.31], [84.44, 84.5], [84.79, 84.82], [84.87, 85.49], [85.74, 86.01], [86.1, 86.23], [86.41, 86.7], [86.89, 87.0], [87.13, 87.16]]",bird-mixit+tweetynet
palthr1,Turdus pallidus,xc:985928,xc_985928,0,"[0.996984, 0.0, 0.0, 0.042885]",0.997,0.997,22.42,0.9808,0.9671,0.964182,53,152.14,152.78,0.64,2,0.57,0.1094,"[[152.14, 152.26], [152.33, 152.78]]",bird-mixit+tweetynet
palthr1,Turdus pallidus,xc:464666,xc_464666,0,"[0.951937, 0.0, 0.011751, 0.0]",0.9519,0.9519,36.66,0.9957,0.9975,0.949528,6,23.31,27.77,4.46,4,3.79,0.1502,"[[23.31, 25.22], [25.61, 26.88], [27.1, 27.25], [27.31, 27.77]]",bird-mixit+tweetynet
palthr1,Turdus pallidus,xc:845490,xc_845490,1,"[0.203919, 0.947599, 0.0, 0.0]",0.9476,0.9476,37.91,0.9997,0.9996,0.947247,15,35.05,36.75,1.7,3,1.08,0.3647,"[[35.05, 35.26], [35.5, 36.02], [36.4, 36.75]]",bird-mixit+tweetynet
palthr1,Turdus pallidus,xc:845490,xc_845490,1,"[0.203919, 0.947599, 0.0, 0.0]",0.9476,0.9476,32.81,0.9999,0.9989,0.946561,4,8.79,9.58,0.79,1,0.79,0.0,"[[8.79, 9.58]]",bird-mixit+tweetynet
palthr1,Turdus pallidus,xc:845490,xc_845490,1,"[0.203919, 0.947599, 0.0, 0.0]",0.9476,0.9476,29.01,0.9999,0.9966,0.944402,8,16.89,17.44,0.55,1,0.55,0.0,"[[16.89, 17.44]]",bird-mixit+tweetynet
palthr1,Turdus pallidus,xc:572072,xc_572072,0,"[0.953808, 0.0, 0.006592, 0.0]",0.9538,0.9538,24.72,0.9996,0.9879,0.942239,0,0.03,3.92,3.89,5,2.77,0.2879,"[[0.03, 0.22], [0.5, 0.8], [1.03, 1.2], [1.42, 3.47], [3.86, 3.92]]",bird-mixit+tweetynet
palthr1,Turdus pallidus,xc:464666,xc_464666,0,"[0.951937, 0.0, 0.011751, 0.0]",0.9519,0.9519,27.5,0.9809,0.9853,0.937893,2,9.17,16.42,7.25,10,6.16,0.1503,"[[9.17, 9.53], [9.63, 10.0], [10.08, 10.7], [10.82, 11.76], [11.84, 12.23], [12.39, 12.64], [12.71, 13.39], [13.53, 14.22], [14.35, 15.52], [15.73, 16.42]]",bird-mixit+tweetynet
palthr1,Turdus pallidus,xc:133840,xc_133840,0,"[0.938819, 0.026649, 0.0, 0.0]",0.9388,0.9388,28.19,0.9977,0.9946,0.933732,10,35.67,37.47,1.8,3,1.54,0.1444,"[[35.67, 35.86], [36.07, 36.53], [36.58, 37.47]]",bird-mixit+tweetynet
palthr1,Turdus pallidus,xc:133840,xc_133840,0,"[0.938819, 0.026649, 0.0, 0.0]",0.9388,0.9388,26.94,0.9989,0.9933,0.932517,8,29.09,30.68,1.59,3,1.46,0.0818,"[[29.09, 29.33], [29.39, 30.42], [30.49, 30.68]]",bird-mixit+tweetynet
palthr1,Turdus pallidus,xc:845490,xc_845490,1,"[0.203919, 0.947599, 0.0, 0.0]",0.9476,0.9476,22.86,1.0,0.9793,0.927966,20,45.39,45.91,0.52,1,0.52,0.0,"[[45.39, 45.91]]",bird-mixit+tweetynet
palthr1,Turdus pallidus,xc:845490,xc_845490,1,"[0.203919, 0.947599, 0.0, 0.0]",0.9476,0.9476,21.52,1.0,0.9694,0.918578,11,25.74,26.24,0.5,1,0.5,0.0,"[[25.74, 26.24]]",bird-mixit+tweetynet
palthr1,Turdus pallidus,xc:99374,xc_99374,0,"[0.947732, 0.010758, 0.01288, 0.0]",0.9477,0.9477,21.3,0.9988,0.9668,0.916227,11,19.7,22.49,2.79,4,2.38,0.147,"[[19.7, 21.81], [21.93, 22.02], [22.09, 22.2], [22.42, 22.49]]",bird-mixit+tweetynet
palthr1,Turdus pallidus,xc:133840,xc_133840,0,"[0.938819, 0.026649, 0.0, 0.0]",0.9388,0.9388,22.67,0.9946,0.9755,0.915792,11,39.52,41.77,2.25,4,1.87,0.1689,"[[39.52, 39.7], [39.89, 40.33], [40.39, 41.46], [41.59, 41.77]]",bird-mixit+tweetynet
palthr1,Turdus pallidus,xc:572072,xc_572072,0,"[0.953808, 0.0, 0.006592, 0.0]",0.9538,0.9538,20.51,0.9993,0.9587,0.914431,11,28.86,31.31,2.45,2,2.21,0.098,"[[28.86, 30.41], [30.65, 31.31]]",bird-mixit+tweetynet
palthr1,Turdus pallidus,xc:464666,xc_464666,0,"[0.951937, 0.0, 0.011751, 0.0]",0.9519,0.9519,22.05,0.971,0.9597,0.913512,0,0.09,4.36,4.27,4,3.75,0.1218,"[[0.09, 0.16], [0.31, 0.55], [0.62, 2.3], [2.6, 4.36]]",bird-mixit+tweetynet
palthr1,Turdus pallidus,xc:571410,xc_571410,0,"[0.944318, 0.004528, 0.032478, 0.017723]",0.9443,0.9443,22.57,0.9776,0.9665,0.912704,22,50.92,54.98,4.06,7,2.62,0.3547,"[[50.92, 52.64], [53.02, 53.1], [53.21, 53.3], [53.62, 53.85], [54.02, 54.25], [54.42, 54.56], [54.85, 54.98]]",bird-mixit+tweetynet
palthr1,Turdus pallidus,xc:133840,xc_133840,0,"[0.938819, 0.026649, 0.0, 0.0]",0.9388,0.9388,20.34,0.9987,0.9563,0.897786,5,18.36,19.67,1.31,2,1.14,0.1298,"[[18.36, 18.5], [18.67, 19.67]]",bird-mixit+tweetynet
palthr1,Turdus pallidus,xc:464666,xc_464666,0,"[0.951937, 0.0, 0.011751, 0.0]",0.9519,0.9519,20.37,0.9647,0.9405,0.895237,1,4.83,7.86,3.03,3,2.49,0.1782,"[[4.83, 4.94], [5.13, 7.48], [7.83, 7.86]]",bird-mixit+tweetynet
palthr1,Turdus pallidus,xc:299256,xc_299256,0,"[0.973337, 0.037148, 0.0, 0.0]",0.9733,0.9733,18.04,0.9986,0.9172,0.892713,0,2.57,4.3,1.73,1,1.73,0.0,"[[2.57, 4.3]]",bird-mixit+tweetynet
palthr1,Turdus pallidus,xc:133840,xc_133840,0,"[0.938819, 0.026649, 0.0, 0.0]",0.9388,0.9388,19.61,0.9974,0.9457,0.887856,9,32.13,34.13,2.0,3,1.83,0.085,"[[32.13, 32.36], [32.44, 33.43], [33.52, 34.13]]",bird-mixit+tweetynet
palthr1,Turdus pallidus,xc:464666,xc_464666,0,"[0.951937, 0.0, 0.011751, 0.0]",0.9519,0.9519,19.67,0.9581,0.9281,0.883427,3,17.17,19.85,2.68,1,2.68,0.0,"[[17.17, 19.85]]",bird-mixit+tweetynet
palthr1,Turdus pallidus,xc:839163,xc_839163,0,"[0.926419, 0.0, 0.0, 0.0]",0.9264,0.9264,19.75,0.9916,0.9451,0.875536,7,13.35,17.5,4.15,10,2.11,0.4916,"[[13.35, 13.39], [13.56, 14.25], [14.47, 14.65], [14.89, 15.06], [15.15, 15.38], [15.73, 15.89], [16.22, 16.39], [16.62, 16.79], [17.01, 17.21], [17.4, 17.5]]",bird-mixit+tweetynet
palthr1,Turdus pallidus,xc:389027,xc_389027,0,"[0.981303, 0.0, 0.0, 0.0]",0.9813,0.9813,17.78,0.9546,0.891,0.874346,15,50.89,53.9,3.01,5,2.62,0.1296,"[[50.89, 50.98], [51.1, 51.44], [51.49, 53.21], [53.37, 53.71], [53.77, 53.9]]",bird-mixit+tweetynet
palthr1,Turdus pallidus,xc:299256,xc_299256,0,"[0.973337, 0.037148, 0.0, 0.0]",0.9733,0.9733,17.13,0.9994,0.8943,0.870413,3,23.56,25.21,1.65,1,1.65,0.0,"[[23.56, 25.21]]",bird-mixit+tweetynet
palthr1,Turdus pallidus,xc:569672,xc_569672,0,"[0.864481, 0.037771, 0.0, 0.010245]",0.8645,0.8645,29.92,0.9977,0.9963,0.861314,0,1.1,4.57,3.47,5,2.72,0.2161,"[[1.1, 2.32], [2.37, 2.98], [3.11, 3.54], [3.9, 4.09], [4.3, 4.57]]",bird-mixit+tweetynet
palthr1,Turdus pallidus,xc:133841,xc_133841,0,"[0.882851, 0.0, 0.0, 0.152368]",0.8829,0.8829,22.66,0.9713,0.9641,0.85117,0,0.06,3.31,3.25,6,2.34,0.28,"[[0.06, 0.15], [0.24, 0.28], [0.46, 0.51], [0.83, 1.07], [1.15, 2.99], [3.23, 3.31]]",bird-mixit+tweetynet
palthr1,Turdus pallidus,xc:569672,xc_569672,0,"[0.864481, 0.037771, 0.0, 0.010245]",0.8645,0.8645,23.37,0.9969,0.9807,0.847827,15,35.58,38.17,2.59,2,2.34,0.0965,"[[35.58, 37.5], [37.75, 38.17]]",bird-mixit+tweetynet
palthr1,Turdus pallidus,xc:569672,xc_569672,0,"[0.864481, 0.037771, 0.0, 0.010245]",0.8645,0.8645,24.29,0.9827,0.9779,0.845368,1,7.11,11.57,4.46,8,2.82,0.3677,"[[7.11, 7.32], [7.66, 7.71], [7.77, 7.94], [8.05, 8.09], [8.45, 10.48], [10.55, 10.75], [11.11, 11.19], [11.53, 11.57]]",bird-mixit+tweetynet
palthr1,Turdus pallidus,xc:389027,xc_389027,0,"[0.981303, 0.0, 0.0, 0.0]",0.9813,0.9813,16.44,0.9597,0.856,0.840037,9,25.93,29.41,3.48,6,2.7,0.2241,"[[25.93, 25.97], [26.3, 26.33], [26.53, 26.94], [27.02, 27.44], [27.53, 28.78], [28.86, 29.41]]",bird-mixit+tweetynet
palthr1,Turdus pallidus,xc:569672,xc_569672,0,"[0.864481, 0.037771, 0.0, 0.010245]",0.8645,0.8645,22.17,0.9758,0.9629,0.832393,23,48.25,51.82,3.57,4,3.02,0.1541,"[[48.25, 48.41], [48.71, 50.13], [50.2, 51.6], [51.78, 51.82]]",bird-mixit+tweetynet
palthr1,Turdus pallidus,xc:707803,xc_707803,1,"[0.340078, 0.830373, 0.007411, 0.052902]",0.8304,0.8304,29.84,1.0,0.9974,0.828242,69,115.81,116.86,1.05,2,0.72,0.3143,"[[115.81, 116.46], [116.79, 116.86]]",bird-mixit+tweetynet
palthr1,Turdus pallidus,xc:569672,xc_569672,0,"[0.864481, 0.037771, 0.0, 0.010245]",0.8645,0.8645,20.45,0.9983,0.9575,0.827717,3,15.69,18.02,2.33,2,1.96,0.1588,"[[15.69, 17.46], [17.83, 18.02]]",bird-mixit+tweetynet
palthr1,Turdus pallidus,xc:839163,xc_839163,0,"[0.926419, 0.0, 0.0, 0.0]",0.9264,0.9264,17.41,0.974,0.8905,0.82496,5,10.12,11.45,1.33,3,1.0,0.2481,"[[10.12, 10.75], [10.93, 11.11], [11.26, 11.45]]",bird-mixit+tweetynet
palthr1,Turdus pallidus,xc:707803,xc_707803,1,"[0.340078, 0.830373, 0.007411, 0.052902]",0.8304,0.8304,24.49,0.9995,0.9869,0.819562,11,16.12,17.3,1.18,3,0.84,0.2881,"[[16.12, 16.64], [16.91, 17.2], [17.27, 17.3]]",bird-mixit+tweetynet
palthr1,Turdus pallidus,xc:707803,xc_707803,1,"[0.340078, 0.830373, 0.007411, 0.052902]",0.8304,0.8304,24.05,0.9998,0.9854,0.818235,20,28.12,29.41,1.29,3,0.7,0.4574,"[[28.12, 28.57], [28.96, 29.04], [29.24, 29.41]]",bird-mixit+tweetynet
palthr1,Turdus pallidus,xc:572072,xc_572072,0,"[0.953808, 0.0, 0.006592, 0.0]",0.9538,0.9538,15.76,0.9984,0.8485,0.80934,4,6.21,9.12,2.91,4,2.45,0.1581,"[[6.21, 6.28], [6.42, 6.83], [6.91, 8.41], [8.65, 9.12]]",bird-mixit+tweetynet
palthr1,Turdus pallidus,xc:884530,xc_884530,0,"[0.856486, 0.189234, 0.02535, 0.068218]",0.8565,0.8565,19.46,0.9999,0.9447,0.809137,44,86.73,87.36,0.63,1,0.63,0.0,"[[86.73, 87.36]]",bird-mixit+tweetynet
palthr1,Turdus pallidus,xc:707803,xc_707803,1,"[0.340078, 0.830373, 0.007411, 0.052902]",0.8304,0.8304,21.93,0.9999,0.9728,0.807821,64,108.14,108.85,0.71,1,0.71,0.0,"[[108.14, 108.85]]",bird-mixit+tweetynet
palthr1,Turdus pallidus,xc:707803,xc_707803,1,"[0.340078, 0.830373, 0.007411, 0.052902]",0.8304,0.8304,21.61,0.9999,0.9702,0.805633,26,41.1,41.88,0.78,2,0.64,0.1795,"[[41.1, 41.64], [41.78, 41.88]]",bird-mixit+tweetynet
palthr1,Turdus pallidus,xc:759813,xc_759813,0,"[0.807337, 0.153073, 0.0, 0.045391]",0.8073,0.8073,25.14,0.9996,0.9892,0.798616,11,15.54,16.61,1.07,3,0.63,0.4112,"[[15.54, 15.6], [15.76, 16.25], [16.53, 16.61]]",bird-mixit+tweetynet
palthr1,Turdus pallidus,xc:759813,xc_759813,0,"[0.807337, 0.153073, 0.0, 0.045391]",0.8073,0.8073,24.19,0.9996,0.9858,0.79585,4,3.39,4.22,0.83,2,0.61,0.2651,"[[3.39, 3.85], [4.07, 4.22]]",bird-mixit+tweetynet
palthr1,Turdus pallidus,xc:389027,xc_389027,0,"[0.981303, 0.0, 0.0, 0.0]",0.9813,0.9813,15.28,0.9267,0.7993,0.784334,2,5.98,8.67,2.69,2,2.54,0.0558,"[[5.98, 8.11], [8.26, 8.67]]",bird-mixit+tweetynet
palthr1,Turdus pallidus,xc:299256,xc_299256,0,"[0.973337, 0.037148, 0.0, 0.0]",0.9733,0.9733,14.65,0.9965,0.7999,0.778558,2,16.15,18.4,2.25,1,2.25,0.0,"[[16.15, 18.4]]",bird-mixit+tweetynet
palthr1,Turdus pallidus,xc:99374,xc_99374,0,"[0.947732, 0.010758, 0.01288, 0.0]",0.9477,0.9477,15.1,0.9889,0.8176,0.774801,12,24.87,26.63,1.76,1,1.76,0.0,"[[24.87, 26.63]]",bird-mixit+tweetynet
palthr1,Turdus pallidus,xc:710390,xc_710390,1,"[0.089174, 0.78063, 0.01116, 0.0]",0.7806,0.7806,26.37,0.9997,0.9925,0.774763,14,34.67,35.7,1.03,2,0.85,0.1748,"[[34.67, 34.87], [35.05, 35.7]]",bird-mixit+tweetynet
palthr1,Turdus pallidus,xc:571410,xc_571410,0,"[0.944318, 0.004528, 0.032478, 0.017723]",0.9443,0.9443,15.85,0.9248,0.8204,0.77468,8,22.82,26.92,4.1,6,2.89,0.2951,"[[22.82, 25.12], [25.39, 25.53], [25.85, 25.95], [26.3, 26.41], [26.55, 26.67], [26.8, 26.92]]",bird-mixit+tweetynet
palthr1,Turdus pallidus,xc:710390,xc_710390,1,"[0.089174, 0.78063, 0.01116, 0.0]",0.7806,0.7806,26.22,1.0,0.9923,0.774624,22,53.6,54.38,0.78,2,0.65,0.1667,"[[53.6, 53.63], [53.76, 54.38]]",bird-mixit+tweetynet
palthr1,Turdus pallidus,xc:760749,xc_760749,1,"[0.075051, 0.774268, 0.050246, 0.06887]",0.7743,0.7743,28.29,1.0,0.9959,0.771101,7,14.96,16.49,1.53,3,0.95,0.3791,"[[14.96, 15.17], [15.55, 16.25], [16.45, 16.49]]",bird-mixit+tweetynet
palthr1,Turdus pallidus,xc:839163,xc_839163,0,"[0.926419, 0.0, 0.0, 0.0]",0.9264,0.9264,15.55,0.9784,0.832,0.770795,10,25.22,25.41,0.19,1,0.19,0.0,"[[25.22, 25.41]]",bird-mixit+tweetynet
palthr1,Turdus pallidus,xc:389027,xc_389027,0,"[0.981303, 0.0, 0.0, 0.0]",0.9813,0.9813,14.46,0.9771,0.7829,0.768231,3,10.36,13.22,2.86,4,2.52,0.1189,"[[10.36, 11.29], [11.39, 12.65], [12.8, 12.89], [12.98, 13.22]]",bird-mixit+tweetynet
palthr1,Turdus pallidus,xc:569683,xc_569683,0,"[0.769859, 0.003977, 0.0, 0.0]",0.7699,0.7699,34.11,0.9949,0.9967,0.767368,15,43.15,43.92,0.77,2,0.65,0.1558,"[[43.15, 43.19], [43.31, 43.92]]",bird-mixit+tweetynet
palthr1,Turdus pallidus,xc:710390,xc_710390,1,"[0.089174, 0.78063, 0.01116, 0.0]",0.7806,0.7806,22.49,0.9999,0.9769,0.762577,15,39.16,40.42,1.26,2,1.07,0.1508,"[[39.16, 39.53], [39.72, 40.42]]",bird-mixit+tweetynet
palthr1,Turdus pallidus,xc:710390,xc_710390,1,"[0.089174, 0.78063, 0.01116, 0.0]",0.7806,0.7806,22.43,1.0,0.9765,0.762293,34,92.52,93.4,0.88,2,0.62,0.2955,"[[92.52, 93.04], [93.3, 93.4]]",bird-mixit+tweetynet
palthr1,Turdus pallidus,xc:569683,xc_569683,0,"[0.769859, 0.003977, 0.0, 0.0]",0.7699,0.7699,25.85,0.9933,0.9882,0.760783,11,34.61,36.25,1.64,5,1.23,0.25,"[[34.61, 34.86], [35.03, 35.25], [35.34, 35.56], [35.64, 35.83], [35.9, 36.25]]",bird-mixit+tweetynet
palthr1,Turdus pallidus,xc:710390,xc_710390,1,"[0.089174, 0.78063, 0.01116, 0.0]",0.7806,0.7806,21.85,1.0,0.9722,0.758873,28,80.2,80.77,0.57,1,0.57,0.0,"[[80.2, 80.77]]",bird-mixit+tweetynet
palthr1,Turdus pallidus,xc:389027,xc_389027,0,"[0.981303, 0.0, 0.0, 0.0]",0.9813,0.9813,14.22,0.9821,0.7732,0.75876,10,31.63,34.36,2.73,4,2.4,0.1209,"[[31.63, 32.05], [32.13, 32.6], [32.69, 33.88], [34.04, 34.36]]",bird-mixit+tweetynet
palthr1,Turdus pallidus,xc:569683,xc_569683,0,"[0.769859, 0.003977, 0.0, 0.0]",0.7699,0.7699,24.99,0.9895,0.9838,0.757424,1,1.89,2.1,0.21,1,0.21,0.0,"[[1.89, 2.1]]",bird-mixit+tweetynet
palthr1,Turdus pallidus,xc:569683,xc_569683,0,"[0.769859, 0.003977, 0.0, 0.0]",0.7699,0.7699,24.36,0.9923,0.9829,0.756745,14,39.11,41.93,2.82,7,2.23,0.2092,"[[39.11, 39.17], [39.28, 39.49], [39.61, 39.81], [39.89, 40.95], [41.02, 41.3], [41.41, 41.63], [41.73, 41.93]]",bird-mixit+tweetynet
palthr1,Turdus pallidus,xc:99374,xc_99374,0,"[0.947732, 0.010758, 0.01288, 0.0]",0.9477,0.9477,14.6,0.9981,0.7982,0.756439,6,8.52,10.1,1.58,1,1.58,0.0,"[[8.52, 10.1]]",bird-mixit+tweetynet
palthr1,Turdus pallidus,xc:569683,xc_569683,0,"[0.769859, 0.003977, 0.0, 0.0]",0.7699,0.7699,23.93,0.9939,0.9819,0.755992,3,4.79,8.46,3.67,10,2.08,0.4332,"[[4.79, 5.01], [5.14, 5.34], [5.47, 5.67], [5.87, 6.06], [6.45, 6.67], [6.82, 7.03], [7.18, 7.37], [7.52, 7.74], [7.87, 8.09], [8.25, 8.46]]",bird-mixit+tweetynet
palthr1,Turdus pallidus,xc:572072,xc_572072,0,"[0.953808, 0.0, 0.006592, 0.0]",0.9538,0.9538,14.38,0.9972,0.7871,0.750775,12,37.08,39.2,2.12,3,1.91,0.0991,"[[37.08, 37.53], [37.61, 38.7], [38.83, 39.2]]",bird-mixit+tweetynet
palthr1,Turdus pallidus,xc:299256,xc_299256,0,"[0.973337, 0.037148, 0.0, 0.0]",0.9733,0.9733,14.08,0.9962,0.7712,0.750633,4,29.88,32.14,2.26,1,2.26,0.0,"[[29.88, 32.14]]",bird-mixit+tweetynet
palthr1,Turdus pallidus,xc:759813,xc_759813,0,"[0.807337, 0.153073, 0.0, 0.045391]",0.8073,0.8073,18.39,0.9998,0.9253,0.746975,20,28.43,29.2,0.77,2,0.46,0.4026,"[[28.43, 28.48], [28.79, 29.2]]",bird-mixit+tweetynet
palthr1,Turdus pallidus,xc:767790,xc_767790,0,"[0.980774, 0.0, 0.0, 0.0]",0.9808,0.9808,13.91,0.9912,0.7601,0.745477,14,47.28,48.64,1.36,4,0.84,0.3824,"[[47.28, 47.45], [47.72, 48.01], [48.11, 48.31], [48.46, 48.64]]",bird-mixit+tweetynet
palthr1,Turdus pallidus,xc:839163,xc_839163,0,"[0.926419, 0.0, 0.0, 0.0]",0.9264,0.9264,14.79,0.9818,0.8006,0.741706,9,21.48,22.01,0.53,2,0.34,0.3585,"[[21.48, 21.64], [21.83, 22.01]]",bird-mixit+tweetynet
palthr1,Turdus pallidus,xc:988532,xc_988532,0,"[0.953685, 0.0, 0.0, 0.0]",0.9537,0.9537,14.31,0.9817,0.7775,0.741502,2,13.06,16.15,3.09,7,1.77,0.4272,"[[13.06, 13.28], [13.64, 14.02], [14.16, 14.33], [14.44, 14.61], [14.69, 14.75], [15.07, 15.53], [15.84, 16.15]]",bird-mixit+tweetynet
palthr1,Turdus pallidus,xc:571410,xc_571410,0,"[0.944318, 0.004528, 0.032478, 0.017723]",0.9443,0.9443,14.51,0.9614,0.7791,0.735677,24,56.54,58.33,1.79,1,1.79,0.0,"[[56.54, 58.33]]",bird-mixit+tweetynet
palthr1,Turdus pallidus,xc:789603,xc_789603,0,"[0.762212, 0.097095, 0.029246, 0.012727]",0.7622,0.7622,21.88,0.9826,0.964,0.73475,47,90.1,92.09,1.99,3,1.57,0.2111,"[[90.1, 90.47], [90.63, 91.51], [91.77, 92.09]]",bird-mixit+tweetynet
palthr1,Turdus pallidus,xc:925117,xc_925117,0,"[0.744608, 0.159324, 0.0, 0.0]",0.7446,0.7446,24.83,0.995,0.986,0.734159,18,62.65,65.08,2.43,1,2.43,0.0,"[[62.65, 65.08]]",bird-mixit+tweetynet
palthr1,Turdus pallidus,xc:759813,xc_759813,0,"[0.807337, 0.153073, 0.0, 0.045391]",0.8073,0.8073,17.65,0.9999,0.9085,0.733394,50,62.78,63.44,0.66,2,0.41,0.3788,"[[62.78, 62.81], [63.06, 63.44]]",bird-mixit+tweetynet
palthr1,Turdus pallidus,xc:884530,xc_884530,0,"[0.856486, 0.189234, 0.02535, 0.068218]",0.8565,0.8565,17.81,0.8646,0.8507,0.728612,33,64.89,66.11,1.22,2,1.04,0.1475,"[[64.89, 65.74], [65.92, 66.11]]",bird-mixit+tweetynet
pygwoo1,Yungipicus kizuki,xc:155863,xc_155863,1,"[0.0, 0.968536, 0.019637, 0.012773]",0.9685,0.9685,28.49,0.9988,0.9955,0.964166,0,0.02,2.22,2.2,4,1.62,0.2636,"[[0.02, 0.75], [1.06, 1.16], [1.33, 1.48], [1.58, 2.22]]",bird-mixit+tweetynet
pygwoo1,Yungipicus kizuki,xc:155863,xc_155863,1,"[0.0, 0.968536, 0.019637, 0.012773]",0.9685,0.9685,27.88,0.9997,0.9952,0.963852,47,71.88,74.15,2.27,4,1.53,0.326,"[[71.88, 71.94], [72.31, 72.85], [72.99, 73.85], [74.08, 74.15]]",bird-mixit+tweetynet
pygwoo1,Yungipicus kizuki,xc:155863,xc_155863,1,"[0.0, 0.968536, 0.019637, 0.012773]",0.9685,0.9685,22.11,0.9995,0.974,0.943329,28,38.83,41.38,2.55,5,1.79,0.298,"[[38.83, 38.97], [39.11, 39.45], [39.64, 40.79], [40.84, 40.95], [41.33, 41.38]]",bird-mixit+tweetynet
pygwoo1,Yungipicus kizuki,xc:155863,xc_155863,1,"[0.0, 0.968536, 0.019637, 0.012773]",0.9685,0.9685,22.09,0.9992,0.9737,0.943033,53,83.91,85.86,1.95,5,1.15,0.4103,"[[83.91, 84.21], [84.33, 84.39], [84.63, 84.89], [84.97, 85.0], [85.36, 85.86]]",bird-mixit+tweetynet
pygwoo1,Yungipicus kizuki,xc:155863,xc_155863,1,"[0.0, 0.968536, 0.019637, 0.012773]",0.9685,0.9685,21.63,0.9988,0.9698,0.939256,58,93.78,96.43,2.65,6,1.38,0.4792,"[[93.78, 93.81], [94.2, 94.58], [94.7, 94.84], [94.91, 95.37], [95.71, 96.04], [96.39, 96.43]]",bird-mixit+tweetynet
pygwoo1,Yungipicus kizuki,xc:285870,xc_285870,1,"[0.999937, 0.943974, 0.082854, 0.424391]",0.944,0.9999,25.53,0.9969,0.9891,0.933672,119,234.95,236.52,1.57,3,1.33,0.1529,"[[234.95, 235.29], [235.43, 235.69], [235.79, 236.52]]",bird-mixit+tweetynet
pygwoo1,Yungipicus kizuki,xc:285870,xc_285870,1,"[0.999937, 0.943974, 0.082854, 0.424391]",0.944,0.9999,19.79,0.9946,0.9471,0.894062,107,209.86,211.44,1.58,4,1.12,0.2911,"[[209.86, 210.32], [210.43, 210.59], [210.65, 210.87], [211.16, 211.44]]",bird-mixit+tweetynet
pygwoo1,Yungipicus kizuki,xc:285870,xc_285870,1,"[0.999937, 0.943974, 0.082854, 0.424391]",0.944,0.9999,19.39,0.9953,0.9414,0.888665,125,252.38,255.1,2.72,5,1.62,0.4044,"[[252.38, 253.39], [253.68, 253.73], [254.06, 254.33], [254.64, 254.87], [255.04, 255.1]]",bird-mixit+tweetynet
pygwoo1,Yungipicus kizuki,xc:285870,xc_285870,1,"[0.999937, 0.943974, 0.082854, 0.424391]",0.944,0.9999,19.53,0.9874,0.9399,0.887224,77,143.87,147.44,3.57,10,1.79,0.4986,"[[143.87, 143.93], [144.2, 144.48], [144.55, 144.65], [144.73, 144.78], [144.9, 145.0], [145.26, 145.46], [145.58, 145.88], [145.99, 146.48], [146.86, 147.0], [147.37, 147.44]]",bird-mixit+tweetynet
pygwoo1,Yungipicus kizuki,ml:627879819,ml_627879819,0,"[0.886462, 0.042312, 0.0, 0.0]",0.8865,0.8865,26.68,0.9994,0.993,0.880335,3,8.52,13.68,5.16,12,3.62,0.2984,"[[8.52, 9.05], [9.14, 9.3], [9.41, 9.66], [9.93, 10.01], [10.11, 10.28], [10.35, 10.46], [10.64, 10.69], [10.89, 10.97], [11.06, 12.26], [12.47, 13.08], [13.17, 13.34], [13.47, 13.68]]",bird-mixit+tweetynet
pygwoo1,Yungipicus kizuki,xc:285870,xc_285870,1,"[0.999937, 0.943974, 0.082854, 0.424391]",0.944,0.9999,18.6,0.9976,0.9285,0.876461,117,228.49,231.3,2.81,7,1.8,0.3594,"[[228.49, 229.02], [229.23, 229.61], [229.85, 230.06], [230.14, 230.32], [230.44, 230.59], [230.73, 230.88], [231.1, 231.3]]",bird-mixit+tweetynet
pygwoo1,Yungipicus kizuki,ml:627879819,ml_627879819,0,"[0.886462, 0.042312, 0.0, 0.0]",0.8865,0.8865,22.5,0.9965,0.9753,0.864639,4,14.32,16.03,1.71,7,1.16,0.3216,"[[14.32, 14.94], [15.03, 15.08], [15.16, 15.28], [15.44, 15.54], [15.6, 15.66], [15.71, 15.83], [15.94, 16.03]]",bird-mixit+tweetynet
pygwoo1,Yungipicus kizuki,ml:627879819,ml_627879819,0,"[0.886462, 0.042312, 0.0, 0.0]",0.8865,0.8865,22.51,0.9925,0.9734,0.862955,2,7.89,8.05,0.16,1,0.16,0.0,"[[7.89, 8.05]]",bird-mixit+tweetynet
pygwoo1,Yungipicus kizuki,ml:627879819,ml_627879819,0,"[0.886462, 0.042312, 0.0, 0.0]",0.8865,0.8865,21.25,0.9954,0.9647,0.85519,1,2.3,7.42,5.12,16,3.31,0.3535,"[[2.3, 2.48], [2.53, 2.86], [2.92, 2.96], [3.04, 3.11], [3.21, 3.3], [3.48, 4.08], [4.14, 4.18], [4.32, 4.41], [4.51, 4.73], [5.06, 5.18], [5.26, 6.24], [6.29, 6.33], [6.47, 6.67], [6.74, 6.79], [7.1, 7.15], [7.21, 7.42]]",bird-mixit+tweetynet
pygwoo1,Yungipicus kizuki,ml:388949381,ml_388949381,0,"[0.860975, 0.0, 0.0, 0.122852]",0.861,0.861,25.13,0.9996,0.9892,0.851731,1,0.96,2.0,1.04,4,0.53,0.4904,"[[0.96, 0.99], [1.25, 1.33], [1.41, 1.46], [1.63, 2.0]]",bird-mixit+tweetynet
pygwoo1,Yungipicus kizuki,ml:627879819,ml_627879819,0,"[0.886462, 0.042312, 0.0, 0.0]",0.8865,0.8865,19.39,0.9958,0.9416,0.834706,0,0.14,1.89,1.75,5,1.15,0.3429,"[[0.14, 0.18], [0.27, 0.39], [0.47, 0.89], [0.96, 1.32], [1.68, 1.89]]",bird-mixit+tweetynet
pygwoo1,Yungipicus kizuki,ml:388949381,ml_388949381,0,"[0.860975, 0.0, 0.0, 0.122852]",0.861,0.861,19.99,0.9999,0.9525,0.820074,8,7.27,9.5,2.23,2,2.17,0.0269,"[[7.27, 7.71], [7.77, 9.5]]",bird-mixit+tweetynet
pygwoo1,Yungipicus kizuki,xc:194382,xc_194382,0,"[0.793615, 0.0, 0.0, 0.0]",0.7936,0.7936,21.13,0.9922,0.9619,0.7634,0,0.02,0.79,0.77,2,0.4,0.4805,"[[0.02, 0.15], [0.52, 0.79]]",bird-mixit+tweetynet
pygwoo1,Yungipicus kizuki,ml:457331771,ml_457331771,1,"[0.017716, 0.755933, 0.0, 0.019018]",0.7559,0.7559,17.48,0.9979,0.9033,0.682797,1,2.24,7.03,4.79,13,2.99,0.3758,"[[2.24, 2.34], [2.51, 2.64], [2.84, 3.23], [3.3, 3.57], [3.67, 3.91], [3.96, 4.07], [4.2, 4.54], [4.61, 4.76], [4.88, 5.57], [5.66, 5.79], [6.18, 6.25], [6.42, 6.47], [6.71, 7.03]]",bird-mixit+tweetynet
pygwoo1,Yungipicus kizuki,ml:650229589,ml_650229589,0,"[0.74688, 0.0, 0.0, 0.0]",0.7469,0.7469,17.51,0.9779,0.8949,0.668381,2,3.11,5.66,2.55,4,2.31,0.0941,"[[3.11, 3.6], [3.7, 4.16], [4.23, 4.6], [4.67, 5.66]]",bird-mixit+tweetynet
pygwoo1,Yungipicus kizuki,xc:155862,xc_155862,1,"[0.0, 0.67409, 0.0, 0.015154]",0.6741,0.6741,24.64,0.9979,0.9867,0.66514,3,11.52,14.09,2.57,6,1.53,0.4047,"[[11.52, 11.6], [11.68, 11.82], [11.9, 12.15], [12.52, 13.3], [13.62, 13.72], [13.91, 14.09]]",bird-mixit+tweetynet
pygwoo1,Yungipicus kizuki,xc:155862,xc_155862,1,"[0.0, 0.67409, 0.0, 0.015154]",0.6741,0.6741,19.9,0.983,0.9431,0.635771,17,48.17,49.79,1.62,5,1.3,0.1975,"[[48.17, 48.45], [48.56, 48.59], [48.67, 49.26], [49.33, 49.43], [49.49, 49.79]]",bird-mixit+tweetynet
pygwoo1,Yungipicus kizuki,ml:650229589,ml_650229589,0,"[0.74688, 0.0, 0.0, 0.0]",0.7469,0.7469,15.13,0.9684,0.8104,0.605262,16,28.31,29.65,1.34,5,0.84,0.3731,"[[28.31, 28.4], [28.52, 28.94], [29.02, 29.11], [29.16, 29.24], [29.49, 29.65]]",bird-mixit+tweetynet
pygwoo1,Yungipicus kizuki,ml:650229589,ml_650229589,0,"[0.74688, 0.0, 0.0, 0.0]",0.7469,0.7469,14.8,0.9894,0.8042,0.600645,28,63.94,65.56,1.62,3,0.88,0.4568,"[[63.94, 64.3], [64.68, 64.75], [65.11, 65.56]]",bird-mixit+tweetynet
pygwoo1,Yungipicus kizuki,xc:655375,xc_655375,0,"[0.589408, 0.0, 0.0, 0.0]",0.5894,0.5894,22.61,0.9954,0.9755,0.574948,4,6.78,7.68,0.9,5,0.61,0.3222,"[[6.78, 7.14], [7.23, 7.3], [7.38, 7.42], [7.49, 7.57], [7.62, 7.68]]",bird-mixit+tweetynet
pygwoo1,Yungipicus kizuki,xc:155862,xc_155862,1,"[0.0, 0.67409, 0.0, 0.015154]",0.6741,0.6741,15.96,0.9896,0.8522,0.574441,8,23.17,30.38,7.21,11,5.74,0.2039,"[[23.17, 23.49], [23.57, 24.76], [24.82, 26.58], [26.74, 27.45], [27.55, 27.75], [27.97, 28.27], [28.5, 28.74], [28.82, 29.43], [29.57, 29.75], [30.08, 30.27], [30.34, 30.38]]",bird-mixit+tweetynet
pygwoo1,Yungipicus kizuki,ml:650229589,ml_650229589,0,"[0.74688, 0.0, 0.0, 0.0]",0.7469,0.7469,14.05,0.9876,0.7663,0.572335,13,21.9,23.97,2.07,5,1.28,0.3816,"[[21.9, 22.6], [22.85, 22.89], [23.07, 23.51], [23.56, 23.62], [23.93, 23.97]]",bird-mixit+tweetynet
pygwoo1,Yungipicus kizuki,xc:155862,xc_155862,1,"[0.0, 0.67409, 0.0, 0.015154]",0.6741,0.6741,15.69,0.9942,0.8441,0.568979,13,38.49,41.17,2.68,6,1.68,0.3731,"[[38.49, 39.03], [39.19, 39.26], [39.42, 40.08], [40.33, 40.41], [40.61, 40.76], [40.99, 41.17]]",bird-mixit+tweetynet
pygwoo1,Yungipicus kizuki,xc:155862,xc_155862,1,"[0.0, 0.67409, 0.0, 0.015154]",0.6741,0.6741,15.67,0.9892,0.841,0.566905,9,30.75,32.73,1.98,5,1.41,0.2879,"[[30.75, 31.16], [31.43, 31.63], [31.77, 31.83], [31.91, 32.06], [32.14, 32.73]]",bird-mixit+tweetynet
pygwoo1,Yungipicus kizuki,xc:156017,xc_156017,0,"[0.553299, 0.0, 0.023413, 0.0]",0.5533,0.5533,34.38,0.9989,0.9988,0.552625,0,0.02,1.83,1.81,6,1.09,0.3978,"[[0.02, 0.07], [0.13, 0.19], [0.43, 0.62], [0.8, 1.2], [1.28, 1.43], [1.59, 1.83]]",bird-mixit+tweetynet
pygwoo1,Yungipicus kizuki,ml:346660211,ml_346660211,0,"[0.564218, 0.0, 0.0, 0.0]",0.5642,0.5642,21.99,0.9945,0.9706,0.547638,4,6.78,7.69,0.91,4,0.7,0.2308,"[[6.78, 7.15], [7.23, 7.31], [7.38, 7.42], [7.48, 7.69]]",bird-mixit+tweetynet
pygwoo1,Yungipicus kizuki,xc:156017,xc_156017,0,"[0.553299, 0.0, 0.023413, 0.0]",0.5533,0.5533,25.56,0.9949,0.9882,0.546758,5,8.39,10.83,2.44,6,1.45,0.4057,"[[8.39, 8.57], [8.82, 9.38], [9.6, 9.78], [9.97, 10.01], [10.09, 10.24], [10.49, 10.83]]",bird-mixit+tweetynet
pygwoo1,Yungipicus kizuki,xc:156016,xc_156016,0,"[0.539954, 0.0, 0.0, 0.0]",0.54,0.54,32.15,0.9955,0.9965,0.538084,0,0.03,2.72,2.69,9,1.38,0.487,"[[0.03, 0.09], [0.2, 0.23], [0.3, 0.44], [0.81, 1.28], [1.61, 1.65], [1.82, 1.94], [2.0, 2.37], [2.52, 2.6], [2.65, 2.72]]",bird-mixit+tweetynet
pygwoo1,Yungipicus kizuki,ml:616067748,ml_616067748,0,"[0.782557, 0.0, 0.0, 0.0]",0.7826,0.7826,12.75,0.9689,0.6842,0.535479,13,39.95,41.04,1.09,2,0.69,0.367,"[[39.95, 40.4], [40.8, 41.04]]",bird-mixit+tweetynet
pygwoo1,Yungipicus kizuki,ml:650229589,ml_650229589,0,"[0.74688, 0.0, 0.0, 0.0]",0.7469,0.7469,13.04,0.9746,0.7042,0.525976,24,50.31,51.76,1.45,4,1.19,0.1793,"[[50.31, 51.13], [51.29, 51.45], [51.5, 51.61], [51.66, 51.76]]",bird-mixit+tweetynet
pygwoo1,Yungipicus kizuki,ml:616067748,ml_616067748,0,"[0.782557, 0.0, 0.0, 0.0]",0.7826,0.7826,12.12,0.9897,0.6507,0.509243,7,15.92,20.03,4.11,5,3.32,0.1922,"[[15.92, 16.71], [16.91, 17.26], [17.51, 17.89], [18.11, 19.43], [19.55, 20.03]]",bird-mixit+tweetynet
pygwoo1,Yungipicus kizuki,ml:616806794,ml_616806794,0,"[0.512136, 0.0, 0.0, 0.0]",0.5121,0.5121,23.49,1.0,0.9828,0.503302,6,11.53,13.6,2.07,2,1.97,0.0483,"[[11.53, 11.86], [11.96, 13.6]]",bird-mixit+tweetynet
pygwoo1,Yungipicus kizuki,ml:616067748,ml_616067748,0,"[0.782557, 0.0, 0.0, 0.0]",0.7826,0.7826,11.4,0.985,0.5986,0.468477,5,11.39,12.83,1.44,3,1.04,0.2778,"[[11.39, 11.76], [12.02, 12.21], [12.35, 12.83]]",bird-mixit+tweetynet
pygwoo1,Yungipicus kizuki,ml:616806794,ml_616806794,0,"[0.512136, 0.0, 0.0, 0.0]",0.5121,0.5121,17.89,0.9999,0.9143,0.468215,2,2.94,4.09,1.15,3,0.92,0.2,"[[2.94, 3.3], [3.44, 3.73], [3.82, 4.09]]",bird-mixit+tweetynet
pygwoo1,Yungipicus kizuki,ml:616067748,ml_616067748,0,"[0.782557, 0.0, 0.0, 0.0]",0.7826,0.7826,10.72,0.9962,0.5531,0.432826,12,34.44,39.39,4.95,2,4.58,0.0747,"[[34.44, 35.0], [35.37, 39.39]]",bird-mixit+tweetynet
pygwoo1,Yungipicus kizuki,inat:215820,inat_215820,0,"[0.432772, 0.013601, 0.0, 0.0]",0.4328,0.4328,27.67,0.9994,0.9948,0.430531,42,69.97,72.16,2.19,6,1.45,0.3379,"[[69.97, 70.0], [70.18, 70.34], [70.42, 70.69], [70.84, 71.0], [71.22, 71.38], [71.49, 72.16]]",bird-mixit+tweetynet
pygwoo1,Yungipicus kizuki,inat:215820,inat_215820,0,"[0.432772, 0.013601, 0.0, 0.0]",0.4328,0.4328,27.09,0.9978,0.993,0.429769,17,29.57,31.82,2.25,7,1.08,0.52,"[[29.57, 29.65], [29.98, 30.01], [30.4, 30.56], [30.64, 30.83], [30.89, 30.94], [31.18, 31.21], [31.28, 31.82]]",bird-mixit+tweetynet
pygwoo1,Yungipicus kizuki,inat:215820,inat_215820,0,"[0.432772, 0.013601, 0.0, 0.0]",0.4328,0.4328,24.64,0.9989,0.9873,0.427287,5,10.12,12.28,2.16,4,1.43,0.338,"[[10.12, 10.44], [10.62, 10.66], [10.87, 11.43], [11.77, 12.28]]",bird-mixit+tweetynet
pygwoo1,Yungipicus kizuki,inat:215820,inat_215820,0,"[0.432772, 0.013601, 0.0, 0.0]",0.4328,0.4328,22.51,0.9979,0.9761,0.422439,45,79.19,83.61,4.42,12,2.65,0.4005,"[[79.19, 79.78], [79.9, 79.97], [80.06, 80.22], [80.28, 80.43], [80.82, 80.87], [81.05, 81.1], [81.18, 81.33], [81.4, 82.07], [82.26, 82.66], [82.84, 82.93], [83.04, 83.11], [83.41, 83.61]]",bird-mixit+tweetynet
pygwoo1,Yungipicus kizuki,inat:215820,inat_215820,0,"[0.432772, 0.013601, 0.0, 0.0]",0.4328,0.4328,22.49,0.9975,0.9757,0.422285,40,62.49,66.56,4.07,10,3.07,0.2457,"[[62.49, 63.1], [63.33, 63.43], [63.6, 63.89], [63.98, 64.67], [64.74, 64.92], [65.01, 65.37], [65.46, 65.61], [65.7, 65.86], [65.92, 66.09], [66.2, 66.56]]",bird-mixit+tweetynet
pygwoo1,Yungipicus kizuki,ml:457331771,ml_457331771,1,"[0.017716, 0.755933, 0.0, 0.019018]",0.7559,0.7559,10.76,0.9942,0.5555,0.41987,4,11.05,13.5,2.45,1,2.45,0.0,"[[11.05, 13.5]]",bird-mixit+tweetynet
pygwoo1,Yungipicus kizuki,xc:194382,xc_194382,0,"[0.793615, 0.0, 0.0, 0.0]",0.7936,0.7936,10.35,0.9864,0.5223,0.414519,12,20.24,20.49,0.25,1,0.25,0.0,"[[20.24, 20.49]]",bird-mixit+tweetynet
pygwoo1,Yungipicus kizuki,ml:388949381,ml_388949381,0,"[0.860975, 0.0, 0.0, 0.122852]",0.861,0.861,9.71,0.9988,0.4776,0.411235,25,34.44,35.12,0.68,3,0.54,0.2059,"[[34.44, 34.87], [34.94, 34.98], [35.05, 35.12]]",bird-mixit+tweetynet
pygwoo1,Yungipicus kizuki,xc:655375,xc_655375,0,"[0.589408, 0.0, 0.0, 0.0]",0.5894,0.5894,12.9,0.9391,0.6832,0.402686,5,10.59,12.37,1.78,5,0.76,0.573,"[[10.59, 10.69], [11.0, 11.35], [11.53, 11.61], [11.87, 12.07], [12.34, 12.37]]",bird-mixit+tweetynet
pygwoo1,Yungipicus kizuki,xc:194382,xc_194382,0,"[0.793615, 0.0, 0.0, 0.0]",0.7936,0.7936,10.12,0.9854,0.5053,0.401009,2,6.64,7.37,0.73,2,0.38,0.4795,"[[6.64, 6.68], [7.03, 7.37]]",bird-mixit+tweetynet
pygwoo1,Yungipicus kizuki,xc:156017,xc_156017,0,"[0.553299, 0.0, 0.023413, 0.0]",0.5533,0.5533,13.6,0.9321,0.721,0.398936,3,5.22,5.85,0.63,3,0.35,0.4444,"[[5.22, 5.25], [5.31, 5.42], [5.64, 5.85]]",bird-mixit+tweetynet
pygwoo1,Yungipicus kizuki,xc:194382,xc_194382,0,"[0.793615, 0.0, 0.0, 0.0]",0.7936,0.7936,9.99,0.9975,0.4983,0.395421,1,1.78,2.9,1.12,3,0.51,0.5446,"[[1.78, 1.82], [2.14, 2.57], [2.86, 2.9]]",bird-mixit+tweetynet
pygwoo1,Yungipicus kizuki,ml:616067748,ml_616067748,0,"[0.782557, 0.0, 0.0, 0.0]",0.7826,0.7826,10.07,0.9732,0.4988,0.390389,2,3.48,8.53,5.05,11,2.81,0.4436,"[[3.48, 4.28], [4.46, 4.57], [4.82, 5.0], [5.25, 5.41], [5.61, 5.8], [5.96, 6.08], [6.42, 6.48], [6.8, 7.32], [7.5, 8.01], [8.3, 8.34], [8.41, 8.53]]",bird-mixit+tweetynet
pygwoo1,Yungipicus kizuki,xc:155674,xc_155674,1,"[0.0, 0.389464, 0.0, 0.0]",0.3895,0.3895,28.29,0.9994,0.9956,0.38778,30,45.57,47.5,1.93,5,1.41,0.2694,"[[45.57, 46.02], [46.24, 46.5], [46.64, 46.77], [46.83, 47.34], [47.44, 47.5]]",bird-mixit+tweetynet
pygwoo1,Yungipicus kizuki,xc:155674,xc_155674,1,"[0.0, 0.389464, 0.0, 0.0]",0.3895,0.3895,24.8,0.9962,0.9865,0.384237,11,15.23,18.45,3.22,8,1.86,0.4224,"[[15.23, 15.53], [15.81, 15.87], [16.1, 16.31], [16.42, 16.57], [16.86, 17.0], [17.09, 17.35], [17.56, 18.18], [18.33, 18.45]]",bird-mixit+tweetynet
pygwoo1,Yungipicus kizuki,xc:155674,xc_155674,1,"[0.0, 0.389464, 0.0, 0.0]",0.3895,0.3895,24.21,0.999,0.9856,0.383905,28,41.0,42.24,1.24,4,0.72,0.4194,"[[41.0, 41.08], [41.39, 41.89], [42.02, 42.07], [42.15, 42.24]]",bird-mixit+tweetynet
pygwoo1,Yungipicus kizuki,xc:155674,xc_155674,1,"[0.0, 0.389464, 0.0, 0.0]",0.3895,0.3895,23.85,0.9984,0.9837,0.38317,35,53.7,55.65,1.95,5,0.91,0.5333,"[[53.7, 53.83], [54.16, 54.58], [54.78, 54.96], [55.28, 55.41], [55.6, 55.65]]",bird-mixit+tweetynet
pygwoo1,Yungipicus kizuki,xc:155674,xc_155674,1,"[0.0, 0.389464, 0.0, 0.0]",0.3895,0.3895,21.46,0.9991,0.9684,0.377207,38,60.84,62.03,1.19,2,0.87,0.2689,"[[60.84, 61.68], [62.0, 62.03]]",bird-mixit+tweetynet
pygwoo1,Yungipicus kizuki,ml:346660211,ml_346660211,0,"[0.564218, 0.0, 0.0, 0.0]",0.5642,0.5642,12.39,0.9387,0.6511,0.36734,6,10.59,12.28,1.69,5,0.79,0.5325,"[[10.59, 10.7], [11.0, 11.35], [11.53, 11.61], [11.87, 12.06], [12.22, 12.28]]",bird-mixit+tweetynet
pygwoo1,Yungipicus kizuki,ml:632046420,ml_632046420,0,"[0.442977, 0.0, 0.0, 0.0]",0.443,0.443,14.46,0.995,0.7902,0.350053,15,18.16,19.68,1.52,4,0.91,0.4013,"[[18.16, 18.79], [19.14, 19.23], [19.29, 19.35], [19.55, 19.68]]",bird-mixit+tweetynet
pygwoo1,Yungipicus kizuki,ml:632046420,ml_632046420,0,"[0.442977, 0.0, 0.0, 0.0]",0.443,0.443,12.69,0.9965,0.6906,0.30592,0,0.02,1.04,1.02,2,0.77,0.2451,"[[0.02, 0.06], [0.31, 1.04]]",bird-mixit+tweetynet
pygwoo1,Yungipicus kizuki,xc:265748,xc_265748,0,"[0.336457, 0.0, 0.0, 0.0]",0.3365,0.3365,14.92,0.9992,0.8135,0.273749,1,1.26,5.07,3.81,3,3.51,0.0787,"[[1.26, 1.61], [1.81, 2.21], [2.31, 5.07]]",bird-mixit+tweetynet
pygwoo1,Yungipicus kizuki,xc:267415,xc_267415,0,"[0.336457, 0.0, 0.0, 0.0]",0.3365,0.3365,14.92,0.9992,0.8135,0.273749,1,1.26,5.07,3.81,3,3.51,0.0787,"[[1.26, 1.61], [1.81, 2.21], [2.31, 5.07]]",bird-mixit+tweetynet
pygwoo1,Yungipicus kizuki,ml:626641394,ml_626641394,1,"[0.033102, 0.48188, 0.0, 0.195105]",0.4819,0.4819,10.68,0.9987,0.5501,0.265097,1,8.16,8.73,0.57,1,0.57,0.0,"[[8.16, 8.73]]",bird-mixit+tweetynet
pygwoo1,Yungipicus kizuki,xc:191044,xc_191044,0,"[0.933085, 0.0, 0.0, 0.0]",0.9331,0.9331,6.9,0.9979,0.2823,0.26344,1,0.99,1.39,0.4,1,0.4,0.0,"[[0.99, 1.39]]",bird-mixit+tweetynet
pygwoo1,Yungipicus kizuki,xc:655594,xc_655594,3,"[0.0, 0.0, 0.0, 0.878554]",0.8786,0.8786,29.44,-0.9688,0.2991,0.26281,10,18.3,19.83,1.53,4,1.2,0.2157,"[[18.3, 18.33], [18.43, 18.49], [18.55, 18.92], [19.09, 19.83]]",bird-mixit+tweetynet
pygwoo1,Yungipicus kizuki,xc:655594,xc_655594,3,"[0.0, 0.0, 0.0, 0.878554]",0.8786,0.8786,28.62,-0.9749,0.2989,0.262596,5,8.41,9.55,1.14,2,0.83,0.2719,"[[8.41, 8.71], [9.02, 9.55]]",bird-mixit+tweetynet
pygwoo1,Yungipicus kizuki,ml:346672521,ml_346672521,3,"[0.0, 0.0, 0.0, 0.877726]",0.8777,0.8777,29.36,-0.9682,0.2991,0.262521,10,18.3,19.82,1.52,4,1.19,0.2171,"[[18.3, 18.33], [18.43, 18.48], [18.54, 18.92], [19.09, 19.82]]",bird-mixit+tweetynet
pygwoo1,Yungipicus kizuki,ml:346672521,ml_346672521,3,"[0.0, 0.0, 0.0, 0.877726]",0.8777,0.8777,28.52,-0.9749,0.2988,0.262296,5,8.41,9.54,1.13,2,0.81,0.2832,"[[8.41, 8.71], [9.03, 9.54]]",bird-mixit+tweetynet
pygwoo1,Yungipicus kizuki,xc:655594,xc_655594,3,"[0.0, 0.0, 0.0, 0.878554]",0.8786,0.8786,26.31,-0.9726,0.2978,0.261618,9,16.89,17.52,0.63,1,0.63,0.0,"[[16.89, 17.52]]",bird-mixit+tweetynet
pygwoo1,Yungipicus kizuki,ml:346672521,ml_346672521,3,"[0.0, 0.0, 0.0, 0.877726]",0.8777,0.8777,26.52,-0.9725,0.2979,0.261471,9,16.89,17.54,0.65,1,0.65,0.0,"[[16.89, 17.54]]",bird-mixit+tweetynet
pygwoo1,Yungipicus kizuki,xc:655594,xc_655594,3,"[0.0, 0.0, 0.0, 0.878554]",0.8786,0.8786,24.55,-0.9741,0.2962,0.260275,0,0.02,0.49,0.47,1,0.47,0.0,"[[0.02, 0.49]]",bird-mixit+tweetynet
pygwoo1,Yungipicus kizuki,ml:346672521,ml_346672521,3,"[0.0, 0.0, 0.0, 0.877726]",0.8777,0.8777,24.46,-0.974,0.2961,0.259919,0,0.02,0.5,0.48,1,0.48,0.0,"[[0.02, 0.5]]",bird-mixit+tweetynet
pygwoo1,Yungipicus kizuki,ml:346672521,ml_346672521,3,"[0.0, 0.0, 0.0, 0.877726]",0.8777,0.8777,24.39,-0.9707,0.296,0.259841,1,2.29,2.88,0.59,1,0.59,0.0,"[[2.29, 2.88]]",bird-mixit+tweetynet
pygwoo1,Yungipicus kizuki,xc:655594,xc_655594,3,"[0.0, 0.0, 0.0, 0.878554]",0.8786,0.8786,24.13,-0.971,0.2957,0.259831,1,2.29,2.87,0.58,1,0.58,0.0,"[[2.29, 2.87]]",bird-mixit+tweetynet
rocpig,Columba livia,xc:436507,xc_436507,0,"[0.876731, 0.0, 0.003857, 0.018851]",0.8767,0.8767,16.12,0.9998,0.8623,0.755992,1,1.56,3.0,1.44,3,1.08,0.25,"[[1.56, 2.3], [2.5, 2.75], [2.91, 3.0]]",bird-mixit+tweetynet
rocpig,Columba livia,xc:436507,xc_436507,0,"[0.876731, 0.0, 0.003857, 0.018851]",0.8767,0.8767,15.96,0.9998,0.8568,0.751148,4,7.43,8.14,0.71,1,0.71,0.0,"[[7.43, 8.14]]",bird-mixit+tweetynet
rocpig,Columba livia,xc:436507,xc_436507,0,"[0.876731, 0.0, 0.003857, 0.018851]",0.8767,0.8767,9.82,0.9999,0.4866,0.426638,6,11.72,12.5,0.78,1,0.78,0.0,"[[11.72, 12.5]]",bird-mixit+tweetynet
rocpig,Columba livia,xc:263181,xc_263181,0,"[0.895826, 0.039702, 0.026532, 0.0]",0.8958,0.8958,9.56,0.997,0.4661,0.417552,3,10.06,17.72,7.66,9,6.58,0.141,"[[10.06, 11.38], [11.47, 12.12], [12.31, 12.59], [12.69, 14.3], [14.57, 14.79], [14.91, 15.98], [16.13, 16.44], [16.55, 16.92], [16.97, 17.72]]",bird-mixit+tweetynet
rocpig,Columba livia,xc:1073356,xc_1073356,3,"[0.0, 0.07563, 0.109052, 0.999542]",0.9995,0.9995,9.89,0.6832,0.4138,0.413632,73,143.46,144.65,1.19,5,0.69,0.4202,"[[143.46, 143.52], [143.71, 143.75], [143.93, 144.19], [144.27, 144.48], [144.53, 144.65]]",bird-mixit+tweetynet
rocpig,Columba livia,xc:436507,xc_436507,0,"[0.876731, 0.0, 0.003857, 0.018851]",0.8767,0.8767,9.38,0.9999,0.4533,0.397372,9,15.44,16.29,0.85,2,0.64,0.2471,"[[15.44, 16.04], [16.25, 16.29]]",bird-mixit+tweetynet
rocpig,Columba livia,xc:436507,xc_436507,0,"[0.876731, 0.0, 0.003857, 0.018851]",0.8767,0.8767,8.56,0.9999,0.3933,0.344819,10,17.27,17.98,0.71,1,0.71,0.0,"[[17.27, 17.98]]",bird-mixit+tweetynet
rocpig,Columba livia,xc:263181,xc_263181,0,"[0.895826, 0.039702, 0.026532, 0.0]",0.8958,0.8958,8.37,0.9944,0.3791,0.339621,2,8.5,9.75,1.25,3,1.06,0.152,"[[8.5, 9.07], [9.17, 9.22], [9.31, 9.75]]",bird-mixit+tweetynet
rocpig,Columba livia,xc:263181,xc_263181,0,"[0.895826, 0.039702, 0.026532, 0.0]",0.8958,0.8958,8.1,0.9977,0.3611,0.323444,1,1.76,8.26,6.5,7,5.89,0.0938,"[[1.76, 2.16], [2.23, 2.44], [2.6, 3.94], [4.02, 4.06], [4.18, 5.58], [5.7, 6.16], [6.22, 8.26]]",bird-mixit+tweetynet
rocpig,Columba livia,xc:266224,xc_266224,1,"[0.013869, 0.872484, 0.134854, 0.895076]",0.8725,0.8951,8.16,0.9964,0.365,0.31846,2,5.35,6.22,0.87,1,0.87,0.0,"[[5.35, 6.22]]",bird-mixit+tweetynet
rocpig,Columba livia,xc:266224,xc_266224,1,"[0.013869, 0.872484, 0.134854, 0.895076]",0.8725,0.8951,8.21,0.9472,0.3591,0.313298,0,0.02,4.01,3.99,7,2.86,0.2832,"[[0.02, 0.11], [0.34, 0.4], [0.53, 1.0], [1.24, 1.31], [1.55, 2.37], [2.55, 3.21], [3.32, 4.01]]",bird-mixit+tweetynet
rocpig,Columba livia,xc:266224,xc_266224,1,"[0.013869, 0.872484, 0.134854, 0.895076]",0.8725,0.8951,7.91,0.9478,0.339,0.295795,5,8.91,11.26,2.35,4,1.5,0.3617,"[[8.91, 9.42], [9.75, 10.43], [10.73, 10.87], [11.09, 11.26]]",bird-mixit+tweetynet
rocpig,Columba livia,xc:709206,xc_709206,3,"[0.0, 0.0, 0.009392, 0.633621]",0.6336,0.6336,12.91,0.299,0.4583,0.290369,2,2.57,3.47,0.9,2,0.78,0.1333,"[[2.57, 3.0], [3.12, 3.47]]",bird-mixit+tweetynet
rocpig,Columba livia,xc:486873,xc_486873,3,"[0.07553, 0.807371, 0.018084, 0.997445]",0.9974,0.9974,18.98,-0.9956,0.281,0.280256,3,8.2,10.22,2.02,4,1.59,0.2129,"[[8.2, 8.26], [8.55, 8.67], [8.76, 9.37], [9.42, 10.22]]",bird-mixit+tweetynet
rocpig,Columba livia,xc:504295,xc_504295,2,"[0.0, 0.0, 0.989688, 0.042198]",0.9897,0.9897,19.26,-0.9086,0.2824,0.279521,51,89.08,89.85,0.77,3,0.54,0.2987,"[[89.08, 89.13], [89.31, 89.43], [89.48, 89.85]]",bird-mixit+tweetynet
rocpig,Columba livia,xc:645563,xc_645563,3,"[0.0, 0.017563, 0.039171, 0.993597]",0.9936,0.9936,18.88,-0.9981,0.2805,0.278688,84,192.27,193.75,1.48,4,0.81,0.4527,"[[192.27, 192.67], [192.78, 193.06], [193.31, 193.4], [193.71, 193.75]]",bird-mixit+tweetynet
rocpig,Columba livia,xc:645563,xc_645563,3,"[0.0, 0.017563, 0.039171, 0.993597]",0.9936,0.9936,18.75,-0.999,0.2797,0.277937,67,145.56,149.46,3.9,6,2.99,0.2333,"[[145.56, 145.93], [146.19, 146.24], [146.37, 147.1], [147.31, 147.74], [147.82, 148.35], [148.58, 149.46]]",bird-mixit+tweetynet
rocpig,Columba livia,xc:217672,xc_217672,3,"[0.012525, 0.341767, 0.035679, 0.951913]",0.9519,0.9519,21.58,-0.9943,0.291,0.276974,4,9.78,11.91,2.13,6,1.6,0.2488,"[[9.78, 9.92], [10.01, 10.35], [10.42, 10.85], [10.95, 11.0], [11.08, 11.35], [11.54, 11.91]]",bird-mixit+tweetynet
rocpig,Columba livia,xc:572540,xc_572540,3,"[0.0, 0.072873, 0.025489, 0.999096]",0.9991,0.9991,18.24,-0.973,0.2766,0.276382,10,28.09,29.92,1.83,6,0.88,0.5191,"[[28.09, 28.15], [28.43, 28.55], [28.63, 28.66], [28.71, 29.2], [29.41, 29.44], [29.77, 29.92]]",bird-mixit+tweetynet
rocpig,Columba livia,xc:448944,xc_448944,3,"[0.946749, 0.383252, 0.113775, 0.936628]",0.9366,0.9467,23.28,-0.9924,0.2945,0.275852,21,48.77,50.47,1.7,3,1.22,0.2824,"[[48.77, 48.82], [48.97, 50.1], [50.43, 50.47]]",bird-mixit+tweetynet
rocpig,Columba livia,xc:448944,xc_448944,3,"[0.946749, 0.383252, 0.113775, 0.936628]",0.9366,0.9467,23.09,-0.9931,0.2942,0.275559,29,60.25,61.25,1.0,1,1.0,0.0,"[[60.25, 61.25]]",bird-mixit+tweetynet
rocpig,Columba livia,xc:448944,xc_448944,3,"[0.946749, 0.383252, 0.113775, 0.936628]",0.9366,0.9467,22.52,-0.9946,0.2932,0.274571,25,52.94,54.08,1.14,1,1.14,0.0,"[[52.94, 54.08]]",bird-mixit+tweetynet
rocpig,Columba livia,xc:448944,xc_448944,3,"[0.946749, 0.383252, 0.113775, 0.936628]",0.9366,0.9467,21.85,-0.9921,0.2917,0.273167,11,29.31,30.43,1.12,2,1.06,0.0536,"[[29.31, 29.92], [29.98, 30.43]]",bird-mixit+tweetynet
rocpig,Columba livia,xc:448944,xc_448944,3,"[0.946749, 0.383252, 0.113775, 0.936628]",0.9366,0.9467,21.81,-0.9806,0.2916,0.273078,27,55.55,57.35,1.8,4,1.2,0.3333,"[[55.55, 55.67], [55.84, 56.36], [56.42, 56.95], [57.32, 57.35]]",bird-mixit+tweetynet
rocpig,Columba livia,xc:486873,xc_486873,3,"[0.07553, 0.807371, 0.018084, 0.997445]",0.9974,0.9974,17.73,-0.9945,0.2731,0.272409,8,18.92,21.36,2.44,6,1.86,0.2377,"[[18.92, 19.45], [19.72, 19.83], [19.94, 20.08], [20.13, 20.16], [20.24, 20.48], [20.55, 21.36]]",bird-mixit+tweetynet
rocpig,Columba livia,xc:645563,xc_645563,3,"[0.0, 0.017563, 0.039171, 0.993597]",0.9936,0.9936,17.56,-0.9582,0.2718,0.270101,27,48.87,53.59,4.72,12,3.27,0.3072,"[[48.87, 48.94], [49.12, 50.34], [50.49, 50.58], [50.73, 50.85], [50.9, 51.06], [51.18, 51.46], [51.59, 51.64], [51.71, 52.45], [52.58, 52.62], [52.92, 53.09], [53.18, 53.24], [53.32, 53.59]]",bird-mixit+tweetynet
rocpig,Columba livia,xc:486873,xc_486873,3,"[0.07553, 0.807371, 0.018084, 0.997445]",0.9974,0.9974,17.33,-0.9942,0.2701,0.269349,2,5.37,7.1,1.73,2,1.66,0.0405,"[[5.37, 5.65], [5.72, 7.1]]",bird-mixit+tweetynet
rocpig,Columba livia,xc:126804,xc_126804,3,"[0.115591, 0.00635, 0.230338, 0.926367]",0.9264,0.9264,21.46,-0.9979,0.2907,0.269269,23,49.91,51.02,1.11,5,0.72,0.3514,"[[49.91, 50.18], [50.25, 50.31], [50.49, 50.77], [50.83, 50.9], [50.98, 51.02]]",bird-mixit+tweetynet
rocpig,Columba livia,xc:42690,xc_42690,3,"[0.009898, 0.15061, 0.038743, 0.992236]",0.9922,0.9922,17.48,-0.968,0.2713,0.269157,7,12.99,14.73,1.74,3,1.17,0.3276,"[[12.99, 13.03], [13.24, 14.32], [14.68, 14.73]]",bird-mixit+tweetynet
rocpig,Columba livia,xc:42690,xc_42690,3,"[0.009898, 0.15061, 0.038743, 0.992236]",0.9922,0.9922,17.38,-0.9876,0.2705,0.268353,10,19.39,20.51,1.12,2,1.0,0.1071,"[[19.39, 19.45], [19.57, 20.51]]",bird-mixit+tweetynet
rocpig,Columba livia,xc:1073356,xc_1073356,3,"[0.0, 0.07563, 0.109052, 0.999542]",0.9995,0.9995,7.81,0.5675,0.2675,0.267399,54,78.63,78.76,0.13,1,0.13,0.0,"[[78.63, 78.76]]",bird-mixit+tweetynet
rocpig,Columba livia,xc:126804,xc_126804,3,"[0.115591, 0.00635, 0.230338, 0.926367]",0.9264,0.9264,20.76,-0.9973,0.2886,0.267331,7,9.8,12.2,2.4,7,1.25,0.4792,"[[9.8, 9.98], [10.19, 10.34], [10.54, 10.72], [10.94, 11.25], [11.33, 11.58], [11.66, 11.71], [12.07, 12.2]]",bird-mixit+tweetynet
rocpig,Columba livia,xc:217672,xc_217672,3,"[0.012525, 0.341767, 0.035679, 0.951913]",0.9519,0.9519,18.9,-0.9575,0.2806,0.267085,9,27.56,28.33,0.77,3,0.63,0.1818,"[[27.56, 27.83], [27.88, 27.93], [28.02, 28.33]]",bird-mixit+tweetynet
rocpig,Columba livia,xc:1029257,xc_1029257,3,"[0.130769, 0.141897, 0.918424, 0.997592]",0.9976,0.9976,16.75,-0.921,0.265,0.264401,1,7.53,10.24,2.71,8,1.69,0.3764,"[[7.53, 7.59], [7.74, 7.78], [7.86, 7.89], [7.95, 8.01], [8.07, 8.13], [8.32, 9.11], [9.48, 9.52], [9.63, 10.24]]",bird-mixit+tweetynet
rocpig,Columba livia,xc:1029262,xc_1029262,3,"[0.0, 0.0, 0.19494, 0.999466]",0.9995,0.9995,16.62,-0.9956,0.2638,0.263619,5,13.42,14.75,1.33,1,1.33,0.0,"[[13.42, 14.75]]",bird-mixit+tweetynet
rocpig,Columba livia,xc:217672,xc_217672,3,"[0.012525, 0.341767, 0.035679, 0.951913]",0.9519,0.9519,18.14,-0.9958,0.276,0.262734,5,16.35,19.54,3.19,7,2.72,0.1473,"[[16.35, 16.69], [16.79, 17.39], [17.47, 17.91], [17.96, 18.55], [18.64, 18.93], [18.98, 19.02], [19.12, 19.54]]",bird-mixit+tweetynet
rocpig,Columba livia,xc:1029262,xc_1029262,3,"[0.0, 0.0, 0.19494, 0.999466]",0.9995,0.9995,16.39,-0.9923,0.2616,0.261456,11,25.81,31.86,6.05,11,4.87,0.195,"[[25.81, 26.32], [26.37, 27.15], [27.25, 27.43], [27.51, 27.55], [27.82, 27.91], [27.97, 28.27], [28.41, 29.76], [29.89, 30.32], [30.49, 30.53], [30.58, 30.67], [30.8, 31.86]]",bird-mixit+tweetynet
rocpig,Columba livia,xc:572540,xc_572540,3,"[0.0, 0.072873, 0.025489, 0.999096]",0.9991,0.9991,16.28,-0.9853,0.2605,0.260218,13,38.6,40.26,1.66,5,1.1,0.3373,"[[38.6, 39.44], [39.63, 39.76], [39.94, 39.98], [40.08, 40.11], [40.2, 40.26]]",bird-mixit+tweetynet
rocpig,Columba livia,xc:1029262,xc_1029262,3,"[0.0, 0.0, 0.19494, 0.999466]",0.9995,0.9995,16.26,-0.9897,0.2602,0.260096,13,36.32,38.27,1.95,4,1.59,0.1846,"[[36.32, 36.42], [36.47, 36.56], [36.63, 37.33], [37.57, 38.27]]",bird-mixit+tweetynet
rocpig,Columba livia,xc:645563,xc_645563,3,"[0.0, 0.017563, 0.039171, 0.993597]",0.9936,0.9936,16.41,-0.9964,0.2618,0.260082,59,121.04,126.24,5.2,8,4.46,0.1423,"[[121.04, 121.39], [121.45, 121.8], [121.85, 123.98], [124.12, 124.5], [124.81, 125.04], [125.11, 125.22], [125.27, 125.42], [125.48, 126.24]]",bird-mixit+tweetynet
rocpig,Columba livia,xc:486870,xc_486870,3,"[0.0, 0.034486, 0.031235, 0.995326]",0.9953,0.9953,16.34,-0.9988,0.2611,0.259832,0,0.65,8.57,7.92,10,7.01,0.1149,"[[0.65, 0.92], [1.0, 1.03], [1.36, 1.65], [1.7, 1.99], [2.04, 2.87], [2.92, 3.78], [3.88, 6.2], [6.28, 6.71], [6.78, 7.34], [7.44, 8.57]]",bird-mixit+tweetynet
rocpig,Columba livia,xc:126804,xc_126804,3,"[0.115591, 0.00635, 0.230338, 0.926367]",0.9264,0.9264,18.8,-0.9982,0.28,0.259409,17,36.58,37.16,0.58,2,0.45,0.2241,"[[36.58, 36.86], [36.99, 37.16]]",bird-mixit+tweetynet
rocpig,Columba livia,xc:645563,xc_645563,3,"[0.0, 0.017563, 0.039171, 0.993597]",0.9936,0.9936,16.33,-0.989,0.261,0.259304,21,35.61,43.01,7.4,22,4.58,0.3811,"[[35.61, 36.02], [36.09, 36.16], [36.27, 36.41], [36.5, 36.57], [36.67, 36.81], [37.03, 37.09], [37.35, 37.93], [38.15, 38.23], [38.31, 39.1], [39.31, 39.38], [39.47, 39.53], [39.63, 40.37], [40.62, 40.66], [40.71, 40.82], [40.89, 40.96], [41.13, 41.46], [41.51, 41.66], [41.93, 41.98], [42.07, 42.14], [42.22, 42.37], [42.48, 42.79], [42.92, 43.01]]",bird-mixit+tweetynet
rocpig,Columba livia,xc:217672,xc_217672,3,"[0.012525, 0.341767, 0.035679, 0.951913]",0.9519,0.9519,17.36,-0.978,0.2703,0.257319,3,5.66,6.64,0.98,4,0.73,0.2551,"[[5.66, 5.75], [5.85, 6.12], [6.18, 6.22], [6.31, 6.64]]",bird-mixit+tweetynet
rocpig,Columba livia,xc:504295,xc_504295,2,"[0.0, 0.0, 0.989688, 0.042198]",0.9897,0.9897,16.16,-0.7728,0.2592,0.256486,39,74.94,75.77,0.83,3,0.4,0.5181,"[[74.94, 75.03], [75.13, 75.38], [75.71, 75.77]]",bird-mixit+tweetynet
rocpig,Columba livia,xc:121680,xc_121680,3,"[0.007412, 0.046931, 0.058131, 0.996789]",0.9968,0.9968,15.94,-0.596,0.2567,0.255911,28,41.92,42.58,0.66,2,0.52,0.2121,"[[41.92, 41.99], [42.13, 42.58]]",bird-mixit+tweetynet
rocpig,Columba livia,xc:1023563,xc_1023563,3,"[0.012657, 0.065995, 0.037098, 0.988353]",0.9884,0.9884,16.12,-0.9844,0.2588,0.255782,1,1.18,7.43,6.25,9,4.65,0.256,"[[1.18, 1.92], [2.2, 3.08], [3.35, 3.75], [3.8, 4.37], [4.74, 5.7], [5.83, 6.34], [6.42, 6.79], [7.14, 7.2], [7.27, 7.43]]",bird-mixit+tweetynet
rocpig,Columba livia,xc:504295,xc_504295,2,"[0.0, 0.0, 0.989688, 0.042198]",0.9897,0.9897,16.04,-0.9708,0.2579,0.255203,32,65.62,65.97,0.35,2,0.29,0.1714,"[[65.62, 65.66], [65.72, 65.97]]",bird-mixit+tweetynet
rocpig,Columba livia,xc:559541,xc_559541,2,"[0.006804, 0.0, 0.867599, 0.003674]",0.8676,0.8676,23.02,-0.9666,0.2941,0.255142,52,213.37,214.52,1.15,1,1.15,0.0,"[[213.37, 214.52]]",bird-mixit+tweetynet
rocpig,Columba livia,xc:1073356,xc_1073356,3,"[0.0, 0.07563, 0.109052, 0.999542]",0.9995,0.9995,15.67,-0.9675,0.2537,0.253615,60,93.48,97.32,3.84,3,3.54,0.0781,"[[93.48, 93.57], [93.71, 96.35], [96.51, 97.32]]",bird-mixit+tweetynet
rocpig,Columba livia,xc:572540,xc_572540,3,"[0.0, 0.072873, 0.025489, 0.999096]",0.9991,0.9991,15.67,-0.9782,0.2537,0.253467,6,20.86,22.72,1.86,3,1.58,0.1505,"[[20.86, 21.08], [21.21, 22.34], [22.49, 22.72]]",bird-mixit+tweetynet
rocpig,Columba livia,xc:1029262,xc_1029262,3,"[0.0, 0.0, 0.19494, 0.999466]",0.9995,0.9995,15.61,-0.9912,0.253,0.252858,12,32.58,35.88,3.3,3,2.87,0.1303,"[[32.58, 34.54], [34.91, 34.99], [35.05, 35.88]]",bird-mixit+tweetynet
rocpig,Columba livia,xc:126804,xc_126804,3,"[0.115591, 0.00635, 0.230338, 0.926367]",0.9264,0.9264,17.56,-0.9949,0.2719,0.251851,8,13.03,13.56,0.53,2,0.36,0.3208,"[[13.03, 13.1], [13.27, 13.56]]",bird-mixit+tweetynet
rocpig,Columba livia,xc:446270,xc_446270,2,"[0.0, 0.0, 0.928677, 0.0]",0.9287,0.9287,17.41,-0.9793,0.2707,0.251384,26,37.31,40.13,2.82,10,2.24,0.2057,"[[37.31, 38.22], [38.27, 38.62], [38.67, 38.98], [39.07, 39.1], [39.17, 39.21], [39.29, 39.38], [39.43, 39.52], [39.59, 39.67], [39.74, 39.85], [39.9, 40.13]]",bird-mixit+tweetynet
rocpig,Columba livia,xc:126804,xc_126804,3,"[0.115591, 0.00635, 0.230338, 0.926367]",0.9264,0.9264,17.44,-0.9908,0.2709,0.250981,25,53.48,56.11,2.63,8,1.67,0.365,"[[53.48, 53.72], [53.79, 53.84], [53.9, 53.99], [54.28, 54.65], [54.73, 55.03], [55.3, 55.35], [55.49, 55.96], [56.01, 56.11]]",bird-mixit+tweetynet
rocpig,Columba livia,xc:1023563,xc_1023563,3,"[0.012657, 0.065995, 0.037098, 0.988353]",0.9884,0.9884,15.68,-0.9861,0.2538,0.250857,5,16.2,18.85,2.65,3,2.21,0.166,"[[16.2, 17.39], [17.75, 18.36], [18.44, 18.85]]",bird-mixit+tweetynet
rocpig,Columba livia,xc:197468,xc_197468,3,"[0.013665, 0.455493, 0.494174, 0.960568]",0.9606,0.9606,16.32,-0.9953,0.2608,0.250545,42,98.71,98.93,0.22,1,0.22,0.0,"[[98.71, 98.93]]",bird-mixit+tweetynet
rocpig,Columba livia,xc:486873,xc_486873,3,"[0.07553, 0.807371, 0.018084, 0.997445]",0.9974,0.9974,15.37,-0.9981,0.2501,0.24941,12,28.39,30.32,1.93,5,1.55,0.1969,"[[28.39, 28.61], [28.67, 28.9], [29.0, 29.09], [29.14, 29.51], [29.68, 30.32]]",bird-mixit+tweetynet
rocpig,Columba livia,xc:777163,xc_777163,3,"[0.0, 0.135267, 0.024692, 0.955127]",0.9551,0.9551,16.35,-0.9594,0.2611,0.249395,0,0.49,2.68,2.19,4,1.59,0.274,"[[0.49, 1.64], [1.92, 2.08], [2.13, 2.28], [2.55, 2.68]]",bird-mixit+tweetynet
rocpig,Columba livia,xc:559541,xc_559541,2,"[0.006804, 0.0, 0.867599, 0.003674]",0.8676,0.8676,20.37,-0.9977,0.2872,0.249178,51,211.76,212.86,1.1,2,1.04,0.0545,"[[211.76, 212.5], [212.56, 212.86]]",bird-mixit+tweetynet
rocpig,Columba livia,xc:1029262,xc_1029262,3,"[0.0, 0.0, 0.19494, 0.999466]",0.9995,0.9995,15.26,-0.9944,0.2486,0.248519,4,10.93,12.33,1.4,2,1.29,0.0786,"[[10.93, 11.04], [11.15, 12.33]]",bird-mixit+tweetynet
rocpig,Columba livia,xc:270097,xc_270097,3,"[0.0, 0.024591, 0.011169, 0.847311]",0.8473,0.8473,22.58,-0.9742,0.2933,0.248477,3,5.61,6.84,1.23,3,0.98,0.2033,"[[5.61, 5.69], [5.76, 6.62], [6.8, 6.84]]",bird-mixit+tweetynet
rocpig,Columba livia,xc:486873,xc_486873,3,"[0.07553, 0.807371, 0.018084, 0.997445]",0.9974,0.9974,15.26,-0.9967,0.2487,0.248084,5,11.72,13.41,1.69,2,1.59,0.0592,"[[11.72, 11.88], [11.98, 13.41]]",bird-mixit+tweetynet
rocpig,Columba livia,xc:217672,xc_217672,3,"[0.012525, 0.341767, 0.035679, 0.951913]",0.9519,0.9519,16.15,-0.9954,0.2591,0.246627,6,20.19,21.35,1.16,3,0.99,0.1466,"[[20.19, 20.72], [20.77, 20.81], [20.93, 21.35]]",bird-mixit+tweetynet
rocpig,Columba livia,xc:197468,xc_197468,3,"[0.013665, 0.455493, 0.494174, 0.960568]",0.9606,0.9606,15.92,-0.9894,0.2565,0.246435,3,12.38,13.56,1.18,2,1.11,0.0593,"[[12.38, 12.52], [12.59, 13.56]]",bird-mixit+tweetynet
rocpig,Columba livia,xc:504295,xc_504295,2,"[0.0, 0.0, 0.989688, 0.042198]",0.9897,0.9897,15.24,-0.912,0.2484,0.24581,52,90.46,90.95,0.49,1,0.49,0.0,"[[90.46, 90.95]]",bird-mixit+tweetynet
rocpig,Columba livia,xc:486869,xc_486869,3,"[0.0, 0.272208, 0.013257, 0.992126]",0.9921,0.9921,15.19,-0.9925,0.2477,0.245765,1,4.41,11.67,7.26,11,6.06,0.1653,"[[4.41, 5.42], [5.54, 6.0], [6.13, 6.8], [6.96, 7.25], [7.32, 7.98], [8.1, 8.89], [9.03, 9.39], [9.46, 9.52], [9.61, 10.73], [10.82, 11.36], [11.57, 11.67]]",bird-mixit+tweetynet
rocpig,Columba livia,xc:266224,xc_266224,1,"[0.013869, 0.872484, 0.134854, 0.895076]",0.8725,0.8951,6.87,0.9942,0.2802,0.244468,4,7.76,8.26,0.5,1,0.5,0.0,"[[7.76, 8.26]]",bird-mixit+tweetynet
rocpig,Columba livia,xc:169212,xc_169212,3,"[0.054612, 0.567406, 0.0, 0.874784]",0.8748,0.8748,18.33,-0.9854,0.2772,0.242498,1,3.02,6.23,3.21,12,2.07,0.3551,"[[3.02, 3.05], [3.14, 3.31], [3.37, 3.43], [3.53, 3.87], [4.04, 4.1], [4.18, 4.37], [4.45, 4.53], [4.58, 4.84], [5.06, 5.2], [5.3, 5.62], [5.67, 5.71], [5.85, 6.23]]",bird-mixit+tweetynet
rocpig,Columba livia,xc:169212,xc_169212,3,"[0.054612, 0.567406, 0.0, 0.874784]",0.8748,0.8748,18.23,-0.9945,0.2766,0.24193,0,0.36,2.51,2.15,9,1.25,0.4186,"[[0.36, 0.53], [0.78, 0.83], [0.91, 1.07], [1.12, 1.16], [1.29, 1.53], [1.58, 1.69], [1.76, 1.8], [1.89, 2.06], [2.24, 2.51]]",bird-mixit+tweetynet
rocpig,Columba livia,xc:486869,xc_486869,3,"[0.0, 0.272208, 0.013257, 0.992126]",0.9921,0.9921,14.82,-0.9949,0.2429,0.240965,3,14.87,16.52,1.65,3,1.53,0.0727,"[[14.87, 15.11], [15.16, 15.51], [15.58, 16.52]]",bird-mixit+tweetynet
rocpig,Columba livia,xc:559541,xc_559541,2,"[0.006804, 0.0, 0.867599, 0.003674]",0.8676,0.8676,17.99,-0.9468,0.275,0.238591,55,217.76,224.8,7.04,6,6.51,0.0753,"[[217.76, 217.93], [218.1, 219.39], [219.48, 220.75], [220.89, 223.65], [223.7, 224.41], [224.49, 224.8]]",bird-mixit+tweetynet
rocpig,Columba livia,xc:42690,xc_42690,3,"[0.009898, 0.15061, 0.038743, 0.992236]",0.9922,0.9922,14.62,-0.9859,0.2399,0.238076,9,17.21,18.29,1.08,2,0.96,0.1111,"[[17.21, 17.32], [17.44, 18.29]]",bird-mixit+tweetynet
rocpig,Columba livia,xc:1023563,xc_1023563,3,"[0.012657, 0.065995, 0.037098, 0.988353]",0.9884,0.9884,14.65,-0.9663,0.2404,0.237611,7,21.29,23.73,2.44,4,2.06,0.1557,"[[21.29, 21.32], [21.45, 22.45], [22.51, 22.56], [22.75, 23.73]]",bird-mixit+tweetynet
rocpig,Columba livia,xc:572540,xc_572540,3,"[0.0, 0.072873, 0.025489, 0.999096]",0.9991,0.9991,14.35,-0.9822,0.236,0.235824,5,17.33,20.28,2.95,6,2.26,0.2339,"[[17.33, 18.08], [18.22, 18.3], [18.47, 18.78], [18.89, 19.14], [19.28, 19.38], [19.51, 20.28]]",bird-mixit+tweetynet
skylar,Alauda arvensis,xc:607294,xc_607294,0,"[0.993393, 0.037479, 0.027488, 0.364012]",0.9934,0.9934,42.17,0.9998,0.9998,0.993239,0,0.02,1.02,1.0,2,0.87,0.13,"[[0.02, 0.66], [0.79, 1.02]]",bird-mixit+tweetynet
skylar,Alauda arvensis,xc:607294,xc_607294,0,"[0.993393, 0.037479, 0.027488, 0.364012]",0.9934,0.9934,40.65,0.9998,0.9998,0.993203,2,2.81,3.55,0.74,4,0.45,0.3919,"[[2.81, 3.06], [3.11, 3.2], [3.25, 3.31], [3.5, 3.55]]",bird-mixit+tweetynet
skylar,Alauda arvensis,xc:607294,xc_607294,0,"[0.993393, 0.037479, 0.027488, 0.364012]",0.9934,0.9934,31.05,0.9997,0.998,0.991441,6,10.52,11.25,0.73,2,0.54,0.2603,"[[10.52, 10.81], [11.0, 11.25]]",bird-mixit+tweetynet
skylar,Alauda arvensis,xc:527064,xc_527064,0,"[0.991785, 0.0, 0.0, 0.0]",0.9918,0.9918,33.75,0.9998,0.9991,0.990915,4,11.65,12.91,1.26,5,0.62,0.5079,"[[11.65, 11.88], [12.13, 12.3], [12.53, 12.6], [12.71, 12.77], [12.82, 12.91]]",bird-mixit+tweetynet
skylar,Alauda arvensis,xc:607294,xc_607294,0,"[0.993393, 0.037479, 0.027488, 0.364012]",0.9934,0.9934,29.91,0.9993,0.9971,0.990541,4,5.24,7.0,1.76,5,1.0,0.4318,"[[5.24, 5.27], [5.59, 5.96], [6.04, 6.18], [6.42, 6.58], [6.7, 7.0]]",bird-mixit+tweetynet
skylar,Alauda arvensis,xc:134077,xc_134077,0,"[0.990218, 0.70183, 0.794363, 0.887938]",0.9902,0.9902,30.56,0.9996,0.9977,0.987948,41,135.45,136.18,0.73,1,0.73,0.0,"[[135.45, 136.18]]",bird-mixit+tweetynet
skylar,Alauda arvensis,xc:655268,xc_655268,1,"[0.066313, 0.997782, 0.011272, 0.380552]",0.9978,0.9978,42.75,0.965,0.9824,0.980288,49,176.43,177.34,0.91,4,0.56,0.3846,"[[176.43, 176.57], [176.69, 176.81], [176.93, 176.97], [177.08, 177.34]]",bird-mixit+tweetynet
skylar,Alauda arvensis,xc:105516,xc_105516,0,"[0.999039, 0.523091, 0.218818, 0.381756]",0.999,0.999,22.19,0.9999,0.9748,0.973798,16,63.94,67.32,3.38,2,3.3,0.0237,"[[63.94, 67.13], [67.21, 67.32]]",bird-mixit+tweetynet
skylar,Alauda arvensis,xc:281317,xc_281317,0,"[0.982323, 0.0, 0.0, 0.0]",0.9823,0.9823,25.51,0.9999,0.9905,0.972979,3,2.5,3.52,1.02,3,0.42,0.5882,"[[2.5, 2.56], [2.89, 2.95], [3.22, 3.52]]",bird-mixit+tweetynet
skylar,Alauda arvensis,xc:134077,xc_134077,0,"[0.990218, 0.70183, 0.794363, 0.887938]",0.9902,0.9902,23.08,0.9996,0.9804,0.970793,30,104.21,106.07,1.86,1,1.86,0.0,"[[104.21, 106.07]]",bird-mixit+tweetynet
skylar,Alauda arvensis,xc:134077,xc_134077,0,"[0.990218, 0.70183, 0.794363, 0.887938]",0.9902,0.9902,22.91,0.9947,0.9771,0.967488,38,123.52,126.63,3.11,4,2.93,0.0579,"[[123.52, 124.32], [124.38, 125.16], [125.23, 125.46], [125.51, 126.63]]",bird-mixit+tweetynet
skylar,Alauda arvensis,xc:975229,xc_975229,0,"[0.998737, 0.0, 0.067585, 0.021803]",0.9987,0.9987,21.45,0.9992,0.9684,0.967128,11,36.49,38.19,1.7,1,1.7,0.0,"[[36.49, 38.19]]",bird-mixit+tweetynet
skylar,Alauda arvensis,xc:607294,xc_607294,0,"[0.993393, 0.037479, 0.027488, 0.364012]",0.9934,0.9934,21.91,0.9995,0.9725,0.966046,5,7.67,9.96,2.29,6,1.12,0.5109,"[[7.67, 7.73], [7.94, 8.47], [8.77, 8.83], [9.1, 9.32], [9.52, 9.59], [9.78, 9.96]]",bird-mixit+tweetynet
skylar,Alauda arvensis,xc:180733,xc_180733,0,"[0.999496, 0.26859, 0.067871, 0.078129]",0.9995,0.9995,21.15,0.9996,0.9657,0.965254,0,0.02,3.41,3.39,1,3.39,0.0,"[[0.02, 3.41]]",bird-mixit+tweetynet
skylar,Alauda arvensis,xc:837897,xc_837897,0,"[0.965529, 0.0, 0.0, 0.0]",0.9655,0.9655,25.39,0.997,0.9887,0.954617,5,7.86,8.79,0.93,3,0.4,0.5699,"[[7.86, 7.9], [8.12, 8.23], [8.54, 8.79]]",bird-mixit+tweetynet
skylar,Alauda arvensis,xc:105516,xc_105516,0,"[0.999039, 0.523091, 0.218818, 0.381756]",0.999,0.999,19.95,0.9998,0.9519,0.950908,13,50.49,58.49,8.0,1,8.0,0.0,"[[50.49, 58.49]]",bird-mixit+tweetynet
skylar,Alauda arvensis,xc:134077,xc_134077,0,"[0.990218, 0.70183, 0.794363, 0.887938]",0.9902,0.9902,20.54,0.9994,0.9591,0.949675,22,77.67,78.8,1.13,3,1.02,0.0973,"[[77.67, 77.78], [77.83, 78.58], [78.64, 78.8]]",bird-mixit+tweetynet
skylar,Alauda arvensis,xc:552816,xc_552816,0,"[0.999795, 0.0, 0.022485, 0.0]",0.9998,0.9998,20.07,0.9905,0.949,0.948792,30,107.07,108.61,1.54,3,1.14,0.2597,"[[107.07, 107.18], [107.25, 107.97], [108.3, 108.61]]",bird-mixit+tweetynet
skylar,Alauda arvensis,xc:134077,xc_134077,0,"[0.990218, 0.70183, 0.794363, 0.887938]",0.9902,0.9902,20.4,0.9999,0.9577,0.948301,23,78.96,86.2,7.24,8,6.65,0.0815,"[[78.96, 79.3], [79.39, 79.71], [79.78, 82.33], [82.44, 84.19], [84.3, 85.08], [85.14, 85.49], [85.58, 85.92], [85.98, 86.2]]",bird-mixit+tweetynet
skylar,Alauda arvensis,xc:527064,xc_527064,0,"[0.991785, 0.0, 0.0, 0.0]",0.9918,0.9918,20.18,0.9999,0.9549,0.947115,0,0.78,5.16,4.38,11,2.29,0.4772,"[[0.78, 0.93], [1.03, 1.35], [1.42, 1.85], [2.25, 2.65], [2.98, 3.04], [3.1, 3.29], [3.36, 3.57], [3.9, 3.96], [4.1, 4.15], [4.36, 4.74], [5.12, 5.16]]",bird-mixit+tweetynet
skylar,Alauda arvensis,xc:105516,xc_105516,0,"[0.999039, 0.523091, 0.218818, 0.381756]",0.999,0.999,19.68,0.9999,0.948,0.947039,12,45.16,50.37,5.21,1,5.21,0.0,"[[45.16, 50.37]]",bird-mixit+tweetynet
skylar,Alauda arvensis,xc:105516,xc_105516,0,"[0.999039, 0.523091, 0.218818, 0.381756]",0.999,0.999,19.6,0.9999,0.9468,0.945874,14,58.49,63.61,5.12,1,5.12,0.0,"[[58.49, 63.61]]",bird-mixit+tweetynet
skylar,Alauda arvensis,xc:105516,xc_105516,0,"[0.999039, 0.523091, 0.218818, 0.381756]",0.999,0.999,19.55,0.9995,0.9459,0.944953,9,38.09,39.98,1.89,1,1.89,0.0,"[[38.09, 39.98]]",bird-mixit+tweetynet
skylar,Alauda arvensis,xc:718610,xc_718610,0,"[0.99954, 0.202419, 0.426167, 0.065178]",0.9995,0.9995,19.23,1.0,0.941,0.940528,6,32.1,32.23,0.13,1,0.13,0.0,"[[32.1, 32.23]]",bird-mixit+tweetynet
skylar,Alauda arvensis,xc:281317,xc_281317,0,"[0.982323, 0.0, 0.0, 0.0]",0.9823,0.9823,20.62,0.9929,0.9568,0.939912,10,8.53,9.08,0.55,2,0.27,0.5091,"[[8.53, 8.58], [8.86, 9.08]]",bird-mixit+tweetynet
skylar,Alauda arvensis,xc:600827,xc_600827,0,"[0.939913, 0.0, 0.0, 0.0]",0.9399,0.9399,34.92,0.9982,0.9985,0.93851,3,6.16,6.86,0.7,3,0.38,0.4571,"[[6.16, 6.2], [6.34, 6.62], [6.8, 6.86]]",bird-mixit+tweetynet
skylar,Alauda arvensis,xc:837897,xc_837897,0,"[0.965529, 0.0, 0.0, 0.0]",0.9655,0.9655,22.07,0.9948,0.9714,0.937886,8,10.6,11.74,1.14,6,0.51,0.5526,"[[10.6, 10.63], [10.72, 10.95], [11.02, 11.06], [11.21, 11.26], [11.51, 11.56], [11.63, 11.74]]",bird-mixit+tweetynet
skylar,Alauda arvensis,xc:138228,xc_138228,0,"[0.93596, 0.094622, 0.141481, 0.0]",0.936,0.936,40.9,0.9999,0.9999,0.935872,6,15.35,22.52,7.17,13,5.94,0.1715,"[[15.35, 15.57], [15.7, 16.38], [16.43, 16.66], [16.73, 16.94], [17.16, 17.88], [17.93, 18.36], [18.45, 19.3], [19.39, 19.98], [20.05, 20.26], [20.39, 20.44], [20.49, 21.91], [22.12, 22.18], [22.25, 22.52]]",bird-mixit+tweetynet
skylar,Alauda arvensis,xc:138228,xc_138228,0,"[0.93596, 0.094622, 0.141481, 0.0]",0.936,0.936,40.12,0.9999,0.9998,0.935831,2,2.36,8.81,6.45,18,4.55,0.2946,"[[2.36, 2.65], [2.7, 2.98], [3.15, 3.51], [3.63, 4.44], [4.52, 4.61], [4.66, 4.71], [4.79, 4.82], [4.99, 5.19], [5.28, 5.59], [5.67, 5.82], [6.0, 6.51], [6.67, 6.86], [7.05, 7.26], [7.34, 7.52], [7.67, 7.85], [7.92, 8.15], [8.23, 8.54], [8.64, 8.81]]",bird-mixit+tweetynet
skylar,Alauda arvensis,xc:138228,xc_138228,0,"[0.93596, 0.094622, 0.141481, 0.0]",0.936,0.936,38.84,0.9999,0.9998,0.935777,0,0.03,1.01,0.98,3,0.7,0.2857,"[[0.03, 0.12], [0.31, 0.48], [0.57, 1.01]]",bird-mixit+tweetynet
skylar,Alauda arvensis,xc:138228,xc_138228,0,"[0.93596, 0.094622, 0.141481, 0.0]",0.936,0.936,35.95,0.9997,0.9994,0.93547,3,9.6,12.87,3.27,10,2.38,0.2722,"[[9.6, 9.68], [9.82, 10.09], [10.14, 10.22], [10.27, 10.44], [10.49, 10.58], [10.72, 10.91], [11.0, 11.07], [11.15, 11.34], [11.54, 12.29], [12.38, 12.87]]",bird-mixit+tweetynet
skylar,Alauda arvensis,xc:288761,xc_288761,0,"[0.999781, 0.082589, 0.013989, 0.010937]",0.9998,0.9998,18.89,0.9998,0.9349,0.934713,12,59.12,67.12,8.0,1,8.0,0.0,"[[59.12, 67.12]]",bird-mixit+tweetynet
skylar,Alauda arvensis,xc:1027700,xc_1027700,0,"[0.997699, 0.956894, 0.659692, 0.833336]",0.9977,0.9977,18.65,0.9999,0.9305,0.928349,9,62.49,70.49,8.0,1,8.0,0.0,"[[62.49, 70.49]]",bird-mixit+tweetynet
skylar,Alauda arvensis,xc:698071,xc_698071,0,"[0.957876, 0.075085, 0.0, 0.0]",0.9579,0.9579,21.39,0.9998,0.9681,0.927341,6,23.06,30.23,7.17,4,6.93,0.0335,"[[23.06, 23.2], [23.28, 25.6], [25.7, 29.45], [29.51, 30.23]]",bird-mixit+tweetynet
skylar,Alauda arvensis,xc:932818,xc_932818,0,"[0.926486, 0.805031, 0.069385, 0.167036]",0.9265,0.9265,30.32,0.9995,0.9975,0.924188,18,18.96,20.33,1.37,6,0.62,0.5474,"[[18.96, 19.0], [19.16, 19.2], [19.26, 19.62], [19.87, 19.96], [20.02, 20.06], [20.28, 20.33]]",bird-mixit+tweetynet
skylar,Alauda arvensis,xc:932818,xc_932818,0,"[0.926486, 0.805031, 0.069385, 0.167036]",0.9265,0.9265,26.18,0.9988,0.9917,0.918793,5,5.58,6.75,1.17,5,0.56,0.5214,"[[5.58, 5.87], [6.16, 6.19], [6.27, 6.33], [6.43, 6.57], [6.71, 6.75]]",bird-mixit+tweetynet
skylar,Alauda arvensis,xc:932818,xc_932818,0,"[0.926486, 0.805031, 0.069385, 0.167036]",0.9265,0.9265,25.87,0.9953,0.9892,0.916454,0,1.48,2.24,0.76,4,0.44,0.4211,"[[1.48, 1.53], [1.62, 1.68], [1.79, 1.87], [1.99, 2.24]]",bird-mixit+tweetynet
skylar,Alauda arvensis,xc:489827,xc_489827,3,"[0.998242, 0.977669, 0.894736, 0.916398]",0.9164,0.9982,36.03,0.9997,0.9994,0.915891,5,25.45,29.39,3.94,10,3.3,0.1624,"[[25.45, 25.76], [25.82, 26.34], [26.4, 26.82], [26.87, 27.56], [27.63, 27.8], [27.89, 28.0], [28.07, 28.32], [28.39, 28.66], [28.75, 29.03], [29.11, 29.39]]",bird-mixit+tweetynet
skylar,Alauda arvensis,xc:489827,xc_489827,3,"[0.998242, 0.977669, 0.894736, 0.916398]",0.9164,0.9982,34.97,0.9996,0.9992,0.915711,13,57.92,59.22,1.3,2,1.22,0.0615,"[[57.92, 58.37], [58.45, 59.22]]",bird-mixit+tweetynet
skylar,Alauda arvensis,xc:489827,xc_489827,3,"[0.998242, 0.977669, 0.894736, 0.916398]",0.9164,0.9982,29.79,0.9998,0.9973,0.91389,44,178.85,185.85,7.0,2,6.95,0.0071,"[[178.85, 184.51], [184.56, 185.85]]",bird-mixit+tweetynet
skylar,Alauda arvensis,xc:627311,xc_627311,1,"[0.999747, 0.916034, 0.616059, 0.829206]",0.916,0.9997,27.96,0.9995,0.9952,0.911612,47,156.11,159.73,3.62,8,3.01,0.1685,"[[156.11, 156.16], [156.27, 156.53], [156.61, 156.94], [157.05, 157.09], [157.14, 157.92], [158.0, 158.34], [158.46, 159.27], [159.33, 159.73]]",bird-mixit+tweetynet
skylar,Alauda arvensis,xc:627311,xc_627311,1,"[0.999747, 0.916034, 0.616059, 0.829206]",0.916,0.9997,26.82,0.9989,0.993,0.909624,4,9.86,17.01,7.15,13,5.54,0.2252,"[[9.86, 9.97], [10.08, 10.24], [10.32, 10.54], [10.62, 12.46], [12.51, 12.7], [12.89, 12.96], [13.15, 13.68], [13.94, 14.7], [14.78, 15.44], [15.6, 15.64], [15.72, 16.33], [16.43, 16.75], [16.98, 17.01]]",bird-mixit+tweetynet
skylar,Alauda arvensis,xc:627311,xc_627311,1,"[0.999747, 0.916034, 0.616059, 0.829206]",0.916,0.9997,26.6,0.9991,0.9927,0.909349,20,56.49,63.36,6.87,14,5.42,0.2111,"[[56.49, 56.8], [56.87, 56.96], [57.06, 57.15], [57.2, 57.33], [57.45, 57.63], [57.68, 57.75], [57.8, 58.04], [58.09, 59.46], [59.67, 60.59], [60.64, 61.26], [61.33, 62.29], [62.65, 62.76], [62.97, 63.24], [63.3, 63.36]]",bird-mixit+tweetynet
skylar,Alauda arvensis,xc:489827,xc_489827,3,"[0.998242, 0.977669, 0.894736, 0.916398]",0.9164,0.9982,25.11,0.9997,0.9892,0.90653,21,84.64,87.39,2.75,2,2.69,0.0218,"[[84.64, 86.15], [86.21, 87.39]]",bird-mixit+tweetynet
skylar,Alauda arvensis,xc:489827,xc_489827,3,"[0.998242, 0.977669, 0.894736, 0.916398]",0.9164,0.9982,24.69,0.9994,0.9876,0.905064,2,10.17,16.55,6.38,4,6.2,0.0282,"[[10.17, 12.56], [12.62, 13.46], [13.53, 15.65], [15.7, 16.55]]",bird-mixit+tweetynet
skylar,Alauda arvensis,xc:627311,xc_627311,1,"[0.999747, 0.916034, 0.616059, 0.829206]",0.916,0.9997,24.04,0.9985,0.9847,0.901945,21,63.84,70.5,6.66,17,4.69,0.2958,"[[63.84, 64.28], [64.4, 64.79], [64.85, 64.91], [65.08, 65.32], [65.47, 66.13], [66.27, 66.32], [66.41, 66.46], [66.7, 66.74], [66.83, 66.95], [67.0, 67.94], [68.0, 68.29], [68.38, 68.5], [68.61, 68.82], [69.07, 69.1], [69.27, 69.32], [69.4, 69.74], [69.84, 70.5]]",bird-mixit+tweetynet
skylar,Alauda arvensis,xc:814429,xc_814429,0,"[0.999716, 0.000931, 0.0, 0.020491]",0.9997,0.9997,17.41,0.9997,0.9022,0.901894,21,123.96,124.76,0.8,2,0.75,0.0625,"[[123.96, 124.64], [124.69, 124.76]]",bird-mixit+tweetynet
skylar,Alauda arvensis,xc:627311,xc_627311,1,"[0.999747, 0.916034, 0.616059, 0.829206]",0.916,0.9997,23.44,0.9995,0.9823,0.899823,18,49.78,51.71,1.93,2,1.78,0.0777,"[[49.78, 49.81], [49.96, 51.71]]",bird-mixit+tweetynet
skylar,Alauda arvensis,xc:975229,xc_975229,0,"[0.998737, 0.0, 0.067585, 0.021803]",0.9987,0.9987,17.09,0.9982,0.8926,0.89142,17,61.96,66.94,4.98,8,4.33,0.1305,"[[61.96, 62.03], [62.14, 62.55], [62.63, 64.91], [64.96, 65.11], [65.16, 65.21], [65.38, 65.76], [65.84, 66.47], [66.58, 66.94]]",bird-mixit+tweetynet
skylar,Alauda arvensis,xc:281317,xc_281317,0,"[0.982323, 0.0, 0.0, 0.0]",0.9823,0.9823,17.4,0.9999,0.9019,0.885929,2,1.68,2.15,0.47,2,0.27,0.4255,"[[1.68, 1.73], [1.93, 2.15]]",bird-mixit+tweetynet
skylar,Alauda arvensis,xc:600827,xc_600827,0,"[0.939913, 0.0, 0.0, 0.0]",0.9399,0.9399,19.77,0.9711,0.9356,0.879379,2,4.96,5.73,0.77,2,0.62,0.1948,"[[4.96, 5.39], [5.54, 5.73]]",bird-mixit+tweetynet
skylar,Alauda arvensis,xc:896979,xc_896979,3,"[0.999073, 0.453388, 0.689527, 0.885487]",0.8855,0.9991,24.66,0.9987,0.9872,0.874186,4,10.81,15.1,4.29,10,3.46,0.1935,"[[10.81, 11.54], [11.64, 11.75], [11.86, 12.69], [12.74, 12.86], [12.95, 13.36], [13.44, 13.56], [13.64, 13.82], [13.88, 13.98], [14.06, 14.87], [15.05, 15.1]]",bird-mixit+tweetynet
skylar,Alauda arvensis,xc:896979,xc_896979,3,"[0.999073, 0.453388, 0.689527, 0.885487]",0.8855,0.9991,24.59,0.9991,0.9871,0.874118,2,3.93,9.62,5.69,4,5.35,0.0598,"[[3.93, 4.69], [4.76, 8.83], [9.0, 9.4], [9.5, 9.62]]",bird-mixit+tweetynet
skylar,Alauda arvensis,xc:896979,xc_896979,3,"[0.999073, 0.453388, 0.689527, 0.885487]",0.8855,0.9991,23.67,0.9997,0.9835,0.870922,13,45.46,52.21,6.75,6,6.38,0.0548,"[[45.46, 48.71], [48.76, 48.94], [49.0, 50.24], [50.33, 50.43], [50.53, 51.46], [51.53, 52.21]]",bird-mixit+tweetynet
skylar,Alauda arvensis,xc:583693,xc_583693,0,"[0.999554, 0.026053, 0.016674, 0.040155]",0.9996,0.9996,16.42,0.9959,0.8708,0.870501,8,33.83,35.15,1.32,3,1.12,0.1515,"[[33.83, 34.08], [34.18, 34.6], [34.7, 35.15]]",bird-mixit+tweetynet
skylar,Alauda arvensis,xc:896979,xc_896979,3,"[0.999073, 0.453388, 0.689527, 0.885487]",0.8855,0.9991,23.32,0.9994,0.9817,0.869262,16,61.38,62.64,1.26,2,1.21,0.0397,"[[61.38, 62.46], [62.51, 62.64]]",bird-mixit+tweetynet
skylar,Alauda arvensis,xc:594198,xc_594198,0,"[0.8697, 0.007062, 0.0, 0.0]",0.8697,0.8697,37.4,0.9968,0.9981,0.868056,0,0.02,3.23,3.21,11,1.96,0.3894,"[[0.02, 0.1], [0.3, 0.92], [0.98, 1.09], [1.19, 1.22], [1.27, 1.37], [1.5, 1.55], [1.68, 2.0], [2.37, 2.41], [2.51, 2.68], [2.74, 3.02], [3.07, 3.23]]",bird-mixit+tweetynet
skylar,Alauda arvensis,xc:1008734,xc_1008734,0,"[0.998814, 0.0, 0.012997, 0.0]",0.9988,0.9988,16.31,1.0,0.869,0.867918,14,54.58,60.36,5.78,2,5.71,0.0121,"[[54.58, 58.91], [58.98, 60.36]]",bird-mixit+tweetynet
skylar,Alauda arvensis,xc:169009,xc_169009,0,"[0.999624, 0.631271, 0.03569, 0.014168]",0.9996,0.9996,16.27,0.9997,0.8676,0.867234,11,63.46,71.43,7.97,1,7.97,0.0,"[[63.46, 71.43]]",bird-mixit+tweetynet
skylar,Alauda arvensis,xc:169009,xc_169009,0,"[0.999624, 0.631271, 0.03569, 0.014168]",0.9996,0.9996,16.11,0.9977,0.8611,0.860764,10,61.71,63.34,1.63,1,1.63,0.0,"[[61.71, 63.34]]",bird-mixit+tweetynet
skylar,Alauda arvensis,xc:199765,xc_199765,1,"[0.838617, 0.858449, 0.0, 0.077176]",0.8584,0.8584,36.18,0.9997,0.9995,0.857944,3,8.98,10.14,1.16,4,0.73,0.3707,"[[8.98, 9.29], [9.39, 9.47], [9.67, 9.71], [9.84, 10.14]]",bird-mixit+tweetynet
skylar,Alauda arvensis,xc:199765,xc_199765,1,"[0.838617, 0.858449, 0.0, 0.077176]",0.8584,0.8584,31.79,0.9997,0.9984,0.857033,1,6.3,8.08,1.78,6,1.13,0.3652,"[[6.3, 6.79], [6.86, 6.9], [7.03, 7.08], [7.16, 7.34], [7.42, 7.46], [7.75, 8.08]]",bird-mixit+tweetynet
skylar,Alauda arvensis,xc:199765,xc_199765,1,"[0.838617, 0.858449, 0.0, 0.077176]",0.8584,0.8584,31.61,0.9995,0.9982,0.856867,0,0.02,6.0,5.98,15,3.84,0.3579,"[[0.02, 0.48], [0.65, 0.84], [1.07, 1.28], [1.36, 1.58], [1.69, 1.77], [1.99, 2.3], [2.42, 2.51], [2.73, 2.98], [3.07, 3.23], [3.37, 3.64], [3.83, 3.87], [4.0, 4.34], [4.42, 4.49], [4.58, 5.09], [5.36, 6.0]]",bird-mixit+tweetynet
skylar,Alauda arvensis,xc:896979,xc_896979,3,"[0.999073, 0.453388, 0.689527, 0.885487]",0.8855,0.9991,20.97,0.9993,0.9637,0.853397,18,65.74,73.17,7.43,1,7.43,0.0,"[[65.74, 73.17]]",bird-mixit+tweetynet
skylar,Alauda arvensis,xc:625109,xc_625109,0,"[0.846084, 0.779868, 0.257386, 0.677157]",0.8461,0.8461,33.06,0.9988,0.9984,0.844738,31,94.41,95.3,0.89,4,0.37,0.5843,"[[94.41, 94.62], [94.67, 94.72], [94.8, 94.87], [95.26, 95.3]]",bird-mixit+tweetynet
skylar,Alauda arvensis,xc:625109,xc_625109,0,"[0.846084, 0.779868, 0.257386, 0.677157]",0.8461,0.8461,30.56,0.9995,0.9977,0.844117,10,38.56,40.12,1.56,2,1.19,0.2372,"[[38.56, 38.89], [39.26, 40.12]]",bird-mixit+tweetynet
skylar,Alauda arvensis,xc:625109,xc_625109,0,"[0.846084, 0.779868, 0.257386, 0.677157]",0.8461,0.8461,30.21,0.9994,0.9974,0.843868,28,89.84,90.69,0.85,3,0.7,0.1765,"[[89.84, 90.05], [90.13, 90.25], [90.32, 90.69]]",bird-mixit+tweetynet
skylar,Alauda arvensis,xc:198232,xc_198232,0,"[0.999678, 0.0, 0.0, 0.0]",0.9997,0.9997,16.51,0.9268,0.8438,0.843547,13,59.85,60.81,0.96,1,0.96,0.0,"[[59.85, 60.81]]",bird-mixit+tweetynet
skylar,Alauda arvensis,xc:625109,xc_625109,0,"[0.846084, 0.779868, 0.257386, 0.677157]",0.8461,0.8461,29.55,0.999,0.9967,0.843281,43,131.9,132.95,1.05,3,0.62,0.4095,"[[131.9, 132.0], [132.19, 132.41], [132.65, 132.95]]",bird-mixit+tweetynet
skylar,Alauda arvensis,xc:625109,xc_625109,0,"[0.846084, 0.779868, 0.257386, 0.677157]",0.8461,0.8461,25.16,0.9978,0.9884,0.836306,11,40.59,41.65,1.06,4,0.46,0.566,"[[40.59, 40.68], [40.83, 40.87], [40.95, 41.07], [41.44, 41.65]]",bird-mixit+tweetynet
skylar,Alauda arvensis,xc:435865,xc_435865,0,"[0.99956, 0.445064, 0.032966, 0.021544]",0.9996,0.9996,15.18,0.9995,0.8254,0.82505,30,132.6,134.51,1.91,1,1.91,0.0,"[[132.6, 134.51]]",bird-mixit+tweetynet
skylar,Alauda arvensis,xc:943778,xc_943778,1,"[0.126022, 0.905738, 0.107811, 0.140407]",0.9057,0.9057,18.05,0.9847,0.9108,0.824928,5,8.35,11.0,2.65,8,1.32,0.5019,"[[8.35, 8.4], [8.58, 8.82], [8.9, 9.44], [9.67, 9.7], [9.77, 9.88], [10.21, 10.3], [10.68, 10.8], [10.86, 11.0]]",bird-mixit+tweetynet
skylar,Alauda arvensis,xc:1008734,xc_1008734,0,"[0.998814, 0.0, 0.012997, 0.0]",0.9988,0.9988,15.14,0.9999,0.8236,0.822629,0,0.02,5.22,5.2,10,4.04,0.2231,"[[0.02, 0.38], [0.57, 0.92], [1.02, 2.68], [2.86, 3.18], [3.25, 3.39], [3.56, 3.88], [3.94, 4.04], [4.15, 4.28], [4.36, 4.59], [4.79, 5.22]]",bird-mixit+tweetynet
skylar,Alauda arvensis,xc:439200,xc_439200,0,"[0.977771, 0.421963, 0.016048, 0.0124]",0.9778,0.9778,15.58,0.9964,0.8405,0.821811,9,41.48,42.05,0.57,1,0.57,0.0,"[[41.48, 42.05]]",bird-mixit+tweetynet
skylar,Alauda arvensis,xc:655268,xc_655268,1,"[0.066313, 0.997782, 0.011272, 0.380552]",0.9978,0.9978,15.12,0.9998,0.8226,0.820829,42,153.78,161.33,7.55,6,7.2,0.0464,"[[153.78, 154.72], [154.79, 158.22], [158.3, 158.68], [158.77, 158.93], [158.98, 160.58], [160.64, 161.33]]",bird-mixit+tweetynet
tufduc,Aythya fuligula,xc:993312,xc_993312,0,"[0.98495, 0.913652, 0.769642, 0.0]",0.9849,0.9849,19.1,0.9915,0.9348,0.920638,23,56.21,58.14,1.93,2,1.87,0.0311,"[[56.21, 56.75], [56.81, 58.14]]",bird-mixit+tweetynet
tufduc,Aythya fuligula,xc:590632,xc_590632,0,"[0.996824, 0.0, 0.983282, 0.987931]",0.9968,0.9968,21.86,0.8739,0.911,0.908051,21,54.33,58.26,3.93,8,2.87,0.2697,"[[54.33, 54.43], [54.81, 55.04], [55.14, 55.51], [55.58, 55.73], [55.8, 56.94], [57.01, 57.37], [57.6, 57.73], [57.87, 58.26]]",bird-mixit+tweetynet
tufduc,Aythya fuligula,xc:590632,xc_590632,0,"[0.996824, 0.0, 0.983282, 0.987931]",0.9968,0.9968,21.0,0.8692,0.9014,0.898501,8,14.59,15.89,1.3,3,1.18,0.0923,"[[14.59, 14.84], [14.91, 15.04], [15.09, 15.89]]",bird-mixit+tweetynet
tufduc,Aythya fuligula,xc:590632,xc_590632,0,"[0.996824, 0.0, 0.983282, 0.987931]",0.9968,0.9968,20.77,0.8502,0.89,0.887114,22,59.44,64.55,5.11,9,4.25,0.1683,"[[59.44, 61.32], [61.41, 61.59], [61.78, 62.36], [62.42, 62.81], [63.02, 63.29], [63.37, 63.63], [63.7, 64.05], [64.16, 64.37], [64.42, 64.55]]",bird-mixit+tweetynet
tufduc,Aythya fuligula,xc:993312,xc_993312,0,"[0.98495, 0.913652, 0.769642, 0.0]",0.9849,0.9849,22.1,0.8071,0.8802,0.866887,20,44.21,50.46,6.25,11,4.38,0.2992,"[[44.21, 44.38], [44.46, 44.65], [44.9, 45.1], [45.35, 46.1], [46.46, 48.21], [48.27, 48.61], [48.74, 49.03], [49.15, 49.32], [49.62, 49.76], [49.87, 49.92], [50.13, 50.46]]",bird-mixit+tweetynet
tufduc,Aythya fuligula,xc:590632,xc_590632,0,"[0.996824, 0.0, 0.983282, 0.987931]",0.9968,0.9968,19.83,0.8051,0.8576,0.854887,9,16.37,19.89,3.52,5,2.71,0.2301,"[[16.37, 17.77], [17.82, 18.51], [18.76, 19.32], [19.59, 19.62], [19.86, 19.89]]",bird-mixit+tweetynet
tufduc,Aythya fuligula,xc:993312,xc_993312,0,"[0.98495, 0.913652, 0.769642, 0.0]",0.9849,0.9849,17.25,0.8967,0.8516,0.838783,8,12.81,18.93,6.12,10,4.48,0.268,"[[12.81, 13.91], [14.28, 15.24], [15.45, 15.62], [15.75, 15.92], [16.08, 16.3], [16.37, 16.82], [16.89, 17.15], [17.32, 18.16], [18.3, 18.49], [18.81, 18.93]]",bird-mixit+tweetynet
tufduc,Aythya fuligula,xc:590632,xc_590632,0,"[0.996824, 0.0, 0.983282, 0.987931]",0.9968,0.9968,18.29,0.8129,0.8369,0.834259,12,29.2,34.6,5.4,10,4.55,0.1574,"[[29.2, 29.36], [29.55, 29.72], [29.83, 30.35], [30.41, 31.61], [31.68, 31.77], [31.85, 32.43], [32.53, 32.58], [32.65, 32.73], [32.84, 33.0], [33.06, 34.6]]",bird-mixit+tweetynet
tufduc,Aythya fuligula,xc:993312,xc_993312,0,"[0.98495, 0.913652, 0.769642, 0.0]",0.9849,0.9849,16.4,0.9163,0.8357,0.823057,5,4.3,9.19,4.89,12,3.01,0.3845,"[[4.3, 4.48], [4.63, 5.47], [5.56, 5.76], [5.88, 6.48], [6.53, 6.58], [6.74, 7.02], [7.27, 7.35], [7.44, 7.49], [7.89, 8.24], [8.48, 8.64], [8.85, 8.95], [9.07, 9.19]]",bird-mixit+tweetynet
tufduc,Aythya fuligula,xc:993312,xc_993312,0,"[0.98495, 0.913652, 0.769642, 0.0]",0.9849,0.9849,18.5,0.7919,0.831,0.818468,47,111.37,113.39,2.02,2,1.88,0.0693,"[[111.37, 111.9], [112.04, 113.39]]",bird-mixit+tweetynet
tufduc,Aythya fuligula,xc:706888,xc_706888,0,"[0.940029, 0.523563, 0.0, 0.638981]",0.94,0.94,22.5,0.6816,0.8215,0.772198,12,24.57,30.52,5.95,12,4.76,0.2,"[[24.57, 24.73], [24.92, 25.02], [25.21, 25.78], [25.83, 25.96], [26.03, 26.28], [26.58, 27.66], [27.73, 27.81], [27.91, 28.61], [28.67, 28.91], [28.96, 29.0], [29.06, 29.1], [29.15, 30.52]]",bird-mixit+tweetynet
tufduc,Aythya fuligula,xc:706888,xc_706888,0,"[0.940029, 0.523563, 0.0, 0.638981]",0.94,0.94,17.15,0.8217,0.8154,0.766505,5,8.81,11.69,2.88,6,2.01,0.3021,"[[8.81, 9.66], [10.01, 10.15], [10.2, 10.61], [10.79, 11.04], [11.21, 11.37], [11.49, 11.69]]",bird-mixit+tweetynet
tufduc,Aythya fuligula,xc:706888,xc_706888,0,"[0.940029, 0.523563, 0.0, 0.638981]",0.94,0.94,20.36,0.7016,0.8145,0.765586,4,4.43,8.38,3.95,7,2.97,0.2481,"[[4.43, 4.48], [4.58, 4.66], [4.88, 6.02], [6.08, 6.16], [6.52, 6.64], [6.74, 6.89], [7.03, 8.38]]",bird-mixit+tweetynet
tufduc,Aythya fuligula,xc:706888,xc_706888,0,"[0.940029, 0.523563, 0.0, 0.638981]",0.94,0.94,17.8,0.7752,0.8097,0.76113,3,2.88,3.98,1.1,3,0.71,0.3545,"[[2.88, 3.37], [3.49, 3.57], [3.84, 3.98]]",bird-mixit+tweetynet
tufduc,Aythya fuligula,xc:96339,xc_96339,0,"[0.999682, 0.789732, 0.491628, 0.935069]",0.9997,0.9997,28.06,0.524,0.7586,0.75838,11,18.78,19.34,0.56,1,0.56,0.0,"[[18.78, 19.34]]",bird-mixit+tweetynet
tufduc,Aythya fuligula,xc:706888,xc_706888,0,"[0.940029, 0.523563, 0.0, 0.638981]",0.94,0.94,16.84,0.6756,0.7423,0.697775,13,30.97,36.6,5.63,7,4.81,0.1456,"[[30.97, 31.09], [31.46, 32.04], [32.1, 32.27], [32.37, 33.1], [33.16, 34.63], [34.8, 34.93], [34.99, 36.6]]",bird-mixit+tweetynet
tufduc,Aythya fuligula,xc:96339,xc_96339,0,"[0.999682, 0.789732, 0.491628, 0.935069]",0.9997,0.9997,15.02,0.6813,0.6879,0.687661,0,0.46,1.75,1.29,1,1.29,0.0,"[[0.46, 1.75]]",bird-mixit+tweetynet
tufduc,Aythya fuligula,xc:96339,xc_96339,0,"[0.999682, 0.789732, 0.491628, 0.935069]",0.9997,0.9997,21.17,0.4003,0.6765,0.676264,1,2.55,4.63,2.08,6,1.15,0.4471,"[[2.55, 2.63], [2.77, 2.93], [3.23, 3.32], [3.51, 3.75], [3.8, 3.92], [4.17, 4.63]]",bird-mixit+tweetynet
tufduc,Aythya fuligula,xc:361992,xc_361992,0,"[0.998873, 0.041929, 0.419618, 0.154589]",0.9989,0.9989,14.64,0.6647,0.6667,0.665969,44,103.73,104.26,0.53,2,0.24,0.5472,"[[103.73, 103.93], [104.22, 104.26]]",bird-mixit+tweetynet
tufduc,Aythya fuligula,xc:468384,xc_468384,3,"[0.004522, 0.032612, 0.243631, 0.993991]",0.994,0.994,12.04,0.8861,0.6114,0.607736,0,0.02,6.19,6.17,10,4.84,0.2156,"[[0.02, 0.08], [0.47, 0.55], [0.65, 1.09], [1.18, 4.21], [4.31, 4.61], [4.67, 5.3], [5.4, 5.58], [5.72, 5.76], [5.92, 5.96], [6.15, 6.19]]",bird-mixit+tweetynet
tufduc,Aythya fuligula,xc:468384,xc_468384,3,"[0.004522, 0.032612, 0.243631, 0.993991]",0.994,0.994,11.78,0.8946,0.5971,0.593522,9,36.39,36.67,0.28,1,0.28,0.0,"[[36.39, 36.67]]",bird-mixit+tweetynet
tufduc,Aythya fuligula,xc:361992,xc_361992,0,"[0.998873, 0.041929, 0.419618, 0.154589]",0.9989,0.9989,19.04,0.2644,0.5928,0.592147,32,64.06,66.79,2.73,8,1.64,0.3993,"[[64.06, 64.13], [64.25, 64.36], [64.48, 64.51], [64.89, 64.92], [65.05, 65.11], [65.23, 65.28], [65.38, 65.45], [65.57, 66.79]]",bird-mixit+tweetynet
tufduc,Aythya fuligula,xc:590633,xc_590633,0,"[0.999843, 0.0, 0.114386, 0.903316]",0.9998,0.9998,18.15,0.1964,0.5504,0.550329,4,12.59,20.03,7.44,17,4.99,0.3293,"[[12.59, 12.92], [13.09, 13.36], [13.49, 13.54], [13.61, 13.9], [13.95, 14.57], [14.63, 14.71], [14.91, 15.41], [15.49, 15.77], [16.05, 16.32], [16.38, 17.04], [17.14, 17.42], [17.64, 17.91], [18.15, 18.44], [18.73, 19.07], [19.36, 19.66], [19.76, 19.87], [19.98, 20.03]]",bird-mixit+tweetynet
tufduc,Aythya fuligula,xc:730564,xc_730564,0,"[0.978636, 0.0, 0.0, 0.0]",0.9786,0.9786,14.24,0.4197,0.5543,0.542443,10,16.0,17.28,1.28,3,0.65,0.4922,"[[16.0, 16.1], [16.44, 16.71], [17.0, 17.28]]",bird-mixit+tweetynet
tufduc,Aythya fuligula,xc:361992,xc_361992,0,"[0.998873, 0.041929, 0.419618, 0.154589]",0.9989,0.9989,20.11,0.0911,0.5205,0.519891,22,42.51,44.52,2.01,5,1.47,0.2687,"[[42.51, 42.62], [42.8, 42.93], [42.98, 43.09], [43.31, 43.42], [43.51, 44.52]]",bird-mixit+tweetynet
tufduc,Aythya fuligula,xc:361992,xc_361992,0,"[0.998873, 0.041929, 0.419618, 0.154589]",0.9989,0.9989,17.09,0.1452,0.5116,0.511078,23,45.06,47.27,2.21,6,1.35,0.3891,"[[45.06, 45.15], [45.21, 45.24], [45.35, 45.4], [45.53, 45.56], [45.75, 45.84], [46.21, 47.27]]",bird-mixit+tweetynet
tufduc,Aythya fuligula,xc:1001506,xc_1001506,0,"[0.991945, 0.097571, 0.0, 0.037497]",0.9919,0.9919,19.12,0.0952,0.5143,0.510135,25,44.66,45.08,0.42,2,0.36,0.1429,"[[44.66, 44.76], [44.82, 45.08]]",bird-mixit+tweetynet
tufduc,Aythya fuligula,xc:590633,xc_590633,0,"[0.999843, 0.0, 0.114386, 0.903316]",0.9998,0.9998,16.51,0.1481,0.5027,0.502574,7,28.32,30.9,2.58,5,2.01,0.2209,"[[28.32, 28.74], [28.8, 29.31], [29.62, 29.92], [30.01, 30.54], [30.65, 30.9]]",bird-mixit+tweetynet
tufduc,Aythya fuligula,xc:721000,xc_721000,0,"[0.989732, 0.0, 0.0, 0.0]",0.9897,0.9897,14.89,0.2335,0.5011,0.49594,9,15.35,18.06,2.71,7,1.43,0.4723,"[[15.35, 15.47], [15.71, 15.8], [16.01, 16.41], [16.56, 16.85], [17.05, 17.1], [17.25, 17.51], [17.84, 18.06]]",bird-mixit+tweetynet
tufduc,Aythya fuligula,xc:587228,xc_587228,0,"[0.991929, 0.0, 0.016832, 0.0]",0.9919,0.9919,11.7,0.5885,0.496,0.492015,7,15.22,16.96,1.74,4,1.01,0.4195,"[[15.22, 15.46], [15.66, 15.99], [16.18, 16.39], [16.73, 16.96]]",bird-mixit+tweetynet
tufduc,Aythya fuligula,xc:587228,xc_587228,0,"[0.991929, 0.0, 0.016832, 0.0]",0.9919,0.9919,12.29,0.4837,0.4938,0.489764,12,24.93,31.77,6.84,15,3.47,0.4927,"[[24.93, 25.1], [25.34, 25.4], [25.52, 25.81], [26.07, 26.37], [26.6, 26.88], [27.19, 27.47], [27.81, 27.86], [28.24, 28.49], [28.72, 29.02], [29.24, 29.57], [29.84, 30.18], [30.34, 30.72], [31.01, 31.31], [31.52, 31.57], [31.68, 31.77]]",bird-mixit+tweetynet
tufduc,Aythya fuligula,xc:590633,xc_590633,0,"[0.999843, 0.0, 0.114386, 0.903316]",0.9998,0.9998,14.89,0.1996,0.4873,0.487191,6,21.78,27.97,6.19,11,4.06,0.3441,"[[21.78, 22.22], [22.47, 22.77], [22.98, 23.81], [24.13, 24.39], [24.48, 24.91], [25.04, 25.42], [25.47, 25.52], [25.81, 26.12], [26.4, 26.75], [26.97, 27.32], [27.61, 27.97]]",bird-mixit+tweetynet
tufduc,Aythya fuligula,xc:792843,xc_792843,3,"[0.0, 0.0, 0.0, 0.934101]",0.9341,0.9341,14.76,0.2791,0.5159,0.481867,0,0.02,4.59,4.57,10,2.57,0.4376,"[[0.02, 0.15], [0.33, 0.61], [0.81, 1.02], [1.23, 1.45], [1.68, 1.89], [2.18, 2.43], [2.77, 3.21], [3.39, 3.7], [3.86, 4.12], [4.33, 4.59]]",bird-mixit+tweetynet
tufduc,Aythya fuligula,xc:361992,xc_361992,0,"[0.998873, 0.041929, 0.419618, 0.154589]",0.9989,0.9989,17.02,0.0656,0.475,0.474491,9,16.83,23.44,6.61,19,4.17,0.3691,"[[16.83, 17.03], [17.24, 17.56], [17.69, 17.79], [17.85, 17.98], [18.07, 18.26], [18.34, 18.58], [18.74, 18.8], [18.86, 18.96], [19.05, 19.13], [19.45, 19.48], [19.54, 19.77], [19.93, 20.37], [20.46, 20.6], [20.74, 20.92], [20.97, 21.0], [21.24, 22.46], [22.53, 22.67], [22.82, 22.97], [23.25, 23.44]]",bird-mixit+tweetynet
tufduc,Aythya fuligula,xc:721000,xc_721000,0,"[0.989732, 0.0, 0.0, 0.0]",0.9897,0.9897,12.49,0.3736,0.4662,0.461401,12,21.65,25.47,3.82,10,2.28,0.4031,"[[21.65, 21.95], [22.17, 22.27], [22.36, 22.65], [22.77, 22.93], [23.32, 23.63], [23.75, 24.27], [24.45, 24.5], [24.73, 24.87], [24.99, 25.18], [25.25, 25.47]]",bird-mixit+tweetynet
tufduc,Aythya fuligula,xc:587228,xc_587228,0,"[0.991929, 0.0, 0.016832, 0.0]",0.9919,0.9919,10.89,0.6418,0.4649,0.461123,13,32.24,34.75,2.51,5,1.48,0.4104,"[[32.24, 32.47], [32.75, 33.04], [33.35, 33.67], [33.88, 34.21], [34.44, 34.75]]",bird-mixit+tweetynet
tufduc,Aythya fuligula,xc:792843,xc_792843,3,"[0.0, 0.0, 0.0, 0.934101]",0.9341,0.9341,13.54,0.3291,0.4936,0.461086,5,17.48,17.65,0.17,1,0.17,0.0,"[[17.48, 17.65]]",bird-mixit+tweetynet
tufduc,Aythya fuligula,xc:590633,xc_590633,0,"[0.999843, 0.0, 0.114386, 0.903316]",0.9998,0.9998,16.58,0.0373,0.4554,0.455284,5,20.46,21.36,0.9,1,0.9,0.0,"[[20.46, 21.36]]",bird-mixit+tweetynet
tufduc,Aythya fuligula,xc:644315,xc_644315,1,"[0.907406, 0.989661, 0.017072, 0.952194]",0.9897,0.9897,17.27,0.0179,0.4573,0.452636,4,8.74,15.96,7.22,23,4.14,0.4266,"[[8.74, 8.82], [8.89, 8.96], [9.07, 9.12], [9.21, 9.25], [9.47, 9.52], [9.6, 9.85], [9.94, 10.08], [10.18, 10.27], [10.48, 10.52], [10.63, 10.79], [11.04, 11.08], [11.33, 11.39], [11.44, 11.63], [11.85, 12.0], [12.05, 12.1], [12.28, 12.45], [12.51, 12.6], [12.85, 13.0], [13.26, 13.29], [13.35, 13.9], [14.0, 14.44], [14.54, 14.72], [14.89, 15.96]]",bird-mixit+tweetynet
tufduc,Aythya fuligula,xc:645091,xc_645091,0,"[0.996146, 0.0, 0.021891, 0.026757]",0.9961,0.9961,14.58,0.124,0.4486,0.446812,61,103.16,104.85,1.69,5,0.98,0.4201,"[[103.16, 103.27], [103.4, 103.46], [103.63, 103.85], [103.96, 104.35], [104.65, 104.85]]",bird-mixit+tweetynet
tufduc,Aythya fuligula,xc:1001506,xc_1001506,0,"[0.991945, 0.097571, 0.0, 0.037497]",0.9919,0.9919,14.55,0.1133,0.4434,0.439771,38,69.95,71.05,1.1,3,0.52,0.5273,"[[69.95, 70.27], [70.53, 70.7], [71.02, 71.05]]",bird-mixit+tweetynet
tufduc,Aythya fuligula,xc:649927,xc_649927,0,"[0.977735, 0.0, 0.0, 0.032344]",0.9777,0.9777,18.01,-0.0207,0.449,0.439023,1,1.8,9.64,7.84,16,5.73,0.2691,"[[1.8, 2.06], [2.23, 2.6], [2.76, 3.75], [3.82, 4.0], [4.2, 4.73], [4.86, 4.92], [5.03, 5.18], [5.34, 5.37], [5.42, 5.51], [5.62, 5.91], [6.05, 6.38], [6.54, 7.09], [7.25, 7.41], [7.62, 8.26], [8.38, 8.91], [9.07, 9.64]]",bird-mixit+tweetynet
tufduc,Aythya fuligula,xc:590633,xc_590633,0,"[0.999843, 0.0, 0.114386, 0.903316]",0.9998,0.9998,20.0,-0.0882,0.4343,0.434183,3,8.8,12.11,3.31,10,2.24,0.3233,"[[8.8, 9.13], [9.2, 9.24], [9.33, 9.58], [9.67, 10.07], [10.17, 10.24], [10.32, 10.66], [10.8, 10.98], [11.23, 11.55], [11.71, 11.75], [11.84, 12.11]]",bird-mixit+tweetynet
tufduc,Aythya fuligula,xc:1041327,xc_1041327,0,"[0.805252, 0.0, 0.0, 0.0]",0.8053,0.8053,17.39,0.1904,0.5367,0.432199,0,0.19,4.39,4.2,10,2.2,0.4762,"[[0.19, 0.28], [0.64, 0.7], [0.78, 1.07], [1.12, 1.23], [1.37, 1.86], [2.03, 2.3], [2.6, 2.86], [3.1, 3.31], [3.68, 3.86], [4.15, 4.39]]",bird-mixit+tweetynet
tufduc,Aythya fuligula,xc:32831,xc_32831,3,"[0.0, 0.018288, 0.0, 0.918858]",0.9189,0.9189,23.85,-0.0668,0.4594,0.42212,5,6.52,10.15,3.63,7,2.08,0.427,"[[6.52, 6.88], [7.25, 7.6], [7.97, 8.29], [8.63, 8.93], [9.29, 9.42], [9.47, 9.58], [9.64, 10.15]]",bird-mixit+tweetynet
tufduc,Aythya fuligula,xc:35211,xc_35211,0,"[0.963611, 0.0, 0.0, 0.0]",0.9636,0.9636,19.45,-0.0759,0.4364,0.420509,1,5.52,7.19,1.67,5,0.75,0.5509,"[[5.52, 5.57], [5.8, 6.07], [6.45, 6.48], [6.55, 6.89], [7.13, 7.19]]",bird-mixit+tweetynet
tufduc,Aythya fuligula,xc:35211,xc_35211,0,"[0.963611, 0.0, 0.0, 0.0]",0.9636,0.9636,23.08,-0.1141,0.4344,0.418554,0,0.02,5.1,5.08,11,2.98,0.4134,"[[0.02, 0.32], [0.42, 1.33], [1.52, 1.57], [1.71, 1.93], [2.27, 2.35], [2.53, 2.82], [3.0, 3.28], [3.55, 3.76], [4.11, 4.46], [4.52, 4.61], [4.9, 5.1]]",bird-mixit+tweetynet
tufduc,Aythya fuligula,xc:431315,xc_431315,0,"[0.984113, 0.0, 0.0, 0.0]",0.9841,0.9841,13.73,0.122,0.4228,0.416053,0,0.02,5.94,5.92,11,4.21,0.2889,"[[0.02, 0.3], [0.48, 0.59], [0.79, 0.94], [1.1, 1.26], [1.42, 1.62], [1.73, 1.92], [2.1, 2.28], [2.45, 3.76], [3.91, 4.14], [4.32, 5.49], [5.71, 5.94]]",bird-mixit+tweetynet
tufduc,Aythya fuligula,xc:488112,xc_488112,0,"[0.409295, 0.037901, 0.052193, 0.793603]",0.4093,0.7936,34.61,0.9982,0.9985,0.408672,344,489.75,491.07,1.32,5,0.86,0.3485,"[[489.75, 489.79], [489.84, 489.96], [490.01, 490.23], [490.33, 490.77], [491.03, 491.07]]",bird-mixit+tweetynet
tufduc,Aythya fuligula,xc:488112,xc_488112,0,"[0.409295, 0.037901, 0.052193, 0.793603]",0.4093,0.7936,28.35,0.997,0.9944,0.407023,356,508.84,509.33,0.49,2,0.32,0.3469,"[[508.84, 509.06], [509.23, 509.33]]",bird-mixit+tweetynet
tufduc,Aythya fuligula,xc:488112,xc_488112,0,"[0.409295, 0.037901, 0.052193, 0.793603]",0.4093,0.7936,26.74,0.9981,0.9925,0.406237,311,429.99,435.5,5.51,8,5.03,0.0871,"[[429.99, 430.27], [430.32, 432.33], [432.38, 433.87], [433.94, 434.09], [434.19, 434.3], [434.37, 434.76], [434.81, 435.33], [435.42, 435.5]]",bird-mixit+tweetynet
tufduc,Aythya fuligula,xc:488112,xc_488112,0,"[0.409295, 0.037901, 0.052193, 0.793603]",0.4093,0.7936,26.45,0.9985,0.9921,0.406068,299,405.66,412.26,6.6,21,4.1,0.3788,"[[405.66, 405.71], [405.79, 405.86], [406.23, 406.27], [406.61, 406.67], [406.84, 406.97], [407.05, 407.1], [407.21, 407.49], [407.61, 407.97], [408.03, 408.2], [408.29, 408.45], [408.51, 408.63], [408.72, 409.11], [409.29, 409.39], [409.52, 410.01], [410.07, 410.28], [410.37, 410.73], [410.84, 410.93], [411.04, 411.24], [411.32, 411.82], [411.9, 411.96], [412.05, 412.26]]",bird-mixit+tweetynet
tufduc,Aythya fuligula,xc:730564,xc_730564,0,"[0.978636, 0.0, 0.0, 0.0]",0.9786,0.9786,13.16,0.1505,0.4146,0.405698,19,54.38,54.68,0.3,1,0.3,0.0,"[[54.38, 54.68]]",bird-mixit+tweetynet
tufduc,Aythya fuligula,xc:587228,xc_587228,0,"[0.991929, 0.0, 0.016832, 0.0]",0.9919,0.9919,14.17,0.0521,0.4088,0.405533,11,23.92,24.18,0.26,1,0.26,0.0,"[[23.92, 24.18]]",bird-mixit+tweetynet
tufduc,Aythya fuligula,xc:488112,xc_488112,0,"[0.409295, 0.037901, 0.052193, 0.793603]",0.4093,0.7936,23.07,0.9934,0.9773,0.400026,180,218.04,218.95,0.91,3,0.42,0.5385,"[[218.04, 218.21], [218.4, 218.53], [218.83, 218.95]]",bird-mixit+tweetynet
tufduc,Aythya fuligula,xc:649927,xc_649927,0,"[0.977735, 0.0, 0.0, 0.032344]",0.9777,0.9777,14.27,0.0428,0.4082,0.399079,2,9.89,17.61,7.72,23,5.23,0.3225,"[[9.89, 10.0], [10.06, 10.12], [10.24, 10.44], [10.53, 10.79], [10.94, 11.13], [11.27, 11.56], [11.64, 11.9], [11.99, 12.28], [12.42, 12.6], [12.68, 12.94], [13.03, 13.34], [13.45, 13.98], [14.2, 14.43], [14.6, 14.76], [14.89, 15.12], [15.3, 15.61], [15.81, 16.01], [16.07, 16.41], [16.49, 16.54], [16.61, 16.81], [16.87, 16.92], [17.0, 17.22], [17.31, 17.61]]",bird-mixit+tweetynet
tufduc,Aythya fuligula,xc:246535,xc_246535,3,"[0.112946, 0.002557, 0.03453, 0.543995]",0.544,0.544,21.7,0.5071,0.7317,0.398039,2,4.86,10.98,6.12,14,3.76,0.3856,"[[4.86, 5.16], [5.22, 5.34], [5.4, 5.65], [6.02, 6.32], [6.67, 7.02], [7.19, 7.98], [8.06, 8.22], [8.27, 8.4], [8.71, 9.04], [9.36, 9.57], [9.69, 9.92], [10.08, 10.14], [10.21, 10.47], [10.71, 10.98]]",bird-mixit+tweetynet
tufduc,Aythya fuligula,xc:730564,xc_730564,0,"[0.978636, 0.0, 0.0, 0.0]",0.9786,0.9786,10.65,0.457,0.3994,0.390825,0,0.14,0.43,0.29,1,0.29,0.0,"[[0.14, 0.43]]",bird-mixit+tweetynet
tufduc,Aythya fuligula,xc:936136,xc_936136,0,"[0.467484, 0.0, 0.0, 0.0]",0.4675,0.4675,17.04,0.87,0.834,0.389894,0,0.5,0.87,0.37,1,0.37,0.0,"[[0.5, 0.87]]",bird-mixit+tweetynet
tufduc,Aythya fuligula,xc:587228,xc_587228,0,"[0.991929, 0.0, 0.016832, 0.0]",0.9919,0.9919,11.9,0.2253,0.3913,0.388103,3,7.17,9.56,2.39,5,1.49,0.3766,"[[7.17, 7.37], [7.61, 7.86], [8.17, 8.57], [8.67, 9.0], [9.25, 9.56]]",bird-mixit+tweetynet
tufduc,Aythya fuligula,xc:83972,xc_83972,0,"[0.998339, 0.013041, 0.0, 0.312833]",0.9983,0.9983,11.91,0.1794,0.377,0.376368,13,45.22,47.06,1.84,3,1.63,0.1141,"[[45.22, 45.59], [45.75, 46.49], [46.54, 47.06]]",bird-mixit+tweetynet
tufduc,Aythya fuligula,xc:645091,xc_645091,0,"[0.996146, 0.0, 0.021891, 0.026757]",0.9961,0.9961,12.93,0.0646,0.376,0.37453,59,94.92,101.57,6.65,15,3.78,0.4316,"[[94.92, 95.12], [95.34, 95.7], [95.94, 96.19], [96.45, 96.69], [96.93, 97.19], [97.31, 97.36], [97.43, 97.73], [97.87, 97.94], [98.1, 98.51], [98.71, 99.06], [99.25, 99.52], [99.81, 99.87], [100.06, 100.19], [100.57, 100.93], [101.1, 101.57]]",bird-mixit+tweetynet
tufduc,Aythya fuligula,xc:730564,xc_730564,0,"[0.978636, 0.0, 0.0, 0.0]",0.9786,0.9786,9.91,0.5144,0.3736,0.365587,9,14.66,15.53,0.87,2,0.57,0.3448,"[[14.66, 14.98], [15.28, 15.53]]",bird-mixit+tweetynet
tufduc,Aythya fuligula,xc:645091,xc_645091,0,"[0.996146, 0.0, 0.021891, 0.026757]",0.9961,0.9961,10.62,0.3213,0.3611,0.35965,51,68.71,71.29,2.58,6,1.63,0.3682,"[[68.71, 68.96], [69.23, 69.51], [69.87, 70.2], [70.26, 70.42], [70.61, 71.0], [71.07, 71.29]]",bird-mixit+tweetynet
tufduc,Aythya fuligula,xc:664190,xc_664190,0,"[0.983891, 0.0, 0.0, 0.02523]",0.9839,0.9839,22.09,-0.2529,0.3639,0.35803,2,1.41,4.8,3.39,6,2.16,0.3628,"[[1.41, 1.85], [1.97, 2.27], [2.66, 3.2], [3.27, 3.31], [3.66, 4.02], [4.32, 4.8]]",bird-mixit+tweetynet
tufduc,Aythya fuligula,xc:138103,xc_138103,0,"[0.98849, 0.0, 0.0, 0.019128]",0.9885,0.9885,17.13,-0.2072,0.3547,0.350599,4,24.5,25.12,0.62,2,0.32,0.4839,"[[24.5, 24.73], [25.03, 25.12]]",bird-mixit+tweetynet
tufduc,Aythya fuligula,xc:645091,xc_645091,0,"[0.996146, 0.0, 0.021891, 0.026757]",0.9961,0.9961,11.43,0.1599,0.3512,0.349869,58,90.44,94.39,3.95,8,2.03,0.4861,"[[90.44, 90.66], [91.0, 91.33], [91.66, 91.89], [92.08, 92.46], [92.79, 93.12], [93.44, 93.61], [93.68, 93.81], [94.15, 94.39]]",bird-mixit+tweetynet
tufduc,Aythya fuligula,xc:530275,xc_530275,0,"[0.64327, 0.020672, 0.0, 0.0]",0.6433,0.6433,14.26,0.3891,0.5433,0.349499,6,10.22,11.1,0.88,1,0.88,0.0,"[[10.22, 11.1]]",bird-mixit+tweetynet
tufduc,Aythya fuligula,xc:645091,xc_645091,0,"[0.996146, 0.0, 0.021891, 0.026757]",0.9961,0.9961,12.22,0.0455,0.3455,0.344147,67,110.8,112.31,1.51,5,0.76,0.4967,"[[110.8, 110.91], [111.19, 111.35], [111.57, 111.66], [111.8, 112.0], [112.11, 112.31]]",bird-mixit+tweetynet
tufduc,Aythya fuligula,xc:523199,xc_523199,0,"[0.937571, 0.0, 0.0, 0.046337]",0.9376,0.9376,9.62,0.5514,0.3656,0.342809,0,0.19,0.93,0.74,2,0.5,0.3243,"[[0.19, 0.48], [0.72, 0.93]]",bird-mixit+tweetynet
tufduc,Aythya fuligula,xc:96339,xc_96339,0,"[0.999682, 0.789732, 0.491628, 0.935069]",0.9997,0.9997,16.59,-0.222,0.3417,0.341579,4,9.1,10.31,1.21,3,0.82,0.3223,"[[9.1, 9.77], [9.93, 10.01], [10.24, 10.31]]",bird-mixit+tweetynet
tufduc,Aythya fuligula,xc:476975,xc_476975,0,"[0.998553, 0.0, 0.0, 0.0]",0.9986,0.9986,10.83,0.2163,0.3416,0.341135,1,6.11,7.95,1.84,4,1.14,0.3804,"[[6.11, 6.26], [6.48, 6.86], [7.09, 7.41], [7.66, 7.95]]",bird-mixit+tweetynet
tufduc,Aythya fuligula,xc:476421,xc_476421,0,"[0.979903, 0.0, 0.0, 0.0]",0.9799,0.9799,12.33,0.023,0.3416,0.334713,0,0.85,7.57,6.72,11,5.28,0.2143,"[[0.85, 2.52], [2.61, 2.78], [2.88, 3.25], [3.39, 4.2], [4.28, 4.63], [4.81, 5.17], [5.28, 5.59], [5.74, 6.04], [6.24, 6.57], [6.77, 7.05], [7.24, 7.57]]",bird-mixit+tweetynet
tufduc,Aythya fuligula,xc:96339,xc_96339,0,"[0.999682, 0.789732, 0.491628, 0.935069]",0.9997,0.9997,9.95,0.3463,0.3342,0.334054,6,12.93,14.0,1.07,1,1.07,0.0,"[[12.93, 14.0]]",bird-mixit+tweetynet
tufduc,Aythya fuligula,xc:1001513,xc_1001513,0,"[0.682117, 0.0, 0.0, 0.0]",0.6821,0.6821,16.83,0.1054,0.4895,0.333913,1,3.65,4.18,0.53,3,0.42,0.2075,"[[3.65, 3.95], [4.01, 4.08], [4.13, 4.18]]",bird-mixit+tweetynet
vartit1,Sittiparus varius,xc:641399,xc_641399,1,"[0.0, 0.999549, 0.0, 0.009992]",0.9995,0.9995,32.72,0.9994,0.9986,0.998117,27,48.26,50.62,2.36,3,2.02,0.1441,"[[48.26, 48.46], [48.64, 49.56], [49.72, 50.62]]",bird-mixit+tweetynet
vartit1,Sittiparus varius,xc:175808,xc_175808,0,"[0.999776, 0.980917, 0.038323, 0.132094]",0.9998,0.9998,31.05,0.9997,0.998,0.997827,1,7.17,12.08,4.91,5,4.39,0.1059,"[[7.17, 7.25], [7.33, 8.14], [8.25, 10.1], [10.19, 10.91], [11.15, 12.08]]",bird-mixit+tweetynet
vartit1,Sittiparus varius,xc:285804,xc_285804,0,"[0.998538, 0.73109, 0.0, 0.820718]",0.9985,0.9985,33.28,1.0,0.9991,0.997569,0,0.66,4.94,4.28,5,3.72,0.1308,"[[0.66, 0.78], [1.14, 1.27], [1.36, 3.19], [3.25, 4.08], [4.13, 4.94]]",bird-mixit+tweetynet
vartit1,Sittiparus varius,xc:641399,xc_641399,1,"[0.0, 0.999549, 0.0, 0.009992]",0.9995,0.9995,30.58,0.9993,0.9976,0.997059,28,51.43,54.05,2.62,4,1.82,0.3053,"[[51.43, 51.73], [52.1, 52.19], [52.36, 52.45], [52.71, 54.05]]",bird-mixit+tweetynet
vartit1,Sittiparus varius,xc:49797,xc_49797,0,"[0.996438, 0.50668, 0.136996, 0.382398]",0.9964,0.9964,45.12,1.0,1.0,0.996356,7,16.43,19.48,3.05,7,2.12,0.3049,"[[16.43, 17.4], [17.62, 17.78], [17.88, 18.2], [18.53, 18.65], [18.73, 18.92], [19.06, 19.09], [19.15, 19.48]]",bird-mixit+tweetynet
vartit1,Sittiparus varius,xc:175808,xc_175808,0,"[0.999776, 0.980917, 0.038323, 0.132094]",0.9998,0.9998,28.43,0.9998,0.9959,0.995746,7,32.1,38.58,6.48,8,5.51,0.1497,"[[32.1, 32.23], [32.29, 33.43], [33.5, 33.6], [33.68, 34.51], [34.58, 35.41], [35.79, 35.95], [36.2, 37.26], [37.32, 38.58]]",bird-mixit+tweetynet
vartit1,Sittiparus varius,xc:175808,xc_175808,0,"[0.999776, 0.980917, 0.038323, 0.132094]",0.9998,0.9998,28.11,0.9997,0.9955,0.995288,6,24.22,31.63,7.41,8,6.59,0.1107,"[[24.22, 26.36], [26.42, 27.57], [27.69, 27.85], [27.9, 28.0], [28.1, 28.93], [29.14, 29.17], [29.38, 31.37], [31.44, 31.63]]",bird-mixit+tweetynet
vartit1,Sittiparus varius,xc:175808,xc_175808,0,"[0.999776, 0.980917, 0.038323, 0.132094]",0.9998,0.9998,26.28,0.9997,0.9924,0.992163,4,16.24,22.96,6.72,6,6.42,0.0446,"[[16.24, 17.21], [17.26, 17.5], [17.57, 17.72], [17.79, 20.11], [20.17, 21.34], [21.39, 22.96]]",bird-mixit+tweetynet
vartit1,Sittiparus varius,xc:285804,xc_285804,0,"[0.998538, 0.73109, 0.0, 0.820718]",0.9985,0.9985,26.65,1.0,0.9933,0.991763,5,13.67,18.37,4.7,4,4.27,0.0915,"[[13.67, 13.72], [14.0, 14.07], [14.13, 16.49], [16.58, 18.37]]",bird-mixit+tweetynet
vartit1,Sittiparus varius,xc:92923,xc_92923,0,"[0.998851, 0.0, 0.0, 0.0]",0.9989,0.9989,26.72,0.9965,0.9917,0.990576,1,3.17,5.57,2.4,6,1.63,0.3208,"[[3.17, 4.14], [4.24, 4.32], [4.6, 5.0], [5.16, 5.25], [5.37, 5.43], [5.54, 5.57]]",bird-mixit+tweetynet
vartit1,Sittiparus varius,xc:581682,xc_581682,0,"[0.999612, 0.113719, 0.0, 0.004937]",0.9996,0.9996,25.58,0.9998,0.9907,0.990275,18,48.13,53.0,4.87,10,3.35,0.3121,"[[48.13, 48.45], [48.62, 48.83], [48.94, 49.19], [49.37, 49.45], [49.52, 49.78], [49.84, 49.93], [50.11, 51.98], [52.35, 52.43], [52.5, 52.56], [52.87, 53.0]]",bird-mixit+tweetynet
vartit1,Sittiparus varius,xc:581682,xc_581682,0,"[0.999612, 0.113719, 0.0, 0.004937]",0.9996,0.9996,24.45,0.9999,0.987,0.986639,26,66.67,70.21,3.54,3,3.13,0.1158,"[[66.67, 66.91], [67.2, 69.95], [70.07, 70.21]]",bird-mixit+tweetynet
vartit1,Sittiparus varius,xc:581682,xc_581682,0,"[0.999612, 0.113719, 0.0, 0.004937]",0.9996,0.9996,24.36,0.9997,0.9865,0.986134,13,30.07,36.0,5.93,9,5.02,0.1535,"[[30.07, 30.27], [30.44, 30.61], [30.68, 30.93], [31.01, 31.28], [31.37, 32.16], [32.23, 32.7], [32.77, 33.25], [33.41, 35.7], [35.9, 36.0]]",bird-mixit+tweetynet
vartit1,Sittiparus varius,xc:414992,xc_414992,1,"[0.190763, 0.985457, 0.053695, 0.034397]",0.9855,0.9855,36.65,0.9999,0.9996,0.985125,20,62.07,69.81,7.74,18,4.35,0.438,"[[62.07, 62.13], [62.33, 62.76], [63.05, 63.12], [63.19, 63.46], [63.82, 64.0], [64.14, 64.28], [64.47, 64.63], [64.75, 64.84], [64.97, 65.0], [65.25, 65.31], [65.43, 65.58], [65.77, 65.82], [66.1, 66.16], [66.21, 66.72], [66.97, 67.0], [67.11, 67.17], [67.55, 69.5], [69.76, 69.81]]",bird-mixit+tweetynet
vartit1,Sittiparus varius,xc:581682,xc_581682,0,"[0.999612, 0.113719, 0.0, 0.004937]",0.9996,0.9996,24.04,0.9999,0.9853,0.984942,17,42.89,46.59,3.7,5,3.16,0.1459,"[[42.89, 43.65], [43.87, 44.06], [44.15, 44.19], [44.33, 44.58], [44.67, 46.59]]",bird-mixit+tweetynet
vartit1,Sittiparus varius,xc:49797,xc_49797,0,"[0.996438, 0.50668, 0.136996, 0.382398]",0.9964,0.9964,24.73,0.9999,0.9881,0.984515,14,27.86,30.87,3.01,4,2.33,0.2259,"[[27.86, 27.98], [28.19, 28.39], [28.57, 28.78], [29.07, 30.87]]",bird-mixit+tweetynet
vartit1,Sittiparus varius,xc:443139,xc_443139,1,"[0.370765, 0.998606, 0.938414, 0.96937]",0.9986,0.9986,24.18,0.9989,0.9855,0.984092,9,26.13,30.1,3.97,8,2.44,0.3854,"[[26.13, 27.57], [27.92, 27.97], [28.02, 28.15], [28.52, 28.72], [28.95, 29.0], [29.31, 29.42], [29.59, 29.63], [29.68, 30.1]]",bird-mixit+tweetynet
vartit1,Sittiparus varius,xc:414992,xc_414992,1,"[0.190763, 0.985457, 0.053695, 0.034397]",0.9855,0.9855,29.32,0.9998,0.9969,0.982405,14,44.33,49.45,5.12,9,3.79,0.2598,"[[44.33, 44.58], [44.81, 44.84], [45.0, 47.12], [47.26, 47.39], [47.55, 47.67], [47.94, 48.29], [48.34, 48.71], [48.85, 49.01], [49.19, 49.45]]",bird-mixit+tweetynet
vartit1,Sittiparus varius,xc:414992,xc_414992,1,"[0.190763, 0.985457, 0.053695, 0.034397]",0.9855,0.9855,28.99,0.9984,0.9959,0.981429,0,0.3,4.29,3.99,9,2.44,0.3885,"[[0.3, 1.13], [1.47, 1.75], [2.14, 2.49], [2.61, 2.66], [2.78, 2.85], [2.97, 3.06], [3.19, 3.32], [3.42, 3.46], [3.69, 4.29]]",bird-mixit+tweetynet
vartit1,Sittiparus varius,xc:408875,xc_408875,0,"[0.996665, 0.129748, 0.0, 0.009819]",0.9967,0.9967,23.92,0.9984,0.9841,0.980831,1,1.22,2.94,1.72,4,1.13,0.343,"[[1.22, 1.52], [1.64, 1.71], [2.1, 2.18], [2.26, 2.94]]",bird-mixit+tweetynet
vartit1,Sittiparus varius,xc:882175,xc_882175,0,"[0.999257, 0.0, 0.0, 0.0]",0.9993,0.9993,22.65,0.9987,0.9774,0.976676,63,87.6,87.93,0.33,2,0.16,0.5152,"[[87.6, 87.71], [87.88, 87.93]]",bird-mixit+tweetynet
vartit1,Sittiparus varius,xc:414992,xc_414992,1,"[0.190763, 0.985457, 0.053695, 0.034397]",0.9855,0.9855,25.58,0.9997,0.9906,0.976245,6,21.21,22.33,1.12,3,0.81,0.2768,"[[21.21, 21.42], [21.47, 21.61], [21.87, 22.33]]",bird-mixit+tweetynet
vartit1,Sittiparus varius,xc:581682,xc_581682,0,"[0.999612, 0.113719, 0.0, 0.004937]",0.9996,0.9996,22.41,0.9999,0.9764,0.975999,28,71.91,75.76,3.85,5,2.98,0.226,"[[71.91, 72.29], [72.5, 72.6], [72.76, 72.79], [73.0, 73.47], [73.76, 75.76]]",bird-mixit+tweetynet
vartit1,Sittiparus varius,xc:641399,xc_641399,1,"[0.0, 0.999549, 0.0, 0.009992]",0.9995,0.9995,21.27,0.9989,0.9665,0.966052,25,45.31,46.94,1.63,2,1.51,0.0736,"[[45.31, 45.92], [46.04, 46.94]]",bird-mixit+tweetynet
vartit1,Sittiparus varius,xc:408875,xc_408875,0,"[0.996665, 0.129748, 0.0, 0.009819]",0.9967,0.9967,21.71,0.9961,0.9691,0.965924,30,54.7,56.12,1.42,3,1.04,0.2676,"[[54.7, 55.33], [55.39, 55.66], [55.98, 56.12]]",bird-mixit+tweetynet
vartit1,Sittiparus varius,xc:175808,xc_175808,0,"[0.999776, 0.980917, 0.038323, 0.132094]",0.9998,0.9998,21.29,0.9975,0.9661,0.965866,0,0.02,6.64,6.62,4,6.34,0.0423,"[[0.02, 0.76], [0.87, 5.4], [5.46, 6.47], [6.58, 6.64]]",bird-mixit+tweetynet
vartit1,Sittiparus varius,xc:843770,xc_843770,0,"[0.997897, 0.074157, 0.0, 0.0]",0.9979,0.9979,20.94,0.9998,0.9637,0.96167,9,18.68,19.1,0.42,2,0.36,0.1429,"[[18.68, 18.98], [19.04, 19.1]]",bird-mixit+tweetynet
vartit1,Sittiparus varius,xc:641399,xc_641399,1,"[0.0, 0.999549, 0.0, 0.009992]",0.9995,0.9995,20.58,0.9992,0.9594,0.958944,24,42.36,44.18,1.82,4,1.48,0.1868,"[[42.36, 42.55], [42.6, 42.85], [42.96, 43.11], [43.29, 44.18]]",bird-mixit+tweetynet
vartit1,Sittiparus varius,xc:408875,xc_408875,0,"[0.996665, 0.129748, 0.0, 0.009819]",0.9967,0.9967,20.67,0.9991,0.9604,0.957231,14,23.21,24.89,1.68,4,1.2,0.2857,"[[23.21, 23.47], [23.56, 23.64], [23.71, 24.44], [24.76, 24.89]]",bird-mixit+tweetynet
vartit1,Sittiparus varius,xc:191040,xc_191040,1,"[0.998276, 0.971195, 0.0, 0.0]",0.9712,0.9983,23.88,0.9995,0.9845,0.956124,0,0.02,3.7,3.68,6,2.62,0.288,"[[0.02, 0.75], [0.85, 0.9], [1.28, 1.57], [1.73, 1.86], [2.12, 2.63], [2.79, 3.7]]",bird-mixit+tweetynet
vartit1,Sittiparus varius,xc:191040,xc_191040,1,"[0.998276, 0.971195, 0.0, 0.0]",0.9712,0.9983,23.49,0.9995,0.9826,0.954309,8,16.03,17.48,1.45,5,0.73,0.4966,"[[16.03, 16.19], [16.44, 16.54], [16.73, 16.89], [17.03, 17.3], [17.44, 17.48]]",bird-mixit+tweetynet
vartit1,Sittiparus varius,xc:94562,xc_94562,1,"[0.0, 0.963136, 0.0, 0.0]",0.9631,0.9631,24.66,1.0,0.9878,0.951392,1,1.55,5.15,3.6,3,3.14,0.1278,"[[1.55, 3.43], [3.6, 4.21], [4.5, 5.15]]",bird-mixit+tweetynet
vartit1,Sittiparus varius,xc:882175,xc_882175,0,"[0.999257, 0.0, 0.0, 0.0]",0.9993,0.9993,20.08,0.9967,0.952,0.951363,28,44.74,45.86,1.12,4,0.56,0.5,"[[44.74, 44.79], [44.84, 44.92], [45.24, 45.54], [45.73, 45.86]]",bird-mixit+tweetynet
vartit1,Sittiparus varius,xc:49797,xc_49797,0,"[0.996438, 0.50668, 0.136996, 0.382398]",0.9964,0.9964,19.58,0.9999,0.9465,0.943128,15,32.75,37.37,4.62,3,3.96,0.1429,"[[32.75, 34.5], [34.84, 36.98], [37.3, 37.37]]",bird-mixit+tweetynet
vartit1,Sittiparus varius,xc:841029,xc_841029,0,"[0.994305, 0.0, 0.0, 0.0]",0.9943,0.9943,19.48,0.9943,0.9423,0.936973,3,8.8,11.21,2.41,5,1.87,0.2241,"[[8.8, 9.27], [9.34, 9.45], [9.64, 9.79], [9.92, 9.98], [10.13, 11.21]]",bird-mixit+tweetynet
vartit1,Sittiparus varius,xc:882175,xc_882175,0,"[0.999257, 0.0, 0.0, 0.0]",0.9993,0.9993,18.85,0.9983,0.9335,0.932799,21,37.23,38.28,1.05,4,0.57,0.4571,"[[37.23, 37.34], [37.49, 37.63], [37.89, 37.94], [38.01, 38.28]]",bird-mixit+tweetynet
vartit1,Sittiparus varius,xc:804328,xc_804328,0,"[0.932348, 0.392925, 0.03491, 0.132321]",0.9323,0.9323,34.22,1.0,0.9993,0.931644,6,28.0,32.43,4.43,3,4.12,0.07,"[[28.0, 29.7], [29.82, 32.2], [32.39, 32.43]]",bird-mixit+tweetynet
vartit1,Sittiparus varius,xc:804328,xc_804328,0,"[0.932348, 0.392925, 0.03491, 0.132321]",0.9323,0.9323,34.16,1.0,0.9993,0.931633,2,5.73,11.57,5.84,7,5.15,0.1182,"[[5.73, 6.19], [6.26, 6.69], [6.79, 7.27], [7.41, 7.6], [7.69, 7.83], [7.94, 8.32], [8.5, 11.57]]",bird-mixit+tweetynet
vartit1,Sittiparus varius,xc:804328,xc_804328,0,"[0.932348, 0.392925, 0.03491, 0.132321]",0.9323,0.9323,30.75,1.0,0.998,0.930457,21,70.01,75.54,5.53,2,5.19,0.0615,"[[70.01, 70.47], [70.81, 75.54]]",bird-mixit+tweetynet
vartit1,Sittiparus varius,xc:804328,xc_804328,0,"[0.932348, 0.392925, 0.03491, 0.132321]",0.9323,0.9323,28.66,1.0,0.9963,0.928859,11,44.58,49.92,5.34,5,4.43,0.1704,"[[44.58, 44.93], [45.07, 45.19], [45.29, 49.18], [49.46, 49.5], [49.89, 49.92]]",bird-mixit+tweetynet
vartit1,Sittiparus varius,xc:804328,xc_804328,0,"[0.932348, 0.392925, 0.03491, 0.132321]",0.9323,0.9323,28.58,1.0,0.9962,0.928751,23,79.13,85.25,6.12,9,5.3,0.134,"[[79.13, 82.76], [82.83, 83.13], [83.2, 83.27], [83.33, 83.6], [83.66, 84.03], [84.12, 84.37], [84.43, 84.49], [84.74, 85.03], [85.19, 85.25]]",bird-mixit+tweetynet
vartit1,Sittiparus varius,xc:414992,xc_414992,1,"[0.190763, 0.985457, 0.053695, 0.034397]",0.9855,0.9855,19.27,0.9998,0.9416,0.927916,7,23.72,30.29,6.57,9,4.49,0.3166,"[[23.72, 24.28], [24.68, 24.77], [25.15, 28.04], [28.29, 28.47], [28.67, 28.84], [28.96, 29.13], [29.45, 29.49], [29.78, 29.91], [30.03, 30.29]]",bird-mixit+tweetynet
vartit1,Sittiparus varius,xc:408875,xc_408875,0,"[0.996665, 0.129748, 0.0, 0.009819]",0.9967,0.9967,18.49,0.999,0.9269,0.923874,15,25.79,27.39,1.6,3,1.28,0.2,"[[25.79, 26.0], [26.09, 26.89], [27.12, 27.39]]",bird-mixit+tweetynet
vartit1,Sittiparus varius,xc:191040,xc_191040,1,"[0.998276, 0.971195, 0.0, 0.0]",0.9712,0.9983,19.81,0.9977,0.9489,0.921551,7,15.29,15.71,0.42,2,0.2,0.5238,"[[15.29, 15.42], [15.64, 15.71]]",bird-mixit+tweetynet
vartit1,Sittiparus varius,xc:882175,xc_882175,0,"[0.999257, 0.0, 0.0, 0.0]",0.9993,0.9993,18.02,0.9998,0.9173,0.916636,77,113.14,115.2,2.06,2,1.68,0.1845,"[[113.14, 114.77], [115.15, 115.2]]",bird-mixit+tweetynet
vartit1,Sittiparus varius,xc:882175,xc_882175,0,"[0.999257, 0.0, 0.0, 0.0]",0.9993,0.9993,18.08,0.9969,0.9172,0.916556,36,54.72,58.04,3.32,7,2.07,0.3765,"[[54.72, 54.77], [54.97, 55.05], [55.19, 55.29], [55.44, 56.5], [56.7, 56.86], [57.17, 57.71], [57.96, 58.04]]",bird-mixit+tweetynet
vartit1,Sittiparus varius,inat_api:1724059,inat_api_1724059,1,"[0.0, 0.895468, 0.0, 0.0]",0.8955,0.8955,31.15,0.9989,0.9977,0.893443,0,0.14,8.0,7.86,23,5.82,0.2595,"[[0.14, 0.63], [0.7, 0.75], [0.84, 1.14], [1.2, 1.58], [1.67, 2.87], [2.92, 2.96], [3.03, 3.08], [3.18, 3.22], [3.27, 3.35], [3.47, 3.56], [3.67, 3.7], [3.78, 3.82], [3.92, 4.33], [4.4, 4.45], [4.62, 4.73], [4.89, 5.19], [5.27, 5.42], [5.5, 5.66], [5.71, 5.75], [5.81, 6.56], [6.64, 6.78], [6.84, 7.73], [7.97, 8.0]]",bird-mixit+tweetynet
vartit1,Sittiparus varius,xc:191041,xc_191041,1,"[0.0, 0.910386, 0.0, 0.0]",0.9104,0.9104,22.54,0.9978,0.9762,0.888758,12,15.93,16.25,0.32,2,0.25,0.2188,"[[15.93, 16.0], [16.07, 16.25]]",bird-mixit+tweetynet
vartit1,Sittiparus varius,xc:191041,xc_191041,1,"[0.0, 0.910386, 0.0, 0.0]",0.9104,0.9104,22.25,1.0,0.9752,0.887849,14,18.63,19.31,0.68,1,0.68,0.0,"[[18.63, 19.31]]",bird-mixit+tweetynet
vartit1,Sittiparus varius,xc:443139,xc_443139,1,"[0.370765, 0.998606, 0.938414, 0.96937]",0.9986,0.9986,16.82,0.9979,0.8847,0.883506,12,34.55,37.09,2.54,5,1.86,0.2677,"[[34.55, 34.6], [34.7, 34.75], [34.9, 34.95], [35.27, 36.94], [37.05, 37.09]]",bird-mixit+tweetynet
vartit1,Sittiparus varius,xc:191040,xc_191040,1,"[0.998276, 0.971195, 0.0, 0.0]",0.9712,0.9983,17.66,0.997,0.9073,0.881126,10,19.13,23.37,4.24,10,2.33,0.4505,"[[19.13, 20.34], [20.49, 20.53], [20.87, 20.92], [21.28, 21.42], [21.73, 21.8], [21.89, 22.14], [22.22, 22.46], [22.61, 22.66], [22.8, 23.04], [23.33, 23.37]]",bird-mixit+tweetynet
vartit1,Sittiparus varius,xc:191041,xc_191041,1,"[0.0, 0.910386, 0.0, 0.0]",0.9104,0.9104,20.64,0.9985,0.9598,0.873762,0,0.02,1.85,1.83,6,1.35,0.2623,"[[0.02, 0.85], [0.92, 1.01], [1.21, 1.24], [1.29, 1.37], [1.44, 1.55], [1.64, 1.85]]",bird-mixit+tweetynet
vartit1,Sittiparus varius,xc:408548,xc_408548,0,"[0.99574, 0.0, 0.0, 0.0]",0.9957,0.9957,16.66,0.9907,0.8766,0.872847,0,0.02,5.59,5.57,13,3.82,0.3142,"[[0.02, 0.16], [0.36, 0.44], [0.53, 1.55], [1.6, 1.72], [1.79, 1.95], [2.0, 2.12], [2.39, 2.7], [2.77, 3.0], [3.15, 3.35], [3.72, 3.76], [3.85, 3.91], [4.03, 4.07], [4.29, 5.59]]",bird-mixit+tweetynet
vartit1,Sittiparus varius,xc:775910,xc_775910,0,"[0.999895, 0.132498, 0.012629, 0.0]",0.9999,0.9999,16.4,0.9959,0.8702,0.870149,19,47.33,48.48,1.15,3,1.03,0.1043,"[[47.33, 47.52], [47.58, 47.97], [48.03, 48.48]]",bird-mixit+tweetynet
vartit1,Sittiparus varius,xc:285940,xc_285940,1,"[0.049555, 0.877097, 0.0, 0.06467]",0.8771,0.8771,25.51,0.9998,0.9905,0.868746,1,3.03,4.81,1.78,2,1.71,0.0393,"[[3.03, 3.55], [3.62, 4.81]]",bird-mixit+tweetynet
vartit1,Sittiparus varius,xc:191041,xc_191041,1,"[0.0, 0.910386, 0.0, 0.0]",0.9104,0.9104,20.07,0.9998,0.9534,0.86798,6,8.81,10.55,1.74,3,1.22,0.2989,"[[8.81, 9.23], [9.59, 10.04], [10.2, 10.55]]",bird-mixit+tweetynet
vartit1,Sittiparus varius,xc:285940,xc_285940,1,"[0.049555, 0.877097, 0.0, 0.06467]",0.8771,0.8771,23.66,0.9996,0.9834,0.862582,3,7.93,10.22,2.29,4,1.93,0.1572,"[[7.93, 8.93], [9.11, 9.19], [9.3, 9.91], [9.98, 10.22]]",bird-mixit+tweetynet
vartit1,Sittiparus varius,xc:285940,xc_285940,1,"[0.049555, 0.877097, 0.0, 0.06467]",0.8771,0.8771,22.99,0.9996,0.9799,0.859489,0,0.2,2.37,2.17,2,2.1,0.0323,"[[0.2, 1.28], [1.35, 2.37]]",bird-mixit+tweetynet
vartit1,Sittiparus varius,xc:773240,xc_773240,0,"[0.981976, 0.0, 0.0, 0.015738]",0.982,0.982,16.47,0.9992,0.8742,0.858487,4,18.41,21.6,3.19,3,2.6,0.185,"[[18.41, 20.71], [20.91, 21.16], [21.55, 21.6]]",bird-mixit+tweetynet
vartit1,Sittiparus varius,xc:773240,xc_773240,0,"[0.981976, 0.0, 0.0, 0.015738]",0.982,0.982,16.43,0.9989,0.8728,0.857092,1,6.16,9.97,3.81,6,3.41,0.105,"[[6.16, 7.0], [7.05, 7.75], [7.83, 8.56], [8.62, 9.29], [9.39, 9.51], [9.62, 9.97]]",bird-mixit+tweetynet
vartit1,Sittiparus varius,xc:191041,xc_191041,1,"[0.0, 0.910386, 0.0, 0.0]",0.9104,0.9104,18.77,0.9999,0.9327,0.849156,5,6.44,7.29,0.85,2,0.79,0.0706,"[[6.44, 7.1], [7.16, 7.29]]",bird-mixit+tweetynet
vartit1,Sittiparus varius,xc:285940,xc_285940,1,"[0.049555, 0.877097, 0.0, 0.06467]",0.8771,0.8771,21.08,0.9992,0.9649,0.846271,5,12.67,18.22,5.55,5,4.62,0.1676,"[[12.67, 13.03], [13.21, 14.46], [14.7, 15.43], [15.65, 16.07], [16.36, 18.22]]",bird-mixit+tweetynet
vartit1,Sittiparus varius,xc:856768,xc_856768,0,"[0.884611, 0.703323, 0.0, 0.0]",0.8846,0.8846,20.29,0.9983,0.9556,0.845285,7,16.44,18.97,2.53,4,1.93,0.2372,"[[16.44, 16.62], [16.81, 16.92], [17.22, 17.66], [17.77, 18.97]]",bird-mixit+tweetynet
vartit1,Sittiparus varius,xc:285956,xc_285956,1,"[0.029744, 0.991468, 0.013212, 0.020932]",0.9915,0.9915,15.85,0.9991,0.8522,0.844978,15,50.7,53.65,2.95,5,2.14,0.2746,"[[50.7, 51.19], [51.42, 51.84], [51.91, 51.96], [52.23, 52.82], [53.06, 53.65]]",bird-mixit+tweetynet
vartit1,Sittiparus varius,xc:191040,xc_191040,1,"[0.998276, 0.971195, 0.0, 0.0]",0.9712,0.9983,16.36,0.997,0.8697,0.844614,2,6.75,7.84,1.09,2,0.73,0.3303,"[[6.75, 7.42], [7.78, 7.84]]",bird-mixit+tweetynet
vartit1,Sittiparus varius,xc:407242,xc_407242,3,"[0.003639, 0.634101, 0.011078, 0.873843]",0.8738,0.8738,21.14,1.0,0.9658,0.843955,12,32.44,36.2,3.76,4,2.94,0.2181,"[[32.44, 33.08], [33.45, 34.12], [34.45, 35.99], [36.11, 36.2]]",bird-mixit+tweetynet
vartit1,Sittiparus varius,xc:407242,xc_407242,3,"[0.003639, 0.634101, 0.011078, 0.873843]",0.8738,0.8738,20.99,0.9973,0.9631,0.84152,10,24.88,27.77,2.89,6,2.22,0.2318,"[[24.88, 25.66], [25.81, 26.37], [26.42, 26.57], [26.7, 26.85], [27.0, 27.03], [27.22, 27.77]]",bird-mixit+tweetynet
vartit1,Sittiparus varius,xc:856498,xc_856498,1,"[0.0, 0.830455, 0.0, 0.0]",0.8305,0.8305,38.63,1.0,0.9998,0.830333,12,26.84,27.36,0.52,3,0.35,0.3269,"[[26.84, 26.91], [27.02, 27.1], [27.16, 27.36]]",bird-mixit+tweetynet
vartit1,Sittiparus varius,xc:773240,xc_773240,0,"[0.981976, 0.0, 0.0, 0.015738]",0.982,0.982,15.63,0.999,0.8438,0.828581,2,12.33,15.57,3.24,2,3.14,0.0309,"[[12.33, 14.66], [14.76, 15.57]]",bird-mixit+tweetynet
vartit1,Sittiparus varius,xc:194713,xc_194713,1,"[0.0, 0.844935, 0.0, 0.0]",0.8449,0.8449,22.92,0.9985,0.979,0.827128,2,4.63,6.83,2.2,7,1.32,0.4,"[[4.63, 5.17], [5.29, 5.36], [5.46, 5.67], [5.75, 5.85], [6.13, 6.33], [6.46, 6.54], [6.71, 6.83]]",bird-mixit+tweetynet
vartit1,Sittiparus varius,xc:856498,xc_856498,1,"[0.0, 0.830455, 0.0, 0.0]",0.8305,0.8305,27.31,0.9999,0.9944,0.825848,0,2.57,3.04,0.47,2,0.25,0.4681,"[[2.57, 2.61], [2.83, 3.04]]",bird-mixit+tweetynet
vartit1,Sittiparus varius,xc:286178,xc_286178,1,"[0.0, 0.999468, 0.0, 0.0]",0.9995,0.9995,15.15,1.0,0.8242,0.823801,8,13.11,15.37,2.26,2,2.02,0.1062,"[[13.11, 13.69], [13.93, 15.37]]",bird-mixit+tweetynet
vartit1,Sittiparus varius,xc:797265,xc_797265,0,"[0.970423, 0.0, 0.0, 0.0]",0.9704,0.9704,15.78,0.9969,0.8487,0.823593,7,18.26,18.43,0.17,1,0.17,0.0,"[[18.26, 18.43]]",bird-mixit+tweetynet
vartit1,Sittiparus varius,xc:465880,xc_465880,0,"[0.998405, 0.009609, 0.0, 0.0]",0.9984,0.9984,15.05,0.9997,0.8198,0.818469,4,5.63,9.06,3.43,3,3.14,0.0845,"[[5.63, 5.79], [5.94, 8.5], [8.64, 9.06]]",bird-mixit+tweetynet
vartit1,Sittiparus varius,xc:856498,xc_856498,1,"[0.0, 0.830455, 0.0, 0.0]",0.8305,0.8305,23.19,1.0,0.9812,0.814895,9,18.97,19.3,0.33,1,0.33,0.0,"[[18.97, 19.3]]",bird-mixit+tweetynet
warwhe1,Zosterops japonicus,xc:285712,xc_285712,1,"[0.013723, 0.998076, 0.184109, 0.936983]",0.9981,0.9981,33.32,0.9999,0.999,0.997128,7,31.58,32.41,0.83,4,0.58,0.3012,"[[31.58, 31.63], [31.75, 32.09], [32.16, 32.31], [32.37, 32.41]]",bird-mixit+tweetynet
warwhe1,Zosterops japonicus,xc:219961,xc_219961,0,"[0.998246, 0.0, 0.0, 0.0]",0.9982,0.9982,29.3,0.9999,0.9969,0.995122,17,49.7,50.33,0.63,2,0.54,0.1429,"[[49.7, 49.8], [49.89, 50.33]]",bird-mixit+tweetynet
warwhe1,Zosterops japonicus,xc:285712,xc_285712,1,"[0.013723, 0.998076, 0.184109, 0.936983]",0.9981,0.9981,24.75,0.9997,0.988,0.986157,3,18.28,20.49,2.21,3,1.91,0.1357,"[[18.28, 18.65], [18.79, 19.64], [19.8, 20.49]]",bird-mixit+tweetynet
warwhe1,Zosterops japonicus,xc:286099,xc_286099,0,"[0.986192, 0.610771, 0.157821, 0.066175]",0.9862,0.9862,30.9,0.9998,0.998,0.984251,8,26.4,32.62,6.22,10,4.59,0.2621,"[[26.4, 27.4], [27.67, 27.84], [28.1, 28.31], [28.4, 28.44], [28.57, 28.79], [28.92, 29.05], [29.28, 29.44], [29.57, 30.0], [30.19, 30.34], [30.54, 32.62]]",bird-mixit+tweetynet
warwhe1,Zosterops japonicus,xc:286099,xc_286099,0,"[0.986192, 0.610771, 0.157821, 0.066175]",0.9862,0.9862,29.89,0.9997,0.9973,0.983556,10,37.85,39.13,1.28,3,1.01,0.2109,"[[37.85, 38.1], [38.26, 38.77], [38.88, 39.13]]",bird-mixit+tweetynet
warwhe1,Zosterops japonicus,xc:286099,xc_286099,0,"[0.986192, 0.610771, 0.157821, 0.066175]",0.9862,0.9862,29.23,0.9998,0.9968,0.983049,3,8.69,9.8,1.11,1,1.11,0.0,"[[8.69, 9.8]]",bird-mixit+tweetynet
warwhe1,Zosterops japonicus,xc:286099,xc_286099,0,"[0.986192, 0.610771, 0.157821, 0.066175]",0.9862,0.9862,29.07,0.9991,0.9963,0.98252,16,43.86,45.02,1.16,5,0.69,0.4052,"[[43.86, 43.94], [44.01, 44.07], [44.2, 44.39], [44.44, 44.47], [44.69, 45.02]]",bird-mixit+tweetynet
warwhe1,Zosterops japonicus,xc:155881,xc_155881,0,"[0.998749, 0.0, 0.0, 0.149695]",0.9987,0.9987,23.61,0.9995,0.9831,0.981864,3,12.8,14.09,1.29,5,0.93,0.2791,"[[12.8, 12.92], [13.03, 13.11], [13.22, 13.59], [13.64, 13.86], [13.95, 14.09]]",bird-mixit+tweetynet
warwhe1,Zosterops japonicus,xc:286099,xc_286099,0,"[0.986192, 0.610771, 0.157821, 0.066175]",0.9862,0.9862,28.83,0.9979,0.9955,0.981723,4,10.3,17.11,6.81,14,4.09,0.3994,"[[10.3, 10.44], [10.56, 10.64], [10.93, 11.07], [11.24, 11.3], [11.51, 11.93], [12.17, 12.21], [12.44, 12.95], [13.02, 13.14], [13.36, 13.46], [13.63, 13.74], [14.0, 14.1], [14.4, 16.46], [16.61, 16.78], [17.07, 17.11]]",bird-mixit+tweetynet
warwhe1,Zosterops japonicus,xc:285712,xc_285712,1,"[0.013723, 0.998076, 0.184109, 0.936983]",0.9981,0.9981,22.99,0.9997,0.9799,0.97808,15,66.87,71.99,5.12,12,4.26,0.168,"[[66.87, 67.45], [67.58, 67.95], [68.02, 68.05], [68.14, 68.34], [68.4, 68.56], [68.69, 69.21], [69.26, 69.38], [69.46, 69.56], [69.61, 70.15], [70.2, 71.15], [71.2, 71.77], [71.87, 71.99]]",bird-mixit+tweetynet
warwhe1,Zosterops japonicus,xc:905196,xc_905196,0,"[0.997451, 0.0, 0.0, 0.0]",0.9975,0.9975,22.97,0.9999,0.9799,0.977461,4,16.35,24.19,7.84,15,5.93,0.2436,"[[16.35, 16.45], [16.68, 16.76], [16.81, 17.18], [17.34, 17.68], [17.82, 17.96], [18.18, 18.35], [18.65, 18.71], [18.77, 19.02], [19.26, 21.86], [21.93, 21.96], [22.05, 22.08], [22.16, 22.19], [22.24, 22.84], [22.9, 23.67], [23.83, 24.19]]",bird-mixit+tweetynet
warwhe1,Zosterops japonicus,xc:285712,xc_285712,1,"[0.013723, 0.998076, 0.184109, 0.936983]",0.9981,0.9981,22.51,0.9998,0.977,0.975168,0,1.32,3.93,2.61,3,2.34,0.1034,"[[1.32, 2.07], [2.18, 3.65], [3.81, 3.93]]",bird-mixit+tweetynet
warwhe1,Zosterops japonicus,xc:285712,xc_285712,1,"[0.013723, 0.998076, 0.184109, 0.936983]",0.9981,0.9981,22.4,0.9999,0.9763,0.974424,10,41.51,45.34,3.83,5,3.52,0.0809,"[[41.51, 42.51], [42.58, 43.15], [43.27, 43.53], [43.58, 44.17], [44.24, 45.34]]",bird-mixit+tweetynet
warwhe1,Zosterops japonicus,xc:617434,xc_617434,0,"[0.984116, 0.0, 0.031047, 0.027707]",0.9841,0.9841,25.33,0.9997,0.9899,0.974133,24,65.19,70.62,5.43,10,4.35,0.1989,"[[65.19, 65.3], [65.44, 65.58], [65.68, 67.5], [67.65, 68.22], [68.28, 68.57], [68.68, 68.8], [68.99, 69.35], [69.4, 69.95], [70.07, 70.28], [70.44, 70.62]]",bird-mixit+tweetynet
warwhe1,Zosterops japonicus,xc:155881,xc_155881,0,"[0.998749, 0.0, 0.0, 0.149695]",0.9987,0.9987,22.2,0.9994,0.9746,0.973358,5,16.03,21.85,5.82,13,4.51,0.2251,"[[16.03, 16.12], [16.21, 16.29], [16.54, 16.68], [16.85, 16.89], [17.14, 17.78], [17.88, 18.53], [18.59, 18.67], [18.72, 18.97], [19.03, 19.14], [19.21, 19.61], [19.69, 21.39], [21.45, 21.66], [21.73, 21.85]]",bird-mixit+tweetynet
warwhe1,Zosterops japonicus,xc:617434,xc_617434,0,"[0.984116, 0.0, 0.031047, 0.027707]",0.9841,0.9841,24.72,0.9997,0.988,0.972243,43,125.99,130.54,4.55,7,3.88,0.1473,"[[125.99, 126.06], [126.38, 127.16], [127.22, 128.69], [128.78, 129.67], [129.74, 130.15], [130.2, 130.43], [130.51, 130.54]]",bird-mixit+tweetynet
warwhe1,Zosterops japonicus,xc:617434,xc_617434,0,"[0.984116, 0.0, 0.031047, 0.027707]",0.9841,0.9841,24.48,0.9998,0.9871,0.971384,0,0.02,5.0,4.98,10,3.78,0.241,"[[0.02, 0.11], [0.16, 0.24], [0.39, 0.63], [0.69, 0.84], [0.96, 1.02], [1.26, 2.93], [3.05, 3.75], [4.05, 4.2], [4.27, 4.65], [4.74, 5.0]]",bird-mixit+tweetynet
warwhe1,Zosterops japonicus,xc:617434,xc_617434,0,"[0.984116, 0.0, 0.031047, 0.027707]",0.9841,0.9841,23.98,0.9996,0.985,0.969301,45,136.05,143.55,7.5,19,5.94,0.208,"[[136.05, 136.13], [136.25, 136.41], [136.48, 136.62], [136.7, 136.82], [136.87, 137.02], [137.14, 137.26], [137.33, 137.45], [137.54, 137.84], [137.96, 138.04], [138.15, 138.39], [138.45, 142.01], [142.08, 142.26], [142.35, 142.46], [142.54, 142.58], [142.68, 142.8], [142.86, 143.02], [143.13, 143.25], [143.33, 143.42], [143.5, 143.55]]",bird-mixit+tweetynet
warwhe1,Zosterops japonicus,xc:617434,xc_617434,0,"[0.984116, 0.0, 0.031047, 0.027707]",0.9841,0.9841,22.7,0.9998,0.9783,0.962706,39,105.5,110.08,4.58,10,3.58,0.2183,"[[105.5, 105.76], [105.88, 105.94], [106.04, 106.32], [106.47, 107.0], [107.19, 107.26], [107.35, 108.42], [108.47, 108.69], [108.79, 108.96], [109.06, 109.82], [109.92, 110.08]]",bird-mixit+tweetynet
warwhe1,Zosterops japonicus,xc:155881,xc_155881,0,"[0.998749, 0.0, 0.0, 0.149695]",0.9987,0.9987,20.64,0.9989,0.96,0.958751,9,33.72,37.85,4.13,5,3.77,0.0872,"[[33.72, 33.91], [34.03, 34.24], [34.35, 35.98], [36.04, 36.7], [36.77, 37.85]]",bird-mixit+tweetynet
warwhe1,Zosterops japonicus,xc:156342,xc_156342,0,"[0.961178, 0.0, 0.0, 0.0]",0.9612,0.9612,26.15,0.9996,0.992,0.95348,2,7.65,11.15,3.5,10,2.1,0.4,"[[7.65, 7.73], [7.93, 8.02], [8.27, 8.76], [8.83, 8.92], [9.14, 9.35], [9.59, 9.64], [9.72, 9.8], [9.88, 9.93], [9.98, 10.9], [11.11, 11.15]]",bird-mixit+tweetynet
warwhe1,Zosterops japonicus,xc:59071,xc_59071,0,"[0.999016, 0.0, 0.0, 0.0]",0.999,0.999,20.0,0.9978,0.9515,0.950571,5,20.22,22.41,2.19,8,1.25,0.4292,"[[20.22, 20.4], [20.46, 20.55], [20.71, 20.81], [21.11, 21.31], [21.53, 21.68], [21.77, 21.95], [22.0, 22.16], [22.22, 22.41]]",bird-mixit+tweetynet
warwhe1,Zosterops japonicus,xc:155881,xc_155881,0,"[0.998749, 0.0, 0.0, 0.149695]",0.9987,0.9987,19.74,0.9983,0.9481,0.94688,20,63.77,68.89,5.12,8,4.46,0.1289,"[[63.77, 64.0], [64.09, 64.71], [64.85, 66.54], [66.67, 66.74], [66.8, 67.4], [67.45, 67.7], [67.79, 68.6], [68.7, 68.89]]",bird-mixit+tweetynet
warwhe1,Zosterops japonicus,xc:838968,xc_838968,0,"[0.953702, 0.0057, 0.0, 0.027665]",0.9537,0.9537,26.25,0.9999,0.9924,0.946412,13,17.91,19.05,1.14,3,0.73,0.3596,"[[17.91, 18.36], [18.49, 18.64], [18.92, 19.05]]",bird-mixit+tweetynet
warwhe1,Zosterops japonicus,xc:617346,xc_617346,0,"[0.956606, 0.879902, 0.183057, 0.712277]",0.9566,0.9566,25.02,0.9997,0.9889,0.946,5,18.61,22.85,4.24,5,3.94,0.0708,"[[18.61, 19.84], [19.94, 20.6], [20.67, 21.5], [21.57, 22.75], [22.81, 22.85]]",bird-mixit+tweetynet
warwhe1,Zosterops japonicus,xc:838968,xc_838968,0,"[0.953702, 0.0057, 0.0, 0.027665]",0.9537,0.9537,25.78,1.0,0.9913,0.945379,5,5.45,7.12,1.67,3,1.15,0.3114,"[[5.45, 5.94], [6.07, 6.36], [6.75, 7.12]]",bird-mixit+tweetynet
warwhe1,Zosterops japonicus,xc:838968,xc_838968,0,"[0.953702, 0.0057, 0.0, 0.027665]",0.9537,0.9537,25.74,1.0,0.9912,0.945281,8,10.48,11.24,0.76,2,0.66,0.1316,"[[10.48, 10.67], [10.77, 11.24]]",bird-mixit+tweetynet
warwhe1,Zosterops japonicus,xc:570336,xc_570336,0,"[0.999676, 0.044418, 0.0, 0.0]",0.9997,0.9997,19.49,0.9999,0.9451,0.944814,14,57.53,64.82,7.29,4,7.06,0.0316,"[[57.53, 58.04], [58.13, 59.2], [59.28, 63.8], [63.86, 64.82]]",bird-mixit+tweetynet
warwhe1,Zosterops japonicus,xc:838968,xc_838968,0,"[0.953702, 0.0057, 0.0, 0.027665]",0.9537,0.9537,25.76,0.9988,0.9907,0.944786,10,13.26,14.93,1.67,5,1.02,0.3892,"[[13.26, 13.43], [13.58, 13.62], [13.87, 13.91], [14.1, 14.16], [14.22, 14.93]]",bird-mixit+tweetynet
warwhe1,Zosterops japonicus,xc:59071,xc_59071,0,"[0.999016, 0.0, 0.0, 0.0]",0.999,0.999,19.54,0.9991,0.9455,0.944579,0,0.02,8.01,7.99,18,6.17,0.2278,"[[0.02, 0.1], [0.2, 0.3], [0.35, 0.54], [0.65, 2.19], [2.27, 2.31], [2.42, 2.54], [2.71, 2.81], [2.9, 3.0], [3.11, 4.22], [4.27, 4.46], [4.52, 4.61], [4.86, 5.69], [5.75, 6.34], [6.53, 6.82], [6.91, 7.33], [7.4, 7.5], [7.58, 7.69], [7.84, 8.01]]",bird-mixit+tweetynet
warwhe1,Zosterops japonicus,xc:617346,xc_617346,0,"[0.956606, 0.879902, 0.183057, 0.712277]",0.9566,0.9566,24.19,0.9997,0.9859,0.943096,4,14.69,18.33,3.64,8,3.07,0.1566,"[[14.69, 15.1], [15.16, 16.17], [16.22, 16.54], [16.64, 16.69], [16.74, 16.86], [16.99, 17.81], [17.89, 18.04], [18.14, 18.33]]",bird-mixit+tweetynet
warwhe1,Zosterops japonicus,xc:570336,xc_570336,0,"[0.999676, 0.044418, 0.0, 0.0]",0.9997,0.9997,19.21,1.0,0.9406,0.94028,9,35.15,42.88,7.73,1,7.73,0.0,"[[35.15, 42.88]]",bird-mixit+tweetynet
warwhe1,Zosterops japonicus,xc:797110,xc_797110,1,"[0.24688, 0.994382, 0.004951, 0.146063]",0.9944,0.9944,19.53,0.9991,0.9453,0.940047,4,13.08,17.75,4.67,10,3.79,0.1884,"[[13.08, 13.26], [13.33, 13.42], [13.47, 13.68], [13.73, 14.76], [15.03, 15.4], [15.45, 16.6], [16.66, 16.9], [17.03, 17.21], [17.31, 17.54], [17.64, 17.75]]",bird-mixit+tweetynet
warwhe1,Zosterops japonicus,xc:838968,xc_838968,0,"[0.953702, 0.0057, 0.0, 0.027665]",0.9537,0.9537,24.08,0.999,0.9851,0.939461,15,22.18,23.05,0.87,2,0.78,0.1034,"[[22.18, 22.54], [22.63, 23.05]]",bird-mixit+tweetynet
warwhe1,Zosterops japonicus,xc:155882,xc_155882,0,"[0.968399, 0.237068, 0.103538, 0.053175]",0.9684,0.9684,21.51,0.9975,0.9681,0.937522,17,20.66,21.98,1.32,3,0.73,0.447,"[[20.66, 20.75], [21.0, 21.25], [21.59, 21.98]]",bird-mixit+tweetynet
warwhe1,Zosterops japonicus,xc:617346,xc_617346,0,"[0.956606, 0.879902, 0.183057, 0.712277]",0.9566,0.9566,23.0,0.9994,0.9799,0.937334,1,2.33,10.27,7.94,13,6.4,0.194,"[[2.33, 2.59], [2.65, 2.98], [3.24, 3.82], [3.91, 4.41], [4.61, 5.35], [5.45, 5.54], [5.71, 5.82], [5.98, 6.7], [6.81, 6.97], [7.02, 7.53], [7.69, 8.44], [8.55, 9.39], [9.46, 10.27]]",bird-mixit+tweetynet
warwhe1,Zosterops japonicus,xc:617440,xc_617440,0,"[0.962603, 0.25334, 0.0, 0.0]",0.9626,0.9626,22.01,0.9999,0.9735,0.937045,0,0.02,0.64,0.62,2,0.54,0.129,"[[0.02, 0.17], [0.25, 0.64]]",bird-mixit+tweetynet
warwhe1,Zosterops japonicus,xc:570336,xc_570336,0,"[0.999676, 0.044418, 0.0, 0.0]",0.9997,0.9997,18.94,1.0,0.9359,0.935651,13,49.42,57.35,7.93,6,7.53,0.0504,"[[49.42, 49.5], [49.65, 49.9], [49.95, 52.38], [52.45, 52.61], [52.69, 55.36], [55.41, 57.35]]",bird-mixit+tweetynet
warwhe1,Zosterops japonicus,xc:905196,xc_905196,0,"[0.997451, 0.0, 0.0, 0.0]",0.9975,0.9975,19.02,0.9999,0.9374,0.935016,0,0.35,5.57,5.22,7,4.64,0.1111,"[[0.35, 1.0], [1.11, 4.04], [4.22, 4.55], [4.61, 4.9], [4.96, 5.14], [5.21, 5.41], [5.51, 5.57]]",bird-mixit+tweetynet
warwhe1,Zosterops japonicus,xc:915201,xc_915201,1,"[0.983411, 0.982096, 0.213905, 0.210918]",0.9821,0.9834,19.81,0.9995,0.9497,0.932742,0,0.04,1.77,1.73,4,1.3,0.2486,"[[0.04, 0.12], [0.18, 0.42], [0.67, 1.21], [1.33, 1.77]]",bird-mixit+tweetynet
warwhe1,Zosterops japonicus,xc:155881,xc_155881,0,"[0.998749, 0.0, 0.0, 0.149695]",0.9987,0.9987,18.84,0.9994,0.9339,0.932708,7,25.54,29.56,4.02,4,3.81,0.0522,"[[25.54, 25.89], [25.98, 26.09], [26.16, 27.31], [27.36, 29.56]]",bird-mixit+tweetynet
warwhe1,Zosterops japonicus,xc:617440,xc_617440,0,"[0.962603, 0.25334, 0.0, 0.0]",0.9626,0.9626,21.24,0.9996,0.9666,0.930481,1,1.11,3.32,2.21,6,1.37,0.3801,"[[1.11, 1.15], [1.25, 1.65], [1.99, 2.06], [2.28, 2.34], [2.45, 2.67], [2.74, 3.32]]",bird-mixit+tweetynet
warwhe1,Zosterops japonicus,xc:617346,xc_617346,0,"[0.956606, 0.879902, 0.183057, 0.712277]",0.9566,0.9566,21.74,0.9996,0.9712,0.929009,0,0.03,1.69,1.66,1,1.66,0.0,"[[0.03, 1.69]]",bird-mixit+tweetynet
warwhe1,Zosterops japonicus,xc:617446,xc_617446,0,"[0.9358, 0.040782, 0.507712, 0.265109]",0.9358,0.9358,25.94,0.9997,0.9915,0.927884,0,0.03,3.1,3.07,8,1.64,0.4658,"[[0.03, 0.16], [0.31, 0.37], [0.44, 0.97], [1.06, 1.32], [1.66, 1.78], [2.15, 2.45], [2.53, 2.7], [3.03, 3.1]]",bird-mixit+tweetynet
warwhe1,Zosterops japonicus,xc:285872,xc_285872,0,"[0.991411, 0.009457, 0.0, 0.0]",0.9914,0.9914,18.92,0.9998,0.9356,0.927534,2,8.07,14.34,6.27,11,4.9,0.2185,"[[8.07, 8.58], [8.67, 11.3], [11.45, 11.68], [11.96, 12.17], [12.28, 12.71], [12.79, 13.0], [13.1, 13.23], [13.38, 13.61], [13.72, 13.84], [13.96, 14.01], [14.19, 14.34]]",bird-mixit+tweetynet
warwhe1,Zosterops japonicus,xc:156342,xc_156342,0,"[0.961178, 0.0, 0.0, 0.0]",0.9612,0.9612,20.82,0.9997,0.9624,0.925062,0,0.02,3.09,3.07,8,2.19,0.2866,"[[0.02, 0.12], [0.26, 0.35], [0.42, 0.58], [0.81, 1.0], [1.21, 1.27], [1.35, 1.54], [1.62, 2.13], [2.2, 3.09]]",bird-mixit+tweetynet
warwhe1,Zosterops japonicus,xc:466095,xc_466095,1,"[0.128699, 0.988593, 0.022683, 0.937411]",0.9886,0.9886,18.92,0.9996,0.9354,0.924759,12,39.7,41.83,2.13,4,1.43,0.3286,"[[39.7, 40.14], [40.45, 40.97], [41.08, 41.43], [41.71, 41.83]]",bird-mixit+tweetynet
warwhe1,Zosterops japonicus,xc:205833,xc_205833,1,"[0.0, 0.927929, 0.0, 0.0]",0.9279,0.9279,28.56,0.9997,0.996,0.92421,3,5.41,9.99,4.58,10,3.19,0.3035,"[[5.41, 5.54], [5.6, 5.78], [5.83, 5.92], [6.16, 6.41], [6.54, 7.0], [7.14, 7.26], [7.38, 7.68], [7.97, 8.0], [8.14, 9.64], [9.86, 9.99]]",bird-mixit+tweetynet
warwhe1,Zosterops japonicus,xc:576719,xc_576719,0,"[0.971191, 0.064351, 0.0, 0.0]",0.9712,0.9712,19.96,0.9991,0.9516,0.924171,2,15.15,22.72,7.57,12,5.86,0.2259,"[[15.15, 17.33], [17.7, 17.83], [17.92, 18.53], [18.59, 19.1], [19.2, 19.53], [19.58, 19.69], [19.79, 21.01], [21.1, 21.54], [21.7, 21.76], [22.13, 22.25], [22.46, 22.5], [22.61, 22.72]]",bird-mixit+tweetynet
warwhe1,Zosterops japonicus,xc:617446,xc_617446,0,"[0.9358, 0.040782, 0.507712, 0.265109]",0.9358,0.9358,24.35,0.9999,0.9866,0.923289,3,6.69,9.18,2.49,7,1.56,0.3735,"[[6.69, 6.78], [6.92, 7.05], [7.27, 8.13], [8.42, 8.61], [8.66, 8.72], [8.87, 9.02], [9.1, 9.18]]",bird-mixit+tweetynet
warwhe1,Zosterops japonicus,xc:155882,xc_155882,0,"[0.968399, 0.237068, 0.103538, 0.053175]",0.9684,0.9684,20.08,0.9989,0.9531,0.922996,10,12.97,13.77,0.8,2,0.66,0.175,"[[12.97, 13.17], [13.31, 13.77]]",bird-mixit+tweetynet
warwhe1,Zosterops japonicus,xc:208165,xc_208165,0,"[0.923837, 0.946076, 0.067198, 0.336396]",0.9238,0.9461,33.23,1.0,0.999,0.922911,1,2.78,4.84,2.06,3,1.83,0.1117,"[[2.78, 4.29], [4.39, 4.55], [4.68, 4.84]]",bird-mixit+tweetynet
warwhe1,Zosterops japonicus,xc:208165,xc_208165,0,"[0.923837, 0.946076, 0.067198, 0.336396]",0.9238,0.9461,27.85,1.0,0.9953,0.919435,0,0.02,2.45,2.43,5,2.03,0.1646,"[[0.02, 0.65], [0.71, 0.74], [0.85, 0.98], [1.1, 2.04], [2.15, 2.45]]",bird-mixit+tweetynet
warwhe1,Zosterops japonicus,xc:617346,xc_617346,0,"[0.956606, 0.879902, 0.183057, 0.712277]",0.9566,0.9566,20.47,0.9994,0.9583,0.916679,3,11.07,14.2,3.13,6,2.43,0.2236,"[[11.07, 11.72], [11.78, 12.05], [12.11, 12.37], [12.58, 12.79], [12.87, 13.41], [13.7, 14.2]]",bird-mixit+tweetynet
warwhe1,Zosterops japonicus,xc:466095,xc_466095,1,"[0.128699, 0.988593, 0.022683, 0.937411]",0.9886,0.9886,18.25,0.9997,0.9222,0.911648,5,17.38,22.65,5.27,8,4.6,0.1271,"[[17.38, 17.46], [17.56, 18.15], [18.2, 18.51], [18.78, 19.36], [19.41, 19.98], [20.05, 20.9], [20.96, 21.94], [22.01, 22.65]]",bird-mixit+tweetynet
warwhe1,Zosterops japonicus,xc:570336,xc_570336,0,"[0.999676, 0.044418, 0.0, 0.0]",0.9997,0.9997,17.74,1.0,0.9107,0.910461,4,11.06,18.06,7.0,3,6.88,0.0171,"[[11.06, 17.17], [17.23, 17.4], [17.46, 18.06]]",bird-mixit+tweetynet
warwhe1,Zosterops japonicus,xc:219961,xc_219961,0,"[0.998246, 0.0, 0.0, 0.0]",0.9982,0.9982,17.77,0.9998,0.9114,0.909797,18,50.82,52.0,1.18,3,0.65,0.4492,"[[50.82, 51.28], [51.64, 51.75], [51.92, 52.0]]",bird-mixit+tweetynet
warwhe1,Zosterops japonicus,xc:570336,xc_570336,0,"[0.999676, 0.044418, 0.0, 0.0]",0.9997,0.9997,17.65,1.0,0.9084,0.908131,8,27.81,35.02,7.21,2,7.16,0.0069,"[[27.81, 34.8], [34.85, 35.02]]",bird-mixit+tweetynet
warwhe1,Zosterops japonicus,xc:617446,xc_617446,0,"[0.9358, 0.040782, 0.507712, 0.265109]",0.9358,0.9358,21.6,0.9982,0.9693,0.907036,1,3.68,4.81,1.13,4,0.92,0.1858,"[[3.68, 4.0], [4.09, 4.34], [4.4, 4.54], [4.6, 4.81]]",bird-mixit+tweetynet
warwhe1,Zosterops japonicus,xc:155882,xc_155882,0,"[0.968399, 0.237068, 0.103538, 0.053175]",0.9684,0.9684,19.0,0.9907,0.9327,0.903261,4,5.06,7.35,2.29,6,1.25,0.4541,"[[5.06, 5.3], [5.67, 5.99], [6.16, 6.3], [6.41, 6.44], [6.61, 6.74], [6.96, 7.35]]",bird-mixit+tweetynet
warwhe1,Zosterops japonicus,xc:617438,xc_617438,0,"[0.98013, 0.650592, 0.615885, 0.783068]",0.9801,0.9801,18.17,0.9997,0.9205,0.902223,5,22.32,27.0,4.68,13,3.48,0.2564,"[[22.32, 22.44], [22.53, 22.65], [22.72, 22.87], [23.04, 23.2], [23.26, 23.56], [23.65, 23.93], [24.03, 25.42], [25.47, 25.95], [26.08, 26.19], [26.26, 26.4], [26.5, 26.56], [26.71, 26.83], [26.95, 27.0]]",bird-mixit+tweetynet
warwhe1,Zosterops japonicus,xc:156342,xc_156342,0,"[0.961178, 0.0, 0.0, 0.0]",0.9612,0.9612,19.05,0.9998,0.9377,0.901357,1,3.58,7.15,3.57,6,2.5,0.2997,"[[3.58, 3.67], [4.0, 4.03], [4.2, 4.42], [4.49, 4.85], [5.06, 5.13], [5.42, 7.15]]",bird-mixit+tweetynet
warwhe1,Zosterops japonicus,xc:466095,xc_466095,1,"[0.128699, 0.988593, 0.022683, 0.937411]",0.9886,0.9886,17.79,0.9999,0.9117,0.901324,2,2.66,7.51,4.85,3,4.68,0.0351,"[[2.66, 4.47], [4.56, 5.19], [5.27, 7.51]]",bird-mixit+tweetynet
warwhe1,Zosterops japonicus,xc:466095,xc_466095,1,"[0.128699, 0.988593, 0.022683, 0.937411]",0.9886,0.9886,17.69,0.9996,0.9092,0.898816,4,12.66,16.95,4.29,9,3.64,0.1515,"[[12.66, 13.16], [13.25, 13.79], [13.89, 14.46], [14.54, 14.74], [14.82, 15.11], [15.22, 15.56], [15.61, 15.73], [15.81, 16.24], [16.3, 16.95]]",bird-mixit+tweetynet
warwhe1,Zosterops japonicus,xc:155882,xc_155882,0,"[0.968399, 0.237068, 0.103538, 0.053175]",0.9684,0.9684,18.45,0.9998,0.9265,0.897227,38,46.97,47.57,0.6,1,0.6,0.0,"[[46.97, 47.57]]",bird-mixit+tweetynet
warwhe1,Zosterops japonicus,xc:617446,xc_617446,0,"[0.9358, 0.040782, 0.507712, 0.265109]",0.9358,0.9358,20.1,0.9992,0.9536,0.892355,2,5.3,6.06,0.76,2,0.47,0.3816,"[[5.3, 5.42], [5.71, 6.06]]",bird-mixit+tweetynet
warwhe1,Zosterops japonicus,xc:617445,xc_617445,0,"[0.992908, 0.0, 0.0, 0.176816]",0.9929,0.9929,17.19,0.9992,0.896,0.889667,6,26.9,31.94,5.04,12,3.53,0.2996,"[[26.9, 27.0], [27.22, 27.52], [27.81, 28.87], [29.01, 29.15], [29.21, 29.28], [29.33, 29.38], [29.5, 29.88], [30.11, 30.53], [30.62, 30.75], [30.8, 30.99], [31.12, 31.17], [31.3, 31.94]]",bird-mixit+tweetynet
warwhe1,Zosterops japonicus,xc:155882,xc_155882,0,"[0.968399, 0.237068, 0.103538, 0.053175]",0.9684,0.9684,18.17,0.9939,0.9177,0.888725,21,25.62,27.8,2.18,5,1.27,0.4174,"[[25.62, 25.82], [25.89, 26.05], [26.12, 26.75], [27.15, 27.34], [27.71, 27.8]]",bird-mixit+tweetynet
warwhe1,Zosterops japonicus,xc:59071,xc_59071,0,"[0.999016, 0.0, 0.0, 0.0]",0.999,0.999,16.98,0.9972,0.8892,0.888283,1,8.36,8.62,0.26,2,0.19,0.2692,"[[8.36, 8.46], [8.53, 8.62]]",bird-mixit+tweetynet
warwhe1,Zosterops japonicus,xc:59071,xc_59071,0,"[0.999016, 0.0, 0.0, 0.0]",0.999,0.999,16.9,0.9993,0.8876,0.886727,4,17.34,19.59,2.25,5,1.65,0.2667,"[[17.34, 17.49], [17.59, 17.95], [18.0, 18.09], [18.2, 18.29], [18.63, 19.59]]",bird-mixit+tweetynet
warwhe1,Zosterops japonicus,xc:993082,xc_993082,0,"[0.998812, 0.0, 0.0, 0.0]",0.9988,0.9988,16.77,1.0,0.8839,0.88283,5,22.54,27.91,5.37,6,4.8,0.1061,"[[22.54, 22.64], [22.72, 23.02], [23.15, 23.66], [23.78, 24.08], [24.2, 24.3], [24.42, 27.91]]",bird-mixit+tweetynet
warwhe1,Zosterops japonicus,xc:806913,xc_806913,0,"[0.880926, 0.333275, 0.164519, 0.042001]",0.8809,0.8809,31.85,1.0,0.9986,0.879643,56,234.07,236.17,2.1,6,1.3,0.381,"[[234.07, 234.24], [234.32, 234.45], [234.58, 234.67], [234.84, 234.9], [235.18, 235.44], [235.58, 236.17]]",bird-mixit+tweetynet
warwhe1,Zosterops japonicus,xc:806913,xc_806913,0,"[0.880926, 0.333275, 0.164519, 0.042001]",0.8809,0.8809,31.75,1.0,0.9985,0.879605,34,140.57,146.71,6.14,9,4.78,0.2215,"[[140.57, 140.67], [140.93, 141.07], [141.43, 141.92], [141.98, 142.36], [142.43, 143.4], [143.45, 143.51], [143.63, 144.0], [144.06, 146.16], [146.54, 146.71]]",bird-mixit+tweetynet
warwhe1,Zosterops japonicus,xc:806913,xc_806913,0,"[0.880926, 0.333275, 0.164519, 0.042001]",0.8809,0.8809,31.39,1.0,0.9984,0.879458,19,77.27,81.85,4.58,5,3.91,0.1463,"[[77.27, 77.82], [78.0, 78.18], [78.31, 79.24], [79.38, 79.64], [79.86, 81.85]]",bird-mixit+tweetynet
warwhe1,Zosterops japonicus,xc:806913,xc_806913,0,"[0.880926, 0.333275, 0.164519, 0.042001]",0.8809,0.8809,28.92,1.0,0.9966,0.877885,21,87.96,92.39,4.43,7,3.91,0.1174,"[[87.96, 88.1], [88.17, 88.3], [88.37, 88.46], [88.55, 89.22], [89.27, 89.88], [89.97, 90.0], [90.15, 92.39]]",bird-mixit+tweetynet
whcsta1,Spodiopsar cineraceus,xc:1015974,xc_1015974,0,"[0.861989, 0.003509, 0.0, 0.0]",0.862,0.862,21.66,0.9793,0.9606,0.828035,14,36.83,37.9,1.07,2,0.82,0.2336,"[[36.83, 37.52], [37.77, 37.9]]",bird-mixit+tweetynet
whcsta1,Spodiopsar cineraceus,xc:720178,xc_720178,3,"[0.789986, 0.018109, 0.908448, 0.976399]",0.9764,0.9764,15.55,0.9671,0.8273,0.807727,1,2.5,4.15,1.65,3,1.29,0.2182,"[[2.5, 3.35], [3.66, 4.01], [4.06, 4.15]]",bird-mixit+tweetynet
whcsta1,Spodiopsar cineraceus,xc:840780,xc_840780,0,"[0.797439, 0.0, 0.0, 0.0]",0.7974,0.7974,31.94,0.9989,0.9981,0.795852,22,48.22,50.13,1.91,6,1.16,0.3927,"[[48.22, 48.31], [48.44, 48.47], [48.77, 48.9], [49.01, 49.52], [49.67, 49.77], [49.83, 50.13]]",bird-mixit+tweetynet
whcsta1,Spodiopsar cineraceus,xc:720178,xc_720178,3,"[0.789986, 0.018109, 0.908448, 0.976399]",0.9764,0.9764,15.3,0.9486,0.8093,0.790155,24,43.1,44.09,0.99,3,0.52,0.4747,"[[43.1, 43.47], [43.64, 43.68], [43.98, 44.09]]",bird-mixit+tweetynet
whcsta1,Spodiopsar cineraceus,xc:720178,xc_720178,3,"[0.789986, 0.018109, 0.908448, 0.976399]",0.9764,0.9764,15.07,0.9565,0.8028,0.783893,0,0.02,1.91,1.89,4,1.38,0.2698,"[[0.02, 0.41], [0.49, 0.77], [1.01, 1.21], [1.4, 1.91]]",bird-mixit+tweetynet
whcsta1,Spodiopsar cineraceus,xc:840780,xc_840780,0,"[0.797439, 0.0, 0.0, 0.0]",0.7974,0.7974,23.43,0.9989,0.982,0.783021,21,46.64,47.77,1.13,2,0.76,0.3274,"[[46.64, 46.94], [47.31, 47.77]]",bird-mixit+tweetynet
whcsta1,Spodiopsar cineraceus,xc:840780,xc_840780,0,"[0.797439, 0.0, 0.0, 0.0]",0.7974,0.7974,23.28,0.9986,0.9811,0.782297,20,44.66,46.01,1.35,4,0.87,0.3556,"[[44.66, 44.76], [44.87, 45.32], [45.55, 45.61], [45.75, 46.01]]",bird-mixit+tweetynet
whcsta1,Spodiopsar cineraceus,xc:840780,xc_840780,0,"[0.797439, 0.0, 0.0, 0.0]",0.7974,0.7974,23.56,0.9957,0.9811,0.782293,0,0.04,0.78,0.74,2,0.65,0.1216,"[[0.04, 0.56], [0.65, 0.78]]",bird-mixit+tweetynet
whcsta1,Spodiopsar cineraceus,xc:790703,xc_790703,0,"[0.794032, 0.243365, 0.336332, 0.010868]",0.794,0.794,23.87,0.9923,0.9809,0.778803,6,12.99,15.63,2.64,5,1.88,0.2879,"[[12.99, 13.18], [13.42, 13.64], [13.79, 14.72], [14.99, 15.21], [15.31, 15.63]]",bird-mixit+tweetynet
whcsta1,Spodiopsar cineraceus,xc:840780,xc_840780,0,"[0.797439, 0.0, 0.0, 0.0]",0.7974,0.7974,22.5,0.9967,0.9755,0.777826,23,50.82,54.97,4.15,9,2.64,0.3639,"[[50.82, 50.94], [51.19, 51.49], [51.88, 51.97], [52.07, 52.18], [52.28, 52.69], [52.78, 53.59], [53.69, 53.73], [53.96, 54.56], [54.81, 54.97]]",bird-mixit+tweetynet
whcsta1,Spodiopsar cineraceus,xc:790703,xc_790703,0,"[0.794032, 0.243365, 0.336332, 0.010868]",0.794,0.794,26.46,0.9702,0.9781,0.776595,19,38.5,39.72,1.22,4,0.65,0.4672,"[[38.5, 38.53], [38.78, 38.81], [38.89, 39.13], [39.37, 39.72]]",bird-mixit+tweetynet
whcsta1,Spodiopsar cineraceus,xc:790703,xc_790703,0,"[0.794032, 0.243365, 0.336332, 0.010868]",0.794,0.794,22.46,0.9897,0.9717,0.771538,7,16.26,16.81,0.55,1,0.55,0.0,"[[16.26, 16.81]]",bird-mixit+tweetynet
whcsta1,Spodiopsar cineraceus,xc:790703,xc_790703,0,"[0.794032, 0.243365, 0.336332, 0.010868]",0.794,0.794,22.31,0.9853,0.9685,0.769023,3,8.17,9.93,1.76,5,0.97,0.4489,"[[8.17, 8.23], [8.4, 8.55], [8.78, 9.33], [9.57, 9.64], [9.79, 9.93]]",bird-mixit+tweetynet
whcsta1,Spodiopsar cineraceus,xc:790703,xc_790703,0,"[0.794032, 0.243365, 0.336332, 0.010868]",0.794,0.794,22.67,0.9802,0.9684,0.768932,25,56.47,61.37,4.9,10,3.01,0.3857,"[[56.47, 56.68], [56.97, 57.35], [57.43, 57.49], [57.89, 57.98], [58.1, 58.43], [58.54, 58.7], [59.03, 59.19], [59.33, 59.91], [59.98, 60.78], [61.13, 61.37]]",bird-mixit+tweetynet
whcsta1,Spodiopsar cineraceus,xc:1015974,xc_1015974,0,"[0.861989, 0.003509, 0.0, 0.0]",0.862,0.862,17.68,0.9566,0.8894,0.76666,21,55.52,62.68,7.16,16,4.36,0.3911,"[[55.52, 55.63], [55.81, 56.53], [56.58, 56.68], [56.96, 57.32], [57.55, 58.02], [58.16, 58.25], [58.64, 59.12], [59.19, 59.37], [59.61, 60.0], [60.17, 60.26], [60.43, 60.47], [60.52, 60.89], [61.24, 61.61], [61.8, 61.93], [62.02, 62.2], [62.4, 62.68]]",bird-mixit+tweetynet
whcsta1,Spodiopsar cineraceus,xc:1015974,xc_1015974,0,"[0.861989, 0.003509, 0.0, 0.0]",0.862,0.862,17.83,0.933,0.8823,0.760507,16,40.49,42.26,1.77,6,1.15,0.3503,"[[40.49, 40.8], [40.88, 41.02], [41.11, 41.24], [41.35, 41.68], [41.74, 41.8], [42.08, 42.26]]",bird-mixit+tweetynet
whcsta1,Spodiopsar cineraceus,xc:720178,xc_720178,3,"[0.789986, 0.018109, 0.908448, 0.976399]",0.9764,0.9764,13.94,0.9965,0.7641,0.746084,14,28.26,29.17,0.91,1,0.91,0.0,"[[28.26, 29.17]]",bird-mixit+tweetynet
whcsta1,Spodiopsar cineraceus,xc:1015974,xc_1015974,0,"[0.861989, 0.003509, 0.0, 0.0]",0.862,0.862,17.25,0.9138,0.8592,0.740659,20,49.6,55.01,5.41,10,3.17,0.414,"[[49.6, 49.68], [49.83, 50.29], [50.69, 50.79], [51.15, 51.66], [51.82, 51.95], [52.18, 52.3], [52.58, 53.54], [53.67, 53.8], [54.09, 54.54], [54.78, 55.01]]",bird-mixit+tweetynet
whcsta1,Spodiopsar cineraceus,xc:925223,xc_925223,0,"[0.736502, 0.0, 0.027531, 0.0]",0.7365,0.7365,41.21,0.9996,0.9997,0.736288,20,40.56,44.09,3.53,11,2.01,0.4306,"[[40.56, 40.93], [41.01, 41.16], [41.24, 41.4], [41.49, 41.73], [41.86, 41.94], [42.07, 42.36], [42.47, 42.53], [42.6, 42.98], [43.23, 43.31], [43.64, 43.75], [44.0, 44.09]]",bird-mixit+tweetynet
whcsta1,Spodiopsar cineraceus,xc:925223,xc_925223,0,"[0.736502, 0.0, 0.027531, 0.0]",0.7365,0.7365,43.92,0.9995,0.9997,0.736272,47,76.83,78.2,1.37,2,1.03,0.2482,"[[76.83, 77.0], [77.34, 78.2]]",bird-mixit+tweetynet
whcsta1,Spodiopsar cineraceus,xc:925223,xc_925223,0,"[0.736502, 0.0, 0.027531, 0.0]",0.7365,0.7365,41.06,0.9991,0.9994,0.736088,30,58.11,59.03,0.92,3,0.56,0.3913,"[[58.11, 58.2], [58.38, 58.74], [58.92, 59.03]]",bird-mixit+tweetynet
whcsta1,Spodiopsar cineraceus,xc:925223,xc_925223,0,"[0.736502, 0.0, 0.027531, 0.0]",0.7365,0.7365,38.76,0.9991,0.9994,0.736028,25,51.84,53.49,1.65,4,1.12,0.3212,"[[51.84, 52.35], [52.43, 52.79], [52.89, 52.99], [53.34, 53.49]]",bird-mixit+tweetynet
whcsta1,Spodiopsar cineraceus,xc:925223,xc_925223,0,"[0.736502, 0.0, 0.027531, 0.0]",0.7365,0.7365,39.83,0.9983,0.999,0.735764,22,46.65,48.26,1.61,4,1.2,0.2547,"[[46.65, 47.19], [47.45, 47.6], [47.67, 48.04], [48.12, 48.26]]",bird-mixit+tweetynet
whcsta1,Spodiopsar cineraceus,xc:1015974,xc_1015974,0,"[0.861989, 0.003509, 0.0, 0.0]",0.862,0.862,17.51,0.8488,0.8365,0.721049,3,17.39,20.41,3.02,9,2.23,0.2616,"[[17.39, 18.02], [18.12, 18.24], [18.31, 18.41], [18.53, 18.63], [18.69, 18.92], [19.06, 19.12], [19.23, 19.45], [19.56, 19.67], [19.75, 20.41]]",bird-mixit+tweetynet
whcsta1,Spodiopsar cineraceus,xc:720178,xc_720178,3,"[0.789986, 0.018109, 0.908448, 0.976399]",0.9764,0.9764,13.6,0.9638,0.7331,0.715811,21,38.48,39.4,0.92,2,0.56,0.3913,"[[38.48, 38.75], [39.11, 39.4]]",bird-mixit+tweetynet
whcsta1,Spodiopsar cineraceus,xc:333014,xc_333014,0,"[0.714803, 0.0, 0.01336, 0.0]",0.7148,0.7148,28.02,0.9921,0.9916,0.708789,2,5.15,5.49,0.34,1,0.34,0.0,"[[5.15, 5.49]]",bird-mixit+tweetynet
whcsta1,Spodiopsar cineraceus,xc:333014,xc_333014,0,"[0.714803, 0.0, 0.01336, 0.0]",0.7148,0.7148,26.27,0.9961,0.9905,0.708045,15,29.1,30.01,0.91,3,0.44,0.5165,"[[29.1, 29.16], [29.44, 29.51], [29.7, 30.01]]",bird-mixit+tweetynet
whcsta1,Spodiopsar cineraceus,xc:333014,xc_333014,0,"[0.714803, 0.0, 0.01336, 0.0]",0.7148,0.7148,24.9,0.9756,0.9766,0.698089,9,16.48,17.15,0.67,2,0.32,0.5224,"[[16.48, 16.57], [16.92, 17.15]]",bird-mixit+tweetynet
whcsta1,Spodiopsar cineraceus,xc:333014,xc_333014,0,"[0.714803, 0.0, 0.01336, 0.0]",0.7148,0.7148,21.24,0.9896,0.9618,0.687515,12,23.99,24.35,0.36,1,0.36,0.0,"[[23.99, 24.35]]",bird-mixit+tweetynet
whcsta1,Spodiopsar cineraceus,xc:267614,xc_267614,1,"[0.032659, 0.710553, 0.620094, 0.066374]",0.7106,0.7106,22.46,0.9553,0.9549,0.678549,21,46.04,52.53,6.49,14,3.94,0.3929,"[[46.04, 46.31], [46.68, 47.18], [47.3, 47.51], [47.9, 48.15], [48.27, 48.33], [48.5, 48.56], [48.71, 49.28], [49.67, 50.76], [51.03, 51.19], [51.44, 51.48], [51.59, 51.63], [51.69, 51.74], [51.82, 51.87], [51.94, 52.53]]",bird-mixit+tweetynet
whcsta1,Spodiopsar cineraceus,xc:267614,xc_267614,1,"[0.032659, 0.710553, 0.620094, 0.066374]",0.7106,0.7106,22.42,0.9534,0.9537,0.677723,0,0.03,4.56,4.53,11,3.25,0.2826,"[[0.03, 0.09], [0.25, 0.57], [0.65, 0.74], [0.83, 1.22], [1.38, 2.22], [2.31, 2.39], [2.5, 2.61], [2.69, 2.77], [2.97, 3.03], [3.08, 3.44], [3.7, 4.56]]",bird-mixit+tweetynet
whcsta1,Spodiopsar cineraceus,xc:267614,xc_267614,1,"[0.032659, 0.710553, 0.620094, 0.066374]",0.7106,0.7106,19.75,0.9795,0.9394,0.667527,3,7.57,10.36,2.79,4,2.1,0.2473,"[[7.57, 8.52], [8.78, 9.2], [9.54, 9.65], [9.74, 10.36]]",bird-mixit+tweetynet
whcsta1,Spodiopsar cineraceus,xc:267611,xc_267611,0,"[0.707354, 0.0, 0.0, 0.0]",0.7074,0.7074,19.17,0.997,0.9386,0.663931,0,0.03,3.42,3.39,7,1.81,0.4661,"[[0.03, 0.22], [0.51, 0.92], [1.22, 1.27], [1.47, 1.79], [2.16, 2.24], [2.42, 2.78], [3.02, 3.42]]",bird-mixit+tweetynet
whcsta1,Spodiopsar cineraceus,xc:267614,xc_267614,1,"[0.032659, 0.710553, 0.620094, 0.066374]",0.7106,0.7106,19.44,0.9727,0.9315,0.661897,22,54.06,55.75,1.69,5,1.37,0.1893,"[[54.06, 54.88], [54.95, 55.01], [55.1, 55.16], [55.25, 55.33], [55.4, 55.75]]",bird-mixit+tweetynet
whcsta1,Spodiopsar cineraceus,xc:884936,xc_884936,1,"[0.407857, 0.731898, 0.0, 0.0]",0.7319,0.7319,17.58,0.9927,0.9034,0.66123,20,45.42,48.7,3.28,5,2.6,0.2073,"[[45.42, 45.81], [45.94, 47.52], [47.64, 47.86], [48.24, 48.61], [48.66, 48.7]]",bird-mixit+tweetynet
whcsta1,Spodiopsar cineraceus,xc:267612,xc_267612,0,"[0.66648, 0.0, 0.0, 0.0]",0.6665,0.6665,23.41,0.994,0.9795,0.652811,15,29.56,30.55,0.99,3,0.82,0.1717,"[[29.56, 30.04], [30.16, 30.32], [30.37, 30.55]]",bird-mixit+tweetynet
whcsta1,Spodiopsar cineraceus,xc:267614,xc_267614,1,"[0.032659, 0.710553, 0.620094, 0.066374]",0.7106,0.7106,17.08,0.8892,0.8437,0.599559,5,12.45,14.64,2.19,2,2.11,0.0365,"[[12.45, 13.0], [13.08, 14.64]]",bird-mixit+tweetynet
whcsta1,Spodiopsar cineraceus,xc:267612,xc_267612,0,"[0.66648, 0.0, 0.0, 0.0]",0.6665,0.6665,17.5,0.9849,0.898,0.598491,14,28.05,28.76,0.71,2,0.57,0.1972,"[[28.05, 28.42], [28.56, 28.76]]",bird-mixit+tweetynet
whcsta1,Spodiopsar cineraceus,xc:267612,xc_267612,0,"[0.66648, 0.0, 0.0, 0.0]",0.6665,0.6665,17.12,0.9985,0.8937,0.595684,3,10.48,11.08,0.6,2,0.42,0.3,"[[10.48, 10.52], [10.7, 11.08]]",bird-mixit+tweetynet
whcsta1,Spodiopsar cineraceus,xc:882612,xc_882612,1,"[0.037694, 0.608491, 0.0, 0.20568]",0.6085,0.6085,19.36,0.9855,0.9362,0.569676,17,54.14,57.62,3.48,4,2.8,0.1954,"[[54.14, 56.03], [56.27, 56.5], [56.81, 57.02], [57.15, 57.62]]",bird-mixit+tweetynet
whcsta1,Spodiopsar cineraceus,xc:884936,xc_884936,1,"[0.407857, 0.731898, 0.0, 0.0]",0.7319,0.7319,14.26,0.9787,0.7738,0.566326,6,9.55,17.17,7.62,14,5.39,0.2927,"[[9.55, 10.78], [10.93, 11.67], [11.75, 12.06], [12.14, 12.31], [12.67, 12.97], [13.08, 13.56], [13.72, 14.15], [14.24, 14.43], [14.62, 14.96], [15.27, 15.34], [15.57, 15.61], [15.66, 16.21], [16.51, 16.79], [16.91, 17.17]]",bird-mixit+tweetynet
whcsta1,Spodiopsar cineraceus,xc:267612,xc_267612,0,"[0.66648, 0.0, 0.0, 0.0]",0.6665,0.6665,15.55,0.9933,0.8381,0.558605,13,27.09,27.62,0.53,2,0.41,0.2264,"[[27.09, 27.44], [27.56, 27.62]]",bird-mixit+tweetynet
whcsta1,Spodiopsar cineraceus,xc:884936,xc_884936,1,"[0.407857, 0.731898, 0.0, 0.0]",0.7319,0.7319,13.96,0.9697,0.7548,0.552415,35,70.69,73.2,2.51,5,2.14,0.1474,"[[70.69, 70.88], [70.95, 71.39], [71.45, 71.71], [71.77, 72.39], [72.57, 73.2]]",bird-mixit+tweetynet
whcsta1,Spodiopsar cineraceus,xc:882612,xc_882612,1,"[0.037694, 0.608491, 0.0, 0.20568]",0.6085,0.6085,18.11,0.973,0.9069,0.55182,18,58.17,60.2,2.03,3,1.69,0.1675,"[[58.17, 59.08], [59.26, 59.75], [59.91, 60.2]]",bird-mixit+tweetynet
whcsta1,Spodiopsar cineraceus,xc:267615,xc_267615,0,"[0.651768, 0.071282, 0.178976, 0.281508]",0.6518,0.6518,23.16,0.6769,0.8225,0.536134,5,5.91,8.98,3.07,8,2.14,0.3029,"[[5.91, 6.65], [6.7, 7.11], [7.36, 7.43], [7.49, 7.65], [7.79, 8.0], [8.15, 8.38], [8.55, 8.69], [8.8, 8.98]]",bird-mixit+tweetynet
whcsta1,Spodiopsar cineraceus,xc:267612,xc_267612,0,"[0.66648, 0.0, 0.0, 0.0]",0.6665,0.6665,14.55,0.9964,0.7954,0.530111,9,17.48,20.66,3.18,8,1.61,0.4937,"[[17.48, 17.8], [18.06, 18.11], [18.28, 18.39], [18.54, 18.94], [19.08, 19.16], [19.35, 19.4], [19.78, 20.05], [20.33, 20.66]]",bird-mixit+tweetynet
whcsta1,Spodiopsar cineraceus,xc:267615,xc_267615,0,"[0.651768, 0.071282, 0.178976, 0.281508]",0.6518,0.6518,26.49,0.4432,0.7165,0.467013,6,9.26,17.07,7.81,15,5.9,0.2446,"[[9.26, 11.21], [11.38, 11.57], [11.62, 11.96], [12.06, 12.26], [12.34, 13.23], [13.41, 14.31], [14.37, 14.48], [14.55, 14.66], [14.86, 15.06], [15.26, 15.37], [15.46, 15.55], [15.65, 15.69], [15.94, 16.0], [16.27, 16.95], [17.04, 17.07]]",bird-mixit+tweetynet
whcsta1,Spodiopsar cineraceus,xc:884936,xc_884936,1,"[0.407857, 0.731898, 0.0, 0.0]",0.7319,0.7319,12.89,0.7423,0.6133,0.448852,36,74.35,76.03,1.68,4,1.29,0.2321,"[[74.35, 74.47], [74.61, 75.71], [75.9, 75.94], [76.0, 76.03]]",bird-mixit+tweetynet
whcsta1,Spodiopsar cineraceus,xc:839072,xc_839072,0,"[0.4824, 0.0, 0.0, 0.0]",0.4824,0.4824,18.78,0.9927,0.9296,0.448448,3,13.69,15.85,2.16,3,1.8,0.1667,"[[13.69, 14.41], [14.53, 14.61], [14.85, 15.85]]",bird-mixit+tweetynet
whcsta1,Spodiopsar cineraceus,xc:839072,xc_839072,0,"[0.4824, 0.0, 0.0, 0.0]",0.4824,0.4824,18.79,0.9592,0.9141,0.440978,1,2.5,7.22,4.72,14,2.62,0.4449,"[[2.5, 2.58], [2.74, 2.93], [3.08, 3.45], [3.67, 3.84], [4.08, 4.3], [4.52, 4.68], [4.78, 5.07], [5.16, 5.28], [5.46, 5.53], [5.64, 5.85], [5.91, 6.08], [6.19, 6.45], [6.65, 6.74], [7.0, 7.22]]",bird-mixit+tweetynet
whcsta1,Spodiopsar cineraceus,xc:884936,xc_884936,1,"[0.407857, 0.731898, 0.0, 0.0]",0.7319,0.7319,11.5,0.9429,0.5932,0.434196,0,0.15,1.4,1.25,2,0.88,0.296,"[[0.15, 0.53], [0.9, 1.4]]",bird-mixit+tweetynet
whcsta1,Spodiopsar cineraceus,xc:809875,xc_809875,1,"[0.014114, 0.954997, 0.013892, 0.376438]",0.955,0.955,9.28,0.9762,0.4407,0.420872,35,134.32,142.17,7.85,13,6.03,0.2318,"[[134.32, 135.82], [135.91, 136.48], [136.75, 136.95], [137.05, 137.21], [137.46, 137.88], [137.99, 138.28], [138.33, 138.65], [138.74, 139.18], [139.25, 139.79], [140.04, 140.61], [140.73, 141.15], [141.46, 141.63], [141.74, 142.17]]",bird-mixit+tweetynet
whcsta1,Spodiopsar cineraceus,xc:267615,xc_267615,0,"[0.651768, 0.071282, 0.178976, 0.281508]",0.6518,0.6518,20.14,0.3419,0.6404,0.417388,27,50.67,57.84,7.17,14,5.3,0.2608,"[[50.67, 51.87], [51.97, 52.02], [52.08, 52.38], [52.44, 52.53], [52.6, 52.95], [53.1, 53.63], [53.76, 54.0], [54.2, 54.54], [54.75, 55.08], [55.16, 55.52], [55.75, 56.18], [56.49, 56.77], [56.93, 57.11], [57.22, 57.84]]",bird-mixit+tweetynet
whcsta1,Spodiopsar cineraceus,xc:333014,xc_333014,0,"[0.714803, 0.0, 0.01336, 0.0]",0.7148,0.7148,11.16,0.9905,0.583,0.416754,11,21.16,21.44,0.28,1,0.28,0.0,"[[21.16, 21.44]]",bird-mixit+tweetynet
whcsta1,Spodiopsar cineraceus,xc:146051,xc_146051,0,"[0.480031, 0.166596, 0.0, 0.042634]",0.48,0.48,18.92,0.8409,0.8611,0.413327,6,9.01,9.68,0.67,2,0.5,0.2537,"[[9.01, 9.17], [9.34, 9.68]]",bird-mixit+tweetynet
whcsta1,Spodiopsar cineraceus,xc:809875,xc_809875,1,"[0.014114, 0.954997, 0.013892, 0.376438]",0.955,0.955,8.89,0.9749,0.4122,0.393665,37,148.66,153.21,4.55,9,2.69,0.4088,"[[148.66, 149.06], [149.35, 149.38], [149.68, 149.93], [149.99, 150.06], [150.34, 150.6], [150.91, 151.64], [151.88, 152.17], [152.44, 152.89], [153.0, 153.21]]",bird-mixit+tweetynet
whcsta1,Spodiopsar cineraceus,xc:1027907,xc_1027907,0,"[0.387148, 0.0, 0.0, 0.012566]",0.3871,0.3871,28.94,0.9929,0.9931,0.384422,4,11.3,16.18,4.88,11,3.41,0.3012,"[[11.3, 11.34], [11.49, 12.1], [12.21, 12.63], [12.71, 12.75], [12.86, 13.65], [13.83, 13.97], [14.18, 14.21], [14.37, 14.81], [15.0, 15.18], [15.35, 15.55], [15.66, 16.18]]",bird-mixit+tweetynet
whcsta1,Spodiopsar cineraceus,xc:1027907,xc_1027907,0,"[0.387148, 0.0, 0.0, 0.012566]",0.3871,0.3871,30.95,0.9851,0.9907,0.383494,2,4.45,8.33,3.88,6,3.24,0.1649,"[[4.45, 4.96], [5.1, 5.27], [5.4, 5.95], [6.03, 6.51], [6.65, 7.95], [8.1, 8.33]]",bird-mixit+tweetynet
whcsta1,Spodiopsar cineraceus,xc:1027907,xc_1027907,0,"[0.387148, 0.0, 0.0, 0.012566]",0.3871,0.3871,30.48,0.9845,0.9901,0.383276,9,29.58,32.26,2.68,7,1.88,0.2985,"[[29.58, 29.67], [29.81, 29.94], [30.0, 30.12], [30.22, 31.08], [31.34, 31.82], [31.89, 31.97], [32.14, 32.26]]",bird-mixit+tweetynet
whcsta1,Spodiopsar cineraceus,xc:1027907,xc_1027907,0,"[0.387148, 0.0, 0.0, 0.012566]",0.3871,0.3871,30.26,0.9795,0.9875,0.382258,3,8.85,10.92,2.07,4,1.37,0.3382,"[[8.85, 9.19], [9.46, 9.66], [9.81, 10.23], [10.51, 10.92]]",bird-mixit+tweetynet
whcsta1,Spodiopsar cineraceus,xc:1027907,xc_1027907,0,"[0.387148, 0.0, 0.0, 0.012566]",0.3871,0.3871,24.74,0.9655,0.9711,0.375919,5,16.44,20.43,3.99,6,3.26,0.183,"[[16.44, 17.25], [17.32, 17.46], [17.57, 18.68], [18.77, 18.93], [19.14, 19.66], [19.91, 20.43]]",bird-mixit+tweetynet
whcsta1,Spodiopsar cineraceus,xc:146051,xc_146051,0,"[0.480031, 0.166596, 0.0, 0.042634]",0.48,0.48,14.41,0.9651,0.7758,0.37237,5,6.14,7.88,1.74,4,0.87,0.5,"[[6.14, 6.54], [6.88, 6.93], [7.2, 7.44], [7.7, 7.88]]",bird-mixit+tweetynet
whcsta1,Spodiopsar cineraceus,xc:809875,xc_809875,1,"[0.014114, 0.954997, 0.013892, 0.376438]",0.955,0.955,8.56,0.9745,0.3888,0.3713,38,153.72,155.8,2.08,5,1.42,0.3173,"[[153.72, 153.96], [154.02, 154.28], [154.51, 154.76], [154.84, 155.33], [155.62, 155.8]]",bird-mixit+tweetynet
whcsta1,Spodiopsar cineraceus,xc:882612,xc_882612,1,"[0.037694, 0.608491, 0.0, 0.20568]",0.6085,0.6085,11.52,0.9627,0.6009,0.365664,21,64.13,65.74,1.61,6,0.7,0.5652,"[[64.13, 64.22], [64.41, 64.45], [64.56, 64.59], [64.75, 64.79], [64.95, 65.0], [65.29, 65.74]]",bird-mixit+tweetynet
whcsta1,Spodiopsar cineraceus,xc:267611,xc_267611,0,"[0.707354, 0.0, 0.0, 0.0]",0.7074,0.7074,10.08,0.9936,0.5042,0.356693,3,7.76,8.96,1.2,3,0.74,0.3833,"[[7.76, 8.09], [8.35, 8.43], [8.63, 8.96]]",bird-mixit+tweetynet
whcsta1,Spodiopsar cineraceus,xc:882612,xc_882612,1,"[0.037694, 0.608491, 0.0, 0.20568]",0.6085,0.6085,10.97,0.9865,0.5683,0.34579,15,43.82,50.38,6.56,12,5.32,0.189,"[[43.82, 44.04], [44.13, 44.42], [44.49, 44.62], [44.81, 44.97], [45.09, 46.94], [47.0, 47.09], [47.16, 47.46], [47.52, 47.7], [47.91, 48.11], [48.16, 49.77], [49.86, 49.94], [50.17, 50.38]]",bird-mixit+tweetynet
whcsta1,Spodiopsar cineraceus,xc:267611,xc_267611,0,"[0.707354, 0.0, 0.0, 0.0]",0.7074,0.7074,9.67,0.993,0.4739,0.335265,2,5.87,6.39,0.52,2,0.42,0.1923,"[[5.87, 5.95], [6.05, 6.39]]",bird-mixit+tweetynet
whcsta1,Spodiopsar cineraceus,xc:839072,xc_839072,0,"[0.4824, 0.0, 0.0, 0.0]",0.4824,0.4824,12.75,0.9934,0.6928,0.334206,6,24.42,28.62,4.2,9,3.49,0.169,"[[24.42, 24.56], [24.64, 24.91], [24.96, 25.28], [25.39, 25.62], [25.75, 26.11], [26.17, 26.43], [26.52, 27.22], [27.35, 27.8], [27.86, 28.62]]",bird-mixit+tweetynet
whcsta1,Spodiopsar cineraceus,xc:911480,xc_911480,0,"[0.332553, 0.0, 0.0, 0.0]",0.3326,0.3326,27.05,0.9928,0.9904,0.329418,2,4.23,6.26,2.03,3,1.79,0.1182,"[[4.23, 5.11], [5.19, 5.72], [5.88, 6.26]]",bird-mixit+tweetynet
whcsta1,Spodiopsar cineraceus,xc:839072,xc_839072,0,"[0.4824, 0.0, 0.0, 0.0]",0.4824,0.4824,13.33,0.8625,0.6806,0.328324,2,7.85,12.96,5.11,12,2.97,0.4188,"[[7.85, 7.94], [8.27, 8.44], [8.56, 8.73], [8.84, 8.97], [9.15, 9.56], [9.67, 9.78], [9.98, 10.21], [10.34, 10.83], [11.02, 11.52], [11.87, 12.19], [12.4, 12.54], [12.75, 12.96]]",bird-mixit+tweetynet
whcsta1,Spodiopsar cineraceus,xc:267615,xc_267615,0,"[0.651768, 0.071282, 0.178976, 0.281508]",0.6518,0.6518,12.95,0.4182,0.5021,0.327247,23,46.06,46.51,0.45,2,0.38,0.1556,"[[46.06, 46.12], [46.19, 46.51]]",bird-mixit+tweetynet
whcsta1,Spodiopsar cineraceus,xc:920580,xc_920580,0,"[0.388095, 0.0, 0.0, 0.0]",0.3881,0.3881,15.33,0.9932,0.8291,0.321789,3,5.58,6.42,0.84,2,0.76,0.0952,"[[5.58, 5.92], [6.0, 6.42]]",bird-mixit+tweetynet
whcsta1,Spodiopsar cineraceus,xc:911480,xc_911480,0,"[0.332553, 0.0, 0.0, 0.0]",0.3326,0.3326,19.11,0.998,0.938,0.31197,0,0.06,2.26,2.2,5,1.2,0.4545,"[[0.06, 0.29], [0.57, 0.63], [0.98, 1.18], [1.26, 1.48], [1.77, 2.26]]",bird-mixit+tweetynet
whcsta1,Spodiopsar cineraceus,xc:574136,xc_574136,0,"[0.398279, 0.0, 0.0, 0.0]",0.3983,0.3983,14.29,0.9882,0.7792,0.310357,2,7.27,13.18,5.91,17,3.86,0.3469,"[[7.27, 7.43], [7.52, 7.76], [7.94, 8.0], [8.08, 8.42], [8.53, 8.62], [8.67, 9.13], [9.49, 10.24], [10.45, 10.49], [10.58, 10.68], [10.87, 11.1], [11.17, 11.61], [11.66, 11.77], [12.01, 12.3], [12.4, 12.55], [12.68, 12.76], [12.81, 12.92], [12.97, 13.18]]",bird-mixit+tweetynet
whcsta1,Spodiopsar cineraceus,xc:911480,xc_911480,0,"[0.332553, 0.0, 0.0, 0.0]",0.3326,0.3326,18.46,0.9963,0.9251,0.307685,3,7.45,8.82,1.37,5,0.62,0.5474,"[[7.45, 7.51], [7.67, 7.7], [7.99, 8.03], [8.15, 8.34], [8.52, 8.82]]",bird-mixit+tweetynet
whiwag,Motacilla alba,xc:187183,xc_187183,1,"[0.735647, 0.999247, 0.018324, 0.389483]",0.9992,0.9992,38.3,1.0,0.9998,0.998976,0,0.02,1.21,1.19,2,0.86,0.2773,"[[0.02, 0.25], [0.58, 1.21]]",bird-mixit+tweetynet
whiwag,Motacilla alba,xc:187183,xc_187183,1,"[0.735647, 0.999247, 0.018324, 0.389483]",0.9992,0.9992,37.69,0.9999,0.9997,0.998925,3,3.52,5.78,2.26,8,1.29,0.4292,"[[3.52, 3.65], [3.9, 3.95], [4.06, 4.23], [4.3, 4.72], [4.83, 4.93], [5.13, 5.27], [5.42, 5.47], [5.55, 5.78]]",bird-mixit+tweetynet
whiwag,Motacilla alba,xc:187183,xc_187183,1,"[0.735647, 0.999247, 0.018324, 0.389483]",0.9992,0.9992,37.67,0.9999,0.9997,0.998921,4,6.63,7.68,1.05,4,0.75,0.2857,"[[6.63, 6.95], [7.08, 7.2], [7.27, 7.52], [7.62, 7.68]]",bird-mixit+tweetynet
whiwag,Motacilla alba,xc:1016478,xc_1016478,0,"[0.999302, 0.46852, 0.017375, 0.153929]",0.9993,0.9993,36.4,0.9995,0.9994,0.998673,45,69.35,70.92,1.57,5,0.77,0.5096,"[[69.35, 69.76], [70.14, 70.19], [70.24, 70.3], [70.54, 70.74], [70.87, 70.92]]",bird-mixit+tweetynet
whiwag,Motacilla alba,xc:1016478,xc_1016478,0,"[0.999302, 0.46852, 0.017375, 0.153929]",0.9993,0.9993,34.22,0.9999,0.9992,0.998543,76,145.61,147.39,1.78,6,0.72,0.5955,"[[145.61, 145.97], [146.25, 146.28], [146.54, 146.58], [146.89, 146.97], [147.06, 147.11], [147.23, 147.39]]",bird-mixit+tweetynet
whiwag,Motacilla alba,xc:1016478,xc_1016478,0,"[0.999302, 0.46852, 0.017375, 0.153929]",0.9993,0.9993,34.16,0.9999,0.9992,0.998516,39,57.25,58.41,1.16,5,0.6,0.4828,"[[57.25, 57.3], [57.37, 57.76], [58.0, 58.05], [58.22, 58.29], [58.37, 58.41]]",bird-mixit+tweetynet
whiwag,Motacilla alba,xc:720999,xc_720999,0,"[0.998523, 0.023756, 0.0, 0.0]",0.9985,0.9985,39.67,1.0,0.9998,0.998349,7,14.08,15.08,1.0,3,0.76,0.24,"[[14.08, 14.45], [14.59, 14.81], [14.91, 15.08]]",bird-mixit+tweetynet
whiwag,Motacilla alba,xc:720999,xc_720999,0,"[0.998523, 0.023756, 0.0, 0.0]",0.9985,0.9985,38.4,0.9999,0.9998,0.998269,13,23.58,24.92,1.34,3,1.1,0.1791,"[[23.58, 24.01], [24.13, 24.41], [24.53, 24.92]]",bird-mixit+tweetynet
whiwag,Motacilla alba,xc:720999,xc_720999,0,"[0.998523, 0.023756, 0.0, 0.0]",0.9985,0.9985,37.38,0.9999,0.9997,0.998197,16,29.66,31.94,2.28,7,1.29,0.4342,"[[29.66, 29.78], [29.98, 30.16], [30.24, 30.35], [30.55, 30.89], [31.15, 31.26], [31.44, 31.5], [31.57, 31.94]]",bird-mixit+tweetynet
whiwag,Motacilla alba,xc:720999,xc_720999,0,"[0.998523, 0.023756, 0.0, 0.0]",0.9985,0.9985,36.4,0.9999,0.9996,0.998109,3,9.33,9.98,0.65,1,0.65,0.0,"[[9.33, 9.98]]",bird-mixit+tweetynet
whiwag,Motacilla alba,xc:234882,xc_234882,0,"[0.999117, 0.01753, 0.0, 0.027558]",0.9991,0.9991,33.9,0.9992,0.9989,0.997956,6,11.28,12.6,1.32,4,0.86,0.3485,"[[11.28, 11.5], [11.65, 11.72], [11.93, 12.0], [12.1, 12.6]]",bird-mixit+tweetynet
whiwag,Motacilla alba,xc:489227,xc_489227,0,"[0.998162, 0.014137, 0.0, 0.0]",0.9982,0.9982,38.8,0.9997,0.9997,0.997869,8,10.28,10.67,0.39,1,0.39,0.0,"[[10.28, 10.67]]",bird-mixit+tweetynet
whiwag,Motacilla alba,xc:372062,xc_372062,0,"[0.998412, 0.296034, 0.021051, 0.044012]",0.9984,0.9984,34.72,0.9999,0.9993,0.997747,6,12.56,14.38,1.82,4,1.46,0.1978,"[[12.56, 12.85], [12.91, 13.27], [13.41, 13.74], [13.9, 14.38]]",bird-mixit+tweetynet
whiwag,Motacilla alba,xc:1016478,xc_1016478,0,"[0.999302, 0.46852, 0.017375, 0.153929]",0.9993,0.9993,31.63,0.9999,0.9984,0.997728,78,151.65,154.08,2.43,4,1.77,0.2716,"[[151.65, 152.0], [152.23, 152.62], [153.0, 153.26], [153.31, 154.08]]",bird-mixit+tweetynet
whiwag,Motacilla alba,xc:226128,xc_226128,1,"[0.0, 0.999425, 0.0, 0.0]",0.9994,0.9994,31.73,0.9993,0.9982,0.997568,1,2.79,5.0,2.21,5,1.0,0.5475,"[[2.79, 2.91], [3.21, 3.26], [3.58, 4.06], [4.33, 4.37], [4.69, 5.0]]",bird-mixit+tweetynet
whiwag,Motacilla alba,xc:720999,xc_720999,0,"[0.998523, 0.023756, 0.0, 0.0]",0.9985,0.9985,33.48,0.9998,0.999,0.997539,20,36.59,41.29,4.7,9,3.17,0.3255,"[[36.59, 36.94], [37.19, 37.74], [38.06, 38.65], [38.83, 39.06], [39.31, 39.8], [39.89, 40.16], [40.26, 40.51], [40.6, 40.67], [40.92, 41.29]]",bird-mixit+tweetynet
whiwag,Motacilla alba,xc:1016478,xc_1016478,0,"[0.999302, 0.46852, 0.017375, 0.153929]",0.9993,0.9993,30.99,1.0,0.9981,0.997445,23,29.75,31.21,1.46,4,0.87,0.4041,"[[29.75, 29.82], [29.89, 30.0], [30.29, 30.34], [30.57, 31.21]]",bird-mixit+tweetynet
whiwag,Motacilla alba,xc:187183,xc_187183,1,"[0.735647, 0.999247, 0.018324, 0.389483]",0.9992,0.9992,31.28,0.9998,0.9982,0.997436,8,11.28,12.59,1.31,4,0.67,0.4885,"[[11.28, 11.47], [11.8, 11.86], [11.96, 12.34], [12.55, 12.59]]",bird-mixit+tweetynet
whiwag,Motacilla alba,xc:956443,xc_956443,1,"[0.995429, 0.997879, 0.469498, 0.530012]",0.9979,0.9979,36.09,0.9997,0.9995,0.99736,3,3.53,8.69,5.16,9,3.76,0.2713,"[[3.53, 3.69], [3.93, 4.0], [4.08, 6.21], [6.28, 6.38], [6.63, 6.99], [7.21, 7.42], [7.53, 7.77], [7.89, 8.09], [8.4, 8.69]]",bird-mixit+tweetynet
whiwag,Motacilla alba,xc:956443,xc_956443,1,"[0.995429, 0.997879, 0.469498, 0.530012]",0.9979,0.9979,33.12,0.9999,0.999,0.996895,57,78.46,79.18,0.72,3,0.3,0.5833,"[[78.46, 78.66], [79.01, 79.07], [79.14, 79.18]]",bird-mixit+tweetynet
whiwag,Motacilla alba,xc:487300,xc_487300,0,"[0.997124, 0.0, 0.0, 0.0]",0.9971,0.9971,36.42,1.0,0.9996,0.996731,7,7.96,8.56,0.6,2,0.31,0.4833,"[[7.96, 8.03], [8.32, 8.56]]",bird-mixit+tweetynet
whiwag,Motacilla alba,xc:956443,xc_956443,1,"[0.995429, 0.997879, 0.469498, 0.530012]",0.9979,0.9979,32.57,0.9998,0.9988,0.996678,71,105.54,108.87,3.33,8,1.75,0.4745,"[[105.54, 105.58], [105.64, 105.89], [106.03, 106.2], [106.43, 106.71], [107.01, 107.28], [107.56, 107.75], [107.98, 108.2], [108.54, 108.87]]",bird-mixit+tweetynet
whiwag,Motacilla alba,xc:861059,xc_861059,1,"[0.997147, 0.996671, 0.986339, 0.98157]",0.9967,0.9971,41.85,0.9999,0.9999,0.996583,49,91.68,92.76,1.08,3,0.79,0.2685,"[[91.68, 92.29], [92.37, 92.5], [92.71, 92.76]]",bird-mixit+tweetynet
whiwag,Motacilla alba,xc:956443,xc_956443,1,"[0.995429, 0.997879, 0.469498, 0.530012]",0.9979,0.9979,32.47,0.9997,0.9987,0.996557,40,51.98,52.7,0.72,2,0.36,0.5,"[[51.98, 52.24], [52.6, 52.7]]",bird-mixit+tweetynet
whiwag,Motacilla alba,xc:372062,xc_372062,0,"[0.998412, 0.296034, 0.021051, 0.044012]",0.9984,0.9984,31.38,0.9995,0.9981,0.99653,17,31.98,35.4,3.42,9,1.86,0.4561,"[[31.98, 32.37], [32.42, 32.77], [32.89, 32.93], [33.01, 33.11], [33.34, 33.61], [33.9, 34.1], [34.45, 34.88], [35.2, 35.24], [35.36, 35.4]]",bird-mixit+tweetynet
whiwag,Motacilla alba,xc:63088,xc_63088,0,"[0.996576, 0.0, 0.0, 0.0]",0.9966,0.9966,49.98,0.9998,0.9999,0.996512,1,0.51,0.77,0.26,2,0.17,0.3462,"[[0.51, 0.58], [0.67, 0.77]]",bird-mixit+tweetynet
whiwag,Motacilla alba,xc:861059,xc_861059,1,"[0.997147, 0.996671, 0.986339, 0.98157]",0.9967,0.9971,39.59,0.9999,0.9998,0.996497,97,182.7,184.32,1.62,6,0.97,0.4012,"[[182.7, 182.75], [182.86, 183.01], [183.06, 183.23], [183.29, 183.41], [183.64, 183.68], [183.88, 184.32]]",bird-mixit+tweetynet
whiwag,Motacilla alba,xc:861059,xc_861059,1,"[0.997147, 0.996671, 0.986339, 0.98157]",0.9967,0.9971,38.3,0.9999,0.9998,0.996461,62,118.62,122.6,3.98,6,3.38,0.1508,"[[118.62, 119.18], [119.36, 119.48], [119.56, 119.6], [119.68, 119.84], [120.0, 120.03], [120.13, 122.6]]",bird-mixit+tweetynet
whiwag,Motacilla alba,xc:489227,xc_489227,0,"[0.998162, 0.014137, 0.0, 0.0]",0.9982,0.9982,32.18,0.9991,0.9983,0.996457,9,11.09,11.89,0.8,2,0.44,0.45,"[[11.09, 11.12], [11.48, 11.89]]",bird-mixit+tweetynet
whiwag,Motacilla alba,xc:834916,xc_834916,1,"[0.993307, 0.997653, 0.35119, 0.384645]",0.9977,0.9977,47.64,0.9975,0.9987,0.996452,12,13.79,14.59,0.8,2,0.49,0.3875,"[[13.79, 14.15], [14.46, 14.59]]",bird-mixit+tweetynet
whiwag,Motacilla alba,xc:861059,xc_861059,1,"[0.997147, 0.996671, 0.986339, 0.98157]",0.9967,0.9971,37.68,0.9999,0.9997,0.996412,85,157.84,160.54,2.7,6,2.07,0.2333,"[[157.84, 158.69], [158.76, 158.98], [159.03, 159.28], [159.43, 159.46], [159.52, 159.61], [159.91, 160.54]]",bird-mixit+tweetynet
whiwag,Motacilla alba,xc:861059,xc_861059,1,"[0.997147, 0.996671, 0.986339, 0.98157]",0.9967,0.9971,38.16,0.9998,0.9997,0.996377,38,73.06,76.87,3.81,12,2.56,0.3281,"[[73.06, 73.54], [73.59, 73.65], [73.8, 73.85], [73.91, 74.02], [74.16, 74.6], [74.88, 75.04], [75.11, 75.17], [75.27, 75.73], [75.8, 76.21], [76.35, 76.5], [76.56, 76.67], [76.8, 76.87]]",bird-mixit+tweetynet
whiwag,Motacilla alba,xc:671384,xc_671384,0,"[0.99679, 0.0, 0.0, 0.0]",0.9968,0.9968,34.79,1.0,0.9994,0.996197,3,7.65,7.96,0.31,1,0.31,0.0,"[[7.65, 7.96]]",bird-mixit+tweetynet
whiwag,Motacilla alba,xc:489227,xc_489227,0,"[0.998162, 0.014137, 0.0, 0.0]",0.9982,0.9982,30.71,0.9994,0.9977,0.995921,6,8.26,8.6,0.34,1,0.34,0.0,"[[8.26, 8.6]]",bird-mixit+tweetynet
whiwag,Motacilla alba,xc:803092,xc_803092,0,"[0.998439, 0.9795, 0.381466, 0.958158]",0.9984,0.9984,30.16,0.9997,0.9975,0.99588,29,54.67,55.49,0.82,2,0.63,0.2317,"[[54.67, 55.1], [55.29, 55.49]]",bird-mixit+tweetynet
whiwag,Motacilla alba,xc:63088,xc_63088,0,"[0.996576, 0.0, 0.0, 0.0]",0.9966,0.9966,35.29,0.9995,0.9993,0.995862,2,1.8,2.37,0.57,2,0.46,0.193,"[[1.8, 2.08], [2.19, 2.37]]",bird-mixit+tweetynet
whiwag,Motacilla alba,xc:683064,xc_683064,0,"[0.998711, 0.0, 0.0, 0.0]",0.9987,0.9987,29.52,0.9998,0.997,0.995751,15,22.49,23.96,1.47,5,0.85,0.4218,"[[22.49, 22.75], [22.92, 23.41], [23.52, 23.55], [23.81, 23.84], [23.92, 23.96]]",bird-mixit+tweetynet
whiwag,Motacilla alba,xc:832103,xc_832103,1,"[0.752061, 0.995834, 0.491554, 0.93781]",0.9958,0.9958,50.13,0.9999,0.9999,0.995738,11,24.56,25.8,1.24,4,0.83,0.3306,"[[24.56, 24.89], [25.18, 25.25], [25.31, 25.38], [25.44, 25.8]]",bird-mixit+tweetynet
whiwag,Motacilla alba,xc:671384,xc_671384,0,"[0.99679, 0.0, 0.0, 0.0]",0.9968,0.9968,32.73,0.9999,0.9989,0.995654,1,5.3,5.7,0.4,2,0.34,0.15,"[[5.3, 5.33], [5.39, 5.7]]",bird-mixit+tweetynet
whiwag,Motacilla alba,xc:956443,xc_956443,1,"[0.995429, 0.997879, 0.469498, 0.530012]",0.9979,0.9979,30.97,0.9992,0.9977,0.99563,69,102.51,103.99,1.48,4,0.88,0.4054,"[[102.51, 102.78], [102.88, 103.16], [103.31, 103.57], [103.92, 103.99]]",bird-mixit+tweetynet
whiwag,Motacilla alba,xc:832103,xc_832103,1,"[0.752061, 0.995834, 0.491554, 0.93781]",0.9958,0.9958,46.88,0.9995,0.9997,0.995528,21,35.97,37.08,1.11,3,0.66,0.4054,"[[35.97, 36.06], [36.24, 36.72], [36.99, 37.08]]",bird-mixit+tweetynet
whiwag,Motacilla alba,xc:226128,xc_226128,1,"[0.0, 0.999425, 0.0, 0.0]",0.9994,0.9994,28.5,0.9998,0.996,0.995428,0,0.88,1.94,1.06,3,0.48,0.5472,"[[0.88, 1.0], [1.31, 1.35], [1.62, 1.94]]",bird-mixit+tweetynet
whiwag,Motacilla alba,xc:803092,xc_803092,0,"[0.998439, 0.9795, 0.381466, 0.958158]",0.9984,0.9984,29.4,0.9998,0.9969,0.995352,23,48.1,49.08,0.98,3,0.63,0.3571,"[[48.1, 48.21], [48.44, 48.49], [48.61, 49.08]]",bird-mixit+tweetynet
whiwag,Motacilla alba,xc:503166,xc_503166,0,"[0.996631, 0.0, 0.0, 0.0]",0.9966,0.9966,33.44,0.9992,0.9987,0.995317,1,1.8,2.85,1.05,3,0.47,0.5524,"[[1.8, 1.94], [2.16, 2.45], [2.81, 2.85]]",bird-mixit+tweetynet
whiwag,Motacilla alba,xc:503166,xc_503166,0,"[0.996631, 0.0, 0.0, 0.0]",0.9966,0.9966,32.57,0.9997,0.9987,0.995302,2,3.96,7.17,3.21,6,2.01,0.3738,"[[3.96, 4.24], [4.43, 5.25], [5.47, 5.73], [6.07, 6.33], [6.48, 6.58], [6.88, 7.17]]",bird-mixit+tweetynet
whiwag,Motacilla alba,xc:832103,xc_832103,1,"[0.752061, 0.995834, 0.491554, 0.93781]",0.9958,0.9958,37.83,0.9994,0.9995,0.995253,23,40.51,42.01,1.5,3,1.09,0.2733,"[[40.51, 40.74], [41.05, 41.09], [41.19, 42.01]]",bird-mixit+tweetynet
whiwag,Motacilla alba,xc:832103,xc_832103,1,"[0.752061, 0.995834, 0.491554, 0.93781]",0.9958,0.9958,34.72,0.9998,0.9993,0.995122,14,28.05,28.69,0.64,2,0.48,0.25,"[[28.05, 28.48], [28.64, 28.69]]",bird-mixit+tweetynet
whiwag,Motacilla alba,xc:669876,xc_669876,0,"[0.999205, 0.0, 0.0, 0.0]",0.9992,0.9992,28.49,0.9996,0.9959,0.995104,3,5.32,5.47,0.15,1,0.15,0.0,"[[5.32, 5.47]]",bird-mixit+tweetynet
whiwag,Motacilla alba,xc:489227,xc_489227,0,"[0.998162, 0.014137, 0.0, 0.0]",0.9982,0.9982,29.56,0.9993,0.9968,0.995027,10,12.37,12.83,0.46,2,0.34,0.2609,"[[12.37, 12.48], [12.6, 12.83]]",bird-mixit+tweetynet
whiwag,Motacilla alba,xc:671384,xc_671384,0,"[0.99679, 0.0, 0.0, 0.0]",0.9968,0.9968,31.11,0.9999,0.9982,0.994981,0,0.18,4.41,4.23,9,2.38,0.4374,"[[0.18, 0.31], [0.53, 0.76], [1.04, 1.24], [1.56, 2.06], [2.14, 2.59], [2.66, 2.93], [3.28, 3.54], [3.78, 3.82], [4.11, 4.41]]",bird-mixit+tweetynet
whiwag,Motacilla alba,xc:832103,xc_832103,1,"[0.752061, 0.995834, 0.491554, 0.93781]",0.9958,0.9958,38.99,0.9985,0.9991,0.994874,25,44.91,46.07,1.16,4,0.75,0.3534,"[[44.91, 45.2], [45.36, 45.7], [45.81, 45.9], [46.04, 46.07]]",bird-mixit+tweetynet
whiwag,Motacilla alba,xc:372062,xc_372062,0,"[0.998412, 0.296034, 0.021051, 0.044012]",0.9984,0.9984,28.66,0.9999,0.9963,0.994683,2,2.57,4.73,2.16,6,1.55,0.2824,"[[2.57, 3.38], [3.5, 3.75], [3.94, 3.97], [4.09, 4.12], [4.23, 4.27], [4.34, 4.73]]",bird-mixit+tweetynet
whiwag,Motacilla alba,xc:489227,xc_489227,0,"[0.998162, 0.014137, 0.0, 0.0]",0.9982,0.9982,29.22,0.9987,0.9962,0.994455,3,4.29,4.77,0.48,1,0.48,0.0,"[[4.29, 4.77]]",bird-mixit+tweetynet
whiwag,Motacilla alba,xc:479290,xc_479290,0,"[0.994615, 0.0, 0.0, 0.0]",0.9946,0.9946,44.42,0.9996,0.9997,0.99435,3,1.57,3.42,1.85,5,1.04,0.4378,"[[1.57, 1.93], [2.09, 2.21], [2.59, 2.78], [3.0, 3.3], [3.35, 3.42]]",bird-mixit+tweetynet
whiwag,Motacilla alba,xc:212874,xc_212874,1,"[0.956357, 0.997319, 0.0, 0.0]",0.9973,0.9973,29.57,0.9995,0.997,0.994267,2,3.9,5.06,1.16,5,0.7,0.3966,"[[3.9, 4.06], [4.14, 4.29], [4.46, 4.57], [4.65, 4.82], [4.95, 5.06]]",bird-mixit+tweetynet
whiwag,Motacilla alba,xc:488188,xc_488188,1,"[0.0, 0.994364, 0.0, 0.0]",0.9944,0.9944,38.4,1.0,0.9998,0.994193,0,0.04,0.84,0.8,3,0.37,0.5375,"[[0.04, 0.12], [0.36, 0.4], [0.59, 0.84]]",bird-mixit+tweetynet
whiwag,Motacilla alba,xc:484220,xc_484220,1,"[0.593676, 0.996388, 0.850995, 0.927118]",0.9964,0.9964,36.74,0.9957,0.9975,0.99394,68,94.23,94.66,0.43,1,0.43,0.0,"[[94.23, 94.66]]",bird-mixit+tweetynet
whiwag,Motacilla alba,xc:187183,xc_187183,1,"[0.735647, 0.999247, 0.018324, 0.389483]",0.9992,0.9992,27.5,0.9997,0.9947,0.993859,14,23.79,25.98,2.19,3,1.52,0.3059,"[[23.79, 24.16], [24.47, 25.2], [25.56, 25.98]]",bird-mixit+tweetynet
whiwag,Motacilla alba,xc:803092,xc_803092,0,"[0.998439, 0.9795, 0.381466, 0.958158]",0.9984,0.9984,28.08,0.9993,0.9952,0.993654,25,50.63,52.26,1.63,4,1.29,0.2086,"[[50.63, 50.67], [50.75, 50.79], [50.84, 51.85], [52.06, 52.26]]",bird-mixit+tweetynet
whiwag,Motacilla alba,xc:484220,xc_484220,1,"[0.593676, 0.996388, 0.850995, 0.927118]",0.9964,0.9964,30.46,0.9987,0.9972,0.993604,63,86.11,87.55,1.44,5,0.59,0.5903,"[[86.11, 86.16], [86.36, 86.75], [86.94, 86.98], [87.38, 87.41], [87.47, 87.55]]",bird-mixit+tweetynet
whiwag,Motacilla alba,xc:731463,xc_731463,1,"[0.987122, 0.995913, 0.094809, 0.0]",0.9959,0.9959,37.34,0.9958,0.9977,0.99356,6,17.49,18.72,1.23,5,0.69,0.439,"[[17.49, 17.54], [17.63, 17.78], [17.83, 17.99], [18.27, 18.33], [18.45, 18.72]]",bird-mixit+tweetynet
whiwag,Motacilla alba,xc:731463,xc_731463,1,"[0.987122, 0.995913, 0.094809, 0.0]",0.9959,0.9959,34.09,0.9965,0.9975,0.993421,2,6.12,9.53,3.41,10,2.26,0.3372,"[[6.12, 6.48], [6.63, 6.94], [7.03, 7.28], [7.33, 7.42], [7.47, 8.0], [8.18, 8.27], [8.36, 8.44], [8.55, 8.66], [9.01, 9.37], [9.45, 9.53]]",bird-mixit+tweetynet
whiwag,Motacilla alba,xc:484220,xc_484220,1,"[0.593676, 0.996388, 0.850995, 0.927118]",0.9964,0.9964,32.62,0.9955,0.9966,0.993031,62,83.67,85.62,1.95,5,0.9,0.5385,"[[83.67, 84.02], [84.12, 84.16], [84.47, 84.61], [84.95, 85.24], [85.54, 85.62]]",bird-mixit+tweetynet
whiwag,Motacilla alba,xc:683064,xc_683064,0,"[0.998711, 0.0, 0.0, 0.0]",0.9987,0.9987,26.98,0.9996,0.9937,0.992439,10,14.91,18.16,3.25,9,1.85,0.4308,"[[14.91, 15.01], [15.3, 15.36], [15.42, 15.73], [15.83, 16.41], [16.48, 16.57], [16.72, 16.8], [17.05, 17.58], [17.74, 17.78], [18.1, 18.16]]",bird-mixit+tweetynet
whiwag,Motacilla alba,xc:731463,xc_731463,1,"[0.987122, 0.995913, 0.094809, 0.0]",0.9959,0.9959,32.49,0.9953,0.9965,0.992404,1,0.55,5.64,5.09,15,2.91,0.4283,"[[0.55, 1.34], [1.44, 1.57], [1.68, 2.0], [2.19, 2.25], [2.31, 2.36], [2.45, 2.53], [2.64, 2.92], [3.17, 3.29], [3.39, 3.52], [3.7, 3.89], [4.14, 4.37], [4.52, 4.57], [4.93, 5.03], [5.18, 5.43], [5.51, 5.64]]",bird-mixit+tweetynet
whiwag,Motacilla alba,xc:484220,xc_484220,1,"[0.593676, 0.996388, 0.850995, 0.927118]",0.9964,0.9964,28.31,0.9999,0.9958,0.992245,76,108.04,108.83,0.79,3,0.39,0.5063,"[[108.04, 108.09], [108.16, 108.19], [108.52, 108.83]]",bird-mixit+tweetynet
whiwag,Motacilla alba,xc:683064,xc_683064,0,"[0.998711, 0.0, 0.0, 0.0]",0.9987,0.9987,26.35,0.9999,0.9926,0.991316,18,26.4,27.41,1.01,2,0.71,0.297,"[[26.4, 26.97], [27.27, 27.41]]",bird-mixit+tweetynet
whiwag,Motacilla alba,xc:803092,xc_803092,0,"[0.998439, 0.9795, 0.381466, 0.958158]",0.9984,0.9984,27.02,0.9978,0.9929,0.991306,20,43.26,46.03,2.77,9,1.57,0.4332,"[[43.26, 43.35], [43.43, 43.64], [43.72, 43.93], [44.01, 44.07], [44.4, 44.94], [45.19, 45.28], [45.35, 45.4], [45.49, 45.78], [46.0, 46.03]]",bird-mixit+tweetynet
whiwag,Motacilla alba,xc:484220,xc_484220,1,"[0.593676, 0.996388, 0.850995, 0.927118]",0.9964,0.9964,28.87,0.9967,0.9949,0.991284,73,102.21,105.22,3.01,7,1.51,0.4983,"[[102.21, 102.54], [102.84, 102.91], [103.18, 103.3], [103.61, 103.87], [104.19, 104.27], [104.48, 105.06], [105.15, 105.22]]",bird-mixit+tweetynet
whiwag,Motacilla alba,xc:212874,xc_212874,1,"[0.956357, 0.997319, 0.0, 0.0]",0.9973,0.9973,27.0,0.9999,0.9939,0.991194,4,7.13,14.6,7.47,16,4.71,0.3695,"[[7.13, 7.31], [7.47, 7.64], [7.81, 7.92], [8.28, 8.87], [8.95, 9.13], [9.32, 10.01], [10.33, 10.77], [10.94, 11.04], [11.15, 11.7], [11.78, 12.25], [12.43, 12.51], [12.86, 13.0], [13.16, 13.3], [13.42, 13.54], [13.66, 14.37], [14.56, 14.6]]",bird-mixit+tweetynet
whiwag,Motacilla alba,xc:1045955,xc_1045955,0,"[0.992165, 0.0, 0.0, 0.884709]",0.9922,0.9922,32.97,1.0,0.999,0.991175,0,0.79,1.14,0.35,1,0.35,0.0,"[[0.79, 1.14]]",bird-mixit+tweetynet
whiwag,Motacilla alba,xc:683157,xc_683157,0,"[0.996579, 0.0, 0.0, 0.0]",0.9966,0.9966,28.37,0.9969,0.9944,0.991035,1,2.21,2.81,0.6,2,0.48,0.2,"[[2.21, 2.46], [2.58, 2.81]]",bird-mixit+tweetynet
whiwag,Motacilla alba,xc:503166,xc_503166,0,"[0.996631, 0.0, 0.0, 0.0]",0.9966,0.9966,29.34,0.9944,0.9942,0.990807,0,0.12,0.47,0.35,1,0.35,0.0,"[[0.12, 0.47]]",bird-mixit+tweetynet
whiwag,Motacilla alba,xc:794980,xc_794980,0,"[0.991523, 0.979629, 0.456466, 0.639677]",0.9915,0.9915,35.48,0.999,0.999,0.990521,24,59.1,60.03,0.93,2,0.83,0.1075,"[[59.1, 59.87], [59.97, 60.03]]",bird-mixit+tweetynet
whiwag,Motacilla alba,xc:731463,xc_731463,1,"[0.987122, 0.995913, 0.094809, 0.0]",0.9959,0.9959,31.48,0.9924,0.9946,0.990517,4,15.33,15.83,0.5,2,0.4,0.2,"[[15.33, 15.46], [15.56, 15.83]]",bird-mixit+tweetynet
zitcis1,Cisticola juncidis,xc:468266,xc_468266,1,"[0.0, 0.999886, 0.0, 0.0]",0.9999,0.9999,47.44,1.0,1.0,0.999874,4,4.63,9.11,4.48,13,2.5,0.442,"[[4.63, 4.68], [4.79, 5.0], [5.18, 5.23], [5.48, 5.66], [5.75, 6.05], [6.33, 6.59], [6.82, 7.0], [7.07, 7.25], [7.52, 7.58], [7.66, 7.75], [7.86, 8.19], [8.41, 8.52], [8.61, 9.11]]",bird-mixit+tweetynet
zitcis1,Cisticola juncidis,xc:468266,xc_468266,1,"[0.0, 0.999886, 0.0, 0.0]",0.9999,0.9999,44.05,1.0,1.0,0.999857,1,0.96,2.71,1.75,4,1.22,0.3029,"[[0.96, 1.25], [1.38, 1.57], [1.71, 2.18], [2.44, 2.71]]",bird-mixit+tweetynet
zitcis1,Cisticola juncidis,xc:374756,xc_374756,0,"[0.999835, 0.083731, 0.082721, 0.104502]",0.9998,0.9998,46.86,1.0,1.0,0.999779,6,5.8,6.06,0.26,1,0.26,0.0,"[[5.8, 6.06]]",bird-mixit+tweetynet
zitcis1,Cisticola juncidis,xc:374756,xc_374756,0,"[0.999835, 0.083731, 0.082721, 0.104502]",0.9998,0.9998,44.19,1.0,1.0,0.999761,1,1.02,2.0,0.98,3,0.53,0.4592,"[[1.02, 1.22], [1.31, 1.47], [1.83, 2.0]]",bird-mixit+tweetynet
zitcis1,Cisticola juncidis,xc:374756,xc_374756,0,"[0.999835, 0.083731, 0.082721, 0.104502]",0.9998,0.9998,57.1,0.9999,0.9999,0.999744,0,0.18,0.54,0.36,2,0.31,0.1389,"[[0.18, 0.38], [0.43, 0.54]]",bird-mixit+tweetynet
zitcis1,Cisticola juncidis,xc:331152,xc_331152,0,"[0.999778, 0.0206, 0.0, 0.0]",0.9998,0.9998,41.54,1.0,0.9999,0.999715,23,23.2,24.09,0.89,3,0.53,0.4045,"[[23.2, 23.47], [23.67, 23.72], [23.88, 24.09]]",bird-mixit+tweetynet
zitcis1,Cisticola juncidis,xc:374756,xc_374756,0,"[0.999835, 0.083731, 0.082721, 0.104502]",0.9998,0.9998,41.32,1.0,0.9999,0.999713,3,3.3,3.53,0.23,1,0.23,0.0,"[[3.3, 3.53]]",bird-mixit+tweetynet
zitcis1,Cisticola juncidis,xc:374756,xc_374756,0,"[0.999835, 0.083731, 0.082721, 0.104502]",0.9998,0.9998,41.54,1.0,0.9999,0.999711,7,6.52,11.81,5.29,11,3.34,0.3686,"[[6.52, 7.0], [7.28, 7.7], [7.82, 8.17], [8.24, 8.47], [8.84, 8.96], [9.07, 9.29], [9.52, 9.76], [9.87, 10.12], [10.19, 10.52], [10.72, 11.04], [11.43, 11.81]]",bird-mixit+tweetynet
zitcis1,Cisticola juncidis,xc:331152,xc_331152,0,"[0.999778, 0.0206, 0.0, 0.0]",0.9998,0.9998,40.92,1.0,0.9999,0.999696,46,47.49,47.86,0.37,2,0.23,0.3784,"[[47.49, 47.55], [47.69, 47.86]]",bird-mixit+tweetynet
zitcis1,Cisticola juncidis,xc:485274,xc_485274,1,"[0.0, 0.999712, 0.0, 0.0]",0.9997,0.9997,44.66,1.0,1.0,0.999665,20,22.48,24.82,2.34,7,1.3,0.4444,"[[22.48, 22.7], [22.88, 23.06], [23.18, 23.39], [23.52, 23.63], [23.88, 24.13], [24.26, 24.35], [24.58, 24.82]]",bird-mixit+tweetynet
zitcis1,Cisticola juncidis,xc:485274,xc_485274,1,"[0.0, 0.999712, 0.0, 0.0]",0.9997,0.9997,45.13,1.0,1.0,0.999664,13,17.24,17.9,0.66,3,0.39,0.4091,"[[17.24, 17.46], [17.62, 17.68], [17.79, 17.9]]",bird-mixit+tweetynet
zitcis1,Cisticola juncidis,xc:485274,xc_485274,1,"[0.0, 0.999712, 0.0, 0.0]",0.9997,0.9997,42.35,1.0,0.9999,0.999633,22,26.41,26.82,0.41,2,0.31,0.2439,"[[26.41, 26.44], [26.54, 26.82]]",bird-mixit+tweetynet
zitcis1,Cisticola juncidis,xc:331152,xc_331152,0,"[0.999778, 0.0206, 0.0, 0.0]",0.9998,0.9998,38.75,1.0,0.9998,0.999614,43,45.23,45.5,0.27,1,0.27,0.0,"[[45.23, 45.5]]",bird-mixit+tweetynet
zitcis1,Cisticola juncidis,xc:920672,xc_920672,1,"[0.027232, 0.9997, 0.0, 0.019304]",0.9997,0.9997,40.92,1.0,0.9999,0.999592,34,59.28,63.75,4.47,13,1.98,0.557,"[[59.28, 59.5], [59.65, 59.76], [59.9, 59.94], [60.18, 60.39], [60.6, 60.65], [60.96, 61.17], [61.39, 61.42], [61.81, 62.02], [62.17, 62.33], [62.62, 62.91], [62.99, 63.15], [63.35, 63.61], [63.72, 63.75]]",bird-mixit+tweetynet
zitcis1,Cisticola juncidis,xc:485274,xc_485274,1,"[0.0, 0.999712, 0.0, 0.0]",0.9997,0.9997,40.19,1.0,0.9999,0.999567,12,11.0,16.79,5.79,17,2.98,0.4853,"[[11.0, 11.33], [11.61, 11.65], [11.73, 11.94], [12.06, 12.17], [12.53, 12.75], [12.86, 12.99], [13.22, 13.26], [13.31, 13.55], [13.65, 13.76], [14.0, 14.27], [14.35, 14.45], [14.83, 14.94], [15.13, 15.44], [15.61, 15.65], [15.83, 16.05], [16.16, 16.31], [16.44, 16.79]]",bird-mixit+tweetynet
zitcis1,Cisticola juncidis,xc:920672,xc_920672,1,"[0.027232, 0.9997, 0.0, 0.019304]",0.9997,0.9997,39.84,1.0,0.9999,0.999563,35,64.26,64.72,0.46,2,0.27,0.413,"[[64.26, 64.47], [64.66, 64.72]]",bird-mixit+tweetynet
zitcis1,Cisticola juncidis,xc:331152,xc_331152,0,"[0.999778, 0.0206, 0.0, 0.0]",0.9998,0.9998,37.88,1.0,0.9998,0.99956,15,14.3,15.29,0.99,2,0.64,0.3535,"[[14.3, 14.58], [14.93, 15.29]]",bird-mixit+tweetynet
zitcis1,Cisticola juncidis,xc:485274,xc_485274,1,"[0.0, 0.999712, 0.0, 0.0]",0.9997,0.9997,39.69,1.0,0.9999,0.999559,0,0.19,1.09,0.9,3,0.51,0.4333,"[[0.19, 0.39], [0.53, 0.64], [0.89, 1.09]]",bird-mixit+tweetynet
zitcis1,Cisticola juncidis,xc:378257,xc_378257,1,"[0.0, 0.999748, 0.0, 0.0]",0.9997,0.9997,39.45,1.0,0.9999,0.999552,2,2.24,3.23,0.99,4,0.58,0.4141,"[[2.24, 2.45], [2.57, 2.7], [2.75, 2.79], [3.03, 3.23]]",bird-mixit+tweetynet
zitcis1,Cisticola juncidis,xc:331152,xc_331152,0,"[0.999778, 0.0206, 0.0, 0.0]",0.9998,0.9998,37.67,1.0,0.9997,0.999545,49,49.92,50.54,0.62,2,0.34,0.4516,"[[49.92, 50.19], [50.47, 50.54]]",bird-mixit+tweetynet
zitcis1,Cisticola juncidis,xc:378257,xc_378257,1,"[0.0, 0.999748, 0.0, 0.0]",0.9997,0.9997,39.06,1.0,0.9998,0.999532,0,0.66,0.96,0.3,1,0.3,0.0,"[[0.66, 0.96]]",bird-mixit+tweetynet
zitcis1,Cisticola juncidis,xc:920672,xc_920672,1,"[0.027232, 0.9997, 0.0, 0.019304]",0.9997,0.9997,39.21,1.0,0.9998,0.999531,36,65.14,65.44,0.3,1,0.3,0.0,"[[65.14, 65.44]]",bird-mixit+tweetynet
zitcis1,Cisticola juncidis,xc:920672,xc_920672,1,"[0.027232, 0.9997, 0.0, 0.019304]",0.9997,0.9997,39.24,1.0,0.9998,0.999529,20,30.83,31.93,1.1,4,0.61,0.4455,"[[30.83, 31.09], [31.17, 31.21], [31.4, 31.45], [31.67, 31.93]]",bird-mixit+tweetynet
zitcis1,Cisticola juncidis,xc:920672,xc_920672,1,"[0.027232, 0.9997, 0.0, 0.019304]",0.9997,0.9997,39.19,1.0,0.9998,0.999527,32,55.58,56.06,0.48,2,0.32,0.3333,"[[55.58, 55.78], [55.94, 56.06]]",bird-mixit+tweetynet
zitcis1,Cisticola juncidis,xc:378260,xc_378260,1,"[0.0, 0.99963, 0.010313, 0.0]",0.9996,0.9996,40.42,1.0,0.9999,0.999473,0,0.02,1.59,1.57,3,1.28,0.1847,"[[0.02, 1.09], [1.21, 1.24], [1.41, 1.59]]",bird-mixit+tweetynet
zitcis1,Cisticola juncidis,xc:655343,xc_655343,1,"[0.103264, 0.999615, 0.041179, 0.996964]",0.9996,0.9996,39.78,1.0,0.9999,0.999457,8,10.19,12.94,2.75,9,1.5,0.4545,"[[10.19, 10.33], [10.42, 10.48], [10.61, 10.96], [11.2, 11.24], [11.29, 11.46], [11.55, 11.81], [12.12, 12.17], [12.26, 12.42], [12.67, 12.94]]",bird-mixit+tweetynet
zitcis1,Cisticola juncidis,xc:378257,xc_378257,1,"[0.0, 0.999748, 0.0, 0.0]",0.9997,0.9997,37.77,1.0,0.9998,0.999456,7,7.21,8.25,1.04,3,0.55,0.4712,"[[7.21, 7.43], [7.57, 7.68], [8.03, 8.25]]",bird-mixit+tweetynet
zitcis1,Cisticola juncidis,xc:655343,xc_655343,1,"[0.103264, 0.999615, 0.041179, 0.996964]",0.9996,0.9996,39.62,1.0,0.9998,0.999443,11,16.39,17.58,1.19,5,0.61,0.4874,"[[16.39, 16.49], [16.54, 16.6], [16.65, 16.72], [17.11, 17.38], [17.47, 17.58]]",bird-mixit+tweetynet
zitcis1,Cisticola juncidis,xc:655343,xc_655343,1,"[0.103264, 0.999615, 0.041179, 0.996964]",0.9996,0.9996,38.03,1.0,0.9998,0.999363,25,35.79,38.73,2.94,9,1.33,0.5476,"[[35.79, 35.91], [36.04, 36.33], [36.59, 36.63], [36.95, 37.22], [37.5, 37.64], [37.85, 38.13], [38.18, 38.21], [38.48, 38.52], [38.61, 38.73]]",bird-mixit+tweetynet
zitcis1,Cisticola juncidis,xc:993616,xc_993616,0,"[0.999352, 0.564769, 0.459412, 0.804069]",0.9994,0.9994,44.35,1.0,0.9999,0.999345,38,43.47,46.18,2.71,7,1.31,0.5166,"[[43.47, 43.69], [44.06, 44.29], [44.64, 44.85], [45.25, 45.74], [45.84, 45.88], [45.97, 46.03], [46.12, 46.18]]",bird-mixit+tweetynet
zitcis1,Cisticola juncidis,xc:993616,xc_993616,0,"[0.999352, 0.564769, 0.459412, 0.804069]",0.9994,0.9994,43.84,1.0,0.9999,0.999341,52,63.76,67.92,4.16,14,2.46,0.4087,"[[63.76, 64.04], [64.38, 64.6], [64.88, 65.24], [65.31, 65.37], [65.45, 65.51], [65.61, 65.68], [65.81, 65.91], [65.98, 66.03], [66.22, 66.3], [66.41, 66.51], [66.6, 66.66], [66.77, 67.31], [67.36, 67.45], [67.53, 67.92]]",bird-mixit+tweetynet
zitcis1,Cisticola juncidis,xc:993616,xc_993616,0,"[0.999352, 0.564769, 0.459412, 0.804069]",0.9994,0.9994,41.35,0.9999,0.9999,0.999277,28,28.6,31.25,2.65,9,1.69,0.3623,"[[28.6, 29.6], [29.67, 29.72], [29.83, 29.91], [29.97, 30.02], [30.2, 30.28], [30.35, 30.46], [30.54, 30.57], [30.74, 30.78], [31.0, 31.25]]",bird-mixit+tweetynet
zitcis1,Cisticola juncidis,xc:655343,xc_655343,1,"[0.103264, 0.999615, 0.041179, 0.996964]",0.9996,0.9996,36.49,1.0,0.9996,0.999235,9,13.42,14.88,1.46,5,0.93,0.363,"[[13.42, 13.49], [13.57, 13.85], [13.94, 14.0], [14.05, 14.19], [14.5, 14.88]]",bird-mixit+tweetynet
zitcis1,Cisticola juncidis,xc:476911,xc_476911,1,"[0.999883, 0.999889, 0.953205, 0.985402]",0.9999,0.9999,34.5,0.9999,0.9993,0.999232,35,43.04,43.32,0.28,1,0.28,0.0,"[[43.04, 43.32]]",bird-mixit+tweetynet
zitcis1,Cisticola juncidis,xc:476911,xc_476911,1,"[0.999883, 0.999889, 0.953205, 0.985402]",0.9999,0.9999,34.49,0.9999,0.9993,0.999213,27,28.67,32.05,3.38,7,2.1,0.3787,"[[28.67, 28.91], [29.3, 30.12], [30.26, 30.57], [30.69, 30.74], [30.87, 31.24], [31.35, 31.41], [31.8, 32.05]]",bird-mixit+tweetynet
zitcis1,Cisticola juncidis,xc:988750,xc_988750,1,"[0.993348, 0.999604, 0.387683, 0.571527]",0.9996,0.9996,36.22,1.0,0.9996,0.999204,53,81.73,81.99,0.26,1,0.26,0.0,"[[81.73, 81.99]]",bird-mixit+tweetynet
zitcis1,Cisticola juncidis,xc:476911,xc_476911,1,"[0.999883, 0.999889, 0.953205, 0.985402]",0.9999,0.9999,34.26,1.0,0.9993,0.999193,9,8.49,9.4,0.91,2,0.59,0.3516,"[[8.49, 8.88], [9.2, 9.4]]",bird-mixit+tweetynet
zitcis1,Cisticola juncidis,xc:552821,xc_552821,0,"[0.999215, 0.142325, 0.0, 0.0]",0.9992,0.9992,46.59,1.0,1.0,0.999175,2,1.07,1.31,0.24,1,0.24,0.0,"[[1.07, 1.31]]",bird-mixit+tweetynet
zitcis1,Cisticola juncidis,xc:993616,xc_993616,0,"[0.999352, 0.564769, 0.459412, 0.804069]",0.9994,0.9994,38.3,0.9999,0.9998,0.999165,3,3.63,4.45,0.82,2,0.44,0.4634,"[[3.63, 3.86], [4.24, 4.45]]",bird-mixit+tweetynet
zitcis1,Cisticola juncidis,xc:289691,xc_289691,0,"[0.999918, 0.0, 0.0, 0.010105]",0.9999,0.9999,34.05,1.0,0.9993,0.999154,0,0.02,0.74,0.72,2,0.61,0.1528,"[[0.02, 0.12], [0.23, 0.74]]",bird-mixit+tweetynet
zitcis1,Cisticola juncidis,xc:378260,xc_378260,1,"[0.0, 0.99963, 0.010313, 0.0]",0.9996,0.9996,35.57,1.0,0.9995,0.999124,1,2.25,6.39,4.14,9,2.83,0.3164,"[[2.25, 2.38], [2.48, 2.58], [2.92, 3.33], [3.39, 3.43], [3.79, 4.22], [4.46, 4.54], [4.59, 5.76], [5.82, 6.04], [6.14, 6.39]]",bird-mixit+tweetynet
zitcis1,Cisticola juncidis,xc:988750,xc_988750,1,"[0.993348, 0.999604, 0.387683, 0.571527]",0.9996,0.9996,35.74,0.9999,0.9995,0.999101,13,26.69,26.93,0.24,1,0.24,0.0,"[[26.69, 26.93]]",bird-mixit+tweetynet
zitcis1,Cisticola juncidis,xc:993616,xc_993616,0,"[0.999352, 0.564769, 0.459412, 0.804069]",0.9994,0.9994,36.96,1.0,0.9997,0.999069,50,62.37,62.63,0.26,1,0.26,0.0,"[[62.37, 62.63]]",bird-mixit+tweetynet
zitcis1,Cisticola juncidis,xc:992408,xc_992408,0,"[0.999483, 0.008849, 0.0, 0.0]",0.9995,0.9995,35.6,1.0,0.9995,0.99903,13,10.71,13.0,2.29,6,1.65,0.2795,"[[10.71, 10.97], [11.06, 11.13], [11.19, 11.34], [11.42, 11.64], [11.8, 12.49], [12.74, 13.0]]",bird-mixit+tweetynet
zitcis1,Cisticola juncidis,xc:476911,xc_476911,1,"[0.999883, 0.999889, 0.953205, 0.985402]",0.9999,0.9999,33.52,1.0,0.9991,0.999016,23,24.21,24.52,0.31,1,0.31,0.0,"[[24.21, 24.52]]",bird-mixit+tweetynet
zitcis1,Cisticola juncidis,xc:992408,xc_992408,0,"[0.999483, 0.008849, 0.0, 0.0]",0.9995,0.9995,35.39,1.0,0.9995,0.999001,8,5.95,6.97,1.02,5,0.66,0.3529,"[[5.95, 6.17], [6.28, 6.31], [6.42, 6.5], [6.55, 6.7], [6.79, 6.97]]",bird-mixit+tweetynet
zitcis1,Cisticola juncidis,xc:644123,xc_644123,1,"[0.016298, 0.999145, 0.0, 0.032035]",0.9991,0.9991,40.49,1.0,0.9999,0.99899,8,24.2,25.38,1.18,4,0.85,0.2797,"[[24.2, 24.5], [24.66, 24.69], [24.77, 24.91], [25.0, 25.38]]",bird-mixit+tweetynet
zitcis1,Cisticola juncidis,xc:476911,xc_476911,1,"[0.999883, 0.999889, 0.953205, 0.985402]",0.9999,0.9999,33.37,1.0,0.9991,0.998977,24,24.95,26.62,1.67,4,0.85,0.491,"[[24.95, 25.12], [25.42, 25.57], [25.72, 25.92], [26.29, 26.62]]",bird-mixit+tweetynet
zitcis1,Cisticola juncidis,xc:644123,xc_644123,1,"[0.016298, 0.999145, 0.0, 0.032035]",0.9991,0.9991,40.56,1.0,0.9999,0.998974,2,4.32,6.17,1.85,2,1.55,0.1622,"[[4.32, 4.7], [5.0, 6.17]]",bird-mixit+tweetynet
zitcis1,Cisticola juncidis,xc:644123,xc_644123,1,"[0.016298, 0.999145, 0.0, 0.032035]",0.9991,0.9991,39.63,1.0,0.9999,0.998954,4,14.26,17.55,3.29,6,2.55,0.2249,"[[14.26, 14.33], [14.39, 14.83], [14.88, 15.47], [15.65, 16.19], [16.56, 17.12], [17.2, 17.55]]",bird-mixit+tweetynet
zitcis1,Cisticola juncidis,xc:992408,xc_992408,0,"[0.999483, 0.008849, 0.0, 0.0]",0.9995,0.9995,34.89,1.0,0.9994,0.99892,25,26.33,27.12,0.79,3,0.48,0.3924,"[[26.33, 26.54], [26.69, 26.81], [26.97, 27.12]]",bird-mixit+tweetynet
zitcis1,Cisticola juncidis,xc:793914,xc_793914,0,"[0.999775, 0.146971, 0.0, 0.0]",0.9998,0.9998,33.48,1.0,0.9991,0.998916,2,1.77,2.06,0.29,1,0.29,0.0,"[[1.77, 2.06]]",bird-mixit+tweetynet
zitcis1,Cisticola juncidis,xc:644123,xc_644123,1,"[0.016298, 0.999145, 0.0, 0.032035]",0.9991,0.9991,38.48,1.0,0.9998,0.998903,10,28.17,32.66,4.49,11,2.75,0.3875,"[[28.17, 28.44], [28.59, 28.64], [28.96, 29.24], [29.62, 30.03], [30.13, 30.49], [30.62, 30.9], [31.0, 31.25], [31.43, 31.72], [31.77, 31.9], [32.06, 32.2], [32.37, 32.66]]",bird-mixit+tweetynet
zitcis1,Cisticola juncidis,xc:378260,xc_378260,1,"[0.0, 0.99963, 0.010313, 0.0]",0.9996,0.9996,34.31,1.0,0.9993,0.998902,5,21.2,26.41,5.21,13,3.64,0.3013,"[[21.2, 21.69], [21.92, 22.36], [22.41, 22.55], [22.69, 23.18], [23.41, 23.47], [23.62, 23.82], [23.98, 24.36], [24.42, 24.75], [24.82, 25.0], [25.18, 25.53], [25.62, 25.79], [25.86, 26.15], [26.29, 26.41]]",bird-mixit+tweetynet
zitcis1,Cisticola juncidis,xc:378257,xc_378257,1,"[0.0, 0.999748, 0.0, 0.0]",0.9997,0.9997,33.66,1.0,0.9992,0.998871,1,1.4,1.66,0.26,1,0.26,0.0,"[[1.4, 1.66]]",bird-mixit+tweetynet
zitcis1,Cisticola juncidis,xc:862610,xc_862610,1,"[0.008062, 0.999289, 0.256212, 0.016494]",0.9993,0.9993,35.5,1.0,0.9995,0.998814,14,44.07,50.23,6.16,12,4.55,0.2614,"[[44.07, 44.42], [44.6, 45.24], [45.41, 45.52], [45.69, 46.09], [46.19, 46.35], [46.5, 46.84], [47.08, 47.2], [47.29, 47.71], [47.77, 47.82], [48.0, 48.41], [48.53, 48.56], [48.71, 50.23]]",bird-mixit+tweetynet
zitcis1,Cisticola juncidis,xc:644123,xc_644123,1,"[0.016298, 0.999145, 0.0, 0.032035]",0.9991,0.9991,38.12,0.9999,0.9997,0.998811,0,0.13,1.42,1.29,2,1.08,0.1628,"[[0.13, 0.73], [0.94, 1.42]]",bird-mixit+tweetynet
zitcis1,Cisticola juncidis,xc:378260,xc_378260,1,"[0.0, 0.99963, 0.010313, 0.0]",0.9996,0.9996,33.78,1.0,0.9992,0.998789,2,6.8,13.5,6.7,17,4.71,0.297,"[[6.8, 7.24], [7.35, 7.55], [7.64, 7.96], [8.12, 8.29], [8.46, 8.73], [8.87, 9.0], [9.09, 9.27], [9.36, 9.79], [9.89, 10.21], [10.28, 10.38], [10.43, 10.65], [10.73, 10.96], [11.18, 11.74], [11.8, 11.97], [12.23, 12.44], [12.63, 12.71], [12.82, 13.5]]",bird-mixit+tweetynet
zitcis1,Cisticola juncidis,xc:307175,xc_307175,1,"[0.0, 0.998772, 0.0, 0.036694]",0.9988,0.9988,46.15,1.0,1.0,0.998773,1,1.76,8.69,6.93,22,3.37,0.5137,"[[1.76, 1.94], [2.04, 2.11], [2.48, 2.65], [2.95, 3.04], [3.22, 3.4], [3.54, 3.6], [3.84, 3.91], [3.96, 4.15], [4.47, 4.54], [4.7, 4.88], [5.09, 5.17], [5.22, 5.28], [5.39, 6.14], [6.22, 6.41], [6.49, 6.54], [6.64, 6.74], [6.99, 7.18], [7.31, 7.38], [7.72, 7.91], [7.96, 8.02], [8.18, 8.26], [8.4, 8.69]]",bird-mixit+tweetynet
zitcis1,Cisticola juncidis,xc:307175,xc_307175,1,"[0.0, 0.998772, 0.0, 0.036694]",0.9988,0.9988,45.19,1.0,1.0,0.998753,0,0.21,1.38,1.17,1,1.17,0.0,"[[0.21, 1.38]]",bird-mixit+tweetynet
zitcis1,Cisticola juncidis,xc:862610,xc_862610,1,"[0.008062, 0.999289, 0.256212, 0.016494]",0.9993,0.9993,35.04,1.0,0.9994,0.998745,13,35.96,43.67,7.71,12,6.04,0.2166,"[[35.96, 36.44], [36.58, 37.29], [37.39, 38.15], [38.27, 38.36], [38.53, 38.86], [39.02, 39.12], [39.28, 39.65], [39.75, 41.44], [41.68, 42.04], [42.32, 42.42], [42.53, 43.08], [43.17, 43.67]]",bird-mixit+tweetynet
zitcis1,Cisticola juncidis,xc:307175,xc_307175,1,"[0.0, 0.998772, 0.0, 0.036694]",0.9988,0.9988,42.54,1.0,0.9999,0.998734,2,9.25,15.36,6.11,25,2.94,0.5188,"[[9.25, 9.45], [9.6, 9.66], [9.79, 9.85], [9.97, 10.15], [10.2, 10.29], [10.43, 10.55], [10.69, 10.9], [11.08, 11.15], [11.28, 11.34], [11.44, 11.62], [11.71, 11.8], [11.92, 11.98], [12.13, 12.37], [12.42, 12.51], [12.71, 12.77], [12.96, 13.14], [13.26, 13.31], [13.48, 13.54], [13.7, 13.97], [14.13, 14.18], [14.31, 14.4], [14.45, 14.67], [14.77, 14.82], [15.0, 15.05], [15.21, 15.36]]",bird-mixit+tweetynet
zitcis1,Cisticola juncidis,xc:793914,xc_793914,0,"[0.999775, 0.146971, 0.0, 0.0]",0.9998,0.9998,32.81,1.0,0.9989,0.998722,1,0.93,1.22,0.29,1,0.29,0.0,"[[0.93, 1.22]]",bird-mixit+tweetynet
zitcis1,Cisticola juncidis,xc:655343,xc_655343,1,"[0.103264, 0.999615, 0.041179, 0.996964]",0.9996,0.9996,33.42,1.0,0.9991,0.998703,21,30.33,32.02,1.69,4,0.71,0.5799,"[[30.33, 30.42], [30.7, 30.97], [31.31, 31.41], [31.77, 32.02]]",bird-mixit+tweetynet
zitcis1,Cisticola juncidis,xc:307175,xc_307175,1,"[0.0, 0.998772, 0.0, 0.036694]",0.9988,0.9988,39.33,1.0,0.9998,0.998641,10,28.51,28.82,0.31,2,0.21,0.3226,"[[28.51, 28.59], [28.69, 28.82]]",bird-mixit+tweetynet
zitcis1,Cisticola juncidis,xc:646462,xc_646462,0,"[0.999839, 0.0, 0.0, 0.0]",0.9998,0.9998,32.87,0.9998,0.9988,0.99864,11,17.0,17.92,0.92,3,0.5,0.4565,"[[17.0, 17.27], [17.62, 17.81], [17.88, 17.92]]",bird-mixit+tweetynet
zitcis1,Cisticola juncidis,xc:992408,xc_992408,0,"[0.999483, 0.008849, 0.0, 0.0]",0.9995,0.9995,33.13,1.0,0.999,0.998515,14,13.64,16.82,3.18,12,1.73,0.456,"[[13.64, 13.81], [13.93, 14.07], [14.35, 14.72], [14.78, 14.83], [14.88, 14.96], [15.16, 15.35], [15.4, 15.45], [15.55, 15.68], [15.75, 15.82], [15.95, 16.15], [16.47, 16.52], [16.59, 16.82]]",bird-mixit+tweetynet
zitcis1,Cisticola juncidis,xc:307175,xc_307175,1,"[0.0, 0.998772, 0.0, 0.036694]",0.9988,0.9988,37.17,1.0,0.9997,0.998498,11,29.37,30.26,0.89,4,0.47,0.4719,"[[29.37, 29.51], [29.6, 29.65], [29.81, 29.88], [30.05, 30.26]]",bird-mixit+tweetynet
zitcis1,Cisticola juncidis,xc:828633,xc_828633,0,"[0.999346, 0.048769, 0.0, 0.0]",0.9993,0.9993,33.96,0.9999,0.9992,0.998487,3,7.57,13.5,5.93,19,3.36,0.4334,"[[7.57, 7.65], [7.75, 8.02], [8.07, 8.15], [8.26, 8.32], [8.51, 8.75], [8.85, 8.94], [9.09, 9.4], [9.51, 9.57], [9.66, 9.9], [10.0, 10.11], [10.37, 10.42], [10.64, 10.74], [10.94, 11.07], [11.19, 11.28], [11.45, 11.84], [12.0, 12.1], [12.18, 12.6], [12.73, 12.88], [13.11, 13.5]]",bird-mixit+tweetynet
zitcis1,Cisticola juncidis,xc:793914,xc_793914,0,"[0.999775, 0.146971, 0.0, 0.0]",0.9998,0.9998,32.07,1.0,0.9987,0.998457,0,0.13,0.41,0.28,1,0.28,0.0,"[[0.13, 0.41]]",bird-mixit+tweetynet
zitcis1,Cisticola juncidis,xc:828633,xc_828633,0,"[0.999346, 0.048769, 0.0, 0.0]",0.9993,0.9993,33.55,1.0,0.9991,0.998428,4,13.76,17.65,3.89,9,2.95,0.2416,"[[13.76, 13.82], [13.9, 14.3], [14.55, 14.95], [15.07, 15.13], [15.24, 15.7], [15.77, 16.34], [16.41, 16.53], [16.63, 17.14], [17.28, 17.65]]",bird-mixit+tweetynet
zitcis1,Cisticola juncidis,xc:988750,xc_988750,1,"[0.993348, 0.999604, 0.387683, 0.571527]",0.9996,0.9996,33.31,0.9995,0.9988,0.998424,52,79.33,81.17,1.84,6,0.97,0.4728,"[[79.33, 79.39], [79.46, 79.69], [79.93, 80.12], [80.19, 80.43], [80.69, 80.75], [80.98, 81.17]]",bird-mixit+tweetynet
zitcis1,Cisticola juncidis,xc:378260,xc_378260,1,"[0.0, 0.99963, 0.010313, 0.0]",0.9996,0.9996,32.49,1.0,0.9988,0.998406,6,26.74,28.82,2.08,8,1.27,0.3894,"[[26.74, 26.97], [27.22, 27.38], [27.45, 27.48], [27.53, 27.77], [27.88, 27.94], [28.05, 28.09], [28.16, 28.57], [28.72, 28.82]]",bird-mixit+tweetynet
zitcis1,Cisticola juncidis,xc:988750,xc_988750,1,"[0.993348, 0.999604, 0.387683, 0.571527]",0.9996,0.9996,32.12,1.0,0.9987,0.998275,199,231.54,232.98,1.44,4,0.6,0.5833,"[[231.54, 231.77], [232.17, 232.24], [232.35, 232.59], [232.92, 232.98]]",bird-mixit+tweetynet
zitcis1,Cisticola juncidis,xc:988750,xc_988750,1,"[0.993348, 0.999604, 0.387683, 0.571527]",0.9996,0.9996,32.12,1.0,0.9987,0.998267,48,75.34,75.78,0.44,2,0.32,0.2727,"[[75.34, 75.58], [75.7, 75.78]]",bird-mixit+tweetynet
